material_id,system_type,tau_e,eligible,policy,raw_bytes,stored_bytes,returned_codec,returned_rel_tol,returned_cr,oracle_cr,oracle_exists,evaluations,solves,ladder_rows
mp-1007755,bulk,0.0001,False,EXHAUSTIVE,2408448,2408448,,,,,False,0,6,18
mp-1007755,bulk,0.0001,False,SCAN,2408448,2408448,,,,,False,0,6,18
mp-1007755,bulk,0.0001,False,BISECT,2408448,2408448,,,,,False,0,6,18
mp-1007755,bulk,0.0001,False,SCAN-ZFP,2408448,2408448,,,,,False,0,6,18
mp-1007755,bulk,0.0001,False,SCAN-SZ3,2408448,2408448,,,,,False,0,6,18
mp-1007755,bulk,0.0001,False,SCAN-SPERR,2408448,2408448,,,,,False,0,6,18
mp-1007755,bulk,0.0001,False,BISECT-ZFP,2408448,2408448,,,,,False,0,6,18
mp-1007755,bulk,0.0001,False,BISECT-SZ3,2408448,2408448,,,,,False,0,6,18
mp-1007755,bulk,0.0001,False,BISECT-SPERR,2408448,2408448,,,,,False,0,6,18
mp-1007755,bulk,0.001,False,EXHAUSTIVE,2408448,2408448,,,,,False,0,6,18
mp-1007755,bulk,0.001,False,SCAN,2408448,2408448,,,,,False,0,6,18
mp-1007755,bulk,0.001,False,BISECT,2408448,2408448,,,,,False,0,6,18
mp-1007755,bulk,0.001,False,SCAN-ZFP,2408448,2408448,,,,,False,0,6,18
mp-1007755,bulk,0.001,False,SCAN-SZ3,2408448,2408448,,,,,False,0,6,18
mp-1007755,bulk,0.001,False,SCAN-SPERR,2408448,2408448,,,,,False,0,6,18
mp-1007755,bulk,0.001,False,BISECT-ZFP,2408448,2408448,,,,,False,0,6,18
mp-1007755,bulk,0.001,False,BISECT-SZ3,2408448,2408448,,,,,False,0,6,18
mp-1007755,bulk,0.001,False,BISECT-SPERR,2408448,2408448,,,,,False,0,6,18
mp-1007755,bulk,0.01,True,EXHAUSTIVE,2408448,28712,ZFP,0.1,83.88297575926443,83.88297575926443,True,18,24,18
mp-1007755,bulk,0.01,True,SCAN,2408448,28712,ZFP,0.1,83.88297575926443,83.88297575926443,True,8,14,18
mp-1007755,bulk,0.01,True,BISECT,2408448,115824,ZFP,0.001,20.794032324906755,83.88297575926443,True,9,15,18
mp-1007755,bulk,0.01,True,SCAN-ZFP,2408448,28712,ZFP,0.1,83.88297575926443,83.88297575926443,True,1,7,18
mp-1007755,bulk,0.01,True,SCAN-SZ3,2408448,161620,SZ3,1e-05,14.901918079445611,83.88297575926443,True,5,11,18
mp-1007755,bulk,0.01,True,SCAN-SPERR,2408448,262715,SPERR,0.0001,9.16753135527092,83.88297575926443,True,2,8,18
mp-1007755,bulk,0.01,True,BISECT-ZFP,2408448,115824,ZFP,0.001,20.794032324906755,83.88297575926443,True,3,9,18
mp-1007755,bulk,0.01,True,BISECT-SZ3,2408448,161620,SZ3,1e-05,14.901918079445611,83.88297575926443,True,3,9,18
mp-1007755,bulk,0.01,True,BISECT-SPERR,2408448,262715,SPERR,0.0001,9.16753135527092,83.88297575926443,True,3,9,18
mp-1009084,bulk,0.0001,False,EXHAUSTIVE,10077696,10077696,,,,,False,0,6,32
mp-1009084,bulk,0.0001,False,SCAN,10077696,10077696,,,,,False,0,6,32
mp-1009084,bulk,0.0001,False,BISECT,10077696,10077696,,,,,False,0,6,32
mp-1009084,bulk,0.0001,False,SCAN-ZFP,10077696,10077696,,,,,False,0,6,32
mp-1009084,bulk,0.0001,False,SCAN-SZ3,10077696,10077696,,,,,False,0,6,32
mp-1009084,bulk,0.0001,False,SCAN-SPERR,10077696,10077696,,,,,False,0,6,32
mp-1009084,bulk,0.0001,False,BISECT-ZFP,10077696,10077696,,,,,False,0,6,32
mp-1009084,bulk,0.0001,False,BISECT-SZ3,10077696,10077696,,,,,False,0,6,32
mp-1009084,bulk,0.0001,False,BISECT-SPERR,10077696,10077696,,,,,False,0,6,32
mp-1009084,bulk,0.001,True,EXHAUSTIVE,10077696,354614,SPERR,3e-06,28.418776472446098,28.418776472446098,True,32,38,32
mp-1009084,bulk,0.001,True,SCAN,10077696,354614,SPERR,3e-06,28.418776472446098,28.418776472446098,True,21,27,32
mp-1009084,bulk,0.001,True,BISECT,10077696,354614,SPERR,3e-06,28.418776472446098,28.418776472446098,True,11,17,32
mp-1009084,bulk,0.001,True,SCAN-ZFP,10077696,675264,ZFP,3e-05,14.924083025305658,28.418776472446098,True,7,13,32
mp-1009084,bulk,0.001,True,SCAN-SZ3,10077696,536334,SZ3,3e-06,18.789962970835337,28.418776472446098,True,7,13,32
mp-1009084,bulk,0.001,True,SCAN-SPERR,10077696,354614,SPERR,3e-06,28.418776472446098,28.418776472446098,True,7,13,32
mp-1009084,bulk,0.001,True,BISECT-ZFP,10077696,675264,ZFP,3e-05,14.924083025305658,28.418776472446098,True,3,9,32
mp-1009084,bulk,0.001,True,BISECT-SZ3,10077696,536334,SZ3,3e-06,18.789962970835337,28.418776472446098,True,4,10,32
mp-1009084,bulk,0.001,True,BISECT-SPERR,10077696,354614,SPERR,3e-06,28.418776472446098,28.418776472446098,True,4,10,32
mp-1009084,bulk,0.01,True,EXHAUSTIVE,10077696,105008,SPERR,0.0001,95.97074508608868,95.97074508608868,True,32,38,32
mp-1009084,bulk,0.01,True,SCAN,10077696,105008,SPERR,0.0001,95.97074508608868,95.97074508608868,True,13,19,32
mp-1009084,bulk,0.01,True,BISECT,10077696,105008,SPERR,0.0001,95.97074508608868,95.97074508608868,True,12,18,32
mp-1009084,bulk,0.01,True,SCAN-ZFP,10077696,294096,ZFP,0.001,34.26668842826832,95.97074508608868,True,4,10,32
mp-1009084,bulk,0.01,True,SCAN-SZ3,10077696,217468,SZ3,3e-05,46.34105247668622,95.97074508608868,True,5,11,32
mp-1009084,bulk,0.01,True,SCAN-SPERR,10077696,105008,SPERR,0.0001,95.97074508608868,95.97074508608868,True,4,10,32
mp-1009084,bulk,0.01,True,BISECT-ZFP,10077696,294096,ZFP,0.001,34.26668842826832,95.97074508608868,True,4,10,32
mp-1009084,bulk,0.01,True,BISECT-SZ3,10077696,217468,SZ3,3e-05,46.34105247668622,95.97074508608868,True,4,10,32
mp-1009084,bulk,0.01,True,BISECT-SPERR,10077696,105008,SPERR,0.0001,95.97074508608868,95.97074508608868,True,4,10,32
mp-1025517,bulk,0.0001,False,EXHAUSTIVE,3981312,3981312,,,,,False,0,6,33
mp-1025517,bulk,0.0001,False,SCAN,3981312,3981312,,,,,False,0,6,33
mp-1025517,bulk,0.0001,False,BISECT,3981312,3981312,,,,,False,0,6,33
mp-1025517,bulk,0.0001,False,SCAN-ZFP,3981312,3981312,,,,,False,0,6,33
mp-1025517,bulk,0.0001,False,SCAN-SZ3,3981312,3981312,,,,,False,0,6,33
mp-1025517,bulk,0.0001,False,SCAN-SPERR,3981312,3981312,,,,,False,0,6,33
mp-1025517,bulk,0.0001,False,BISECT-ZFP,3981312,3981312,,,,,False,0,6,33
mp-1025517,bulk,0.0001,False,BISECT-SZ3,3981312,3981312,,,,,False,0,6,33
mp-1025517,bulk,0.0001,False,BISECT-SPERR,3981312,3981312,,,,,False,0,6,33
mp-1025517,bulk,0.001,True,EXHAUSTIVE,3981312,484626,SZ3,1e-06,8.21522576172141,8.21522576172141,True,33,39,33
mp-1025517,bulk,0.001,True,SCAN,3981312,484626,SZ3,1e-06,8.21522576172141,8.21522576172141,True,27,33,33
mp-1025517,bulk,0.001,True,BISECT,3981312,484626,SZ3,1e-06,8.21522576172141,8.21522576172141,True,11,17,33
mp-1025517,bulk,0.001,True,SCAN-ZFP,3981312,556320,ZFP,3e-06,7.156514236410699,8.21522576172141,True,10,16,33
mp-1025517,bulk,0.001,True,SCAN-SZ3,3981312,484626,SZ3,1e-06,8.21522576172141,8.21522576172141,True,8,14,33
mp-1025517,bulk,0.001,True,SCAN-SPERR,3981312,925396,SPERR,3e-07,4.302279240454897,8.21522576172141,True,9,15,33
mp-1025517,bulk,0.001,True,BISECT-ZFP,3981312,556320,ZFP,3e-06,7.156514236410699,8.21522576172141,True,4,10,33
mp-1025517,bulk,0.001,True,BISECT-SZ3,3981312,484626,SZ3,1e-06,8.21522576172141,8.21522576172141,True,4,10,33
mp-1025517,bulk,0.001,True,BISECT-SPERR,3981312,925396,SPERR,3e-07,4.302279240454897,8.21522576172141,True,3,9,33
mp-1025517,bulk,0.01,True,EXHAUSTIVE,3981312,157703,SZ3,3e-05,25.2456326132033,25.2456326132033,True,33,39,33
mp-1025517,bulk,0.01,True,SCAN,3981312,157703,SZ3,3e-05,25.2456326132033,25.2456326132033,True,15,21,33
mp-1025517,bulk,0.01,True,BISECT,3981312,157703,SZ3,3e-05,25.2456326132033,25.2456326132033,True,12,18,33
mp-1025517,bulk,0.01,True,SCAN-ZFP,3981312,166608,ZFP,0.001,23.89628349178911,25.2456326132033,True,5,11,33
mp-1025517,bulk,0.01,True,SCAN-SZ3,3981312,157703,SZ3,3e-05,25.2456326132033,25.2456326132033,True,5,11,33
mp-1025517,bulk,0.01,True,SCAN-SPERR,3981312,513690,SPERR,3e-05,7.750417567015126,25.2456326132033,True,5,11,33
mp-1025517,bulk,0.01,True,BISECT-ZFP,3981312,166608,ZFP,0.001,23.89628349178911,25.2456326132033,True,4,10,33
mp-1025517,bulk,0.01,True,BISECT-SZ3,3981312,157703,SZ3,3e-05,25.2456326132033,25.2456326132033,True,4,10,33
mp-1025517,bulk,0.01,True,BISECT-SPERR,3981312,513690,SPERR,3e-05,7.750417567015126,25.2456326132033,True,4,10,33
mp-1036731,bulk,0.0001,False,EXHAUSTIVE,16777216,16777216,,,,,False,0,6,20
mp-1036731,bulk,0.0001,False,SCAN,16777216,16777216,,,,,False,0,6,20
mp-1036731,bulk,0.0001,False,BISECT,16777216,16777216,,,,,False,0,6,20
mp-1036731,bulk,0.0001,False,SCAN-ZFP,16777216,16777216,,,,,False,0,6,20
mp-1036731,bulk,0.0001,False,SCAN-SZ3,16777216,16777216,,,,,False,0,6,20
mp-1036731,bulk,0.0001,False,SCAN-SPERR,16777216,16777216,,,,,False,0,6,20
mp-1036731,bulk,0.0001,False,BISECT-ZFP,16777216,16777216,,,,,False,0,6,20
mp-1036731,bulk,0.0001,False,BISECT-SZ3,16777216,16777216,,,,,False,0,6,20
mp-1036731,bulk,0.0001,False,BISECT-SPERR,16777216,16777216,,,,,False,0,6,20
mp-1036731,bulk,0.001,False,EXHAUSTIVE,16777216,16777216,,,,,False,0,6,20
mp-1036731,bulk,0.001,False,SCAN,16777216,16777216,,,,,False,0,6,20
mp-1036731,bulk,0.001,False,BISECT,16777216,16777216,,,,,False,0,6,20
mp-1036731,bulk,0.001,False,SCAN-ZFP,16777216,16777216,,,,,False,0,6,20
mp-1036731,bulk,0.001,False,SCAN-SZ3,16777216,16777216,,,,,False,0,6,20
mp-1036731,bulk,0.001,False,SCAN-SPERR,16777216,16777216,,,,,False,0,6,20
mp-1036731,bulk,0.001,False,BISECT-ZFP,16777216,16777216,,,,,False,0,6,20
mp-1036731,bulk,0.001,False,BISECT-SZ3,16777216,16777216,,,,,False,0,6,20
mp-1036731,bulk,0.001,False,BISECT-SPERR,16777216,16777216,,,,,False,0,6,20
mp-1036731,bulk,0.01,True,EXHAUSTIVE,16777216,513319,SPERR,3e-05,32.68380091132415,32.68380091132415,True,20,26,20
mp-1036731,bulk,0.01,True,SCAN,16777216,513319,SPERR,3e-05,32.68380091132415,32.68380091132415,True,16,22,20
mp-1036731,bulk,0.01,True,BISECT,16777216,513319,SPERR,3e-05,32.68380091132415,32.68380091132415,True,8,14,20
mp-1036731,bulk,0.01,True,SCAN-ZFP,16777216,1063176,ZFP,0.0003,15.7802809694726,32.68380091132415,True,5,11,20
mp-1036731,bulk,0.01,True,SCAN-SZ3,16777216,16777216,,,,32.68380091132415,True,6,12,20
mp-1036731,bulk,0.01,True,SCAN-SPERR,16777216,513319,SPERR,3e-05,32.68380091132415,32.68380091132415,True,5,11,20
mp-1036731,bulk,0.01,True,BISECT-ZFP,16777216,1063176,ZFP,0.0003,15.7802809694726,32.68380091132415,True,3,9,20
mp-1036731,bulk,0.01,True,BISECT-SZ3,16777216,16777216,,,,32.68380091132415,True,2,8,20
mp-1036731,bulk,0.01,True,BISECT-SPERR,16777216,513319,SPERR,3e-05,32.68380091132415,32.68380091132415,True,3,9,20
mp-1038991,bulk,0.0001,False,EXHAUSTIVE,6322176,6322176,,,,,False,0,6,14
mp-1038991,bulk,0.0001,False,SCAN,6322176,6322176,,,,,False,0,6,14
mp-1038991,bulk,0.0001,False,BISECT,6322176,6322176,,,,,False,0,6,14
mp-1038991,bulk,0.0001,False,SCAN-ZFP,6322176,6322176,,,,,False,0,6,14
mp-1038991,bulk,0.0001,False,SCAN-SZ3,6322176,6322176,,,,,False,0,6,14
mp-1038991,bulk,0.0001,False,SCAN-SPERR,6322176,6322176,,,,,False,0,6,14
mp-1038991,bulk,0.0001,False,BISECT-ZFP,6322176,6322176,,,,,False,0,6,14
mp-1038991,bulk,0.0001,False,BISECT-SZ3,6322176,6322176,,,,,False,0,6,14
mp-1038991,bulk,0.0001,False,BISECT-SPERR,6322176,6322176,,,,,False,0,6,14
mp-1038991,bulk,0.001,False,EXHAUSTIVE,6322176,6322176,,,,,False,0,6,14
mp-1038991,bulk,0.001,False,SCAN,6322176,6322176,,,,,False,0,6,14
mp-1038991,bulk,0.001,False,BISECT,6322176,6322176,,,,,False,0,6,14
mp-1038991,bulk,0.001,False,SCAN-ZFP,6322176,6322176,,,,,False,0,6,14
mp-1038991,bulk,0.001,False,SCAN-SZ3,6322176,6322176,,,,,False,0,6,14
mp-1038991,bulk,0.001,False,SCAN-SPERR,6322176,6322176,,,,,False,0,6,14
mp-1038991,bulk,0.001,False,BISECT-ZFP,6322176,6322176,,,,,False,0,6,14
mp-1038991,bulk,0.001,False,BISECT-SZ3,6322176,6322176,,,,,False,0,6,14
mp-1038991,bulk,0.001,False,BISECT-SPERR,6322176,6322176,,,,,False,0,6,14
mp-1038991,bulk,0.01,True,EXHAUSTIVE,6322176,375952,ZFP,3e-05,16.81644465250883,16.81644465250883,True,14,20,14
mp-1038991,bulk,0.01,True,SCAN,6322176,375952,ZFP,3e-05,16.81644465250883,16.81644465250883,True,13,19,14
mp-1038991,bulk,0.01,True,BISECT,6322176,375952,ZFP,3e-05,16.81644465250883,16.81644465250883,True,7,13,14
mp-1038991,bulk,0.01,True,SCAN-ZFP,6322176,375952,ZFP,3e-05,16.81644465250883,16.81644465250883,True,5,11,14
mp-1038991,bulk,0.01,True,SCAN-SZ3,6322176,6322176,,,,16.81644465250883,True,4,10,14
mp-1038991,bulk,0.01,True,SCAN-SPERR,6322176,848972,SPERR,1e-05,7.446860438271226,16.81644465250883,True,4,10,14
mp-1038991,bulk,0.01,True,BISECT-ZFP,6322176,375952,ZFP,3e-05,16.81644465250883,16.81644465250883,True,3,9,14
mp-1038991,bulk,0.01,True,BISECT-SZ3,6322176,6322176,,,,16.81644465250883,True,2,8,14
mp-1038991,bulk,0.01,True,BISECT-SPERR,6322176,848972,SPERR,1e-05,7.446860438271226,16.81644465250883,True,2,8,14
mp-1039028,bulk,0.0001,False,EXHAUSTIVE,6322176,6322176,,,,,False,0,6,27
mp-1039028,bulk,0.0001,False,SCAN,6322176,6322176,,,,,False,0,6,27
mp-1039028,bulk,0.0001,False,BISECT,6322176,6322176,,,,,False,0,6,27
mp-1039028,bulk,0.0001,False,SCAN-ZFP,6322176,6322176,,,,,False,0,6,27
mp-1039028,bulk,0.0001,False,SCAN-SZ3,6322176,6322176,,,,,False,0,6,27
mp-1039028,bulk,0.0001,False,SCAN-SPERR,6322176,6322176,,,,,False,0,6,27
mp-1039028,bulk,0.0001,False,BISECT-ZFP,6322176,6322176,,,,,False,0,6,27
mp-1039028,bulk,0.0001,False,BISECT-SZ3,6322176,6322176,,,,,False,0,6,27
mp-1039028,bulk,0.0001,False,BISECT-SPERR,6322176,6322176,,,,,False,0,6,27
mp-1039028,bulk,0.001,True,EXHAUSTIVE,6322176,366592,ZFP,3e-05,17.24581005586592,17.24581005586592,True,27,33,27
mp-1039028,bulk,0.001,True,SCAN,6322176,366592,ZFP,3e-05,17.24581005586592,17.24581005586592,True,22,28,27
mp-1039028,bulk,0.001,True,BISECT,6322176,366592,ZFP,3e-05,17.24581005586592,17.24581005586592,True,10,16,27
mp-1039028,bulk,0.001,True,SCAN-ZFP,6322176,366592,ZFP,3e-05,17.24581005586592,17.24581005586592,True,5,11,27
mp-1039028,bulk,0.001,True,SCAN-SZ3,6322176,784566,SZ3,1e-07,8.058182485603506,17.24581005586592,True,9,15,27
mp-1039028,bulk,0.001,True,SCAN-SPERR,6322176,6322176,,,,17.24581005586592,True,8,14,27
mp-1039028,bulk,0.001,True,BISECT-ZFP,6322176,366592,ZFP,3e-05,17.24581005586592,17.24581005586592,True,4,10,27
mp-1039028,bulk,0.001,True,BISECT-SZ3,6322176,784566,SZ3,1e-07,8.058182485603506,17.24581005586592,True,3,9,27
mp-1039028,bulk,0.001,True,BISECT-SPERR,6322176,6322176,,,,17.24581005586592,True,3,9,27
mp-1039028,bulk,0.01,True,EXHAUSTIVE,6322176,116381,SZ3,3e-05,54.3230939758208,54.3230939758208,True,27,33,27
mp-1039028,bulk,0.01,True,SCAN,6322176,116381,SZ3,3e-05,54.3230939758208,54.3230939758208,True,8,14,27
mp-1039028,bulk,0.01,True,BISECT,6322176,116381,SZ3,3e-05,54.3230939758208,54.3230939758208,True,11,17,27
mp-1039028,bulk,0.01,True,SCAN-ZFP,6322176,146600,ZFP,0.001,43.125347885402455,54.3230939758208,True,2,8,27
mp-1039028,bulk,0.01,True,SCAN-SZ3,6322176,116381,SZ3,3e-05,54.3230939758208,54.3230939758208,True,4,10,27
mp-1039028,bulk,0.01,True,SCAN-SPERR,6322176,544866,SPERR,0.0001,11.603175826717028,54.3230939758208,True,2,8,27
mp-1039028,bulk,0.01,True,BISECT-ZFP,6322176,146600,ZFP,0.001,43.125347885402455,54.3230939758208,True,4,10,27
mp-1039028,bulk,0.01,True,BISECT-SZ3,6322176,116381,SZ3,3e-05,54.3230939758208,54.3230939758208,True,3,9,27
mp-1039028,bulk,0.01,True,BISECT-SPERR,6322176,544866,SPERR,0.0001,11.603175826717028,54.3230939758208,True,4,10,27
mp-1041800,bulk,0.0001,False,EXHAUSTIVE,9830400,9830400,,,,,False,0,6,22
mp-1041800,bulk,0.0001,False,SCAN,9830400,9830400,,,,,False,0,6,22
mp-1041800,bulk,0.0001,False,BISECT,9830400,9830400,,,,,False,0,6,22
mp-1041800,bulk,0.0001,False,SCAN-ZFP,9830400,9830400,,,,,False,0,6,22
mp-1041800,bulk,0.0001,False,SCAN-SZ3,9830400,9830400,,,,,False,0,6,22
mp-1041800,bulk,0.0001,False,SCAN-SPERR,9830400,9830400,,,,,False,0,6,22
mp-1041800,bulk,0.0001,False,BISECT-ZFP,9830400,9830400,,,,,False,0,6,22
mp-1041800,bulk,0.0001,False,BISECT-SZ3,9830400,9830400,,,,,False,0,6,22
mp-1041800,bulk,0.0001,False,BISECT-SPERR,9830400,9830400,,,,,False,0,6,22
mp-1041800,bulk,0.001,False,EXHAUSTIVE,9830400,9830400,,,,,False,0,6,22
mp-1041800,bulk,0.001,False,SCAN,9830400,9830400,,,,,False,0,6,22
mp-1041800,bulk,0.001,False,BISECT,9830400,9830400,,,,,False,0,6,22
mp-1041800,bulk,0.001,False,SCAN-ZFP,9830400,9830400,,,,,False,0,6,22
mp-1041800,bulk,0.001,False,SCAN-SZ3,9830400,9830400,,,,,False,0,6,22
mp-1041800,bulk,0.001,False,SCAN-SPERR,9830400,9830400,,,,,False,0,6,22
mp-1041800,bulk,0.001,False,BISECT-ZFP,9830400,9830400,,,,,False,0,6,22
mp-1041800,bulk,0.001,False,BISECT-SZ3,9830400,9830400,,,,,False,0,6,22
mp-1041800,bulk,0.001,False,BISECT-SPERR,9830400,9830400,,,,,False,0,6,22
mp-1041800,bulk,0.01,True,EXHAUSTIVE,9830400,197300,SZ3,0.0001,49.82463253928029,49.82463253928029,True,22,28,22
mp-1041800,bulk,0.01,True,SCAN,9830400,197300,SZ3,0.0001,49.82463253928029,49.82463253928029,True,15,21,22
mp-1041800,bulk,0.01,True,BISECT,9830400,197300,SZ3,0.0001,49.82463253928029,49.82463253928029,True,9,15,22
mp-1041800,bulk,0.01,True,SCAN-ZFP,9830400,413640,ZFP,0.001,23.76559326950972,49.82463253928029,True,5,11,22
mp-1041800,bulk,0.01,True,SCAN-SZ3,9830400,197300,SZ3,0.0001,49.82463253928029,49.82463253928029,True,4,10,22
mp-1041800,bulk,0.01,True,SCAN-SPERR,9830400,1258998,SPERR,3e-05,7.808114071666516,49.82463253928029,True,6,12,22
mp-1041800,bulk,0.01,True,BISECT-ZFP,9830400,413640,ZFP,0.001,23.76559326950972,49.82463253928029,True,3,9,22
mp-1041800,bulk,0.01,True,BISECT-SZ3,9830400,197300,SZ3,0.0001,49.82463253928029,49.82463253928029,True,3,9,22
mp-1041800,bulk,0.01,True,BISECT-SPERR,9830400,1258998,SPERR,3e-05,7.808114071666516,49.82463253928029,True,3,9,22
mp-1044003,bulk,0.0001,False,EXHAUSTIVE,13107200,13107200,,,,,False,0,6,29
mp-1044003,bulk,0.0001,False,SCAN,13107200,13107200,,,,,False,0,6,29
mp-1044003,bulk,0.0001,False,BISECT,13107200,13107200,,,,,False,0,6,29
mp-1044003,bulk,0.0001,False,SCAN-ZFP,13107200,13107200,,,,,False,0,6,29
mp-1044003,bulk,0.0001,False,SCAN-SZ3,13107200,13107200,,,,,False,0,6,29
mp-1044003,bulk,0.0001,False,SCAN-SPERR,13107200,13107200,,,,,False,0,6,29
mp-1044003,bulk,0.0001,False,BISECT-ZFP,13107200,13107200,,,,,False,0,6,29
mp-1044003,bulk,0.0001,False,BISECT-SZ3,13107200,13107200,,,,,False,0,6,29
mp-1044003,bulk,0.0001,False,BISECT-SPERR,13107200,13107200,,,,,False,0,6,29
mp-1044003,bulk,0.001,True,EXHAUSTIVE,13107200,846384,ZFP,3e-05,15.486115049433828,15.486115049433828,True,29,35,29
mp-1044003,bulk,0.001,True,SCAN,13107200,846384,ZFP,3e-05,15.486115049433828,15.486115049433828,True,22,28,29
mp-1044003,bulk,0.001,True,BISECT,13107200,846384,ZFP,3e-05,15.486115049433828,15.486115049433828,True,9,15,29
mp-1044003,bulk,0.001,True,SCAN-ZFP,13107200,846384,ZFP,3e-05,15.486115049433828,15.486115049433828,True,6,12,29
mp-1044003,bulk,0.001,True,SCAN-SZ3,13107200,1319776,SZ3,3e-07,9.931382295177364,15.486115049433828,True,8,14,29
mp-1044003,bulk,0.001,True,SCAN-SPERR,13107200,2888885,SPERR,3e-07,4.537113799960885,15.486115049433828,True,8,14,29
mp-1044003,bulk,0.001,True,BISECT-ZFP,13107200,846384,ZFP,3e-05,15.486115049433828,15.486115049433828,True,3,9,29
mp-1044003,bulk,0.001,True,BISECT-SZ3,13107200,1319776,SZ3,3e-07,9.931382295177364,15.486115049433828,True,3,9,29
mp-1044003,bulk,0.001,True,BISECT-SPERR,13107200,2888885,SPERR,3e-07,4.537113799960885,15.486115049433828,True,3,9,29
mp-1044003,bulk,0.01,True,EXHAUSTIVE,13107200,294158,SZ3,3e-05,44.55836659210356,44.55836659210356,True,29,35,29
mp-1044003,bulk,0.01,True,SCAN,13107200,294158,SZ3,3e-05,44.55836659210356,44.55836659210356,True,11,17,29
mp-1044003,bulk,0.01,True,BISECT,13107200,294158,SZ3,3e-05,44.55836659210356,44.55836659210356,True,9,15,29
mp-1044003,bulk,0.01,True,SCAN-ZFP,13107200,351272,ZFP,0.001,37.31353481063108,44.55836659210356,True,3,9,29
mp-1044003,bulk,0.01,True,SCAN-SZ3,13107200,294158,SZ3,3e-05,44.55836659210356,44.55836659210356,True,4,10,29
mp-1044003,bulk,0.01,True,SCAN-SPERR,13107200,1519663,SPERR,3e-05,8.62507016358232,44.55836659210356,True,4,10,29
mp-1044003,bulk,0.01,True,BISECT-ZFP,13107200,351272,ZFP,0.001,37.31353481063108,44.55836659210356,True,3,9,29
mp-1044003,bulk,0.01,True,BISECT-SZ3,13107200,294158,SZ3,3e-05,44.55836659210356,44.55836659210356,True,3,9,29
mp-1044003,bulk,0.01,True,BISECT-SPERR,13107200,1519663,SPERR,3e-05,8.62507016358232,44.55836659210356,True,3,9,29
mp-1044463,bulk,0.0001,False,EXHAUSTIVE,6144000,6144000,,,,,False,0,6,23
mp-1044463,bulk,0.0001,False,SCAN,6144000,6144000,,,,,False,0,6,23
mp-1044463,bulk,0.0001,False,BISECT,6144000,6144000,,,,,False,0,6,23
mp-1044463,bulk,0.0001,False,SCAN-ZFP,6144000,6144000,,,,,False,0,6,23
mp-1044463,bulk,0.0001,False,SCAN-SZ3,6144000,6144000,,,,,False,0,6,23
mp-1044463,bulk,0.0001,False,SCAN-SPERR,6144000,6144000,,,,,False,0,6,23
mp-1044463,bulk,0.0001,False,BISECT-ZFP,6144000,6144000,,,,,False,0,6,23
mp-1044463,bulk,0.0001,False,BISECT-SZ3,6144000,6144000,,,,,False,0,6,23
mp-1044463,bulk,0.0001,False,BISECT-SPERR,6144000,6144000,,,,,False,0,6,23
mp-1044463,bulk,0.001,False,EXHAUSTIVE,6144000,6144000,,,,,False,0,6,23
mp-1044463,bulk,0.001,False,SCAN,6144000,6144000,,,,,False,0,6,23
mp-1044463,bulk,0.001,False,BISECT,6144000,6144000,,,,,False,0,6,23
mp-1044463,bulk,0.001,False,SCAN-ZFP,6144000,6144000,,,,,False,0,6,23
mp-1044463,bulk,0.001,False,SCAN-SZ3,6144000,6144000,,,,,False,0,6,23
mp-1044463,bulk,0.001,False,SCAN-SPERR,6144000,6144000,,,,,False,0,6,23
mp-1044463,bulk,0.001,False,BISECT-ZFP,6144000,6144000,,,,,False,0,6,23
mp-1044463,bulk,0.001,False,BISECT-SZ3,6144000,6144000,,,,,False,0,6,23
mp-1044463,bulk,0.001,False,BISECT-SPERR,6144000,6144000,,,,,False,0,6,23
mp-1044463,bulk,0.01,True,EXHAUSTIVE,6144000,89383,SZ3,0.0003,68.73790318069432,68.73790318069432,True,23,29,23
mp-1044463,bulk,0.01,True,SCAN,6144000,89383,SZ3,0.0003,68.73790318069432,68.73790318069432,True,13,19,23
mp-1044463,bulk,0.01,True,BISECT,6144000,89383,SZ3,0.0003,68.73790318069432,68.73790318069432,True,9,15,23
mp-1044463,bulk,0.01,True,SCAN-ZFP,6144000,205592,ZFP,0.003,29.884431300828822,68.73790318069432,True,4,10,23
mp-1044463,bulk,0.01,True,SCAN-SZ3,6144000,89383,SZ3,0.0003,68.73790318069432,68.73790318069432,True,4,10,23
mp-1044463,bulk,0.01,True,SCAN-SPERR,6144000,637008,SPERR,0.0001,9.645090799487605,68.73790318069432,True,5,11,23
mp-1044463,bulk,0.01,True,BISECT-ZFP,6144000,205592,ZFP,0.003,29.884431300828822,68.73790318069432,True,3,9,23
mp-1044463,bulk,0.01,True,BISECT-SZ3,6144000,89383,SZ3,0.0003,68.73790318069432,68.73790318069432,True,3,9,23
mp-1044463,bulk,0.01,True,BISECT-SPERR,6144000,637008,SPERR,0.0001,9.645090799487605,68.73790318069432,True,3,9,23
mp-1046632,bulk,0.0001,False,EXHAUSTIVE,6220800,6220800,,,,,False,0,6,34
mp-1046632,bulk,0.0001,False,SCAN,6220800,6220800,,,,,False,0,6,34
mp-1046632,bulk,0.0001,False,BISECT,6220800,6220800,,,,,False,0,6,34
mp-1046632,bulk,0.0001,False,SCAN-ZFP,6220800,6220800,,,,,False,0,6,34
mp-1046632,bulk,0.0001,False,SCAN-SZ3,6220800,6220800,,,,,False,0,6,34
mp-1046632,bulk,0.0001,False,SCAN-SPERR,6220800,6220800,,,,,False,0,6,34
mp-1046632,bulk,0.0001,False,BISECT-ZFP,6220800,6220800,,,,,False,0,6,34
mp-1046632,bulk,0.0001,False,BISECT-SZ3,6220800,6220800,,,,,False,0,6,34
mp-1046632,bulk,0.0001,False,BISECT-SPERR,6220800,6220800,,,,,False,0,6,34
mp-1046632,bulk,0.001,True,EXHAUSTIVE,6220800,339840,ZFP,0.0003,18.30508474576272,18.30508474576272,True,34,40,34
mp-1046632,bulk,0.001,True,SCAN,6220800,339840,ZFP,0.0003,18.30508474576272,18.30508474576272,True,19,25,34
mp-1046632,bulk,0.001,True,BISECT,6220800,339840,ZFP,0.0003,18.30508474576272,18.30508474576272,True,12,18,34
mp-1046632,bulk,0.001,True,SCAN-ZFP,6220800,339840,ZFP,0.0003,18.30508474576272,18.30508474576272,True,5,11,34
mp-1046632,bulk,0.001,True,SCAN-SZ3,6220800,345370,SZ3,1e-05,18.01198714422214,18.30508474576272,True,7,13,34
mp-1046632,bulk,0.001,True,SCAN-SPERR,6220800,920994,SPERR,1e-05,6.754441397012358,18.30508474576272,True,7,13,34
mp-1046632,bulk,0.001,True,BISECT-ZFP,6220800,339840,ZFP,0.0003,18.30508474576272,18.30508474576272,True,4,10,34
mp-1046632,bulk,0.001,True,BISECT-SZ3,6220800,345370,SZ3,1e-05,18.01198714422214,18.30508474576272,True,4,10,34
mp-1046632,bulk,0.001,True,BISECT-SPERR,6220800,920994,SPERR,1e-05,6.754441397012358,18.30508474576272,True,4,10,34
mp-1046632,bulk,0.01,True,EXHAUSTIVE,6220800,72387,SZ3,0.0003,85.93808280492354,85.93808280492354,True,34,40,34
mp-1046632,bulk,0.01,True,SCAN,6220800,72387,SZ3,0.0003,85.93808280492354,85.93808280492354,True,12,18,34
mp-1046632,bulk,0.01,True,BISECT,6220800,72387,SZ3,0.0003,85.93808280492354,85.93808280492354,True,12,18,34
mp-1046632,bulk,0.01,True,SCAN-ZFP,6220800,198968,ZFP,0.003,31.265329098146434,85.93808280492354,True,3,9,34
mp-1046632,bulk,0.01,True,SCAN-SZ3,6220800,72387,SZ3,0.0003,85.93808280492354,85.93808280492354,True,4,10,34
mp-1046632,bulk,0.01,True,SCAN-SPERR,6220800,603656,SPERR,0.0001,10.30520693905138,85.93808280492354,True,5,11,34
mp-1046632,bulk,0.01,True,BISECT-ZFP,6220800,198968,ZFP,0.003,31.265329098146434,85.93808280492354,True,4,10,34
mp-1046632,bulk,0.01,True,BISECT-SZ3,6220800,72387,SZ3,0.0003,85.93808280492354,85.93808280492354,True,4,10,34
mp-1046632,bulk,0.01,True,BISECT-SPERR,6220800,603656,SPERR,0.0001,10.30520693905138,85.93808280492354,True,4,10,34
mp-1065204,bulk,0.0001,True,EXHAUSTIVE,11239424,1220976,ZFP,1e-05,9.205278400230636,9.205278400230636,True,33,39,33
mp-1065204,bulk,0.0001,True,SCAN,11239424,1220976,ZFP,1e-05,9.205278400230636,9.205278400230636,True,29,35,33
mp-1065204,bulk,0.0001,True,BISECT,11239424,1220976,ZFP,1e-05,9.205278400230636,9.205278400230636,True,11,17,33
mp-1065204,bulk,0.0001,True,SCAN-ZFP,11239424,1220976,ZFP,1e-05,9.205278400230636,9.205278400230636,True,9,15,33
mp-1065204,bulk,0.0001,True,SCAN-SZ3,11239424,1832339,SZ3,1e-07,6.133921725182949,9.205278400230636,True,9,15,33
mp-1065204,bulk,0.0001,True,SCAN-SPERR,11239424,1241553,SPERR,1e-07,9.052713818902616,9.205278400230636,True,11,17,33
mp-1065204,bulk,0.0001,True,BISECT-ZFP,11239424,1220976,ZFP,1e-05,9.205278400230636,9.205278400230636,True,4,10,33
mp-1065204,bulk,0.0001,True,BISECT-SZ3,11239424,1832339,SZ3,1e-07,6.133921725182949,9.205278400230636,True,3,9,33
mp-1065204,bulk,0.0001,True,BISECT-SPERR,11239424,1241553,SPERR,1e-07,9.052713818902616,9.205278400230636,True,4,10,33
mp-1065204,bulk,0.001,True,EXHAUSTIVE,11239424,379825,SPERR,1e-05,29.591059040347528,29.591059040347528,True,33,39,33
mp-1065204,bulk,0.001,True,SCAN,11239424,379825,SPERR,1e-05,29.591059040347528,29.591059040347528,True,21,27,33
mp-1065204,bulk,0.001,True,BISECT,11239424,748073,SPERR,1e-06,15.024501619494352,29.591059040347528,True,11,17,33
mp-1065204,bulk,0.001,True,SCAN-ZFP,11239424,1065152,ZFP,3e-05,10.551943760139398,29.591059040347528,True,8,14,33
mp-1065204,bulk,0.001,True,SCAN-SZ3,11239424,808804,SZ3,3e-06,13.89635066097596,29.591059040347528,True,6,12,33
mp-1065204,bulk,0.001,True,SCAN-SPERR,11239424,379825,SPERR,1e-05,29.591059040347528,29.591059040347528,True,7,13,33
mp-1065204,bulk,0.001,True,BISECT-ZFP,11239424,1065152,ZFP,3e-05,10.551943760139398,29.591059040347528,True,4,10,33
mp-1065204,bulk,0.001,True,BISECT-SZ3,11239424,808804,SZ3,3e-06,13.89635066097596,29.591059040347528,True,4,10,33
mp-1065204,bulk,0.001,True,BISECT-SPERR,11239424,748073,SPERR,1e-06,15.024501619494352,29.591059040347528,True,3,9,33
mp-1065204,bulk,0.01,True,EXHAUSTIVE,11239424,99962,SPERR,0.0003,112.4369660470979,112.4369660470979,True,33,39,33
mp-1065204,bulk,0.01,True,SCAN,11239424,99962,SPERR,0.0003,112.4369660470979,112.4369660470979,True,13,19,33
mp-1065204,bulk,0.01,True,BISECT,11239424,99962,SPERR,0.0003,112.4369660470979,112.4369660470979,True,11,17,33
mp-1065204,bulk,0.01,True,SCAN-ZFP,11239424,468248,ZFP,0.001,24.003143633288342,112.4369660470979,True,5,11,33
mp-1065204,bulk,0.01,True,SCAN-SZ3,11239424,356143,SZ3,3e-05,31.55873904583272,112.4369660470979,True,4,10,33
mp-1065204,bulk,0.01,True,SCAN-SPERR,11239424,99962,SPERR,0.0003,112.4369660470979,112.4369660470979,True,4,10,33
mp-1065204,bulk,0.01,True,BISECT-ZFP,11239424,468248,ZFP,0.001,24.003143633288342,112.4369660470979,True,4,10,33
mp-1065204,bulk,0.01,True,BISECT-SZ3,11239424,356143,SZ3,3e-05,31.55873904583272,112.4369660470979,True,3,9,33
mp-1065204,bulk,0.01,True,BISECT-SPERR,11239424,99962,SPERR,0.0003,112.4369660470979,112.4369660470979,True,4,10,33
mp-1069461,bulk,0.0001,False,EXHAUSTIVE,7077888,7077888,,,,,False,0,6,19
mp-1069461,bulk,0.0001,False,SCAN,7077888,7077888,,,,,False,0,6,19
mp-1069461,bulk,0.0001,False,BISECT,7077888,7077888,,,,,False,0,6,19
mp-1069461,bulk,0.0001,False,SCAN-ZFP,7077888,7077888,,,,,False,0,6,19
mp-1069461,bulk,0.0001,False,SCAN-SZ3,7077888,7077888,,,,,False,0,6,19
mp-1069461,bulk,0.0001,False,SCAN-SPERR,7077888,7077888,,,,,False,0,6,19
mp-1069461,bulk,0.0001,False,BISECT-ZFP,7077888,7077888,,,,,False,0,6,19
mp-1069461,bulk,0.0001,False,BISECT-SZ3,7077888,7077888,,,,,False,0,6,19
mp-1069461,bulk,0.0001,False,BISECT-SPERR,7077888,7077888,,,,,False,0,6,19
mp-1069461,bulk,0.001,False,EXHAUSTIVE,7077888,7077888,,,,,False,0,6,19
mp-1069461,bulk,0.001,False,SCAN,7077888,7077888,,,,,False,0,6,19
mp-1069461,bulk,0.001,False,BISECT,7077888,7077888,,,,,False,0,6,19
mp-1069461,bulk,0.001,False,SCAN-ZFP,7077888,7077888,,,,,False,0,6,19
mp-1069461,bulk,0.001,False,SCAN-SZ3,7077888,7077888,,,,,False,0,6,19
mp-1069461,bulk,0.001,False,SCAN-SPERR,7077888,7077888,,,,,False,0,6,19
mp-1069461,bulk,0.001,False,BISECT-ZFP,7077888,7077888,,,,,False,0,6,19
mp-1069461,bulk,0.001,False,BISECT-SZ3,7077888,7077888,,,,,False,0,6,19
mp-1069461,bulk,0.001,False,BISECT-SPERR,7077888,7077888,,,,,False,0,6,19
mp-1069461,bulk,0.01,True,EXHAUSTIVE,7077888,63666,SPERR,0.0003,111.1721798134012,111.1721798134012,True,19,25,19
mp-1069461,bulk,0.01,True,SCAN,7077888,63666,SPERR,0.0003,111.1721798134012,111.1721798134012,True,10,16,19
mp-1069461,bulk,0.01,True,BISECT,7077888,63666,SPERR,0.0003,111.1721798134012,111.1721798134012,True,8,14,19
mp-1069461,bulk,0.01,True,SCAN-ZFP,7077888,285240,ZFP,0.001,24.813798906184267,111.1721798134012,True,4,10,19
mp-1069461,bulk,0.01,True,SCAN-SZ3,7077888,136280,SZ3,0.0001,51.93636630466686,111.1721798134012,True,3,9,19
mp-1069461,bulk,0.01,True,SCAN-SPERR,7077888,63666,SPERR,0.0003,111.1721798134012,111.1721798134012,True,3,9,19
mp-1069461,bulk,0.01,True,BISECT-ZFP,7077888,285240,ZFP,0.001,24.813798906184267,111.1721798134012,True,3,9,19
mp-1069461,bulk,0.01,True,BISECT-SZ3,7077888,136280,SZ3,0.0001,51.93636630466686,111.1721798134012,True,2,8,19
mp-1069461,bulk,0.01,True,BISECT-SPERR,7077888,63666,SPERR,0.0003,111.1721798134012,111.1721798134012,True,3,9,19
mp-10761,bulk,0.0001,False,EXHAUSTIVE,2621440,2621440,,,,,False,0,6,20
mp-10761,bulk,0.0001,False,SCAN,2621440,2621440,,,,,False,0,6,20
mp-10761,bulk,0.0001,False,BISECT,2621440,2621440,,,,,False,0,6,20
mp-10761,bulk,0.0001,False,SCAN-ZFP,2621440,2621440,,,,,False,0,6,20
mp-10761,bulk,0.0001,False,SCAN-SZ3,2621440,2621440,,,,,False,0,6,20
mp-10761,bulk,0.0001,False,SCAN-SPERR,2621440,2621440,,,,,False,0,6,20
mp-10761,bulk,0.0001,False,BISECT-ZFP,2621440,2621440,,,,,False,0,6,20
mp-10761,bulk,0.0001,False,BISECT-SZ3,2621440,2621440,,,,,False,0,6,20
mp-10761,bulk,0.0001,False,BISECT-SPERR,2621440,2621440,,,,,False,0,6,20
mp-10761,bulk,0.001,False,EXHAUSTIVE,2621440,2621440,,,,,False,0,6,20
mp-10761,bulk,0.001,False,SCAN,2621440,2621440,,,,,False,0,6,20
mp-10761,bulk,0.001,False,BISECT,2621440,2621440,,,,,False,0,6,20
mp-10761,bulk,0.001,False,SCAN-ZFP,2621440,2621440,,,,,False,0,6,20
mp-10761,bulk,0.001,False,SCAN-SZ3,2621440,2621440,,,,,False,0,6,20
mp-10761,bulk,0.001,False,SCAN-SPERR,2621440,2621440,,,,,False,0,6,20
mp-10761,bulk,0.001,False,BISECT-ZFP,2621440,2621440,,,,,False,0,6,20
mp-10761,bulk,0.001,False,BISECT-SZ3,2621440,2621440,,,,,False,0,6,20
mp-10761,bulk,0.001,False,BISECT-SPERR,2621440,2621440,,,,,False,0,6,20
mp-10761,bulk,0.01,True,EXHAUSTIVE,2621440,103892,SZ3,1e-05,25.232356678088784,25.232356678088784,True,20,26,20
mp-10761,bulk,0.01,True,SCAN,2621440,103892,SZ3,1e-05,25.232356678088784,25.232356678088784,True,19,25,20
mp-10761,bulk,0.01,True,BISECT,2621440,103892,SZ3,1e-05,25.232356678088784,25.232356678088784,True,8,14,20
mp-10761,bulk,0.01,True,SCAN-ZFP,2621440,192752,ZFP,3e-05,13.600066406574252,25.232356678088784,True,8,14,20
mp-10761,bulk,0.01,True,SCAN-SZ3,2621440,103892,SZ3,1e-05,25.232356678088784,25.232356678088784,True,5,11,20
mp-10761,bulk,0.01,True,SCAN-SPERR,2621440,2621440,,,,25.232356678088784,True,6,12,20
mp-10761,bulk,0.01,True,BISECT-ZFP,2621440,192752,ZFP,3e-05,13.600066406574252,25.232356678088784,True,3,9,20
mp-10761,bulk,0.01,True,BISECT-SZ3,2621440,103892,SZ3,1e-05,25.232356678088784,25.232356678088784,True,3,9,20
mp-10761,bulk,0.01,True,BISECT-SPERR,2621440,2621440,,,,25.232356678088784,True,2,8,20
mp-1077125,bulk,0.0001,False,EXHAUSTIVE,7077888,7077888,,,,,False,0,6,25
mp-1077125,bulk,0.0001,False,SCAN,7077888,7077888,,,,,False,0,6,25
mp-1077125,bulk,0.0001,False,BISECT,7077888,7077888,,,,,False,0,6,25
mp-1077125,bulk,0.0001,False,SCAN-ZFP,7077888,7077888,,,,,False,0,6,25
mp-1077125,bulk,0.0001,False,SCAN-SZ3,7077888,7077888,,,,,False,0,6,25
mp-1077125,bulk,0.0001,False,SCAN-SPERR,7077888,7077888,,,,,False,0,6,25
mp-1077125,bulk,0.0001,False,BISECT-ZFP,7077888,7077888,,,,,False,0,6,25
mp-1077125,bulk,0.0001,False,BISECT-SZ3,7077888,7077888,,,,,False,0,6,25
mp-1077125,bulk,0.0001,False,BISECT-SPERR,7077888,7077888,,,,,False,0,6,25
mp-1077125,bulk,0.001,False,EXHAUSTIVE,7077888,7077888,,,,,False,0,6,25
mp-1077125,bulk,0.001,False,SCAN,7077888,7077888,,,,,False,0,6,25
mp-1077125,bulk,0.001,False,BISECT,7077888,7077888,,,,,False,0,6,25
mp-1077125,bulk,0.001,False,SCAN-ZFP,7077888,7077888,,,,,False,0,6,25
mp-1077125,bulk,0.001,False,SCAN-SZ3,7077888,7077888,,,,,False,0,6,25
mp-1077125,bulk,0.001,False,SCAN-SPERR,7077888,7077888,,,,,False,0,6,25
mp-1077125,bulk,0.001,False,BISECT-ZFP,7077888,7077888,,,,,False,0,6,25
mp-1077125,bulk,0.001,False,BISECT-SZ3,7077888,7077888,,,,,False,0,6,25
mp-1077125,bulk,0.001,False,BISECT-SPERR,7077888,7077888,,,,,False,0,6,25
mp-1077125,bulk,0.01,True,EXHAUSTIVE,7077888,92558,SPERR,0.001,76.46975950215,76.46975950215,True,25,31,25
mp-1077125,bulk,0.01,True,SCAN,7077888,92558,SPERR,0.001,76.46975950215,76.46975950215,True,11,17,25
mp-1077125,bulk,0.01,True,BISECT,7077888,92558,SPERR,0.001,76.46975950215,76.46975950215,True,10,16,25
mp-1077125,bulk,0.01,True,SCAN-ZFP,7077888,219128,ZFP,0.03,32.300244605892445,76.46975950215,True,2,8,25
mp-1077125,bulk,0.01,True,SCAN-SZ3,7077888,197389,SZ3,0.0003,35.857560451696905,76.46975950215,True,5,11,25
mp-1077125,bulk,0.01,True,SCAN-SPERR,7077888,92558,SPERR,0.001,76.46975950215,76.46975950215,True,4,10,25
mp-1077125,bulk,0.01,True,BISECT-ZFP,7077888,219128,ZFP,0.03,32.300244605892445,76.46975950215,True,4,10,25
mp-1077125,bulk,0.01,True,BISECT-SZ3,7077888,197389,SZ3,0.0003,35.857560451696905,76.46975950215,True,3,9,25
mp-1077125,bulk,0.01,True,BISECT-SPERR,7077888,92558,SPERR,0.001,76.46975950215,76.46975950215,True,3,9,25
mp-1077596,bulk,0.0001,False,EXHAUSTIVE,4096000,4096000,,,,,False,0,6,21
mp-1077596,bulk,0.0001,False,SCAN,4096000,4096000,,,,,False,0,6,21
mp-1077596,bulk,0.0001,False,BISECT,4096000,4096000,,,,,False,0,6,21
mp-1077596,bulk,0.0001,False,SCAN-ZFP,4096000,4096000,,,,,False,0,6,21
mp-1077596,bulk,0.0001,False,SCAN-SZ3,4096000,4096000,,,,,False,0,6,21
mp-1077596,bulk,0.0001,False,SCAN-SPERR,4096000,4096000,,,,,False,0,6,21
mp-1077596,bulk,0.0001,False,BISECT-ZFP,4096000,4096000,,,,,False,0,6,21
mp-1077596,bulk,0.0001,False,BISECT-SZ3,4096000,4096000,,,,,False,0,6,21
mp-1077596,bulk,0.0001,False,BISECT-SPERR,4096000,4096000,,,,,False,0,6,21
mp-1077596,bulk,0.001,False,EXHAUSTIVE,4096000,4096000,,,,,False,0,6,21
mp-1077596,bulk,0.001,False,SCAN,4096000,4096000,,,,,False,0,6,21
mp-1077596,bulk,0.001,False,BISECT,4096000,4096000,,,,,False,0,6,21
mp-1077596,bulk,0.001,False,SCAN-ZFP,4096000,4096000,,,,,False,0,6,21
mp-1077596,bulk,0.001,False,SCAN-SZ3,4096000,4096000,,,,,False,0,6,21
mp-1077596,bulk,0.001,False,SCAN-SPERR,4096000,4096000,,,,,False,0,6,21
mp-1077596,bulk,0.001,False,BISECT-ZFP,4096000,4096000,,,,,False,0,6,21
mp-1077596,bulk,0.001,False,BISECT-SZ3,4096000,4096000,,,,,False,0,6,21
mp-1077596,bulk,0.001,False,BISECT-SPERR,4096000,4096000,,,,,False,0,6,21
mp-1077596,bulk,0.01,False,EXHAUSTIVE,4096000,4096000,,,,,False,0,6,21
mp-1077596,bulk,0.01,False,SCAN,4096000,4096000,,,,,False,0,6,21
mp-1077596,bulk,0.01,False,BISECT,4096000,4096000,,,,,False,0,6,21
mp-1077596,bulk,0.01,False,SCAN-ZFP,4096000,4096000,,,,,False,0,6,21
mp-1077596,bulk,0.01,False,SCAN-SZ3,4096000,4096000,,,,,False,0,6,21
mp-1077596,bulk,0.01,False,SCAN-SPERR,4096000,4096000,,,,,False,0,6,21
mp-1077596,bulk,0.01,False,BISECT-ZFP,4096000,4096000,,,,,False,0,6,21
mp-1077596,bulk,0.01,False,BISECT-SZ3,4096000,4096000,,,,,False,0,6,21
mp-1077596,bulk,0.01,False,BISECT-SPERR,4096000,4096000,,,,,False,0,6,21
mp-1078524,bulk,0.0001,False,EXHAUSTIVE,5225472,5225472,,,,,False,0,6,14
mp-1078524,bulk,0.0001,False,SCAN,5225472,5225472,,,,,False,0,6,14
mp-1078524,bulk,0.0001,False,BISECT,5225472,5225472,,,,,False,0,6,14
mp-1078524,bulk,0.0001,False,SCAN-ZFP,5225472,5225472,,,,,False,0,6,14
mp-1078524,bulk,0.0001,False,SCAN-SZ3,5225472,5225472,,,,,False,0,6,14
mp-1078524,bulk,0.0001,False,SCAN-SPERR,5225472,5225472,,,,,False,0,6,14
mp-1078524,bulk,0.0001,False,BISECT-ZFP,5225472,5225472,,,,,False,0,6,14
mp-1078524,bulk,0.0001,False,BISECT-SZ3,5225472,5225472,,,,,False,0,6,14
mp-1078524,bulk,0.0001,False,BISECT-SPERR,5225472,5225472,,,,,False,0,6,14
mp-1078524,bulk,0.001,False,EXHAUSTIVE,5225472,5225472,,,,,False,0,6,14
mp-1078524,bulk,0.001,False,SCAN,5225472,5225472,,,,,False,0,6,14
mp-1078524,bulk,0.001,False,BISECT,5225472,5225472,,,,,False,0,6,14
mp-1078524,bulk,0.001,False,SCAN-ZFP,5225472,5225472,,,,,False,0,6,14
mp-1078524,bulk,0.001,False,SCAN-SZ3,5225472,5225472,,,,,False,0,6,14
mp-1078524,bulk,0.001,False,SCAN-SPERR,5225472,5225472,,,,,False,0,6,14
mp-1078524,bulk,0.001,False,BISECT-ZFP,5225472,5225472,,,,,False,0,6,14
mp-1078524,bulk,0.001,False,BISECT-SZ3,5225472,5225472,,,,,False,0,6,14
mp-1078524,bulk,0.001,False,BISECT-SPERR,5225472,5225472,,,,,False,0,6,14
mp-1078524,bulk,0.01,True,EXHAUSTIVE,5225472,331288,ZFP,0.0001,15.773200357392962,15.773200357392962,True,14,20,14
mp-1078524,bulk,0.01,True,SCAN,5225472,331288,ZFP,0.0001,15.773200357392962,15.773200357392962,True,12,18,14
mp-1078524,bulk,0.01,True,BISECT,5225472,331288,ZFP,0.0001,15.773200357392962,15.773200357392962,True,7,13,14
mp-1078524,bulk,0.01,True,SCAN-ZFP,5225472,331288,ZFP,0.0001,15.773200357392962,15.773200357392962,True,5,11,14
mp-1078524,bulk,0.01,True,SCAN-SZ3,5225472,5225472,,,,15.773200357392962,True,4,10,14
mp-1078524,bulk,0.01,True,SCAN-SPERR,5225472,5225472,,,,15.773200357392962,True,3,9,14
mp-1078524,bulk,0.01,True,BISECT-ZFP,5225472,331288,ZFP,0.0001,15.773200357392962,15.773200357392962,True,3,9,14
mp-1078524,bulk,0.01,True,BISECT-SZ3,5225472,5225472,,,,15.773200357392962,True,2,8,14
mp-1078524,bulk,0.01,True,BISECT-SPERR,5225472,5225472,,,,15.773200357392962,True,2,8,14
mp-1079749,bulk,0.0001,False,EXHAUSTIVE,2709504,2709504,,,,,False,0,6,3
mp-1079749,bulk,0.0001,False,SCAN,2709504,2709504,,,,,False,0,6,3
mp-1079749,bulk,0.0001,False,BISECT,2709504,2709504,,,,,False,0,6,3
mp-1079749,bulk,0.0001,False,SCAN-ZFP,2709504,2709504,,,,,False,0,6,3
mp-1079749,bulk,0.0001,False,SCAN-SZ3,2709504,2709504,,,,,False,0,6,3
mp-1079749,bulk,0.0001,False,SCAN-SPERR,2709504,2709504,,,,,False,0,6,3
mp-1079749,bulk,0.0001,False,BISECT-ZFP,2709504,2709504,,,,,False,0,6,3
mp-1079749,bulk,0.0001,False,BISECT-SZ3,2709504,2709504,,,,,False,0,6,3
mp-1079749,bulk,0.0001,False,BISECT-SPERR,2709504,2709504,,,,,False,0,6,3
mp-1079749,bulk,0.001,False,EXHAUSTIVE,2709504,2709504,,,,,False,0,6,3
mp-1079749,bulk,0.001,False,SCAN,2709504,2709504,,,,,False,0,6,3
mp-1079749,bulk,0.001,False,BISECT,2709504,2709504,,,,,False,0,6,3
mp-1079749,bulk,0.001,False,SCAN-ZFP,2709504,2709504,,,,,False,0,6,3
mp-1079749,bulk,0.001,False,SCAN-SZ3,2709504,2709504,,,,,False,0,6,3
mp-1079749,bulk,0.001,False,SCAN-SPERR,2709504,2709504,,,,,False,0,6,3
mp-1079749,bulk,0.001,False,BISECT-ZFP,2709504,2709504,,,,,False,0,6,3
mp-1079749,bulk,0.001,False,BISECT-SZ3,2709504,2709504,,,,,False,0,6,3
mp-1079749,bulk,0.001,False,BISECT-SPERR,2709504,2709504,,,,,False,0,6,3
mp-1079749,bulk,0.01,False,EXHAUSTIVE,2709504,2709504,,,,,False,0,6,3
mp-1079749,bulk,0.01,False,SCAN,2709504,2709504,,,,,False,0,6,3
mp-1079749,bulk,0.01,False,BISECT,2709504,2709504,,,,,False,0,6,3
mp-1079749,bulk,0.01,False,SCAN-ZFP,2709504,2709504,,,,,False,0,6,3
mp-1079749,bulk,0.01,False,SCAN-SZ3,2709504,2709504,,,,,False,0,6,3
mp-1079749,bulk,0.01,False,SCAN-SPERR,2709504,2709504,,,,,False,0,6,3
mp-1079749,bulk,0.01,False,BISECT-ZFP,2709504,2709504,,,,,False,0,6,3
mp-1079749,bulk,0.01,False,BISECT-SZ3,2709504,2709504,,,,,False,0,6,3
mp-1079749,bulk,0.01,False,BISECT-SPERR,2709504,2709504,,,,,False,0,6,3
mp-1094905,bulk,0.0001,False,EXHAUSTIVE,2211840,2211840,,,,,False,0,6,25
mp-1094905,bulk,0.0001,False,SCAN,2211840,2211840,,,,,False,0,6,25
mp-1094905,bulk,0.0001,False,BISECT,2211840,2211840,,,,,False,0,6,25
mp-1094905,bulk,0.0001,False,SCAN-ZFP,2211840,2211840,,,,,False,0,6,25
mp-1094905,bulk,0.0001,False,SCAN-SZ3,2211840,2211840,,,,,False,0,6,25
mp-1094905,bulk,0.0001,False,SCAN-SPERR,2211840,2211840,,,,,False,0,6,25
mp-1094905,bulk,0.0001,False,BISECT-ZFP,2211840,2211840,,,,,False,0,6,25
mp-1094905,bulk,0.0001,False,BISECT-SZ3,2211840,2211840,,,,,False,0,6,25
mp-1094905,bulk,0.0001,False,BISECT-SPERR,2211840,2211840,,,,,False,0,6,25
mp-1094905,bulk,0.001,True,EXHAUSTIVE,2211840,218786,SZ3,1e-06,10.109604819321165,10.109604819321165,True,25,31,25
mp-1094905,bulk,0.001,True,SCAN,2211840,218786,SZ3,1e-06,10.109604819321165,10.109604819321165,True,19,25,25
mp-1094905,bulk,0.001,True,BISECT,2211840,218786,SZ3,1e-06,10.109604819321165,10.109604819321165,True,9,15,25
mp-1094905,bulk,0.001,True,SCAN-ZFP,2211840,228280,ZFP,1e-05,9.689153670930436,10.109604819321165,True,6,12,25
mp-1094905,bulk,0.001,True,SCAN-SZ3,2211840,218786,SZ3,1e-06,10.109604819321165,10.109604819321165,True,6,12,25
mp-1094905,bulk,0.001,True,SCAN-SPERR,2211840,574816,SPERR,1e-07,3.847909591938986,10.109604819321165,True,7,13,25
mp-1094905,bulk,0.001,True,BISECT-ZFP,2211840,228280,ZFP,1e-05,9.689153670930436,10.109604819321165,True,3,9,25
mp-1094905,bulk,0.001,True,BISECT-SZ3,2211840,218786,SZ3,1e-06,10.109604819321165,10.109604819321165,True,3,9,25
mp-1094905,bulk,0.001,True,BISECT-SPERR,2211840,574816,SPERR,1e-07,3.847909591938986,10.109604819321165,True,3,9,25
mp-1094905,bulk,0.01,True,EXHAUSTIVE,2211840,69707,SZ3,3e-05,31.730529215143385,31.730529215143385,True,25,31,25
mp-1094905,bulk,0.01,True,SCAN,2211840,69707,SZ3,3e-05,31.730529215143385,31.730529215143385,True,11,17,25
mp-1094905,bulk,0.01,True,BISECT,2211840,69707,SZ3,3e-05,31.730529215143385,31.730529215143385,True,10,16,25
mp-1094905,bulk,0.01,True,SCAN-ZFP,2211840,119504,ZFP,0.0001,18.50850180747088,31.730529215143385,True,4,10,25
mp-1094905,bulk,0.01,True,SCAN-SZ3,2211840,69707,SZ3,3e-05,31.730529215143385,31.730529215143385,True,3,9,25
mp-1094905,bulk,0.01,True,SCAN-SPERR,2211840,404912,SPERR,3e-06,5.462520251313865,31.730529215143385,True,4,10,25
mp-1094905,bulk,0.01,True,BISECT-ZFP,2211840,119504,ZFP,0.0001,18.50850180747088,31.730529215143385,True,4,10,25
mp-1094905,bulk,0.01,True,BISECT-SZ3,2211840,69707,SZ3,3e-05,31.730529215143385,31.730529215143385,True,3,9,25
mp-1094905,bulk,0.01,True,BISECT-SPERR,2211840,404912,SPERR,3e-06,5.462520251313865,31.730529215143385,True,3,9,25
mp-1096987,bulk,0.0001,False,EXHAUSTIVE,3686400,3686400,,,,,False,0,6,3
mp-1096987,bulk,0.0001,False,SCAN,3686400,3686400,,,,,False,0,6,3
mp-1096987,bulk,0.0001,False,BISECT,3686400,3686400,,,,,False,0,6,3
mp-1096987,bulk,0.0001,False,SCAN-ZFP,3686400,3686400,,,,,False,0,6,3
mp-1096987,bulk,0.0001,False,SCAN-SZ3,3686400,3686400,,,,,False,0,6,3
mp-1096987,bulk,0.0001,False,SCAN-SPERR,3686400,3686400,,,,,False,0,6,3
mp-1096987,bulk,0.0001,False,BISECT-ZFP,3686400,3686400,,,,,False,0,6,3
mp-1096987,bulk,0.0001,False,BISECT-SZ3,3686400,3686400,,,,,False,0,6,3
mp-1096987,bulk,0.0001,False,BISECT-SPERR,3686400,3686400,,,,,False,0,6,3
mp-1096987,bulk,0.001,False,EXHAUSTIVE,3686400,3686400,,,,,False,0,6,3
mp-1096987,bulk,0.001,False,SCAN,3686400,3686400,,,,,False,0,6,3
mp-1096987,bulk,0.001,False,BISECT,3686400,3686400,,,,,False,0,6,3
mp-1096987,bulk,0.001,False,SCAN-ZFP,3686400,3686400,,,,,False,0,6,3
mp-1096987,bulk,0.001,False,SCAN-SZ3,3686400,3686400,,,,,False,0,6,3
mp-1096987,bulk,0.001,False,SCAN-SPERR,3686400,3686400,,,,,False,0,6,3
mp-1096987,bulk,0.001,False,BISECT-ZFP,3686400,3686400,,,,,False,0,6,3
mp-1096987,bulk,0.001,False,BISECT-SZ3,3686400,3686400,,,,,False,0,6,3
mp-1096987,bulk,0.001,False,BISECT-SPERR,3686400,3686400,,,,,False,0,6,3
mp-1096987,bulk,0.01,False,EXHAUSTIVE,3686400,3686400,,,,,False,0,6,3
mp-1096987,bulk,0.01,False,SCAN,3686400,3686400,,,,,False,0,6,3
mp-1096987,bulk,0.01,False,BISECT,3686400,3686400,,,,,False,0,6,3
mp-1096987,bulk,0.01,False,SCAN-ZFP,3686400,3686400,,,,,False,0,6,3
mp-1096987,bulk,0.01,False,SCAN-SZ3,3686400,3686400,,,,,False,0,6,3
mp-1096987,bulk,0.01,False,SCAN-SPERR,3686400,3686400,,,,,False,0,6,3
mp-1096987,bulk,0.01,False,BISECT-ZFP,3686400,3686400,,,,,False,0,6,3
mp-1096987,bulk,0.01,False,BISECT-SZ3,3686400,3686400,,,,,False,0,6,3
mp-1096987,bulk,0.01,False,BISECT-SPERR,3686400,3686400,,,,,False,0,6,3
mp-1097014,bulk,0.0001,True,EXHAUSTIVE,20901888,2200856,ZFP,3e-06,9.497162922063051,9.497162922063051,True,31,37,31
mp-1097014,bulk,0.0001,True,SCAN,20901888,2200856,ZFP,3e-06,9.497162922063051,9.497162922063051,True,28,34,31
mp-1097014,bulk,0.0001,True,BISECT,20901888,2200856,ZFP,3e-06,9.497162922063051,9.497162922063051,True,10,16,31
mp-1097014,bulk,0.0001,True,SCAN-ZFP,20901888,2200856,ZFP,3e-06,9.497162922063051,9.497162922063051,True,8,14,31
mp-1097014,bulk,0.0001,True,SCAN-SZ3,20901888,2499001,SZ3,1e-07,8.364097493358345,9.497162922063051,True,10,16,31
mp-1097014,bulk,0.0001,True,SCAN-SPERR,20901888,4740644,SPERR,1e-07,4.409081972829008,9.497162922063051,True,10,16,31
mp-1097014,bulk,0.0001,True,BISECT-ZFP,20901888,2200856,ZFP,3e-06,9.497162922063051,9.497162922063051,True,4,10,31
mp-1097014,bulk,0.0001,True,BISECT-SZ3,20901888,2499001,SZ3,1e-07,8.364097493358345,9.497162922063051,True,3,9,31
mp-1097014,bulk,0.0001,True,BISECT-SPERR,20901888,4740644,SPERR,1e-07,4.409081972829008,9.497162922063051,True,3,9,31
mp-1097014,bulk,0.001,True,EXHAUSTIVE,20901888,573542,SZ3,1e-05,36.44351764997158,36.44351764997158,True,31,37,31
mp-1097014,bulk,0.001,True,SCAN,20901888,573542,SZ3,1e-05,36.44351764997158,36.44351764997158,True,17,23,31
mp-1097014,bulk,0.001,True,BISECT,20901888,573542,SZ3,1e-05,36.44351764997158,36.44351764997158,True,11,17,31
mp-1097014,bulk,0.001,True,SCAN-ZFP,20901888,807424,ZFP,0.0003,25.88712745719721,36.44351764997158,True,4,10,31
mp-1097014,bulk,0.001,True,SCAN-SZ3,20901888,573542,SZ3,1e-05,36.44351764997158,36.44351764997158,True,6,12,31
mp-1097014,bulk,0.001,True,SCAN-SPERR,20901888,3133988,SPERR,3e-06,6.669421835693053,36.44351764997158,True,7,13,31
mp-1097014,bulk,0.001,True,BISECT-ZFP,20901888,807424,ZFP,0.0003,25.88712745719721,36.44351764997158,True,4,10,31
mp-1097014,bulk,0.001,True,BISECT-SZ3,20901888,573542,SZ3,1e-05,36.44351764997158,36.44351764997158,True,3,9,31
mp-1097014,bulk,0.001,True,BISECT-SPERR,20901888,3133988,SPERR,3e-06,6.669421835693053,36.44351764997158,True,4,10,31
mp-1097014,bulk,0.01,True,EXHAUSTIVE,20901888,197945,SZ3,0.0001,105.59442269317236,105.59442269317236,True,31,37,31
mp-1097014,bulk,0.01,True,SCAN,20901888,197945,SZ3,0.0001,105.59442269317236,105.59442269317236,True,10,16,31
mp-1097014,bulk,0.01,True,BISECT,20901888,197945,SZ3,0.0001,105.59442269317236,105.59442269317236,True,12,18,31
mp-1097014,bulk,0.01,True,SCAN-ZFP,20901888,462392,ZFP,0.003,45.20382705583142,105.59442269317236,True,2,8,31
mp-1097014,bulk,0.01,True,SCAN-SZ3,20901888,197945,SZ3,0.0001,105.59442269317236,105.59442269317236,True,4,10,31
mp-1097014,bulk,0.01,True,SCAN-SPERR,20901888,1601114,SPERR,0.0001,13.054590741196442,105.59442269317236,True,4,10,31
mp-1097014,bulk,0.01,True,BISECT-ZFP,20901888,462392,ZFP,0.003,45.20382705583142,105.59442269317236,True,4,10,31
mp-1097014,bulk,0.01,True,BISECT-SZ3,20901888,197945,SZ3,0.0001,105.59442269317236,105.59442269317236,True,4,10,31
mp-1097014,bulk,0.01,True,BISECT-SPERR,20901888,1601114,SPERR,0.0001,13.054590741196442,105.59442269317236,True,4,10,31
mp-1100976,bulk,0.0001,True,EXHAUSTIVE,9633792,1572208,ZFP,1e-06,6.127555641492728,6.127555641492728,True,33,39,33
mp-1100976,bulk,0.0001,True,SCAN,9633792,1572208,ZFP,1e-06,6.127555641492728,6.127555641492728,True,31,37,33
mp-1100976,bulk,0.0001,True,BISECT,9633792,1572208,ZFP,1e-06,6.127555641492728,6.127555641492728,True,10,16,33
mp-1100976,bulk,0.0001,True,SCAN-ZFP,9633792,1572208,ZFP,1e-06,6.127555641492728,6.127555641492728,True,11,17,33
mp-1100976,bulk,0.0001,True,SCAN-SZ3,9633792,1704143,SZ3,1e-07,5.653159388619383,6.127555641492728,True,10,16,33
mp-1100976,bulk,0.0001,True,SCAN-SPERR,9633792,2514119,SPERR,1e-07,3.831875897680261,6.127555641492728,True,10,16,33
mp-1100976,bulk,0.0001,True,BISECT-ZFP,9633792,1572208,ZFP,1e-06,6.127555641492728,6.127555641492728,True,4,10,33
mp-1100976,bulk,0.0001,True,BISECT-SZ3,9633792,1704143,SZ3,1e-07,5.653159388619383,6.127555641492728,True,3,9,33
mp-1100976,bulk,0.0001,True,BISECT-SPERR,9633792,2514119,SPERR,1e-07,3.831875897680261,6.127555641492728,True,3,9,33
mp-1100976,bulk,0.001,True,EXHAUSTIVE,9633792,709688,ZFP,0.0001,13.574686341040008,13.574686341040008,True,33,39,33
mp-1100976,bulk,0.001,True,SCAN,9633792,709688,ZFP,0.0001,13.574686341040008,13.574686341040008,True,21,27,33
mp-1100976,bulk,0.001,True,BISECT,9633792,709688,ZFP,0.0001,13.574686341040008,13.574686341040008,True,11,17,33
mp-1100976,bulk,0.001,True,SCAN-ZFP,9633792,709688,ZFP,0.0001,13.574686341040008,13.574686341040008,True,7,13,33
mp-1100976,bulk,0.001,True,SCAN-SZ3,9633792,824513,SZ3,3e-06,11.684220867348362,13.574686341040008,True,7,13,33
mp-1100976,bulk,0.001,True,SCAN-SPERR,9633792,1776282,SPERR,3e-06,5.423571257266583,13.574686341040008,True,7,13,33
mp-1100976,bulk,0.001,True,BISECT-ZFP,9633792,709688,ZFP,0.0001,13.574686341040008,13.574686341040008,True,3,9,33
mp-1100976,bulk,0.001,True,BISECT-SZ3,9633792,824513,SZ3,3e-06,11.684220867348362,13.574686341040008,True,4,10,33
mp-1100976,bulk,0.001,True,BISECT-SPERR,9633792,1776282,SPERR,3e-06,5.423571257266583,13.574686341040008,True,4,10,33
mp-1100976,bulk,0.01,True,EXHAUSTIVE,9633792,234445,SZ3,0.0001,41.09190641728337,41.09190641728337,True,33,39,33
mp-1100976,bulk,0.01,True,SCAN,9633792,234445,SZ3,0.0001,41.09190641728337,41.09190641728337,True,12,18,33
mp-1100976,bulk,0.01,True,BISECT,9633792,234445,SZ3,0.0001,41.09190641728337,41.09190641728337,True,12,18,33
mp-1100976,bulk,0.01,True,SCAN-ZFP,9633792,301624,ZFP,0.003,31.93973954327242,41.09190641728337,True,4,10,33
mp-1100976,bulk,0.01,True,SCAN-SZ3,9633792,234445,SZ3,0.0001,41.09190641728337,41.09190641728337,True,4,10,33
mp-1100976,bulk,0.01,True,SCAN-SPERR,9633792,1014559,SPERR,0.0001,9.495546340823944,41.09190641728337,True,4,10,33
mp-1100976,bulk,0.01,True,BISECT-ZFP,9633792,301624,ZFP,0.003,31.93973954327242,41.09190641728337,True,4,10,33
mp-1100976,bulk,0.01,True,BISECT-SZ3,9633792,234445,SZ3,0.0001,41.09190641728337,41.09190641728337,True,4,10,33
mp-1100976,bulk,0.01,True,BISECT-SPERR,9633792,1014559,SPERR,0.0001,9.495546340823944,41.09190641728337,True,4,10,33
mp-1103974,bulk,0.0001,False,EXHAUSTIVE,8000000,8000000,,,,,False,0,6,35
mp-1103974,bulk,0.0001,False,SCAN,8000000,8000000,,,,,False,0,6,35
mp-1103974,bulk,0.0001,False,BISECT,8000000,8000000,,,,,False,0,6,35
mp-1103974,bulk,0.0001,False,SCAN-ZFP,8000000,8000000,,,,,False,0,6,35
mp-1103974,bulk,0.0001,False,SCAN-SZ3,8000000,8000000,,,,,False,0,6,35
mp-1103974,bulk,0.0001,False,SCAN-SPERR,8000000,8000000,,,,,False,0,6,35
mp-1103974,bulk,0.0001,False,BISECT-ZFP,8000000,8000000,,,,,False,0,6,35
mp-1103974,bulk,0.0001,False,BISECT-SZ3,8000000,8000000,,,,,False,0,6,35
mp-1103974,bulk,0.0001,False,BISECT-SPERR,8000000,8000000,,,,,False,0,6,35
mp-1103974,bulk,0.001,True,EXHAUSTIVE,8000000,410819,SPERR,3e-06,19.473296025743696,19.473296025743696,True,35,41,35
mp-1103974,bulk,0.001,True,SCAN,8000000,410819,SPERR,3e-06,19.473296025743696,19.473296025743696,True,22,28,35
mp-1103974,bulk,0.001,True,BISECT,8000000,707604,SPERR,3e-07,11.305758588136868,19.473296025743696,True,11,17,35
mp-1103974,bulk,0.001,True,SCAN-ZFP,8000000,438544,ZFP,0.0003,18.242183224488308,19.473296025743696,True,6,12,35
mp-1103974,bulk,0.001,True,SCAN-SZ3,8000000,664326,SZ3,3e-06,12.04228044664818,19.473296025743696,True,7,13,35
mp-1103974,bulk,0.001,True,SCAN-SPERR,8000000,410819,SPERR,3e-06,19.473296025743696,19.473296025743696,True,9,15,35
mp-1103974,bulk,0.001,True,BISECT-ZFP,8000000,778240,ZFP,3e-05,10.279605263157896,19.473296025743696,True,4,10,35
mp-1103974,bulk,0.001,True,BISECT-SZ3,8000000,1160285,SZ3,3e-07,6.89485772892005,19.473296025743696,True,3,9,35
mp-1103974,bulk,0.001,True,BISECT-SPERR,8000000,707604,SPERR,3e-07,11.305758588136868,19.473296025743696,True,4,10,35
mp-1103974,bulk,0.01,True,EXHAUSTIVE,8000000,36745,SPERR,0.001,217.716696149136,217.716696149136,True,35,41,35
mp-1103974,bulk,0.01,True,SCAN,8000000,36745,SPERR,0.001,217.716696149136,217.716696149136,True,11,17,35
mp-1103974,bulk,0.01,True,BISECT,8000000,36745,SPERR,0.001,217.716696149136,217.716696149136,True,11,17,35
mp-1103974,bulk,0.01,True,SCAN-ZFP,8000000,257464,ZFP,0.003,31.072305254326817,217.716696149136,True,4,10,35
mp-1103974,bulk,0.01,True,SCAN-SZ3,8000000,94095,SZ3,0.0003,85.02045804771774,217.716696149136,True,3,9,35
mp-1103974,bulk,0.01,True,SCAN-SPERR,8000000,36745,SPERR,0.001,217.716696149136,217.716696149136,True,4,10,35
mp-1103974,bulk,0.01,True,BISECT-ZFP,8000000,257464,ZFP,0.003,31.072305254326817,217.716696149136,True,4,10,35
mp-1103974,bulk,0.01,True,BISECT-SZ3,8000000,94095,SZ3,0.0003,85.02045804771774,217.716696149136,True,3,9,35
mp-1103974,bulk,0.01,True,BISECT-SPERR,8000000,36745,SPERR,0.001,217.716696149136,217.716696149136,True,4,10,35
mp-1104614,bulk,0.0001,False,EXHAUSTIVE,9216000,9216000,,,,,False,0,6,32
mp-1104614,bulk,0.0001,False,SCAN,9216000,9216000,,,,,False,0,6,32
mp-1104614,bulk,0.0001,False,BISECT,9216000,9216000,,,,,False,0,6,32
mp-1104614,bulk,0.0001,False,SCAN-ZFP,9216000,9216000,,,,,False,0,6,32
mp-1104614,bulk,0.0001,False,SCAN-SZ3,9216000,9216000,,,,,False,0,6,32
mp-1104614,bulk,0.0001,False,SCAN-SPERR,9216000,9216000,,,,,False,0,6,32
mp-1104614,bulk,0.0001,False,BISECT-ZFP,9216000,9216000,,,,,False,0,6,32
mp-1104614,bulk,0.0001,False,BISECT-SZ3,9216000,9216000,,,,,False,0,6,32
mp-1104614,bulk,0.0001,False,BISECT-SPERR,9216000,9216000,,,,,False,0,6,32
mp-1104614,bulk,0.001,True,EXHAUSTIVE,9216000,542087,SZ3,3e-06,17.000961100339982,17.000961100339982,True,32,38,32
mp-1104614,bulk,0.001,True,SCAN,9216000,542087,SZ3,3e-06,17.000961100339982,17.000961100339982,True,21,27,32
mp-1104614,bulk,0.001,True,BISECT,9216000,542087,SZ3,3e-06,17.000961100339982,17.000961100339982,True,11,17,32
mp-1104614,bulk,0.001,True,SCAN-ZFP,9216000,679544,ZFP,3e-05,13.562035718069763,17.000961100339982,True,7,13,32
mp-1104614,bulk,0.001,True,SCAN-SZ3,9216000,542087,SZ3,3e-06,17.000961100339982,17.000961100339982,True,7,13,32
mp-1104614,bulk,0.001,True,SCAN-SPERR,9216000,1520978,SPERR,3e-06,6.0592592397786165,17.000961100339982,True,7,13,32
mp-1104614,bulk,0.001,True,BISECT-ZFP,9216000,679544,ZFP,3e-05,13.562035718069763,17.000961100339982,True,3,9,32
mp-1104614,bulk,0.001,True,BISECT-SZ3,9216000,542087,SZ3,3e-06,17.000961100339982,17.000961100339982,True,4,10,32
mp-1104614,bulk,0.001,True,BISECT-SPERR,9216000,1520978,SPERR,3e-06,6.0592592397786165,17.000961100339982,True,4,10,32
mp-1104614,bulk,0.01,True,EXHAUSTIVE,9216000,123540,SZ3,0.0001,74.59932005828072,74.59932005828072,True,32,38,32
mp-1104614,bulk,0.01,True,SCAN,9216000,123540,SZ3,0.0001,74.59932005828072,74.59932005828072,True,12,18,32
mp-1104614,bulk,0.01,True,BISECT,9216000,123540,SZ3,0.0001,74.59932005828072,74.59932005828072,True,12,18,32
mp-1104614,bulk,0.01,True,SCAN-ZFP,9216000,202056,ZFP,0.003,45.6111177099418,74.59932005828072,True,3,9,32
mp-1104614,bulk,0.01,True,SCAN-SZ3,9216000,123540,SZ3,0.0001,74.59932005828072,74.59932005828072,True,4,10,32
mp-1104614,bulk,0.01,True,SCAN-SPERR,9216000,1042398,SPERR,3e-05,8.84115280343976,74.59932005828072,True,5,11,32
mp-1104614,bulk,0.01,True,BISECT-ZFP,9216000,202056,ZFP,0.003,45.6111177099418,74.59932005828072,True,4,10,32
mp-1104614,bulk,0.01,True,BISECT-SZ3,9216000,123540,SZ3,0.0001,74.59932005828072,74.59932005828072,True,4,10,32
mp-1104614,bulk,0.01,True,BISECT-SPERR,9216000,1042398,SPERR,3e-05,8.84115280343976,74.59932005828072,True,4,10,32
mp-1105871,bulk,0.0001,False,EXHAUSTIVE,15052800,15052800,,,,,False,0,6,16
mp-1105871,bulk,0.0001,False,SCAN,15052800,15052800,,,,,False,0,6,16
mp-1105871,bulk,0.0001,False,BISECT,15052800,15052800,,,,,False,0,6,16
mp-1105871,bulk,0.0001,False,SCAN-ZFP,15052800,15052800,,,,,False,0,6,16
mp-1105871,bulk,0.0001,False,SCAN-SZ3,15052800,15052800,,,,,False,0,6,16
mp-1105871,bulk,0.0001,False,SCAN-SPERR,15052800,15052800,,,,,False,0,6,16
mp-1105871,bulk,0.0001,False,BISECT-ZFP,15052800,15052800,,,,,False,0,6,16
mp-1105871,bulk,0.0001,False,BISECT-SZ3,15052800,15052800,,,,,False,0,6,16
mp-1105871,bulk,0.0001,False,BISECT-SPERR,15052800,15052800,,,,,False,0,6,16
mp-1105871,bulk,0.001,False,EXHAUSTIVE,15052800,15052800,,,,,False,0,6,16
mp-1105871,bulk,0.001,False,SCAN,15052800,15052800,,,,,False,0,6,16
mp-1105871,bulk,0.001,False,BISECT,15052800,15052800,,,,,False,0,6,16
mp-1105871,bulk,0.001,False,SCAN-ZFP,15052800,15052800,,,,,False,0,6,16
mp-1105871,bulk,0.001,False,SCAN-SZ3,15052800,15052800,,,,,False,0,6,16
mp-1105871,bulk,0.001,False,SCAN-SPERR,15052800,15052800,,,,,False,0,6,16
mp-1105871,bulk,0.001,False,BISECT-ZFP,15052800,15052800,,,,,False,0,6,16
mp-1105871,bulk,0.001,False,BISECT-SZ3,15052800,15052800,,,,,False,0,6,16
mp-1105871,bulk,0.001,False,BISECT-SPERR,15052800,15052800,,,,,False,0,6,16
mp-1105871,bulk,0.01,True,EXHAUSTIVE,15052800,641229,SZ3,1e-05,23.47492081612029,23.47492081612029,True,16,22,16
mp-1105871,bulk,0.01,True,SCAN,15052800,641229,SZ3,1e-05,23.47492081612029,23.47492081612029,True,13,19,16
mp-1105871,bulk,0.01,True,BISECT,15052800,641229,SZ3,1e-05,23.47492081612029,23.47492081612029,True,8,14,16
mp-1105871,bulk,0.01,True,SCAN-ZFP,15052800,679128,ZFP,0.0003,22.164893804997,23.47492081612029,True,4,10,16
mp-1105871,bulk,0.01,True,SCAN-SZ3,15052800,641229,SZ3,1e-05,23.47492081612029,23.47492081612029,True,4,10,16
mp-1105871,bulk,0.01,True,SCAN-SPERR,15052800,2168062,SPERR,1e-05,6.942974878024706,23.47492081612029,True,5,11,16
mp-1105871,bulk,0.01,True,BISECT-ZFP,15052800,679128,ZFP,0.0003,22.164893804997,23.47492081612029,True,3,9,16
mp-1105871,bulk,0.01,True,BISECT-SZ3,15052800,641229,SZ3,1e-05,23.47492081612029,23.47492081612029,True,2,8,16
mp-1105871,bulk,0.01,True,BISECT-SPERR,15052800,2168062,SPERR,1e-05,6.942974878024706,23.47492081612029,True,3,9,16
mp-1111338,bulk,0.0001,False,EXHAUSTIVE,7077888,7077888,,,,,False,0,6,22
mp-1111338,bulk,0.0001,False,SCAN,7077888,7077888,,,,,False,0,6,22
mp-1111338,bulk,0.0001,False,BISECT,7077888,7077888,,,,,False,0,6,22
mp-1111338,bulk,0.0001,False,SCAN-ZFP,7077888,7077888,,,,,False,0,6,22
mp-1111338,bulk,0.0001,False,SCAN-SZ3,7077888,7077888,,,,,False,0,6,22
mp-1111338,bulk,0.0001,False,SCAN-SPERR,7077888,7077888,,,,,False,0,6,22
mp-1111338,bulk,0.0001,False,BISECT-ZFP,7077888,7077888,,,,,False,0,6,22
mp-1111338,bulk,0.0001,False,BISECT-SZ3,7077888,7077888,,,,,False,0,6,22
mp-1111338,bulk,0.0001,False,BISECT-SPERR,7077888,7077888,,,,,False,0,6,22
mp-1111338,bulk,0.001,False,EXHAUSTIVE,7077888,7077888,,,,,False,0,6,22
mp-1111338,bulk,0.001,False,SCAN,7077888,7077888,,,,,False,0,6,22
mp-1111338,bulk,0.001,False,BISECT,7077888,7077888,,,,,False,0,6,22
mp-1111338,bulk,0.001,False,SCAN-ZFP,7077888,7077888,,,,,False,0,6,22
mp-1111338,bulk,0.001,False,SCAN-SZ3,7077888,7077888,,,,,False,0,6,22
mp-1111338,bulk,0.001,False,SCAN-SPERR,7077888,7077888,,,,,False,0,6,22
mp-1111338,bulk,0.001,False,BISECT-ZFP,7077888,7077888,,,,,False,0,6,22
mp-1111338,bulk,0.001,False,BISECT-SZ3,7077888,7077888,,,,,False,0,6,22
mp-1111338,bulk,0.001,False,BISECT-SPERR,7077888,7077888,,,,,False,0,6,22
mp-1111338,bulk,0.01,True,EXHAUSTIVE,7077888,68536,SPERR,0.0003,103.27255748803547,103.27255748803547,True,22,28,22
mp-1111338,bulk,0.01,True,SCAN,7077888,68536,SPERR,0.0003,103.27255748803547,103.27255748803547,True,10,16,22
mp-1111338,bulk,0.01,True,BISECT,7077888,68536,SPERR,0.0003,103.27255748803547,103.27255748803547,True,9,15,22
mp-1111338,bulk,0.01,True,SCAN-ZFP,7077888,126424,ZFP,0.01,55.98531924318167,103.27255748803547,True,2,8,22
mp-1111338,bulk,0.01,True,SCAN-SZ3,7077888,80393,SZ3,0.0003,88.04109810555646,103.27255748803547,True,3,9,22
mp-1111338,bulk,0.01,True,SCAN-SPERR,7077888,68536,SPERR,0.0003,103.27255748803547,103.27255748803547,True,5,11,22
mp-1111338,bulk,0.01,True,BISECT-ZFP,7077888,284176,ZFP,0.001,24.906705703507686,103.27255748803547,True,3,9,22
mp-1111338,bulk,0.01,True,BISECT-SZ3,7077888,80393,SZ3,0.0003,88.04109810555646,103.27255748803547,True,3,9,22
mp-1111338,bulk,0.01,True,BISECT-SPERR,7077888,68536,SPERR,0.0003,103.27255748803547,103.27255748803547,True,3,9,22
mp-1112138,bulk,0.0001,False,EXHAUSTIVE,13824000,13824000,,,,,False,0,6,19
mp-1112138,bulk,0.0001,False,SCAN,13824000,13824000,,,,,False,0,6,19
mp-1112138,bulk,0.0001,False,BISECT,13824000,13824000,,,,,False,0,6,19
mp-1112138,bulk,0.0001,False,SCAN-ZFP,13824000,13824000,,,,,False,0,6,19
mp-1112138,bulk,0.0001,False,SCAN-SZ3,13824000,13824000,,,,,False,0,6,19
mp-1112138,bulk,0.0001,False,SCAN-SPERR,13824000,13824000,,,,,False,0,6,19
mp-1112138,bulk,0.0001,False,BISECT-ZFP,13824000,13824000,,,,,False,0,6,19
mp-1112138,bulk,0.0001,False,BISECT-SZ3,13824000,13824000,,,,,False,0,6,19
mp-1112138,bulk,0.0001,False,BISECT-SPERR,13824000,13824000,,,,,False,0,6,19
mp-1112138,bulk,0.001,False,EXHAUSTIVE,13824000,13824000,,,,,False,0,6,19
mp-1112138,bulk,0.001,False,SCAN,13824000,13824000,,,,,False,0,6,19
mp-1112138,bulk,0.001,False,BISECT,13824000,13824000,,,,,False,0,6,19
mp-1112138,bulk,0.001,False,SCAN-ZFP,13824000,13824000,,,,,False,0,6,19
mp-1112138,bulk,0.001,False,SCAN-SZ3,13824000,13824000,,,,,False,0,6,19
mp-1112138,bulk,0.001,False,SCAN-SPERR,13824000,13824000,,,,,False,0,6,19
mp-1112138,bulk,0.001,False,BISECT-ZFP,13824000,13824000,,,,,False,0,6,19
mp-1112138,bulk,0.001,False,BISECT-SZ3,13824000,13824000,,,,,False,0,6,19
mp-1112138,bulk,0.001,False,BISECT-SPERR,13824000,13824000,,,,,False,0,6,19
mp-1112138,bulk,0.01,True,EXHAUSTIVE,13824000,67232,SPERR,0.0003,205.61637315564016,205.61637315564016,True,19,25,19
mp-1112138,bulk,0.01,True,SCAN,13824000,67232,SPERR,0.0003,205.61637315564016,205.61637315564016,True,8,14,19
mp-1112138,bulk,0.01,True,BISECT,13824000,184070,SPERR,3e-05,75.10186342152441,205.61637315564016,True,9,15,19
mp-1112138,bulk,0.01,True,SCAN-ZFP,13824000,312904,ZFP,0.003,44.17968450387339,205.61637315564016,True,2,8,19
mp-1112138,bulk,0.01,True,SCAN-SZ3,13824000,68910,SZ3,0.0003,200.6094906399652,205.61637315564016,True,3,9,19
mp-1112138,bulk,0.01,True,SCAN-SPERR,13824000,67232,SPERR,0.0003,205.61637315564016,205.61637315564016,True,3,9,19
mp-1112138,bulk,0.01,True,BISECT-ZFP,13824000,312904,ZFP,0.003,44.17968450387339,205.61637315564016,True,3,9,19
mp-1112138,bulk,0.01,True,BISECT-SZ3,13824000,244499,SZ3,3e-05,56.54010854850122,205.61637315564016,True,3,9,19
mp-1112138,bulk,0.01,True,BISECT-SPERR,13824000,184070,SPERR,3e-05,75.10186342152441,205.61637315564016,True,3,9,19
mp-1114492,bulk,0.0001,False,EXHAUSTIVE,21952000,21952000,,,,,False,0,6,22
mp-1114492,bulk,0.0001,False,SCAN,21952000,21952000,,,,,False,0,6,22
mp-1114492,bulk,0.0001,False,BISECT,21952000,21952000,,,,,False,0,6,22
mp-1114492,bulk,0.0001,False,SCAN-ZFP,21952000,21952000,,,,,False,0,6,22
mp-1114492,bulk,0.0001,False,SCAN-SZ3,21952000,21952000,,,,,False,0,6,22
mp-1114492,bulk,0.0001,False,SCAN-SPERR,21952000,21952000,,,,,False,0,6,22
mp-1114492,bulk,0.0001,False,BISECT-ZFP,21952000,21952000,,,,,False,0,6,22
mp-1114492,bulk,0.0001,False,BISECT-SZ3,21952000,21952000,,,,,False,0,6,22
mp-1114492,bulk,0.0001,False,BISECT-SPERR,21952000,21952000,,,,,False,0,6,22
mp-1114492,bulk,0.001,False,EXHAUSTIVE,21952000,21952000,,,,,False,0,6,22
mp-1114492,bulk,0.001,False,SCAN,21952000,21952000,,,,,False,0,6,22
mp-1114492,bulk,0.001,False,BISECT,21952000,21952000,,,,,False,0,6,22
mp-1114492,bulk,0.001,False,SCAN-ZFP,21952000,21952000,,,,,False,0,6,22
mp-1114492,bulk,0.001,False,SCAN-SZ3,21952000,21952000,,,,,False,0,6,22
mp-1114492,bulk,0.001,False,SCAN-SPERR,21952000,21952000,,,,,False,0,6,22
mp-1114492,bulk,0.001,False,BISECT-ZFP,21952000,21952000,,,,,False,0,6,22
mp-1114492,bulk,0.001,False,BISECT-SZ3,21952000,21952000,,,,,False,0,6,22
mp-1114492,bulk,0.001,False,BISECT-SPERR,21952000,21952000,,,,,False,0,6,22
mp-1114492,bulk,0.01,True,EXHAUSTIVE,21952000,64095,SPERR,0.001,342.49161401045325,342.49161401045325,True,22,28,22
mp-1114492,bulk,0.01,True,SCAN,21952000,64095,SPERR,0.001,342.49161401045325,342.49161401045325,True,12,18,22
mp-1114492,bulk,0.01,True,BISECT,21952000,64095,SPERR,0.001,342.49161401045325,342.49161401045325,True,9,15,22
mp-1114492,bulk,0.01,True,SCAN-ZFP,21952000,764456,ZFP,0.001,28.715844993040804,342.49161401045325,True,4,10,22
mp-1114492,bulk,0.01,True,SCAN-SZ3,21952000,243799,SZ3,0.0001,90.04138655203671,342.49161401045325,True,5,11,22
mp-1114492,bulk,0.01,True,SCAN-SPERR,21952000,64095,SPERR,0.001,342.49161401045325,342.49161401045325,True,3,9,22
mp-1114492,bulk,0.01,True,BISECT-ZFP,21952000,764456,ZFP,0.001,28.715844993040804,342.49161401045325,True,3,9,22
mp-1114492,bulk,0.01,True,BISECT-SZ3,21952000,243799,SZ3,0.0001,90.04138655203671,342.49161401045325,True,3,9,22
mp-1114492,bulk,0.01,True,BISECT-SPERR,21952000,64095,SPERR,0.001,342.49161401045325,342.49161401045325,True,3,9,22
mp-11306,bulk,0.0001,False,EXHAUSTIVE,5308416,5308416,,,,,False,0,6,20
mp-11306,bulk,0.0001,False,SCAN,5308416,5308416,,,,,False,0,6,20
mp-11306,bulk,0.0001,False,BISECT,5308416,5308416,,,,,False,0,6,20
mp-11306,bulk,0.0001,False,SCAN-ZFP,5308416,5308416,,,,,False,0,6,20
mp-11306,bulk,0.0001,False,SCAN-SZ3,5308416,5308416,,,,,False,0,6,20
mp-11306,bulk,0.0001,False,SCAN-SPERR,5308416,5308416,,,,,False,0,6,20
mp-11306,bulk,0.0001,False,BISECT-ZFP,5308416,5308416,,,,,False,0,6,20
mp-11306,bulk,0.0001,False,BISECT-SZ3,5308416,5308416,,,,,False,0,6,20
mp-11306,bulk,0.0001,False,BISECT-SPERR,5308416,5308416,,,,,False,0,6,20
mp-11306,bulk,0.001,False,EXHAUSTIVE,5308416,5308416,,,,,False,0,6,20
mp-11306,bulk,0.001,False,SCAN,5308416,5308416,,,,,False,0,6,20
mp-11306,bulk,0.001,False,BISECT,5308416,5308416,,,,,False,0,6,20
mp-11306,bulk,0.001,False,SCAN-ZFP,5308416,5308416,,,,,False,0,6,20
mp-11306,bulk,0.001,False,SCAN-SZ3,5308416,5308416,,,,,False,0,6,20
mp-11306,bulk,0.001,False,SCAN-SPERR,5308416,5308416,,,,,False,0,6,20
mp-11306,bulk,0.001,False,BISECT-ZFP,5308416,5308416,,,,,False,0,6,20
mp-11306,bulk,0.001,False,BISECT-SZ3,5308416,5308416,,,,,False,0,6,20
mp-11306,bulk,0.001,False,BISECT-SPERR,5308416,5308416,,,,,False,0,6,20
mp-11306,bulk,0.01,True,EXHAUSTIVE,5308416,95335,SZ3,0.0001,55.6817118581843,55.6817118581843,True,20,26,20
mp-11306,bulk,0.01,True,SCAN,5308416,95335,SZ3,0.0001,55.6817118581843,55.6817118581843,True,11,17,20
mp-11306,bulk,0.01,True,BISECT,5308416,95335,SZ3,0.0001,55.6817118581843,55.6817118581843,True,9,15,20
mp-11306,bulk,0.01,True,SCAN-ZFP,5308416,151768,ZFP,0.003,34.977175689209844,55.6817118581843,True,3,9,20
mp-11306,bulk,0.01,True,SCAN-SZ3,5308416,95335,SZ3,0.0001,55.6817118581843,55.6817118581843,True,4,10,20
mp-11306,bulk,0.01,True,SCAN-SPERR,5308416,551057,SPERR,0.0001,9.633152287331438,55.6817118581843,True,4,10,20
mp-11306,bulk,0.01,True,BISECT-ZFP,5308416,151768,ZFP,0.003,34.977175689209844,55.6817118581843,True,3,9,20
mp-11306,bulk,0.01,True,BISECT-SZ3,5308416,95335,SZ3,0.0001,55.6817118581843,55.6817118581843,True,3,9,20
mp-11306,bulk,0.01,True,BISECT-SPERR,5308416,551057,SPERR,0.0001,9.633152287331438,55.6817118581843,True,3,9,20
mp-11419,bulk,0.0001,False,EXHAUSTIVE,2985984,2985984,,,,,False,0,6,15
mp-11419,bulk,0.0001,False,SCAN,2985984,2985984,,,,,False,0,6,15
mp-11419,bulk,0.0001,False,BISECT,2985984,2985984,,,,,False,0,6,15
mp-11419,bulk,0.0001,False,SCAN-ZFP,2985984,2985984,,,,,False,0,6,15
mp-11419,bulk,0.0001,False,SCAN-SZ3,2985984,2985984,,,,,False,0,6,15
mp-11419,bulk,0.0001,False,SCAN-SPERR,2985984,2985984,,,,,False,0,6,15
mp-11419,bulk,0.0001,False,BISECT-ZFP,2985984,2985984,,,,,False,0,6,15
mp-11419,bulk,0.0001,False,BISECT-SZ3,2985984,2985984,,,,,False,0,6,15
mp-11419,bulk,0.0001,False,BISECT-SPERR,2985984,2985984,,,,,False,0,6,15
mp-11419,bulk,0.001,False,EXHAUSTIVE,2985984,2985984,,,,,False,0,6,15
mp-11419,bulk,0.001,False,SCAN,2985984,2985984,,,,,False,0,6,15
mp-11419,bulk,0.001,False,BISECT,2985984,2985984,,,,,False,0,6,15
mp-11419,bulk,0.001,False,SCAN-ZFP,2985984,2985984,,,,,False,0,6,15
mp-11419,bulk,0.001,False,SCAN-SZ3,2985984,2985984,,,,,False,0,6,15
mp-11419,bulk,0.001,False,SCAN-SPERR,2985984,2985984,,,,,False,0,6,15
mp-11419,bulk,0.001,False,BISECT-ZFP,2985984,2985984,,,,,False,0,6,15
mp-11419,bulk,0.001,False,BISECT-SZ3,2985984,2985984,,,,,False,0,6,15
mp-11419,bulk,0.001,False,BISECT-SPERR,2985984,2985984,,,,,False,0,6,15
mp-11419,bulk,0.01,False,EXHAUSTIVE,2985984,2985984,,,,,False,0,6,15
mp-11419,bulk,0.01,False,SCAN,2985984,2985984,,,,,False,0,6,15
mp-11419,bulk,0.01,False,BISECT,2985984,2985984,,,,,False,0,6,15
mp-11419,bulk,0.01,False,SCAN-ZFP,2985984,2985984,,,,,False,0,6,15
mp-11419,bulk,0.01,False,SCAN-SZ3,2985984,2985984,,,,,False,0,6,15
mp-11419,bulk,0.01,False,SCAN-SPERR,2985984,2985984,,,,,False,0,6,15
mp-11419,bulk,0.01,False,BISECT-ZFP,2985984,2985984,,,,,False,0,6,15
mp-11419,bulk,0.01,False,BISECT-SZ3,2985984,2985984,,,,,False,0,6,15
mp-11419,bulk,0.01,False,BISECT-SPERR,2985984,2985984,,,,,False,0,6,15
mp-1173587,bulk,0.0001,False,EXHAUSTIVE,20971520,20971520,,,,,False,0,6,20
mp-1173587,bulk,0.0001,False,SCAN,20971520,20971520,,,,,False,0,6,20
mp-1173587,bulk,0.0001,False,BISECT,20971520,20971520,,,,,False,0,6,20
mp-1173587,bulk,0.0001,False,SCAN-ZFP,20971520,20971520,,,,,False,0,6,20
mp-1173587,bulk,0.0001,False,SCAN-SZ3,20971520,20971520,,,,,False,0,6,20
mp-1173587,bulk,0.0001,False,SCAN-SPERR,20971520,20971520,,,,,False,0,6,20
mp-1173587,bulk,0.0001,False,BISECT-ZFP,20971520,20971520,,,,,False,0,6,20
mp-1173587,bulk,0.0001,False,BISECT-SZ3,20971520,20971520,,,,,False,0,6,20
mp-1173587,bulk,0.0001,False,BISECT-SPERR,20971520,20971520,,,,,False,0,6,20
mp-1173587,bulk,0.001,False,EXHAUSTIVE,20971520,20971520,,,,,False,0,6,20
mp-1173587,bulk,0.001,False,SCAN,20971520,20971520,,,,,False,0,6,20
mp-1173587,bulk,0.001,False,BISECT,20971520,20971520,,,,,False,0,6,20
mp-1173587,bulk,0.001,False,SCAN-ZFP,20971520,20971520,,,,,False,0,6,20
mp-1173587,bulk,0.001,False,SCAN-SZ3,20971520,20971520,,,,,False,0,6,20
mp-1173587,bulk,0.001,False,SCAN-SPERR,20971520,20971520,,,,,False,0,6,20
mp-1173587,bulk,0.001,False,BISECT-ZFP,20971520,20971520,,,,,False,0,6,20
mp-1173587,bulk,0.001,False,BISECT-SZ3,20971520,20971520,,,,,False,0,6,20
mp-1173587,bulk,0.001,False,BISECT-SPERR,20971520,20971520,,,,,False,0,6,20
mp-1173587,bulk,0.01,True,EXHAUSTIVE,20971520,294578,SZ3,0.0001,71.19173869060147,71.19173869060147,True,20,26,20
mp-1173587,bulk,0.01,True,SCAN,20971520,294578,SZ3,0.0001,71.19173869060147,71.19173869060147,True,13,19,20
mp-1173587,bulk,0.01,True,BISECT,20971520,294578,SZ3,0.0001,71.19173869060147,71.19173869060147,True,9,15,20
mp-1173587,bulk,0.01,True,SCAN-ZFP,20971520,702672,ZFP,0.001,29.845390167816564,71.19173869060147,True,4,10,20
mp-1173587,bulk,0.01,True,SCAN-SZ3,20971520,294578,SZ3,0.0001,71.19173869060147,71.19173869060147,True,4,10,20
mp-1173587,bulk,0.01,True,SCAN-SPERR,20971520,2508302,SPERR,3e-05,8.360843311531067,71.19173869060147,True,5,11,20
mp-1173587,bulk,0.01,True,BISECT-ZFP,20971520,702672,ZFP,0.001,29.845390167816564,71.19173869060147,True,3,9,20
mp-1173587,bulk,0.01,True,BISECT-SZ3,20971520,294578,SZ3,0.0001,71.19173869060147,71.19173869060147,True,3,9,20
mp-1173587,bulk,0.01,True,BISECT-SPERR,20971520,2508302,SPERR,3e-05,8.360843311531067,71.19173869060147,True,3,9,20
mp-1174037,bulk,0.0001,True,EXHAUSTIVE,4300800,741448,ZFP,3e-06,5.800541642839417,5.800541642839417,True,35,41,35
mp-1174037,bulk,0.0001,True,SCAN,4300800,741448,ZFP,3e-06,5.800541642839417,5.800541642839417,True,31,37,35
mp-1174037,bulk,0.0001,True,BISECT,4300800,741448,ZFP,3e-06,5.800541642839417,5.800541642839417,True,12,18,35
mp-1174037,bulk,0.0001,True,SCAN-ZFP,4300800,741448,ZFP,3e-06,5.800541642839417,5.800541642839417,True,10,16,35
mp-1174037,bulk,0.0001,True,SCAN-SZ3,4300800,1029738,SZ3,1e-07,4.176596376942484,5.800541642839417,True,11,17,35
mp-1174037,bulk,0.0001,True,SCAN-SPERR,4300800,1032015,SPERR,3e-07,4.167381288062674,5.800541642839417,True,10,16,35
mp-1174037,bulk,0.0001,True,BISECT-ZFP,4300800,741448,ZFP,3e-06,5.800541642839417,5.800541642839417,True,4,10,35
mp-1174037,bulk,0.0001,True,BISECT-SZ3,4300800,1029738,SZ3,1e-07,4.176596376942484,5.800541642839417,True,4,10,35
mp-1174037,bulk,0.0001,True,BISECT-SPERR,4300800,1032015,SPERR,3e-07,4.167381288062674,5.800541642839417,True,4,10,35
mp-1174037,bulk,0.001,True,EXHAUSTIVE,4300800,304216,ZFP,0.0003,14.137323480684776,14.137323480684776,True,35,41,35
mp-1174037,bulk,0.001,True,SCAN,4300800,304216,ZFP,0.0003,14.137323480684776,14.137323480684776,True,20,26,35
mp-1174037,bulk,0.001,True,BISECT,4300800,304216,ZFP,0.0003,14.137323480684776,14.137323480684776,True,12,18,35
mp-1174037,bulk,0.001,True,SCAN-ZFP,4300800,304216,ZFP,0.0003,14.137323480684776,14.137323480684776,True,6,12,35
mp-1174037,bulk,0.001,True,SCAN-SZ3,4300800,349130,SZ3,1e-05,12.31862057113396,14.137323480684776,True,7,13,35
mp-1174037,bulk,0.001,True,SCAN-SPERR,4300800,691290,SPERR,1e-05,6.221412142516165,14.137323480684776,True,7,13,35
mp-1174037,bulk,0.001,True,BISECT-ZFP,4300800,304216,ZFP,0.0003,14.137323480684776,14.137323480684776,True,4,10,35
mp-1174037,bulk,0.001,True,BISECT-SZ3,4300800,349130,SZ3,1e-05,12.31862057113396,14.137323480684776,True,4,10,35
mp-1174037,bulk,0.001,True,BISECT-SPERR,4300800,691290,SPERR,1e-05,6.221412142516165,14.137323480684776,True,4,10,35
mp-1174037,bulk,0.01,True,EXHAUSTIVE,4300800,88337,SZ3,0.0003,48.686280946828624,48.686280946828624,True,35,41,35
mp-1174037,bulk,0.01,True,SCAN,4300800,88337,SZ3,0.0003,48.686280946828624,48.686280946828624,True,13,19,35
mp-1174037,bulk,0.01,True,BISECT,4300800,88337,SZ3,0.0003,48.686280946828624,48.686280946828624,True,12,18,35
mp-1174037,bulk,0.01,True,SCAN-ZFP,4300800,180072,ZFP,0.003,23.88377982140477,48.686280946828624,True,4,10,35
mp-1174037,bulk,0.01,True,SCAN-SZ3,4300800,88337,SZ3,0.0003,48.686280946828624,48.686280946828624,True,4,10,35
mp-1174037,bulk,0.01,True,SCAN-SPERR,4300800,467139,SPERR,0.0001,9.206681523058448,48.686280946828624,True,5,11,35
mp-1174037,bulk,0.01,True,BISECT-ZFP,4300800,180072,ZFP,0.003,23.88377982140477,48.686280946828624,True,4,10,35
mp-1174037,bulk,0.01,True,BISECT-SZ3,4300800,88337,SZ3,0.0003,48.686280946828624,48.686280946828624,True,4,10,35
mp-1174037,bulk,0.01,True,BISECT-SPERR,4300800,467139,SPERR,0.0001,9.206681523058448,48.686280946828624,True,4,10,35
mp-1175088,bulk,0.0001,True,EXHAUSTIVE,6635520,1128032,ZFP,1e-06,5.882386315281836,5.882386315281836,True,34,40,34
mp-1175088,bulk,0.0001,True,SCAN,6635520,1128032,ZFP,1e-06,5.882386315281836,5.882386315281836,True,31,37,34
mp-1175088,bulk,0.0001,True,BISECT,6635520,1128032,ZFP,1e-06,5.882386315281836,5.882386315281836,True,11,17,34
mp-1175088,bulk,0.0001,True,SCAN-ZFP,6635520,1128032,ZFP,1e-06,5.882386315281836,5.882386315281836,True,11,17,34
mp-1175088,bulk,0.0001,True,SCAN-SZ3,6635520,1387043,SZ3,1e-07,4.783932437566824,5.882386315281836,True,10,16,34
mp-1175088,bulk,0.0001,True,SCAN-SPERR,6635520,1526864,SPERR,3e-07,4.345848746188266,5.882386315281836,True,10,16,34
mp-1175088,bulk,0.0001,True,BISECT-ZFP,6635520,1128032,ZFP,1e-06,5.882386315281836,5.882386315281836,True,4,10,34
mp-1175088,bulk,0.0001,True,BISECT-SZ3,6635520,1387043,SZ3,1e-07,4.783932437566824,5.882386315281836,True,3,9,34
mp-1175088,bulk,0.0001,True,BISECT-SPERR,6635520,1526864,SPERR,3e-07,4.345848746188266,5.882386315281836,True,4,10,34
mp-1175088,bulk,0.001,True,EXHAUSTIVE,6635520,427108,SZ3,1e-05,15.535930022383097,15.535930022383097,True,34,40,34
mp-1175088,bulk,0.001,True,SCAN,6635520,427108,SZ3,1e-05,15.535930022383097,15.535930022383097,True,20,26,34
mp-1175088,bulk,0.001,True,BISECT,6635520,427108,SZ3,1e-05,15.535930022383097,15.535930022383097,True,9,15,34
mp-1175088,bulk,0.001,True,SCAN-ZFP,6635520,508440,ZFP,0.0001,13.050743450554638,15.535930022383097,True,7,13,34
mp-1175088,bulk,0.001,True,SCAN-SZ3,6635520,427108,SZ3,1e-05,15.535930022383097,15.535930022383097,True,6,12,34
mp-1175088,bulk,0.001,True,SCAN-SPERR,6635520,1004104,SPERR,1e-05,6.608399129970601,15.535930022383097,True,7,13,34
mp-1175088,bulk,0.001,True,BISECT-ZFP,6635520,508440,ZFP,0.0001,13.050743450554638,15.535930022383097,True,3,9,34
mp-1175088,bulk,0.001,True,BISECT-SZ3,6635520,427108,SZ3,1e-05,15.535930022383097,15.535930022383097,True,3,9,34
mp-1175088,bulk,0.001,True,BISECT-SPERR,6635520,1347113,SPERR,1e-06,4.925733772890618,15.535930022383097,True,3,9,34
mp-1175088,bulk,0.01,True,EXHAUSTIVE,6635520,166774,SZ3,0.0001,39.787496852027296,39.787496852027296,True,34,40,34
mp-1175088,bulk,0.01,True,SCAN,6635520,166774,SZ3,0.0001,39.787496852027296,39.787496852027296,True,13,19,34
mp-1175088,bulk,0.01,True,BISECT,6635520,166774,SZ3,0.0001,39.787496852027296,39.787496852027296,True,12,18,34
mp-1175088,bulk,0.01,True,SCAN-ZFP,6635520,210392,ZFP,0.003,31.53884178105632,39.787496852027296,True,4,10,34
mp-1175088,bulk,0.01,True,SCAN-SZ3,6635520,166774,SZ3,0.0001,39.787496852027296,39.787496852027296,True,4,10,34
mp-1175088,bulk,0.01,True,SCAN-SPERR,6635520,657779,SPERR,0.0001,10.08776503962577,39.787496852027296,True,5,11,34
mp-1175088,bulk,0.01,True,BISECT-ZFP,6635520,210392,ZFP,0.003,31.53884178105632,39.787496852027296,True,4,10,34
mp-1175088,bulk,0.01,True,BISECT-SZ3,6635520,166774,SZ3,0.0001,39.787496852027296,39.787496852027296,True,4,10,34
mp-1175088,bulk,0.01,True,BISECT-SPERR,6635520,657779,SPERR,0.0001,10.08776503962577,39.787496852027296,True,4,10,34
mp-1175263,bulk,0.0001,True,EXHAUSTIVE,6635520,1014576,ZFP,3e-06,6.540190187822303,6.540190187822303,True,35,41,35
mp-1175263,bulk,0.0001,True,SCAN,6635520,1014576,ZFP,3e-06,6.540190187822303,6.540190187822303,True,30,36,35
mp-1175263,bulk,0.0001,True,BISECT,6635520,1014576,ZFP,3e-06,6.540190187822303,6.540190187822303,True,12,18,35
mp-1175263,bulk,0.0001,True,SCAN-ZFP,6635520,1014576,ZFP,3e-06,6.540190187822303,6.540190187822303,True,10,16,35
mp-1175263,bulk,0.0001,True,SCAN-SZ3,6635520,1140545,SZ3,3e-07,5.817850238263286,6.540190187822303,True,10,16,35
mp-1175263,bulk,0.0001,True,SCAN-SPERR,6635520,1605598,SPERR,3e-07,4.132740573917008,6.540190187822303,True,10,16,35
mp-1175263,bulk,0.0001,True,BISECT-ZFP,6635520,1014576,ZFP,3e-06,6.540190187822303,6.540190187822303,True,4,10,35
mp-1175263,bulk,0.0001,True,BISECT-SZ3,6635520,1140545,SZ3,3e-07,5.817850238263286,6.540190187822303,True,4,10,35
mp-1175263,bulk,0.0001,True,BISECT-SPERR,6635520,1605598,SPERR,3e-07,4.132740573917008,6.540190187822303,True,4,10,35
mp-1175263,bulk,0.001,True,EXHAUSTIVE,6635520,528496,ZFP,0.0001,12.55547818715752,12.55547818715752,True,35,41,35
mp-1175263,bulk,0.001,True,SCAN,6635520,528496,ZFP,0.0001,12.55547818715752,12.55547818715752,True,22,28,35
mp-1175263,bulk,0.001,True,BISECT,6635520,528496,ZFP,0.0001,12.55547818715752,12.55547818715752,True,10,16,35
mp-1175263,bulk,0.001,True,SCAN-ZFP,6635520,528496,ZFP,0.0001,12.55547818715752,12.55547818715752,True,7,13,35
mp-1175263,bulk,0.001,True,SCAN-SZ3,6635520,652900,SZ3,3e-06,10.163149027416145,12.55547818715752,True,8,14,35
mp-1175263,bulk,0.001,True,SCAN-SPERR,6635520,1081155,SPERR,1e-05,6.137436352789378,12.55547818715752,True,7,13,35
mp-1175263,bulk,0.001,True,BISECT-ZFP,6635520,528496,ZFP,0.0001,12.55547818715752,12.55547818715752,True,3,9,35
mp-1175263,bulk,0.001,True,BISECT-SZ3,6635520,652900,SZ3,3e-06,10.163149027416145,12.55547818715752,True,4,10,35
mp-1175263,bulk,0.001,True,BISECT-SPERR,6635520,1425898,SPERR,1e-06,4.653572695943188,12.55547818715752,True,3,9,35
mp-1175263,bulk,0.01,True,EXHAUSTIVE,6635520,101708,SZ3,0.0003,65.2408856727101,65.2408856727101,True,35,41,35
mp-1175263,bulk,0.01,True,SCAN,6635520,101708,SZ3,0.0003,65.2408856727101,65.2408856727101,True,13,19,35
mp-1175263,bulk,0.01,True,BISECT,6635520,101708,SZ3,0.0003,65.2408856727101,65.2408856727101,True,12,18,35
mp-1175263,bulk,0.01,True,SCAN-ZFP,6635520,217672,ZFP,0.003,30.48403101914808,65.2408856727101,True,4,10,35
mp-1175263,bulk,0.01,True,SCAN-SZ3,6635520,101708,SZ3,0.0003,65.2408856727101,65.2408856727101,True,4,10,35
mp-1175263,bulk,0.01,True,SCAN-SPERR,6635520,733343,SPERR,0.0001,9.048317090365629,65.2408856727101,True,5,11,35
mp-1175263,bulk,0.01,True,BISECT-ZFP,6635520,217672,ZFP,0.003,30.48403101914808,65.2408856727101,True,4,10,35
mp-1175263,bulk,0.01,True,BISECT-SZ3,6635520,101708,SZ3,0.0003,65.2408856727101,65.2408856727101,True,4,10,35
mp-1175263,bulk,0.01,True,BISECT-SPERR,6635520,733343,SPERR,0.0001,9.048317090365629,65.2408856727101,True,4,10,35
mp-1177023,bulk,0.0001,False,EXHAUSTIVE,7372800,7372800,,,,,False,0,6,35
mp-1177023,bulk,0.0001,False,SCAN,7372800,7372800,,,,,False,0,6,35
mp-1177023,bulk,0.0001,False,BISECT,7372800,7372800,,,,,False,0,6,35
mp-1177023,bulk,0.0001,False,SCAN-ZFP,7372800,7372800,,,,,False,0,6,35
mp-1177023,bulk,0.0001,False,SCAN-SZ3,7372800,7372800,,,,,False,0,6,35
mp-1177023,bulk,0.0001,False,SCAN-SPERR,7372800,7372800,,,,,False,0,6,35
mp-1177023,bulk,0.0001,False,BISECT-ZFP,7372800,7372800,,,,,False,0,6,35
mp-1177023,bulk,0.0001,False,BISECT-SZ3,7372800,7372800,,,,,False,0,6,35
mp-1177023,bulk,0.0001,False,BISECT-SPERR,7372800,7372800,,,,,False,0,6,35
mp-1177023,bulk,0.001,True,EXHAUSTIVE,7372800,485272,ZFP,0.0003,15.19312880199146,15.19312880199146,True,35,41,35
mp-1177023,bulk,0.001,True,SCAN,7372800,485272,ZFP,0.0003,15.19312880199146,15.19312880199146,True,20,26,35
mp-1177023,bulk,0.001,True,BISECT,7372800,519207,SZ3,1e-05,14.200116716454133,15.19312880199146,True,12,18,35
mp-1177023,bulk,0.001,True,SCAN-ZFP,7372800,485272,ZFP,0.0003,15.19312880199146,15.19312880199146,True,6,12,35
mp-1177023,bulk,0.001,True,SCAN-SZ3,7372800,519207,SZ3,1e-05,14.200116716454133,15.19312880199146,True,7,13,35
mp-1177023,bulk,0.001,True,SCAN-SPERR,7372800,1262024,SPERR,1e-05,5.842044208351029,15.19312880199146,True,7,13,35
mp-1177023,bulk,0.001,True,BISECT-ZFP,7372800,764192,ZFP,3e-05,9.647837192747373,15.19312880199146,True,4,10,35
mp-1177023,bulk,0.001,True,BISECT-SZ3,7372800,519207,SZ3,1e-05,14.200116716454133,15.19312880199146,True,4,10,35
mp-1177023,bulk,0.001,True,BISECT-SPERR,7372800,1262024,SPERR,1e-05,5.842044208351029,15.19312880199146,True,4,10,35
mp-1177023,bulk,0.01,True,EXHAUSTIVE,7372800,212196,SZ3,0.0001,34.7452355369564,34.7452355369564,True,35,41,35
mp-1177023,bulk,0.01,True,SCAN,7372800,212196,SZ3,0.0001,34.7452355369564,34.7452355369564,True,14,20,35
mp-1177023,bulk,0.01,True,BISECT,7372800,212196,SZ3,0.0001,34.7452355369564,34.7452355369564,True,12,18,35
mp-1177023,bulk,0.01,True,SCAN-ZFP,7372800,285352,ZFP,0.003,25.83756202865233,34.7452355369564,True,4,10,35
mp-1177023,bulk,0.01,True,SCAN-SZ3,7372800,212196,SZ3,0.0001,34.7452355369564,34.7452355369564,True,5,11,35
mp-1177023,bulk,0.01,True,SCAN-SPERR,7372800,878948,SPERR,0.0001,8.388209541406317,34.7452355369564,True,5,11,35
mp-1177023,bulk,0.01,True,BISECT-ZFP,7372800,285352,ZFP,0.003,25.83756202865233,34.7452355369564,True,4,10,35
mp-1177023,bulk,0.01,True,BISECT-SZ3,7372800,212196,SZ3,0.0001,34.7452355369564,34.7452355369564,True,4,10,35
mp-1177023,bulk,0.01,True,BISECT-SPERR,7372800,878948,SPERR,0.0001,8.388209541406317,34.7452355369564,True,4,10,35
mp-1178256,bulk,0.0001,False,EXHAUSTIVE,9953280,9953280,,,,,False,0,6,33
mp-1178256,bulk,0.0001,False,SCAN,9953280,9953280,,,,,False,0,6,33
mp-1178256,bulk,0.0001,False,BISECT,9953280,9953280,,,,,False,0,6,33
mp-1178256,bulk,0.0001,False,SCAN-ZFP,9953280,9953280,,,,,False,0,6,33
mp-1178256,bulk,0.0001,False,SCAN-SZ3,9953280,9953280,,,,,False,0,6,33
mp-1178256,bulk,0.0001,False,SCAN-SPERR,9953280,9953280,,,,,False,0,6,33
mp-1178256,bulk,0.0001,False,BISECT-ZFP,9953280,9953280,,,,,False,0,6,33
mp-1178256,bulk,0.0001,False,BISECT-SZ3,9953280,9953280,,,,,False,0,6,33
mp-1178256,bulk,0.0001,False,BISECT-SPERR,9953280,9953280,,,,,False,0,6,33
mp-1178256,bulk,0.001,True,EXHAUSTIVE,9953280,1063000,ZFP,1e-05,9.363386641580432,9.363386641580432,True,33,39,33
mp-1178256,bulk,0.001,True,SCAN,9953280,1063000,ZFP,1e-05,9.363386641580432,9.363386641580432,True,24,30,33
mp-1178256,bulk,0.001,True,BISECT,9953280,1063000,ZFP,1e-05,9.363386641580432,9.363386641580432,True,12,18,33
mp-1178256,bulk,0.001,True,SCAN-ZFP,9953280,1063000,ZFP,1e-05,9.363386641580432,9.363386641580432,True,8,14,33
mp-1178256,bulk,0.001,True,SCAN-SZ3,9953280,1136981,SZ3,1e-06,8.75413045600586,9.363386641580432,True,8,14,33
mp-1178256,bulk,0.001,True,SCAN-SPERR,9953280,1784438,SPERR,3e-06,5.577823381927531,9.363386641580432,True,8,14,33
mp-1178256,bulk,0.001,True,BISECT-ZFP,9953280,1063000,ZFP,1e-05,9.363386641580432,9.363386641580432,True,4,10,33
mp-1178256,bulk,0.001,True,BISECT-SZ3,9953280,1136981,SZ3,1e-06,8.75413045600586,9.363386641580432,True,4,10,33
mp-1178256,bulk,0.001,True,BISECT-SPERR,9953280,1784438,SPERR,3e-06,5.577823381927531,9.363386641580432,True,4,10,33
mp-1178256,bulk,0.01,True,EXHAUSTIVE,9953280,133983,SZ3,0.0003,74.28763350574327,74.28763350574327,True,33,39,33
mp-1178256,bulk,0.01,True,SCAN,9953280,133983,SZ3,0.0003,74.28763350574327,74.28763350574327,True,12,18,33
mp-1178256,bulk,0.01,True,BISECT,9953280,133983,SZ3,0.0003,74.28763350574327,74.28763350574327,True,10,16,33
mp-1178256,bulk,0.01,True,SCAN-ZFP,9953280,296240,ZFP,0.003,33.5987037537132,74.28763350574327,True,3,9,33
mp-1178256,bulk,0.01,True,SCAN-SZ3,9953280,133983,SZ3,0.0003,74.28763350574327,74.28763350574327,True,3,9,33
mp-1178256,bulk,0.01,True,SCAN-SPERR,9953280,1270151,SPERR,3e-05,7.836296629298406,74.28763350574327,True,6,12,33
mp-1178256,bulk,0.01,True,BISECT-ZFP,9953280,296240,ZFP,0.003,33.5987037537132,74.28763350574327,True,4,10,33
mp-1178256,bulk,0.01,True,BISECT-SZ3,9953280,133983,SZ3,0.0003,74.28763350574327,74.28763350574327,True,3,9,33
mp-1178256,bulk,0.01,True,BISECT-SPERR,9953280,1270151,SPERR,3e-05,7.836296629298406,74.28763350574327,True,3,9,33
mp-1178447,bulk,0.0001,True,EXHAUSTIVE,8847360,1146136,ZFP,3e-06,7.7192933473863485,7.7192933473863485,True,34,40,34
mp-1178447,bulk,0.0001,True,SCAN,8847360,1146136,ZFP,3e-06,7.7192933473863485,7.7192933473863485,True,31,37,34
mp-1178447,bulk,0.0001,True,BISECT,8847360,1146136,ZFP,3e-06,7.7192933473863485,7.7192933473863485,True,12,18,34
mp-1178447,bulk,0.0001,True,SCAN-ZFP,8847360,1146136,ZFP,3e-06,7.7192933473863485,7.7192933473863485,True,9,15,34
mp-1178447,bulk,0.0001,True,SCAN-SZ3,8847360,1629734,SZ3,1e-07,5.428714133717527,7.7192933473863485,True,11,17,34
mp-1178447,bulk,0.0001,True,SCAN-SPERR,8847360,2391819,SPERR,1e-07,3.699008996918245,7.7192933473863485,True,11,17,34
mp-1178447,bulk,0.0001,True,BISECT-ZFP,8847360,1146136,ZFP,3e-06,7.7192933473863485,7.7192933473863485,True,4,10,34
mp-1178447,bulk,0.0001,True,BISECT-SZ3,8847360,1629734,SZ3,1e-07,5.428714133717527,7.7192933473863485,True,4,10,34
mp-1178447,bulk,0.0001,True,BISECT-SPERR,8847360,2391819,SPERR,1e-07,3.699008996918245,7.7192933473863485,True,4,10,34
mp-1178447,bulk,0.001,True,EXHAUSTIVE,8847360,610176,ZFP,0.0001,14.499685336689742,14.499685336689742,True,34,40,34
mp-1178447,bulk,0.001,True,SCAN,8847360,610176,ZFP,0.0001,14.499685336689742,14.499685336689742,True,21,27,34
mp-1178447,bulk,0.001,True,BISECT,8847360,610176,ZFP,0.0001,14.499685336689742,14.499685336689742,True,12,18,34
mp-1178447,bulk,0.001,True,SCAN-ZFP,8847360,610176,ZFP,0.0001,14.499685336689742,14.499685336689742,True,6,12,34
mp-1178447,bulk,0.001,True,SCAN-SZ3,8847360,769585,SZ3,3e-06,11.496273965838732,14.499685336689742,True,8,14,34
mp-1178447,bulk,0.001,True,SCAN-SPERR,8847360,1472863,SPERR,1e-05,6.006913066592073,14.499685336689742,True,7,13,34
mp-1178447,bulk,0.001,True,BISECT-ZFP,8847360,610176,ZFP,0.0001,14.499685336689742,14.499685336689742,True,4,10,34
mp-1178447,bulk,0.001,True,BISECT-SZ3,8847360,769585,SZ3,3e-06,11.496273965838732,14.499685336689742,True,4,10,34
mp-1178447,bulk,0.001,True,BISECT-SPERR,8847360,1472863,SPERR,1e-05,6.006913066592073,14.499685336689742,True,4,10,34
mp-1178447,bulk,0.01,True,EXHAUSTIVE,8847360,202400,ZFP,0.01,43.71225296442688,43.71225296442688,True,34,40,34
mp-1178447,bulk,0.01,True,SCAN,8847360,202400,ZFP,0.01,43.71225296442688,43.71225296442688,True,11,17,34
mp-1178447,bulk,0.01,True,BISECT,8847360,202400,ZFP,0.01,43.71225296442688,43.71225296442688,True,12,18,34
mp-1178447,bulk,0.01,True,SCAN-ZFP,8847360,202400,ZFP,0.01,43.71225296442688,43.71225296442688,True,2,8,34
mp-1178447,bulk,0.01,True,SCAN-SZ3,8847360,215145,SZ3,0.0001,41.12277766157708,43.71225296442688,True,5,11,34
mp-1178447,bulk,0.01,True,SCAN-SPERR,8847360,783567,SPERR,0.0003,11.291134006409152,43.71225296442688,True,4,10,34
mp-1178447,bulk,0.01,True,BISECT-ZFP,8847360,202400,ZFP,0.01,43.71225296442688,43.71225296442688,True,4,10,34
mp-1178447,bulk,0.01,True,BISECT-SZ3,8847360,215145,SZ3,0.0001,41.12277766157708,43.71225296442688,True,4,10,34
mp-1178447,bulk,0.01,True,BISECT-SPERR,8847360,783567,SPERR,0.0003,11.291134006409152,43.71225296442688,True,4,10,34
mp-1184653,bulk,0.0001,False,EXHAUSTIVE,4064256,4064256,,,,,False,0,6,20
mp-1184653,bulk,0.0001,False,SCAN,4064256,4064256,,,,,False,0,6,20
mp-1184653,bulk,0.0001,False,BISECT,4064256,4064256,,,,,False,0,6,20
mp-1184653,bulk,0.0001,False,SCAN-ZFP,4064256,4064256,,,,,False,0,6,20
mp-1184653,bulk,0.0001,False,SCAN-SZ3,4064256,4064256,,,,,False,0,6,20
mp-1184653,bulk,0.0001,False,SCAN-SPERR,4064256,4064256,,,,,False,0,6,20
mp-1184653,bulk,0.0001,False,BISECT-ZFP,4064256,4064256,,,,,False,0,6,20
mp-1184653,bulk,0.0001,False,BISECT-SZ3,4064256,4064256,,,,,False,0,6,20
mp-1184653,bulk,0.0001,False,BISECT-SPERR,4064256,4064256,,,,,False,0,6,20
mp-1184653,bulk,0.001,False,EXHAUSTIVE,4064256,4064256,,,,,False,0,6,20
mp-1184653,bulk,0.001,False,SCAN,4064256,4064256,,,,,False,0,6,20
mp-1184653,bulk,0.001,False,BISECT,4064256,4064256,,,,,False,0,6,20
mp-1184653,bulk,0.001,False,SCAN-ZFP,4064256,4064256,,,,,False,0,6,20
mp-1184653,bulk,0.001,False,SCAN-SZ3,4064256,4064256,,,,,False,0,6,20
mp-1184653,bulk,0.001,False,SCAN-SPERR,4064256,4064256,,,,,False,0,6,20
mp-1184653,bulk,0.001,False,BISECT-ZFP,4064256,4064256,,,,,False,0,6,20
mp-1184653,bulk,0.001,False,BISECT-SZ3,4064256,4064256,,,,,False,0,6,20
mp-1184653,bulk,0.001,False,BISECT-SPERR,4064256,4064256,,,,,False,0,6,20
mp-1184653,bulk,0.01,True,EXHAUSTIVE,4064256,189000,SZ3,3e-05,21.504,21.504,True,20,26,20
mp-1184653,bulk,0.01,True,SCAN,4064256,189000,SZ3,3e-05,21.504,21.504,True,14,20,20
mp-1184653,bulk,0.01,True,BISECT,4064256,269792,ZFP,0.0003,15.064405171391297,21.504,True,8,14,20
mp-1184653,bulk,0.01,True,SCAN-ZFP,4064256,269792,ZFP,0.0003,15.064405171391297,21.504,True,5,11,20
mp-1184653,bulk,0.01,True,SCAN-SZ3,4064256,189000,SZ3,3e-05,21.504,21.504,True,5,11,20
mp-1184653,bulk,0.01,True,SCAN-SPERR,4064256,456364,SPERR,0.0001,8.905733142842116,21.504,True,4,10,20
mp-1184653,bulk,0.01,True,BISECT-ZFP,4064256,269792,ZFP,0.0003,15.064405171391297,21.504,True,3,9,20
mp-1184653,bulk,0.01,True,BISECT-SZ3,4064256,4064256,,,,21.504,True,2,8,20
mp-1184653,bulk,0.01,True,BISECT-SPERR,4064256,456364,SPERR,0.0001,8.905733142842116,21.504,True,3,9,20
mp-1187017,bulk,0.0001,False,EXHAUSTIVE,7838208,7838208,,,,,False,0,6,22
mp-1187017,bulk,0.0001,False,SCAN,7838208,7838208,,,,,False,0,6,22
mp-1187017,bulk,0.0001,False,BISECT,7838208,7838208,,,,,False,0,6,22
mp-1187017,bulk,0.0001,False,SCAN-ZFP,7838208,7838208,,,,,False,0,6,22
mp-1187017,bulk,0.0001,False,SCAN-SZ3,7838208,7838208,,,,,False,0,6,22
mp-1187017,bulk,0.0001,False,SCAN-SPERR,7838208,7838208,,,,,False,0,6,22
mp-1187017,bulk,0.0001,False,BISECT-ZFP,7838208,7838208,,,,,False,0,6,22
mp-1187017,bulk,0.0001,False,BISECT-SZ3,7838208,7838208,,,,,False,0,6,22
mp-1187017,bulk,0.0001,False,BISECT-SPERR,7838208,7838208,,,,,False,0,6,22
mp-1187017,bulk,0.001,False,EXHAUSTIVE,7838208,7838208,,,,,False,0,6,22
mp-1187017,bulk,0.001,False,SCAN,7838208,7838208,,,,,False,0,6,22
mp-1187017,bulk,0.001,False,BISECT,7838208,7838208,,,,,False,0,6,22
mp-1187017,bulk,0.001,False,SCAN-ZFP,7838208,7838208,,,,,False,0,6,22
mp-1187017,bulk,0.001,False,SCAN-SZ3,7838208,7838208,,,,,False,0,6,22
mp-1187017,bulk,0.001,False,SCAN-SPERR,7838208,7838208,,,,,False,0,6,22
mp-1187017,bulk,0.001,False,BISECT-ZFP,7838208,7838208,,,,,False,0,6,22
mp-1187017,bulk,0.001,False,BISECT-SZ3,7838208,7838208,,,,,False,0,6,22
mp-1187017,bulk,0.001,False,BISECT-SPERR,7838208,7838208,,,,,False,0,6,22
mp-1187017,bulk,0.01,True,EXHAUSTIVE,7838208,56566,SZ3,0.0003,138.56747869745075,138.56747869745075,True,22,28,22
mp-1187017,bulk,0.01,True,SCAN,7838208,56566,SZ3,0.0003,138.56747869745075,138.56747869745075,True,10,16,22
mp-1187017,bulk,0.01,True,BISECT,7838208,56566,SZ3,0.0003,138.56747869745075,138.56747869745075,True,9,15,22
mp-1187017,bulk,0.01,True,SCAN-ZFP,7838208,209024,ZFP,0.003,37.4990814451929,138.56747869745075,True,4,10,22
mp-1187017,bulk,0.01,True,SCAN-SZ3,7838208,56566,SZ3,0.0003,138.56747869745075,138.56747869745075,True,3,9,22
mp-1187017,bulk,0.01,True,SCAN-SPERR,7838208,485605,SPERR,0.001,16.141118810555906,138.56747869745075,True,3,9,22
mp-1187017,bulk,0.01,True,BISECT-ZFP,7838208,209024,ZFP,0.003,37.4990814451929,138.56747869745075,True,3,9,22
mp-1187017,bulk,0.01,True,BISECT-SZ3,7838208,56566,SZ3,0.0003,138.56747869745075,138.56747869745075,True,3,9,22
mp-1187017,bulk,0.01,True,BISECT-SPERR,7838208,485605,SPERR,0.001,16.141118810555906,138.56747869745075,True,3,9,22
mp-1187022,bulk,0.0001,False,EXHAUSTIVE,11059200,11059200,,,,,False,0,6,8
mp-1187022,bulk,0.0001,False,SCAN,11059200,11059200,,,,,False,0,6,8
mp-1187022,bulk,0.0001,False,BISECT,11059200,11059200,,,,,False,0,6,8
mp-1187022,bulk,0.0001,False,SCAN-ZFP,11059200,11059200,,,,,False,0,6,8
mp-1187022,bulk,0.0001,False,SCAN-SZ3,11059200,11059200,,,,,False,0,6,8
mp-1187022,bulk,0.0001,False,SCAN-SPERR,11059200,11059200,,,,,False,0,6,8
mp-1187022,bulk,0.0001,False,BISECT-ZFP,11059200,11059200,,,,,False,0,6,8
mp-1187022,bulk,0.0001,False,BISECT-SZ3,11059200,11059200,,,,,False,0,6,8
mp-1187022,bulk,0.0001,False,BISECT-SPERR,11059200,11059200,,,,,False,0,6,8
mp-1187022,bulk,0.001,False,EXHAUSTIVE,11059200,11059200,,,,,False,0,6,8
mp-1187022,bulk,0.001,False,SCAN,11059200,11059200,,,,,False,0,6,8
mp-1187022,bulk,0.001,False,BISECT,11059200,11059200,,,,,False,0,6,8
mp-1187022,bulk,0.001,False,SCAN-ZFP,11059200,11059200,,,,,False,0,6,8
mp-1187022,bulk,0.001,False,SCAN-SZ3,11059200,11059200,,,,,False,0,6,8
mp-1187022,bulk,0.001,False,SCAN-SPERR,11059200,11059200,,,,,False,0,6,8
mp-1187022,bulk,0.001,False,BISECT-ZFP,11059200,11059200,,,,,False,0,6,8
mp-1187022,bulk,0.001,False,BISECT-SZ3,11059200,11059200,,,,,False,0,6,8
mp-1187022,bulk,0.001,False,BISECT-SPERR,11059200,11059200,,,,,False,0,6,8
mp-1187022,bulk,0.01,False,EXHAUSTIVE,11059200,11059200,,,,,False,0,6,8
mp-1187022,bulk,0.01,False,SCAN,11059200,11059200,,,,,False,0,6,8
mp-1187022,bulk,0.01,False,BISECT,11059200,11059200,,,,,False,0,6,8
mp-1187022,bulk,0.01,False,SCAN-ZFP,11059200,11059200,,,,,False,0,6,8
mp-1187022,bulk,0.01,False,SCAN-SZ3,11059200,11059200,,,,,False,0,6,8
mp-1187022,bulk,0.01,False,SCAN-SPERR,11059200,11059200,,,,,False,0,6,8
mp-1187022,bulk,0.01,False,BISECT-ZFP,11059200,11059200,,,,,False,0,6,8
mp-1187022,bulk,0.01,False,BISECT-SZ3,11059200,11059200,,,,,False,0,6,8
mp-1187022,bulk,0.01,False,BISECT-SPERR,11059200,11059200,,,,,False,0,6,8
mp-1187279,bulk,0.0001,False,EXHAUSTIVE,2985984,2985984,,,,,False,0,6,19
mp-1187279,bulk,0.0001,False,SCAN,2985984,2985984,,,,,False,0,6,19
mp-1187279,bulk,0.0001,False,BISECT,2985984,2985984,,,,,False,0,6,19
mp-1187279,bulk,0.0001,False,SCAN-ZFP,2985984,2985984,,,,,False,0,6,19
mp-1187279,bulk,0.0001,False,SCAN-SZ3,2985984,2985984,,,,,False,0,6,19
mp-1187279,bulk,0.0001,False,SCAN-SPERR,2985984,2985984,,,,,False,0,6,19
mp-1187279,bulk,0.0001,False,BISECT-ZFP,2985984,2985984,,,,,False,0,6,19
mp-1187279,bulk,0.0001,False,BISECT-SZ3,2985984,2985984,,,,,False,0,6,19
mp-1187279,bulk,0.0001,False,BISECT-SPERR,2985984,2985984,,,,,False,0,6,19
mp-1187279,bulk,0.001,False,EXHAUSTIVE,2985984,2985984,,,,,False,0,6,19
mp-1187279,bulk,0.001,False,SCAN,2985984,2985984,,,,,False,0,6,19
mp-1187279,bulk,0.001,False,BISECT,2985984,2985984,,,,,False,0,6,19
mp-1187279,bulk,0.001,False,SCAN-ZFP,2985984,2985984,,,,,False,0,6,19
mp-1187279,bulk,0.001,False,SCAN-SZ3,2985984,2985984,,,,,False,0,6,19
mp-1187279,bulk,0.001,False,SCAN-SPERR,2985984,2985984,,,,,False,0,6,19
mp-1187279,bulk,0.001,False,BISECT-ZFP,2985984,2985984,,,,,False,0,6,19
mp-1187279,bulk,0.001,False,BISECT-SZ3,2985984,2985984,,,,,False,0,6,19
mp-1187279,bulk,0.001,False,BISECT-SPERR,2985984,2985984,,,,,False,0,6,19
mp-1187279,bulk,0.01,True,EXHAUSTIVE,2985984,20773,SPERR,0.0003,143.74351321426852,143.74351321426852,True,19,25,19
mp-1187279,bulk,0.01,True,SCAN,2985984,20773,SPERR,0.0003,143.74351321426852,143.74351321426852,True,12,18,19
mp-1187279,bulk,0.01,True,BISECT,2985984,20773,SPERR,0.0003,143.74351321426852,143.74351321426852,True,9,15,19
mp-1187279,bulk,0.01,True,SCAN-ZFP,2985984,111120,ZFP,0.001,26.87170626349892,143.74351321426852,True,3,9,19
mp-1187279,bulk,0.01,True,SCAN-SZ3,2985984,154670,SZ3,1e-05,19.30551496734984,143.74351321426852,True,6,12,19
mp-1187279,bulk,0.01,True,SCAN-SPERR,2985984,20773,SPERR,0.0003,143.74351321426852,143.74351321426852,True,3,9,19
mp-1187279,bulk,0.01,True,BISECT-ZFP,2985984,111120,ZFP,0.001,26.87170626349892,143.74351321426852,True,3,9,19
mp-1187279,bulk,0.01,True,BISECT-SZ3,2985984,154670,SZ3,1e-05,19.30551496734984,143.74351321426852,True,3,9,19
mp-1187279,bulk,0.01,True,BISECT-SPERR,2985984,20773,SPERR,0.0003,143.74351321426852,143.74351321426852,True,3,9,19
mp-1187638,bulk,0.0001,False,EXHAUSTIVE,4741632,4741632,,,,,False,0,6,22
mp-1187638,bulk,0.0001,False,SCAN,4741632,4741632,,,,,False,0,6,22
mp-1187638,bulk,0.0001,False,BISECT,4741632,4741632,,,,,False,0,6,22
mp-1187638,bulk,0.0001,False,SCAN-ZFP,4741632,4741632,,,,,False,0,6,22
mp-1187638,bulk,0.0001,False,SCAN-SZ3,4741632,4741632,,,,,False,0,6,22
mp-1187638,bulk,0.0001,False,SCAN-SPERR,4741632,4741632,,,,,False,0,6,22
mp-1187638,bulk,0.0001,False,BISECT-ZFP,4741632,4741632,,,,,False,0,6,22
mp-1187638,bulk,0.0001,False,BISECT-SZ3,4741632,4741632,,,,,False,0,6,22
mp-1187638,bulk,0.0001,False,BISECT-SPERR,4741632,4741632,,,,,False,0,6,22
mp-1187638,bulk,0.001,False,EXHAUSTIVE,4741632,4741632,,,,,False,0,6,22
mp-1187638,bulk,0.001,False,SCAN,4741632,4741632,,,,,False,0,6,22
mp-1187638,bulk,0.001,False,BISECT,4741632,4741632,,,,,False,0,6,22
mp-1187638,bulk,0.001,False,SCAN-ZFP,4741632,4741632,,,,,False,0,6,22
mp-1187638,bulk,0.001,False,SCAN-SZ3,4741632,4741632,,,,,False,0,6,22
mp-1187638,bulk,0.001,False,SCAN-SPERR,4741632,4741632,,,,,False,0,6,22
mp-1187638,bulk,0.001,False,BISECT-ZFP,4741632,4741632,,,,,False,0,6,22
mp-1187638,bulk,0.001,False,BISECT-SZ3,4741632,4741632,,,,,False,0,6,22
mp-1187638,bulk,0.001,False,BISECT-SPERR,4741632,4741632,,,,,False,0,6,22
mp-1187638,bulk,0.01,True,EXHAUSTIVE,4741632,40254,SPERR,0.0001,117.79281562080789,117.79281562080789,True,22,28,22
mp-1187638,bulk,0.01,True,SCAN,4741632,40254,SPERR,0.0001,117.79281562080789,117.79281562080789,True,15,21,22
mp-1187638,bulk,0.01,True,BISECT,4741632,40254,SPERR,0.0001,117.79281562080789,117.79281562080789,True,9,15,22
mp-1187638,bulk,0.01,True,SCAN-ZFP,4741632,148992,ZFP,0.001,31.82474226804124,117.79281562080789,True,5,11,22
mp-1187638,bulk,0.01,True,SCAN-SZ3,4741632,105363,SZ3,3e-05,45.002818826343216,117.79281562080789,True,4,10,22
mp-1187638,bulk,0.01,True,SCAN-SPERR,4741632,40254,SPERR,0.0001,117.79281562080789,117.79281562080789,True,6,12,22
mp-1187638,bulk,0.01,True,BISECT-ZFP,4741632,148992,ZFP,0.001,31.82474226804124,117.79281562080789,True,3,9,22
mp-1187638,bulk,0.01,True,BISECT-SZ3,4741632,105363,SZ3,3e-05,45.002818826343216,117.79281562080789,True,3,9,22
mp-1187638,bulk,0.01,True,BISECT-SPERR,4741632,40254,SPERR,0.0001,117.79281562080789,117.79281562080789,True,3,9,22
mp-1188002,bulk,0.0001,True,EXHAUSTIVE,2985984,247384,SPERR,1e-06,12.070238980693984,12.070238980693984,True,34,40,34
mp-1188002,bulk,0.0001,True,SCAN,2985984,247384,SPERR,1e-06,12.070238980693984,12.070238980693984,True,27,33,34
mp-1188002,bulk,0.0001,True,BISECT,2985984,247384,SPERR,1e-06,12.070238980693984,12.070238980693984,True,11,17,34
mp-1188002,bulk,0.0001,True,SCAN-ZFP,2985984,479112,ZFP,3e-06,6.232329810148776,12.070238980693984,True,10,16,34
mp-1188002,bulk,0.0001,True,SCAN-SZ3,2985984,390615,SZ3,1e-06,7.644314734457202,12.070238980693984,True,7,13,34
mp-1188002,bulk,0.0001,True,SCAN-SPERR,2985984,247384,SPERR,1e-06,12.070238980693984,12.070238980693984,True,10,16,34
mp-1188002,bulk,0.0001,True,BISECT-ZFP,2985984,479112,ZFP,3e-06,6.232329810148776,12.070238980693984,True,4,10,34
mp-1188002,bulk,0.0001,True,BISECT-SZ3,2985984,390615,SZ3,1e-06,7.644314734457202,12.070238980693984,True,4,10,34
mp-1188002,bulk,0.0001,True,BISECT-SPERR,2985984,247384,SPERR,1e-06,12.070238980693984,12.070238980693984,True,3,9,34
mp-1188002,bulk,0.001,True,EXHAUSTIVE,2985984,187750,SPERR,3e-06,15.904042609853528,15.904042609853528,True,34,40,34
mp-1188002,bulk,0.001,True,SCAN,2985984,187750,SPERR,3e-06,15.904042609853528,15.904042609853528,True,23,29,34
mp-1188002,bulk,0.001,True,BISECT,2985984,187750,SPERR,3e-06,15.904042609853528,15.904042609853528,True,12,18,34
mp-1188002,bulk,0.001,True,SCAN-ZFP,2985984,297304,ZFP,3e-05,10.043537927508543,15.904042609853528,True,8,14,34
mp-1188002,bulk,0.001,True,SCAN-SZ3,2985984,295721,SZ3,3e-06,10.09730117238884,15.904042609853528,True,6,12,34
mp-1188002,bulk,0.001,True,SCAN-SPERR,2985984,187750,SPERR,3e-06,15.904042609853528,15.904042609853528,True,9,15,34
mp-1188002,bulk,0.001,True,BISECT-ZFP,2985984,297304,ZFP,3e-05,10.043537927508543,15.904042609853528,True,4,10,34
mp-1188002,bulk,0.001,True,BISECT-SZ3,2985984,295721,SZ3,3e-06,10.09730117238884,15.904042609853528,True,4,10,34
mp-1188002,bulk,0.001,True,BISECT-SPERR,2985984,187750,SPERR,3e-06,15.904042609853528,15.904042609853528,True,4,10,34
mp-1188002,bulk,0.01,True,EXHAUSTIVE,2985984,36925,SPERR,0.0003,80.86618821936358,80.86618821936358,True,34,40,34
mp-1188002,bulk,0.01,True,SCAN,2985984,36925,SPERR,0.0003,80.86618821936358,80.86618821936358,True,13,19,34
mp-1188002,bulk,0.01,True,BISECT,2985984,36925,SPERR,0.0003,80.86618821936358,80.86618821936358,True,11,17,34
mp-1188002,bulk,0.01,True,SCAN-ZFP,2985984,132952,ZFP,0.001,22.45911306336121,80.86618821936358,True,5,11,34
mp-1188002,bulk,0.01,True,SCAN-SZ3,2985984,79078,SZ3,0.0001,37.75998381345001,80.86618821936358,True,3,9,34
mp-1188002,bulk,0.01,True,SCAN-SPERR,2985984,36925,SPERR,0.0003,80.86618821936358,80.86618821936358,True,5,11,34
mp-1188002,bulk,0.01,True,BISECT-ZFP,2985984,132952,ZFP,0.001,22.45911306336121,80.86618821936358,True,4,10,34
mp-1188002,bulk,0.01,True,BISECT-SZ3,2985984,79078,SZ3,0.0001,37.75998381345001,80.86618821936358,True,3,9,34
mp-1188002,bulk,0.01,True,BISECT-SPERR,2985984,36925,SPERR,0.0003,80.86618821936358,80.86618821936358,True,4,10,34
mp-1192831,bulk,0.0001,False,EXHAUSTIVE,16796160,16796160,,,,,False,0,6,29
mp-1192831,bulk,0.0001,False,SCAN,16796160,16796160,,,,,False,0,6,29
mp-1192831,bulk,0.0001,False,BISECT,16796160,16796160,,,,,False,0,6,29
mp-1192831,bulk,0.0001,False,SCAN-ZFP,16796160,16796160,,,,,False,0,6,29
mp-1192831,bulk,0.0001,False,SCAN-SZ3,16796160,16796160,,,,,False,0,6,29
mp-1192831,bulk,0.0001,False,SCAN-SPERR,16796160,16796160,,,,,False,0,6,29
mp-1192831,bulk,0.0001,False,BISECT-ZFP,16796160,16796160,,,,,False,0,6,29
mp-1192831,bulk,0.0001,False,BISECT-SZ3,16796160,16796160,,,,,False,0,6,29
mp-1192831,bulk,0.0001,False,BISECT-SPERR,16796160,16796160,,,,,False,0,6,29
mp-1192831,bulk,0.001,True,EXHAUSTIVE,16796160,1699368,ZFP,1e-05,9.88376855395653,9.88376855395653,True,29,35,29
mp-1192831,bulk,0.001,True,SCAN,16796160,1699368,ZFP,1e-05,9.88376855395653,9.88376855395653,True,24,30,29
mp-1192831,bulk,0.001,True,BISECT,16796160,1699368,ZFP,1e-05,9.88376855395653,9.88376855395653,True,10,16,29
mp-1192831,bulk,0.001,True,SCAN-ZFP,16796160,1699368,ZFP,1e-05,9.88376855395653,9.88376855395653,True,8,14,29
mp-1192831,bulk,0.001,True,SCAN-SZ3,16796160,2440126,SZ3,1e-07,6.883316681187774,9.88376855395653,True,9,15,29
mp-1192831,bulk,0.001,True,SCAN-SPERR,16796160,3502657,SPERR,3e-07,4.795262567816375,9.88376855395653,True,7,13,29
mp-1192831,bulk,0.001,True,BISECT-ZFP,16796160,1699368,ZFP,1e-05,9.88376855395653,9.88376855395653,True,4,10,29
mp-1192831,bulk,0.001,True,BISECT-SZ3,16796160,2440126,SZ3,1e-07,6.883316681187774,9.88376855395653,True,3,9,29
mp-1192831,bulk,0.001,True,BISECT-SPERR,16796160,3502657,SPERR,3e-07,4.795262567816375,9.88376855395653,True,3,9,29
mp-1192831,bulk,0.01,True,EXHAUSTIVE,16796160,380315,SZ3,3e-05,44.16381157724518,44.16381157724518,True,29,35,29
mp-1192831,bulk,0.01,True,SCAN,16796160,380315,SZ3,3e-05,44.16381157724518,44.16381157724518,True,12,18,29
mp-1192831,bulk,0.01,True,BISECT,16796160,380315,SZ3,3e-05,44.16381157724518,44.16381157724518,True,10,16,29
mp-1192831,bulk,0.01,True,SCAN-ZFP,16796160,766136,ZFP,0.0003,21.923209456284525,44.16381157724518,True,5,11,29
mp-1192831,bulk,0.01,True,SCAN-SZ3,16796160,380315,SZ3,3e-05,44.16381157724518,44.16381157724518,True,4,10,29
mp-1192831,bulk,0.01,True,SCAN-SPERR,16796160,1741198,SPERR,3e-05,9.64632396775094,44.16381157724518,True,3,9,29
mp-1192831,bulk,0.01,True,BISECT-ZFP,16796160,766136,ZFP,0.0003,21.923209456284525,44.16381157724518,True,4,10,29
mp-1192831,bulk,0.01,True,BISECT-SZ3,16796160,380315,SZ3,3e-05,44.16381157724518,44.16381157724518,True,3,9,29
mp-1192831,bulk,0.01,True,BISECT-SPERR,16796160,1741198,SPERR,3e-05,9.64632396775094,44.16381157724518,True,3,9,29
mp-1193567,bulk,0.0001,False,EXHAUSTIVE,15676416,15676416,,,,,False,0,6,33
mp-1193567,bulk,0.0001,False,SCAN,15676416,15676416,,,,,False,0,6,33
mp-1193567,bulk,0.0001,False,BISECT,15676416,15676416,,,,,False,0,6,33
mp-1193567,bulk,0.0001,False,SCAN-ZFP,15676416,15676416,,,,,False,0,6,33
mp-1193567,bulk,0.0001,False,SCAN-SZ3,15676416,15676416,,,,,False,0,6,33
mp-1193567,bulk,0.0001,False,SCAN-SPERR,15676416,15676416,,,,,False,0,6,33
mp-1193567,bulk,0.0001,False,BISECT-ZFP,15676416,15676416,,,,,False,0,6,33
mp-1193567,bulk,0.0001,False,BISECT-SZ3,15676416,15676416,,,,,False,0,6,33
mp-1193567,bulk,0.0001,False,BISECT-SPERR,15676416,15676416,,,,,False,0,6,33
mp-1193567,bulk,0.001,True,EXHAUSTIVE,15676416,1128784,ZFP,0.0001,13.887879346269967,13.887879346269967,True,33,39,33
mp-1193567,bulk,0.001,True,SCAN,15676416,1128784,ZFP,0.0001,13.887879346269967,13.887879346269967,True,20,26,33
mp-1193567,bulk,0.001,True,BISECT,15676416,1128784,ZFP,0.0001,13.887879346269967,13.887879346269967,True,12,18,33
mp-1193567,bulk,0.001,True,SCAN-ZFP,15676416,1128784,ZFP,0.0001,13.887879346269967,13.887879346269967,True,5,11,33
mp-1193567,bulk,0.001,True,SCAN-SZ3,15676416,1219627,SZ3,3e-06,12.853451096113812,13.887879346269967,True,8,14,33
mp-1193567,bulk,0.001,True,SCAN-SPERR,15676416,2465866,SPERR,1e-05,6.357367350861725,13.887879346269967,True,7,13,33
mp-1193567,bulk,0.001,True,BISECT-ZFP,15676416,1128784,ZFP,0.0001,13.887879346269967,13.887879346269967,True,4,10,33
mp-1193567,bulk,0.001,True,BISECT-SZ3,15676416,1219627,SZ3,3e-06,12.853451096113812,13.887879346269967,True,4,10,33
mp-1193567,bulk,0.001,True,BISECT-SPERR,15676416,2465866,SPERR,1e-05,6.357367350861725,13.887879346269967,True,4,10,33
mp-1193567,bulk,0.01,True,EXHAUSTIVE,15676416,163327,SZ3,0.0003,95.98177888530373,95.98177888530373,True,33,39,33
mp-1193567,bulk,0.01,True,SCAN,15676416,163327,SZ3,0.0003,95.98177888530373,95.98177888530373,True,10,16,33
mp-1193567,bulk,0.01,True,BISECT,15676416,163327,SZ3,0.0003,95.98177888530373,95.98177888530373,True,12,18,33
mp-1193567,bulk,0.01,True,SCAN-ZFP,15676416,480928,ZFP,0.003,32.59618071727993,95.98177888530373,True,2,8,33
mp-1193567,bulk,0.01,True,SCAN-SZ3,15676416,163327,SZ3,0.0003,95.98177888530373,95.98177888530373,True,4,10,33
mp-1193567,bulk,0.01,True,SCAN-SPERR,15676416,1274132,SPERR,0.0003,12.30360433612844,95.98177888530373,True,4,10,33
mp-1193567,bulk,0.01,True,BISECT-ZFP,15676416,480928,ZFP,0.003,32.59618071727993,95.98177888530373,True,4,10,33
mp-1193567,bulk,0.01,True,BISECT-SZ3,15676416,163327,SZ3,0.0003,95.98177888530373,95.98177888530373,True,4,10,33
mp-1193567,bulk,0.01,True,BISECT-SPERR,15676416,1274132,SPERR,0.0003,12.30360433612844,95.98177888530373,True,4,10,33
mp-1194734,bulk,0.0001,True,EXHAUSTIVE,13824000,1072468,SPERR,3e-07,12.8898950831167,12.8898950831167,True,34,40,34
mp-1194734,bulk,0.0001,True,SCAN,13824000,1072468,SPERR,3e-07,12.8898950831167,12.8898950831167,True,29,35,34
mp-1194734,bulk,0.0001,True,BISECT,13824000,1072468,SPERR,3e-07,12.8898950831167,12.8898950831167,True,11,17,34
mp-1194734,bulk,0.0001,True,SCAN-ZFP,13824000,1302720,ZFP,1e-05,10.611643330876934,12.8898950831167,True,8,14,34
mp-1194734,bulk,0.0001,True,SCAN-SZ3,13824000,13824000,,,,12.8898950831167,True,10,16,34
mp-1194734,bulk,0.0001,True,SCAN-SPERR,13824000,1072468,SPERR,3e-07,12.8898950831167,12.8898950831167,True,11,17,34
mp-1194734,bulk,0.0001,True,BISECT-ZFP,13824000,1302720,ZFP,1e-05,10.611643330876934,12.8898950831167,True,4,10,34
mp-1194734,bulk,0.0001,True,BISECT-SZ3,13824000,13824000,,,,12.8898950831167,True,3,9,34
mp-1194734,bulk,0.0001,True,BISECT-SPERR,13824000,1072468,SPERR,3e-07,12.8898950831167,12.8898950831167,True,4,10,34
mp-1194734,bulk,0.001,True,EXHAUSTIVE,13824000,301389,SPERR,3e-05,45.86763285985885,45.86763285985885,True,34,40,34
mp-1194734,bulk,0.001,True,SCAN,13824000,301389,SPERR,3e-05,45.86763285985885,45.86763285985885,True,18,24,34
mp-1194734,bulk,0.001,True,BISECT,13824000,301389,SPERR,3e-05,45.86763285985885,45.86763285985885,True,10,16,34
mp-1194734,bulk,0.001,True,SCAN-ZFP,13824000,730880,ZFP,0.0003,18.914185639229423,45.86763285985885,True,5,11,34
mp-1194734,bulk,0.001,True,SCAN-SZ3,13824000,634034,SZ3,1e-05,21.803247144474906,45.86763285985885,True,6,12,34
mp-1194734,bulk,0.001,True,SCAN-SPERR,13824000,301389,SPERR,3e-05,45.86763285985885,45.86763285985885,True,7,13,34
mp-1194734,bulk,0.001,True,BISECT-ZFP,13824000,730880,ZFP,0.0003,18.914185639229423,45.86763285985885,True,4,10,34
mp-1194734,bulk,0.001,True,BISECT-SZ3,13824000,634034,SZ3,1e-05,21.803247144474906,45.86763285985885,True,3,9,34
mp-1194734,bulk,0.001,True,BISECT-SPERR,13824000,301389,SPERR,3e-05,45.86763285985885,45.86763285985885,True,3,9,34
mp-1194734,bulk,0.01,True,EXHAUSTIVE,13824000,70951,SPERR,0.001,194.8386914913109,194.8386914913109,True,34,40,34
mp-1194734,bulk,0.01,True,SCAN,13824000,70951,SPERR,0.001,194.8386914913109,194.8386914913109,True,10,16,34
mp-1194734,bulk,0.01,True,BISECT,13824000,70951,SPERR,0.001,194.8386914913109,194.8386914913109,True,11,17,34
mp-1194734,bulk,0.01,True,SCAN-ZFP,13824000,349568,ZFP,0.003,39.54595386305383,194.8386914913109,True,3,9,34
mp-1194734,bulk,0.01,True,SCAN-SZ3,13824000,130732,SZ3,0.0003,105.74304684392496,194.8386914913109,True,3,9,34
mp-1194734,bulk,0.01,True,SCAN-SPERR,13824000,70951,SPERR,0.001,194.8386914913109,194.8386914913109,True,4,10,34
mp-1194734,bulk,0.01,True,BISECT-ZFP,13824000,349568,ZFP,0.003,39.54595386305383,194.8386914913109,True,4,10,34
mp-1194734,bulk,0.01,True,BISECT-SZ3,13824000,130732,SZ3,0.0003,105.74304684392496,194.8386914913109,True,3,9,34
mp-1194734,bulk,0.01,True,BISECT-SPERR,13824000,70951,SPERR,0.001,194.8386914913109,194.8386914913109,True,4,10,34
mp-1197354,bulk,0.0001,False,EXHAUSTIVE,18662400,18662400,,,,,False,0,6,23
mp-1197354,bulk,0.0001,False,SCAN,18662400,18662400,,,,,False,0,6,23
mp-1197354,bulk,0.0001,False,BISECT,18662400,18662400,,,,,False,0,6,23
mp-1197354,bulk,0.0001,False,SCAN-ZFP,18662400,18662400,,,,,False,0,6,23
mp-1197354,bulk,0.0001,False,SCAN-SZ3,18662400,18662400,,,,,False,0,6,23
mp-1197354,bulk,0.0001,False,SCAN-SPERR,18662400,18662400,,,,,False,0,6,23
mp-1197354,bulk,0.0001,False,BISECT-ZFP,18662400,18662400,,,,,False,0,6,23
mp-1197354,bulk,0.0001,False,BISECT-SZ3,18662400,18662400,,,,,False,0,6,23
mp-1197354,bulk,0.0001,False,BISECT-SPERR,18662400,18662400,,,,,False,0,6,23
mp-1197354,bulk,0.001,False,EXHAUSTIVE,18662400,18662400,,,,,False,0,6,23
mp-1197354,bulk,0.001,False,SCAN,18662400,18662400,,,,,False,0,6,23
mp-1197354,bulk,0.001,False,BISECT,18662400,18662400,,,,,False,0,6,23
mp-1197354,bulk,0.001,False,SCAN-ZFP,18662400,18662400,,,,,False,0,6,23
mp-1197354,bulk,0.001,False,SCAN-SZ3,18662400,18662400,,,,,False,0,6,23
mp-1197354,bulk,0.001,False,SCAN-SPERR,18662400,18662400,,,,,False,0,6,23
mp-1197354,bulk,0.001,False,BISECT-ZFP,18662400,18662400,,,,,False,0,6,23
mp-1197354,bulk,0.001,False,BISECT-SZ3,18662400,18662400,,,,,False,0,6,23
mp-1197354,bulk,0.001,False,BISECT-SPERR,18662400,18662400,,,,,False,0,6,23
mp-1197354,bulk,0.01,True,EXHAUSTIVE,18662400,209403,SZ3,0.0003,89.1219323505394,89.1219323505394,True,23,29,23
mp-1197354,bulk,0.01,True,SCAN,18662400,209403,SZ3,0.0003,89.1219323505394,89.1219323505394,True,12,18,23
mp-1197354,bulk,0.01,True,BISECT,18662400,209403,SZ3,0.0003,89.1219323505394,89.1219323505394,True,9,15,23
mp-1197354,bulk,0.01,True,SCAN-ZFP,18662400,421320,ZFP,0.01,44.29507262888066,89.1219323505394,True,3,9,23
mp-1197354,bulk,0.01,True,SCAN-SZ3,18662400,209403,SZ3,0.0003,89.1219323505394,89.1219323505394,True,4,10,23
mp-1197354,bulk,0.01,True,SCAN-SPERR,18662400,1722576,SPERR,0.0001,10.83400674338897,89.1219323505394,True,5,11,23
mp-1197354,bulk,0.01,True,BISECT-ZFP,18662400,421320,ZFP,0.01,44.29507262888066,89.1219323505394,True,3,9,23
mp-1197354,bulk,0.01,True,BISECT-SZ3,18662400,209403,SZ3,0.0003,89.1219323505394,89.1219323505394,True,3,9,23
mp-1197354,bulk,0.01,True,BISECT-SPERR,18662400,1722576,SPERR,0.0001,10.83400674338897,89.1219323505394,True,3,9,23
mp-1199510,bulk,0.0001,False,EXHAUSTIVE,25600000,25600000,,,,,False,0,6,16
mp-1199510,bulk,0.0001,False,SCAN,25600000,25600000,,,,,False,0,6,16
mp-1199510,bulk,0.0001,False,BISECT,25600000,25600000,,,,,False,0,6,16
mp-1199510,bulk,0.0001,False,SCAN-ZFP,25600000,25600000,,,,,False,0,6,16
mp-1199510,bulk,0.0001,False,SCAN-SZ3,25600000,25600000,,,,,False,0,6,16
mp-1199510,bulk,0.0001,False,SCAN-SPERR,25600000,25600000,,,,,False,0,6,16
mp-1199510,bulk,0.0001,False,BISECT-ZFP,25600000,25600000,,,,,False,0,6,16
mp-1199510,bulk,0.0001,False,BISECT-SZ3,25600000,25600000,,,,,False,0,6,16
mp-1199510,bulk,0.0001,False,BISECT-SPERR,25600000,25600000,,,,,False,0,6,16
mp-1199510,bulk,0.001,False,EXHAUSTIVE,25600000,25600000,,,,,False,0,6,16
mp-1199510,bulk,0.001,False,SCAN,25600000,25600000,,,,,False,0,6,16
mp-1199510,bulk,0.001,False,BISECT,25600000,25600000,,,,,False,0,6,16
mp-1199510,bulk,0.001,False,SCAN-ZFP,25600000,25600000,,,,,False,0,6,16
mp-1199510,bulk,0.001,False,SCAN-SZ3,25600000,25600000,,,,,False,0,6,16
mp-1199510,bulk,0.001,False,SCAN-SPERR,25600000,25600000,,,,,False,0,6,16
mp-1199510,bulk,0.001,False,BISECT-ZFP,25600000,25600000,,,,,False,0,6,16
mp-1199510,bulk,0.001,False,BISECT-SZ3,25600000,25600000,,,,,False,0,6,16
mp-1199510,bulk,0.001,False,BISECT-SPERR,25600000,25600000,,,,,False,0,6,16
mp-1199510,bulk,0.01,True,EXHAUSTIVE,25600000,2058264,ZFP,3e-05,12.437665916519942,12.437665916519942,True,16,22,16
mp-1199510,bulk,0.01,True,SCAN,25600000,2058264,ZFP,3e-05,12.437665916519942,12.437665916519942,True,15,21,16
mp-1199510,bulk,0.01,True,BISECT,25600000,2058264,ZFP,3e-05,12.437665916519942,12.437665916519942,True,7,13,16
mp-1199510,bulk,0.01,True,SCAN-ZFP,25600000,2058264,ZFP,3e-05,12.437665916519942,12.437665916519942,True,6,12,16
mp-1199510,bulk,0.01,True,SCAN-SZ3,25600000,25600000,,,,12.437665916519942,True,5,11,16
mp-1199510,bulk,0.01,True,SCAN-SPERR,25600000,25600000,,,,12.437665916519942,True,4,10,16
mp-1199510,bulk,0.01,True,BISECT-ZFP,25600000,2058264,ZFP,3e-05,12.437665916519942,12.437665916519942,True,3,9,16
mp-1199510,bulk,0.01,True,BISECT-SZ3,25600000,25600000,,,,12.437665916519942,True,2,8,16
mp-1199510,bulk,0.01,True,BISECT-SPERR,25600000,25600000,,,,12.437665916519942,True,2,8,16
mp-1200041,bulk,0.0001,False,EXHAUSTIVE,14450688,14450688,,,,,False,0,6,23
mp-1200041,bulk,0.0001,False,SCAN,14450688,14450688,,,,,False,0,6,23
mp-1200041,bulk,0.0001,False,BISECT,14450688,14450688,,,,,False,0,6,23
mp-1200041,bulk,0.0001,False,SCAN-ZFP,14450688,14450688,,,,,False,0,6,23
mp-1200041,bulk,0.0001,False,SCAN-SZ3,14450688,14450688,,,,,False,0,6,23
mp-1200041,bulk,0.0001,False,SCAN-SPERR,14450688,14450688,,,,,False,0,6,23
mp-1200041,bulk,0.0001,False,BISECT-ZFP,14450688,14450688,,,,,False,0,6,23
mp-1200041,bulk,0.0001,False,BISECT-SZ3,14450688,14450688,,,,,False,0,6,23
mp-1200041,bulk,0.0001,False,BISECT-SPERR,14450688,14450688,,,,,False,0,6,23
mp-1200041,bulk,0.001,False,EXHAUSTIVE,14450688,14450688,,,,,False,0,6,23
mp-1200041,bulk,0.001,False,SCAN,14450688,14450688,,,,,False,0,6,23
mp-1200041,bulk,0.001,False,BISECT,14450688,14450688,,,,,False,0,6,23
mp-1200041,bulk,0.001,False,SCAN-ZFP,14450688,14450688,,,,,False,0,6,23
mp-1200041,bulk,0.001,False,SCAN-SZ3,14450688,14450688,,,,,False,0,6,23
mp-1200041,bulk,0.001,False,SCAN-SPERR,14450688,14450688,,,,,False,0,6,23
mp-1200041,bulk,0.001,False,BISECT-ZFP,14450688,14450688,,,,,False,0,6,23
mp-1200041,bulk,0.001,False,BISECT-SZ3,14450688,14450688,,,,,False,0,6,23
mp-1200041,bulk,0.001,False,BISECT-SPERR,14450688,14450688,,,,,False,0,6,23
mp-1200041,bulk,0.01,True,EXHAUSTIVE,14450688,360281,SZ3,0.0001,40.10949231294462,40.10949231294462,True,23,29,23
mp-1200041,bulk,0.01,True,SCAN,14450688,360281,SZ3,0.0001,40.10949231294462,40.10949231294462,True,14,20,23
mp-1200041,bulk,0.01,True,BISECT,14450688,360281,SZ3,0.0001,40.10949231294462,40.10949231294462,True,9,15,23
mp-1200041,bulk,0.01,True,SCAN-ZFP,14450688,537976,ZFP,0.003,26.86121313961961,40.10949231294462,True,4,10,23
mp-1200041,bulk,0.01,True,SCAN-SZ3,14450688,360281,SZ3,0.0001,40.10949231294462,40.10949231294462,True,5,11,23
mp-1200041,bulk,0.01,True,SCAN-SPERR,14450688,1453108,SPERR,0.0001,9.94467582588493,40.10949231294462,True,5,11,23
mp-1200041,bulk,0.01,True,BISECT-ZFP,14450688,537976,ZFP,0.003,26.86121313961961,40.10949231294462,True,3,9,23
mp-1200041,bulk,0.01,True,BISECT-SZ3,14450688,360281,SZ3,0.0001,40.10949231294462,40.10949231294462,True,3,9,23
mp-1200041,bulk,0.01,True,BISECT-SPERR,14450688,1453108,SPERR,0.0001,9.94467582588493,40.10949231294462,True,3,9,23
mp-1200429,bulk,0.0001,True,EXHAUSTIVE,10321920,1298008,ZFP,3e-06,7.952123561642147,7.952123561642147,True,32,38,32
mp-1200429,bulk,0.0001,True,SCAN,10321920,1298008,ZFP,3e-06,7.952123561642147,7.952123561642147,True,27,33,32
mp-1200429,bulk,0.0001,True,BISECT,10321920,1298008,ZFP,3e-06,7.952123561642147,7.952123561642147,True,11,17,32
mp-1200429,bulk,0.0001,True,SCAN-ZFP,10321920,1298008,ZFP,3e-06,7.952123561642147,7.952123561642147,True,8,14,32
mp-1200429,bulk,0.0001,True,SCAN-SZ3,10321920,1418326,SZ3,3e-07,7.277537040144509,7.952123561642147,True,9,15,32
mp-1200429,bulk,0.0001,True,SCAN-SPERR,10321920,2359951,SPERR,3e-07,4.373785726907042,7.952123561642147,True,10,16,32
mp-1200429,bulk,0.0001,True,BISECT-ZFP,10321920,1298008,ZFP,3e-06,7.952123561642147,7.952123561642147,True,4,10,32
mp-1200429,bulk,0.0001,True,BISECT-SZ3,10321920,1418326,SZ3,3e-07,7.277537040144509,7.952123561642147,True,3,9,32
mp-1200429,bulk,0.0001,True,BISECT-SPERR,10321920,2359951,SPERR,3e-07,4.373785726907042,7.952123561642147,True,4,10,32
mp-1200429,bulk,0.001,True,EXHAUSTIVE,10321920,550152,SZ3,1e-05,18.761942154168302,18.761942154168302,True,32,38,32
mp-1200429,bulk,0.001,True,SCAN,10321920,550152,SZ3,1e-05,18.761942154168302,18.761942154168302,True,18,24,32
mp-1200429,bulk,0.001,True,BISECT,10321920,550152,SZ3,1e-05,18.761942154168302,18.761942154168302,True,11,17,32
mp-1200429,bulk,0.001,True,SCAN-ZFP,10321920,685912,ZFP,0.0001,15.048461027070529,18.761942154168302,True,5,11,32
mp-1200429,bulk,0.001,True,SCAN-SZ3,10321920,550152,SZ3,1e-05,18.761942154168302,18.761942154168302,True,6,12,32
mp-1200429,bulk,0.001,True,SCAN-SPERR,10321920,1544991,SPERR,1e-05,6.68089328675701,18.761942154168302,True,7,13,32
mp-1200429,bulk,0.001,True,BISECT-ZFP,10321920,685912,ZFP,0.0001,15.048461027070529,18.761942154168302,True,4,10,32
mp-1200429,bulk,0.001,True,BISECT-SZ3,10321920,550152,SZ3,1e-05,18.761942154168302,18.761942154168302,True,3,9,32
mp-1200429,bulk,0.001,True,BISECT-SPERR,10321920,1544991,SPERR,1e-05,6.68089328675701,18.761942154168302,True,4,10,32
mp-1200429,bulk,0.01,True,EXHAUSTIVE,10321920,199948,SZ3,0.0001,51.623021985716285,51.623021985716285,True,32,38,32
mp-1200429,bulk,0.01,True,SCAN,10321920,199948,SZ3,0.0001,51.623021985716285,51.623021985716285,True,11,17,32
mp-1200429,bulk,0.01,True,BISECT,10321920,199948,SZ3,0.0001,51.623021985716285,51.623021985716285,True,12,18,32
mp-1200429,bulk,0.01,True,SCAN-ZFP,10321920,280952,ZFP,0.003,36.73908710384692,51.623021985716285,True,2,8,32
mp-1200429,bulk,0.01,True,SCAN-SZ3,10321920,199948,SZ3,0.0001,51.623021985716285,51.623021985716285,True,4,10,32
mp-1200429,bulk,0.01,True,SCAN-SPERR,10321920,1003727,SPERR,0.0001,10.283593048707468,51.623021985716285,True,5,11,32
mp-1200429,bulk,0.01,True,BISECT-ZFP,10321920,280952,ZFP,0.003,36.73908710384692,51.623021985716285,True,4,10,32
mp-1200429,bulk,0.01,True,BISECT-SZ3,10321920,199948,SZ3,0.0001,51.623021985716285,51.623021985716285,True,4,10,32
mp-1200429,bulk,0.01,True,BISECT-SPERR,10321920,1003727,SPERR,0.0001,10.283593048707468,51.623021985716285,True,4,10,32
mp-1205681,bulk,0.0001,False,EXHAUSTIVE,7077888,7077888,,,,,False,0,6,33
mp-1205681,bulk,0.0001,False,SCAN,7077888,7077888,,,,,False,0,6,33
mp-1205681,bulk,0.0001,False,BISECT,7077888,7077888,,,,,False,0,6,33
mp-1205681,bulk,0.0001,False,SCAN-ZFP,7077888,7077888,,,,,False,0,6,33
mp-1205681,bulk,0.0001,False,SCAN-SZ3,7077888,7077888,,,,,False,0,6,33
mp-1205681,bulk,0.0001,False,SCAN-SPERR,7077888,7077888,,,,,False,0,6,33
mp-1205681,bulk,0.0001,False,BISECT-ZFP,7077888,7077888,,,,,False,0,6,33
mp-1205681,bulk,0.0001,False,BISECT-SZ3,7077888,7077888,,,,,False,0,6,33
mp-1205681,bulk,0.0001,False,BISECT-SPERR,7077888,7077888,,,,,False,0,6,33
mp-1205681,bulk,0.001,True,EXHAUSTIVE,7077888,246486,SPERR,1e-05,28.71517246415618,28.71517246415618,True,33,39,33
mp-1205681,bulk,0.001,True,SCAN,7077888,246486,SPERR,1e-05,28.71517246415618,28.71517246415618,True,19,25,33
mp-1205681,bulk,0.001,True,BISECT,7077888,246486,SPERR,1e-05,28.71517246415618,28.71517246415618,True,11,17,33
mp-1205681,bulk,0.001,True,SCAN-ZFP,7077888,511184,ZFP,0.0001,13.846067169551471,28.71517246415618,True,6,12,33
mp-1205681,bulk,0.001,True,SCAN-SZ3,7077888,363747,SZ3,1e-05,19.45827182079852,28.71517246415618,True,6,12,33
mp-1205681,bulk,0.001,True,SCAN-SPERR,7077888,246486,SPERR,1e-05,28.71517246415618,28.71517246415618,True,7,13,33
mp-1205681,bulk,0.001,True,BISECT-ZFP,7077888,511184,ZFP,0.0001,13.846067169551471,28.71517246415618,True,4,10,33
mp-1205681,bulk,0.001,True,BISECT-SZ3,7077888,363747,SZ3,1e-05,19.45827182079852,28.71517246415618,True,3,9,33
mp-1205681,bulk,0.001,True,BISECT-SPERR,7077888,246486,SPERR,1e-05,28.71517246415618,28.71517246415618,True,4,10,33
mp-1205681,bulk,0.01,True,EXHAUSTIVE,7077888,68715,SPERR,0.0003,103.00353634577604,103.00353634577604,True,33,39,33
mp-1205681,bulk,0.01,True,SCAN,7077888,68715,SPERR,0.0003,103.00353634577604,103.00353634577604,True,10,16,33
mp-1205681,bulk,0.01,True,BISECT,7077888,68715,SPERR,0.0003,103.00353634577604,103.00353634577604,True,11,17,33
mp-1205681,bulk,0.01,True,SCAN-ZFP,7077888,210312,ZFP,0.003,33.654228004108184,103.00353634577604,True,3,9,33
mp-1205681,bulk,0.01,True,SCAN-SZ3,7077888,76299,SZ3,0.0003,92.76514764282624,103.00353634577604,True,3,9,33
mp-1205681,bulk,0.01,True,SCAN-SPERR,7077888,68715,SPERR,0.0003,103.00353634577604,103.00353634577604,True,4,10,33
mp-1205681,bulk,0.01,True,BISECT-ZFP,7077888,210312,ZFP,0.003,33.654228004108184,103.00353634577604,True,4,10,33
mp-1205681,bulk,0.01,True,BISECT-SZ3,7077888,76299,SZ3,0.0003,92.76514764282624,103.00353634577604,True,3,9,33
mp-1205681,bulk,0.01,True,BISECT-SPERR,7077888,68715,SPERR,0.0003,103.00353634577604,103.00353634577604,True,4,10,33
mp-1206294,bulk,0.0001,False,EXHAUSTIVE,7077888,7077888,,,,,False,0,6,23
mp-1206294,bulk,0.0001,False,SCAN,7077888,7077888,,,,,False,0,6,23
mp-1206294,bulk,0.0001,False,BISECT,7077888,7077888,,,,,False,0,6,23
mp-1206294,bulk,0.0001,False,SCAN-ZFP,7077888,7077888,,,,,False,0,6,23
mp-1206294,bulk,0.0001,False,SCAN-SZ3,7077888,7077888,,,,,False,0,6,23
mp-1206294,bulk,0.0001,False,SCAN-SPERR,7077888,7077888,,,,,False,0,6,23
mp-1206294,bulk,0.0001,False,BISECT-ZFP,7077888,7077888,,,,,False,0,6,23
mp-1206294,bulk,0.0001,False,BISECT-SZ3,7077888,7077888,,,,,False,0,6,23
mp-1206294,bulk,0.0001,False,BISECT-SPERR,7077888,7077888,,,,,False,0,6,23
mp-1206294,bulk,0.001,False,EXHAUSTIVE,7077888,7077888,,,,,False,0,6,23
mp-1206294,bulk,0.001,False,SCAN,7077888,7077888,,,,,False,0,6,23
mp-1206294,bulk,0.001,False,BISECT,7077888,7077888,,,,,False,0,6,23
mp-1206294,bulk,0.001,False,SCAN-ZFP,7077888,7077888,,,,,False,0,6,23
mp-1206294,bulk,0.001,False,SCAN-SZ3,7077888,7077888,,,,,False,0,6,23
mp-1206294,bulk,0.001,False,SCAN-SPERR,7077888,7077888,,,,,False,0,6,23
mp-1206294,bulk,0.001,False,BISECT-ZFP,7077888,7077888,,,,,False,0,6,23
mp-1206294,bulk,0.001,False,BISECT-SZ3,7077888,7077888,,,,,False,0,6,23
mp-1206294,bulk,0.001,False,BISECT-SPERR,7077888,7077888,,,,,False,0,6,23
mp-1206294,bulk,0.01,True,EXHAUSTIVE,7077888,158559,SZ3,0.0001,44.638828448716254,44.638828448716254,True,23,29,23
mp-1206294,bulk,0.01,True,SCAN,7077888,158559,SZ3,0.0001,44.638828448716254,44.638828448716254,True,16,22,23
mp-1206294,bulk,0.01,True,BISECT,7077888,158559,SZ3,0.0001,44.638828448716254,44.638828448716254,True,9,15,23
mp-1206294,bulk,0.01,True,SCAN-ZFP,7077888,300720,ZFP,0.001,23.53647246608141,44.638828448716254,True,5,11,23
mp-1206294,bulk,0.01,True,SCAN-SZ3,7077888,158559,SZ3,0.0001,44.638828448716254,44.638828448716254,True,4,10,23
mp-1206294,bulk,0.01,True,SCAN-SPERR,7077888,195612,SPERR,3e-05,36.18330163793632,44.638828448716254,True,7,13,23
mp-1206294,bulk,0.01,True,BISECT-ZFP,7077888,300720,ZFP,0.001,23.53647246608141,44.638828448716254,True,3,9,23
mp-1206294,bulk,0.01,True,BISECT-SZ3,7077888,158559,SZ3,0.0001,44.638828448716254,44.638828448716254,True,3,9,23
mp-1206294,bulk,0.01,True,BISECT-SPERR,7077888,195612,SPERR,3e-05,36.18330163793632,44.638828448716254,True,3,9,23
mp-1206630,bulk,0.0001,False,EXHAUSTIVE,4838400,4838400,,,,,False,0,6,29
mp-1206630,bulk,0.0001,False,SCAN,4838400,4838400,,,,,False,0,6,29
mp-1206630,bulk,0.0001,False,BISECT,4838400,4838400,,,,,False,0,6,29
mp-1206630,bulk,0.0001,False,SCAN-ZFP,4838400,4838400,,,,,False,0,6,29
mp-1206630,bulk,0.0001,False,SCAN-SZ3,4838400,4838400,,,,,False,0,6,29
mp-1206630,bulk,0.0001,False,SCAN-SPERR,4838400,4838400,,,,,False,0,6,29
mp-1206630,bulk,0.0001,False,BISECT-ZFP,4838400,4838400,,,,,False,0,6,29
mp-1206630,bulk,0.0001,False,BISECT-SZ3,4838400,4838400,,,,,False,0,6,29
mp-1206630,bulk,0.0001,False,BISECT-SPERR,4838400,4838400,,,,,False,0,6,29
mp-1206630,bulk,0.001,True,EXHAUSTIVE,4838400,561800,ZFP,3e-06,8.612317550729797,8.612317550729797,True,29,35,29
mp-1206630,bulk,0.001,True,SCAN,4838400,561800,ZFP,3e-06,8.612317550729797,8.612317550729797,True,22,28,29
mp-1206630,bulk,0.001,True,BISECT,4838400,561800,ZFP,3e-06,8.612317550729797,8.612317550729797,True,11,17,29
mp-1206630,bulk,0.001,True,SCAN-ZFP,4838400,561800,ZFP,3e-06,8.612317550729797,8.612317550729797,True,8,14,29
mp-1206630,bulk,0.001,True,SCAN-SZ3,4838400,665033,SZ3,3e-07,7.275428437385814,8.612317550729797,True,8,14,29
mp-1206630,bulk,0.001,True,SCAN-SPERR,4838400,926253,SPERR,3e-06,5.223626806067025,8.612317550729797,True,6,12,29
mp-1206630,bulk,0.001,True,BISECT-ZFP,4838400,561800,ZFP,3e-06,8.612317550729797,8.612317550729797,True,4,10,29
mp-1206630,bulk,0.001,True,BISECT-SZ3,4838400,665033,SZ3,3e-07,7.275428437385814,8.612317550729797,True,3,9,29
mp-1206630,bulk,0.001,True,BISECT-SPERR,4838400,926253,SPERR,3e-06,5.223626806067025,8.612317550729797,True,4,10,29
mp-1206630,bulk,0.01,True,EXHAUSTIVE,4838400,148416,SZ3,3e-05,32.60025873221216,32.60025873221216,True,29,35,29
mp-1206630,bulk,0.01,True,SCAN,4838400,148416,SZ3,3e-05,32.60025873221216,32.60025873221216,True,11,17,29
mp-1206630,bulk,0.01,True,BISECT,4838400,176448,ZFP,0.001,27.421109902067464,32.60025873221216,True,10,16,29
mp-1206630,bulk,0.01,True,SCAN-ZFP,4838400,176448,ZFP,0.001,27.421109902067464,32.60025873221216,True,3,9,29
mp-1206630,bulk,0.01,True,SCAN-SZ3,4838400,148416,SZ3,3e-05,32.60025873221216,32.60025873221216,True,4,10,29
mp-1206630,bulk,0.01,True,SCAN-SPERR,4838400,674954,SPERR,3e-05,7.168488519217606,32.60025873221216,True,4,10,29
mp-1206630,bulk,0.01,True,BISECT-ZFP,4838400,176448,ZFP,0.001,27.421109902067464,32.60025873221216,True,3,9,29
mp-1206630,bulk,0.01,True,BISECT-SZ3,4838400,352800,SZ3,3e-06,13.714285714285714,32.60025873221216,True,4,10,29
mp-1206630,bulk,0.01,True,BISECT-SPERR,4838400,674954,SPERR,3e-05,7.168488519217606,32.60025873221216,True,3,9,29
mp-1207275,bulk,0.0001,False,EXHAUSTIVE,6451200,6451200,,,,,False,0,6,27
mp-1207275,bulk,0.0001,False,SCAN,6451200,6451200,,,,,False,0,6,27
mp-1207275,bulk,0.0001,False,BISECT,6451200,6451200,,,,,False,0,6,27
mp-1207275,bulk,0.0001,False,SCAN-ZFP,6451200,6451200,,,,,False,0,6,27
mp-1207275,bulk,0.0001,False,SCAN-SZ3,6451200,6451200,,,,,False,0,6,27
mp-1207275,bulk,0.0001,False,SCAN-SPERR,6451200,6451200,,,,,False,0,6,27
mp-1207275,bulk,0.0001,False,BISECT-ZFP,6451200,6451200,,,,,False,0,6,27
mp-1207275,bulk,0.0001,False,BISECT-SZ3,6451200,6451200,,,,,False,0,6,27
mp-1207275,bulk,0.0001,False,BISECT-SPERR,6451200,6451200,,,,,False,0,6,27
mp-1207275,bulk,0.001,True,EXHAUSTIVE,6451200,662496,ZFP,1e-05,9.737719171134618,9.737719171134618,True,27,33,27
mp-1207275,bulk,0.001,True,SCAN,6451200,662496,ZFP,1e-05,9.737719171134618,9.737719171134618,True,22,28,27
mp-1207275,bulk,0.001,True,BISECT,6451200,662496,ZFP,1e-05,9.737719171134618,9.737719171134618,True,9,15,27
mp-1207275,bulk,0.001,True,SCAN-ZFP,6451200,662496,ZFP,1e-05,9.737719171134618,9.737719171134618,True,6,12,27
mp-1207275,bulk,0.001,True,SCAN-SZ3,6451200,1116069,SZ3,1e-07,5.780287777906205,9.737719171134618,True,10,16,27
mp-1207275,bulk,0.001,True,SCAN-SPERR,6451200,1560105,SPERR,3e-07,4.135106290922726,9.737719171134618,True,6,12,27
mp-1207275,bulk,0.001,True,BISECT-ZFP,6451200,662496,ZFP,1e-05,9.737719171134618,9.737719171134618,True,3,9,27
mp-1207275,bulk,0.001,True,BISECT-SZ3,6451200,1116069,SZ3,1e-07,5.780287777906205,9.737719171134618,True,3,9,27
mp-1207275,bulk,0.001,True,BISECT-SPERR,6451200,1560105,SPERR,3e-07,4.135106290922726,9.737719171134618,True,3,9,27
mp-1207275,bulk,0.01,True,EXHAUSTIVE,6451200,312450,SZ3,1e-05,20.64714354296688,20.64714354296688,True,27,33,27
mp-1207275,bulk,0.01,True,SCAN,6451200,312450,SZ3,1e-05,20.64714354296688,20.64714354296688,True,12,18,27
mp-1207275,bulk,0.01,True,BISECT,6451200,312450,SZ3,1e-05,20.64714354296688,20.64714354296688,True,9,15,27
mp-1207275,bulk,0.01,True,SCAN-ZFP,6451200,320008,ZFP,0.0003,20.15949601259969,20.64714354296688,True,3,9,27
mp-1207275,bulk,0.01,True,SCAN-SZ3,6451200,312450,SZ3,1e-05,20.64714354296688,20.64714354296688,True,6,12,27
mp-1207275,bulk,0.01,True,SCAN-SPERR,6451200,1048046,SPERR,1e-05,6.1554550086542,20.64714354296688,True,3,9,27
mp-1207275,bulk,0.01,True,BISECT-ZFP,6451200,320008,ZFP,0.0003,20.15949601259969,20.64714354296688,True,3,9,27
mp-1207275,bulk,0.01,True,BISECT-SZ3,6451200,312450,SZ3,1e-05,20.64714354296688,20.64714354296688,True,3,9,27
mp-1207275,bulk,0.01,True,BISECT-SPERR,6451200,1048046,SPERR,1e-05,6.1554550086542,20.64714354296688,True,3,9,27
mp-1209117,bulk,0.0001,False,EXHAUSTIVE,12441600,12441600,,,,,False,0,6,19
mp-1209117,bulk,0.0001,False,SCAN,12441600,12441600,,,,,False,0,6,19
mp-1209117,bulk,0.0001,False,BISECT,12441600,12441600,,,,,False,0,6,19
mp-1209117,bulk,0.0001,False,SCAN-ZFP,12441600,12441600,,,,,False,0,6,19
mp-1209117,bulk,0.0001,False,SCAN-SZ3,12441600,12441600,,,,,False,0,6,19
mp-1209117,bulk,0.0001,False,SCAN-SPERR,12441600,12441600,,,,,False,0,6,19
mp-1209117,bulk,0.0001,False,BISECT-ZFP,12441600,12441600,,,,,False,0,6,19
mp-1209117,bulk,0.0001,False,BISECT-SZ3,12441600,12441600,,,,,False,0,6,19
mp-1209117,bulk,0.0001,False,BISECT-SPERR,12441600,12441600,,,,,False,0,6,19
mp-1209117,bulk,0.001,False,EXHAUSTIVE,12441600,12441600,,,,,False,0,6,19
mp-1209117,bulk,0.001,False,SCAN,12441600,12441600,,,,,False,0,6,19
mp-1209117,bulk,0.001,False,BISECT,12441600,12441600,,,,,False,0,6,19
mp-1209117,bulk,0.001,False,SCAN-ZFP,12441600,12441600,,,,,False,0,6,19
mp-1209117,bulk,0.001,False,SCAN-SZ3,12441600,12441600,,,,,False,0,6,19
mp-1209117,bulk,0.001,False,SCAN-SPERR,12441600,12441600,,,,,False,0,6,19
mp-1209117,bulk,0.001,False,BISECT-ZFP,12441600,12441600,,,,,False,0,6,19
mp-1209117,bulk,0.001,False,BISECT-SZ3,12441600,12441600,,,,,False,0,6,19
mp-1209117,bulk,0.001,False,BISECT-SPERR,12441600,12441600,,,,,False,0,6,19
mp-1209117,bulk,0.01,False,EXHAUSTIVE,12441600,12441600,,,,,False,0,6,19
mp-1209117,bulk,0.01,False,SCAN,12441600,12441600,,,,,False,0,6,19
mp-1209117,bulk,0.01,False,BISECT,12441600,12441600,,,,,False,0,6,19
mp-1209117,bulk,0.01,False,SCAN-ZFP,12441600,12441600,,,,,False,0,6,19
mp-1209117,bulk,0.01,False,SCAN-SZ3,12441600,12441600,,,,,False,0,6,19
mp-1209117,bulk,0.01,False,SCAN-SPERR,12441600,12441600,,,,,False,0,6,19
mp-1209117,bulk,0.01,False,BISECT-ZFP,12441600,12441600,,,,,False,0,6,19
mp-1209117,bulk,0.01,False,BISECT-SZ3,12441600,12441600,,,,,False,0,6,19
mp-1209117,bulk,0.01,False,BISECT-SPERR,12441600,12441600,,,,,False,0,6,19
mp-1209933,bulk,0.0001,False,EXHAUSTIVE,19660800,19660800,,,,,False,0,6,26
mp-1209933,bulk,0.0001,False,SCAN,19660800,19660800,,,,,False,0,6,26
mp-1209933,bulk,0.0001,False,BISECT,19660800,19660800,,,,,False,0,6,26
mp-1209933,bulk,0.0001,False,SCAN-ZFP,19660800,19660800,,,,,False,0,6,26
mp-1209933,bulk,0.0001,False,SCAN-SZ3,19660800,19660800,,,,,False,0,6,26
mp-1209933,bulk,0.0001,False,SCAN-SPERR,19660800,19660800,,,,,False,0,6,26
mp-1209933,bulk,0.0001,False,BISECT-ZFP,19660800,19660800,,,,,False,0,6,26
mp-1209933,bulk,0.0001,False,BISECT-SZ3,19660800,19660800,,,,,False,0,6,26
mp-1209933,bulk,0.0001,False,BISECT-SPERR,19660800,19660800,,,,,False,0,6,26
mp-1209933,bulk,0.001,True,EXHAUSTIVE,19660800,1783144,ZFP,3e-06,11.02591826571494,11.02591826571494,True,26,32,26
mp-1209933,bulk,0.001,True,SCAN,19660800,1783144,ZFP,3e-06,11.02591826571494,11.02591826571494,True,21,27,26
mp-1209933,bulk,0.001,True,BISECT,19660800,1783144,ZFP,3e-06,11.02591826571494,11.02591826571494,True,10,16,26
mp-1209933,bulk,0.001,True,SCAN-ZFP,19660800,1783144,ZFP,3e-06,11.02591826571494,11.02591826571494,True,7,13,26
mp-1209933,bulk,0.001,True,SCAN-SZ3,19660800,2263604,SZ3,1e-07,8.685618155825843,11.02591826571494,True,8,14,26
mp-1209933,bulk,0.001,True,SCAN-SPERR,19660800,3471127,SPERR,1e-06,5.664096992129646,11.02591826571494,True,6,12,26
mp-1209933,bulk,0.001,True,BISECT-ZFP,19660800,1783144,ZFP,3e-06,11.02591826571494,11.02591826571494,True,4,10,26
mp-1209933,bulk,0.001,True,BISECT-SZ3,19660800,2263604,SZ3,1e-07,8.685618155825843,11.02591826571494,True,3,9,26
mp-1209933,bulk,0.001,True,BISECT-SPERR,19660800,4493324,SPERR,1e-07,4.375558050120579,11.02591826571494,True,3,9,26
mp-1209933,bulk,0.01,True,EXHAUSTIVE,19660800,251238,SZ3,3e-05,78.25567788312277,78.25567788312277,True,26,32,26
mp-1209933,bulk,0.01,True,SCAN,19660800,251238,SZ3,3e-05,78.25567788312277,78.25567788312277,True,10,16,26
mp-1209933,bulk,0.01,True,BISECT,19660800,251238,SZ3,3e-05,78.25567788312277,78.25567788312277,True,9,15,26
mp-1209933,bulk,0.01,True,SCAN-ZFP,19660800,744464,ZFP,0.0003,26.40933611296181,78.25567788312277,True,3,9,26
mp-1209933,bulk,0.01,True,SCAN-SZ3,19660800,251238,SZ3,3e-05,78.25567788312277,78.25567788312277,True,3,9,26
mp-1209933,bulk,0.01,True,SCAN-SPERR,19660800,2432649,SPERR,1e-05,8.082053761146799,78.25567788312277,True,4,10,26
mp-1209933,bulk,0.01,True,BISECT-ZFP,19660800,744464,ZFP,0.0003,26.40933611296181,78.25567788312277,True,3,9,26
mp-1209933,bulk,0.01,True,BISECT-SZ3,19660800,251238,SZ3,3e-05,78.25567788312277,78.25567788312277,True,3,9,26
mp-1209933,bulk,0.01,True,BISECT-SPERR,19660800,2432649,SPERR,1e-05,8.082053761146799,78.25567788312277,True,3,9,26
mp-1211145,bulk,0.0001,False,EXHAUSTIVE,10321920,10321920,,,,,False,0,6,34
mp-1211145,bulk,0.0001,False,SCAN,10321920,10321920,,,,,False,0,6,34
mp-1211145,bulk,0.0001,False,BISECT,10321920,10321920,,,,,False,0,6,34
mp-1211145,bulk,0.0001,False,SCAN-ZFP,10321920,10321920,,,,,False,0,6,34
mp-1211145,bulk,0.0001,False,SCAN-SZ3,10321920,10321920,,,,,False,0,6,34
mp-1211145,bulk,0.0001,False,SCAN-SPERR,10321920,10321920,,,,,False,0,6,34
mp-1211145,bulk,0.0001,False,BISECT-ZFP,10321920,10321920,,,,,False,0,6,34
mp-1211145,bulk,0.0001,False,BISECT-SZ3,10321920,10321920,,,,,False,0,6,34
mp-1211145,bulk,0.0001,False,BISECT-SPERR,10321920,10321920,,,,,False,0,6,34
mp-1211145,bulk,0.001,True,EXHAUSTIVE,10321920,630377,SZ3,1e-05,16.374201469914034,16.374201469914034,True,34,40,34
mp-1211145,bulk,0.001,True,SCAN,10321920,630377,SZ3,1e-05,16.374201469914034,16.374201469914034,True,19,25,34
mp-1211145,bulk,0.001,True,BISECT,10321920,630377,SZ3,1e-05,16.374201469914034,16.374201469914034,True,12,18,34
mp-1211145,bulk,0.001,True,SCAN-ZFP,10321920,638464,ZFP,0.0003,16.16680032076985,16.374201469914034,True,5,11,34
mp-1211145,bulk,0.001,True,SCAN-SZ3,10321920,630377,SZ3,1e-05,16.374201469914034,16.374201469914034,True,7,13,34
mp-1211145,bulk,0.001,True,SCAN-SPERR,10321920,1709238,SPERR,1e-05,6.038901545601022,16.374201469914034,True,7,13,34
mp-1211145,bulk,0.001,True,BISECT-ZFP,10321920,638464,ZFP,0.0003,16.16680032076985,16.374201469914034,True,4,10,34
mp-1211145,bulk,0.001,True,BISECT-SZ3,10321920,630377,SZ3,1e-05,16.374201469914034,16.374201469914034,True,4,10,34
mp-1211145,bulk,0.001,True,BISECT-SPERR,10321920,1709238,SPERR,1e-05,6.038901545601022,16.374201469914034,True,4,10,34
mp-1211145,bulk,0.01,True,EXHAUSTIVE,10321920,141293,SZ3,0.0003,73.05330058813954,73.05330058813954,True,34,40,34
mp-1211145,bulk,0.01,True,SCAN,10321920,141293,SZ3,0.0003,73.05330058813954,73.05330058813954,True,12,18,34
mp-1211145,bulk,0.01,True,BISECT,10321920,141293,SZ3,0.0003,73.05330058813954,73.05330058813954,True,12,18,34
mp-1211145,bulk,0.01,True,SCAN-ZFP,10321920,379688,ZFP,0.003,27.185267904173955,73.05330058813954,True,3,9,34
mp-1211145,bulk,0.01,True,SCAN-SZ3,10321920,141293,SZ3,0.0003,73.05330058813954,73.05330058813954,True,4,10,34
mp-1211145,bulk,0.01,True,SCAN-SPERR,10321920,1167754,SPERR,0.0001,8.839121938353454,73.05330058813954,True,5,11,34
mp-1211145,bulk,0.01,True,BISECT-ZFP,10321920,379688,ZFP,0.003,27.185267904173955,73.05330058813954,True,4,10,34
mp-1211145,bulk,0.01,True,BISECT-SZ3,10321920,141293,SZ3,0.0003,73.05330058813954,73.05330058813954,True,4,10,34
mp-1211145,bulk,0.01,True,BISECT-SPERR,10321920,1167754,SPERR,0.0001,8.839121938353454,73.05330058813954,True,4,10,34
mp-1211797,bulk,0.0001,False,EXHAUSTIVE,16934400,16934400,,,,,False,0,6,18
mp-1211797,bulk,0.0001,False,SCAN,16934400,16934400,,,,,False,0,6,18
mp-1211797,bulk,0.0001,False,BISECT,16934400,16934400,,,,,False,0,6,18
mp-1211797,bulk,0.0001,False,SCAN-ZFP,16934400,16934400,,,,,False,0,6,18
mp-1211797,bulk,0.0001,False,SCAN-SZ3,16934400,16934400,,,,,False,0,6,18
mp-1211797,bulk,0.0001,False,SCAN-SPERR,16934400,16934400,,,,,False,0,6,18
mp-1211797,bulk,0.0001,False,BISECT-ZFP,16934400,16934400,,,,,False,0,6,18
mp-1211797,bulk,0.0001,False,BISECT-SZ3,16934400,16934400,,,,,False,0,6,18
mp-1211797,bulk,0.0001,False,BISECT-SPERR,16934400,16934400,,,,,False,0,6,18
mp-1211797,bulk,0.001,False,EXHAUSTIVE,16934400,16934400,,,,,False,0,6,18
mp-1211797,bulk,0.001,False,SCAN,16934400,16934400,,,,,False,0,6,18
mp-1211797,bulk,0.001,False,BISECT,16934400,16934400,,,,,False,0,6,18
mp-1211797,bulk,0.001,False,SCAN-ZFP,16934400,16934400,,,,,False,0,6,18
mp-1211797,bulk,0.001,False,SCAN-SZ3,16934400,16934400,,,,,False,0,6,18
mp-1211797,bulk,0.001,False,SCAN-SPERR,16934400,16934400,,,,,False,0,6,18
mp-1211797,bulk,0.001,False,BISECT-ZFP,16934400,16934400,,,,,False,0,6,18
mp-1211797,bulk,0.001,False,BISECT-SZ3,16934400,16934400,,,,,False,0,6,18
mp-1211797,bulk,0.001,False,BISECT-SPERR,16934400,16934400,,,,,False,0,6,18
mp-1211797,bulk,0.01,True,EXHAUSTIVE,16934400,325243,SZ3,3e-05,52.06691612117709,52.06691612117709,True,18,24,18
mp-1211797,bulk,0.01,True,SCAN,16934400,325243,SZ3,3e-05,52.06691612117709,52.06691612117709,True,13,19,18
mp-1211797,bulk,0.01,True,BISECT,16934400,325243,SZ3,3e-05,52.06691612117709,52.06691612117709,True,9,15,18
mp-1211797,bulk,0.01,True,SCAN-ZFP,16934400,709304,ZFP,0.0003,23.87467150897217,52.06691612117709,True,5,11,18
mp-1211797,bulk,0.01,True,SCAN-SZ3,16934400,325243,SZ3,3e-05,52.06691612117709,52.06691612117709,True,4,10,18
mp-1211797,bulk,0.01,True,SCAN-SPERR,16934400,2022018,SPERR,3e-05,8.37499962908342,52.06691612117709,True,4,10,18
mp-1211797,bulk,0.01,True,BISECT-ZFP,16934400,709304,ZFP,0.0003,23.87467150897217,52.06691612117709,True,3,9,18
mp-1211797,bulk,0.01,True,BISECT-SZ3,16934400,325243,SZ3,3e-05,52.06691612117709,52.06691612117709,True,3,9,18
mp-1211797,bulk,0.01,True,BISECT-SPERR,16934400,2022018,SPERR,3e-05,8.37499962908342,52.06691612117709,True,3,9,18
mp-1213918,bulk,0.0001,True,EXHAUSTIVE,3981312,481099,SZ3,1e-07,8.275452661510418,8.275452661510418,True,28,34,28
mp-1213918,bulk,0.0001,True,SCAN,3981312,481099,SZ3,1e-07,8.275452661510418,8.275452661510418,True,26,32,28
mp-1213918,bulk,0.0001,True,BISECT,3981312,481099,SZ3,1e-07,8.275452661510418,8.275452661510418,True,9,15,28
mp-1213918,bulk,0.0001,True,SCAN-ZFP,3981312,501448,ZFP,1e-06,7.939630829118871,8.275452661510418,True,9,15,28
mp-1213918,bulk,0.0001,True,SCAN-SZ3,3981312,481099,SZ3,1e-07,8.275452661510418,8.275452661510418,True,9,15,28
mp-1213918,bulk,0.0001,True,SCAN-SPERR,3981312,869228,SPERR,1e-07,4.580285034536393,8.275452661510418,True,8,14,28
mp-1213918,bulk,0.0001,True,BISECT-ZFP,3981312,501448,ZFP,1e-06,7.939630829118871,8.275452661510418,True,3,9,28
mp-1213918,bulk,0.0001,True,BISECT-SZ3,3981312,481099,SZ3,1e-07,8.275452661510418,8.275452661510418,True,3,9,28
mp-1213918,bulk,0.0001,True,BISECT-SPERR,3981312,869228,SPERR,1e-07,4.580285034536393,8.275452661510418,True,3,9,28
mp-1213918,bulk,0.001,True,EXHAUSTIVE,3981312,271712,ZFP,3e-05,14.652691084677894,14.652691084677894,True,28,34,28
mp-1213918,bulk,0.001,True,SCAN,3981312,271712,ZFP,3e-05,14.652691084677894,14.652691084677894,True,19,25,28
mp-1213918,bulk,0.001,True,BISECT,3981312,271712,ZFP,3e-05,14.652691084677894,14.652691084677894,True,10,16,28
mp-1213918,bulk,0.001,True,SCAN-ZFP,3981312,271712,ZFP,3e-05,14.652691084677894,14.652691084677894,True,6,12,28
mp-1213918,bulk,0.001,True,SCAN-SZ3,3981312,290987,SZ3,1e-06,13.682095763728276,14.652691084677894,True,7,13,28
mp-1213918,bulk,0.001,True,SCAN-SPERR,3981312,662331,SPERR,1e-06,6.011060934789403,14.652691084677894,True,6,12,28
mp-1213918,bulk,0.001,True,BISECT-ZFP,3981312,271712,ZFP,3e-05,14.652691084677894,14.652691084677894,True,3,9,28
mp-1213918,bulk,0.001,True,BISECT-SZ3,3981312,290987,SZ3,1e-06,13.682095763728276,14.652691084677894,True,4,10,28
mp-1213918,bulk,0.001,True,BISECT-SPERR,3981312,662331,SPERR,1e-06,6.011060934789403,14.652691084677894,True,3,9,28
mp-1213918,bulk,0.01,True,EXHAUSTIVE,3981312,82860,SZ3,3e-05,48.048660391021,48.048660391021,True,28,34,28
mp-1213918,bulk,0.01,True,SCAN,3981312,82860,SZ3,3e-05,48.048660391021,48.048660391021,True,10,16,28
mp-1213918,bulk,0.01,True,BISECT,3981312,82860,SZ3,3e-05,48.048660391021,48.048660391021,True,9,15,28
mp-1213918,bulk,0.01,True,SCAN-ZFP,3981312,118584,ZFP,0.001,33.57377049180328,48.048660391021,True,3,9,28
mp-1213918,bulk,0.01,True,SCAN-SZ3,3981312,82860,SZ3,3e-05,48.048660391021,48.048660391021,True,4,10,28
mp-1213918,bulk,0.01,True,SCAN-SPERR,3981312,373924,SPERR,3e-05,10.64738289064088,48.048660391021,True,3,9,28
mp-1213918,bulk,0.01,True,BISECT-ZFP,3981312,118584,ZFP,0.001,33.57377049180328,48.048660391021,True,3,9,28
mp-1213918,bulk,0.01,True,BISECT-SZ3,3981312,82860,SZ3,3e-05,48.048660391021,48.048660391021,True,3,9,28
mp-1213918,bulk,0.01,True,BISECT-SPERR,3981312,373924,SPERR,3e-05,10.64738289064088,48.048660391021,True,3,9,28
mp-1215324,bulk,0.0001,False,EXHAUSTIVE,6553600,6553600,,,,,False,0,6,16
mp-1215324,bulk,0.0001,False,SCAN,6553600,6553600,,,,,False,0,6,16
mp-1215324,bulk,0.0001,False,BISECT,6553600,6553600,,,,,False,0,6,16
mp-1215324,bulk,0.0001,False,SCAN-ZFP,6553600,6553600,,,,,False,0,6,16
mp-1215324,bulk,0.0001,False,SCAN-SZ3,6553600,6553600,,,,,False,0,6,16
mp-1215324,bulk,0.0001,False,SCAN-SPERR,6553600,6553600,,,,,False,0,6,16
mp-1215324,bulk,0.0001,False,BISECT-ZFP,6553600,6553600,,,,,False,0,6,16
mp-1215324,bulk,0.0001,False,BISECT-SZ3,6553600,6553600,,,,,False,0,6,16
mp-1215324,bulk,0.0001,False,BISECT-SPERR,6553600,6553600,,,,,False,0,6,16
mp-1215324,bulk,0.001,False,EXHAUSTIVE,6553600,6553600,,,,,False,0,6,16
mp-1215324,bulk,0.001,False,SCAN,6553600,6553600,,,,,False,0,6,16
mp-1215324,bulk,0.001,False,BISECT,6553600,6553600,,,,,False,0,6,16
mp-1215324,bulk,0.001,False,SCAN-ZFP,6553600,6553600,,,,,False,0,6,16
mp-1215324,bulk,0.001,False,SCAN-SZ3,6553600,6553600,,,,,False,0,6,16
mp-1215324,bulk,0.001,False,SCAN-SPERR,6553600,6553600,,,,,False,0,6,16
mp-1215324,bulk,0.001,False,BISECT-ZFP,6553600,6553600,,,,,False,0,6,16
mp-1215324,bulk,0.001,False,BISECT-SZ3,6553600,6553600,,,,,False,0,6,16
mp-1215324,bulk,0.001,False,BISECT-SPERR,6553600,6553600,,,,,False,0,6,16
mp-1215324,bulk,0.01,False,EXHAUSTIVE,6553600,6553600,,,,,False,0,6,16
mp-1215324,bulk,0.01,False,SCAN,6553600,6553600,,,,,False,0,6,16
mp-1215324,bulk,0.01,False,BISECT,6553600,6553600,,,,,False,0,6,16
mp-1215324,bulk,0.01,False,SCAN-ZFP,6553600,6553600,,,,,False,0,6,16
mp-1215324,bulk,0.01,False,SCAN-SZ3,6553600,6553600,,,,,False,0,6,16
mp-1215324,bulk,0.01,False,SCAN-SPERR,6553600,6553600,,,,,False,0,6,16
mp-1215324,bulk,0.01,False,BISECT-ZFP,6553600,6553600,,,,,False,0,6,16
mp-1215324,bulk,0.01,False,BISECT-SZ3,6553600,6553600,,,,,False,0,6,16
mp-1215324,bulk,0.01,False,BISECT-SPERR,6553600,6553600,,,,,False,0,6,16
mp-1218887,bulk,0.0001,False,EXHAUSTIVE,3981312,3981312,,,,,False,0,6,33
mp-1218887,bulk,0.0001,False,SCAN,3981312,3981312,,,,,False,0,6,33
mp-1218887,bulk,0.0001,False,BISECT,3981312,3981312,,,,,False,0,6,33
mp-1218887,bulk,0.0001,False,SCAN-ZFP,3981312,3981312,,,,,False,0,6,33
mp-1218887,bulk,0.0001,False,SCAN-SZ3,3981312,3981312,,,,,False,0,6,33
mp-1218887,bulk,0.0001,False,SCAN-SPERR,3981312,3981312,,,,,False,0,6,33
mp-1218887,bulk,0.0001,False,BISECT-ZFP,3981312,3981312,,,,,False,0,6,33
mp-1218887,bulk,0.0001,False,BISECT-SZ3,3981312,3981312,,,,,False,0,6,33
mp-1218887,bulk,0.0001,False,BISECT-SPERR,3981312,3981312,,,,,False,0,6,33
mp-1218887,bulk,0.001,True,EXHAUSTIVE,3981312,285283,SZ3,1e-06,13.9556580658504,13.9556580658504,True,33,39,33
mp-1218887,bulk,0.001,True,SCAN,3981312,285283,SZ3,1e-06,13.9556580658504,13.9556580658504,True,27,33,33
mp-1218887,bulk,0.001,True,BISECT,3981312,422056,ZFP,3e-06,9.43313683492238,13.9556580658504,True,11,17,33
mp-1218887,bulk,0.001,True,SCAN-ZFP,3981312,422056,ZFP,3e-06,9.43313683492238,13.9556580658504,True,10,16,33
mp-1218887,bulk,0.001,True,SCAN-SZ3,3981312,285283,SZ3,1e-06,13.9556580658504,13.9556580658504,True,7,13,33
mp-1218887,bulk,0.001,True,SCAN-SPERR,3981312,847088,SPERR,3e-07,4.69999811117617,13.9556580658504,True,10,16,33
mp-1218887,bulk,0.001,True,BISECT-ZFP,3981312,422056,ZFP,3e-06,9.43313683492238,13.9556580658504,True,4,10,33
mp-1218887,bulk,0.001,True,BISECT-SZ3,3981312,480800,SZ3,1e-07,8.280599001663894,13.9556580658504,True,3,9,33
mp-1218887,bulk,0.001,True,BISECT-SPERR,3981312,847088,SPERR,3e-07,4.69999811117617,13.9556580658504,True,4,10,33
mp-1218887,bulk,0.01,True,EXHAUSTIVE,3981312,22276,SZ3,0.0003,178.72652181720238,178.72652181720238,True,33,39,33
mp-1218887,bulk,0.01,True,SCAN,3981312,22276,SZ3,0.0003,178.72652181720238,178.72652181720238,True,13,19,33
mp-1218887,bulk,0.01,True,BISECT,3981312,22276,SZ3,0.0003,178.72652181720238,178.72652181720238,True,11,17,33
mp-1218887,bulk,0.01,True,SCAN-ZFP,3981312,120704,ZFP,0.001,32.98409331919406,178.72652181720238,True,5,11,33
mp-1218887,bulk,0.01,True,SCAN-SZ3,3981312,22276,SZ3,0.0003,178.72652181720238,178.72652181720238,True,2,8,33
mp-1218887,bulk,0.01,True,SCAN-SPERR,3981312,434842,SPERR,3e-05,9.155766922238422,178.72652181720238,True,6,12,33
mp-1218887,bulk,0.01,True,BISECT-ZFP,3981312,120704,ZFP,0.001,32.98409331919406,178.72652181720238,True,4,10,33
mp-1218887,bulk,0.01,True,BISECT-SZ3,3981312,22276,SZ3,0.0003,178.72652181720238,178.72652181720238,True,4,10,33
mp-1218887,bulk,0.01,True,BISECT-SPERR,3981312,434842,SPERR,3e-05,9.155766922238422,178.72652181720238,True,3,9,33
mp-1219705,bulk,0.0001,True,EXHAUSTIVE,2408448,243336,ZFP,1e-05,9.89762303974751,9.89762303974751,True,33,39,33
mp-1219705,bulk,0.0001,True,SCAN,2408448,243336,ZFP,1e-05,9.89762303974751,9.89762303974751,True,29,35,33
mp-1219705,bulk,0.0001,True,BISECT,2408448,243336,ZFP,1e-05,9.89762303974751,9.89762303974751,True,11,17,33
mp-1219705,bulk,0.0001,True,SCAN-ZFP,2408448,243336,ZFP,1e-05,9.89762303974751,9.89762303974751,True,8,14,33
mp-1219705,bulk,0.0001,True,SCAN-SZ3,2408448,381454,SZ3,1e-07,6.313862221919288,9.89762303974751,True,11,17,33
mp-1219705,bulk,0.0001,True,SCAN-SPERR,2408448,639826,SPERR,1e-07,3.764223398236396,9.89762303974751,True,10,16,33
mp-1219705,bulk,0.0001,True,BISECT-ZFP,2408448,243336,ZFP,1e-05,9.89762303974751,9.89762303974751,True,4,10,33
mp-1219705,bulk,0.0001,True,BISECT-SZ3,2408448,381454,SZ3,1e-07,6.313862221919288,9.89762303974751,True,4,10,33
mp-1219705,bulk,0.0001,True,BISECT-SPERR,2408448,639826,SPERR,1e-07,3.764223398236396,9.89762303974751,True,3,9,33
mp-1219705,bulk,0.001,True,EXHAUSTIVE,2408448,85040,ZFP,0.001,28.32135465663217,28.32135465663217,True,33,39,33
mp-1219705,bulk,0.001,True,SCAN,2408448,85040,ZFP,0.001,28.32135465663217,28.32135465663217,True,17,23,33
mp-1219705,bulk,0.001,True,BISECT,2408448,85040,ZFP,0.001,28.32135465663217,28.32135465663217,True,12,18,33
mp-1219705,bulk,0.001,True,SCAN-ZFP,2408448,85040,ZFP,0.001,28.32135465663217,28.32135465663217,True,4,10,33
mp-1219705,bulk,0.001,True,SCAN-SZ3,2408448,157361,SZ3,3e-06,15.305240815704018,28.32135465663217,True,8,14,33
mp-1219705,bulk,0.001,True,SCAN-SPERR,2408448,327869,SPERR,3e-05,7.345763094406608,28.32135465663217,True,5,11,33
mp-1219705,bulk,0.001,True,BISECT-ZFP,2408448,85040,ZFP,0.001,28.32135465663217,28.32135465663217,True,4,10,33
mp-1219705,bulk,0.001,True,BISECT-SZ3,2408448,157361,SZ3,3e-06,15.305240815704018,28.32135465663217,True,4,10,33
mp-1219705,bulk,0.001,True,BISECT-SPERR,2408448,455076,SPERR,3e-06,5.2924083010310365,28.32135465663217,True,4,10,33
mp-1219705,bulk,0.01,True,EXHAUSTIVE,2408448,11037,SZ3,0.001,218.21581951617287,218.21581951617287,True,33,39,33
mp-1219705,bulk,0.01,True,SCAN,2408448,11037,SZ3,0.001,218.21581951617287,218.21581951617287,True,9,15,33
mp-1219705,bulk,0.01,True,BISECT,2408448,11037,SZ3,0.001,218.21581951617287,218.21581951617287,True,11,17,33
mp-1219705,bulk,0.01,True,SCAN-ZFP,2408448,48136,ZFP,0.01,50.034236330397206,218.21581951617287,True,2,8,33
mp-1219705,bulk,0.01,True,SCAN-SZ3,2408448,11037,SZ3,0.001,218.21581951617287,218.21581951617287,True,3,9,33
mp-1219705,bulk,0.01,True,SCAN-SPERR,2408448,261555,SPERR,0.0001,9.208189482135689,218.21581951617287,True,4,10,33
mp-1219705,bulk,0.01,True,BISECT-ZFP,2408448,48136,ZFP,0.01,50.034236330397206,218.21581951617287,True,4,10,33
mp-1219705,bulk,0.01,True,BISECT-SZ3,2408448,11037,SZ3,0.001,218.21581951617287,218.21581951617287,True,3,9,33
mp-1219705,bulk,0.01,True,BISECT-SPERR,2408448,261555,SPERR,0.0001,9.208189482135689,218.21581951617287,True,4,10,33
mp-1222924,bulk,0.0001,False,EXHAUSTIVE,4096000,4096000,,,,,False,0,6,17
mp-1222924,bulk,0.0001,False,SCAN,4096000,4096000,,,,,False,0,6,17
mp-1222924,bulk,0.0001,False,BISECT,4096000,4096000,,,,,False,0,6,17
mp-1222924,bulk,0.0001,False,SCAN-ZFP,4096000,4096000,,,,,False,0,6,17
mp-1222924,bulk,0.0001,False,SCAN-SZ3,4096000,4096000,,,,,False,0,6,17
mp-1222924,bulk,0.0001,False,SCAN-SPERR,4096000,4096000,,,,,False,0,6,17
mp-1222924,bulk,0.0001,False,BISECT-ZFP,4096000,4096000,,,,,False,0,6,17
mp-1222924,bulk,0.0001,False,BISECT-SZ3,4096000,4096000,,,,,False,0,6,17
mp-1222924,bulk,0.0001,False,BISECT-SPERR,4096000,4096000,,,,,False,0,6,17
mp-1222924,bulk,0.001,False,EXHAUSTIVE,4096000,4096000,,,,,False,0,6,17
mp-1222924,bulk,0.001,False,SCAN,4096000,4096000,,,,,False,0,6,17
mp-1222924,bulk,0.001,False,BISECT,4096000,4096000,,,,,False,0,6,17
mp-1222924,bulk,0.001,False,SCAN-ZFP,4096000,4096000,,,,,False,0,6,17
mp-1222924,bulk,0.001,False,SCAN-SZ3,4096000,4096000,,,,,False,0,6,17
mp-1222924,bulk,0.001,False,SCAN-SPERR,4096000,4096000,,,,,False,0,6,17
mp-1222924,bulk,0.001,False,BISECT-ZFP,4096000,4096000,,,,,False,0,6,17
mp-1222924,bulk,0.001,False,BISECT-SZ3,4096000,4096000,,,,,False,0,6,17
mp-1222924,bulk,0.001,False,BISECT-SPERR,4096000,4096000,,,,,False,0,6,17
mp-1222924,bulk,0.01,True,EXHAUSTIVE,4096000,449152,ZFP,3e-05,9.119407238529496,9.119407238529496,True,17,23,17
mp-1222924,bulk,0.01,True,SCAN,4096000,449152,ZFP,3e-05,9.119407238529496,9.119407238529496,True,16,22,17
mp-1222924,bulk,0.01,True,BISECT,4096000,449152,ZFP,3e-05,9.119407238529496,9.119407238529496,True,8,14,17
mp-1222924,bulk,0.01,True,SCAN-ZFP,4096000,449152,ZFP,3e-05,9.119407238529496,9.119407238529496,True,6,12,17
mp-1222924,bulk,0.01,True,SCAN-SZ3,4096000,4096000,,,,9.119407238529496,True,3,9,17
mp-1222924,bulk,0.01,True,SCAN-SPERR,4096000,4096000,,,,9.119407238529496,True,7,13,17
mp-1222924,bulk,0.01,True,BISECT-ZFP,4096000,449152,ZFP,3e-05,9.119407238529496,9.119407238529496,True,3,9,17
mp-1222924,bulk,0.01,True,BISECT-SZ3,4096000,4096000,,,,9.119407238529496,True,2,8,17
mp-1222924,bulk,0.01,True,BISECT-SPERR,4096000,4096000,,,,9.119407238529496,True,3,9,17
mp-1223327,bulk,0.0001,False,EXHAUSTIVE,6912000,6912000,,,,,False,0,6,23
mp-1223327,bulk,0.0001,False,SCAN,6912000,6912000,,,,,False,0,6,23
mp-1223327,bulk,0.0001,False,BISECT,6912000,6912000,,,,,False,0,6,23
mp-1223327,bulk,0.0001,False,SCAN-ZFP,6912000,6912000,,,,,False,0,6,23
mp-1223327,bulk,0.0001,False,SCAN-SZ3,6912000,6912000,,,,,False,0,6,23
mp-1223327,bulk,0.0001,False,SCAN-SPERR,6912000,6912000,,,,,False,0,6,23
mp-1223327,bulk,0.0001,False,BISECT-ZFP,6912000,6912000,,,,,False,0,6,23
mp-1223327,bulk,0.0001,False,BISECT-SZ3,6912000,6912000,,,,,False,0,6,23
mp-1223327,bulk,0.0001,False,BISECT-SPERR,6912000,6912000,,,,,False,0,6,23
mp-1223327,bulk,0.001,False,EXHAUSTIVE,6912000,6912000,,,,,False,0,6,23
mp-1223327,bulk,0.001,False,SCAN,6912000,6912000,,,,,False,0,6,23
mp-1223327,bulk,0.001,False,BISECT,6912000,6912000,,,,,False,0,6,23
mp-1223327,bulk,0.001,False,SCAN-ZFP,6912000,6912000,,,,,False,0,6,23
mp-1223327,bulk,0.001,False,SCAN-SZ3,6912000,6912000,,,,,False,0,6,23
mp-1223327,bulk,0.001,False,SCAN-SPERR,6912000,6912000,,,,,False,0,6,23
mp-1223327,bulk,0.001,False,BISECT-ZFP,6912000,6912000,,,,,False,0,6,23
mp-1223327,bulk,0.001,False,BISECT-SZ3,6912000,6912000,,,,,False,0,6,23
mp-1223327,bulk,0.001,False,BISECT-SPERR,6912000,6912000,,,,,False,0,6,23
mp-1223327,bulk,0.01,False,EXHAUSTIVE,6912000,6912000,,,,,False,0,6,23
mp-1223327,bulk,0.01,False,SCAN,6912000,6912000,,,,,False,0,6,23
mp-1223327,bulk,0.01,False,BISECT,6912000,6912000,,,,,False,0,6,23
mp-1223327,bulk,0.01,False,SCAN-ZFP,6912000,6912000,,,,,False,0,6,23
mp-1223327,bulk,0.01,False,SCAN-SZ3,6912000,6912000,,,,,False,0,6,23
mp-1223327,bulk,0.01,False,SCAN-SPERR,6912000,6912000,,,,,False,0,6,23
mp-1223327,bulk,0.01,False,BISECT-ZFP,6912000,6912000,,,,,False,0,6,23
mp-1223327,bulk,0.01,False,BISECT-SZ3,6912000,6912000,,,,,False,0,6,23
mp-1223327,bulk,0.01,False,BISECT-SPERR,6912000,6912000,,,,,False,0,6,23
mp-1223939,bulk,0.0001,True,EXHAUSTIVE,8640000,1272952,ZFP,1e-06,6.78737297242944,6.78737297242944,True,34,40,34
mp-1223939,bulk,0.0001,True,SCAN,8640000,1272952,ZFP,1e-06,6.78737297242944,6.78737297242944,True,32,38,34
mp-1223939,bulk,0.0001,True,BISECT,8640000,1272952,ZFP,1e-06,6.78737297242944,6.78737297242944,True,10,16,34
mp-1223939,bulk,0.0001,True,SCAN-ZFP,8640000,1272952,ZFP,1e-06,6.78737297242944,6.78737297242944,True,11,17,34
mp-1223939,bulk,0.0001,True,SCAN-SZ3,8640000,8640000,,,,6.78737297242944,True,10,16,34
mp-1223939,bulk,0.0001,True,SCAN-SPERR,8640000,8640000,,,,6.78737297242944,True,11,17,34
mp-1223939,bulk,0.0001,True,BISECT-ZFP,8640000,1272952,ZFP,1e-06,6.78737297242944,6.78737297242944,True,4,10,34
mp-1223939,bulk,0.0001,True,BISECT-SZ3,8640000,8640000,,,,6.78737297242944,True,3,9,34
mp-1223939,bulk,0.0001,True,BISECT-SPERR,8640000,8640000,,,,6.78737297242944,True,3,9,34
mp-1223939,bulk,0.001,True,EXHAUSTIVE,8640000,543152,ZFP,0.0001,15.90714937991575,15.90714937991575,True,34,40,34
mp-1223939,bulk,0.001,True,SCAN,8640000,543152,ZFP,0.0001,15.90714937991575,15.90714937991575,True,22,28,34
mp-1223939,bulk,0.001,True,BISECT,8640000,543152,ZFP,0.0001,15.90714937991575,15.90714937991575,True,11,17,34
mp-1223939,bulk,0.001,True,SCAN-ZFP,8640000,543152,ZFP,0.0001,15.90714937991575,15.90714937991575,True,7,13,34
mp-1223939,bulk,0.001,True,SCAN-SZ3,8640000,580089,SZ3,3e-06,14.894266224665524,15.90714937991575,True,7,13,34
mp-1223939,bulk,0.001,True,SCAN-SPERR,8640000,1484127,SPERR,3e-06,5.821604215811719,15.90714937991575,True,8,14,34
mp-1223939,bulk,0.001,True,BISECT-ZFP,8640000,543152,ZFP,0.0001,15.90714937991575,15.90714937991575,True,3,9,34
mp-1223939,bulk,0.001,True,BISECT-SZ3,8640000,580089,SZ3,3e-06,14.894266224665524,15.90714937991575,True,4,10,34
mp-1223939,bulk,0.001,True,BISECT-SPERR,8640000,1484127,SPERR,3e-06,5.821604215811719,15.90714937991575,True,4,10,34
mp-1223939,bulk,0.01,True,EXHAUSTIVE,8640000,121786,SZ3,0.0001,70.94411508712003,70.94411508712003,True,34,40,34
mp-1223939,bulk,0.01,True,SCAN,8640000,121786,SZ3,0.0001,70.94411508712003,70.94411508712003,True,15,21,34
mp-1223939,bulk,0.01,True,BISECT,8640000,121786,SZ3,0.0001,70.94411508712003,70.94411508712003,True,11,17,34
mp-1223939,bulk,0.01,True,SCAN-ZFP,8640000,327512,ZFP,0.001,26.380712767776448,70.94411508712003,True,5,11,34
mp-1223939,bulk,0.01,True,SCAN-SZ3,8640000,121786,SZ3,0.0001,70.94411508712003,70.94411508712003,True,4,10,34
mp-1223939,bulk,0.01,True,SCAN-SPERR,8640000,1025463,SPERR,3e-05,8.425462449644698,70.94411508712003,True,6,12,34
mp-1223939,bulk,0.01,True,BISECT-ZFP,8640000,327512,ZFP,0.001,26.380712767776448,70.94411508712003,True,4,10,34
mp-1223939,bulk,0.01,True,BISECT-SZ3,8640000,121786,SZ3,0.0001,70.94411508712003,70.94411508712003,True,4,10,34
mp-1223939,bulk,0.01,True,BISECT-SPERR,8640000,1025463,SPERR,3e-05,8.425462449644698,70.94411508712003,True,3,9,34
mp-1224859,bulk,0.0001,False,EXHAUSTIVE,2985984,2985984,,,,,False,0,6,32
mp-1224859,bulk,0.0001,False,SCAN,2985984,2985984,,,,,False,0,6,32
mp-1224859,bulk,0.0001,False,BISECT,2985984,2985984,,,,,False,0,6,32
mp-1224859,bulk,0.0001,False,SCAN-ZFP,2985984,2985984,,,,,False,0,6,32
mp-1224859,bulk,0.0001,False,SCAN-SZ3,2985984,2985984,,,,,False,0,6,32
mp-1224859,bulk,0.0001,False,SCAN-SPERR,2985984,2985984,,,,,False,0,6,32
mp-1224859,bulk,0.0001,False,BISECT-ZFP,2985984,2985984,,,,,False,0,6,32
mp-1224859,bulk,0.0001,False,BISECT-SZ3,2985984,2985984,,,,,False,0,6,32
mp-1224859,bulk,0.0001,False,BISECT-SPERR,2985984,2985984,,,,,False,0,6,32
mp-1224859,bulk,0.001,True,EXHAUSTIVE,2985984,236970,SPERR,1e-06,12.600683630839349,12.600683630839349,True,32,38,32
mp-1224859,bulk,0.001,True,SCAN,2985984,236970,SPERR,1e-06,12.600683630839349,12.600683630839349,True,23,29,32
mp-1224859,bulk,0.001,True,BISECT,2985984,236970,SPERR,1e-06,12.600683630839349,12.600683630839349,True,10,16,32
mp-1224859,bulk,0.001,True,SCAN-ZFP,2985984,286128,ZFP,3e-05,10.435832913940612,12.600683630839349,True,7,13,32
mp-1224859,bulk,0.001,True,SCAN-SZ3,2985984,359448,SZ3,1e-06,8.307137611003538,12.600683630839349,True,7,13,32
mp-1224859,bulk,0.001,True,SCAN-SPERR,2985984,236970,SPERR,1e-06,12.600683630839349,12.600683630839349,True,9,15,32
mp-1224859,bulk,0.001,True,BISECT-ZFP,2985984,286128,ZFP,3e-05,10.435832913940612,12.600683630839349,True,3,9,32
mp-1224859,bulk,0.001,True,BISECT-SZ3,2985984,359448,SZ3,1e-06,8.307137611003538,12.600683630839349,True,4,10,32
mp-1224859,bulk,0.001,True,BISECT-SPERR,2985984,236970,SPERR,1e-06,12.600683630839349,12.600683630839349,True,3,9,32
mp-1224859,bulk,0.01,True,EXHAUSTIVE,2985984,57798,SPERR,0.0001,51.6624104640299,51.6624104640299,True,32,38,32
mp-1224859,bulk,0.01,True,SCAN,2985984,57798,SPERR,0.0001,51.6624104640299,51.6624104640299,True,11,17,32
mp-1224859,bulk,0.01,True,BISECT,2985984,57798,SPERR,0.0001,51.6624104640299,51.6624104640299,True,11,17,32
mp-1224859,bulk,0.01,True,SCAN-ZFP,2985984,83576,ZFP,0.003,35.727768737436584,51.6624104640299,True,3,9,32
mp-1224859,bulk,0.01,True,SCAN-SZ3,2985984,72752,SZ3,0.0001,41.0433252694084,51.6624104640299,True,3,9,32
mp-1224859,bulk,0.01,True,SCAN-SPERR,2985984,57798,SPERR,0.0001,51.6624104640299,51.6624104640299,True,5,11,32
mp-1224859,bulk,0.01,True,BISECT-ZFP,2985984,83576,ZFP,0.003,35.727768737436584,51.6624104640299,True,4,10,32
mp-1224859,bulk,0.01,True,BISECT-SZ3,2985984,72752,SZ3,0.0001,41.0433252694084,51.6624104640299,True,3,9,32
mp-1224859,bulk,0.01,True,BISECT-SPERR,2985984,57798,SPERR,0.0001,51.6624104640299,51.6624104640299,True,4,10,32
mp-1225264,bulk,0.0001,False,EXHAUSTIVE,10077696,10077696,,,,,False,0,6,31
mp-1225264,bulk,0.0001,False,SCAN,10077696,10077696,,,,,False,0,6,31
mp-1225264,bulk,0.0001,False,BISECT,10077696,10077696,,,,,False,0,6,31
mp-1225264,bulk,0.0001,False,SCAN-ZFP,10077696,10077696,,,,,False,0,6,31
mp-1225264,bulk,0.0001,False,SCAN-SZ3,10077696,10077696,,,,,False,0,6,31
mp-1225264,bulk,0.0001,False,SCAN-SPERR,10077696,10077696,,,,,False,0,6,31
mp-1225264,bulk,0.0001,False,BISECT-ZFP,10077696,10077696,,,,,False,0,6,31
mp-1225264,bulk,0.0001,False,BISECT-SZ3,10077696,10077696,,,,,False,0,6,31
mp-1225264,bulk,0.0001,False,BISECT-SPERR,10077696,10077696,,,,,False,0,6,31
mp-1225264,bulk,0.001,True,EXHAUSTIVE,10077696,487754,SPERR,1e-06,20.66143178733542,20.66143178733542,True,31,37,31
mp-1225264,bulk,0.001,True,SCAN,10077696,487754,SPERR,1e-06,20.66143178733542,20.66143178733542,True,24,30,31
mp-1225264,bulk,0.001,True,BISECT,10077696,487754,SPERR,1e-06,20.66143178733542,20.66143178733542,True,11,17,31
mp-1225264,bulk,0.001,True,SCAN-ZFP,10077696,929832,ZFP,1e-05,10.838190124667682,20.66143178733542,True,8,14,31
mp-1225264,bulk,0.001,True,SCAN-SZ3,10077696,1100758,SZ3,3e-07,9.15523303033001,20.66143178733542,True,8,14,31
mp-1225264,bulk,0.001,True,SCAN-SPERR,10077696,487754,SPERR,1e-06,20.66143178733542,20.66143178733542,True,8,14,31
mp-1225264,bulk,0.001,True,BISECT-ZFP,10077696,929832,ZFP,1e-05,10.838190124667682,20.66143178733542,True,4,10,31
mp-1225264,bulk,0.001,True,BISECT-SZ3,10077696,1100758,SZ3,3e-07,9.15523303033001,20.66143178733542,True,3,9,31
mp-1225264,bulk,0.001,True,BISECT-SPERR,10077696,487754,SPERR,1e-06,20.66143178733542,20.66143178733542,True,4,10,31
mp-1225264,bulk,0.01,True,EXHAUSTIVE,10077696,90964,SPERR,0.0001,110.78774020491625,110.78774020491625,True,31,37,31
mp-1225264,bulk,0.01,True,SCAN,10077696,90964,SPERR,0.0001,110.78774020491625,110.78774020491625,True,12,18,31
mp-1225264,bulk,0.01,True,BISECT,10077696,90964,SPERR,0.0001,110.78774020491625,110.78774020491625,True,11,17,31
mp-1225264,bulk,0.01,True,SCAN-ZFP,10077696,273688,ZFP,0.001,36.82184092835638,110.78774020491625,True,4,10,31
mp-1225264,bulk,0.01,True,SCAN-SZ3,10077696,205495,SZ3,3e-05,49.04107642521716,110.78774020491625,True,4,10,31
mp-1225264,bulk,0.01,True,SCAN-SPERR,10077696,90964,SPERR,0.0001,110.78774020491625,110.78774020491625,True,4,10,31
mp-1225264,bulk,0.01,True,BISECT-ZFP,10077696,273688,ZFP,0.001,36.82184092835638,110.78774020491625,True,4,10,31
mp-1225264,bulk,0.01,True,BISECT-SZ3,10077696,205495,SZ3,3e-05,49.04107642521716,110.78774020491625,True,3,9,31
mp-1225264,bulk,0.01,True,BISECT-SPERR,10077696,90964,SPERR,0.0001,110.78774020491625,110.78774020491625,True,4,10,31
mp-1226636,bulk,0.0001,False,EXHAUSTIVE,2709504,2709504,,,,,False,0,6,20
mp-1226636,bulk,0.0001,False,SCAN,2709504,2709504,,,,,False,0,6,20
mp-1226636,bulk,0.0001,False,BISECT,2709504,2709504,,,,,False,0,6,20
mp-1226636,bulk,0.0001,False,SCAN-ZFP,2709504,2709504,,,,,False,0,6,20
mp-1226636,bulk,0.0001,False,SCAN-SZ3,2709504,2709504,,,,,False,0,6,20
mp-1226636,bulk,0.0001,False,SCAN-SPERR,2709504,2709504,,,,,False,0,6,20
mp-1226636,bulk,0.0001,False,BISECT-ZFP,2709504,2709504,,,,,False,0,6,20
mp-1226636,bulk,0.0001,False,BISECT-SZ3,2709504,2709504,,,,,False,0,6,20
mp-1226636,bulk,0.0001,False,BISECT-SPERR,2709504,2709504,,,,,False,0,6,20
mp-1226636,bulk,0.001,False,EXHAUSTIVE,2709504,2709504,,,,,False,0,6,20
mp-1226636,bulk,0.001,False,SCAN,2709504,2709504,,,,,False,0,6,20
mp-1226636,bulk,0.001,False,BISECT,2709504,2709504,,,,,False,0,6,20
mp-1226636,bulk,0.001,False,SCAN-ZFP,2709504,2709504,,,,,False,0,6,20
mp-1226636,bulk,0.001,False,SCAN-SZ3,2709504,2709504,,,,,False,0,6,20
mp-1226636,bulk,0.001,False,SCAN-SPERR,2709504,2709504,,,,,False,0,6,20
mp-1226636,bulk,0.001,False,BISECT-ZFP,2709504,2709504,,,,,False,0,6,20
mp-1226636,bulk,0.001,False,BISECT-SZ3,2709504,2709504,,,,,False,0,6,20
mp-1226636,bulk,0.001,False,BISECT-SPERR,2709504,2709504,,,,,False,0,6,20
mp-1226636,bulk,0.01,True,EXHAUSTIVE,2709504,50196,SZ3,0.0001,53.97848434138179,53.97848434138179,True,20,26,20
mp-1226636,bulk,0.01,True,SCAN,2709504,50196,SZ3,0.0001,53.97848434138179,53.97848434138179,True,13,19,20
mp-1226636,bulk,0.01,True,BISECT,2709504,50196,SZ3,0.0001,53.97848434138179,53.97848434138179,True,9,15,20
mp-1226636,bulk,0.01,True,SCAN-ZFP,2709504,99488,ZFP,0.001,27.23448054036668,53.97848434138179,True,4,10,20
mp-1226636,bulk,0.01,True,SCAN-SZ3,2709504,50196,SZ3,0.0001,53.97848434138179,53.97848434138179,True,4,10,20
mp-1226636,bulk,0.01,True,SCAN-SPERR,2709504,320566,SPERR,3e-05,8.452250082666284,53.97848434138179,True,5,11,20
mp-1226636,bulk,0.01,True,BISECT-ZFP,2709504,99488,ZFP,0.001,27.23448054036668,53.97848434138179,True,3,9,20
mp-1226636,bulk,0.01,True,BISECT-SZ3,2709504,50196,SZ3,0.0001,53.97848434138179,53.97848434138179,True,3,9,20
mp-1226636,bulk,0.01,True,BISECT-SPERR,2709504,320566,SPERR,3e-05,8.452250082666284,53.97848434138179,True,3,9,20
mp-1228245,bulk,0.0001,False,EXHAUSTIVE,20321280,20321280,,,,,False,0,6,35
mp-1228245,bulk,0.0001,False,SCAN,20321280,20321280,,,,,False,0,6,35
mp-1228245,bulk,0.0001,False,BISECT,20321280,20321280,,,,,False,0,6,35
mp-1228245,bulk,0.0001,False,SCAN-ZFP,20321280,20321280,,,,,False,0,6,35
mp-1228245,bulk,0.0001,False,SCAN-SZ3,20321280,20321280,,,,,False,0,6,35
mp-1228245,bulk,0.0001,False,SCAN-SPERR,20321280,20321280,,,,,False,0,6,35
mp-1228245,bulk,0.0001,False,BISECT-ZFP,20321280,20321280,,,,,False,0,6,35
mp-1228245,bulk,0.0001,False,BISECT-SZ3,20321280,20321280,,,,,False,0,6,35
mp-1228245,bulk,0.0001,False,BISECT-SPERR,20321280,20321280,,,,,False,0,6,35
mp-1228245,bulk,0.001,True,EXHAUSTIVE,20321280,1323173,SZ3,1e-05,15.357991736530296,15.357991736530296,True,35,41,35
mp-1228245,bulk,0.001,True,SCAN,20321280,1323173,SZ3,1e-05,15.357991736530296,15.357991736530296,True,22,28,35
mp-1228245,bulk,0.001,True,BISECT,20321280,1323173,SZ3,1e-05,15.357991736530296,15.357991736530296,True,11,17,35
mp-1228245,bulk,0.001,True,SCAN-ZFP,20321280,1592744,ZFP,0.0001,12.758660525483066,15.357991736530296,True,7,13,35
mp-1228245,bulk,0.001,True,SCAN-SZ3,20321280,1323173,SZ3,1e-05,15.357991736530296,15.357991736530296,True,7,13,35
mp-1228245,bulk,0.001,True,SCAN-SPERR,20321280,3836128,SPERR,3e-06,5.297341485998381,15.357991736530296,True,8,14,35
mp-1228245,bulk,0.001,True,BISECT-ZFP,20321280,1592744,ZFP,0.0001,12.758660525483066,15.357991736530296,True,3,9,35
mp-1228245,bulk,0.001,True,BISECT-SZ3,20321280,1323173,SZ3,1e-05,15.357991736530296,15.357991736530296,True,4,10,35
mp-1228245,bulk,0.001,True,BISECT-SPERR,20321280,3836128,SPERR,3e-06,5.297341485998381,15.357991736530296,True,4,10,35
mp-1228245,bulk,0.01,True,EXHAUSTIVE,20321280,303027,SZ3,0.0003,67.0609549644091,67.0609549644091,True,35,41,35
mp-1228245,bulk,0.01,True,SCAN,20321280,303027,SZ3,0.0003,67.0609549644091,67.0609549644091,True,10,16,35
mp-1228245,bulk,0.01,True,BISECT,20321280,303027,SZ3,0.0003,67.0609549644091,67.0609549644091,True,11,17,35
mp-1228245,bulk,0.01,True,SCAN-ZFP,20321280,553504,ZFP,0.01,36.713881019830026,67.0609549644091,True,3,9,35
mp-1228245,bulk,0.01,True,SCAN-SZ3,20321280,303027,SZ3,0.0003,67.0609549644091,67.0609549644091,True,4,10,35
mp-1228245,bulk,0.01,True,SCAN-SPERR,20321280,1278499,SPERR,0.001,15.894638947703518,67.0609549644091,True,3,9,35
mp-1228245,bulk,0.01,True,BISECT-ZFP,20321280,553504,ZFP,0.01,36.713881019830026,67.0609549644091,True,4,10,35
mp-1228245,bulk,0.01,True,BISECT-SZ3,20321280,303027,SZ3,0.0003,67.0609549644091,67.0609549644091,True,4,10,35
mp-1228245,bulk,0.01,True,BISECT-SPERR,20321280,1278499,SPERR,0.001,15.894638947703518,67.0609549644091,True,3,9,35
mp-1232323,bulk,0.0001,False,EXHAUSTIVE,10077696,10077696,,,,,False,0,6,11
mp-1232323,bulk,0.0001,False,SCAN,10077696,10077696,,,,,False,0,6,11
mp-1232323,bulk,0.0001,False,BISECT,10077696,10077696,,,,,False,0,6,11
mp-1232323,bulk,0.0001,False,SCAN-ZFP,10077696,10077696,,,,,False,0,6,11
mp-1232323,bulk,0.0001,False,SCAN-SZ3,10077696,10077696,,,,,False,0,6,11
mp-1232323,bulk,0.0001,False,SCAN-SPERR,10077696,10077696,,,,,False,0,6,11
mp-1232323,bulk,0.0001,False,BISECT-ZFP,10077696,10077696,,,,,False,0,6,11
mp-1232323,bulk,0.0001,False,BISECT-SZ3,10077696,10077696,,,,,False,0,6,11
mp-1232323,bulk,0.0001,False,BISECT-SPERR,10077696,10077696,,,,,False,0,6,11
mp-1232323,bulk,0.001,False,EXHAUSTIVE,10077696,10077696,,,,,False,0,6,11
mp-1232323,bulk,0.001,False,SCAN,10077696,10077696,,,,,False,0,6,11
mp-1232323,bulk,0.001,False,BISECT,10077696,10077696,,,,,False,0,6,11
mp-1232323,bulk,0.001,False,SCAN-ZFP,10077696,10077696,,,,,False,0,6,11
mp-1232323,bulk,0.001,False,SCAN-SZ3,10077696,10077696,,,,,False,0,6,11
mp-1232323,bulk,0.001,False,SCAN-SPERR,10077696,10077696,,,,,False,0,6,11
mp-1232323,bulk,0.001,False,BISECT-ZFP,10077696,10077696,,,,,False,0,6,11
mp-1232323,bulk,0.001,False,BISECT-SZ3,10077696,10077696,,,,,False,0,6,11
mp-1232323,bulk,0.001,False,BISECT-SPERR,10077696,10077696,,,,,False,0,6,11
mp-1232323,bulk,0.01,True,EXHAUSTIVE,10077696,551152,ZFP,0.0001,18.284785322379307,18.284785322379307,True,11,17,11
mp-1232323,bulk,0.01,True,SCAN,10077696,551152,ZFP,0.0001,18.284785322379307,18.284785322379307,True,9,15,11
mp-1232323,bulk,0.01,True,BISECT,10077696,551152,ZFP,0.0001,18.284785322379307,18.284785322379307,True,6,12,11
mp-1232323,bulk,0.01,True,SCAN-ZFP,10077696,551152,ZFP,0.0001,18.284785322379307,18.284785322379307,True,3,9,11
mp-1232323,bulk,0.01,True,SCAN-SZ3,10077696,10077696,,,,18.284785322379307,True,3,9,11
mp-1232323,bulk,0.01,True,SCAN-SPERR,10077696,10077696,,,,18.284785322379307,True,3,9,11
mp-1232323,bulk,0.01,True,BISECT-ZFP,10077696,551152,ZFP,0.0001,18.284785322379307,18.284785322379307,True,2,8,11
mp-1232323,bulk,0.01,True,BISECT-SZ3,10077696,10077696,,,,18.284785322379307,True,2,8,11
mp-1232323,bulk,0.01,True,BISECT-SPERR,10077696,10077696,,,,18.284785322379307,True,2,8,11
mp-12406,bulk,0.0001,True,EXHAUSTIVE,8847360,945200,ZFP,1e-05,9.360304697418536,9.360304697418536,True,37,43,37
mp-12406,bulk,0.0001,True,SCAN,8847360,945200,ZFP,1e-05,9.360304697418536,9.360304697418536,True,30,36,37
mp-12406,bulk,0.0001,True,BISECT,8847360,945200,ZFP,1e-05,9.360304697418536,9.360304697418536,True,12,18,37
mp-12406,bulk,0.0001,True,SCAN-ZFP,8847360,945200,ZFP,1e-05,9.360304697418536,9.360304697418536,True,9,15,37
mp-12406,bulk,0.0001,True,SCAN-SZ3,8847360,1224171,SZ3,3e-07,7.227225608187092,9.360304697418536,True,10,16,37
mp-12406,bulk,0.0001,True,SCAN-SPERR,8847360,1915122,SPERR,1e-06,4.619737019364824,9.360304697418536,True,11,17,37
mp-12406,bulk,0.0001,True,BISECT-ZFP,8847360,945200,ZFP,1e-05,9.360304697418536,9.360304697418536,True,4,10,37
mp-12406,bulk,0.0001,True,BISECT-SZ3,8847360,1224171,SZ3,3e-07,7.227225608187092,9.360304697418536,True,4,10,37
mp-12406,bulk,0.0001,True,BISECT-SPERR,8847360,1915122,SPERR,1e-06,4.619737019364824,9.360304697418536,True,4,10,37
mp-12406,bulk,0.001,True,EXHAUSTIVE,8847360,452181,SZ3,1e-05,19.565970264119898,19.565970264119898,True,37,43,37
mp-12406,bulk,0.001,True,SCAN,8847360,452181,SZ3,1e-05,19.565970264119898,19.565970264119898,True,22,28,37
mp-12406,bulk,0.001,True,BISECT,8847360,452181,SZ3,1e-05,19.565970264119898,19.565970264119898,True,12,18,37
mp-12406,bulk,0.001,True,SCAN-ZFP,8847360,487568,ZFP,0.0003,18.14589964886949,19.565970264119898,True,6,12,37
mp-12406,bulk,0.001,True,SCAN-SZ3,8847360,452181,SZ3,1e-05,19.565970264119898,19.565970264119898,True,7,13,37
mp-12406,bulk,0.001,True,SCAN-SPERR,8847360,1455826,SPERR,1e-05,6.077209776443064,19.565970264119898,True,9,15,37
mp-12406,bulk,0.001,True,BISECT-ZFP,8847360,487568,ZFP,0.0003,18.14589964886949,19.565970264119898,True,4,10,37
mp-12406,bulk,0.001,True,BISECT-SZ3,8847360,452181,SZ3,1e-05,19.565970264119898,19.565970264119898,True,4,10,37
mp-12406,bulk,0.001,True,BISECT-SPERR,8847360,1455826,SPERR,1e-05,6.077209776443064,19.565970264119898,True,4,10,37
mp-12406,bulk,0.01,True,EXHAUSTIVE,8847360,92904,SZ3,0.0003,95.23120640661328,95.23120640661328,True,37,43,37
mp-12406,bulk,0.01,True,SCAN,8847360,92904,SZ3,0.0003,95.23120640661328,95.23120640661328,True,14,20,37
mp-12406,bulk,0.01,True,BISECT,8847360,92904,SZ3,0.0003,95.23120640661328,95.23120640661328,True,11,17,37
mp-12406,bulk,0.01,True,SCAN-ZFP,8847360,205728,ZFP,0.01,43.00513299113393,95.23120640661328,True,3,9,37
mp-12406,bulk,0.01,True,SCAN-SZ3,8847360,92904,SZ3,0.0003,95.23120640661328,95.23120640661328,True,4,10,37
mp-12406,bulk,0.01,True,SCAN-SPERR,8847360,991972,SPERR,0.0001,8.91896142229821,95.23120640661328,True,7,13,37
mp-12406,bulk,0.01,True,BISECT-ZFP,8847360,205728,ZFP,0.01,43.00513299113393,95.23120640661328,True,4,10,37
mp-12406,bulk,0.01,True,BISECT-SZ3,8847360,92904,SZ3,0.0003,95.23120640661328,95.23120640661328,True,4,10,37
mp-12406,bulk,0.01,True,BISECT-SPERR,8847360,991972,SPERR,0.0001,8.91896142229821,95.23120640661328,True,3,9,37
mp-1245841,bulk,0.0001,False,EXHAUSTIVE,13107200,13107200,,,,,False,0,6,17
mp-1245841,bulk,0.0001,False,SCAN,13107200,13107200,,,,,False,0,6,17
mp-1245841,bulk,0.0001,False,BISECT,13107200,13107200,,,,,False,0,6,17
mp-1245841,bulk,0.0001,False,SCAN-ZFP,13107200,13107200,,,,,False,0,6,17
mp-1245841,bulk,0.0001,False,SCAN-SZ3,13107200,13107200,,,,,False,0,6,17
mp-1245841,bulk,0.0001,False,SCAN-SPERR,13107200,13107200,,,,,False,0,6,17
mp-1245841,bulk,0.0001,False,BISECT-ZFP,13107200,13107200,,,,,False,0,6,17
mp-1245841,bulk,0.0001,False,BISECT-SZ3,13107200,13107200,,,,,False,0,6,17
mp-1245841,bulk,0.0001,False,BISECT-SPERR,13107200,13107200,,,,,False,0,6,17
mp-1245841,bulk,0.001,False,EXHAUSTIVE,13107200,13107200,,,,,False,0,6,17
mp-1245841,bulk,0.001,False,SCAN,13107200,13107200,,,,,False,0,6,17
mp-1245841,bulk,0.001,False,BISECT,13107200,13107200,,,,,False,0,6,17
mp-1245841,bulk,0.001,False,SCAN-ZFP,13107200,13107200,,,,,False,0,6,17
mp-1245841,bulk,0.001,False,SCAN-SZ3,13107200,13107200,,,,,False,0,6,17
mp-1245841,bulk,0.001,False,SCAN-SPERR,13107200,13107200,,,,,False,0,6,17
mp-1245841,bulk,0.001,False,BISECT-ZFP,13107200,13107200,,,,,False,0,6,17
mp-1245841,bulk,0.001,False,BISECT-SZ3,13107200,13107200,,,,,False,0,6,17
mp-1245841,bulk,0.001,False,BISECT-SPERR,13107200,13107200,,,,,False,0,6,17
mp-1245841,bulk,0.01,True,EXHAUSTIVE,13107200,431133,SZ3,3e-05,30.40175537479153,30.40175537479153,True,17,23,17
mp-1245841,bulk,0.01,True,SCAN,13107200,431133,SZ3,3e-05,30.40175537479153,30.40175537479153,True,11,17,17
mp-1245841,bulk,0.01,True,BISECT,13107200,431133,SZ3,3e-05,30.40175537479153,30.40175537479153,True,8,14,17
mp-1245841,bulk,0.01,True,SCAN-ZFP,13107200,539576,ZFP,0.001,24.291666048897653,30.40175537479153,True,4,10,17
mp-1245841,bulk,0.01,True,SCAN-SZ3,13107200,431133,SZ3,3e-05,30.40175537479153,30.40175537479153,True,4,10,17
mp-1245841,bulk,0.01,True,SCAN-SPERR,13107200,1968366,SPERR,3e-05,6.658924204136833,30.40175537479153,True,3,9,17
mp-1245841,bulk,0.01,True,BISECT-ZFP,13107200,539576,ZFP,0.001,24.291666048897653,30.40175537479153,True,3,9,17
mp-1245841,bulk,0.01,True,BISECT-SZ3,13107200,431133,SZ3,3e-05,30.40175537479153,30.40175537479153,True,3,9,17
mp-1245841,bulk,0.01,True,BISECT-SPERR,13107200,1968366,SPERR,3e-05,6.658924204136833,30.40175537479153,True,2,8,17
mp-1246480,bulk,0.0001,False,EXHAUSTIVE,2949120,2949120,,,,,False,0,6,33
mp-1246480,bulk,0.0001,False,SCAN,2949120,2949120,,,,,False,0,6,33
mp-1246480,bulk,0.0001,False,BISECT,2949120,2949120,,,,,False,0,6,33
mp-1246480,bulk,0.0001,False,SCAN-ZFP,2949120,2949120,,,,,False,0,6,33
mp-1246480,bulk,0.0001,False,SCAN-SZ3,2949120,2949120,,,,,False,0,6,33
mp-1246480,bulk,0.0001,False,SCAN-SPERR,2949120,2949120,,,,,False,0,6,33
mp-1246480,bulk,0.0001,False,BISECT-ZFP,2949120,2949120,,,,,False,0,6,33
mp-1246480,bulk,0.0001,False,BISECT-SZ3,2949120,2949120,,,,,False,0,6,33
mp-1246480,bulk,0.0001,False,BISECT-SPERR,2949120,2949120,,,,,False,0,6,33
mp-1246480,bulk,0.001,True,EXHAUSTIVE,2949120,283484,SZ3,3e-06,10.403126807862172,10.403126807862172,True,33,39,33
mp-1246480,bulk,0.001,True,SCAN,2949120,283484,SZ3,3e-06,10.403126807862172,10.403126807862172,True,23,29,33
mp-1246480,bulk,0.001,True,BISECT,2949120,283484,SZ3,3e-06,10.403126807862172,10.403126807862172,True,12,18,33
mp-1246480,bulk,0.001,True,SCAN-ZFP,2949120,288152,ZFP,3e-05,10.234598406396625,10.403126807862172,True,8,14,33
mp-1246480,bulk,0.001,True,SCAN-SZ3,2949120,283484,SZ3,3e-06,10.403126807862172,10.403126807862172,True,7,13,33
mp-1246480,bulk,0.001,True,SCAN-SPERR,2949120,626552,SPERR,1e-06,4.706903816443009,10.403126807862172,True,8,14,33
mp-1246480,bulk,0.001,True,BISECT-ZFP,2949120,288152,ZFP,3e-05,10.234598406396625,10.403126807862172,True,4,10,33
mp-1246480,bulk,0.001,True,BISECT-SZ3,2949120,283484,SZ3,3e-06,10.403126807862172,10.403126807862172,True,4,10,33
mp-1246480,bulk,0.001,True,BISECT-SPERR,2949120,626552,SPERR,1e-06,4.706903816443009,10.403126807862172,True,4,10,33
mp-1246480,bulk,0.01,True,EXHAUSTIVE,2949120,127712,ZFP,0.001,23.09195690303182,23.09195690303182,True,33,39,33
mp-1246480,bulk,0.01,True,SCAN,2949120,127712,ZFP,0.001,23.09195690303182,23.09195690303182,True,15,21,33
mp-1246480,bulk,0.01,True,BISECT,2949120,127712,ZFP,0.001,23.09195690303182,23.09195690303182,True,12,18,33
mp-1246480,bulk,0.01,True,SCAN-ZFP,2949120,127712,ZFP,0.001,23.09195690303182,23.09195690303182,True,5,11,33
mp-1246480,bulk,0.01,True,SCAN-SZ3,2949120,128888,SZ3,3e-05,22.881261250077586,23.09195690303182,True,5,11,33
mp-1246480,bulk,0.01,True,SCAN-SPERR,2949120,401426,SPERR,3e-05,7.34660933771106,23.09195690303182,True,5,11,33
mp-1246480,bulk,0.01,True,BISECT-ZFP,2949120,127712,ZFP,0.001,23.09195690303182,23.09195690303182,True,4,10,33
mp-1246480,bulk,0.01,True,BISECT-SZ3,2949120,128888,SZ3,3e-05,22.881261250077586,23.09195690303182,True,4,10,33
mp-1246480,bulk,0.01,True,BISECT-SPERR,2949120,401426,SPERR,3e-05,7.34660933771106,23.09195690303182,True,4,10,33
mp-1246536,bulk,0.0001,False,EXHAUSTIVE,14155776,14155776,,,,,False,0,6,33
mp-1246536,bulk,0.0001,False,SCAN,14155776,14155776,,,,,False,0,6,33
mp-1246536,bulk,0.0001,False,BISECT,14155776,14155776,,,,,False,0,6,33
mp-1246536,bulk,0.0001,False,SCAN-ZFP,14155776,14155776,,,,,False,0,6,33
mp-1246536,bulk,0.0001,False,SCAN-SZ3,14155776,14155776,,,,,False,0,6,33
mp-1246536,bulk,0.0001,False,SCAN-SPERR,14155776,14155776,,,,,False,0,6,33
mp-1246536,bulk,0.0001,False,BISECT-ZFP,14155776,14155776,,,,,False,0,6,33
mp-1246536,bulk,0.0001,False,BISECT-SZ3,14155776,14155776,,,,,False,0,6,33
mp-1246536,bulk,0.0001,False,BISECT-SPERR,14155776,14155776,,,,,False,0,6,33
mp-1246536,bulk,0.001,True,EXHAUSTIVE,14155776,1534264,ZFP,3e-05,9.22642778557015,9.22642778557015,True,33,39,33
mp-1246536,bulk,0.001,True,SCAN,14155776,1534264,ZFP,3e-05,9.22642778557015,9.22642778557015,True,26,32,33
mp-1246536,bulk,0.001,True,BISECT,14155776,1534264,ZFP,3e-05,9.22642778557015,9.22642778557015,True,10,16,33
mp-1246536,bulk,0.001,True,SCAN-ZFP,14155776,1534264,ZFP,3e-05,9.22642778557015,9.22642778557015,True,8,14,33
mp-1246536,bulk,0.001,True,SCAN-SZ3,14155776,2179788,SZ3,3e-07,6.494106766346085,9.22642778557015,True,9,15,33
mp-1246536,bulk,0.001,True,SCAN-SPERR,14155776,2849281,SPERR,3e-07,4.96819232641498,9.22642778557015,True,9,15,33
mp-1246536,bulk,0.001,True,BISECT-ZFP,14155776,1534264,ZFP,3e-05,9.22642778557015,9.22642778557015,True,4,10,33
mp-1246536,bulk,0.001,True,BISECT-SZ3,14155776,2179788,SZ3,3e-07,6.494106766346085,9.22642778557015,True,3,9,33
mp-1246536,bulk,0.001,True,BISECT-SPERR,14155776,2849281,SPERR,3e-07,4.96819232641498,9.22642778557015,True,3,9,33
mp-1246536,bulk,0.01,True,EXHAUSTIVE,14155776,394685,SZ3,0.0001,35.866009602594474,35.866009602594474,True,33,39,33
mp-1246536,bulk,0.01,True,SCAN,14155776,394685,SZ3,0.0001,35.866009602594474,35.866009602594474,True,13,19,33
mp-1246536,bulk,0.01,True,BISECT,14155776,394685,SZ3,0.0001,35.866009602594474,35.866009602594474,True,12,18,33
mp-1246536,bulk,0.01,True,SCAN-ZFP,14155776,622640,ZFP,0.001,22.73508929718617,35.866009602594474,True,5,11,33
mp-1246536,bulk,0.01,True,SCAN-SZ3,14155776,394685,SZ3,0.0001,35.866009602594474,35.866009602594474,True,4,10,33
mp-1246536,bulk,0.01,True,SCAN-SPERR,14155776,1035888,SPERR,0.0001,13.6653537834206,35.866009602594474,True,4,10,33
mp-1246536,bulk,0.01,True,BISECT-ZFP,14155776,622640,ZFP,0.001,22.73508929718617,35.866009602594474,True,4,10,33
mp-1246536,bulk,0.01,True,BISECT-SZ3,14155776,394685,SZ3,0.0001,35.866009602594474,35.866009602594474,True,4,10,33
mp-1246536,bulk,0.01,True,BISECT-SPERR,14155776,1035888,SPERR,0.0001,13.6653537834206,35.866009602594474,True,4,10,33
mp-1246548,bulk,0.0001,False,EXHAUSTIVE,2580480,2580480,,,,,False,0,6,34
mp-1246548,bulk,0.0001,False,SCAN,2580480,2580480,,,,,False,0,6,34
mp-1246548,bulk,0.0001,False,BISECT,2580480,2580480,,,,,False,0,6,34
mp-1246548,bulk,0.0001,False,SCAN-ZFP,2580480,2580480,,,,,False,0,6,34
mp-1246548,bulk,0.0001,False,SCAN-SZ3,2580480,2580480,,,,,False,0,6,34
mp-1246548,bulk,0.0001,False,SCAN-SPERR,2580480,2580480,,,,,False,0,6,34
mp-1246548,bulk,0.0001,False,BISECT-ZFP,2580480,2580480,,,,,False,0,6,34
mp-1246548,bulk,0.0001,False,BISECT-SZ3,2580480,2580480,,,,,False,0,6,34
mp-1246548,bulk,0.0001,False,BISECT-SPERR,2580480,2580480,,,,,False,0,6,34
mp-1246548,bulk,0.001,True,EXHAUSTIVE,2580480,96752,ZFP,0.001,26.67107656689268,26.67107656689268,True,34,40,34
mp-1246548,bulk,0.001,True,SCAN,2580480,96752,ZFP,0.001,26.67107656689268,26.67107656689268,True,19,25,34
mp-1246548,bulk,0.001,True,BISECT,2580480,150148,SZ3,1e-05,17.186242906998427,26.67107656689268,True,10,16,34
mp-1246548,bulk,0.001,True,SCAN-ZFP,2580480,96752,ZFP,0.001,26.67107656689268,26.67107656689268,True,5,11,34
mp-1246548,bulk,0.001,True,SCAN-SZ3,2580480,150148,SZ3,1e-05,17.186242906998427,26.67107656689268,True,6,12,34
mp-1246548,bulk,0.001,True,SCAN-SPERR,2580480,475735,SPERR,3e-06,5.424196243707106,26.67107656689268,True,8,14,34
mp-1246548,bulk,0.001,True,BISECT-ZFP,2580480,163160,ZFP,0.0001,15.815641088502083,26.67107656689268,True,3,9,34
mp-1246548,bulk,0.001,True,BISECT-SZ3,2580480,150148,SZ3,1e-05,17.186242906998427,26.67107656689268,True,3,9,34
mp-1246548,bulk,0.001,True,BISECT-SPERR,2580480,475735,SPERR,3e-06,5.424196243707106,26.67107656689268,True,4,10,34
mp-1246548,bulk,0.01,True,EXHAUSTIVE,2580480,34207,SZ3,0.0003,75.43719121817172,75.43719121817172,True,34,40,34
mp-1246548,bulk,0.01,True,SCAN,2580480,34207,SZ3,0.0003,75.43719121817172,75.43719121817172,True,11,17,34
mp-1246548,bulk,0.01,True,BISECT,2580480,34207,SZ3,0.0003,75.43719121817172,75.43719121817172,True,11,17,34
mp-1246548,bulk,0.01,True,SCAN-ZFP,2580480,53048,ZFP,0.01,48.64424671995175,75.43719121817172,True,3,9,34
mp-1246548,bulk,0.01,True,SCAN-SZ3,2580480,34207,SZ3,0.0003,75.43719121817172,75.43719121817172,True,3,9,34
mp-1246548,bulk,0.01,True,SCAN-SPERR,2580480,271436,SPERR,0.0001,9.506771393625016,75.43719121817172,True,5,11,34
mp-1246548,bulk,0.01,True,BISECT-ZFP,2580480,53048,ZFP,0.01,48.64424671995175,75.43719121817172,True,4,10,34
mp-1246548,bulk,0.01,True,BISECT-SZ3,2580480,34207,SZ3,0.0003,75.43719121817172,75.43719121817172,True,3,9,34
mp-1246548,bulk,0.01,True,BISECT-SPERR,2580480,271436,SPERR,0.0001,9.506771393625016,75.43719121817172,True,4,10,34
mp-1247173,bulk,0.0001,False,EXHAUSTIVE,10077696,10077696,,,,,False,0,6,18
mp-1247173,bulk,0.0001,False,SCAN,10077696,10077696,,,,,False,0,6,18
mp-1247173,bulk,0.0001,False,BISECT,10077696,10077696,,,,,False,0,6,18
mp-1247173,bulk,0.0001,False,SCAN-ZFP,10077696,10077696,,,,,False,0,6,18
mp-1247173,bulk,0.0001,False,SCAN-SZ3,10077696,10077696,,,,,False,0,6,18
mp-1247173,bulk,0.0001,False,SCAN-SPERR,10077696,10077696,,,,,False,0,6,18
mp-1247173,bulk,0.0001,False,BISECT-ZFP,10077696,10077696,,,,,False,0,6,18
mp-1247173,bulk,0.0001,False,BISECT-SZ3,10077696,10077696,,,,,False,0,6,18
mp-1247173,bulk,0.0001,False,BISECT-SPERR,10077696,10077696,,,,,False,0,6,18
mp-1247173,bulk,0.001,False,EXHAUSTIVE,10077696,10077696,,,,,False,0,6,18
mp-1247173,bulk,0.001,False,SCAN,10077696,10077696,,,,,False,0,6,18
mp-1247173,bulk,0.001,False,BISECT,10077696,10077696,,,,,False,0,6,18
mp-1247173,bulk,0.001,False,SCAN-ZFP,10077696,10077696,,,,,False,0,6,18
mp-1247173,bulk,0.001,False,SCAN-SZ3,10077696,10077696,,,,,False,0,6,18
mp-1247173,bulk,0.001,False,SCAN-SPERR,10077696,10077696,,,,,False,0,6,18
mp-1247173,bulk,0.001,False,BISECT-ZFP,10077696,10077696,,,,,False,0,6,18
mp-1247173,bulk,0.001,False,BISECT-SZ3,10077696,10077696,,,,,False,0,6,18
mp-1247173,bulk,0.001,False,BISECT-SPERR,10077696,10077696,,,,,False,0,6,18
mp-1247173,bulk,0.01,True,EXHAUSTIVE,10077696,170926,SPERR,3e-05,58.95940933503388,58.95940933503388,True,18,24,18
mp-1247173,bulk,0.01,True,SCAN,10077696,170926,SPERR,3e-05,58.95940933503388,58.95940933503388,True,14,20,18
mp-1247173,bulk,0.01,True,BISECT,10077696,170926,SPERR,3e-05,58.95940933503388,58.95940933503388,True,8,14,18
mp-1247173,bulk,0.01,True,SCAN-ZFP,10077696,531728,ZFP,0.0001,18.95272771040833,58.95940933503388,True,6,12,18
mp-1247173,bulk,0.01,True,SCAN-SZ3,10077696,225572,SZ3,3e-05,44.67618321422872,58.95940933503388,True,4,10,18
mp-1247173,bulk,0.01,True,SCAN-SPERR,10077696,170926,SPERR,3e-05,58.95940933503388,58.95940933503388,True,4,10,18
mp-1247173,bulk,0.01,True,BISECT-ZFP,10077696,531728,ZFP,0.0001,18.95272771040833,58.95940933503388,True,3,9,18
mp-1247173,bulk,0.01,True,BISECT-SZ3,10077696,10077696,,,,58.95940933503388,True,2,8,18
mp-1247173,bulk,0.01,True,BISECT-SPERR,10077696,170926,SPERR,3e-05,58.95940933503388,58.95940933503388,True,3,9,18
mp-1261118,bulk,0.0001,False,EXHAUSTIVE,21952000,21952000,,,,,False,0,6,25
mp-1261118,bulk,0.0001,False,SCAN,21952000,21952000,,,,,False,0,6,25
mp-1261118,bulk,0.0001,False,BISECT,21952000,21952000,,,,,False,0,6,25
mp-1261118,bulk,0.0001,False,SCAN-ZFP,21952000,21952000,,,,,False,0,6,25
mp-1261118,bulk,0.0001,False,SCAN-SZ3,21952000,21952000,,,,,False,0,6,25
mp-1261118,bulk,0.0001,False,SCAN-SPERR,21952000,21952000,,,,,False,0,6,25
mp-1261118,bulk,0.0001,False,BISECT-ZFP,21952000,21952000,,,,,False,0,6,25
mp-1261118,bulk,0.0001,False,BISECT-SZ3,21952000,21952000,,,,,False,0,6,25
mp-1261118,bulk,0.0001,False,BISECT-SPERR,21952000,21952000,,,,,False,0,6,25
mp-1261118,bulk,0.001,True,EXHAUSTIVE,21952000,1415285,SPERR,3e-07,15.510656864165169,15.510656864165169,True,25,31,25
mp-1261118,bulk,0.001,True,SCAN,21952000,1415285,SPERR,3e-07,15.510656864165169,15.510656864165169,True,21,27,25
mp-1261118,bulk,0.001,True,BISECT,21952000,1415285,SPERR,3e-07,15.510656864165169,15.510656864165169,True,10,16,25
mp-1261118,bulk,0.001,True,SCAN-ZFP,21952000,2440672,ZFP,3e-06,8.994244208152509,15.510656864165169,True,6,12,25
mp-1261118,bulk,0.001,True,SCAN-SZ3,21952000,21952000,,,,15.510656864165169,True,7,13,25
mp-1261118,bulk,0.001,True,SCAN-SPERR,21952000,1415285,SPERR,3e-07,15.510656864165169,15.510656864165169,True,8,14,25
mp-1261118,bulk,0.001,True,BISECT-ZFP,21952000,2440672,ZFP,3e-06,8.994244208152509,15.510656864165169,True,4,10,25
mp-1261118,bulk,0.001,True,BISECT-SZ3,21952000,21952000,,,,15.510656864165169,True,3,9,25
mp-1261118,bulk,0.001,True,BISECT-SPERR,21952000,1415285,SPERR,3e-07,15.510656864165169,15.510656864165169,True,3,9,25
mp-1261118,bulk,0.01,True,EXHAUSTIVE,21952000,337176,SPERR,3e-05,65.10546420860322,65.10546420860322,True,25,31,25
mp-1261118,bulk,0.01,True,SCAN,21952000,337176,SPERR,3e-05,65.10546420860322,65.10546420860322,True,11,17,25
mp-1261118,bulk,0.01,True,BISECT,21952000,754688,SPERR,3e-06,29.08751696065129,65.10546420860322,True,10,16,25
mp-1261118,bulk,0.01,True,SCAN-ZFP,21952000,1217768,ZFP,0.0001,18.026422109958546,65.10546420860322,True,3,9,25
mp-1261118,bulk,0.01,True,SCAN-SZ3,21952000,1169762,SZ3,3e-06,18.76621056249049,65.10546420860322,True,4,10,25
mp-1261118,bulk,0.01,True,SCAN-SPERR,21952000,337176,SPERR,3e-05,65.10546420860322,65.10546420860322,True,4,10,25
mp-1261118,bulk,0.01,True,BISECT-ZFP,21952000,1217768,ZFP,0.0001,18.026422109958546,65.10546420860322,True,3,9,25
mp-1261118,bulk,0.01,True,BISECT-SZ3,21952000,1169762,SZ3,3e-06,18.76621056249049,65.10546420860322,True,3,9,25
mp-1261118,bulk,0.01,True,BISECT-SPERR,21952000,754688,SPERR,3e-06,29.08751696065129,65.10546420860322,True,4,10,25
mp-1296,bulk,0.0001,False,EXHAUSTIVE,1728000,1728000,,,,,False,0,6,3
mp-1296,bulk,0.0001,False,SCAN,1728000,1728000,,,,,False,0,6,3
mp-1296,bulk,0.0001,False,BISECT,1728000,1728000,,,,,False,0,6,3
mp-1296,bulk,0.0001,False,SCAN-ZFP,1728000,1728000,,,,,False,0,6,3
mp-1296,bulk,0.0001,False,SCAN-SZ3,1728000,1728000,,,,,False,0,6,3
mp-1296,bulk,0.0001,False,SCAN-SPERR,1728000,1728000,,,,,False,0,6,3
mp-1296,bulk,0.0001,False,BISECT-ZFP,1728000,1728000,,,,,False,0,6,3
mp-1296,bulk,0.0001,False,BISECT-SZ3,1728000,1728000,,,,,False,0,6,3
mp-1296,bulk,0.0001,False,BISECT-SPERR,1728000,1728000,,,,,False,0,6,3
mp-1296,bulk,0.001,False,EXHAUSTIVE,1728000,1728000,,,,,False,0,6,3
mp-1296,bulk,0.001,False,SCAN,1728000,1728000,,,,,False,0,6,3
mp-1296,bulk,0.001,False,BISECT,1728000,1728000,,,,,False,0,6,3
mp-1296,bulk,0.001,False,SCAN-ZFP,1728000,1728000,,,,,False,0,6,3
mp-1296,bulk,0.001,False,SCAN-SZ3,1728000,1728000,,,,,False,0,6,3
mp-1296,bulk,0.001,False,SCAN-SPERR,1728000,1728000,,,,,False,0,6,3
mp-1296,bulk,0.001,False,BISECT-ZFP,1728000,1728000,,,,,False,0,6,3
mp-1296,bulk,0.001,False,BISECT-SZ3,1728000,1728000,,,,,False,0,6,3
mp-1296,bulk,0.001,False,BISECT-SPERR,1728000,1728000,,,,,False,0,6,3
mp-1296,bulk,0.01,False,EXHAUSTIVE,1728000,1728000,,,,,False,0,6,3
mp-1296,bulk,0.01,False,SCAN,1728000,1728000,,,,,False,0,6,3
mp-1296,bulk,0.01,False,BISECT,1728000,1728000,,,,,False,0,6,3
mp-1296,bulk,0.01,False,SCAN-ZFP,1728000,1728000,,,,,False,0,6,3
mp-1296,bulk,0.01,False,SCAN-SZ3,1728000,1728000,,,,,False,0,6,3
mp-1296,bulk,0.01,False,SCAN-SPERR,1728000,1728000,,,,,False,0,6,3
mp-1296,bulk,0.01,False,BISECT-ZFP,1728000,1728000,,,,,False,0,6,3
mp-1296,bulk,0.01,False,BISECT-SZ3,1728000,1728000,,,,,False,0,6,3
mp-1296,bulk,0.01,False,BISECT-SPERR,1728000,1728000,,,,,False,0,6,3
mp-1300873,bulk,0.0001,True,EXHAUSTIVE,5376000,866625,SZ3,3e-07,6.203375162267417,6.203375162267417,True,33,39,33
mp-1300873,bulk,0.0001,True,SCAN,5376000,866625,SZ3,3e-07,6.203375162267417,6.203375162267417,True,29,35,33
mp-1300873,bulk,0.0001,True,BISECT,5376000,866625,SZ3,3e-07,6.203375162267417,6.203375162267417,True,10,16,33
mp-1300873,bulk,0.0001,True,SCAN-ZFP,5376000,900528,ZFP,1e-06,5.969831032460956,6.203375162267417,True,10,16,33
mp-1300873,bulk,0.0001,True,SCAN-SZ3,5376000,866625,SZ3,3e-07,6.203375162267417,6.203375162267417,True,9,15,33
mp-1300873,bulk,0.0001,True,SCAN-SPERR,5376000,1293532,SPERR,3e-07,4.156062625431764,6.203375162267417,True,10,16,33
mp-1300873,bulk,0.0001,True,BISECT-ZFP,5376000,900528,ZFP,1e-06,5.969831032460956,6.203375162267417,True,3,9,33
mp-1300873,bulk,0.0001,True,BISECT-SZ3,5376000,866625,SZ3,3e-07,6.203375162267417,6.203375162267417,True,3,9,33
mp-1300873,bulk,0.0001,True,BISECT-SPERR,5376000,1293532,SPERR,3e-07,4.156062625431764,6.203375162267417,True,4,10,33
mp-1300873,bulk,0.001,True,EXHAUSTIVE,5376000,367112,ZFP,0.0001,14.644032338904749,14.644032338904749,True,33,39,33
mp-1300873,bulk,0.001,True,SCAN,5376000,367112,ZFP,0.0001,14.644032338904749,14.644032338904749,True,21,27,33
mp-1300873,bulk,0.001,True,BISECT,5376000,367112,ZFP,0.0001,14.644032338904749,14.644032338904749,True,12,18,33
mp-1300873,bulk,0.001,True,SCAN-ZFP,5376000,367112,ZFP,0.0001,14.644032338904749,14.644032338904749,True,6,12,33
mp-1300873,bulk,0.001,True,SCAN-SZ3,5376000,470640,SZ3,3e-06,11.422743498215196,14.644032338904749,True,7,13,33
mp-1300873,bulk,0.001,True,SCAN-SPERR,5376000,1014361,SPERR,3e-06,5.299888304065318,14.644032338904749,True,8,14,33
mp-1300873,bulk,0.001,True,BISECT-ZFP,5376000,367112,ZFP,0.0001,14.644032338904749,14.644032338904749,True,4,10,33
mp-1300873,bulk,0.001,True,BISECT-SZ3,5376000,470640,SZ3,3e-06,11.422743498215196,14.644032338904749,True,4,10,33
mp-1300873,bulk,0.001,True,BISECT-SPERR,5376000,1014361,SPERR,3e-06,5.299888304065318,14.644032338904749,True,4,10,33
mp-1300873,bulk,0.01,True,EXHAUSTIVE,5376000,72407,SZ3,0.0003,74.24696507243775,74.24696507243775,True,33,39,33
mp-1300873,bulk,0.01,True,SCAN,5376000,72407,SZ3,0.0003,74.24696507243775,74.24696507243775,True,10,16,33
mp-1300873,bulk,0.01,True,BISECT,5376000,72407,SZ3,0.0003,74.24696507243775,74.24696507243775,True,11,17,33
mp-1300873,bulk,0.01,True,SCAN-ZFP,5376000,122344,ZFP,0.01,43.94167266069444,74.24696507243775,True,2,8,33
mp-1300873,bulk,0.01,True,SCAN-SZ3,5376000,72407,SZ3,0.0003,74.24696507243775,74.24696507243775,True,3,9,33
mp-1300873,bulk,0.01,True,SCAN-SPERR,5376000,585228,SPERR,0.0001,9.186163341466916,74.24696507243775,True,5,11,33
mp-1300873,bulk,0.01,True,BISECT-ZFP,5376000,122344,ZFP,0.01,43.94167266069444,74.24696507243775,True,4,10,33
mp-1300873,bulk,0.01,True,BISECT-SZ3,5376000,72407,SZ3,0.0003,74.24696507243775,74.24696507243775,True,3,9,33
mp-1300873,bulk,0.01,True,BISECT-SPERR,5376000,585228,SPERR,0.0001,9.186163341466916,74.24696507243775,True,4,10,33
mp-1303576,bulk,0.0001,True,EXHAUSTIVE,16384000,2904784,ZFP,3e-07,5.64035053897295,5.64035053897295,True,34,40,34
mp-1303576,bulk,0.0001,True,SCAN,16384000,2904784,ZFP,3e-07,5.64035053897295,5.64035053897295,True,33,39,34
mp-1303576,bulk,0.0001,True,BISECT,16384000,2904784,ZFP,3e-07,5.64035053897295,5.64035053897295,True,10,16,34
mp-1303576,bulk,0.0001,True,SCAN-ZFP,16384000,2904784,ZFP,3e-07,5.64035053897295,5.64035053897295,True,11,17,34
mp-1303576,bulk,0.0001,True,SCAN-SZ3,16384000,16384000,,,,5.64035053897295,True,11,17,34
mp-1303576,bulk,0.0001,True,SCAN-SPERR,16384000,16384000,,,,5.64035053897295,True,11,17,34
mp-1303576,bulk,0.0001,True,BISECT-ZFP,16384000,2904784,ZFP,3e-07,5.64035053897295,5.64035053897295,True,4,10,34
mp-1303576,bulk,0.0001,True,BISECT-SZ3,16384000,16384000,,,,5.64035053897295,True,3,9,34
mp-1303576,bulk,0.0001,True,BISECT-SPERR,16384000,16384000,,,,5.64035053897295,True,3,9,34
mp-1303576,bulk,0.001,True,EXHAUSTIVE,16384000,1208776,ZFP,0.0001,13.55420690020318,13.55420690020318,True,34,40,34
mp-1303576,bulk,0.001,True,SCAN,16384000,1208776,ZFP,0.0001,13.55420690020318,13.55420690020318,True,23,29,34
mp-1303576,bulk,0.001,True,BISECT,16384000,1208776,ZFP,0.0001,13.55420690020318,13.55420690020318,True,11,17,34
mp-1303576,bulk,0.001,True,SCAN-ZFP,16384000,1208776,ZFP,0.0001,13.55420690020318,13.55420690020318,True,6,12,34
mp-1303576,bulk,0.001,True,SCAN-SZ3,16384000,1771329,SZ3,1e-06,9.2495521724084,13.55420690020318,True,9,15,34
mp-1303576,bulk,0.001,True,SCAN-SPERR,16384000,1664739,SPERR,3e-06,9.841783006225,13.55420690020318,True,8,14,34
mp-1303576,bulk,0.001,True,BISECT-ZFP,16384000,1208776,ZFP,0.0001,13.55420690020318,13.55420690020318,True,4,10,34
mp-1303576,bulk,0.001,True,BISECT-SZ3,16384000,1771329,SZ3,1e-06,9.2495521724084,13.55420690020318,True,3,9,34
mp-1303576,bulk,0.001,True,BISECT-SPERR,16384000,1664739,SPERR,3e-06,9.841783006225,13.55420690020318,True,4,10,34
mp-1303576,bulk,0.01,True,EXHAUSTIVE,16384000,102749,SZ3,0.001,159.45653972301434,159.45653972301434,True,34,40,34
mp-1303576,bulk,0.01,True,SCAN,16384000,102749,SZ3,0.001,159.45653972301434,159.45653972301434,True,9,15,34
mp-1303576,bulk,0.01,True,BISECT,16384000,102749,SZ3,0.001,159.45653972301434,159.45653972301434,True,11,17,34
mp-1303576,bulk,0.01,True,SCAN-ZFP,16384000,346472,ZFP,0.01,47.28809254427486,159.45653972301434,True,2,8,34
mp-1303576,bulk,0.01,True,SCAN-SZ3,16384000,102749,SZ3,0.001,159.45653972301434,159.45653972301434,True,3,9,34
mp-1303576,bulk,0.01,True,SCAN-SPERR,16384000,531731,SPERR,0.0003,30.812572522572506,159.45653972301434,True,4,10,34
mp-1303576,bulk,0.01,True,BISECT-ZFP,16384000,346472,ZFP,0.01,47.28809254427486,159.45653972301434,True,4,10,34
mp-1303576,bulk,0.01,True,BISECT-SZ3,16384000,102749,SZ3,0.001,159.45653972301434,159.45653972301434,True,3,9,34
mp-1303576,bulk,0.01,True,BISECT-SPERR,16384000,531731,SPERR,0.0003,30.812572522572506,159.45653972301434,True,4,10,34
mp-1369222,bulk,0.0001,False,EXHAUSTIVE,11059200,11059200,,,,,False,0,6,20
mp-1369222,bulk,0.0001,False,SCAN,11059200,11059200,,,,,False,0,6,20
mp-1369222,bulk,0.0001,False,BISECT,11059200,11059200,,,,,False,0,6,20
mp-1369222,bulk,0.0001,False,SCAN-ZFP,11059200,11059200,,,,,False,0,6,20
mp-1369222,bulk,0.0001,False,SCAN-SZ3,11059200,11059200,,,,,False,0,6,20
mp-1369222,bulk,0.0001,False,SCAN-SPERR,11059200,11059200,,,,,False,0,6,20
mp-1369222,bulk,0.0001,False,BISECT-ZFP,11059200,11059200,,,,,False,0,6,20
mp-1369222,bulk,0.0001,False,BISECT-SZ3,11059200,11059200,,,,,False,0,6,20
mp-1369222,bulk,0.0001,False,BISECT-SPERR,11059200,11059200,,,,,False,0,6,20
mp-1369222,bulk,0.001,False,EXHAUSTIVE,11059200,11059200,,,,,False,0,6,20
mp-1369222,bulk,0.001,False,SCAN,11059200,11059200,,,,,False,0,6,20
mp-1369222,bulk,0.001,False,BISECT,11059200,11059200,,,,,False,0,6,20
mp-1369222,bulk,0.001,False,SCAN-ZFP,11059200,11059200,,,,,False,0,6,20
mp-1369222,bulk,0.001,False,SCAN-SZ3,11059200,11059200,,,,,False,0,6,20
mp-1369222,bulk,0.001,False,SCAN-SPERR,11059200,11059200,,,,,False,0,6,20
mp-1369222,bulk,0.001,False,BISECT-ZFP,11059200,11059200,,,,,False,0,6,20
mp-1369222,bulk,0.001,False,BISECT-SZ3,11059200,11059200,,,,,False,0,6,20
mp-1369222,bulk,0.001,False,BISECT-SPERR,11059200,11059200,,,,,False,0,6,20
mp-1369222,bulk,0.01,True,EXHAUSTIVE,11059200,407609,SZ3,3e-05,27.131883741526806,27.131883741526806,True,20,26,20
mp-1369222,bulk,0.01,True,SCAN,11059200,407609,SZ3,3e-05,27.131883741526806,27.131883741526806,True,16,22,20
mp-1369222,bulk,0.01,True,BISECT,11059200,407609,SZ3,3e-05,27.131883741526806,27.131883741526806,True,9,15,20
mp-1369222,bulk,0.01,True,SCAN-ZFP,11059200,619024,ZFP,0.0003,17.865543177647393,27.131883741526806,True,5,11,20
mp-1369222,bulk,0.01,True,SCAN-SZ3,11059200,407609,SZ3,3e-05,27.131883741526806,27.131883741526806,True,5,11,20
mp-1369222,bulk,0.01,True,SCAN-SPERR,11059200,1755806,SPERR,1e-05,6.298645750156908,27.131883741526806,True,6,12,20
mp-1369222,bulk,0.01,True,BISECT-ZFP,11059200,619024,ZFP,0.0003,17.865543177647393,27.131883741526806,True,3,9,20
mp-1369222,bulk,0.01,True,BISECT-SZ3,11059200,407609,SZ3,3e-05,27.131883741526806,27.131883741526806,True,3,9,20
mp-1369222,bulk,0.01,True,BISECT-SPERR,11059200,1755806,SPERR,1e-05,6.298645750156908,27.131883741526806,True,3,9,20
mp-1388393,bulk,0.0001,False,EXHAUSTIVE,7077888,7077888,,,,,False,0,6,21
mp-1388393,bulk,0.0001,False,SCAN,7077888,7077888,,,,,False,0,6,21
mp-1388393,bulk,0.0001,False,BISECT,7077888,7077888,,,,,False,0,6,21
mp-1388393,bulk,0.0001,False,SCAN-ZFP,7077888,7077888,,,,,False,0,6,21
mp-1388393,bulk,0.0001,False,SCAN-SZ3,7077888,7077888,,,,,False,0,6,21
mp-1388393,bulk,0.0001,False,SCAN-SPERR,7077888,7077888,,,,,False,0,6,21
mp-1388393,bulk,0.0001,False,BISECT-ZFP,7077888,7077888,,,,,False,0,6,21
mp-1388393,bulk,0.0001,False,BISECT-SZ3,7077888,7077888,,,,,False,0,6,21
mp-1388393,bulk,0.0001,False,BISECT-SPERR,7077888,7077888,,,,,False,0,6,21
mp-1388393,bulk,0.001,False,EXHAUSTIVE,7077888,7077888,,,,,False,0,6,21
mp-1388393,bulk,0.001,False,SCAN,7077888,7077888,,,,,False,0,6,21
mp-1388393,bulk,0.001,False,BISECT,7077888,7077888,,,,,False,0,6,21
mp-1388393,bulk,0.001,False,SCAN-ZFP,7077888,7077888,,,,,False,0,6,21
mp-1388393,bulk,0.001,False,SCAN-SZ3,7077888,7077888,,,,,False,0,6,21
mp-1388393,bulk,0.001,False,SCAN-SPERR,7077888,7077888,,,,,False,0,6,21
mp-1388393,bulk,0.001,False,BISECT-ZFP,7077888,7077888,,,,,False,0,6,21
mp-1388393,bulk,0.001,False,BISECT-SZ3,7077888,7077888,,,,,False,0,6,21
mp-1388393,bulk,0.001,False,BISECT-SPERR,7077888,7077888,,,,,False,0,6,21
mp-1388393,bulk,0.01,True,EXHAUSTIVE,7077888,85929,SPERR,0.0003,82.36902559089481,82.36902559089481,True,21,27,21
mp-1388393,bulk,0.01,True,SCAN,7077888,85929,SPERR,0.0003,82.36902559089481,82.36902559089481,True,10,16,21
mp-1388393,bulk,0.01,True,BISECT,7077888,85929,SPERR,0.0003,82.36902559089481,82.36902559089481,True,9,15,21
mp-1388393,bulk,0.01,True,SCAN-ZFP,7077888,248400,ZFP,0.003,28.493913043478265,82.36902559089481,True,4,10,21
mp-1388393,bulk,0.01,True,SCAN-SZ3,7077888,96063,SZ3,0.0003,73.67964773117642,82.36902559089481,True,3,9,21
mp-1388393,bulk,0.01,True,SCAN-SPERR,7077888,85929,SPERR,0.0003,82.36902559089481,82.36902559089481,True,3,9,21
mp-1388393,bulk,0.01,True,BISECT-ZFP,7077888,248400,ZFP,0.003,28.493913043478265,82.36902559089481,True,3,9,21
mp-1388393,bulk,0.01,True,BISECT-SZ3,7077888,96063,SZ3,0.0003,73.67964773117642,82.36902559089481,True,3,9,21
mp-1388393,bulk,0.01,True,BISECT-SPERR,7077888,85929,SPERR,0.0003,82.36902559089481,82.36902559089481,True,3,9,21
mp-1399089,bulk,0.0001,False,EXHAUSTIVE,4300800,4300800,,,,,False,0,6,31
mp-1399089,bulk,0.0001,False,SCAN,4300800,4300800,,,,,False,0,6,31
mp-1399089,bulk,0.0001,False,BISECT,4300800,4300800,,,,,False,0,6,31
mp-1399089,bulk,0.0001,False,SCAN-ZFP,4300800,4300800,,,,,False,0,6,31
mp-1399089,bulk,0.0001,False,SCAN-SZ3,4300800,4300800,,,,,False,0,6,31
mp-1399089,bulk,0.0001,False,SCAN-SPERR,4300800,4300800,,,,,False,0,6,31
mp-1399089,bulk,0.0001,False,BISECT-ZFP,4300800,4300800,,,,,False,0,6,31
mp-1399089,bulk,0.0001,False,BISECT-SZ3,4300800,4300800,,,,,False,0,6,31
mp-1399089,bulk,0.0001,False,BISECT-SPERR,4300800,4300800,,,,,False,0,6,31
mp-1399089,bulk,0.001,True,EXHAUSTIVE,4300800,333552,ZFP,0.0001,12.893941574327242,12.893941574327242,True,31,37,31
mp-1399089,bulk,0.001,True,SCAN,4300800,333552,ZFP,0.0001,12.893941574327242,12.893941574327242,True,19,25,31
mp-1399089,bulk,0.001,True,BISECT,4300800,333552,ZFP,0.0001,12.893941574327242,12.893941574327242,True,12,18,31
mp-1399089,bulk,0.001,True,SCAN-ZFP,4300800,333552,ZFP,0.0001,12.893941574327242,12.893941574327242,True,6,12,31
mp-1399089,bulk,0.001,True,SCAN-SZ3,4300800,397599,SZ3,3e-06,10.816928614005567,12.893941574327242,True,7,13,31
mp-1399089,bulk,0.001,True,SCAN-SPERR,4300800,750840,SPERR,3e-06,5.727984657183954,12.893941574327242,True,6,12,31
mp-1399089,bulk,0.001,True,BISECT-ZFP,4300800,333552,ZFP,0.0001,12.893941574327242,12.893941574327242,True,4,10,31
mp-1399089,bulk,0.001,True,BISECT-SZ3,4300800,397599,SZ3,3e-06,10.816928614005567,12.893941574327242,True,4,10,31
mp-1399089,bulk,0.001,True,BISECT-SPERR,4300800,750840,SPERR,3e-06,5.727984657183954,12.893941574327242,True,4,10,31
mp-1399089,bulk,0.01,True,EXHAUSTIVE,4300800,98085,SZ3,0.0001,43.84768313197737,43.84768313197737,True,31,37,31
mp-1399089,bulk,0.01,True,SCAN,4300800,98085,SZ3,0.0001,43.84768313197737,43.84768313197737,True,11,17,31
mp-1399089,bulk,0.01,True,BISECT,4300800,98085,SZ3,0.0001,43.84768313197737,43.84768313197737,True,11,17,31
mp-1399089,bulk,0.01,True,SCAN-ZFP,4300800,167272,ZFP,0.001,25.711416136591897,43.84768313197737,True,4,10,31
mp-1399089,bulk,0.01,True,SCAN-SZ3,4300800,98085,SZ3,0.0001,43.84768313197737,43.84768313197737,True,4,10,31
mp-1399089,bulk,0.01,True,SCAN-SPERR,4300800,407779,SPERR,0.0001,10.546889368996442,43.84768313197737,True,3,9,31
mp-1399089,bulk,0.01,True,BISECT-ZFP,4300800,167272,ZFP,0.001,25.711416136591897,43.84768313197737,True,4,10,31
mp-1399089,bulk,0.01,True,BISECT-SZ3,4300800,98085,SZ3,0.0001,43.84768313197737,43.84768313197737,True,4,10,31
mp-1399089,bulk,0.01,True,BISECT-SPERR,4300800,407779,SPERR,0.0001,10.546889368996442,43.84768313197737,True,3,9,31
mp-1666665,bulk,0.0001,False,EXHAUSTIVE,14745600,14745600,,,,,False,0,6,34
mp-1666665,bulk,0.0001,False,SCAN,14745600,14745600,,,,,False,0,6,34
mp-1666665,bulk,0.0001,False,BISECT,14745600,14745600,,,,,False,0,6,34
mp-1666665,bulk,0.0001,False,SCAN-ZFP,14745600,14745600,,,,,False,0,6,34
mp-1666665,bulk,0.0001,False,SCAN-SZ3,14745600,14745600,,,,,False,0,6,34
mp-1666665,bulk,0.0001,False,SCAN-SPERR,14745600,14745600,,,,,False,0,6,34
mp-1666665,bulk,0.0001,False,BISECT-ZFP,14745600,14745600,,,,,False,0,6,34
mp-1666665,bulk,0.0001,False,BISECT-SZ3,14745600,14745600,,,,,False,0,6,34
mp-1666665,bulk,0.0001,False,BISECT-SPERR,14745600,14745600,,,,,False,0,6,34
mp-1666665,bulk,0.001,True,EXHAUSTIVE,14745600,895266,SPERR,3e-06,16.470635542955947,16.470635542955947,True,34,40,34
mp-1666665,bulk,0.001,True,SCAN,14745600,895266,SPERR,3e-06,16.470635542955947,16.470635542955947,True,24,30,34
mp-1666665,bulk,0.001,True,BISECT,14745600,895266,SPERR,3e-06,16.470635542955947,16.470635542955947,True,12,18,34
mp-1666665,bulk,0.001,True,SCAN-ZFP,14745600,1522168,ZFP,3e-05,9.687235574522656,16.470635542955947,True,8,14,34
mp-1666665,bulk,0.001,True,SCAN-SZ3,14745600,1812581,SZ3,1e-06,8.135139891679323,16.470635542955947,True,8,14,34
mp-1666665,bulk,0.001,True,SCAN-SPERR,14745600,895266,SPERR,3e-06,16.470635542955947,16.470635542955947,True,8,14,34
mp-1666665,bulk,0.001,True,BISECT-ZFP,14745600,1522168,ZFP,3e-05,9.687235574522656,16.470635542955947,True,4,10,34
mp-1666665,bulk,0.001,True,BISECT-SZ3,14745600,1812581,SZ3,1e-06,8.135139891679323,16.470635542955947,True,4,10,34
mp-1666665,bulk,0.001,True,BISECT-SPERR,14745600,895266,SPERR,3e-06,16.470635542955947,16.470635542955947,True,4,10,34
mp-1666665,bulk,0.01,True,EXHAUSTIVE,14745600,281401,SPERR,0.0001,52.40066666429757,52.40066666429757,True,34,40,34
mp-1666665,bulk,0.01,True,SCAN,14745600,281401,SPERR,0.0001,52.40066666429757,52.40066666429757,True,14,20,34
mp-1666665,bulk,0.01,True,BISECT,14745600,281401,SPERR,0.0001,52.40066666429757,52.40066666429757,True,12,18,34
mp-1666665,bulk,0.01,True,SCAN-ZFP,14745600,713520,ZFP,0.001,20.665993945509587,52.40066666429757,True,5,11,34
mp-1666665,bulk,0.01,True,SCAN-SZ3,14745600,388476,SZ3,0.0001,37.95755722361227,52.40066666429757,True,4,10,34
mp-1666665,bulk,0.01,True,SCAN-SPERR,14745600,281401,SPERR,0.0001,52.40066666429757,52.40066666429757,True,5,11,34
mp-1666665,bulk,0.01,True,BISECT-ZFP,14745600,713520,ZFP,0.001,20.665993945509587,52.40066666429757,True,4,10,34
mp-1666665,bulk,0.01,True,BISECT-SZ3,14745600,388476,SZ3,0.0001,37.95755722361227,52.40066666429757,True,4,10,34
mp-1666665,bulk,0.01,True,BISECT-SPERR,14745600,281401,SPERR,0.0001,52.40066666429757,52.40066666429757,True,4,10,34
mp-17103,bulk,0.0001,False,EXHAUSTIVE,18816000,18816000,,,,,False,0,6,23
mp-17103,bulk,0.0001,False,SCAN,18816000,18816000,,,,,False,0,6,23
mp-17103,bulk,0.0001,False,BISECT,18816000,18816000,,,,,False,0,6,23
mp-17103,bulk,0.0001,False,SCAN-ZFP,18816000,18816000,,,,,False,0,6,23
mp-17103,bulk,0.0001,False,SCAN-SZ3,18816000,18816000,,,,,False,0,6,23
mp-17103,bulk,0.0001,False,SCAN-SPERR,18816000,18816000,,,,,False,0,6,23
mp-17103,bulk,0.0001,False,BISECT-ZFP,18816000,18816000,,,,,False,0,6,23
mp-17103,bulk,0.0001,False,BISECT-SZ3,18816000,18816000,,,,,False,0,6,23
mp-17103,bulk,0.0001,False,BISECT-SPERR,18816000,18816000,,,,,False,0,6,23
mp-17103,bulk,0.001,False,EXHAUSTIVE,18816000,18816000,,,,,False,0,6,23
mp-17103,bulk,0.001,False,SCAN,18816000,18816000,,,,,False,0,6,23
mp-17103,bulk,0.001,False,BISECT,18816000,18816000,,,,,False,0,6,23
mp-17103,bulk,0.001,False,SCAN-ZFP,18816000,18816000,,,,,False,0,6,23
mp-17103,bulk,0.001,False,SCAN-SZ3,18816000,18816000,,,,,False,0,6,23
mp-17103,bulk,0.001,False,SCAN-SPERR,18816000,18816000,,,,,False,0,6,23
mp-17103,bulk,0.001,False,BISECT-ZFP,18816000,18816000,,,,,False,0,6,23
mp-17103,bulk,0.001,False,BISECT-SZ3,18816000,18816000,,,,,False,0,6,23
mp-17103,bulk,0.001,False,BISECT-SPERR,18816000,18816000,,,,,False,0,6,23
mp-17103,bulk,0.01,True,EXHAUSTIVE,18816000,397455,SZ3,0.0001,47.341208438691176,47.341208438691176,True,23,29,23
mp-17103,bulk,0.01,True,SCAN,18816000,397455,SZ3,0.0001,47.341208438691176,47.341208438691176,True,15,21,23
mp-17103,bulk,0.01,True,BISECT,18816000,397455,SZ3,0.0001,47.341208438691176,47.341208438691176,True,9,15,23
mp-17103,bulk,0.01,True,SCAN-ZFP,18816000,761928,ZFP,0.001,24.69524679497276,47.341208438691176,True,4,10,23
mp-17103,bulk,0.01,True,SCAN-SZ3,18816000,397455,SZ3,0.0001,47.341208438691176,47.341208438691176,True,5,11,23
mp-17103,bulk,0.01,True,SCAN-SPERR,18816000,2085443,SPERR,0.0001,9.022543411639637,47.341208438691176,True,6,12,23
mp-17103,bulk,0.01,True,BISECT-ZFP,18816000,761928,ZFP,0.001,24.69524679497276,47.341208438691176,True,3,9,23
mp-17103,bulk,0.01,True,BISECT-SZ3,18816000,397455,SZ3,0.0001,47.341208438691176,47.341208438691176,True,3,9,23
mp-17103,bulk,0.01,True,BISECT-SPERR,18816000,2085443,SPERR,0.0001,9.022543411639637,47.341208438691176,True,3,9,23
mp-1778,bulk,0.0001,False,EXHAUSTIVE,884736,884736,,,,,False,0,6,35
mp-1778,bulk,0.0001,False,SCAN,884736,884736,,,,,False,0,6,35
mp-1778,bulk,0.0001,False,BISECT,884736,884736,,,,,False,0,6,35
mp-1778,bulk,0.0001,False,SCAN-ZFP,884736,884736,,,,,False,0,6,35
mp-1778,bulk,0.0001,False,SCAN-SZ3,884736,884736,,,,,False,0,6,35
mp-1778,bulk,0.0001,False,SCAN-SPERR,884736,884736,,,,,False,0,6,35
mp-1778,bulk,0.0001,False,BISECT-ZFP,884736,884736,,,,,False,0,6,35
mp-1778,bulk,0.0001,False,BISECT-SZ3,884736,884736,,,,,False,0,6,35
mp-1778,bulk,0.0001,False,BISECT-SPERR,884736,884736,,,,,False,0,6,35
mp-1778,bulk,0.001,True,EXHAUSTIVE,884736,8980,SZ3,0.001,98.52293986636973,98.52293986636973,True,35,41,35
mp-1778,bulk,0.001,True,SCAN,884736,8980,SZ3,0.001,98.52293986636973,98.52293986636973,True,13,19,35
mp-1778,bulk,0.001,True,BISECT,884736,31412,SPERR,3e-05,28.165541831147333,98.52293986636973,True,11,17,35
mp-1778,bulk,0.001,True,SCAN-ZFP,884736,48272,ZFP,0.0003,18.328140536957243,98.52293986636973,True,6,12,35
mp-1778,bulk,0.001,True,SCAN-SZ3,884736,8980,SZ3,0.001,98.52293986636973,98.52293986636973,True,3,9,35
mp-1778,bulk,0.001,True,SCAN-SPERR,884736,14757,SPERR,0.0003,59.95364911567392,98.52293986636973,True,4,10,35
mp-1778,bulk,0.001,True,BISECT-ZFP,884736,48272,ZFP,0.0003,18.328140536957243,98.52293986636973,True,4,10,35
mp-1778,bulk,0.001,True,BISECT-SZ3,884736,63204,SZ3,1e-05,13.998101385988228,98.52293986636973,True,4,10,35
mp-1778,bulk,0.001,True,BISECT-SPERR,884736,31412,SPERR,3e-05,28.165541831147333,98.52293986636973,True,3,9,35
mp-1778,bulk,0.01,True,EXHAUSTIVE,884736,8930,SPERR,0.001,99.07458006718925,99.07458006718925,True,35,41,35
mp-1778,bulk,0.01,True,SCAN,884736,8930,SPERR,0.001,99.07458006718925,99.07458006718925,True,8,14,35
mp-1778,bulk,0.01,True,BISECT,884736,8930,SPERR,0.001,99.07458006718925,99.07458006718925,True,10,16,35
mp-1778,bulk,0.01,True,SCAN-ZFP,884736,14784,ZFP,0.03,59.84415584415584,99.07458006718925,True,2,8,35
mp-1778,bulk,0.01,True,SCAN-SZ3,884736,8980,SZ3,0.001,98.52293986636973,99.07458006718925,True,3,9,35
mp-1778,bulk,0.01,True,SCAN-SPERR,884736,8930,SPERR,0.001,99.07458006718925,99.07458006718925,True,3,9,35
mp-1778,bulk,0.01,True,BISECT-ZFP,884736,14784,ZFP,0.03,59.84415584415584,99.07458006718925,True,4,10,35
mp-1778,bulk,0.01,True,BISECT-SZ3,884736,8980,SZ3,0.001,98.52293986636973,99.07458006718925,True,3,9,35
mp-1778,bulk,0.01,True,BISECT-SPERR,884736,8930,SPERR,0.001,99.07458006718925,99.07458006718925,True,3,9,35
mp-1841520,bulk,0.0001,False,EXHAUSTIVE,9216000,9216000,,,,,False,0,6,33
mp-1841520,bulk,0.0001,False,SCAN,9216000,9216000,,,,,False,0,6,33
mp-1841520,bulk,0.0001,False,BISECT,9216000,9216000,,,,,False,0,6,33
mp-1841520,bulk,0.0001,False,SCAN-ZFP,9216000,9216000,,,,,False,0,6,33
mp-1841520,bulk,0.0001,False,SCAN-SZ3,9216000,9216000,,,,,False,0,6,33
mp-1841520,bulk,0.0001,False,SCAN-SPERR,9216000,9216000,,,,,False,0,6,33
mp-1841520,bulk,0.0001,False,BISECT-ZFP,9216000,9216000,,,,,False,0,6,33
mp-1841520,bulk,0.0001,False,BISECT-SZ3,9216000,9216000,,,,,False,0,6,33
mp-1841520,bulk,0.0001,False,BISECT-SPERR,9216000,9216000,,,,,False,0,6,33
mp-1841520,bulk,0.001,True,EXHAUSTIVE,9216000,697659,SZ3,3e-06,13.209891938611843,13.209891938611843,True,33,39,33
mp-1841520,bulk,0.001,True,SCAN,9216000,697659,SZ3,3e-06,13.209891938611843,13.209891938611843,True,22,28,33
mp-1841520,bulk,0.001,True,BISECT,9216000,697659,SZ3,3e-06,13.209891938611843,13.209891938611843,True,12,18,33
mp-1841520,bulk,0.001,True,SCAN-ZFP,9216000,810976,ZFP,3e-05,11.364084757132147,13.209891938611843,True,8,14,33
mp-1841520,bulk,0.001,True,SCAN-SZ3,9216000,697659,SZ3,3e-06,13.209891938611843,13.209891938611843,True,7,13,33
mp-1841520,bulk,0.001,True,SCAN-SPERR,9216000,1644396,SPERR,3e-06,5.604489429553465,13.209891938611843,True,7,13,33
mp-1841520,bulk,0.001,True,BISECT-ZFP,9216000,810976,ZFP,3e-05,11.364084757132147,13.209891938611843,True,4,10,33
mp-1841520,bulk,0.001,True,BISECT-SZ3,9216000,697659,SZ3,3e-06,13.209891938611843,13.209891938611843,True,4,10,33
mp-1841520,bulk,0.001,True,BISECT-SPERR,9216000,1644396,SPERR,3e-06,5.604489429553465,13.209891938611843,True,4,10,33
mp-1841520,bulk,0.01,True,EXHAUSTIVE,9216000,169525,SZ3,0.0001,54.36366317652264,54.36366317652264,True,33,39,33
mp-1841520,bulk,0.01,True,SCAN,9216000,169525,SZ3,0.0001,54.36366317652264,54.36366317652264,True,14,20,33
mp-1841520,bulk,0.01,True,BISECT,9216000,169525,SZ3,0.0001,54.36366317652264,54.36366317652264,True,12,18,33
mp-1841520,bulk,0.01,True,SCAN-ZFP,9216000,364376,ZFP,0.001,25.29255494324544,54.36366317652264,True,5,11,33
mp-1841520,bulk,0.01,True,SCAN-SZ3,9216000,169525,SZ3,0.0001,54.36366317652264,54.36366317652264,True,4,10,33
mp-1841520,bulk,0.01,True,SCAN-SPERR,9216000,1166622,SPERR,3e-05,7.899731018273271,54.36366317652264,True,5,11,33
mp-1841520,bulk,0.01,True,BISECT-ZFP,9216000,364376,ZFP,0.001,25.29255494324544,54.36366317652264,True,4,10,33
mp-1841520,bulk,0.01,True,BISECT-SZ3,9216000,169525,SZ3,0.0001,54.36366317652264,54.36366317652264,True,4,10,33
mp-1841520,bulk,0.01,True,BISECT-SPERR,9216000,1166622,SPERR,3e-05,7.899731018273271,54.36366317652264,True,4,10,33
mp-19133,bulk,0.0001,False,EXHAUSTIVE,7077888,7077888,,,,,False,0,6,23
mp-19133,bulk,0.0001,False,SCAN,7077888,7077888,,,,,False,0,6,23
mp-19133,bulk,0.0001,False,BISECT,7077888,7077888,,,,,False,0,6,23
mp-19133,bulk,0.0001,False,SCAN-ZFP,7077888,7077888,,,,,False,0,6,23
mp-19133,bulk,0.0001,False,SCAN-SZ3,7077888,7077888,,,,,False,0,6,23
mp-19133,bulk,0.0001,False,SCAN-SPERR,7077888,7077888,,,,,False,0,6,23
mp-19133,bulk,0.0001,False,BISECT-ZFP,7077888,7077888,,,,,False,0,6,23
mp-19133,bulk,0.0001,False,BISECT-SZ3,7077888,7077888,,,,,False,0,6,23
mp-19133,bulk,0.0001,False,BISECT-SPERR,7077888,7077888,,,,,False,0,6,23
mp-19133,bulk,0.001,False,EXHAUSTIVE,7077888,7077888,,,,,False,0,6,23
mp-19133,bulk,0.001,False,SCAN,7077888,7077888,,,,,False,0,6,23
mp-19133,bulk,0.001,False,BISECT,7077888,7077888,,,,,False,0,6,23
mp-19133,bulk,0.001,False,SCAN-ZFP,7077888,7077888,,,,,False,0,6,23
mp-19133,bulk,0.001,False,SCAN-SZ3,7077888,7077888,,,,,False,0,6,23
mp-19133,bulk,0.001,False,SCAN-SPERR,7077888,7077888,,,,,False,0,6,23
mp-19133,bulk,0.001,False,BISECT-ZFP,7077888,7077888,,,,,False,0,6,23
mp-19133,bulk,0.001,False,BISECT-SZ3,7077888,7077888,,,,,False,0,6,23
mp-19133,bulk,0.001,False,BISECT-SPERR,7077888,7077888,,,,,False,0,6,23
mp-19133,bulk,0.01,True,EXHAUSTIVE,7077888,39443,SPERR,0.001,179.44598534594223,179.44598534594223,True,23,29,23
mp-19133,bulk,0.01,True,SCAN,7077888,39443,SPERR,0.001,179.44598534594223,179.44598534594223,True,10,16,23
mp-19133,bulk,0.01,True,BISECT,7077888,39443,SPERR,0.001,179.44598534594223,179.44598534594223,True,9,15,23
mp-19133,bulk,0.01,True,SCAN-ZFP,7077888,143800,ZFP,0.01,49.22036161335188,179.44598534594223,True,3,9,23
mp-19133,bulk,0.01,True,SCAN-SZ3,7077888,79445,SZ3,0.0003,89.09167348480081,179.44598534594223,True,3,9,23
mp-19133,bulk,0.01,True,SCAN-SPERR,7077888,39443,SPERR,0.001,179.44598534594223,179.44598534594223,True,4,10,23
mp-19133,bulk,0.01,True,BISECT-ZFP,7077888,143800,ZFP,0.01,49.22036161335188,179.44598534594223,True,3,9,23
mp-19133,bulk,0.01,True,BISECT-SZ3,7077888,79445,SZ3,0.0003,89.09167348480081,179.44598534594223,True,3,9,23
mp-19133,bulk,0.01,True,BISECT-SPERR,7077888,39443,SPERR,0.001,179.44598534594223,179.44598534594223,True,3,9,23
mp-20888,bulk,0.0001,False,EXHAUSTIVE,6718464,6718464,,,,,False,0,6,26
mp-20888,bulk,0.0001,False,SCAN,6718464,6718464,,,,,False,0,6,26
mp-20888,bulk,0.0001,False,BISECT,6718464,6718464,,,,,False,0,6,26
mp-20888,bulk,0.0001,False,SCAN-ZFP,6718464,6718464,,,,,False,0,6,26
mp-20888,bulk,0.0001,False,SCAN-SZ3,6718464,6718464,,,,,False,0,6,26
mp-20888,bulk,0.0001,False,SCAN-SPERR,6718464,6718464,,,,,False,0,6,26
mp-20888,bulk,0.0001,False,BISECT-ZFP,6718464,6718464,,,,,False,0,6,26
mp-20888,bulk,0.0001,False,BISECT-SZ3,6718464,6718464,,,,,False,0,6,26
mp-20888,bulk,0.0001,False,BISECT-SPERR,6718464,6718464,,,,,False,0,6,26
mp-20888,bulk,0.001,True,EXHAUSTIVE,6718464,684984,ZFP,1e-05,9.808205739112154,9.808205739112154,True,26,32,26
mp-20888,bulk,0.001,True,SCAN,6718464,684984,ZFP,1e-05,9.808205739112154,9.808205739112154,True,19,25,26
mp-20888,bulk,0.001,True,BISECT,6718464,684984,ZFP,1e-05,9.808205739112154,9.808205739112154,True,10,16,26
mp-20888,bulk,0.001,True,SCAN-ZFP,6718464,684984,ZFP,1e-05,9.808205739112154,9.808205739112154,True,7,13,26
mp-20888,bulk,0.001,True,SCAN-SZ3,6718464,888486,SZ3,3e-07,7.561699340225958,9.808205739112154,True,7,13,26
mp-20888,bulk,0.001,True,SCAN-SPERR,6718464,1289070,SPERR,1e-06,5.211869021852964,9.808205739112154,True,5,11,26
mp-20888,bulk,0.001,True,BISECT-ZFP,6718464,684984,ZFP,1e-05,9.808205739112154,9.808205739112154,True,4,10,26
mp-20888,bulk,0.001,True,BISECT-SZ3,6718464,888486,SZ3,3e-07,7.561699340225958,9.808205739112154,True,3,9,26
mp-20888,bulk,0.001,True,BISECT-SPERR,6718464,1289070,SPERR,1e-06,5.211869021852964,9.808205739112154,True,3,9,26
mp-20888,bulk,0.01,True,EXHAUSTIVE,6718464,308368,ZFP,0.0003,21.78716338919732,21.78716338919732,True,26,32,26
mp-20888,bulk,0.01,True,SCAN,6718464,308368,ZFP,0.0003,21.78716338919732,21.78716338919732,True,11,17,26
mp-20888,bulk,0.01,True,BISECT,6718464,308368,ZFP,0.0003,21.78716338919732,21.78716338919732,True,10,16,26
mp-20888,bulk,0.01,True,SCAN-ZFP,6718464,308368,ZFP,0.0003,21.78716338919732,21.78716338919732,True,4,10,26
mp-20888,bulk,0.01,True,SCAN-SZ3,6718464,315330,SZ3,1e-05,21.30613642850347,21.78716338919732,True,4,10,26
mp-20888,bulk,0.01,True,SCAN-SPERR,6718464,939601,SPERR,1e-05,7.150337217606197,21.78716338919732,True,3,9,26
mp-20888,bulk,0.01,True,BISECT-ZFP,6718464,308368,ZFP,0.0003,21.78716338919732,21.78716338919732,True,4,10,26
mp-20888,bulk,0.01,True,BISECT-SZ3,6718464,315330,SZ3,1e-05,21.30613642850347,21.78716338919732,True,3,9,26
mp-20888,bulk,0.01,True,BISECT-SPERR,6718464,939601,SPERR,1e-05,7.150337217606197,21.78716338919732,True,3,9,26
mp-21054,bulk,0.0001,False,EXHAUSTIVE,7372800,7372800,,,,,False,0,6,20
mp-21054,bulk,0.0001,False,SCAN,7372800,7372800,,,,,False,0,6,20
mp-21054,bulk,0.0001,False,BISECT,7372800,7372800,,,,,False,0,6,20
mp-21054,bulk,0.0001,False,SCAN-ZFP,7372800,7372800,,,,,False,0,6,20
mp-21054,bulk,0.0001,False,SCAN-SZ3,7372800,7372800,,,,,False,0,6,20
mp-21054,bulk,0.0001,False,SCAN-SPERR,7372800,7372800,,,,,False,0,6,20
mp-21054,bulk,0.0001,False,BISECT-ZFP,7372800,7372800,,,,,False,0,6,20
mp-21054,bulk,0.0001,False,BISECT-SZ3,7372800,7372800,,,,,False,0,6,20
mp-21054,bulk,0.0001,False,BISECT-SPERR,7372800,7372800,,,,,False,0,6,20
mp-21054,bulk,0.001,False,EXHAUSTIVE,7372800,7372800,,,,,False,0,6,20
mp-21054,bulk,0.001,False,SCAN,7372800,7372800,,,,,False,0,6,20
mp-21054,bulk,0.001,False,BISECT,7372800,7372800,,,,,False,0,6,20
mp-21054,bulk,0.001,False,SCAN-ZFP,7372800,7372800,,,,,False,0,6,20
mp-21054,bulk,0.001,False,SCAN-SZ3,7372800,7372800,,,,,False,0,6,20
mp-21054,bulk,0.001,False,SCAN-SPERR,7372800,7372800,,,,,False,0,6,20
mp-21054,bulk,0.001,False,BISECT-ZFP,7372800,7372800,,,,,False,0,6,20
mp-21054,bulk,0.001,False,BISECT-SZ3,7372800,7372800,,,,,False,0,6,20
mp-21054,bulk,0.001,False,BISECT-SPERR,7372800,7372800,,,,,False,0,6,20
mp-21054,bulk,0.01,True,EXHAUSTIVE,7372800,196107,SZ3,3e-05,37.59580229160611,37.59580229160611,True,20,26,20
mp-21054,bulk,0.01,True,SCAN,7372800,196107,SZ3,3e-05,37.59580229160611,37.59580229160611,True,14,20,20
mp-21054,bulk,0.01,True,BISECT,7372800,196107,SZ3,3e-05,37.59580229160611,37.59580229160611,True,9,15,20
mp-21054,bulk,0.01,True,SCAN-ZFP,7372800,254184,ZFP,0.001,29.00575960721368,37.59580229160611,True,4,10,20
mp-21054,bulk,0.01,True,SCAN-SZ3,7372800,196107,SZ3,3e-05,37.59580229160611,37.59580229160611,True,5,11,20
mp-21054,bulk,0.01,True,SCAN-SPERR,7372800,847154,SPERR,3e-05,8.70302211876471,37.59580229160611,True,5,11,20
mp-21054,bulk,0.01,True,BISECT-ZFP,7372800,254184,ZFP,0.001,29.00575960721368,37.59580229160611,True,3,9,20
mp-21054,bulk,0.01,True,BISECT-SZ3,7372800,196107,SZ3,3e-05,37.59580229160611,37.59580229160611,True,3,9,20
mp-21054,bulk,0.01,True,BISECT-SPERR,7372800,847154,SPERR,3e-05,8.70302211876471,37.59580229160611,True,3,9,20
mp-21079,bulk,0.0001,False,EXHAUSTIVE,3145728,3145728,,,,,False,0,6,17
mp-21079,bulk,0.0001,False,SCAN,3145728,3145728,,,,,False,0,6,17
mp-21079,bulk,0.0001,False,BISECT,3145728,3145728,,,,,False,0,6,17
mp-21079,bulk,0.0001,False,SCAN-ZFP,3145728,3145728,,,,,False,0,6,17
mp-21079,bulk,0.0001,False,SCAN-SZ3,3145728,3145728,,,,,False,0,6,17
mp-21079,bulk,0.0001,False,SCAN-SPERR,3145728,3145728,,,,,False,0,6,17
mp-21079,bulk,0.0001,False,BISECT-ZFP,3145728,3145728,,,,,False,0,6,17
mp-21079,bulk,0.0001,False,BISECT-SZ3,3145728,3145728,,,,,False,0,6,17
mp-21079,bulk,0.0001,False,BISECT-SPERR,3145728,3145728,,,,,False,0,6,17
mp-21079,bulk,0.001,False,EXHAUSTIVE,3145728,3145728,,,,,False,0,6,17
mp-21079,bulk,0.001,False,SCAN,3145728,3145728,,,,,False,0,6,17
mp-21079,bulk,0.001,False,BISECT,3145728,3145728,,,,,False,0,6,17
mp-21079,bulk,0.001,False,SCAN-ZFP,3145728,3145728,,,,,False,0,6,17
mp-21079,bulk,0.001,False,SCAN-SZ3,3145728,3145728,,,,,False,0,6,17
mp-21079,bulk,0.001,False,SCAN-SPERR,3145728,3145728,,,,,False,0,6,17
mp-21079,bulk,0.001,False,BISECT-ZFP,3145728,3145728,,,,,False,0,6,17
mp-21079,bulk,0.001,False,BISECT-SZ3,3145728,3145728,,,,,False,0,6,17
mp-21079,bulk,0.001,False,BISECT-SPERR,3145728,3145728,,,,,False,0,6,17
mp-21079,bulk,0.01,True,EXHAUSTIVE,3145728,99669,SZ3,3e-05,31.561749390482497,31.561749390482497,True,17,23,17
mp-21079,bulk,0.01,True,SCAN,3145728,99669,SZ3,3e-05,31.561749390482497,31.561749390482497,True,13,19,17
mp-21079,bulk,0.01,True,BISECT,3145728,99669,SZ3,3e-05,31.561749390482497,31.561749390482497,True,8,14,17
mp-21079,bulk,0.01,True,SCAN-ZFP,3145728,143824,ZFP,0.0003,21.87206585827122,31.561749390482497,True,5,11,17
mp-21079,bulk,0.01,True,SCAN-SZ3,3145728,99669,SZ3,3e-05,31.561749390482497,31.561749390482497,True,4,10,17
mp-21079,bulk,0.01,True,SCAN-SPERR,3145728,444209,SPERR,1e-05,7.081639498524344,31.561749390482497,True,4,10,17
mp-21079,bulk,0.01,True,BISECT-ZFP,3145728,143824,ZFP,0.0003,21.87206585827122,31.561749390482497,True,3,9,17
mp-21079,bulk,0.01,True,BISECT-SZ3,3145728,99669,SZ3,3e-05,31.561749390482497,31.561749390482497,True,3,9,17
mp-21079,bulk,0.01,True,BISECT-SPERR,3145728,444209,SPERR,1e-05,7.081639498524344,31.561749390482497,True,2,8,17
mp-214,bulk,0.0001,True,EXHAUSTIVE,1404928,33441,SPERR,3e-05,42.0121407852636,42.0121407852636,True,34,40,34
mp-214,bulk,0.0001,True,SCAN,1404928,33441,SPERR,3e-05,42.0121407852636,42.0121407852636,True,26,32,34
mp-214,bulk,0.0001,True,BISECT,1404928,33441,SPERR,3e-05,42.0121407852636,42.0121407852636,True,10,16,34
mp-214,bulk,0.0001,True,SCAN-ZFP,1404928,205088,ZFP,3e-06,6.850366671867686,42.0121407852636,True,10,16,34
mp-214,bulk,0.0001,True,SCAN-SZ3,1404928,222401,SZ3,1e-07,6.317093897959092,42.0121407852636,True,10,16,34
mp-214,bulk,0.0001,True,SCAN-SPERR,1404928,33441,SPERR,3e-05,42.0121407852636,42.0121407852636,True,6,12,34
mp-214,bulk,0.0001,True,BISECT-ZFP,1404928,205088,ZFP,3e-06,6.850366671867686,42.0121407852636,True,4,10,34
mp-214,bulk,0.0001,True,BISECT-SZ3,1404928,222401,SZ3,1e-07,6.317093897959092,42.0121407852636,True,3,9,34
mp-214,bulk,0.0001,True,BISECT-SPERR,1404928,33441,SPERR,3e-05,42.0121407852636,42.0121407852636,True,3,9,34
mp-214,bulk,0.001,True,EXHAUSTIVE,1404928,33441,SPERR,3e-05,42.0121407852636,42.0121407852636,True,34,40,34
mp-214,bulk,0.001,True,SCAN,1404928,33441,SPERR,3e-05,42.0121407852636,42.0121407852636,True,22,28,34
mp-214,bulk,0.001,True,BISECT,1404928,33441,SPERR,3e-05,42.0121407852636,42.0121407852636,True,11,17,34
mp-214,bulk,0.001,True,SCAN-ZFP,1404928,125672,ZFP,3e-05,11.179323954421031,42.0121407852636,True,8,14,34
mp-214,bulk,0.001,True,SCAN-SZ3,1404928,153427,SZ3,1e-06,9.15698019253456,42.0121407852636,True,8,14,34
mp-214,bulk,0.001,True,SCAN-SPERR,1404928,33441,SPERR,3e-05,42.0121407852636,42.0121407852636,True,6,12,34
mp-214,bulk,0.001,True,BISECT-ZFP,1404928,125672,ZFP,3e-05,11.179323954421031,42.0121407852636,True,4,10,34
mp-214,bulk,0.001,True,BISECT-SZ3,1404928,153427,SZ3,1e-06,9.15698019253456,42.0121407852636,True,4,10,34
mp-214,bulk,0.001,True,BISECT-SPERR,1404928,33441,SPERR,3e-05,42.0121407852636,42.0121407852636,True,3,9,34
mp-214,bulk,0.01,True,EXHAUSTIVE,1404928,10730,SZ3,0.001,130.9345759552656,130.9345759552656,True,34,40,34
mp-214,bulk,0.01,True,SCAN,1404928,10730,SZ3,0.001,130.9345759552656,130.9345759552656,True,10,16,34
mp-214,bulk,0.01,True,BISECT,1404928,10730,SZ3,0.001,130.9345759552656,130.9345759552656,True,12,18,34
mp-214,bulk,0.01,True,SCAN-ZFP,1404928,32608,ZFP,0.01,43.08537782139352,130.9345759552656,True,3,9,34
mp-214,bulk,0.01,True,SCAN-SZ3,1404928,10730,SZ3,0.001,130.9345759552656,130.9345759552656,True,2,8,34
mp-214,bulk,0.01,True,SCAN-SPERR,1404928,20751,SPERR,0.0001,67.7041106452701,130.9345759552656,True,5,11,34
mp-214,bulk,0.01,True,BISECT-ZFP,1404928,57296,ZFP,0.001,24.52052499301871,130.9345759552656,True,4,10,34
mp-214,bulk,0.01,True,BISECT-SZ3,1404928,10730,SZ3,0.001,130.9345759552656,130.9345759552656,True,4,10,34
mp-214,bulk,0.01,True,BISECT-SPERR,1404928,20751,SPERR,0.0001,67.7041106452701,130.9345759552656,True,4,10,34
mp-21588,bulk,0.0001,False,EXHAUSTIVE,16384000,16384000,,,,,False,0,6,3
mp-21588,bulk,0.0001,False,SCAN,16384000,16384000,,,,,False,0,6,3
mp-21588,bulk,0.0001,False,BISECT,16384000,16384000,,,,,False,0,6,3
mp-21588,bulk,0.0001,False,SCAN-ZFP,16384000,16384000,,,,,False,0,6,3
mp-21588,bulk,0.0001,False,SCAN-SZ3,16384000,16384000,,,,,False,0,6,3
mp-21588,bulk,0.0001,False,SCAN-SPERR,16384000,16384000,,,,,False,0,6,3
mp-21588,bulk,0.0001,False,BISECT-ZFP,16384000,16384000,,,,,False,0,6,3
mp-21588,bulk,0.0001,False,BISECT-SZ3,16384000,16384000,,,,,False,0,6,3
mp-21588,bulk,0.0001,False,BISECT-SPERR,16384000,16384000,,,,,False,0,6,3
mp-21588,bulk,0.001,False,EXHAUSTIVE,16384000,16384000,,,,,False,0,6,3
mp-21588,bulk,0.001,False,SCAN,16384000,16384000,,,,,False,0,6,3
mp-21588,bulk,0.001,False,BISECT,16384000,16384000,,,,,False,0,6,3
mp-21588,bulk,0.001,False,SCAN-ZFP,16384000,16384000,,,,,False,0,6,3
mp-21588,bulk,0.001,False,SCAN-SZ3,16384000,16384000,,,,,False,0,6,3
mp-21588,bulk,0.001,False,SCAN-SPERR,16384000,16384000,,,,,False,0,6,3
mp-21588,bulk,0.001,False,BISECT-ZFP,16384000,16384000,,,,,False,0,6,3
mp-21588,bulk,0.001,False,BISECT-SZ3,16384000,16384000,,,,,False,0,6,3
mp-21588,bulk,0.001,False,BISECT-SPERR,16384000,16384000,,,,,False,0,6,3
mp-21588,bulk,0.01,False,EXHAUSTIVE,16384000,16384000,,,,,False,0,6,3
mp-21588,bulk,0.01,False,SCAN,16384000,16384000,,,,,False,0,6,3
mp-21588,bulk,0.01,False,BISECT,16384000,16384000,,,,,False,0,6,3
mp-21588,bulk,0.01,False,SCAN-ZFP,16384000,16384000,,,,,False,0,6,3
mp-21588,bulk,0.01,False,SCAN-SZ3,16384000,16384000,,,,,False,0,6,3
mp-21588,bulk,0.01,False,SCAN-SPERR,16384000,16384000,,,,,False,0,6,3
mp-21588,bulk,0.01,False,BISECT-ZFP,16384000,16384000,,,,,False,0,6,3
mp-21588,bulk,0.01,False,BISECT-SZ3,16384000,16384000,,,,,False,0,6,3
mp-21588,bulk,0.01,False,BISECT-SPERR,16384000,16384000,,,,,False,0,6,3
mp-2194,bulk,0.0001,False,EXHAUSTIVE,3932160,3932160,,,,,False,0,6,34
mp-2194,bulk,0.0001,False,SCAN,3932160,3932160,,,,,False,0,6,34
mp-2194,bulk,0.0001,False,BISECT,3932160,3932160,,,,,False,0,6,34
mp-2194,bulk,0.0001,False,SCAN-ZFP,3932160,3932160,,,,,False,0,6,34
mp-2194,bulk,0.0001,False,SCAN-SZ3,3932160,3932160,,,,,False,0,6,34
mp-2194,bulk,0.0001,False,SCAN-SPERR,3932160,3932160,,,,,False,0,6,34
mp-2194,bulk,0.0001,False,BISECT-ZFP,3932160,3932160,,,,,False,0,6,34
mp-2194,bulk,0.0001,False,BISECT-SZ3,3932160,3932160,,,,,False,0,6,34
mp-2194,bulk,0.0001,False,BISECT-SPERR,3932160,3932160,,,,,False,0,6,34
mp-2194,bulk,0.001,True,EXHAUSTIVE,3932160,123512,SZ3,1e-05,31.836258825053434,31.836258825053434,True,34,40,34
mp-2194,bulk,0.001,True,SCAN,3932160,123512,SZ3,1e-05,31.836258825053434,31.836258825053434,True,19,25,34
mp-2194,bulk,0.001,True,BISECT,3932160,123512,SZ3,1e-05,31.836258825053434,31.836258825053434,True,11,17,34
mp-2194,bulk,0.001,True,SCAN-ZFP,3932160,167752,ZFP,0.0003,23.440316657923603,31.836258825053434,True,6,12,34
mp-2194,bulk,0.001,True,SCAN-SZ3,3932160,123512,SZ3,1e-05,31.836258825053434,31.836258825053434,True,6,12,34
mp-2194,bulk,0.001,True,SCAN-SPERR,3932160,575494,SPERR,1e-05,6.83266897656622,31.836258825053434,True,7,13,34
mp-2194,bulk,0.001,True,BISECT-ZFP,3932160,167752,ZFP,0.0003,23.440316657923603,31.836258825053434,True,4,10,34
mp-2194,bulk,0.001,True,BISECT-SZ3,3932160,123512,SZ3,1e-05,31.836258825053434,31.836258825053434,True,3,9,34
mp-2194,bulk,0.001,True,BISECT-SPERR,3932160,575494,SPERR,1e-05,6.83266897656622,31.836258825053434,True,4,10,34
mp-2194,bulk,0.01,True,EXHAUSTIVE,3932160,26523,SZ3,0.0003,148.25472231648004,148.25472231648004,True,34,40,34
mp-2194,bulk,0.01,True,SCAN,3932160,26523,SZ3,0.0003,148.25472231648004,148.25472231648004,True,13,19,34
mp-2194,bulk,0.01,True,BISECT,3932160,26523,SZ3,0.0003,148.25472231648004,148.25472231648004,True,10,16,34
mp-2194,bulk,0.01,True,SCAN-ZFP,3932160,98720,ZFP,0.003,39.83144246353323,148.25472231648004,True,4,10,34
mp-2194,bulk,0.01,True,SCAN-SZ3,3932160,26523,SZ3,0.0003,148.25472231648004,148.25472231648004,True,3,9,34
mp-2194,bulk,0.01,True,SCAN-SPERR,3932160,477014,SPERR,3e-05,8.243280071444444,148.25472231648004,True,6,12,34
mp-2194,bulk,0.01,True,BISECT-ZFP,3932160,98720,ZFP,0.003,39.83144246353323,148.25472231648004,True,4,10,34
mp-2194,bulk,0.01,True,BISECT-SZ3,3932160,26523,SZ3,0.0003,148.25472231648004,148.25472231648004,True,3,9,34
mp-2194,bulk,0.01,True,BISECT-SPERR,3932160,477014,SPERR,3e-05,8.243280071444444,148.25472231648004,True,3,9,34
mp-2216496,bulk,0.0001,False,EXHAUSTIVE,18350080,18350080,,,,,False,0,6,29
mp-2216496,bulk,0.0001,False,SCAN,18350080,18350080,,,,,False,0,6,29
mp-2216496,bulk,0.0001,False,BISECT,18350080,18350080,,,,,False,0,6,29
mp-2216496,bulk,0.0001,False,SCAN-ZFP,18350080,18350080,,,,,False,0,6,29
mp-2216496,bulk,0.0001,False,SCAN-SZ3,18350080,18350080,,,,,False,0,6,29
mp-2216496,bulk,0.0001,False,SCAN-SPERR,18350080,18350080,,,,,False,0,6,29
mp-2216496,bulk,0.0001,False,BISECT-ZFP,18350080,18350080,,,,,False,0,6,29
mp-2216496,bulk,0.0001,False,BISECT-SZ3,18350080,18350080,,,,,False,0,6,29
mp-2216496,bulk,0.0001,False,BISECT-SPERR,18350080,18350080,,,,,False,0,6,29
mp-2216496,bulk,0.001,True,EXHAUSTIVE,18350080,1523040,ZFP,3e-05,12.048324403823932,12.048324403823932,True,29,35,29
mp-2216496,bulk,0.001,True,SCAN,18350080,1523040,ZFP,3e-05,12.048324403823932,12.048324403823932,True,19,25,29
mp-2216496,bulk,0.001,True,BISECT,18350080,1523040,ZFP,3e-05,12.048324403823932,12.048324403823932,True,11,17,29
mp-2216496,bulk,0.001,True,SCAN-ZFP,18350080,1523040,ZFP,3e-05,12.048324403823932,12.048324403823932,True,6,12,29
mp-2216496,bulk,0.001,True,SCAN-SZ3,18350080,1638346,SZ3,1e-06,11.2003691527919,12.048324403823932,True,7,13,29
mp-2216496,bulk,0.001,True,SCAN-SPERR,18350080,3197074,SPERR,3e-06,5.739648190814476,12.048324403823932,True,6,12,29
mp-2216496,bulk,0.001,True,BISECT-ZFP,18350080,1523040,ZFP,3e-05,12.048324403823932,12.048324403823932,True,3,9,29
mp-2216496,bulk,0.001,True,BISECT-SZ3,18350080,1638346,SZ3,1e-06,11.2003691527919,12.048324403823932,True,4,10,29
mp-2216496,bulk,0.001,True,BISECT-SPERR,18350080,3197074,SPERR,3e-06,5.739648190814476,12.048324403823932,True,4,10,29
mp-2216496,bulk,0.01,True,EXHAUSTIVE,18350080,500994,SZ3,3e-05,36.62734483846114,36.62734483846114,True,29,35,29
mp-2216496,bulk,0.01,True,SCAN,18350080,500994,SZ3,3e-05,36.62734483846114,36.62734483846114,True,13,19,29
mp-2216496,bulk,0.01,True,BISECT,18350080,500994,SZ3,3e-05,36.62734483846114,36.62734483846114,True,10,16,29
mp-2216496,bulk,0.01,True,SCAN-ZFP,18350080,777688,ZFP,0.0003,23.59568361605168,36.62734483846114,True,4,10,29
mp-2216496,bulk,0.01,True,SCAN-SZ3,18350080,500994,SZ3,3e-05,36.62734483846114,36.62734483846114,True,4,10,29
mp-2216496,bulk,0.01,True,SCAN-SPERR,18350080,2686809,SPERR,1e-05,6.829692769378099,36.62734483846114,True,5,11,29
mp-2216496,bulk,0.01,True,BISECT-ZFP,18350080,777688,ZFP,0.0003,23.59568361605168,36.62734483846114,True,4,10,29
mp-2216496,bulk,0.01,True,BISECT-SZ3,18350080,500994,SZ3,3e-05,36.62734483846114,36.62734483846114,True,3,9,29
mp-2216496,bulk,0.01,True,BISECT-SPERR,18350080,2686809,SPERR,1e-05,6.829692769378099,36.62734483846114,True,3,9,29
mp-2217743,bulk,0.0001,True,EXHAUSTIVE,6635520,1048312,ZFP,1e-06,6.329718633383955,6.329718633383955,True,32,38,32
mp-2217743,bulk,0.0001,True,SCAN,6635520,1048312,ZFP,1e-06,6.329718633383955,6.329718633383955,True,29,35,32
mp-2217743,bulk,0.0001,True,BISECT,6635520,1048312,ZFP,1e-06,6.329718633383955,6.329718633383955,True,9,15,32
mp-2217743,bulk,0.0001,True,SCAN-ZFP,6635520,1048312,ZFP,1e-06,6.329718633383955,6.329718633383955,True,10,16,32
mp-2217743,bulk,0.0001,True,SCAN-SZ3,6635520,6635520,,,,6.329718633383955,True,10,16,32
mp-2217743,bulk,0.0001,True,SCAN-SPERR,6635520,1504337,SPERR,3e-07,4.410926541060946,6.329718633383955,True,9,15,32
mp-2217743,bulk,0.0001,True,BISECT-ZFP,6635520,1048312,ZFP,1e-06,6.329718633383955,6.329718633383955,True,3,9,32
mp-2217743,bulk,0.0001,True,BISECT-SZ3,6635520,6635520,,,,6.329718633383955,True,3,9,32
mp-2217743,bulk,0.0001,True,BISECT-SPERR,6635520,1504337,SPERR,3e-07,4.410926541060946,6.329718633383955,True,3,9,32
mp-2217743,bulk,0.001,True,EXHAUSTIVE,6635520,383048,ZFP,0.0003,17.322946471460497,17.322946471460497,True,32,38,32
mp-2217743,bulk,0.001,True,SCAN,6635520,383048,ZFP,0.0003,17.322946471460497,17.322946471460497,True,17,23,32
mp-2217743,bulk,0.001,True,BISECT,6635520,383048,ZFP,0.0003,17.322946471460497,17.322946471460497,True,10,16,32
mp-2217743,bulk,0.001,True,SCAN-ZFP,6635520,383048,ZFP,0.0003,17.322946471460497,17.322946471460497,True,5,11,32
mp-2217743,bulk,0.001,True,SCAN-SZ3,6635520,417513,SZ3,1e-05,15.89296620704026,17.322946471460497,True,6,12,32
mp-2217743,bulk,0.001,True,SCAN-SPERR,6635520,979792,SPERR,1e-05,6.772376177801003,17.322946471460497,True,6,12,32
mp-2217743,bulk,0.001,True,BISECT-ZFP,6635520,383048,ZFP,0.0003,17.322946471460497,17.322946471460497,True,4,10,32
mp-2217743,bulk,0.001,True,BISECT-SZ3,6635520,417513,SZ3,1e-05,15.89296620704026,17.322946471460497,True,3,9,32
mp-2217743,bulk,0.001,True,BISECT-SPERR,6635520,979792,SPERR,1e-05,6.772376177801003,17.322946471460497,True,3,9,32
mp-2217743,bulk,0.01,True,EXHAUSTIVE,6635520,92969,SZ3,0.0003,71.37346857554668,71.37346857554668,True,32,38,32
mp-2217743,bulk,0.01,True,SCAN,6635520,92969,SZ3,0.0003,71.37346857554668,71.37346857554668,True,9,15,32
mp-2217743,bulk,0.01,True,BISECT,6635520,92969,SZ3,0.0003,71.37346857554668,71.37346857554668,True,10,16,32
mp-2217743,bulk,0.01,True,SCAN-ZFP,6635520,220048,ZFP,0.003,30.15487529993456,71.37346857554668,True,3,9,32
mp-2217743,bulk,0.01,True,SCAN-SZ3,6635520,92969,SZ3,0.0003,71.37346857554668,71.37346857554668,True,3,9,32
mp-2217743,bulk,0.01,True,SCAN-SPERR,6635520,483646,SPERR,0.0003,13.719786786203132,71.37346857554668,True,3,9,32
mp-2217743,bulk,0.01,True,BISECT-ZFP,6635520,220048,ZFP,0.003,30.15487529993456,71.37346857554668,True,4,10,32
mp-2217743,bulk,0.01,True,BISECT-SZ3,6635520,92969,SZ3,0.0003,71.37346857554668,71.37346857554668,True,3,9,32
mp-2217743,bulk,0.01,True,BISECT-SPERR,6635520,483646,SPERR,0.0003,13.719786786203132,71.37346857554668,True,3,9,32
mp-2227467,bulk,0.0001,False,EXHAUSTIVE,3456000,3456000,,,,,False,0,6,21
mp-2227467,bulk,0.0001,False,SCAN,3456000,3456000,,,,,False,0,6,21
mp-2227467,bulk,0.0001,False,BISECT,3456000,3456000,,,,,False,0,6,21
mp-2227467,bulk,0.0001,False,SCAN-ZFP,3456000,3456000,,,,,False,0,6,21
mp-2227467,bulk,0.0001,False,SCAN-SZ3,3456000,3456000,,,,,False,0,6,21
mp-2227467,bulk,0.0001,False,SCAN-SPERR,3456000,3456000,,,,,False,0,6,21
mp-2227467,bulk,0.0001,False,BISECT-ZFP,3456000,3456000,,,,,False,0,6,21
mp-2227467,bulk,0.0001,False,BISECT-SZ3,3456000,3456000,,,,,False,0,6,21
mp-2227467,bulk,0.0001,False,BISECT-SPERR,3456000,3456000,,,,,False,0,6,21
mp-2227467,bulk,0.001,False,EXHAUSTIVE,3456000,3456000,,,,,False,0,6,21
mp-2227467,bulk,0.001,False,SCAN,3456000,3456000,,,,,False,0,6,21
mp-2227467,bulk,0.001,False,BISECT,3456000,3456000,,,,,False,0,6,21
mp-2227467,bulk,0.001,False,SCAN-ZFP,3456000,3456000,,,,,False,0,6,21
mp-2227467,bulk,0.001,False,SCAN-SZ3,3456000,3456000,,,,,False,0,6,21
mp-2227467,bulk,0.001,False,SCAN-SPERR,3456000,3456000,,,,,False,0,6,21
mp-2227467,bulk,0.001,False,BISECT-ZFP,3456000,3456000,,,,,False,0,6,21
mp-2227467,bulk,0.001,False,BISECT-SZ3,3456000,3456000,,,,,False,0,6,21
mp-2227467,bulk,0.001,False,BISECT-SPERR,3456000,3456000,,,,,False,0,6,21
mp-2227467,bulk,0.01,True,EXHAUSTIVE,3456000,96728,ZFP,0.003,35.72905466876189,35.72905466876189,True,21,27,21
mp-2227467,bulk,0.01,True,SCAN,3456000,96728,ZFP,0.003,35.72905466876189,35.72905466876189,True,14,20,21
mp-2227467,bulk,0.01,True,BISECT,3456000,96728,ZFP,0.003,35.72905466876189,35.72905466876189,True,9,15,21
mp-2227467,bulk,0.01,True,SCAN-ZFP,3456000,96728,ZFP,0.003,35.72905466876189,35.72905466876189,True,3,9,21
mp-2227467,bulk,0.01,True,SCAN-SZ3,3456000,108161,SZ3,3e-05,31.952367304296374,35.72905466876189,True,5,11,21
mp-2227467,bulk,0.01,True,SCAN-SPERR,3456000,230436,SPERR,3e-05,14.997656616153726,35.72905466876189,True,6,12,21
mp-2227467,bulk,0.01,True,BISECT-ZFP,3456000,96728,ZFP,0.003,35.72905466876189,35.72905466876189,True,3,9,21
mp-2227467,bulk,0.01,True,BISECT-SZ3,3456000,108161,SZ3,3e-05,31.952367304296374,35.72905466876189,True,3,9,21
mp-2227467,bulk,0.01,True,BISECT-SPERR,3456000,230436,SPERR,3e-05,14.997656616153726,35.72905466876189,True,3,9,21
mp-2229431,bulk,0.0001,False,EXHAUSTIVE,13063680,13063680,,,,,False,0,6,28
mp-2229431,bulk,0.0001,False,SCAN,13063680,13063680,,,,,False,0,6,28
mp-2229431,bulk,0.0001,False,BISECT,13063680,13063680,,,,,False,0,6,28
mp-2229431,bulk,0.0001,False,SCAN-ZFP,13063680,13063680,,,,,False,0,6,28
mp-2229431,bulk,0.0001,False,SCAN-SZ3,13063680,13063680,,,,,False,0,6,28
mp-2229431,bulk,0.0001,False,SCAN-SPERR,13063680,13063680,,,,,False,0,6,28
mp-2229431,bulk,0.0001,False,BISECT-ZFP,13063680,13063680,,,,,False,0,6,28
mp-2229431,bulk,0.0001,False,BISECT-SZ3,13063680,13063680,,,,,False,0,6,28
mp-2229431,bulk,0.0001,False,BISECT-SPERR,13063680,13063680,,,,,False,0,6,28
mp-2229431,bulk,0.001,True,EXHAUSTIVE,13063680,946312,ZFP,1e-05,13.804833923695355,13.804833923695355,True,28,34,28
mp-2229431,bulk,0.001,True,SCAN,13063680,946312,ZFP,1e-05,13.804833923695355,13.804833923695355,True,21,27,28
mp-2229431,bulk,0.001,True,BISECT,13063680,946312,ZFP,1e-05,13.804833923695355,13.804833923695355,True,10,16,28
mp-2229431,bulk,0.001,True,SCAN-ZFP,13063680,946312,ZFP,1e-05,13.804833923695355,13.804833923695355,True,7,13,28
mp-2229431,bulk,0.001,True,SCAN-SZ3,13063680,1071054,SZ3,3e-07,12.197032082416012,13.804833923695355,True,7,13,28
mp-2229431,bulk,0.001,True,SCAN-SPERR,13063680,2324872,SPERR,1e-06,5.619096449180858,13.804833923695355,True,7,13,28
mp-2229431,bulk,0.001,True,BISECT-ZFP,13063680,946312,ZFP,1e-05,13.804833923695355,13.804833923695355,True,4,10,28
mp-2229431,bulk,0.001,True,BISECT-SZ3,13063680,1071054,SZ3,3e-07,12.197032082416012,13.804833923695355,True,3,9,28
mp-2229431,bulk,0.001,True,BISECT-SPERR,13063680,3004800,SPERR,1e-07,4.347603833865815,13.804833923695355,True,3,9,28
mp-2229431,bulk,0.01,True,EXHAUSTIVE,13063680,175580,SZ3,3e-05,74.40300717621597,74.40300717621597,True,28,34,28
mp-2229431,bulk,0.01,True,SCAN,13063680,175580,SZ3,3e-05,74.40300717621597,74.40300717621597,True,14,20,28
mp-2229431,bulk,0.01,True,BISECT,13063680,175580,SZ3,3e-05,74.40300717621597,74.40300717621597,True,11,17,28
mp-2229431,bulk,0.01,True,SCAN-ZFP,13063680,595632,ZFP,0.0001,21.932468369731648,74.40300717621597,True,5,11,28
mp-2229431,bulk,0.01,True,SCAN-SZ3,13063680,175580,SZ3,3e-05,74.40300717621597,74.40300717621597,True,3,9,28
mp-2229431,bulk,0.01,True,SCAN-SPERR,13063680,1998987,SPERR,3e-06,6.5351500535020985,74.40300717621597,True,6,12,28
mp-2229431,bulk,0.01,True,BISECT-ZFP,13063680,595632,ZFP,0.0001,21.932468369731648,74.40300717621597,True,4,10,28
mp-2229431,bulk,0.01,True,BISECT-SZ3,13063680,175580,SZ3,3e-05,74.40300717621597,74.40300717621597,True,3,9,28
mp-2229431,bulk,0.01,True,BISECT-SPERR,13063680,1998987,SPERR,3e-06,6.5351500535020985,74.40300717621597,True,4,10,28
mp-2230770,bulk,0.0001,True,EXHAUSTIVE,7225344,1004408,ZFP,3e-06,7.19363445930339,7.19363445930339,True,33,39,33
mp-2230770,bulk,0.0001,True,SCAN,7225344,1004408,ZFP,3e-06,7.19363445930339,7.19363445930339,True,30,36,33
mp-2230770,bulk,0.0001,True,BISECT,7225344,1004408,ZFP,3e-06,7.19363445930339,7.19363445930339,True,10,16,33
mp-2230770,bulk,0.0001,True,SCAN-ZFP,7225344,1004408,ZFP,3e-06,7.19363445930339,7.19363445930339,True,9,15,33
mp-2230770,bulk,0.0001,True,SCAN-SZ3,7225344,7225344,,,,7.19363445930339,True,10,16,33
mp-2230770,bulk,0.0001,True,SCAN-SPERR,7225344,7225344,,,,7.19363445930339,True,11,17,33
mp-2230770,bulk,0.0001,True,BISECT-ZFP,7225344,1004408,ZFP,3e-06,7.19363445930339,7.19363445930339,True,4,10,33
mp-2230770,bulk,0.0001,True,BISECT-SZ3,7225344,7225344,,,,7.19363445930339,True,3,9,33
mp-2230770,bulk,0.0001,True,BISECT-SPERR,7225344,7225344,,,,7.19363445930339,True,3,9,33
mp-2230770,bulk,0.001,True,EXHAUSTIVE,7225344,629520,ZFP,3e-05,11.477544796035074,11.477544796035074,True,33,39,33
mp-2230770,bulk,0.001,True,SCAN,7225344,629520,ZFP,3e-05,11.477544796035074,11.477544796035074,True,23,29,33
mp-2230770,bulk,0.001,True,BISECT,7225344,629520,ZFP,3e-05,11.477544796035074,11.477544796035074,True,11,17,33
mp-2230770,bulk,0.001,True,SCAN-ZFP,7225344,629520,ZFP,3e-05,11.477544796035074,11.477544796035074,True,7,13,33
mp-2230770,bulk,0.001,True,SCAN-SZ3,7225344,844498,SZ3,1e-06,8.555785804110844,11.477544796035074,True,8,14,33
mp-2230770,bulk,0.001,True,SCAN-SPERR,7225344,1399901,SPERR,3e-06,5.161324979409258,11.477544796035074,True,8,14,33
mp-2230770,bulk,0.001,True,BISECT-ZFP,7225344,629520,ZFP,3e-05,11.477544796035074,11.477544796035074,True,3,9,33
mp-2230770,bulk,0.001,True,BISECT-SZ3,7225344,844498,SZ3,1e-06,8.555785804110844,11.477544796035074,True,4,10,33
mp-2230770,bulk,0.001,True,BISECT-SPERR,7225344,1399901,SPERR,3e-06,5.161324979409258,11.477544796035074,True,4,10,33
mp-2230770,bulk,0.01,True,EXHAUSTIVE,7225344,101922,SZ3,0.0003,70.89091658326956,70.89091658326956,True,33,39,33
mp-2230770,bulk,0.01,True,SCAN,7225344,101922,SZ3,0.0003,70.89091658326956,70.89091658326956,True,11,17,33
mp-2230770,bulk,0.01,True,BISECT,7225344,101922,SZ3,0.0003,70.89091658326956,70.89091658326956,True,11,17,33
mp-2230770,bulk,0.01,True,SCAN-ZFP,7225344,231200,ZFP,0.003,31.25148788927336,70.89091658326956,True,3,9,33
mp-2230770,bulk,0.01,True,SCAN-SZ3,7225344,101922,SZ3,0.0003,70.89091658326956,70.89091658326956,True,3,9,33
mp-2230770,bulk,0.01,True,SCAN-SPERR,7225344,819097,SPERR,0.0001,8.821109099410693,70.89091658326956,True,5,11,33
mp-2230770,bulk,0.01,True,BISECT-ZFP,7225344,231200,ZFP,0.003,31.25148788927336,70.89091658326956,True,4,10,33
mp-2230770,bulk,0.01,True,BISECT-SZ3,7225344,101922,SZ3,0.0003,70.89091658326956,70.89091658326956,True,3,9,33
mp-2230770,bulk,0.01,True,BISECT-SPERR,7225344,819097,SPERR,0.0001,8.821109099410693,70.89091658326956,True,4,10,33
mp-2233790,bulk,0.0001,True,EXHAUSTIVE,8780800,960080,ZFP,1e-06,9.14590450795767,9.14590450795767,True,21,27,21
mp-2233790,bulk,0.0001,True,SCAN,8780800,960080,ZFP,1e-06,9.14590450795767,9.14590450795767,True,19,25,21
mp-2233790,bulk,0.0001,True,BISECT,8780800,960080,ZFP,1e-06,9.14590450795767,9.14590450795767,True,10,16,21
mp-2233790,bulk,0.0001,True,SCAN-ZFP,8780800,960080,ZFP,1e-06,9.14590450795767,9.14590450795767,True,7,13,21
mp-2233790,bulk,0.0001,True,SCAN-SZ3,8780800,1067259,SZ3,1e-07,8.227431204609191,9.14590450795767,True,5,11,21
mp-2233790,bulk,0.0001,True,SCAN-SPERR,8780800,2094572,SPERR,1e-07,4.192169092301435,9.14590450795767,True,7,13,21
mp-2233790,bulk,0.0001,True,BISECT-ZFP,8780800,960080,ZFP,1e-06,9.14590450795767,9.14590450795767,True,4,10,21
mp-2233790,bulk,0.0001,True,BISECT-SZ3,8780800,1067259,SZ3,1e-07,8.227431204609191,9.14590450795767,True,3,9,21
mp-2233790,bulk,0.0001,True,BISECT-SPERR,8780800,2094572,SPERR,1e-07,4.192169092301435,9.14590450795767,True,3,9,21
mp-2233790,bulk,0.001,True,EXHAUSTIVE,8780800,668872,ZFP,1e-05,13.127773325838128,13.127773325838128,True,21,27,21
mp-2233790,bulk,0.001,True,SCAN,8780800,668872,ZFP,1e-05,13.127773325838128,13.127773325838128,True,14,20,21
mp-2233790,bulk,0.001,True,BISECT,8780800,668872,ZFP,1e-05,13.127773325838128,13.127773325838128,True,9,15,21
mp-2233790,bulk,0.001,True,SCAN-ZFP,8780800,668872,ZFP,1e-05,13.127773325838128,13.127773325838128,True,5,11,21
mp-2233790,bulk,0.001,True,SCAN-SZ3,8780800,810460,SZ3,3e-07,10.83434099153567,13.127773325838128,True,4,10,21
mp-2233790,bulk,0.001,True,SCAN-SPERR,8780800,1638744,SPERR,1e-06,5.35824997681151,13.127773325838128,True,5,11,21
mp-2233790,bulk,0.001,True,BISECT-ZFP,8780800,668872,ZFP,1e-05,13.127773325838128,13.127773325838128,True,3,9,21
mp-2233790,bulk,0.001,True,BISECT-SZ3,8780800,810460,SZ3,3e-07,10.83434099153567,13.127773325838128,True,3,9,21
mp-2233790,bulk,0.001,True,BISECT-SPERR,8780800,1638744,SPERR,1e-06,5.35824997681151,13.127773325838128,True,3,9,21
mp-2233790,bulk,0.01,True,EXHAUSTIVE,8780800,366952,ZFP,0.0001,23.92901523905034,23.92901523905034,True,21,27,21
mp-2233790,bulk,0.01,True,SCAN,8780800,366952,ZFP,0.0001,23.92901523905034,23.92901523905034,True,8,14,21
mp-2233790,bulk,0.01,True,BISECT,8780800,366952,ZFP,0.0001,23.92901523905034,23.92901523905034,True,9,15,21
mp-2233790,bulk,0.01,True,SCAN-ZFP,8780800,366952,ZFP,0.0001,23.92901523905034,23.92901523905034,True,3,9,21
mp-2233790,bulk,0.01,True,SCAN-SZ3,8780800,388462,SZ3,3e-06,22.60401274770763,23.92901523905034,True,2,8,21
mp-2233790,bulk,0.01,True,SCAN-SPERR,8780800,1178436,SPERR,1e-05,7.451231971867798,23.92901523905034,True,3,9,21
mp-2233790,bulk,0.01,True,BISECT-ZFP,8780800,366952,ZFP,0.0001,23.92901523905034,23.92901523905034,True,3,9,21
mp-2233790,bulk,0.01,True,BISECT-SZ3,8780800,388462,SZ3,3e-06,22.60401274770763,23.92901523905034,True,3,9,21
mp-2233790,bulk,0.01,True,BISECT-SPERR,8780800,1178436,SPERR,1e-05,7.451231971867798,23.92901523905034,True,3,9,21
mp-2240057,bulk,0.0001,False,EXHAUSTIVE,14049280,14049280,,,,,False,0,6,27
mp-2240057,bulk,0.0001,False,SCAN,14049280,14049280,,,,,False,0,6,27
mp-2240057,bulk,0.0001,False,BISECT,14049280,14049280,,,,,False,0,6,27
mp-2240057,bulk,0.0001,False,SCAN-ZFP,14049280,14049280,,,,,False,0,6,27
mp-2240057,bulk,0.0001,False,SCAN-SZ3,14049280,14049280,,,,,False,0,6,27
mp-2240057,bulk,0.0001,False,SCAN-SPERR,14049280,14049280,,,,,False,0,6,27
mp-2240057,bulk,0.0001,False,BISECT-ZFP,14049280,14049280,,,,,False,0,6,27
mp-2240057,bulk,0.0001,False,BISECT-SZ3,14049280,14049280,,,,,False,0,6,27
mp-2240057,bulk,0.0001,False,BISECT-SPERR,14049280,14049280,,,,,False,0,6,27
mp-2240057,bulk,0.001,True,EXHAUSTIVE,14049280,415849,SZ3,3e-06,33.784570841819985,33.784570841819985,True,27,33,27
mp-2240057,bulk,0.001,True,SCAN,14049280,415849,SZ3,3e-06,33.784570841819985,33.784570841819985,True,17,23,27
mp-2240057,bulk,0.001,True,BISECT,14049280,415849,SZ3,3e-06,33.784570841819985,33.784570841819985,True,11,17,27
mp-2240057,bulk,0.001,True,SCAN-ZFP,14049280,649552,ZFP,3e-05,21.62918442249428,33.784570841819985,True,5,11,27
mp-2240057,bulk,0.001,True,SCAN-SZ3,14049280,415849,SZ3,3e-06,33.784570841819985,33.784570841819985,True,6,12,27
mp-2240057,bulk,0.001,True,SCAN-SPERR,14049280,2336922,SPERR,1e-06,6.011873738190663,33.784570841819985,True,6,12,27
mp-2240057,bulk,0.001,True,BISECT-ZFP,14049280,649552,ZFP,3e-05,21.62918442249428,33.784570841819985,True,4,10,27
mp-2240057,bulk,0.001,True,BISECT-SZ3,14049280,415849,SZ3,3e-06,33.784570841819985,33.784570841819985,True,4,10,27
mp-2240057,bulk,0.001,True,BISECT-SPERR,14049280,2336922,SPERR,1e-06,6.011873738190663,33.784570841819985,True,3,9,27
mp-2240057,bulk,0.01,True,EXHAUSTIVE,14049280,153869,SZ3,3e-05,91.30676094599951,91.30676094599951,True,27,33,27
mp-2240057,bulk,0.01,True,SCAN,14049280,153869,SZ3,3e-05,91.30676094599951,91.30676094599951,True,11,17,27
mp-2240057,bulk,0.01,True,BISECT,14049280,153869,SZ3,3e-05,91.30676094599951,91.30676094599951,True,9,15,27
mp-2240057,bulk,0.01,True,SCAN-ZFP,14049280,336568,ZFP,0.0003,41.742768177604525,91.30676094599951,True,3,9,27
mp-2240057,bulk,0.01,True,SCAN-SZ3,14049280,153869,SZ3,3e-05,91.30676094599951,91.30676094599951,True,4,10,27
mp-2240057,bulk,0.01,True,SCAN-SPERR,14049280,1609268,SPERR,1e-05,8.730230141903027,91.30676094599951,True,4,10,27
mp-2240057,bulk,0.01,True,BISECT-ZFP,14049280,336568,ZFP,0.0003,41.742768177604525,91.30676094599951,True,3,9,27
mp-2240057,bulk,0.01,True,BISECT-SZ3,14049280,153869,SZ3,3e-05,91.30676094599951,91.30676094599951,True,3,9,27
mp-2240057,bulk,0.01,True,BISECT-SPERR,14049280,1609268,SPERR,1e-05,8.730230141903027,91.30676094599951,True,3,9,27
mp-2242118,bulk,0.0001,True,EXHAUSTIVE,4032000,586504,ZFP,1e-06,6.874633421084937,6.874633421084937,True,32,38,32
mp-2242118,bulk,0.0001,True,SCAN,4032000,586504,ZFP,1e-06,6.874633421084937,6.874633421084937,True,30,36,32
mp-2242118,bulk,0.0001,True,BISECT,4032000,586504,ZFP,1e-06,6.874633421084937,6.874633421084937,True,9,15,32
mp-2242118,bulk,0.0001,True,SCAN-ZFP,4032000,586504,ZFP,1e-06,6.874633421084937,6.874633421084937,True,10,16,32
mp-2242118,bulk,0.0001,True,SCAN-SZ3,4032000,698289,SZ3,1e-07,5.774113583344432,6.874633421084937,True,10,16,32
mp-2242118,bulk,0.0001,True,SCAN-SPERR,4032000,1001748,SPERR,1e-07,4.024964362294709,6.874633421084937,True,10,16,32
mp-2242118,bulk,0.0001,True,BISECT-ZFP,4032000,586504,ZFP,1e-06,6.874633421084937,6.874633421084937,True,3,9,32
mp-2242118,bulk,0.0001,True,BISECT-SZ3,4032000,698289,SZ3,1e-07,5.774113583344432,6.874633421084937,True,3,9,32
mp-2242118,bulk,0.0001,True,BISECT-SPERR,4032000,1001748,SPERR,1e-07,4.024964362294709,6.874633421084937,True,3,9,32
mp-2242118,bulk,0.001,True,EXHAUSTIVE,4032000,312409,SZ3,3e-06,12.90615827328918,12.90615827328918,True,32,38,32
mp-2242118,bulk,0.001,True,SCAN,4032000,312409,SZ3,3e-06,12.90615827328918,12.90615827328918,True,21,27,32
mp-2242118,bulk,0.001,True,BISECT,4032000,312409,SZ3,3e-06,12.90615827328918,12.90615827328918,True,11,17,32
mp-2242118,bulk,0.001,True,SCAN-ZFP,4032000,328600,ZFP,3e-05,12.27023737066342,12.90615827328918,True,7,13,32
mp-2242118,bulk,0.001,True,SCAN-SZ3,4032000,312409,SZ3,3e-06,12.90615827328918,12.90615827328918,True,7,13,32
mp-2242118,bulk,0.001,True,SCAN-SPERR,4032000,692691,SPERR,3e-06,5.820777229673837,12.90615827328918,True,7,13,32
mp-2242118,bulk,0.001,True,BISECT-ZFP,4032000,328600,ZFP,3e-05,12.27023737066342,12.90615827328918,True,3,9,32
mp-2242118,bulk,0.001,True,BISECT-SZ3,4032000,312409,SZ3,3e-06,12.90615827328918,12.90615827328918,True,4,10,32
mp-2242118,bulk,0.001,True,BISECT-SPERR,4032000,692691,SPERR,3e-06,5.820777229673837,12.90615827328918,True,4,10,32
mp-2242118,bulk,0.01,True,EXHAUSTIVE,4032000,80822,SZ3,0.0001,49.88740689416248,49.88740689416248,True,32,38,32
mp-2242118,bulk,0.01,True,SCAN,4032000,80822,SZ3,0.0001,49.88740689416248,49.88740689416248,True,11,17,32
mp-2242118,bulk,0.01,True,BISECT,4032000,80822,SZ3,0.0001,49.88740689416248,49.88740689416248,True,12,18,32
mp-2242118,bulk,0.01,True,SCAN-ZFP,4032000,98472,ZFP,0.003,40.945649524738,49.88740689416248,True,3,9,32
mp-2242118,bulk,0.01,True,SCAN-SZ3,4032000,80822,SZ3,0.0001,49.88740689416248,49.88740689416248,True,4,10,32
mp-2242118,bulk,0.01,True,SCAN-SPERR,4032000,378013,SPERR,0.0001,10.666299836249015,49.88740689416248,True,4,10,32
mp-2242118,bulk,0.01,True,BISECT-ZFP,4032000,98472,ZFP,0.003,40.945649524738,49.88740689416248,True,4,10,32
mp-2242118,bulk,0.01,True,BISECT-SZ3,4032000,80822,SZ3,0.0001,49.88740689416248,49.88740689416248,True,4,10,32
mp-2242118,bulk,0.01,True,BISECT-SPERR,4032000,378013,SPERR,0.0001,10.666299836249015,49.88740689416248,True,4,10,32
mp-22490,bulk,0.0001,False,EXHAUSTIVE,21952000,21952000,,,,,False,0,6,16
mp-22490,bulk,0.0001,False,SCAN,21952000,21952000,,,,,False,0,6,16
mp-22490,bulk,0.0001,False,BISECT,21952000,21952000,,,,,False,0,6,16
mp-22490,bulk,0.0001,False,SCAN-ZFP,21952000,21952000,,,,,False,0,6,16
mp-22490,bulk,0.0001,False,SCAN-SZ3,21952000,21952000,,,,,False,0,6,16
mp-22490,bulk,0.0001,False,SCAN-SPERR,21952000,21952000,,,,,False,0,6,16
mp-22490,bulk,0.0001,False,BISECT-ZFP,21952000,21952000,,,,,False,0,6,16
mp-22490,bulk,0.0001,False,BISECT-SZ3,21952000,21952000,,,,,False,0,6,16
mp-22490,bulk,0.0001,False,BISECT-SPERR,21952000,21952000,,,,,False,0,6,16
mp-22490,bulk,0.001,False,EXHAUSTIVE,21952000,21952000,,,,,False,0,6,16
mp-22490,bulk,0.001,False,SCAN,21952000,21952000,,,,,False,0,6,16
mp-22490,bulk,0.001,False,BISECT,21952000,21952000,,,,,False,0,6,16
mp-22490,bulk,0.001,False,SCAN-ZFP,21952000,21952000,,,,,False,0,6,16
mp-22490,bulk,0.001,False,SCAN-SZ3,21952000,21952000,,,,,False,0,6,16
mp-22490,bulk,0.001,False,SCAN-SPERR,21952000,21952000,,,,,False,0,6,16
mp-22490,bulk,0.001,False,BISECT-ZFP,21952000,21952000,,,,,False,0,6,16
mp-22490,bulk,0.001,False,BISECT-SZ3,21952000,21952000,,,,,False,0,6,16
mp-22490,bulk,0.001,False,BISECT-SPERR,21952000,21952000,,,,,False,0,6,16
mp-22490,bulk,0.01,True,EXHAUSTIVE,21952000,236569,SPERR,0.0001,92.79322311883637,92.79322311883637,True,16,22,16
mp-22490,bulk,0.01,True,SCAN,21952000,236569,SPERR,0.0001,92.79322311883637,92.79322311883637,True,11,17,16
mp-22490,bulk,0.01,True,BISECT,21952000,236569,SPERR,0.0001,92.79322311883637,92.79322311883637,True,7,13,16
mp-22490,bulk,0.01,True,SCAN-ZFP,21952000,976360,ZFP,0.0003,22.483510180671065,92.79322311883637,True,4,10,16
mp-22490,bulk,0.01,True,SCAN-SZ3,21952000,788728,SZ3,1e-05,27.832155064863933,92.79322311883637,True,4,10,16
mp-22490,bulk,0.01,True,SCAN-SPERR,21952000,236569,SPERR,0.0001,92.79322311883637,92.79322311883637,True,3,9,16
mp-22490,bulk,0.01,True,BISECT-ZFP,21952000,976360,ZFP,0.0003,22.483510180671065,92.79322311883637,True,3,9,16
mp-22490,bulk,0.01,True,BISECT-SZ3,21952000,788728,SZ3,1e-05,27.832155064863933,92.79322311883637,True,2,8,16
mp-22490,bulk,0.01,True,BISECT-SPERR,21952000,236569,SPERR,0.0001,92.79322311883637,92.79322311883637,True,2,8,16
mp-24407,bulk,0.0001,True,EXHAUSTIVE,12441600,1561384,ZFP,3e-06,7.968315289512382,7.968315289512382,True,34,40,34
mp-24407,bulk,0.0001,True,SCAN,12441600,1561384,ZFP,3e-06,7.968315289512382,7.968315289512382,True,30,36,34
mp-24407,bulk,0.0001,True,BISECT,12441600,1561384,ZFP,3e-06,7.968315289512382,7.968315289512382,True,12,18,34
mp-24407,bulk,0.0001,True,SCAN-ZFP,12441600,1561384,ZFP,3e-06,7.968315289512382,7.968315289512382,True,9,15,34
mp-24407,bulk,0.0001,True,SCAN-SZ3,12441600,2025452,SZ3,1e-07,6.142628904560563,7.968315289512382,True,11,17,34
mp-24407,bulk,0.0001,True,SCAN-SPERR,12441600,3013223,SPERR,3e-07,4.129000741066958,7.968315289512382,True,10,16,34
mp-24407,bulk,0.0001,True,BISECT-ZFP,12441600,1561384,ZFP,3e-06,7.968315289512382,7.968315289512382,True,4,10,34
mp-24407,bulk,0.0001,True,BISECT-SZ3,12441600,2025452,SZ3,1e-07,6.142628904560563,7.968315289512382,True,4,10,34
mp-24407,bulk,0.0001,True,BISECT-SPERR,12441600,3013223,SPERR,3e-07,4.129000741066958,7.968315289512382,True,4,10,34
mp-24407,bulk,0.001,True,EXHAUSTIVE,12441600,598555,SZ3,1e-05,20.78605976059009,20.78605976059009,True,34,40,34
mp-24407,bulk,0.001,True,SCAN,12441600,598555,SZ3,1e-05,20.78605976059009,20.78605976059009,True,21,27,34
mp-24407,bulk,0.001,True,BISECT,12441600,598555,SZ3,1e-05,20.78605976059009,20.78605976059009,True,12,18,34
mp-24407,bulk,0.001,True,SCAN-ZFP,12441600,827800,ZFP,0.0001,15.029717323024885,20.78605976059009,True,6,12,34
mp-24407,bulk,0.001,True,SCAN-SZ3,12441600,598555,SZ3,1e-05,20.78605976059009,20.78605976059009,True,7,13,34
mp-24407,bulk,0.001,True,SCAN-SPERR,12441600,2365489,SPERR,3e-06,5.259631306676971,20.78605976059009,True,8,14,34
mp-24407,bulk,0.001,True,BISECT-ZFP,12441600,827800,ZFP,0.0001,15.029717323024885,20.78605976059009,True,4,10,34
mp-24407,bulk,0.001,True,BISECT-SZ3,12441600,598555,SZ3,1e-05,20.78605976059009,20.78605976059009,True,4,10,34
mp-24407,bulk,0.001,True,BISECT-SPERR,12441600,2365489,SPERR,3e-06,5.259631306676971,20.78605976059009,True,4,10,34
mp-24407,bulk,0.01,True,EXHAUSTIVE,12441600,137458,SZ3,0.0003,90.51201094152395,90.51201094152395,True,34,40,34
mp-24407,bulk,0.01,True,SCAN,12441600,137458,SZ3,0.0003,90.51201094152395,90.51201094152395,True,10,16,34
mp-24407,bulk,0.01,True,BISECT,12441600,137458,SZ3,0.0003,90.51201094152395,90.51201094152395,True,12,18,34
mp-24407,bulk,0.01,True,SCAN-ZFP,12441600,227448,ZFP,0.01,54.7008547008547,90.51201094152395,True,2,8,34
mp-24407,bulk,0.01,True,SCAN-SZ3,12441600,137458,SZ3,0.0003,90.51201094152395,90.51201094152395,True,4,10,34
mp-24407,bulk,0.01,True,SCAN-SPERR,12441600,1064621,SPERR,0.0003,11.686412347680536,90.51201094152395,True,4,10,34
mp-24407,bulk,0.01,True,BISECT-ZFP,12441600,227448,ZFP,0.01,54.7008547008547,90.51201094152395,True,4,10,34
mp-24407,bulk,0.01,True,BISECT-SZ3,12441600,137458,SZ3,0.0003,90.51201094152395,90.51201094152395,True,4,10,34
mp-24407,bulk,0.01,True,BISECT-SPERR,12441600,1064621,SPERR,0.0003,11.686412347680536,90.51201094152395,True,4,10,34
mp-24460,bulk,0.0001,True,EXHAUSTIVE,19660800,2660024,ZFP,1e-06,7.391211507866094,7.391211507866094,True,31,37,31
mp-24460,bulk,0.0001,True,SCAN,19660800,2660024,ZFP,1e-06,7.391211507866094,7.391211507866094,True,28,34,31
mp-24460,bulk,0.0001,True,BISECT,19660800,2660024,ZFP,1e-06,7.391211507866094,7.391211507866094,True,9,15,31
mp-24460,bulk,0.0001,True,SCAN-ZFP,19660800,2660024,ZFP,1e-06,7.391211507866094,7.391211507866094,True,9,15,31
mp-24460,bulk,0.0001,True,SCAN-SZ3,19660800,2790188,SZ3,1e-07,7.046406908781774,7.391211507866094,True,10,16,31
mp-24460,bulk,0.0001,True,SCAN-SPERR,19660800,4303341,SPERR,3e-07,4.568729273371551,7.391211507866094,True,9,15,31
mp-24460,bulk,0.0001,True,BISECT-ZFP,19660800,2660024,ZFP,1e-06,7.391211507866094,7.391211507866094,True,3,9,31
mp-24460,bulk,0.0001,True,BISECT-SZ3,19660800,2790188,SZ3,1e-07,7.046406908781774,7.391211507866094,True,3,9,31
mp-24460,bulk,0.0001,True,BISECT-SPERR,19660800,4303341,SPERR,3e-07,4.568729273371551,7.391211507866094,True,3,9,31
mp-24460,bulk,0.001,True,EXHAUSTIVE,19660800,2660024,ZFP,1e-06,7.391211507866094,7.391211507866094,True,31,37,31
mp-24460,bulk,0.001,True,SCAN,19660800,2660024,ZFP,1e-06,7.391211507866094,7.391211507866094,True,28,34,31
mp-24460,bulk,0.001,True,BISECT,19660800,2660024,ZFP,1e-06,7.391211507866094,7.391211507866094,True,9,15,31
mp-24460,bulk,0.001,True,SCAN-ZFP,19660800,2660024,ZFP,1e-06,7.391211507866094,7.391211507866094,True,9,15,31
mp-24460,bulk,0.001,True,SCAN-SZ3,19660800,2790188,SZ3,1e-07,7.046406908781774,7.391211507866094,True,10,16,31
mp-24460,bulk,0.001,True,SCAN-SPERR,19660800,4303341,SPERR,3e-07,4.568729273371551,7.391211507866094,True,9,15,31
mp-24460,bulk,0.001,True,BISECT-ZFP,19660800,2660024,ZFP,1e-06,7.391211507866094,7.391211507866094,True,3,9,31
mp-24460,bulk,0.001,True,BISECT-SZ3,19660800,2790188,SZ3,1e-07,7.046406908781774,7.391211507866094,True,3,9,31
mp-24460,bulk,0.001,True,BISECT-SPERR,19660800,4303341,SPERR,3e-07,4.568729273371551,7.391211507866094,True,3,9,31
mp-24460,bulk,0.01,True,EXHAUSTIVE,19660800,255452,SZ3,0.0001,76.96475267369212,76.96475267369212,True,31,37,31
mp-24460,bulk,0.01,True,SCAN,19660800,255452,SZ3,0.0001,76.96475267369212,76.96475267369212,True,11,17,31
mp-24460,bulk,0.01,True,BISECT,19660800,255452,SZ3,0.0001,76.96475267369212,76.96475267369212,True,11,17,31
mp-24460,bulk,0.01,True,SCAN-ZFP,19660800,641656,ZFP,0.001,30.64071714438889,76.96475267369212,True,3,9,31
mp-24460,bulk,0.01,True,SCAN-SZ3,19660800,255452,SZ3,0.0001,76.96475267369212,76.96475267369212,True,4,10,31
mp-24460,bulk,0.01,True,SCAN-SPERR,19660800,1738838,SPERR,0.0001,11.306861248718972,76.96475267369212,True,4,10,31
mp-24460,bulk,0.01,True,BISECT-ZFP,19660800,641656,ZFP,0.001,30.64071714438889,76.96475267369212,True,3,9,31
mp-24460,bulk,0.01,True,BISECT-SZ3,19660800,255452,SZ3,0.0001,76.96475267369212,76.96475267369212,True,4,10,31
mp-24460,bulk,0.01,True,BISECT-SPERR,19660800,1738838,SPERR,0.0001,11.306861248718972,76.96475267369212,True,4,10,31
mp-26341,bulk,0.0001,True,EXHAUSTIVE,10035200,1377738,SZ3,3e-07,7.283823194250286,7.283823194250286,True,33,39,33
mp-26341,bulk,0.0001,True,SCAN,10035200,1377738,SZ3,3e-07,7.283823194250286,7.283823194250286,True,30,36,33
mp-26341,bulk,0.0001,True,BISECT,10035200,1377738,SZ3,3e-07,7.283823194250286,7.283823194250286,True,10,16,33
mp-26341,bulk,0.0001,True,SCAN-ZFP,10035200,1456576,ZFP,1e-06,6.889582143327914,7.283823194250286,True,10,16,33
mp-26341,bulk,0.0001,True,SCAN-SZ3,10035200,1377738,SZ3,3e-07,7.283823194250286,7.283823194250286,True,9,15,33
mp-26341,bulk,0.0001,True,SCAN-SPERR,10035200,2665802,SPERR,1e-07,3.76442061338389,7.283823194250286,True,11,17,33
mp-26341,bulk,0.0001,True,BISECT-ZFP,10035200,1456576,ZFP,1e-06,6.889582143327914,7.283823194250286,True,3,9,33
mp-26341,bulk,0.0001,True,BISECT-SZ3,10035200,1377738,SZ3,3e-07,7.283823194250286,7.283823194250286,True,3,9,33
mp-26341,bulk,0.0001,True,BISECT-SPERR,10035200,2665802,SPERR,1e-07,3.76442061338389,7.283823194250286,True,4,10,33
mp-26341,bulk,0.001,True,EXHAUSTIVE,10035200,623424,ZFP,0.0001,16.09690996817575,16.09690996817575,True,33,39,33
mp-26341,bulk,0.001,True,SCAN,10035200,623424,ZFP,0.0001,16.09690996817575,16.09690996817575,True,21,27,33
mp-26341,bulk,0.001,True,BISECT,10035200,623424,ZFP,0.0001,16.09690996817575,16.09690996817575,True,12,18,33
mp-26341,bulk,0.001,True,SCAN-ZFP,10035200,623424,ZFP,0.0001,16.09690996817575,16.09690996817575,True,6,12,33
mp-26341,bulk,0.001,True,SCAN-SZ3,10035200,776908,SZ3,3e-06,12.916844722927296,16.09690996817575,True,7,13,33
mp-26341,bulk,0.001,True,SCAN-SPERR,10035200,1896107,SPERR,3e-06,5.292528322505007,16.09690996817575,True,8,14,33
mp-26341,bulk,0.001,True,BISECT-ZFP,10035200,623424,ZFP,0.0001,16.09690996817575,16.09690996817575,True,4,10,33
mp-26341,bulk,0.001,True,BISECT-SZ3,10035200,776908,SZ3,3e-06,12.916844722927296,16.09690996817575,True,4,10,33
mp-26341,bulk,0.001,True,BISECT-SPERR,10035200,1896107,SPERR,3e-06,5.292528322505007,16.09690996817575,True,4,10,33
mp-26341,bulk,0.01,True,EXHAUSTIVE,10035200,204684,SZ3,0.0001,49.02776963514491,49.02776963514491,True,33,39,33
mp-26341,bulk,0.01,True,SCAN,10035200,204684,SZ3,0.0001,49.02776963514491,49.02776963514491,True,10,16,33
mp-26341,bulk,0.01,True,BISECT,10035200,204684,SZ3,0.0001,49.02776963514491,49.02776963514491,True,12,18,33
mp-26341,bulk,0.01,True,SCAN-ZFP,10035200,210504,ZFP,0.01,47.67225325884544,49.02776963514491,True,2,8,33
mp-26341,bulk,0.01,True,SCAN-SZ3,10035200,204684,SZ3,0.0001,49.02776963514491,49.02776963514491,True,4,10,33
mp-26341,bulk,0.01,True,SCAN-SPERR,10035200,853710,SPERR,0.0003,11.754811352801305,49.02776963514491,True,4,10,33
mp-26341,bulk,0.01,True,BISECT-ZFP,10035200,210504,ZFP,0.01,47.67225325884544,49.02776963514491,True,4,10,33
mp-26341,bulk,0.01,True,BISECT-SZ3,10035200,204684,SZ3,0.0001,49.02776963514491,49.02776963514491,True,4,10,33
mp-26341,bulk,0.01,True,BISECT-SPERR,10035200,853710,SPERR,0.0003,11.754811352801305,49.02776963514491,True,4,10,33
mp-2647013,bulk,0.0001,False,EXHAUSTIVE,1327104,1327104,,,,,False,0,6,24
mp-2647013,bulk,0.0001,False,SCAN,1327104,1327104,,,,,False,0,6,24
mp-2647013,bulk,0.0001,False,BISECT,1327104,1327104,,,,,False,0,6,24
mp-2647013,bulk,0.0001,False,SCAN-ZFP,1327104,1327104,,,,,False,0,6,24
mp-2647013,bulk,0.0001,False,SCAN-SZ3,1327104,1327104,,,,,False,0,6,24
mp-2647013,bulk,0.0001,False,SCAN-SPERR,1327104,1327104,,,,,False,0,6,24
mp-2647013,bulk,0.0001,False,BISECT-ZFP,1327104,1327104,,,,,False,0,6,24
mp-2647013,bulk,0.0001,False,BISECT-SZ3,1327104,1327104,,,,,False,0,6,24
mp-2647013,bulk,0.0001,False,BISECT-SPERR,1327104,1327104,,,,,False,0,6,24
mp-2647013,bulk,0.001,False,EXHAUSTIVE,1327104,1327104,,,,,False,0,6,24
mp-2647013,bulk,0.001,False,SCAN,1327104,1327104,,,,,False,0,6,24
mp-2647013,bulk,0.001,False,BISECT,1327104,1327104,,,,,False,0,6,24
mp-2647013,bulk,0.001,False,SCAN-ZFP,1327104,1327104,,,,,False,0,6,24
mp-2647013,bulk,0.001,False,SCAN-SZ3,1327104,1327104,,,,,False,0,6,24
mp-2647013,bulk,0.001,False,SCAN-SPERR,1327104,1327104,,,,,False,0,6,24
mp-2647013,bulk,0.001,False,BISECT-ZFP,1327104,1327104,,,,,False,0,6,24
mp-2647013,bulk,0.001,False,BISECT-SZ3,1327104,1327104,,,,,False,0,6,24
mp-2647013,bulk,0.001,False,BISECT-SPERR,1327104,1327104,,,,,False,0,6,24
mp-2647013,bulk,0.01,True,EXHAUSTIVE,1327104,13624,SZ3,0.001,97.4092777451556,97.4092777451556,True,24,30,24
mp-2647013,bulk,0.01,True,SCAN,1327104,13624,SZ3,0.001,97.4092777451556,97.4092777451556,True,8,14,24
mp-2647013,bulk,0.01,True,BISECT,1327104,13624,SZ3,0.001,97.4092777451556,97.4092777451556,True,10,16,24
mp-2647013,bulk,0.01,True,SCAN-ZFP,1327104,16440,ZFP,0.1,80.72408759124087,97.4092777451556,True,1,7,24
mp-2647013,bulk,0.01,True,SCAN-SZ3,1327104,13624,SZ3,0.001,97.4092777451556,97.4092777451556,True,3,9,24
mp-2647013,bulk,0.01,True,SCAN-SPERR,1327104,85589,SPERR,0.001,15.50554393672084,97.4092777451556,True,4,10,24
mp-2647013,bulk,0.01,True,BISECT-ZFP,1327104,16440,ZFP,0.1,80.72408759124087,97.4092777451556,True,4,10,24
mp-2647013,bulk,0.01,True,BISECT-SZ3,1327104,13624,SZ3,0.001,97.4092777451556,97.4092777451556,True,3,9,24
mp-2647013,bulk,0.01,True,BISECT-SPERR,1327104,85589,SPERR,0.001,15.50554393672084,97.4092777451556,True,3,9,24
mp-26619,bulk,0.0001,False,EXHAUSTIVE,21504000,21504000,,,,,False,0,6,33
mp-26619,bulk,0.0001,False,SCAN,21504000,21504000,,,,,False,0,6,33
mp-26619,bulk,0.0001,False,BISECT,21504000,21504000,,,,,False,0,6,33
mp-26619,bulk,0.0001,False,SCAN-ZFP,21504000,21504000,,,,,False,0,6,33
mp-26619,bulk,0.0001,False,SCAN-SZ3,21504000,21504000,,,,,False,0,6,33
mp-26619,bulk,0.0001,False,SCAN-SPERR,21504000,21504000,,,,,False,0,6,33
mp-26619,bulk,0.0001,False,BISECT-ZFP,21504000,21504000,,,,,False,0,6,33
mp-26619,bulk,0.0001,False,BISECT-SZ3,21504000,21504000,,,,,False,0,6,33
mp-26619,bulk,0.0001,False,BISECT-SPERR,21504000,21504000,,,,,False,0,6,33
mp-26619,bulk,0.001,True,EXHAUSTIVE,21504000,2115424,ZFP,3e-05,10.16533801261591,10.16533801261591,True,33,39,33
mp-26619,bulk,0.001,True,SCAN,21504000,2115424,ZFP,3e-05,10.16533801261591,10.16533801261591,True,23,29,33
mp-26619,bulk,0.001,True,BISECT,21504000,2115424,ZFP,3e-05,10.16533801261591,10.16533801261591,True,11,17,33
mp-26619,bulk,0.001,True,SCAN-ZFP,21504000,2115424,ZFP,3e-05,10.16533801261591,10.16533801261591,True,7,13,33
mp-26619,bulk,0.001,True,SCAN-SZ3,21504000,2359736,SZ3,1e-06,9.11288381412158,10.16533801261591,True,8,14,33
mp-26619,bulk,0.001,True,SCAN-SPERR,21504000,4048627,SPERR,3e-06,5.3114302700643945,10.16533801261591,True,8,14,33
mp-26619,bulk,0.001,True,BISECT-ZFP,21504000,2115424,ZFP,3e-05,10.16533801261591,10.16533801261591,True,3,9,33
mp-26619,bulk,0.001,True,BISECT-SZ3,21504000,2359736,SZ3,1e-06,9.11288381412158,10.16533801261591,True,4,10,33
mp-26619,bulk,0.001,True,BISECT-SPERR,21504000,4048627,SPERR,3e-06,5.3114302700643945,10.16533801261591,True,4,10,33
mp-26619,bulk,0.01,True,EXHAUSTIVE,21504000,266170,SZ3,0.0003,80.79047225457414,80.79047225457414,True,33,39,33
mp-26619,bulk,0.01,True,SCAN,21504000,266170,SZ3,0.0003,80.79047225457414,80.79047225457414,True,10,16,33
mp-26619,bulk,0.01,True,BISECT,21504000,266170,SZ3,0.0003,80.79047225457414,80.79047225457414,True,11,17,33
mp-26619,bulk,0.01,True,SCAN-ZFP,21504000,673944,ZFP,0.003,31.90769559488622,80.79047225457414,True,3,9,33
mp-26619,bulk,0.01,True,SCAN-SZ3,21504000,266170,SZ3,0.0003,80.79047225457414,80.79047225457414,True,3,9,33
mp-26619,bulk,0.01,True,SCAN-SPERR,21504000,1834874,SPERR,0.0003,11.719605814895193,80.79047225457414,True,4,10,33
mp-26619,bulk,0.01,True,BISECT-ZFP,21504000,673944,ZFP,0.003,31.90769559488622,80.79047225457414,True,4,10,33
mp-26619,bulk,0.01,True,BISECT-SZ3,21504000,266170,SZ3,0.0003,80.79047225457414,80.79047225457414,True,3,9,33
mp-26619,bulk,0.01,True,BISECT-SPERR,21504000,1834874,SPERR,0.0003,11.719605814895193,80.79047225457414,True,4,10,33
mp-27239,bulk,0.0001,False,EXHAUSTIVE,14680064,14680064,,,,,False,0,6,20
mp-27239,bulk,0.0001,False,SCAN,14680064,14680064,,,,,False,0,6,20
mp-27239,bulk,0.0001,False,BISECT,14680064,14680064,,,,,False,0,6,20
mp-27239,bulk,0.0001,False,SCAN-ZFP,14680064,14680064,,,,,False,0,6,20
mp-27239,bulk,0.0001,False,SCAN-SZ3,14680064,14680064,,,,,False,0,6,20
mp-27239,bulk,0.0001,False,SCAN-SPERR,14680064,14680064,,,,,False,0,6,20
mp-27239,bulk,0.0001,False,BISECT-ZFP,14680064,14680064,,,,,False,0,6,20
mp-27239,bulk,0.0001,False,BISECT-SZ3,14680064,14680064,,,,,False,0,6,20
mp-27239,bulk,0.0001,False,BISECT-SPERR,14680064,14680064,,,,,False,0,6,20
mp-27239,bulk,0.001,False,EXHAUSTIVE,14680064,14680064,,,,,False,0,6,20
mp-27239,bulk,0.001,False,SCAN,14680064,14680064,,,,,False,0,6,20
mp-27239,bulk,0.001,False,BISECT,14680064,14680064,,,,,False,0,6,20
mp-27239,bulk,0.001,False,SCAN-ZFP,14680064,14680064,,,,,False,0,6,20
mp-27239,bulk,0.001,False,SCAN-SZ3,14680064,14680064,,,,,False,0,6,20
mp-27239,bulk,0.001,False,SCAN-SPERR,14680064,14680064,,,,,False,0,6,20
mp-27239,bulk,0.001,False,BISECT-ZFP,14680064,14680064,,,,,False,0,6,20
mp-27239,bulk,0.001,False,BISECT-SZ3,14680064,14680064,,,,,False,0,6,20
mp-27239,bulk,0.001,False,BISECT-SPERR,14680064,14680064,,,,,False,0,6,20
mp-27239,bulk,0.01,True,EXHAUSTIVE,14680064,116505,SZ3,0.0003,126.0037251620102,126.0037251620102,True,20,26,20
mp-27239,bulk,0.01,True,SCAN,14680064,116505,SZ3,0.0003,126.0037251620102,126.0037251620102,True,7,13,20
mp-27239,bulk,0.01,True,BISECT,14680064,116505,SZ3,0.0003,126.0037251620102,126.0037251620102,True,10,16,20
mp-27239,bulk,0.01,True,SCAN-ZFP,14680064,275680,ZFP,0.01,53.25037724898433,126.0037251620102,True,2,8,20
mp-27239,bulk,0.01,True,SCAN-SZ3,14680064,116505,SZ3,0.0003,126.0037251620102,126.0037251620102,True,3,9,20
mp-27239,bulk,0.01,True,SCAN-SPERR,14680064,901586,SPERR,0.001,16.282488858522647,126.0037251620102,True,2,8,20
mp-27239,bulk,0.01,True,BISECT-ZFP,14680064,275680,ZFP,0.01,53.25037724898433,126.0037251620102,True,4,10,20
mp-27239,bulk,0.01,True,BISECT-SZ3,14680064,116505,SZ3,0.0003,126.0037251620102,126.0037251620102,True,3,9,20
mp-27239,bulk,0.01,True,BISECT-SPERR,14680064,901586,SPERR,0.001,16.282488858522647,126.0037251620102,True,3,9,20
mp-28105,bulk,0.0001,False,EXHAUSTIVE,13824000,13824000,,,,,False,0,6,19
mp-28105,bulk,0.0001,False,SCAN,13824000,13824000,,,,,False,0,6,19
mp-28105,bulk,0.0001,False,BISECT,13824000,13824000,,,,,False,0,6,19
mp-28105,bulk,0.0001,False,SCAN-ZFP,13824000,13824000,,,,,False,0,6,19
mp-28105,bulk,0.0001,False,SCAN-SZ3,13824000,13824000,,,,,False,0,6,19
mp-28105,bulk,0.0001,False,SCAN-SPERR,13824000,13824000,,,,,False,0,6,19
mp-28105,bulk,0.0001,False,BISECT-ZFP,13824000,13824000,,,,,False,0,6,19
mp-28105,bulk,0.0001,False,BISECT-SZ3,13824000,13824000,,,,,False,0,6,19
mp-28105,bulk,0.0001,False,BISECT-SPERR,13824000,13824000,,,,,False,0,6,19
mp-28105,bulk,0.001,False,EXHAUSTIVE,13824000,13824000,,,,,False,0,6,19
mp-28105,bulk,0.001,False,SCAN,13824000,13824000,,,,,False,0,6,19
mp-28105,bulk,0.001,False,BISECT,13824000,13824000,,,,,False,0,6,19
mp-28105,bulk,0.001,False,SCAN-ZFP,13824000,13824000,,,,,False,0,6,19
mp-28105,bulk,0.001,False,SCAN-SZ3,13824000,13824000,,,,,False,0,6,19
mp-28105,bulk,0.001,False,SCAN-SPERR,13824000,13824000,,,,,False,0,6,19
mp-28105,bulk,0.001,False,BISECT-ZFP,13824000,13824000,,,,,False,0,6,19
mp-28105,bulk,0.001,False,BISECT-SZ3,13824000,13824000,,,,,False,0,6,19
mp-28105,bulk,0.001,False,BISECT-SPERR,13824000,13824000,,,,,False,0,6,19
mp-28105,bulk,0.01,True,EXHAUSTIVE,13824000,184801,SPERR,0.0001,74.80479001737004,74.80479001737004,True,19,25,19
mp-28105,bulk,0.01,True,SCAN,13824000,184801,SPERR,0.0001,74.80479001737004,74.80479001737004,True,13,19,19
mp-28105,bulk,0.01,True,BISECT,13824000,184801,SPERR,0.0001,74.80479001737004,74.80479001737004,True,9,15,19
mp-28105,bulk,0.01,True,SCAN-ZFP,13824000,620760,ZFP,0.0003,22.26947612603905,74.80479001737004,True,5,11,19
mp-28105,bulk,0.01,True,SCAN-SZ3,13824000,375145,SZ3,3e-05,36.84975142944728,74.80479001737004,True,4,10,19
mp-28105,bulk,0.01,True,SCAN-SPERR,13824000,184801,SPERR,0.0001,74.80479001737004,74.80479001737004,True,4,10,19
mp-28105,bulk,0.01,True,BISECT-ZFP,13824000,620760,ZFP,0.0003,22.26947612603905,74.80479001737004,True,3,9,19
mp-28105,bulk,0.01,True,BISECT-SZ3,13824000,375145,SZ3,3e-05,36.84975142944728,74.80479001737004,True,3,9,19
mp-28105,bulk,0.01,True,BISECT-SPERR,13824000,184801,SPERR,0.0001,74.80479001737004,74.80479001737004,True,3,9,19
mp-30772,bulk,0.0001,False,EXHAUSTIVE,15680000,15680000,,,,,False,0,6,5
mp-30772,bulk,0.0001,False,SCAN,15680000,15680000,,,,,False,0,6,5
mp-30772,bulk,0.0001,False,BISECT,15680000,15680000,,,,,False,0,6,5
mp-30772,bulk,0.0001,False,SCAN-ZFP,15680000,15680000,,,,,False,0,6,5
mp-30772,bulk,0.0001,False,SCAN-SZ3,15680000,15680000,,,,,False,0,6,5
mp-30772,bulk,0.0001,False,SCAN-SPERR,15680000,15680000,,,,,False,0,6,5
mp-30772,bulk,0.0001,False,BISECT-ZFP,15680000,15680000,,,,,False,0,6,5
mp-30772,bulk,0.0001,False,BISECT-SZ3,15680000,15680000,,,,,False,0,6,5
mp-30772,bulk,0.0001,False,BISECT-SPERR,15680000,15680000,,,,,False,0,6,5
mp-30772,bulk,0.001,False,EXHAUSTIVE,15680000,15680000,,,,,False,0,6,5
mp-30772,bulk,0.001,False,SCAN,15680000,15680000,,,,,False,0,6,5
mp-30772,bulk,0.001,False,BISECT,15680000,15680000,,,,,False,0,6,5
mp-30772,bulk,0.001,False,SCAN-ZFP,15680000,15680000,,,,,False,0,6,5
mp-30772,bulk,0.001,False,SCAN-SZ3,15680000,15680000,,,,,False,0,6,5
mp-30772,bulk,0.001,False,SCAN-SPERR,15680000,15680000,,,,,False,0,6,5
mp-30772,bulk,0.001,False,BISECT-ZFP,15680000,15680000,,,,,False,0,6,5
mp-30772,bulk,0.001,False,BISECT-SZ3,15680000,15680000,,,,,False,0,6,5
mp-30772,bulk,0.001,False,BISECT-SPERR,15680000,15680000,,,,,False,0,6,5
mp-30772,bulk,0.01,False,EXHAUSTIVE,15680000,15680000,,,,,False,0,6,5
mp-30772,bulk,0.01,False,SCAN,15680000,15680000,,,,,False,0,6,5
mp-30772,bulk,0.01,False,BISECT,15680000,15680000,,,,,False,0,6,5
mp-30772,bulk,0.01,False,SCAN-ZFP,15680000,15680000,,,,,False,0,6,5
mp-30772,bulk,0.01,False,SCAN-SZ3,15680000,15680000,,,,,False,0,6,5
mp-30772,bulk,0.01,False,SCAN-SPERR,15680000,15680000,,,,,False,0,6,5
mp-30772,bulk,0.01,False,BISECT-ZFP,15680000,15680000,,,,,False,0,6,5
mp-30772,bulk,0.01,False,BISECT-SZ3,15680000,15680000,,,,,False,0,6,5
mp-30772,bulk,0.01,False,BISECT-SPERR,15680000,15680000,,,,,False,0,6,5
mp-32108,bulk,0.0001,False,EXHAUSTIVE,14049280,14049280,,,,,False,0,6,21
mp-32108,bulk,0.0001,False,SCAN,14049280,14049280,,,,,False,0,6,21
mp-32108,bulk,0.0001,False,BISECT,14049280,14049280,,,,,False,0,6,21
mp-32108,bulk,0.0001,False,SCAN-ZFP,14049280,14049280,,,,,False,0,6,21
mp-32108,bulk,0.0001,False,SCAN-SZ3,14049280,14049280,,,,,False,0,6,21
mp-32108,bulk,0.0001,False,SCAN-SPERR,14049280,14049280,,,,,False,0,6,21
mp-32108,bulk,0.0001,False,BISECT-ZFP,14049280,14049280,,,,,False,0,6,21
mp-32108,bulk,0.0001,False,BISECT-SZ3,14049280,14049280,,,,,False,0,6,21
mp-32108,bulk,0.0001,False,BISECT-SPERR,14049280,14049280,,,,,False,0,6,21
mp-32108,bulk,0.001,False,EXHAUSTIVE,14049280,14049280,,,,,False,0,6,21
mp-32108,bulk,0.001,False,SCAN,14049280,14049280,,,,,False,0,6,21
mp-32108,bulk,0.001,False,BISECT,14049280,14049280,,,,,False,0,6,21
mp-32108,bulk,0.001,False,SCAN-ZFP,14049280,14049280,,,,,False,0,6,21
mp-32108,bulk,0.001,False,SCAN-SZ3,14049280,14049280,,,,,False,0,6,21
mp-32108,bulk,0.001,False,SCAN-SPERR,14049280,14049280,,,,,False,0,6,21
mp-32108,bulk,0.001,False,BISECT-ZFP,14049280,14049280,,,,,False,0,6,21
mp-32108,bulk,0.001,False,BISECT-SZ3,14049280,14049280,,,,,False,0,6,21
mp-32108,bulk,0.001,False,BISECT-SPERR,14049280,14049280,,,,,False,0,6,21
mp-32108,bulk,0.01,True,EXHAUSTIVE,14049280,183416,SZ3,0.0003,76.59789767523007,76.59789767523007,True,21,27,21
mp-32108,bulk,0.01,True,SCAN,14049280,183416,SZ3,0.0003,76.59789767523007,76.59789767523007,True,10,16,21
mp-32108,bulk,0.01,True,BISECT,14049280,183416,SZ3,0.0003,76.59789767523007,76.59789767523007,True,9,15,21
mp-32108,bulk,0.01,True,SCAN-ZFP,14049280,443904,ZFP,0.003,31.649365628604382,76.59789767523007,True,2,8,21
mp-32108,bulk,0.01,True,SCAN-SZ3,14049280,183416,SZ3,0.0003,76.59789767523007,76.59789767523007,True,4,10,21
mp-32108,bulk,0.01,True,SCAN-SPERR,14049280,1203896,SPERR,0.0003,11.669845235801098,76.59789767523007,True,4,10,21
mp-32108,bulk,0.01,True,BISECT-ZFP,14049280,443904,ZFP,0.003,31.649365628604382,76.59789767523007,True,3,9,21
mp-32108,bulk,0.01,True,BISECT-SZ3,14049280,183416,SZ3,0.0003,76.59789767523007,76.59789767523007,True,3,9,21
mp-32108,bulk,0.01,True,BISECT-SPERR,14049280,1203896,SPERR,0.0003,11.669845235801098,76.59789767523007,True,3,9,21
mp-3612,bulk,0.0001,False,EXHAUSTIVE,9676800,9676800,,,,,False,0,6,21
mp-3612,bulk,0.0001,False,SCAN,9676800,9676800,,,,,False,0,6,21
mp-3612,bulk,0.0001,False,BISECT,9676800,9676800,,,,,False,0,6,21
mp-3612,bulk,0.0001,False,SCAN-ZFP,9676800,9676800,,,,,False,0,6,21
mp-3612,bulk,0.0001,False,SCAN-SZ3,9676800,9676800,,,,,False,0,6,21
mp-3612,bulk,0.0001,False,SCAN-SPERR,9676800,9676800,,,,,False,0,6,21
mp-3612,bulk,0.0001,False,BISECT-ZFP,9676800,9676800,,,,,False,0,6,21
mp-3612,bulk,0.0001,False,BISECT-SZ3,9676800,9676800,,,,,False,0,6,21
mp-3612,bulk,0.0001,False,BISECT-SPERR,9676800,9676800,,,,,False,0,6,21
mp-3612,bulk,0.001,False,EXHAUSTIVE,9676800,9676800,,,,,False,0,6,21
mp-3612,bulk,0.001,False,SCAN,9676800,9676800,,,,,False,0,6,21
mp-3612,bulk,0.001,False,BISECT,9676800,9676800,,,,,False,0,6,21
mp-3612,bulk,0.001,False,SCAN-ZFP,9676800,9676800,,,,,False,0,6,21
mp-3612,bulk,0.001,False,SCAN-SZ3,9676800,9676800,,,,,False,0,6,21
mp-3612,bulk,0.001,False,SCAN-SPERR,9676800,9676800,,,,,False,0,6,21
mp-3612,bulk,0.001,False,BISECT-ZFP,9676800,9676800,,,,,False,0,6,21
mp-3612,bulk,0.001,False,BISECT-SZ3,9676800,9676800,,,,,False,0,6,21
mp-3612,bulk,0.001,False,BISECT-SPERR,9676800,9676800,,,,,False,0,6,21
mp-3612,bulk,0.01,True,EXHAUSTIVE,9676800,378778,SZ3,3e-05,25.54741827666865,25.54741827666865,True,21,27,21
mp-3612,bulk,0.01,True,SCAN,9676800,378778,SZ3,3e-05,25.54741827666865,25.54741827666865,True,16,22,21
mp-3612,bulk,0.01,True,BISECT,9676800,378778,SZ3,3e-05,25.54741827666865,25.54741827666865,True,9,15,21
mp-3612,bulk,0.01,True,SCAN-ZFP,9676800,411720,ZFP,0.001,23.503351792480327,25.54741827666865,True,5,11,21
mp-3612,bulk,0.01,True,SCAN-SZ3,9676800,378778,SZ3,3e-05,25.54741827666865,25.54741827666865,True,5,11,21
mp-3612,bulk,0.01,True,SCAN-SPERR,9676800,1553218,SPERR,1e-05,6.230162153670637,25.54741827666865,True,6,12,21
mp-3612,bulk,0.01,True,BISECT-ZFP,9676800,411720,ZFP,0.001,23.503351792480327,25.54741827666865,True,3,9,21
mp-3612,bulk,0.01,True,BISECT-SZ3,9676800,378778,SZ3,3e-05,25.54741827666865,25.54741827666865,True,3,9,21
mp-3612,bulk,0.01,True,BISECT-SPERR,9676800,1553218,SPERR,1e-05,6.230162153670637,25.54741827666865,True,3,9,21
mp-37207,bulk,0.0001,False,EXHAUSTIVE,5308416,5308416,,,,,False,0,6,33
mp-37207,bulk,0.0001,False,SCAN,5308416,5308416,,,,,False,0,6,33
mp-37207,bulk,0.0001,False,BISECT,5308416,5308416,,,,,False,0,6,33
mp-37207,bulk,0.0001,False,SCAN-ZFP,5308416,5308416,,,,,False,0,6,33
mp-37207,bulk,0.0001,False,SCAN-SZ3,5308416,5308416,,,,,False,0,6,33
mp-37207,bulk,0.0001,False,SCAN-SPERR,5308416,5308416,,,,,False,0,6,33
mp-37207,bulk,0.0001,False,BISECT-ZFP,5308416,5308416,,,,,False,0,6,33
mp-37207,bulk,0.0001,False,BISECT-SZ3,5308416,5308416,,,,,False,0,6,33
mp-37207,bulk,0.0001,False,BISECT-SPERR,5308416,5308416,,,,,False,0,6,33
mp-37207,bulk,0.001,True,EXHAUSTIVE,5308416,333812,SZ3,1e-05,15.902412136172456,15.902412136172456,True,33,39,33
mp-37207,bulk,0.001,True,SCAN,5308416,333812,SZ3,1e-05,15.902412136172456,15.902412136172456,True,20,26,33
mp-37207,bulk,0.001,True,BISECT,5308416,333812,SZ3,1e-05,15.902412136172456,15.902412136172456,True,10,16,33
mp-37207,bulk,0.001,True,SCAN-ZFP,5308416,492520,ZFP,3e-05,10.778071956468771,15.902412136172456,True,8,14,33
mp-37207,bulk,0.001,True,SCAN-SZ3,5308416,333812,SZ3,1e-05,15.902412136172456,15.902412136172456,True,6,12,33
mp-37207,bulk,0.001,True,SCAN-SPERR,5308416,844576,SPERR,1e-05,6.285302921229114,15.902412136172456,True,6,12,33
mp-37207,bulk,0.001,True,BISECT-ZFP,5308416,492520,ZFP,3e-05,10.778071956468771,15.902412136172456,True,4,10,33
mp-37207,bulk,0.001,True,BISECT-SZ3,5308416,333812,SZ3,1e-05,15.902412136172456,15.902412136172456,True,3,9,33
mp-37207,bulk,0.001,True,BISECT-SPERR,5308416,844576,SPERR,1e-05,6.285302921229114,15.902412136172456,True,3,9,33
mp-37207,bulk,0.01,True,EXHAUSTIVE,5308416,135180,SZ3,0.0001,39.26924101198402,39.26924101198402,True,33,39,33
mp-37207,bulk,0.01,True,SCAN,5308416,135180,SZ3,0.0001,39.26924101198402,39.26924101198402,True,13,19,33
mp-37207,bulk,0.01,True,BISECT,5308416,135180,SZ3,0.0001,39.26924101198402,39.26924101198402,True,12,18,33
mp-37207,bulk,0.01,True,SCAN-ZFP,5308416,225056,ZFP,0.001,23.58708943551828,39.26924101198402,True,5,11,33
mp-37207,bulk,0.01,True,SCAN-SZ3,5308416,135180,SZ3,0.0001,39.26924101198402,39.26924101198402,True,4,10,33
mp-37207,bulk,0.01,True,SCAN-SPERR,5308416,566868,SPERR,0.0001,9.364465801562268,39.26924101198402,True,4,10,33
mp-37207,bulk,0.01,True,BISECT-ZFP,5308416,225056,ZFP,0.001,23.58708943551828,39.26924101198402,True,4,10,33
mp-37207,bulk,0.01,True,BISECT-SZ3,5308416,135180,SZ3,0.0001,39.26924101198402,39.26924101198402,True,4,10,33
mp-37207,bulk,0.01,True,BISECT-SPERR,5308416,566868,SPERR,0.0001,9.364465801562268,39.26924101198402,True,4,10,33
mp-37888,bulk,0.0001,False,EXHAUSTIVE,11239424,11239424,,,,,False,0,6,31
mp-37888,bulk,0.0001,False,SCAN,11239424,11239424,,,,,False,0,6,31
mp-37888,bulk,0.0001,False,BISECT,11239424,11239424,,,,,False,0,6,31
mp-37888,bulk,0.0001,False,SCAN-ZFP,11239424,11239424,,,,,False,0,6,31
mp-37888,bulk,0.0001,False,SCAN-SZ3,11239424,11239424,,,,,False,0,6,31
mp-37888,bulk,0.0001,False,SCAN-SPERR,11239424,11239424,,,,,False,0,6,31
mp-37888,bulk,0.0001,False,BISECT-ZFP,11239424,11239424,,,,,False,0,6,31
mp-37888,bulk,0.0001,False,BISECT-SZ3,11239424,11239424,,,,,False,0,6,31
mp-37888,bulk,0.0001,False,BISECT-SPERR,11239424,11239424,,,,,False,0,6,31
mp-37888,bulk,0.001,True,EXHAUSTIVE,11239424,349487,SPERR,3e-06,32.15977704463972,32.15977704463972,True,31,37,31
mp-37888,bulk,0.001,True,SCAN,11239424,349487,SPERR,3e-06,32.15977704463972,32.15977704463972,True,21,27,31
mp-37888,bulk,0.001,True,BISECT,11239424,349487,SPERR,3e-06,32.15977704463972,32.15977704463972,True,11,17,31
mp-37888,bulk,0.001,True,SCAN-ZFP,11239424,766888,ZFP,3e-05,14.655887169964846,32.15977704463972,True,7,13,31
mp-37888,bulk,0.001,True,SCAN-SZ3,11239424,795082,SZ3,1e-06,14.13618217995125,32.15977704463972,True,7,13,31
mp-37888,bulk,0.001,True,SCAN-SPERR,11239424,349487,SPERR,3e-06,32.15977704463972,32.15977704463972,True,7,13,31
mp-37888,bulk,0.001,True,BISECT-ZFP,11239424,766888,ZFP,3e-05,14.655887169964846,32.15977704463972,True,3,9,31
mp-37888,bulk,0.001,True,BISECT-SZ3,11239424,795082,SZ3,1e-06,14.13618217995125,32.15977704463972,True,4,10,31
mp-37888,bulk,0.001,True,BISECT-SPERR,11239424,349487,SPERR,3e-06,32.15977704463972,32.15977704463972,True,4,10,31
mp-37888,bulk,0.01,True,EXHAUSTIVE,11239424,91148,SPERR,0.0001,123.30960635450036,123.30960635450036,True,31,37,31
mp-37888,bulk,0.01,True,SCAN,11239424,91148,SPERR,0.0001,123.30960635450036,123.30960635450036,True,11,17,31
mp-37888,bulk,0.01,True,BISECT,11239424,91148,SPERR,0.0001,123.30960635450036,123.30960635450036,True,11,17,31
mp-37888,bulk,0.01,True,SCAN-ZFP,11239424,331416,ZFP,0.001,33.91334154054119,123.30960635450036,True,4,10,31
mp-37888,bulk,0.01,True,SCAN-SZ3,11239424,107886,SZ3,0.0001,104.17870715384758,123.30960635450036,True,3,9,31
mp-37888,bulk,0.01,True,SCAN-SPERR,11239424,91148,SPERR,0.0001,123.30960635450036,123.30960635450036,True,4,10,31
mp-37888,bulk,0.01,True,BISECT-ZFP,11239424,331416,ZFP,0.001,33.91334154054119,123.30960635450036,True,4,10,31
mp-37888,bulk,0.01,True,BISECT-SZ3,11239424,107886,SZ3,0.0001,104.17870715384758,123.30960635450036,True,3,9,31
mp-37888,bulk,0.01,True,BISECT-SPERR,11239424,91148,SPERR,0.0001,123.30960635450036,123.30960635450036,True,4,10,31
mp-435,bulk,0.0001,False,EXHAUSTIVE,2985984,2985984,,,,,False,0,6,18
mp-435,bulk,0.0001,False,SCAN,2985984,2985984,,,,,False,0,6,18
mp-435,bulk,0.0001,False,BISECT,2985984,2985984,,,,,False,0,6,18
mp-435,bulk,0.0001,False,SCAN-ZFP,2985984,2985984,,,,,False,0,6,18
mp-435,bulk,0.0001,False,SCAN-SZ3,2985984,2985984,,,,,False,0,6,18
mp-435,bulk,0.0001,False,SCAN-SPERR,2985984,2985984,,,,,False,0,6,18
mp-435,bulk,0.0001,False,BISECT-ZFP,2985984,2985984,,,,,False,0,6,18
mp-435,bulk,0.0001,False,BISECT-SZ3,2985984,2985984,,,,,False,0,6,18
mp-435,bulk,0.0001,False,BISECT-SPERR,2985984,2985984,,,,,False,0,6,18
mp-435,bulk,0.001,False,EXHAUSTIVE,2985984,2985984,,,,,False,0,6,18
mp-435,bulk,0.001,False,SCAN,2985984,2985984,,,,,False,0,6,18
mp-435,bulk,0.001,False,BISECT,2985984,2985984,,,,,False,0,6,18
mp-435,bulk,0.001,False,SCAN-ZFP,2985984,2985984,,,,,False,0,6,18
mp-435,bulk,0.001,False,SCAN-SZ3,2985984,2985984,,,,,False,0,6,18
mp-435,bulk,0.001,False,SCAN-SPERR,2985984,2985984,,,,,False,0,6,18
mp-435,bulk,0.001,False,BISECT-ZFP,2985984,2985984,,,,,False,0,6,18
mp-435,bulk,0.001,False,BISECT-SZ3,2985984,2985984,,,,,False,0,6,18
mp-435,bulk,0.001,False,BISECT-SPERR,2985984,2985984,,,,,False,0,6,18
mp-435,bulk,0.01,True,EXHAUSTIVE,2985984,36864,SPERR,0.0001,81.0,81.0,True,18,24,18
mp-435,bulk,0.01,True,SCAN,2985984,36864,SPERR,0.0001,81.0,81.0,True,12,18,18
mp-435,bulk,0.01,True,BISECT,2985984,36864,SPERR,0.0001,81.0,81.0,True,9,15,18
mp-435,bulk,0.01,True,SCAN-ZFP,2985984,103824,ZFP,0.001,28.76005547850208,81.0,True,5,11,18
mp-435,bulk,0.01,True,SCAN-SZ3,2985984,136712,SZ3,1e-05,21.84141845631693,81.0,True,5,11,18
mp-435,bulk,0.01,True,SCAN-SPERR,2985984,36864,SPERR,0.0001,81.0,81.0,True,2,8,18
mp-435,bulk,0.01,True,BISECT-ZFP,2985984,103824,ZFP,0.001,28.76005547850208,81.0,True,3,9,18
mp-435,bulk,0.01,True,BISECT-SZ3,2985984,136712,SZ3,1e-05,21.84141845631693,81.0,True,3,9,18
mp-435,bulk,0.01,True,BISECT-SPERR,2985984,36864,SPERR,0.0001,81.0,81.0,True,3,9,18
mp-505574,bulk,0.0001,False,EXHAUSTIVE,13824000,13824000,,,,,False,0,6,21
mp-505574,bulk,0.0001,False,SCAN,13824000,13824000,,,,,False,0,6,21
mp-505574,bulk,0.0001,False,BISECT,13824000,13824000,,,,,False,0,6,21
mp-505574,bulk,0.0001,False,SCAN-ZFP,13824000,13824000,,,,,False,0,6,21
mp-505574,bulk,0.0001,False,SCAN-SZ3,13824000,13824000,,,,,False,0,6,21
mp-505574,bulk,0.0001,False,SCAN-SPERR,13824000,13824000,,,,,False,0,6,21
mp-505574,bulk,0.0001,False,BISECT-ZFP,13824000,13824000,,,,,False,0,6,21
mp-505574,bulk,0.0001,False,BISECT-SZ3,13824000,13824000,,,,,False,0,6,21
mp-505574,bulk,0.0001,False,BISECT-SPERR,13824000,13824000,,,,,False,0,6,21
mp-505574,bulk,0.001,False,EXHAUSTIVE,13824000,13824000,,,,,False,0,6,21
mp-505574,bulk,0.001,False,SCAN,13824000,13824000,,,,,False,0,6,21
mp-505574,bulk,0.001,False,BISECT,13824000,13824000,,,,,False,0,6,21
mp-505574,bulk,0.001,False,SCAN-ZFP,13824000,13824000,,,,,False,0,6,21
mp-505574,bulk,0.001,False,SCAN-SZ3,13824000,13824000,,,,,False,0,6,21
mp-505574,bulk,0.001,False,SCAN-SPERR,13824000,13824000,,,,,False,0,6,21
mp-505574,bulk,0.001,False,BISECT-ZFP,13824000,13824000,,,,,False,0,6,21
mp-505574,bulk,0.001,False,BISECT-SZ3,13824000,13824000,,,,,False,0,6,21
mp-505574,bulk,0.001,False,BISECT-SPERR,13824000,13824000,,,,,False,0,6,21
mp-505574,bulk,0.01,True,EXHAUSTIVE,13824000,654598,SPERR,1e-05,21.118304669430703,21.118304669430703,True,21,27,21
mp-505574,bulk,0.01,True,SCAN,13824000,654598,SPERR,1e-05,21.118304669430703,21.118304669430703,True,20,26,21
mp-505574,bulk,0.01,True,BISECT,13824000,654598,SPERR,1e-05,21.118304669430703,21.118304669430703,True,8,14,21
mp-505574,bulk,0.01,True,SCAN-ZFP,13824000,1525312,ZFP,3e-05,9.063063819074392,21.118304669430703,True,6,12,21
mp-505574,bulk,0.01,True,SCAN-SZ3,13824000,13824000,,,,21.118304669430703,True,6,12,21
mp-505574,bulk,0.01,True,SCAN-SPERR,13824000,654598,SPERR,1e-05,21.118304669430703,21.118304669430703,True,8,14,21
mp-505574,bulk,0.01,True,BISECT-ZFP,13824000,1525312,ZFP,3e-05,9.063063819074392,21.118304669430703,True,3,9,21
mp-505574,bulk,0.01,True,BISECT-SZ3,13824000,13824000,,,,21.118304669430703,True,2,8,21
mp-505574,bulk,0.01,True,BISECT-SPERR,13824000,654598,SPERR,1e-05,21.118304669430703,21.118304669430703,True,3,9,21
mp-540547,bulk,0.0001,False,EXHAUSTIVE,30965760,30965760,,,,,False,0,6,19
mp-540547,bulk,0.0001,False,SCAN,30965760,30965760,,,,,False,0,6,19
mp-540547,bulk,0.0001,False,BISECT,30965760,30965760,,,,,False,0,6,19
mp-540547,bulk,0.0001,False,SCAN-ZFP,30965760,30965760,,,,,False,0,6,19
mp-540547,bulk,0.0001,False,SCAN-SZ3,30965760,30965760,,,,,False,0,6,19
mp-540547,bulk,0.0001,False,SCAN-SPERR,30965760,30965760,,,,,False,0,6,19
mp-540547,bulk,0.0001,False,BISECT-ZFP,30965760,30965760,,,,,False,0,6,19
mp-540547,bulk,0.0001,False,BISECT-SZ3,30965760,30965760,,,,,False,0,6,19
mp-540547,bulk,0.0001,False,BISECT-SPERR,30965760,30965760,,,,,False,0,6,19
mp-540547,bulk,0.001,False,EXHAUSTIVE,30965760,30965760,,,,,False,0,6,19
mp-540547,bulk,0.001,False,SCAN,30965760,30965760,,,,,False,0,6,19
mp-540547,bulk,0.001,False,BISECT,30965760,30965760,,,,,False,0,6,19
mp-540547,bulk,0.001,False,SCAN-ZFP,30965760,30965760,,,,,False,0,6,19
mp-540547,bulk,0.001,False,SCAN-SZ3,30965760,30965760,,,,,False,0,6,19
mp-540547,bulk,0.001,False,SCAN-SPERR,30965760,30965760,,,,,False,0,6,19
mp-540547,bulk,0.001,False,BISECT-ZFP,30965760,30965760,,,,,False,0,6,19
mp-540547,bulk,0.001,False,BISECT-SZ3,30965760,30965760,,,,,False,0,6,19
mp-540547,bulk,0.001,False,BISECT-SPERR,30965760,30965760,,,,,False,0,6,19
mp-540547,bulk,0.01,False,EXHAUSTIVE,30965760,30965760,,,,,False,0,6,19
mp-540547,bulk,0.01,False,SCAN,30965760,30965760,,,,,False,0,6,19
mp-540547,bulk,0.01,False,BISECT,30965760,30965760,,,,,False,0,6,19
mp-540547,bulk,0.01,False,SCAN-ZFP,30965760,30965760,,,,,False,0,6,19
mp-540547,bulk,0.01,False,SCAN-SZ3,30965760,30965760,,,,,False,0,6,19
mp-540547,bulk,0.01,False,SCAN-SPERR,30965760,30965760,,,,,False,0,6,19
mp-540547,bulk,0.01,False,BISECT-ZFP,30965760,30965760,,,,,False,0,6,19
mp-540547,bulk,0.01,False,BISECT-SZ3,30965760,30965760,,,,,False,0,6,19
mp-540547,bulk,0.01,False,BISECT-SPERR,30965760,30965760,,,,,False,0,6,19
mp-555976,bulk,0.0001,False,EXHAUSTIVE,12902400,12902400,,,,,False,0,6,20
mp-555976,bulk,0.0001,False,SCAN,12902400,12902400,,,,,False,0,6,20
mp-555976,bulk,0.0001,False,BISECT,12902400,12902400,,,,,False,0,6,20
mp-555976,bulk,0.0001,False,SCAN-ZFP,12902400,12902400,,,,,False,0,6,20
mp-555976,bulk,0.0001,False,SCAN-SZ3,12902400,12902400,,,,,False,0,6,20
mp-555976,bulk,0.0001,False,SCAN-SPERR,12902400,12902400,,,,,False,0,6,20
mp-555976,bulk,0.0001,False,BISECT-ZFP,12902400,12902400,,,,,False,0,6,20
mp-555976,bulk,0.0001,False,BISECT-SZ3,12902400,12902400,,,,,False,0,6,20
mp-555976,bulk,0.0001,False,BISECT-SPERR,12902400,12902400,,,,,False,0,6,20
mp-555976,bulk,0.001,False,EXHAUSTIVE,12902400,12902400,,,,,False,0,6,20
mp-555976,bulk,0.001,False,SCAN,12902400,12902400,,,,,False,0,6,20
mp-555976,bulk,0.001,False,BISECT,12902400,12902400,,,,,False,0,6,20
mp-555976,bulk,0.001,False,SCAN-ZFP,12902400,12902400,,,,,False,0,6,20
mp-555976,bulk,0.001,False,SCAN-SZ3,12902400,12902400,,,,,False,0,6,20
mp-555976,bulk,0.001,False,SCAN-SPERR,12902400,12902400,,,,,False,0,6,20
mp-555976,bulk,0.001,False,BISECT-ZFP,12902400,12902400,,,,,False,0,6,20
mp-555976,bulk,0.001,False,BISECT-SZ3,12902400,12902400,,,,,False,0,6,20
mp-555976,bulk,0.001,False,BISECT-SPERR,12902400,12902400,,,,,False,0,6,20
mp-555976,bulk,0.01,True,EXHAUSTIVE,12902400,291400,ZFP,0.01,44.27728208647907,44.27728208647907,True,20,26,20
mp-555976,bulk,0.01,True,SCAN,12902400,291400,ZFP,0.01,44.27728208647907,44.27728208647907,True,10,16,20
mp-555976,bulk,0.01,True,BISECT,12902400,292313,SZ3,0.0001,44.13898800258627,44.27728208647907,True,9,15,20
mp-555976,bulk,0.01,True,SCAN-ZFP,12902400,291400,ZFP,0.01,44.27728208647907,44.27728208647907,True,2,8,20
mp-555976,bulk,0.01,True,SCAN-SZ3,12902400,292313,SZ3,0.0001,44.13898800258627,44.27728208647907,True,4,10,20
mp-555976,bulk,0.01,True,SCAN-SPERR,12902400,1400588,SPERR,0.0001,9.212130905019892,44.27728208647907,True,4,10,20
mp-555976,bulk,0.01,True,BISECT-ZFP,12902400,527656,ZFP,0.001,24.452294676834907,44.27728208647907,True,3,9,20
mp-555976,bulk,0.01,True,BISECT-SZ3,12902400,292313,SZ3,0.0001,44.13898800258627,44.27728208647907,True,3,9,20
mp-555976,bulk,0.01,True,BISECT-SPERR,12902400,1400588,SPERR,0.0001,9.212130905019892,44.27728208647907,True,3,9,20
mp-557569,bulk,0.0001,False,EXHAUSTIVE,12441600,12441600,,,,,False,0,6,37
mp-557569,bulk,0.0001,False,SCAN,12441600,12441600,,,,,False,0,6,37
mp-557569,bulk,0.0001,False,BISECT,12441600,12441600,,,,,False,0,6,37
mp-557569,bulk,0.0001,False,SCAN-ZFP,12441600,12441600,,,,,False,0,6,37
mp-557569,bulk,0.0001,False,SCAN-SZ3,12441600,12441600,,,,,False,0,6,37
mp-557569,bulk,0.0001,False,SCAN-SPERR,12441600,12441600,,,,,False,0,6,37
mp-557569,bulk,0.0001,False,BISECT-ZFP,12441600,12441600,,,,,False,0,6,37
mp-557569,bulk,0.0001,False,BISECT-SZ3,12441600,12441600,,,,,False,0,6,37
mp-557569,bulk,0.0001,False,BISECT-SPERR,12441600,12441600,,,,,False,0,6,37
mp-557569,bulk,0.001,True,EXHAUSTIVE,12441600,627368,ZFP,0.0003,19.831422705652823,19.831422705652823,True,37,43,37
mp-557569,bulk,0.001,True,SCAN,12441600,627368,ZFP,0.0003,19.831422705652823,19.831422705652823,True,21,27,37
mp-557569,bulk,0.001,True,BISECT,12441600,627368,ZFP,0.0003,19.831422705652823,19.831422705652823,True,11,17,37
mp-557569,bulk,0.001,True,SCAN-ZFP,12441600,627368,ZFP,0.0003,19.831422705652823,19.831422705652823,True,6,12,37
mp-557569,bulk,0.001,True,SCAN-SZ3,12441600,631652,SZ3,1e-05,19.69692172272073,19.831422705652823,True,8,14,37
mp-557569,bulk,0.001,True,SCAN-SPERR,12441600,1557339,SPERR,3e-05,7.989012026283294,19.831422705652823,True,7,13,37
mp-557569,bulk,0.001,True,BISECT-ZFP,12441600,627368,ZFP,0.0003,19.831422705652823,19.831422705652823,True,4,10,37
mp-557569,bulk,0.001,True,BISECT-SZ3,12441600,631652,SZ3,1e-05,19.69692172272073,19.831422705652823,True,4,10,37
mp-557569,bulk,0.001,True,BISECT-SPERR,12441600,1557339,SPERR,3e-05,7.989012026283294,19.831422705652823,True,3,9,37
mp-557569,bulk,0.01,True,EXHAUSTIVE,12441600,118611,SZ3,0.0003,104.89414978374688,104.89414978374688,True,37,43,37
mp-557569,bulk,0.01,True,SCAN,12441600,118611,SZ3,0.0003,104.89414978374688,104.89414978374688,True,13,19,37
mp-557569,bulk,0.01,True,BISECT,12441600,118611,SZ3,0.0003,104.89414978374688,104.89414978374688,True,12,18,37
mp-557569,bulk,0.01,True,SCAN-ZFP,12441600,263440,ZFP,0.01,47.2274521712724,104.89414978374688,True,3,9,37
mp-557569,bulk,0.01,True,SCAN-SZ3,12441600,118611,SZ3,0.0003,104.89414978374688,104.89414978374688,True,5,11,37
mp-557569,bulk,0.01,True,SCAN-SPERR,12441600,960691,SPERR,0.0003,12.950678209746943,104.89414978374688,True,5,11,37
mp-557569,bulk,0.01,True,BISECT-ZFP,12441600,263440,ZFP,0.01,47.2274521712724,104.89414978374688,True,4,10,37
mp-557569,bulk,0.01,True,BISECT-SZ3,12441600,118611,SZ3,0.0003,104.89414978374688,104.89414978374688,True,4,10,37
mp-557569,bulk,0.01,True,BISECT-SPERR,12441600,960691,SPERR,0.0003,12.950678209746943,104.89414978374688,True,4,10,37
mp-560030,bulk,0.0001,True,EXHAUSTIVE,2752512,316008,ZFP,1e-05,8.710260499734185,8.710260499734185,True,34,40,34
mp-560030,bulk,0.0001,True,SCAN,2752512,316008,ZFP,1e-05,8.710260499734185,8.710260499734185,True,27,33,34
mp-560030,bulk,0.0001,True,BISECT,2752512,316008,ZFP,1e-05,8.710260499734185,8.710260499734185,True,11,17,34
mp-560030,bulk,0.0001,True,SCAN-ZFP,2752512,316008,ZFP,1e-05,8.710260499734185,8.710260499734185,True,8,14,34
mp-560030,bulk,0.0001,True,SCAN-SZ3,2752512,434122,SZ3,3e-07,6.340411220808897,8.710260499734185,True,10,16,34
mp-560030,bulk,0.0001,True,SCAN-SPERR,2752512,594654,SPERR,1e-06,4.628762271842113,8.710260499734185,True,9,15,34
mp-560030,bulk,0.0001,True,BISECT-ZFP,2752512,316008,ZFP,1e-05,8.710260499734185,8.710260499734185,True,4,10,34
mp-560030,bulk,0.0001,True,BISECT-SZ3,2752512,434122,SZ3,3e-07,6.340411220808897,8.710260499734185,True,4,10,34
mp-560030,bulk,0.0001,True,BISECT-SPERR,2752512,594654,SPERR,1e-06,4.628762271842113,8.710260499734185,True,3,9,34
mp-560030,bulk,0.001,True,EXHAUSTIVE,2752512,104920,ZFP,0.001,26.234388105223022,26.234388105223022,True,34,40,34
mp-560030,bulk,0.001,True,SCAN,2752512,104920,ZFP,0.001,26.234388105223022,26.234388105223022,True,16,22,34
mp-560030,bulk,0.001,True,BISECT,2752512,104920,ZFP,0.001,26.234388105223022,26.234388105223022,True,12,18,34
mp-560030,bulk,0.001,True,SCAN-ZFP,2752512,104920,ZFP,0.001,26.234388105223022,26.234388105223022,True,4,10,34
mp-560030,bulk,0.001,True,SCAN-SZ3,2752512,161444,SZ3,1e-05,17.049329798567925,26.234388105223022,True,7,13,34
mp-560030,bulk,0.001,True,SCAN-SPERR,2752512,306724,SPERR,0.0001,8.973904878653121,26.234388105223022,True,5,11,34
mp-560030,bulk,0.001,True,BISECT-ZFP,2752512,104920,ZFP,0.001,26.234388105223022,26.234388105223022,True,4,10,34
mp-560030,bulk,0.001,True,BISECT-SZ3,2752512,161444,SZ3,1e-05,17.049329798567925,26.234388105223022,True,4,10,34
mp-560030,bulk,0.001,True,BISECT-SPERR,2752512,306724,SPERR,0.0001,8.973904878653121,26.234388105223022,True,4,10,34
mp-560030,bulk,0.01,True,EXHAUSTIVE,2752512,36638,SZ3,0.0003,75.1272449369507,75.1272449369507,True,34,40,34
mp-560030,bulk,0.01,True,SCAN,2752512,36638,SZ3,0.0003,75.1272449369507,75.1272449369507,True,8,14,34
mp-560030,bulk,0.01,True,BISECT,2752512,36638,SZ3,0.0003,75.1272449369507,75.1272449369507,True,11,17,34
mp-560030,bulk,0.01,True,SCAN-ZFP,2752512,37520,ZFP,0.03,73.36119402985075,75.1272449369507,True,1,7,34
mp-560030,bulk,0.01,True,SCAN-SZ3,2752512,36638,SZ3,0.0003,75.1272449369507,75.1272449369507,True,4,10,34
mp-560030,bulk,0.01,True,SCAN-SPERR,2752512,176767,SPERR,0.001,15.571413216267745,75.1272449369507,True,3,9,34
mp-560030,bulk,0.01,True,BISECT-ZFP,2752512,37520,ZFP,0.03,73.36119402985075,75.1272449369507,True,4,10,34
mp-560030,bulk,0.01,True,BISECT-SZ3,2752512,36638,SZ3,0.0003,75.1272449369507,75.1272449369507,True,4,10,34
mp-560030,bulk,0.01,True,BISECT-SPERR,2752512,176767,SPERR,0.001,15.571413216267745,75.1272449369507,True,3,9,34
mp-560341,bulk,0.0001,False,EXHAUSTIVE,10450944,10450944,,,,,False,0,6,35
mp-560341,bulk,0.0001,False,SCAN,10450944,10450944,,,,,False,0,6,35
mp-560341,bulk,0.0001,False,BISECT,10450944,10450944,,,,,False,0,6,35
mp-560341,bulk,0.0001,False,SCAN-ZFP,10450944,10450944,,,,,False,0,6,35
mp-560341,bulk,0.0001,False,SCAN-SZ3,10450944,10450944,,,,,False,0,6,35
mp-560341,bulk,0.0001,False,SCAN-SPERR,10450944,10450944,,,,,False,0,6,35
mp-560341,bulk,0.0001,False,BISECT-ZFP,10450944,10450944,,,,,False,0,6,35
mp-560341,bulk,0.0001,False,BISECT-SZ3,10450944,10450944,,,,,False,0,6,35
mp-560341,bulk,0.0001,False,BISECT-SPERR,10450944,10450944,,,,,False,0,6,35
mp-560341,bulk,0.001,True,EXHAUSTIVE,10450944,601539,SZ3,1e-05,17.3736765197269,17.3736765197269,True,35,41,35
mp-560341,bulk,0.001,True,SCAN,10450944,601539,SZ3,1e-05,17.3736765197269,17.3736765197269,True,21,27,35
mp-560341,bulk,0.001,True,BISECT,10450944,601539,SZ3,1e-05,17.3736765197269,17.3736765197269,True,11,17,35
mp-560341,bulk,0.001,True,SCAN-ZFP,10450944,750544,ZFP,0.0001,13.92449210172888,17.3736765197269,True,7,13,35
mp-560341,bulk,0.001,True,SCAN-SZ3,10450944,601539,SZ3,1e-05,17.3736765197269,17.3736765197269,True,7,13,35
mp-560341,bulk,0.001,True,SCAN-SPERR,10450944,1501903,SPERR,1e-05,6.958468023567434,17.3736765197269,True,7,13,35
mp-560341,bulk,0.001,True,BISECT-ZFP,10450944,750544,ZFP,0.0001,13.92449210172888,17.3736765197269,True,3,9,35
mp-560341,bulk,0.001,True,BISECT-SZ3,10450944,601539,SZ3,1e-05,17.3736765197269,17.3736765197269,True,4,10,35
mp-560341,bulk,0.001,True,BISECT-SPERR,10450944,1501903,SPERR,1e-05,6.958468023567434,17.3736765197269,True,4,10,35
mp-560341,bulk,0.01,True,EXHAUSTIVE,10450944,121694,SZ3,0.0003,85.87887652636942,85.87887652636942,True,35,41,35
mp-560341,bulk,0.01,True,SCAN,10450944,121694,SZ3,0.0003,85.87887652636942,85.87887652636942,True,12,18,35
mp-560341,bulk,0.01,True,BISECT,10450944,121694,SZ3,0.0003,85.87887652636942,85.87887652636942,True,12,18,35
mp-560341,bulk,0.01,True,SCAN-ZFP,10450944,318568,ZFP,0.003,32.80600688079154,85.87887652636942,True,4,10,35
mp-560341,bulk,0.01,True,SCAN-SZ3,10450944,121694,SZ3,0.0003,85.87887652636942,85.87887652636942,True,4,10,35
mp-560341,bulk,0.01,True,SCAN-SPERR,10450944,722122,SPERR,0.0003,14.47254619025594,85.87887652636942,True,4,10,35
mp-560341,bulk,0.01,True,BISECT-ZFP,10450944,318568,ZFP,0.003,32.80600688079154,85.87887652636942,True,4,10,35
mp-560341,bulk,0.01,True,BISECT-SZ3,10450944,121694,SZ3,0.0003,85.87887652636942,85.87887652636942,True,4,10,35
mp-560341,bulk,0.01,True,BISECT-SPERR,10450944,722122,SPERR,0.0003,14.47254619025594,85.87887652636942,True,4,10,35
mp-567278,bulk,0.0001,False,EXHAUSTIVE,13824000,13824000,,,,,False,0,6,21
mp-567278,bulk,0.0001,False,SCAN,13824000,13824000,,,,,False,0,6,21
mp-567278,bulk,0.0001,False,BISECT,13824000,13824000,,,,,False,0,6,21
mp-567278,bulk,0.0001,False,SCAN-ZFP,13824000,13824000,,,,,False,0,6,21
mp-567278,bulk,0.0001,False,SCAN-SZ3,13824000,13824000,,,,,False,0,6,21
mp-567278,bulk,0.0001,False,SCAN-SPERR,13824000,13824000,,,,,False,0,6,21
mp-567278,bulk,0.0001,False,BISECT-ZFP,13824000,13824000,,,,,False,0,6,21
mp-567278,bulk,0.0001,False,BISECT-SZ3,13824000,13824000,,,,,False,0,6,21
mp-567278,bulk,0.0001,False,BISECT-SPERR,13824000,13824000,,,,,False,0,6,21
mp-567278,bulk,0.001,False,EXHAUSTIVE,13824000,13824000,,,,,False,0,6,21
mp-567278,bulk,0.001,False,SCAN,13824000,13824000,,,,,False,0,6,21
mp-567278,bulk,0.001,False,BISECT,13824000,13824000,,,,,False,0,6,21
mp-567278,bulk,0.001,False,SCAN-ZFP,13824000,13824000,,,,,False,0,6,21
mp-567278,bulk,0.001,False,SCAN-SZ3,13824000,13824000,,,,,False,0,6,21
mp-567278,bulk,0.001,False,SCAN-SPERR,13824000,13824000,,,,,False,0,6,21
mp-567278,bulk,0.001,False,BISECT-ZFP,13824000,13824000,,,,,False,0,6,21
mp-567278,bulk,0.001,False,BISECT-SZ3,13824000,13824000,,,,,False,0,6,21
mp-567278,bulk,0.001,False,BISECT-SPERR,13824000,13824000,,,,,False,0,6,21
mp-567278,bulk,0.01,False,EXHAUSTIVE,13824000,13824000,,,,,False,0,6,21
mp-567278,bulk,0.01,False,SCAN,13824000,13824000,,,,,False,0,6,21
mp-567278,bulk,0.01,False,BISECT,13824000,13824000,,,,,False,0,6,21
mp-567278,bulk,0.01,False,SCAN-ZFP,13824000,13824000,,,,,False,0,6,21
mp-567278,bulk,0.01,False,SCAN-SZ3,13824000,13824000,,,,,False,0,6,21
mp-567278,bulk,0.01,False,SCAN-SPERR,13824000,13824000,,,,,False,0,6,21
mp-567278,bulk,0.01,False,BISECT-ZFP,13824000,13824000,,,,,False,0,6,21
mp-567278,bulk,0.01,False,BISECT-SZ3,13824000,13824000,,,,,False,0,6,21
mp-567278,bulk,0.01,False,BISECT-SPERR,13824000,13824000,,,,,False,0,6,21
mp-567394,bulk,0.0001,False,EXHAUSTIVE,10077696,10077696,,,,,False,0,6,18
mp-567394,bulk,0.0001,False,SCAN,10077696,10077696,,,,,False,0,6,18
mp-567394,bulk,0.0001,False,BISECT,10077696,10077696,,,,,False,0,6,18
mp-567394,bulk,0.0001,False,SCAN-ZFP,10077696,10077696,,,,,False,0,6,18
mp-567394,bulk,0.0001,False,SCAN-SZ3,10077696,10077696,,,,,False,0,6,18
mp-567394,bulk,0.0001,False,SCAN-SPERR,10077696,10077696,,,,,False,0,6,18
mp-567394,bulk,0.0001,False,BISECT-ZFP,10077696,10077696,,,,,False,0,6,18
mp-567394,bulk,0.0001,False,BISECT-SZ3,10077696,10077696,,,,,False,0,6,18
mp-567394,bulk,0.0001,False,BISECT-SPERR,10077696,10077696,,,,,False,0,6,18
mp-567394,bulk,0.001,False,EXHAUSTIVE,10077696,10077696,,,,,False,0,6,18
mp-567394,bulk,0.001,False,SCAN,10077696,10077696,,,,,False,0,6,18
mp-567394,bulk,0.001,False,BISECT,10077696,10077696,,,,,False,0,6,18
mp-567394,bulk,0.001,False,SCAN-ZFP,10077696,10077696,,,,,False,0,6,18
mp-567394,bulk,0.001,False,SCAN-SZ3,10077696,10077696,,,,,False,0,6,18
mp-567394,bulk,0.001,False,SCAN-SPERR,10077696,10077696,,,,,False,0,6,18
mp-567394,bulk,0.001,False,BISECT-ZFP,10077696,10077696,,,,,False,0,6,18
mp-567394,bulk,0.001,False,BISECT-SZ3,10077696,10077696,,,,,False,0,6,18
mp-567394,bulk,0.001,False,BISECT-SPERR,10077696,10077696,,,,,False,0,6,18
mp-567394,bulk,0.01,True,EXHAUSTIVE,10077696,382522,SZ3,1e-05,26.345402355942927,26.345402355942927,True,18,24,18
mp-567394,bulk,0.01,True,SCAN,10077696,382522,SZ3,1e-05,26.345402355942927,26.345402355942927,True,18,24,18
mp-567394,bulk,0.01,True,BISECT,10077696,382522,SZ3,1e-05,26.345402355942927,26.345402355942927,True,8,14,18
mp-567394,bulk,0.01,True,SCAN-ZFP,10077696,10077696,,,,26.345402355942927,True,7,13,18
mp-567394,bulk,0.01,True,SCAN-SZ3,10077696,382522,SZ3,1e-05,26.345402355942927,26.345402355942927,True,5,11,18
mp-567394,bulk,0.01,True,SCAN-SPERR,10077696,10077696,,,,26.345402355942927,True,6,12,18
mp-567394,bulk,0.01,True,BISECT-ZFP,10077696,10077696,,,,26.345402355942927,True,3,9,18
mp-567394,bulk,0.01,True,BISECT-SZ3,10077696,382522,SZ3,1e-05,26.345402355942927,26.345402355942927,True,3,9,18
mp-567394,bulk,0.01,True,BISECT-SPERR,10077696,10077696,,,,26.345402355942927,True,2,8,18
mp-567699,bulk,0.0001,False,EXHAUSTIVE,11059200,11059200,,,,,False,0,6,20
mp-567699,bulk,0.0001,False,SCAN,11059200,11059200,,,,,False,0,6,20
mp-567699,bulk,0.0001,False,BISECT,11059200,11059200,,,,,False,0,6,20
mp-567699,bulk,0.0001,False,SCAN-ZFP,11059200,11059200,,,,,False,0,6,20
mp-567699,bulk,0.0001,False,SCAN-SZ3,11059200,11059200,,,,,False,0,6,20
mp-567699,bulk,0.0001,False,SCAN-SPERR,11059200,11059200,,,,,False,0,6,20
mp-567699,bulk,0.0001,False,BISECT-ZFP,11059200,11059200,,,,,False,0,6,20
mp-567699,bulk,0.0001,False,BISECT-SZ3,11059200,11059200,,,,,False,0,6,20
mp-567699,bulk,0.0001,False,BISECT-SPERR,11059200,11059200,,,,,False,0,6,20
mp-567699,bulk,0.001,False,EXHAUSTIVE,11059200,11059200,,,,,False,0,6,20
mp-567699,bulk,0.001,False,SCAN,11059200,11059200,,,,,False,0,6,20
mp-567699,bulk,0.001,False,BISECT,11059200,11059200,,,,,False,0,6,20
mp-567699,bulk,0.001,False,SCAN-ZFP,11059200,11059200,,,,,False,0,6,20
mp-567699,bulk,0.001,False,SCAN-SZ3,11059200,11059200,,,,,False,0,6,20
mp-567699,bulk,0.001,False,SCAN-SPERR,11059200,11059200,,,,,False,0,6,20
mp-567699,bulk,0.001,False,BISECT-ZFP,11059200,11059200,,,,,False,0,6,20
mp-567699,bulk,0.001,False,BISECT-SZ3,11059200,11059200,,,,,False,0,6,20
mp-567699,bulk,0.001,False,BISECT-SPERR,11059200,11059200,,,,,False,0,6,20
mp-567699,bulk,0.01,False,EXHAUSTIVE,11059200,11059200,,,,,False,0,6,20
mp-567699,bulk,0.01,False,SCAN,11059200,11059200,,,,,False,0,6,20
mp-567699,bulk,0.01,False,BISECT,11059200,11059200,,,,,False,0,6,20
mp-567699,bulk,0.01,False,SCAN-ZFP,11059200,11059200,,,,,False,0,6,20
mp-567699,bulk,0.01,False,SCAN-SZ3,11059200,11059200,,,,,False,0,6,20
mp-567699,bulk,0.01,False,SCAN-SPERR,11059200,11059200,,,,,False,0,6,20
mp-567699,bulk,0.01,False,BISECT-ZFP,11059200,11059200,,,,,False,0,6,20
mp-567699,bulk,0.01,False,BISECT-SZ3,11059200,11059200,,,,,False,0,6,20
mp-567699,bulk,0.01,False,BISECT-SPERR,11059200,11059200,,,,,False,0,6,20
mp-569678,bulk,0.0001,False,EXHAUSTIVE,17694720,17694720,,,,,False,0,6,20
mp-569678,bulk,0.0001,False,SCAN,17694720,17694720,,,,,False,0,6,20
mp-569678,bulk,0.0001,False,BISECT,17694720,17694720,,,,,False,0,6,20
mp-569678,bulk,0.0001,False,SCAN-ZFP,17694720,17694720,,,,,False,0,6,20
mp-569678,bulk,0.0001,False,SCAN-SZ3,17694720,17694720,,,,,False,0,6,20
mp-569678,bulk,0.0001,False,SCAN-SPERR,17694720,17694720,,,,,False,0,6,20
mp-569678,bulk,0.0001,False,BISECT-ZFP,17694720,17694720,,,,,False,0,6,20
mp-569678,bulk,0.0001,False,BISECT-SZ3,17694720,17694720,,,,,False,0,6,20
mp-569678,bulk,0.0001,False,BISECT-SPERR,17694720,17694720,,,,,False,0,6,20
mp-569678,bulk,0.001,False,EXHAUSTIVE,17694720,17694720,,,,,False,0,6,20
mp-569678,bulk,0.001,False,SCAN,17694720,17694720,,,,,False,0,6,20
mp-569678,bulk,0.001,False,BISECT,17694720,17694720,,,,,False,0,6,20
mp-569678,bulk,0.001,False,SCAN-ZFP,17694720,17694720,,,,,False,0,6,20
mp-569678,bulk,0.001,False,SCAN-SZ3,17694720,17694720,,,,,False,0,6,20
mp-569678,bulk,0.001,False,SCAN-SPERR,17694720,17694720,,,,,False,0,6,20
mp-569678,bulk,0.001,False,BISECT-ZFP,17694720,17694720,,,,,False,0,6,20
mp-569678,bulk,0.001,False,BISECT-SZ3,17694720,17694720,,,,,False,0,6,20
mp-569678,bulk,0.001,False,BISECT-SPERR,17694720,17694720,,,,,False,0,6,20
mp-569678,bulk,0.01,True,EXHAUSTIVE,17694720,300607,SZ3,0.0001,58.86329992315548,58.86329992315548,True,20,26,20
mp-569678,bulk,0.01,True,SCAN,17694720,300607,SZ3,0.0001,58.86329992315548,58.86329992315548,True,14,20,20
mp-569678,bulk,0.01,True,BISECT,17694720,300607,SZ3,0.0001,58.86329992315548,58.86329992315548,True,8,14,20
mp-569678,bulk,0.01,True,SCAN-ZFP,17694720,756320,ZFP,0.001,23.395811296805583,58.86329992315548,True,4,10,20
mp-569678,bulk,0.01,True,SCAN-SZ3,17694720,300607,SZ3,0.0001,58.86329992315548,58.86329992315548,True,4,10,20
mp-569678,bulk,0.01,True,SCAN-SPERR,17694720,17694720,,,,58.86329992315548,True,6,12,20
mp-569678,bulk,0.01,True,BISECT-ZFP,17694720,756320,ZFP,0.001,23.395811296805583,58.86329992315548,True,3,9,20
mp-569678,bulk,0.01,True,BISECT-SZ3,17694720,300607,SZ3,0.0001,58.86329992315548,58.86329992315548,True,3,9,20
mp-569678,bulk,0.01,True,BISECT-SPERR,17694720,17694720,,,,58.86329992315548,True,2,8,20
mp-569792,bulk,0.0001,False,EXHAUSTIVE,4915200,4915200,,,,,False,0,6,18
mp-569792,bulk,0.0001,False,SCAN,4915200,4915200,,,,,False,0,6,18
mp-569792,bulk,0.0001,False,BISECT,4915200,4915200,,,,,False,0,6,18
mp-569792,bulk,0.0001,False,SCAN-ZFP,4915200,4915200,,,,,False,0,6,18
mp-569792,bulk,0.0001,False,SCAN-SZ3,4915200,4915200,,,,,False,0,6,18
mp-569792,bulk,0.0001,False,SCAN-SPERR,4915200,4915200,,,,,False,0,6,18
mp-569792,bulk,0.0001,False,BISECT-ZFP,4915200,4915200,,,,,False,0,6,18
mp-569792,bulk,0.0001,False,BISECT-SZ3,4915200,4915200,,,,,False,0,6,18
mp-569792,bulk,0.0001,False,BISECT-SPERR,4915200,4915200,,,,,False,0,6,18
mp-569792,bulk,0.001,False,EXHAUSTIVE,4915200,4915200,,,,,False,0,6,18
mp-569792,bulk,0.001,False,SCAN,4915200,4915200,,,,,False,0,6,18
mp-569792,bulk,0.001,False,BISECT,4915200,4915200,,,,,False,0,6,18
mp-569792,bulk,0.001,False,SCAN-ZFP,4915200,4915200,,,,,False,0,6,18
mp-569792,bulk,0.001,False,SCAN-SZ3,4915200,4915200,,,,,False,0,6,18
mp-569792,bulk,0.001,False,SCAN-SPERR,4915200,4915200,,,,,False,0,6,18
mp-569792,bulk,0.001,False,BISECT-ZFP,4915200,4915200,,,,,False,0,6,18
mp-569792,bulk,0.001,False,BISECT-SZ3,4915200,4915200,,,,,False,0,6,18
mp-569792,bulk,0.001,False,BISECT-SPERR,4915200,4915200,,,,,False,0,6,18
mp-569792,bulk,0.01,True,EXHAUSTIVE,4915200,93562,SZ3,1e-05,52.53414847908339,52.53414847908339,True,18,24,18
mp-569792,bulk,0.01,True,SCAN,4915200,93562,SZ3,1e-05,52.53414847908339,52.53414847908339,True,16,22,18
mp-569792,bulk,0.01,True,BISECT,4915200,93562,SZ3,1e-05,52.53414847908339,52.53414847908339,True,9,15,18
mp-569792,bulk,0.01,True,SCAN-ZFP,4915200,190968,ZFP,0.0001,25.738343596832976,52.53414847908339,True,6,12,18
mp-569792,bulk,0.01,True,SCAN-SZ3,4915200,93562,SZ3,1e-05,52.53414847908339,52.53414847908339,True,5,11,18
mp-569792,bulk,0.01,True,SCAN-SPERR,4915200,544012,SPERR,1e-05,9.035094814084983,52.53414847908339,True,5,11,18
mp-569792,bulk,0.01,True,BISECT-ZFP,4915200,190968,ZFP,0.0001,25.738343596832976,52.53414847908339,True,3,9,18
mp-569792,bulk,0.01,True,BISECT-SZ3,4915200,93562,SZ3,1e-05,52.53414847908339,52.53414847908339,True,3,9,18
mp-569792,bulk,0.01,True,BISECT-SPERR,4915200,544012,SPERR,1e-05,9.035094814084983,52.53414847908339,True,3,9,18
mp-606377,bulk,0.0001,False,EXHAUSTIVE,7464960,7464960,,,,,False,0,6,3
mp-606377,bulk,0.0001,False,SCAN,7464960,7464960,,,,,False,0,6,3
mp-606377,bulk,0.0001,False,BISECT,7464960,7464960,,,,,False,0,6,3
mp-606377,bulk,0.0001,False,SCAN-ZFP,7464960,7464960,,,,,False,0,6,3
mp-606377,bulk,0.0001,False,SCAN-SZ3,7464960,7464960,,,,,False,0,6,3
mp-606377,bulk,0.0001,False,SCAN-SPERR,7464960,7464960,,,,,False,0,6,3
mp-606377,bulk,0.0001,False,BISECT-ZFP,7464960,7464960,,,,,False,0,6,3
mp-606377,bulk,0.0001,False,BISECT-SZ3,7464960,7464960,,,,,False,0,6,3
mp-606377,bulk,0.0001,False,BISECT-SPERR,7464960,7464960,,,,,False,0,6,3
mp-606377,bulk,0.001,False,EXHAUSTIVE,7464960,7464960,,,,,False,0,6,3
mp-606377,bulk,0.001,False,SCAN,7464960,7464960,,,,,False,0,6,3
mp-606377,bulk,0.001,False,BISECT,7464960,7464960,,,,,False,0,6,3
mp-606377,bulk,0.001,False,SCAN-ZFP,7464960,7464960,,,,,False,0,6,3
mp-606377,bulk,0.001,False,SCAN-SZ3,7464960,7464960,,,,,False,0,6,3
mp-606377,bulk,0.001,False,SCAN-SPERR,7464960,7464960,,,,,False,0,6,3
mp-606377,bulk,0.001,False,BISECT-ZFP,7464960,7464960,,,,,False,0,6,3
mp-606377,bulk,0.001,False,BISECT-SZ3,7464960,7464960,,,,,False,0,6,3
mp-606377,bulk,0.001,False,BISECT-SPERR,7464960,7464960,,,,,False,0,6,3
mp-606377,bulk,0.01,False,EXHAUSTIVE,7464960,7464960,,,,,False,0,6,3
mp-606377,bulk,0.01,False,SCAN,7464960,7464960,,,,,False,0,6,3
mp-606377,bulk,0.01,False,BISECT,7464960,7464960,,,,,False,0,6,3
mp-606377,bulk,0.01,False,SCAN-ZFP,7464960,7464960,,,,,False,0,6,3
mp-606377,bulk,0.01,False,SCAN-SZ3,7464960,7464960,,,,,False,0,6,3
mp-606377,bulk,0.01,False,SCAN-SPERR,7464960,7464960,,,,,False,0,6,3
mp-606377,bulk,0.01,False,BISECT-ZFP,7464960,7464960,,,,,False,0,6,3
mp-606377,bulk,0.01,False,BISECT-SZ3,7464960,7464960,,,,,False,0,6,3
mp-606377,bulk,0.01,False,BISECT-SPERR,7464960,7464960,,,,,False,0,6,3
mp-614489,bulk,0.0001,False,EXHAUSTIVE,2985984,2985984,,,,,False,0,6,16
mp-614489,bulk,0.0001,False,SCAN,2985984,2985984,,,,,False,0,6,16
mp-614489,bulk,0.0001,False,BISECT,2985984,2985984,,,,,False,0,6,16
mp-614489,bulk,0.0001,False,SCAN-ZFP,2985984,2985984,,,,,False,0,6,16
mp-614489,bulk,0.0001,False,SCAN-SZ3,2985984,2985984,,,,,False,0,6,16
mp-614489,bulk,0.0001,False,SCAN-SPERR,2985984,2985984,,,,,False,0,6,16
mp-614489,bulk,0.0001,False,BISECT-ZFP,2985984,2985984,,,,,False,0,6,16
mp-614489,bulk,0.0001,False,BISECT-SZ3,2985984,2985984,,,,,False,0,6,16
mp-614489,bulk,0.0001,False,BISECT-SPERR,2985984,2985984,,,,,False,0,6,16
mp-614489,bulk,0.001,False,EXHAUSTIVE,2985984,2985984,,,,,False,0,6,16
mp-614489,bulk,0.001,False,SCAN,2985984,2985984,,,,,False,0,6,16
mp-614489,bulk,0.001,False,BISECT,2985984,2985984,,,,,False,0,6,16
mp-614489,bulk,0.001,False,SCAN-ZFP,2985984,2985984,,,,,False,0,6,16
mp-614489,bulk,0.001,False,SCAN-SZ3,2985984,2985984,,,,,False,0,6,16
mp-614489,bulk,0.001,False,SCAN-SPERR,2985984,2985984,,,,,False,0,6,16
mp-614489,bulk,0.001,False,BISECT-ZFP,2985984,2985984,,,,,False,0,6,16
mp-614489,bulk,0.001,False,BISECT-SZ3,2985984,2985984,,,,,False,0,6,16
mp-614489,bulk,0.001,False,BISECT-SPERR,2985984,2985984,,,,,False,0,6,16
mp-614489,bulk,0.01,True,EXHAUSTIVE,2985984,41091,SPERR,0.0001,72.66759144338177,72.66759144338177,True,16,22,16
mp-614489,bulk,0.01,True,SCAN,2985984,41091,SPERR,0.0001,72.66759144338177,72.66759144338177,True,11,17,16
mp-614489,bulk,0.01,True,BISECT,2985984,41091,SPERR,0.0001,72.66759144338177,72.66759144338177,True,8,14,16
mp-614489,bulk,0.01,True,SCAN-ZFP,2985984,141144,ZFP,0.0003,21.155585784730487,72.66759144338177,True,3,9,16
mp-614489,bulk,0.01,True,SCAN-SZ3,2985984,125991,SZ3,1e-05,23.69997856989785,72.66759144338177,True,4,10,16
mp-614489,bulk,0.01,True,SCAN-SPERR,2985984,41091,SPERR,0.0001,72.66759144338177,72.66759144338177,True,4,10,16
mp-614489,bulk,0.01,True,BISECT-ZFP,2985984,226448,ZFP,3e-05,13.186179608563556,72.66759144338177,True,3,9,16
mp-614489,bulk,0.01,True,BISECT-SZ3,2985984,125991,SZ3,1e-05,23.69997856989785,72.66759144338177,True,2,8,16
mp-614489,bulk,0.01,True,BISECT-SPERR,2985984,41091,SPERR,0.0001,72.66759144338177,72.66759144338177,True,3,9,16
mp-6145,bulk,0.0001,False,EXHAUSTIVE,7077888,7077888,,,,,False,0,6,23
mp-6145,bulk,0.0001,False,SCAN,7077888,7077888,,,,,False,0,6,23
mp-6145,bulk,0.0001,False,BISECT,7077888,7077888,,,,,False,0,6,23
mp-6145,bulk,0.0001,False,SCAN-ZFP,7077888,7077888,,,,,False,0,6,23
mp-6145,bulk,0.0001,False,SCAN-SZ3,7077888,7077888,,,,,False,0,6,23
mp-6145,bulk,0.0001,False,SCAN-SPERR,7077888,7077888,,,,,False,0,6,23
mp-6145,bulk,0.0001,False,BISECT-ZFP,7077888,7077888,,,,,False,0,6,23
mp-6145,bulk,0.0001,False,BISECT-SZ3,7077888,7077888,,,,,False,0,6,23
mp-6145,bulk,0.0001,False,BISECT-SPERR,7077888,7077888,,,,,False,0,6,23
mp-6145,bulk,0.001,False,EXHAUSTIVE,7077888,7077888,,,,,False,0,6,23
mp-6145,bulk,0.001,False,SCAN,7077888,7077888,,,,,False,0,6,23
mp-6145,bulk,0.001,False,BISECT,7077888,7077888,,,,,False,0,6,23
mp-6145,bulk,0.001,False,SCAN-ZFP,7077888,7077888,,,,,False,0,6,23
mp-6145,bulk,0.001,False,SCAN-SZ3,7077888,7077888,,,,,False,0,6,23
mp-6145,bulk,0.001,False,SCAN-SPERR,7077888,7077888,,,,,False,0,6,23
mp-6145,bulk,0.001,False,BISECT-ZFP,7077888,7077888,,,,,False,0,6,23
mp-6145,bulk,0.001,False,BISECT-SZ3,7077888,7077888,,,,,False,0,6,23
mp-6145,bulk,0.001,False,BISECT-SPERR,7077888,7077888,,,,,False,0,6,23
mp-6145,bulk,0.01,True,EXHAUSTIVE,7077888,69102,SPERR,0.0003,102.42667361292004,102.42667361292004,True,23,29,23
mp-6145,bulk,0.01,True,SCAN,7077888,69102,SPERR,0.0003,102.42667361292004,102.42667361292004,True,11,17,23
mp-6145,bulk,0.01,True,BISECT,7077888,69102,SPERR,0.0003,102.42667361292004,102.42667361292004,True,9,15,23
mp-6145,bulk,0.01,True,SCAN-ZFP,7077888,170272,ZFP,0.01,41.568126292050366,102.42667361292004,True,3,9,23
mp-6145,bulk,0.01,True,SCAN-SZ3,7077888,86470,SZ3,0.0003,81.8536833583902,102.42667361292004,True,4,10,23
mp-6145,bulk,0.01,True,SCAN-SPERR,7077888,69102,SPERR,0.0003,102.42667361292004,102.42667361292004,True,4,10,23
mp-6145,bulk,0.01,True,BISECT-ZFP,7077888,170272,ZFP,0.01,41.568126292050366,102.42667361292004,True,3,9,23
mp-6145,bulk,0.01,True,BISECT-SZ3,7077888,86470,SZ3,0.0003,81.8536833583902,102.42667361292004,True,3,9,23
mp-6145,bulk,0.01,True,BISECT-SPERR,7077888,69102,SPERR,0.0003,102.42667361292004,102.42667361292004,True,3,9,23
mp-623043,bulk,0.0001,False,EXHAUSTIVE,9437184,9437184,,,,,False,0,6,31
mp-623043,bulk,0.0001,False,SCAN,9437184,9437184,,,,,False,0,6,31
mp-623043,bulk,0.0001,False,BISECT,9437184,9437184,,,,,False,0,6,31
mp-623043,bulk,0.0001,False,SCAN-ZFP,9437184,9437184,,,,,False,0,6,31
mp-623043,bulk,0.0001,False,SCAN-SZ3,9437184,9437184,,,,,False,0,6,31
mp-623043,bulk,0.0001,False,SCAN-SPERR,9437184,9437184,,,,,False,0,6,31
mp-623043,bulk,0.0001,False,BISECT-ZFP,9437184,9437184,,,,,False,0,6,31
mp-623043,bulk,0.0001,False,BISECT-SZ3,9437184,9437184,,,,,False,0,6,31
mp-623043,bulk,0.0001,False,BISECT-SPERR,9437184,9437184,,,,,False,0,6,31
mp-623043,bulk,0.001,True,EXHAUSTIVE,9437184,649880,ZFP,0.0001,14.52142549393734,14.52142549393734,True,31,37,31
mp-623043,bulk,0.001,True,SCAN,9437184,649880,ZFP,0.0001,14.52142549393734,14.52142549393734,True,19,25,31
mp-623043,bulk,0.001,True,BISECT,9437184,649880,ZFP,0.0001,14.52142549393734,14.52142549393734,True,12,18,31
mp-623043,bulk,0.001,True,SCAN-ZFP,9437184,649880,ZFP,0.0001,14.52142549393734,14.52142549393734,True,6,12,31
mp-623043,bulk,0.001,True,SCAN-SZ3,9437184,659341,SZ3,3e-06,14.313055004921582,14.52142549393734,True,7,13,31
mp-623043,bulk,0.001,True,SCAN-SPERR,9437184,1890115,SPERR,3e-06,4.992915245897736,14.52142549393734,True,6,12,31
mp-623043,bulk,0.001,True,BISECT-ZFP,9437184,649880,ZFP,0.0001,14.52142549393734,14.52142549393734,True,4,10,31
mp-623043,bulk,0.001,True,BISECT-SZ3,9437184,659341,SZ3,3e-06,14.313055004921582,14.52142549393734,True,4,10,31
mp-623043,bulk,0.001,True,BISECT-SPERR,9437184,1890115,SPERR,3e-06,4.992915245897736,14.52142549393734,True,4,10,31
mp-623043,bulk,0.01,True,EXHAUSTIVE,9437184,292518,SZ3,3e-05,32.26189157590302,32.26189157590302,True,31,37,31
mp-623043,bulk,0.01,True,SCAN,9437184,292518,SZ3,3e-05,32.26189157590302,32.26189157590302,True,15,21,31
mp-623043,bulk,0.01,True,BISECT,9437184,292518,SZ3,3e-05,32.26189157590302,32.26189157590302,True,11,17,31
mp-623043,bulk,0.01,True,SCAN-ZFP,9437184,476600,ZFP,0.0003,19.80105749055812,32.26189157590302,True,5,11,31
mp-623043,bulk,0.01,True,SCAN-SZ3,9437184,292518,SZ3,3e-05,32.26189157590302,32.26189157590302,True,5,11,31
mp-623043,bulk,0.01,True,SCAN-SPERR,9437184,1631539,SPERR,1e-05,5.7842221362774655,32.26189157590302,True,5,11,31
mp-623043,bulk,0.01,True,BISECT-ZFP,9437184,476600,ZFP,0.0003,19.80105749055812,32.26189157590302,True,4,10,31
mp-623043,bulk,0.01,True,BISECT-SZ3,9437184,292518,SZ3,3e-05,32.26189157590302,32.26189157590302,True,4,10,31
mp-623043,bulk,0.01,True,BISECT-SPERR,9437184,1631539,SPERR,1e-05,5.7842221362774655,32.26189157590302,True,3,9,31
mp-626794,bulk,0.0001,False,EXHAUSTIVE,10321920,10321920,,,,,False,0,6,30
mp-626794,bulk,0.0001,False,SCAN,10321920,10321920,,,,,False,0,6,30
mp-626794,bulk,0.0001,False,BISECT,10321920,10321920,,,,,False,0,6,30
mp-626794,bulk,0.0001,False,SCAN-ZFP,10321920,10321920,,,,,False,0,6,30
mp-626794,bulk,0.0001,False,SCAN-SZ3,10321920,10321920,,,,,False,0,6,30
mp-626794,bulk,0.0001,False,SCAN-SPERR,10321920,10321920,,,,,False,0,6,30
mp-626794,bulk,0.0001,False,BISECT-ZFP,10321920,10321920,,,,,False,0,6,30
mp-626794,bulk,0.0001,False,BISECT-SZ3,10321920,10321920,,,,,False,0,6,30
mp-626794,bulk,0.0001,False,BISECT-SPERR,10321920,10321920,,,,,False,0,6,30
mp-626794,bulk,0.001,True,EXHAUSTIVE,10321920,656488,ZFP,3e-05,15.722937814552589,15.722937814552589,True,30,36,30
mp-626794,bulk,0.001,True,SCAN,10321920,656488,ZFP,3e-05,15.722937814552589,15.722937814552589,True,21,27,30
mp-626794,bulk,0.001,True,BISECT,10321920,656488,ZFP,3e-05,15.722937814552589,15.722937814552589,True,11,17,30
mp-626794,bulk,0.001,True,SCAN-ZFP,10321920,656488,ZFP,3e-05,15.722937814552589,15.722937814552589,True,6,12,30
mp-626794,bulk,0.001,True,SCAN-SZ3,10321920,718673,SZ3,1e-06,14.362470831657792,15.722937814552589,True,8,14,30
mp-626794,bulk,0.001,True,SCAN-SPERR,10321920,2070470,SPERR,1e-06,4.985302853941375,15.722937814552589,True,7,13,30
mp-626794,bulk,0.001,True,BISECT-ZFP,10321920,656488,ZFP,3e-05,15.722937814552589,15.722937814552589,True,3,9,30
mp-626794,bulk,0.001,True,BISECT-SZ3,10321920,718673,SZ3,1e-06,14.362470831657792,15.722937814552589,True,4,10,30
mp-626794,bulk,0.001,True,BISECT-SPERR,10321920,2070470,SPERR,1e-06,4.985302853941375,15.722937814552589,True,4,10,30
mp-626794,bulk,0.01,True,EXHAUSTIVE,10321920,202519,SZ3,3e-05,50.96766229341444,50.96766229341444,True,30,36,30
mp-626794,bulk,0.01,True,SCAN,10321920,202519,SZ3,3e-05,50.96766229341444,50.96766229341444,True,13,19,30
mp-626794,bulk,0.01,True,BISECT,10321920,202519,SZ3,3e-05,50.96766229341444,50.96766229341444,True,10,16,30
mp-626794,bulk,0.01,True,SCAN-ZFP,10321920,283760,ZFP,0.001,36.3755286157316,50.96766229341444,True,3,9,30
mp-626794,bulk,0.01,True,SCAN-SZ3,10321920,202519,SZ3,3e-05,50.96766229341444,50.96766229341444,True,5,11,30
mp-626794,bulk,0.01,True,SCAN-SPERR,10321920,1532147,SPERR,1e-05,6.736899266193126,50.96766229341444,True,5,11,30
mp-626794,bulk,0.01,True,BISECT-ZFP,10321920,283760,ZFP,0.001,36.3755286157316,50.96766229341444,True,3,9,30
mp-626794,bulk,0.01,True,BISECT-SZ3,10321920,202519,SZ3,3e-05,50.96766229341444,50.96766229341444,True,4,10,30
mp-626794,bulk,0.01,True,BISECT-SPERR,10321920,1532147,SPERR,1e-05,6.736899266193126,50.96766229341444,True,3,9,30
mp-631399,bulk,0.0001,True,EXHAUSTIVE,2985984,239540,SPERR,1e-06,12.465492193370627,12.465492193370627,True,37,43,37
mp-631399,bulk,0.0001,True,SCAN,2985984,239540,SPERR,1e-06,12.465492193370627,12.465492193370627,True,29,35,37
mp-631399,bulk,0.0001,True,BISECT,2985984,239540,SPERR,1e-06,12.465492193370627,12.465492193370627,True,11,17,37
mp-631399,bulk,0.0001,True,SCAN-ZFP,2985984,374896,ZFP,1e-05,7.964832913661389,12.465492193370627,True,9,15,37
mp-631399,bulk,0.0001,True,SCAN-SZ3,2985984,379418,SZ3,1e-06,7.869906013947678,12.465492193370627,True,9,15,37
mp-631399,bulk,0.0001,True,SCAN-SPERR,2985984,239540,SPERR,1e-06,12.465492193370627,12.465492193370627,True,11,17,37
mp-631399,bulk,0.0001,True,BISECT-ZFP,2985984,374896,ZFP,1e-05,7.964832913661389,12.465492193370627,True,4,10,37
mp-631399,bulk,0.0001,True,BISECT-SZ3,2985984,379418,SZ3,1e-06,7.869906013947678,12.465492193370627,True,3,9,37
mp-631399,bulk,0.0001,True,BISECT-SPERR,2985984,239540,SPERR,1e-06,12.465492193370627,12.465492193370627,True,4,10,37
mp-631399,bulk,0.001,True,EXHAUSTIVE,2985984,126332,SPERR,1e-05,23.6360067124719,23.6360067124719,True,37,43,37
mp-631399,bulk,0.001,True,SCAN,2985984,126332,SPERR,1e-05,23.6360067124719,23.6360067124719,True,23,29,37
mp-631399,bulk,0.001,True,BISECT,2985984,126332,SPERR,1e-05,23.6360067124719,23.6360067124719,True,11,17,37
mp-631399,bulk,0.001,True,SCAN-ZFP,2985984,248992,ZFP,0.0001,11.992288908880608,23.6360067124719,True,7,13,37
mp-631399,bulk,0.001,True,SCAN-SZ3,2985984,186984,SZ3,1e-05,15.969195225259917,23.6360067124719,True,7,13,37
mp-631399,bulk,0.001,True,SCAN-SPERR,2985984,126332,SPERR,1e-05,23.6360067124719,23.6360067124719,True,9,15,37
mp-631399,bulk,0.001,True,BISECT-ZFP,2985984,248992,ZFP,0.0001,11.992288908880608,23.6360067124719,True,3,9,37
mp-631399,bulk,0.001,True,BISECT-SZ3,2985984,186984,SZ3,1e-05,15.969195225259917,23.6360067124719,True,4,10,37
mp-631399,bulk,0.001,True,BISECT-SPERR,2985984,126332,SPERR,1e-05,23.6360067124719,23.6360067124719,True,4,10,37
mp-631399,bulk,0.01,True,EXHAUSTIVE,2985984,36084,SPERR,0.0003,82.7509145327569,82.7509145327569,True,37,43,37
mp-631399,bulk,0.01,True,SCAN,2985984,36084,SPERR,0.0003,82.7509145327569,82.7509145327569,True,14,20,37
mp-631399,bulk,0.01,True,BISECT,2985984,36084,SPERR,0.0003,82.7509145327569,82.7509145327569,True,12,18,37
mp-631399,bulk,0.01,True,SCAN-ZFP,2985984,70528,ZFP,0.01,42.33756805807622,82.7509145327569,True,3,9,37
mp-631399,bulk,0.01,True,SCAN-SZ3,2985984,71865,SZ3,0.0001,41.54990607388854,82.7509145327569,True,5,11,37
mp-631399,bulk,0.01,True,SCAN-SPERR,2985984,36084,SPERR,0.0003,82.7509145327569,82.7509145327569,True,6,12,37
mp-631399,bulk,0.01,True,BISECT-ZFP,2985984,70528,ZFP,0.01,42.33756805807622,82.7509145327569,True,4,10,37
mp-631399,bulk,0.01,True,BISECT-SZ3,2985984,71865,SZ3,0.0001,41.54990607388854,82.7509145327569,True,4,10,37
mp-631399,bulk,0.01,True,BISECT-SPERR,2985984,36084,SPERR,0.0003,82.7509145327569,82.7509145327569,True,4,10,37
mp-644443,bulk,0.0001,True,EXHAUSTIVE,11010048,1228792,ZFP,1e-05,8.96005833371311,8.96005833371311,True,34,40,34
mp-644443,bulk,0.0001,True,SCAN,11010048,1228792,ZFP,1e-05,8.96005833371311,8.96005833371311,True,28,34,34
mp-644443,bulk,0.0001,True,BISECT,11010048,1228792,ZFP,1e-05,8.96005833371311,8.96005833371311,True,12,18,34
mp-644443,bulk,0.0001,True,SCAN-ZFP,11010048,1228792,ZFP,1e-05,8.96005833371311,8.96005833371311,True,8,14,34
mp-644443,bulk,0.0001,True,SCAN-SZ3,11010048,1585125,SZ3,3e-07,6.945854743316773,8.96005833371311,True,10,16,34
mp-644443,bulk,0.0001,True,SCAN-SPERR,11010048,2660129,SPERR,3e-07,4.138915067652734,8.96005833371311,True,10,16,34
mp-644443,bulk,0.0001,True,BISECT-ZFP,11010048,1228792,ZFP,1e-05,8.96005833371311,8.96005833371311,True,4,10,34
mp-644443,bulk,0.0001,True,BISECT-SZ3,11010048,1585125,SZ3,3e-07,6.945854743316773,8.96005833371311,True,4,10,34
mp-644443,bulk,0.0001,True,BISECT-SPERR,11010048,2660129,SPERR,3e-07,4.138915067652734,8.96005833371311,True,4,10,34
mp-644443,bulk,0.001,True,EXHAUSTIVE,11010048,627928,SZ3,1e-05,17.53393382680817,17.53393382680817,True,34,40,34
mp-644443,bulk,0.001,True,SCAN,11010048,627928,SZ3,1e-05,17.53393382680817,17.53393382680817,True,20,26,34
mp-644443,bulk,0.001,True,BISECT,11010048,627928,SZ3,1e-05,17.53393382680817,17.53393382680817,True,12,18,34
mp-644443,bulk,0.001,True,SCAN-ZFP,11010048,834976,ZFP,0.0001,13.186065228222128,17.53393382680817,True,6,12,34
mp-644443,bulk,0.001,True,SCAN-SZ3,11010048,627928,SZ3,1e-05,17.53393382680817,17.53393382680817,True,7,13,34
mp-644443,bulk,0.001,True,SCAN-SPERR,11010048,1786574,SPERR,1e-05,6.16265992900378,17.53393382680817,True,7,13,34
mp-644443,bulk,0.001,True,BISECT-ZFP,11010048,834976,ZFP,0.0001,13.186065228222128,17.53393382680817,True,4,10,34
mp-644443,bulk,0.001,True,BISECT-SZ3,11010048,627928,SZ3,1e-05,17.53393382680817,17.53393382680817,True,4,10,34
mp-644443,bulk,0.001,True,BISECT-SPERR,11010048,1786574,SPERR,1e-05,6.16265992900378,17.53393382680817,True,4,10,34
mp-644443,bulk,0.01,True,EXHAUSTIVE,11010048,135886,SZ3,0.0003,81.02415259850169,81.02415259850169,True,34,40,34
mp-644443,bulk,0.01,True,SCAN,11010048,135886,SZ3,0.0003,81.02415259850169,81.02415259850169,True,10,16,34
mp-644443,bulk,0.01,True,BISECT,11010048,135886,SZ3,0.0003,81.02415259850169,81.02415259850169,True,12,18,34
mp-644443,bulk,0.01,True,SCAN-ZFP,11010048,237272,ZFP,0.01,46.40264337974983,81.02415259850169,True,2,8,34
mp-644443,bulk,0.01,True,SCAN-SZ3,11010048,135886,SZ3,0.0003,81.02415259850169,81.02415259850169,True,4,10,34
mp-644443,bulk,0.01,True,SCAN-SPERR,11010048,956502,SPERR,0.0003,11.510742267135877,81.02415259850169,True,4,10,34
mp-644443,bulk,0.01,True,BISECT-ZFP,11010048,237272,ZFP,0.01,46.40264337974983,81.02415259850169,True,4,10,34
mp-644443,bulk,0.01,True,BISECT-SZ3,11010048,135886,SZ3,0.0003,81.02415259850169,81.02415259850169,True,4,10,34
mp-644443,bulk,0.01,True,BISECT-SPERR,11010048,956502,SPERR,0.0003,11.510742267135877,81.02415259850169,True,4,10,34
mp-6586,bulk,0.0001,False,EXHAUSTIVE,7077888,7077888,,,,,False,0,6,22
mp-6586,bulk,0.0001,False,SCAN,7077888,7077888,,,,,False,0,6,22
mp-6586,bulk,0.0001,False,BISECT,7077888,7077888,,,,,False,0,6,22
mp-6586,bulk,0.0001,False,SCAN-ZFP,7077888,7077888,,,,,False,0,6,22
mp-6586,bulk,0.0001,False,SCAN-SZ3,7077888,7077888,,,,,False,0,6,22
mp-6586,bulk,0.0001,False,SCAN-SPERR,7077888,7077888,,,,,False,0,6,22
mp-6586,bulk,0.0001,False,BISECT-ZFP,7077888,7077888,,,,,False,0,6,22
mp-6586,bulk,0.0001,False,BISECT-SZ3,7077888,7077888,,,,,False,0,6,22
mp-6586,bulk,0.0001,False,BISECT-SPERR,7077888,7077888,,,,,False,0,6,22
mp-6586,bulk,0.001,False,EXHAUSTIVE,7077888,7077888,,,,,False,0,6,22
mp-6586,bulk,0.001,False,SCAN,7077888,7077888,,,,,False,0,6,22
mp-6586,bulk,0.001,False,BISECT,7077888,7077888,,,,,False,0,6,22
mp-6586,bulk,0.001,False,SCAN-ZFP,7077888,7077888,,,,,False,0,6,22
mp-6586,bulk,0.001,False,SCAN-SZ3,7077888,7077888,,,,,False,0,6,22
mp-6586,bulk,0.001,False,SCAN-SPERR,7077888,7077888,,,,,False,0,6,22
mp-6586,bulk,0.001,False,BISECT-ZFP,7077888,7077888,,,,,False,0,6,22
mp-6586,bulk,0.001,False,BISECT-SZ3,7077888,7077888,,,,,False,0,6,22
mp-6586,bulk,0.001,False,BISECT-SPERR,7077888,7077888,,,,,False,0,6,22
mp-6586,bulk,0.01,True,EXHAUSTIVE,7077888,18187,SPERR,0.003,389.1729257161709,389.1729257161709,True,22,28,22
mp-6586,bulk,0.01,True,SCAN,7077888,18187,SPERR,0.003,389.1729257161709,389.1729257161709,True,8,14,22
mp-6586,bulk,0.01,True,BISECT,7077888,18187,SPERR,0.003,389.1729257161709,389.1729257161709,True,10,16,22
mp-6586,bulk,0.01,True,SCAN-ZFP,7077888,132104,ZFP,0.01,53.57815054805305,389.1729257161709,True,2,8,22
mp-6586,bulk,0.01,True,SCAN-SZ3,7077888,65445,SZ3,0.0003,108.15017190006876,389.1729257161709,True,3,9,22
mp-6586,bulk,0.01,True,SCAN-SPERR,7077888,18187,SPERR,0.003,389.1729257161709,389.1729257161709,True,3,9,22
mp-6586,bulk,0.01,True,BISECT-ZFP,7077888,132104,ZFP,0.01,53.57815054805305,389.1729257161709,True,4,10,22
mp-6586,bulk,0.01,True,BISECT-SZ3,7077888,65445,SZ3,0.0003,108.15017190006876,389.1729257161709,True,3,9,22
mp-6586,bulk,0.01,True,BISECT-SPERR,7077888,18187,SPERR,0.003,389.1729257161709,389.1729257161709,True,3,9,22
mp-675781,bulk,0.0001,False,EXHAUSTIVE,15482880,15482880,,,,,False,0,6,30
mp-675781,bulk,0.0001,False,SCAN,15482880,15482880,,,,,False,0,6,30
mp-675781,bulk,0.0001,False,BISECT,15482880,15482880,,,,,False,0,6,30
mp-675781,bulk,0.0001,False,SCAN-ZFP,15482880,15482880,,,,,False,0,6,30
mp-675781,bulk,0.0001,False,SCAN-SZ3,15482880,15482880,,,,,False,0,6,30
mp-675781,bulk,0.0001,False,SCAN-SPERR,15482880,15482880,,,,,False,0,6,30
mp-675781,bulk,0.0001,False,BISECT-ZFP,15482880,15482880,,,,,False,0,6,30
mp-675781,bulk,0.0001,False,BISECT-SZ3,15482880,15482880,,,,,False,0,6,30
mp-675781,bulk,0.0001,False,BISECT-SPERR,15482880,15482880,,,,,False,0,6,30
mp-675781,bulk,0.001,True,EXHAUSTIVE,15482880,1345312,ZFP,1e-05,11.508765252967342,11.508765252967342,True,30,36,30
mp-675781,bulk,0.001,True,SCAN,15482880,1345312,ZFP,1e-05,11.508765252967342,11.508765252967342,True,23,29,30
mp-675781,bulk,0.001,True,BISECT,15482880,1345312,ZFP,1e-05,11.508765252967342,11.508765252967342,True,11,17,30
mp-675781,bulk,0.001,True,SCAN-ZFP,15482880,1345312,ZFP,1e-05,11.508765252967342,11.508765252967342,True,8,14,30
mp-675781,bulk,0.001,True,SCAN-SZ3,15482880,1578832,SZ3,3e-07,9.806540531228148,11.508765252967342,True,8,14,30
mp-675781,bulk,0.001,True,SCAN-SPERR,15482880,2546826,SPERR,1e-06,6.079284568321511,11.508765252967342,True,7,13,30
mp-675781,bulk,0.001,True,BISECT-ZFP,15482880,1345312,ZFP,1e-05,11.508765252967342,11.508765252967342,True,4,10,30
mp-675781,bulk,0.001,True,BISECT-SZ3,15482880,1578832,SZ3,3e-07,9.806540531228148,11.508765252967342,True,3,9,30
mp-675781,bulk,0.001,True,BISECT-SPERR,15482880,2546826,SPERR,1e-06,6.079284568321511,11.508765252967342,True,4,10,30
mp-675781,bulk,0.01,True,EXHAUSTIVE,15482880,268457,SZ3,3e-05,57.67359390889416,57.67359390889416,True,30,36,30
mp-675781,bulk,0.01,True,SCAN,15482880,268457,SZ3,3e-05,57.67359390889416,57.67359390889416,True,14,20,30
mp-675781,bulk,0.01,True,BISECT,15482880,268457,SZ3,3e-05,57.67359390889416,57.67359390889416,True,10,16,30
mp-675781,bulk,0.01,True,SCAN-ZFP,15482880,612696,ZFP,0.0003,25.27008500137099,57.67359390889416,True,5,11,30
mp-675781,bulk,0.01,True,SCAN-SZ3,15482880,268457,SZ3,3e-05,57.67359390889416,57.67359390889416,True,4,10,30
mp-675781,bulk,0.01,True,SCAN-SPERR,15482880,1738088,SPERR,1e-05,8.907995452474212,57.67359390889416,True,5,11,30
mp-675781,bulk,0.01,True,BISECT-ZFP,15482880,612696,ZFP,0.0003,25.27008500137099,57.67359390889416,True,4,10,30
mp-675781,bulk,0.01,True,BISECT-SZ3,15482880,268457,SZ3,3e-05,57.67359390889416,57.67359390889416,True,3,9,30
mp-675781,bulk,0.01,True,BISECT-SPERR,15482880,1738088,SPERR,1e-05,8.907995452474212,57.67359390889416,True,3,9,30
mp-676693,bulk,0.0001,True,EXHAUSTIVE,6967296,943080,ZFP,3e-06,7.387810153963609,7.387810153963609,True,33,39,33
mp-676693,bulk,0.0001,True,SCAN,6967296,943080,ZFP,3e-06,7.387810153963609,7.387810153963609,True,28,34,33
mp-676693,bulk,0.0001,True,BISECT,6967296,943080,ZFP,3e-06,7.387810153963609,7.387810153963609,True,11,17,33
mp-676693,bulk,0.0001,True,SCAN-ZFP,6967296,943080,ZFP,3e-06,7.387810153963609,7.387810153963609,True,10,16,33
mp-676693,bulk,0.0001,True,SCAN-SZ3,6967296,1088481,SZ3,3e-07,6.400934880810965,7.387810153963609,True,8,14,33
mp-676693,bulk,0.0001,True,SCAN-SPERR,6967296,1716401,SPERR,3e-07,4.059247227192247,7.387810153963609,True,10,16,33
mp-676693,bulk,0.0001,True,BISECT-ZFP,6967296,943080,ZFP,3e-06,7.387810153963609,7.387810153963609,True,4,10,33
mp-676693,bulk,0.0001,True,BISECT-SZ3,6967296,1088481,SZ3,3e-07,6.400934880810965,7.387810153963609,True,3,9,33
mp-676693,bulk,0.0001,True,BISECT-SPERR,6967296,1716401,SPERR,3e-07,4.059247227192247,7.387810153963609,True,4,10,33
mp-676693,bulk,0.001,True,EXHAUSTIVE,6967296,515776,ZFP,0.0001,13.508375728998637,13.508375728998637,True,33,39,33
mp-676693,bulk,0.001,True,SCAN,6967296,515776,ZFP,0.0001,13.508375728998637,13.508375728998637,True,21,27,33
mp-676693,bulk,0.001,True,BISECT,6967296,515776,ZFP,0.0001,13.508375728998637,13.508375728998637,True,11,17,33
mp-676693,bulk,0.001,True,SCAN-ZFP,6967296,515776,ZFP,0.0001,13.508375728998637,13.508375728998637,True,7,13,33
mp-676693,bulk,0.001,True,SCAN-SZ3,6967296,595392,SZ3,3e-06,11.702031602708804,13.508375728998637,True,6,12,33
mp-676693,bulk,0.001,True,SCAN-SPERR,6967296,1354545,SPERR,3e-06,5.1436430683366,13.508375728998637,True,8,14,33
mp-676693,bulk,0.001,True,BISECT-ZFP,6967296,515776,ZFP,0.0001,13.508375728998637,13.508375728998637,True,3,9,33
mp-676693,bulk,0.001,True,BISECT-SZ3,6967296,595392,SZ3,3e-06,11.702031602708804,13.508375728998637,True,4,10,33
mp-676693,bulk,0.001,True,BISECT-SPERR,6967296,1716401,SPERR,3e-07,4.059247227192247,13.508375728998637,True,4,10,33
mp-676693,bulk,0.01,True,EXHAUSTIVE,6967296,152406,SZ3,0.0001,45.71536553678989,45.71536553678989,True,33,39,33
mp-676693,bulk,0.01,True,SCAN,6967296,152406,SZ3,0.0001,45.71536553678989,45.71536553678989,True,12,18,33
mp-676693,bulk,0.01,True,BISECT,6967296,152406,SZ3,0.0001,45.71536553678989,45.71536553678989,True,11,17,33
mp-676693,bulk,0.01,True,SCAN-ZFP,6967296,321840,ZFP,0.001,21.648322147651008,45.71536553678989,True,5,11,33
mp-676693,bulk,0.01,True,SCAN-SZ3,6967296,152406,SZ3,0.0001,45.71536553678989,45.71536553678989,True,3,9,33
mp-676693,bulk,0.01,True,SCAN-SPERR,6967296,636399,SPERR,0.0003,10.947999604022003,45.71536553678989,True,4,10,33
mp-676693,bulk,0.01,True,BISECT-ZFP,6967296,321840,ZFP,0.001,21.648322147651008,45.71536553678989,True,4,10,33
mp-676693,bulk,0.01,True,BISECT-SZ3,6967296,152406,SZ3,0.0001,45.71536553678989,45.71536553678989,True,3,9,33
mp-676693,bulk,0.01,True,BISECT-SPERR,6967296,636399,SPERR,0.0003,10.947999604022003,45.71536553678989,True,4,10,33
mp-684706,bulk,0.0001,False,EXHAUSTIVE,5806080,5806080,,,,,False,0,6,36
mp-684706,bulk,0.0001,False,SCAN,5806080,5806080,,,,,False,0,6,36
mp-684706,bulk,0.0001,False,BISECT,5806080,5806080,,,,,False,0,6,36
mp-684706,bulk,0.0001,False,SCAN-ZFP,5806080,5806080,,,,,False,0,6,36
mp-684706,bulk,0.0001,False,SCAN-SZ3,5806080,5806080,,,,,False,0,6,36
mp-684706,bulk,0.0001,False,SCAN-SPERR,5806080,5806080,,,,,False,0,6,36
mp-684706,bulk,0.0001,False,BISECT-ZFP,5806080,5806080,,,,,False,0,6,36
mp-684706,bulk,0.0001,False,BISECT-SZ3,5806080,5806080,,,,,False,0,6,36
mp-684706,bulk,0.0001,False,BISECT-SPERR,5806080,5806080,,,,,False,0,6,36
mp-684706,bulk,0.001,True,EXHAUSTIVE,5806080,90637,SPERR,0.0001,64.05860741198407,64.05860741198407,True,36,42,36
mp-684706,bulk,0.001,True,SCAN,5806080,90637,SPERR,0.0001,64.05860741198407,64.05860741198407,True,20,26,36
mp-684706,bulk,0.001,True,BISECT,5806080,90637,SPERR,0.0001,64.05860741198407,64.05860741198407,True,11,17,36
mp-684706,bulk,0.001,True,SCAN-ZFP,5806080,437168,ZFP,0.0001,13.28111847161732,64.05860741198407,True,6,12,36
mp-684706,bulk,0.001,True,SCAN-SZ3,5806080,346027,SZ3,1e-05,16.779268669785885,64.05860741198407,True,7,13,36
mp-684706,bulk,0.001,True,SCAN-SPERR,5806080,90637,SPERR,0.0001,64.05860741198407,64.05860741198407,True,7,13,36
mp-684706,bulk,0.001,True,BISECT-ZFP,5806080,437168,ZFP,0.0001,13.28111847161732,64.05860741198407,True,4,10,36
mp-684706,bulk,0.001,True,BISECT-SZ3,5806080,346027,SZ3,1e-05,16.779268669785885,64.05860741198407,True,4,10,36
mp-684706,bulk,0.001,True,BISECT-SPERR,5806080,90637,SPERR,0.0001,64.05860741198407,64.05860741198407,True,3,9,36
mp-684706,bulk,0.01,True,EXHAUSTIVE,5806080,32828,SPERR,0.001,176.86365297916413,176.86365297916413,True,36,42,36
mp-684706,bulk,0.01,True,SCAN,5806080,32828,SPERR,0.001,176.86365297916413,176.86365297916413,True,11,17,36
mp-684706,bulk,0.01,True,BISECT,5806080,32828,SPERR,0.001,176.86365297916413,176.86365297916413,True,12,18,36
mp-684706,bulk,0.01,True,SCAN-ZFP,5806080,125928,ZFP,0.01,46.106346483704975,176.86365297916413,True,2,8,36
mp-684706,bulk,0.01,True,SCAN-SZ3,5806080,75287,SZ3,0.0003,77.1192901829001,176.86365297916413,True,4,10,36
mp-684706,bulk,0.01,True,SCAN-SPERR,5806080,32828,SPERR,0.001,176.86365297916413,176.86365297916413,True,5,11,36
mp-684706,bulk,0.01,True,BISECT-ZFP,5806080,125928,ZFP,0.01,46.106346483704975,176.86365297916413,True,4,10,36
mp-684706,bulk,0.01,True,BISECT-SZ3,5806080,75287,SZ3,0.0003,77.1192901829001,176.86365297916413,True,4,10,36
mp-684706,bulk,0.01,True,BISECT-SPERR,5806080,32828,SPERR,0.001,176.86365297916413,176.86365297916413,True,4,10,36
mp-733522,bulk,0.0001,True,EXHAUSTIVE,16588800,2202656,ZFP,1e-06,7.531271337875728,7.531271337875728,True,31,37,31
mp-733522,bulk,0.0001,True,SCAN,16588800,2202656,ZFP,1e-06,7.531271337875728,7.531271337875728,True,29,35,31
mp-733522,bulk,0.0001,True,BISECT,16588800,2202656,ZFP,1e-06,7.531271337875728,7.531271337875728,True,9,15,31
mp-733522,bulk,0.0001,True,SCAN-ZFP,16588800,2202656,ZFP,1e-06,7.531271337875728,7.531271337875728,True,9,15,31
mp-733522,bulk,0.0001,True,SCAN-SZ3,16588800,2261285,SZ3,1e-07,7.336005855077976,7.531271337875728,True,10,16,31
mp-733522,bulk,0.0001,True,SCAN-SPERR,16588800,3906294,SPERR,1e-07,4.246684965340551,7.531271337875728,True,10,16,31
mp-733522,bulk,0.0001,True,BISECT-ZFP,16588800,2202656,ZFP,1e-06,7.531271337875728,7.531271337875728,True,3,9,31
mp-733522,bulk,0.0001,True,BISECT-SZ3,16588800,2261285,SZ3,1e-07,7.336005855077976,7.531271337875728,True,3,9,31
mp-733522,bulk,0.0001,True,BISECT-SPERR,16588800,3906294,SPERR,1e-07,4.246684965340551,7.531271337875728,True,3,9,31
mp-733522,bulk,0.001,True,EXHAUSTIVE,16588800,882296,ZFP,0.0001,18.80185334626928,18.80185334626928,True,31,37,31
mp-733522,bulk,0.001,True,SCAN,16588800,882296,ZFP,0.0001,18.80185334626928,18.80185334626928,True,20,26,31
mp-733522,bulk,0.001,True,BISECT,16588800,882296,ZFP,0.0001,18.80185334626928,18.80185334626928,True,12,18,31
mp-733522,bulk,0.001,True,SCAN-ZFP,16588800,882296,ZFP,0.0001,18.80185334626928,18.80185334626928,True,5,11,31
mp-733522,bulk,0.001,True,SCAN-SZ3,16588800,1290924,SZ3,1e-06,12.85033046097214,18.80185334626928,True,8,14,31
mp-733522,bulk,0.001,True,SCAN-SPERR,16588800,2629707,SPERR,3e-06,6.308231297250987,18.80185334626928,True,7,13,31
mp-733522,bulk,0.001,True,BISECT-ZFP,16588800,882296,ZFP,0.0001,18.80185334626928,18.80185334626928,True,4,10,31
mp-733522,bulk,0.001,True,BISECT-SZ3,16588800,1290924,SZ3,1e-06,12.85033046097214,18.80185334626928,True,4,10,31
mp-733522,bulk,0.001,True,BISECT-SPERR,16588800,2629707,SPERR,3e-06,6.308231297250987,18.80185334626928,True,4,10,31
mp-733522,bulk,0.01,True,EXHAUSTIVE,16588800,367007,SZ3,3e-05,45.20022778857079,45.20022778857079,True,31,37,31
mp-733522,bulk,0.01,True,SCAN,16588800,367007,SZ3,3e-05,45.20022778857079,45.20022778857079,True,13,19,31
mp-733522,bulk,0.01,True,BISECT,16588800,367007,SZ3,3e-05,45.20022778857079,45.20022778857079,True,11,17,31
mp-733522,bulk,0.01,True,SCAN-ZFP,16588800,516424,ZFP,0.001,32.12244202438306,45.20022778857079,True,3,9,31
mp-733522,bulk,0.01,True,SCAN-SZ3,16588800,367007,SZ3,3e-05,45.20022778857079,45.20022778857079,True,5,11,31
mp-733522,bulk,0.01,True,SCAN-SPERR,16588800,1762655,SPERR,3e-05,9.41125744969946,45.20022778857079,True,5,11,31
mp-733522,bulk,0.01,True,BISECT-ZFP,16588800,516424,ZFP,0.001,32.12244202438306,45.20022778857079,True,3,9,31
mp-733522,bulk,0.01,True,BISECT-SZ3,16588800,367007,SZ3,3e-05,45.20022778857079,45.20022778857079,True,4,10,31
mp-733522,bulk,0.01,True,BISECT-SPERR,16588800,1762655,SPERR,3e-05,9.41125744969946,45.20022778857079,True,4,10,31
mp-733797,bulk,0.0001,False,EXHAUSTIVE,12288000,12288000,,,,,False,0,6,3
mp-733797,bulk,0.0001,False,SCAN,12288000,12288000,,,,,False,0,6,3
mp-733797,bulk,0.0001,False,BISECT,12288000,12288000,,,,,False,0,6,3
mp-733797,bulk,0.0001,False,SCAN-ZFP,12288000,12288000,,,,,False,0,6,3
mp-733797,bulk,0.0001,False,SCAN-SZ3,12288000,12288000,,,,,False,0,6,3
mp-733797,bulk,0.0001,False,SCAN-SPERR,12288000,12288000,,,,,False,0,6,3
mp-733797,bulk,0.0001,False,BISECT-ZFP,12288000,12288000,,,,,False,0,6,3
mp-733797,bulk,0.0001,False,BISECT-SZ3,12288000,12288000,,,,,False,0,6,3
mp-733797,bulk,0.0001,False,BISECT-SPERR,12288000,12288000,,,,,False,0,6,3
mp-733797,bulk,0.001,False,EXHAUSTIVE,12288000,12288000,,,,,False,0,6,3
mp-733797,bulk,0.001,False,SCAN,12288000,12288000,,,,,False,0,6,3
mp-733797,bulk,0.001,False,BISECT,12288000,12288000,,,,,False,0,6,3
mp-733797,bulk,0.001,False,SCAN-ZFP,12288000,12288000,,,,,False,0,6,3
mp-733797,bulk,0.001,False,SCAN-SZ3,12288000,12288000,,,,,False,0,6,3
mp-733797,bulk,0.001,False,SCAN-SPERR,12288000,12288000,,,,,False,0,6,3
mp-733797,bulk,0.001,False,BISECT-ZFP,12288000,12288000,,,,,False,0,6,3
mp-733797,bulk,0.001,False,BISECT-SZ3,12288000,12288000,,,,,False,0,6,3
mp-733797,bulk,0.001,False,BISECT-SPERR,12288000,12288000,,,,,False,0,6,3
mp-733797,bulk,0.01,False,EXHAUSTIVE,12288000,12288000,,,,,False,0,6,3
mp-733797,bulk,0.01,False,SCAN,12288000,12288000,,,,,False,0,6,3
mp-733797,bulk,0.01,False,BISECT,12288000,12288000,,,,,False,0,6,3
mp-733797,bulk,0.01,False,SCAN-ZFP,12288000,12288000,,,,,False,0,6,3
mp-733797,bulk,0.01,False,SCAN-SZ3,12288000,12288000,,,,,False,0,6,3
mp-733797,bulk,0.01,False,SCAN-SPERR,12288000,12288000,,,,,False,0,6,3
mp-733797,bulk,0.01,False,BISECT-ZFP,12288000,12288000,,,,,False,0,6,3
mp-733797,bulk,0.01,False,BISECT-SZ3,12288000,12288000,,,,,False,0,6,3
mp-733797,bulk,0.01,False,BISECT-SPERR,12288000,12288000,,,,,False,0,6,3
mp-7359,bulk,0.0001,False,EXHAUSTIVE,5806080,5806080,,,,,False,0,6,28
mp-7359,bulk,0.0001,False,SCAN,5806080,5806080,,,,,False,0,6,28
mp-7359,bulk,0.0001,False,BISECT,5806080,5806080,,,,,False,0,6,28
mp-7359,bulk,0.0001,False,SCAN-ZFP,5806080,5806080,,,,,False,0,6,28
mp-7359,bulk,0.0001,False,SCAN-SZ3,5806080,5806080,,,,,False,0,6,28
mp-7359,bulk,0.0001,False,SCAN-SPERR,5806080,5806080,,,,,False,0,6,28
mp-7359,bulk,0.0001,False,BISECT-ZFP,5806080,5806080,,,,,False,0,6,28
mp-7359,bulk,0.0001,False,BISECT-SZ3,5806080,5806080,,,,,False,0,6,28
mp-7359,bulk,0.0001,False,BISECT-SPERR,5806080,5806080,,,,,False,0,6,28
mp-7359,bulk,0.001,True,EXHAUSTIVE,5806080,379147,SZ3,3e-06,15.31353274587429,15.31353274587429,True,28,34,28
mp-7359,bulk,0.001,True,SCAN,5806080,379147,SZ3,3e-06,15.31353274587429,15.31353274587429,True,17,23,28
mp-7359,bulk,0.001,True,BISECT,5806080,379147,SZ3,3e-06,15.31353274587429,15.31353274587429,True,10,16,28
mp-7359,bulk,0.001,True,SCAN-ZFP,5806080,450456,ZFP,3e-05,12.889338803345945,15.31353274587429,True,6,12,28
mp-7359,bulk,0.001,True,SCAN-SZ3,5806080,379147,SZ3,3e-06,15.31353274587429,15.31353274587429,True,6,12,28
mp-7359,bulk,0.001,True,SCAN-SPERR,5806080,919550,SPERR,3e-06,6.314044913272796,15.31353274587429,True,5,11,28
mp-7359,bulk,0.001,True,BISECT-ZFP,5806080,450456,ZFP,3e-05,12.889338803345945,15.31353274587429,True,3,9,28
mp-7359,bulk,0.001,True,BISECT-SZ3,5806080,379147,SZ3,3e-06,15.31353274587429,15.31353274587429,True,4,10,28
mp-7359,bulk,0.001,True,BISECT-SPERR,5806080,919550,SPERR,3e-06,6.314044913272796,15.31353274587429,True,3,9,28
mp-7359,bulk,0.01,True,EXHAUSTIVE,5806080,148862,SZ3,3e-05,39.00310354556569,39.00310354556569,True,28,34,28
mp-7359,bulk,0.01,True,SCAN,5806080,148862,SZ3,3e-05,39.00310354556569,39.00310354556569,True,10,16,28
mp-7359,bulk,0.01,True,BISECT,5806080,148862,SZ3,3e-05,39.00310354556569,39.00310354556569,True,9,15,28
mp-7359,bulk,0.01,True,SCAN-ZFP,5806080,200416,ZFP,0.001,28.9701421044228,39.00310354556569,True,3,9,28
mp-7359,bulk,0.01,True,SCAN-SZ3,5806080,148862,SZ3,3e-05,39.00310354556569,39.00310354556569,True,4,10,28
mp-7359,bulk,0.01,True,SCAN-SPERR,5806080,618648,SPERR,3e-05,9.385110757652171,39.00310354556569,True,3,9,28
mp-7359,bulk,0.01,True,BISECT-ZFP,5806080,200416,ZFP,0.001,28.9701421044228,39.00310354556569,True,3,9,28
mp-7359,bulk,0.01,True,BISECT-SZ3,5806080,148862,SZ3,3e-05,39.00310354556569,39.00310354556569,True,3,9,28
mp-7359,bulk,0.01,True,BISECT-SPERR,5806080,618648,SPERR,3e-05,9.385110757652171,39.00310354556569,True,3,9,28
mp-744554,bulk,0.0001,False,EXHAUSTIVE,14155776,14155776,,,,,False,0,6,31
mp-744554,bulk,0.0001,False,SCAN,14155776,14155776,,,,,False,0,6,31
mp-744554,bulk,0.0001,False,BISECT,14155776,14155776,,,,,False,0,6,31
mp-744554,bulk,0.0001,False,SCAN-ZFP,14155776,14155776,,,,,False,0,6,31
mp-744554,bulk,0.0001,False,SCAN-SZ3,14155776,14155776,,,,,False,0,6,31
mp-744554,bulk,0.0001,False,SCAN-SPERR,14155776,14155776,,,,,False,0,6,31
mp-744554,bulk,0.0001,False,BISECT-ZFP,14155776,14155776,,,,,False,0,6,31
mp-744554,bulk,0.0001,False,BISECT-SZ3,14155776,14155776,,,,,False,0,6,31
mp-744554,bulk,0.0001,False,BISECT-SPERR,14155776,14155776,,,,,False,0,6,31
mp-744554,bulk,0.001,True,EXHAUSTIVE,14155776,532383,SZ3,1e-05,26.589459092420302,26.589459092420302,True,31,37,31
mp-744554,bulk,0.001,True,SCAN,14155776,532383,SZ3,1e-05,26.589459092420302,26.589459092420302,True,20,26,31
mp-744554,bulk,0.001,True,BISECT,14155776,532383,SZ3,1e-05,26.589459092420302,26.589459092420302,True,11,17,31
mp-744554,bulk,0.001,True,SCAN-ZFP,14155776,1348072,ZFP,1e-05,10.500756636144065,26.589459092420302,True,7,13,31
mp-744554,bulk,0.001,True,SCAN-SZ3,14155776,532383,SZ3,1e-05,26.589459092420302,26.589459092420302,True,6,12,31
mp-744554,bulk,0.001,True,SCAN-SPERR,14155776,2541247,SPERR,3e-06,5.570405395461362,26.589459092420302,True,7,13,31
mp-744554,bulk,0.001,True,BISECT-ZFP,14155776,1348072,ZFP,1e-05,10.500756636144065,26.589459092420302,True,4,10,31
mp-744554,bulk,0.001,True,BISECT-SZ3,14155776,532383,SZ3,1e-05,26.589459092420302,26.589459092420302,True,3,9,31
mp-744554,bulk,0.001,True,BISECT-SPERR,14155776,2541247,SPERR,3e-06,5.570405395461362,26.589459092420302,True,4,10,31
mp-744554,bulk,0.01,True,EXHAUSTIVE,14155776,190385,SZ3,0.0001,74.3534207001602,74.3534207001602,True,31,37,31
mp-744554,bulk,0.01,True,SCAN,14155776,190385,SZ3,0.0001,74.3534207001602,74.3534207001602,True,11,17,31
mp-744554,bulk,0.01,True,BISECT,14155776,190385,SZ3,0.0001,74.3534207001602,74.3534207001602,True,11,17,31
mp-744554,bulk,0.01,True,SCAN-ZFP,14155776,443776,ZFP,0.001,31.89847130083646,74.3534207001602,True,3,9,31
mp-744554,bulk,0.01,True,SCAN-SZ3,14155776,190385,SZ3,0.0001,74.3534207001602,74.3534207001602,True,4,10,31
mp-744554,bulk,0.01,True,SCAN-SPERR,14155776,1397651,SPERR,0.0001,10.12826234875516,74.3534207001602,True,4,10,31
mp-744554,bulk,0.01,True,BISECT-ZFP,14155776,443776,ZFP,0.001,31.89847130083646,74.3534207001602,True,3,9,31
mp-744554,bulk,0.01,True,BISECT-SZ3,14155776,190385,SZ3,0.0001,74.3534207001602,74.3534207001602,True,4,10,31
mp-744554,bulk,0.01,True,BISECT-SPERR,14155776,1397651,SPERR,0.0001,10.12826234875516,74.3534207001602,True,4,10,31
mp-752546,bulk,0.0001,False,EXHAUSTIVE,7077888,7077888,,,,,False,0,6,22
mp-752546,bulk,0.0001,False,SCAN,7077888,7077888,,,,,False,0,6,22
mp-752546,bulk,0.0001,False,BISECT,7077888,7077888,,,,,False,0,6,22
mp-752546,bulk,0.0001,False,SCAN-ZFP,7077888,7077888,,,,,False,0,6,22
mp-752546,bulk,0.0001,False,SCAN-SZ3,7077888,7077888,,,,,False,0,6,22
mp-752546,bulk,0.0001,False,SCAN-SPERR,7077888,7077888,,,,,False,0,6,22
mp-752546,bulk,0.0001,False,BISECT-ZFP,7077888,7077888,,,,,False,0,6,22
mp-752546,bulk,0.0001,False,BISECT-SZ3,7077888,7077888,,,,,False,0,6,22
mp-752546,bulk,0.0001,False,BISECT-SPERR,7077888,7077888,,,,,False,0,6,22
mp-752546,bulk,0.001,False,EXHAUSTIVE,7077888,7077888,,,,,False,0,6,22
mp-752546,bulk,0.001,False,SCAN,7077888,7077888,,,,,False,0,6,22
mp-752546,bulk,0.001,False,BISECT,7077888,7077888,,,,,False,0,6,22
mp-752546,bulk,0.001,False,SCAN-ZFP,7077888,7077888,,,,,False,0,6,22
mp-752546,bulk,0.001,False,SCAN-SZ3,7077888,7077888,,,,,False,0,6,22
mp-752546,bulk,0.001,False,SCAN-SPERR,7077888,7077888,,,,,False,0,6,22
mp-752546,bulk,0.001,False,BISECT-ZFP,7077888,7077888,,,,,False,0,6,22
mp-752546,bulk,0.001,False,BISECT-SZ3,7077888,7077888,,,,,False,0,6,22
mp-752546,bulk,0.001,False,BISECT-SPERR,7077888,7077888,,,,,False,0,6,22
mp-752546,bulk,0.01,True,EXHAUSTIVE,7077888,54328,SPERR,0.001,130.28066558680607,130.28066558680607,True,22,28,22
mp-752546,bulk,0.01,True,SCAN,7077888,54328,SPERR,0.001,130.28066558680607,130.28066558680607,True,10,16,22
mp-752546,bulk,0.01,True,BISECT,7077888,54328,SPERR,0.001,130.28066558680607,130.28066558680607,True,9,15,22
mp-752546,bulk,0.01,True,SCAN-ZFP,7077888,271320,ZFP,0.003,26.08686421937196,130.28066558680607,True,3,9,22
mp-752546,bulk,0.01,True,SCAN-SZ3,7077888,114525,SZ3,0.0003,61.80212180746562,130.28066558680607,True,4,10,22
mp-752546,bulk,0.01,True,SCAN-SPERR,7077888,54328,SPERR,0.001,130.28066558680607,130.28066558680607,True,3,9,22
mp-752546,bulk,0.01,True,BISECT-ZFP,7077888,271320,ZFP,0.003,26.08686421937196,130.28066558680607,True,3,9,22
mp-752546,bulk,0.01,True,BISECT-SZ3,7077888,114525,SZ3,0.0003,61.80212180746562,130.28066558680607,True,3,9,22
mp-752546,bulk,0.01,True,BISECT-SPERR,7077888,54328,SPERR,0.001,130.28066558680607,130.28066558680607,True,3,9,22
mp-752703,bulk,0.0001,False,EXHAUSTIVE,4741632,4741632,,,,,False,0,6,19
mp-752703,bulk,0.0001,False,SCAN,4741632,4741632,,,,,False,0,6,19
mp-752703,bulk,0.0001,False,BISECT,4741632,4741632,,,,,False,0,6,19
mp-752703,bulk,0.0001,False,SCAN-ZFP,4741632,4741632,,,,,False,0,6,19
mp-752703,bulk,0.0001,False,SCAN-SZ3,4741632,4741632,,,,,False,0,6,19
mp-752703,bulk,0.0001,False,SCAN-SPERR,4741632,4741632,,,,,False,0,6,19
mp-752703,bulk,0.0001,False,BISECT-ZFP,4741632,4741632,,,,,False,0,6,19
mp-752703,bulk,0.0001,False,BISECT-SZ3,4741632,4741632,,,,,False,0,6,19
mp-752703,bulk,0.0001,False,BISECT-SPERR,4741632,4741632,,,,,False,0,6,19
mp-752703,bulk,0.001,False,EXHAUSTIVE,4741632,4741632,,,,,False,0,6,19
mp-752703,bulk,0.001,False,SCAN,4741632,4741632,,,,,False,0,6,19
mp-752703,bulk,0.001,False,BISECT,4741632,4741632,,,,,False,0,6,19
mp-752703,bulk,0.001,False,SCAN-ZFP,4741632,4741632,,,,,False,0,6,19
mp-752703,bulk,0.001,False,SCAN-SZ3,4741632,4741632,,,,,False,0,6,19
mp-752703,bulk,0.001,False,SCAN-SPERR,4741632,4741632,,,,,False,0,6,19
mp-752703,bulk,0.001,False,BISECT-ZFP,4741632,4741632,,,,,False,0,6,19
mp-752703,bulk,0.001,False,BISECT-SZ3,4741632,4741632,,,,,False,0,6,19
mp-752703,bulk,0.001,False,BISECT-SPERR,4741632,4741632,,,,,False,0,6,19
mp-752703,bulk,0.01,True,EXHAUSTIVE,4741632,82733,SPERR,0.0001,57.312462983331926,57.312462983331926,True,19,25,19
mp-752703,bulk,0.01,True,SCAN,4741632,82733,SPERR,0.0001,57.312462983331926,57.312462983331926,True,12,18,19
mp-752703,bulk,0.01,True,BISECT,4741632,82733,SPERR,0.0001,57.312462983331926,57.312462983331926,True,8,14,19
mp-752703,bulk,0.01,True,SCAN-ZFP,4741632,177912,ZFP,0.001,26.651558073654392,57.312462983331926,True,4,10,19
mp-752703,bulk,0.01,True,SCAN-SZ3,4741632,184086,SZ3,3e-05,25.75770020533881,57.312462983331926,True,4,10,19
mp-752703,bulk,0.01,True,SCAN-SPERR,4741632,82733,SPERR,0.0001,57.312462983331926,57.312462983331926,True,4,10,19
mp-752703,bulk,0.01,True,BISECT-ZFP,4741632,177912,ZFP,0.001,26.651558073654392,57.312462983331926,True,3,9,19
mp-752703,bulk,0.01,True,BISECT-SZ3,4741632,4741632,,,,57.312462983331926,True,2,8,19
mp-752703,bulk,0.01,True,BISECT-SPERR,4741632,82733,SPERR,0.0001,57.312462983331926,57.312462983331926,True,3,9,19
mp-752866,bulk,0.0001,True,EXHAUSTIVE,7168000,1116936,ZFP,1e-06,6.417556601273484,6.417556601273484,True,34,40,34
mp-752866,bulk,0.0001,True,SCAN,7168000,1116936,ZFP,1e-06,6.417556601273484,6.417556601273484,True,31,37,34
mp-752866,bulk,0.0001,True,BISECT,7168000,1116936,ZFP,1e-06,6.417556601273484,6.417556601273484,True,11,17,34
mp-752866,bulk,0.0001,True,SCAN-ZFP,7168000,1116936,ZFP,1e-06,6.417556601273484,6.417556601273484,True,10,16,34
mp-752866,bulk,0.0001,True,SCAN-SZ3,7168000,1388792,SZ3,1e-07,5.1613200536869455,6.417556601273484,True,11,17,34
mp-752866,bulk,0.0001,True,SCAN-SPERR,7168000,1734561,SPERR,3e-07,4.132457722732149,6.417556601273484,True,10,16,34
mp-752866,bulk,0.0001,True,BISECT-ZFP,7168000,1116936,ZFP,1e-06,6.417556601273484,6.417556601273484,True,3,9,34
mp-752866,bulk,0.0001,True,BISECT-SZ3,7168000,1388792,SZ3,1e-07,5.1613200536869455,6.417556601273484,True,4,10,34
mp-752866,bulk,0.0001,True,BISECT-SPERR,7168000,1734561,SPERR,3e-07,4.132457722732149,6.417556601273484,True,4,10,34
mp-752866,bulk,0.001,True,EXHAUSTIVE,7168000,419920,ZFP,0.0003,17.069918079634217,17.069918079634217,True,34,40,34
mp-752866,bulk,0.001,True,SCAN,7168000,419920,ZFP,0.0003,17.069918079634217,17.069918079634217,True,20,26,34
mp-752866,bulk,0.001,True,BISECT,7168000,646912,ZFP,3e-05,11.0803324099723,17.069918079634217,True,9,15,34
mp-752866,bulk,0.001,True,SCAN-ZFP,7168000,419920,ZFP,0.0003,17.069918079634217,17.069918079634217,True,5,11,34
mp-752866,bulk,0.001,True,SCAN-SZ3,7168000,829822,SZ3,1e-06,8.637997064430685,17.069918079634217,True,9,15,34
mp-752866,bulk,0.001,True,SCAN-SPERR,7168000,988780,SPERR,3e-05,7.249337567507434,17.069918079634217,True,6,12,34
mp-752866,bulk,0.001,True,BISECT-ZFP,7168000,646912,ZFP,3e-05,11.0803324099723,17.069918079634217,True,3,9,34
mp-752866,bulk,0.001,True,BISECT-SZ3,7168000,829822,SZ3,1e-06,8.637997064430685,17.069918079634217,True,3,9,34
mp-752866,bulk,0.001,True,BISECT-SPERR,7168000,988780,SPERR,3e-05,7.249337567507434,17.069918079634217,True,3,9,34
mp-752866,bulk,0.01,True,EXHAUSTIVE,7168000,100457,SZ3,0.0003,71.35391261932966,71.35391261932966,True,34,40,34
mp-752866,bulk,0.01,True,SCAN,7168000,100457,SZ3,0.0003,71.35391261932966,71.35391261932966,True,12,18,34
mp-752866,bulk,0.01,True,BISECT,7168000,100457,SZ3,0.0003,71.35391261932966,71.35391261932966,True,12,18,34
mp-752866,bulk,0.01,True,SCAN-ZFP,7168000,202496,ZFP,0.003,35.39823008849557,71.35391261932966,True,3,9,34
mp-752866,bulk,0.01,True,SCAN-SZ3,7168000,100457,SZ3,0.0003,71.35391261932966,71.35391261932966,True,4,10,34
mp-752866,bulk,0.01,True,SCAN-SPERR,7168000,791444,SPERR,0.0001,9.056863151404269,71.35391261932966,True,5,11,34
mp-752866,bulk,0.01,True,BISECT-ZFP,7168000,202496,ZFP,0.003,35.39823008849557,71.35391261932966,True,4,10,34
mp-752866,bulk,0.01,True,BISECT-SZ3,7168000,100457,SZ3,0.0003,71.35391261932966,71.35391261932966,True,4,10,34
mp-752866,bulk,0.01,True,BISECT-SPERR,7168000,791444,SPERR,0.0001,9.056863151404269,71.35391261932966,True,4,10,34
mp-753183,bulk,0.0001,False,EXHAUSTIVE,12582912,12582912,,,,,False,0,6,21
mp-753183,bulk,0.0001,False,SCAN,12582912,12582912,,,,,False,0,6,21
mp-753183,bulk,0.0001,False,BISECT,12582912,12582912,,,,,False,0,6,21
mp-753183,bulk,0.0001,False,SCAN-ZFP,12582912,12582912,,,,,False,0,6,21
mp-753183,bulk,0.0001,False,SCAN-SZ3,12582912,12582912,,,,,False,0,6,21
mp-753183,bulk,0.0001,False,SCAN-SPERR,12582912,12582912,,,,,False,0,6,21
mp-753183,bulk,0.0001,False,BISECT-ZFP,12582912,12582912,,,,,False,0,6,21
mp-753183,bulk,0.0001,False,BISECT-SZ3,12582912,12582912,,,,,False,0,6,21
mp-753183,bulk,0.0001,False,BISECT-SPERR,12582912,12582912,,,,,False,0,6,21
mp-753183,bulk,0.001,False,EXHAUSTIVE,12582912,12582912,,,,,False,0,6,21
mp-753183,bulk,0.001,False,SCAN,12582912,12582912,,,,,False,0,6,21
mp-753183,bulk,0.001,False,BISECT,12582912,12582912,,,,,False,0,6,21
mp-753183,bulk,0.001,False,SCAN-ZFP,12582912,12582912,,,,,False,0,6,21
mp-753183,bulk,0.001,False,SCAN-SZ3,12582912,12582912,,,,,False,0,6,21
mp-753183,bulk,0.001,False,SCAN-SPERR,12582912,12582912,,,,,False,0,6,21
mp-753183,bulk,0.001,False,BISECT-ZFP,12582912,12582912,,,,,False,0,6,21
mp-753183,bulk,0.001,False,BISECT-SZ3,12582912,12582912,,,,,False,0,6,21
mp-753183,bulk,0.001,False,BISECT-SPERR,12582912,12582912,,,,,False,0,6,21
mp-753183,bulk,0.01,True,EXHAUSTIVE,12582912,82068,SZ3,0.001,153.3230004386606,153.3230004386606,True,21,27,21
mp-753183,bulk,0.01,True,SCAN,12582912,82068,SZ3,0.001,153.3230004386606,153.3230004386606,True,8,14,21
mp-753183,bulk,0.01,True,BISECT,12582912,82068,SZ3,0.001,153.3230004386606,153.3230004386606,True,9,15,21
mp-753183,bulk,0.01,True,SCAN-ZFP,12582912,273680,ZFP,0.01,45.9767319497223,153.3230004386606,True,1,7,21
mp-753183,bulk,0.01,True,SCAN-SZ3,12582912,82068,SZ3,0.001,153.3230004386606,153.3230004386606,True,3,9,21
mp-753183,bulk,0.01,True,SCAN-SPERR,12582912,1106458,SPERR,0.0003,11.372245489661603,153.3230004386606,True,4,10,21
mp-753183,bulk,0.01,True,BISECT-ZFP,12582912,273680,ZFP,0.01,45.9767319497223,153.3230004386606,True,3,9,21
mp-753183,bulk,0.01,True,BISECT-SZ3,12582912,82068,SZ3,0.001,153.3230004386606,153.3230004386606,True,3,9,21
mp-753183,bulk,0.01,True,BISECT-SPERR,12582912,1106458,SPERR,0.0003,11.372245489661603,153.3230004386606,True,3,9,21
mp-753334,bulk,0.0001,True,EXHAUSTIVE,7168000,921056,ZFP,3e-06,7.782371538755515,7.782371538755515,True,34,40,34
mp-753334,bulk,0.0001,True,SCAN,7168000,921056,ZFP,3e-06,7.782371538755515,7.782371538755515,True,30,36,34
mp-753334,bulk,0.0001,True,BISECT,7168000,921056,ZFP,3e-06,7.782371538755515,7.782371538755515,True,12,18,34
mp-753334,bulk,0.0001,True,SCAN-ZFP,7168000,921056,ZFP,3e-06,7.782371538755515,7.782371538755515,True,9,15,34
mp-753334,bulk,0.0001,True,SCAN-SZ3,7168000,1387264,SZ3,1e-07,5.1670049824690905,7.782371538755515,True,11,17,34
mp-753334,bulk,0.0001,True,SCAN-SPERR,7168000,1725858,SPERR,3e-07,4.153296505274478,7.782371538755515,True,10,16,34
mp-753334,bulk,0.0001,True,BISECT-ZFP,7168000,921056,ZFP,3e-06,7.782371538755515,7.782371538755515,True,4,10,34
mp-753334,bulk,0.0001,True,BISECT-SZ3,7168000,1387264,SZ3,1e-07,5.1670049824690905,7.782371538755515,True,4,10,34
mp-753334,bulk,0.0001,True,BISECT-SPERR,7168000,1725858,SPERR,3e-07,4.153296505274478,7.782371538755515,True,4,10,34
mp-753334,bulk,0.001,True,EXHAUSTIVE,7168000,421568,ZFP,0.0003,17.00318809776833,17.00318809776833,True,34,40,34
mp-753334,bulk,0.001,True,SCAN,7168000,421568,ZFP,0.0003,17.00318809776833,17.00318809776833,True,20,26,34
mp-753334,bulk,0.001,True,BISECT,7168000,421568,ZFP,0.0003,17.00318809776833,17.00318809776833,True,12,18,34
mp-753334,bulk,0.001,True,SCAN-ZFP,7168000,421568,ZFP,0.0003,17.00318809776833,17.00318809776833,True,5,11,34
mp-753334,bulk,0.001,True,SCAN-SZ3,7168000,617155,SZ3,3e-06,11.61458628707537,17.00318809776833,True,8,14,34
mp-753334,bulk,0.001,True,SCAN-SPERR,7168000,1158939,SPERR,1e-05,6.18496745730362,17.00318809776833,True,7,13,34
mp-753334,bulk,0.001,True,BISECT-ZFP,7168000,421568,ZFP,0.0003,17.00318809776833,17.00318809776833,True,4,10,34
mp-753334,bulk,0.001,True,BISECT-SZ3,7168000,617155,SZ3,3e-06,11.61458628707537,17.00318809776833,True,4,10,34
mp-753334,bulk,0.001,True,BISECT-SPERR,7168000,1158939,SPERR,1e-05,6.18496745730362,17.00318809776833,True,4,10,34
mp-753334,bulk,0.01,True,EXHAUSTIVE,7168000,99812,SZ3,0.0003,71.8150122229792,71.8150122229792,True,34,40,34
mp-753334,bulk,0.01,True,SCAN,7168000,99812,SZ3,0.0003,71.8150122229792,71.8150122229792,True,10,16,34
mp-753334,bulk,0.01,True,BISECT,7168000,99812,SZ3,0.0003,71.8150122229792,71.8150122229792,True,12,18,34
mp-753334,bulk,0.01,True,SCAN-ZFP,7168000,164928,ZFP,0.01,43.46138921226232,71.8150122229792,True,2,8,34
mp-753334,bulk,0.01,True,SCAN-SZ3,7168000,99812,SZ3,0.0003,71.8150122229792,71.8150122229792,True,4,10,34
mp-753334,bulk,0.01,True,SCAN-SPERR,7168000,605813,SPERR,0.0003,11.8320339774815,71.8150122229792,True,4,10,34
mp-753334,bulk,0.01,True,BISECT-ZFP,7168000,164928,ZFP,0.01,43.46138921226232,71.8150122229792,True,4,10,34
mp-753334,bulk,0.01,True,BISECT-SZ3,7168000,99812,SZ3,0.0003,71.8150122229792,71.8150122229792,True,4,10,34
mp-753334,bulk,0.01,True,BISECT-SPERR,7168000,605813,SPERR,0.0003,11.8320339774815,71.8150122229792,True,4,10,34
mp-753392,bulk,0.0001,False,EXHAUSTIVE,3538944,3538944,,,,,False,0,6,20
mp-753392,bulk,0.0001,False,SCAN,3538944,3538944,,,,,False,0,6,20
mp-753392,bulk,0.0001,False,BISECT,3538944,3538944,,,,,False,0,6,20
mp-753392,bulk,0.0001,False,SCAN-ZFP,3538944,3538944,,,,,False,0,6,20
mp-753392,bulk,0.0001,False,SCAN-SZ3,3538944,3538944,,,,,False,0,6,20
mp-753392,bulk,0.0001,False,SCAN-SPERR,3538944,3538944,,,,,False,0,6,20
mp-753392,bulk,0.0001,False,BISECT-ZFP,3538944,3538944,,,,,False,0,6,20
mp-753392,bulk,0.0001,False,BISECT-SZ3,3538944,3538944,,,,,False,0,6,20
mp-753392,bulk,0.0001,False,BISECT-SPERR,3538944,3538944,,,,,False,0,6,20
mp-753392,bulk,0.001,False,EXHAUSTIVE,3538944,3538944,,,,,False,0,6,20
mp-753392,bulk,0.001,False,SCAN,3538944,3538944,,,,,False,0,6,20
mp-753392,bulk,0.001,False,BISECT,3538944,3538944,,,,,False,0,6,20
mp-753392,bulk,0.001,False,SCAN-ZFP,3538944,3538944,,,,,False,0,6,20
mp-753392,bulk,0.001,False,SCAN-SZ3,3538944,3538944,,,,,False,0,6,20
mp-753392,bulk,0.001,False,SCAN-SPERR,3538944,3538944,,,,,False,0,6,20
mp-753392,bulk,0.001,False,BISECT-ZFP,3538944,3538944,,,,,False,0,6,20
mp-753392,bulk,0.001,False,BISECT-SZ3,3538944,3538944,,,,,False,0,6,20
mp-753392,bulk,0.001,False,BISECT-SPERR,3538944,3538944,,,,,False,0,6,20
mp-753392,bulk,0.01,True,EXHAUSTIVE,3538944,73402,SZ3,0.0001,48.21318220211983,48.21318220211983,True,20,26,20
mp-753392,bulk,0.01,True,SCAN,3538944,73402,SZ3,0.0001,48.21318220211983,48.21318220211983,True,12,18,20
mp-753392,bulk,0.01,True,BISECT,3538944,73402,SZ3,0.0001,48.21318220211983,48.21318220211983,True,8,14,20
mp-753392,bulk,0.01,True,SCAN-ZFP,3538944,140880,ZFP,0.001,25.120272572402044,48.21318220211983,True,5,11,20
mp-753392,bulk,0.01,True,SCAN-SZ3,3538944,73402,SZ3,0.0001,48.21318220211983,48.21318220211983,True,3,9,20
mp-753392,bulk,0.01,True,SCAN-SPERR,3538944,264588,SPERR,0.0001,13.375300467141368,48.21318220211983,True,4,10,20
mp-753392,bulk,0.01,True,BISECT-ZFP,3538944,140880,ZFP,0.001,25.120272572402044,48.21318220211983,True,3,9,20
mp-753392,bulk,0.01,True,BISECT-SZ3,3538944,73402,SZ3,0.0001,48.21318220211983,48.21318220211983,True,2,8,20
mp-753392,bulk,0.01,True,BISECT-SPERR,3538944,264588,SPERR,0.0001,13.375300467141368,48.21318220211983,True,3,9,20
mp-753521,bulk,0.0001,False,EXHAUSTIVE,11796480,11796480,,,,,False,0,6,16
mp-753521,bulk,0.0001,False,SCAN,11796480,11796480,,,,,False,0,6,16
mp-753521,bulk,0.0001,False,BISECT,11796480,11796480,,,,,False,0,6,16
mp-753521,bulk,0.0001,False,SCAN-ZFP,11796480,11796480,,,,,False,0,6,16
mp-753521,bulk,0.0001,False,SCAN-SZ3,11796480,11796480,,,,,False,0,6,16
mp-753521,bulk,0.0001,False,SCAN-SPERR,11796480,11796480,,,,,False,0,6,16
mp-753521,bulk,0.0001,False,BISECT-ZFP,11796480,11796480,,,,,False,0,6,16
mp-753521,bulk,0.0001,False,BISECT-SZ3,11796480,11796480,,,,,False,0,6,16
mp-753521,bulk,0.0001,False,BISECT-SPERR,11796480,11796480,,,,,False,0,6,16
mp-753521,bulk,0.001,False,EXHAUSTIVE,11796480,11796480,,,,,False,0,6,16
mp-753521,bulk,0.001,False,SCAN,11796480,11796480,,,,,False,0,6,16
mp-753521,bulk,0.001,False,BISECT,11796480,11796480,,,,,False,0,6,16
mp-753521,bulk,0.001,False,SCAN-ZFP,11796480,11796480,,,,,False,0,6,16
mp-753521,bulk,0.001,False,SCAN-SZ3,11796480,11796480,,,,,False,0,6,16
mp-753521,bulk,0.001,False,SCAN-SPERR,11796480,11796480,,,,,False,0,6,16
mp-753521,bulk,0.001,False,BISECT-ZFP,11796480,11796480,,,,,False,0,6,16
mp-753521,bulk,0.001,False,BISECT-SZ3,11796480,11796480,,,,,False,0,6,16
mp-753521,bulk,0.001,False,BISECT-SPERR,11796480,11796480,,,,,False,0,6,16
mp-753521,bulk,0.01,False,EXHAUSTIVE,11796480,11796480,,,,,False,0,6,16
mp-753521,bulk,0.01,False,SCAN,11796480,11796480,,,,,False,0,6,16
mp-753521,bulk,0.01,False,BISECT,11796480,11796480,,,,,False,0,6,16
mp-753521,bulk,0.01,False,SCAN-ZFP,11796480,11796480,,,,,False,0,6,16
mp-753521,bulk,0.01,False,SCAN-SZ3,11796480,11796480,,,,,False,0,6,16
mp-753521,bulk,0.01,False,SCAN-SPERR,11796480,11796480,,,,,False,0,6,16
mp-753521,bulk,0.01,False,BISECT-ZFP,11796480,11796480,,,,,False,0,6,16
mp-753521,bulk,0.01,False,BISECT-SZ3,11796480,11796480,,,,,False,0,6,16
mp-753521,bulk,0.01,False,BISECT-SPERR,11796480,11796480,,,,,False,0,6,16
mp-753554,bulk,0.0001,False,EXHAUSTIVE,14336000,14336000,,,,,False,0,6,32
mp-753554,bulk,0.0001,False,SCAN,14336000,14336000,,,,,False,0,6,32
mp-753554,bulk,0.0001,False,BISECT,14336000,14336000,,,,,False,0,6,32
mp-753554,bulk,0.0001,False,SCAN-ZFP,14336000,14336000,,,,,False,0,6,32
mp-753554,bulk,0.0001,False,SCAN-SZ3,14336000,14336000,,,,,False,0,6,32
mp-753554,bulk,0.0001,False,SCAN-SPERR,14336000,14336000,,,,,False,0,6,32
mp-753554,bulk,0.0001,False,BISECT-ZFP,14336000,14336000,,,,,False,0,6,32
mp-753554,bulk,0.0001,False,BISECT-SZ3,14336000,14336000,,,,,False,0,6,32
mp-753554,bulk,0.0001,False,BISECT-SPERR,14336000,14336000,,,,,False,0,6,32
mp-753554,bulk,0.001,True,EXHAUSTIVE,14336000,680144,ZFP,0.0003,21.077889388129574,21.077889388129574,True,32,38,32
mp-753554,bulk,0.001,True,SCAN,14336000,680144,ZFP,0.0003,21.077889388129574,21.077889388129574,True,17,23,32
mp-753554,bulk,0.001,True,BISECT,14336000,680144,ZFP,0.0003,21.077889388129574,21.077889388129574,True,11,17,32
mp-753554,bulk,0.001,True,SCAN-ZFP,14336000,680144,ZFP,0.0003,21.077889388129574,21.077889388129574,True,4,10,32
mp-753554,bulk,0.001,True,SCAN-SZ3,14336000,695083,SZ3,1e-05,20.624875014926275,21.077889388129574,True,6,12,32
mp-753554,bulk,0.001,True,SCAN-SPERR,14336000,1173985,SPERR,1e-05,12.211399634577957,21.077889388129574,True,7,13,32
mp-753554,bulk,0.001,True,BISECT-ZFP,14336000,680144,ZFP,0.0003,21.077889388129574,21.077889388129574,True,4,10,32
mp-753554,bulk,0.001,True,BISECT-SZ3,14336000,695083,SZ3,1e-05,20.624875014926275,21.077889388129574,True,3,9,32
mp-753554,bulk,0.001,True,BISECT-SPERR,14336000,1173985,SPERR,1e-05,12.211399634577957,21.077889388129574,True,4,10,32
mp-753554,bulk,0.01,True,EXHAUSTIVE,14336000,156463,SZ3,0.0003,91.6254961236842,91.6254961236842,True,32,38,32
mp-753554,bulk,0.01,True,SCAN,14336000,156463,SZ3,0.0003,91.6254961236842,91.6254961236842,True,9,15,32
mp-753554,bulk,0.01,True,BISECT,14336000,156463,SZ3,0.0003,91.6254961236842,91.6254961236842,True,11,17,32
mp-753554,bulk,0.01,True,SCAN-ZFP,14336000,393896,ZFP,0.003,36.39539370798384,91.6254961236842,True,2,8,32
mp-753554,bulk,0.01,True,SCAN-SZ3,14336000,156463,SZ3,0.0003,91.6254961236842,91.6254961236842,True,3,9,32
mp-753554,bulk,0.01,True,SCAN-SPERR,14336000,475380,SPERR,0.0003,30.156927089907025,91.6254961236842,True,4,10,32
mp-753554,bulk,0.01,True,BISECT-ZFP,14336000,393896,ZFP,0.003,36.39539370798384,91.6254961236842,True,4,10,32
mp-753554,bulk,0.01,True,BISECT-SZ3,14336000,156463,SZ3,0.0003,91.6254961236842,91.6254961236842,True,3,9,32
mp-753554,bulk,0.01,True,BISECT-SPERR,14336000,475380,SPERR,0.0003,30.156927089907025,91.6254961236842,True,4,10,32
mp-754196,bulk,0.0001,False,EXHAUSTIVE,14680064,14680064,,,,,False,0,6,22
mp-754196,bulk,0.0001,False,SCAN,14680064,14680064,,,,,False,0,6,22
mp-754196,bulk,0.0001,False,BISECT,14680064,14680064,,,,,False,0,6,22
mp-754196,bulk,0.0001,False,SCAN-ZFP,14680064,14680064,,,,,False,0,6,22
mp-754196,bulk,0.0001,False,SCAN-SZ3,14680064,14680064,,,,,False,0,6,22
mp-754196,bulk,0.0001,False,SCAN-SPERR,14680064,14680064,,,,,False,0,6,22
mp-754196,bulk,0.0001,False,BISECT-ZFP,14680064,14680064,,,,,False,0,6,22
mp-754196,bulk,0.0001,False,BISECT-SZ3,14680064,14680064,,,,,False,0,6,22
mp-754196,bulk,0.0001,False,BISECT-SPERR,14680064,14680064,,,,,False,0,6,22
mp-754196,bulk,0.001,False,EXHAUSTIVE,14680064,14680064,,,,,False,0,6,22
mp-754196,bulk,0.001,False,SCAN,14680064,14680064,,,,,False,0,6,22
mp-754196,bulk,0.001,False,BISECT,14680064,14680064,,,,,False,0,6,22
mp-754196,bulk,0.001,False,SCAN-ZFP,14680064,14680064,,,,,False,0,6,22
mp-754196,bulk,0.001,False,SCAN-SZ3,14680064,14680064,,,,,False,0,6,22
mp-754196,bulk,0.001,False,SCAN-SPERR,14680064,14680064,,,,,False,0,6,22
mp-754196,bulk,0.001,False,BISECT-ZFP,14680064,14680064,,,,,False,0,6,22
mp-754196,bulk,0.001,False,BISECT-SZ3,14680064,14680064,,,,,False,0,6,22
mp-754196,bulk,0.001,False,BISECT-SPERR,14680064,14680064,,,,,False,0,6,22
mp-754196,bulk,0.01,True,EXHAUSTIVE,14680064,96861,SZ3,0.0003,151.5580470984194,151.5580470984194,True,22,28,22
mp-754196,bulk,0.01,True,SCAN,14680064,96861,SZ3,0.0003,151.5580470984194,151.5580470984194,True,9,15,22
mp-754196,bulk,0.01,True,BISECT,14680064,96861,SZ3,0.0003,151.5580470984194,151.5580470984194,True,10,16,22
mp-754196,bulk,0.01,True,SCAN-ZFP,14680064,245320,ZFP,0.01,59.84046959073863,151.5580470984194,True,2,8,22
mp-754196,bulk,0.01,True,SCAN-SZ3,14680064,96861,SZ3,0.0003,151.5580470984194,151.5580470984194,True,4,10,22
mp-754196,bulk,0.01,True,SCAN-SPERR,14680064,851042,SPERR,0.001,17.249517650127725,151.5580470984194,True,3,9,22
mp-754196,bulk,0.01,True,BISECT-ZFP,14680064,245320,ZFP,0.01,59.84046959073863,151.5580470984194,True,4,10,22
mp-754196,bulk,0.01,True,BISECT-SZ3,14680064,96861,SZ3,0.0003,151.5580470984194,151.5580470984194,True,3,9,22
mp-754196,bulk,0.01,True,BISECT-SPERR,14680064,851042,SPERR,0.001,17.249517650127725,151.5580470984194,True,3,9,22
mp-756647,bulk,0.0001,False,EXHAUSTIVE,13271040,13271040,,,,,False,0,6,21
mp-756647,bulk,0.0001,False,SCAN,13271040,13271040,,,,,False,0,6,21
mp-756647,bulk,0.0001,False,BISECT,13271040,13271040,,,,,False,0,6,21
mp-756647,bulk,0.0001,False,SCAN-ZFP,13271040,13271040,,,,,False,0,6,21
mp-756647,bulk,0.0001,False,SCAN-SZ3,13271040,13271040,,,,,False,0,6,21
mp-756647,bulk,0.0001,False,SCAN-SPERR,13271040,13271040,,,,,False,0,6,21
mp-756647,bulk,0.0001,False,BISECT-ZFP,13271040,13271040,,,,,False,0,6,21
mp-756647,bulk,0.0001,False,BISECT-SZ3,13271040,13271040,,,,,False,0,6,21
mp-756647,bulk,0.0001,False,BISECT-SPERR,13271040,13271040,,,,,False,0,6,21
mp-756647,bulk,0.001,False,EXHAUSTIVE,13271040,13271040,,,,,False,0,6,21
mp-756647,bulk,0.001,False,SCAN,13271040,13271040,,,,,False,0,6,21
mp-756647,bulk,0.001,False,BISECT,13271040,13271040,,,,,False,0,6,21
mp-756647,bulk,0.001,False,SCAN-ZFP,13271040,13271040,,,,,False,0,6,21
mp-756647,bulk,0.001,False,SCAN-SZ3,13271040,13271040,,,,,False,0,6,21
mp-756647,bulk,0.001,False,SCAN-SPERR,13271040,13271040,,,,,False,0,6,21
mp-756647,bulk,0.001,False,BISECT-ZFP,13271040,13271040,,,,,False,0,6,21
mp-756647,bulk,0.001,False,BISECT-SZ3,13271040,13271040,,,,,False,0,6,21
mp-756647,bulk,0.001,False,BISECT-SPERR,13271040,13271040,,,,,False,0,6,21
mp-756647,bulk,0.01,False,EXHAUSTIVE,13271040,13271040,,,,,False,0,6,21
mp-756647,bulk,0.01,False,SCAN,13271040,13271040,,,,,False,0,6,21
mp-756647,bulk,0.01,False,BISECT,13271040,13271040,,,,,False,0,6,21
mp-756647,bulk,0.01,False,SCAN-ZFP,13271040,13271040,,,,,False,0,6,21
mp-756647,bulk,0.01,False,SCAN-SZ3,13271040,13271040,,,,,False,0,6,21
mp-756647,bulk,0.01,False,SCAN-SPERR,13271040,13271040,,,,,False,0,6,21
mp-756647,bulk,0.01,False,BISECT-ZFP,13271040,13271040,,,,,False,0,6,21
mp-756647,bulk,0.01,False,BISECT-SZ3,13271040,13271040,,,,,False,0,6,21
mp-756647,bulk,0.01,False,BISECT-SPERR,13271040,13271040,,,,,False,0,6,21
mp-757220,bulk,0.0001,False,EXHAUSTIVE,18350080,18350080,,,,,False,0,6,34
mp-757220,bulk,0.0001,False,SCAN,18350080,18350080,,,,,False,0,6,34
mp-757220,bulk,0.0001,False,BISECT,18350080,18350080,,,,,False,0,6,34
mp-757220,bulk,0.0001,False,SCAN-ZFP,18350080,18350080,,,,,False,0,6,34
mp-757220,bulk,0.0001,False,SCAN-SZ3,18350080,18350080,,,,,False,0,6,34
mp-757220,bulk,0.0001,False,SCAN-SPERR,18350080,18350080,,,,,False,0,6,34
mp-757220,bulk,0.0001,False,BISECT-ZFP,18350080,18350080,,,,,False,0,6,34
mp-757220,bulk,0.0001,False,BISECT-SZ3,18350080,18350080,,,,,False,0,6,34
mp-757220,bulk,0.0001,False,BISECT-SPERR,18350080,18350080,,,,,False,0,6,34
mp-757220,bulk,0.001,True,EXHAUSTIVE,18350080,1047864,ZFP,0.0003,17.511890856065293,17.511890856065293,True,34,40,34
mp-757220,bulk,0.001,True,SCAN,18350080,1047864,ZFP,0.0003,17.511890856065293,17.511890856065293,True,19,25,34
mp-757220,bulk,0.001,True,BISECT,18350080,1047864,ZFP,0.0003,17.511890856065293,17.511890856065293,True,12,18,34
mp-757220,bulk,0.001,True,SCAN-ZFP,18350080,1047864,ZFP,0.0003,17.511890856065293,17.511890856065293,True,5,11,34
mp-757220,bulk,0.001,True,SCAN-SZ3,18350080,1051398,SZ3,1e-05,17.45302920492525,17.511890856065293,True,7,13,34
mp-757220,bulk,0.001,True,SCAN-SPERR,18350080,3092912,SPERR,1e-05,5.932946039201891,17.511890856065293,True,7,13,34
mp-757220,bulk,0.001,True,BISECT-ZFP,18350080,1047864,ZFP,0.0003,17.511890856065293,17.511890856065293,True,4,10,34
mp-757220,bulk,0.001,True,BISECT-SZ3,18350080,1051398,SZ3,1e-05,17.45302920492525,17.511890856065293,True,4,10,34
mp-757220,bulk,0.001,True,BISECT-SPERR,18350080,3092912,SPERR,1e-05,5.932946039201891,17.511890856065293,True,4,10,34
mp-757220,bulk,0.01,True,EXHAUSTIVE,18350080,416829,SZ3,0.0001,44.023040623373134,44.023040623373134,True,34,40,34
mp-757220,bulk,0.01,True,SCAN,18350080,416829,SZ3,0.0001,44.023040623373134,44.023040623373134,True,12,18,34
mp-757220,bulk,0.01,True,BISECT,18350080,416829,SZ3,0.0001,44.023040623373134,44.023040623373134,True,12,18,34
mp-757220,bulk,0.01,True,SCAN-ZFP,18350080,615064,ZFP,0.003,29.834423734765814,44.023040623373134,True,3,9,34
mp-757220,bulk,0.01,True,SCAN-SZ3,18350080,416829,SZ3,0.0001,44.023040623373134,44.023040623373134,True,5,11,34
mp-757220,bulk,0.01,True,SCAN-SPERR,18350080,1656309,SPERR,0.0003,11.078898925260926,44.023040623373134,True,4,10,34
mp-757220,bulk,0.01,True,BISECT-ZFP,18350080,615064,ZFP,0.003,29.834423734765814,44.023040623373134,True,4,10,34
mp-757220,bulk,0.01,True,BISECT-SZ3,18350080,416829,SZ3,0.0001,44.023040623373134,44.023040623373134,True,4,10,34
mp-757220,bulk,0.01,True,BISECT-SPERR,18350080,1656309,SPERR,0.0003,11.078898925260926,44.023040623373134,True,4,10,34
mp-758622,bulk,0.0001,False,EXHAUSTIVE,10752000,10752000,,,,,False,0,6,32
mp-758622,bulk,0.0001,False,SCAN,10752000,10752000,,,,,False,0,6,32
mp-758622,bulk,0.0001,False,BISECT,10752000,10752000,,,,,False,0,6,32
mp-758622,bulk,0.0001,False,SCAN-ZFP,10752000,10752000,,,,,False,0,6,32
mp-758622,bulk,0.0001,False,SCAN-SZ3,10752000,10752000,,,,,False,0,6,32
mp-758622,bulk,0.0001,False,SCAN-SPERR,10752000,10752000,,,,,False,0,6,32
mp-758622,bulk,0.0001,False,BISECT-ZFP,10752000,10752000,,,,,False,0,6,32
mp-758622,bulk,0.0001,False,BISECT-SZ3,10752000,10752000,,,,,False,0,6,32
mp-758622,bulk,0.0001,False,BISECT-SPERR,10752000,10752000,,,,,False,0,6,32
mp-758622,bulk,0.001,True,EXHAUSTIVE,10752000,1048552,SZ3,1e-06,10.254140948660629,10.254140948660629,True,32,38,32
mp-758622,bulk,0.001,True,SCAN,10752000,1048552,SZ3,1e-06,10.254140948660629,10.254140948660629,True,22,28,32
mp-758622,bulk,0.001,True,BISECT,10752000,1048552,SZ3,1e-06,10.254140948660629,10.254140948660629,True,11,17,32
mp-758622,bulk,0.001,True,SCAN-ZFP,10752000,1059720,ZFP,1e-05,10.146076322047334,10.254140948660629,True,8,14,32
mp-758622,bulk,0.001,True,SCAN-SZ3,10752000,1048552,SZ3,1e-06,10.254140948660629,10.254140948660629,True,8,14,32
mp-758622,bulk,0.001,True,SCAN-SPERR,10752000,1355743,SPERR,1e-05,7.93070663097652,10.254140948660629,True,6,12,32
mp-758622,bulk,0.001,True,BISECT-ZFP,10752000,1059720,ZFP,1e-05,10.146076322047334,10.254140948660629,True,4,10,32
mp-758622,bulk,0.001,True,BISECT-SZ3,10752000,1048552,SZ3,1e-06,10.254140948660629,10.254140948660629,True,4,10,32
mp-758622,bulk,0.001,True,BISECT-SPERR,10752000,1355743,SPERR,1e-05,7.93070663097652,10.254140948660629,True,3,9,32
mp-758622,bulk,0.01,True,EXHAUSTIVE,10752000,345845,SZ3,3e-05,31.08907169396695,31.08907169396695,True,32,38,32
mp-758622,bulk,0.01,True,SCAN,10752000,345845,SZ3,3e-05,31.08907169396695,31.08907169396695,True,14,20,32
mp-758622,bulk,0.01,True,BISECT,10752000,345845,SZ3,3e-05,31.08907169396695,31.08907169396695,True,12,18,32
mp-758622,bulk,0.01,True,SCAN-ZFP,10752000,425960,ZFP,0.001,25.24180674241713,31.08907169396695,True,4,10,32
mp-758622,bulk,0.01,True,SCAN-SZ3,10752000,345845,SZ3,3e-05,31.08907169396695,31.08907169396695,True,5,11,32
mp-758622,bulk,0.01,True,SCAN-SPERR,10752000,1100944,SPERR,3e-05,9.76616430990132,31.08907169396695,True,5,11,32
mp-758622,bulk,0.01,True,BISECT-ZFP,10752000,425960,ZFP,0.001,25.24180674241713,31.08907169396695,True,4,10,32
mp-758622,bulk,0.01,True,BISECT-SZ3,10752000,345845,SZ3,3e-05,31.08907169396695,31.08907169396695,True,4,10,32
mp-758622,bulk,0.01,True,BISECT-SPERR,10752000,1100944,SPERR,3e-05,9.76616430990132,31.08907169396695,True,4,10,32
mp-759554,bulk,0.0001,False,EXHAUSTIVE,12902400,12902400,,,,,False,0,6,23
mp-759554,bulk,0.0001,False,SCAN,12902400,12902400,,,,,False,0,6,23
mp-759554,bulk,0.0001,False,BISECT,12902400,12902400,,,,,False,0,6,23
mp-759554,bulk,0.0001,False,SCAN-ZFP,12902400,12902400,,,,,False,0,6,23
mp-759554,bulk,0.0001,False,SCAN-SZ3,12902400,12902400,,,,,False,0,6,23
mp-759554,bulk,0.0001,False,SCAN-SPERR,12902400,12902400,,,,,False,0,6,23
mp-759554,bulk,0.0001,False,BISECT-ZFP,12902400,12902400,,,,,False,0,6,23
mp-759554,bulk,0.0001,False,BISECT-SZ3,12902400,12902400,,,,,False,0,6,23
mp-759554,bulk,0.0001,False,BISECT-SPERR,12902400,12902400,,,,,False,0,6,23
mp-759554,bulk,0.001,False,EXHAUSTIVE,12902400,12902400,,,,,False,0,6,23
mp-759554,bulk,0.001,False,SCAN,12902400,12902400,,,,,False,0,6,23
mp-759554,bulk,0.001,False,BISECT,12902400,12902400,,,,,False,0,6,23
mp-759554,bulk,0.001,False,SCAN-ZFP,12902400,12902400,,,,,False,0,6,23
mp-759554,bulk,0.001,False,SCAN-SZ3,12902400,12902400,,,,,False,0,6,23
mp-759554,bulk,0.001,False,SCAN-SPERR,12902400,12902400,,,,,False,0,6,23
mp-759554,bulk,0.001,False,BISECT-ZFP,12902400,12902400,,,,,False,0,6,23
mp-759554,bulk,0.001,False,BISECT-SZ3,12902400,12902400,,,,,False,0,6,23
mp-759554,bulk,0.001,False,BISECT-SPERR,12902400,12902400,,,,,False,0,6,23
mp-759554,bulk,0.01,True,EXHAUSTIVE,12902400,345064,ZFP,0.01,37.391324507917375,37.391324507917375,True,23,29,23
mp-759554,bulk,0.01,True,SCAN,12902400,345064,ZFP,0.01,37.391324507917375,37.391324507917375,True,13,19,23
mp-759554,bulk,0.01,True,BISECT,12902400,345064,ZFP,0.01,37.391324507917375,37.391324507917375,True,9,15,23
mp-759554,bulk,0.01,True,SCAN-ZFP,12902400,345064,ZFP,0.01,37.391324507917375,37.391324507917375,True,3,9,23
mp-759554,bulk,0.01,True,SCAN-SZ3,12902400,387787,SZ3,0.0001,33.2718734769345,37.391324507917375,True,5,11,23
mp-759554,bulk,0.01,True,SCAN-SPERR,12902400,1528299,SPERR,0.0001,8.442327057728887,37.391324507917375,True,5,11,23
mp-759554,bulk,0.01,True,BISECT-ZFP,12902400,345064,ZFP,0.01,37.391324507917375,37.391324507917375,True,3,9,23
mp-759554,bulk,0.01,True,BISECT-SZ3,12902400,387787,SZ3,0.0001,33.2718734769345,37.391324507917375,True,3,9,23
mp-759554,bulk,0.01,True,BISECT-SPERR,12902400,1528299,SPERR,0.0001,8.442327057728887,37.391324507917375,True,3,9,23
mp-760266,bulk,0.0001,True,EXHAUSTIVE,15052800,2078264,ZFP,3e-06,7.242968169587694,7.242968169587694,True,35,41,35
mp-760266,bulk,0.0001,True,SCAN,15052800,2078264,ZFP,3e-06,7.242968169587694,7.242968169587694,True,32,38,35
mp-760266,bulk,0.0001,True,BISECT,15052800,2078264,ZFP,3e-06,7.242968169587694,7.242968169587694,True,11,17,35
mp-760266,bulk,0.0001,True,SCAN-ZFP,15052800,2078264,ZFP,3e-06,7.242968169587694,7.242968169587694,True,10,16,35
mp-760266,bulk,0.0001,True,SCAN-SZ3,15052800,2888156,SZ3,1e-07,5.211906836057332,7.242968169587694,True,11,17,35
mp-760266,bulk,0.0001,True,SCAN-SPERR,15052800,15052800,,,,7.242968169587694,True,11,17,35
mp-760266,bulk,0.0001,True,BISECT-ZFP,15052800,2078264,ZFP,3e-06,7.242968169587694,7.242968169587694,True,4,10,35
mp-760266,bulk,0.0001,True,BISECT-SZ3,15052800,2888156,SZ3,1e-07,5.211906836057332,7.242968169587694,True,4,10,35
mp-760266,bulk,0.0001,True,BISECT-SPERR,15052800,15052800,,,,7.242968169587694,True,3,9,35
mp-760266,bulk,0.001,True,EXHAUSTIVE,15052800,1134040,ZFP,0.0001,13.273605869281509,13.273605869281509,True,35,41,35
mp-760266,bulk,0.001,True,SCAN,15052800,1134040,ZFP,0.0001,13.273605869281509,13.273605869281509,True,23,29,35
mp-760266,bulk,0.001,True,BISECT,15052800,1134040,ZFP,0.0001,13.273605869281509,13.273605869281509,True,11,17,35
mp-760266,bulk,0.001,True,SCAN-ZFP,15052800,1134040,ZFP,0.0001,13.273605869281509,13.273605869281509,True,7,13,35
mp-760266,bulk,0.001,True,SCAN-SZ3,15052800,1363761,SZ3,3e-06,11.037711153200595,13.273605869281509,True,8,14,35
mp-760266,bulk,0.001,True,SCAN-SPERR,15052800,3006936,SPERR,3e-06,5.006026067731405,13.273605869281509,True,8,14,35
mp-760266,bulk,0.001,True,BISECT-ZFP,15052800,1134040,ZFP,0.0001,13.273605869281509,13.273605869281509,True,3,9,35
mp-760266,bulk,0.001,True,BISECT-SZ3,15052800,1363761,SZ3,3e-06,11.037711153200595,13.273605869281509,True,4,10,35
mp-760266,bulk,0.001,True,BISECT-SPERR,15052800,3006936,SPERR,3e-06,5.006026067731405,13.273605869281509,True,4,10,35
mp-760266,bulk,0.01,True,EXHAUSTIVE,15052800,368687,SZ3,0.0001,40.82812792422841,40.82812792422841,True,35,41,35
mp-760266,bulk,0.01,True,SCAN,15052800,368687,SZ3,0.0001,40.82812792422841,40.82812792422841,True,14,20,35
mp-760266,bulk,0.01,True,BISECT,15052800,368687,SZ3,0.0001,40.82812792422841,40.82812792422841,True,12,18,35
mp-760266,bulk,0.01,True,SCAN-ZFP,15052800,476880,ZFP,0.003,31.565173628585807,40.82812792422841,True,4,10,35
mp-760266,bulk,0.01,True,SCAN-SZ3,15052800,368687,SZ3,0.0001,40.82812792422841,40.82812792422841,True,5,11,35
mp-760266,bulk,0.01,True,SCAN-SPERR,15052800,1814107,SPERR,0.0001,8.297636247476031,40.82812792422841,True,5,11,35
mp-760266,bulk,0.01,True,BISECT-ZFP,15052800,476880,ZFP,0.003,31.565173628585807,40.82812792422841,True,4,10,35
mp-760266,bulk,0.01,True,BISECT-SZ3,15052800,368687,SZ3,0.0001,40.82812792422841,40.82812792422841,True,4,10,35
mp-760266,bulk,0.01,True,BISECT-SPERR,15052800,1814107,SPERR,0.0001,8.297636247476031,40.82812792422841,True,4,10,35
mp-763177,bulk,0.0001,True,EXHAUSTIVE,6881280,1461000,ZFP,3e-07,4.709979466119097,4.709979466119097,True,34,40,34
mp-763177,bulk,0.0001,True,SCAN,6881280,1461000,ZFP,3e-07,4.709979466119097,4.709979466119097,True,33,39,34
mp-763177,bulk,0.0001,True,BISECT,6881280,1461000,ZFP,3e-07,4.709979466119097,4.709979466119097,True,11,17,34
mp-763177,bulk,0.0001,True,SCAN-ZFP,6881280,1461000,ZFP,3e-07,4.709979466119097,4.709979466119097,True,12,18,34
mp-763177,bulk,0.0001,True,SCAN-SZ3,6881280,1468512,SZ3,1e-07,4.685886121461724,4.709979466119097,True,10,16,34
mp-763177,bulk,0.0001,True,SCAN-SPERR,6881280,1904752,SPERR,1e-07,3.612690785992087,4.709979466119097,True,11,17,34
mp-763177,bulk,0.0001,True,BISECT-ZFP,6881280,1461000,ZFP,3e-07,4.709979466119097,4.709979466119097,True,4,10,34
mp-763177,bulk,0.0001,True,BISECT-SZ3,6881280,1468512,SZ3,1e-07,4.685886121461724,4.709979466119097,True,3,9,34
mp-763177,bulk,0.0001,True,BISECT-SPERR,6881280,1904752,SPERR,1e-07,3.612690785992087,4.709979466119097,True,4,10,34
mp-763177,bulk,0.001,True,EXHAUSTIVE,6881280,453584,ZFP,0.0003,15.170905499312145,15.170905499312145,True,34,40,34
mp-763177,bulk,0.001,True,SCAN,6881280,453584,ZFP,0.0003,15.170905499312145,15.170905499312145,True,19,25,34
mp-763177,bulk,0.001,True,BISECT,6881280,453584,ZFP,0.0003,15.170905499312145,15.170905499312145,True,11,17,34
mp-763177,bulk,0.001,True,SCAN-ZFP,6881280,453584,ZFP,0.0003,15.170905499312145,15.170905499312145,True,6,12,34
mp-763177,bulk,0.001,True,SCAN-SZ3,6881280,475010,SZ3,1e-05,14.486600282099324,15.170905499312145,True,6,12,34
mp-763177,bulk,0.001,True,SCAN-SPERR,6881280,1190197,SPERR,1e-05,5.781631108127479,15.170905499312145,True,7,13,34
mp-763177,bulk,0.001,True,BISECT-ZFP,6881280,453584,ZFP,0.0003,15.170905499312145,15.170905499312145,True,4,10,34
mp-763177,bulk,0.001,True,BISECT-SZ3,6881280,475010,SZ3,1e-05,14.486600282099324,15.170905499312145,True,3,9,34
mp-763177,bulk,0.001,True,BISECT-SPERR,6881280,1190197,SPERR,1e-05,5.781631108127479,15.170905499312145,True,4,10,34
mp-763177,bulk,0.01,True,EXHAUSTIVE,6881280,184934,SZ3,0.0001,37.2093828068392,37.2093828068392,True,34,40,34
mp-763177,bulk,0.01,True,SCAN,6881280,184934,SZ3,0.0001,37.2093828068392,37.2093828068392,True,13,19,34
mp-763177,bulk,0.01,True,BISECT,6881280,184934,SZ3,0.0001,37.2093828068392,37.2093828068392,True,12,18,34
mp-763177,bulk,0.01,True,SCAN-ZFP,6881280,218704,ZFP,0.003,31.46389640793036,37.2093828068392,True,4,10,34
mp-763177,bulk,0.01,True,SCAN-SZ3,6881280,184934,SZ3,0.0001,37.2093828068392,37.2093828068392,True,4,10,34
mp-763177,bulk,0.01,True,SCAN-SPERR,6881280,829151,SPERR,0.0001,8.299187964556516,37.2093828068392,True,5,11,34
mp-763177,bulk,0.01,True,BISECT-ZFP,6881280,218704,ZFP,0.003,31.46389640793036,37.2093828068392,True,4,10,34
mp-763177,bulk,0.01,True,BISECT-SZ3,6881280,184934,SZ3,0.0001,37.2093828068392,37.2093828068392,True,4,10,34
mp-763177,bulk,0.01,True,BISECT-SPERR,6881280,829151,SPERR,0.0001,8.299187964556516,37.2093828068392,True,4,10,34
mp-7660,bulk,0.0001,False,EXHAUSTIVE,4096000,4096000,,,,,False,0,6,23
mp-7660,bulk,0.0001,False,SCAN,4096000,4096000,,,,,False,0,6,23
mp-7660,bulk,0.0001,False,BISECT,4096000,4096000,,,,,False,0,6,23
mp-7660,bulk,0.0001,False,SCAN-ZFP,4096000,4096000,,,,,False,0,6,23
mp-7660,bulk,0.0001,False,SCAN-SZ3,4096000,4096000,,,,,False,0,6,23
mp-7660,bulk,0.0001,False,SCAN-SPERR,4096000,4096000,,,,,False,0,6,23
mp-7660,bulk,0.0001,False,BISECT-ZFP,4096000,4096000,,,,,False,0,6,23
mp-7660,bulk,0.0001,False,BISECT-SZ3,4096000,4096000,,,,,False,0,6,23
mp-7660,bulk,0.0001,False,BISECT-SPERR,4096000,4096000,,,,,False,0,6,23
mp-7660,bulk,0.001,False,EXHAUSTIVE,4096000,4096000,,,,,False,0,6,23
mp-7660,bulk,0.001,False,SCAN,4096000,4096000,,,,,False,0,6,23
mp-7660,bulk,0.001,False,BISECT,4096000,4096000,,,,,False,0,6,23
mp-7660,bulk,0.001,False,SCAN-ZFP,4096000,4096000,,,,,False,0,6,23
mp-7660,bulk,0.001,False,SCAN-SZ3,4096000,4096000,,,,,False,0,6,23
mp-7660,bulk,0.001,False,SCAN-SPERR,4096000,4096000,,,,,False,0,6,23
mp-7660,bulk,0.001,False,BISECT-ZFP,4096000,4096000,,,,,False,0,6,23
mp-7660,bulk,0.001,False,BISECT-SZ3,4096000,4096000,,,,,False,0,6,23
mp-7660,bulk,0.001,False,BISECT-SPERR,4096000,4096000,,,,,False,0,6,23
mp-7660,bulk,0.01,True,EXHAUSTIVE,4096000,41701,SPERR,0.0003,98.22306419510323,98.22306419510323,True,23,29,23
mp-7660,bulk,0.01,True,SCAN,4096000,41701,SPERR,0.0003,98.22306419510323,98.22306419510323,True,12,18,23
mp-7660,bulk,0.01,True,BISECT,4096000,41701,SPERR,0.0003,98.22306419510323,98.22306419510323,True,9,15,23
mp-7660,bulk,0.01,True,SCAN-ZFP,4096000,115272,ZFP,0.003,35.53334721354709,98.22306419510323,True,4,10,23
mp-7660,bulk,0.01,True,SCAN-SZ3,4096000,53115,SZ3,0.0003,77.11569236562177,98.22306419510323,True,4,10,23
mp-7660,bulk,0.01,True,SCAN-SPERR,4096000,41701,SPERR,0.0003,98.22306419510323,98.22306419510323,True,4,10,23
mp-7660,bulk,0.01,True,BISECT-ZFP,4096000,115272,ZFP,0.003,35.53334721354709,98.22306419510323,True,3,9,23
mp-7660,bulk,0.01,True,BISECT-SZ3,4096000,53115,SZ3,0.0003,77.11569236562177,98.22306419510323,True,3,9,23
mp-7660,bulk,0.01,True,BISECT-SPERR,4096000,41701,SPERR,0.0003,98.22306419510323,98.22306419510323,True,3,9,23
mp-766093,bulk,0.0001,False,EXHAUSTIVE,15925248,15925248,,,,,False,0,6,32
mp-766093,bulk,0.0001,False,SCAN,15925248,15925248,,,,,False,0,6,32
mp-766093,bulk,0.0001,False,BISECT,15925248,15925248,,,,,False,0,6,32
mp-766093,bulk,0.0001,False,SCAN-ZFP,15925248,15925248,,,,,False,0,6,32
mp-766093,bulk,0.0001,False,SCAN-SZ3,15925248,15925248,,,,,False,0,6,32
mp-766093,bulk,0.0001,False,SCAN-SPERR,15925248,15925248,,,,,False,0,6,32
mp-766093,bulk,0.0001,False,BISECT-ZFP,15925248,15925248,,,,,False,0,6,32
mp-766093,bulk,0.0001,False,BISECT-SZ3,15925248,15925248,,,,,False,0,6,32
mp-766093,bulk,0.0001,False,BISECT-SPERR,15925248,15925248,,,,,False,0,6,32
mp-766093,bulk,0.001,True,EXHAUSTIVE,15925248,1463488,ZFP,3e-05,10.881707263742513,10.881707263742513,True,32,38,32
mp-766093,bulk,0.001,True,SCAN,15925248,1463488,ZFP,3e-05,10.881707263742513,10.881707263742513,True,23,29,32
mp-766093,bulk,0.001,True,BISECT,15925248,1463488,ZFP,3e-05,10.881707263742513,10.881707263742513,True,10,16,32
mp-766093,bulk,0.001,True,SCAN-ZFP,15925248,1463488,ZFP,3e-05,10.881707263742513,10.881707263742513,True,7,13,32
mp-766093,bulk,0.001,True,SCAN-SZ3,15925248,2224862,SZ3,3e-07,7.157858779555766,10.881707263742513,True,9,15,32
mp-766093,bulk,0.001,True,SCAN-SPERR,15925248,2992915,SPERR,3e-06,5.320982386736676,10.881707263742513,True,7,13,32
mp-766093,bulk,0.001,True,BISECT-ZFP,15925248,1463488,ZFP,3e-05,10.881707263742513,10.881707263742513,True,3,9,32
mp-766093,bulk,0.001,True,BISECT-SZ3,15925248,2224862,SZ3,3e-07,7.157858779555766,10.881707263742513,True,3,9,32
mp-766093,bulk,0.001,True,BISECT-SPERR,15925248,2992915,SPERR,3e-06,5.320982386736676,10.881707263742513,True,4,10,32
mp-766093,bulk,0.01,True,EXHAUSTIVE,15925248,320452,SZ3,0.0001,49.69620411169223,49.69620411169223,True,32,38,32
mp-766093,bulk,0.01,True,SCAN,15925248,320452,SZ3,0.0001,49.69620411169223,49.69620411169223,True,13,19,32
mp-766093,bulk,0.01,True,BISECT,15925248,320452,SZ3,0.0001,49.69620411169223,49.69620411169223,True,12,18,32
mp-766093,bulk,0.01,True,SCAN-ZFP,15925248,664208,ZFP,0.001,23.97629658179365,49.69620411169223,True,4,10,32
mp-766093,bulk,0.01,True,SCAN-SZ3,15925248,320452,SZ3,0.0001,49.69620411169223,49.69620411169223,True,4,10,32
mp-766093,bulk,0.01,True,SCAN-SPERR,15925248,2166208,SPERR,3e-05,7.351670753685703,49.69620411169223,True,5,11,32
mp-766093,bulk,0.01,True,BISECT-ZFP,15925248,664208,ZFP,0.001,23.97629658179365,49.69620411169223,True,4,10,32
mp-766093,bulk,0.01,True,BISECT-SZ3,15925248,320452,SZ3,0.0001,49.69620411169223,49.69620411169223,True,4,10,32
mp-766093,bulk,0.01,True,BISECT-SPERR,15925248,2166208,SPERR,3e-05,7.351670753685703,49.69620411169223,True,4,10,32
mp-768842,bulk,0.0001,False,EXHAUSTIVE,20480000,20480000,,,,,False,0,6,32
mp-768842,bulk,0.0001,False,SCAN,20480000,20480000,,,,,False,0,6,32
mp-768842,bulk,0.0001,False,BISECT,20480000,20480000,,,,,False,0,6,32
mp-768842,bulk,0.0001,False,SCAN-ZFP,20480000,20480000,,,,,False,0,6,32
mp-768842,bulk,0.0001,False,SCAN-SZ3,20480000,20480000,,,,,False,0,6,32
mp-768842,bulk,0.0001,False,SCAN-SPERR,20480000,20480000,,,,,False,0,6,32
mp-768842,bulk,0.0001,False,BISECT-ZFP,20480000,20480000,,,,,False,0,6,32
mp-768842,bulk,0.0001,False,BISECT-SZ3,20480000,20480000,,,,,False,0,6,32
mp-768842,bulk,0.0001,False,BISECT-SPERR,20480000,20480000,,,,,False,0,6,32
mp-768842,bulk,0.001,True,EXHAUSTIVE,20480000,1948424,ZFP,3e-05,10.511059194507972,10.511059194507972,True,32,38,32
mp-768842,bulk,0.001,True,SCAN,20480000,1948424,ZFP,3e-05,10.511059194507972,10.511059194507972,True,21,27,32
mp-768842,bulk,0.001,True,BISECT,20480000,1948424,ZFP,3e-05,10.511059194507972,10.511059194507972,True,10,16,32
mp-768842,bulk,0.001,True,SCAN-ZFP,20480000,1948424,ZFP,3e-05,10.511059194507972,10.511059194507972,True,7,13,32
mp-768842,bulk,0.001,True,SCAN-SZ3,20480000,2491140,SZ3,1e-06,8.221135704938302,10.511059194507972,True,8,14,32
mp-768842,bulk,0.001,True,SCAN-SPERR,20480000,3122282,SPERR,1e-05,6.559305021135183,10.511059194507972,True,6,12,32
mp-768842,bulk,0.001,True,BISECT-ZFP,20480000,1948424,ZFP,3e-05,10.511059194507972,10.511059194507972,True,3,9,32
mp-768842,bulk,0.001,True,BISECT-SZ3,20480000,2491140,SZ3,1e-06,8.221135704938302,10.511059194507972,True,4,10,32
mp-768842,bulk,0.001,True,BISECT-SPERR,20480000,3122282,SPERR,1e-05,6.559305021135183,10.511059194507972,True,3,9,32
mp-768842,bulk,0.01,True,EXHAUSTIVE,20480000,521780,SZ3,0.0001,39.25025872973284,39.25025872973284,True,32,38,32
mp-768842,bulk,0.01,True,SCAN,20480000,521780,SZ3,0.0001,39.25025872973284,39.25025872973284,True,13,19,32
mp-768842,bulk,0.01,True,BISECT,20480000,521780,SZ3,0.0001,39.25025872973284,39.25025872973284,True,12,18,32
mp-768842,bulk,0.01,True,SCAN-ZFP,20480000,883264,ZFP,0.001,23.18672559959424,39.25025872973284,True,4,10,32
mp-768842,bulk,0.01,True,SCAN-SZ3,20480000,521780,SZ3,0.0001,39.25025872973284,39.25025872973284,True,4,10,32
mp-768842,bulk,0.01,True,SCAN-SPERR,20480000,2613568,SPERR,3e-05,7.836031050273037,39.25025872973284,True,5,11,32
mp-768842,bulk,0.01,True,BISECT-ZFP,20480000,883264,ZFP,0.001,23.18672559959424,39.25025872973284,True,4,10,32
mp-768842,bulk,0.01,True,BISECT-SZ3,20480000,521780,SZ3,0.0001,39.25025872973284,39.25025872973284,True,4,10,32
mp-768842,bulk,0.01,True,BISECT-SPERR,20480000,2613568,SPERR,3e-05,7.836031050273037,39.25025872973284,True,4,10,32
mp-768987,bulk,0.0001,False,EXHAUSTIVE,12386304,12386304,,,,,False,0,6,32
mp-768987,bulk,0.0001,False,SCAN,12386304,12386304,,,,,False,0,6,32
mp-768987,bulk,0.0001,False,BISECT,12386304,12386304,,,,,False,0,6,32
mp-768987,bulk,0.0001,False,SCAN-ZFP,12386304,12386304,,,,,False,0,6,32
mp-768987,bulk,0.0001,False,SCAN-SZ3,12386304,12386304,,,,,False,0,6,32
mp-768987,bulk,0.0001,False,SCAN-SPERR,12386304,12386304,,,,,False,0,6,32
mp-768987,bulk,0.0001,False,BISECT-ZFP,12386304,12386304,,,,,False,0,6,32
mp-768987,bulk,0.0001,False,BISECT-SZ3,12386304,12386304,,,,,False,0,6,32
mp-768987,bulk,0.0001,False,BISECT-SPERR,12386304,12386304,,,,,False,0,6,32
mp-768987,bulk,0.001,True,EXHAUSTIVE,12386304,992667,SZ3,3e-06,12.477803734787194,12.477803734787194,True,32,38,32
mp-768987,bulk,0.001,True,SCAN,12386304,992667,SZ3,3e-06,12.477803734787194,12.477803734787194,True,26,32,32
mp-768987,bulk,0.001,True,BISECT,12386304,1716696,SZ3,3e-07,7.21519942960198,12.477803734787194,True,9,15,32
mp-768987,bulk,0.001,True,SCAN-ZFP,12386304,12386304,,,,12.477803734787194,True,13,19,32
mp-768987,bulk,0.001,True,SCAN-SZ3,12386304,992667,SZ3,3e-06,12.477803734787194,12.477803734787194,True,6,12,32
mp-768987,bulk,0.001,True,SCAN-SPERR,12386304,2327664,SPERR,3e-06,5.321345348813231,12.477803734787194,True,7,13,32
mp-768987,bulk,0.001,True,BISECT-ZFP,12386304,12386304,,,,12.477803734787194,True,3,9,32
mp-768987,bulk,0.001,True,BISECT-SZ3,12386304,1716696,SZ3,3e-07,7.21519942960198,12.477803734787194,True,3,9,32
mp-768987,bulk,0.001,True,BISECT-SPERR,12386304,2969511,SPERR,3e-07,4.17115949393688,12.477803734787194,True,3,9,32
mp-768987,bulk,0.01,True,EXHAUSTIVE,12386304,276689,SZ3,0.0001,44.76615984010929,44.76615984010929,True,32,38,32
mp-768987,bulk,0.01,True,SCAN,12386304,276689,SZ3,0.0001,44.76615984010929,44.76615984010929,True,11,17,32
mp-768987,bulk,0.01,True,BISECT,12386304,276689,SZ3,0.0001,44.76615984010929,44.76615984010929,True,11,17,32
mp-768987,bulk,0.01,True,SCAN-ZFP,12386304,434008,ZFP,0.003,28.53934489686826,44.76615984010929,True,4,10,32
mp-768987,bulk,0.01,True,SCAN-SZ3,12386304,276689,SZ3,0.0001,44.76615984010929,44.76615984010929,True,3,9,32
mp-768987,bulk,0.01,True,SCAN-SPERR,12386304,1344947,SPERR,0.0001,9.20951085804868,44.76615984010929,True,4,10,32
mp-768987,bulk,0.01,True,BISECT-ZFP,12386304,434008,ZFP,0.003,28.53934489686826,44.76615984010929,True,4,10,32
mp-768987,bulk,0.01,True,BISECT-SZ3,12386304,276689,SZ3,0.0001,44.76615984010929,44.76615984010929,True,3,9,32
mp-768987,bulk,0.01,True,BISECT-SPERR,12386304,1344947,SPERR,0.0001,9.20951085804868,44.76615984010929,True,4,10,32
mp-771133,bulk,0.0001,False,EXHAUSTIVE,10321920,10321920,,,,,False,0,6,22
mp-771133,bulk,0.0001,False,SCAN,10321920,10321920,,,,,False,0,6,22
mp-771133,bulk,0.0001,False,BISECT,10321920,10321920,,,,,False,0,6,22
mp-771133,bulk,0.0001,False,SCAN-ZFP,10321920,10321920,,,,,False,0,6,22
mp-771133,bulk,0.0001,False,SCAN-SZ3,10321920,10321920,,,,,False,0,6,22
mp-771133,bulk,0.0001,False,SCAN-SPERR,10321920,10321920,,,,,False,0,6,22
mp-771133,bulk,0.0001,False,BISECT-ZFP,10321920,10321920,,,,,False,0,6,22
mp-771133,bulk,0.0001,False,BISECT-SZ3,10321920,10321920,,,,,False,0,6,22
mp-771133,bulk,0.0001,False,BISECT-SPERR,10321920,10321920,,,,,False,0,6,22
mp-771133,bulk,0.001,False,EXHAUSTIVE,10321920,10321920,,,,,False,0,6,22
mp-771133,bulk,0.001,False,SCAN,10321920,10321920,,,,,False,0,6,22
mp-771133,bulk,0.001,False,BISECT,10321920,10321920,,,,,False,0,6,22
mp-771133,bulk,0.001,False,SCAN-ZFP,10321920,10321920,,,,,False,0,6,22
mp-771133,bulk,0.001,False,SCAN-SZ3,10321920,10321920,,,,,False,0,6,22
mp-771133,bulk,0.001,False,SCAN-SPERR,10321920,10321920,,,,,False,0,6,22
mp-771133,bulk,0.001,False,BISECT-ZFP,10321920,10321920,,,,,False,0,6,22
mp-771133,bulk,0.001,False,BISECT-SZ3,10321920,10321920,,,,,False,0,6,22
mp-771133,bulk,0.001,False,BISECT-SPERR,10321920,10321920,,,,,False,0,6,22
mp-771133,bulk,0.01,True,EXHAUSTIVE,10321920,213602,SZ3,0.0001,48.32314304173182,48.32314304173182,True,22,28,22
mp-771133,bulk,0.01,True,SCAN,10321920,213602,SZ3,0.0001,48.32314304173182,48.32314304173182,True,14,20,22
mp-771133,bulk,0.01,True,BISECT,10321920,213602,SZ3,0.0001,48.32314304173182,48.32314304173182,True,9,15,22
mp-771133,bulk,0.01,True,SCAN-ZFP,10321920,330992,ZFP,0.003,31.184802049596364,48.32314304173182,True,3,9,22
mp-771133,bulk,0.01,True,SCAN-SZ3,10321920,213602,SZ3,0.0001,48.32314304173182,48.32314304173182,True,5,11,22
mp-771133,bulk,0.01,True,SCAN-SPERR,10321920,1429564,SPERR,3e-05,7.22032731658044,48.32314304173182,True,6,12,22
mp-771133,bulk,0.01,True,BISECT-ZFP,10321920,330992,ZFP,0.003,31.184802049596364,48.32314304173182,True,3,9,22
mp-771133,bulk,0.01,True,BISECT-SZ3,10321920,213602,SZ3,0.0001,48.32314304173182,48.32314304173182,True,3,9,22
mp-771133,bulk,0.01,True,BISECT-SPERR,10321920,1429564,SPERR,3e-05,7.22032731658044,48.32314304173182,True,3,9,22
mp-771903,bulk,0.0001,False,EXHAUSTIVE,16777216,16777216,,,,,False,0,6,30
mp-771903,bulk,0.0001,False,SCAN,16777216,16777216,,,,,False,0,6,30
mp-771903,bulk,0.0001,False,BISECT,16777216,16777216,,,,,False,0,6,30
mp-771903,bulk,0.0001,False,SCAN-ZFP,16777216,16777216,,,,,False,0,6,30
mp-771903,bulk,0.0001,False,SCAN-SZ3,16777216,16777216,,,,,False,0,6,30
mp-771903,bulk,0.0001,False,SCAN-SPERR,16777216,16777216,,,,,False,0,6,30
mp-771903,bulk,0.0001,False,BISECT-ZFP,16777216,16777216,,,,,False,0,6,30
mp-771903,bulk,0.0001,False,BISECT-SZ3,16777216,16777216,,,,,False,0,6,30
mp-771903,bulk,0.0001,False,BISECT-SPERR,16777216,16777216,,,,,False,0,6,30
mp-771903,bulk,0.001,True,EXHAUSTIVE,16777216,438982,SPERR,1e-05,38.218459982413854,38.218459982413854,True,30,36,30
mp-771903,bulk,0.001,True,SCAN,16777216,438982,SPERR,1e-05,38.218459982413854,38.218459982413854,True,18,24,30
mp-771903,bulk,0.001,True,BISECT,16777216,438982,SPERR,1e-05,38.218459982413854,38.218459982413854,True,11,17,30
mp-771903,bulk,0.001,True,SCAN-ZFP,16777216,988440,ZFP,0.0001,16.97342883735988,38.218459982413854,True,5,11,30
mp-771903,bulk,0.001,True,SCAN-SZ3,16777216,1383915,SZ3,1e-06,12.123010445005654,38.218459982413854,True,7,13,30
mp-771903,bulk,0.001,True,SCAN-SPERR,16777216,438982,SPERR,1e-05,38.218459982413854,38.218459982413854,True,6,12,30
mp-771903,bulk,0.001,True,BISECT-ZFP,16777216,988440,ZFP,0.0001,16.97342883735988,38.218459982413854,True,4,10,30
mp-771903,bulk,0.001,True,BISECT-SZ3,16777216,1383915,SZ3,1e-06,12.123010445005654,38.218459982413854,True,4,10,30
mp-771903,bulk,0.001,True,BISECT-SPERR,16777216,438982,SPERR,1e-05,38.218459982413854,38.218459982413854,True,3,9,30
mp-771903,bulk,0.01,True,EXHAUSTIVE,16777216,179030,SPERR,0.0001,93.7117578059543,93.7117578059543,True,30,36,30
mp-771903,bulk,0.01,True,SCAN,16777216,179030,SPERR,0.0001,93.7117578059543,93.7117578059543,True,12,18,30
mp-771903,bulk,0.01,True,BISECT,16777216,179030,SPERR,0.0001,93.7117578059543,93.7117578059543,True,11,17,30
mp-771903,bulk,0.01,True,SCAN-ZFP,16777216,701336,ZFP,0.0003,23.9217949741636,93.7117578059543,True,4,10,30
mp-771903,bulk,0.01,True,SCAN-SZ3,16777216,392327,SZ3,3e-05,42.763347921504256,93.7117578059543,True,4,10,30
mp-771903,bulk,0.01,True,SCAN-SPERR,16777216,179030,SPERR,0.0001,93.7117578059543,93.7117578059543,True,4,10,30
mp-771903,bulk,0.01,True,BISECT-ZFP,16777216,701336,ZFP,0.0003,23.9217949741636,93.7117578059543,True,4,10,30
mp-771903,bulk,0.01,True,BISECT-SZ3,16777216,392327,SZ3,3e-05,42.763347921504256,93.7117578059543,True,3,9,30
mp-771903,bulk,0.01,True,BISECT-SPERR,16777216,179030,SPERR,0.0001,93.7117578059543,93.7117578059543,True,4,10,30
mp-771968,bulk,0.0001,True,EXHAUSTIVE,5120000,809712,ZFP,3e-06,6.3232359159800025,6.3232359159800025,True,35,41,35
mp-771968,bulk,0.0001,True,SCAN,5120000,809712,ZFP,3e-06,6.3232359159800025,6.3232359159800025,True,31,37,35
mp-771968,bulk,0.0001,True,BISECT,5120000,809712,ZFP,3e-06,6.3232359159800025,6.3232359159800025,True,12,18,35
mp-771968,bulk,0.0001,True,SCAN-ZFP,5120000,809712,ZFP,3e-06,6.3232359159800025,6.3232359159800025,True,10,16,35
mp-771968,bulk,0.0001,True,SCAN-SZ3,5120000,1234181,SZ3,1e-07,4.148500098445852,6.3232359159800025,True,11,17,35
mp-771968,bulk,0.0001,True,SCAN-SPERR,5120000,1324504,SPERR,3e-07,3.865597989889045,6.3232359159800025,True,10,16,35
mp-771968,bulk,0.0001,True,BISECT-ZFP,5120000,809712,ZFP,3e-06,6.3232359159800025,6.3232359159800025,True,4,10,35
mp-771968,bulk,0.0001,True,BISECT-SZ3,5120000,1234181,SZ3,1e-07,4.148500098445852,6.3232359159800025,True,4,10,35
mp-771968,bulk,0.0001,True,BISECT-SPERR,5120000,1324504,SPERR,3e-07,3.865597989889045,6.3232359159800025,True,4,10,35
mp-771968,bulk,0.001,True,EXHAUSTIVE,5120000,396264,ZFP,0.0003,12.920679143197464,12.920679143197464,True,35,41,35
mp-771968,bulk,0.001,True,SCAN,5120000,396264,ZFP,0.0003,12.920679143197464,12.920679143197464,True,19,25,35
mp-771968,bulk,0.001,True,BISECT,5120000,396264,ZFP,0.0003,12.920679143197464,12.920679143197464,True,11,17,35
mp-771968,bulk,0.001,True,SCAN-ZFP,5120000,396264,ZFP,0.0003,12.920679143197464,12.920679143197464,True,6,12,35
mp-771968,bulk,0.001,True,SCAN-SZ3,5120000,450275,SZ3,1e-05,11.3708289378713,12.920679143197464,True,7,13,35
mp-771968,bulk,0.001,True,SCAN-SPERR,5120000,793721,SPERR,3e-05,6.450629377325281,12.920679143197464,True,6,12,35
mp-771968,bulk,0.001,True,BISECT-ZFP,5120000,396264,ZFP,0.0003,12.920679143197464,12.920679143197464,True,4,10,35
mp-771968,bulk,0.001,True,BISECT-SZ3,5120000,450275,SZ3,1e-05,11.3708289378713,12.920679143197464,True,4,10,35
mp-771968,bulk,0.001,True,BISECT-SPERR,5120000,793721,SPERR,3e-05,6.450629377325281,12.920679143197464,True,3,9,35
mp-771968,bulk,0.01,True,EXHAUSTIVE,5120000,104888,ZFP,0.03,48.81397299977118,48.81397299977118,True,35,41,35
mp-771968,bulk,0.01,True,SCAN,5120000,104888,ZFP,0.03,48.81397299977118,48.81397299977118,True,9,15,35
mp-771968,bulk,0.01,True,BISECT,5120000,104888,ZFP,0.03,48.81397299977118,48.81397299977118,True,11,17,35
mp-771968,bulk,0.01,True,SCAN-ZFP,5120000,104888,ZFP,0.03,48.81397299977118,48.81397299977118,True,2,8,35
mp-771968,bulk,0.01,True,SCAN-SZ3,5120000,106044,SZ3,0.0003,48.28184527177398,48.81397299977118,True,4,10,35
mp-771968,bulk,0.01,True,SCAN-SPERR,5120000,386653,SPERR,0.001,13.241847341156024,48.81397299977118,True,3,9,35
mp-771968,bulk,0.01,True,BISECT-ZFP,5120000,104888,ZFP,0.03,48.81397299977118,48.81397299977118,True,4,10,35
mp-771968,bulk,0.01,True,BISECT-SZ3,5120000,106044,SZ3,0.0003,48.28184527177398,48.81397299977118,True,4,10,35
mp-771968,bulk,0.01,True,BISECT-SPERR,5120000,386653,SPERR,0.001,13.241847341156024,48.81397299977118,True,3,9,35
mp-772185,bulk,0.0001,True,EXHAUSTIVE,11796480,1453024,ZFP,1e-05,8.118572026339551,8.118572026339551,True,35,41,35
mp-772185,bulk,0.0001,True,SCAN,11796480,1453024,ZFP,1e-05,8.118572026339551,8.118572026339551,True,29,35,35
mp-772185,bulk,0.0001,True,BISECT,11796480,1453024,ZFP,1e-05,8.118572026339551,8.118572026339551,True,12,18,35
mp-772185,bulk,0.0001,True,SCAN-ZFP,11796480,1453024,ZFP,1e-05,8.118572026339551,8.118572026339551,True,9,15,35
mp-772185,bulk,0.0001,True,SCAN-SZ3,11796480,1843931,SZ3,3e-07,6.397462811786341,8.118572026339551,True,10,16,35
mp-772185,bulk,0.0001,True,SCAN-SPERR,11796480,2849933,SPERR,3e-07,4.139213097290357,8.118572026339551,True,10,16,35
mp-772185,bulk,0.0001,True,BISECT-ZFP,11796480,1453024,ZFP,1e-05,8.118572026339551,8.118572026339551,True,4,10,35
mp-772185,bulk,0.0001,True,BISECT-SZ3,11796480,1843931,SZ3,3e-07,6.397462811786341,8.118572026339551,True,4,10,35
mp-772185,bulk,0.0001,True,BISECT-SPERR,11796480,2849933,SPERR,3e-07,4.139213097290357,8.118572026339551,True,4,10,35
mp-772185,bulk,0.001,True,EXHAUSTIVE,11796480,752632,ZFP,0.0003,15.67363598677707,15.67363598677707,True,35,41,35
mp-772185,bulk,0.001,True,SCAN,11796480,752632,ZFP,0.0003,15.67363598677707,15.67363598677707,True,19,25,35
mp-772185,bulk,0.001,True,BISECT,11796480,752632,ZFP,0.0003,15.67363598677707,15.67363598677707,True,11,17,35
mp-772185,bulk,0.001,True,SCAN-ZFP,11796480,752632,ZFP,0.0003,15.67363598677707,15.67363598677707,True,6,12,35
mp-772185,bulk,0.001,True,SCAN-SZ3,11796480,806573,SZ3,1e-05,14.625433779707478,15.67363598677707,True,7,13,35
mp-772185,bulk,0.001,True,SCAN-SPERR,11796480,1621593,SPERR,3e-05,7.2746243971206095,15.67363598677707,True,6,12,35
mp-772185,bulk,0.001,True,BISECT-ZFP,11796480,752632,ZFP,0.0003,15.67363598677707,15.67363598677707,True,4,10,35
mp-772185,bulk,0.001,True,BISECT-SZ3,11796480,806573,SZ3,1e-05,14.625433779707478,15.67363598677707,True,4,10,35
mp-772185,bulk,0.001,True,BISECT-SPERR,11796480,1621593,SPERR,3e-05,7.2746243971206095,15.67363598677707,True,3,9,35
mp-772185,bulk,0.01,True,EXHAUSTIVE,11796480,191441,SZ3,0.0003,61.61940232238653,61.61940232238653,True,35,41,35
mp-772185,bulk,0.01,True,SCAN,11796480,191441,SZ3,0.0003,61.61940232238653,61.61940232238653,True,13,19,35
mp-772185,bulk,0.01,True,BISECT,11796480,191441,SZ3,0.0003,61.61940232238653,61.61940232238653,True,12,18,35
mp-772185,bulk,0.01,True,SCAN-ZFP,11796480,445760,ZFP,0.003,26.46374730796841,61.61940232238653,True,4,10,35
mp-772185,bulk,0.01,True,SCAN-SZ3,11796480,191441,SZ3,0.0003,61.61940232238653,61.61940232238653,True,4,10,35
mp-772185,bulk,0.01,True,SCAN-SPERR,11796480,1292326,SPERR,0.0001,9.1280992566891,61.61940232238653,True,5,11,35
mp-772185,bulk,0.01,True,BISECT-ZFP,11796480,445760,ZFP,0.003,26.46374730796841,61.61940232238653,True,4,10,35
mp-772185,bulk,0.01,True,BISECT-SZ3,11796480,191441,SZ3,0.0003,61.61940232238653,61.61940232238653,True,4,10,35
mp-772185,bulk,0.01,True,BISECT-SPERR,11796480,1292326,SPERR,0.0001,9.1280992566891,61.61940232238653,True,4,10,35
mp-773101,bulk,0.0001,False,EXHAUSTIVE,16777216,16777216,,,,,False,0,6,33
mp-773101,bulk,0.0001,False,SCAN,16777216,16777216,,,,,False,0,6,33
mp-773101,bulk,0.0001,False,BISECT,16777216,16777216,,,,,False,0,6,33
mp-773101,bulk,0.0001,False,SCAN-ZFP,16777216,16777216,,,,,False,0,6,33
mp-773101,bulk,0.0001,False,SCAN-SZ3,16777216,16777216,,,,,False,0,6,33
mp-773101,bulk,0.0001,False,SCAN-SPERR,16777216,16777216,,,,,False,0,6,33
mp-773101,bulk,0.0001,False,BISECT-ZFP,16777216,16777216,,,,,False,0,6,33
mp-773101,bulk,0.0001,False,BISECT-SZ3,16777216,16777216,,,,,False,0,6,33
mp-773101,bulk,0.0001,False,BISECT-SPERR,16777216,16777216,,,,,False,0,6,33
mp-773101,bulk,0.001,True,EXHAUSTIVE,16777216,619216,SPERR,1e-05,27.09428696932896,27.09428696932896,True,33,39,33
mp-773101,bulk,0.001,True,SCAN,16777216,619216,SPERR,1e-05,27.09428696932896,27.09428696932896,True,20,26,33
mp-773101,bulk,0.001,True,BISECT,16777216,619216,SPERR,1e-05,27.09428696932896,27.09428696932896,True,12,18,33
mp-773101,bulk,0.001,True,SCAN-ZFP,16777216,1296624,ZFP,0.0001,12.939152753612458,27.09428696932896,True,5,11,33
mp-773101,bulk,0.001,True,SCAN-SZ3,16777216,1395349,SZ3,3e-06,12.02367006390516,27.09428696932896,True,7,13,33
mp-773101,bulk,0.001,True,SCAN-SPERR,16777216,619216,SPERR,1e-05,27.09428696932896,27.09428696932896,True,8,14,33
mp-773101,bulk,0.001,True,BISECT-ZFP,16777216,1296624,ZFP,0.0001,12.939152753612458,27.09428696932896,True,4,10,33
mp-773101,bulk,0.001,True,BISECT-SZ3,16777216,1395349,SZ3,3e-06,12.02367006390516,27.09428696932896,True,4,10,33
mp-773101,bulk,0.001,True,BISECT-SPERR,16777216,619216,SPERR,1e-05,27.09428696932896,27.09428696932896,True,4,10,33
mp-773101,bulk,0.01,True,EXHAUSTIVE,16777216,58751,SPERR,0.003,285.56477336555974,285.56477336555974,True,33,39,33
mp-773101,bulk,0.01,True,SCAN,16777216,58751,SPERR,0.003,285.56477336555974,285.56477336555974,True,8,14,33
mp-773101,bulk,0.01,True,BISECT,16777216,174876,SPERR,0.0003,95.93778448729384,285.56477336555974,True,11,17,33
mp-773101,bulk,0.01,True,SCAN-ZFP,16777216,563320,ZFP,0.003,29.78274515373145,285.56477336555974,True,2,8,33
mp-773101,bulk,0.01,True,SCAN-SZ3,16777216,211767,SZ3,0.0003,79.22488395264607,285.56477336555974,True,3,9,33
mp-773101,bulk,0.01,True,SCAN-SPERR,16777216,58751,SPERR,0.003,285.56477336555974,285.56477336555974,True,3,9,33
mp-773101,bulk,0.01,True,BISECT-ZFP,16777216,563320,ZFP,0.003,29.78274515373145,285.56477336555974,True,4,10,33
mp-773101,bulk,0.01,True,BISECT-SZ3,16777216,211767,SZ3,0.0003,79.22488395264607,285.56477336555974,True,3,9,33
mp-773101,bulk,0.01,True,BISECT-SPERR,16777216,174876,SPERR,0.0003,95.93778448729384,285.56477336555974,True,4,10,33
mp-776076,bulk,0.0001,True,EXHAUSTIVE,19906560,2523336,ZFP,3e-06,7.888985057875763,7.888985057875763,True,34,40,34
mp-776076,bulk,0.0001,True,SCAN,19906560,2523336,ZFP,3e-06,7.888985057875763,7.888985057875763,True,30,36,34
mp-776076,bulk,0.0001,True,BISECT,19906560,2523336,ZFP,3e-06,7.888985057875763,7.888985057875763,True,12,18,34
mp-776076,bulk,0.0001,True,SCAN-ZFP,19906560,2523336,ZFP,3e-06,7.888985057875763,7.888985057875763,True,9,15,34
mp-776076,bulk,0.0001,True,SCAN-SZ3,19906560,3422231,SZ3,1e-07,5.816837028242687,7.888985057875763,True,11,17,34
mp-776076,bulk,0.0001,True,SCAN-SPERR,19906560,4728849,SPERR,3e-07,4.209599418378553,7.888985057875763,True,10,16,34
mp-776076,bulk,0.0001,True,BISECT-ZFP,19906560,2523336,ZFP,3e-06,7.888985057875763,7.888985057875763,True,4,10,34
mp-776076,bulk,0.0001,True,BISECT-SZ3,19906560,3422231,SZ3,1e-07,5.816837028242687,7.888985057875763,True,4,10,34
mp-776076,bulk,0.0001,True,BISECT-SPERR,19906560,4728849,SPERR,3e-07,4.209599418378553,7.888985057875763,True,4,10,34
mp-776076,bulk,0.001,True,EXHAUSTIVE,19906560,1079007,SZ3,1e-05,18.448962796348862,18.448962796348862,True,34,40,34
mp-776076,bulk,0.001,True,SCAN,19906560,1079007,SZ3,1e-05,18.448962796348862,18.448962796348862,True,19,25,34
mp-776076,bulk,0.001,True,BISECT,19906560,1079007,SZ3,1e-05,18.448962796348862,18.448962796348862,True,12,18,34
mp-776076,bulk,0.001,True,SCAN-ZFP,19906560,1139944,ZFP,0.0003,17.462752556265922,18.448962796348862,True,5,11,34
mp-776076,bulk,0.001,True,SCAN-SZ3,19906560,1079007,SZ3,1e-05,18.448962796348862,18.448962796348862,True,7,13,34
mp-776076,bulk,0.001,True,SCAN-SPERR,19906560,3154994,SPERR,1e-05,6.309539732880633,18.448962796348862,True,7,13,34
mp-776076,bulk,0.001,True,BISECT-ZFP,19906560,1139944,ZFP,0.0003,17.462752556265922,18.448962796348862,True,4,10,34
mp-776076,bulk,0.001,True,BISECT-SZ3,19906560,1079007,SZ3,1e-05,18.448962796348862,18.448962796348862,True,4,10,34
mp-776076,bulk,0.001,True,BISECT-SPERR,19906560,3154994,SPERR,1e-05,6.309539732880633,18.448962796348862,True,4,10,34
mp-776076,bulk,0.01,True,EXHAUSTIVE,19906560,202352,SZ3,0.0003,98.375899422788,98.375899422788,True,34,40,34
mp-776076,bulk,0.01,True,SCAN,19906560,202352,SZ3,0.0003,98.375899422788,98.375899422788,True,10,16,34
mp-776076,bulk,0.01,True,BISECT,19906560,202352,SZ3,0.0003,98.375899422788,98.375899422788,True,12,18,34
mp-776076,bulk,0.01,True,SCAN-ZFP,19906560,452296,ZFP,0.01,44.012239772184586,98.375899422788,True,2,8,34
mp-776076,bulk,0.01,True,SCAN-SZ3,19906560,202352,SZ3,0.0003,98.375899422788,98.375899422788,True,4,10,34
mp-776076,bulk,0.01,True,SCAN-SPERR,19906560,1624976,SPERR,0.0003,12.250371697797382,98.375899422788,True,4,10,34
mp-776076,bulk,0.01,True,BISECT-ZFP,19906560,452296,ZFP,0.01,44.012239772184586,98.375899422788,True,4,10,34
mp-776076,bulk,0.01,True,BISECT-SZ3,19906560,202352,SZ3,0.0003,98.375899422788,98.375899422788,True,4,10,34
mp-776076,bulk,0.01,True,BISECT-SPERR,19906560,1624976,SPERR,0.0003,12.250371697797382,98.375899422788,True,4,10,34
mp-776331,bulk,0.0001,True,EXHAUSTIVE,7902720,1425656,ZFP,1e-06,5.543216596429994,5.543216596429994,True,35,41,35
mp-776331,bulk,0.0001,True,SCAN,7902720,1425656,ZFP,1e-06,5.543216596429994,5.543216596429994,True,32,38,35
mp-776331,bulk,0.0001,True,BISECT,7902720,1425656,ZFP,1e-06,5.543216596429994,5.543216596429994,True,12,18,35
mp-776331,bulk,0.0001,True,SCAN-ZFP,7902720,1425656,ZFP,1e-06,5.543216596429994,5.543216596429994,True,11,17,35
mp-776331,bulk,0.0001,True,SCAN-SZ3,7902720,1627424,SZ3,1e-07,4.855968696541282,5.543216596429994,True,11,17,35
mp-776331,bulk,0.0001,True,SCAN-SPERR,7902720,1889671,SPERR,3e-07,4.182061321785644,5.543216596429994,True,10,16,35
mp-776331,bulk,0.0001,True,BISECT-ZFP,7902720,1425656,ZFP,1e-06,5.543216596429994,5.543216596429994,True,4,10,35
mp-776331,bulk,0.0001,True,BISECT-SZ3,7902720,1627424,SZ3,1e-07,4.855968696541282,5.543216596429994,True,4,10,35
mp-776331,bulk,0.0001,True,BISECT-SPERR,7902720,1889671,SPERR,3e-07,4.182061321785644,5.543216596429994,True,4,10,35
mp-776331,bulk,0.001,True,EXHAUSTIVE,7902720,569212,SZ3,1e-05,13.883614540803778,13.883614540803778,True,35,41,35
mp-776331,bulk,0.001,True,SCAN,7902720,569212,SZ3,1e-05,13.883614540803778,13.883614540803778,True,21,27,35
mp-776331,bulk,0.001,True,BISECT,7902720,569212,SZ3,1e-05,13.883614540803778,13.883614540803778,True,11,17,35
mp-776331,bulk,0.001,True,SCAN-ZFP,7902720,714512,ZFP,0.0001,11.060304095662492,13.883614540803778,True,7,13,35
mp-776331,bulk,0.001,True,SCAN-SZ3,7902720,569212,SZ3,1e-05,13.883614540803778,13.883614540803778,True,7,13,35
mp-776331,bulk,0.001,True,SCAN-SPERR,7902720,1264877,SPERR,1e-05,6.247816981414003,13.883614540803778,True,7,13,35
mp-776331,bulk,0.001,True,BISECT-ZFP,7902720,714512,ZFP,0.0001,11.060304095662492,13.883614540803778,True,3,9,35
mp-776331,bulk,0.001,True,BISECT-SZ3,7902720,569212,SZ3,1e-05,13.883614540803778,13.883614540803778,True,4,10,35
mp-776331,bulk,0.001,True,BISECT-SPERR,7902720,1264877,SPERR,1e-05,6.247816981414003,13.883614540803778,True,4,10,35
mp-776331,bulk,0.01,True,EXHAUSTIVE,7902720,124442,SZ3,0.0003,63.50524742450298,63.50524742450298,True,35,41,35
mp-776331,bulk,0.01,True,SCAN,7902720,124442,SZ3,0.0003,63.50524742450298,63.50524742450298,True,13,19,35
mp-776331,bulk,0.01,True,BISECT,7902720,124442,SZ3,0.0003,63.50524742450298,63.50524742450298,True,12,18,35
mp-776331,bulk,0.01,True,SCAN-ZFP,7902720,312928,ZFP,0.003,25.25411596277738,63.50524742450298,True,4,10,35
mp-776331,bulk,0.01,True,SCAN-SZ3,7902720,124442,SZ3,0.0003,63.50524742450298,63.50524742450298,True,4,10,35
mp-776331,bulk,0.01,True,SCAN-SPERR,7902720,847872,SPERR,0.0001,9.320652173913045,63.50524742450298,True,5,11,35
mp-776331,bulk,0.01,True,BISECT-ZFP,7902720,312928,ZFP,0.003,25.25411596277738,63.50524742450298,True,4,10,35
mp-776331,bulk,0.01,True,BISECT-SZ3,7902720,124442,SZ3,0.0003,63.50524742450298,63.50524742450298,True,4,10,35
mp-776331,bulk,0.01,True,BISECT-SPERR,7902720,847872,SPERR,0.0001,9.320652173913045,63.50524742450298,True,4,10,35
mp-779079,bulk,0.0001,False,EXHAUSTIVE,16777216,16777216,,,,,False,0,6,32
mp-779079,bulk,0.0001,False,SCAN,16777216,16777216,,,,,False,0,6,32
mp-779079,bulk,0.0001,False,BISECT,16777216,16777216,,,,,False,0,6,32
mp-779079,bulk,0.0001,False,SCAN-ZFP,16777216,16777216,,,,,False,0,6,32
mp-779079,bulk,0.0001,False,SCAN-SZ3,16777216,16777216,,,,,False,0,6,32
mp-779079,bulk,0.0001,False,SCAN-SPERR,16777216,16777216,,,,,False,0,6,32
mp-779079,bulk,0.0001,False,BISECT-ZFP,16777216,16777216,,,,,False,0,6,32
mp-779079,bulk,0.0001,False,BISECT-SZ3,16777216,16777216,,,,,False,0,6,32
mp-779079,bulk,0.0001,False,BISECT-SPERR,16777216,16777216,,,,,False,0,6,32
mp-779079,bulk,0.001,True,EXHAUSTIVE,16777216,879888,SPERR,3e-06,19.06744494753877,19.06744494753877,True,32,38,32
mp-779079,bulk,0.001,True,SCAN,16777216,879888,SPERR,3e-06,19.06744494753877,19.06744494753877,True,21,27,32
mp-779079,bulk,0.001,True,BISECT,16777216,879888,SPERR,3e-06,19.06744494753877,19.06744494753877,True,11,17,32
mp-779079,bulk,0.001,True,SCAN-ZFP,16777216,1531408,ZFP,3e-05,10.95541880413319,19.06744494753877,True,6,12,32
mp-779079,bulk,0.001,True,SCAN-SZ3,16777216,1377300,SZ3,3e-06,12.18123575110724,19.06744494753877,True,7,13,32
mp-779079,bulk,0.001,True,SCAN-SPERR,16777216,879888,SPERR,3e-06,19.06744494753877,19.06744494753877,True,8,14,32
mp-779079,bulk,0.001,True,BISECT-ZFP,16777216,1531408,ZFP,3e-05,10.95541880413319,19.06744494753877,True,3,9,32
mp-779079,bulk,0.001,True,BISECT-SZ3,16777216,1377300,SZ3,3e-06,12.18123575110724,19.06744494753877,True,4,10,32
mp-779079,bulk,0.001,True,BISECT-SPERR,16777216,879888,SPERR,3e-06,19.06744494753877,19.06744494753877,True,4,10,32
mp-779079,bulk,0.01,True,EXHAUSTIVE,16777216,172655,SPERR,0.0003,97.17190929889084,97.17190929889084,True,32,38,32
mp-779079,bulk,0.01,True,SCAN,16777216,172655,SPERR,0.0003,97.17190929889084,97.17190929889084,True,11,17,32
mp-779079,bulk,0.01,True,BISECT,16777216,172655,SPERR,0.0003,97.17190929889084,97.17190929889084,True,11,17,32
mp-779079,bulk,0.01,True,SCAN-ZFP,16777216,700400,ZFP,0.001,23.9537635636779,97.17190929889084,True,3,9,32
mp-779079,bulk,0.01,True,SCAN-SZ3,16777216,370148,SZ3,0.0001,45.325696748327694,97.17190929889084,True,4,10,32
mp-779079,bulk,0.01,True,SCAN-SPERR,16777216,172655,SPERR,0.0003,97.17190929889084,97.17190929889084,True,4,10,32
mp-779079,bulk,0.01,True,BISECT-ZFP,16777216,700400,ZFP,0.001,23.9537635636779,97.17190929889084,True,3,9,32
mp-779079,bulk,0.01,True,BISECT-SZ3,16777216,370148,SZ3,0.0001,45.325696748327694,97.17190929889084,True,4,10,32
mp-779079,bulk,0.01,True,BISECT-SPERR,16777216,172655,SPERR,0.0003,97.17190929889084,97.17190929889084,True,4,10,32
mp-782011,bulk,0.0001,False,EXHAUSTIVE,17418240,17418240,,,,,False,0,6,35
mp-782011,bulk,0.0001,False,SCAN,17418240,17418240,,,,,False,0,6,35
mp-782011,bulk,0.0001,False,BISECT,17418240,17418240,,,,,False,0,6,35
mp-782011,bulk,0.0001,False,SCAN-ZFP,17418240,17418240,,,,,False,0,6,35
mp-782011,bulk,0.0001,False,SCAN-SZ3,17418240,17418240,,,,,False,0,6,35
mp-782011,bulk,0.0001,False,SCAN-SPERR,17418240,17418240,,,,,False,0,6,35
mp-782011,bulk,0.0001,False,BISECT-ZFP,17418240,17418240,,,,,False,0,6,35
mp-782011,bulk,0.0001,False,BISECT-SZ3,17418240,17418240,,,,,False,0,6,35
mp-782011,bulk,0.0001,False,BISECT-SPERR,17418240,17418240,,,,,False,0,6,35
mp-782011,bulk,0.001,True,EXHAUSTIVE,17418240,1596244,SZ3,3e-06,10.912015957460138,10.912015957460138,True,35,41,35
mp-782011,bulk,0.001,True,SCAN,17418240,1596244,SZ3,3e-06,10.912015957460138,10.912015957460138,True,23,29,35
mp-782011,bulk,0.001,True,BISECT,17418240,1596244,SZ3,3e-06,10.912015957460138,10.912015957460138,True,11,17,35
mp-782011,bulk,0.001,True,SCAN-ZFP,17418240,1697192,ZFP,3e-05,10.262975550202924,10.912015957460138,True,8,14,35
mp-782011,bulk,0.001,True,SCAN-SZ3,17418240,1596244,SZ3,3e-06,10.912015957460138,10.912015957460138,True,8,14,35
mp-782011,bulk,0.001,True,SCAN-SPERR,17418240,2942511,SPERR,1e-05,5.919515678955831,10.912015957460138,True,7,13,35
mp-782011,bulk,0.001,True,BISECT-ZFP,17418240,1697192,ZFP,3e-05,10.262975550202924,10.912015957460138,True,4,10,35
mp-782011,bulk,0.001,True,BISECT-SZ3,17418240,1596244,SZ3,3e-06,10.912015957460138,10.912015957460138,True,4,10,35
mp-782011,bulk,0.001,True,BISECT-SPERR,17418240,3844494,SPERR,1e-06,4.530697667885553,10.912015957460138,True,3,9,35
mp-782011,bulk,0.01,True,EXHAUSTIVE,17418240,402663,SZ3,0.0001,43.25761244514644,43.25761244514644,True,35,41,35
mp-782011,bulk,0.01,True,SCAN,17418240,402663,SZ3,0.0001,43.25761244514644,43.25761244514644,True,15,21,35
mp-782011,bulk,0.01,True,BISECT,17418240,402663,SZ3,0.0001,43.25761244514644,43.25761244514644,True,12,18,35
mp-782011,bulk,0.01,True,SCAN-ZFP,17418240,793296,ZFP,0.001,21.95679796696315,43.25761244514644,True,5,11,35
mp-782011,bulk,0.01,True,SCAN-SZ3,17418240,402663,SZ3,0.0001,43.25761244514644,43.25761244514644,True,5,11,35
mp-782011,bulk,0.01,True,SCAN-SPERR,17418240,2021918,SPERR,0.0001,8.614711378008407,43.25761244514644,True,5,11,35
mp-782011,bulk,0.01,True,BISECT-ZFP,17418240,793296,ZFP,0.001,21.95679796696315,43.25761244514644,True,4,10,35
mp-782011,bulk,0.01,True,BISECT-SZ3,17418240,402663,SZ3,0.0001,43.25761244514644,43.25761244514644,True,4,10,35
mp-782011,bulk,0.01,True,BISECT-SPERR,17418240,2021918,SPERR,0.0001,8.614711378008407,43.25761244514644,True,4,10,35
mp-849339,bulk,0.0001,False,EXHAUSTIVE,6096384,6096384,,,,,False,0,6,34
mp-849339,bulk,0.0001,False,SCAN,6096384,6096384,,,,,False,0,6,34
mp-849339,bulk,0.0001,False,BISECT,6096384,6096384,,,,,False,0,6,34
mp-849339,bulk,0.0001,False,SCAN-ZFP,6096384,6096384,,,,,False,0,6,34
mp-849339,bulk,0.0001,False,SCAN-SZ3,6096384,6096384,,,,,False,0,6,34
mp-849339,bulk,0.0001,False,SCAN-SPERR,6096384,6096384,,,,,False,0,6,34
mp-849339,bulk,0.0001,False,BISECT-ZFP,6096384,6096384,,,,,False,0,6,34
mp-849339,bulk,0.0001,False,BISECT-SZ3,6096384,6096384,,,,,False,0,6,34
mp-849339,bulk,0.0001,False,BISECT-SPERR,6096384,6096384,,,,,False,0,6,34
mp-849339,bulk,0.001,True,EXHAUSTIVE,6096384,422505,SZ3,1e-05,14.429140483544574,14.429140483544574,True,34,40,34
mp-849339,bulk,0.001,True,SCAN,6096384,422505,SZ3,1e-05,14.429140483544574,14.429140483544574,True,26,32,34
mp-849339,bulk,0.001,True,BISECT,6096384,422505,SZ3,1e-05,14.429140483544574,14.429140483544574,True,10,16,34
mp-849339,bulk,0.001,True,SCAN-ZFP,6096384,1043960,ZFP,1e-06,5.839672018084984,14.429140483544574,True,11,17,34
mp-849339,bulk,0.001,True,SCAN-SZ3,6096384,422505,SZ3,1e-05,14.429140483544574,14.429140483544574,True,6,12,34
mp-849339,bulk,0.001,True,SCAN-SPERR,6096384,1380143,SPERR,1e-06,4.417211839642704,14.429140483544574,True,9,15,34
mp-849339,bulk,0.001,True,BISECT-ZFP,6096384,1043960,ZFP,1e-06,5.839672018084984,14.429140483544574,True,4,10,34
mp-849339,bulk,0.001,True,BISECT-SZ3,6096384,422505,SZ3,1e-05,14.429140483544574,14.429140483544574,True,3,9,34
mp-849339,bulk,0.001,True,BISECT-SPERR,6096384,1380143,SPERR,1e-06,4.417211839642704,14.429140483544574,True,3,9,34
mp-849339,bulk,0.01,True,EXHAUSTIVE,6096384,101103,SZ3,0.0003,60.29874484436664,60.29874484436664,True,34,40,34
mp-849339,bulk,0.01,True,SCAN,6096384,101103,SZ3,0.0003,60.29874484436664,60.29874484436664,True,12,18,34
mp-849339,bulk,0.01,True,BISECT,6096384,101103,SZ3,0.0003,60.29874484436664,60.29874484436664,True,11,17,34
mp-849339,bulk,0.01,True,SCAN-ZFP,6096384,197448,ZFP,0.003,30.875896438555973,60.29874484436664,True,4,10,34
mp-849339,bulk,0.01,True,SCAN-SZ3,6096384,101103,SZ3,0.0003,60.29874484436664,60.29874484436664,True,3,9,34
mp-849339,bulk,0.01,True,SCAN-SPERR,6096384,742631,SPERR,0.0001,8.209169829969392,60.29874484436664,True,5,11,34
mp-849339,bulk,0.01,True,BISECT-ZFP,6096384,197448,ZFP,0.003,30.875896438555973,60.29874484436664,True,4,10,34
mp-849339,bulk,0.01,True,BISECT-SZ3,6096384,101103,SZ3,0.0003,60.29874484436664,60.29874484436664,True,3,9,34
mp-849339,bulk,0.01,True,BISECT-SPERR,6096384,742631,SPERR,0.0001,8.209169829969392,60.29874484436664,True,4,10,34
mp-864652,bulk,0.0001,False,EXHAUSTIVE,19660800,19660800,,,,,False,0,6,32
mp-864652,bulk,0.0001,False,SCAN,19660800,19660800,,,,,False,0,6,32
mp-864652,bulk,0.0001,False,BISECT,19660800,19660800,,,,,False,0,6,32
mp-864652,bulk,0.0001,False,SCAN-ZFP,19660800,19660800,,,,,False,0,6,32
mp-864652,bulk,0.0001,False,SCAN-SZ3,19660800,19660800,,,,,False,0,6,32
mp-864652,bulk,0.0001,False,SCAN-SPERR,19660800,19660800,,,,,False,0,6,32
mp-864652,bulk,0.0001,False,BISECT-ZFP,19660800,19660800,,,,,False,0,6,32
mp-864652,bulk,0.0001,False,BISECT-SZ3,19660800,19660800,,,,,False,0,6,32
mp-864652,bulk,0.0001,False,BISECT-SPERR,19660800,19660800,,,,,False,0,6,32
mp-864652,bulk,0.001,True,EXHAUSTIVE,19660800,1290208,ZFP,3e-05,15.238473176418069,15.238473176418069,True,32,38,32
mp-864652,bulk,0.001,True,SCAN,19660800,1290208,ZFP,3e-05,15.238473176418069,15.238473176418069,True,23,29,32
mp-864652,bulk,0.001,True,BISECT,19660800,1290208,ZFP,3e-05,15.238473176418069,15.238473176418069,True,11,17,32
mp-864652,bulk,0.001,True,SCAN-ZFP,19660800,1290208,ZFP,3e-05,15.238473176418069,15.238473176418069,True,7,13,32
mp-864652,bulk,0.001,True,SCAN-SZ3,19660800,1387755,SZ3,1e-06,14.167342218186928,15.238473176418069,True,8,14,32
mp-864652,bulk,0.001,True,SCAN-SPERR,19660800,3424510,SPERR,1e-06,5.741200930936104,15.238473176418069,True,8,14,32
mp-864652,bulk,0.001,True,BISECT-ZFP,19660800,1290208,ZFP,3e-05,15.238473176418069,15.238473176418069,True,3,9,32
mp-864652,bulk,0.001,True,BISECT-SZ3,19660800,1387755,SZ3,1e-06,14.167342218186928,15.238473176418069,True,4,10,32
mp-864652,bulk,0.001,True,BISECT-SPERR,19660800,3424510,SPERR,1e-06,5.741200930936104,15.238473176418069,True,4,10,32
mp-864652,bulk,0.01,True,EXHAUSTIVE,19660800,178034,SZ3,0.0001,110.43283867126505,110.43283867126505,True,32,38,32
mp-864652,bulk,0.01,True,SCAN,19660800,178034,SZ3,0.0001,110.43283867126505,110.43283867126505,True,11,17,32
mp-864652,bulk,0.01,True,BISECT,19660800,178034,SZ3,0.0001,110.43283867126505,110.43283867126505,True,12,18,32
mp-864652,bulk,0.01,True,SCAN-ZFP,19660800,453528,ZFP,0.003,43.3507964227126,110.43283867126505,True,3,9,32
mp-864652,bulk,0.01,True,SCAN-SZ3,19660800,178034,SZ3,0.0001,110.43283867126505,110.43283867126505,True,4,10,32
mp-864652,bulk,0.01,True,SCAN-SPERR,19660800,1460084,SPERR,0.0001,13.465526640932987,110.43283867126505,True,4,10,32
mp-864652,bulk,0.01,True,BISECT-ZFP,19660800,453528,ZFP,0.003,43.3507964227126,110.43283867126505,True,4,10,32
mp-864652,bulk,0.01,True,BISECT-SZ3,19660800,178034,SZ3,0.0001,110.43283867126505,110.43283867126505,True,4,10,32
mp-864652,bulk,0.01,True,BISECT-SPERR,19660800,1460084,SPERR,0.0001,13.465526640932987,110.43283867126505,True,4,10,32
mp-864965,bulk,0.0001,True,EXHAUSTIVE,4096000,312016,SPERR,3e-07,13.127531921439926,13.127531921439926,True,27,33,27
mp-864965,bulk,0.0001,True,SCAN,4096000,312016,SPERR,3e-07,13.127531921439926,13.127531921439926,True,22,28,27
mp-864965,bulk,0.0001,True,BISECT,4096000,312016,SPERR,3e-07,13.127531921439926,13.127531921439926,True,10,16,27
mp-864965,bulk,0.0001,True,SCAN-ZFP,4096000,500584,ZFP,3e-06,8.182442906684992,13.127531921439926,True,7,13,27
mp-864965,bulk,0.0001,True,SCAN-SZ3,4096000,523096,SZ3,3e-07,7.830302659550063,13.127531921439926,True,7,13,27
mp-864965,bulk,0.0001,True,SCAN-SPERR,4096000,312016,SPERR,3e-07,13.127531921439926,13.127531921439926,True,8,14,27
mp-864965,bulk,0.0001,True,BISECT-ZFP,4096000,500584,ZFP,3e-06,8.182442906684992,13.127531921439926,True,4,10,27
mp-864965,bulk,0.0001,True,BISECT-SZ3,4096000,523096,SZ3,3e-07,7.830302659550063,13.127531921439926,True,3,9,27
mp-864965,bulk,0.0001,True,BISECT-SPERR,4096000,312016,SPERR,3e-07,13.127531921439926,13.127531921439926,True,3,9,27
mp-864965,bulk,0.001,True,EXHAUSTIVE,4096000,118259,SPERR,1e-05,34.6358416695558,34.6358416695558,True,27,33,27
mp-864965,bulk,0.001,True,SCAN,4096000,118259,SPERR,1e-05,34.6358416695558,34.6358416695558,True,19,25,27
mp-864965,bulk,0.001,True,BISECT,4096000,118259,SPERR,1e-05,34.6358416695558,34.6358416695558,True,10,16,27
mp-864965,bulk,0.001,True,SCAN-ZFP,4096000,500584,ZFP,3e-06,8.182442906684992,34.6358416695558,True,7,13,27
mp-864965,bulk,0.001,True,SCAN-SZ3,4096000,523096,SZ3,3e-07,7.830302659550063,34.6358416695558,True,7,13,27
mp-864965,bulk,0.001,True,SCAN-SPERR,4096000,118259,SPERR,1e-05,34.6358416695558,34.6358416695558,True,5,11,27
mp-864965,bulk,0.001,True,BISECT-ZFP,4096000,500584,ZFP,3e-06,8.182442906684992,34.6358416695558,True,4,10,27
mp-864965,bulk,0.001,True,BISECT-SZ3,4096000,523096,SZ3,3e-07,7.830302659550063,34.6358416695558,True,3,9,27
mp-864965,bulk,0.001,True,BISECT-SPERR,4096000,118259,SPERR,1e-05,34.6358416695558,34.6358416695558,True,3,9,27
mp-864965,bulk,0.01,True,EXHAUSTIVE,4096000,80790,SPERR,3e-05,50.699343978215126,50.699343978215126,True,27,33,27
mp-864965,bulk,0.01,True,SCAN,4096000,80790,SPERR,3e-05,50.699343978215126,50.699343978215126,True,12,18,27
mp-864965,bulk,0.01,True,BISECT,4096000,80790,SPERR,3e-05,50.699343978215126,50.699343978215126,True,10,16,27
mp-864965,bulk,0.01,True,SCAN-ZFP,4096000,261432,ZFP,0.0001,15.66755408672236,50.699343978215126,True,4,10,27
mp-864965,bulk,0.01,True,SCAN-SZ3,4096000,179722,SZ3,1e-05,22.79075460989751,50.699343978215126,True,4,10,27
mp-864965,bulk,0.01,True,SCAN-SPERR,4096000,80790,SPERR,3e-05,50.699343978215126,50.699343978215126,True,4,10,27
mp-864965,bulk,0.01,True,BISECT-ZFP,4096000,261432,ZFP,0.0001,15.66755408672236,50.699343978215126,True,4,10,27
mp-864965,bulk,0.01,True,BISECT-SZ3,4096000,373023,SZ3,1e-06,10.98055615873552,50.699343978215126,True,3,9,27
mp-864965,bulk,0.01,True,BISECT-SPERR,4096000,80790,SPERR,3e-05,50.699343978215126,50.699343978215126,True,3,9,27
mp-865006,bulk,0.0001,False,EXHAUSTIVE,4096000,4096000,,,,,False,0,6,13
mp-865006,bulk,0.0001,False,SCAN,4096000,4096000,,,,,False,0,6,13
mp-865006,bulk,0.0001,False,BISECT,4096000,4096000,,,,,False,0,6,13
mp-865006,bulk,0.0001,False,SCAN-ZFP,4096000,4096000,,,,,False,0,6,13
mp-865006,bulk,0.0001,False,SCAN-SZ3,4096000,4096000,,,,,False,0,6,13
mp-865006,bulk,0.0001,False,SCAN-SPERR,4096000,4096000,,,,,False,0,6,13
mp-865006,bulk,0.0001,False,BISECT-ZFP,4096000,4096000,,,,,False,0,6,13
mp-865006,bulk,0.0001,False,BISECT-SZ3,4096000,4096000,,,,,False,0,6,13
mp-865006,bulk,0.0001,False,BISECT-SPERR,4096000,4096000,,,,,False,0,6,13
mp-865006,bulk,0.001,False,EXHAUSTIVE,4096000,4096000,,,,,False,0,6,13
mp-865006,bulk,0.001,False,SCAN,4096000,4096000,,,,,False,0,6,13
mp-865006,bulk,0.001,False,BISECT,4096000,4096000,,,,,False,0,6,13
mp-865006,bulk,0.001,False,SCAN-ZFP,4096000,4096000,,,,,False,0,6,13
mp-865006,bulk,0.001,False,SCAN-SZ3,4096000,4096000,,,,,False,0,6,13
mp-865006,bulk,0.001,False,SCAN-SPERR,4096000,4096000,,,,,False,0,6,13
mp-865006,bulk,0.001,False,BISECT-ZFP,4096000,4096000,,,,,False,0,6,13
mp-865006,bulk,0.001,False,BISECT-SZ3,4096000,4096000,,,,,False,0,6,13
mp-865006,bulk,0.001,False,BISECT-SPERR,4096000,4096000,,,,,False,0,6,13
mp-865006,bulk,0.01,True,EXHAUSTIVE,4096000,80315,SPERR,1e-05,50.999190686671234,50.999190686671234,True,13,19,13
mp-865006,bulk,0.01,True,SCAN,4096000,80315,SPERR,1e-05,50.999190686671234,50.999190686671234,True,13,19,13
mp-865006,bulk,0.01,True,BISECT,4096000,80315,SPERR,1e-05,50.999190686671234,50.999190686671234,True,7,13,13
mp-865006,bulk,0.01,True,SCAN-ZFP,4096000,4096000,,,,50.999190686671234,True,7,13,13
mp-865006,bulk,0.01,True,SCAN-SZ3,4096000,4096000,,,,50.999190686671234,True,1,7,13
mp-865006,bulk,0.01,True,SCAN-SPERR,4096000,80315,SPERR,1e-05,50.999190686671234,50.999190686671234,True,5,11,13
mp-865006,bulk,0.01,True,BISECT-ZFP,4096000,4096000,,,,50.999190686671234,True,3,9,13
mp-865006,bulk,0.01,True,BISECT-SZ3,4096000,4096000,,,,50.999190686671234,True,1,7,13
mp-865006,bulk,0.01,True,BISECT-SPERR,4096000,80315,SPERR,1e-05,50.999190686671234,50.999190686671234,True,3,9,13
mp-865801,bulk,0.0001,False,EXHAUSTIVE,4096000,4096000,,,,,False,0,6,18
mp-865801,bulk,0.0001,False,SCAN,4096000,4096000,,,,,False,0,6,18
mp-865801,bulk,0.0001,False,BISECT,4096000,4096000,,,,,False,0,6,18
mp-865801,bulk,0.0001,False,SCAN-ZFP,4096000,4096000,,,,,False,0,6,18
mp-865801,bulk,0.0001,False,SCAN-SZ3,4096000,4096000,,,,,False,0,6,18
mp-865801,bulk,0.0001,False,SCAN-SPERR,4096000,4096000,,,,,False,0,6,18
mp-865801,bulk,0.0001,False,BISECT-ZFP,4096000,4096000,,,,,False,0,6,18
mp-865801,bulk,0.0001,False,BISECT-SZ3,4096000,4096000,,,,,False,0,6,18
mp-865801,bulk,0.0001,False,BISECT-SPERR,4096000,4096000,,,,,False,0,6,18
mp-865801,bulk,0.001,False,EXHAUSTIVE,4096000,4096000,,,,,False,0,6,18
mp-865801,bulk,0.001,False,SCAN,4096000,4096000,,,,,False,0,6,18
mp-865801,bulk,0.001,False,BISECT,4096000,4096000,,,,,False,0,6,18
mp-865801,bulk,0.001,False,SCAN-ZFP,4096000,4096000,,,,,False,0,6,18
mp-865801,bulk,0.001,False,SCAN-SZ3,4096000,4096000,,,,,False,0,6,18
mp-865801,bulk,0.001,False,SCAN-SPERR,4096000,4096000,,,,,False,0,6,18
mp-865801,bulk,0.001,False,BISECT-ZFP,4096000,4096000,,,,,False,0,6,18
mp-865801,bulk,0.001,False,BISECT-SZ3,4096000,4096000,,,,,False,0,6,18
mp-865801,bulk,0.001,False,BISECT-SPERR,4096000,4096000,,,,,False,0,6,18
mp-865801,bulk,0.01,True,EXHAUSTIVE,4096000,48682,SPERR,0.0003,84.1378743683497,84.1378743683497,True,18,24,18
mp-865801,bulk,0.01,True,SCAN,4096000,48682,SPERR,0.0003,84.1378743683497,84.1378743683497,True,9,15,18
mp-865801,bulk,0.01,True,BISECT,4096000,48682,SPERR,0.0003,84.1378743683497,84.1378743683497,True,8,14,18
mp-865801,bulk,0.01,True,SCAN-ZFP,4096000,202504,ZFP,0.001,20.226760952870062,84.1378743683497,True,3,9,18
mp-865801,bulk,0.01,True,SCAN-SZ3,4096000,107565,SZ3,0.0001,38.07930088783526,84.1378743683497,True,3,9,18
mp-865801,bulk,0.01,True,SCAN-SPERR,4096000,48682,SPERR,0.0003,84.1378743683497,84.1378743683497,True,3,9,18
mp-865801,bulk,0.01,True,BISECT-ZFP,4096000,202504,ZFP,0.001,20.226760952870062,84.1378743683497,True,3,9,18
mp-865801,bulk,0.01,True,BISECT-SZ3,4096000,107565,SZ3,0.0001,38.07930088783526,84.1378743683497,True,2,8,18
mp-865801,bulk,0.01,True,BISECT-SPERR,4096000,48682,SPERR,0.0003,84.1378743683497,84.1378743683497,True,3,9,18
mp-887511,bulk,0.0001,False,EXHAUSTIVE,11943936,11943936,,,,,False,0,6,34
mp-887511,bulk,0.0001,False,SCAN,11943936,11943936,,,,,False,0,6,34
mp-887511,bulk,0.0001,False,BISECT,11943936,11943936,,,,,False,0,6,34
mp-887511,bulk,0.0001,False,SCAN-ZFP,11943936,11943936,,,,,False,0,6,34
mp-887511,bulk,0.0001,False,SCAN-SZ3,11943936,11943936,,,,,False,0,6,34
mp-887511,bulk,0.0001,False,SCAN-SPERR,11943936,11943936,,,,,False,0,6,34
mp-887511,bulk,0.0001,False,BISECT-ZFP,11943936,11943936,,,,,False,0,6,34
mp-887511,bulk,0.0001,False,BISECT-SZ3,11943936,11943936,,,,,False,0,6,34
mp-887511,bulk,0.0001,False,BISECT-SPERR,11943936,11943936,,,,,False,0,6,34
mp-887511,bulk,0.001,True,EXHAUSTIVE,11943936,672284,SZ3,1e-05,17.76620594867645,17.76620594867645,True,34,40,34
mp-887511,bulk,0.001,True,SCAN,11943936,672284,SZ3,1e-05,17.76620594867645,17.76620594867645,True,22,28,34
mp-887511,bulk,0.001,True,BISECT,11943936,672284,SZ3,1e-05,17.76620594867645,17.76620594867645,True,11,17,34
mp-887511,bulk,0.001,True,SCAN-ZFP,11943936,1109496,ZFP,3e-05,10.765190681174154,17.76620594867645,True,8,14,34
mp-887511,bulk,0.001,True,SCAN-SZ3,11943936,672284,SZ3,1e-05,17.76620594867645,17.76620594867645,True,6,12,34
mp-887511,bulk,0.001,True,SCAN-SPERR,11943936,2096686,SPERR,3e-06,5.696578314540184,17.76620594867645,True,8,14,34
mp-887511,bulk,0.001,True,BISECT-ZFP,11943936,1109496,ZFP,3e-05,10.765190681174154,17.76620594867645,True,4,10,34
mp-887511,bulk,0.001,True,BISECT-SZ3,11943936,672284,SZ3,1e-05,17.76620594867645,17.76620594867645,True,3,9,34
mp-887511,bulk,0.001,True,BISECT-SPERR,11943936,2096686,SPERR,3e-06,5.696578314540184,17.76620594867645,True,4,10,34
mp-887511,bulk,0.01,True,EXHAUSTIVE,11943936,260891,SZ3,0.0001,45.78132630102227,45.78132630102227,True,34,40,34
mp-887511,bulk,0.01,True,SCAN,11943936,260891,SZ3,0.0001,45.78132630102227,45.78132630102227,True,12,18,34
mp-887511,bulk,0.01,True,BISECT,11943936,260891,SZ3,0.0001,45.78132630102227,45.78132630102227,True,12,18,34
mp-887511,bulk,0.01,True,SCAN-ZFP,11943936,351120,ZFP,0.003,34.01667805878332,45.78132630102227,True,4,10,34
mp-887511,bulk,0.01,True,SCAN-SZ3,11943936,260891,SZ3,0.0001,45.78132630102227,45.78132630102227,True,4,10,34
mp-887511,bulk,0.01,True,SCAN-SPERR,11943936,872925,SPERR,0.0003,13.68266002233869,45.78132630102227,True,4,10,34
mp-887511,bulk,0.01,True,BISECT-ZFP,11943936,351120,ZFP,0.003,34.01667805878332,45.78132630102227,True,4,10,34
mp-887511,bulk,0.01,True,BISECT-SZ3,11943936,260891,SZ3,0.0001,45.78132630102227,45.78132630102227,True,4,10,34
mp-887511,bulk,0.01,True,BISECT-SPERR,11943936,872925,SPERR,0.0003,13.68266002233869,45.78132630102227,True,4,10,34
mp-8881,bulk,0.0001,True,EXHAUSTIVE,4976640,89405,SZ3,0.0001,55.66400089480454,55.66400089480454,True,37,43,37
mp-8881,bulk,0.0001,True,SCAN,4976640,89405,SZ3,0.0001,55.66400089480454,55.66400089480454,True,19,25,37
mp-8881,bulk,0.0001,True,BISECT,4976640,218616,ZFP,0.001,22.76429904490065,55.66400089480454,True,12,18,37
mp-8881,bulk,0.0001,True,SCAN-ZFP,4976640,218616,ZFP,0.001,22.76429904490065,55.66400089480454,True,5,11,37
mp-8881,bulk,0.0001,True,SCAN-SZ3,4976640,89405,SZ3,0.0001,55.66400089480454,55.66400089480454,True,6,12,37
mp-8881,bulk,0.0001,True,SCAN-SPERR,4976640,807239,SPERR,1e-05,6.165014326612069,55.66400089480454,True,8,14,37
mp-8881,bulk,0.0001,True,BISECT-ZFP,4976640,218616,ZFP,0.001,22.76429904490065,55.66400089480454,True,4,10,37
mp-8881,bulk,0.0001,True,BISECT-SZ3,4976640,257479,SZ3,1e-05,19.328333572835067,55.66400089480454,True,4,10,37
mp-8881,bulk,0.0001,True,BISECT-SPERR,4976640,807239,SPERR,1e-05,6.165014326612069,55.66400089480454,True,4,10,37
mp-8881,bulk,0.001,True,EXHAUSTIVE,4976640,89405,SZ3,0.0001,55.66400089480454,55.66400089480454,True,37,43,37
mp-8881,bulk,0.001,True,SCAN,4976640,89405,SZ3,0.0001,55.66400089480454,55.66400089480454,True,15,21,37
mp-8881,bulk,0.001,True,BISECT,4976640,89405,SZ3,0.0001,55.66400089480454,55.66400089480454,True,12,18,37
mp-8881,bulk,0.001,True,SCAN-ZFP,4976640,157080,ZFP,0.003,31.68220015278839,55.66400089480454,True,4,10,37
mp-8881,bulk,0.001,True,SCAN-SZ3,4976640,89405,SZ3,0.0001,55.66400089480454,55.66400089480454,True,6,12,37
mp-8881,bulk,0.001,True,SCAN-SPERR,4976640,448741,SPERR,0.0003,11.090227993430508,55.66400089480454,True,5,11,37
mp-8881,bulk,0.001,True,BISECT-ZFP,4976640,157080,ZFP,0.003,31.68220015278839,55.66400089480454,True,4,10,37
mp-8881,bulk,0.001,True,BISECT-SZ3,4976640,89405,SZ3,0.0001,55.66400089480454,55.66400089480454,True,4,10,37
mp-8881,bulk,0.001,True,BISECT-SPERR,4976640,448741,SPERR,0.0003,11.090227993430508,55.66400089480454,True,4,10,37
mp-8881,bulk,0.01,True,EXHAUSTIVE,4976640,14006,SZ3,0.003,355.3220048550621,355.3220048550621,True,37,43,37
mp-8881,bulk,0.01,True,SCAN,4976640,14006,SZ3,0.003,355.3220048550621,355.3220048550621,True,6,12,37
mp-8881,bulk,0.01,True,BISECT,4976640,14006,SZ3,0.003,355.3220048550621,355.3220048550621,True,12,18,37
mp-8881,bulk,0.01,True,SCAN-ZFP,4976640,63072,ZFP,0.1,78.9041095890411,355.3220048550621,True,1,7,37
mp-8881,bulk,0.01,True,SCAN-SZ3,4976640,14006,SZ3,0.003,355.3220048550621,355.3220048550621,True,3,9,37
mp-8881,bulk,0.01,True,SCAN-SPERR,4976640,206263,SPERR,0.01,24.127642863722528,355.3220048550621,True,2,8,37
mp-8881,bulk,0.01,True,BISECT-ZFP,4976640,63072,ZFP,0.1,78.9041095890411,355.3220048550621,True,4,10,37
mp-8881,bulk,0.01,True,BISECT-SZ3,4976640,14006,SZ3,0.003,355.3220048550621,355.3220048550621,True,4,10,37
mp-8881,bulk,0.01,True,BISECT-SPERR,4976640,206263,SPERR,0.01,24.127642863722528,355.3220048550621,True,4,10,37
mp-9437,bulk,0.0001,True,EXHAUSTIVE,2985984,209047,SPERR,3e-07,14.283792639932647,14.283792639932647,True,29,35,29
mp-9437,bulk,0.0001,True,SCAN,2985984,209047,SPERR,3e-07,14.283792639932647,14.283792639932647,True,26,32,29
mp-9437,bulk,0.0001,True,BISECT,2985984,209047,SPERR,3e-07,14.283792639932647,14.283792639932647,True,9,15,29
mp-9437,bulk,0.0001,True,SCAN-ZFP,2985984,373856,ZFP,1e-06,7.986989643071129,14.283792639932647,True,9,15,29
mp-9437,bulk,0.0001,True,SCAN-SZ3,2985984,2985984,,,,14.283792639932647,True,9,15,29
mp-9437,bulk,0.0001,True,SCAN-SPERR,2985984,209047,SPERR,3e-07,14.283792639932647,14.283792639932647,True,8,14,29
mp-9437,bulk,0.0001,True,BISECT-ZFP,2985984,373856,ZFP,1e-06,7.986989643071129,14.283792639932647,True,3,9,29
mp-9437,bulk,0.0001,True,BISECT-SZ3,2985984,2985984,,,,14.283792639932647,True,3,9,29
mp-9437,bulk,0.0001,True,BISECT-SPERR,2985984,209047,SPERR,3e-07,14.283792639932647,14.283792639932647,True,3,9,29
mp-9437,bulk,0.001,True,EXHAUSTIVE,2985984,154837,SPERR,1e-06,19.28469293515116,19.28469293515116,True,29,35,29
mp-9437,bulk,0.001,True,SCAN,2985984,154837,SPERR,1e-06,19.28469293515116,19.28469293515116,True,20,26,29
mp-9437,bulk,0.001,True,BISECT,2985984,154837,SPERR,1e-06,19.28469293515116,19.28469293515116,True,11,17,29
mp-9437,bulk,0.001,True,SCAN-ZFP,2985984,196936,ZFP,3e-05,15.162204980298169,19.28469293515116,True,6,12,29
mp-9437,bulk,0.001,True,SCAN-SZ3,2985984,239677,SZ3,1e-06,12.458366885433312,19.28469293515116,True,7,13,29
mp-9437,bulk,0.001,True,SCAN-SPERR,2985984,154837,SPERR,1e-06,19.28469293515116,19.28469293515116,True,7,13,29
mp-9437,bulk,0.001,True,BISECT-ZFP,2985984,196936,ZFP,3e-05,15.162204980298169,19.28469293515116,True,3,9,29
mp-9437,bulk,0.001,True,BISECT-SZ3,2985984,239677,SZ3,1e-06,12.458366885433312,19.28469293515116,True,4,10,29
mp-9437,bulk,0.001,True,BISECT-SPERR,2985984,154837,SPERR,1e-06,19.28469293515116,19.28469293515116,True,4,10,29
mp-9437,bulk,0.01,True,EXHAUSTIVE,2985984,32288,SPERR,0.0001,92.4796828543112,92.4796828543112,True,29,35,29
mp-9437,bulk,0.01,True,SCAN,2985984,32288,SPERR,0.0001,92.4796828543112,92.4796828543112,True,11,17,29
mp-9437,bulk,0.01,True,BISECT,2985984,32288,SPERR,0.0001,92.4796828543112,92.4796828543112,True,10,16,29
mp-9437,bulk,0.01,True,SCAN-ZFP,2985984,121128,ZFP,0.0003,24.65147612443036,92.4796828543112,True,4,10,29
mp-9437,bulk,0.01,True,SCAN-SZ3,2985984,65651,SZ3,3e-05,45.48268876330901,92.4796828543112,True,4,10,29
mp-9437,bulk,0.01,True,SCAN-SPERR,2985984,32288,SPERR,0.0001,92.4796828543112,92.4796828543112,True,3,9,29
mp-9437,bulk,0.01,True,BISECT-ZFP,2985984,121128,ZFP,0.0003,24.65147612443036,92.4796828543112,True,4,10,29
mp-9437,bulk,0.01,True,BISECT-SZ3,2985984,65651,SZ3,3e-05,45.48268876330901,92.4796828543112,True,3,9,29
mp-9437,bulk,0.01,True,BISECT-SPERR,2985984,32288,SPERR,0.0001,92.4796828543112,92.4796828543112,True,3,9,29
mp-975795,bulk,0.0001,False,EXHAUSTIVE,7077888,7077888,,,,,False,0,6,14
mp-975795,bulk,0.0001,False,SCAN,7077888,7077888,,,,,False,0,6,14
mp-975795,bulk,0.0001,False,BISECT,7077888,7077888,,,,,False,0,6,14
mp-975795,bulk,0.0001,False,SCAN-ZFP,7077888,7077888,,,,,False,0,6,14
mp-975795,bulk,0.0001,False,SCAN-SZ3,7077888,7077888,,,,,False,0,6,14
mp-975795,bulk,0.0001,False,SCAN-SPERR,7077888,7077888,,,,,False,0,6,14
mp-975795,bulk,0.0001,False,BISECT-ZFP,7077888,7077888,,,,,False,0,6,14
mp-975795,bulk,0.0001,False,BISECT-SZ3,7077888,7077888,,,,,False,0,6,14
mp-975795,bulk,0.0001,False,BISECT-SPERR,7077888,7077888,,,,,False,0,6,14
mp-975795,bulk,0.001,False,EXHAUSTIVE,7077888,7077888,,,,,False,0,6,14
mp-975795,bulk,0.001,False,SCAN,7077888,7077888,,,,,False,0,6,14
mp-975795,bulk,0.001,False,BISECT,7077888,7077888,,,,,False,0,6,14
mp-975795,bulk,0.001,False,SCAN-ZFP,7077888,7077888,,,,,False,0,6,14
mp-975795,bulk,0.001,False,SCAN-SZ3,7077888,7077888,,,,,False,0,6,14
mp-975795,bulk,0.001,False,SCAN-SPERR,7077888,7077888,,,,,False,0,6,14
mp-975795,bulk,0.001,False,BISECT-ZFP,7077888,7077888,,,,,False,0,6,14
mp-975795,bulk,0.001,False,BISECT-SZ3,7077888,7077888,,,,,False,0,6,14
mp-975795,bulk,0.001,False,BISECT-SPERR,7077888,7077888,,,,,False,0,6,14
mp-975795,bulk,0.01,True,EXHAUSTIVE,7077888,154290,SPERR,3e-05,45.87392572428544,45.87392572428544,True,14,20,14
mp-975795,bulk,0.01,True,SCAN,7077888,154290,SPERR,3e-05,45.87392572428544,45.87392572428544,True,11,17,14
mp-975795,bulk,0.01,True,BISECT,7077888,154290,SPERR,3e-05,45.87392572428544,45.87392572428544,True,7,13,14
mp-975795,bulk,0.01,True,SCAN-ZFP,7077888,481864,ZFP,0.0001,14.688559427556322,45.87392572428544,True,5,11,14
mp-975795,bulk,0.01,True,SCAN-SZ3,7077888,352169,SZ3,1e-05,20.097987045992124,45.87392572428544,True,3,9,14
mp-975795,bulk,0.01,True,SCAN-SPERR,7077888,154290,SPERR,3e-05,45.87392572428544,45.87392572428544,True,3,9,14
mp-975795,bulk,0.01,True,BISECT-ZFP,7077888,481864,ZFP,0.0001,14.688559427556322,45.87392572428544,True,3,9,14
mp-975795,bulk,0.01,True,BISECT-SZ3,7077888,352169,SZ3,1e-05,20.097987045992124,45.87392572428544,True,2,8,14
mp-975795,bulk,0.01,True,BISECT-SPERR,7077888,154290,SPERR,3e-05,45.87392572428544,45.87392572428544,True,2,8,14
mp-976076,bulk,0.0001,False,EXHAUSTIVE,7077888,7077888,,,,,False,0,6,17
mp-976076,bulk,0.0001,False,SCAN,7077888,7077888,,,,,False,0,6,17
mp-976076,bulk,0.0001,False,BISECT,7077888,7077888,,,,,False,0,6,17
mp-976076,bulk,0.0001,False,SCAN-ZFP,7077888,7077888,,,,,False,0,6,17
mp-976076,bulk,0.0001,False,SCAN-SZ3,7077888,7077888,,,,,False,0,6,17
mp-976076,bulk,0.0001,False,SCAN-SPERR,7077888,7077888,,,,,False,0,6,17
mp-976076,bulk,0.0001,False,BISECT-ZFP,7077888,7077888,,,,,False,0,6,17
mp-976076,bulk,0.0001,False,BISECT-SZ3,7077888,7077888,,,,,False,0,6,17
mp-976076,bulk,0.0001,False,BISECT-SPERR,7077888,7077888,,,,,False,0,6,17
mp-976076,bulk,0.001,False,EXHAUSTIVE,7077888,7077888,,,,,False,0,6,17
mp-976076,bulk,0.001,False,SCAN,7077888,7077888,,,,,False,0,6,17
mp-976076,bulk,0.001,False,BISECT,7077888,7077888,,,,,False,0,6,17
mp-976076,bulk,0.001,False,SCAN-ZFP,7077888,7077888,,,,,False,0,6,17
mp-976076,bulk,0.001,False,SCAN-SZ3,7077888,7077888,,,,,False,0,6,17
mp-976076,bulk,0.001,False,SCAN-SPERR,7077888,7077888,,,,,False,0,6,17
mp-976076,bulk,0.001,False,BISECT-ZFP,7077888,7077888,,,,,False,0,6,17
mp-976076,bulk,0.001,False,BISECT-SZ3,7077888,7077888,,,,,False,0,6,17
mp-976076,bulk,0.001,False,BISECT-SPERR,7077888,7077888,,,,,False,0,6,17
mp-976076,bulk,0.01,True,EXHAUSTIVE,7077888,65172,SPERR,0.0001,108.6032038298656,108.6032038298656,True,17,23,17
mp-976076,bulk,0.01,True,SCAN,7077888,65172,SPERR,0.0001,108.6032038298656,108.6032038298656,True,12,18,17
mp-976076,bulk,0.01,True,BISECT,7077888,65172,SPERR,0.0001,108.6032038298656,108.6032038298656,True,8,14,17
mp-976076,bulk,0.01,True,SCAN-ZFP,7077888,355672,ZFP,0.0001,19.90004273600396,108.6032038298656,True,5,11,17
mp-976076,bulk,0.01,True,SCAN-SZ3,7077888,133237,SZ3,3e-05,53.12254103589844,108.6032038298656,True,3,9,17
mp-976076,bulk,0.01,True,SCAN-SPERR,7077888,65172,SPERR,0.0001,108.6032038298656,108.6032038298656,True,4,10,17
mp-976076,bulk,0.01,True,BISECT-ZFP,7077888,355672,ZFP,0.0001,19.90004273600396,108.6032038298656,True,3,9,17
mp-976076,bulk,0.01,True,BISECT-SZ3,7077888,133237,SZ3,3e-05,53.12254103589844,108.6032038298656,True,2,8,17
mp-976076,bulk,0.01,True,BISECT-SPERR,7077888,65172,SPERR,0.0001,108.6032038298656,108.6032038298656,True,3,9,17
mp-977372,bulk,0.0001,False,EXHAUSTIVE,7077888,7077888,,,,,False,0,6,31
mp-977372,bulk,0.0001,False,SCAN,7077888,7077888,,,,,False,0,6,31
mp-977372,bulk,0.0001,False,BISECT,7077888,7077888,,,,,False,0,6,31
mp-977372,bulk,0.0001,False,SCAN-ZFP,7077888,7077888,,,,,False,0,6,31
mp-977372,bulk,0.0001,False,SCAN-SZ3,7077888,7077888,,,,,False,0,6,31
mp-977372,bulk,0.0001,False,SCAN-SPERR,7077888,7077888,,,,,False,0,6,31
mp-977372,bulk,0.0001,False,BISECT-ZFP,7077888,7077888,,,,,False,0,6,31
mp-977372,bulk,0.0001,False,BISECT-SZ3,7077888,7077888,,,,,False,0,6,31
mp-977372,bulk,0.0001,False,BISECT-SPERR,7077888,7077888,,,,,False,0,6,31
mp-977372,bulk,0.001,True,EXHAUSTIVE,7077888,102578,SPERR,3e-05,69.00005849207433,69.00005849207433,True,31,37,31
mp-977372,bulk,0.001,True,SCAN,7077888,102578,SPERR,3e-05,69.00005849207433,69.00005849207433,True,20,26,31
mp-977372,bulk,0.001,True,BISECT,7077888,102578,SPERR,3e-05,69.00005849207433,69.00005849207433,True,12,18,31
mp-977372,bulk,0.001,True,SCAN-ZFP,7077888,650032,ZFP,1e-05,10.888522411204372,69.00005849207433,True,8,14,31
mp-977372,bulk,0.001,True,SCAN-SZ3,7077888,537551,SZ3,1e-06,13.166914395099257,69.00005849207433,True,7,13,31
mp-977372,bulk,0.001,True,SCAN-SPERR,7077888,102578,SPERR,3e-05,69.00005849207433,69.00005849207433,True,5,11,31
mp-977372,bulk,0.001,True,BISECT-ZFP,7077888,650032,ZFP,1e-05,10.888522411204372,69.00005849207433,True,4,10,31
mp-977372,bulk,0.001,True,BISECT-SZ3,7077888,537551,SZ3,1e-06,13.166914395099257,69.00005849207433,True,4,10,31
mp-977372,bulk,0.001,True,BISECT-SPERR,7077888,102578,SPERR,3e-05,69.00005849207433,69.00005849207433,True,4,10,31
mp-977372,bulk,0.01,True,EXHAUSTIVE,7077888,60578,SPERR,0.0001,116.83924857208888,116.83924857208888,True,31,37,31
mp-977372,bulk,0.01,True,SCAN,7077888,60578,SPERR,0.0001,116.83924857208888,116.83924857208888,True,13,19,31
mp-977372,bulk,0.01,True,BISECT,7077888,60578,SPERR,0.0001,116.83924857208888,116.83924857208888,True,11,17,31
mp-977372,bulk,0.01,True,SCAN-ZFP,7077888,308408,ZFP,0.0003,22.94975487017198,116.83924857208888,True,5,11,31
mp-977372,bulk,0.01,True,SCAN-SZ3,7077888,134264,SZ3,3e-05,52.71620091759519,116.83924857208888,True,4,10,31
mp-977372,bulk,0.01,True,SCAN-SPERR,7077888,60578,SPERR,0.0001,116.83924857208888,116.83924857208888,True,4,10,31
mp-977372,bulk,0.01,True,BISECT-ZFP,7077888,308408,ZFP,0.0003,22.94975487017198,116.83924857208888,True,4,10,31
mp-977372,bulk,0.01,True,BISECT-SZ3,7077888,134264,SZ3,3e-05,52.71620091759519,116.83924857208888,True,3,9,31
mp-977372,bulk,0.01,True,BISECT-SPERR,7077888,60578,SPERR,0.0001,116.83924857208888,116.83924857208888,True,4,10,31
mp-982725,bulk,0.0001,False,EXHAUSTIVE,2985984,2985984,,,,,False,0,6,31
mp-982725,bulk,0.0001,False,SCAN,2985984,2985984,,,,,False,0,6,31
mp-982725,bulk,0.0001,False,BISECT,2985984,2985984,,,,,False,0,6,31
mp-982725,bulk,0.0001,False,SCAN-ZFP,2985984,2985984,,,,,False,0,6,31
mp-982725,bulk,0.0001,False,SCAN-SZ3,2985984,2985984,,,,,False,0,6,31
mp-982725,bulk,0.0001,False,SCAN-SPERR,2985984,2985984,,,,,False,0,6,31
mp-982725,bulk,0.0001,False,BISECT-ZFP,2985984,2985984,,,,,False,0,6,31
mp-982725,bulk,0.0001,False,BISECT-SZ3,2985984,2985984,,,,,False,0,6,31
mp-982725,bulk,0.0001,False,BISECT-SPERR,2985984,2985984,,,,,False,0,6,31
mp-982725,bulk,0.001,True,EXHAUSTIVE,2985984,246006,SPERR,1e-06,12.137850296334236,12.137850296334236,True,31,37,31
mp-982725,bulk,0.001,True,SCAN,2985984,246006,SPERR,1e-06,12.137850296334236,12.137850296334236,True,24,30,31
mp-982725,bulk,0.001,True,BISECT,2985984,246006,SPERR,1e-06,12.137850296334236,12.137850296334236,True,11,17,31
mp-982725,bulk,0.001,True,SCAN-ZFP,2985984,382248,ZFP,1e-05,7.811640610284423,12.137850296334236,True,8,14,31
mp-982725,bulk,0.001,True,SCAN-SZ3,2985984,497093,SZ3,3e-07,6.006892070497875,12.137850296334236,True,8,14,31
mp-982725,bulk,0.001,True,SCAN-SPERR,2985984,246006,SPERR,1e-06,12.137850296334236,12.137850296334236,True,8,14,31
mp-982725,bulk,0.001,True,BISECT-ZFP,2985984,382248,ZFP,1e-05,7.811640610284423,12.137850296334236,True,4,10,31
mp-982725,bulk,0.001,True,BISECT-SZ3,2985984,497093,SZ3,3e-07,6.006892070497875,12.137850296334236,True,3,9,31
mp-982725,bulk,0.001,True,BISECT-SPERR,2985984,246006,SPERR,1e-06,12.137850296334236,12.137850296334236,True,4,10,31
mp-982725,bulk,0.01,True,EXHAUSTIVE,2985984,57894,SPERR,0.0001,51.57674370401078,51.57674370401078,True,31,37,31
mp-982725,bulk,0.01,True,SCAN,2985984,57894,SPERR,0.0001,51.57674370401078,51.57674370401078,True,13,19,31
mp-982725,bulk,0.01,True,BISECT,2985984,57894,SPERR,0.0001,51.57674370401078,51.57674370401078,True,11,17,31
mp-982725,bulk,0.01,True,SCAN-ZFP,2985984,129128,ZFP,0.001,23.124217830369865,51.57674370401078,True,4,10,31
mp-982725,bulk,0.01,True,SCAN-SZ3,2985984,195606,SZ3,1e-05,15.26529861047207,51.57674370401078,True,5,11,31
mp-982725,bulk,0.01,True,SCAN-SPERR,2985984,57894,SPERR,0.0001,51.57674370401078,51.57674370401078,True,4,10,31
mp-982725,bulk,0.01,True,BISECT-ZFP,2985984,129128,ZFP,0.001,23.124217830369865,51.57674370401078,True,4,10,31
mp-982725,bulk,0.01,True,BISECT-SZ3,2985984,195606,SZ3,1e-05,15.26529861047207,51.57674370401078,True,3,9,31
mp-982725,bulk,0.01,True,BISECT-SPERR,2985984,57894,SPERR,0.0001,51.57674370401078,51.57674370401078,True,4,10,31
mp-985702,bulk,0.0001,False,EXHAUSTIVE,7838208,7838208,,,,,False,0,6,22
mp-985702,bulk,0.0001,False,SCAN,7838208,7838208,,,,,False,0,6,22
mp-985702,bulk,0.0001,False,BISECT,7838208,7838208,,,,,False,0,6,22
mp-985702,bulk,0.0001,False,SCAN-ZFP,7838208,7838208,,,,,False,0,6,22
mp-985702,bulk,0.0001,False,SCAN-SZ3,7838208,7838208,,,,,False,0,6,22
mp-985702,bulk,0.0001,False,SCAN-SPERR,7838208,7838208,,,,,False,0,6,22
mp-985702,bulk,0.0001,False,BISECT-ZFP,7838208,7838208,,,,,False,0,6,22
mp-985702,bulk,0.0001,False,BISECT-SZ3,7838208,7838208,,,,,False,0,6,22
mp-985702,bulk,0.0001,False,BISECT-SPERR,7838208,7838208,,,,,False,0,6,22
mp-985702,bulk,0.001,False,EXHAUSTIVE,7838208,7838208,,,,,False,0,6,22
mp-985702,bulk,0.001,False,SCAN,7838208,7838208,,,,,False,0,6,22
mp-985702,bulk,0.001,False,BISECT,7838208,7838208,,,,,False,0,6,22
mp-985702,bulk,0.001,False,SCAN-ZFP,7838208,7838208,,,,,False,0,6,22
mp-985702,bulk,0.001,False,SCAN-SZ3,7838208,7838208,,,,,False,0,6,22
mp-985702,bulk,0.001,False,SCAN-SPERR,7838208,7838208,,,,,False,0,6,22
mp-985702,bulk,0.001,False,BISECT-ZFP,7838208,7838208,,,,,False,0,6,22
mp-985702,bulk,0.001,False,BISECT-SZ3,7838208,7838208,,,,,False,0,6,22
mp-985702,bulk,0.001,False,BISECT-SPERR,7838208,7838208,,,,,False,0,6,22
mp-985702,bulk,0.01,True,EXHAUSTIVE,7838208,120866,SZ3,0.0001,64.85039630665365,64.85039630665365,True,22,28,22
mp-985702,bulk,0.01,True,SCAN,7838208,120866,SZ3,0.0001,64.85039630665365,64.85039630665365,True,11,17,22
mp-985702,bulk,0.01,True,BISECT,7838208,120866,SZ3,0.0001,64.85039630665365,64.85039630665365,True,9,15,22
mp-985702,bulk,0.01,True,SCAN-ZFP,7838208,150128,ZFP,0.01,52.21016732388362,64.85039630665365,True,3,9,22
mp-985702,bulk,0.01,True,SCAN-SZ3,7838208,120866,SZ3,0.0001,64.85039630665365,64.85039630665365,True,4,10,22
mp-985702,bulk,0.01,True,SCAN-SPERR,7838208,633246,SPERR,0.0003,12.377824731620889,64.85039630665365,True,4,10,22
mp-985702,bulk,0.01,True,BISECT-ZFP,7838208,150128,ZFP,0.01,52.21016732388362,64.85039630665365,True,3,9,22
mp-985702,bulk,0.01,True,BISECT-SZ3,7838208,120866,SZ3,0.0001,64.85039630665365,64.85039630665365,True,3,9,22
mp-985702,bulk,0.01,True,BISECT-SPERR,7838208,633246,SPERR,0.0003,12.377824731620889,64.85039630665365,True,3,9,22
mp-998512,bulk,0.0001,False,EXHAUSTIVE,16056320,16056320,,,,,False,0,6,21
mp-998512,bulk,0.0001,False,SCAN,16056320,16056320,,,,,False,0,6,21
mp-998512,bulk,0.0001,False,BISECT,16056320,16056320,,,,,False,0,6,21
mp-998512,bulk,0.0001,False,SCAN-ZFP,16056320,16056320,,,,,False,0,6,21
mp-998512,bulk,0.0001,False,SCAN-SZ3,16056320,16056320,,,,,False,0,6,21
mp-998512,bulk,0.0001,False,SCAN-SPERR,16056320,16056320,,,,,False,0,6,21
mp-998512,bulk,0.0001,False,BISECT-ZFP,16056320,16056320,,,,,False,0,6,21
mp-998512,bulk,0.0001,False,BISECT-SZ3,16056320,16056320,,,,,False,0,6,21
mp-998512,bulk,0.0001,False,BISECT-SPERR,16056320,16056320,,,,,False,0,6,21
mp-998512,bulk,0.001,False,EXHAUSTIVE,16056320,16056320,,,,,False,0,6,21
mp-998512,bulk,0.001,False,SCAN,16056320,16056320,,,,,False,0,6,21
mp-998512,bulk,0.001,False,BISECT,16056320,16056320,,,,,False,0,6,21
mp-998512,bulk,0.001,False,SCAN-ZFP,16056320,16056320,,,,,False,0,6,21
mp-998512,bulk,0.001,False,SCAN-SZ3,16056320,16056320,,,,,False,0,6,21
mp-998512,bulk,0.001,False,SCAN-SPERR,16056320,16056320,,,,,False,0,6,21
mp-998512,bulk,0.001,False,BISECT-ZFP,16056320,16056320,,,,,False,0,6,21
mp-998512,bulk,0.001,False,BISECT-SZ3,16056320,16056320,,,,,False,0,6,21
mp-998512,bulk,0.001,False,BISECT-SPERR,16056320,16056320,,,,,False,0,6,21
mp-998512,bulk,0.01,True,EXHAUSTIVE,16056320,95843,SZ3,0.0003,167.5273102887013,167.5273102887013,True,21,27,21
mp-998512,bulk,0.01,True,SCAN,16056320,95843,SZ3,0.0003,167.5273102887013,167.5273102887013,True,9,15,21
mp-998512,bulk,0.01,True,BISECT,16056320,95843,SZ3,0.0003,167.5273102887013,167.5273102887013,True,10,16,21
mp-998512,bulk,0.01,True,SCAN-ZFP,16056320,245168,ZFP,0.01,65.49109182275012,167.5273102887013,True,2,8,21
mp-998512,bulk,0.01,True,SCAN-SZ3,16056320,95843,SZ3,0.0003,167.5273102887013,167.5273102887013,True,3,9,21
mp-998512,bulk,0.01,True,SCAN-SPERR,16056320,1187458,SPERR,0.0003,13.52158981622929,167.5273102887013,True,4,10,21
mp-998512,bulk,0.01,True,BISECT-ZFP,16056320,245168,ZFP,0.01,65.49109182275012,167.5273102887013,True,4,10,21
mp-998512,bulk,0.01,True,BISECT-SZ3,16056320,95843,SZ3,0.0003,167.5273102887013,167.5273102887013,True,3,9,21
mp-998512,bulk,0.01,True,BISECT-SPERR,16056320,1187458,SPERR,0.0003,13.52158981622929,167.5273102887013,True,3,9,21
mp-998613,bulk,0.0001,True,EXHAUSTIVE,16777216,588306,SPERR,1e-06,28.517839355709445,28.517839355709445,True,32,38,32
mp-998613,bulk,0.0001,True,SCAN,16777216,588306,SPERR,1e-06,28.517839355709445,28.517839355709445,True,25,31,32
mp-998613,bulk,0.0001,True,BISECT,16777216,588306,SPERR,1e-06,28.517839355709445,28.517839355709445,True,10,16,32
mp-998613,bulk,0.0001,True,SCAN-ZFP,16777216,1331480,ZFP,1e-05,12.60042659296422,28.517839355709445,True,7,13,32
mp-998613,bulk,0.0001,True,SCAN-SZ3,16777216,1359749,SZ3,3e-07,12.338465407953969,28.517839355709445,True,9,15,32
mp-998613,bulk,0.0001,True,SCAN-SPERR,16777216,588306,SPERR,1e-06,28.517839355709445,28.517839355709445,True,9,15,32
mp-998613,bulk,0.0001,True,BISECT-ZFP,16777216,1331480,ZFP,1e-05,12.60042659296422,28.517839355709445,True,4,10,32
mp-998613,bulk,0.0001,True,BISECT-SZ3,16777216,1359749,SZ3,3e-07,12.338465407953969,28.517839355709445,True,3,9,32
mp-998613,bulk,0.0001,True,BISECT-SPERR,16777216,588306,SPERR,1e-06,28.517839355709445,28.517839355709445,True,3,9,32
mp-998613,bulk,0.001,True,EXHAUSTIVE,16777216,180938,SPERR,3e-05,92.72356276735675,92.72356276735675,True,32,38,32
mp-998613,bulk,0.001,True,SCAN,16777216,180938,SPERR,3e-05,92.72356276735675,92.72356276735675,True,16,22,32
mp-998613,bulk,0.001,True,BISECT,16777216,180938,SPERR,3e-05,92.72356276735675,92.72356276735675,True,10,16,32
mp-998613,bulk,0.001,True,SCAN-ZFP,16777216,617056,ZFP,0.0003,27.18913032204533,92.72356276735675,True,4,10,32
mp-998613,bulk,0.001,True,SCAN-SZ3,16777216,392695,SZ3,1e-05,42.72327378754504,92.72356276735675,True,6,12,32
mp-998613,bulk,0.001,True,SCAN-SPERR,16777216,180938,SPERR,3e-05,92.72356276735675,92.72356276735675,True,6,12,32
mp-998613,bulk,0.001,True,BISECT-ZFP,16777216,617056,ZFP,0.0003,27.18913032204533,92.72356276735675,True,4,10,32
mp-998613,bulk,0.001,True,BISECT-SZ3,16777216,392695,SZ3,1e-05,42.72327378754504,92.72356276735675,True,3,9,32
mp-998613,bulk,0.001,True,BISECT-SPERR,16777216,180938,SPERR,3e-05,92.72356276735675,92.72356276735675,True,3,9,32
mp-998613,bulk,0.01,True,EXHAUSTIVE,16777216,64576,SPERR,0.0003,259.8057482656095,259.8057482656095,True,32,38,32
mp-998613,bulk,0.01,True,SCAN,16777216,64576,SPERR,0.0003,259.8057482656095,259.8057482656095,True,10,16,32
mp-998613,bulk,0.01,True,BISECT,16777216,64576,SPERR,0.0003,259.8057482656095,259.8057482656095,True,12,18,32
mp-998613,bulk,0.01,True,SCAN-ZFP,16777216,287576,ZFP,0.003,58.340111831307205,259.8057482656095,True,2,8,32
mp-998613,bulk,0.01,True,SCAN-SZ3,16777216,119243,SZ3,0.0001,140.697701332573,259.8057482656095,True,4,10,32
mp-998613,bulk,0.01,True,SCAN-SPERR,16777216,64576,SPERR,0.0003,259.8057482656095,259.8057482656095,True,4,10,32
mp-998613,bulk,0.01,True,BISECT-ZFP,16777216,287576,ZFP,0.003,58.340111831307205,259.8057482656095,True,4,10,32
mp-998613,bulk,0.01,True,BISECT-SZ3,16777216,119243,SZ3,0.0001,140.697701332573,259.8057482656095,True,4,10,32
mp-998613,bulk,0.01,True,BISECT-SPERR,16777216,64576,SPERR,0.0003,259.8057482656095,259.8057482656095,True,4,10,32
mp-998744,bulk,0.0001,False,EXHAUSTIVE,4096000,4096000,,,,,False,0,6,33
mp-998744,bulk,0.0001,False,SCAN,4096000,4096000,,,,,False,0,6,33
mp-998744,bulk,0.0001,False,BISECT,4096000,4096000,,,,,False,0,6,33
mp-998744,bulk,0.0001,False,SCAN-ZFP,4096000,4096000,,,,,False,0,6,33
mp-998744,bulk,0.0001,False,SCAN-SZ3,4096000,4096000,,,,,False,0,6,33
mp-998744,bulk,0.0001,False,SCAN-SPERR,4096000,4096000,,,,,False,0,6,33
mp-998744,bulk,0.0001,False,BISECT-ZFP,4096000,4096000,,,,,False,0,6,33
mp-998744,bulk,0.0001,False,BISECT-SZ3,4096000,4096000,,,,,False,0,6,33
mp-998744,bulk,0.0001,False,BISECT-SPERR,4096000,4096000,,,,,False,0,6,33
mp-998744,bulk,0.001,True,EXHAUSTIVE,4096000,34545,SPERR,0.0001,118.56998118396297,118.56998118396297,True,33,39,33
mp-998744,bulk,0.001,True,SCAN,4096000,34545,SPERR,0.0001,118.56998118396297,118.56998118396297,True,15,21,33
mp-998744,bulk,0.001,True,BISECT,4096000,84070,SPERR,1e-05,48.7213036755085,118.56998118396297,True,12,18,33
mp-998744,bulk,0.001,True,SCAN-ZFP,4096000,167360,ZFP,0.0003,24.47418738049713,118.56998118396297,True,5,11,33
mp-998744,bulk,0.001,True,SCAN-SZ3,4096000,86230,SZ3,3e-05,47.50086976690247,118.56998118396297,True,5,11,33
mp-998744,bulk,0.001,True,SCAN-SPERR,4096000,34545,SPERR,0.0001,118.56998118396297,118.56998118396297,True,5,11,33
mp-998744,bulk,0.001,True,BISECT-ZFP,4096000,167360,ZFP,0.0003,24.47418738049713,118.56998118396297,True,4,10,33
mp-998744,bulk,0.001,True,BISECT-SZ3,4096000,86230,SZ3,3e-05,47.50086976690247,118.56998118396297,True,4,10,33
mp-998744,bulk,0.001,True,BISECT-SPERR,4096000,84070,SPERR,1e-05,48.7213036755085,118.56998118396297,True,4,10,33
mp-998744,bulk,0.01,True,EXHAUSTIVE,4096000,20877,SPERR,0.0003,196.196771566796,196.196771566796,True,33,39,33
mp-998744,bulk,0.01,True,SCAN,4096000,20877,SPERR,0.0003,196.196771566796,196.196771566796,True,12,18,33
mp-998744,bulk,0.01,True,BISECT,4096000,20877,SPERR,0.0003,196.196771566796,196.196771566796,True,12,18,33
mp-998744,bulk,0.01,True,SCAN-ZFP,4096000,116112,ZFP,0.001,35.276284966239494,196.196771566796,True,4,10,33
mp-998744,bulk,0.01,True,SCAN-SZ3,4096000,48851,SZ3,0.0001,83.84679945139301,196.196771566796,True,4,10,33
mp-998744,bulk,0.01,True,SCAN-SPERR,4096000,20877,SPERR,0.0003,196.196771566796,196.196771566796,True,4,10,33
mp-998744,bulk,0.01,True,BISECT-ZFP,4096000,116112,ZFP,0.001,35.276284966239494,196.196771566796,True,4,10,33
mp-998744,bulk,0.01,True,BISECT-SZ3,4096000,48851,SZ3,0.0001,83.84679945139301,196.196771566796,True,4,10,33
mp-998744,bulk,0.01,True,BISECT-SPERR,4096000,20877,SPERR,0.0003,196.196771566796,196.196771566796,True,4,10,33
mp-999450,bulk,0.0001,True,EXHAUSTIVE,16777216,960082,SPERR,3e-07,17.474774029718294,17.474774029718294,True,31,37,31
mp-999450,bulk,0.0001,True,SCAN,16777216,960082,SPERR,3e-07,17.474774029718294,17.474774029718294,True,25,31,31
mp-999450,bulk,0.0001,True,BISECT,16777216,960082,SPERR,3e-07,17.474774029718294,17.474774029718294,True,11,17,31
mp-999450,bulk,0.0001,True,SCAN-ZFP,16777216,1456600,ZFP,1e-05,11.518066730742824,17.474774029718294,True,7,13,31
mp-999450,bulk,0.0001,True,SCAN-SZ3,16777216,1559051,SZ3,3e-07,10.76117202067155,17.474774029718294,True,8,14,31
mp-999450,bulk,0.0001,True,SCAN-SPERR,16777216,960082,SPERR,3e-07,17.474774029718294,17.474774029718294,True,10,16,31
mp-999450,bulk,0.0001,True,BISECT-ZFP,16777216,1456600,ZFP,1e-05,11.518066730742824,17.474774029718294,True,4,10,31
mp-999450,bulk,0.0001,True,BISECT-SZ3,16777216,1559051,SZ3,3e-07,10.76117202067155,17.474774029718294,True,3,9,31
mp-999450,bulk,0.0001,True,BISECT-SPERR,16777216,960082,SPERR,3e-07,17.474774029718294,17.474774029718294,True,4,10,31
mp-999450,bulk,0.001,True,EXHAUSTIVE,16777216,314542,SPERR,1e-05,53.33855574136364,53.33855574136364,True,31,37,31
mp-999450,bulk,0.001,True,SCAN,16777216,314542,SPERR,1e-05,53.33855574136364,53.33855574136364,True,20,26,31
mp-999450,bulk,0.001,True,BISECT,16777216,314542,SPERR,1e-05,53.33855574136364,53.33855574136364,True,11,17,31
mp-999450,bulk,0.001,True,SCAN-ZFP,16777216,1102920,ZFP,3e-05,15.211634570050412,53.33855574136364,True,6,12,31
mp-999450,bulk,0.001,True,SCAN-SZ3,16777216,1083713,SZ3,1e-06,15.481235345520448,53.33855574136364,True,7,13,31
mp-999450,bulk,0.001,True,SCAN-SPERR,16777216,314542,SPERR,1e-05,53.33855574136364,53.33855574136364,True,7,13,31
mp-999450,bulk,0.001,True,BISECT-ZFP,16777216,1102920,ZFP,3e-05,15.211634570050412,53.33855574136364,True,3,9,31
mp-999450,bulk,0.001,True,BISECT-SZ3,16777216,1083713,SZ3,1e-06,15.481235345520448,53.33855574136364,True,4,10,31
mp-999450,bulk,0.001,True,BISECT-SPERR,16777216,314542,SPERR,1e-05,53.33855574136364,53.33855574136364,True,4,10,31
mp-999450,bulk,0.01,True,EXHAUSTIVE,16777216,42243,SPERR,0.001,397.15967142485147,397.15967142485147,True,31,37,31
mp-999450,bulk,0.01,True,SCAN,16777216,42243,SPERR,0.001,397.15967142485147,397.15967142485147,True,11,17,31
mp-999450,bulk,0.01,True,BISECT,16777216,42243,SPERR,0.001,397.15967142485147,397.15967142485147,True,10,16,31
mp-999450,bulk,0.01,True,SCAN-ZFP,16777216,680152,ZFP,0.0003,24.66686270127854,397.15967142485147,True,4,10,31
mp-999450,bulk,0.01,True,SCAN-SZ3,16777216,271693,SZ3,3e-05,61.75063766825056,397.15967142485147,True,4,10,31
mp-999450,bulk,0.01,True,SCAN-SPERR,16777216,42243,SPERR,0.001,397.15967142485147,397.15967142485147,True,3,9,31
mp-999450,bulk,0.01,True,BISECT-ZFP,16777216,680152,ZFP,0.0003,24.66686270127854,397.15967142485147,True,4,10,31
mp-999450,bulk,0.01,True,BISECT-SZ3,16777216,271693,SZ3,3e-05,61.75063766825056,397.15967142485147,True,3,9,31
mp-999450,bulk,0.01,True,BISECT-SPERR,16777216,42243,SPERR,0.001,397.15967142485147,397.15967142485147,True,3,9,31
nomad---3hBedCnC_e,slab,0.0001,False,EXHAUSTIVE,30965760,30965760,,,,,False,0,6,19
nomad---3hBedCnC_e,slab,0.0001,False,SCAN,30965760,30965760,,,,,False,0,6,19
nomad---3hBedCnC_e,slab,0.0001,False,BISECT,30965760,30965760,,,,,False,0,6,19
nomad---3hBedCnC_e,slab,0.0001,False,SCAN-ZFP,30965760,30965760,,,,,False,0,6,19
nomad---3hBedCnC_e,slab,0.0001,False,SCAN-SZ3,30965760,30965760,,,,,False,0,6,19
nomad---3hBedCnC_e,slab,0.0001,False,SCAN-SPERR,30965760,30965760,,,,,False,0,6,19
nomad---3hBedCnC_e,slab,0.0001,False,BISECT-ZFP,30965760,30965760,,,,,False,0,6,19
nomad---3hBedCnC_e,slab,0.0001,False,BISECT-SZ3,30965760,30965760,,,,,False,0,6,19
nomad---3hBedCnC_e,slab,0.0001,False,BISECT-SPERR,30965760,30965760,,,,,False,0,6,19
nomad---3hBedCnC_e,slab,0.001,False,EXHAUSTIVE,30965760,30965760,,,,,False,0,6,19
nomad---3hBedCnC_e,slab,0.001,False,SCAN,30965760,30965760,,,,,False,0,6,19
nomad---3hBedCnC_e,slab,0.001,False,BISECT,30965760,30965760,,,,,False,0,6,19
nomad---3hBedCnC_e,slab,0.001,False,SCAN-ZFP,30965760,30965760,,,,,False,0,6,19
nomad---3hBedCnC_e,slab,0.001,False,SCAN-SZ3,30965760,30965760,,,,,False,0,6,19
nomad---3hBedCnC_e,slab,0.001,False,SCAN-SPERR,30965760,30965760,,,,,False,0,6,19
nomad---3hBedCnC_e,slab,0.001,False,BISECT-ZFP,30965760,30965760,,,,,False,0,6,19
nomad---3hBedCnC_e,slab,0.001,False,BISECT-SZ3,30965760,30965760,,,,,False,0,6,19
nomad---3hBedCnC_e,slab,0.001,False,BISECT-SPERR,30965760,30965760,,,,,False,0,6,19
nomad---3hBedCnC_e,slab,0.01,True,EXHAUSTIVE,30965760,263595,SZ3,0.0003,117.47476241962102,117.47476241962102,True,19,25,19
nomad---3hBedCnC_e,slab,0.01,True,SCAN,30965760,263595,SZ3,0.0003,117.47476241962102,117.47476241962102,True,9,15,19
nomad---3hBedCnC_e,slab,0.01,True,BISECT,30965760,263595,SZ3,0.0003,117.47476241962102,117.47476241962102,True,8,14,19
nomad---3hBedCnC_e,slab,0.01,True,SCAN-ZFP,30965760,689704,ZFP,0.003,44.89717328013177,117.47476241962102,True,3,9,19
nomad---3hBedCnC_e,slab,0.01,True,SCAN-SZ3,30965760,263595,SZ3,0.0003,117.47476241962102,117.47476241962102,True,3,9,19
nomad---3hBedCnC_e,slab,0.01,True,SCAN-SPERR,30965760,2968107,SPERR,0.0001,10.432831430942349,117.47476241962102,True,3,9,19
nomad---3hBedCnC_e,slab,0.01,True,BISECT-ZFP,30965760,689704,ZFP,0.003,44.89717328013177,117.47476241962102,True,3,9,19
nomad---3hBedCnC_e,slab,0.01,True,BISECT-SZ3,30965760,263595,SZ3,0.0003,117.47476241962102,117.47476241962102,True,3,9,19
nomad---3hBedCnC_e,slab,0.01,True,BISECT-SPERR,30965760,2968107,SPERR,0.0001,10.432831430942349,117.47476241962102,True,2,8,19
nomad--1YLlCXKIJKj,slab,0.0001,False,EXHAUSTIVE,30965760,30965760,,,,,False,0,6,20
nomad--1YLlCXKIJKj,slab,0.0001,False,SCAN,30965760,30965760,,,,,False,0,6,20
nomad--1YLlCXKIJKj,slab,0.0001,False,BISECT,30965760,30965760,,,,,False,0,6,20
nomad--1YLlCXKIJKj,slab,0.0001,False,SCAN-ZFP,30965760,30965760,,,,,False,0,6,20
nomad--1YLlCXKIJKj,slab,0.0001,False,SCAN-SZ3,30965760,30965760,,,,,False,0,6,20
nomad--1YLlCXKIJKj,slab,0.0001,False,SCAN-SPERR,30965760,30965760,,,,,False,0,6,20
nomad--1YLlCXKIJKj,slab,0.0001,False,BISECT-ZFP,30965760,30965760,,,,,False,0,6,20
nomad--1YLlCXKIJKj,slab,0.0001,False,BISECT-SZ3,30965760,30965760,,,,,False,0,6,20
nomad--1YLlCXKIJKj,slab,0.0001,False,BISECT-SPERR,30965760,30965760,,,,,False,0,6,20
nomad--1YLlCXKIJKj,slab,0.001,False,EXHAUSTIVE,30965760,30965760,,,,,False,0,6,20
nomad--1YLlCXKIJKj,slab,0.001,False,SCAN,30965760,30965760,,,,,False,0,6,20
nomad--1YLlCXKIJKj,slab,0.001,False,BISECT,30965760,30965760,,,,,False,0,6,20
nomad--1YLlCXKIJKj,slab,0.001,False,SCAN-ZFP,30965760,30965760,,,,,False,0,6,20
nomad--1YLlCXKIJKj,slab,0.001,False,SCAN-SZ3,30965760,30965760,,,,,False,0,6,20
nomad--1YLlCXKIJKj,slab,0.001,False,SCAN-SPERR,30965760,30965760,,,,,False,0,6,20
nomad--1YLlCXKIJKj,slab,0.001,False,BISECT-ZFP,30965760,30965760,,,,,False,0,6,20
nomad--1YLlCXKIJKj,slab,0.001,False,BISECT-SZ3,30965760,30965760,,,,,False,0,6,20
nomad--1YLlCXKIJKj,slab,0.001,False,BISECT-SPERR,30965760,30965760,,,,,False,0,6,20
nomad--1YLlCXKIJKj,slab,0.01,False,EXHAUSTIVE,30965760,30965760,,,,,False,0,6,20
nomad--1YLlCXKIJKj,slab,0.01,False,SCAN,30965760,30965760,,,,,False,0,6,20
nomad--1YLlCXKIJKj,slab,0.01,False,BISECT,30965760,30965760,,,,,False,0,6,20
nomad--1YLlCXKIJKj,slab,0.01,False,SCAN-ZFP,30965760,30965760,,,,,False,0,6,20
nomad--1YLlCXKIJKj,slab,0.01,False,SCAN-SZ3,30965760,30965760,,,,,False,0,6,20
nomad--1YLlCXKIJKj,slab,0.01,False,SCAN-SPERR,30965760,30965760,,,,,False,0,6,20
nomad--1YLlCXKIJKj,slab,0.01,False,BISECT-ZFP,30965760,30965760,,,,,False,0,6,20
nomad--1YLlCXKIJKj,slab,0.01,False,BISECT-SZ3,30965760,30965760,,,,,False,0,6,20
nomad--1YLlCXKIJKj,slab,0.01,False,BISECT-SPERR,30965760,30965760,,,,,False,0,6,20
nomad--33WrhYeNt5f,slab,0.0001,False,EXHAUSTIVE,33030144,33030144,,,,,False,0,6,12
nomad--33WrhYeNt5f,slab,0.0001,False,SCAN,33030144,33030144,,,,,False,0,6,12
nomad--33WrhYeNt5f,slab,0.0001,False,BISECT,33030144,33030144,,,,,False,0,6,12
nomad--33WrhYeNt5f,slab,0.0001,False,SCAN-ZFP,33030144,33030144,,,,,False,0,6,12
nomad--33WrhYeNt5f,slab,0.0001,False,SCAN-SZ3,33030144,33030144,,,,,False,0,6,12
nomad--33WrhYeNt5f,slab,0.0001,False,SCAN-SPERR,33030144,33030144,,,,,False,0,6,12
nomad--33WrhYeNt5f,slab,0.0001,False,BISECT-ZFP,33030144,33030144,,,,,False,0,6,12
nomad--33WrhYeNt5f,slab,0.0001,False,BISECT-SZ3,33030144,33030144,,,,,False,0,6,12
nomad--33WrhYeNt5f,slab,0.0001,False,BISECT-SPERR,33030144,33030144,,,,,False,0,6,12
nomad--33WrhYeNt5f,slab,0.001,False,EXHAUSTIVE,33030144,33030144,,,,,False,0,6,12
nomad--33WrhYeNt5f,slab,0.001,False,SCAN,33030144,33030144,,,,,False,0,6,12
nomad--33WrhYeNt5f,slab,0.001,False,BISECT,33030144,33030144,,,,,False,0,6,12
nomad--33WrhYeNt5f,slab,0.001,False,SCAN-ZFP,33030144,33030144,,,,,False,0,6,12
nomad--33WrhYeNt5f,slab,0.001,False,SCAN-SZ3,33030144,33030144,,,,,False,0,6,12
nomad--33WrhYeNt5f,slab,0.001,False,SCAN-SPERR,33030144,33030144,,,,,False,0,6,12
nomad--33WrhYeNt5f,slab,0.001,False,BISECT-ZFP,33030144,33030144,,,,,False,0,6,12
nomad--33WrhYeNt5f,slab,0.001,False,BISECT-SZ3,33030144,33030144,,,,,False,0,6,12
nomad--33WrhYeNt5f,slab,0.001,False,BISECT-SPERR,33030144,33030144,,,,,False,0,6,12
nomad--33WrhYeNt5f,slab,0.01,True,EXHAUSTIVE,33030144,1694312,ZFP,3e-05,19.494723521995947,19.494723521995947,True,12,18,12
nomad--33WrhYeNt5f,slab,0.01,True,SCAN,33030144,1694312,ZFP,3e-05,19.494723521995947,19.494723521995947,True,11,17,12
nomad--33WrhYeNt5f,slab,0.01,True,BISECT,33030144,1694312,ZFP,3e-05,19.494723521995947,19.494723521995947,True,7,13,12
nomad--33WrhYeNt5f,slab,0.01,True,SCAN-ZFP,33030144,1694312,ZFP,3e-05,19.494723521995947,19.494723521995947,True,5,11,12
nomad--33WrhYeNt5f,slab,0.01,True,SCAN-SZ3,33030144,33030144,,,,19.494723521995947,True,3,9,12
nomad--33WrhYeNt5f,slab,0.01,True,SCAN-SPERR,33030144,33030144,,,,19.494723521995947,True,3,9,12
nomad--33WrhYeNt5f,slab,0.01,True,BISECT-ZFP,33030144,1694312,ZFP,3e-05,19.494723521995947,19.494723521995947,True,3,9,12
nomad--33WrhYeNt5f,slab,0.01,True,BISECT-SZ3,33030144,33030144,,,,19.494723521995947,True,2,8,12
nomad--33WrhYeNt5f,slab,0.01,True,BISECT-SPERR,33030144,33030144,,,,19.494723521995947,True,2,8,12
nomad--5wLHf6mG5_K,slab,0.0001,False,EXHAUSTIVE,33030144,33030144,,,,,False,0,6,19
nomad--5wLHf6mG5_K,slab,0.0001,False,SCAN,33030144,33030144,,,,,False,0,6,19
nomad--5wLHf6mG5_K,slab,0.0001,False,BISECT,33030144,33030144,,,,,False,0,6,19
nomad--5wLHf6mG5_K,slab,0.0001,False,SCAN-ZFP,33030144,33030144,,,,,False,0,6,19
nomad--5wLHf6mG5_K,slab,0.0001,False,SCAN-SZ3,33030144,33030144,,,,,False,0,6,19
nomad--5wLHf6mG5_K,slab,0.0001,False,SCAN-SPERR,33030144,33030144,,,,,False,0,6,19
nomad--5wLHf6mG5_K,slab,0.0001,False,BISECT-ZFP,33030144,33030144,,,,,False,0,6,19
nomad--5wLHf6mG5_K,slab,0.0001,False,BISECT-SZ3,33030144,33030144,,,,,False,0,6,19
nomad--5wLHf6mG5_K,slab,0.0001,False,BISECT-SPERR,33030144,33030144,,,,,False,0,6,19
nomad--5wLHf6mG5_K,slab,0.001,False,EXHAUSTIVE,33030144,33030144,,,,,False,0,6,19
nomad--5wLHf6mG5_K,slab,0.001,False,SCAN,33030144,33030144,,,,,False,0,6,19
nomad--5wLHf6mG5_K,slab,0.001,False,BISECT,33030144,33030144,,,,,False,0,6,19
nomad--5wLHf6mG5_K,slab,0.001,False,SCAN-ZFP,33030144,33030144,,,,,False,0,6,19
nomad--5wLHf6mG5_K,slab,0.001,False,SCAN-SZ3,33030144,33030144,,,,,False,0,6,19
nomad--5wLHf6mG5_K,slab,0.001,False,SCAN-SPERR,33030144,33030144,,,,,False,0,6,19
nomad--5wLHf6mG5_K,slab,0.001,False,BISECT-ZFP,33030144,33030144,,,,,False,0,6,19
nomad--5wLHf6mG5_K,slab,0.001,False,BISECT-SZ3,33030144,33030144,,,,,False,0,6,19
nomad--5wLHf6mG5_K,slab,0.001,False,BISECT-SPERR,33030144,33030144,,,,,False,0,6,19
nomad--5wLHf6mG5_K,slab,0.01,False,EXHAUSTIVE,33030144,33030144,,,,,False,0,6,19
nomad--5wLHf6mG5_K,slab,0.01,False,SCAN,33030144,33030144,,,,,False,0,6,19
nomad--5wLHf6mG5_K,slab,0.01,False,BISECT,33030144,33030144,,,,,False,0,6,19
nomad--5wLHf6mG5_K,slab,0.01,False,SCAN-ZFP,33030144,33030144,,,,,False,0,6,19
nomad--5wLHf6mG5_K,slab,0.01,False,SCAN-SZ3,33030144,33030144,,,,,False,0,6,19
nomad--5wLHf6mG5_K,slab,0.01,False,SCAN-SPERR,33030144,33030144,,,,,False,0,6,19
nomad--5wLHf6mG5_K,slab,0.01,False,BISECT-ZFP,33030144,33030144,,,,,False,0,6,19
nomad--5wLHf6mG5_K,slab,0.01,False,BISECT-SZ3,33030144,33030144,,,,,False,0,6,19
nomad--5wLHf6mG5_K,slab,0.01,False,BISECT-SPERR,33030144,33030144,,,,,False,0,6,19
nomad--MeUbDBN9nIW,slab,0.0001,False,EXHAUSTIVE,38707200,38707200,,,,,False,0,6,13
nomad--MeUbDBN9nIW,slab,0.0001,False,SCAN,38707200,38707200,,,,,False,0,6,13
nomad--MeUbDBN9nIW,slab,0.0001,False,BISECT,38707200,38707200,,,,,False,0,6,13
nomad--MeUbDBN9nIW,slab,0.0001,False,SCAN-ZFP,38707200,38707200,,,,,False,0,6,13
nomad--MeUbDBN9nIW,slab,0.0001,False,SCAN-SZ3,38707200,38707200,,,,,False,0,6,13
nomad--MeUbDBN9nIW,slab,0.0001,False,SCAN-SPERR,38707200,38707200,,,,,False,0,6,13
nomad--MeUbDBN9nIW,slab,0.0001,False,BISECT-ZFP,38707200,38707200,,,,,False,0,6,13
nomad--MeUbDBN9nIW,slab,0.0001,False,BISECT-SZ3,38707200,38707200,,,,,False,0,6,13
nomad--MeUbDBN9nIW,slab,0.0001,False,BISECT-SPERR,38707200,38707200,,,,,False,0,6,13
nomad--MeUbDBN9nIW,slab,0.001,False,EXHAUSTIVE,38707200,38707200,,,,,False,0,6,13
nomad--MeUbDBN9nIW,slab,0.001,False,SCAN,38707200,38707200,,,,,False,0,6,13
nomad--MeUbDBN9nIW,slab,0.001,False,BISECT,38707200,38707200,,,,,False,0,6,13
nomad--MeUbDBN9nIW,slab,0.001,False,SCAN-ZFP,38707200,38707200,,,,,False,0,6,13
nomad--MeUbDBN9nIW,slab,0.001,False,SCAN-SZ3,38707200,38707200,,,,,False,0,6,13
nomad--MeUbDBN9nIW,slab,0.001,False,SCAN-SPERR,38707200,38707200,,,,,False,0,6,13
nomad--MeUbDBN9nIW,slab,0.001,False,BISECT-ZFP,38707200,38707200,,,,,False,0,6,13
nomad--MeUbDBN9nIW,slab,0.001,False,BISECT-SZ3,38707200,38707200,,,,,False,0,6,13
nomad--MeUbDBN9nIW,slab,0.001,False,BISECT-SPERR,38707200,38707200,,,,,False,0,6,13
nomad--MeUbDBN9nIW,slab,0.01,True,EXHAUSTIVE,38707200,1367560,ZFP,0.0001,28.30384041650824,28.30384041650824,True,13,19,13
nomad--MeUbDBN9nIW,slab,0.01,True,SCAN,38707200,1367560,ZFP,0.0001,28.30384041650824,28.30384041650824,True,11,17,13
nomad--MeUbDBN9nIW,slab,0.01,True,BISECT,38707200,1367560,ZFP,0.0001,28.30384041650824,28.30384041650824,True,7,13,13
nomad--MeUbDBN9nIW,slab,0.01,True,SCAN-ZFP,38707200,1367560,ZFP,0.0001,28.30384041650824,28.30384041650824,True,4,10,13
nomad--MeUbDBN9nIW,slab,0.01,True,SCAN-SZ3,38707200,38707200,,,,28.30384041650824,True,4,10,13
nomad--MeUbDBN9nIW,slab,0.01,True,SCAN-SPERR,38707200,5389887,SPERR,1e-05,7.181449258583714,28.30384041650824,True,3,9,13
nomad--MeUbDBN9nIW,slab,0.01,True,BISECT-ZFP,38707200,1367560,ZFP,0.0001,28.30384041650824,28.30384041650824,True,3,9,13
nomad--MeUbDBN9nIW,slab,0.01,True,BISECT-SZ3,38707200,38707200,,,,28.30384041650824,True,2,8,13
nomad--MeUbDBN9nIW,slab,0.01,True,BISECT-SPERR,38707200,5389887,SPERR,1e-05,7.181449258583714,28.30384041650824,True,2,8,13
nomad--O7C25L6mxPu,slab,0.0001,False,EXHAUSTIVE,30965760,30965760,,,,,False,0,6,27
nomad--O7C25L6mxPu,slab,0.0001,False,SCAN,30965760,30965760,,,,,False,0,6,27
nomad--O7C25L6mxPu,slab,0.0001,False,BISECT,30965760,30965760,,,,,False,0,6,27
nomad--O7C25L6mxPu,slab,0.0001,False,SCAN-ZFP,30965760,30965760,,,,,False,0,6,27
nomad--O7C25L6mxPu,slab,0.0001,False,SCAN-SZ3,30965760,30965760,,,,,False,0,6,27
nomad--O7C25L6mxPu,slab,0.0001,False,SCAN-SPERR,30965760,30965760,,,,,False,0,6,27
nomad--O7C25L6mxPu,slab,0.0001,False,BISECT-ZFP,30965760,30965760,,,,,False,0,6,27
nomad--O7C25L6mxPu,slab,0.0001,False,BISECT-SZ3,30965760,30965760,,,,,False,0,6,27
nomad--O7C25L6mxPu,slab,0.0001,False,BISECT-SPERR,30965760,30965760,,,,,False,0,6,27
nomad--O7C25L6mxPu,slab,0.001,True,EXHAUSTIVE,30965760,1509472,ZFP,3e-05,20.5142990396642,20.5142990396642,True,27,33,27
nomad--O7C25L6mxPu,slab,0.001,True,SCAN,30965760,1509472,ZFP,3e-05,20.5142990396642,20.5142990396642,True,18,24,27
nomad--O7C25L6mxPu,slab,0.001,True,BISECT,30965760,1509472,ZFP,3e-05,20.5142990396642,20.5142990396642,True,9,15,27
nomad--O7C25L6mxPu,slab,0.001,True,SCAN-ZFP,30965760,1509472,ZFP,3e-05,20.5142990396642,20.5142990396642,True,6,12,27
nomad--O7C25L6mxPu,slab,0.001,True,SCAN-SZ3,30965760,2141547,SZ3,3e-07,14.459528555758991,20.5142990396642,True,7,13,27
nomad--O7C25L6mxPu,slab,0.001,True,SCAN-SPERR,30965760,5464304,SPERR,3e-06,5.666917506785859,20.5142990396642,True,5,11,27
nomad--O7C25L6mxPu,slab,0.001,True,BISECT-ZFP,30965760,1509472,ZFP,3e-05,20.5142990396642,20.5142990396642,True,3,9,27
nomad--O7C25L6mxPu,slab,0.001,True,BISECT-SZ3,30965760,2141547,SZ3,3e-07,14.459528555758991,20.5142990396642,True,3,9,27
nomad--O7C25L6mxPu,slab,0.001,True,BISECT-SPERR,30965760,5464304,SPERR,3e-06,5.666917506785859,20.5142990396642,True,3,9,27
nomad--O7C25L6mxPu,slab,0.01,True,EXHAUSTIVE,30965760,299307,SZ3,0.0001,103.4581884152392,103.4581884152392,True,27,33,27
nomad--O7C25L6mxPu,slab,0.01,True,SCAN,30965760,299307,SZ3,0.0001,103.4581884152392,103.4581884152392,True,7,13,27
nomad--O7C25L6mxPu,slab,0.01,True,BISECT,30965760,299307,SZ3,0.0001,103.4581884152392,103.4581884152392,True,11,17,27
nomad--O7C25L6mxPu,slab,0.01,True,SCAN-ZFP,30965760,476232,ZFP,0.003,65.02242604444892,103.4581884152392,True,2,8,27
nomad--O7C25L6mxPu,slab,0.01,True,SCAN-SZ3,30965760,299307,SZ3,0.0001,103.4581884152392,103.4581884152392,True,2,8,27
nomad--O7C25L6mxPu,slab,0.01,True,SCAN-SPERR,30965760,3857323,SPERR,3e-05,8.027785072704567,103.4581884152392,True,3,9,27
nomad--O7C25L6mxPu,slab,0.01,True,BISECT-ZFP,30965760,476232,ZFP,0.003,65.02242604444892,103.4581884152392,True,4,10,27
nomad--O7C25L6mxPu,slab,0.01,True,BISECT-SZ3,30965760,299307,SZ3,0.0001,103.4581884152392,103.4581884152392,True,4,10,27
nomad--O7C25L6mxPu,slab,0.01,True,BISECT-SPERR,30965760,3857323,SPERR,3e-05,8.027785072704567,103.4581884152392,True,3,9,27
nomad--g_dRNdo_53Q,slab,0.0001,False,EXHAUSTIVE,26214400,26214400,,,,,False,0,6,13
nomad--g_dRNdo_53Q,slab,0.0001,False,SCAN,26214400,26214400,,,,,False,0,6,13
nomad--g_dRNdo_53Q,slab,0.0001,False,BISECT,26214400,26214400,,,,,False,0,6,13
nomad--g_dRNdo_53Q,slab,0.0001,False,SCAN-ZFP,26214400,26214400,,,,,False,0,6,13
nomad--g_dRNdo_53Q,slab,0.0001,False,SCAN-SZ3,26214400,26214400,,,,,False,0,6,13
nomad--g_dRNdo_53Q,slab,0.0001,False,SCAN-SPERR,26214400,26214400,,,,,False,0,6,13
nomad--g_dRNdo_53Q,slab,0.0001,False,BISECT-ZFP,26214400,26214400,,,,,False,0,6,13
nomad--g_dRNdo_53Q,slab,0.0001,False,BISECT-SZ3,26214400,26214400,,,,,False,0,6,13
nomad--g_dRNdo_53Q,slab,0.0001,False,BISECT-SPERR,26214400,26214400,,,,,False,0,6,13
nomad--g_dRNdo_53Q,slab,0.001,False,EXHAUSTIVE,26214400,26214400,,,,,False,0,6,13
nomad--g_dRNdo_53Q,slab,0.001,False,SCAN,26214400,26214400,,,,,False,0,6,13
nomad--g_dRNdo_53Q,slab,0.001,False,BISECT,26214400,26214400,,,,,False,0,6,13
nomad--g_dRNdo_53Q,slab,0.001,False,SCAN-ZFP,26214400,26214400,,,,,False,0,6,13
nomad--g_dRNdo_53Q,slab,0.001,False,SCAN-SZ3,26214400,26214400,,,,,False,0,6,13
nomad--g_dRNdo_53Q,slab,0.001,False,SCAN-SPERR,26214400,26214400,,,,,False,0,6,13
nomad--g_dRNdo_53Q,slab,0.001,False,BISECT-ZFP,26214400,26214400,,,,,False,0,6,13
nomad--g_dRNdo_53Q,slab,0.001,False,BISECT-SZ3,26214400,26214400,,,,,False,0,6,13
nomad--g_dRNdo_53Q,slab,0.001,False,BISECT-SPERR,26214400,26214400,,,,,False,0,6,13
nomad--g_dRNdo_53Q,slab,0.01,True,EXHAUSTIVE,26214400,1411592,ZFP,3e-05,18.570805161831466,18.570805161831466,True,13,19,13
nomad--g_dRNdo_53Q,slab,0.01,True,SCAN,26214400,1411592,ZFP,3e-05,18.570805161831466,18.570805161831466,True,12,18,13
nomad--g_dRNdo_53Q,slab,0.01,True,BISECT,26214400,1411592,ZFP,3e-05,18.570805161831466,18.570805161831466,True,7,13,13
nomad--g_dRNdo_53Q,slab,0.01,True,SCAN-ZFP,26214400,1411592,ZFP,3e-05,18.570805161831466,18.570805161831466,True,5,11,13
nomad--g_dRNdo_53Q,slab,0.01,True,SCAN-SZ3,26214400,26214400,,,,18.570805161831466,True,4,10,13
nomad--g_dRNdo_53Q,slab,0.01,True,SCAN-SPERR,26214400,26214400,,,,18.570805161831466,True,3,9,13
nomad--g_dRNdo_53Q,slab,0.01,True,BISECT-ZFP,26214400,1411592,ZFP,3e-05,18.570805161831466,18.570805161831466,True,3,9,13
nomad--g_dRNdo_53Q,slab,0.01,True,BISECT-SZ3,26214400,26214400,,,,18.570805161831466,True,2,8,13
nomad--g_dRNdo_53Q,slab,0.01,True,BISECT-SPERR,26214400,26214400,,,,18.570805161831466,True,2,8,13
nomad--kEaPn7WzevZ,slab,0.0001,False,EXHAUSTIVE,31850496,31850496,,,,,False,0,6,29
nomad--kEaPn7WzevZ,slab,0.0001,False,SCAN,31850496,31850496,,,,,False,0,6,29
nomad--kEaPn7WzevZ,slab,0.0001,False,BISECT,31850496,31850496,,,,,False,0,6,29
nomad--kEaPn7WzevZ,slab,0.0001,False,SCAN-ZFP,31850496,31850496,,,,,False,0,6,29
nomad--kEaPn7WzevZ,slab,0.0001,False,SCAN-SZ3,31850496,31850496,,,,,False,0,6,29
nomad--kEaPn7WzevZ,slab,0.0001,False,SCAN-SPERR,31850496,31850496,,,,,False,0,6,29
nomad--kEaPn7WzevZ,slab,0.0001,False,BISECT-ZFP,31850496,31850496,,,,,False,0,6,29
nomad--kEaPn7WzevZ,slab,0.0001,False,BISECT-SZ3,31850496,31850496,,,,,False,0,6,29
nomad--kEaPn7WzevZ,slab,0.0001,False,BISECT-SPERR,31850496,31850496,,,,,False,0,6,29
nomad--kEaPn7WzevZ,slab,0.001,True,EXHAUSTIVE,31850496,1149389,SZ3,3e-06,27.710806350156474,27.710806350156474,True,29,35,29
nomad--kEaPn7WzevZ,slab,0.001,True,SCAN,31850496,1149389,SZ3,3e-06,27.710806350156474,27.710806350156474,True,18,24,29
nomad--kEaPn7WzevZ,slab,0.001,True,BISECT,31850496,1149389,SZ3,3e-06,27.710806350156474,27.710806350156474,True,10,16,29
nomad--kEaPn7WzevZ,slab,0.001,True,SCAN-ZFP,31850496,1436952,ZFP,3e-05,22.16531658677534,27.710806350156474,True,6,12,29
nomad--kEaPn7WzevZ,slab,0.001,True,SCAN-SZ3,31850496,1149389,SZ3,3e-06,27.710806350156474,27.710806350156474,True,7,13,29
nomad--kEaPn7WzevZ,slab,0.001,True,SCAN-SPERR,31850496,5360219,SPERR,3e-06,5.942013936370883,27.710806350156474,True,5,11,29
nomad--kEaPn7WzevZ,slab,0.001,True,BISECT-ZFP,31850496,1436952,ZFP,3e-05,22.16531658677534,27.710806350156474,True,3,9,29
nomad--kEaPn7WzevZ,slab,0.001,True,BISECT-SZ3,31850496,1149389,SZ3,3e-06,27.710806350156474,27.710806350156474,True,4,10,29
nomad--kEaPn7WzevZ,slab,0.001,True,BISECT-SPERR,31850496,5360219,SPERR,3e-06,5.942013936370883,27.710806350156474,True,3,9,29
nomad--kEaPn7WzevZ,slab,0.01,True,EXHAUSTIVE,31850496,295466,SZ3,0.0001,107.79749954309464,107.79749954309464,True,29,35,29
nomad--kEaPn7WzevZ,slab,0.01,True,SCAN,31850496,295466,SZ3,0.0001,107.79749954309464,107.79749954309464,True,9,15,29
nomad--kEaPn7WzevZ,slab,0.01,True,BISECT,31850496,295466,SZ3,0.0001,107.79749954309464,107.79749954309464,True,11,17,29
nomad--kEaPn7WzevZ,slab,0.01,True,SCAN-ZFP,31850496,536432,ZFP,0.003,59.37471291794673,107.79749954309464,True,2,8,29
nomad--kEaPn7WzevZ,slab,0.01,True,SCAN-SZ3,31850496,295466,SZ3,0.0001,107.79749954309464,107.79749954309464,True,4,10,29
nomad--kEaPn7WzevZ,slab,0.01,True,SCAN-SPERR,31850496,3702802,SPERR,3e-05,8.601728096722429,107.79749954309464,True,3,9,29
nomad--kEaPn7WzevZ,slab,0.01,True,BISECT-ZFP,31850496,536432,ZFP,0.003,59.37471291794673,107.79749954309464,True,4,10,29
nomad--kEaPn7WzevZ,slab,0.01,True,BISECT-SZ3,31850496,295466,SZ3,0.0001,107.79749954309464,107.79749954309464,True,4,10,29
nomad--kEaPn7WzevZ,slab,0.01,True,BISECT-SPERR,31850496,3702802,SPERR,3e-05,8.601728096722429,107.79749954309464,True,3,9,29
nomad--maT57oivXnQ,slab,0.0001,False,EXHAUSTIVE,16588800,16588800,,,,,False,0,6,29
nomad--maT57oivXnQ,slab,0.0001,False,SCAN,16588800,16588800,,,,,False,0,6,29
nomad--maT57oivXnQ,slab,0.0001,False,BISECT,16588800,16588800,,,,,False,0,6,29
nomad--maT57oivXnQ,slab,0.0001,False,SCAN-ZFP,16588800,16588800,,,,,False,0,6,29
nomad--maT57oivXnQ,slab,0.0001,False,SCAN-SZ3,16588800,16588800,,,,,False,0,6,29
nomad--maT57oivXnQ,slab,0.0001,False,SCAN-SPERR,16588800,16588800,,,,,False,0,6,29
nomad--maT57oivXnQ,slab,0.0001,False,BISECT-ZFP,16588800,16588800,,,,,False,0,6,29
nomad--maT57oivXnQ,slab,0.0001,False,BISECT-SZ3,16588800,16588800,,,,,False,0,6,29
nomad--maT57oivXnQ,slab,0.0001,False,BISECT-SPERR,16588800,16588800,,,,,False,0,6,29
nomad--maT57oivXnQ,slab,0.001,True,EXHAUSTIVE,16588800,902536,ZFP,3e-05,18.380208656496805,18.380208656496805,True,29,35,29
nomad--maT57oivXnQ,slab,0.001,True,SCAN,16588800,902536,ZFP,3e-05,18.380208656496805,18.380208656496805,True,19,25,29
nomad--maT57oivXnQ,slab,0.001,True,BISECT,16588800,902536,ZFP,3e-05,18.380208656496805,18.380208656496805,True,10,16,29
nomad--maT57oivXnQ,slab,0.001,True,SCAN-ZFP,16588800,902536,ZFP,3e-05,18.380208656496805,18.380208656496805,True,7,13,29
nomad--maT57oivXnQ,slab,0.001,True,SCAN-SZ3,16588800,1188986,SZ3,1e-06,13.952056626402666,18.380208656496805,True,7,13,29
nomad--maT57oivXnQ,slab,0.001,True,SCAN-SPERR,16588800,3007827,SPERR,3e-06,5.515210814983708,18.380208656496805,True,5,11,29
nomad--maT57oivXnQ,slab,0.001,True,BISECT-ZFP,16588800,902536,ZFP,3e-05,18.380208656496805,18.380208656496805,True,3,9,29
nomad--maT57oivXnQ,slab,0.001,True,BISECT-SZ3,16588800,1188986,SZ3,1e-06,13.952056626402666,18.380208656496805,True,4,10,29
nomad--maT57oivXnQ,slab,0.001,True,BISECT-SPERR,16588800,3007827,SPERR,3e-06,5.515210814983708,18.380208656496805,True,3,9,29
nomad--maT57oivXnQ,slab,0.01,True,EXHAUSTIVE,16588800,238179,SZ3,0.0001,69.64845767259078,69.64845767259078,True,29,35,29
nomad--maT57oivXnQ,slab,0.01,True,SCAN,16588800,238179,SZ3,0.0001,69.64845767259078,69.64845767259078,True,10,16,29
nomad--maT57oivXnQ,slab,0.01,True,BISECT,16588800,238179,SZ3,0.0001,69.64845767259078,69.64845767259078,True,10,16,29
nomad--maT57oivXnQ,slab,0.01,True,SCAN-ZFP,16588800,410504,ZFP,0.001,40.41081207491279,69.64845767259078,True,4,10,29
nomad--maT57oivXnQ,slab,0.01,True,SCAN-SZ3,16588800,238179,SZ3,0.0001,69.64845767259078,69.64845767259078,True,3,9,29
nomad--maT57oivXnQ,slab,0.01,True,SCAN-SPERR,16588800,2147260,SPERR,3e-05,7.725566535957452,69.64845767259078,True,3,9,29
nomad--maT57oivXnQ,slab,0.01,True,BISECT-ZFP,16588800,410504,ZFP,0.001,40.41081207491279,69.64845767259078,True,4,10,29
nomad--maT57oivXnQ,slab,0.01,True,BISECT-SZ3,16588800,238179,SZ3,0.0001,69.64845767259078,69.64845767259078,True,3,9,29
nomad--maT57oivXnQ,slab,0.01,True,BISECT-SPERR,16588800,2147260,SPERR,3e-05,7.725566535957452,69.64845767259078,True,3,9,29
nomad--ydxPkR4Tatz,slab,0.0001,False,EXHAUSTIVE,35389440,35389440,,,,,False,0,6,27
nomad--ydxPkR4Tatz,slab,0.0001,False,SCAN,35389440,35389440,,,,,False,0,6,27
nomad--ydxPkR4Tatz,slab,0.0001,False,BISECT,35389440,35389440,,,,,False,0,6,27
nomad--ydxPkR4Tatz,slab,0.0001,False,SCAN-ZFP,35389440,35389440,,,,,False,0,6,27
nomad--ydxPkR4Tatz,slab,0.0001,False,SCAN-SZ3,35389440,35389440,,,,,False,0,6,27
nomad--ydxPkR4Tatz,slab,0.0001,False,SCAN-SPERR,35389440,35389440,,,,,False,0,6,27
nomad--ydxPkR4Tatz,slab,0.0001,False,BISECT-ZFP,35389440,35389440,,,,,False,0,6,27
nomad--ydxPkR4Tatz,slab,0.0001,False,BISECT-SZ3,35389440,35389440,,,,,False,0,6,27
nomad--ydxPkR4Tatz,slab,0.0001,False,BISECT-SPERR,35389440,35389440,,,,,False,0,6,27
nomad--ydxPkR4Tatz,slab,0.001,True,EXHAUSTIVE,35389440,1402810,SZ3,1e-06,25.22753615956544,25.22753615956544,True,27,33,27
nomad--ydxPkR4Tatz,slab,0.001,True,SCAN,35389440,1402810,SZ3,1e-06,25.22753615956544,25.22753615956544,True,20,26,27
nomad--ydxPkR4Tatz,slab,0.001,True,BISECT,35389440,1402810,SZ3,1e-06,25.22753615956544,25.22753615956544,True,11,17,27
nomad--ydxPkR4Tatz,slab,0.001,True,SCAN-ZFP,35389440,1634776,ZFP,1e-05,21.6478832574004,25.22753615956544,True,7,13,27
nomad--ydxPkR4Tatz,slab,0.001,True,SCAN-SZ3,35389440,1402810,SZ3,1e-06,25.22753615956544,25.22753615956544,True,7,13,27
nomad--ydxPkR4Tatz,slab,0.001,True,SCAN-SPERR,35389440,6990362,SPERR,3e-07,5.062604769252293,25.22753615956544,True,6,12,27
nomad--ydxPkR4Tatz,slab,0.001,True,BISECT-ZFP,35389440,1634776,ZFP,1e-05,21.6478832574004,25.22753615956544,True,4,10,27
nomad--ydxPkR4Tatz,slab,0.001,True,BISECT-SZ3,35389440,1402810,SZ3,1e-06,25.22753615956544,25.22753615956544,True,4,10,27
nomad--ydxPkR4Tatz,slab,0.001,True,BISECT-SPERR,35389440,6990362,SPERR,3e-07,5.062604769252293,25.22753615956544,True,3,9,27
nomad--ydxPkR4Tatz,slab,0.01,True,EXHAUSTIVE,35389440,429947,SZ3,3e-05,82.31116858589547,82.31116858589547,True,27,33,27
nomad--ydxPkR4Tatz,slab,0.01,True,SCAN,35389440,429947,SZ3,3e-05,82.31116858589547,82.31116858589547,True,10,16,27
nomad--ydxPkR4Tatz,slab,0.01,True,BISECT,35389440,429947,SZ3,3e-05,82.31116858589547,82.31116858589547,True,9,15,27
nomad--ydxPkR4Tatz,slab,0.01,True,SCAN-ZFP,35389440,638600,ZFP,0.001,55.41722518008143,82.31116858589547,True,3,9,27
nomad--ydxPkR4Tatz,slab,0.01,True,SCAN-SZ3,35389440,429947,SZ3,3e-05,82.31116858589547,82.31116858589547,True,4,10,27
nomad--ydxPkR4Tatz,slab,0.01,True,SCAN-SPERR,35389440,4215624,SPERR,1e-05,8.394828381278785,82.31116858589547,True,3,9,27
nomad--ydxPkR4Tatz,slab,0.01,True,BISECT-ZFP,35389440,638600,ZFP,0.001,55.41722518008143,82.31116858589547,True,3,9,27
nomad--ydxPkR4Tatz,slab,0.01,True,BISECT-SZ3,35389440,429947,SZ3,3e-05,82.31116858589547,82.31116858589547,True,3,9,27
nomad--ydxPkR4Tatz,slab,0.01,True,BISECT-SPERR,35389440,4215624,SPERR,1e-05,8.394828381278785,82.31116858589547,True,3,9,27
nomad-0-ostsntWIk9,slab,0.0001,False,EXHAUSTIVE,27648000,27648000,,,,,False,0,6,14
nomad-0-ostsntWIk9,slab,0.0001,False,SCAN,27648000,27648000,,,,,False,0,6,14
nomad-0-ostsntWIk9,slab,0.0001,False,BISECT,27648000,27648000,,,,,False,0,6,14
nomad-0-ostsntWIk9,slab,0.0001,False,SCAN-ZFP,27648000,27648000,,,,,False,0,6,14
nomad-0-ostsntWIk9,slab,0.0001,False,SCAN-SZ3,27648000,27648000,,,,,False,0,6,14
nomad-0-ostsntWIk9,slab,0.0001,False,SCAN-SPERR,27648000,27648000,,,,,False,0,6,14
nomad-0-ostsntWIk9,slab,0.0001,False,BISECT-ZFP,27648000,27648000,,,,,False,0,6,14
nomad-0-ostsntWIk9,slab,0.0001,False,BISECT-SZ3,27648000,27648000,,,,,False,0,6,14
nomad-0-ostsntWIk9,slab,0.0001,False,BISECT-SPERR,27648000,27648000,,,,,False,0,6,14
nomad-0-ostsntWIk9,slab,0.001,False,EXHAUSTIVE,27648000,27648000,,,,,False,0,6,14
nomad-0-ostsntWIk9,slab,0.001,False,SCAN,27648000,27648000,,,,,False,0,6,14
nomad-0-ostsntWIk9,slab,0.001,False,BISECT,27648000,27648000,,,,,False,0,6,14
nomad-0-ostsntWIk9,slab,0.001,False,SCAN-ZFP,27648000,27648000,,,,,False,0,6,14
nomad-0-ostsntWIk9,slab,0.001,False,SCAN-SZ3,27648000,27648000,,,,,False,0,6,14
nomad-0-ostsntWIk9,slab,0.001,False,SCAN-SPERR,27648000,27648000,,,,,False,0,6,14
nomad-0-ostsntWIk9,slab,0.001,False,BISECT-ZFP,27648000,27648000,,,,,False,0,6,14
nomad-0-ostsntWIk9,slab,0.001,False,BISECT-SZ3,27648000,27648000,,,,,False,0,6,14
nomad-0-ostsntWIk9,slab,0.001,False,BISECT-SPERR,27648000,27648000,,,,,False,0,6,14
nomad-0-ostsntWIk9,slab,0.01,True,EXHAUSTIVE,27648000,707401,SZ3,1e-05,39.08391421555808,39.08391421555808,True,14,20,14
nomad-0-ostsntWIk9,slab,0.01,True,SCAN,27648000,707401,SZ3,1e-05,39.08391421555808,39.08391421555808,True,12,18,14
nomad-0-ostsntWIk9,slab,0.01,True,BISECT,27648000,707401,SZ3,1e-05,39.08391421555808,39.08391421555808,True,8,14,14
nomad-0-ostsntWIk9,slab,0.01,True,SCAN-ZFP,27648000,1110440,ZFP,0.0001,24.89823853607579,39.08391421555808,True,4,10,14
nomad-0-ostsntWIk9,slab,0.01,True,SCAN-SZ3,27648000,707401,SZ3,1e-05,39.08391421555808,39.08391421555808,True,5,11,14
nomad-0-ostsntWIk9,slab,0.01,True,SCAN-SPERR,27648000,27648000,,,,39.08391421555808,True,3,9,14
nomad-0-ostsntWIk9,slab,0.01,True,BISECT-ZFP,27648000,1110440,ZFP,0.0001,24.89823853607579,39.08391421555808,True,3,9,14
nomad-0-ostsntWIk9,slab,0.01,True,BISECT-SZ3,27648000,707401,SZ3,1e-05,39.08391421555808,39.08391421555808,True,3,9,14
nomad-0-ostsntWIk9,slab,0.01,True,BISECT-SPERR,27648000,27648000,,,,39.08391421555808,True,2,8,14
nomad-064_5lUOyDQI,slab,0.0001,False,EXHAUSTIVE,31850496,31850496,,,,,False,0,6,30
nomad-064_5lUOyDQI,slab,0.0001,False,SCAN,31850496,31850496,,,,,False,0,6,30
nomad-064_5lUOyDQI,slab,0.0001,False,BISECT,31850496,31850496,,,,,False,0,6,30
nomad-064_5lUOyDQI,slab,0.0001,False,SCAN-ZFP,31850496,31850496,,,,,False,0,6,30
nomad-064_5lUOyDQI,slab,0.0001,False,SCAN-SZ3,31850496,31850496,,,,,False,0,6,30
nomad-064_5lUOyDQI,slab,0.0001,False,SCAN-SPERR,31850496,31850496,,,,,False,0,6,30
nomad-064_5lUOyDQI,slab,0.0001,False,BISECT-ZFP,31850496,31850496,,,,,False,0,6,30
nomad-064_5lUOyDQI,slab,0.0001,False,BISECT-SZ3,31850496,31850496,,,,,False,0,6,30
nomad-064_5lUOyDQI,slab,0.0001,False,BISECT-SPERR,31850496,31850496,,,,,False,0,6,30
nomad-064_5lUOyDQI,slab,0.001,True,EXHAUSTIVE,31850496,1149157,SZ3,3e-06,27.71640080511192,27.71640080511192,True,30,36,30
nomad-064_5lUOyDQI,slab,0.001,True,SCAN,31850496,1149157,SZ3,3e-06,27.71640080511192,27.71640080511192,True,19,25,30
nomad-064_5lUOyDQI,slab,0.001,True,BISECT,31850496,1149157,SZ3,3e-06,27.71640080511192,27.71640080511192,True,11,17,30
nomad-064_5lUOyDQI,slab,0.001,True,SCAN-ZFP,31850496,1410336,ZFP,3e-05,22.58362262609761,27.71640080511192,True,6,12,30
nomad-064_5lUOyDQI,slab,0.001,True,SCAN-SZ3,31850496,1149157,SZ3,3e-06,27.71640080511192,27.71640080511192,True,7,13,30
nomad-064_5lUOyDQI,slab,0.001,True,SCAN-SPERR,31850496,5360429,SPERR,3e-06,5.941781152217481,27.71640080511192,True,6,12,30
nomad-064_5lUOyDQI,slab,0.001,True,BISECT-ZFP,31850496,1410336,ZFP,3e-05,22.58362262609761,27.71640080511192,True,3,9,30
nomad-064_5lUOyDQI,slab,0.001,True,BISECT-SZ3,31850496,1149157,SZ3,3e-06,27.71640080511192,27.71640080511192,True,4,10,30
nomad-064_5lUOyDQI,slab,0.001,True,BISECT-SPERR,31850496,5360429,SPERR,3e-06,5.941781152217481,27.71640080511192,True,4,10,30
nomad-064_5lUOyDQI,slab,0.01,True,EXHAUSTIVE,31850496,294864,SZ3,0.0001,108.01758098648868,108.01758098648868,True,30,36,30
nomad-064_5lUOyDQI,slab,0.01,True,SCAN,31850496,294864,SZ3,0.0001,108.01758098648868,108.01758098648868,True,10,16,30
nomad-064_5lUOyDQI,slab,0.01,True,BISECT,31850496,294864,SZ3,0.0001,108.01758098648868,108.01758098648868,True,11,17,30
nomad-064_5lUOyDQI,slab,0.01,True,SCAN-ZFP,31850496,536120,ZFP,0.003,59.409266582108486,108.01758098648868,True,2,8,30
nomad-064_5lUOyDQI,slab,0.01,True,SCAN-SZ3,31850496,294864,SZ3,0.0001,108.01758098648868,108.01758098648868,True,4,10,30
nomad-064_5lUOyDQI,slab,0.01,True,SCAN-SPERR,31850496,3703309,SPERR,3e-05,8.600550480664724,108.01758098648868,True,4,10,30
nomad-064_5lUOyDQI,slab,0.01,True,BISECT-ZFP,31850496,536120,ZFP,0.003,59.409266582108486,108.01758098648868,True,4,10,30
nomad-064_5lUOyDQI,slab,0.01,True,BISECT-SZ3,31850496,294864,SZ3,0.0001,108.01758098648868,108.01758098648868,True,4,10,30
nomad-064_5lUOyDQI,slab,0.01,True,BISECT-SPERR,31850496,3703309,SPERR,3e-05,8.600550480664724,108.01758098648868,True,3,9,30
nomad-0HydAdmxidgt,slab,0.0001,False,EXHAUSTIVE,35389440,35389440,,,,,False,0,6,18
nomad-0HydAdmxidgt,slab,0.0001,False,SCAN,35389440,35389440,,,,,False,0,6,18
nomad-0HydAdmxidgt,slab,0.0001,False,BISECT,35389440,35389440,,,,,False,0,6,18
nomad-0HydAdmxidgt,slab,0.0001,False,SCAN-ZFP,35389440,35389440,,,,,False,0,6,18
nomad-0HydAdmxidgt,slab,0.0001,False,SCAN-SZ3,35389440,35389440,,,,,False,0,6,18
nomad-0HydAdmxidgt,slab,0.0001,False,SCAN-SPERR,35389440,35389440,,,,,False,0,6,18
nomad-0HydAdmxidgt,slab,0.0001,False,BISECT-ZFP,35389440,35389440,,,,,False,0,6,18
nomad-0HydAdmxidgt,slab,0.0001,False,BISECT-SZ3,35389440,35389440,,,,,False,0,6,18
nomad-0HydAdmxidgt,slab,0.0001,False,BISECT-SPERR,35389440,35389440,,,,,False,0,6,18
nomad-0HydAdmxidgt,slab,0.001,False,EXHAUSTIVE,35389440,35389440,,,,,False,0,6,18
nomad-0HydAdmxidgt,slab,0.001,False,SCAN,35389440,35389440,,,,,False,0,6,18
nomad-0HydAdmxidgt,slab,0.001,False,BISECT,35389440,35389440,,,,,False,0,6,18
nomad-0HydAdmxidgt,slab,0.001,False,SCAN-ZFP,35389440,35389440,,,,,False,0,6,18
nomad-0HydAdmxidgt,slab,0.001,False,SCAN-SZ3,35389440,35389440,,,,,False,0,6,18
nomad-0HydAdmxidgt,slab,0.001,False,SCAN-SPERR,35389440,35389440,,,,,False,0,6,18
nomad-0HydAdmxidgt,slab,0.001,False,BISECT-ZFP,35389440,35389440,,,,,False,0,6,18
nomad-0HydAdmxidgt,slab,0.001,False,BISECT-SZ3,35389440,35389440,,,,,False,0,6,18
nomad-0HydAdmxidgt,slab,0.001,False,BISECT-SPERR,35389440,35389440,,,,,False,0,6,18
nomad-0HydAdmxidgt,slab,0.01,True,EXHAUSTIVE,35389440,35389440,,,,,False,18,24,18
nomad-0HydAdmxidgt,slab,0.01,True,SCAN,35389440,35389440,,,,,False,18,24,18
nomad-0HydAdmxidgt,slab,0.01,True,BISECT,35389440,35389440,,,,,False,7,13,18
nomad-0HydAdmxidgt,slab,0.01,True,SCAN-ZFP,35389440,35389440,,,,,False,7,13,18
nomad-0HydAdmxidgt,slab,0.01,True,SCAN-SZ3,35389440,35389440,,,,,False,6,12,18
nomad-0HydAdmxidgt,slab,0.01,True,SCAN-SPERR,35389440,35389440,,,,,False,5,11,18
nomad-0HydAdmxidgt,slab,0.01,True,BISECT-ZFP,35389440,35389440,,,,,False,3,9,18
nomad-0HydAdmxidgt,slab,0.01,True,BISECT-SZ3,35389440,35389440,,,,,False,2,8,18
nomad-0HydAdmxidgt,slab,0.01,True,BISECT-SPERR,35389440,35389440,,,,,False,2,8,18
nomad-0J594sjoAqDW,slab,0.0001,False,EXHAUSTIVE,24772608,24772608,,,,,False,0,6,28
nomad-0J594sjoAqDW,slab,0.0001,False,SCAN,24772608,24772608,,,,,False,0,6,28
nomad-0J594sjoAqDW,slab,0.0001,False,BISECT,24772608,24772608,,,,,False,0,6,28
nomad-0J594sjoAqDW,slab,0.0001,False,SCAN-ZFP,24772608,24772608,,,,,False,0,6,28
nomad-0J594sjoAqDW,slab,0.0001,False,SCAN-SZ3,24772608,24772608,,,,,False,0,6,28
nomad-0J594sjoAqDW,slab,0.0001,False,SCAN-SPERR,24772608,24772608,,,,,False,0,6,28
nomad-0J594sjoAqDW,slab,0.0001,False,BISECT-ZFP,24772608,24772608,,,,,False,0,6,28
nomad-0J594sjoAqDW,slab,0.0001,False,BISECT-SZ3,24772608,24772608,,,,,False,0,6,28
nomad-0J594sjoAqDW,slab,0.0001,False,BISECT-SPERR,24772608,24772608,,,,,False,0,6,28
nomad-0J594sjoAqDW,slab,0.001,True,EXHAUSTIVE,24772608,1393942,SZ3,1e-06,17.771620340014145,17.771620340014145,True,28,34,28
nomad-0J594sjoAqDW,slab,0.001,True,SCAN,24772608,1393942,SZ3,1e-06,17.771620340014145,17.771620340014145,True,20,26,28
nomad-0J594sjoAqDW,slab,0.001,True,BISECT,24772608,1393942,SZ3,1e-06,17.771620340014145,17.771620340014145,True,11,17,28
nomad-0J594sjoAqDW,slab,0.001,True,SCAN-ZFP,24772608,1520560,ZFP,1e-05,16.291766191403166,17.771620340014145,True,7,13,28
nomad-0J594sjoAqDW,slab,0.001,True,SCAN-SZ3,24772608,1393942,SZ3,1e-06,17.771620340014145,17.771620340014145,True,7,13,28
nomad-0J594sjoAqDW,slab,0.001,True,SCAN-SPERR,24772608,4861010,SPERR,1e-06,5.096185360655501,17.771620340014145,True,6,12,28
nomad-0J594sjoAqDW,slab,0.001,True,BISECT-ZFP,24772608,1520560,ZFP,1e-05,16.291766191403166,17.771620340014145,True,4,10,28
nomad-0J594sjoAqDW,slab,0.001,True,BISECT-SZ3,24772608,1393942,SZ3,1e-06,17.771620340014145,17.771620340014145,True,4,10,28
nomad-0J594sjoAqDW,slab,0.001,True,BISECT-SPERR,24772608,4861010,SPERR,1e-06,5.096185360655501,17.771620340014145,True,3,9,28
nomad-0J594sjoAqDW,slab,0.01,True,EXHAUSTIVE,24772608,429628,SZ3,3e-05,57.6605994022736,57.6605994022736,True,28,34,28
nomad-0J594sjoAqDW,slab,0.01,True,SCAN,24772608,429628,SZ3,3e-05,57.6605994022736,57.6605994022736,True,12,18,28
nomad-0J594sjoAqDW,slab,0.01,True,BISECT,24772608,429628,SZ3,3e-05,57.6605994022736,57.6605994022736,True,10,16,28
nomad-0J594sjoAqDW,slab,0.01,True,SCAN-ZFP,24772608,747160,ZFP,0.0003,33.1556935596124,57.6605994022736,True,4,10,28
nomad-0J594sjoAqDW,slab,0.01,True,SCAN-SZ3,24772608,429628,SZ3,3e-05,57.6605994022736,57.6605994022736,True,4,10,28
nomad-0J594sjoAqDW,slab,0.01,True,SCAN-SPERR,24772608,3581073,SPERR,1e-05,6.917649542469533,57.6605994022736,True,4,10,28
nomad-0J594sjoAqDW,slab,0.01,True,BISECT-ZFP,24772608,747160,ZFP,0.0003,33.1556935596124,57.6605994022736,True,4,10,28
nomad-0J594sjoAqDW,slab,0.01,True,BISECT-SZ3,24772608,429628,SZ3,3e-05,57.6605994022736,57.6605994022736,True,3,9,28
nomad-0J594sjoAqDW,slab,0.01,True,BISECT-SPERR,24772608,3581073,SPERR,1e-05,6.917649542469533,57.6605994022736,True,3,9,28
nomad-0JxkdxfFTtnZ,slab,0.0001,False,EXHAUSTIVE,26542080,26542080,,,,,False,0,6,30
nomad-0JxkdxfFTtnZ,slab,0.0001,False,SCAN,26542080,26542080,,,,,False,0,6,30
nomad-0JxkdxfFTtnZ,slab,0.0001,False,BISECT,26542080,26542080,,,,,False,0,6,30
nomad-0JxkdxfFTtnZ,slab,0.0001,False,SCAN-ZFP,26542080,26542080,,,,,False,0,6,30
nomad-0JxkdxfFTtnZ,slab,0.0001,False,SCAN-SZ3,26542080,26542080,,,,,False,0,6,30
nomad-0JxkdxfFTtnZ,slab,0.0001,False,SCAN-SPERR,26542080,26542080,,,,,False,0,6,30
nomad-0JxkdxfFTtnZ,slab,0.0001,False,BISECT-ZFP,26542080,26542080,,,,,False,0,6,30
nomad-0JxkdxfFTtnZ,slab,0.0001,False,BISECT-SZ3,26542080,26542080,,,,,False,0,6,30
nomad-0JxkdxfFTtnZ,slab,0.0001,False,BISECT-SPERR,26542080,26542080,,,,,False,0,6,30
nomad-0JxkdxfFTtnZ,slab,0.001,True,EXHAUSTIVE,26542080,1075952,ZFP,0.0001,24.66846104658944,24.66846104658944,True,30,36,30
nomad-0JxkdxfFTtnZ,slab,0.001,True,SCAN,26542080,1075952,ZFP,0.0001,24.66846104658944,24.66846104658944,True,20,26,30
nomad-0JxkdxfFTtnZ,slab,0.001,True,BISECT,26542080,1075952,ZFP,0.0001,24.66846104658944,24.66846104658944,True,11,17,30
nomad-0JxkdxfFTtnZ,slab,0.001,True,SCAN-ZFP,26542080,1075952,ZFP,0.0001,24.66846104658944,24.66846104658944,True,6,12,30
nomad-0JxkdxfFTtnZ,slab,0.001,True,SCAN-SZ3,26542080,1530702,SZ3,1e-06,17.33980879361234,24.66846104658944,True,8,14,30
nomad-0JxkdxfFTtnZ,slab,0.001,True,SCAN-SPERR,26542080,4863311,SPERR,1e-06,5.457615192612605,24.66846104658944,True,6,12,30
nomad-0JxkdxfFTtnZ,slab,0.001,True,BISECT-ZFP,26542080,1075952,ZFP,0.0001,24.66846104658944,24.66846104658944,True,4,10,30
nomad-0JxkdxfFTtnZ,slab,0.001,True,BISECT-SZ3,26542080,1530702,SZ3,1e-06,17.33980879361234,24.66846104658944,True,4,10,30
nomad-0JxkdxfFTtnZ,slab,0.001,True,BISECT-SPERR,26542080,4863311,SPERR,1e-06,5.457615192612605,24.66846104658944,True,3,9,30
nomad-0JxkdxfFTtnZ,slab,0.01,True,EXHAUSTIVE,26542080,444922,SZ3,3e-05,59.655580079204896,59.655580079204896,True,30,36,30
nomad-0JxkdxfFTtnZ,slab,0.01,True,SCAN,26542080,444922,SZ3,3e-05,59.655580079204896,59.655580079204896,True,13,19,30
nomad-0JxkdxfFTtnZ,slab,0.01,True,BISECT,26542080,444922,SZ3,3e-05,59.655580079204896,59.655580079204896,True,11,17,30
nomad-0JxkdxfFTtnZ,slab,0.01,True,SCAN-ZFP,26542080,562888,ZFP,0.001,47.15339463623314,59.655580079204896,True,4,10,30
nomad-0JxkdxfFTtnZ,slab,0.01,True,SCAN-SZ3,26542080,444922,SZ3,3e-05,59.655580079204896,59.655580079204896,True,5,11,30
nomad-0JxkdxfFTtnZ,slab,0.01,True,SCAN-SPERR,26542080,3485274,SPERR,1e-05,7.615493071706844,59.655580079204896,True,4,10,30
nomad-0JxkdxfFTtnZ,slab,0.01,True,BISECT-ZFP,26542080,562888,ZFP,0.001,47.15339463623314,59.655580079204896,True,4,10,30
nomad-0JxkdxfFTtnZ,slab,0.01,True,BISECT-SZ3,26542080,444922,SZ3,3e-05,59.655580079204896,59.655580079204896,True,4,10,30
nomad-0JxkdxfFTtnZ,slab,0.01,True,BISECT-SPERR,26542080,3485274,SPERR,1e-05,7.615493071706844,59.655580079204896,True,3,9,30
nomad-0kvBRPSc8RU6,slab,0.0001,False,EXHAUSTIVE,46080000,46080000,,,,,False,0,6,19
nomad-0kvBRPSc8RU6,slab,0.0001,False,SCAN,46080000,46080000,,,,,False,0,6,19
nomad-0kvBRPSc8RU6,slab,0.0001,False,BISECT,46080000,46080000,,,,,False,0,6,19
nomad-0kvBRPSc8RU6,slab,0.0001,False,SCAN-ZFP,46080000,46080000,,,,,False,0,6,19
nomad-0kvBRPSc8RU6,slab,0.0001,False,SCAN-SZ3,46080000,46080000,,,,,False,0,6,19
nomad-0kvBRPSc8RU6,slab,0.0001,False,SCAN-SPERR,46080000,46080000,,,,,False,0,6,19
nomad-0kvBRPSc8RU6,slab,0.0001,False,BISECT-ZFP,46080000,46080000,,,,,False,0,6,19
nomad-0kvBRPSc8RU6,slab,0.0001,False,BISECT-SZ3,46080000,46080000,,,,,False,0,6,19
nomad-0kvBRPSc8RU6,slab,0.0001,False,BISECT-SPERR,46080000,46080000,,,,,False,0,6,19
nomad-0kvBRPSc8RU6,slab,0.001,True,EXHAUSTIVE,46080000,3087632,ZFP,3e-06,14.924058307466693,14.924058307466693,True,19,25,19
nomad-0kvBRPSc8RU6,slab,0.001,True,SCAN,46080000,3087632,ZFP,3e-06,14.924058307466693,14.924058307466693,True,16,22,19
nomad-0kvBRPSc8RU6,slab,0.001,True,BISECT,46080000,3087632,ZFP,3e-06,14.924058307466693,14.924058307466693,True,8,14,19
nomad-0kvBRPSc8RU6,slab,0.001,True,SCAN-ZFP,46080000,3087632,ZFP,3e-06,14.924058307466693,14.924058307466693,True,6,12,19
nomad-0kvBRPSc8RU6,slab,0.001,True,SCAN-SZ3,46080000,46080000,,,,14.924058307466693,True,5,11,19
nomad-0kvBRPSc8RU6,slab,0.001,True,SCAN-SPERR,46080000,46080000,,,,14.924058307466693,True,5,11,19
nomad-0kvBRPSc8RU6,slab,0.001,True,BISECT-ZFP,46080000,3087632,ZFP,3e-06,14.924058307466693,14.924058307466693,True,4,10,19
nomad-0kvBRPSc8RU6,slab,0.001,True,BISECT-SZ3,46080000,46080000,,,,14.924058307466693,True,2,8,19
nomad-0kvBRPSc8RU6,slab,0.001,True,BISECT-SPERR,46080000,46080000,,,,14.924058307466693,True,2,8,19
nomad-0kvBRPSc8RU6,slab,0.01,True,EXHAUSTIVE,46080000,1127936,ZFP,0.0003,40.85338175215615,40.85338175215615,True,19,25,19
nomad-0kvBRPSc8RU6,slab,0.01,True,SCAN,46080000,1127936,ZFP,0.0003,40.85338175215615,40.85338175215615,True,6,12,19
nomad-0kvBRPSc8RU6,slab,0.01,True,BISECT,46080000,1127936,ZFP,0.0003,40.85338175215615,40.85338175215615,True,10,16,19
nomad-0kvBRPSc8RU6,slab,0.01,True,SCAN-ZFP,46080000,1127936,ZFP,0.0003,40.85338175215615,40.85338175215615,True,2,8,19
nomad-0kvBRPSc8RU6,slab,0.01,True,SCAN-SZ3,46080000,1295705,SZ3,3e-06,35.56365067665865,40.85338175215615,True,2,8,19
nomad-0kvBRPSc8RU6,slab,0.01,True,SCAN-SPERR,46080000,7244928,SPERR,3e-06,6.360311655271108,40.85338175215615,True,2,8,19
nomad-0kvBRPSc8RU6,slab,0.01,True,BISECT-ZFP,46080000,1127936,ZFP,0.0003,40.85338175215615,40.85338175215615,True,4,10,19
nomad-0kvBRPSc8RU6,slab,0.01,True,BISECT-SZ3,46080000,1295705,SZ3,3e-06,35.56365067665865,40.85338175215615,True,3,9,19
nomad-0kvBRPSc8RU6,slab,0.01,True,BISECT-SPERR,46080000,7244928,SPERR,3e-06,6.360311655271108,40.85338175215615,True,3,9,19
nomad-0pSeEEz7rc0X,slab,0.0001,False,EXHAUSTIVE,31850496,31850496,,,,,False,0,6,15
nomad-0pSeEEz7rc0X,slab,0.0001,False,SCAN,31850496,31850496,,,,,False,0,6,15
nomad-0pSeEEz7rc0X,slab,0.0001,False,BISECT,31850496,31850496,,,,,False,0,6,15
nomad-0pSeEEz7rc0X,slab,0.0001,False,SCAN-ZFP,31850496,31850496,,,,,False,0,6,15
nomad-0pSeEEz7rc0X,slab,0.0001,False,SCAN-SZ3,31850496,31850496,,,,,False,0,6,15
nomad-0pSeEEz7rc0X,slab,0.0001,False,SCAN-SPERR,31850496,31850496,,,,,False,0,6,15
nomad-0pSeEEz7rc0X,slab,0.0001,False,BISECT-ZFP,31850496,31850496,,,,,False,0,6,15
nomad-0pSeEEz7rc0X,slab,0.0001,False,BISECT-SZ3,31850496,31850496,,,,,False,0,6,15
nomad-0pSeEEz7rc0X,slab,0.0001,False,BISECT-SPERR,31850496,31850496,,,,,False,0,6,15
nomad-0pSeEEz7rc0X,slab,0.001,False,EXHAUSTIVE,31850496,31850496,,,,,False,0,6,15
nomad-0pSeEEz7rc0X,slab,0.001,False,SCAN,31850496,31850496,,,,,False,0,6,15
nomad-0pSeEEz7rc0X,slab,0.001,False,BISECT,31850496,31850496,,,,,False,0,6,15
nomad-0pSeEEz7rc0X,slab,0.001,False,SCAN-ZFP,31850496,31850496,,,,,False,0,6,15
nomad-0pSeEEz7rc0X,slab,0.001,False,SCAN-SZ3,31850496,31850496,,,,,False,0,6,15
nomad-0pSeEEz7rc0X,slab,0.001,False,SCAN-SPERR,31850496,31850496,,,,,False,0,6,15
nomad-0pSeEEz7rc0X,slab,0.001,False,BISECT-ZFP,31850496,31850496,,,,,False,0,6,15
nomad-0pSeEEz7rc0X,slab,0.001,False,BISECT-SZ3,31850496,31850496,,,,,False,0,6,15
nomad-0pSeEEz7rc0X,slab,0.001,False,BISECT-SPERR,31850496,31850496,,,,,False,0,6,15
nomad-0pSeEEz7rc0X,slab,0.01,True,EXHAUSTIVE,31850496,31850496,,,,,False,15,21,15
nomad-0pSeEEz7rc0X,slab,0.01,True,SCAN,31850496,31850496,,,,,False,15,21,15
nomad-0pSeEEz7rc0X,slab,0.01,True,BISECT,31850496,31850496,,,,,False,6,12,15
nomad-0pSeEEz7rc0X,slab,0.01,True,SCAN-ZFP,31850496,31850496,,,,,False,6,12,15
nomad-0pSeEEz7rc0X,slab,0.01,True,SCAN-SZ3,31850496,31850496,,,,,False,6,12,15
nomad-0pSeEEz7rc0X,slab,0.01,True,SCAN-SPERR,31850496,31850496,,,,,False,3,9,15
nomad-0pSeEEz7rc0X,slab,0.01,True,BISECT-ZFP,31850496,31850496,,,,,False,2,8,15
nomad-0pSeEEz7rc0X,slab,0.01,True,BISECT-SZ3,31850496,31850496,,,,,False,2,8,15
nomad-0pSeEEz7rc0X,slab,0.01,True,BISECT-SPERR,31850496,31850496,,,,,False,2,8,15
nomad-0xMhYZKiiVKL,slab,0.0001,False,EXHAUSTIVE,33030144,33030144,,,,,False,0,6,26
nomad-0xMhYZKiiVKL,slab,0.0001,False,SCAN,33030144,33030144,,,,,False,0,6,26
nomad-0xMhYZKiiVKL,slab,0.0001,False,BISECT,33030144,33030144,,,,,False,0,6,26
nomad-0xMhYZKiiVKL,slab,0.0001,False,SCAN-ZFP,33030144,33030144,,,,,False,0,6,26
nomad-0xMhYZKiiVKL,slab,0.0001,False,SCAN-SZ3,33030144,33030144,,,,,False,0,6,26
nomad-0xMhYZKiiVKL,slab,0.0001,False,SCAN-SPERR,33030144,33030144,,,,,False,0,6,26
nomad-0xMhYZKiiVKL,slab,0.0001,False,BISECT-ZFP,33030144,33030144,,,,,False,0,6,26
nomad-0xMhYZKiiVKL,slab,0.0001,False,BISECT-SZ3,33030144,33030144,,,,,False,0,6,26
nomad-0xMhYZKiiVKL,slab,0.0001,False,BISECT-SPERR,33030144,33030144,,,,,False,0,6,26
nomad-0xMhYZKiiVKL,slab,0.001,True,EXHAUSTIVE,33030144,1793168,ZFP,1e-05,18.41999411098124,18.41999411098124,True,26,32,26
nomad-0xMhYZKiiVKL,slab,0.001,True,SCAN,33030144,1793168,ZFP,1e-05,18.41999411098124,18.41999411098124,True,19,25,26
nomad-0xMhYZKiiVKL,slab,0.001,True,BISECT,33030144,1793168,ZFP,1e-05,18.41999411098124,18.41999411098124,True,9,15,26
nomad-0xMhYZKiiVKL,slab,0.001,True,SCAN-ZFP,33030144,1793168,ZFP,1e-05,18.41999411098124,18.41999411098124,True,6,12,26
nomad-0xMhYZKiiVKL,slab,0.001,True,SCAN-SZ3,33030144,2060547,SZ3,3e-07,16.029794030420078,18.41999411098124,True,8,14,26
nomad-0xMhYZKiiVKL,slab,0.001,True,SCAN-SPERR,33030144,6407410,SPERR,1e-06,5.15499148641963,18.41999411098124,True,5,11,26
nomad-0xMhYZKiiVKL,slab,0.001,True,BISECT-ZFP,33030144,1793168,ZFP,1e-05,18.41999411098124,18.41999411098124,True,3,9,26
nomad-0xMhYZKiiVKL,slab,0.001,True,BISECT-SZ3,33030144,2060547,SZ3,3e-07,16.029794030420078,18.41999411098124,True,3,9,26
nomad-0xMhYZKiiVKL,slab,0.001,True,BISECT-SPERR,33030144,6407410,SPERR,1e-06,5.15499148641963,18.41999411098124,True,3,9,26
nomad-0xMhYZKiiVKL,slab,0.01,True,EXHAUSTIVE,33030144,473045,SZ3,3e-05,69.82452832182985,69.82452832182985,True,26,32,26
nomad-0xMhYZKiiVKL,slab,0.01,True,SCAN,33030144,473045,SZ3,3e-05,69.82452832182985,69.82452832182985,True,9,15,26
nomad-0xMhYZKiiVKL,slab,0.01,True,BISECT,33030144,473045,SZ3,3e-05,69.82452832182985,69.82452832182985,True,10,16,26
nomad-0xMhYZKiiVKL,slab,0.01,True,SCAN-ZFP,33030144,623200,ZFP,0.001,53.000872913992296,69.82452832182985,True,2,8,26
nomad-0xMhYZKiiVKL,slab,0.01,True,SCAN-SZ3,33030144,473045,SZ3,3e-05,69.82452832182985,69.82452832182985,True,4,10,26
nomad-0xMhYZKiiVKL,slab,0.01,True,SCAN-SPERR,33030144,4700145,SPERR,1e-05,7.027473407735293,69.82452832182985,True,3,9,26
nomad-0xMhYZKiiVKL,slab,0.01,True,BISECT-ZFP,33030144,623200,ZFP,0.001,53.000872913992296,69.82452832182985,True,4,10,26
nomad-0xMhYZKiiVKL,slab,0.01,True,BISECT-SZ3,33030144,473045,SZ3,3e-05,69.82452832182985,69.82452832182985,True,3,9,26
nomad-0xMhYZKiiVKL,slab,0.01,True,BISECT-SPERR,33030144,4700145,SPERR,1e-05,7.027473407735293,69.82452832182985,True,3,9,26
nomad-19wSfSWChOSI,slab,0.0001,False,EXHAUSTIVE,33030144,33030144,,,,,False,0,6,26
nomad-19wSfSWChOSI,slab,0.0001,False,SCAN,33030144,33030144,,,,,False,0,6,26
nomad-19wSfSWChOSI,slab,0.0001,False,BISECT,33030144,33030144,,,,,False,0,6,26
nomad-19wSfSWChOSI,slab,0.0001,False,SCAN-ZFP,33030144,33030144,,,,,False,0,6,26
nomad-19wSfSWChOSI,slab,0.0001,False,SCAN-SZ3,33030144,33030144,,,,,False,0,6,26
nomad-19wSfSWChOSI,slab,0.0001,False,SCAN-SPERR,33030144,33030144,,,,,False,0,6,26
nomad-19wSfSWChOSI,slab,0.0001,False,BISECT-ZFP,33030144,33030144,,,,,False,0,6,26
nomad-19wSfSWChOSI,slab,0.0001,False,BISECT-SZ3,33030144,33030144,,,,,False,0,6,26
nomad-19wSfSWChOSI,slab,0.0001,False,BISECT-SPERR,33030144,33030144,,,,,False,0,6,26
nomad-19wSfSWChOSI,slab,0.001,True,EXHAUSTIVE,33030144,1360192,ZFP,3e-05,24.283442337552344,24.283442337552344,True,26,32,26
nomad-19wSfSWChOSI,slab,0.001,True,SCAN,33030144,1360192,ZFP,3e-05,24.283442337552344,24.283442337552344,True,18,24,26
nomad-19wSfSWChOSI,slab,0.001,True,BISECT,33030144,1360192,ZFP,3e-05,24.283442337552344,24.283442337552344,True,9,15,26
nomad-19wSfSWChOSI,slab,0.001,True,SCAN-ZFP,33030144,1360192,ZFP,3e-05,24.283442337552344,24.283442337552344,True,4,10,26
nomad-19wSfSWChOSI,slab,0.001,True,SCAN-SZ3,33030144,1965543,SZ3,3e-07,16.804589876690564,24.283442337552344,True,8,14,26
nomad-19wSfSWChOSI,slab,0.001,True,SCAN-SPERR,33030144,6354677,SPERR,1e-06,5.197769139171039,24.283442337552344,True,6,12,26
nomad-19wSfSWChOSI,slab,0.001,True,BISECT-ZFP,33030144,1360192,ZFP,3e-05,24.283442337552344,24.283442337552344,True,3,9,26
nomad-19wSfSWChOSI,slab,0.001,True,BISECT-SZ3,33030144,1965543,SZ3,3e-07,16.804589876690564,24.283442337552344,True,3,9,26
nomad-19wSfSWChOSI,slab,0.001,True,BISECT-SPERR,33030144,6354677,SPERR,1e-06,5.197769139171039,24.283442337552344,True,3,9,26
nomad-19wSfSWChOSI,slab,0.01,True,EXHAUSTIVE,33030144,459714,SZ3,3e-05,71.84933241102077,71.84933241102077,True,26,32,26
nomad-19wSfSWChOSI,slab,0.01,True,SCAN,33030144,459714,SZ3,3e-05,71.84933241102077,71.84933241102077,True,8,14,26
nomad-19wSfSWChOSI,slab,0.01,True,BISECT,33030144,459714,SZ3,3e-05,71.84933241102077,71.84933241102077,True,10,16,26
nomad-19wSfSWChOSI,slab,0.01,True,SCAN-ZFP,33030144,614048,ZFP,0.001,53.79081765594872,71.84933241102077,True,1,7,26
nomad-19wSfSWChOSI,slab,0.01,True,SCAN-SZ3,33030144,459714,SZ3,3e-05,71.84933241102077,71.84933241102077,True,4,10,26
nomad-19wSfSWChOSI,slab,0.01,True,SCAN-SPERR,33030144,3821113,SPERR,3e-05,8.644115994475955,71.84933241102077,True,3,9,26
nomad-19wSfSWChOSI,slab,0.01,True,BISECT-ZFP,33030144,614048,ZFP,0.001,53.79081765594872,71.84933241102077,True,4,10,26
nomad-19wSfSWChOSI,slab,0.01,True,BISECT-SZ3,33030144,459714,SZ3,3e-05,71.84933241102077,71.84933241102077,True,3,9,26
nomad-19wSfSWChOSI,slab,0.01,True,BISECT-SPERR,33030144,3821113,SPERR,3e-05,8.644115994475955,71.84933241102077,True,3,9,26
nomad-1CIlfNcWTE4X,slab,0.0001,False,EXHAUSTIVE,16588800,16588800,,,,,False,0,6,27
nomad-1CIlfNcWTE4X,slab,0.0001,False,SCAN,16588800,16588800,,,,,False,0,6,27
nomad-1CIlfNcWTE4X,slab,0.0001,False,BISECT,16588800,16588800,,,,,False,0,6,27
nomad-1CIlfNcWTE4X,slab,0.0001,False,SCAN-ZFP,16588800,16588800,,,,,False,0,6,27
nomad-1CIlfNcWTE4X,slab,0.0001,False,SCAN-SZ3,16588800,16588800,,,,,False,0,6,27
nomad-1CIlfNcWTE4X,slab,0.0001,False,SCAN-SPERR,16588800,16588800,,,,,False,0,6,27
nomad-1CIlfNcWTE4X,slab,0.0001,False,BISECT-ZFP,16588800,16588800,,,,,False,0,6,27
nomad-1CIlfNcWTE4X,slab,0.0001,False,BISECT-SZ3,16588800,16588800,,,,,False,0,6,27
nomad-1CIlfNcWTE4X,slab,0.0001,False,BISECT-SPERR,16588800,16588800,,,,,False,0,6,27
nomad-1CIlfNcWTE4X,slab,0.001,True,EXHAUSTIVE,16588800,1190120,ZFP,1e-05,13.938762477733338,13.938762477733338,True,27,33,27
nomad-1CIlfNcWTE4X,slab,0.001,True,SCAN,16588800,1190120,ZFP,1e-05,13.938762477733338,13.938762477733338,True,19,25,27
nomad-1CIlfNcWTE4X,slab,0.001,True,BISECT,16588800,1190120,ZFP,1e-05,13.938762477733338,13.938762477733338,True,9,15,27
nomad-1CIlfNcWTE4X,slab,0.001,True,SCAN-ZFP,16588800,1190120,ZFP,1e-05,13.938762477733338,13.938762477733338,True,6,12,27
nomad-1CIlfNcWTE4X,slab,0.001,True,SCAN-SZ3,16588800,1588042,SZ3,3e-07,10.446071325569475,13.938762477733338,True,8,14,27
nomad-1CIlfNcWTE4X,slab,0.001,True,SCAN-SPERR,16588800,3007796,SPERR,3e-06,5.515267657779982,13.938762477733338,True,5,11,27
nomad-1CIlfNcWTE4X,slab,0.001,True,BISECT-ZFP,16588800,1190120,ZFP,1e-05,13.938762477733338,13.938762477733338,True,3,9,27
nomad-1CIlfNcWTE4X,slab,0.001,True,BISECT-SZ3,16588800,1588042,SZ3,3e-07,10.446071325569475,13.938762477733338,True,3,9,27
nomad-1CIlfNcWTE4X,slab,0.001,True,BISECT-SPERR,16588800,3007796,SPERR,3e-06,5.515267657779982,13.938762477733338,True,3,9,27
nomad-1CIlfNcWTE4X,slab,0.01,True,EXHAUSTIVE,16588800,247249,SZ3,0.0001,67.09349683921876,67.09349683921876,True,27,33,27
nomad-1CIlfNcWTE4X,slab,0.01,True,SCAN,16588800,247249,SZ3,0.0001,67.09349683921876,67.09349683921876,True,8,14,27
nomad-1CIlfNcWTE4X,slab,0.01,True,BISECT,16588800,247249,SZ3,0.0001,67.09349683921876,67.09349683921876,True,10,16,27
nomad-1CIlfNcWTE4X,slab,0.01,True,SCAN-ZFP,16588800,415856,ZFP,0.001,39.89073140702551,67.09349683921876,True,2,8,27
nomad-1CIlfNcWTE4X,slab,0.01,True,SCAN-SZ3,16588800,247249,SZ3,0.0001,67.09349683921876,67.09349683921876,True,3,9,27
nomad-1CIlfNcWTE4X,slab,0.01,True,SCAN-SPERR,16588800,2146637,SPERR,3e-05,7.727808660709752,67.09349683921876,True,3,9,27
nomad-1CIlfNcWTE4X,slab,0.01,True,BISECT-ZFP,16588800,415856,ZFP,0.001,39.89073140702551,67.09349683921876,True,4,10,27
nomad-1CIlfNcWTE4X,slab,0.01,True,BISECT-SZ3,16588800,247249,SZ3,0.0001,67.09349683921876,67.09349683921876,True,3,9,27
nomad-1CIlfNcWTE4X,slab,0.01,True,BISECT-SPERR,16588800,2146637,SPERR,3e-05,7.727808660709752,67.09349683921876,True,3,9,27
nomad-1DBJPWgjPfWO,slab,0.0001,False,EXHAUSTIVE,33030144,33030144,,,,,False,0,6,12
nomad-1DBJPWgjPfWO,slab,0.0001,False,SCAN,33030144,33030144,,,,,False,0,6,12
nomad-1DBJPWgjPfWO,slab,0.0001,False,BISECT,33030144,33030144,,,,,False,0,6,12
nomad-1DBJPWgjPfWO,slab,0.0001,False,SCAN-ZFP,33030144,33030144,,,,,False,0,6,12
nomad-1DBJPWgjPfWO,slab,0.0001,False,SCAN-SZ3,33030144,33030144,,,,,False,0,6,12
nomad-1DBJPWgjPfWO,slab,0.0001,False,SCAN-SPERR,33030144,33030144,,,,,False,0,6,12
nomad-1DBJPWgjPfWO,slab,0.0001,False,BISECT-ZFP,33030144,33030144,,,,,False,0,6,12
nomad-1DBJPWgjPfWO,slab,0.0001,False,BISECT-SZ3,33030144,33030144,,,,,False,0,6,12
nomad-1DBJPWgjPfWO,slab,0.0001,False,BISECT-SPERR,33030144,33030144,,,,,False,0,6,12
nomad-1DBJPWgjPfWO,slab,0.001,False,EXHAUSTIVE,33030144,33030144,,,,,False,0,6,12
nomad-1DBJPWgjPfWO,slab,0.001,False,SCAN,33030144,33030144,,,,,False,0,6,12
nomad-1DBJPWgjPfWO,slab,0.001,False,BISECT,33030144,33030144,,,,,False,0,6,12
nomad-1DBJPWgjPfWO,slab,0.001,False,SCAN-ZFP,33030144,33030144,,,,,False,0,6,12
nomad-1DBJPWgjPfWO,slab,0.001,False,SCAN-SZ3,33030144,33030144,,,,,False,0,6,12
nomad-1DBJPWgjPfWO,slab,0.001,False,SCAN-SPERR,33030144,33030144,,,,,False,0,6,12
nomad-1DBJPWgjPfWO,slab,0.001,False,BISECT-ZFP,33030144,33030144,,,,,False,0,6,12
nomad-1DBJPWgjPfWO,slab,0.001,False,BISECT-SZ3,33030144,33030144,,,,,False,0,6,12
nomad-1DBJPWgjPfWO,slab,0.001,False,BISECT-SPERR,33030144,33030144,,,,,False,0,6,12
nomad-1DBJPWgjPfWO,slab,0.01,True,EXHAUSTIVE,33030144,1674960,ZFP,3e-05,19.71995987963892,19.71995987963892,True,12,18,12
nomad-1DBJPWgjPfWO,slab,0.01,True,SCAN,33030144,1674960,ZFP,3e-05,19.71995987963892,19.71995987963892,True,11,17,12
nomad-1DBJPWgjPfWO,slab,0.01,True,BISECT,33030144,1674960,ZFP,3e-05,19.71995987963892,19.71995987963892,True,7,13,12
nomad-1DBJPWgjPfWO,slab,0.01,True,SCAN-ZFP,33030144,1674960,ZFP,3e-05,19.71995987963892,19.71995987963892,True,5,11,12
nomad-1DBJPWgjPfWO,slab,0.01,True,SCAN-SZ3,33030144,33030144,,,,19.71995987963892,True,3,9,12
nomad-1DBJPWgjPfWO,slab,0.01,True,SCAN-SPERR,33030144,33030144,,,,19.71995987963892,True,3,9,12
nomad-1DBJPWgjPfWO,slab,0.01,True,BISECT-ZFP,33030144,1674960,ZFP,3e-05,19.71995987963892,19.71995987963892,True,3,9,12
nomad-1DBJPWgjPfWO,slab,0.01,True,BISECT-SZ3,33030144,33030144,,,,19.71995987963892,True,2,8,12
nomad-1DBJPWgjPfWO,slab,0.01,True,BISECT-SPERR,33030144,33030144,,,,19.71995987963892,True,2,8,12
nomad-1Few3hG0Dkat,slab,0.0001,False,EXHAUSTIVE,33030144,33030144,,,,,False,0,6,27
nomad-1Few3hG0Dkat,slab,0.0001,False,SCAN,33030144,33030144,,,,,False,0,6,27
nomad-1Few3hG0Dkat,slab,0.0001,False,BISECT,33030144,33030144,,,,,False,0,6,27
nomad-1Few3hG0Dkat,slab,0.0001,False,SCAN-ZFP,33030144,33030144,,,,,False,0,6,27
nomad-1Few3hG0Dkat,slab,0.0001,False,SCAN-SZ3,33030144,33030144,,,,,False,0,6,27
nomad-1Few3hG0Dkat,slab,0.0001,False,SCAN-SPERR,33030144,33030144,,,,,False,0,6,27
nomad-1Few3hG0Dkat,slab,0.0001,False,BISECT-ZFP,33030144,33030144,,,,,False,0,6,27
nomad-1Few3hG0Dkat,slab,0.0001,False,BISECT-SZ3,33030144,33030144,,,,,False,0,6,27
nomad-1Few3hG0Dkat,slab,0.0001,False,BISECT-SPERR,33030144,33030144,,,,,False,0,6,27
nomad-1Few3hG0Dkat,slab,0.001,True,EXHAUSTIVE,33030144,1794904,ZFP,1e-05,18.40217861233804,18.40217861233804,True,27,33,27
nomad-1Few3hG0Dkat,slab,0.001,True,SCAN,33030144,1794904,ZFP,1e-05,18.40217861233804,18.40217861233804,True,20,26,27
nomad-1Few3hG0Dkat,slab,0.001,True,BISECT,33030144,1794904,ZFP,1e-05,18.40217861233804,18.40217861233804,True,9,15,27
nomad-1Few3hG0Dkat,slab,0.001,True,SCAN-ZFP,33030144,1794904,ZFP,1e-05,18.40217861233804,18.40217861233804,True,6,12,27
nomad-1Few3hG0Dkat,slab,0.001,True,SCAN-SZ3,33030144,2060032,SZ3,3e-07,16.033801416677022,18.40217861233804,True,8,14,27
nomad-1Few3hG0Dkat,slab,0.001,True,SCAN-SPERR,33030144,6386480,SPERR,1e-06,5.171885608347634,18.40217861233804,True,6,12,27
nomad-1Few3hG0Dkat,slab,0.001,True,BISECT-ZFP,33030144,1794904,ZFP,1e-05,18.40217861233804,18.40217861233804,True,3,9,27
nomad-1Few3hG0Dkat,slab,0.001,True,BISECT-SZ3,33030144,2060032,SZ3,3e-07,16.033801416677022,18.40217861233804,True,3,9,27
nomad-1Few3hG0Dkat,slab,0.001,True,BISECT-SPERR,33030144,6386480,SPERR,1e-06,5.171885608347634,18.40217861233804,True,3,9,27
nomad-1Few3hG0Dkat,slab,0.01,True,EXHAUSTIVE,33030144,275144,SZ3,0.0001,120.0467536998808,120.0467536998808,True,27,33,27
nomad-1Few3hG0Dkat,slab,0.01,True,SCAN,33030144,275144,SZ3,0.0001,120.0467536998808,120.0467536998808,True,9,15,27
nomad-1Few3hG0Dkat,slab,0.01,True,BISECT,33030144,275144,SZ3,0.0001,120.0467536998808,120.0467536998808,True,10,16,27
nomad-1Few3hG0Dkat,slab,0.01,True,SCAN-ZFP,33030144,624568,ZFP,0.001,52.88478436295167,120.0467536998808,True,2,8,27
nomad-1Few3hG0Dkat,slab,0.01,True,SCAN-SZ3,33030144,275144,SZ3,0.0001,120.0467536998808,120.0467536998808,True,3,9,27
nomad-1Few3hG0Dkat,slab,0.01,True,SCAN-SPERR,33030144,4678449,SPERR,1e-05,7.060062854163848,120.0467536998808,True,4,10,27
nomad-1Few3hG0Dkat,slab,0.01,True,BISECT-ZFP,33030144,624568,ZFP,0.001,52.88478436295167,120.0467536998808,True,4,10,27
nomad-1Few3hG0Dkat,slab,0.01,True,BISECT-SZ3,33030144,275144,SZ3,0.0001,120.0467536998808,120.0467536998808,True,3,9,27
nomad-1Few3hG0Dkat,slab,0.01,True,BISECT-SPERR,33030144,4678449,SPERR,1e-05,7.060062854163848,120.0467536998808,True,3,9,27
nomad-1iTKfRU16qFo,slab,0.0001,False,EXHAUSTIVE,51609600,51609600,,,,,False,0,6,4
nomad-1iTKfRU16qFo,slab,0.0001,False,SCAN,51609600,51609600,,,,,False,0,6,4
nomad-1iTKfRU16qFo,slab,0.0001,False,BISECT,51609600,51609600,,,,,False,0,6,4
nomad-1iTKfRU16qFo,slab,0.0001,False,SCAN-ZFP,51609600,51609600,,,,,False,0,6,4
nomad-1iTKfRU16qFo,slab,0.0001,False,SCAN-SZ3,51609600,51609600,,,,,False,0,6,4
nomad-1iTKfRU16qFo,slab,0.0001,False,SCAN-SPERR,51609600,51609600,,,,,False,0,6,4
nomad-1iTKfRU16qFo,slab,0.0001,False,BISECT-ZFP,51609600,51609600,,,,,False,0,6,4
nomad-1iTKfRU16qFo,slab,0.0001,False,BISECT-SZ3,51609600,51609600,,,,,False,0,6,4
nomad-1iTKfRU16qFo,slab,0.0001,False,BISECT-SPERR,51609600,51609600,,,,,False,0,6,4
nomad-1iTKfRU16qFo,slab,0.001,False,EXHAUSTIVE,51609600,51609600,,,,,False,0,6,4
nomad-1iTKfRU16qFo,slab,0.001,False,SCAN,51609600,51609600,,,,,False,0,6,4
nomad-1iTKfRU16qFo,slab,0.001,False,BISECT,51609600,51609600,,,,,False,0,6,4
nomad-1iTKfRU16qFo,slab,0.001,False,SCAN-ZFP,51609600,51609600,,,,,False,0,6,4
nomad-1iTKfRU16qFo,slab,0.001,False,SCAN-SZ3,51609600,51609600,,,,,False,0,6,4
nomad-1iTKfRU16qFo,slab,0.001,False,SCAN-SPERR,51609600,51609600,,,,,False,0,6,4
nomad-1iTKfRU16qFo,slab,0.001,False,BISECT-ZFP,51609600,51609600,,,,,False,0,6,4
nomad-1iTKfRU16qFo,slab,0.001,False,BISECT-SZ3,51609600,51609600,,,,,False,0,6,4
nomad-1iTKfRU16qFo,slab,0.001,False,BISECT-SPERR,51609600,51609600,,,,,False,0,6,4
nomad-1iTKfRU16qFo,slab,0.01,True,EXHAUSTIVE,51609600,2638696,ZFP,1e-05,19.55875174707507,19.55875174707507,True,4,10,4
nomad-1iTKfRU16qFo,slab,0.01,True,SCAN,51609600,2638696,ZFP,1e-05,19.55875174707507,19.55875174707507,True,4,10,4
nomad-1iTKfRU16qFo,slab,0.01,True,BISECT,51609600,2638696,ZFP,1e-05,19.55875174707507,19.55875174707507,True,4,10,4
nomad-1iTKfRU16qFo,slab,0.01,True,SCAN-ZFP,51609600,2638696,ZFP,1e-05,19.55875174707507,19.55875174707507,True,2,8,4
nomad-1iTKfRU16qFo,slab,0.01,True,SCAN-SZ3,51609600,51609600,,,,19.55875174707507,True,1,7,4
nomad-1iTKfRU16qFo,slab,0.01,True,SCAN-SPERR,51609600,51609600,,,,19.55875174707507,True,1,7,4
nomad-1iTKfRU16qFo,slab,0.01,True,BISECT-ZFP,51609600,2638696,ZFP,1e-05,19.55875174707507,19.55875174707507,True,2,8,4
nomad-1iTKfRU16qFo,slab,0.01,True,BISECT-SZ3,51609600,51609600,,,,19.55875174707507,True,1,7,4
nomad-1iTKfRU16qFo,slab,0.01,True,BISECT-SPERR,51609600,51609600,,,,19.55875174707507,True,1,7,4
nomad-1sSuZTi8blPO,slab,0.0001,False,EXHAUSTIVE,44789760,44789760,,,,,False,0,6,7
nomad-1sSuZTi8blPO,slab,0.0001,False,SCAN,44789760,44789760,,,,,False,0,6,7
nomad-1sSuZTi8blPO,slab,0.0001,False,BISECT,44789760,44789760,,,,,False,0,6,7
nomad-1sSuZTi8blPO,slab,0.0001,False,SCAN-ZFP,44789760,44789760,,,,,False,0,6,7
nomad-1sSuZTi8blPO,slab,0.0001,False,SCAN-SZ3,44789760,44789760,,,,,False,0,6,7
nomad-1sSuZTi8blPO,slab,0.0001,False,SCAN-SPERR,44789760,44789760,,,,,False,0,6,7
nomad-1sSuZTi8blPO,slab,0.0001,False,BISECT-ZFP,44789760,44789760,,,,,False,0,6,7
nomad-1sSuZTi8blPO,slab,0.0001,False,BISECT-SZ3,44789760,44789760,,,,,False,0,6,7
nomad-1sSuZTi8blPO,slab,0.0001,False,BISECT-SPERR,44789760,44789760,,,,,False,0,6,7
nomad-1sSuZTi8blPO,slab,0.001,False,EXHAUSTIVE,44789760,44789760,,,,,False,0,6,7
nomad-1sSuZTi8blPO,slab,0.001,False,SCAN,44789760,44789760,,,,,False,0,6,7
nomad-1sSuZTi8blPO,slab,0.001,False,BISECT,44789760,44789760,,,,,False,0,6,7
nomad-1sSuZTi8blPO,slab,0.001,False,SCAN-ZFP,44789760,44789760,,,,,False,0,6,7
nomad-1sSuZTi8blPO,slab,0.001,False,SCAN-SZ3,44789760,44789760,,,,,False,0,6,7
nomad-1sSuZTi8blPO,slab,0.001,False,SCAN-SPERR,44789760,44789760,,,,,False,0,6,7
nomad-1sSuZTi8blPO,slab,0.001,False,BISECT-ZFP,44789760,44789760,,,,,False,0,6,7
nomad-1sSuZTi8blPO,slab,0.001,False,BISECT-SZ3,44789760,44789760,,,,,False,0,6,7
nomad-1sSuZTi8blPO,slab,0.001,False,BISECT-SPERR,44789760,44789760,,,,,False,0,6,7
nomad-1sSuZTi8blPO,slab,0.01,True,EXHAUSTIVE,44789760,2021944,ZFP,3e-05,22.151830119924192,22.151830119924192,True,7,13,7
nomad-1sSuZTi8blPO,slab,0.01,True,SCAN,44789760,2021944,ZFP,3e-05,22.151830119924192,22.151830119924192,True,6,12,7
nomad-1sSuZTi8blPO,slab,0.01,True,BISECT,44789760,2021944,ZFP,3e-05,22.151830119924192,22.151830119924192,True,5,11,7
nomad-1sSuZTi8blPO,slab,0.01,True,SCAN-ZFP,44789760,2021944,ZFP,3e-05,22.151830119924192,22.151830119924192,True,2,8,7
nomad-1sSuZTi8blPO,slab,0.01,True,SCAN-SZ3,44789760,44789760,,,,22.151830119924192,True,1,7,7
nomad-1sSuZTi8blPO,slab,0.01,True,SCAN-SPERR,44789760,44789760,,,,22.151830119924192,True,3,9,7
nomad-1sSuZTi8blPO,slab,0.01,True,BISECT-ZFP,44789760,2021944,ZFP,3e-05,22.151830119924192,22.151830119924192,True,2,8,7
nomad-1sSuZTi8blPO,slab,0.01,True,BISECT-SZ3,44789760,44789760,,,,22.151830119924192,True,1,7,7
nomad-1sSuZTi8blPO,slab,0.01,True,BISECT-SPERR,44789760,44789760,,,,22.151830119924192,True,2,8,7
nomad-1urv55npagDc,slab,0.0001,False,EXHAUSTIVE,13762560,13762560,,,,,False,0,6,27
nomad-1urv55npagDc,slab,0.0001,False,SCAN,13762560,13762560,,,,,False,0,6,27
nomad-1urv55npagDc,slab,0.0001,False,BISECT,13762560,13762560,,,,,False,0,6,27
nomad-1urv55npagDc,slab,0.0001,False,SCAN-ZFP,13762560,13762560,,,,,False,0,6,27
nomad-1urv55npagDc,slab,0.0001,False,SCAN-SZ3,13762560,13762560,,,,,False,0,6,27
nomad-1urv55npagDc,slab,0.0001,False,SCAN-SPERR,13762560,13762560,,,,,False,0,6,27
nomad-1urv55npagDc,slab,0.0001,False,BISECT-ZFP,13762560,13762560,,,,,False,0,6,27
nomad-1urv55npagDc,slab,0.0001,False,BISECT-SZ3,13762560,13762560,,,,,False,0,6,27
nomad-1urv55npagDc,slab,0.0001,False,BISECT-SPERR,13762560,13762560,,,,,False,0,6,27
nomad-1urv55npagDc,slab,0.001,True,EXHAUSTIVE,13762560,739184,ZFP,3e-05,18.6185848178532,18.6185848178532,True,27,33,27
nomad-1urv55npagDc,slab,0.001,True,SCAN,13762560,739184,ZFP,3e-05,18.6185848178532,18.6185848178532,True,16,22,27
nomad-1urv55npagDc,slab,0.001,True,BISECT,13762560,739184,ZFP,3e-05,18.6185848178532,18.6185848178532,True,11,17,27
nomad-1urv55npagDc,slab,0.001,True,SCAN-ZFP,13762560,739184,ZFP,3e-05,18.6185848178532,18.6185848178532,True,5,11,27
nomad-1urv55npagDc,slab,0.001,True,SCAN-SZ3,13762560,743796,SZ3,3e-06,18.503137957181806,18.6185848178532,True,6,12,27
nomad-1urv55npagDc,slab,0.001,True,SCAN-SPERR,13762560,2527681,SPERR,3e-06,5.444737686440655,18.6185848178532,True,5,11,27
nomad-1urv55npagDc,slab,0.001,True,BISECT-ZFP,13762560,739184,ZFP,3e-05,18.6185848178532,18.6185848178532,True,4,10,27
nomad-1urv55npagDc,slab,0.001,True,BISECT-SZ3,13762560,743796,SZ3,3e-06,18.503137957181806,18.6185848178532,True,4,10,27
nomad-1urv55npagDc,slab,0.001,True,BISECT-SPERR,13762560,2527681,SPERR,3e-06,5.444737686440655,18.6185848178532,True,3,9,27
nomad-1urv55npagDc,slab,0.01,True,EXHAUSTIVE,13762560,208690,SZ3,0.0001,65.94738607503953,65.94738607503953,True,27,33,27
nomad-1urv55npagDc,slab,0.01,True,SCAN,13762560,208690,SZ3,0.0001,65.94738607503953,65.94738607503953,True,7,13,27
nomad-1urv55npagDc,slab,0.01,True,BISECT,13762560,208690,SZ3,0.0001,65.94738607503953,65.94738607503953,True,10,16,27
nomad-1urv55npagDc,slab,0.01,True,SCAN-ZFP,13762560,276704,ZFP,0.003,49.73748120735515,65.94738607503953,True,1,7,27
nomad-1urv55npagDc,slab,0.01,True,SCAN-SZ3,13762560,208690,SZ3,0.0001,65.94738607503953,65.94738607503953,True,3,9,27
nomad-1urv55npagDc,slab,0.01,True,SCAN-SPERR,13762560,1815546,SPERR,3e-05,7.580397301968664,65.94738607503953,True,3,9,27
nomad-1urv55npagDc,slab,0.01,True,BISECT-ZFP,13762560,276704,ZFP,0.003,49.73748120735515,65.94738607503953,True,4,10,27
nomad-1urv55npagDc,slab,0.01,True,BISECT-SZ3,13762560,208690,SZ3,0.0001,65.94738607503953,65.94738607503953,True,3,9,27
nomad-1urv55npagDc,slab,0.01,True,BISECT-SPERR,13762560,1815546,SPERR,3e-05,7.580397301968664,65.94738607503953,True,3,9,27
nomad-1xNwoQ8q8XXI,slab,0.0001,False,EXHAUSTIVE,30965760,30965760,,,,,False,0,6,30
nomad-1xNwoQ8q8XXI,slab,0.0001,False,SCAN,30965760,30965760,,,,,False,0,6,30
nomad-1xNwoQ8q8XXI,slab,0.0001,False,BISECT,30965760,30965760,,,,,False,0,6,30
nomad-1xNwoQ8q8XXI,slab,0.0001,False,SCAN-ZFP,30965760,30965760,,,,,False,0,6,30
nomad-1xNwoQ8q8XXI,slab,0.0001,False,SCAN-SZ3,30965760,30965760,,,,,False,0,6,30
nomad-1xNwoQ8q8XXI,slab,0.0001,False,SCAN-SPERR,30965760,30965760,,,,,False,0,6,30
nomad-1xNwoQ8q8XXI,slab,0.0001,False,BISECT-ZFP,30965760,30965760,,,,,False,0,6,30
nomad-1xNwoQ8q8XXI,slab,0.0001,False,BISECT-SZ3,30965760,30965760,,,,,False,0,6,30
nomad-1xNwoQ8q8XXI,slab,0.0001,False,BISECT-SPERR,30965760,30965760,,,,,False,0,6,30
nomad-1xNwoQ8q8XXI,slab,0.001,True,EXHAUSTIVE,30965760,1264968,ZFP,0.0001,24.47948090386476,24.47948090386476,True,30,36,30
nomad-1xNwoQ8q8XXI,slab,0.001,True,SCAN,30965760,1264968,ZFP,0.0001,24.47948090386476,24.47948090386476,True,20,26,30
nomad-1xNwoQ8q8XXI,slab,0.001,True,BISECT,30965760,1264968,ZFP,0.0001,24.47948090386476,24.47948090386476,True,12,18,30
nomad-1xNwoQ8q8XXI,slab,0.001,True,SCAN-ZFP,30965760,1264968,ZFP,0.0001,24.47948090386476,24.47948090386476,True,5,11,30
nomad-1xNwoQ8q8XXI,slab,0.001,True,SCAN-SZ3,30965760,1660132,SZ3,1e-06,18.65258907123048,24.47948090386476,True,8,14,30
nomad-1xNwoQ8q8XXI,slab,0.001,True,SCAN-SPERR,30965760,6112212,SPERR,1e-06,5.06621170862529,24.47948090386476,True,7,13,30
nomad-1xNwoQ8q8XXI,slab,0.001,True,BISECT-ZFP,30965760,1264968,ZFP,0.0001,24.47948090386476,24.47948090386476,True,4,10,30
nomad-1xNwoQ8q8XXI,slab,0.001,True,BISECT-SZ3,30965760,1660132,SZ3,1e-06,18.65258907123048,24.47948090386476,True,4,10,30
nomad-1xNwoQ8q8XXI,slab,0.001,True,BISECT-SPERR,30965760,6112212,SPERR,1e-06,5.06621170862529,24.47948090386476,True,4,10,30
nomad-1xNwoQ8q8XXI,slab,0.01,True,EXHAUSTIVE,30965760,511724,SZ3,3e-05,60.51262008426417,60.51262008426417,True,30,36,30
nomad-1xNwoQ8q8XXI,slab,0.01,True,SCAN,30965760,511724,SZ3,3e-05,60.51262008426417,60.51262008426417,True,11,17,30
nomad-1xNwoQ8q8XXI,slab,0.01,True,BISECT,30965760,511724,SZ3,3e-05,60.51262008426417,60.51262008426417,True,11,17,30
nomad-1xNwoQ8q8XXI,slab,0.01,True,SCAN-ZFP,30965760,550104,ZFP,0.003,56.29073775140701,60.51262008426417,True,2,8,30
nomad-1xNwoQ8q8XXI,slab,0.01,True,SCAN-SZ3,30965760,511724,SZ3,3e-05,60.51262008426417,60.51262008426417,True,5,11,30
nomad-1xNwoQ8q8XXI,slab,0.01,True,SCAN-SPERR,30965760,3738379,SPERR,3e-05,8.283205100392443,60.51262008426417,True,4,10,30
nomad-1xNwoQ8q8XXI,slab,0.01,True,BISECT-ZFP,30965760,550104,ZFP,0.003,56.29073775140701,60.51262008426417,True,4,10,30
nomad-1xNwoQ8q8XXI,slab,0.01,True,BISECT-SZ3,30965760,511724,SZ3,3e-05,60.51262008426417,60.51262008426417,True,4,10,30
nomad-1xNwoQ8q8XXI,slab,0.01,True,BISECT-SPERR,30965760,3738379,SPERR,3e-05,8.283205100392443,60.51262008426417,True,3,9,30
nomad-28WEed2y6N1X,slab,0.0001,False,EXHAUSTIVE,51609600,51609600,,,,,False,0,6,7
nomad-28WEed2y6N1X,slab,0.0001,False,SCAN,51609600,51609600,,,,,False,0,6,7
nomad-28WEed2y6N1X,slab,0.0001,False,BISECT,51609600,51609600,,,,,False,0,6,7
nomad-28WEed2y6N1X,slab,0.0001,False,SCAN-ZFP,51609600,51609600,,,,,False,0,6,7
nomad-28WEed2y6N1X,slab,0.0001,False,SCAN-SZ3,51609600,51609600,,,,,False,0,6,7
nomad-28WEed2y6N1X,slab,0.0001,False,SCAN-SPERR,51609600,51609600,,,,,False,0,6,7
nomad-28WEed2y6N1X,slab,0.0001,False,BISECT-ZFP,51609600,51609600,,,,,False,0,6,7
nomad-28WEed2y6N1X,slab,0.0001,False,BISECT-SZ3,51609600,51609600,,,,,False,0,6,7
nomad-28WEed2y6N1X,slab,0.0001,False,BISECT-SPERR,51609600,51609600,,,,,False,0,6,7
nomad-28WEed2y6N1X,slab,0.001,False,EXHAUSTIVE,51609600,51609600,,,,,False,0,6,7
nomad-28WEed2y6N1X,slab,0.001,False,SCAN,51609600,51609600,,,,,False,0,6,7
nomad-28WEed2y6N1X,slab,0.001,False,BISECT,51609600,51609600,,,,,False,0,6,7
nomad-28WEed2y6N1X,slab,0.001,False,SCAN-ZFP,51609600,51609600,,,,,False,0,6,7
nomad-28WEed2y6N1X,slab,0.001,False,SCAN-SZ3,51609600,51609600,,,,,False,0,6,7
nomad-28WEed2y6N1X,slab,0.001,False,SCAN-SPERR,51609600,51609600,,,,,False,0,6,7
nomad-28WEed2y6N1X,slab,0.001,False,BISECT-ZFP,51609600,51609600,,,,,False,0,6,7
nomad-28WEed2y6N1X,slab,0.001,False,BISECT-SZ3,51609600,51609600,,,,,False,0,6,7
nomad-28WEed2y6N1X,slab,0.001,False,BISECT-SPERR,51609600,51609600,,,,,False,0,6,7
nomad-28WEed2y6N1X,slab,0.01,True,EXHAUSTIVE,51609600,1461304,ZFP,0.0001,35.31749724903237,35.31749724903237,True,7,13,7
nomad-28WEed2y6N1X,slab,0.01,True,SCAN,51609600,1461304,ZFP,0.0001,35.31749724903237,35.31749724903237,True,5,11,7
nomad-28WEed2y6N1X,slab,0.01,True,BISECT,51609600,1461304,ZFP,0.0001,35.31749724903237,35.31749724903237,True,5,11,7
nomad-28WEed2y6N1X,slab,0.01,True,SCAN-ZFP,51609600,1461304,ZFP,0.0001,35.31749724903237,35.31749724903237,True,2,8,7
nomad-28WEed2y6N1X,slab,0.01,True,SCAN-SZ3,51609600,51609600,,,,35.31749724903237,True,2,8,7
nomad-28WEed2y6N1X,slab,0.01,True,SCAN-SPERR,51609600,51609600,,,,35.31749724903237,True,1,7,7
nomad-28WEed2y6N1X,slab,0.01,True,BISECT-ZFP,51609600,1461304,ZFP,0.0001,35.31749724903237,35.31749724903237,True,3,9,7
nomad-28WEed2y6N1X,slab,0.01,True,BISECT-SZ3,51609600,51609600,,,,35.31749724903237,True,1,7,7
nomad-28WEed2y6N1X,slab,0.01,True,BISECT-SPERR,51609600,51609600,,,,35.31749724903237,True,1,7,7
nomad-2C9dg1L8liw7,slab,0.0001,False,EXHAUSTIVE,38707200,38707200,,,,,False,0,6,13
nomad-2C9dg1L8liw7,slab,0.0001,False,SCAN,38707200,38707200,,,,,False,0,6,13
nomad-2C9dg1L8liw7,slab,0.0001,False,BISECT,38707200,38707200,,,,,False,0,6,13
nomad-2C9dg1L8liw7,slab,0.0001,False,SCAN-ZFP,38707200,38707200,,,,,False,0,6,13
nomad-2C9dg1L8liw7,slab,0.0001,False,SCAN-SZ3,38707200,38707200,,,,,False,0,6,13
nomad-2C9dg1L8liw7,slab,0.0001,False,SCAN-SPERR,38707200,38707200,,,,,False,0,6,13
nomad-2C9dg1L8liw7,slab,0.0001,False,BISECT-ZFP,38707200,38707200,,,,,False,0,6,13
nomad-2C9dg1L8liw7,slab,0.0001,False,BISECT-SZ3,38707200,38707200,,,,,False,0,6,13
nomad-2C9dg1L8liw7,slab,0.0001,False,BISECT-SPERR,38707200,38707200,,,,,False,0,6,13
nomad-2C9dg1L8liw7,slab,0.001,False,EXHAUSTIVE,38707200,38707200,,,,,False,0,6,13
nomad-2C9dg1L8liw7,slab,0.001,False,SCAN,38707200,38707200,,,,,False,0,6,13
nomad-2C9dg1L8liw7,slab,0.001,False,BISECT,38707200,38707200,,,,,False,0,6,13
nomad-2C9dg1L8liw7,slab,0.001,False,SCAN-ZFP,38707200,38707200,,,,,False,0,6,13
nomad-2C9dg1L8liw7,slab,0.001,False,SCAN-SZ3,38707200,38707200,,,,,False,0,6,13
nomad-2C9dg1L8liw7,slab,0.001,False,SCAN-SPERR,38707200,38707200,,,,,False,0,6,13
nomad-2C9dg1L8liw7,slab,0.001,False,BISECT-ZFP,38707200,38707200,,,,,False,0,6,13
nomad-2C9dg1L8liw7,slab,0.001,False,BISECT-SZ3,38707200,38707200,,,,,False,0,6,13
nomad-2C9dg1L8liw7,slab,0.001,False,BISECT-SPERR,38707200,38707200,,,,,False,0,6,13
nomad-2C9dg1L8liw7,slab,0.01,True,EXHAUSTIVE,38707200,1321336,ZFP,0.0001,29.293987297704746,29.293987297704746,True,13,19,13
nomad-2C9dg1L8liw7,slab,0.01,True,SCAN,38707200,1321336,ZFP,0.0001,29.293987297704746,29.293987297704746,True,11,17,13
nomad-2C9dg1L8liw7,slab,0.01,True,BISECT,38707200,1321336,ZFP,0.0001,29.293987297704746,29.293987297704746,True,7,13,13
nomad-2C9dg1L8liw7,slab,0.01,True,SCAN-ZFP,38707200,1321336,ZFP,0.0001,29.293987297704746,29.293987297704746,True,4,10,13
nomad-2C9dg1L8liw7,slab,0.01,True,SCAN-SZ3,38707200,38707200,,,,29.293987297704746,True,4,10,13
nomad-2C9dg1L8liw7,slab,0.01,True,SCAN-SPERR,38707200,38707200,,,,29.293987297704746,True,3,9,13
nomad-2C9dg1L8liw7,slab,0.01,True,BISECT-ZFP,38707200,1321336,ZFP,0.0001,29.293987297704746,29.293987297704746,True,3,9,13
nomad-2C9dg1L8liw7,slab,0.01,True,BISECT-SZ3,38707200,38707200,,,,29.293987297704746,True,2,8,13
nomad-2C9dg1L8liw7,slab,0.01,True,BISECT-SPERR,38707200,38707200,,,,29.293987297704746,True,2,8,13
nomad-2iwRdQb9gzT1,slab,0.0001,False,EXHAUSTIVE,26214400,26214400,,,,,False,0,6,13
nomad-2iwRdQb9gzT1,slab,0.0001,False,SCAN,26214400,26214400,,,,,False,0,6,13
nomad-2iwRdQb9gzT1,slab,0.0001,False,BISECT,26214400,26214400,,,,,False,0,6,13
nomad-2iwRdQb9gzT1,slab,0.0001,False,SCAN-ZFP,26214400,26214400,,,,,False,0,6,13
nomad-2iwRdQb9gzT1,slab,0.0001,False,SCAN-SZ3,26214400,26214400,,,,,False,0,6,13
nomad-2iwRdQb9gzT1,slab,0.0001,False,SCAN-SPERR,26214400,26214400,,,,,False,0,6,13
nomad-2iwRdQb9gzT1,slab,0.0001,False,BISECT-ZFP,26214400,26214400,,,,,False,0,6,13
nomad-2iwRdQb9gzT1,slab,0.0001,False,BISECT-SZ3,26214400,26214400,,,,,False,0,6,13
nomad-2iwRdQb9gzT1,slab,0.0001,False,BISECT-SPERR,26214400,26214400,,,,,False,0,6,13
nomad-2iwRdQb9gzT1,slab,0.001,False,EXHAUSTIVE,26214400,26214400,,,,,False,0,6,13
nomad-2iwRdQb9gzT1,slab,0.001,False,SCAN,26214400,26214400,,,,,False,0,6,13
nomad-2iwRdQb9gzT1,slab,0.001,False,BISECT,26214400,26214400,,,,,False,0,6,13
nomad-2iwRdQb9gzT1,slab,0.001,False,SCAN-ZFP,26214400,26214400,,,,,False,0,6,13
nomad-2iwRdQb9gzT1,slab,0.001,False,SCAN-SZ3,26214400,26214400,,,,,False,0,6,13
nomad-2iwRdQb9gzT1,slab,0.001,False,SCAN-SPERR,26214400,26214400,,,,,False,0,6,13
nomad-2iwRdQb9gzT1,slab,0.001,False,BISECT-ZFP,26214400,26214400,,,,,False,0,6,13
nomad-2iwRdQb9gzT1,slab,0.001,False,BISECT-SZ3,26214400,26214400,,,,,False,0,6,13
nomad-2iwRdQb9gzT1,slab,0.001,False,BISECT-SPERR,26214400,26214400,,,,,False,0,6,13
nomad-2iwRdQb9gzT1,slab,0.01,True,EXHAUSTIVE,26214400,1420168,ZFP,3e-05,18.458661228812367,18.458661228812367,True,13,19,13
nomad-2iwRdQb9gzT1,slab,0.01,True,SCAN,26214400,1420168,ZFP,3e-05,18.458661228812367,18.458661228812367,True,12,18,13
nomad-2iwRdQb9gzT1,slab,0.01,True,BISECT,26214400,1420168,ZFP,3e-05,18.458661228812367,18.458661228812367,True,7,13,13
nomad-2iwRdQb9gzT1,slab,0.01,True,SCAN-ZFP,26214400,1420168,ZFP,3e-05,18.458661228812367,18.458661228812367,True,5,11,13
nomad-2iwRdQb9gzT1,slab,0.01,True,SCAN-SZ3,26214400,26214400,,,,18.458661228812367,True,4,10,13
nomad-2iwRdQb9gzT1,slab,0.01,True,SCAN-SPERR,26214400,26214400,,,,18.458661228812367,True,3,9,13
nomad-2iwRdQb9gzT1,slab,0.01,True,BISECT-ZFP,26214400,1420168,ZFP,3e-05,18.458661228812367,18.458661228812367,True,3,9,13
nomad-2iwRdQb9gzT1,slab,0.01,True,BISECT-SZ3,26214400,26214400,,,,18.458661228812367,True,2,8,13
nomad-2iwRdQb9gzT1,slab,0.01,True,BISECT-SPERR,26214400,26214400,,,,18.458661228812367,True,2,8,13
nomad-3Rqsfa2-hyu7,slab,0.0001,False,EXHAUSTIVE,34836480,34836480,,,,,False,0,6,24
nomad-3Rqsfa2-hyu7,slab,0.0001,False,SCAN,34836480,34836480,,,,,False,0,6,24
nomad-3Rqsfa2-hyu7,slab,0.0001,False,BISECT,34836480,34836480,,,,,False,0,6,24
nomad-3Rqsfa2-hyu7,slab,0.0001,False,SCAN-ZFP,34836480,34836480,,,,,False,0,6,24
nomad-3Rqsfa2-hyu7,slab,0.0001,False,SCAN-SZ3,34836480,34836480,,,,,False,0,6,24
nomad-3Rqsfa2-hyu7,slab,0.0001,False,SCAN-SPERR,34836480,34836480,,,,,False,0,6,24
nomad-3Rqsfa2-hyu7,slab,0.0001,False,BISECT-ZFP,34836480,34836480,,,,,False,0,6,24
nomad-3Rqsfa2-hyu7,slab,0.0001,False,BISECT-SZ3,34836480,34836480,,,,,False,0,6,24
nomad-3Rqsfa2-hyu7,slab,0.0001,False,BISECT-SPERR,34836480,34836480,,,,,False,0,6,24
nomad-3Rqsfa2-hyu7,slab,0.001,True,EXHAUSTIVE,34836480,3071544,ZFP,1e-06,11.341683531149156,11.341683531149156,True,24,30,24
nomad-3Rqsfa2-hyu7,slab,0.001,True,SCAN,34836480,3071544,ZFP,1e-06,11.341683531149156,11.341683531149156,True,21,27,24
nomad-3Rqsfa2-hyu7,slab,0.001,True,BISECT,34836480,3071544,ZFP,1e-06,11.341683531149156,11.341683531149156,True,10,16,24
nomad-3Rqsfa2-hyu7,slab,0.001,True,SCAN-ZFP,34836480,3071544,ZFP,1e-06,11.341683531149156,11.341683531149156,True,8,14,24
nomad-3Rqsfa2-hyu7,slab,0.001,True,SCAN-SZ3,34836480,3249066,SZ3,1e-07,10.721998260423147,11.341683531149156,True,7,13,24
nomad-3Rqsfa2-hyu7,slab,0.001,True,SCAN-SPERR,34836480,7128974,SPERR,3e-07,4.8866050009440345,11.341683531149156,True,6,12,24
nomad-3Rqsfa2-hyu7,slab,0.001,True,BISECT-ZFP,34836480,3071544,ZFP,1e-06,11.341683531149156,11.341683531149156,True,4,10,24
nomad-3Rqsfa2-hyu7,slab,0.001,True,BISECT-SZ3,34836480,3249066,SZ3,1e-07,10.721998260423147,11.341683531149156,True,3,9,24
nomad-3Rqsfa2-hyu7,slab,0.001,True,BISECT-SPERR,34836480,7128974,SPERR,3e-07,4.8866050009440345,11.341683531149156,True,3,9,24
nomad-3Rqsfa2-hyu7,slab,0.01,True,EXHAUSTIVE,34836480,1689560,ZFP,3e-05,20.61866994957267,20.61866994957267,True,24,30,24
nomad-3Rqsfa2-hyu7,slab,0.01,True,SCAN,34836480,1689560,ZFP,3e-05,20.61866994957267,20.61866994957267,True,15,21,24
nomad-3Rqsfa2-hyu7,slab,0.01,True,BISECT,34836480,1689560,ZFP,3e-05,20.61866994957267,20.61866994957267,True,10,16,24
nomad-3Rqsfa2-hyu7,slab,0.01,True,SCAN-ZFP,34836480,1689560,ZFP,3e-05,20.61866994957267,20.61866994957267,True,5,11,24
nomad-3Rqsfa2-hyu7,slab,0.01,True,SCAN-SZ3,34836480,2453479,SZ3,3e-07,14.198809119621568,20.61866994957267,True,6,12,24
nomad-3Rqsfa2-hyu7,slab,0.01,True,SCAN-SPERR,34836480,5319356,SPERR,3e-06,6.549003300399522,20.61866994957267,True,4,10,24
nomad-3Rqsfa2-hyu7,slab,0.01,True,BISECT-ZFP,34836480,1689560,ZFP,3e-05,20.61866994957267,20.61866994957267,True,4,10,24
nomad-3Rqsfa2-hyu7,slab,0.01,True,BISECT-SZ3,34836480,2453479,SZ3,3e-07,14.198809119621568,20.61866994957267,True,3,9,24
nomad-3Rqsfa2-hyu7,slab,0.01,True,BISECT-SPERR,34836480,5319356,SPERR,3e-06,6.549003300399522,20.61866994957267,True,3,9,24
nomad-3ermMygSkKxT,slab,0.0001,False,EXHAUSTIVE,30965760,30965760,,,,,False,0,6,29
nomad-3ermMygSkKxT,slab,0.0001,False,SCAN,30965760,30965760,,,,,False,0,6,29
nomad-3ermMygSkKxT,slab,0.0001,False,BISECT,30965760,30965760,,,,,False,0,6,29
nomad-3ermMygSkKxT,slab,0.0001,False,SCAN-ZFP,30965760,30965760,,,,,False,0,6,29
nomad-3ermMygSkKxT,slab,0.0001,False,SCAN-SZ3,30965760,30965760,,,,,False,0,6,29
nomad-3ermMygSkKxT,slab,0.0001,False,SCAN-SPERR,30965760,30965760,,,,,False,0,6,29
nomad-3ermMygSkKxT,slab,0.0001,False,BISECT-ZFP,30965760,30965760,,,,,False,0,6,29
nomad-3ermMygSkKxT,slab,0.0001,False,BISECT-SZ3,30965760,30965760,,,,,False,0,6,29
nomad-3ermMygSkKxT,slab,0.0001,False,BISECT-SPERR,30965760,30965760,,,,,False,0,6,29
nomad-3ermMygSkKxT,slab,0.001,True,EXHAUSTIVE,30965760,2663520,ZFP,3e-06,11.625878536673277,11.625878536673277,True,29,35,29
nomad-3ermMygSkKxT,slab,0.001,True,SCAN,30965760,2663520,ZFP,3e-06,11.625878536673277,11.625878536673277,True,26,32,29
nomad-3ermMygSkKxT,slab,0.001,True,BISECT,30965760,2663520,ZFP,3e-06,11.625878536673277,11.625878536673277,True,10,16,29
nomad-3ermMygSkKxT,slab,0.001,True,SCAN-ZFP,30965760,2663520,ZFP,3e-06,11.625878536673277,11.625878536673277,True,9,15,29
nomad-3ermMygSkKxT,slab,0.001,True,SCAN-SZ3,30965760,3568805,SZ3,1e-07,8.676786767559449,11.625878536673277,True,9,15,29
nomad-3ermMygSkKxT,slab,0.001,True,SCAN-SPERR,30965760,7744821,SPERR,1e-07,3.998253800830258,11.625878536673277,True,8,14,29
nomad-3ermMygSkKxT,slab,0.001,True,BISECT-ZFP,30965760,2663520,ZFP,3e-06,11.625878536673277,11.625878536673277,True,4,10,29
nomad-3ermMygSkKxT,slab,0.001,True,BISECT-SZ3,30965760,3568805,SZ3,1e-07,8.676786767559449,11.625878536673277,True,3,9,29
nomad-3ermMygSkKxT,slab,0.001,True,BISECT-SPERR,30965760,7744821,SPERR,1e-07,3.998253800830258,11.625878536673277,True,3,9,29
nomad-3ermMygSkKxT,slab,0.01,True,EXHAUSTIVE,30965760,424809,SZ3,0.0001,72.89337090315883,72.89337090315883,True,29,35,29
nomad-3ermMygSkKxT,slab,0.01,True,SCAN,30965760,424809,SZ3,0.0001,72.89337090315883,72.89337090315883,True,8,14,29
nomad-3ermMygSkKxT,slab,0.01,True,BISECT,30965760,424809,SZ3,0.0001,72.89337090315883,72.89337090315883,True,11,17,29
nomad-3ermMygSkKxT,slab,0.01,True,SCAN-ZFP,30965760,630776,ZFP,0.003,49.09153170063541,72.89337090315883,True,3,9,29
nomad-3ermMygSkKxT,slab,0.01,True,SCAN-SZ3,30965760,424809,SZ3,0.0001,72.89337090315883,72.89337090315883,True,3,9,29
nomad-3ermMygSkKxT,slab,0.01,True,SCAN-SPERR,30965760,2913929,SPERR,0.0001,10.626806624320634,72.89337090315883,True,2,8,29
nomad-3ermMygSkKxT,slab,0.01,True,BISECT-ZFP,30965760,630776,ZFP,0.003,49.09153170063541,72.89337090315883,True,4,10,29
nomad-3ermMygSkKxT,slab,0.01,True,BISECT-SZ3,30965760,424809,SZ3,0.0001,72.89337090315883,72.89337090315883,True,3,9,29
nomad-3ermMygSkKxT,slab,0.01,True,BISECT-SPERR,30965760,2913929,SPERR,0.0001,10.626806624320634,72.89337090315883,True,4,10,29
nomad-4BR68d4gtTyq,slab,0.0001,False,EXHAUSTIVE,26127360,26127360,,,,,False,0,6,30
nomad-4BR68d4gtTyq,slab,0.0001,False,SCAN,26127360,26127360,,,,,False,0,6,30
nomad-4BR68d4gtTyq,slab,0.0001,False,BISECT,26127360,26127360,,,,,False,0,6,30
nomad-4BR68d4gtTyq,slab,0.0001,False,SCAN-ZFP,26127360,26127360,,,,,False,0,6,30
nomad-4BR68d4gtTyq,slab,0.0001,False,SCAN-SZ3,26127360,26127360,,,,,False,0,6,30
nomad-4BR68d4gtTyq,slab,0.0001,False,SCAN-SPERR,26127360,26127360,,,,,False,0,6,30
nomad-4BR68d4gtTyq,slab,0.0001,False,BISECT-ZFP,26127360,26127360,,,,,False,0,6,30
nomad-4BR68d4gtTyq,slab,0.0001,False,BISECT-SZ3,26127360,26127360,,,,,False,0,6,30
nomad-4BR68d4gtTyq,slab,0.0001,False,BISECT-SPERR,26127360,26127360,,,,,False,0,6,30
nomad-4BR68d4gtTyq,slab,0.001,True,EXHAUSTIVE,26127360,1674992,ZFP,1e-05,15.59849838088779,15.59849838088779,True,30,36,30
nomad-4BR68d4gtTyq,slab,0.001,True,SCAN,26127360,1674992,ZFP,1e-05,15.59849838088779,15.59849838088779,True,21,27,30
nomad-4BR68d4gtTyq,slab,0.001,True,BISECT,26127360,1674992,ZFP,1e-05,15.59849838088779,15.59849838088779,True,11,17,30
nomad-4BR68d4gtTyq,slab,0.001,True,SCAN-ZFP,26127360,1674992,ZFP,1e-05,15.59849838088779,15.59849838088779,True,8,14,30
nomad-4BR68d4gtTyq,slab,0.001,True,SCAN-SZ3,26127360,1712341,SZ3,1e-06,15.258269234924583,15.59849838088779,True,8,14,30
nomad-4BR68d4gtTyq,slab,0.001,True,SCAN-SPERR,26127360,4753979,SPERR,3e-06,5.4958930193002535,15.59849838088779,True,5,11,30
nomad-4BR68d4gtTyq,slab,0.001,True,BISECT-ZFP,26127360,1674992,ZFP,1e-05,15.59849838088779,15.59849838088779,True,4,10,30
nomad-4BR68d4gtTyq,slab,0.001,True,BISECT-SZ3,26127360,1712341,SZ3,1e-06,15.258269234924583,15.59849838088779,True,4,10,30
nomad-4BR68d4gtTyq,slab,0.001,True,BISECT-SPERR,26127360,4753979,SPERR,3e-06,5.4958930193002535,15.59849838088779,True,3,9,30
nomad-4BR68d4gtTyq,slab,0.01,True,EXHAUSTIVE,26127360,361053,SZ3,0.0001,72.36433432210784,72.36433432210784,True,30,36,30
nomad-4BR68d4gtTyq,slab,0.01,True,SCAN,26127360,361053,SZ3,0.0001,72.36433432210784,72.36433432210784,True,11,17,30
nomad-4BR68d4gtTyq,slab,0.01,True,BISECT,26127360,361053,SZ3,0.0001,72.36433432210784,72.36433432210784,True,11,17,30
nomad-4BR68d4gtTyq,slab,0.01,True,SCAN-ZFP,26127360,580280,ZFP,0.001,45.02543599641552,72.36433432210784,True,4,10,30
nomad-4BR68d4gtTyq,slab,0.01,True,SCAN-SZ3,26127360,361053,SZ3,0.0001,72.36433432210784,72.36433432210784,True,4,10,30
nomad-4BR68d4gtTyq,slab,0.01,True,SCAN-SPERR,26127360,3400087,SPERR,3e-05,7.684321018844518,72.36433432210784,True,3,9,30
nomad-4BR68d4gtTyq,slab,0.01,True,BISECT-ZFP,26127360,580280,ZFP,0.001,45.02543599641552,72.36433432210784,True,4,10,30
nomad-4BR68d4gtTyq,slab,0.01,True,BISECT-SZ3,26127360,361053,SZ3,0.0001,72.36433432210784,72.36433432210784,True,4,10,30
nomad-4BR68d4gtTyq,slab,0.01,True,BISECT-SPERR,26127360,3400087,SPERR,3e-05,7.684321018844518,72.36433432210784,True,3,9,30
nomad-4CA6DwNaypkT,slab,0.0001,False,EXHAUSTIVE,35840000,35840000,,,,,False,0,6,21
nomad-4CA6DwNaypkT,slab,0.0001,False,SCAN,35840000,35840000,,,,,False,0,6,21
nomad-4CA6DwNaypkT,slab,0.0001,False,BISECT,35840000,35840000,,,,,False,0,6,21
nomad-4CA6DwNaypkT,slab,0.0001,False,SCAN-ZFP,35840000,35840000,,,,,False,0,6,21
nomad-4CA6DwNaypkT,slab,0.0001,False,SCAN-SZ3,35840000,35840000,,,,,False,0,6,21
nomad-4CA6DwNaypkT,slab,0.0001,False,SCAN-SPERR,35840000,35840000,,,,,False,0,6,21
nomad-4CA6DwNaypkT,slab,0.0001,False,BISECT-ZFP,35840000,35840000,,,,,False,0,6,21
nomad-4CA6DwNaypkT,slab,0.0001,False,BISECT-SZ3,35840000,35840000,,,,,False,0,6,21
nomad-4CA6DwNaypkT,slab,0.0001,False,BISECT-SPERR,35840000,35840000,,,,,False,0,6,21
nomad-4CA6DwNaypkT,slab,0.001,False,EXHAUSTIVE,35840000,35840000,,,,,False,0,6,21
nomad-4CA6DwNaypkT,slab,0.001,False,SCAN,35840000,35840000,,,,,False,0,6,21
nomad-4CA6DwNaypkT,slab,0.001,False,BISECT,35840000,35840000,,,,,False,0,6,21
nomad-4CA6DwNaypkT,slab,0.001,False,SCAN-ZFP,35840000,35840000,,,,,False,0,6,21
nomad-4CA6DwNaypkT,slab,0.001,False,SCAN-SZ3,35840000,35840000,,,,,False,0,6,21
nomad-4CA6DwNaypkT,slab,0.001,False,SCAN-SPERR,35840000,35840000,,,,,False,0,6,21
nomad-4CA6DwNaypkT,slab,0.001,False,BISECT-ZFP,35840000,35840000,,,,,False,0,6,21
nomad-4CA6DwNaypkT,slab,0.001,False,BISECT-SZ3,35840000,35840000,,,,,False,0,6,21
nomad-4CA6DwNaypkT,slab,0.001,False,BISECT-SPERR,35840000,35840000,,,,,False,0,6,21
nomad-4CA6DwNaypkT,slab,0.01,False,EXHAUSTIVE,35840000,35840000,,,,,False,0,6,21
nomad-4CA6DwNaypkT,slab,0.01,False,SCAN,35840000,35840000,,,,,False,0,6,21
nomad-4CA6DwNaypkT,slab,0.01,False,BISECT,35840000,35840000,,,,,False,0,6,21
nomad-4CA6DwNaypkT,slab,0.01,False,SCAN-ZFP,35840000,35840000,,,,,False,0,6,21
nomad-4CA6DwNaypkT,slab,0.01,False,SCAN-SZ3,35840000,35840000,,,,,False,0,6,21
nomad-4CA6DwNaypkT,slab,0.01,False,SCAN-SPERR,35840000,35840000,,,,,False,0,6,21
nomad-4CA6DwNaypkT,slab,0.01,False,BISECT-ZFP,35840000,35840000,,,,,False,0,6,21
nomad-4CA6DwNaypkT,slab,0.01,False,BISECT-SZ3,35840000,35840000,,,,,False,0,6,21
nomad-4CA6DwNaypkT,slab,0.01,False,BISECT-SPERR,35840000,35840000,,,,,False,0,6,21
nomad-4TmN2lwz6DHx,slab,0.0001,False,EXHAUSTIVE,38707200,38707200,,,,,False,0,6,25
nomad-4TmN2lwz6DHx,slab,0.0001,False,SCAN,38707200,38707200,,,,,False,0,6,25
nomad-4TmN2lwz6DHx,slab,0.0001,False,BISECT,38707200,38707200,,,,,False,0,6,25
nomad-4TmN2lwz6DHx,slab,0.0001,False,SCAN-ZFP,38707200,38707200,,,,,False,0,6,25
nomad-4TmN2lwz6DHx,slab,0.0001,False,SCAN-SZ3,38707200,38707200,,,,,False,0,6,25
nomad-4TmN2lwz6DHx,slab,0.0001,False,SCAN-SPERR,38707200,38707200,,,,,False,0,6,25
nomad-4TmN2lwz6DHx,slab,0.0001,False,BISECT-ZFP,38707200,38707200,,,,,False,0,6,25
nomad-4TmN2lwz6DHx,slab,0.0001,False,BISECT-SZ3,38707200,38707200,,,,,False,0,6,25
nomad-4TmN2lwz6DHx,slab,0.0001,False,BISECT-SPERR,38707200,38707200,,,,,False,0,6,25
nomad-4TmN2lwz6DHx,slab,0.001,True,EXHAUSTIVE,38707200,3555832,ZFP,3e-07,10.885553648203851,10.885553648203851,True,25,31,25
nomad-4TmN2lwz6DHx,slab,0.001,True,SCAN,38707200,3555832,ZFP,3e-07,10.885553648203851,10.885553648203851,True,24,30,25
nomad-4TmN2lwz6DHx,slab,0.001,True,BISECT,38707200,3555832,ZFP,3e-07,10.885553648203851,10.885553648203851,True,9,15,25
nomad-4TmN2lwz6DHx,slab,0.001,True,SCAN-ZFP,38707200,3555832,ZFP,3e-07,10.885553648203851,10.885553648203851,True,9,15,25
nomad-4TmN2lwz6DHx,slab,0.001,True,SCAN-SZ3,38707200,38707200,,,,10.885553648203851,True,8,14,25
nomad-4TmN2lwz6DHx,slab,0.001,True,SCAN-SPERR,38707200,9436919,SPERR,1e-07,4.1016776767926055,10.885553648203851,True,7,13,25
nomad-4TmN2lwz6DHx,slab,0.001,True,BISECT-ZFP,38707200,3555832,ZFP,3e-07,10.885553648203851,10.885553648203851,True,3,9,25
nomad-4TmN2lwz6DHx,slab,0.001,True,BISECT-SZ3,38707200,38707200,,,,10.885553648203851,True,3,9,25
nomad-4TmN2lwz6DHx,slab,0.001,True,BISECT-SPERR,38707200,9436919,SPERR,1e-07,4.1016776767926055,10.885553648203851,True,3,9,25
nomad-4TmN2lwz6DHx,slab,0.01,True,EXHAUSTIVE,38707200,1131144,ZFP,0.0003,34.219515817614734,34.219515817614734,True,25,31,25
nomad-4TmN2lwz6DHx,slab,0.01,True,SCAN,38707200,1131144,ZFP,0.0003,34.219515817614734,34.219515817614734,True,11,17,25
nomad-4TmN2lwz6DHx,slab,0.01,True,BISECT,38707200,1131144,ZFP,0.0003,34.219515817614734,34.219515817614734,True,9,15,25
nomad-4TmN2lwz6DHx,slab,0.01,True,SCAN-ZFP,38707200,1131144,ZFP,0.0003,34.219515817614734,34.219515817614734,True,3,9,25
nomad-4TmN2lwz6DHx,slab,0.01,True,SCAN-SZ3,38707200,1311071,SZ3,3e-06,29.52334389213094,34.219515817614734,True,5,11,25
nomad-4TmN2lwz6DHx,slab,0.01,True,SCAN-SPERR,38707200,5418764,SPERR,1e-05,7.143178776562331,34.219515817614734,True,3,9,25
nomad-4TmN2lwz6DHx,slab,0.01,True,BISECT-ZFP,38707200,1131144,ZFP,0.0003,34.219515817614734,34.219515817614734,True,3,9,25
nomad-4TmN2lwz6DHx,slab,0.01,True,BISECT-SZ3,38707200,1311071,SZ3,3e-06,29.52334389213094,34.219515817614734,True,3,9,25
nomad-4TmN2lwz6DHx,slab,0.01,True,BISECT-SPERR,38707200,5418764,SPERR,1e-05,7.143178776562331,34.219515817614734,True,3,9,25
nomad-4U-g_t9kIPQS,slab,0.0001,False,EXHAUSTIVE,46080000,46080000,,,,,False,0,6,19
nomad-4U-g_t9kIPQS,slab,0.0001,False,SCAN,46080000,46080000,,,,,False,0,6,19
nomad-4U-g_t9kIPQS,slab,0.0001,False,BISECT,46080000,46080000,,,,,False,0,6,19
nomad-4U-g_t9kIPQS,slab,0.0001,False,SCAN-ZFP,46080000,46080000,,,,,False,0,6,19
nomad-4U-g_t9kIPQS,slab,0.0001,False,SCAN-SZ3,46080000,46080000,,,,,False,0,6,19
nomad-4U-g_t9kIPQS,slab,0.0001,False,SCAN-SPERR,46080000,46080000,,,,,False,0,6,19
nomad-4U-g_t9kIPQS,slab,0.0001,False,BISECT-ZFP,46080000,46080000,,,,,False,0,6,19
nomad-4U-g_t9kIPQS,slab,0.0001,False,BISECT-SZ3,46080000,46080000,,,,,False,0,6,19
nomad-4U-g_t9kIPQS,slab,0.0001,False,BISECT-SPERR,46080000,46080000,,,,,False,0,6,19
nomad-4U-g_t9kIPQS,slab,0.001,True,EXHAUSTIVE,46080000,3499736,ZFP,1e-06,13.166707431646271,13.166707431646271,True,19,25,19
nomad-4U-g_t9kIPQS,slab,0.001,True,SCAN,46080000,3499736,ZFP,1e-06,13.166707431646271,13.166707431646271,True,17,23,19
nomad-4U-g_t9kIPQS,slab,0.001,True,BISECT,46080000,3499736,ZFP,1e-06,13.166707431646271,13.166707431646271,True,8,14,19
nomad-4U-g_t9kIPQS,slab,0.001,True,SCAN-ZFP,46080000,3499736,ZFP,1e-06,13.166707431646271,13.166707431646271,True,6,12,19
nomad-4U-g_t9kIPQS,slab,0.001,True,SCAN-SZ3,46080000,46080000,,,,13.166707431646271,True,5,11,19
nomad-4U-g_t9kIPQS,slab,0.001,True,SCAN-SPERR,46080000,10782292,SPERR,1e-07,4.273673909035296,13.166707431646271,True,6,12,19
nomad-4U-g_t9kIPQS,slab,0.001,True,BISECT-ZFP,46080000,3499736,ZFP,1e-06,13.166707431646271,13.166707431646271,True,3,9,19
nomad-4U-g_t9kIPQS,slab,0.001,True,BISECT-SZ3,46080000,46080000,,,,13.166707431646271,True,2,8,19
nomad-4U-g_t9kIPQS,slab,0.001,True,BISECT-SPERR,46080000,10782292,SPERR,1e-07,4.273673909035296,13.166707431646271,True,3,9,19
nomad-4U-g_t9kIPQS,slab,0.01,True,EXHAUSTIVE,46080000,1581544,ZFP,0.0001,29.13608473744645,29.13608473744645,True,19,25,19
nomad-4U-g_t9kIPQS,slab,0.01,True,SCAN,46080000,1581544,ZFP,0.0001,29.13608473744645,29.13608473744645,True,8,14,19
nomad-4U-g_t9kIPQS,slab,0.01,True,BISECT,46080000,1581544,ZFP,0.0001,29.13608473744645,29.13608473744645,True,9,15,19
nomad-4U-g_t9kIPQS,slab,0.01,True,SCAN-ZFP,46080000,1581544,ZFP,0.0001,29.13608473744645,29.13608473744645,True,2,8,19
nomad-4U-g_t9kIPQS,slab,0.01,True,SCAN-SZ3,46080000,3680103,SZ3,1e-06,12.521388667654138,29.13608473744645,True,3,9,19
nomad-4U-g_t9kIPQS,slab,0.01,True,SCAN-SPERR,46080000,7252372,SPERR,3e-06,6.353783286351003,29.13608473744645,True,3,9,19
nomad-4U-g_t9kIPQS,slab,0.01,True,BISECT-ZFP,46080000,1581544,ZFP,0.0001,29.13608473744645,29.13608473744645,True,4,10,19
nomad-4U-g_t9kIPQS,slab,0.01,True,BISECT-SZ3,46080000,3680103,SZ3,1e-06,12.521388667654138,29.13608473744645,True,2,8,19
nomad-4U-g_t9kIPQS,slab,0.01,True,BISECT-SPERR,46080000,7252372,SPERR,3e-06,6.353783286351003,29.13608473744645,True,3,9,19
nomad-4hOaTvLmAUuc,slab,0.0001,False,EXHAUSTIVE,33030144,33030144,,,,,False,0,6,14
nomad-4hOaTvLmAUuc,slab,0.0001,False,SCAN,33030144,33030144,,,,,False,0,6,14
nomad-4hOaTvLmAUuc,slab,0.0001,False,BISECT,33030144,33030144,,,,,False,0,6,14
nomad-4hOaTvLmAUuc,slab,0.0001,False,SCAN-ZFP,33030144,33030144,,,,,False,0,6,14
nomad-4hOaTvLmAUuc,slab,0.0001,False,SCAN-SZ3,33030144,33030144,,,,,False,0,6,14
nomad-4hOaTvLmAUuc,slab,0.0001,False,SCAN-SPERR,33030144,33030144,,,,,False,0,6,14
nomad-4hOaTvLmAUuc,slab,0.0001,False,BISECT-ZFP,33030144,33030144,,,,,False,0,6,14
nomad-4hOaTvLmAUuc,slab,0.0001,False,BISECT-SZ3,33030144,33030144,,,,,False,0,6,14
nomad-4hOaTvLmAUuc,slab,0.0001,False,BISECT-SPERR,33030144,33030144,,,,,False,0,6,14
nomad-4hOaTvLmAUuc,slab,0.001,False,EXHAUSTIVE,33030144,33030144,,,,,False,0,6,14
nomad-4hOaTvLmAUuc,slab,0.001,False,SCAN,33030144,33030144,,,,,False,0,6,14
nomad-4hOaTvLmAUuc,slab,0.001,False,BISECT,33030144,33030144,,,,,False,0,6,14
nomad-4hOaTvLmAUuc,slab,0.001,False,SCAN-ZFP,33030144,33030144,,,,,False,0,6,14
nomad-4hOaTvLmAUuc,slab,0.001,False,SCAN-SZ3,33030144,33030144,,,,,False,0,6,14
nomad-4hOaTvLmAUuc,slab,0.001,False,SCAN-SPERR,33030144,33030144,,,,,False,0,6,14
nomad-4hOaTvLmAUuc,slab,0.001,False,BISECT-ZFP,33030144,33030144,,,,,False,0,6,14
nomad-4hOaTvLmAUuc,slab,0.001,False,BISECT-SZ3,33030144,33030144,,,,,False,0,6,14
nomad-4hOaTvLmAUuc,slab,0.001,False,BISECT-SPERR,33030144,33030144,,,,,False,0,6,14
nomad-4hOaTvLmAUuc,slab,0.01,True,EXHAUSTIVE,33030144,1670896,ZFP,1e-05,19.76792331778877,19.76792331778877,True,14,20,14
nomad-4hOaTvLmAUuc,slab,0.01,True,SCAN,33030144,1670896,ZFP,1e-05,19.76792331778877,19.76792331778877,True,14,20,14
nomad-4hOaTvLmAUuc,slab,0.01,True,BISECT,33030144,1670896,ZFP,1e-05,19.76792331778877,19.76792331778877,True,7,13,14
nomad-4hOaTvLmAUuc,slab,0.01,True,SCAN-ZFP,33030144,1670896,ZFP,1e-05,19.76792331778877,19.76792331778877,True,6,12,14
nomad-4hOaTvLmAUuc,slab,0.01,True,SCAN-SZ3,33030144,33030144,,,,19.76792331778877,True,5,11,14
nomad-4hOaTvLmAUuc,slab,0.01,True,SCAN-SPERR,33030144,33030144,,,,19.76792331778877,True,3,9,14
nomad-4hOaTvLmAUuc,slab,0.01,True,BISECT-ZFP,33030144,1670896,ZFP,1e-05,19.76792331778877,19.76792331778877,True,3,9,14
nomad-4hOaTvLmAUuc,slab,0.01,True,BISECT-SZ3,33030144,33030144,,,,19.76792331778877,True,2,8,14
nomad-4hOaTvLmAUuc,slab,0.01,True,BISECT-SPERR,33030144,33030144,,,,19.76792331778877,True,2,8,14
nomad-4khM-ZQ6rM_L,slab,0.0001,False,EXHAUSTIVE,30965760,30965760,,,,,False,0,6,25
nomad-4khM-ZQ6rM_L,slab,0.0001,False,SCAN,30965760,30965760,,,,,False,0,6,25
nomad-4khM-ZQ6rM_L,slab,0.0001,False,BISECT,30965760,30965760,,,,,False,0,6,25
nomad-4khM-ZQ6rM_L,slab,0.0001,False,SCAN-ZFP,30965760,30965760,,,,,False,0,6,25
nomad-4khM-ZQ6rM_L,slab,0.0001,False,SCAN-SZ3,30965760,30965760,,,,,False,0,6,25
nomad-4khM-ZQ6rM_L,slab,0.0001,False,SCAN-SPERR,30965760,30965760,,,,,False,0,6,25
nomad-4khM-ZQ6rM_L,slab,0.0001,False,BISECT-ZFP,30965760,30965760,,,,,False,0,6,25
nomad-4khM-ZQ6rM_L,slab,0.0001,False,BISECT-SZ3,30965760,30965760,,,,,False,0,6,25
nomad-4khM-ZQ6rM_L,slab,0.0001,False,BISECT-SPERR,30965760,30965760,,,,,False,0,6,25
nomad-4khM-ZQ6rM_L,slab,0.001,True,EXHAUSTIVE,30965760,1820544,ZFP,1e-05,17.00906981649441,17.00906981649441,True,25,31,25
nomad-4khM-ZQ6rM_L,slab,0.001,True,SCAN,30965760,1820544,ZFP,1e-05,17.00906981649441,17.00906981649441,True,19,25,25
nomad-4khM-ZQ6rM_L,slab,0.001,True,BISECT,30965760,1820544,ZFP,1e-05,17.00906981649441,17.00906981649441,True,9,15,25
nomad-4khM-ZQ6rM_L,slab,0.001,True,SCAN-ZFP,30965760,1820544,ZFP,1e-05,17.00906981649441,17.00906981649441,True,6,12,25
nomad-4khM-ZQ6rM_L,slab,0.001,True,SCAN-SZ3,30965760,2088063,SZ3,3e-07,14.829897373786135,17.00906981649441,True,7,13,25
nomad-4khM-ZQ6rM_L,slab,0.001,True,SCAN-SPERR,30965760,7008048,SPERR,3e-07,4.418599872603612,17.00906981649441,True,6,12,25
nomad-4khM-ZQ6rM_L,slab,0.001,True,BISECT-ZFP,30965760,1820544,ZFP,1e-05,17.00906981649441,17.00906981649441,True,3,9,25
nomad-4khM-ZQ6rM_L,slab,0.001,True,BISECT-SZ3,30965760,2088063,SZ3,3e-07,14.829897373786135,17.00906981649441,True,3,9,25
nomad-4khM-ZQ6rM_L,slab,0.001,True,BISECT-SPERR,30965760,7008048,SPERR,3e-07,4.418599872603612,17.00906981649441,True,3,9,25
nomad-4khM-ZQ6rM_L,slab,0.01,True,EXHAUSTIVE,30965760,283204,SZ3,0.0001,109.3408285193712,109.3408285193712,True,25,31,25
nomad-4khM-ZQ6rM_L,slab,0.01,True,SCAN,30965760,283204,SZ3,0.0001,109.3408285193712,109.3408285193712,True,6,12,25
nomad-4khM-ZQ6rM_L,slab,0.01,True,BISECT,30965760,283204,SZ3,0.0001,109.3408285193712,109.3408285193712,True,11,17,25
nomad-4khM-ZQ6rM_L,slab,0.01,True,SCAN-ZFP,30965760,625768,ZFP,0.001,49.4844095575357,109.3408285193712,True,2,8,25
nomad-4khM-ZQ6rM_L,slab,0.01,True,SCAN-SZ3,30965760,283204,SZ3,0.0001,109.3408285193712,109.3408285193712,True,2,8,25
nomad-4khM-ZQ6rM_L,slab,0.01,True,SCAN-SPERR,30965760,3794497,SPERR,3e-05,8.160702195837814,109.3408285193712,True,2,8,25
nomad-4khM-ZQ6rM_L,slab,0.01,True,BISECT-ZFP,30965760,625768,ZFP,0.001,49.4844095575357,109.3408285193712,True,4,10,25
nomad-4khM-ZQ6rM_L,slab,0.01,True,BISECT-SZ3,30965760,283204,SZ3,0.0001,109.3408285193712,109.3408285193712,True,4,10,25
nomad-4khM-ZQ6rM_L,slab,0.01,True,BISECT-SPERR,30965760,3794497,SPERR,3e-05,8.160702195837814,109.3408285193712,True,3,9,25
nomad-5HCYH3PtBIoR,slab,0.0001,False,EXHAUSTIVE,46080000,46080000,,,,,False,0,6,6
nomad-5HCYH3PtBIoR,slab,0.0001,False,SCAN,46080000,46080000,,,,,False,0,6,6
nomad-5HCYH3PtBIoR,slab,0.0001,False,BISECT,46080000,46080000,,,,,False,0,6,6
nomad-5HCYH3PtBIoR,slab,0.0001,False,SCAN-ZFP,46080000,46080000,,,,,False,0,6,6
nomad-5HCYH3PtBIoR,slab,0.0001,False,SCAN-SZ3,46080000,46080000,,,,,False,0,6,6
nomad-5HCYH3PtBIoR,slab,0.0001,False,SCAN-SPERR,46080000,46080000,,,,,False,0,6,6
nomad-5HCYH3PtBIoR,slab,0.0001,False,BISECT-ZFP,46080000,46080000,,,,,False,0,6,6
nomad-5HCYH3PtBIoR,slab,0.0001,False,BISECT-SZ3,46080000,46080000,,,,,False,0,6,6
nomad-5HCYH3PtBIoR,slab,0.0001,False,BISECT-SPERR,46080000,46080000,,,,,False,0,6,6
nomad-5HCYH3PtBIoR,slab,0.001,False,EXHAUSTIVE,46080000,46080000,,,,,False,0,6,6
nomad-5HCYH3PtBIoR,slab,0.001,False,SCAN,46080000,46080000,,,,,False,0,6,6
nomad-5HCYH3PtBIoR,slab,0.001,False,BISECT,46080000,46080000,,,,,False,0,6,6
nomad-5HCYH3PtBIoR,slab,0.001,False,SCAN-ZFP,46080000,46080000,,,,,False,0,6,6
nomad-5HCYH3PtBIoR,slab,0.001,False,SCAN-SZ3,46080000,46080000,,,,,False,0,6,6
nomad-5HCYH3PtBIoR,slab,0.001,False,SCAN-SPERR,46080000,46080000,,,,,False,0,6,6
nomad-5HCYH3PtBIoR,slab,0.001,False,BISECT-ZFP,46080000,46080000,,,,,False,0,6,6
nomad-5HCYH3PtBIoR,slab,0.001,False,BISECT-SZ3,46080000,46080000,,,,,False,0,6,6
nomad-5HCYH3PtBIoR,slab,0.001,False,BISECT-SPERR,46080000,46080000,,,,,False,0,6,6
nomad-5HCYH3PtBIoR,slab,0.01,True,EXHAUSTIVE,46080000,1633000,ZFP,0.0001,28.21800367421923,28.21800367421923,True,6,12,6
nomad-5HCYH3PtBIoR,slab,0.01,True,SCAN,46080000,1633000,ZFP,0.0001,28.21800367421923,28.21800367421923,True,4,10,6
nomad-5HCYH3PtBIoR,slab,0.01,True,BISECT,46080000,1633000,ZFP,0.0001,28.21800367421923,28.21800367421923,True,5,11,6
nomad-5HCYH3PtBIoR,slab,0.01,True,SCAN-ZFP,46080000,1633000,ZFP,0.0001,28.21800367421923,28.21800367421923,True,2,8,6
nomad-5HCYH3PtBIoR,slab,0.01,True,SCAN-SZ3,46080000,46080000,,,,28.21800367421923,True,1,7,6
nomad-5HCYH3PtBIoR,slab,0.01,True,SCAN-SPERR,46080000,46080000,,,,28.21800367421923,True,1,7,6
nomad-5HCYH3PtBIoR,slab,0.01,True,BISECT-ZFP,46080000,1633000,ZFP,0.0001,28.21800367421923,28.21800367421923,True,3,9,6
nomad-5HCYH3PtBIoR,slab,0.01,True,BISECT-SZ3,46080000,46080000,,,,28.21800367421923,True,1,7,6
nomad-5HCYH3PtBIoR,slab,0.01,True,BISECT-SPERR,46080000,46080000,,,,28.21800367421923,True,1,7,6
nomad-5_7vAQzUevH0,slab,0.0001,False,EXHAUSTIVE,38400000,38400000,,,,,False,0,6,16
nomad-5_7vAQzUevH0,slab,0.0001,False,SCAN,38400000,38400000,,,,,False,0,6,16
nomad-5_7vAQzUevH0,slab,0.0001,False,BISECT,38400000,38400000,,,,,False,0,6,16
nomad-5_7vAQzUevH0,slab,0.0001,False,SCAN-ZFP,38400000,38400000,,,,,False,0,6,16
nomad-5_7vAQzUevH0,slab,0.0001,False,SCAN-SZ3,38400000,38400000,,,,,False,0,6,16
nomad-5_7vAQzUevH0,slab,0.0001,False,SCAN-SPERR,38400000,38400000,,,,,False,0,6,16
nomad-5_7vAQzUevH0,slab,0.0001,False,BISECT-ZFP,38400000,38400000,,,,,False,0,6,16
nomad-5_7vAQzUevH0,slab,0.0001,False,BISECT-SZ3,38400000,38400000,,,,,False,0,6,16
nomad-5_7vAQzUevH0,slab,0.0001,False,BISECT-SPERR,38400000,38400000,,,,,False,0,6,16
nomad-5_7vAQzUevH0,slab,0.001,False,EXHAUSTIVE,38400000,38400000,,,,,False,0,6,16
nomad-5_7vAQzUevH0,slab,0.001,False,SCAN,38400000,38400000,,,,,False,0,6,16
nomad-5_7vAQzUevH0,slab,0.001,False,BISECT,38400000,38400000,,,,,False,0,6,16
nomad-5_7vAQzUevH0,slab,0.001,False,SCAN-ZFP,38400000,38400000,,,,,False,0,6,16
nomad-5_7vAQzUevH0,slab,0.001,False,SCAN-SZ3,38400000,38400000,,,,,False,0,6,16
nomad-5_7vAQzUevH0,slab,0.001,False,SCAN-SPERR,38400000,38400000,,,,,False,0,6,16
nomad-5_7vAQzUevH0,slab,0.001,False,BISECT-ZFP,38400000,38400000,,,,,False,0,6,16
nomad-5_7vAQzUevH0,slab,0.001,False,BISECT-SZ3,38400000,38400000,,,,,False,0,6,16
nomad-5_7vAQzUevH0,slab,0.001,False,BISECT-SPERR,38400000,38400000,,,,,False,0,6,16
nomad-5_7vAQzUevH0,slab,0.01,False,EXHAUSTIVE,38400000,38400000,,,,,False,0,6,16
nomad-5_7vAQzUevH0,slab,0.01,False,SCAN,38400000,38400000,,,,,False,0,6,16
nomad-5_7vAQzUevH0,slab,0.01,False,BISECT,38400000,38400000,,,,,False,0,6,16
nomad-5_7vAQzUevH0,slab,0.01,False,SCAN-ZFP,38400000,38400000,,,,,False,0,6,16
nomad-5_7vAQzUevH0,slab,0.01,False,SCAN-SZ3,38400000,38400000,,,,,False,0,6,16
nomad-5_7vAQzUevH0,slab,0.01,False,SCAN-SPERR,38400000,38400000,,,,,False,0,6,16
nomad-5_7vAQzUevH0,slab,0.01,False,BISECT-ZFP,38400000,38400000,,,,,False,0,6,16
nomad-5_7vAQzUevH0,slab,0.01,False,BISECT-SZ3,38400000,38400000,,,,,False,0,6,16
nomad-5_7vAQzUevH0,slab,0.01,False,BISECT-SPERR,38400000,38400000,,,,,False,0,6,16
nomad-61GFUgm3lTUg,slab,0.0001,False,EXHAUSTIVE,30965760,30965760,,,,,False,0,6,18
nomad-61GFUgm3lTUg,slab,0.0001,False,SCAN,30965760,30965760,,,,,False,0,6,18
nomad-61GFUgm3lTUg,slab,0.0001,False,BISECT,30965760,30965760,,,,,False,0,6,18
nomad-61GFUgm3lTUg,slab,0.0001,False,SCAN-ZFP,30965760,30965760,,,,,False,0,6,18
nomad-61GFUgm3lTUg,slab,0.0001,False,SCAN-SZ3,30965760,30965760,,,,,False,0,6,18
nomad-61GFUgm3lTUg,slab,0.0001,False,SCAN-SPERR,30965760,30965760,,,,,False,0,6,18
nomad-61GFUgm3lTUg,slab,0.0001,False,BISECT-ZFP,30965760,30965760,,,,,False,0,6,18
nomad-61GFUgm3lTUg,slab,0.0001,False,BISECT-SZ3,30965760,30965760,,,,,False,0,6,18
nomad-61GFUgm3lTUg,slab,0.0001,False,BISECT-SPERR,30965760,30965760,,,,,False,0,6,18
nomad-61GFUgm3lTUg,slab,0.001,False,EXHAUSTIVE,30965760,30965760,,,,,False,0,6,18
nomad-61GFUgm3lTUg,slab,0.001,False,SCAN,30965760,30965760,,,,,False,0,6,18
nomad-61GFUgm3lTUg,slab,0.001,False,BISECT,30965760,30965760,,,,,False,0,6,18
nomad-61GFUgm3lTUg,slab,0.001,False,SCAN-ZFP,30965760,30965760,,,,,False,0,6,18
nomad-61GFUgm3lTUg,slab,0.001,False,SCAN-SZ3,30965760,30965760,,,,,False,0,6,18
nomad-61GFUgm3lTUg,slab,0.001,False,SCAN-SPERR,30965760,30965760,,,,,False,0,6,18
nomad-61GFUgm3lTUg,slab,0.001,False,BISECT-ZFP,30965760,30965760,,,,,False,0,6,18
nomad-61GFUgm3lTUg,slab,0.001,False,BISECT-SZ3,30965760,30965760,,,,,False,0,6,18
nomad-61GFUgm3lTUg,slab,0.001,False,BISECT-SPERR,30965760,30965760,,,,,False,0,6,18
nomad-61GFUgm3lTUg,slab,0.01,True,EXHAUSTIVE,30965760,441009,SZ3,0.0001,70.21570988347176,70.21570988347176,True,18,24,18
nomad-61GFUgm3lTUg,slab,0.01,True,SCAN,30965760,441009,SZ3,0.0001,70.21570988347176,70.21570988347176,True,9,15,18
nomad-61GFUgm3lTUg,slab,0.01,True,BISECT,30965760,441009,SZ3,0.0001,70.21570988347176,70.21570988347176,True,8,14,18
nomad-61GFUgm3lTUg,slab,0.01,True,SCAN-ZFP,30965760,662000,ZFP,0.003,46.77607250755287,70.21570988347176,True,2,8,18
nomad-61GFUgm3lTUg,slab,0.01,True,SCAN-SZ3,30965760,441009,SZ3,0.0001,70.21570988347176,70.21570988347176,True,4,10,18
nomad-61GFUgm3lTUg,slab,0.01,True,SCAN-SPERR,30965760,2942945,SPERR,0.0001,10.522031502457573,70.21570988347176,True,3,9,18
nomad-61GFUgm3lTUg,slab,0.01,True,BISECT-ZFP,30965760,662000,ZFP,0.003,46.77607250755287,70.21570988347176,True,3,9,18
nomad-61GFUgm3lTUg,slab,0.01,True,BISECT-SZ3,30965760,441009,SZ3,0.0001,70.21570988347176,70.21570988347176,True,3,9,18
nomad-61GFUgm3lTUg,slab,0.01,True,BISECT-SPERR,30965760,2942945,SPERR,0.0001,10.522031502457573,70.21570988347176,True,2,8,18
nomad-6o4AmsigmNP5,slab,0.0001,False,EXHAUSTIVE,30965760,30965760,,,,,False,0,6,17
nomad-6o4AmsigmNP5,slab,0.0001,False,SCAN,30965760,30965760,,,,,False,0,6,17
nomad-6o4AmsigmNP5,slab,0.0001,False,BISECT,30965760,30965760,,,,,False,0,6,17
nomad-6o4AmsigmNP5,slab,0.0001,False,SCAN-ZFP,30965760,30965760,,,,,False,0,6,17
nomad-6o4AmsigmNP5,slab,0.0001,False,SCAN-SZ3,30965760,30965760,,,,,False,0,6,17
nomad-6o4AmsigmNP5,slab,0.0001,False,SCAN-SPERR,30965760,30965760,,,,,False,0,6,17
nomad-6o4AmsigmNP5,slab,0.0001,False,BISECT-ZFP,30965760,30965760,,,,,False,0,6,17
nomad-6o4AmsigmNP5,slab,0.0001,False,BISECT-SZ3,30965760,30965760,,,,,False,0,6,17
nomad-6o4AmsigmNP5,slab,0.0001,False,BISECT-SPERR,30965760,30965760,,,,,False,0,6,17
nomad-6o4AmsigmNP5,slab,0.001,False,EXHAUSTIVE,30965760,30965760,,,,,False,0,6,17
nomad-6o4AmsigmNP5,slab,0.001,False,SCAN,30965760,30965760,,,,,False,0,6,17
nomad-6o4AmsigmNP5,slab,0.001,False,BISECT,30965760,30965760,,,,,False,0,6,17
nomad-6o4AmsigmNP5,slab,0.001,False,SCAN-ZFP,30965760,30965760,,,,,False,0,6,17
nomad-6o4AmsigmNP5,slab,0.001,False,SCAN-SZ3,30965760,30965760,,,,,False,0,6,17
nomad-6o4AmsigmNP5,slab,0.001,False,SCAN-SPERR,30965760,30965760,,,,,False,0,6,17
nomad-6o4AmsigmNP5,slab,0.001,False,BISECT-ZFP,30965760,30965760,,,,,False,0,6,17
nomad-6o4AmsigmNP5,slab,0.001,False,BISECT-SZ3,30965760,30965760,,,,,False,0,6,17
nomad-6o4AmsigmNP5,slab,0.001,False,BISECT-SPERR,30965760,30965760,,,,,False,0,6,17
nomad-6o4AmsigmNP5,slab,0.01,True,EXHAUSTIVE,30965760,252784,SZ3,0.0003,122.49889233495792,122.49889233495792,True,17,23,17
nomad-6o4AmsigmNP5,slab,0.01,True,SCAN,30965760,252784,SZ3,0.0003,122.49889233495792,122.49889233495792,True,7,13,17
nomad-6o4AmsigmNP5,slab,0.01,True,BISECT,30965760,252784,SZ3,0.0003,122.49889233495792,122.49889233495792,True,8,14,17
nomad-6o4AmsigmNP5,slab,0.01,True,SCAN-ZFP,30965760,673792,ZFP,0.003,45.95744680851064,122.49889233495792,True,2,8,17
nomad-6o4AmsigmNP5,slab,0.01,True,SCAN-SZ3,30965760,252784,SZ3,0.0003,122.49889233495792,122.49889233495792,True,2,8,17
nomad-6o4AmsigmNP5,slab,0.01,True,SCAN-SPERR,30965760,2962775,SPERR,0.0001,10.451607023820571,122.49889233495792,True,3,9,17
nomad-6o4AmsigmNP5,slab,0.01,True,BISECT-ZFP,30965760,673792,ZFP,0.003,45.95744680851064,122.49889233495792,True,3,9,17
nomad-6o4AmsigmNP5,slab,0.01,True,BISECT-SZ3,30965760,252784,SZ3,0.0003,122.49889233495792,122.49889233495792,True,3,9,17
nomad-6o4AmsigmNP5,slab,0.01,True,BISECT-SPERR,30965760,2962775,SPERR,0.0001,10.451607023820571,122.49889233495792,True,2,8,17
nomad-6x45-ylTvOvZ,slab,0.0001,False,EXHAUSTIVE,13762560,13762560,,,,,False,0,6,29
nomad-6x45-ylTvOvZ,slab,0.0001,False,SCAN,13762560,13762560,,,,,False,0,6,29
nomad-6x45-ylTvOvZ,slab,0.0001,False,BISECT,13762560,13762560,,,,,False,0,6,29
nomad-6x45-ylTvOvZ,slab,0.0001,False,SCAN-ZFP,13762560,13762560,,,,,False,0,6,29
nomad-6x45-ylTvOvZ,slab,0.0001,False,SCAN-SZ3,13762560,13762560,,,,,False,0,6,29
nomad-6x45-ylTvOvZ,slab,0.0001,False,SCAN-SPERR,13762560,13762560,,,,,False,0,6,29
nomad-6x45-ylTvOvZ,slab,0.0001,False,BISECT-ZFP,13762560,13762560,,,,,False,0,6,29
nomad-6x45-ylTvOvZ,slab,0.0001,False,BISECT-SZ3,13762560,13762560,,,,,False,0,6,29
nomad-6x45-ylTvOvZ,slab,0.0001,False,BISECT-SPERR,13762560,13762560,,,,,False,0,6,29
nomad-6x45-ylTvOvZ,slab,0.001,True,EXHAUSTIVE,13762560,853063,SZ3,3e-06,16.133110919123208,16.133110919123208,True,29,35,29
nomad-6x45-ylTvOvZ,slab,0.001,True,SCAN,13762560,853063,SZ3,3e-06,16.133110919123208,16.133110919123208,True,19,25,29
nomad-6x45-ylTvOvZ,slab,0.001,True,BISECT,13762560,1102344,ZFP,1e-05,12.484814177788422,16.133110919123208,True,10,16,29
nomad-6x45-ylTvOvZ,slab,0.001,True,SCAN-ZFP,13762560,1102344,ZFP,1e-05,12.484814177788422,16.133110919123208,True,6,12,29
nomad-6x45-ylTvOvZ,slab,0.001,True,SCAN-SZ3,13762560,853063,SZ3,3e-06,16.133110919123208,16.133110919123208,True,7,13,29
nomad-6x45-ylTvOvZ,slab,0.001,True,SCAN-SPERR,13762560,2555354,SPERR,3e-06,5.385774338897859,16.133110919123208,True,6,12,29
nomad-6x45-ylTvOvZ,slab,0.001,True,BISECT-ZFP,13762560,1102344,ZFP,1e-05,12.484814177788422,16.133110919123208,True,3,9,29
nomad-6x45-ylTvOvZ,slab,0.001,True,BISECT-SZ3,13762560,1549390,SZ3,3e-07,8.882566687535094,16.133110919123208,True,3,9,29
nomad-6x45-ylTvOvZ,slab,0.001,True,BISECT-SPERR,13762560,2555354,SPERR,3e-06,5.385774338897859,16.133110919123208,True,4,10,29
nomad-6x45-ylTvOvZ,slab,0.01,True,EXHAUSTIVE,13762560,238723,SZ3,0.0001,57.6507500324644,57.6507500324644,True,29,35,29
nomad-6x45-ylTvOvZ,slab,0.01,True,SCAN,13762560,238723,SZ3,0.0001,57.6507500324644,57.6507500324644,True,8,14,29
nomad-6x45-ylTvOvZ,slab,0.01,True,BISECT,13762560,238723,SZ3,0.0001,57.6507500324644,57.6507500324644,True,11,17,29
nomad-6x45-ylTvOvZ,slab,0.01,True,SCAN-ZFP,13762560,318152,ZFP,0.003,43.25781387512887,57.6507500324644,True,1,7,29
nomad-6x45-ylTvOvZ,slab,0.01,True,SCAN-SZ3,13762560,238723,SZ3,0.0001,57.6507500324644,57.6507500324644,True,4,10,29
nomad-6x45-ylTvOvZ,slab,0.01,True,SCAN-SPERR,13762560,1465581,SPERR,0.0001,9.390514751487636,57.6507500324644,True,3,9,29
nomad-6x45-ylTvOvZ,slab,0.01,True,BISECT-ZFP,13762560,318152,ZFP,0.003,43.25781387512887,57.6507500324644,True,4,10,29
nomad-6x45-ylTvOvZ,slab,0.01,True,BISECT-SZ3,13762560,238723,SZ3,0.0001,57.6507500324644,57.6507500324644,True,4,10,29
nomad-6x45-ylTvOvZ,slab,0.01,True,BISECT-SPERR,13762560,1465581,SPERR,0.0001,9.390514751487636,57.6507500324644,True,3,9,29
nomad-7OdXN2bFHmUg,slab,0.0001,False,EXHAUSTIVE,30965760,30965760,,,,,False,0,6,29
nomad-7OdXN2bFHmUg,slab,0.0001,False,SCAN,30965760,30965760,,,,,False,0,6,29
nomad-7OdXN2bFHmUg,slab,0.0001,False,BISECT,30965760,30965760,,,,,False,0,6,29
nomad-7OdXN2bFHmUg,slab,0.0001,False,SCAN-ZFP,30965760,30965760,,,,,False,0,6,29
nomad-7OdXN2bFHmUg,slab,0.0001,False,SCAN-SZ3,30965760,30965760,,,,,False,0,6,29
nomad-7OdXN2bFHmUg,slab,0.0001,False,SCAN-SPERR,30965760,30965760,,,,,False,0,6,29
nomad-7OdXN2bFHmUg,slab,0.0001,False,BISECT-ZFP,30965760,30965760,,,,,False,0,6,29
nomad-7OdXN2bFHmUg,slab,0.0001,False,BISECT-SZ3,30965760,30965760,,,,,False,0,6,29
nomad-7OdXN2bFHmUg,slab,0.0001,False,BISECT-SPERR,30965760,30965760,,,,,False,0,6,29
nomad-7OdXN2bFHmUg,slab,0.001,True,EXHAUSTIVE,30965760,2880272,ZFP,3e-06,10.750984629229462,10.750984629229462,True,29,35,29
nomad-7OdXN2bFHmUg,slab,0.001,True,SCAN,30965760,2880272,ZFP,3e-06,10.750984629229462,10.750984629229462,True,26,32,29
nomad-7OdXN2bFHmUg,slab,0.001,True,BISECT,30965760,2880272,ZFP,3e-06,10.750984629229462,10.750984629229462,True,10,16,29
nomad-7OdXN2bFHmUg,slab,0.001,True,SCAN-ZFP,30965760,2880272,ZFP,3e-06,10.750984629229462,10.750984629229462,True,8,14,29
nomad-7OdXN2bFHmUg,slab,0.001,True,SCAN-SZ3,30965760,30965760,,,,10.750984629229462,True,9,15,29
nomad-7OdXN2bFHmUg,slab,0.001,True,SCAN-SPERR,30965760,30965760,,,,10.750984629229462,True,9,15,29
nomad-7OdXN2bFHmUg,slab,0.001,True,BISECT-ZFP,30965760,2880272,ZFP,3e-06,10.750984629229462,10.750984629229462,True,4,10,29
nomad-7OdXN2bFHmUg,slab,0.001,True,BISECT-SZ3,30965760,30965760,,,,10.750984629229462,True,3,9,29
nomad-7OdXN2bFHmUg,slab,0.001,True,BISECT-SPERR,30965760,30965760,,,,10.750984629229462,True,3,9,29
nomad-7OdXN2bFHmUg,slab,0.01,True,EXHAUSTIVE,30965760,261673,SZ3,0.0003,118.33761985378698,118.33761985378698,True,29,35,29
nomad-7OdXN2bFHmUg,slab,0.01,True,SCAN,30965760,261673,SZ3,0.0003,118.33761985378698,118.33761985378698,True,8,14,29
nomad-7OdXN2bFHmUg,slab,0.01,True,BISECT,30965760,816177,SZ3,3e-05,37.94000566053687,118.33761985378698,True,9,15,29
nomad-7OdXN2bFHmUg,slab,0.01,True,SCAN-ZFP,30965760,827480,ZFP,0.001,37.42176245951564,118.33761985378698,True,3,9,29
nomad-7OdXN2bFHmUg,slab,0.01,True,SCAN-SZ3,30965760,261673,SZ3,0.0003,118.33761985378698,118.33761985378698,True,2,8,29
nomad-7OdXN2bFHmUg,slab,0.01,True,SCAN-SPERR,30965760,2997888,SPERR,0.0001,10.3291917509927,118.33761985378698,True,3,9,29
nomad-7OdXN2bFHmUg,slab,0.01,True,BISECT-ZFP,30965760,827480,ZFP,0.001,37.42176245951564,118.33761985378698,True,3,9,29
nomad-7OdXN2bFHmUg,slab,0.01,True,BISECT-SZ3,30965760,816177,SZ3,3e-05,37.94000566053687,118.33761985378698,True,3,9,29
nomad-7OdXN2bFHmUg,slab,0.01,True,BISECT-SPERR,30965760,2997888,SPERR,0.0001,10.3291917509927,118.33761985378698,True,3,9,29
nomad-8Hl4JATTj5Fp,slab,0.0001,False,EXHAUSTIVE,30965760,30965760,,,,,False,0,6,30
nomad-8Hl4JATTj5Fp,slab,0.0001,False,SCAN,30965760,30965760,,,,,False,0,6,30
nomad-8Hl4JATTj5Fp,slab,0.0001,False,BISECT,30965760,30965760,,,,,False,0,6,30
nomad-8Hl4JATTj5Fp,slab,0.0001,False,SCAN-ZFP,30965760,30965760,,,,,False,0,6,30
nomad-8Hl4JATTj5Fp,slab,0.0001,False,SCAN-SZ3,30965760,30965760,,,,,False,0,6,30
nomad-8Hl4JATTj5Fp,slab,0.0001,False,SCAN-SPERR,30965760,30965760,,,,,False,0,6,30
nomad-8Hl4JATTj5Fp,slab,0.0001,False,BISECT-ZFP,30965760,30965760,,,,,False,0,6,30
nomad-8Hl4JATTj5Fp,slab,0.0001,False,BISECT-SZ3,30965760,30965760,,,,,False,0,6,30
nomad-8Hl4JATTj5Fp,slab,0.0001,False,BISECT-SPERR,30965760,30965760,,,,,False,0,6,30
nomad-8Hl4JATTj5Fp,slab,0.001,True,EXHAUSTIVE,30965760,2736016,ZFP,1e-06,11.31782855071023,11.31782855071023,True,30,36,30
nomad-8Hl4JATTj5Fp,slab,0.001,True,SCAN,30965760,2736016,ZFP,1e-06,11.31782855071023,11.31782855071023,True,28,34,30
nomad-8Hl4JATTj5Fp,slab,0.001,True,BISECT,30965760,2736016,ZFP,1e-06,11.31782855071023,11.31782855071023,True,9,15,30
nomad-8Hl4JATTj5Fp,slab,0.001,True,SCAN-ZFP,30965760,2736016,ZFP,1e-06,11.31782855071023,11.31782855071023,True,9,15,30
nomad-8Hl4JATTj5Fp,slab,0.001,True,SCAN-SZ3,30965760,2969260,SZ3,1e-07,10.42878023480598,11.31782855071023,True,10,16,30
nomad-8Hl4JATTj5Fp,slab,0.001,True,SCAN-SPERR,30965760,30965760,,,,11.31782855071023,True,9,15,30
nomad-8Hl4JATTj5Fp,slab,0.001,True,BISECT-ZFP,30965760,2736016,ZFP,1e-06,11.31782855071023,11.31782855071023,True,3,9,30
nomad-8Hl4JATTj5Fp,slab,0.001,True,BISECT-SZ3,30965760,2969260,SZ3,1e-07,10.42878023480598,11.31782855071023,True,3,9,30
nomad-8Hl4JATTj5Fp,slab,0.001,True,BISECT-SPERR,30965760,30965760,,,,11.31782855071023,True,3,9,30
nomad-8Hl4JATTj5Fp,slab,0.01,True,EXHAUSTIVE,30965760,489192,ZFP,0.003,63.29980866408281,63.29980866408281,True,30,36,30
nomad-8Hl4JATTj5Fp,slab,0.01,True,SCAN,30965760,489192,ZFP,0.003,63.29980866408281,63.29980866408281,True,10,16,30
nomad-8Hl4JATTj5Fp,slab,0.01,True,BISECT,30965760,489192,ZFP,0.003,63.29980866408281,63.29980866408281,True,11,17,30
nomad-8Hl4JATTj5Fp,slab,0.01,True,SCAN-ZFP,30965760,489192,ZFP,0.003,63.29980866408281,63.29980866408281,True,2,8,30
nomad-8Hl4JATTj5Fp,slab,0.01,True,SCAN-SZ3,30965760,525801,SZ3,3e-05,58.8925468000251,63.29980866408281,True,5,11,30
nomad-8Hl4JATTj5Fp,slab,0.01,True,SCAN-SPERR,30965760,2970938,SPERR,0.0001,10.422890009821812,63.29980866408281,True,3,9,30
nomad-8Hl4JATTj5Fp,slab,0.01,True,BISECT-ZFP,30965760,489192,ZFP,0.003,63.29980866408281,63.29980866408281,True,4,10,30
nomad-8Hl4JATTj5Fp,slab,0.01,True,BISECT-SZ3,30965760,525801,SZ3,3e-05,58.8925468000251,63.29980866408281,True,4,10,30
nomad-8Hl4JATTj5Fp,slab,0.01,True,BISECT-SPERR,30965760,2970938,SPERR,0.0001,10.422890009821812,63.29980866408281,True,3,9,30
nomad-8ZPelCNdN_TR,slab,0.0001,False,EXHAUSTIVE,33030144,33030144,,,,,False,0,6,14
nomad-8ZPelCNdN_TR,slab,0.0001,False,SCAN,33030144,33030144,,,,,False,0,6,14
nomad-8ZPelCNdN_TR,slab,0.0001,False,BISECT,33030144,33030144,,,,,False,0,6,14
nomad-8ZPelCNdN_TR,slab,0.0001,False,SCAN-ZFP,33030144,33030144,,,,,False,0,6,14
nomad-8ZPelCNdN_TR,slab,0.0001,False,SCAN-SZ3,33030144,33030144,,,,,False,0,6,14
nomad-8ZPelCNdN_TR,slab,0.0001,False,SCAN-SPERR,33030144,33030144,,,,,False,0,6,14
nomad-8ZPelCNdN_TR,slab,0.0001,False,BISECT-ZFP,33030144,33030144,,,,,False,0,6,14
nomad-8ZPelCNdN_TR,slab,0.0001,False,BISECT-SZ3,33030144,33030144,,,,,False,0,6,14
nomad-8ZPelCNdN_TR,slab,0.0001,False,BISECT-SPERR,33030144,33030144,,,,,False,0,6,14
nomad-8ZPelCNdN_TR,slab,0.001,False,EXHAUSTIVE,33030144,33030144,,,,,False,0,6,14
nomad-8ZPelCNdN_TR,slab,0.001,False,SCAN,33030144,33030144,,,,,False,0,6,14
nomad-8ZPelCNdN_TR,slab,0.001,False,BISECT,33030144,33030144,,,,,False,0,6,14
nomad-8ZPelCNdN_TR,slab,0.001,False,SCAN-ZFP,33030144,33030144,,,,,False,0,6,14
nomad-8ZPelCNdN_TR,slab,0.001,False,SCAN-SZ3,33030144,33030144,,,,,False,0,6,14
nomad-8ZPelCNdN_TR,slab,0.001,False,SCAN-SPERR,33030144,33030144,,,,,False,0,6,14
nomad-8ZPelCNdN_TR,slab,0.001,False,BISECT-ZFP,33030144,33030144,,,,,False,0,6,14
nomad-8ZPelCNdN_TR,slab,0.001,False,BISECT-SZ3,33030144,33030144,,,,,False,0,6,14
nomad-8ZPelCNdN_TR,slab,0.001,False,BISECT-SPERR,33030144,33030144,,,,,False,0,6,14
nomad-8ZPelCNdN_TR,slab,0.01,True,EXHAUSTIVE,33030144,1832288,ZFP,1e-05,18.026720690197173,18.026720690197173,True,14,20,14
nomad-8ZPelCNdN_TR,slab,0.01,True,SCAN,33030144,1832288,ZFP,1e-05,18.026720690197173,18.026720690197173,True,14,20,14
nomad-8ZPelCNdN_TR,slab,0.01,True,BISECT,33030144,1832288,ZFP,1e-05,18.026720690197173,18.026720690197173,True,7,13,14
nomad-8ZPelCNdN_TR,slab,0.01,True,SCAN-ZFP,33030144,1832288,ZFP,1e-05,18.026720690197173,18.026720690197173,True,7,13,14
nomad-8ZPelCNdN_TR,slab,0.01,True,SCAN-SZ3,33030144,33030144,,,,18.026720690197173,True,4,10,14
nomad-8ZPelCNdN_TR,slab,0.01,True,SCAN-SPERR,33030144,4787003,SPERR,1e-05,6.899963087551857,18.026720690197173,True,3,9,14
nomad-8ZPelCNdN_TR,slab,0.01,True,BISECT-ZFP,33030144,1832288,ZFP,1e-05,18.026720690197173,18.026720690197173,True,3,9,14
nomad-8ZPelCNdN_TR,slab,0.01,True,BISECT-SZ3,33030144,33030144,,,,18.026720690197173,True,2,8,14
nomad-8ZPelCNdN_TR,slab,0.01,True,BISECT-SPERR,33030144,4787003,SPERR,1e-05,6.899963087551857,18.026720690197173,True,2,8,14
nomad-8eTSyDPSGSwy,slab,0.0001,False,EXHAUSTIVE,30965760,30965760,,,,,False,0,6,30
nomad-8eTSyDPSGSwy,slab,0.0001,False,SCAN,30965760,30965760,,,,,False,0,6,30
nomad-8eTSyDPSGSwy,slab,0.0001,False,BISECT,30965760,30965760,,,,,False,0,6,30
nomad-8eTSyDPSGSwy,slab,0.0001,False,SCAN-ZFP,30965760,30965760,,,,,False,0,6,30
nomad-8eTSyDPSGSwy,slab,0.0001,False,SCAN-SZ3,30965760,30965760,,,,,False,0,6,30
nomad-8eTSyDPSGSwy,slab,0.0001,False,SCAN-SPERR,30965760,30965760,,,,,False,0,6,30
nomad-8eTSyDPSGSwy,slab,0.0001,False,BISECT-ZFP,30965760,30965760,,,,,False,0,6,30
nomad-8eTSyDPSGSwy,slab,0.0001,False,BISECT-SZ3,30965760,30965760,,,,,False,0,6,30
nomad-8eTSyDPSGSwy,slab,0.0001,False,BISECT-SPERR,30965760,30965760,,,,,False,0,6,30
nomad-8eTSyDPSGSwy,slab,0.001,True,EXHAUSTIVE,30965760,3843696,ZFP,3e-07,8.05624586335652,8.05624586335652,True,30,36,30
nomad-8eTSyDPSGSwy,slab,0.001,True,SCAN,30965760,3843696,ZFP,3e-07,8.05624586335652,8.05624586335652,True,29,35,30
nomad-8eTSyDPSGSwy,slab,0.001,True,BISECT,30965760,3843696,ZFP,3e-07,8.05624586335652,8.05624586335652,True,10,16,30
nomad-8eTSyDPSGSwy,slab,0.001,True,SCAN-ZFP,30965760,3843696,ZFP,3e-07,8.05624586335652,8.05624586335652,True,11,17,30
nomad-8eTSyDPSGSwy,slab,0.001,True,SCAN-SZ3,30965760,30965760,,,,8.05624586335652,True,9,15,30
nomad-8eTSyDPSGSwy,slab,0.001,True,SCAN-SPERR,30965760,30965760,,,,8.05624586335652,True,9,15,30
nomad-8eTSyDPSGSwy,slab,0.001,True,BISECT-ZFP,30965760,3843696,ZFP,3e-07,8.05624586335652,8.05624586335652,True,4,10,30
nomad-8eTSyDPSGSwy,slab,0.001,True,BISECT-SZ3,30965760,30965760,,,,8.05624586335652,True,3,9,30
nomad-8eTSyDPSGSwy,slab,0.001,True,BISECT-SPERR,30965760,30965760,,,,8.05624586335652,True,3,9,30
nomad-8eTSyDPSGSwy,slab,0.01,True,EXHAUSTIVE,30965760,465316,SZ3,0.0001,66.54780837108545,66.54780837108545,True,30,36,30
nomad-8eTSyDPSGSwy,slab,0.01,True,SCAN,30965760,465316,SZ3,0.0001,66.54780837108545,66.54780837108545,True,11,17,30
nomad-8eTSyDPSGSwy,slab,0.01,True,BISECT,30965760,465316,SZ3,0.0001,66.54780837108545,66.54780837108545,True,10,16,30
nomad-8eTSyDPSGSwy,slab,0.01,True,SCAN-ZFP,30965760,836936,ZFP,0.001,36.99895810432339,66.54780837108545,True,4,10,30
nomad-8eTSyDPSGSwy,slab,0.01,True,SCAN-SZ3,30965760,465316,SZ3,0.0001,66.54780837108545,66.54780837108545,True,3,9,30
nomad-8eTSyDPSGSwy,slab,0.01,True,SCAN-SPERR,30965760,3824080,SPERR,3e-05,8.097571180519235,66.54780837108545,True,4,10,30
nomad-8eTSyDPSGSwy,slab,0.01,True,BISECT-ZFP,30965760,836936,ZFP,0.001,36.99895810432339,66.54780837108545,True,4,10,30
nomad-8eTSyDPSGSwy,slab,0.01,True,BISECT-SZ3,30965760,465316,SZ3,0.0001,66.54780837108545,66.54780837108545,True,3,9,30
nomad-8eTSyDPSGSwy,slab,0.01,True,BISECT-SPERR,30965760,3824080,SPERR,3e-05,8.097571180519235,66.54780837108545,True,3,9,30
nomad-8tU1rEspJ26T,slab,0.0001,False,EXHAUSTIVE,55296000,55296000,,,,,False,0,6,5
nomad-8tU1rEspJ26T,slab,0.0001,False,SCAN,55296000,55296000,,,,,False,0,6,5
nomad-8tU1rEspJ26T,slab,0.0001,False,BISECT,55296000,55296000,,,,,False,0,6,5
nomad-8tU1rEspJ26T,slab,0.0001,False,SCAN-ZFP,55296000,55296000,,,,,False,0,6,5
nomad-8tU1rEspJ26T,slab,0.0001,False,SCAN-SZ3,55296000,55296000,,,,,False,0,6,5
nomad-8tU1rEspJ26T,slab,0.0001,False,SCAN-SPERR,55296000,55296000,,,,,False,0,6,5
nomad-8tU1rEspJ26T,slab,0.0001,False,BISECT-ZFP,55296000,55296000,,,,,False,0,6,5
nomad-8tU1rEspJ26T,slab,0.0001,False,BISECT-SZ3,55296000,55296000,,,,,False,0,6,5
nomad-8tU1rEspJ26T,slab,0.0001,False,BISECT-SPERR,55296000,55296000,,,,,False,0,6,5
nomad-8tU1rEspJ26T,slab,0.001,False,EXHAUSTIVE,55296000,55296000,,,,,False,0,6,5
nomad-8tU1rEspJ26T,slab,0.001,False,SCAN,55296000,55296000,,,,,False,0,6,5
nomad-8tU1rEspJ26T,slab,0.001,False,BISECT,55296000,55296000,,,,,False,0,6,5
nomad-8tU1rEspJ26T,slab,0.001,False,SCAN-ZFP,55296000,55296000,,,,,False,0,6,5
nomad-8tU1rEspJ26T,slab,0.001,False,SCAN-SZ3,55296000,55296000,,,,,False,0,6,5
nomad-8tU1rEspJ26T,slab,0.001,False,SCAN-SPERR,55296000,55296000,,,,,False,0,6,5
nomad-8tU1rEspJ26T,slab,0.001,False,BISECT-ZFP,55296000,55296000,,,,,False,0,6,5
nomad-8tU1rEspJ26T,slab,0.001,False,BISECT-SZ3,55296000,55296000,,,,,False,0,6,5
nomad-8tU1rEspJ26T,slab,0.001,False,BISECT-SPERR,55296000,55296000,,,,,False,0,6,5
nomad-8tU1rEspJ26T,slab,0.01,False,EXHAUSTIVE,55296000,55296000,,,,,False,0,6,5
nomad-8tU1rEspJ26T,slab,0.01,False,SCAN,55296000,55296000,,,,,False,0,6,5
nomad-8tU1rEspJ26T,slab,0.01,False,BISECT,55296000,55296000,,,,,False,0,6,5
nomad-8tU1rEspJ26T,slab,0.01,False,SCAN-ZFP,55296000,55296000,,,,,False,0,6,5
nomad-8tU1rEspJ26T,slab,0.01,False,SCAN-SZ3,55296000,55296000,,,,,False,0,6,5
nomad-8tU1rEspJ26T,slab,0.01,False,SCAN-SPERR,55296000,55296000,,,,,False,0,6,5
nomad-8tU1rEspJ26T,slab,0.01,False,BISECT-ZFP,55296000,55296000,,,,,False,0,6,5
nomad-8tU1rEspJ26T,slab,0.01,False,BISECT-SZ3,55296000,55296000,,,,,False,0,6,5
nomad-8tU1rEspJ26T,slab,0.01,False,BISECT-SPERR,55296000,55296000,,,,,False,0,6,5
nomad-9jQMkfdCbgX_,slab,0.0001,False,EXHAUSTIVE,30965760,30965760,,,,,False,0,6,17
nomad-9jQMkfdCbgX_,slab,0.0001,False,SCAN,30965760,30965760,,,,,False,0,6,17
nomad-9jQMkfdCbgX_,slab,0.0001,False,BISECT,30965760,30965760,,,,,False,0,6,17
nomad-9jQMkfdCbgX_,slab,0.0001,False,SCAN-ZFP,30965760,30965760,,,,,False,0,6,17
nomad-9jQMkfdCbgX_,slab,0.0001,False,SCAN-SZ3,30965760,30965760,,,,,False,0,6,17
nomad-9jQMkfdCbgX_,slab,0.0001,False,SCAN-SPERR,30965760,30965760,,,,,False,0,6,17
nomad-9jQMkfdCbgX_,slab,0.0001,False,BISECT-ZFP,30965760,30965760,,,,,False,0,6,17
nomad-9jQMkfdCbgX_,slab,0.0001,False,BISECT-SZ3,30965760,30965760,,,,,False,0,6,17
nomad-9jQMkfdCbgX_,slab,0.0001,False,BISECT-SPERR,30965760,30965760,,,,,False,0,6,17
nomad-9jQMkfdCbgX_,slab,0.001,False,EXHAUSTIVE,30965760,30965760,,,,,False,0,6,17
nomad-9jQMkfdCbgX_,slab,0.001,False,SCAN,30965760,30965760,,,,,False,0,6,17
nomad-9jQMkfdCbgX_,slab,0.001,False,BISECT,30965760,30965760,,,,,False,0,6,17
nomad-9jQMkfdCbgX_,slab,0.001,False,SCAN-ZFP,30965760,30965760,,,,,False,0,6,17
nomad-9jQMkfdCbgX_,slab,0.001,False,SCAN-SZ3,30965760,30965760,,,,,False,0,6,17
nomad-9jQMkfdCbgX_,slab,0.001,False,SCAN-SPERR,30965760,30965760,,,,,False,0,6,17
nomad-9jQMkfdCbgX_,slab,0.001,False,BISECT-ZFP,30965760,30965760,,,,,False,0,6,17
nomad-9jQMkfdCbgX_,slab,0.001,False,BISECT-SZ3,30965760,30965760,,,,,False,0,6,17
nomad-9jQMkfdCbgX_,slab,0.001,False,BISECT-SPERR,30965760,30965760,,,,,False,0,6,17
nomad-9jQMkfdCbgX_,slab,0.01,False,EXHAUSTIVE,30965760,30965760,,,,,False,0,6,17
nomad-9jQMkfdCbgX_,slab,0.01,False,SCAN,30965760,30965760,,,,,False,0,6,17
nomad-9jQMkfdCbgX_,slab,0.01,False,BISECT,30965760,30965760,,,,,False,0,6,17
nomad-9jQMkfdCbgX_,slab,0.01,False,SCAN-ZFP,30965760,30965760,,,,,False,0,6,17
nomad-9jQMkfdCbgX_,slab,0.01,False,SCAN-SZ3,30965760,30965760,,,,,False,0,6,17
nomad-9jQMkfdCbgX_,slab,0.01,False,SCAN-SPERR,30965760,30965760,,,,,False,0,6,17
nomad-9jQMkfdCbgX_,slab,0.01,False,BISECT-ZFP,30965760,30965760,,,,,False,0,6,17
nomad-9jQMkfdCbgX_,slab,0.01,False,BISECT-SZ3,30965760,30965760,,,,,False,0,6,17
nomad-9jQMkfdCbgX_,slab,0.01,False,BISECT-SPERR,30965760,30965760,,,,,False,0,6,17
nomad-9xtsrVZD5SSK,slab,0.0001,False,EXHAUSTIVE,11796480,11796480,,,,,False,0,6,29
nomad-9xtsrVZD5SSK,slab,0.0001,False,SCAN,11796480,11796480,,,,,False,0,6,29
nomad-9xtsrVZD5SSK,slab,0.0001,False,BISECT,11796480,11796480,,,,,False,0,6,29
nomad-9xtsrVZD5SSK,slab,0.0001,False,SCAN-ZFP,11796480,11796480,,,,,False,0,6,29
nomad-9xtsrVZD5SSK,slab,0.0001,False,SCAN-SZ3,11796480,11796480,,,,,False,0,6,29
nomad-9xtsrVZD5SSK,slab,0.0001,False,SCAN-SPERR,11796480,11796480,,,,,False,0,6,29
nomad-9xtsrVZD5SSK,slab,0.0001,False,BISECT-ZFP,11796480,11796480,,,,,False,0,6,29
nomad-9xtsrVZD5SSK,slab,0.0001,False,BISECT-SZ3,11796480,11796480,,,,,False,0,6,29
nomad-9xtsrVZD5SSK,slab,0.0001,False,BISECT-SPERR,11796480,11796480,,,,,False,0,6,29
nomad-9xtsrVZD5SSK,slab,0.001,True,EXHAUSTIVE,11796480,1059536,ZFP,3e-06,11.133628305220398,11.133628305220398,True,29,35,29
nomad-9xtsrVZD5SSK,slab,0.001,True,SCAN,11796480,1059536,ZFP,3e-06,11.133628305220398,11.133628305220398,True,24,30,29
nomad-9xtsrVZD5SSK,slab,0.001,True,BISECT,11796480,1059536,ZFP,3e-06,11.133628305220398,11.133628305220398,True,10,16,29
nomad-9xtsrVZD5SSK,slab,0.001,True,SCAN-ZFP,11796480,1059536,ZFP,3e-06,11.133628305220398,11.133628305220398,True,9,15,29
nomad-9xtsrVZD5SSK,slab,0.001,True,SCAN-SZ3,11796480,1470203,SZ3,1e-07,8.023708290623812,11.133628305220398,True,9,15,29
nomad-9xtsrVZD5SSK,slab,0.001,True,SCAN-SPERR,11796480,2358711,SPERR,1e-06,5.00124008409678,11.133628305220398,True,6,12,29
nomad-9xtsrVZD5SSK,slab,0.001,True,BISECT-ZFP,11796480,1059536,ZFP,3e-06,11.133628305220398,11.133628305220398,True,4,10,29
nomad-9xtsrVZD5SSK,slab,0.001,True,BISECT-SZ3,11796480,1470203,SZ3,1e-07,8.023708290623812,11.133628305220398,True,3,9,29
nomad-9xtsrVZD5SSK,slab,0.001,True,BISECT-SPERR,11796480,2358711,SPERR,1e-06,5.00124008409678,11.133628305220398,True,3,9,29
nomad-9xtsrVZD5SSK,slab,0.01,True,EXHAUSTIVE,11796480,304509,SZ3,3e-05,38.73934760548949,38.73934760548949,True,29,35,29
nomad-9xtsrVZD5SSK,slab,0.01,True,SCAN,11796480,304509,SZ3,3e-05,38.73934760548949,38.73934760548949,True,13,19,29
nomad-9xtsrVZD5SSK,slab,0.01,True,BISECT,11796480,304509,SZ3,3e-05,38.73934760548949,38.73934760548949,True,10,16,29
nomad-9xtsrVZD5SSK,slab,0.01,True,SCAN-ZFP,11796480,480896,ZFP,0.0003,24.53021027415491,38.73934760548949,True,5,11,29
nomad-9xtsrVZD5SSK,slab,0.01,True,SCAN-SZ3,11796480,304509,SZ3,3e-05,38.73934760548949,38.73934760548949,True,4,10,29
nomad-9xtsrVZD5SSK,slab,0.01,True,SCAN-SPERR,11796480,1746747,SPERR,1e-05,6.753399318848122,38.73934760548949,True,4,10,29
nomad-9xtsrVZD5SSK,slab,0.01,True,BISECT-ZFP,11796480,480896,ZFP,0.0003,24.53021027415491,38.73934760548949,True,4,10,29
nomad-9xtsrVZD5SSK,slab,0.01,True,BISECT-SZ3,11796480,304509,SZ3,3e-05,38.73934760548949,38.73934760548949,True,3,9,29
nomad-9xtsrVZD5SSK,slab,0.01,True,BISECT-SPERR,11796480,1746747,SPERR,1e-05,6.753399318848122,38.73934760548949,True,3,9,29
nomad-A5zDMCxBBUYc,slab,0.0001,False,EXHAUSTIVE,33030144,33030144,,,,,False,0,6,15
nomad-A5zDMCxBBUYc,slab,0.0001,False,SCAN,33030144,33030144,,,,,False,0,6,15
nomad-A5zDMCxBBUYc,slab,0.0001,False,BISECT,33030144,33030144,,,,,False,0,6,15
nomad-A5zDMCxBBUYc,slab,0.0001,False,SCAN-ZFP,33030144,33030144,,,,,False,0,6,15
nomad-A5zDMCxBBUYc,slab,0.0001,False,SCAN-SZ3,33030144,33030144,,,,,False,0,6,15
nomad-A5zDMCxBBUYc,slab,0.0001,False,SCAN-SPERR,33030144,33030144,,,,,False,0,6,15
nomad-A5zDMCxBBUYc,slab,0.0001,False,BISECT-ZFP,33030144,33030144,,,,,False,0,6,15
nomad-A5zDMCxBBUYc,slab,0.0001,False,BISECT-SZ3,33030144,33030144,,,,,False,0,6,15
nomad-A5zDMCxBBUYc,slab,0.0001,False,BISECT-SPERR,33030144,33030144,,,,,False,0,6,15
nomad-A5zDMCxBBUYc,slab,0.001,False,EXHAUSTIVE,33030144,33030144,,,,,False,0,6,15
nomad-A5zDMCxBBUYc,slab,0.001,False,SCAN,33030144,33030144,,,,,False,0,6,15
nomad-A5zDMCxBBUYc,slab,0.001,False,BISECT,33030144,33030144,,,,,False,0,6,15
nomad-A5zDMCxBBUYc,slab,0.001,False,SCAN-ZFP,33030144,33030144,,,,,False,0,6,15
nomad-A5zDMCxBBUYc,slab,0.001,False,SCAN-SZ3,33030144,33030144,,,,,False,0,6,15
nomad-A5zDMCxBBUYc,slab,0.001,False,SCAN-SPERR,33030144,33030144,,,,,False,0,6,15
nomad-A5zDMCxBBUYc,slab,0.001,False,BISECT-ZFP,33030144,33030144,,,,,False,0,6,15
nomad-A5zDMCxBBUYc,slab,0.001,False,BISECT-SZ3,33030144,33030144,,,,,False,0,6,15
nomad-A5zDMCxBBUYc,slab,0.001,False,BISECT-SPERR,33030144,33030144,,,,,False,0,6,15
nomad-A5zDMCxBBUYc,slab,0.01,True,EXHAUSTIVE,33030144,727571,SZ3,1e-05,45.39782921529308,45.39782921529308,True,15,21,15
nomad-A5zDMCxBBUYc,slab,0.01,True,SCAN,33030144,727571,SZ3,1e-05,45.39782921529308,45.39782921529308,True,13,19,15
nomad-A5zDMCxBBUYc,slab,0.01,True,BISECT,33030144,727571,SZ3,1e-05,45.39782921529308,45.39782921529308,True,8,14,15
nomad-A5zDMCxBBUYc,slab,0.01,True,SCAN-ZFP,33030144,1064968,ZFP,0.0001,31.01515162896913,45.39782921529308,True,5,11,15
nomad-A5zDMCxBBUYc,slab,0.01,True,SCAN-SZ3,33030144,727571,SZ3,1e-05,45.39782921529308,45.39782921529308,True,5,11,15
nomad-A5zDMCxBBUYc,slab,0.01,True,SCAN-SPERR,33030144,33030144,,,,45.39782921529308,True,3,9,15
nomad-A5zDMCxBBUYc,slab,0.01,True,BISECT-ZFP,33030144,1064968,ZFP,0.0001,31.01515162896913,45.39782921529308,True,3,9,15
nomad-A5zDMCxBBUYc,slab,0.01,True,BISECT-SZ3,33030144,727571,SZ3,1e-05,45.39782921529308,45.39782921529308,True,3,9,15
nomad-A5zDMCxBBUYc,slab,0.01,True,BISECT-SPERR,33030144,33030144,,,,45.39782921529308,True,2,8,15
nomad-AUrOZMeLzRg5,slab,0.0001,False,EXHAUSTIVE,38400000,38400000,,,,,False,0,6,26
nomad-AUrOZMeLzRg5,slab,0.0001,False,SCAN,38400000,38400000,,,,,False,0,6,26
nomad-AUrOZMeLzRg5,slab,0.0001,False,BISECT,38400000,38400000,,,,,False,0,6,26
nomad-AUrOZMeLzRg5,slab,0.0001,False,SCAN-ZFP,38400000,38400000,,,,,False,0,6,26
nomad-AUrOZMeLzRg5,slab,0.0001,False,SCAN-SZ3,38400000,38400000,,,,,False,0,6,26
nomad-AUrOZMeLzRg5,slab,0.0001,False,SCAN-SPERR,38400000,38400000,,,,,False,0,6,26
nomad-AUrOZMeLzRg5,slab,0.0001,False,BISECT-ZFP,38400000,38400000,,,,,False,0,6,26
nomad-AUrOZMeLzRg5,slab,0.0001,False,BISECT-SZ3,38400000,38400000,,,,,False,0,6,26
nomad-AUrOZMeLzRg5,slab,0.0001,False,BISECT-SPERR,38400000,38400000,,,,,False,0,6,26
nomad-AUrOZMeLzRg5,slab,0.001,True,EXHAUSTIVE,38400000,3003664,ZFP,1e-06,12.784386003228056,12.784386003228056,True,26,32,26
nomad-AUrOZMeLzRg5,slab,0.001,True,SCAN,38400000,3003664,ZFP,1e-06,12.784386003228056,12.784386003228056,True,24,30,26
nomad-AUrOZMeLzRg5,slab,0.001,True,BISECT,38400000,3003664,ZFP,1e-06,12.784386003228056,12.784386003228056,True,10,16,26
nomad-AUrOZMeLzRg5,slab,0.001,True,SCAN-ZFP,38400000,3003664,ZFP,1e-06,12.784386003228056,12.784386003228056,True,8,14,26
nomad-AUrOZMeLzRg5,slab,0.001,True,SCAN-SZ3,38400000,5299104,SZ3,1e-07,7.246508088914654,12.784386003228056,True,9,15,26
nomad-AUrOZMeLzRg5,slab,0.001,True,SCAN-SPERR,38400000,9361114,SPERR,1e-07,4.102075885412783,12.784386003228056,True,7,13,26
nomad-AUrOZMeLzRg5,slab,0.001,True,BISECT-ZFP,38400000,3003664,ZFP,1e-06,12.784386003228056,12.784386003228056,True,4,10,26
nomad-AUrOZMeLzRg5,slab,0.001,True,BISECT-SZ3,38400000,5299104,SZ3,1e-07,7.246508088914654,12.784386003228056,True,3,9,26
nomad-AUrOZMeLzRg5,slab,0.001,True,BISECT-SPERR,38400000,9361114,SPERR,1e-07,4.102075885412783,12.784386003228056,True,3,9,26
nomad-AUrOZMeLzRg5,slab,0.01,True,EXHAUSTIVE,38400000,856134,SZ3,1e-05,44.852791735873126,44.852791735873126,True,26,32,26
nomad-AUrOZMeLzRg5,slab,0.01,True,SCAN,38400000,856134,SZ3,1e-05,44.852791735873126,44.852791735873126,True,11,17,26
nomad-AUrOZMeLzRg5,slab,0.01,True,BISECT,38400000,856134,SZ3,1e-05,44.852791735873126,44.852791735873126,True,9,15,26
nomad-AUrOZMeLzRg5,slab,0.01,True,SCAN-ZFP,38400000,1028568,ZFP,0.0003,37.3334577781926,44.852791735873126,True,3,9,26
nomad-AUrOZMeLzRg5,slab,0.01,True,SCAN-SZ3,38400000,856134,SZ3,1e-05,44.852791735873126,44.852791735873126,True,5,11,26
nomad-AUrOZMeLzRg5,slab,0.01,True,SCAN-SPERR,38400000,5386077,SPERR,1e-05,7.129493321391432,44.852791735873126,True,3,9,26
nomad-AUrOZMeLzRg5,slab,0.01,True,BISECT-ZFP,38400000,1028568,ZFP,0.0003,37.3334577781926,44.852791735873126,True,3,9,26
nomad-AUrOZMeLzRg5,slab,0.01,True,BISECT-SZ3,38400000,856134,SZ3,1e-05,44.852791735873126,44.852791735873126,True,3,9,26
nomad-AUrOZMeLzRg5,slab,0.01,True,BISECT-SPERR,38400000,5386077,SPERR,1e-05,7.129493321391432,44.852791735873126,True,3,9,26
nomad-BMoyqNd6y06X,slab,0.0001,False,EXHAUSTIVE,30965760,30965760,,,,,False,0,6,18
nomad-BMoyqNd6y06X,slab,0.0001,False,SCAN,30965760,30965760,,,,,False,0,6,18
nomad-BMoyqNd6y06X,slab,0.0001,False,BISECT,30965760,30965760,,,,,False,0,6,18
nomad-BMoyqNd6y06X,slab,0.0001,False,SCAN-ZFP,30965760,30965760,,,,,False,0,6,18
nomad-BMoyqNd6y06X,slab,0.0001,False,SCAN-SZ3,30965760,30965760,,,,,False,0,6,18
nomad-BMoyqNd6y06X,slab,0.0001,False,SCAN-SPERR,30965760,30965760,,,,,False,0,6,18
nomad-BMoyqNd6y06X,slab,0.0001,False,BISECT-ZFP,30965760,30965760,,,,,False,0,6,18
nomad-BMoyqNd6y06X,slab,0.0001,False,BISECT-SZ3,30965760,30965760,,,,,False,0,6,18
nomad-BMoyqNd6y06X,slab,0.0001,False,BISECT-SPERR,30965760,30965760,,,,,False,0,6,18
nomad-BMoyqNd6y06X,slab,0.001,False,EXHAUSTIVE,30965760,30965760,,,,,False,0,6,18
nomad-BMoyqNd6y06X,slab,0.001,False,SCAN,30965760,30965760,,,,,False,0,6,18
nomad-BMoyqNd6y06X,slab,0.001,False,BISECT,30965760,30965760,,,,,False,0,6,18
nomad-BMoyqNd6y06X,slab,0.001,False,SCAN-ZFP,30965760,30965760,,,,,False,0,6,18
nomad-BMoyqNd6y06X,slab,0.001,False,SCAN-SZ3,30965760,30965760,,,,,False,0,6,18
nomad-BMoyqNd6y06X,slab,0.001,False,SCAN-SPERR,30965760,30965760,,,,,False,0,6,18
nomad-BMoyqNd6y06X,slab,0.001,False,BISECT-ZFP,30965760,30965760,,,,,False,0,6,18
nomad-BMoyqNd6y06X,slab,0.001,False,BISECT-SZ3,30965760,30965760,,,,,False,0,6,18
nomad-BMoyqNd6y06X,slab,0.001,False,BISECT-SPERR,30965760,30965760,,,,,False,0,6,18
nomad-BMoyqNd6y06X,slab,0.01,True,EXHAUSTIVE,30965760,456823,SZ3,0.0001,67.78502833701455,67.78502833701455,True,18,24,18
nomad-BMoyqNd6y06X,slab,0.01,True,SCAN,30965760,456823,SZ3,0.0001,67.78502833701455,67.78502833701455,True,9,15,18
nomad-BMoyqNd6y06X,slab,0.01,True,BISECT,30965760,456823,SZ3,0.0001,67.78502833701455,67.78502833701455,True,8,14,18
nomad-BMoyqNd6y06X,slab,0.01,True,SCAN-ZFP,30965760,685832,ZFP,0.003,45.15064913856455,67.78502833701455,True,2,8,18
nomad-BMoyqNd6y06X,slab,0.01,True,SCAN-SZ3,30965760,456823,SZ3,0.0001,67.78502833701455,67.78502833701455,True,4,10,18
nomad-BMoyqNd6y06X,slab,0.01,True,SCAN-SPERR,30965760,2944749,SPERR,0.0001,10.515585538869358,67.78502833701455,True,3,9,18
nomad-BMoyqNd6y06X,slab,0.01,True,BISECT-ZFP,30965760,685832,ZFP,0.003,45.15064913856455,67.78502833701455,True,3,9,18
nomad-BMoyqNd6y06X,slab,0.01,True,BISECT-SZ3,30965760,456823,SZ3,0.0001,67.78502833701455,67.78502833701455,True,3,9,18
nomad-BMoyqNd6y06X,slab,0.01,True,BISECT-SPERR,30965760,2944749,SPERR,0.0001,10.515585538869358,67.78502833701455,True,2,8,18
nomad-BbyKgzzvPkrI,slab,0.0001,False,EXHAUSTIVE,30965760,30965760,,,,,False,0,6,19
nomad-BbyKgzzvPkrI,slab,0.0001,False,SCAN,30965760,30965760,,,,,False,0,6,19
nomad-BbyKgzzvPkrI,slab,0.0001,False,BISECT,30965760,30965760,,,,,False,0,6,19
nomad-BbyKgzzvPkrI,slab,0.0001,False,SCAN-ZFP,30965760,30965760,,,,,False,0,6,19
nomad-BbyKgzzvPkrI,slab,0.0001,False,SCAN-SZ3,30965760,30965760,,,,,False,0,6,19
nomad-BbyKgzzvPkrI,slab,0.0001,False,SCAN-SPERR,30965760,30965760,,,,,False,0,6,19
nomad-BbyKgzzvPkrI,slab,0.0001,False,BISECT-ZFP,30965760,30965760,,,,,False,0,6,19
nomad-BbyKgzzvPkrI,slab,0.0001,False,BISECT-SZ3,30965760,30965760,,,,,False,0,6,19
nomad-BbyKgzzvPkrI,slab,0.0001,False,BISECT-SPERR,30965760,30965760,,,,,False,0,6,19
nomad-BbyKgzzvPkrI,slab,0.001,False,EXHAUSTIVE,30965760,30965760,,,,,False,0,6,19
nomad-BbyKgzzvPkrI,slab,0.001,False,SCAN,30965760,30965760,,,,,False,0,6,19
nomad-BbyKgzzvPkrI,slab,0.001,False,BISECT,30965760,30965760,,,,,False,0,6,19
nomad-BbyKgzzvPkrI,slab,0.001,False,SCAN-ZFP,30965760,30965760,,,,,False,0,6,19
nomad-BbyKgzzvPkrI,slab,0.001,False,SCAN-SZ3,30965760,30965760,,,,,False,0,6,19
nomad-BbyKgzzvPkrI,slab,0.001,False,SCAN-SPERR,30965760,30965760,,,,,False,0,6,19
nomad-BbyKgzzvPkrI,slab,0.001,False,BISECT-ZFP,30965760,30965760,,,,,False,0,6,19
nomad-BbyKgzzvPkrI,slab,0.001,False,BISECT-SZ3,30965760,30965760,,,,,False,0,6,19
nomad-BbyKgzzvPkrI,slab,0.001,False,BISECT-SPERR,30965760,30965760,,,,,False,0,6,19
nomad-BbyKgzzvPkrI,slab,0.01,True,EXHAUSTIVE,30965760,407331,SZ3,0.0001,76.02112287058928,76.02112287058928,True,19,25,19
nomad-BbyKgzzvPkrI,slab,0.01,True,SCAN,30965760,407331,SZ3,0.0001,76.02112287058928,76.02112287058928,True,10,16,19
nomad-BbyKgzzvPkrI,slab,0.01,True,BISECT,30965760,407331,SZ3,0.0001,76.02112287058928,76.02112287058928,True,8,14,19
nomad-BbyKgzzvPkrI,slab,0.01,True,SCAN-ZFP,30965760,604032,ZFP,0.003,51.26509853782581,76.02112287058928,True,3,9,19
nomad-BbyKgzzvPkrI,slab,0.01,True,SCAN-SZ3,30965760,407331,SZ3,0.0001,76.02112287058928,76.02112287058928,True,4,10,19
nomad-BbyKgzzvPkrI,slab,0.01,True,SCAN-SPERR,30965760,2898894,SPERR,0.0001,10.681922139960964,76.02112287058928,True,3,9,19
nomad-BbyKgzzvPkrI,slab,0.01,True,BISECT-ZFP,30965760,604032,ZFP,0.003,51.26509853782581,76.02112287058928,True,3,9,19
nomad-BbyKgzzvPkrI,slab,0.01,True,BISECT-SZ3,30965760,407331,SZ3,0.0001,76.02112287058928,76.02112287058928,True,3,9,19
nomad-BbyKgzzvPkrI,slab,0.01,True,BISECT-SPERR,30965760,2898894,SPERR,0.0001,10.681922139960964,76.02112287058928,True,2,8,19
nomad-BiuRBghVF7ns,slab,0.0001,False,EXHAUSTIVE,41803776,41803776,,,,,False,0,6,21
nomad-BiuRBghVF7ns,slab,0.0001,False,SCAN,41803776,41803776,,,,,False,0,6,21
nomad-BiuRBghVF7ns,slab,0.0001,False,BISECT,41803776,41803776,,,,,False,0,6,21
nomad-BiuRBghVF7ns,slab,0.0001,False,SCAN-ZFP,41803776,41803776,,,,,False,0,6,21
nomad-BiuRBghVF7ns,slab,0.0001,False,SCAN-SZ3,41803776,41803776,,,,,False,0,6,21
nomad-BiuRBghVF7ns,slab,0.0001,False,SCAN-SPERR,41803776,41803776,,,,,False,0,6,21
nomad-BiuRBghVF7ns,slab,0.0001,False,BISECT-ZFP,41803776,41803776,,,,,False,0,6,21
nomad-BiuRBghVF7ns,slab,0.0001,False,BISECT-SZ3,41803776,41803776,,,,,False,0,6,21
nomad-BiuRBghVF7ns,slab,0.0001,False,BISECT-SPERR,41803776,41803776,,,,,False,0,6,21
nomad-BiuRBghVF7ns,slab,0.001,False,EXHAUSTIVE,41803776,41803776,,,,,False,0,6,21
nomad-BiuRBghVF7ns,slab,0.001,False,SCAN,41803776,41803776,,,,,False,0,6,21
nomad-BiuRBghVF7ns,slab,0.001,False,BISECT,41803776,41803776,,,,,False,0,6,21
nomad-BiuRBghVF7ns,slab,0.001,False,SCAN-ZFP,41803776,41803776,,,,,False,0,6,21
nomad-BiuRBghVF7ns,slab,0.001,False,SCAN-SZ3,41803776,41803776,,,,,False,0,6,21
nomad-BiuRBghVF7ns,slab,0.001,False,SCAN-SPERR,41803776,41803776,,,,,False,0,6,21
nomad-BiuRBghVF7ns,slab,0.001,False,BISECT-ZFP,41803776,41803776,,,,,False,0,6,21
nomad-BiuRBghVF7ns,slab,0.001,False,BISECT-SZ3,41803776,41803776,,,,,False,0,6,21
nomad-BiuRBghVF7ns,slab,0.001,False,BISECT-SPERR,41803776,41803776,,,,,False,0,6,21
nomad-BiuRBghVF7ns,slab,0.01,False,EXHAUSTIVE,41803776,41803776,,,,,False,0,6,21
nomad-BiuRBghVF7ns,slab,0.01,False,SCAN,41803776,41803776,,,,,False,0,6,21
nomad-BiuRBghVF7ns,slab,0.01,False,BISECT,41803776,41803776,,,,,False,0,6,21
nomad-BiuRBghVF7ns,slab,0.01,False,SCAN-ZFP,41803776,41803776,,,,,False,0,6,21
nomad-BiuRBghVF7ns,slab,0.01,False,SCAN-SZ3,41803776,41803776,,,,,False,0,6,21
nomad-BiuRBghVF7ns,slab,0.01,False,SCAN-SPERR,41803776,41803776,,,,,False,0,6,21
nomad-BiuRBghVF7ns,slab,0.01,False,BISECT-ZFP,41803776,41803776,,,,,False,0,6,21
nomad-BiuRBghVF7ns,slab,0.01,False,BISECT-SZ3,41803776,41803776,,,,,False,0,6,21
nomad-BiuRBghVF7ns,slab,0.01,False,BISECT-SPERR,41803776,41803776,,,,,False,0,6,21
nomad-CHORxT-fP4dV,slab,0.0001,False,EXHAUSTIVE,11796480,11796480,,,,,False,0,6,30
nomad-CHORxT-fP4dV,slab,0.0001,False,SCAN,11796480,11796480,,,,,False,0,6,30
nomad-CHORxT-fP4dV,slab,0.0001,False,BISECT,11796480,11796480,,,,,False,0,6,30
nomad-CHORxT-fP4dV,slab,0.0001,False,SCAN-ZFP,11796480,11796480,,,,,False,0,6,30
nomad-CHORxT-fP4dV,slab,0.0001,False,SCAN-SZ3,11796480,11796480,,,,,False,0,6,30
nomad-CHORxT-fP4dV,slab,0.0001,False,SCAN-SPERR,11796480,11796480,,,,,False,0,6,30
nomad-CHORxT-fP4dV,slab,0.0001,False,BISECT-ZFP,11796480,11796480,,,,,False,0,6,30
nomad-CHORxT-fP4dV,slab,0.0001,False,BISECT-SZ3,11796480,11796480,,,,,False,0,6,30
nomad-CHORxT-fP4dV,slab,0.0001,False,BISECT-SPERR,11796480,11796480,,,,,False,0,6,30
nomad-CHORxT-fP4dV,slab,0.001,True,EXHAUSTIVE,11796480,814520,ZFP,1e-05,14.482738299857584,14.482738299857584,True,30,36,30
nomad-CHORxT-fP4dV,slab,0.001,True,SCAN,11796480,814520,ZFP,1e-05,14.482738299857584,14.482738299857584,True,22,28,30
nomad-CHORxT-fP4dV,slab,0.001,True,BISECT,11796480,814520,ZFP,1e-05,14.482738299857584,14.482738299857584,True,12,18,30
nomad-CHORxT-fP4dV,slab,0.001,True,SCAN-ZFP,11796480,814520,ZFP,1e-05,14.482738299857584,14.482738299857584,True,8,14,30
nomad-CHORxT-fP4dV,slab,0.001,True,SCAN-SZ3,11796480,890196,SZ3,1e-06,13.25155359044525,14.482738299857584,True,7,13,30
nomad-CHORxT-fP4dV,slab,0.001,True,SCAN-SPERR,11796480,2342601,SPERR,1e-06,5.0356334689518185,14.482738299857584,True,7,13,30
nomad-CHORxT-fP4dV,slab,0.001,True,BISECT-ZFP,11796480,814520,ZFP,1e-05,14.482738299857584,14.482738299857584,True,4,10,30
nomad-CHORxT-fP4dV,slab,0.001,True,BISECT-SZ3,11796480,890196,SZ3,1e-06,13.25155359044525,14.482738299857584,True,4,10,30
nomad-CHORxT-fP4dV,slab,0.001,True,BISECT-SPERR,11796480,2342601,SPERR,1e-06,5.0356334689518185,14.482738299857584,True,4,10,30
nomad-CHORxT-fP4dV,slab,0.01,True,EXHAUSTIVE,11796480,291015,SZ3,3e-05,40.535642492655015,40.535642492655015,True,30,36,30
nomad-CHORxT-fP4dV,slab,0.01,True,SCAN,11796480,291015,SZ3,3e-05,40.535642492655015,40.535642492655015,True,13,19,30
nomad-CHORxT-fP4dV,slab,0.01,True,BISECT,11796480,291015,SZ3,3e-05,40.535642492655015,40.535642492655015,True,10,16,30
nomad-CHORxT-fP4dV,slab,0.01,True,SCAN-ZFP,11796480,329560,ZFP,0.001,35.794635271270785,40.535642492655015,True,4,10,30
nomad-CHORxT-fP4dV,slab,0.01,True,SCAN-SZ3,11796480,291015,SZ3,3e-05,40.535642492655015,40.535642492655015,True,4,10,30
nomad-CHORxT-fP4dV,slab,0.01,True,SCAN-SPERR,11796480,1731659,SPERR,1e-05,6.812241902129692,40.535642492655015,True,5,11,30
nomad-CHORxT-fP4dV,slab,0.01,True,BISECT-ZFP,11796480,329560,ZFP,0.001,35.794635271270785,40.535642492655015,True,4,10,30
nomad-CHORxT-fP4dV,slab,0.01,True,BISECT-SZ3,11796480,291015,SZ3,3e-05,40.535642492655015,40.535642492655015,True,3,9,30
nomad-CHORxT-fP4dV,slab,0.01,True,BISECT-SPERR,11796480,1731659,SPERR,1e-05,6.812241902129692,40.535642492655015,True,3,9,30
nomad-E0rr8BI_hRlR,slab,0.0001,False,EXHAUSTIVE,30965760,30965760,,,,,False,0,6,30
nomad-E0rr8BI_hRlR,slab,0.0001,False,SCAN,30965760,30965760,,,,,False,0,6,30
nomad-E0rr8BI_hRlR,slab,0.0001,False,BISECT,30965760,30965760,,,,,False,0,6,30
nomad-E0rr8BI_hRlR,slab,0.0001,False,SCAN-ZFP,30965760,30965760,,,,,False,0,6,30
nomad-E0rr8BI_hRlR,slab,0.0001,False,SCAN-SZ3,30965760,30965760,,,,,False,0,6,30
nomad-E0rr8BI_hRlR,slab,0.0001,False,SCAN-SPERR,30965760,30965760,,,,,False,0,6,30
nomad-E0rr8BI_hRlR,slab,0.0001,False,BISECT-ZFP,30965760,30965760,,,,,False,0,6,30
nomad-E0rr8BI_hRlR,slab,0.0001,False,BISECT-SZ3,30965760,30965760,,,,,False,0,6,30
nomad-E0rr8BI_hRlR,slab,0.0001,False,BISECT-SPERR,30965760,30965760,,,,,False,0,6,30
nomad-E0rr8BI_hRlR,slab,0.001,True,EXHAUSTIVE,30965760,2829104,ZFP,3e-06,10.945430072560075,10.945430072560075,True,30,36,30
nomad-E0rr8BI_hRlR,slab,0.001,True,SCAN,30965760,2829104,ZFP,3e-06,10.945430072560075,10.945430072560075,True,27,33,30
nomad-E0rr8BI_hRlR,slab,0.001,True,BISECT,30965760,2829104,ZFP,3e-06,10.945430072560075,10.945430072560075,True,10,16,30
nomad-E0rr8BI_hRlR,slab,0.001,True,SCAN-ZFP,30965760,2829104,ZFP,3e-06,10.945430072560075,10.945430072560075,True,9,15,30
nomad-E0rr8BI_hRlR,slab,0.001,True,SCAN-SZ3,30965760,3793457,SZ3,1e-07,8.1629395034661,10.945430072560075,True,9,15,30
nomad-E0rr8BI_hRlR,slab,0.001,True,SCAN-SPERR,30965760,7767189,SPERR,1e-07,3.9867396042506495,10.945430072560075,True,9,15,30
nomad-E0rr8BI_hRlR,slab,0.001,True,BISECT-ZFP,30965760,2829104,ZFP,3e-06,10.945430072560075,10.945430072560075,True,4,10,30
nomad-E0rr8BI_hRlR,slab,0.001,True,BISECT-SZ3,30965760,3793457,SZ3,1e-07,8.1629395034661,10.945430072560075,True,3,9,30
nomad-E0rr8BI_hRlR,slab,0.001,True,BISECT-SPERR,30965760,7767189,SPERR,1e-07,3.9867396042506495,10.945430072560075,True,3,9,30
nomad-E0rr8BI_hRlR,slab,0.01,True,EXHAUSTIVE,30965760,255807,SZ3,0.0003,121.05126130246632,121.05126130246632,True,30,36,30
nomad-E0rr8BI_hRlR,slab,0.01,True,SCAN,30965760,255807,SZ3,0.0003,121.05126130246632,121.05126130246632,True,9,15,30
nomad-E0rr8BI_hRlR,slab,0.01,True,BISECT,30965760,255807,SZ3,0.0003,121.05126130246632,121.05126130246632,True,11,17,30
nomad-E0rr8BI_hRlR,slab,0.01,True,SCAN-ZFP,30965760,809736,ZFP,0.001,38.24179732653606,121.05126130246632,True,4,10,30
nomad-E0rr8BI_hRlR,slab,0.01,True,SCAN-SZ3,30965760,255807,SZ3,0.0003,121.05126130246632,121.05126130246632,True,2,8,30
nomad-E0rr8BI_hRlR,slab,0.01,True,SCAN-SPERR,30965760,2936006,SPERR,0.0001,10.546899427317246,121.05126130246632,True,3,9,30
nomad-E0rr8BI_hRlR,slab,0.01,True,BISECT-ZFP,30965760,809736,ZFP,0.001,38.24179732653606,121.05126130246632,True,4,10,30
nomad-E0rr8BI_hRlR,slab,0.01,True,BISECT-SZ3,30965760,255807,SZ3,0.0003,121.05126130246632,121.05126130246632,True,4,10,30
nomad-E0rr8BI_hRlR,slab,0.01,True,BISECT-SPERR,30965760,2936006,SPERR,0.0001,10.546899427317246,121.05126130246632,True,3,9,30
nomad-Ek0B30z0bVyP,slab,0.0001,False,EXHAUSTIVE,30965760,30965760,,,,,False,0,6,30
nomad-Ek0B30z0bVyP,slab,0.0001,False,SCAN,30965760,30965760,,,,,False,0,6,30
nomad-Ek0B30z0bVyP,slab,0.0001,False,BISECT,30965760,30965760,,,,,False,0,6,30
nomad-Ek0B30z0bVyP,slab,0.0001,False,SCAN-ZFP,30965760,30965760,,,,,False,0,6,30
nomad-Ek0B30z0bVyP,slab,0.0001,False,SCAN-SZ3,30965760,30965760,,,,,False,0,6,30
nomad-Ek0B30z0bVyP,slab,0.0001,False,SCAN-SPERR,30965760,30965760,,,,,False,0,6,30
nomad-Ek0B30z0bVyP,slab,0.0001,False,BISECT-ZFP,30965760,30965760,,,,,False,0,6,30
nomad-Ek0B30z0bVyP,slab,0.0001,False,BISECT-SZ3,30965760,30965760,,,,,False,0,6,30
nomad-Ek0B30z0bVyP,slab,0.0001,False,BISECT-SPERR,30965760,30965760,,,,,False,0,6,30
nomad-Ek0B30z0bVyP,slab,0.001,True,EXHAUSTIVE,30965760,2951024,ZFP,3e-06,10.493225402436575,10.493225402436575,True,30,36,30
nomad-Ek0B30z0bVyP,slab,0.001,True,SCAN,30965760,2951024,ZFP,3e-06,10.493225402436575,10.493225402436575,True,26,32,30
nomad-Ek0B30z0bVyP,slab,0.001,True,BISECT,30965760,2951024,ZFP,3e-06,10.493225402436575,10.493225402436575,True,10,16,30
nomad-Ek0B30z0bVyP,slab,0.001,True,SCAN-ZFP,30965760,2951024,ZFP,3e-06,10.493225402436575,10.493225402436575,True,9,15,30
nomad-Ek0B30z0bVyP,slab,0.001,True,SCAN-SZ3,30965760,3233277,SZ3,3e-07,9.577206035857738,10.493225402436575,True,8,14,30
nomad-Ek0B30z0bVyP,slab,0.001,True,SCAN-SPERR,30965760,7810642,SPERR,1e-07,3.964560147552532,10.493225402436575,True,9,15,30
nomad-Ek0B30z0bVyP,slab,0.001,True,BISECT-ZFP,30965760,2951024,ZFP,3e-06,10.493225402436575,10.493225402436575,True,4,10,30
nomad-Ek0B30z0bVyP,slab,0.001,True,BISECT-SZ3,30965760,3233277,SZ3,3e-07,9.577206035857738,10.493225402436575,True,3,9,30
nomad-Ek0B30z0bVyP,slab,0.001,True,BISECT-SPERR,30965760,7810642,SPERR,1e-07,3.964560147552532,10.493225402436575,True,3,9,30
nomad-Ek0B30z0bVyP,slab,0.01,True,EXHAUSTIVE,30965760,461064,SZ3,0.0001,67.16152204466191,67.16152204466191,True,30,36,30
nomad-Ek0B30z0bVyP,slab,0.01,True,SCAN,30965760,461064,SZ3,0.0001,67.16152204466191,67.16152204466191,True,9,15,30
nomad-Ek0B30z0bVyP,slab,0.01,True,BISECT,30965760,461064,SZ3,0.0001,67.16152204466191,67.16152204466191,True,10,16,30
nomad-Ek0B30z0bVyP,slab,0.01,True,SCAN-ZFP,30965760,697920,ZFP,0.003,44.36863823933975,67.16152204466191,True,3,9,30
nomad-Ek0B30z0bVyP,slab,0.01,True,SCAN-SZ3,30965760,461064,SZ3,0.0001,67.16152204466191,67.16152204466191,True,3,9,30
nomad-Ek0B30z0bVyP,slab,0.01,True,SCAN-SPERR,30965760,2975429,SPERR,0.0001,10.407158093841256,67.16152204466191,True,3,9,30
nomad-Ek0B30z0bVyP,slab,0.01,True,BISECT-ZFP,30965760,697920,ZFP,0.003,44.36863823933975,67.16152204466191,True,4,10,30
nomad-Ek0B30z0bVyP,slab,0.01,True,BISECT-SZ3,30965760,461064,SZ3,0.0001,67.16152204466191,67.16152204466191,True,3,9,30
nomad-Ek0B30z0bVyP,slab,0.01,True,BISECT-SPERR,30965760,2975429,SPERR,0.0001,10.407158093841256,67.16152204466191,True,3,9,30
nomad-FPTBoTAPMQA8,slab,0.0001,True,EXHAUSTIVE,16588800,1572376,ZFP,1e-06,10.550148310582202,10.550148310582202,True,27,33,27
nomad-FPTBoTAPMQA8,slab,0.0001,True,SCAN,16588800,1572376,ZFP,1e-06,10.550148310582202,10.550148310582202,True,25,31,27
nomad-FPTBoTAPMQA8,slab,0.0001,True,BISECT,16588800,1572376,ZFP,1e-06,10.550148310582202,10.550148310582202,True,10,16,27
nomad-FPTBoTAPMQA8,slab,0.0001,True,SCAN-ZFP,16588800,1572376,ZFP,1e-06,10.550148310582202,10.550148310582202,True,8,14,27
nomad-FPTBoTAPMQA8,slab,0.0001,True,SCAN-SZ3,16588800,1987043,SZ3,1e-07,8.348485664376664,10.550148310582202,True,9,15,27
nomad-FPTBoTAPMQA8,slab,0.0001,True,SCAN-SPERR,16588800,4277203,SPERR,1e-07,3.878422417640687,10.550148310582202,True,8,14,27
nomad-FPTBoTAPMQA8,slab,0.0001,True,BISECT-ZFP,16588800,1572376,ZFP,1e-06,10.550148310582202,10.550148310582202,True,4,10,27
nomad-FPTBoTAPMQA8,slab,0.0001,True,BISECT-SZ3,16588800,1987043,SZ3,1e-07,8.348485664376664,10.550148310582202,True,3,9,27
nomad-FPTBoTAPMQA8,slab,0.0001,True,BISECT-SPERR,16588800,4277203,SPERR,1e-07,3.878422417640687,10.550148310582202,True,3,9,27
nomad-FPTBoTAPMQA8,slab,0.001,True,EXHAUSTIVE,16588800,887080,ZFP,3e-05,18.700455426793525,18.700455426793525,True,27,33,27
nomad-FPTBoTAPMQA8,slab,0.001,True,SCAN,16588800,887080,ZFP,3e-05,18.700455426793525,18.700455426793525,True,17,23,27
nomad-FPTBoTAPMQA8,slab,0.001,True,BISECT,16588800,887080,ZFP,3e-05,18.700455426793525,18.700455426793525,True,11,17,27
nomad-FPTBoTAPMQA8,slab,0.001,True,SCAN-ZFP,16588800,887080,ZFP,3e-05,18.700455426793525,18.700455426793525,True,5,11,27
nomad-FPTBoTAPMQA8,slab,0.001,True,SCAN-SZ3,16588800,1153405,SZ3,1e-06,14.382458893450265,18.700455426793525,True,7,13,27
nomad-FPTBoTAPMQA8,slab,0.001,True,SCAN-SPERR,16588800,3007219,SPERR,3e-06,5.516325881154648,18.700455426793525,True,5,11,27
nomad-FPTBoTAPMQA8,slab,0.001,True,BISECT-ZFP,16588800,887080,ZFP,3e-05,18.700455426793525,18.700455426793525,True,4,10,27
nomad-FPTBoTAPMQA8,slab,0.001,True,BISECT-SZ3,16588800,1153405,SZ3,1e-06,14.382458893450265,18.700455426793525,True,4,10,27
nomad-FPTBoTAPMQA8,slab,0.001,True,BISECT-SPERR,16588800,3007219,SPERR,3e-06,5.516325881154648,18.700455426793525,True,3,9,27
nomad-FPTBoTAPMQA8,slab,0.01,True,EXHAUSTIVE,16588800,234849,SZ3,0.0001,70.63602570162104,70.63602570162104,True,27,33,27
nomad-FPTBoTAPMQA8,slab,0.01,True,SCAN,16588800,234849,SZ3,0.0001,70.63602570162104,70.63602570162104,True,7,13,27
nomad-FPTBoTAPMQA8,slab,0.01,True,BISECT,16588800,234849,SZ3,0.0001,70.63602570162104,70.63602570162104,True,10,16,27
nomad-FPTBoTAPMQA8,slab,0.01,True,SCAN-ZFP,16588800,273960,ZFP,0.003,60.55190538764784,70.63602570162104,True,1,7,27
nomad-FPTBoTAPMQA8,slab,0.01,True,SCAN-SZ3,16588800,234849,SZ3,0.0001,70.63602570162104,70.63602570162104,True,3,9,27
nomad-FPTBoTAPMQA8,slab,0.01,True,SCAN-SPERR,16588800,2146583,SPERR,3e-05,7.7280030634734365,70.63602570162104,True,3,9,27
nomad-FPTBoTAPMQA8,slab,0.01,True,BISECT-ZFP,16588800,273960,ZFP,0.003,60.55190538764784,70.63602570162104,True,4,10,27
nomad-FPTBoTAPMQA8,slab,0.01,True,BISECT-SZ3,16588800,234849,SZ3,0.0001,70.63602570162104,70.63602570162104,True,3,9,27
nomad-FPTBoTAPMQA8,slab,0.01,True,BISECT-SPERR,16588800,2146583,SPERR,3e-05,7.7280030634734365,70.63602570162104,True,3,9,27
nomad-FVlJ8rpkyGT5,slab,0.0001,True,EXHAUSTIVE,16588800,1826488,ZFP,3e-07,9.082348200480922,9.082348200480922,True,29,35,29
nomad-FVlJ8rpkyGT5,slab,0.0001,True,SCAN,16588800,1826488,ZFP,3e-07,9.082348200480922,9.082348200480922,True,28,34,29
nomad-FVlJ8rpkyGT5,slab,0.0001,True,BISECT,16588800,1826488,ZFP,3e-07,9.082348200480922,9.082348200480922,True,10,16,29
nomad-FVlJ8rpkyGT5,slab,0.0001,True,SCAN-ZFP,16588800,1826488,ZFP,3e-07,9.082348200480922,9.082348200480922,True,11,17,29
nomad-FVlJ8rpkyGT5,slab,0.0001,True,SCAN-SZ3,16588800,16588800,,,,9.082348200480922,True,9,15,29
nomad-FVlJ8rpkyGT5,slab,0.0001,True,SCAN-SPERR,16588800,16588800,,,,9.082348200480922,True,8,14,29
nomad-FVlJ8rpkyGT5,slab,0.0001,True,BISECT-ZFP,16588800,1826488,ZFP,3e-07,9.082348200480922,9.082348200480922,True,4,10,29
nomad-FVlJ8rpkyGT5,slab,0.0001,True,BISECT-SZ3,16588800,16588800,,,,9.082348200480922,True,3,9,29
nomad-FVlJ8rpkyGT5,slab,0.0001,True,BISECT-SPERR,16588800,16588800,,,,9.082348200480922,True,3,9,29
nomad-FVlJ8rpkyGT5,slab,0.001,True,EXHAUSTIVE,16588800,861576,ZFP,3e-05,19.25401821777765,19.25401821777765,True,29,35,29
nomad-FVlJ8rpkyGT5,slab,0.001,True,SCAN,16588800,861576,ZFP,3e-05,19.25401821777765,19.25401821777765,True,19,25,29
nomad-FVlJ8rpkyGT5,slab,0.001,True,BISECT,16588800,861576,ZFP,3e-05,19.25401821777765,19.25401821777765,True,10,16,29
nomad-FVlJ8rpkyGT5,slab,0.001,True,SCAN-ZFP,16588800,861576,ZFP,3e-05,19.25401821777765,19.25401821777765,True,7,13,29
nomad-FVlJ8rpkyGT5,slab,0.001,True,SCAN-SZ3,16588800,1126377,SZ3,1e-06,14.72757345009708,19.25401821777765,True,7,13,29
nomad-FVlJ8rpkyGT5,slab,0.001,True,SCAN-SPERR,16588800,3008428,SPERR,3e-06,5.514109029699232,19.25401821777765,True,5,11,29
nomad-FVlJ8rpkyGT5,slab,0.001,True,BISECT-ZFP,16588800,861576,ZFP,3e-05,19.25401821777765,19.25401821777765,True,3,9,29
nomad-FVlJ8rpkyGT5,slab,0.001,True,BISECT-SZ3,16588800,1126377,SZ3,1e-06,14.72757345009708,19.25401821777765,True,4,10,29
nomad-FVlJ8rpkyGT5,slab,0.001,True,BISECT-SPERR,16588800,3008428,SPERR,3e-06,5.514109029699232,19.25401821777765,True,3,9,29
nomad-FVlJ8rpkyGT5,slab,0.01,True,EXHAUSTIVE,16588800,229331,SZ3,0.0001,72.33561969380503,72.33561969380503,True,29,35,29
nomad-FVlJ8rpkyGT5,slab,0.01,True,SCAN,16588800,229331,SZ3,0.0001,72.33561969380503,72.33561969380503,True,10,16,29
nomad-FVlJ8rpkyGT5,slab,0.01,True,BISECT,16588800,229331,SZ3,0.0001,72.33561969380503,72.33561969380503,True,10,16,29
nomad-FVlJ8rpkyGT5,slab,0.01,True,SCAN-ZFP,16588800,391864,ZFP,0.001,42.333054324969886,72.33561969380503,True,4,10,29
nomad-FVlJ8rpkyGT5,slab,0.01,True,SCAN-SZ3,16588800,229331,SZ3,0.0001,72.33561969380503,72.33561969380503,True,3,9,29
nomad-FVlJ8rpkyGT5,slab,0.01,True,SCAN-SPERR,16588800,2146968,SPERR,3e-05,7.726617257453301,72.33561969380503,True,3,9,29
nomad-FVlJ8rpkyGT5,slab,0.01,True,BISECT-ZFP,16588800,391864,ZFP,0.001,42.333054324969886,72.33561969380503,True,4,10,29
nomad-FVlJ8rpkyGT5,slab,0.01,True,BISECT-SZ3,16588800,229331,SZ3,0.0001,72.33561969380503,72.33561969380503,True,3,9,29
nomad-FVlJ8rpkyGT5,slab,0.01,True,BISECT-SPERR,16588800,2146968,SPERR,3e-05,7.726617257453301,72.33561969380503,True,3,9,29
nomad-M8BV9zowas8w,slab,0.0001,False,EXHAUSTIVE,30965760,30965760,,,,,False,0,6,30
nomad-M8BV9zowas8w,slab,0.0001,False,SCAN,30965760,30965760,,,,,False,0,6,30
nomad-M8BV9zowas8w,slab,0.0001,False,BISECT,30965760,30965760,,,,,False,0,6,30
nomad-M8BV9zowas8w,slab,0.0001,False,SCAN-ZFP,30965760,30965760,,,,,False,0,6,30
nomad-M8BV9zowas8w,slab,0.0001,False,SCAN-SZ3,30965760,30965760,,,,,False,0,6,30
nomad-M8BV9zowas8w,slab,0.0001,False,SCAN-SPERR,30965760,30965760,,,,,False,0,6,30
nomad-M8BV9zowas8w,slab,0.0001,False,BISECT-ZFP,30965760,30965760,,,,,False,0,6,30
nomad-M8BV9zowas8w,slab,0.0001,False,BISECT-SZ3,30965760,30965760,,,,,False,0,6,30
nomad-M8BV9zowas8w,slab,0.0001,False,BISECT-SPERR,30965760,30965760,,,,,False,0,6,30
nomad-M8BV9zowas8w,slab,0.001,True,EXHAUSTIVE,30965760,2693424,ZFP,3e-06,11.496801097784829,11.496801097784829,True,30,36,30
nomad-M8BV9zowas8w,slab,0.001,True,SCAN,30965760,2693424,ZFP,3e-06,11.496801097784829,11.496801097784829,True,27,33,30
nomad-M8BV9zowas8w,slab,0.001,True,BISECT,30965760,2693424,ZFP,3e-06,11.496801097784829,11.496801097784829,True,10,16,30
nomad-M8BV9zowas8w,slab,0.001,True,SCAN-ZFP,30965760,2693424,ZFP,3e-06,11.496801097784829,11.496801097784829,True,9,15,30
nomad-M8BV9zowas8w,slab,0.001,True,SCAN-SZ3,30965760,30965760,,,,11.496801097784829,True,10,16,30
nomad-M8BV9zowas8w,slab,0.001,True,SCAN-SPERR,30965760,7740124,SPERR,1e-07,4.000680092463635,11.496801097784829,True,8,14,30
nomad-M8BV9zowas8w,slab,0.001,True,BISECT-ZFP,30965760,2693424,ZFP,3e-06,11.496801097784829,11.496801097784829,True,4,10,30
nomad-M8BV9zowas8w,slab,0.001,True,BISECT-SZ3,30965760,30965760,,,,11.496801097784829,True,3,9,30
nomad-M8BV9zowas8w,slab,0.001,True,BISECT-SPERR,30965760,7740124,SPERR,1e-07,4.000680092463635,11.496801097784829,True,3,9,30
nomad-M8BV9zowas8w,slab,0.01,True,EXHAUSTIVE,30965760,239117,SZ3,0.0003,129.5004537527654,129.5004537527654,True,30,36,30
nomad-M8BV9zowas8w,slab,0.01,True,SCAN,30965760,239117,SZ3,0.0003,129.5004537527654,129.5004537527654,True,9,15,30
nomad-M8BV9zowas8w,slab,0.01,True,BISECT,30965760,239117,SZ3,0.0003,129.5004537527654,129.5004537527654,True,11,17,30
nomad-M8BV9zowas8w,slab,0.01,True,SCAN-ZFP,30965760,765512,ZFP,0.001,40.451044529674256,129.5004537527654,True,4,10,30
nomad-M8BV9zowas8w,slab,0.01,True,SCAN-SZ3,30965760,239117,SZ3,0.0003,129.5004537527654,129.5004537527654,True,3,9,30
nomad-M8BV9zowas8w,slab,0.01,True,SCAN-SPERR,30965760,2910250,SPERR,0.0001,10.640240529164162,129.5004537527654,True,2,8,30
nomad-M8BV9zowas8w,slab,0.01,True,BISECT-ZFP,30965760,765512,ZFP,0.001,40.451044529674256,129.5004537527654,True,4,10,30
nomad-M8BV9zowas8w,slab,0.01,True,BISECT-SZ3,30965760,239117,SZ3,0.0003,129.5004537527654,129.5004537527654,True,3,9,30
nomad-M8BV9zowas8w,slab,0.01,True,BISECT-SPERR,30965760,2910250,SPERR,0.0001,10.640240529164162,129.5004537527654,True,4,10,30
nomad-MgLl-OZz9clr,slab,0.0001,False,EXHAUSTIVE,1327104,1327104,,,,,False,0,6,34
nomad-MgLl-OZz9clr,slab,0.0001,False,SCAN,1327104,1327104,,,,,False,0,6,34
nomad-MgLl-OZz9clr,slab,0.0001,False,BISECT,1327104,1327104,,,,,False,0,6,34
nomad-MgLl-OZz9clr,slab,0.0001,False,SCAN-ZFP,1327104,1327104,,,,,False,0,6,34
nomad-MgLl-OZz9clr,slab,0.0001,False,SCAN-SZ3,1327104,1327104,,,,,False,0,6,34
nomad-MgLl-OZz9clr,slab,0.0001,False,SCAN-SPERR,1327104,1327104,,,,,False,0,6,34
nomad-MgLl-OZz9clr,slab,0.0001,False,BISECT-ZFP,1327104,1327104,,,,,False,0,6,34
nomad-MgLl-OZz9clr,slab,0.0001,False,BISECT-SZ3,1327104,1327104,,,,,False,0,6,34
nomad-MgLl-OZz9clr,slab,0.0001,False,BISECT-SPERR,1327104,1327104,,,,,False,0,6,34
nomad-MgLl-OZz9clr,slab,0.001,True,EXHAUSTIVE,1327104,82120,ZFP,0.0003,16.16054554310765,16.16054554310765,True,34,40,34
nomad-MgLl-OZz9clr,slab,0.001,True,SCAN,1327104,82120,ZFP,0.0003,16.16054554310765,16.16054554310765,True,19,25,34
nomad-MgLl-OZz9clr,slab,0.001,True,BISECT,1327104,82120,ZFP,0.0003,16.16054554310765,16.16054554310765,True,11,17,34
nomad-MgLl-OZz9clr,slab,0.001,True,SCAN-ZFP,1327104,82120,ZFP,0.0003,16.16054554310765,16.16054554310765,True,6,12,34
nomad-MgLl-OZz9clr,slab,0.001,True,SCAN-SZ3,1327104,131032,SZ3,3e-06,10.12809084803712,16.16054554310765,True,7,13,34
nomad-MgLl-OZz9clr,slab,0.001,True,SCAN-SPERR,1327104,172144,SPERR,3e-05,7.709266660470304,16.16054554310765,True,6,12,34
nomad-MgLl-OZz9clr,slab,0.001,True,BISECT-ZFP,1327104,82120,ZFP,0.0003,16.16054554310765,16.16054554310765,True,4,10,34
nomad-MgLl-OZz9clr,slab,0.001,True,BISECT-SZ3,1327104,131032,SZ3,3e-06,10.12809084803712,16.16054554310765,True,4,10,34
nomad-MgLl-OZz9clr,slab,0.001,True,BISECT-SPERR,1327104,172144,SPERR,3e-05,7.709266660470304,16.16054554310765,True,3,9,34
nomad-MgLl-OZz9clr,slab,0.01,True,EXHAUSTIVE,1327104,39720,ZFP,0.003,33.411480362537766,33.411480362537766,True,34,40,34
nomad-MgLl-OZz9clr,slab,0.01,True,SCAN,1327104,39720,ZFP,0.003,33.411480362537766,33.411480362537766,True,12,18,34
nomad-MgLl-OZz9clr,slab,0.01,True,BISECT,1327104,39720,ZFP,0.003,33.411480362537766,33.411480362537766,True,12,18,34
nomad-MgLl-OZz9clr,slab,0.01,True,SCAN-ZFP,1327104,39720,ZFP,0.003,33.411480362537766,33.411480362537766,True,4,10,34
nomad-MgLl-OZz9clr,slab,0.01,True,SCAN-SZ3,1327104,42952,SZ3,0.0001,30.89737381262805,33.411480362537766,True,4,10,34
nomad-MgLl-OZz9clr,slab,0.01,True,SCAN-SPERR,1327104,103980,SPERR,0.0003,12.763069821119446,33.411480362537766,True,4,10,34
nomad-MgLl-OZz9clr,slab,0.01,True,BISECT-ZFP,1327104,39720,ZFP,0.003,33.411480362537766,33.411480362537766,True,4,10,34
nomad-MgLl-OZz9clr,slab,0.01,True,BISECT-SZ3,1327104,42952,SZ3,0.0001,30.89737381262805,33.411480362537766,True,4,10,34
nomad-MgLl-OZz9clr,slab,0.01,True,BISECT-SPERR,1327104,103980,SPERR,0.0003,12.763069821119446,33.411480362537766,True,4,10,34
nomad-Q4xDULo89hwd,slab,0.0001,False,EXHAUSTIVE,26127360,26127360,,,,,False,0,6,29
nomad-Q4xDULo89hwd,slab,0.0001,False,SCAN,26127360,26127360,,,,,False,0,6,29
nomad-Q4xDULo89hwd,slab,0.0001,False,BISECT,26127360,26127360,,,,,False,0,6,29
nomad-Q4xDULo89hwd,slab,0.0001,False,SCAN-ZFP,26127360,26127360,,,,,False,0,6,29
nomad-Q4xDULo89hwd,slab,0.0001,False,SCAN-SZ3,26127360,26127360,,,,,False,0,6,29
nomad-Q4xDULo89hwd,slab,0.0001,False,SCAN-SPERR,26127360,26127360,,,,,False,0,6,29
nomad-Q4xDULo89hwd,slab,0.0001,False,BISECT-ZFP,26127360,26127360,,,,,False,0,6,29
nomad-Q4xDULo89hwd,slab,0.0001,False,BISECT-SZ3,26127360,26127360,,,,,False,0,6,29
nomad-Q4xDULo89hwd,slab,0.0001,False,BISECT-SPERR,26127360,26127360,,,,,False,0,6,29
nomad-Q4xDULo89hwd,slab,0.001,True,EXHAUSTIVE,26127360,1329440,ZFP,3e-05,19.65290648694187,19.65290648694187,True,29,35,29
nomad-Q4xDULo89hwd,slab,0.001,True,SCAN,26127360,1329440,ZFP,3e-05,19.65290648694187,19.65290648694187,True,21,27,29
nomad-Q4xDULo89hwd,slab,0.001,True,BISECT,26127360,1329440,ZFP,3e-05,19.65290648694187,19.65290648694187,True,9,15,29
nomad-Q4xDULo89hwd,slab,0.001,True,SCAN-ZFP,26127360,1329440,ZFP,3e-05,19.65290648694187,19.65290648694187,True,7,13,29
nomad-Q4xDULo89hwd,slab,0.001,True,SCAN-SZ3,26127360,2303286,SZ3,3e-07,11.343515308129344,19.65290648694187,True,8,14,29
nomad-Q4xDULo89hwd,slab,0.001,True,SCAN-SPERR,26127360,5431445,SPERR,1e-06,4.8103883957215805,19.65290648694187,True,6,12,29
nomad-Q4xDULo89hwd,slab,0.001,True,BISECT-ZFP,26127360,1329440,ZFP,3e-05,19.65290648694187,19.65290648694187,True,3,9,29
nomad-Q4xDULo89hwd,slab,0.001,True,BISECT-SZ3,26127360,2303286,SZ3,3e-07,11.343515308129344,19.65290648694187,True,3,9,29
nomad-Q4xDULo89hwd,slab,0.001,True,BISECT-SPERR,26127360,5431445,SPERR,1e-06,4.8103883957215805,19.65290648694187,True,3,9,29
nomad-Q4xDULo89hwd,slab,0.01,True,EXHAUSTIVE,26127360,385634,SZ3,0.0001,67.75170239138666,67.75170239138666,True,29,35,29
nomad-Q4xDULo89hwd,slab,0.01,True,SCAN,26127360,385634,SZ3,0.0001,67.75170239138666,67.75170239138666,True,10,16,29
nomad-Q4xDULo89hwd,slab,0.01,True,BISECT,26127360,385634,SZ3,0.0001,67.75170239138666,67.75170239138666,True,10,16,29
nomad-Q4xDULo89hwd,slab,0.01,True,SCAN-ZFP,26127360,596472,ZFP,0.001,43.80316259606486,67.75170239138666,True,4,10,29
nomad-Q4xDULo89hwd,slab,0.01,True,SCAN-SZ3,26127360,385634,SZ3,0.0001,67.75170239138666,67.75170239138666,True,3,9,29
nomad-Q4xDULo89hwd,slab,0.01,True,SCAN-SPERR,26127360,3434180,SPERR,3e-05,7.608034523525267,67.75170239138666,True,3,9,29
nomad-Q4xDULo89hwd,slab,0.01,True,BISECT-ZFP,26127360,596472,ZFP,0.001,43.80316259606486,67.75170239138666,True,4,10,29
nomad-Q4xDULo89hwd,slab,0.01,True,BISECT-SZ3,26127360,385634,SZ3,0.0001,67.75170239138666,67.75170239138666,True,3,9,29
nomad-Q4xDULo89hwd,slab,0.01,True,BISECT-SPERR,26127360,3434180,SPERR,3e-05,7.608034523525267,67.75170239138666,True,3,9,29
nomad-SzuB_oB4XzfT,slab,0.0001,False,EXHAUSTIVE,26127360,26127360,,,,,False,0,6,29
nomad-SzuB_oB4XzfT,slab,0.0001,False,SCAN,26127360,26127360,,,,,False,0,6,29
nomad-SzuB_oB4XzfT,slab,0.0001,False,BISECT,26127360,26127360,,,,,False,0,6,29
nomad-SzuB_oB4XzfT,slab,0.0001,False,SCAN-ZFP,26127360,26127360,,,,,False,0,6,29
nomad-SzuB_oB4XzfT,slab,0.0001,False,SCAN-SZ3,26127360,26127360,,,,,False,0,6,29
nomad-SzuB_oB4XzfT,slab,0.0001,False,SCAN-SPERR,26127360,26127360,,,,,False,0,6,29
nomad-SzuB_oB4XzfT,slab,0.0001,False,BISECT-ZFP,26127360,26127360,,,,,False,0,6,29
nomad-SzuB_oB4XzfT,slab,0.0001,False,BISECT-SZ3,26127360,26127360,,,,,False,0,6,29
nomad-SzuB_oB4XzfT,slab,0.0001,False,BISECT-SPERR,26127360,26127360,,,,,False,0,6,29
nomad-SzuB_oB4XzfT,slab,0.001,True,EXHAUSTIVE,26127360,1789208,ZFP,1e-05,14.602751608532936,14.602751608532936,True,29,35,29
nomad-SzuB_oB4XzfT,slab,0.001,True,SCAN,26127360,1789208,ZFP,1e-05,14.602751608532936,14.602751608532936,True,22,28,29
nomad-SzuB_oB4XzfT,slab,0.001,True,BISECT,26127360,1789208,ZFP,1e-05,14.602751608532936,14.602751608532936,True,11,17,29
nomad-SzuB_oB4XzfT,slab,0.001,True,SCAN-ZFP,26127360,1789208,ZFP,1e-05,14.602751608532936,14.602751608532936,True,7,13,29
nomad-SzuB_oB4XzfT,slab,0.001,True,SCAN-SZ3,26127360,1821797,SZ3,1e-06,14.341532014818336,14.602751608532936,True,8,14,29
nomad-SzuB_oB4XzfT,slab,0.001,True,SCAN-SPERR,26127360,6143675,SPERR,3e-07,4.252724956967938,14.602751608532936,True,7,13,29
nomad-SzuB_oB4XzfT,slab,0.001,True,BISECT-ZFP,26127360,1789208,ZFP,1e-05,14.602751608532936,14.602751608532936,True,4,10,29
nomad-SzuB_oB4XzfT,slab,0.001,True,BISECT-SZ3,26127360,1821797,SZ3,1e-06,14.341532014818336,14.602751608532936,True,4,10,29
nomad-SzuB_oB4XzfT,slab,0.001,True,BISECT-SPERR,26127360,6143675,SPERR,3e-07,4.252724956967938,14.602751608532936,True,3,9,29
nomad-SzuB_oB4XzfT,slab,0.01,True,EXHAUSTIVE,26127360,610896,ZFP,0.001,42.76891647678165,42.76891647678165,True,29,35,29
nomad-SzuB_oB4XzfT,slab,0.01,True,SCAN,26127360,610896,ZFP,0.001,42.76891647678165,42.76891647678165,True,11,17,29
nomad-SzuB_oB4XzfT,slab,0.01,True,BISECT,26127360,610896,ZFP,0.001,42.76891647678165,42.76891647678165,True,10,16,29
nomad-SzuB_oB4XzfT,slab,0.01,True,SCAN-ZFP,26127360,610896,ZFP,0.001,42.76891647678165,42.76891647678165,True,3,9,29
nomad-SzuB_oB4XzfT,slab,0.01,True,SCAN-SZ3,26127360,645800,SZ3,3e-05,40.45735521833385,42.76891647678165,True,5,11,29
nomad-SzuB_oB4XzfT,slab,0.01,True,SCAN-SPERR,26127360,3437490,SPERR,3e-05,7.600708656607001,42.76891647678165,True,3,9,29
nomad-SzuB_oB4XzfT,slab,0.01,True,BISECT-ZFP,26127360,610896,ZFP,0.001,42.76891647678165,42.76891647678165,True,3,9,29
nomad-SzuB_oB4XzfT,slab,0.01,True,BISECT-SZ3,26127360,645800,SZ3,3e-05,40.45735521833385,42.76891647678165,True,4,10,29
nomad-SzuB_oB4XzfT,slab,0.01,True,BISECT-SPERR,26127360,3437490,SPERR,3e-05,7.600708656607001,42.76891647678165,True,3,9,29
nomad-VNlX3_0OCG9w,slab,0.0001,False,EXHAUSTIVE,11796480,11796480,,,,,False,0,6,30
nomad-VNlX3_0OCG9w,slab,0.0001,False,SCAN,11796480,11796480,,,,,False,0,6,30
nomad-VNlX3_0OCG9w,slab,0.0001,False,BISECT,11796480,11796480,,,,,False,0,6,30
nomad-VNlX3_0OCG9w,slab,0.0001,False,SCAN-ZFP,11796480,11796480,,,,,False,0,6,30
nomad-VNlX3_0OCG9w,slab,0.0001,False,SCAN-SZ3,11796480,11796480,,,,,False,0,6,30
nomad-VNlX3_0OCG9w,slab,0.0001,False,SCAN-SPERR,11796480,11796480,,,,,False,0,6,30
nomad-VNlX3_0OCG9w,slab,0.0001,False,BISECT-ZFP,11796480,11796480,,,,,False,0,6,30
nomad-VNlX3_0OCG9w,slab,0.0001,False,BISECT-SZ3,11796480,11796480,,,,,False,0,6,30
nomad-VNlX3_0OCG9w,slab,0.0001,False,BISECT-SPERR,11796480,11796480,,,,,False,0,6,30
nomad-VNlX3_0OCG9w,slab,0.001,True,EXHAUSTIVE,11796480,559816,ZFP,0.0001,21.07206653614759,21.07206653614759,True,30,36,30
nomad-VNlX3_0OCG9w,slab,0.001,True,SCAN,11796480,559816,ZFP,0.0001,21.07206653614759,21.07206653614759,True,21,27,30
nomad-VNlX3_0OCG9w,slab,0.001,True,BISECT,11796480,559816,ZFP,0.0001,21.07206653614759,21.07206653614759,True,11,17,30
nomad-VNlX3_0OCG9w,slab,0.001,True,SCAN-ZFP,11796480,559816,ZFP,0.0001,21.07206653614759,21.07206653614759,True,6,12,30
nomad-VNlX3_0OCG9w,slab,0.001,True,SCAN-SZ3,11796480,1206008,SZ3,3e-07,9.781427652221211,21.07206653614759,True,8,14,30
nomad-VNlX3_0OCG9w,slab,0.001,True,SCAN-SPERR,11796480,2357042,SPERR,1e-06,5.004781416707891,21.07206653614759,True,7,13,30
nomad-VNlX3_0OCG9w,slab,0.001,True,BISECT-ZFP,11796480,559816,ZFP,0.0001,21.07206653614759,21.07206653614759,True,4,10,30
nomad-VNlX3_0OCG9w,slab,0.001,True,BISECT-SZ3,11796480,1206008,SZ3,3e-07,9.781427652221211,21.07206653614759,True,3,9,30
nomad-VNlX3_0OCG9w,slab,0.001,True,BISECT-SPERR,11796480,2357042,SPERR,1e-06,5.004781416707891,21.07206653614759,True,4,10,30
nomad-VNlX3_0OCG9w,slab,0.01,True,EXHAUSTIVE,11796480,340912,ZFP,0.001,34.602712723518096,34.602712723518096,True,30,36,30
nomad-VNlX3_0OCG9w,slab,0.01,True,SCAN,11796480,340912,ZFP,0.001,34.602712723518096,34.602712723518096,True,11,17,30
nomad-VNlX3_0OCG9w,slab,0.01,True,BISECT,11796480,340912,ZFP,0.001,34.602712723518096,34.602712723518096,True,10,16,30
nomad-VNlX3_0OCG9w,slab,0.01,True,SCAN-ZFP,11796480,340912,ZFP,0.001,34.602712723518096,34.602712723518096,True,4,10,30
nomad-VNlX3_0OCG9w,slab,0.01,True,SCAN-SZ3,11796480,563675,SZ3,3e-05,20.927804142457976,34.602712723518096,True,4,10,30
nomad-VNlX3_0OCG9w,slab,0.01,True,SCAN-SPERR,11796480,1148197,SPERR,0.0001,10.273916409814692,34.602712723518096,True,3,9,30
nomad-VNlX3_0OCG9w,slab,0.01,True,BISECT-ZFP,11796480,340912,ZFP,0.001,34.602712723518096,34.602712723518096,True,4,10,30
nomad-VNlX3_0OCG9w,slab,0.01,True,BISECT-SZ3,11796480,563675,SZ3,3e-05,20.927804142457976,34.602712723518096,True,3,9,30
nomad-VNlX3_0OCG9w,slab,0.01,True,BISECT-SPERR,11796480,1148197,SPERR,0.0001,10.273916409814692,34.602712723518096,True,3,9,30
nomad-VyA9ivUfcKNR,slab,0.0001,False,EXHAUSTIVE,30965760,30965760,,,,,False,0,6,30
nomad-VyA9ivUfcKNR,slab,0.0001,False,SCAN,30965760,30965760,,,,,False,0,6,30
nomad-VyA9ivUfcKNR,slab,0.0001,False,BISECT,30965760,30965760,,,,,False,0,6,30
nomad-VyA9ivUfcKNR,slab,0.0001,False,SCAN-ZFP,30965760,30965760,,,,,False,0,6,30
nomad-VyA9ivUfcKNR,slab,0.0001,False,SCAN-SZ3,30965760,30965760,,,,,False,0,6,30
nomad-VyA9ivUfcKNR,slab,0.0001,False,SCAN-SPERR,30965760,30965760,,,,,False,0,6,30
nomad-VyA9ivUfcKNR,slab,0.0001,False,BISECT-ZFP,30965760,30965760,,,,,False,0,6,30
nomad-VyA9ivUfcKNR,slab,0.0001,False,BISECT-SZ3,30965760,30965760,,,,,False,0,6,30
nomad-VyA9ivUfcKNR,slab,0.0001,False,BISECT-SPERR,30965760,30965760,,,,,False,0,6,30
nomad-VyA9ivUfcKNR,slab,0.001,True,EXHAUSTIVE,30965760,2694064,ZFP,3e-06,11.494069925584544,11.494069925584544,True,30,36,30
nomad-VyA9ivUfcKNR,slab,0.001,True,SCAN,30965760,2694064,ZFP,3e-06,11.494069925584544,11.494069925584544,True,26,32,30
nomad-VyA9ivUfcKNR,slab,0.001,True,BISECT,30965760,2694064,ZFP,3e-06,11.494069925584544,11.494069925584544,True,10,16,30
nomad-VyA9ivUfcKNR,slab,0.001,True,SCAN-ZFP,30965760,2694064,ZFP,3e-06,11.494069925584544,11.494069925584544,True,9,15,30
nomad-VyA9ivUfcKNR,slab,0.001,True,SCAN-SZ3,30965760,3678048,SZ3,1e-07,8.419074465586094,11.494069925584544,True,9,15,30
nomad-VyA9ivUfcKNR,slab,0.001,True,SCAN-SPERR,30965760,6995888,SPERR,3e-07,4.426280123409637,11.494069925584544,True,8,14,30
nomad-VyA9ivUfcKNR,slab,0.001,True,BISECT-ZFP,30965760,2694064,ZFP,3e-06,11.494069925584544,11.494069925584544,True,4,10,30
nomad-VyA9ivUfcKNR,slab,0.001,True,BISECT-SZ3,30965760,3678048,SZ3,1e-07,8.419074465586094,11.494069925584544,True,3,9,30
nomad-VyA9ivUfcKNR,slab,0.001,True,BISECT-SPERR,30965760,6995888,SPERR,3e-07,4.426280123409637,11.494069925584544,True,3,9,30
nomad-VyA9ivUfcKNR,slab,0.01,True,EXHAUSTIVE,30965760,427168,ZFP,0.01,72.49082328264289,72.49082328264289,True,30,36,30
nomad-VyA9ivUfcKNR,slab,0.01,True,SCAN,30965760,427168,ZFP,0.01,72.49082328264289,72.49082328264289,True,8,14,30
nomad-VyA9ivUfcKNR,slab,0.01,True,BISECT,30965760,427168,ZFP,0.01,72.49082328264289,72.49082328264289,True,10,16,30
nomad-VyA9ivUfcKNR,slab,0.01,True,SCAN-ZFP,30965760,427168,ZFP,0.01,72.49082328264289,72.49082328264289,True,2,8,30
nomad-VyA9ivUfcKNR,slab,0.01,True,SCAN-SZ3,30965760,443428,SZ3,0.0001,69.83266731013829,72.49082328264289,True,3,9,30
nomad-VyA9ivUfcKNR,slab,0.01,True,SCAN-SPERR,30965760,2930883,SPERR,0.0001,10.5653347472417,72.49082328264289,True,3,9,30
nomad-VyA9ivUfcKNR,slab,0.01,True,BISECT-ZFP,30965760,427168,ZFP,0.01,72.49082328264289,72.49082328264289,True,4,10,30
nomad-VyA9ivUfcKNR,slab,0.01,True,BISECT-SZ3,30965760,443428,SZ3,0.0001,69.83266731013829,72.49082328264289,True,3,9,30
nomad-VyA9ivUfcKNR,slab,0.01,True,BISECT-SPERR,30965760,2930883,SPERR,0.0001,10.5653347472417,72.49082328264289,True,3,9,30
nomad-WjYAcipcgiRI,slab,0.0001,True,EXHAUSTIVE,13762560,1305376,ZFP,3e-06,10.542985316108156,10.542985316108156,True,27,33,27
nomad-WjYAcipcgiRI,slab,0.0001,True,SCAN,13762560,1305376,ZFP,3e-06,10.542985316108156,10.542985316108156,True,24,30,27
nomad-WjYAcipcgiRI,slab,0.0001,True,BISECT,13762560,1305376,ZFP,3e-06,10.542985316108156,10.542985316108156,True,10,16,27
nomad-WjYAcipcgiRI,slab,0.0001,True,SCAN-ZFP,13762560,1305376,ZFP,3e-06,10.542985316108156,10.542985316108156,True,7,13,27
nomad-WjYAcipcgiRI,slab,0.0001,True,SCAN-SZ3,13762560,13762560,,,,10.542985316108156,True,9,15,27
nomad-WjYAcipcgiRI,slab,0.0001,True,SCAN-SPERR,13762560,13762560,,,,10.542985316108156,True,8,14,27
nomad-WjYAcipcgiRI,slab,0.0001,True,BISECT-ZFP,13762560,1305376,ZFP,3e-06,10.542985316108156,10.542985316108156,True,4,10,27
nomad-WjYAcipcgiRI,slab,0.0001,True,BISECT-SZ3,13762560,13762560,,,,10.542985316108156,True,3,9,27
nomad-WjYAcipcgiRI,slab,0.0001,True,BISECT-SPERR,13762560,13762560,,,,10.542985316108156,True,3,9,27
nomad-WjYAcipcgiRI,slab,0.001,True,EXHAUSTIVE,13762560,1044848,ZFP,1e-05,13.171829778111269,13.171829778111269,True,27,33,27
nomad-WjYAcipcgiRI,slab,0.001,True,SCAN,13762560,1044848,ZFP,1e-05,13.171829778111269,13.171829778111269,True,18,24,27
nomad-WjYAcipcgiRI,slab,0.001,True,BISECT,13762560,1044848,ZFP,1e-05,13.171829778111269,13.171829778111269,True,10,16,27
nomad-WjYAcipcgiRI,slab,0.001,True,SCAN-ZFP,13762560,1044848,ZFP,1e-05,13.171829778111269,13.171829778111269,True,6,12,27
nomad-WjYAcipcgiRI,slab,0.001,True,SCAN-SZ3,13762560,1111182,SZ3,1e-06,12.385513804219292,13.171829778111269,True,7,13,27
nomad-WjYAcipcgiRI,slab,0.001,True,SCAN-SPERR,13762560,2554552,SPERR,3e-06,5.387465199377425,13.171829778111269,True,5,11,27
nomad-WjYAcipcgiRI,slab,0.001,True,BISECT-ZFP,13762560,1044848,ZFP,1e-05,13.171829778111269,13.171829778111269,True,3,9,27
nomad-WjYAcipcgiRI,slab,0.001,True,BISECT-SZ3,13762560,1111182,SZ3,1e-06,12.385513804219292,13.171829778111269,True,4,10,27
nomad-WjYAcipcgiRI,slab,0.001,True,BISECT-SPERR,13762560,2554552,SPERR,3e-06,5.387465199377425,13.171829778111269,True,3,9,27
nomad-WjYAcipcgiRI,slab,0.01,True,EXHAUSTIVE,13762560,231003,SZ3,0.0001,59.57740808560928,59.57740808560928,True,27,33,27
nomad-WjYAcipcgiRI,slab,0.01,True,SCAN,13762560,231003,SZ3,0.0001,59.57740808560928,59.57740808560928,True,7,13,27
nomad-WjYAcipcgiRI,slab,0.01,True,BISECT,13762560,231003,SZ3,0.0001,59.57740808560928,59.57740808560928,True,10,16,27
nomad-WjYAcipcgiRI,slab,0.01,True,SCAN-ZFP,13762560,305376,ZFP,0.003,45.06758880855077,59.57740808560928,True,1,7,27
nomad-WjYAcipcgiRI,slab,0.01,True,SCAN-SZ3,13762560,231003,SZ3,0.0001,59.57740808560928,59.57740808560928,True,3,9,27
nomad-WjYAcipcgiRI,slab,0.01,True,SCAN-SPERR,13762560,1843439,SPERR,3e-05,7.465698620892799,59.57740808560928,True,3,9,27
nomad-WjYAcipcgiRI,slab,0.01,True,BISECT-ZFP,13762560,305376,ZFP,0.003,45.06758880855077,59.57740808560928,True,4,10,27
nomad-WjYAcipcgiRI,slab,0.01,True,BISECT-SZ3,13762560,231003,SZ3,0.0001,59.57740808560928,59.57740808560928,True,3,9,27
nomad-WjYAcipcgiRI,slab,0.01,True,BISECT-SPERR,13762560,1843439,SPERR,3e-05,7.465698620892799,59.57740808560928,True,3,9,27
nomad-Z7Uu-1P6k4r9,slab,0.0001,False,EXHAUSTIVE,30965760,30965760,,,,,False,0,6,30
nomad-Z7Uu-1P6k4r9,slab,0.0001,False,SCAN,30965760,30965760,,,,,False,0,6,30
nomad-Z7Uu-1P6k4r9,slab,0.0001,False,BISECT,30965760,30965760,,,,,False,0,6,30
nomad-Z7Uu-1P6k4r9,slab,0.0001,False,SCAN-ZFP,30965760,30965760,,,,,False,0,6,30
nomad-Z7Uu-1P6k4r9,slab,0.0001,False,SCAN-SZ3,30965760,30965760,,,,,False,0,6,30
nomad-Z7Uu-1P6k4r9,slab,0.0001,False,SCAN-SPERR,30965760,30965760,,,,,False,0,6,30
nomad-Z7Uu-1P6k4r9,slab,0.0001,False,BISECT-ZFP,30965760,30965760,,,,,False,0,6,30
nomad-Z7Uu-1P6k4r9,slab,0.0001,False,BISECT-SZ3,30965760,30965760,,,,,False,0,6,30
nomad-Z7Uu-1P6k4r9,slab,0.0001,False,BISECT-SPERR,30965760,30965760,,,,,False,0,6,30
nomad-Z7Uu-1P6k4r9,slab,0.001,True,EXHAUSTIVE,30965760,2894232,ZFP,3e-06,10.699128473460316,10.699128473460316,True,30,36,30
nomad-Z7Uu-1P6k4r9,slab,0.001,True,SCAN,30965760,2894232,ZFP,3e-06,10.699128473460316,10.699128473460316,True,26,32,30
nomad-Z7Uu-1P6k4r9,slab,0.001,True,BISECT,30965760,2894232,ZFP,3e-06,10.699128473460316,10.699128473460316,True,10,16,30
nomad-Z7Uu-1P6k4r9,slab,0.001,True,SCAN-ZFP,30965760,2894232,ZFP,3e-06,10.699128473460316,10.699128473460316,True,9,15,30
nomad-Z7Uu-1P6k4r9,slab,0.001,True,SCAN-SZ3,30965760,3132360,SZ3,3e-07,9.885760257441673,10.699128473460316,True,8,14,30
nomad-Z7Uu-1P6k4r9,slab,0.001,True,SCAN-SPERR,30965760,30965760,,,,10.699128473460316,True,9,15,30
nomad-Z7Uu-1P6k4r9,slab,0.001,True,BISECT-ZFP,30965760,2894232,ZFP,3e-06,10.699128473460316,10.699128473460316,True,4,10,30
nomad-Z7Uu-1P6k4r9,slab,0.001,True,BISECT-SZ3,30965760,3132360,SZ3,3e-07,9.885760257441673,10.699128473460316,True,3,9,30
nomad-Z7Uu-1P6k4r9,slab,0.001,True,BISECT-SPERR,30965760,30965760,,,,10.699128473460316,True,3,9,30
nomad-Z7Uu-1P6k4r9,slab,0.01,True,EXHAUSTIVE,30965760,814080,SZ3,3e-05,38.0377358490566,38.0377358490566,True,30,36,30
nomad-Z7Uu-1P6k4r9,slab,0.01,True,SCAN,30965760,814080,SZ3,3e-05,38.0377358490566,38.0377358490566,True,12,18,30
nomad-Z7Uu-1P6k4r9,slab,0.01,True,BISECT,30965760,814080,SZ3,3e-05,38.0377358490566,38.0377358490566,True,10,16,30
nomad-Z7Uu-1P6k4r9,slab,0.01,True,SCAN-ZFP,30965760,830536,ZFP,0.001,37.28406715663138,38.0377358490566,True,4,10,30
nomad-Z7Uu-1P6k4r9,slab,0.01,True,SCAN-SZ3,30965760,814080,SZ3,3e-05,38.0377358490566,38.0377358490566,True,4,10,30
nomad-Z7Uu-1P6k4r9,slab,0.01,True,SCAN-SPERR,30965760,3810693,SPERR,3e-05,8.126018023493364,38.0377358490566,True,4,10,30
nomad-Z7Uu-1P6k4r9,slab,0.01,True,BISECT-ZFP,30965760,830536,ZFP,0.001,37.28406715663138,38.0377358490566,True,4,10,30
nomad-Z7Uu-1P6k4r9,slab,0.01,True,BISECT-SZ3,30965760,814080,SZ3,3e-05,38.0377358490566,38.0377358490566,True,3,9,30
nomad-Z7Uu-1P6k4r9,slab,0.01,True,BISECT-SPERR,30965760,3810693,SPERR,3e-05,8.126018023493364,38.0377358490566,True,3,9,30
nomad-ZvTQv6REajO4,slab,0.0001,True,EXHAUSTIVE,30965760,2675696,ZFP,3e-06,11.57297391033959,11.57297391033959,True,29,35,29
nomad-ZvTQv6REajO4,slab,0.0001,True,SCAN,30965760,2675696,ZFP,3e-06,11.57297391033959,11.57297391033959,True,26,32,29
nomad-ZvTQv6REajO4,slab,0.0001,True,BISECT,30965760,2675696,ZFP,3e-06,11.57297391033959,11.57297391033959,True,10,16,29
nomad-ZvTQv6REajO4,slab,0.0001,True,SCAN-ZFP,30965760,2675696,ZFP,3e-06,11.57297391033959,11.57297391033959,True,9,15,29
nomad-ZvTQv6REajO4,slab,0.0001,True,SCAN-SZ3,30965760,3644169,SZ3,1e-07,8.497344662116383,11.57297391033959,True,9,15,29
nomad-ZvTQv6REajO4,slab,0.0001,True,SCAN-SPERR,30965760,30965760,,,,11.57297391033959,True,8,14,29
nomad-ZvTQv6REajO4,slab,0.0001,True,BISECT-ZFP,30965760,2675696,ZFP,3e-06,11.57297391033959,11.57297391033959,True,4,10,29
nomad-ZvTQv6REajO4,slab,0.0001,True,BISECT-SZ3,30965760,3644169,SZ3,1e-07,8.497344662116383,11.57297391033959,True,3,9,29
nomad-ZvTQv6REajO4,slab,0.0001,True,BISECT-SPERR,30965760,30965760,,,,11.57297391033959,True,3,9,29
nomad-ZvTQv6REajO4,slab,0.001,True,EXHAUSTIVE,30965760,1679696,ZFP,3e-05,18.435335917928008,18.435335917928008,True,29,35,29
nomad-ZvTQv6REajO4,slab,0.001,True,SCAN,30965760,1679696,ZFP,3e-05,18.435335917928008,18.435335917928008,True,20,26,29
nomad-ZvTQv6REajO4,slab,0.001,True,BISECT,30965760,1679696,ZFP,3e-05,18.435335917928008,18.435335917928008,True,9,15,29
nomad-ZvTQv6REajO4,slab,0.001,True,SCAN-ZFP,30965760,1679696,ZFP,3e-05,18.435335917928008,18.435335917928008,True,7,13,29
nomad-ZvTQv6REajO4,slab,0.001,True,SCAN-SZ3,30965760,2865324,SZ3,3e-07,10.807071032804668,18.435335917928008,True,8,14,29
nomad-ZvTQv6REajO4,slab,0.001,True,SCAN-SPERR,30965760,5380496,SPERR,3e-06,5.755186882398946,18.435335917928008,True,5,11,29
nomad-ZvTQv6REajO4,slab,0.001,True,BISECT-ZFP,30965760,1679696,ZFP,3e-05,18.435335917928008,18.435335917928008,True,3,9,29
nomad-ZvTQv6REajO4,slab,0.001,True,BISECT-SZ3,30965760,2865324,SZ3,3e-07,10.807071032804668,18.435335917928008,True,3,9,29
nomad-ZvTQv6REajO4,slab,0.001,True,BISECT-SPERR,30965760,5380496,SPERR,3e-06,5.755186882398946,18.435335917928008,True,3,9,29
nomad-ZvTQv6REajO4,slab,0.01,True,EXHAUSTIVE,30965760,228439,SZ3,0.0003,135.55373644605342,135.55373644605342,True,29,35,29
nomad-ZvTQv6REajO4,slab,0.01,True,SCAN,30965760,228439,SZ3,0.0003,135.55373644605342,135.55373644605342,True,7,13,29
nomad-ZvTQv6REajO4,slab,0.01,True,BISECT,30965760,228439,SZ3,0.0003,135.55373644605342,135.55373644605342,True,12,18,29
nomad-ZvTQv6REajO4,slab,0.01,True,SCAN-ZFP,30965760,634032,ZFP,0.003,48.83942766295708,135.55373644605342,True,3,9,29
nomad-ZvTQv6REajO4,slab,0.01,True,SCAN-SZ3,30965760,228439,SZ3,0.0003,135.55373644605342,135.55373644605342,True,2,8,29
nomad-ZvTQv6REajO4,slab,0.01,True,SCAN-SPERR,30965760,2921172,SPERR,0.0001,10.60045762454248,135.55373644605342,True,2,8,29
nomad-ZvTQv6REajO4,slab,0.01,True,BISECT-ZFP,30965760,634032,ZFP,0.003,48.83942766295708,135.55373644605342,True,4,10,29
nomad-ZvTQv6REajO4,slab,0.01,True,BISECT-SZ3,30965760,228439,SZ3,0.0003,135.55373644605342,135.55373644605342,True,4,10,29
nomad-ZvTQv6REajO4,slab,0.01,True,BISECT-SPERR,30965760,2921172,SPERR,0.0001,10.60045762454248,135.55373644605342,True,4,10,29
