material_id,base,post,tau_bader,n_hartree_pass,certified,attempts,param,stored,ctp_decision,compression_ratio,total_bytes,hartree_hist,hartree_safe,bader_error_e,density_Linf,extra_fraction
mp-aaaabsyn,J,hartree_only,0.001,17,True,0,alpha_rel=0.0215443,U,,497.3220910623946,47440.0,6.152674242418357e-07,6.152670830089928e-07,,23.12568970125284,0.0
mp-aaaabsyn,J,hartree_only,0.0001,17,True,0,alpha_rel=0.0215443,U,,497.3220910623946,47440.0,6.152674242418357e-07,6.152670830089928e-07,,23.12568970125284,0.0
mp-aaaabsyn,J,hartree_only,1e-05,17,True,0,alpha_rel=0.0215443,U,,497.3220910623946,47440.0,6.152674242418357e-07,6.152670830089928e-07,,23.12568970125284,0.0
mp-aaaabsyn,J,none,0.001,17,True,1,alpha_rel=0.0215443,U,,497.3220910623946,47440.0,6.152674242418357e-07,6.152670830089928e-07,0.0001990000000002,23.12568970125284,0.0
mp-aaaabsyn,J,none,0.0001,17,True,3,alpha_rel=0.00464159,U,,323.2310832842405,72991.0,1.8383956977981613e-07,1.8383842775121808e-07,9.999999999976694e-05,8.938831332719928,0.0
mp-aaaabsyn,J,none,1e-05,17,False,5,,,,,,,,,,
mp-aaaabsyn,J,uniform,0.001,15,True,1,alpha_rel=0.00464159,uniform,,322.24216349108787,73215.0,4.679253490397828e-07,4.679248997189024e-07,0.0,8.935854454757646,0.0030594823465136
mp-aaaabsyn,J,uniform,0.0001,15,True,1,alpha_rel=0.00464159,uniform,,322.24216349108787,73215.0,4.679253490397828e-07,4.679248997189024e-07,0.0,8.935854454757646,0.0030594823465136
mp-aaaabsyn,J,uniform,1e-05,15,True,1,alpha_rel=0.00464159,uniform,,322.24216349108787,73215.0,4.679253490397828e-07,4.679248997189024e-07,0.0,8.935854454757646,0.0030594823465136
mp-aaaabsyn,J,hap:0.0001,0.001,17,True,1,alpha_rel=0.0215443,hap:0.0001,,494.90182916596746,47672.0,6.213668558625561e-07,6.213665153749691e-07,0.0,23.12626367650992,0.0048665883537506
mp-aaaabsyn,J,hap:0.0001,0.0001,17,True,1,alpha_rel=0.0215443,hap:0.0001,,494.90182916596746,47672.0,6.213668558625561e-07,6.213665153749691e-07,0.0,23.12626367650992,0.0048665883537506
mp-aaaabsyn,J,hap:0.0001,1e-05,17,True,1,alpha_rel=0.0215443,hap:0.0001,,494.90182916596746,47672.0,6.213668558625561e-07,6.213665153749691e-07,0.0,23.12626367650992,0.0048665883537506
mp-aaaabsyn,J,hap:0.01,0.001,17,True,1,alpha_rel=0.0215443,hap:0.01,,494.90182916596746,47672.0,6.981625720525941e-07,6.98162271078598e-07,0.0,23.12717314834588,0.0048665883537506
mp-aaaabsyn,J,hap:0.01,0.0001,17,True,1,alpha_rel=0.0215443,hap:0.01,,494.90182916596746,47672.0,6.981625720525941e-07,6.98162271078598e-07,0.0,23.12717314834588,0.0048665883537506
mp-aaaabsyn,J,hap:0.01,1e-05,17,True,1,alpha_rel=0.0215443,hap:0.01,,494.90182916596746,47672.0,6.981625720525941e-07,6.98162271078598e-07,0.0,23.12717314834588,0.0048665883537506
mp-aaaabsyn,J,hap:1,0.001,15,True,1,alpha_rel=0.00464159,hap:1,,322.20695683050405,73223.0,3.5815910418792056e-07,3.581585171617185e-07,0.0,8.935858043125336,0.0031684033705256
mp-aaaabsyn,J,hap:1,0.0001,15,True,1,alpha_rel=0.00464159,hap:1,,322.20695683050405,73223.0,3.5815910418792056e-07,3.581585171617185e-07,0.0,8.935858043125336,0.0031684033705256
mp-aaaabsyn,J,hap:1,1e-05,15,True,1,alpha_rel=0.00464159,hap:1,,322.20695683050405,73223.0,3.5815910418792056e-07,3.581585171617185e-07,0.0,8.935858043125336,0.0031684033705256
mp-aaaabsyn,J,ctp-uniform,0.001,32,True,1,alpha_rel=0.0215443,U,unprojected,497.311608102696,47441.0,6.152674242418357e-07,6.152670830089928e-07,0.0001990000000002,23.12568970125284,2.1078813684365844e-05
mp-aaaabsyn,J,ctp-uniform,0.0001,32,True,3,alpha_rel=0.00464159,U,unprojected,323.2266549758877,72992.0,1.8383956977981613e-07,1.8383842775121808e-07,9.999999999976694e-05,8.938831332719928,1.3700131521262605e-05
mp-aaaabsyn,J,ctp-uniform,1e-05,32,True,4,alpha_rel=0.00464159,uniform,projected,322.23776223776224,73216.0,4.679253490397828e-07,4.679248997189024e-07,0.0,8.935854454757646,0.0030730987762237
mp-aaaabsyn,J,ctp-hap:0.0001,0.001,34,True,1,alpha_rel=0.0215443,U,unprojected,497.311608102696,47441.0,6.152674242418357e-07,6.152670830089928e-07,0.0001990000000002,23.12568970125284,2.1078813684365844e-05
mp-aaaabsyn,J,ctp-hap:0.0001,0.0001,34,True,2,alpha_rel=0.0215443,hap:0.0001,projected,494.891447989428,47673.0,6.213668558625561e-07,6.213665153749691e-07,0.0,23.12626367650992,0.0048874625049818
mp-aaaabsyn,J,ctp-hap:0.0001,1e-05,34,True,2,alpha_rel=0.0215443,hap:0.0001,projected,494.891447989428,47673.0,6.213668558625561e-07,6.213665153749691e-07,0.0,23.12626367650992,0.0048874625049818
mp-aaaabsyn,J,ctp-hap:0.01,0.001,34,True,1,alpha_rel=0.0215443,U,unprojected,497.311608102696,47441.0,6.152674242418357e-07,6.152670830089928e-07,0.0001990000000002,23.12568970125284,2.1078813684365844e-05
mp-aaaabsyn,J,ctp-hap:0.01,0.0001,34,True,2,alpha_rel=0.0215443,hap:0.01,projected,494.891447989428,47673.0,6.981625720525941e-07,6.98162271078598e-07,0.0,23.12717314834588,0.0048874625049818
mp-aaaabsyn,J,ctp-hap:0.01,1e-05,34,True,2,alpha_rel=0.0215443,hap:0.01,projected,494.891447989428,47673.0,6.981625720525941e-07,6.98162271078598e-07,0.0,23.12717314834588,0.0048874625049818
mp-aaaabsyn,J,ctp-hap:1,0.001,32,True,1,alpha_rel=0.0215443,U,unprojected,497.311608102696,47441.0,6.152674242418357e-07,6.152670830089928e-07,0.0001990000000002,23.12568970125284,2.1078813684365844e-05
mp-aaaabsyn,J,ctp-hap:1,0.0001,32,True,3,alpha_rel=0.00464159,U,unprojected,323.2266549758877,72992.0,1.8383956977981613e-07,1.8383842775121808e-07,9.999999999976694e-05,8.938831332719928,1.3700131521262605e-05
mp-aaaabsyn,J,ctp-hap:1,1e-05,32,True,4,alpha_rel=0.00464159,hap:1,projected,322.2025565388397,73224.0,3.5815910418792056e-07,3.581585171617185e-07,0.0,8.935858043125336,0.0031820168250846
mp-aaaabsyn,T1,hartree_only,0.001,40,True,0,q_cut=0.2;alpha_rel=2.15443e-05,U,,321.03633147366986,73490.0,9.039490320199888e-07,9.039487997619592e-07,,31.399868269270883,0.0
mp-aaaabsyn,T1,hartree_only,0.0001,40,True,0,q_cut=0.2;alpha_rel=2.15443e-05,U,,321.03633147366986,73490.0,9.039490320199888e-07,9.039487997619592e-07,,31.399868269270883,0.0
mp-aaaabsyn,T1,hartree_only,1e-05,40,True,0,q_cut=0.2;alpha_rel=2.15443e-05,U,,321.03633147366986,73490.0,9.039490320199888e-07,9.039487997619592e-07,,31.399868269270883,0.0
mp-aaaabsyn,T1,none,0.001,40,False,5,,,,,,,,,,
mp-aaaabsyn,T1,none,0.0001,40,False,5,,,,,,,,,,
mp-aaaabsyn,T1,none,1e-05,40,False,5,,,,,,,,,,
mp-aaaabsyn,T1,uniform,0.001,37,True,1,q_cut=0.3;alpha_rel=0.0001,uniform,,315.50248064296125,74779.0,7.828729783586785e-07,7.828727096826395e-07,0.0,7.013350668270505,0.0029954933871808
mp-aaaabsyn,T1,uniform,0.0001,37,True,1,q_cut=0.3;alpha_rel=0.0001,uniform,,315.50248064296125,74779.0,7.828729783586785e-07,7.828727096826395e-07,0.0,7.013350668270505,0.0029954933871808
mp-aaaabsyn,T1,uniform,1e-05,37,True,1,q_cut=0.3;alpha_rel=0.0001,uniform,,315.50248064296125,74779.0,7.828729783586785e-07,7.828727096826395e-07,0.0,7.013350668270505,0.0029954933871808
mp-aaaabsyn,T1,hap:0.0001,0.001,39,True,1,q_cut=0.2;alpha_rel=1e-05,hap:0.0001,,275.1108934443434,85758.0,8.818507861467521e-07,8.818505063593394e-07,0.0,31.35228947821633,0.0027052869703118
mp-aaaabsyn,T1,hap:0.0001,0.0001,39,True,1,q_cut=0.2;alpha_rel=1e-05,hap:0.0001,,275.1108934443434,85758.0,8.818507861467521e-07,8.818505063593394e-07,0.0,31.35228947821633,0.0027052869703118
mp-aaaabsyn,T1,hap:0.0001,1e-05,39,True,1,q_cut=0.2;alpha_rel=1e-05,hap:0.0001,,275.1108934443434,85758.0,8.818507861467521e-07,8.818505063593394e-07,0.0,31.35228947821633,0.0027052869703118
mp-aaaabsyn,T1,hap:0.01,0.001,32,True,1,q_cut=0.3;alpha_rel=2.15443e-05,hap:0.01,,200.25769651905983,117813.0,6.48226740681728e-07,6.482264159624805e-07,0.0,6.43556864310267,0.0019692224117881
mp-aaaabsyn,T1,hap:0.01,0.0001,32,True,1,q_cut=0.3;alpha_rel=2.15443e-05,hap:0.01,,200.25769651905983,117813.0,6.48226740681728e-07,6.482264159624805e-07,0.0,6.43556864310267,0.0019692224117881
mp-aaaabsyn,T1,hap:0.01,1e-05,32,True,1,q_cut=0.3;alpha_rel=2.15443e-05,hap:0.01,,200.25769651905983,117813.0,6.48226740681728e-07,6.482264159624805e-07,0.0,6.43556864310267,0.0019692224117881
mp-aaaabsyn,T1,hap:1,0.001,40,True,1,q_cut=0.3;alpha_rel=0.0001,hap:1,,315.4687311965984,74787.0,9.333116414434754e-07,9.333114160720216e-07,0.0,7.013286659268488,0.0031021434206479
mp-aaaabsyn,T1,hap:1,0.0001,40,True,1,q_cut=0.3;alpha_rel=0.0001,hap:1,,315.4687311965984,74787.0,9.333116414434754e-07,9.333114160720216e-07,0.0,7.013286659268488,0.0031021434206479
mp-aaaabsyn,T1,hap:1,1e-05,40,True,1,q_cut=0.3;alpha_rel=0.0001,hap:1,,315.4687311965984,74787.0,9.333116414434754e-07,9.333114160720216e-07,0.0,7.013286659268488,0.0031021434206479
mp-aaaabsyn,T1,ctp-uniform,0.001,77,False,5,,,,,,,,,,
mp-aaaabsyn,T1,ctp-uniform,0.0001,77,True,2,q_cut=0.3;alpha_rel=0.0001,uniform,projected,315.498261567264,74780.0,7.828729783586785e-07,7.828727096826395e-07,0.0,7.013350668270505,0.0030088258892752
mp-aaaabsyn,T1,ctp-uniform,1e-05,77,True,2,q_cut=0.3;alpha_rel=0.0001,uniform,projected,315.498261567264,74780.0,7.828729783586785e-07,7.828727096826395e-07,0.0,7.013350668270505,0.0030088258892752
mp-aaaabsyn,T1,ctp-hap:0.0001,0.001,79,True,3,q_cut=0.2;alpha_rel=1e-05,hap:0.0001,projected,275.10768549073566,85759.0,8.818507861467521e-07,8.818505063593394e-07,0.0,31.35228947821633,0.0027169160088154
mp-aaaabsyn,T1,ctp-hap:0.0001,0.0001,79,True,3,q_cut=0.2;alpha_rel=1e-05,hap:0.0001,projected,275.10768549073566,85759.0,8.818507861467521e-07,8.818505063593394e-07,0.0,31.35228947821633,0.0027169160088154
mp-aaaabsyn,T1,ctp-hap:0.0001,1e-05,79,True,3,q_cut=0.2;alpha_rel=1e-05,hap:0.0001,projected,275.10768549073566,85759.0,8.818507861467521e-07,8.818505063593394e-07,0.0,31.35228947821633,0.0027169160088154
mp-aaaabsyn,T1,ctp-hap:0.01,0.001,72,False,5,,,,,,,,,,
mp-aaaabsyn,T1,ctp-hap:0.01,0.0001,72,False,5,,,,,,,,,,
mp-aaaabsyn,T1,ctp-hap:0.01,1e-05,72,False,5,,,,,,,,,,
mp-aaaabsyn,T1,ctp-hap:1,0.001,80,False,5,,,,,,,,,,
mp-aaaabsyn,T1,ctp-hap:1,0.0001,80,True,2,q_cut=0.3;alpha_rel=0.0001,hap:1,projected,315.4645130234797,74788.0,9.333116414434754e-07,9.333114160720216e-07,0.0,7.013286659268488,0.003115473070546
mp-aaaabsyn,T1,ctp-hap:1,1e-05,80,True,2,q_cut=0.3;alpha_rel=0.0001,hap:1,projected,315.4645130234797,74788.0,9.333116414434754e-07,9.333114160720216e-07,0.0,7.013286659268488,0.003115473070546
mp-aaaabsyn,GP,hartree_only,0.001,0,False,0,,,,,,,,,,
mp-aaaabsyn,GP,hartree_only,0.0001,0,False,0,,,,,,,,,,
mp-aaaabsyn,GP,hartree_only,1e-05,0,False,0,,,,,,,,,,
mp-aaaabsyn,GP,none,0.001,0,False,0,,,,,,,,,,
mp-aaaabsyn,GP,none,0.0001,0,False,0,,,,,,,,,,
mp-aaaabsyn,GP,none,1e-05,0,False,0,,,,,,,,,,
mp-aaaabsyn,GP,uniform,0.001,0,False,0,,,,,,,,,,
mp-aaaabsyn,GP,uniform,0.0001,0,False,0,,,,,,,,,,
mp-aaaabsyn,GP,uniform,1e-05,0,False,0,,,,,,,,,,
mp-aaaabsyn,GP,hap:0.0001,0.001,0,False,0,,,,,,,,,,
mp-aaaabsyn,GP,hap:0.0001,0.0001,0,False,0,,,,,,,,,,
mp-aaaabsyn,GP,hap:0.0001,1e-05,0,False,0,,,,,,,,,,
mp-aaaabsyn,GP,hap:0.01,0.001,0,False,0,,,,,,,,,,
mp-aaaabsyn,GP,hap:0.01,0.0001,0,False,0,,,,,,,,,,
mp-aaaabsyn,GP,hap:0.01,1e-05,0,False,0,,,,,,,,,,
mp-aaaabsyn,GP,hap:1,0.001,0,False,0,,,,,,,,,,
mp-aaaabsyn,GP,hap:1,0.0001,0,False,0,,,,,,,,,,
mp-aaaabsyn,GP,hap:1,1e-05,0,False,0,,,,,,,,,,
mp-aaaabsyn,GP,ctp-uniform,0.001,0,False,0,,,,,,,,,,
mp-aaaabsyn,GP,ctp-uniform,0.0001,0,False,0,,,,,,,,,,
mp-aaaabsyn,GP,ctp-uniform,1e-05,0,False,0,,,,,,,,,,
mp-aaaabsyn,GP,ctp-hap:0.0001,0.001,0,False,0,,,,,,,,,,
mp-aaaabsyn,GP,ctp-hap:0.0001,0.0001,0,False,0,,,,,,,,,,
mp-aaaabsyn,GP,ctp-hap:0.0001,1e-05,0,False,0,,,,,,,,,,
mp-aaaabsyn,GP,ctp-hap:0.01,0.001,0,False,0,,,,,,,,,,
mp-aaaabsyn,GP,ctp-hap:0.01,0.0001,0,False,0,,,,,,,,,,
mp-aaaabsyn,GP,ctp-hap:0.01,1e-05,0,False,0,,,,,,,,,,
mp-aaaabsyn,GP,ctp-hap:1,0.001,0,False,0,,,,,,,,,,
mp-aaaabsyn,GP,ctp-hap:1,0.0001,0,False,0,,,,,,,,,,
mp-aaaabsyn,GP,ctp-hap:1,1e-05,0,False,0,,,,,,,,,,
mp-aaaabsyn,R3,hartree_only,0.001,6,True,0,tau=1e-06;k=1;margin=0.990025,U,,664.4781163746973,35506.0,9.890854619699544e-07,9.890852497037505e-07,,28.4355812918966,0.0
mp-aaaabsyn,R3,hartree_only,0.0001,6,True,0,tau=1e-06;k=1;margin=0.990025,U,,664.4781163746973,35506.0,9.890854619699544e-07,9.890852497037505e-07,,28.4355812918966,0.0
mp-aaaabsyn,R3,hartree_only,1e-05,6,True,0,tau=1e-06;k=1;margin=0.990025,U,,664.4781163746973,35506.0,9.890854619699544e-07,9.890852497037505e-07,,28.4355812918966,0.0
mp-aaaabsyn,R3,none,0.001,6,True,3,tau=1e-06;k=0;margin=0.995,U,,663.0588499803272,35582.0,9.934318050654671e-07,9.934315937279446e-07,0.0006699999999995,36.14147526225588,0.0
mp-aaaabsyn,R3,none,0.0001,6,False,5,,,,,,,,,,
mp-aaaabsyn,R3,none,1e-05,6,False,5,,,,,,,,,,
mp-aaaabsyn,R3,uniform,0.001,0,False,0,,,,,,,,,,
mp-aaaabsyn,R3,uniform,0.0001,0,False,0,,,,,,,,,,
mp-aaaabsyn,R3,uniform,1e-05,0,False,0,,,,,,,,,,
mp-aaaabsyn,R3,hap:0.0001,0.001,0,False,0,,,,,,,,,,
mp-aaaabsyn,R3,hap:0.0001,0.0001,0,False,0,,,,,,,,,,
mp-aaaabsyn,R3,hap:0.0001,1e-05,0,False,0,,,,,,,,,,
mp-aaaabsyn,R3,hap:0.01,0.001,0,False,0,,,,,,,,,,
mp-aaaabsyn,R3,hap:0.01,0.0001,0,False,0,,,,,,,,,,
mp-aaaabsyn,R3,hap:0.01,1e-05,0,False,0,,,,,,,,,,
mp-aaaabsyn,R3,hap:1,0.001,0,False,0,,,,,,,,,,
mp-aaaabsyn,R3,hap:1,0.0001,0,False,0,,,,,,,,,,
mp-aaaabsyn,R3,hap:1,1e-05,0,False,0,,,,,,,,,,
mp-aaaabsyn,R3,ctp-uniform,0.001,6,True,3,tau=1e-06;k=0;margin=0.995,U,unprojected,663.0402158334036,35583.0,9.934318050654671e-07,9.934315937279446e-07,0.0006699999999995,36.14147526225588,2.8103307759323277e-05
mp-aaaabsyn,R3,ctp-uniform,0.0001,6,False,5,,,,,,,,,,
mp-aaaabsyn,R3,ctp-uniform,1e-05,6,False,5,,,,,,,,,,
mp-aaaabsyn,R3,ctp-hap:0.0001,0.001,6,True,3,tau=1e-06;k=0;margin=0.995,U,unprojected,663.0402158334036,35583.0,9.934318050654671e-07,9.934315937279446e-07,0.0006699999999995,36.14147526225588,2.8103307759323277e-05
mp-aaaabsyn,R3,ctp-hap:0.0001,0.0001,6,False,5,,,,,,,,,,
mp-aaaabsyn,R3,ctp-hap:0.0001,1e-05,6,False,5,,,,,,,,,,
mp-aaaabsyn,R3,ctp-hap:0.01,0.001,6,True,3,tau=1e-06;k=0;margin=0.995,U,unprojected,663.0402158334036,35583.0,9.934318050654671e-07,9.934315937279446e-07,0.0006699999999995,36.14147526225588,2.8103307759323277e-05
mp-aaaabsyn,R3,ctp-hap:0.01,0.0001,6,False,5,,,,,,,,,,
mp-aaaabsyn,R3,ctp-hap:0.01,1e-05,6,False,5,,,,,,,,,,
mp-aaaabsyn,R3,ctp-hap:1,0.001,6,True,3,tau=1e-06;k=0;margin=0.995,U,unprojected,663.0402158334036,35583.0,9.934318050654671e-07,9.934315937279446e-07,0.0006699999999995,36.14147526225588,2.8103307759323277e-05
mp-aaaabsyn,R3,ctp-hap:1,0.0001,6,False,5,,,,,,,,,,
mp-aaaabsyn,R3,ctp-hap:1,1e-05,6,False,5,,,,,,,,,,
mp-aaaabsyn,GF,hartree_only,0.001,41,True,0,ZFP;tol_rel=0.0001,U,,33.5104424698316,704048.0,6.846111814502118e-07,6.846111465231835e-07,,0.2270553668749926,0.0
mp-aaaabsyn,GF,hartree_only,0.0001,41,True,0,ZFP;tol_rel=0.0001,U,,33.5104424698316,704048.0,6.846111814502118e-07,6.846111465231835e-07,,0.2270553668749926,0.0
mp-aaaabsyn,GF,hartree_only,1e-05,41,True,0,ZFP;tol_rel=0.0001,U,,33.5104424698316,704048.0,6.846111814502118e-07,6.846111465231835e-07,,0.2270553668749926,0.0
mp-aaaabsyn,GF,none,0.001,41,True,1,ZFP;tol_rel=0.0001,U,,33.5104424698316,704048.0,6.846111814502118e-07,6.846111465231835e-07,2.300000000055036e-05,0.2270553668749926,0.0
mp-aaaabsyn,GF,none,0.0001,41,True,1,ZFP;tol_rel=0.0001,U,,33.5104424698316,704048.0,6.846111814502118e-07,6.846111465231835e-07,2.300000000055036e-05,0.2270553668749926,0.0
mp-aaaabsyn,GF,none,1e-05,41,True,2,ZFP;tol_rel=4.64159e-05,U,,28.729298990764917,821216.0,4.056840145031787e-07,4.056839986282004e-07,8.999999998593466e-06,0.1216478406249734,0.0
mp-aaaabsyn,GF,uniform,0.001,44,True,1,ZFP;tol_rel=0.000215443,uniform,,39.45469383386624,597976.0,7.521010803289832e-07,7.521009652182421e-07,0.0,0.5467612608063064,0.0003745969737915
mp-aaaabsyn,GF,uniform,0.0001,44,True,1,ZFP;tol_rel=0.000215443,uniform,,39.45469383386624,597976.0,7.521010803289832e-07,7.521009652182421e-07,0.0,0.5467612608063064,0.0003745969737915
mp-aaaabsyn,GF,uniform,1e-05,44,True,1,ZFP;tol_rel=0.000215443,uniform,,39.45469383386624,597976.0,7.521010803289832e-07,7.521009652182421e-07,0.0,0.5467612608063064,0.0003745969737915
mp-aaaabsyn,GF,hap:0.0001,0.001,41,True,1,ZFP;tol_rel=0.0001,hap:0.0001,,33.49940364627705,704280.0,6.845873055696573e-07,6.845872706416507e-07,0.0,0.2268641259807395,0.0003294144374396
mp-aaaabsyn,GF,hap:0.0001,0.0001,41,True,1,ZFP;tol_rel=0.0001,hap:0.0001,,33.49940364627705,704280.0,6.845873055696573e-07,6.845872706416507e-07,0.0,0.2268641259807395,0.0003294144374396
mp-aaaabsyn,GF,hap:0.0001,1e-05,41,True,1,ZFP;tol_rel=0.0001,hap:0.0001,,33.49940364627705,704280.0,6.845873055696573e-07,6.845872706416507e-07,0.0,0.2268641259807395,0.0003294144374396
mp-aaaabsyn,GF,hap:0.01,0.001,41,True,1,ZFP;tol_rel=0.0001,hap:0.01,,33.49940364627705,704280.0,6.843522401756171e-07,6.843522052361225e-07,0.0,0.2271305691691623,0.0003294144374396
mp-aaaabsyn,GF,hap:0.01,0.0001,41,True,1,ZFP;tol_rel=0.0001,hap:0.01,,33.49940364627705,704280.0,6.843522401756171e-07,6.843522052361225e-07,0.0,0.2271305691691623,0.0003294144374396
mp-aaaabsyn,GF,hap:0.01,1e-05,41,True,1,ZFP;tol_rel=0.0001,hap:0.01,,33.49940364627705,704280.0,6.843522401756171e-07,6.843522052361225e-07,0.0,0.2271305691691623,0.0003294144374396
mp-aaaabsyn,GF,hap:1,0.001,41,True,1,ZFP;tol_rel=0.0001,hap:1,,33.49940364627705,704280.0,6.746483939256168e-07,6.746483584834366e-07,0.0,0.2270505614947069,0.0003294144374396
mp-aaaabsyn,GF,hap:1,0.0001,41,True,1,ZFP;tol_rel=0.0001,hap:1,,33.49940364627705,704280.0,6.746483939256168e-07,6.746483584834366e-07,0.0,0.2270505614947069,0.0003294144374396
mp-aaaabsyn,GF,hap:1,1e-05,41,True,1,ZFP;tol_rel=0.0001,hap:1,,33.49940364627705,704280.0,6.746483939256168e-07,6.746483584834366e-07,0.0,0.2270505614947069,0.0003294144374396
mp-aaaabsyn,GF,ctp-uniform,0.001,85,True,2,ZFP;tol_rel=0.0001,U,unprojected,33.51039487308412,704049.0,6.846111814502118e-07,6.846111465231835e-07,2.300000000055036e-05,0.2270553668749926,1.4203556854707556e-06
mp-aaaabsyn,GF,ctp-uniform,0.0001,85,True,2,ZFP;tol_rel=0.0001,U,unprojected,33.51039487308412,704049.0,6.846111814502118e-07,6.846111465231835e-07,2.300000000055036e-05,0.2270553668749926,1.4203556854707556e-06
mp-aaaabsyn,GF,ctp-uniform,1e-05,85,True,1,ZFP;tol_rel=0.000215443,uniform,projected,39.45462785357965,597977.0,7.521010803289832e-07,7.521009652182421e-07,0.0,0.5467612608063064,0.0003762686524732
mp-aaaabsyn,GF,ctp-hap:0.0001,0.001,82,True,1,ZFP;tol_rel=0.0001,U,unprojected,33.51039487308412,704049.0,6.846111814502118e-07,6.846111465231835e-07,2.300000000055036e-05,0.2270553668749926,1.4203556854707556e-06
mp-aaaabsyn,GF,ctp-hap:0.0001,0.0001,82,True,1,ZFP;tol_rel=0.0001,U,unprojected,33.51039487308412,704049.0,6.846111814502118e-07,6.846111465231835e-07,2.300000000055036e-05,0.2270553668749926,1.4203556854707556e-06
mp-aaaabsyn,GF,ctp-hap:0.0001,1e-05,82,True,2,ZFP;tol_rel=0.0001,hap:0.0001,projected,33.499356080882485,704281.0,6.845873055696573e-07,6.845872706416507e-07,0.0,0.2268641259807395,0.0003308338575085
mp-aaaabsyn,GF,ctp-hap:0.01,0.001,82,True,1,ZFP;tol_rel=0.0001,U,unprojected,33.51039487308412,704049.0,6.846111814502118e-07,6.846111465231835e-07,2.300000000055036e-05,0.2270553668749926,1.4203556854707556e-06
mp-aaaabsyn,GF,ctp-hap:0.01,0.0001,82,True,1,ZFP;tol_rel=0.0001,U,unprojected,33.51039487308412,704049.0,6.846111814502118e-07,6.846111465231835e-07,2.300000000055036e-05,0.2270553668749926,1.4203556854707556e-06
mp-aaaabsyn,GF,ctp-hap:0.01,1e-05,82,True,2,ZFP;tol_rel=0.0001,hap:0.01,projected,33.499356080882485,704281.0,6.843522401756171e-07,6.843522052361225e-07,0.0,0.2271305691691623,0.0003308338575085
mp-aaaabsyn,GF,ctp-hap:1,0.001,82,True,1,ZFP;tol_rel=0.0001,U,unprojected,33.51039487308412,704049.0,6.846111814502118e-07,6.846111465231835e-07,2.300000000055036e-05,0.2270553668749926,1.4203556854707556e-06
mp-aaaabsyn,GF,ctp-hap:1,0.0001,82,True,1,ZFP;tol_rel=0.0001,U,unprojected,33.51039487308412,704049.0,6.846111814502118e-07,6.846111465231835e-07,2.300000000055036e-05,0.2270553668749926,1.4203556854707556e-06
mp-aaaabsyn,GF,ctp-hap:1,1e-05,82,True,2,ZFP;tol_rel=0.0001,hap:1,projected,33.499356080882485,704281.0,6.746483939256168e-07,6.746483584834366e-07,0.0,0.2270505614947069,0.0003308338575085
mp-aaacpkjv,J,hartree_only,0.001,19,True,0,alpha_rel=0.1,U,,1334.644742796802,19887.0,5.578017238976322e-07,5.578016976398114e-07,,12.88788879514626,0.0
mp-aaacpkjv,J,hartree_only,0.0001,19,True,0,alpha_rel=0.1,U,,1334.644742796802,19887.0,5.578017238976322e-07,5.578016976398114e-07,,12.88788879514626,0.0
mp-aaacpkjv,J,hartree_only,1e-05,19,True,0,alpha_rel=0.1,U,,1334.644742796802,19887.0,5.578017238976322e-07,5.578016976398114e-07,,12.88788879514626,0.0
mp-aaacpkjv,J,none,0.001,19,True,1,alpha_rel=0.1,U,,1334.644742796802,19887.0,5.578017238976322e-07,5.578016976398114e-07,0.0003200000000003,12.88788879514626,0.0
mp-aaacpkjv,J,none,0.0001,19,True,4,alpha_rel=0.01,U,,737.3619291032337,35996.0,8.609982984344442e-08,8.609965973077532e-08,4.900000000063187e-05,4.755661246666048,0.0
mp-aaacpkjv,J,none,1e-05,19,False,5,,,,,,,,,,
mp-aaacpkjv,J,uniform,0.001,19,True,1,alpha_rel=0.1,uniform,,1319.779225299587,20111.0,8.116126240536819e-07,8.11612606008461e-07,0.0,12.890796536614378,0.0111381830838844
mp-aaacpkjv,J,uniform,0.0001,19,True,1,alpha_rel=0.1,uniform,,1319.779225299587,20111.0,8.116126240536819e-07,8.11612606008461e-07,0.0,12.890796536614378,0.0111381830838844
mp-aaacpkjv,J,uniform,1e-05,19,True,1,alpha_rel=0.1,uniform,,1319.779225299587,20111.0,8.116126240536819e-07,8.11612606008461e-07,0.0,12.890796536614378,0.0111381830838844
mp-aaacpkjv,J,hap:0.0001,0.001,19,True,1,alpha_rel=0.1,hap:0.0001,,1319.254436105174,20119.0,5.625715180136455e-07,5.625714916059991e-07,0.0,12.901792498697606,0.0115313882399721
mp-aaacpkjv,J,hap:0.0001,0.0001,19,True,1,alpha_rel=0.1,hap:0.0001,,1319.254436105174,20119.0,5.625715180136455e-07,5.625714916059991e-07,0.0,12.901792498697606,0.0115313882399721
mp-aaacpkjv,J,hap:0.0001,1e-05,19,True,1,alpha_rel=0.1,hap:0.0001,,1319.254436105174,20119.0,5.625715180136455e-07,5.625714916059991e-07,0.0,12.901792498697606,0.0115313882399721
mp-aaacpkjv,J,hap:0.01,0.001,19,True,1,alpha_rel=0.1,hap:0.01,,1319.254436105174,20119.0,6.15222797094143e-07,6.152227732823303e-07,0.0,12.890794994221352,0.0115313882399721
mp-aaacpkjv,J,hap:0.01,0.0001,19,True,1,alpha_rel=0.1,hap:0.01,,1319.254436105174,20119.0,6.15222797094143e-07,6.152227732823303e-07,0.0,12.890794994221352,0.0115313882399721
mp-aaacpkjv,J,hap:0.01,1e-05,19,True,1,alpha_rel=0.1,hap:0.01,,1319.254436105174,20119.0,6.15222797094143e-07,6.152227732823303e-07,0.0,12.890794994221352,0.0115313882399721
mp-aaacpkjv,J,hap:1,0.001,19,True,1,alpha_rel=0.1,hap:1,,1319.254436105174,20119.0,7.153404264267588e-07,7.153404059527596e-07,0.0,12.890587601246848,0.0115313882399721
mp-aaacpkjv,J,hap:1,0.0001,19,True,1,alpha_rel=0.1,hap:1,,1319.254436105174,20119.0,7.153404264267588e-07,7.153404059527596e-07,0.0,12.890587601246848,0.0115313882399721
mp-aaacpkjv,J,hap:1,1e-05,19,True,1,alpha_rel=0.1,hap:1,,1319.254436105174,20119.0,7.153404264267588e-07,7.153404059527596e-07,0.0,12.890587601246848,0.0115313882399721
mp-aaacpkjv,J,ctp-uniform,0.001,38,True,1,alpha_rel=0.1,U,unprojected,1334.577634754626,19888.0,5.578017238976322e-07,5.578016976398114e-07,0.0003200000000003,12.88788879514626,5.0281576830249393e-05
mp-aaacpkjv,J,ctp-uniform,0.0001,38,True,2,alpha_rel=0.1,uniform,projected,1319.7136038186156,20112.0,8.116126240536819e-07,8.11612606008461e-07,0.0,12.890796536614378,0.0111873508353221
mp-aaacpkjv,J,ctp-uniform,1e-05,38,True,2,alpha_rel=0.1,uniform,projected,1319.7136038186156,20112.0,8.116126240536819e-07,8.11612606008461e-07,0.0,12.890796536614378,0.0111873508353221
mp-aaacpkjv,J,ctp-hap:0.0001,0.001,38,True,1,alpha_rel=0.1,U,unprojected,1334.577634754626,19888.0,5.578017238976322e-07,5.578016976398114e-07,0.0003200000000003,12.88788879514626,5.0281576830249393e-05
mp-aaacpkjv,J,ctp-hap:0.0001,0.0001,38,True,2,alpha_rel=0.1,hap:0.0001,projected,1319.1888667992048,20120.0,5.625715180136455e-07,5.625714916059991e-07,0.0,12.901792498697606,0.0115805168986083
mp-aaacpkjv,J,ctp-hap:0.0001,1e-05,38,True,2,alpha_rel=0.1,hap:0.0001,projected,1319.1888667992048,20120.0,5.625715180136455e-07,5.625714916059991e-07,0.0,12.901792498697606,0.0115805168986083
mp-aaacpkjv,J,ctp-hap:0.01,0.001,38,True,1,alpha_rel=0.1,U,unprojected,1334.577634754626,19888.0,5.578017238976322e-07,5.578016976398114e-07,0.0003200000000003,12.88788879514626,5.0281576830249393e-05
mp-aaacpkjv,J,ctp-hap:0.01,0.0001,38,True,2,alpha_rel=0.1,hap:0.01,projected,1319.1888667992048,20120.0,6.15222797094143e-07,6.152227732823303e-07,0.0,12.890794994221352,0.0115805168986083
mp-aaacpkjv,J,ctp-hap:0.01,1e-05,38,True,2,alpha_rel=0.1,hap:0.01,projected,1319.1888667992048,20120.0,6.15222797094143e-07,6.152227732823303e-07,0.0,12.890794994221352,0.0115805168986083
mp-aaacpkjv,J,ctp-hap:1,0.001,38,True,1,alpha_rel=0.1,U,unprojected,1334.577634754626,19888.0,5.578017238976322e-07,5.578016976398114e-07,0.0003200000000003,12.88788879514626,5.0281576830249393e-05
mp-aaacpkjv,J,ctp-hap:1,0.0001,38,True,2,alpha_rel=0.1,hap:1,projected,1319.1888667992048,20120.0,7.153404264267588e-07,7.153404059527596e-07,0.0,12.890587601246848,0.0115805168986083
mp-aaacpkjv,J,ctp-hap:1,1e-05,38,True,2,alpha_rel=0.1,hap:1,projected,1319.1888667992048,20120.0,7.153404264267588e-07,7.153404059527596e-07,0.0,12.890587601246848,0.0115805168986083
mp-aaacpkjv,T1,hartree_only,0.001,50,True,0,q_cut=0.2;alpha_rel=0.0001,U,,928.4018328727832,28589.0,9.587618061703682e-07,9.587617908937296e-07,,11.117424451149418,0.0
mp-aaacpkjv,T1,hartree_only,0.0001,50,True,0,q_cut=0.2;alpha_rel=0.0001,U,,928.4018328727832,28589.0,9.587618061703682e-07,9.587617908937296e-07,,11.117424451149418,0.0
mp-aaacpkjv,T1,hartree_only,1e-05,50,True,0,q_cut=0.2;alpha_rel=0.0001,U,,928.4018328727832,28589.0,9.587618061703682e-07,9.587617908937296e-07,,11.117424451149418,0.0
mp-aaacpkjv,T1,none,0.001,50,True,1,q_cut=0.2;alpha_rel=0.0001,U,,928.4018328727832,28589.0,9.587618061703682e-07,9.587617908937296e-07,0.0002720000000007,11.117424451149418,0.0
mp-aaacpkjv,T1,none,0.0001,50,True,5,q_cut=0.3;alpha_rel=0.0001,U,,596.7865092748735,44475.0,9.436871326259766e-07,9.436871171053058e-07,3.0999999999892225e-05,3.351059694226024,0.0
mp-aaacpkjv,T1,none,1e-05,50,False,5,,,,,,,,,,
mp-aaacpkjv,T1,uniform,0.001,60,True,1,q_cut=0.2;alpha_rel=0.000464159,uniform,,1249.039058823529,21250.0,8.262938417690283e-07,8.262938240134921e-07,0.0,11.315326243182426,0.0105411764705882
mp-aaacpkjv,T1,uniform,0.0001,60,True,1,q_cut=0.2;alpha_rel=0.000464159,uniform,,1249.039058823529,21250.0,8.262938417690283e-07,8.262938240134921e-07,0.0,11.315326243182426,0.0105411764705882
mp-aaacpkjv,T1,uniform,1e-05,60,True,1,q_cut=0.2;alpha_rel=0.000464159,uniform,,1249.039058823529,21250.0,8.262938417690283e-07,8.262938240134921e-07,0.0,11.315326243182426,0.0105411764705882
mp-aaacpkjv,T1,hap:0.0001,0.001,50,True,1,q_cut=0.2;alpha_rel=0.0001,hap:0.0001,,920.9284896429688,28821.0,9.594592661146056e-07,9.594592505516769e-07,0.0,11.121056052441418,0.0080496859928524
mp-aaacpkjv,T1,hap:0.0001,0.0001,50,True,1,q_cut=0.2;alpha_rel=0.0001,hap:0.0001,,920.9284896429688,28821.0,9.594592661146056e-07,9.594592505516769e-07,0.0,11.121056052441418,0.0080496859928524
mp-aaacpkjv,T1,hap:0.0001,1e-05,50,True,1,q_cut=0.2;alpha_rel=0.0001,hap:0.0001,,920.9284896429688,28821.0,9.594592661146056e-07,9.594592505516769e-07,0.0,11.121056052441418,0.0080496859928524
mp-aaacpkjv,T1,hap:0.01,0.001,50,True,1,q_cut=0.2;alpha_rel=0.0001,hap:0.01,,920.9284896429688,28821.0,9.505540345506094e-07,9.505540190953572e-07,0.0,11.11209639747267,0.0080496859928524
mp-aaacpkjv,T1,hap:0.01,0.0001,50,True,1,q_cut=0.2;alpha_rel=0.0001,hap:0.01,,920.9284896429688,28821.0,9.505540345506094e-07,9.505540190953572e-07,0.0,11.11209639747267,0.0080496859928524
mp-aaacpkjv,T1,hap:0.01,1e-05,50,True,1,q_cut=0.2;alpha_rel=0.0001,hap:0.01,,920.9284896429688,28821.0,9.505540345506094e-07,9.505540190953572e-07,0.0,11.11209639747267,0.0080496859928524
mp-aaacpkjv,T1,hap:1,0.001,55,True,1,q_cut=0.2;alpha_rel=0.000215443,hap:1,,1060.156574532673,25036.0,9.638134448685682e-07,9.638134296479712e-07,0.0,11.233805653081616,0.0092666560153379
mp-aaacpkjv,T1,hap:1,0.0001,55,True,1,q_cut=0.2;alpha_rel=0.000215443,hap:1,,1060.156574532673,25036.0,9.638134448685682e-07,9.638134296479712e-07,0.0,11.233805653081616,0.0092666560153379
mp-aaacpkjv,T1,hap:1,1e-05,55,True,1,q_cut=0.2;alpha_rel=0.000215443,hap:1,,1060.156574532673,25036.0,9.638134448685682e-07,9.638134296479712e-07,0.0,11.233805653081616,0.0092666560153379
mp-aaacpkjv,T1,ctp-uniform,0.001,110,True,4,q_cut=0.2;alpha_rel=0.0001,U,unprojected,928.3693599160546,28590.0,9.587618061703682e-07,9.587617908937296e-07,0.0002720000000007,11.117424451149418,3.497726477789437e-05
mp-aaacpkjv,T1,ctp-uniform,0.0001,110,True,1,q_cut=0.2;alpha_rel=0.000464159,uniform,projected,1248.9802832807868,21251.0,8.262938417690283e-07,8.262938240134921e-07,0.0,11.315326243182426,0.0105877370476683
mp-aaacpkjv,T1,ctp-uniform,1e-05,110,True,1,q_cut=0.2;alpha_rel=0.000464159,uniform,projected,1248.9802832807868,21251.0,8.262938417690283e-07,8.262938240134921e-07,0.0,11.315326243182426,0.0105877370476683
mp-aaacpkjv,T1,ctp-hap:0.0001,0.001,100,True,1,q_cut=0.2;alpha_rel=0.0001,U,unprojected,928.3693599160546,28590.0,9.587618061703682e-07,9.587617908937296e-07,0.0002720000000007,11.117424451149418,3.497726477789437e-05
mp-aaacpkjv,T1,ctp-hap:0.0001,0.0001,100,True,2,q_cut=0.2;alpha_rel=0.0001,hap:0.0001,projected,920.8965373672888,28822.0,9.594592661146056e-07,9.594592505516769e-07,0.0,11.121056052441418,0.0080841024217611
mp-aaacpkjv,T1,ctp-hap:0.0001,1e-05,100,True,2,q_cut=0.2;alpha_rel=0.0001,hap:0.0001,projected,920.8965373672888,28822.0,9.594592661146056e-07,9.594592505516769e-07,0.0,11.121056052441418,0.0080841024217611
mp-aaacpkjv,T1,ctp-hap:0.01,0.001,100,True,1,q_cut=0.2;alpha_rel=0.0001,U,unprojected,928.3693599160546,28590.0,9.587618061703682e-07,9.587617908937296e-07,0.0002720000000007,11.117424451149418,3.497726477789437e-05
mp-aaacpkjv,T1,ctp-hap:0.01,0.0001,100,True,2,q_cut=0.2;alpha_rel=0.0001,hap:0.01,projected,920.8965373672888,28822.0,9.505540345506094e-07,9.505540190953572e-07,0.0,11.11209639747267,0.0080841024217611
mp-aaacpkjv,T1,ctp-hap:0.01,1e-05,100,True,2,q_cut=0.2;alpha_rel=0.0001,hap:0.01,projected,920.8965373672888,28822.0,9.505540345506094e-07,9.505540190953572e-07,0.0,11.11209639747267,0.0080841024217611
mp-aaacpkjv,T1,ctp-hap:1,0.001,105,True,2,q_cut=0.2;alpha_rel=0.0001,U,unprojected,928.3693599160546,28590.0,9.587618061703682e-07,9.587617908937296e-07,0.0002720000000007,11.117424451149418,3.497726477789437e-05
mp-aaacpkjv,T1,ctp-hap:1,0.0001,105,True,1,q_cut=0.2;alpha_rel=0.000215443,hap:1,projected,1060.1142309382114,25037.0,9.638134448685682e-07,9.638134296479712e-07,0.0,11.233805653081616,0.0093062267843591
mp-aaacpkjv,T1,ctp-hap:1,1e-05,105,True,1,q_cut=0.2;alpha_rel=0.000215443,hap:1,projected,1060.1142309382114,25037.0,9.638134448685682e-07,9.638134296479712e-07,0.0,11.233805653081616,0.0093062267843591
mp-aaacpkjv,GP,hartree_only,0.001,0,False,0,,,,,,,,,,
mp-aaacpkjv,GP,hartree_only,0.0001,0,False,0,,,,,,,,,,
mp-aaacpkjv,GP,hartree_only,1e-05,0,False,0,,,,,,,,,,
mp-aaacpkjv,GP,none,0.001,0,False,0,,,,,,,,,,
mp-aaacpkjv,GP,none,0.0001,0,False,0,,,,,,,,,,
mp-aaacpkjv,GP,none,1e-05,0,False,0,,,,,,,,,,
mp-aaacpkjv,GP,uniform,0.001,0,False,0,,,,,,,,,,
mp-aaacpkjv,GP,uniform,0.0001,0,False,0,,,,,,,,,,
mp-aaacpkjv,GP,uniform,1e-05,0,False,0,,,,,,,,,,
mp-aaacpkjv,GP,hap:0.0001,0.001,0,False,0,,,,,,,,,,
mp-aaacpkjv,GP,hap:0.0001,0.0001,0,False,0,,,,,,,,,,
mp-aaacpkjv,GP,hap:0.0001,1e-05,0,False,0,,,,,,,,,,
mp-aaacpkjv,GP,hap:0.01,0.001,0,False,0,,,,,,,,,,
mp-aaacpkjv,GP,hap:0.01,0.0001,0,False,0,,,,,,,,,,
mp-aaacpkjv,GP,hap:0.01,1e-05,0,False,0,,,,,,,,,,
mp-aaacpkjv,GP,hap:1,0.001,0,False,0,,,,,,,,,,
mp-aaacpkjv,GP,hap:1,0.0001,0,False,0,,,,,,,,,,
mp-aaacpkjv,GP,hap:1,1e-05,0,False,0,,,,,,,,,,
mp-aaacpkjv,GP,ctp-uniform,0.001,0,False,0,,,,,,,,,,
mp-aaacpkjv,GP,ctp-uniform,0.0001,0,False,0,,,,,,,,,,
mp-aaacpkjv,GP,ctp-uniform,1e-05,0,False,0,,,,,,,,,,
mp-aaacpkjv,GP,ctp-hap:0.0001,0.001,0,False,0,,,,,,,,,,
mp-aaacpkjv,GP,ctp-hap:0.0001,0.0001,0,False,0,,,,,,,,,,
mp-aaacpkjv,GP,ctp-hap:0.0001,1e-05,0,False,0,,,,,,,,,,
mp-aaacpkjv,GP,ctp-hap:0.01,0.001,0,False,0,,,,,,,,,,
mp-aaacpkjv,GP,ctp-hap:0.01,0.0001,0,False,0,,,,,,,,,,
mp-aaacpkjv,GP,ctp-hap:0.01,1e-05,0,False,0,,,,,,,,,,
mp-aaacpkjv,GP,ctp-hap:1,0.001,0,False,0,,,,,,,,,,
mp-aaacpkjv,GP,ctp-hap:1,0.0001,0,False,0,,,,,,,,,,
mp-aaacpkjv,GP,ctp-hap:1,1e-05,0,False,0,,,,,,,,,,
mp-aaacpkjv,R3,hartree_only,0.001,6,True,0,tau=1e-06;k=0;margin=0.995,U,,2281.0312822275696,11636.0,9.949682560806878e-07,9.949682413599592e-07,,20.96383046494429,0.0
mp-aaacpkjv,R3,hartree_only,0.0001,6,True,0,tau=1e-06;k=0;margin=0.995,U,,2281.0312822275696,11636.0,9.949682560806878e-07,9.949682413599592e-07,,20.96383046494429,0.0
mp-aaacpkjv,R3,hartree_only,1e-05,6,True,0,tau=1e-06;k=0;margin=0.995,U,,2281.0312822275696,11636.0,9.949682560806878e-07,9.949682413599592e-07,,20.96383046494429,0.0
mp-aaacpkjv,R3,none,0.001,6,False,5,,,,,,,,,,
mp-aaacpkjv,R3,none,0.0001,6,False,5,,,,,,,,,,
mp-aaacpkjv,R3,none,1e-05,6,False,5,,,,,,,,,,
mp-aaacpkjv,R3,uniform,0.001,0,False,0,,,,,,,,,,
mp-aaacpkjv,R3,uniform,0.0001,0,False,0,,,,,,,,,,
mp-aaacpkjv,R3,uniform,1e-05,0,False,0,,,,,,,,,,
mp-aaacpkjv,R3,hap:0.0001,0.001,0,False,0,,,,,,,,,,
mp-aaacpkjv,R3,hap:0.0001,0.0001,0,False,0,,,,,,,,,,
mp-aaacpkjv,R3,hap:0.0001,1e-05,0,False,0,,,,,,,,,,
mp-aaacpkjv,R3,hap:0.01,0.001,0,False,0,,,,,,,,,,
mp-aaacpkjv,R3,hap:0.01,0.0001,0,False,0,,,,,,,,,,
mp-aaacpkjv,R3,hap:0.01,1e-05,0,False,0,,,,,,,,,,
mp-aaacpkjv,R3,hap:1,0.001,0,False,0,,,,,,,,,,
mp-aaacpkjv,R3,hap:1,0.0001,0,False,0,,,,,,,,,,
mp-aaacpkjv,R3,hap:1,1e-05,0,False,0,,,,,,,,,,
mp-aaacpkjv,R3,ctp-uniform,0.001,6,False,5,,,,,,,,,,
mp-aaacpkjv,R3,ctp-uniform,0.0001,6,False,5,,,,,,,,,,
mp-aaacpkjv,R3,ctp-uniform,1e-05,6,False,5,,,,,,,,,,
mp-aaacpkjv,R3,ctp-hap:0.0001,0.001,6,False,5,,,,,,,,,,
mp-aaacpkjv,R3,ctp-hap:0.0001,0.0001,6,False,5,,,,,,,,,,
mp-aaacpkjv,R3,ctp-hap:0.0001,1e-05,6,False,5,,,,,,,,,,
mp-aaacpkjv,R3,ctp-hap:0.01,0.001,6,False,5,,,,,,,,,,
mp-aaacpkjv,R3,ctp-hap:0.01,0.0001,6,False,5,,,,,,,,,,
mp-aaacpkjv,R3,ctp-hap:0.01,1e-05,6,False,5,,,,,,,,,,
mp-aaacpkjv,R3,ctp-hap:1,0.001,6,False,5,,,,,,,,,,
mp-aaacpkjv,R3,ctp-hap:1,0.0001,6,False,5,,,,,,,,,,
mp-aaacpkjv,R3,ctp-hap:1,1e-05,6,False,5,,,,,,,,,,
mp-aaacpkjv,GF,hartree_only,0.001,43,True,0,ZFP;tol_rel=0.000215443,U,,29.49093785833015,900008.0,2.1459028398324089e-07,2.145902438838735e-07,,0.2522945537499481,0.0
mp-aaacpkjv,GF,hartree_only,0.0001,43,True,0,ZFP;tol_rel=0.000215443,U,,29.49093785833015,900008.0,2.1459028398324089e-07,2.145902438838735e-07,,0.2522945537499481,0.0
mp-aaacpkjv,GF,hartree_only,1e-05,43,True,0,ZFP;tol_rel=0.000215443,U,,29.49093785833015,900008.0,2.1459028398324089e-07,2.145902438838735e-07,,0.2522945537499481,0.0
mp-aaacpkjv,GF,none,0.001,43,True,1,ZFP;tol_rel=0.000215443,U,,29.49093785833015,900008.0,2.1459028398324089e-07,2.145902438838735e-07,1.3999999998404178e-05,0.2522945537499481,0.0
mp-aaacpkjv,GF,none,0.0001,43,True,1,ZFP;tol_rel=0.000215443,U,,29.49093785833015,900008.0,2.1459028398324089e-07,2.145902438838735e-07,1.3999999998404178e-05,0.2522945537499481,0.0
mp-aaacpkjv,GF,none,1e-05,43,True,2,ZFP;tol_rel=0.0001,U,,25.348471188668,1047088.0,6.220149185823648e-07,6.22014914736576e-07,7.000000000090267e-06,0.1217285934374956,0.0
mp-aaacpkjv,GF,uniform,0.001,46,True,1,ZFP;tol_rel=0.000464159,uniform,,34.55388108355812,768136.0,6.912527439139526e-07,6.912526984829694e-07,0.0,0.5165933599587333,0.0002916150265057
mp-aaacpkjv,GF,uniform,0.0001,46,True,1,ZFP;tol_rel=0.000464159,uniform,,34.55388108355812,768136.0,6.912527439139526e-07,6.912526984829694e-07,0.0,0.5165933599587333,0.0002916150265057
mp-aaacpkjv,GF,uniform,1e-05,46,True,1,ZFP;tol_rel=0.000464159,uniform,,34.55388108355812,768136.0,6.912527439139526e-07,6.912526984829694e-07,0.0,0.5165933599587333,0.0002916150265057
mp-aaacpkjv,GF,hap:0.0001,0.001,43,True,1,ZFP;tol_rel=0.000215443,hap:0.0001,,29.483337776592908,900240.0,2.14387400276629e-07,2.143873601252232e-07,0.0,0.2520790724524886,0.000257709055363
mp-aaacpkjv,GF,hap:0.0001,0.0001,43,True,1,ZFP;tol_rel=0.000215443,hap:0.0001,,29.483337776592908,900240.0,2.14387400276629e-07,2.143873601252232e-07,0.0,0.2520790724524886,0.000257709055363
mp-aaacpkjv,GF,hap:0.0001,1e-05,43,True,1,ZFP;tol_rel=0.000215443,hap:0.0001,,29.483337776592908,900240.0,2.14387400276629e-07,2.143873601252232e-07,0.0,0.2520790724524886,0.000257709055363
mp-aaacpkjv,GF,hap:0.01,0.001,44,True,1,ZFP;tol_rel=0.000215443,hap:0.01,,29.483337776592908,900240.0,2.0792664998108775e-07,2.079266085924755e-07,0.0,0.2520436794947045,0.000257709055363
mp-aaacpkjv,GF,hap:0.01,0.0001,44,True,1,ZFP;tol_rel=0.000215443,hap:0.01,,29.483337776592908,900240.0,2.0792664998108775e-07,2.079266085924755e-07,0.0,0.2520436794947045,0.000257709055363
mp-aaacpkjv,GF,hap:0.01,1e-05,44,True,1,ZFP;tol_rel=0.000215443,hap:0.01,,29.483337776592908,900240.0,2.0792664998108775e-07,2.079266085924755e-07,0.0,0.2520436794947045,0.000257709055363
mp-aaacpkjv,GF,hap:1,0.001,45,True,1,ZFP;tol_rel=0.000464159,hap:1,,34.55352121477223,768144.0,8.059568984857122e-07,8.059568595190293e-07,0.0,0.5168774025229936,0.0003020267033264
mp-aaacpkjv,GF,hap:1,0.0001,45,True,1,ZFP;tol_rel=0.000464159,hap:1,,34.55352121477223,768144.0,8.059568984857122e-07,8.059568595190293e-07,0.0,0.5168774025229936,0.0003020267033264
mp-aaacpkjv,GF,hap:1,1e-05,45,True,1,ZFP;tol_rel=0.000464159,hap:1,,34.55352121477223,768144.0,8.059568984857122e-07,8.059568595190293e-07,0.0,0.5168774025229936,0.0003020267033264
mp-aaacpkjv,GF,ctp-uniform,0.001,89,True,2,ZFP;tol_rel=0.000215443,U,unprojected,29.49090509094909,900009.0,2.1459028398324089e-07,2.145902438838735e-07,1.3999999998404178e-05,0.2522945537499481,1.11110000011111e-06
mp-aaacpkjv,GF,ctp-uniform,0.0001,89,True,2,ZFP;tol_rel=0.000215443,U,unprojected,29.49090509094909,900009.0,2.1459028398324089e-07,2.145902438838735e-07,1.3999999998404178e-05,0.2522945537499481,1.11110000011111e-06
mp-aaacpkjv,GF,ctp-uniform,1e-05,89,True,1,ZFP;tol_rel=0.000464159,uniform,projected,34.55383609954995,768137.0,6.912527439139526e-07,6.912526984829694e-07,0.0,0.5165933599587333,0.0002929164979684
mp-aaacpkjv,GF,ctp-hap:0.0001,0.001,86,True,1,ZFP;tol_rel=0.000215443,U,unprojected,29.49090509094909,900009.0,2.1459028398324089e-07,2.145902438838735e-07,1.3999999998404178e-05,0.2522945537499481,1.11110000011111e-06
mp-aaacpkjv,GF,ctp-hap:0.0001,0.0001,86,True,1,ZFP;tol_rel=0.000215443,U,unprojected,29.49090509094909,900009.0,2.1459028398324089e-07,2.145902438838735e-07,1.3999999998404178e-05,0.2522945537499481,1.11110000011111e-06
mp-aaacpkjv,GF,ctp-hap:0.0001,1e-05,86,True,2,ZFP;tol_rel=0.000215443,hap:0.0001,projected,29.483305026098567,900241.0,2.14387400276629e-07,2.143873601252232e-07,0.0,0.2520790724524886,0.0002588195827561
mp-aaacpkjv,GF,ctp-hap:0.01,0.001,87,True,1,ZFP;tol_rel=0.000215443,U,unprojected,29.49090509094909,900009.0,2.1459028398324089e-07,2.145902438838735e-07,1.3999999998404178e-05,0.2522945537499481,1.11110000011111e-06
mp-aaacpkjv,GF,ctp-hap:0.01,0.0001,87,True,1,ZFP;tol_rel=0.000215443,U,unprojected,29.49090509094909,900009.0,2.1459028398324089e-07,2.145902438838735e-07,1.3999999998404178e-05,0.2522945537499481,1.11110000011111e-06
mp-aaacpkjv,GF,ctp-hap:0.01,1e-05,87,True,2,ZFP;tol_rel=0.000215443,hap:0.01,projected,29.483305026098567,900241.0,2.0792664998108775e-07,2.079266085924755e-07,0.0,0.2520436794947045,0.0002588195827561
mp-aaacpkjv,GF,ctp-hap:1,0.001,88,True,2,ZFP;tol_rel=0.000215443,U,unprojected,29.49090509094909,900009.0,2.1459028398324089e-07,2.145902438838735e-07,1.3999999998404178e-05,0.2522945537499481,1.11110000011111e-06
mp-aaacpkjv,GF,ctp-hap:1,0.0001,88,True,2,ZFP;tol_rel=0.000215443,U,unprojected,29.49090509094909,900009.0,2.1459028398324089e-07,2.145902438838735e-07,1.3999999998404178e-05,0.2522945537499481,1.11110000011111e-06
mp-aaacpkjv,GF,ctp-hap:1,1e-05,88,True,1,ZFP;tol_rel=0.000464159,hap:1,projected,34.55347623170105,768145.0,8.059568984857122e-07,8.059568595190293e-07,0.0,0.5168774025229936,0.0003033281476804
mp-aaaaacvc,J,hartree_only,0.001,18,True,0,alpha_rel=0.0464159,U,,664.9864708156166,46566.0,8.368955800588013e-07,8.368955745623583e-07,,3.748131837393252,0.0
mp-aaaaacvc,J,hartree_only,0.0001,18,True,0,alpha_rel=0.0464159,U,,664.9864708156166,46566.0,8.368955800588013e-07,8.368955745623583e-07,,3.748131837393252,0.0
mp-aaaaacvc,J,hartree_only,1e-05,18,True,0,alpha_rel=0.0464159,U,,664.9864708156166,46566.0,8.368955800588013e-07,8.368955745623583e-07,,3.748131837393252,0.0
mp-aaaaacvc,J,none,0.001,18,True,1,alpha_rel=0.0464159,U,,664.9864708156166,46566.0,8.368955800588013e-07,8.368955745623583e-07,0.0001030000000001,3.748131837393252,0.0
mp-aaaaacvc,J,none,0.0001,18,True,2,alpha_rel=0.0215443,U,,551.7776193870278,56120.0,4.493600630839041e-07,4.493600528472381e-07,8.300000000005525e-05,3.98802382651229,0.0
mp-aaaaacvc,J,none,1e-05,18,True,5,alpha_rel=0.00215443,U,,253.4624419870509,122171.0,7.29255296205787e-08,7.292546654320617e-08,7.999999999341867e-06,0.7890839019584701,0.0
mp-aaaaacvc,J,uniform,0.001,17,True,1,alpha_rel=0.0215443,uniform,,550.2089552238806,56280.0,6.691616746759673e-07,6.69161667795812e-07,0.0,3.984284208900135,0.0028429282160625
mp-aaaaacvc,J,uniform,0.0001,17,True,1,alpha_rel=0.0215443,uniform,,550.2089552238806,56280.0,6.691616746759673e-07,6.69161667795812e-07,0.0,3.984284208900135,0.0028429282160625
mp-aaaaacvc,J,uniform,1e-05,17,True,1,alpha_rel=0.0215443,uniform,,550.2089552238806,56280.0,6.691616746759673e-07,6.69161667795812e-07,0.0,3.984284208900135,0.0028429282160625
mp-aaaaacvc,J,hap:0.0001,0.001,18,True,1,alpha_rel=0.0464159,hap:0.0001,,662.5959686737707,46734.0,8.380093369831902e-07,8.380093313356773e-07,0.0,3.751996510386439,0.0035948131980998
mp-aaaaacvc,J,hap:0.0001,0.0001,18,True,1,alpha_rel=0.0464159,hap:0.0001,,662.5959686737707,46734.0,8.380093369831902e-07,8.380093313356773e-07,0.0,3.751996510386439,0.0035948131980998
mp-aaaaacvc,J,hap:0.0001,1e-05,18,True,1,alpha_rel=0.0464159,hap:0.0001,,662.5959686737707,46734.0,8.380093369831902e-07,8.380093313356773e-07,0.0,3.751996510386439,0.0035948131980998
mp-aaaaacvc,J,hap:0.01,0.001,18,True,1,alpha_rel=0.0464159,hap:0.01,,662.5959686737707,46734.0,8.675644977960523e-07,8.675644924786301e-07,0.0,3.74930650316326,0.0035948131980998
mp-aaaaacvc,J,hap:0.01,0.0001,18,True,1,alpha_rel=0.0464159,hap:0.01,,662.5959686737707,46734.0,8.675644977960523e-07,8.675644924786301e-07,0.0,3.74930650316326,0.0035948131980998
mp-aaaaacvc,J,hap:0.01,1e-05,18,True,1,alpha_rel=0.0464159,hap:0.01,,662.5959686737707,46734.0,8.675644977960523e-07,8.675644924786301e-07,0.0,3.74930650316326,0.0035948131980998
mp-aaaaacvc,J,hap:1,0.001,18,True,1,alpha_rel=0.0464159,hap:1,,662.5959686737707,46734.0,9.983973172533816e-07,9.983973126405596e-07,0.0,3.748454423533765,0.0035948131980998
mp-aaaaacvc,J,hap:1,0.0001,18,True,1,alpha_rel=0.0464159,hap:1,,662.5959686737707,46734.0,9.983973172533816e-07,9.983973126405596e-07,0.0,3.748454423533765,0.0035948131980998
mp-aaaaacvc,J,hap:1,1e-05,18,True,1,alpha_rel=0.0464159,hap:1,,662.5959686737707,46734.0,9.983973172533816e-07,9.983973126405596e-07,0.0,3.748454423533765,0.0035948131980998
mp-aaaaacvc,J,ctp-uniform,0.001,35,True,1,alpha_rel=0.0464159,U,unprojected,664.9721906070823,46567.0,8.368955800588013e-07,8.368955745623583e-07,0.0001030000000001,3.748131837393252,2.1474434685506904e-05
mp-aaaaacvc,J,ctp-uniform,0.0001,35,True,2,alpha_rel=0.0215443,U,unprojected,551.7677874592399,56121.0,4.493600630839041e-07,4.493600528472381e-07,8.300000000005525e-05,3.98802382651229,1.7818641863117193e-05
mp-aaaaacvc,J,ctp-uniform,1e-05,35,True,3,alpha_rel=0.0215443,uniform,projected,550.1991791190633,56281.0,6.691616746759673e-07,6.69161667795812e-07,0.0,3.984284208900135,0.0028606456885982
mp-aaaaacvc,J,ctp-hap:0.0001,0.001,36,True,1,alpha_rel=0.0464159,U,unprojected,664.9721906070823,46567.0,8.368955800588013e-07,8.368955745623583e-07,0.0001030000000001,3.748131837393252,2.1474434685506904e-05
mp-aaaaacvc,J,ctp-hap:0.0001,0.0001,36,True,2,alpha_rel=0.0464159,hap:0.0001,projected,662.5817909489676,46735.0,8.380093369831902e-07,8.380093313356773e-07,0.0,3.751996510386439,0.003616133518776
mp-aaaaacvc,J,ctp-hap:0.0001,1e-05,36,True,2,alpha_rel=0.0464159,hap:0.0001,projected,662.5817909489676,46735.0,8.380093369831902e-07,8.380093313356773e-07,0.0,3.751996510386439,0.003616133518776
mp-aaaaacvc,J,ctp-hap:0.01,0.001,36,True,1,alpha_rel=0.0464159,U,unprojected,664.9721906070823,46567.0,8.368955800588013e-07,8.368955745623583e-07,0.0001030000000001,3.748131837393252,2.1474434685506904e-05
mp-aaaaacvc,J,ctp-hap:0.01,0.0001,36,True,2,alpha_rel=0.0464159,hap:0.01,projected,662.5817909489676,46735.0,8.675644977960523e-07,8.675644924786301e-07,0.0,3.74930650316326,0.003616133518776
mp-aaaaacvc,J,ctp-hap:0.01,1e-05,36,True,2,alpha_rel=0.0464159,hap:0.01,projected,662.5817909489676,46735.0,8.675644977960523e-07,8.675644924786301e-07,0.0,3.74930650316326,0.003616133518776
mp-aaaaacvc,J,ctp-hap:1,0.001,36,True,1,alpha_rel=0.0464159,U,unprojected,664.9721906070823,46567.0,8.368955800588013e-07,8.368955745623583e-07,0.0001030000000001,3.748131837393252,2.1474434685506904e-05
mp-aaaaacvc,J,ctp-hap:1,0.0001,36,True,2,alpha_rel=0.0464159,hap:1,projected,662.5817909489676,46735.0,9.983973172533816e-07,9.983973126405596e-07,0.0,3.748454423533765,0.003616133518776
mp-aaaaacvc,J,ctp-hap:1,1e-05,36,True,2,alpha_rel=0.0464159,hap:1,projected,662.5817909489676,46735.0,9.983973172533816e-07,9.983973126405596e-07,0.0,3.748454423533765,0.003616133518776
mp-aaaaacvc,T1,hartree_only,0.001,54,True,0,q_cut=0.15;alpha_rel=4.64159e-05,U,,529.0217651279598,58534.0,9.311135952269004e-07,9.311135902866344e-07,,11.815677582776516,0.0
mp-aaaaacvc,T1,hartree_only,0.0001,54,True,0,q_cut=0.15;alpha_rel=4.64159e-05,U,,529.0217651279598,58534.0,9.311135952269004e-07,9.311135902866344e-07,,11.815677582776516,0.0
mp-aaaaacvc,T1,hartree_only,1e-05,54,True,0,q_cut=0.15;alpha_rel=4.64159e-05,U,,529.0217651279598,58534.0,9.311135952269004e-07,9.311135902866344e-07,,11.815677582776516,0.0
mp-aaaaacvc,T1,none,0.001,54,True,1,q_cut=0.15;alpha_rel=4.64159e-05,U,,529.0217651279598,58534.0,9.311135952269004e-07,9.311135902866344e-07,8.400000000108321e-05,11.815677582776516,0.0
mp-aaaaacvc,T1,none,0.0001,54,True,1,q_cut=0.15;alpha_rel=4.64159e-05,U,,529.0217651279598,58534.0,9.311135952269004e-07,9.311135902866344e-07,8.400000000108321e-05,11.815677582776516,0.0
mp-aaaaacvc,T1,none,1e-05,54,False,5,,,,,,,,,,
mp-aaaaacvc,T1,uniform,0.001,58,True,1,q_cut=0.15;alpha_rel=2.15443e-05,uniform,,417.6378717378111,74145.0,7.349913186624678e-07,7.349913123894879e-07,0.0,11.801777109087196,0.0021579337784071
mp-aaaaacvc,T1,uniform,0.0001,58,True,1,q_cut=0.15;alpha_rel=2.15443e-05,uniform,,417.6378717378111,74145.0,7.349913186624678e-07,7.349913123894879e-07,0.0,11.801777109087196,0.0021579337784071
mp-aaaaacvc,T1,uniform,1e-05,58,True,1,q_cut=0.15;alpha_rel=2.15443e-05,uniform,,417.6378717378111,74145.0,7.349913186624678e-07,7.349913123894879e-07,0.0,11.801777109087196,0.0021579337784071
mp-aaaaacvc,T1,hap:0.0001,0.001,54,True,1,q_cut=0.15;alpha_rel=4.64159e-05,hap:0.0001,,527.5077510135941,58702.0,9.320517256122194e-07,9.320517205222306e-07,0.0,11.817249715793878,0.0028619127116622
mp-aaaaacvc,T1,hap:0.0001,0.0001,54,True,1,q_cut=0.15;alpha_rel=4.64159e-05,hap:0.0001,,527.5077510135941,58702.0,9.320517256122194e-07,9.320517205222306e-07,0.0,11.817249715793878,0.0028619127116622
mp-aaaaacvc,T1,hap:0.0001,1e-05,54,True,1,q_cut=0.15;alpha_rel=4.64159e-05,hap:0.0001,,527.5077510135941,58702.0,9.320517256122194e-07,9.320517205222306e-07,0.0,11.817249715793878,0.0028619127116622
mp-aaaaacvc,T1,hap:0.01,0.001,54,True,1,q_cut=0.15;alpha_rel=4.64159e-05,hap:0.01,,527.5077510135941,58702.0,9.56214306487257e-07,9.562143016602825e-07,0.0,11.812805570471935,0.0028619127116622
mp-aaaaacvc,T1,hap:0.01,0.0001,54,True,1,q_cut=0.15;alpha_rel=4.64159e-05,hap:0.01,,527.5077510135941,58702.0,9.56214306487257e-07,9.562143016602825e-07,0.0,11.812805570471935,0.0028619127116622
mp-aaaaacvc,T1,hap:0.01,1e-05,54,True,1,q_cut=0.15;alpha_rel=4.64159e-05,hap:0.01,,527.5077510135941,58702.0,9.56214306487257e-07,9.562143016602825e-07,0.0,11.812805570471935,0.0028619127116622
mp-aaaaacvc,T1,hap:1,0.001,53,True,1,q_cut=0.15;alpha_rel=2.15443e-05,hap:1,,417.5928148557712,74153.0,7.073643599397846e-07,7.073643534217041e-07,0.0,11.801785509206638,0.0022655860180977
mp-aaaaacvc,T1,hap:1,0.0001,53,True,1,q_cut=0.15;alpha_rel=2.15443e-05,hap:1,,417.5928148557712,74153.0,7.073643599397846e-07,7.073643534217041e-07,0.0,11.801785509206638,0.0022655860180977
mp-aaaaacvc,T1,hap:1,1e-05,53,True,1,q_cut=0.15;alpha_rel=2.15443e-05,hap:1,,417.5928148557712,74153.0,7.073643599397846e-07,7.073643534217041e-07,0.0,11.801785509206638,0.0022655860180977
mp-aaaaacvc,T1,ctp-uniform,0.001,112,True,1,q_cut=0.15;alpha_rel=4.64159e-05,U,unprojected,529.0127274280345,58535.0,9.311135952269004e-07,9.311135902866344e-07,8.400000000108321e-05,11.815677582776516,1.7083796019475527e-05
mp-aaaaacvc,T1,ctp-uniform,0.0001,112,True,1,q_cut=0.15;alpha_rel=4.64159e-05,U,unprojected,529.0127274280345,58535.0,9.311135952269004e-07,9.311135902866344e-07,8.400000000108321e-05,11.815677582776516,1.7083796019475527e-05
mp-aaaaacvc,T1,ctp-uniform,1e-05,112,True,3,q_cut=0.15;alpha_rel=2.15443e-05,uniform,projected,417.6322390958379,74146.0,7.349913186624678e-07,7.349913123894879e-07,0.0,11.801777109087196,0.002171391578777
mp-aaaaacvc,T1,ctp-hap:0.0001,0.001,108,True,1,q_cut=0.15;alpha_rel=4.64159e-05,U,unprojected,529.0127274280345,58535.0,9.311135952269004e-07,9.311135902866344e-07,8.400000000108321e-05,11.815677582776516,1.7083796019475527e-05
mp-aaaaacvc,T1,ctp-hap:0.0001,0.0001,108,True,1,q_cut=0.15;alpha_rel=4.64159e-05,U,unprojected,529.0127274280345,58535.0,9.311135952269004e-07,9.311135902866344e-07,8.400000000108321e-05,11.815677582776516,1.7083796019475527e-05
mp-aaaaacvc,T1,ctp-hap:0.0001,1e-05,108,True,2,q_cut=0.15;alpha_rel=4.64159e-05,hap:0.0001,projected,527.4987649694224,58703.0,9.320517256122194e-07,9.320517205222306e-07,0.0,11.817249715793878,0.0028788988637718
mp-aaaaacvc,T1,ctp-hap:0.01,0.001,108,True,1,q_cut=0.15;alpha_rel=4.64159e-05,U,unprojected,529.0127274280345,58535.0,9.311135952269004e-07,9.311135902866344e-07,8.400000000108321e-05,11.815677582776516,1.7083796019475527e-05
mp-aaaaacvc,T1,ctp-hap:0.01,0.0001,108,True,1,q_cut=0.15;alpha_rel=4.64159e-05,U,unprojected,529.0127274280345,58535.0,9.311135952269004e-07,9.311135902866344e-07,8.400000000108321e-05,11.815677582776516,1.7083796019475527e-05
mp-aaaaacvc,T1,ctp-hap:0.01,1e-05,108,True,2,q_cut=0.15;alpha_rel=4.64159e-05,hap:0.01,projected,527.4987649694224,58703.0,9.56214306487257e-07,9.562143016602825e-07,0.0,11.812805570471935,0.0028788988637718
mp-aaaaacvc,T1,ctp-hap:1,0.001,107,True,1,q_cut=0.15;alpha_rel=4.64159e-05,U,unprojected,529.0127274280345,58535.0,9.311135952269004e-07,9.311135902866344e-07,8.400000000108321e-05,11.815677582776516,1.7083796019475527e-05
mp-aaaaacvc,T1,ctp-hap:1,0.0001,107,True,1,q_cut=0.15;alpha_rel=4.64159e-05,U,unprojected,529.0127274280345,58535.0,9.311135952269004e-07,9.311135902866344e-07,8.400000000108321e-05,11.815677582776516,1.7083796019475527e-05
mp-aaaaacvc,T1,ctp-hap:1,1e-05,107,True,3,q_cut=0.15;alpha_rel=2.15443e-05,hap:1,projected,417.58718342908,74154.0,7.073643599397846e-07,7.073643534217041e-07,0.0,11.801785509206638,0.0022790409148528
mp-aaaaacvc,GP,hartree_only,0.001,0,False,0,,,,,,,,,,
mp-aaaaacvc,GP,hartree_only,0.0001,0,False,0,,,,,,,,,,
mp-aaaaacvc,GP,hartree_only,1e-05,0,False,0,,,,,,,,,,
mp-aaaaacvc,GP,none,0.001,0,False,0,,,,,,,,,,
mp-aaaaacvc,GP,none,0.0001,0,False,0,,,,,,,,,,
mp-aaaaacvc,GP,none,1e-05,0,False,0,,,,,,,,,,
mp-aaaaacvc,GP,uniform,0.001,0,False,0,,,,,,,,,,
mp-aaaaacvc,GP,uniform,0.0001,0,False,0,,,,,,,,,,
mp-aaaaacvc,GP,uniform,1e-05,0,False,0,,,,,,,,,,
mp-aaaaacvc,GP,hap:0.0001,0.001,0,False,0,,,,,,,,,,
mp-aaaaacvc,GP,hap:0.0001,0.0001,0,False,0,,,,,,,,,,
mp-aaaaacvc,GP,hap:0.0001,1e-05,0,False,0,,,,,,,,,,
mp-aaaaacvc,GP,hap:0.01,0.001,0,False,0,,,,,,,,,,
mp-aaaaacvc,GP,hap:0.01,0.0001,0,False,0,,,,,,,,,,
mp-aaaaacvc,GP,hap:0.01,1e-05,0,False,0,,,,,,,,,,
mp-aaaaacvc,GP,hap:1,0.001,0,False,0,,,,,,,,,,
mp-aaaaacvc,GP,hap:1,0.0001,0,False,0,,,,,,,,,,
mp-aaaaacvc,GP,hap:1,1e-05,0,False,0,,,,,,,,,,
mp-aaaaacvc,GP,ctp-uniform,0.001,0,False,0,,,,,,,,,,
mp-aaaaacvc,GP,ctp-uniform,0.0001,0,False,0,,,,,,,,,,
mp-aaaaacvc,GP,ctp-uniform,1e-05,0,False,0,,,,,,,,,,
mp-aaaaacvc,GP,ctp-hap:0.0001,0.001,0,False,0,,,,,,,,,,
mp-aaaaacvc,GP,ctp-hap:0.0001,0.0001,0,False,0,,,,,,,,,,
mp-aaaaacvc,GP,ctp-hap:0.0001,1e-05,0,False,0,,,,,,,,,,
mp-aaaaacvc,GP,ctp-hap:0.01,0.001,0,False,0,,,,,,,,,,
mp-aaaaacvc,GP,ctp-hap:0.01,0.0001,0,False,0,,,,,,,,,,
mp-aaaaacvc,GP,ctp-hap:0.01,1e-05,0,False,0,,,,,,,,,,
mp-aaaaacvc,GP,ctp-hap:1,0.001,0,False,0,,,,,,,,,,
mp-aaaaacvc,GP,ctp-hap:1,0.0001,0,False,0,,,,,,,,,,
mp-aaaaacvc,GP,ctp-hap:1,1e-05,0,False,0,,,,,,,,,,
mp-aaaaacvc,R3,hartree_only,0.001,6,True,0,tau=1e-06;k=0;margin=0.995,U,,900.0627833972794,34404.0,9.9422931799762e-07,9.942293133709723e-07,,11.063904499452292,0.0
mp-aaaaacvc,R3,hartree_only,0.0001,6,True,0,tau=1e-06;k=0;margin=0.995,U,,900.0627833972794,34404.0,9.9422931799762e-07,9.942293133709723e-07,,11.063904499452292,0.0
mp-aaaaacvc,R3,hartree_only,1e-05,6,True,0,tau=1e-06;k=0;margin=0.995,U,,900.0627833972794,34404.0,9.9422931799762e-07,9.942293133709723e-07,,11.063904499452292,0.0
mp-aaaaacvc,R3,none,0.001,6,True,1,tau=1e-06;k=0;margin=0.995,U,,900.0627833972794,34404.0,9.9422931799762e-07,9.942293133709723e-07,8.600000000136276e-05,11.063904499452292,0.0
mp-aaaaacvc,R3,none,0.0001,6,True,1,tau=1e-06;k=0;margin=0.995,U,,900.0627833972794,34404.0,9.9422931799762e-07,9.942293133709723e-07,8.600000000136276e-05,11.063904499452292,0.0
mp-aaaaacvc,R3,none,1e-05,6,False,5,,,,,,,,,,
mp-aaaaacvc,R3,uniform,0.001,0,False,0,,,,,,,,,,
mp-aaaaacvc,R3,uniform,0.0001,0,False,0,,,,,,,,,,
mp-aaaaacvc,R3,uniform,1e-05,0,False,0,,,,,,,,,,
mp-aaaaacvc,R3,hap:0.0001,0.001,6,True,1,tau=1e-06;k=0;margin=0.995,hap:0.0001,,895.6889968760847,34572.0,9.944629291289574e-07,9.944629243399846e-07,0.0,11.065304888969877,0.0048594238111766
mp-aaaaacvc,R3,hap:0.0001,0.0001,6,True,1,tau=1e-06;k=0;margin=0.995,hap:0.0001,,895.6889968760847,34572.0,9.944629291289574e-07,9.944629243399846e-07,0.0,11.065304888969877,0.0048594238111766
mp-aaaaacvc,R3,hap:0.0001,1e-05,6,True,1,tau=1e-06;k=0;margin=0.995,hap:0.0001,,895.6889968760847,34572.0,9.944629291289574e-07,9.944629243399846e-07,0.0,11.065304888969877,0.0048594238111766
mp-aaaaacvc,R3,hap:0.01,0.001,3,True,1,tau=1e-06;k=3;margin=0.980149501,hap:0.01,,889.2585147320659,34822.0,9.95593641606419e-07,9.955936369703246e-07,0.0,11.053628688252502,0.004824536212739
mp-aaaaacvc,R3,hap:0.01,0.0001,3,True,1,tau=1e-06;k=3;margin=0.980149501,hap:0.01,,889.2585147320659,34822.0,9.95593641606419e-07,9.955936369703246e-07,0.0,11.053628688252502,0.004824536212739
mp-aaaaacvc,R3,hap:0.01,1e-05,3,True,1,tau=1e-06;k=3;margin=0.980149501,hap:0.01,,889.2585147320659,34822.0,9.95593641606419e-07,9.955936369703246e-07,0.0,11.053628688252502,0.004824536212739
mp-aaaaacvc,R3,hap:1,0.001,0,False,0,,,,,,,,,,
mp-aaaaacvc,R3,hap:1,0.0001,0,False,0,,,,,,,,,,
mp-aaaaacvc,R3,hap:1,1e-05,0,False,0,,,,,,,,,,
mp-aaaaacvc,R3,ctp-uniform,0.001,6,True,1,tau=1e-06;k=0;margin=0.995,U,unprojected,900.0366225839267,34405.0,9.9422931799762e-07,9.942293133709723e-07,8.600000000136276e-05,11.063904499452292,2.9065542799011773e-05
mp-aaaaacvc,R3,ctp-uniform,0.0001,6,True,1,tau=1e-06;k=0;margin=0.995,U,unprojected,900.0366225839267,34405.0,9.9422931799762e-07,9.942293133709723e-07,8.600000000136276e-05,11.063904499452292,2.9065542799011773e-05
mp-aaaaacvc,R3,ctp-uniform,1e-05,6,False,5,,,,,,,,,,
mp-aaaaacvc,R3,ctp-hap:0.0001,0.001,12,True,1,tau=1e-06;k=0;margin=0.995,U,unprojected,900.0366225839267,34405.0,9.9422931799762e-07,9.942293133709723e-07,8.600000000136276e-05,11.063904499452292,2.9065542799011773e-05
mp-aaaaacvc,R3,ctp-hap:0.0001,0.0001,12,True,1,tau=1e-06;k=0;margin=0.995,U,unprojected,900.0366225839267,34405.0,9.9422931799762e-07,9.942293133709723e-07,8.600000000136276e-05,11.063904499452292,2.9065542799011773e-05
mp-aaaaacvc,R3,ctp-hap:0.0001,1e-05,12,True,4,tau=1e-06;k=0;margin=0.995,hap:0.0001,projected,895.6630896942701,34573.0,9.944629291289574e-07,9.944629243399846e-07,0.0,11.065304888969877,0.0048882075608133
mp-aaaaacvc,R3,ctp-hap:0.01,0.001,9,True,1,tau=1e-06;k=0;margin=0.995,U,unprojected,900.0366225839267,34405.0,9.9422931799762e-07,9.942293133709723e-07,8.600000000136276e-05,11.063904499452292,2.9065542799011773e-05
mp-aaaaacvc,R3,ctp-hap:0.01,0.0001,9,True,1,tau=1e-06;k=0;margin=0.995,U,unprojected,900.0366225839267,34405.0,9.9422931799762e-07,9.942293133709723e-07,8.600000000136276e-05,11.063904499452292,2.9065542799011773e-05
mp-aaaaacvc,R3,ctp-hap:0.01,1e-05,9,False,5,,,,,,,,,,
mp-aaaaacvc,R3,ctp-hap:1,0.001,6,True,1,tau=1e-06;k=0;margin=0.995,U,unprojected,900.0366225839267,34405.0,9.9422931799762e-07,9.942293133709723e-07,8.600000000136276e-05,11.063904499452292,2.9065542799011773e-05
mp-aaaaacvc,R3,ctp-hap:1,0.0001,6,True,1,tau=1e-06;k=0;margin=0.995,U,unprojected,900.0366225839267,34405.0,9.9422931799762e-07,9.942293133709723e-07,8.600000000136276e-05,11.063904499452292,2.9065542799011773e-05
mp-aaaaacvc,R3,ctp-hap:1,1e-05,6,False,5,,,,,,,,,,
mp-aaaaacvc,GF,hartree_only,0.001,40,True,0,ZFP;tol_rel=0.000215443,U,,41.05514366627423,754248.0,6.024464079772122e-07,6.024463231299721e-07,,0.2238739075000069,0.0
mp-aaaaacvc,GF,hartree_only,0.0001,40,True,0,ZFP;tol_rel=0.000215443,U,,41.05514366627423,754248.0,6.024464079772122e-07,6.024463231299721e-07,,0.2238739075000069,0.0
mp-aaaaacvc,GF,hartree_only,1e-05,40,True,0,ZFP;tol_rel=0.000215443,U,,41.05514366627423,754248.0,6.024464079772122e-07,6.024463231299721e-07,,0.2238739075000069,0.0
mp-aaaaacvc,GF,none,0.001,40,True,1,ZFP;tol_rel=0.000215443,U,,41.05514366627423,754248.0,6.024464079772122e-07,6.024463231299721e-07,1.3999999999292356e-05,0.2238739075000069,0.0
mp-aaaaacvc,GF,none,0.0001,40,True,1,ZFP;tol_rel=0.000215443,U,,41.05514366627423,754248.0,6.024464079772122e-07,6.024463231299721e-07,1.3999999999292356e-05,0.2238739075000069,0.0
mp-aaaaacvc,GF,none,1e-05,40,True,2,ZFP;tol_rel=0.0001,U,,34.802060761906475,889768.0,4.367290959215934e-07,4.367290615812836e-07,9.000000000369823e-06,0.1314920818750238,0.0
mp-aaaaacvc,GF,uniform,0.001,44,True,1,ZFP;tol_rel=0.000464159,uniform,,48.65464144302684,636440.0,6.723131264942595e-07,6.723128586230295e-07,0.0,0.3712059233285174,0.0002513984036201
mp-aaaaacvc,GF,uniform,0.0001,44,True,1,ZFP;tol_rel=0.000464159,uniform,,48.65464144302684,636440.0,6.723131264942595e-07,6.723128586230295e-07,0.0,0.3712059233285174,0.0002513984036201
mp-aaaaacvc,GF,uniform,1e-05,44,True,1,ZFP;tol_rel=0.000464159,uniform,,48.65464144302684,636440.0,6.723131264942595e-07,6.723128586230295e-07,0.0,0.3712059233285174,0.0002513984036201
mp-aaaaacvc,GF,hap:0.0001,0.001,40,True,1,ZFP;tol_rel=0.000215443,hap:0.0001,,41.04600114525673,754416.0,6.020195762588015e-07,6.020194913535801e-07,0.0,0.223638763669399,0.0002226888082967
mp-aaaaacvc,GF,hap:0.0001,0.0001,40,True,1,ZFP;tol_rel=0.000215443,hap:0.0001,,41.04600114525673,754416.0,6.020195762588015e-07,6.020194913535801e-07,0.0,0.223638763669399,0.0002226888082967
mp-aaaaacvc,GF,hap:0.0001,1e-05,40,True,1,ZFP;tol_rel=0.000215443,hap:0.0001,,41.04600114525673,754416.0,6.020195762588015e-07,6.020194913535801e-07,0.0,0.223638763669399,0.0002226888082967
mp-aaaaacvc,GF,hap:0.01,0.001,40,True,1,ZFP;tol_rel=0.000215443,hap:0.01,,41.04600114525673,754416.0,5.858112087164384e-07,5.858111214618219e-07,0.0,0.2235742915759289,0.0002226888082967
mp-aaaaacvc,GF,hap:0.01,0.0001,40,True,1,ZFP;tol_rel=0.000215443,hap:0.01,,41.04600114525673,754416.0,5.858112087164384e-07,5.858111214618219e-07,0.0,0.2235742915759289,0.0002226888082967
mp-aaaaacvc,GF,hap:0.01,1e-05,40,True,1,ZFP;tol_rel=0.000215443,hap:0.01,,41.04600114525673,754416.0,5.858112087164384e-07,5.858111214618219e-07,0.0,0.2235742915759289,0.0002226888082967
mp-aaaaacvc,GF,hap:1,0.001,43,True,1,ZFP;tol_rel=0.000464159,hap:1,,48.65402986575494,636448.0,9.9848959976705e-07,9.984894194025197e-07,0.0,0.3711350794224017,0.000263965005782
mp-aaaaacvc,GF,hap:1,0.0001,43,True,1,ZFP;tol_rel=0.000464159,hap:1,,48.65402986575494,636448.0,9.9848959976705e-07,9.984894194025197e-07,0.0,0.3711350794224017,0.000263965005782
mp-aaaaacvc,GF,hap:1,1e-05,43,True,1,ZFP;tol_rel=0.000464159,hap:1,,48.65402986575494,636448.0,9.9848959976705e-07,9.984894194025197e-07,0.0,0.3711350794224017,0.000263965005782
mp-aaaaacvc,GF,ctp-uniform,0.001,84,True,2,ZFP;tol_rel=0.000215443,U,unprojected,41.05508923445706,754249.0,6.024464079772122e-07,6.024463231299721e-07,1.3999999999292356e-05,0.2238739075000069,1.3258221091443278e-06
mp-aaaaacvc,GF,ctp-uniform,0.0001,84,True,2,ZFP;tol_rel=0.000215443,U,unprojected,41.05508923445706,754249.0,6.024464079772122e-07,6.024463231299721e-07,1.3999999999292356e-05,0.2238739075000069,1.3258221091443278e-06
mp-aaaaacvc,GF,ctp-uniform,1e-05,84,True,1,ZFP;tol_rel=0.000464159,uniform,projected,48.65456499502703,636441.0,6.723131264942595e-07,6.723128586230295e-07,0.0,0.3712059233285174,0.0002529692461673
mp-aaaaacvc,GF,ctp-hap:0.0001,0.001,80,True,1,ZFP;tol_rel=0.000215443,U,unprojected,41.05508923445706,754249.0,6.024464079772122e-07,6.024463231299721e-07,1.3999999999292356e-05,0.2238739075000069,1.3258221091443278e-06
mp-aaaaacvc,GF,ctp-hap:0.0001,0.0001,80,True,1,ZFP;tol_rel=0.000215443,U,unprojected,41.05508923445706,754249.0,6.024464079772122e-07,6.024463231299721e-07,1.3999999999292356e-05,0.2238739075000069,1.3258221091443278e-06
mp-aaaaacvc,GF,ctp-hap:0.0001,1e-05,80,True,2,ZFP;tol_rel=0.000215443,hap:0.0001,projected,41.04594673767956,754417.0,6.020195762588015e-07,6.020194913535801e-07,0.0,0.223638763669399,0.0002240140399805
mp-aaaaacvc,GF,ctp-hap:0.01,0.001,80,True,1,ZFP;tol_rel=0.000215443,U,unprojected,41.05508923445706,754249.0,6.024464079772122e-07,6.024463231299721e-07,1.3999999999292356e-05,0.2238739075000069,1.3258221091443278e-06
mp-aaaaacvc,GF,ctp-hap:0.01,0.0001,80,True,1,ZFP;tol_rel=0.000215443,U,unprojected,41.05508923445706,754249.0,6.024464079772122e-07,6.024463231299721e-07,1.3999999999292356e-05,0.2238739075000069,1.3258221091443278e-06
mp-aaaaacvc,GF,ctp-hap:0.01,1e-05,80,True,2,ZFP;tol_rel=0.000215443,hap:0.01,projected,41.04594673767956,754417.0,5.858112087164384e-07,5.858111214618219e-07,0.0,0.2235742915759289,0.0002240140399805
mp-aaaaacvc,GF,ctp-hap:1,0.001,83,True,2,ZFP;tol_rel=0.000215443,U,unprojected,41.05508923445706,754249.0,6.024464079772122e-07,6.024463231299721e-07,1.3999999999292356e-05,0.2238739075000069,1.3258221091443278e-06
mp-aaaaacvc,GF,ctp-hap:1,0.0001,83,True,2,ZFP;tol_rel=0.000215443,U,unprojected,41.05508923445706,754249.0,6.024464079772122e-07,6.024463231299721e-07,1.3999999999292356e-05,0.2238739075000069,1.3258221091443278e-06
mp-aaaaacvc,GF,ctp-hap:1,1e-05,83,True,1,ZFP;tol_rel=0.000464159,hap:1,projected,48.65395341967699,636449.0,9.9848959976705e-07,9.984894194025197e-07,0.0,0.3711350794224017,0.0002655358088393
mp-aaahafln,J,hartree_only,0.001,17,True,0,alpha_rel=0.0215443,U,,408.8004752609692,58915.0,6.392776632609242e-07,6.392775568133746e-07,,20.192208082160505,0.0
mp-aaahafln,J,hartree_only,0.0001,17,True,0,alpha_rel=0.0215443,U,,408.8004752609692,58915.0,6.392776632609242e-07,6.392775568133746e-07,,20.192208082160505,0.0
mp-aaahafln,J,hartree_only,1e-05,17,True,0,alpha_rel=0.0215443,U,,408.8004752609692,58915.0,6.392776632609242e-07,6.392775568133746e-07,,20.192208082160505,0.0
mp-aaahafln,J,none,0.001,17,True,1,alpha_rel=0.0215443,U,,408.8004752609692,58915.0,6.392776632609242e-07,6.392775568133746e-07,0.000242,20.192208082160505,0.0
mp-aaahafln,J,none,0.0001,17,True,3,alpha_rel=0.00464159,U,,249.7094867807154,96450.0,1.8896184591194938e-07,1.889614857884564e-07,8.599999999958641e-05,6.952291902405818,0.0
mp-aaahafln,J,none,1e-05,17,False,5,,,,,,,,,,
mp-aaahafln,J,uniform,0.001,16,True,1,alpha_rel=0.01,uniform,,315.060436397886,76444.0,5.30851796122645e-07,5.308516679219779e-07,0.0,10.439538565107682,0.0026162942807807
mp-aaahafln,J,uniform,0.0001,16,True,1,alpha_rel=0.01,uniform,,315.060436397886,76444.0,5.30851796122645e-07,5.308516679219779e-07,0.0,10.439538565107682,0.0026162942807807
mp-aaahafln,J,uniform,1e-05,16,True,1,alpha_rel=0.01,uniform,,315.060436397886,76444.0,5.30851796122645e-07,5.308516679219779e-07,0.0,10.439538565107682,0.0026162942807807
mp-aaahafln,J,hap:0.0001,0.001,17,True,1,alpha_rel=0.0215443,hap:0.0001,,407.3622786394466,59123.0,6.40476073989379e-07,6.404759674073809e-07,0.0,20.193456608034467,0.0035180894068298
mp-aaahafln,J,hap:0.0001,0.0001,17,True,1,alpha_rel=0.0215443,hap:0.0001,,407.3622786394466,59123.0,6.40476073989379e-07,6.404759674073809e-07,0.0,20.193456608034467,0.0035180894068298
mp-aaahafln,J,hap:0.0001,1e-05,17,True,1,alpha_rel=0.0215443,hap:0.0001,,407.3622786394466,59123.0,6.40476073989379e-07,6.404759674073809e-07,0.0,20.193456608034467,0.0035180894068298
mp-aaahafln,J,hap:0.01,0.001,17,True,1,alpha_rel=0.0215443,hap:0.01,,407.3622786394466,59123.0,6.715194597815856e-07,6.715193584266809e-07,0.0,20.190898626553462,0.0035180894068298
mp-aaahafln,J,hap:0.01,0.0001,17,True,1,alpha_rel=0.0215443,hap:0.01,,407.3622786394466,59123.0,6.715194597815856e-07,6.715193584266809e-07,0.0,20.190898626553462,0.0035180894068298
mp-aaahafln,J,hap:0.01,1e-05,17,True,1,alpha_rel=0.0215443,hap:0.01,,407.3622786394466,59123.0,6.715194597815856e-07,6.715193584266809e-07,0.0,20.190898626553462,0.0035180894068298
mp-aaahafln,J,hap:1,0.001,17,True,1,alpha_rel=0.0215443,hap:1,,407.3622786394466,59123.0,8.329015797445451e-07,8.329014980355679e-07,0.0,20.19199490958636,0.0035180894068298
mp-aaahafln,J,hap:1,0.0001,17,True,1,alpha_rel=0.0215443,hap:1,,407.3622786394466,59123.0,8.329015797445451e-07,8.329014980355679e-07,0.0,20.19199490958636,0.0035180894068298
mp-aaahafln,J,hap:1,1e-05,17,True,1,alpha_rel=0.0215443,hap:1,,407.3622786394466,59123.0,8.329015797445451e-07,8.329014980355679e-07,0.0,20.19199490958636,0.0035180894068298
mp-aaahafln,J,ctp-uniform,0.001,33,True,1,alpha_rel=0.0215443,U,unprojected,408.7935365605268,58916.0,6.392776632609242e-07,6.392775568133746e-07,0.000242,20.192208082160505,1.697331794419173e-05
mp-aaahafln,J,ctp-uniform,0.0001,33,True,3,alpha_rel=0.01,uniform,projected,315.0563149977108,76445.0,5.30851796122645e-07,5.308516679219779e-07,0.0,10.439538565107682,0.0026293413565308
mp-aaahafln,J,ctp-uniform,1e-05,33,True,3,alpha_rel=0.01,uniform,projected,315.0563149977108,76445.0,5.30851796122645e-07,5.308516679219779e-07,0.0,10.439538565107682,0.0026293413565308
mp-aaahafln,J,ctp-hap:0.0001,0.001,34,True,1,alpha_rel=0.0215443,U,unprojected,408.7935365605268,58916.0,6.392776632609242e-07,6.392775568133746e-07,0.000242,20.192208082160505,1.697331794419173e-05
mp-aaahafln,J,ctp-hap:0.0001,0.0001,34,True,2,alpha_rel=0.0215443,hap:0.0001,projected,407.3553886746499,59124.0,6.40476073989379e-07,6.404759674073809e-07,0.0,20.193456608034467,0.0035349435085582
mp-aaahafln,J,ctp-hap:0.0001,1e-05,34,True,2,alpha_rel=0.0215443,hap:0.0001,projected,407.3553886746499,59124.0,6.40476073989379e-07,6.404759674073809e-07,0.0,20.193456608034467,0.0035349435085582
mp-aaahafln,J,ctp-hap:0.01,0.001,34,True,1,alpha_rel=0.0215443,U,unprojected,408.7935365605268,58916.0,6.392776632609242e-07,6.392775568133746e-07,0.000242,20.192208082160505,1.697331794419173e-05
mp-aaahafln,J,ctp-hap:0.01,0.0001,34,True,2,alpha_rel=0.0215443,hap:0.01,projected,407.3553886746499,59124.0,6.715194597815856e-07,6.715193584266809e-07,0.0,20.190898626553462,0.0035349435085582
mp-aaahafln,J,ctp-hap:0.01,1e-05,34,True,2,alpha_rel=0.0215443,hap:0.01,projected,407.3553886746499,59124.0,6.715194597815856e-07,6.715193584266809e-07,0.0,20.190898626553462,0.0035349435085582
mp-aaahafln,J,ctp-hap:1,0.001,34,True,1,alpha_rel=0.0215443,U,unprojected,408.7935365605268,58916.0,6.392776632609242e-07,6.392775568133746e-07,0.000242,20.192208082160505,1.697331794419173e-05
mp-aaahafln,J,ctp-hap:1,0.0001,34,True,2,alpha_rel=0.0215443,hap:1,projected,407.3553886746499,59124.0,8.329015797445451e-07,8.329014980355679e-07,0.0,20.19199490958636,0.0035349435085582
mp-aaahafln,J,ctp-hap:1,1e-05,34,True,2,alpha_rel=0.0215443,hap:1,projected,407.3553886746499,59124.0,8.329015797445451e-07,8.329014980355679e-07,0.0,20.19199490958636,0.0035349435085582
mp-aaahafln,T1,hartree_only,0.001,50,True,0,q_cut=0.2;alpha_rel=0.0001,U,,352.364705710231,68351.0,8.273680876168551e-07,8.27368005368652e-07,,33.83976677909777,0.0
mp-aaahafln,T1,hartree_only,0.0001,50,True,0,q_cut=0.2;alpha_rel=0.0001,U,,352.364705710231,68351.0,8.273680876168551e-07,8.27368005368652e-07,,33.83976677909777,0.0
mp-aaahafln,T1,hartree_only,1e-05,50,True,0,q_cut=0.2;alpha_rel=0.0001,U,,352.364705710231,68351.0,8.273680876168551e-07,8.27368005368652e-07,,33.83976677909777,0.0
mp-aaahafln,T1,none,0.001,50,True,1,q_cut=0.2;alpha_rel=0.0001,U,,352.364705710231,68351.0,8.273680876168551e-07,8.27368005368652e-07,0.0001829999999998,33.83976677909777,0.0
mp-aaahafln,T1,none,0.0001,50,False,5,,,,,,,,,,
mp-aaahafln,T1,none,1e-05,50,False,5,,,,,,,,,,
mp-aaahafln,T1,uniform,0.001,48,True,1,q_cut=0.2;alpha_rel=2.15443e-05,uniform,,257.8941845399351,93389.0,8.467192556182654e-07,8.467191752590061e-07,0.0,33.70320474105756,0.0021415798434505
mp-aaahafln,T1,uniform,0.0001,48,True,1,q_cut=0.2;alpha_rel=2.15443e-05,uniform,,257.8941845399351,93389.0,8.467192556182654e-07,8.467191752590061e-07,0.0,33.70320474105756,0.0021415798434505
mp-aaahafln,T1,uniform,1e-05,48,True,1,q_cut=0.2;alpha_rel=2.15443e-05,uniform,,257.8941845399351,93389.0,8.467192556182654e-07,8.467191752590061e-07,0.0,33.70320474105756,0.0021415798434505
mp-aaahafln,T1,hap:0.0001,0.001,50,True,1,q_cut=0.2;alpha_rel=0.0001,hap:0.0001,,351.29567234061176,68559.0,8.261470187347367e-07,8.261469362490463e-07,0.0,33.839263208234115,0.0030338832246678
mp-aaahafln,T1,hap:0.0001,0.0001,50,True,1,q_cut=0.2;alpha_rel=0.0001,hap:0.0001,,351.29567234061176,68559.0,8.261470187347367e-07,8.261469362490463e-07,0.0,33.839263208234115,0.0030338832246678
mp-aaahafln,T1,hap:0.0001,1e-05,50,True,1,q_cut=0.2;alpha_rel=0.0001,hap:0.0001,,351.29567234061176,68559.0,8.261470187347367e-07,8.261469362490463e-07,0.0,33.839263208234115,0.0030338832246678
mp-aaahafln,T1,hap:0.01,0.001,50,True,1,q_cut=0.2;alpha_rel=0.0001,hap:0.01,,351.29567234061176,68559.0,8.315552787895556e-07,8.315551969684366e-07,0.0,33.839955701494546,0.0030338832246678
mp-aaahafln,T1,hap:0.01,0.0001,50,True,1,q_cut=0.2;alpha_rel=0.0001,hap:0.01,,351.29567234061176,68559.0,8.315552787895556e-07,8.315551969684366e-07,0.0,33.839955701494546,0.0030338832246678
mp-aaahafln,T1,hap:0.01,1e-05,50,True,1,q_cut=0.2;alpha_rel=0.0001,hap:0.01,,351.29567234061176,68559.0,8.315552787895556e-07,8.315551969684366e-07,0.0,33.839955701494546,0.0030338832246678
mp-aaahafln,T1,hap:1,0.001,50,True,1,q_cut=0.2;alpha_rel=0.0001,hap:1,,351.29567234061176,68559.0,8.992760223402021e-07,8.992759466790094e-07,0.0,33.839437376522255,0.0030338832246678
mp-aaahafln,T1,hap:1,0.0001,50,True,1,q_cut=0.2;alpha_rel=0.0001,hap:1,,351.29567234061176,68559.0,8.992760223402021e-07,8.992759466790094e-07,0.0,33.839437376522255,0.0030338832246678
mp-aaahafln,T1,hap:1,1e-05,50,True,1,q_cut=0.2;alpha_rel=0.0001,hap:1,,351.29567234061176,68559.0,8.992760223402021e-07,8.992759466790094e-07,0.0,33.839437376522255,0.0030338832246678
mp-aaahafln,T1,ctp-uniform,0.001,98,True,1,q_cut=0.2;alpha_rel=0.0001,U,unprojected,352.35955056179773,68352.0,8.273680876168551e-07,8.27368005368652e-07,0.0001829999999998,33.83976677909777,1.4630149812734084e-05
mp-aaahafln,T1,ctp-uniform,0.0001,98,True,4,q_cut=0.2;alpha_rel=2.15443e-05,uniform,projected,257.891423064568,93390.0,8.467192556182654e-07,8.467191752590061e-07,0.0,33.70320474105756,0.0021522646964343
mp-aaahafln,T1,ctp-uniform,1e-05,98,True,4,q_cut=0.2;alpha_rel=2.15443e-05,uniform,projected,257.891423064568,93390.0,8.467192556182654e-07,8.467191752590061e-07,0.0,33.70320474105756,0.0021522646964343
mp-aaahafln,T1,ctp-hap:0.0001,0.001,100,True,1,q_cut=0.2;alpha_rel=0.0001,U,unprojected,352.35955056179773,68352.0,8.273680876168551e-07,8.27368005368652e-07,0.0001829999999998,33.83976677909777,1.4630149812734084e-05
mp-aaahafln,T1,ctp-hap:0.0001,0.0001,100,True,2,q_cut=0.2;alpha_rel=0.0001,hap:0.0001,projected,351.29054842473744,68560.0,8.261470187347367e-07,8.261469362490463e-07,0.0,33.839263208234115,0.0030484247374562
mp-aaahafln,T1,ctp-hap:0.0001,1e-05,100,True,2,q_cut=0.2;alpha_rel=0.0001,hap:0.0001,projected,351.29054842473744,68560.0,8.261470187347367e-07,8.261469362490463e-07,0.0,33.839263208234115,0.0030484247374562
mp-aaahafln,T1,ctp-hap:0.01,0.001,100,True,1,q_cut=0.2;alpha_rel=0.0001,U,unprojected,352.35955056179773,68352.0,8.273680876168551e-07,8.27368005368652e-07,0.0001829999999998,33.83976677909777,1.4630149812734084e-05
mp-aaahafln,T1,ctp-hap:0.01,0.0001,100,True,2,q_cut=0.2;alpha_rel=0.0001,hap:0.01,projected,351.29054842473744,68560.0,8.315552787895556e-07,8.315551969684366e-07,0.0,33.839955701494546,0.0030484247374562
mp-aaahafln,T1,ctp-hap:0.01,1e-05,100,True,2,q_cut=0.2;alpha_rel=0.0001,hap:0.01,projected,351.29054842473744,68560.0,8.315552787895556e-07,8.315551969684366e-07,0.0,33.839955701494546,0.0030484247374562
mp-aaahafln,T1,ctp-hap:1,0.001,100,True,1,q_cut=0.2;alpha_rel=0.0001,U,unprojected,352.35955056179773,68352.0,8.273680876168551e-07,8.27368005368652e-07,0.0001829999999998,33.83976677909777,1.4630149812734084e-05
mp-aaahafln,T1,ctp-hap:1,0.0001,100,True,2,q_cut=0.2;alpha_rel=0.0001,hap:1,projected,351.29054842473744,68560.0,8.992760223402021e-07,8.992759466790094e-07,0.0,33.839437376522255,0.0030484247374562
mp-aaahafln,T1,ctp-hap:1,1e-05,100,True,2,q_cut=0.2;alpha_rel=0.0001,hap:1,projected,351.29054842473744,68560.0,8.992760223402021e-07,8.992759466790094e-07,0.0,33.839437376522255,0.0030484247374562
mp-aaahafln,GP,hartree_only,0.001,0,False,0,,,,,,,,,,
mp-aaahafln,GP,hartree_only,0.0001,0,False,0,,,,,,,,,,
mp-aaahafln,GP,hartree_only,1e-05,0,False,0,,,,,,,,,,
mp-aaahafln,GP,none,0.001,0,False,0,,,,,,,,,,
mp-aaahafln,GP,none,0.0001,0,False,0,,,,,,,,,,
mp-aaahafln,GP,none,1e-05,0,False,0,,,,,,,,,,
mp-aaahafln,GP,uniform,0.001,0,False,0,,,,,,,,,,
mp-aaahafln,GP,uniform,0.0001,0,False,0,,,,,,,,,,
mp-aaahafln,GP,uniform,1e-05,0,False,0,,,,,,,,,,
mp-aaahafln,GP,hap:0.0001,0.001,0,False,0,,,,,,,,,,
mp-aaahafln,GP,hap:0.0001,0.0001,0,False,0,,,,,,,,,,
mp-aaahafln,GP,hap:0.0001,1e-05,0,False,0,,,,,,,,,,
mp-aaahafln,GP,hap:0.01,0.001,0,False,0,,,,,,,,,,
mp-aaahafln,GP,hap:0.01,0.0001,0,False,0,,,,,,,,,,
mp-aaahafln,GP,hap:0.01,1e-05,0,False,0,,,,,,,,,,
mp-aaahafln,GP,hap:1,0.001,0,False,0,,,,,,,,,,
mp-aaahafln,GP,hap:1,0.0001,0,False,0,,,,,,,,,,
mp-aaahafln,GP,hap:1,1e-05,0,False,0,,,,,,,,,,
mp-aaahafln,GP,ctp-uniform,0.001,0,False,0,,,,,,,,,,
mp-aaahafln,GP,ctp-uniform,0.0001,0,False,0,,,,,,,,,,
mp-aaahafln,GP,ctp-uniform,1e-05,0,False,0,,,,,,,,,,
mp-aaahafln,GP,ctp-hap:0.0001,0.001,0,False,0,,,,,,,,,,
mp-aaahafln,GP,ctp-hap:0.0001,0.0001,0,False,0,,,,,,,,,,
mp-aaahafln,GP,ctp-hap:0.0001,1e-05,0,False,0,,,,,,,,,,
mp-aaahafln,GP,ctp-hap:0.01,0.001,0,False,0,,,,,,,,,,
mp-aaahafln,GP,ctp-hap:0.01,0.0001,0,False,0,,,,,,,,,,
mp-aaahafln,GP,ctp-hap:0.01,1e-05,0,False,0,,,,,,,,,,
mp-aaahafln,GP,ctp-hap:1,0.001,0,False,0,,,,,,,,,,
mp-aaahafln,GP,ctp-hap:1,0.0001,0,False,0,,,,,,,,,,
mp-aaahafln,GP,ctp-hap:1,1e-05,0,False,0,,,,,,,,,,
mp-aaahafln,R3,hartree_only,0.001,6,True,0,tau=1e-06;k=0;margin=0.995,U,,551.207946171099,43694.0,9.94766694328116e-07,9.94766625920581e-07,,17.310029654073354,0.0
mp-aaahafln,R3,hartree_only,0.0001,6,True,0,tau=1e-06;k=0;margin=0.995,U,,551.207946171099,43694.0,9.94766694328116e-07,9.94766625920581e-07,,17.310029654073354,0.0
mp-aaahafln,R3,hartree_only,1e-05,6,True,0,tau=1e-06;k=0;margin=0.995,U,,551.207946171099,43694.0,9.94766694328116e-07,9.94766625920581e-07,,17.310029654073354,0.0
mp-aaahafln,R3,none,0.001,6,True,1,tau=1e-06;k=0;margin=0.995,U,,551.207946171099,43694.0,9.94766694328116e-07,9.94766625920581e-07,0.0004000000000008,17.310029654073354,0.0
mp-aaahafln,R3,none,0.0001,6,False,5,,,,,,,,,,
mp-aaahafln,R3,none,1e-05,6,False,5,,,,,,,,,,
mp-aaahafln,R3,uniform,0.001,0,False,0,,,,,,,,,,
mp-aaahafln,R3,uniform,0.0001,0,False,0,,,,,,,,,,
mp-aaahafln,R3,uniform,1e-05,0,False,0,,,,,,,,,,
mp-aaahafln,R3,hap:0.0001,0.001,6,True,1,tau=1e-06;k=0;margin=0.995,hap:0.0001,,548.5964192975263,43902.0,9.976739966120058e-07,9.976739273762533e-07,0.0,17.30324056790596,0.0047378251560293
mp-aaahafln,R3,hap:0.0001,0.0001,6,True,1,tau=1e-06;k=0;margin=0.995,hap:0.0001,,548.5964192975263,43902.0,9.976739966120058e-07,9.976739273762533e-07,0.0,17.30324056790596,0.0047378251560293
mp-aaahafln,R3,hap:0.0001,1e-05,6,True,1,tau=1e-06;k=0;margin=0.995,hap:0.0001,,548.5964192975263,43902.0,9.976739966120058e-07,9.976739273762533e-07,0.0,17.30324056790596,0.0047378251560293
mp-aaahafln,R3,hap:0.01,0.001,0,False,0,,,,,,,,,,
mp-aaahafln,R3,hap:0.01,0.0001,0,False,0,,,,,,,,,,
mp-aaahafln,R3,hap:0.01,1e-05,0,False,0,,,,,,,,,,
mp-aaahafln,R3,hap:1,0.001,0,False,0,,,,,,,,,,
mp-aaahafln,R3,hap:1,0.0001,0,False,0,,,,,,,,,,
mp-aaahafln,R3,hap:1,1e-05,0,False,0,,,,,,,,,,
mp-aaahafln,R3,ctp-uniform,0.001,6,True,1,tau=1e-06;k=0;margin=0.995,U,unprojected,551.1953312736011,43695.0,9.94766694328116e-07,9.94766625920581e-07,0.0004000000000008,17.310029654073354,2.288591372010528e-05
mp-aaahafln,R3,ctp-uniform,0.0001,6,False,5,,,,,,,,,,
mp-aaahafln,R3,ctp-uniform,1e-05,6,False,5,,,,,,,,,,
mp-aaahafln,R3,ctp-hap:0.0001,0.001,12,True,1,tau=1e-06;k=0;margin=0.995,U,unprojected,551.1953312736011,43695.0,9.94766694328116e-07,9.94766625920581e-07,0.0004000000000008,17.310029654073354,2.288591372010528e-05
mp-aaahafln,R3,ctp-hap:0.0001,0.0001,12,True,5,tau=1e-06;k=0;margin=0.995,hap:0.0001,projected,548.5839236498645,43903.0,9.976739966120058e-07,9.976739273762533e-07,0.0,17.30324056790596,0.0047604947270118
mp-aaahafln,R3,ctp-hap:0.0001,1e-05,12,True,5,tau=1e-06;k=0;margin=0.995,hap:0.0001,projected,548.5839236498645,43903.0,9.976739966120058e-07,9.976739273762533e-07,0.0,17.30324056790596,0.0047604947270118
mp-aaahafln,R3,ctp-hap:0.01,0.001,6,True,1,tau=1e-06;k=0;margin=0.995,U,unprojected,551.1953312736011,43695.0,9.94766694328116e-07,9.94766625920581e-07,0.0004000000000008,17.310029654073354,2.288591372010528e-05
mp-aaahafln,R3,ctp-hap:0.01,0.0001,6,False,5,,,,,,,,,,
mp-aaahafln,R3,ctp-hap:0.01,1e-05,6,False,5,,,,,,,,,,
mp-aaahafln,R3,ctp-hap:1,0.001,6,True,1,tau=1e-06;k=0;margin=0.995,U,unprojected,551.1953312736011,43695.0,9.94766694328116e-07,9.94766625920581e-07,0.0004000000000008,17.310029654073354,2.288591372010528e-05
mp-aaahafln,R3,ctp-hap:1,0.0001,6,False,5,,,,,,,,,,
mp-aaahafln,R3,ctp-hap:1,1e-05,6,False,5,,,,,,,,,,
mp-aaahafln,GF,hartree_only,0.001,38,True,0,ZFP;tol_rel=0.0001,U,,29.686134913669846,811304.0,4.428498780211797e-07,4.428498435716658e-07,,0.2548805956249964,0.0
mp-aaahafln,GF,hartree_only,0.0001,38,True,0,ZFP;tol_rel=0.0001,U,,29.686134913669846,811304.0,4.428498780211797e-07,4.428498435716658e-07,,0.2548805956249964,0.0
mp-aaahafln,GF,hartree_only,1e-05,38,True,0,ZFP;tol_rel=0.0001,U,,29.686134913669846,811304.0,4.428498780211797e-07,4.428498435716658e-07,,0.2548805956249964,0.0
mp-aaahafln,GF,none,0.001,38,True,1,ZFP;tol_rel=0.0001,U,,29.686134913669846,811304.0,4.428498780211797e-07,4.428498435716658e-07,2.10000000002708e-05,0.2548805956249964,0.0
mp-aaahafln,GF,none,0.0001,38,True,1,ZFP;tol_rel=0.0001,U,,29.686134913669846,811304.0,4.428498780211797e-07,4.428498435716658e-07,2.10000000002708e-05,0.2548805956249964,0.0
mp-aaahafln,GF,none,1e-05,38,True,2,ZFP;tol_rel=4.64159e-05,U,,25.577163247100803,941640.0,3.735213170271732e-07,3.735213055105298e-07,9.000000000369823e-06,0.1290079646875028,0.0
mp-aaahafln,GF,uniform,0.001,45,True,1,ZFP;tol_rel=0.000464159,uniform,,41.15991960953201,585144.0,3.765410552930882e-07,3.765405203168842e-07,0.0,0.9069703457332708,0.0003417962074292
mp-aaahafln,GF,uniform,0.0001,45,True,1,ZFP;tol_rel=0.000464159,uniform,,41.15991960953201,585144.0,3.765410552930882e-07,3.765405203168842e-07,0.0,0.9069703457332708,0.0003417962074292
mp-aaahafln,GF,uniform,1e-05,45,True,1,ZFP;tol_rel=0.000464159,uniform,,41.15991960953201,585144.0,3.765410552930882e-07,3.765405203168842e-07,0.0,0.9069703457332708,0.0003417962074292
mp-aaahafln,GF,hap:0.0001,0.001,38,True,1,ZFP;tol_rel=0.0001,hap:0.0001,,29.67852601070594,811512.0,4.426020209796756e-07,4.426019865013791e-07,0.0,0.2553156609662608,0.0002563116749967
mp-aaahafln,GF,hap:0.0001,0.0001,38,True,1,ZFP;tol_rel=0.0001,hap:0.0001,,29.67852601070594,811512.0,4.426020209796756e-07,4.426019865013791e-07,0.0,0.2553156609662608,0.0002563116749967
mp-aaahafln,GF,hap:0.0001,1e-05,38,True,1,ZFP;tol_rel=0.0001,hap:0.0001,,29.67852601070594,811512.0,4.426020209796756e-07,4.426019865013791e-07,0.0,0.2553156609662608,0.0002563116749967
mp-aaahafln,GF,hap:0.01,0.001,38,True,1,ZFP;tol_rel=0.0001,hap:0.01,,29.67852601070594,811512.0,4.3290622258318106e-07,4.3290618734121686e-07,0.0,0.2550927147826769,0.0002563116749967
mp-aaahafln,GF,hap:0.01,0.0001,38,True,1,ZFP;tol_rel=0.0001,hap:0.01,,29.67852601070594,811512.0,4.3290622258318106e-07,4.3290618734121686e-07,0.0,0.2550927147826769,0.0002563116749967
mp-aaahafln,GF,hap:0.01,1e-05,38,True,1,ZFP;tol_rel=0.0001,hap:0.01,,29.67852601070594,811512.0,4.3290622258318106e-07,4.3290618734121686e-07,0.0,0.2550927147826769,0.0002563116749967
mp-aaahafln,GF,hap:1,0.001,42,True,1,ZFP;tol_rel=0.000464159,hap:1,,41.15935688504867,585152.0,5.219647722381009e-07,5.219643863118436e-07,0.0,0.9066546952691964,0.0003554631958875
mp-aaahafln,GF,hap:1,0.0001,42,True,1,ZFP;tol_rel=0.000464159,hap:1,,41.15935688504867,585152.0,5.219647722381009e-07,5.219643863118436e-07,0.0,0.9066546952691964,0.0003554631958875
mp-aaahafln,GF,hap:1,1e-05,42,True,1,ZFP;tol_rel=0.000464159,hap:1,,41.15935688504867,585152.0,5.219647722381009e-07,5.219643863118436e-07,0.0,0.9066546952691964,0.0003554631958875
mp-aaahafln,GF,ctp-uniform,0.001,83,True,3,ZFP;tol_rel=0.0001,U,unprojected,29.686098323072088,811305.0,4.428498780211797e-07,4.428498435716658e-07,2.10000000002708e-05,0.2548805956249964,1.2325820745588898e-06
mp-aaahafln,GF,ctp-uniform,0.0001,83,True,3,ZFP;tol_rel=0.0001,U,unprojected,29.686098323072088,811305.0,4.428498780211797e-07,4.428498435716658e-07,2.10000000002708e-05,0.2548805956249964,1.2325820745588898e-06
mp-aaahafln,GF,ctp-uniform,1e-05,83,True,1,ZFP;tol_rel=0.000464159,uniform,projected,41.15984926813013,585145.0,3.765410552930882e-07,3.765405203168842e-07,0.0,0.9069703457332708,0.0003435046014235
mp-aaahafln,GF,ctp-hap:0.0001,0.001,76,True,1,ZFP;tol_rel=0.0001,U,unprojected,29.686098323072088,811305.0,4.428498780211797e-07,4.428498435716658e-07,2.10000000002708e-05,0.2548805956249964,1.2325820745588898e-06
mp-aaahafln,GF,ctp-hap:0.0001,0.0001,76,True,1,ZFP;tol_rel=0.0001,U,unprojected,29.686098323072088,811305.0,4.428498780211797e-07,4.428498435716658e-07,2.10000000002708e-05,0.2548805956249964,1.2325820745588898e-06
mp-aaahafln,GF,ctp-hap:0.0001,1e-05,76,True,2,ZFP;tol_rel=0.0001,hap:0.0001,projected,29.678489438862965,811513.0,4.426020209796756e-07,4.426019865013791e-07,0.0,0.2553156609662608,0.0002575436253023
mp-aaahafln,GF,ctp-hap:0.01,0.001,76,True,1,ZFP;tol_rel=0.0001,U,unprojected,29.686098323072088,811305.0,4.428498780211797e-07,4.428498435716658e-07,2.10000000002708e-05,0.2548805956249964,1.2325820745588898e-06
mp-aaahafln,GF,ctp-hap:0.01,0.0001,76,True,1,ZFP;tol_rel=0.0001,U,unprojected,29.686098323072088,811305.0,4.428498780211797e-07,4.428498435716658e-07,2.10000000002708e-05,0.2548805956249964,1.2325820745588898e-06
mp-aaahafln,GF,ctp-hap:0.01,1e-05,76,True,2,ZFP;tol_rel=0.0001,hap:0.01,projected,29.678489438862965,811513.0,4.3290622258318106e-07,4.3290618734121686e-07,0.0,0.2550927147826769,0.0002575436253023
mp-aaahafln,GF,ctp-hap:1,0.001,80,True,3,ZFP;tol_rel=0.0001,U,unprojected,29.686098323072088,811305.0,4.428498780211797e-07,4.428498435716658e-07,2.10000000002708e-05,0.2548805956249964,1.2325820745588898e-06
mp-aaahafln,GF,ctp-hap:1,0.0001,80,True,3,ZFP;tol_rel=0.0001,U,unprojected,29.686098323072088,811305.0,4.428498780211797e-07,4.428498435716658e-07,2.10000000002708e-05,0.2548805956249964,1.2325820745588898e-06
mp-aaahafln,GF,ctp-hap:1,1e-05,80,True,1,ZFP;tol_rel=0.000464159,hap:1,projected,41.15928654557013,585153.0,5.219647722381009e-07,5.219643863118436e-07,0.0,0.9066546952691964,0.000357171543169
mp-aaadjzbl,J,hartree_only,0.001,19,True,0,alpha_rel=0.1,U,,556.2977867203219,55664.0,6.725243323446469e-07,6.725243205383224e-07,,4.343271228305369,0.0
mp-aaadjzbl,J,hartree_only,0.0001,19,True,0,alpha_rel=0.1,U,,556.2977867203219,55664.0,6.725243323446469e-07,6.725243205383224e-07,,4.343271228305369,0.0
mp-aaadjzbl,J,hartree_only,1e-05,19,True,0,alpha_rel=0.1,U,,556.2977867203219,55664.0,6.725243323446469e-07,6.725243205383224e-07,,4.343271228305369,0.0
mp-aaadjzbl,J,none,0.001,19,True,1,alpha_rel=0.1,U,,556.2977867203219,55664.0,6.725243323446469e-07,6.725243205383224e-07,7.899999999949614e-05,4.343271228305369,0.0
mp-aaadjzbl,J,none,0.0001,19,True,1,alpha_rel=0.1,U,,556.2977867203219,55664.0,6.725243323446469e-07,6.725243205383224e-07,7.899999999949614e-05,4.343271228305369,0.0
mp-aaadjzbl,J,none,1e-05,19,True,5,alpha_rel=0.00464159,U,,211.0102896081772,146750.0,5.86493930825129e-08,5.8649257700897315e-08,7.000000000090267e-06,0.683873711813618,0.0
mp-aaadjzbl,J,uniform,0.001,18,True,1,alpha_rel=0.0464159,uniform,,457.6806881669573,67658.0,9.699931610710594e-07,9.69993152883217e-07,0.0,2.377948955521069,0.0023648349049631
mp-aaadjzbl,J,uniform,0.0001,18,True,1,alpha_rel=0.0464159,uniform,,457.6806881669573,67658.0,9.699931610710594e-07,9.69993152883217e-07,0.0,2.377948955521069,0.0023648349049631
mp-aaadjzbl,J,uniform,1e-05,18,True,1,alpha_rel=0.0464159,uniform,,457.6806881669573,67658.0,9.699931610710594e-07,9.69993152883217e-07,0.0,2.377948955521069,0.0023648349049631
mp-aaadjzbl,J,hap:0.0001,0.001,19,True,1,alpha_rel=0.1,hap:0.0001,,554.6238716148446,55832.0,6.731677844698198e-07,6.731677726299989e-07,0.0,4.342930300620104,0.0030090270812437
mp-aaadjzbl,J,hap:0.0001,0.0001,19,True,1,alpha_rel=0.1,hap:0.0001,,554.6238716148446,55832.0,6.731677844698198e-07,6.731677726299989e-07,0.0,4.342930300620104,0.0030090270812437
mp-aaadjzbl,J,hap:0.0001,1e-05,19,True,1,alpha_rel=0.1,hap:0.0001,,554.6238716148446,55832.0,6.731677844698198e-07,6.731677726299989e-07,0.0,4.342930300620104,0.0030090270812437
mp-aaadjzbl,J,hap:0.01,0.001,19,True,1,alpha_rel=0.1,hap:0.01,,554.6238716148446,55832.0,6.881965039317548e-07,6.881964923907202e-07,0.0,4.343978634645943,0.0030090270812437
mp-aaadjzbl,J,hap:0.01,0.0001,19,True,1,alpha_rel=0.1,hap:0.01,,554.6238716148446,55832.0,6.881965039317548e-07,6.881964923907202e-07,0.0,4.343978634645943,0.0030090270812437
mp-aaadjzbl,J,hap:0.01,1e-05,19,True,1,alpha_rel=0.1,hap:0.01,,554.6238716148446,55832.0,6.881965039317548e-07,6.881964923907202e-07,0.0,4.343978634645943,0.0030090270812437
mp-aaadjzbl,J,hap:1,0.001,18,True,1,alpha_rel=0.0464159,hap:1,,457.6265776017498,67666.0,6.386066947278665e-07,6.386066822911077e-07,0.0,2.377650593700795,0.0024827830816067
mp-aaadjzbl,J,hap:1,0.0001,18,True,1,alpha_rel=0.0464159,hap:1,,457.6265776017498,67666.0,6.386066947278665e-07,6.386066822911077e-07,0.0,2.377650593700795,0.0024827830816067
mp-aaadjzbl,J,hap:1,1e-05,18,True,1,alpha_rel=0.0464159,hap:1,,457.6265776017498,67666.0,6.386066947278665e-07,6.386066822911077e-07,0.0,2.377650593700795,0.0024827830816067
mp-aaadjzbl,J,ctp-uniform,0.001,37,True,1,alpha_rel=0.1,U,unprojected,556.287793047696,55665.0,6.725243323446469e-07,6.725243205383224e-07,7.899999999949614e-05,4.343271228305369,1.796460971885386e-05
mp-aaadjzbl,J,ctp-uniform,0.0001,37,True,1,alpha_rel=0.1,U,unprojected,556.287793047696,55665.0,6.725243323446469e-07,6.725243205383224e-07,7.899999999949614e-05,4.343271228305369,1.796460971885386e-05
mp-aaadjzbl,J,ctp-uniform,1e-05,37,True,3,alpha_rel=0.0464159,uniform,projected,457.67392364652153,67659.0,9.699931610710594e-07,9.69993152883217e-07,0.0,2.377948955521069,0.0023795799524084
mp-aaadjzbl,J,ctp-hap:0.0001,0.001,38,True,1,alpha_rel=0.1,U,unprojected,556.287793047696,55665.0,6.725243323446469e-07,6.725243205383224e-07,7.899999999949614e-05,4.343271228305369,1.796460971885386e-05
mp-aaadjzbl,J,ctp-hap:0.0001,0.0001,38,True,1,alpha_rel=0.1,U,unprojected,556.287793047696,55665.0,6.725243323446469e-07,6.725243205383224e-07,7.899999999949614e-05,4.343271228305369,1.796460971885386e-05
mp-aaadjzbl,J,ctp-hap:0.0001,1e-05,38,True,2,alpha_rel=0.1,hap:0.0001,projected,554.6139379936596,55833.0,6.731677844698198e-07,6.731677726299989e-07,0.0,4.342930300620104,0.0030268837425895
mp-aaadjzbl,J,ctp-hap:0.01,0.001,38,True,1,alpha_rel=0.1,U,unprojected,556.287793047696,55665.0,6.725243323446469e-07,6.725243205383224e-07,7.899999999949614e-05,4.343271228305369,1.796460971885386e-05
mp-aaadjzbl,J,ctp-hap:0.01,0.0001,38,True,1,alpha_rel=0.1,U,unprojected,556.287793047696,55665.0,6.725243323446469e-07,6.725243205383224e-07,7.899999999949614e-05,4.343271228305369,1.796460971885386e-05
mp-aaadjzbl,J,ctp-hap:0.01,1e-05,38,True,2,alpha_rel=0.1,hap:0.01,projected,554.6139379936596,55833.0,6.881965039317548e-07,6.881964923907202e-07,0.0,4.343978634645943,0.0030268837425895
mp-aaadjzbl,J,ctp-hap:1,0.001,37,True,1,alpha_rel=0.1,U,unprojected,556.287793047696,55665.0,6.725243323446469e-07,6.725243205383224e-07,7.899999999949614e-05,4.343271228305369,1.796460971885386e-05
mp-aaadjzbl,J,ctp-hap:1,0.0001,37,True,1,alpha_rel=0.1,U,unprojected,556.287793047696,55665.0,6.725243323446469e-07,6.725243205383224e-07,7.899999999949614e-05,4.343271228305369,1.796460971885386e-05
mp-aaadjzbl,J,ctp-hap:1,1e-05,37,True,3,alpha_rel=0.0464159,hap:1,projected,457.6198146807159,67667.0,6.386066947278665e-07,6.386066822911077e-07,0.0,2.377650593700795,0.0024975246427357
mp-aaadjzbl,T1,hartree_only,0.001,55,True,0,q_cut=0.2;alpha_rel=0.000215443,U,,351.37653613535014,88127.0,6.550208941985937e-07,6.550208820767811e-07,,5.210221492492522,0.0
mp-aaadjzbl,T1,hartree_only,0.0001,55,True,0,q_cut=0.2;alpha_rel=0.000215443,U,,351.37653613535014,88127.0,6.550208941985937e-07,6.550208820767811e-07,,5.210221492492522,0.0
mp-aaadjzbl,T1,hartree_only,1e-05,55,True,0,q_cut=0.2;alpha_rel=0.000215443,U,,351.37653613535014,88127.0,6.550208941985937e-07,6.550208820767811e-07,,5.210221492492522,0.0
mp-aaadjzbl,T1,none,0.001,55,True,1,q_cut=0.2;alpha_rel=0.000215443,U,,351.37653613535014,88127.0,6.550208941985937e-07,6.550208820767811e-07,5.39999999995544e-05,5.210221492492522,0.0
mp-aaadjzbl,T1,none,0.0001,55,True,1,q_cut=0.2;alpha_rel=0.000215443,U,,351.37653613535014,88127.0,6.550208941985937e-07,6.550208820767811e-07,5.39999999995544e-05,5.210221492492522,0.0
mp-aaadjzbl,T1,none,1e-05,55,False,5,,,,,,,,,,
mp-aaadjzbl,T1,uniform,0.001,55,True,1,q_cut=0.2;alpha_rel=0.000215443,uniform,,350.739746508546,88287.0,8.663944299223534e-07,8.663944207555357e-07,0.0,5.211391902385032,0.0018122713423267
mp-aaadjzbl,T1,uniform,0.0001,55,True,1,q_cut=0.2;alpha_rel=0.000215443,uniform,,350.739746508546,88287.0,8.663944299223534e-07,8.663944207555357e-07,0.0,5.211391902385032,0.0018122713423267
mp-aaadjzbl,T1,uniform,1e-05,55,True,1,q_cut=0.2;alpha_rel=0.000215443,uniform,,350.739746508546,88287.0,8.663944299223534e-07,8.663944207555357e-07,0.0,5.211391902385032,0.0018122713423267
mp-aaadjzbl,T1,hap:0.0001,0.001,55,True,1,q_cut=0.2;alpha_rel=0.000215443,hap:0.0001,,350.70796760858485,88295.0,6.537381840891082e-07,6.5373817190095e-07,0.0,5.210038198717818,0.0019027124978764
mp-aaadjzbl,T1,hap:0.0001,0.0001,55,True,1,q_cut=0.2;alpha_rel=0.000215443,hap:0.0001,,350.70796760858485,88295.0,6.537381840891082e-07,6.5373817190095e-07,0.0,5.210038198717818,0.0019027124978764
mp-aaadjzbl,T1,hap:0.0001,1e-05,55,True,1,q_cut=0.2;alpha_rel=0.000215443,hap:0.0001,,350.70796760858485,88295.0,6.537381840891082e-07,6.5373817190095e-07,0.0,5.210038198717818,0.0019027124978764
mp-aaadjzbl,T1,hap:0.01,0.001,55,True,1,q_cut=0.2;alpha_rel=0.000215443,hap:0.01,,350.70796760858485,88295.0,6.377156116653337e-07,6.377155992093417e-07,0.0,5.210749788947545,0.0019027124978764
mp-aaadjzbl,T1,hap:0.01,0.0001,55,True,1,q_cut=0.2;alpha_rel=0.000215443,hap:0.01,,350.70796760858485,88295.0,6.377156116653337e-07,6.377155992093417e-07,0.0,5.210749788947545,0.0019027124978764
mp-aaadjzbl,T1,hap:0.01,1e-05,55,True,1,q_cut=0.2;alpha_rel=0.000215443,hap:0.01,,350.70796760858485,88295.0,6.377156116653337e-07,6.377155992093417e-07,0.0,5.210749788947545,0.0019027124978764
mp-aaadjzbl,T1,hap:1,0.001,55,True,1,q_cut=0.2;alpha_rel=0.000215443,hap:1,,350.70796760858485,88295.0,5.713968652908368e-07,5.713968513913753e-07,0.0,5.211330685434433,0.0019027124978764
mp-aaadjzbl,T1,hap:1,0.0001,55,True,1,q_cut=0.2;alpha_rel=0.000215443,hap:1,,350.70796760858485,88295.0,5.713968652908368e-07,5.713968513913753e-07,0.0,5.211330685434433,0.0019027124978764
mp-aaadjzbl,T1,hap:1,1e-05,55,True,1,q_cut=0.2;alpha_rel=0.000215443,hap:1,,350.70796760858485,88295.0,5.713968652908368e-07,5.713968513913753e-07,0.0,5.211330685434433,0.0019027124978764
mp-aaadjzbl,T1,ctp-uniform,0.001,110,True,1,q_cut=0.2;alpha_rel=0.000215443,U,unprojected,351.37254901960785,88128.0,6.550208941985937e-07,6.550208820767811e-07,5.39999999995544e-05,5.210221492492522,1.134713144517066e-05
mp-aaadjzbl,T1,ctp-uniform,0.0001,110,True,1,q_cut=0.2;alpha_rel=0.000215443,U,unprojected,351.37254901960785,88128.0,6.550208941985937e-07,6.550208820767811e-07,5.39999999995544e-05,5.210221492492522,1.134713144517066e-05
mp-aaadjzbl,T1,ctp-uniform,1e-05,110,True,2,q_cut=0.2;alpha_rel=0.000215443,uniform,projected,350.73577383109824,88288.0,8.663944299223534e-07,8.663944207555357e-07,0.0,5.211391902385032,0.0018235773831098
mp-aaadjzbl,T1,ctp-hap:0.0001,0.001,110,True,1,q_cut=0.2;alpha_rel=0.000215443,U,unprojected,351.37254901960785,88128.0,6.550208941985937e-07,6.550208820767811e-07,5.39999999995544e-05,5.210221492492522,1.134713144517066e-05
mp-aaadjzbl,T1,ctp-hap:0.0001,0.0001,110,True,1,q_cut=0.2;alpha_rel=0.000215443,U,unprojected,351.37254901960785,88128.0,6.550208941985937e-07,6.550208820767811e-07,5.39999999995544e-05,5.210221492492522,1.134713144517066e-05
mp-aaadjzbl,T1,ctp-hap:0.0001,1e-05,110,True,2,q_cut=0.2;alpha_rel=0.000215443,hap:0.0001,projected,350.7039956509921,88296.0,6.537381840891082e-07,6.5373817190095e-07,0.0,5.210038198717818,0.0019140164899882
mp-aaadjzbl,T1,ctp-hap:0.01,0.001,110,True,1,q_cut=0.2;alpha_rel=0.000215443,U,unprojected,351.37254901960785,88128.0,6.550208941985937e-07,6.550208820767811e-07,5.39999999995544e-05,5.210221492492522,1.134713144517066e-05
mp-aaadjzbl,T1,ctp-hap:0.01,0.0001,110,True,1,q_cut=0.2;alpha_rel=0.000215443,U,unprojected,351.37254901960785,88128.0,6.550208941985937e-07,6.550208820767811e-07,5.39999999995544e-05,5.210221492492522,1.134713144517066e-05
mp-aaadjzbl,T1,ctp-hap:0.01,1e-05,110,True,2,q_cut=0.2;alpha_rel=0.000215443,hap:0.01,projected,350.7039956509921,88296.0,6.377156116653337e-07,6.377155992093417e-07,0.0,5.210749788947545,0.0019140164899882
mp-aaadjzbl,T1,ctp-hap:1,0.001,110,True,1,q_cut=0.2;alpha_rel=0.000215443,U,unprojected,351.37254901960785,88128.0,6.550208941985937e-07,6.550208820767811e-07,5.39999999995544e-05,5.210221492492522,1.134713144517066e-05
mp-aaadjzbl,T1,ctp-hap:1,0.0001,110,True,1,q_cut=0.2;alpha_rel=0.000215443,U,unprojected,351.37254901960785,88128.0,6.550208941985937e-07,6.550208820767811e-07,5.39999999995544e-05,5.210221492492522,1.134713144517066e-05
mp-aaadjzbl,T1,ctp-hap:1,1e-05,110,True,2,q_cut=0.2;alpha_rel=0.000215443,hap:1,projected,350.7039956509921,88296.0,5.713968652908368e-07,5.713968513913753e-07,0.0,5.211330685434433,0.0019140164899882
mp-aaadjzbl,GP,hartree_only,0.001,0,False,0,,,,,,,,,,
mp-aaadjzbl,GP,hartree_only,0.0001,0,False,0,,,,,,,,,,
mp-aaadjzbl,GP,hartree_only,1e-05,0,False,0,,,,,,,,,,
mp-aaadjzbl,GP,none,0.001,0,False,0,,,,,,,,,,
mp-aaadjzbl,GP,none,0.0001,0,False,0,,,,,,,,,,
mp-aaadjzbl,GP,none,1e-05,0,False,0,,,,,,,,,,
mp-aaadjzbl,GP,uniform,0.001,0,False,0,,,,,,,,,,
mp-aaadjzbl,GP,uniform,0.0001,0,False,0,,,,,,,,,,
mp-aaadjzbl,GP,uniform,1e-05,0,False,0,,,,,,,,,,
mp-aaadjzbl,GP,hap:0.0001,0.001,0,False,0,,,,,,,,,,
mp-aaadjzbl,GP,hap:0.0001,0.0001,0,False,0,,,,,,,,,,
mp-aaadjzbl,GP,hap:0.0001,1e-05,0,False,0,,,,,,,,,,
mp-aaadjzbl,GP,hap:0.01,0.001,0,False,0,,,,,,,,,,
mp-aaadjzbl,GP,hap:0.01,0.0001,0,False,0,,,,,,,,,,
mp-aaadjzbl,GP,hap:0.01,1e-05,0,False,0,,,,,,,,,,
mp-aaadjzbl,GP,hap:1,0.001,0,False,0,,,,,,,,,,
mp-aaadjzbl,GP,hap:1,0.0001,0,False,0,,,,,,,,,,
mp-aaadjzbl,GP,hap:1,1e-05,0,False,0,,,,,,,,,,
mp-aaadjzbl,GP,ctp-uniform,0.001,0,False,0,,,,,,,,,,
mp-aaadjzbl,GP,ctp-uniform,0.0001,0,False,0,,,,,,,,,,
mp-aaadjzbl,GP,ctp-uniform,1e-05,0,False,0,,,,,,,,,,
mp-aaadjzbl,GP,ctp-hap:0.0001,0.001,0,False,0,,,,,,,,,,
mp-aaadjzbl,GP,ctp-hap:0.0001,0.0001,0,False,0,,,,,,,,,,
mp-aaadjzbl,GP,ctp-hap:0.0001,1e-05,0,False,0,,,,,,,,,,
mp-aaadjzbl,GP,ctp-hap:0.01,0.001,0,False,0,,,,,,,,,,
mp-aaadjzbl,GP,ctp-hap:0.01,0.0001,0,False,0,,,,,,,,,,
mp-aaadjzbl,GP,ctp-hap:0.01,1e-05,0,False,0,,,,,,,,,,
mp-aaadjzbl,GP,ctp-hap:1,0.001,0,False,0,,,,,,,,,,
mp-aaadjzbl,GP,ctp-hap:1,0.0001,0,False,0,,,,,,,,,,
mp-aaadjzbl,GP,ctp-hap:1,1e-05,0,False,0,,,,,,,,,,
mp-aaadjzbl,R3,hartree_only,0.001,6,True,0,tau=1e-06;k=0;margin=0.995,U,,713.7270087124879,43386.0,9.942016017485731e-07,9.94201593762225e-07,,4.830464194463474,0.0
mp-aaadjzbl,R3,hartree_only,0.0001,6,True,0,tau=1e-06;k=0;margin=0.995,U,,713.7270087124879,43386.0,9.942016017485731e-07,9.94201593762225e-07,,4.830464194463474,0.0
mp-aaadjzbl,R3,hartree_only,1e-05,6,True,0,tau=1e-06;k=0;margin=0.995,U,,713.7270087124879,43386.0,9.942016017485731e-07,9.94201593762225e-07,,4.830464194463474,0.0
mp-aaadjzbl,R3,none,0.001,6,True,1,tau=1e-06;k=0;margin=0.995,U,,713.7270087124879,43386.0,9.942016017485731e-07,9.94201593762225e-07,0.0001249999999997,4.830464194463474,0.0
mp-aaadjzbl,R3,none,0.0001,6,True,4,tau=1e-06;k=3;margin=0.980149501,U,,707.1422699246403,43790.0,9.765277934173723e-07,9.765277852864822e-07,8.599999999958641e-05,4.621924634688213,0.0
mp-aaadjzbl,R3,none,1e-05,6,False,5,,,,,,,,,,
mp-aaadjzbl,R3,uniform,0.001,0,False,0,,,,,,,,,,
mp-aaadjzbl,R3,uniform,0.0001,0,False,0,,,,,,,,,,
mp-aaadjzbl,R3,uniform,1e-05,0,False,0,,,,,,,,,,
mp-aaadjzbl,R3,hap:0.0001,0.001,6,True,1,tau=1e-06;k=0;margin=0.995,hap:0.0001,,710.9739633558341,43554.0,9.954783095399028e-07,9.954783014671266e-07,0.0,4.829558826893077,0.0038572806171648
mp-aaadjzbl,R3,hap:0.0001,0.0001,6,True,1,tau=1e-06;k=0;margin=0.995,hap:0.0001,,710.9739633558341,43554.0,9.954783095399028e-07,9.954783014671266e-07,0.0,4.829558826893077,0.0038572806171648
mp-aaadjzbl,R3,hap:0.0001,1e-05,6,True,1,tau=1e-06;k=0;margin=0.995,hap:0.0001,,710.9739633558341,43554.0,9.954783095399028e-07,9.954783014671266e-07,0.0,4.829558826893077,0.0038572806171648
mp-aaadjzbl,R3,hap:0.01,0.001,3,True,1,tau=1e-06;k=3;margin=0.980149501,hap:0.01,,704.4396924336867,43958.0,9.952483461952668e-07,9.95248338212688e-07,0.0,4.623267704100712,0.0038218299285681
mp-aaadjzbl,R3,hap:0.01,0.0001,3,True,1,tau=1e-06;k=3;margin=0.980149501,hap:0.01,,704.4396924336867,43958.0,9.952483461952668e-07,9.95248338212688e-07,0.0,4.623267704100712,0.0038218299285681
mp-aaadjzbl,R3,hap:0.01,1e-05,3,True,1,tau=1e-06;k=3;margin=0.980149501,hap:0.01,,704.4396924336867,43958.0,9.952483461952668e-07,9.95248338212688e-07,0.0,4.623267704100712,0.0038218299285681
mp-aaadjzbl,R3,hap:1,0.001,0,False,0,,,,,,,,,,
mp-aaadjzbl,R3,hap:1,0.0001,0,False,0,,,,,,,,,,
mp-aaadjzbl,R3,hap:1,1e-05,0,False,0,,,,,,,,,,
mp-aaadjzbl,R3,ctp-uniform,0.001,6,True,1,tau=1e-06;k=0;margin=0.995,U,unprojected,713.7105584622121,43387.0,9.942016017485731e-07,9.94201593762225e-07,0.0001249999999997,4.830464194463474,2.304837854656925e-05
mp-aaadjzbl,R3,ctp-uniform,0.0001,6,True,4,tau=1e-06;k=3;margin=0.980149501,U,unprojected,707.1261218058505,43791.0,9.765277934173723e-07,9.765277852864822e-07,8.599999999958641e-05,4.621924634688213,2.2835742504167523e-05
mp-aaadjzbl,R3,ctp-uniform,1e-05,6,False,5,,,,,,,,,,
mp-aaadjzbl,R3,ctp-hap:0.0001,0.001,12,True,1,tau=1e-06;k=0;margin=0.995,U,unprojected,713.7105584622121,43387.0,9.942016017485731e-07,9.94201593762225e-07,0.0001249999999997,4.830464194463474,2.304837854656925e-05
mp-aaadjzbl,R3,ctp-hap:0.0001,0.0001,12,True,3,tau=1e-06;k=0;margin=0.995,hap:0.0001,projected,710.9576397658134,43555.0,9.954783095399028e-07,9.954783014671266e-07,0.0,4.829558826893077,0.003880151532545
mp-aaadjzbl,R3,ctp-hap:0.0001,1e-05,12,True,3,tau=1e-06;k=0;margin=0.995,hap:0.0001,projected,710.9576397658134,43555.0,9.954783095399028e-07,9.954783014671266e-07,0.0,4.829558826893077,0.003880151532545
mp-aaadjzbl,R3,ctp-hap:0.01,0.001,9,True,1,tau=1e-06;k=0;margin=0.995,U,unprojected,713.7105584622121,43387.0,9.942016017485731e-07,9.94201593762225e-07,0.0001249999999997,4.830464194463474,2.304837854656925e-05
mp-aaadjzbl,R3,ctp-hap:0.01,0.0001,9,True,4,tau=1e-06;k=3;margin=0.980149501,U,unprojected,707.1261218058505,43791.0,9.765277934173723e-07,9.765277852864822e-07,8.599999999958641e-05,4.621924634688213,2.2835742504167523e-05
mp-aaadjzbl,R3,ctp-hap:0.01,1e-05,9,False,5,,,,,,,,,,
mp-aaadjzbl,R3,ctp-hap:1,0.001,6,True,1,tau=1e-06;k=0;margin=0.995,U,unprojected,713.7105584622121,43387.0,9.942016017485731e-07,9.94201593762225e-07,0.0001249999999997,4.830464194463474,2.304837854656925e-05
mp-aaadjzbl,R3,ctp-hap:1,0.0001,6,True,4,tau=1e-06;k=3;margin=0.980149501,U,unprojected,707.1261218058505,43791.0,9.765277934173723e-07,9.765277852864822e-07,8.599999999958641e-05,4.621924634688213,2.2835742504167523e-05
mp-aaadjzbl,R3,ctp-hap:1,1e-05,6,False,5,,,,,,,,,,
mp-aaadjzbl,GF,hartree_only,0.001,44,True,0,ZFP;tol_rel=0.000464159,U,,36.60705334934791,845896.0,4.745573806705523e-07,4.74557285289394e-07,,0.2273364193749785,0.0
mp-aaadjzbl,GF,hartree_only,0.0001,44,True,0,ZFP;tol_rel=0.000464159,U,,36.60705334934791,845896.0,4.745573806705523e-07,4.74557285289394e-07,,0.2273364193749785,0.0
mp-aaadjzbl,GF,hartree_only,1e-05,44,True,0,ZFP;tol_rel=0.000464159,U,,36.60705334934791,845896.0,4.745573806705523e-07,4.74557285289394e-07,,0.2273364193749785,0.0
mp-aaadjzbl,GF,none,0.001,44,True,1,ZFP;tol_rel=0.000464159,U,,36.60705334934791,845896.0,4.745573806705523e-07,4.74557285289394e-07,1.5000000000320313e-05,0.2273364193749785,0.0
mp-aaadjzbl,GF,none,0.0001,44,True,1,ZFP;tol_rel=0.000464159,U,,36.60705334934791,845896.0,4.745573806705523e-07,4.74557285289394e-07,1.5000000000320313e-05,0.2273364193749785,0.0
mp-aaadjzbl,GF,none,1e-05,44,True,2,ZFP;tol_rel=0.000215443,U,,31.17525773195876,993280.0,4.424358606065114e-07,4.424358319870435e-07,5.999999999950489e-06,0.1265232578125505,0.0
mp-aaadjzbl,GF,uniform,0.001,46,True,1,ZFP;tol_rel=0.001,uniform,,43.43170036579071,712976.0,8.693068606813402e-07,8.693066802311651e-07,0.0,0.4406001168403008,0.0002244114808913
mp-aaadjzbl,GF,uniform,0.0001,46,True,1,ZFP;tol_rel=0.001,uniform,,43.43170036579071,712976.0,8.693068606813402e-07,8.693066802311651e-07,0.0,0.4406001168403008,0.0002244114808913
mp-aaadjzbl,GF,uniform,1e-05,46,True,1,ZFP;tol_rel=0.001,uniform,,43.43170036579071,712976.0,8.693068606813402e-07,8.693066802311651e-07,0.0,0.4406001168403008,0.0002244114808913
mp-aaadjzbl,GF,hap:0.0001,0.001,44,True,1,ZFP;tol_rel=0.000464159,hap:0.0001,,36.59978441347226,846064.0,4.7374156363658635e-07,4.737414680960564e-07,0.0,0.2274833247080323,0.0001985665387015
mp-aaadjzbl,GF,hap:0.0001,0.0001,44,True,1,ZFP;tol_rel=0.000464159,hap:0.0001,,36.59978441347226,846064.0,4.7374156363658635e-07,4.737414680960564e-07,0.0,0.2274833247080323,0.0001985665387015
mp-aaadjzbl,GF,hap:0.0001,1e-05,44,True,1,ZFP;tol_rel=0.000464159,hap:0.0001,,36.59978441347226,846064.0,4.7374156363658635e-07,4.737414680960564e-07,0.0,0.2274833247080323,0.0001985665387015
mp-aaadjzbl,GF,hap:0.01,0.001,44,True,1,ZFP;tol_rel=0.000464159,hap:0.01,,36.59978441347226,846064.0,4.555121909105458e-07,4.555120915449294e-07,0.0,0.2270643197211939,0.0001985665387015
mp-aaadjzbl,GF,hap:0.01,0.0001,44,True,1,ZFP;tol_rel=0.000464159,hap:0.01,,36.59978441347226,846064.0,4.555121909105458e-07,4.555120915449294e-07,0.0,0.2270643197211939,0.0001985665387015
mp-aaadjzbl,GF,hap:0.01,1e-05,44,True,1,ZFP;tol_rel=0.000464159,hap:0.01,,36.59978441347226,846064.0,4.555121909105458e-07,4.555120915449294e-07,0.0,0.2270643197211939,0.0001985665387015
mp-aaadjzbl,GF,hap:1,0.001,46,True,1,ZFP;tol_rel=0.00215443,hap:1,,51.91764469183824,596440.0,9.500749523500512e-07,9.50074379742311e-07,0.0,0.668490628939935,0.0002816712494131
mp-aaadjzbl,GF,hap:1,0.0001,46,True,1,ZFP;tol_rel=0.00215443,hap:1,,51.91764469183824,596440.0,9.500749523500512e-07,9.50074379742311e-07,0.0,0.668490628939935,0.0002816712494131
mp-aaadjzbl,GF,hap:1,1e-05,46,True,1,ZFP;tol_rel=0.00215443,hap:1,,51.91764469183824,596440.0,9.500749523500512e-07,9.50074379742311e-07,0.0,0.668490628939935,0.0002816712494131
mp-aaadjzbl,GF,ctp-uniform,0.001,90,True,2,ZFP;tol_rel=0.000464159,U,unprojected,36.60701007333044,845897.0,4.745573806705523e-07,4.74557285289394e-07,1.5000000000320313e-05,0.2273364193749785,1.1821770262809775e-06
mp-aaadjzbl,GF,ctp-uniform,0.0001,90,True,2,ZFP;tol_rel=0.000464159,U,unprojected,36.60701007333044,845897.0,4.745573806705523e-07,4.74557285289394e-07,1.5000000000320313e-05,0.2273364193749785,1.1821770262809775e-06
mp-aaadjzbl,GF,ctp-uniform,1e-05,90,True,1,ZFP;tol_rel=0.001,uniform,projected,43.43163944979992,712977.0,8.693068606813402e-07,8.693066802311651e-07,0.0,0.4406001168403008,0.0002258137359269
mp-aaadjzbl,GF,ctp-hap:0.0001,0.001,88,True,1,ZFP;tol_rel=0.000464159,U,unprojected,36.60701007333044,845897.0,4.745573806705523e-07,4.74557285289394e-07,1.5000000000320313e-05,0.2273364193749785,1.1821770262809775e-06
mp-aaadjzbl,GF,ctp-hap:0.0001,0.0001,88,True,1,ZFP;tol_rel=0.000464159,U,unprojected,36.60701007333044,845897.0,4.745573806705523e-07,4.74557285289394e-07,1.5000000000320313e-05,0.2273364193749785,1.1821770262809775e-06
mp-aaadjzbl,GF,ctp-hap:0.0001,1e-05,88,True,2,ZFP;tol_rel=0.000464159,hap:0.0001,projected,36.59974115463942,846065.0,4.7374156363658635e-07,4.737414680960564e-07,0.0,0.2274833247080323,0.0001997482462931
mp-aaadjzbl,GF,ctp-hap:0.01,0.001,88,True,1,ZFP;tol_rel=0.000464159,U,unprojected,36.60701007333044,845897.0,4.745573806705523e-07,4.74557285289394e-07,1.5000000000320313e-05,0.2273364193749785,1.1821770262809775e-06
mp-aaadjzbl,GF,ctp-hap:0.01,0.0001,88,True,1,ZFP;tol_rel=0.000464159,U,unprojected,36.60701007333044,845897.0,4.745573806705523e-07,4.74557285289394e-07,1.5000000000320313e-05,0.2273364193749785,1.1821770262809775e-06
mp-aaadjzbl,GF,ctp-hap:0.01,1e-05,88,True,2,ZFP;tol_rel=0.000464159,hap:0.01,projected,36.59974115463942,846065.0,4.555121909105458e-07,4.555120915449294e-07,0.0,0.2270643197211939,0.0001997482462931
mp-aaadjzbl,GF,ctp-hap:1,0.001,90,True,2,ZFP;tol_rel=0.000464159,U,unprojected,36.60701007333044,845897.0,4.745573806705523e-07,4.74557285289394e-07,1.5000000000320313e-05,0.2273364193749785,1.1821770262809775e-06
mp-aaadjzbl,GF,ctp-hap:1,0.0001,90,True,2,ZFP;tol_rel=0.000464159,U,unprojected,36.60701007333044,845897.0,4.745573806705523e-07,4.74557285289394e-07,1.5000000000320313e-05,0.2273364193749785,1.1821770262809775e-06
mp-aaadjzbl,GF,ctp-hap:1,1e-05,90,True,1,ZFP;tol_rel=0.00215443,hap:1,projected,51.91755764610414,596441.0,9.500749523500512e-07,9.50074379742311e-07,0.0,0.668490628939935,0.0002833473889286
mp-aaacezrr,J,hartree_only,0.001,17,True,0,alpha_rel=0.0215443,U,,588.6238799978101,54799.0,6.450689282603008e-07,6.450686971519168e-07,,22.8045109108428,0.0
mp-aaacezrr,J,hartree_only,0.0001,17,True,0,alpha_rel=0.0215443,U,,588.6238799978101,54799.0,6.450689282603008e-07,6.450686971519168e-07,,22.8045109108428,0.0
mp-aaacezrr,J,hartree_only,1e-05,17,True,0,alpha_rel=0.0215443,U,,588.6238799978101,54799.0,6.450689282603008e-07,6.450686971519168e-07,,22.8045109108428,0.0
mp-aaacezrr,J,none,0.001,17,True,1,alpha_rel=0.0215443,U,,588.6238799978101,54799.0,6.450689282603008e-07,6.450686971519168e-07,0.0002889999999999,22.8045109108428,0.0
mp-aaacezrr,J,none,0.0001,17,True,4,alpha_rel=0.00215443,U,,321.42857142857144,100352.0,1.0253100107675464e-07,1.0252954705927393e-07,5.999999999994898e-05,10.557726200438992,0.0
mp-aaacezrr,J,none,1e-05,17,False,5,,,,,,,,,,
mp-aaacezrr,J,uniform,0.001,15,True,1,alpha_rel=0.00464159,uniform,,384.5768652979469,83874.0,5.733550501758795e-07,5.733547898616422e-07,0.0,13.821753547430047,0.0026706726756801
mp-aaacezrr,J,uniform,0.0001,15,True,1,alpha_rel=0.00464159,uniform,,384.5768652979469,83874.0,5.733550501758795e-07,5.733547898616422e-07,0.0,13.821753547430047,0.0026706726756801
mp-aaacezrr,J,uniform,1e-05,15,True,1,alpha_rel=0.00464159,uniform,,384.5768652979469,83874.0,5.733550501758795e-07,5.733547898616422e-07,0.0,13.821753547430047,0.0026706726756801
mp-aaacezrr,J,hap:0.0001,0.001,17,True,1,alpha_rel=0.0215443,hap:0.0001,,586.1423561265468,55031.0,6.544247815520092e-07,6.544245513041123e-07,0.0,22.804159107160896,0.0042158056368228
mp-aaacezrr,J,hap:0.0001,0.0001,17,True,1,alpha_rel=0.0215443,hap:0.0001,,586.1423561265468,55031.0,6.544247815520092e-07,6.544245513041123e-07,0.0,22.804159107160896,0.0042158056368228
mp-aaacezrr,J,hap:0.0001,1e-05,17,True,1,alpha_rel=0.0215443,hap:0.0001,,586.1423561265468,55031.0,6.544247815520092e-07,6.544245513041123e-07,0.0,22.804159107160896,0.0042158056368228
mp-aaacezrr,J,hap:0.01,0.001,17,True,1,alpha_rel=0.0215443,hap:0.01,,586.1423561265468,55031.0,8.04037446501137e-07,8.040372607430082e-07,0.0,22.80534198061436,0.0042158056368228
mp-aaacezrr,J,hap:0.01,0.0001,17,True,1,alpha_rel=0.0215443,hap:0.01,,586.1423561265468,55031.0,8.04037446501137e-07,8.040372607430082e-07,0.0,22.80534198061436,0.0042158056368228
mp-aaacezrr,J,hap:0.01,1e-05,17,True,1,alpha_rel=0.0215443,hap:0.01,,586.1423561265468,55031.0,8.04037446501137e-07,8.040372607430082e-07,0.0,22.80534198061436,0.0042158056368228
mp-aaacezrr,J,hap:1,0.001,16,True,1,alpha_rel=0.01,hap:1,,489.7810440645024,65858.0,8.290784070649995e-07,8.29078227214994e-07,0.0,22.36084478616067,0.0035227307236782
mp-aaacezrr,J,hap:1,0.0001,16,True,1,alpha_rel=0.01,hap:1,,489.7810440645024,65858.0,8.290784070649995e-07,8.29078227214994e-07,0.0,22.36084478616067,0.0035227307236782
mp-aaacezrr,J,hap:1,1e-05,16,True,1,alpha_rel=0.01,hap:1,,489.7810440645024,65858.0,8.290784070649995e-07,8.29078227214994e-07,0.0,22.36084478616067,0.0035227307236782
mp-aaacezrr,J,ctp-uniform,0.001,32,True,1,alpha_rel=0.0215443,U,unprojected,588.6131386861314,54800.0,6.450689282603008e-07,6.450686971519168e-07,0.0002889999999999,22.8045109108428,1.8248175182481757e-05
mp-aaacezrr,J,ctp-uniform,0.0001,32,True,4,alpha_rel=0.00464159,uniform,projected,384.5722801788376,83875.0,5.733550501758795e-07,5.733547898616422e-07,0.0,13.821753547430047,0.002682563338301
mp-aaacezrr,J,ctp-uniform,1e-05,32,True,4,alpha_rel=0.00464159,uniform,projected,384.5722801788376,83875.0,5.733550501758795e-07,5.733547898616422e-07,0.0,13.821753547430047,0.002682563338301
mp-aaacezrr,J,ctp-hap:0.0001,0.001,34,True,1,alpha_rel=0.0215443,U,unprojected,588.6131386861314,54800.0,6.450689282603008e-07,6.450686971519168e-07,0.0002889999999999,22.8045109108428,1.8248175182481757e-05
mp-aaacezrr,J,ctp-hap:0.0001,0.0001,34,True,2,alpha_rel=0.0215443,hap:0.0001,projected,586.1317051897078,55032.0,6.544247815520092e-07,6.544245513041123e-07,0.0,22.804159107160896,0.0042339002762029
mp-aaacezrr,J,ctp-hap:0.0001,1e-05,34,True,2,alpha_rel=0.0215443,hap:0.0001,projected,586.1317051897078,55032.0,6.544247815520092e-07,6.544245513041123e-07,0.0,22.804159107160896,0.0042339002762029
mp-aaacezrr,J,ctp-hap:0.01,0.001,34,True,1,alpha_rel=0.0215443,U,unprojected,588.6131386861314,54800.0,6.450689282603008e-07,6.450686971519168e-07,0.0002889999999999,22.8045109108428,1.8248175182481757e-05
mp-aaacezrr,J,ctp-hap:0.01,0.0001,34,True,2,alpha_rel=0.0215443,hap:0.01,projected,586.1317051897078,55032.0,8.04037446501137e-07,8.040372607430082e-07,0.0,22.80534198061436,0.0042339002762029
mp-aaacezrr,J,ctp-hap:0.01,1e-05,34,True,2,alpha_rel=0.0215443,hap:0.01,projected,586.1317051897078,55032.0,8.04037446501137e-07,8.040372607430082e-07,0.0,22.80534198061436,0.0042339002762029
mp-aaacezrr,J,ctp-hap:1,0.001,33,True,1,alpha_rel=0.0215443,U,unprojected,588.6131386861314,54800.0,6.450689282603008e-07,6.450686971519168e-07,0.0002889999999999,22.8045109108428,1.8248175182481757e-05
mp-aaacezrr,J,ctp-hap:1,0.0001,33,True,3,alpha_rel=0.01,hap:1,projected,489.7736072518562,65859.0,8.290784070649995e-07,8.29078227214994e-07,0.0,22.36084478616067,0.0035378611882962
mp-aaacezrr,J,ctp-hap:1,1e-05,33,True,3,alpha_rel=0.01,hap:1,projected,489.7736072518562,65859.0,8.290784070649995e-07,8.29078227214994e-07,0.0,22.36084478616067,0.0035378611882962
mp-aaacezrr,T1,hartree_only,0.001,40,True,0,q_cut=0.2;alpha_rel=2.15443e-05,U,,409.2310424886769,78821.0,6.168562266044406e-07,6.168559849260176e-07,,32.652584972771365,0.0
mp-aaacezrr,T1,hartree_only,0.0001,40,True,0,q_cut=0.2;alpha_rel=2.15443e-05,U,,409.2310424886769,78821.0,6.168562266044406e-07,6.168559849260176e-07,,32.652584972771365,0.0
mp-aaacezrr,T1,hartree_only,1e-05,40,True,0,q_cut=0.2;alpha_rel=2.15443e-05,U,,409.2310424886769,78821.0,6.168562266044406e-07,6.168559849260176e-07,,32.652584972771365,0.0
mp-aaacezrr,T1,none,0.001,40,True,1,q_cut=0.2;alpha_rel=2.15443e-05,U,,409.2310424886769,78821.0,6.168562266044406e-07,6.168559849260176e-07,0.0009619999999999,32.652584972771365,0.0
mp-aaacezrr,T1,none,0.0001,40,False,5,,,,,,,,,,
mp-aaacezrr,T1,none,1e-05,40,False,5,,,,,,,,,,
mp-aaacezrr,T1,uniform,0.001,40,True,1,q_cut=0.3;alpha_rel=0.0001,uniform,,372.0844388049371,86690.0,5.573307248138394e-07,5.573304569525906e-07,0.0,5.410480898388414,0.0025839197139231
mp-aaacezrr,T1,uniform,0.0001,40,True,1,q_cut=0.3;alpha_rel=0.0001,uniform,,372.0844388049371,86690.0,5.573307248138394e-07,5.573304569525906e-07,0.0,5.410480898388414,0.0025839197139231
mp-aaacezrr,T1,uniform,1e-05,40,True,1,q_cut=0.3;alpha_rel=0.0001,uniform,,372.0844388049371,86690.0,5.573307248138394e-07,5.573304569525906e-07,0.0,5.410480898388414,0.0025839197139231
mp-aaacezrr,T1,hap:0.0001,0.001,40,True,1,q_cut=0.2;alpha_rel=2.15443e-05,hap:0.0001,,408.0300557853592,79053.0,8.998524196523337e-07,8.998522122645605e-07,0.0,32.522124178862214,0.0029347399845673
mp-aaacezrr,T1,hap:0.0001,0.0001,40,True,1,q_cut=0.2;alpha_rel=2.15443e-05,hap:0.0001,,408.0300557853592,79053.0,8.998524196523337e-07,8.998522122645605e-07,0.0,32.522124178862214,0.0029347399845673
mp-aaacezrr,T1,hap:0.0001,1e-05,40,True,1,q_cut=0.2;alpha_rel=2.15443e-05,hap:0.0001,,408.0300557853592,79053.0,8.998524196523337e-07,8.998522122645605e-07,0.0,32.522124178862214,0.0029347399845673
mp-aaacezrr,T1,hap:0.01,0.001,32,True,1,q_cut=0.3;alpha_rel=2.15443e-05,hap:0.01,,249.5725173120817,129245.0,3.3265663716592866e-07,3.326561883440719e-07,0.0,2.6949558784690453,0.0017950404270958
mp-aaacezrr,T1,hap:0.01,0.0001,32,True,1,q_cut=0.3;alpha_rel=2.15443e-05,hap:0.01,,249.5725173120817,129245.0,3.3265663716592866e-07,3.326561883440719e-07,0.0,2.6949558784690453,0.0017950404270958
mp-aaacezrr,T1,hap:0.01,1e-05,32,True,1,q_cut=0.3;alpha_rel=2.15443e-05,hap:0.01,,249.5725173120817,129245.0,3.3265663716592866e-07,3.326561883440719e-07,0.0,2.6949558784690453,0.0017950404270958
mp-aaacezrr,T1,hap:1,0.001,40,True,1,q_cut=0.3;alpha_rel=0.0001,hap:1,,372.05010496205216,86698.0,8.243774560831631e-07,8.243772749822858e-07,0.0,5.41022791541036,0.0026759556160465
mp-aaacezrr,T1,hap:1,0.0001,40,True,1,q_cut=0.3;alpha_rel=0.0001,hap:1,,372.05010496205216,86698.0,8.243774560831631e-07,8.243772749822858e-07,0.0,5.41022791541036,0.0026759556160465
mp-aaacezrr,T1,hap:1,1e-05,40,True,1,q_cut=0.3;alpha_rel=0.0001,hap:1,,372.05010496205216,86698.0,8.243774560831631e-07,8.243772749822858e-07,0.0,5.41022791541036,0.0026759556160465
mp-aaacezrr,T1,ctp-uniform,0.001,80,True,1,q_cut=0.2;alpha_rel=2.15443e-05,U,unprojected,409.2258506508336,78822.0,6.168562266044406e-07,6.168559849260176e-07,0.0009619999999999,32.652584972771365,1.2686813326228718e-05
mp-aaacezrr,T1,ctp-uniform,0.0001,80,True,2,q_cut=0.3;alpha_rel=0.0001,uniform,projected,372.0801467280341,86691.0,5.573307248138394e-07,5.573304569525906e-07,0.0,5.410480898388414,0.0025954251306363
mp-aaacezrr,T1,ctp-uniform,1e-05,80,True,2,q_cut=0.3;alpha_rel=0.0001,uniform,projected,372.0801467280341,86691.0,5.573307248138394e-07,5.573304569525906e-07,0.0,5.410480898388414,0.0025954251306363
mp-aaacezrr,T1,ctp-hap:0.0001,0.001,80,True,1,q_cut=0.2;alpha_rel=2.15443e-05,U,unprojected,409.2258506508336,78822.0,6.168562266044406e-07,6.168559849260176e-07,0.0009619999999999,32.652584972771365,1.2686813326228718e-05
mp-aaacezrr,T1,ctp-hap:0.0001,0.0001,80,True,2,q_cut=0.2;alpha_rel=2.15443e-05,hap:0.0001,projected,408.02489437599615,79054.0,8.998524196523337e-07,8.998522122645605e-07,0.0,32.522124178862214,0.0029473524426341
mp-aaacezrr,T1,ctp-hap:0.0001,1e-05,80,True,2,q_cut=0.2;alpha_rel=2.15443e-05,hap:0.0001,projected,408.02489437599615,79054.0,8.998524196523337e-07,8.998522122645605e-07,0.0,32.522124178862214,0.0029473524426341
mp-aaacezrr,T1,ctp-hap:0.01,0.001,72,True,1,q_cut=0.2;alpha_rel=2.15443e-05,U,unprojected,409.2258506508336,78822.0,6.168562266044406e-07,6.168559849260176e-07,0.0009619999999999,32.652584972771365,1.2686813326228718e-05
mp-aaacezrr,T1,ctp-hap:0.01,0.0001,72,False,5,,,,,,,,,,
mp-aaacezrr,T1,ctp-hap:0.01,1e-05,72,False,5,,,,,,,,,,
mp-aaacezrr,T1,ctp-hap:1,0.001,80,True,1,q_cut=0.2;alpha_rel=2.15443e-05,U,unprojected,409.2258506508336,78822.0,6.168562266044406e-07,6.168559849260176e-07,0.0009619999999999,32.652584972771365,1.2686813326228718e-05
mp-aaacezrr,T1,ctp-hap:1,0.0001,80,True,2,q_cut=0.3;alpha_rel=0.0001,hap:1,projected,372.04581367720505,86699.0,8.243774560831631e-07,8.243772749822858e-07,0.0,5.41022791541036,0.0026874589095606
mp-aaacezrr,T1,ctp-hap:1,1e-05,80,True,2,q_cut=0.3;alpha_rel=0.0001,hap:1,projected,372.04581367720505,86699.0,8.243774560831631e-07,8.243772749822858e-07,0.0,5.41022791541036,0.0026874589095606
mp-aaacezrr,GP,hartree_only,0.001,0,False,0,,,,,,,,,,
mp-aaacezrr,GP,hartree_only,0.0001,0,False,0,,,,,,,,,,
mp-aaacezrr,GP,hartree_only,1e-05,0,False,0,,,,,,,,,,
mp-aaacezrr,GP,none,0.001,0,False,0,,,,,,,,,,
mp-aaacezrr,GP,none,0.0001,0,False,0,,,,,,,,,,
mp-aaacezrr,GP,none,1e-05,0,False,0,,,,,,,,,,
mp-aaacezrr,GP,uniform,0.001,0,False,0,,,,,,,,,,
mp-aaacezrr,GP,uniform,0.0001,0,False,0,,,,,,,,,,
mp-aaacezrr,GP,uniform,1e-05,0,False,0,,,,,,,,,,
mp-aaacezrr,GP,hap:0.0001,0.001,0,False,0,,,,,,,,,,
mp-aaacezrr,GP,hap:0.0001,0.0001,0,False,0,,,,,,,,,,
mp-aaacezrr,GP,hap:0.0001,1e-05,0,False,0,,,,,,,,,,
mp-aaacezrr,GP,hap:0.01,0.001,0,False,0,,,,,,,,,,
mp-aaacezrr,GP,hap:0.01,0.0001,0,False,0,,,,,,,,,,
mp-aaacezrr,GP,hap:0.01,1e-05,0,False,0,,,,,,,,,,
mp-aaacezrr,GP,hap:1,0.001,0,False,0,,,,,,,,,,
mp-aaacezrr,GP,hap:1,0.0001,0,False,0,,,,,,,,,,
mp-aaacezrr,GP,hap:1,1e-05,0,False,0,,,,,,,,,,
mp-aaacezrr,GP,ctp-uniform,0.001,0,False,0,,,,,,,,,,
mp-aaacezrr,GP,ctp-uniform,0.0001,0,False,0,,,,,,,,,,
mp-aaacezrr,GP,ctp-uniform,1e-05,0,False,0,,,,,,,,,,
mp-aaacezrr,GP,ctp-hap:0.0001,0.001,0,False,0,,,,,,,,,,
mp-aaacezrr,GP,ctp-hap:0.0001,0.0001,0,False,0,,,,,,,,,,
mp-aaacezrr,GP,ctp-hap:0.0001,1e-05,0,False,0,,,,,,,,,,
mp-aaacezrr,GP,ctp-hap:0.01,0.001,0,False,0,,,,,,,,,,
mp-aaacezrr,GP,ctp-hap:0.01,0.0001,0,False,0,,,,,,,,,,
mp-aaacezrr,GP,ctp-hap:0.01,1e-05,0,False,0,,,,,,,,,,
mp-aaacezrr,GP,ctp-hap:1,0.001,0,False,0,,,,,,,,,,
mp-aaacezrr,GP,ctp-hap:1,0.0001,0,False,0,,,,,,,,,,
mp-aaacezrr,GP,ctp-hap:1,1e-05,0,False,0,,,,,,,,,,
mp-aaacezrr,R3,hartree_only,0.001,6,True,0,tau=1e-06;k=0;margin=0.995,U,,797.9615565395937,40423.0,9.949684853722328e-07,9.94968335537515e-07,,43.02326295809144,0.0
mp-aaacezrr,R3,hartree_only,0.0001,6,True,0,tau=1e-06;k=0;margin=0.995,U,,797.9615565395937,40423.0,9.949684853722328e-07,9.94968335537515e-07,,43.02326295809144,0.0
mp-aaacezrr,R3,hartree_only,1e-05,6,True,0,tau=1e-06;k=0;margin=0.995,U,,797.9615565395937,40423.0,9.949684853722328e-07,9.94968335537515e-07,,43.02326295809144,0.0
mp-aaacezrr,R3,none,0.001,6,True,1,tau=1e-06;k=0;margin=0.995,U,,797.9615565395937,40423.0,9.949684853722328e-07,9.94968335537515e-07,0.0008059999999998,43.02326295809144,0.0
mp-aaacezrr,R3,none,0.0001,6,False,5,,,,,,,,,,
mp-aaacezrr,R3,none,1e-05,6,False,5,,,,,,,,,,
mp-aaacezrr,R3,uniform,0.001,0,False,0,,,,,,,,,,
mp-aaacezrr,R3,uniform,0.0001,0,False,0,,,,,,,,,,
mp-aaacezrr,R3,uniform,1e-05,0,False,0,,,,,,,,,,
mp-aaacezrr,R3,hap:0.0001,0.001,0,False,0,,,,,,,,,,
mp-aaacezrr,R3,hap:0.0001,0.0001,0,False,0,,,,,,,,,,
mp-aaacezrr,R3,hap:0.0001,1e-05,0,False,0,,,,,,,,,,
mp-aaacezrr,R3,hap:0.01,0.001,0,False,0,,,,,,,,,,
mp-aaacezrr,R3,hap:0.01,0.0001,0,False,0,,,,,,,,,,
mp-aaacezrr,R3,hap:0.01,1e-05,0,False,0,,,,,,,,,,
mp-aaacezrr,R3,hap:1,0.001,0,False,0,,,,,,,,,,
mp-aaacezrr,R3,hap:1,0.0001,0,False,0,,,,,,,,,,
mp-aaacezrr,R3,hap:1,1e-05,0,False,0,,,,,,,,,,
mp-aaacezrr,R3,ctp-uniform,0.001,6,True,1,tau=1e-06;k=0;margin=0.995,U,unprojected,797.9418167425292,40424.0,9.949684853722328e-07,9.94968335537515e-07,0.0008059999999998,43.02326295809144,2.473777953690877e-05
mp-aaacezrr,R3,ctp-uniform,0.0001,6,False,5,,,,,,,,,,
mp-aaacezrr,R3,ctp-uniform,1e-05,6,False,5,,,,,,,,,,
mp-aaacezrr,R3,ctp-hap:0.0001,0.001,6,True,1,tau=1e-06;k=0;margin=0.995,U,unprojected,797.9418167425292,40424.0,9.949684853722328e-07,9.94968335537515e-07,0.0008059999999998,43.02326295809144,2.473777953690877e-05
mp-aaacezrr,R3,ctp-hap:0.0001,0.0001,6,False,5,,,,,,,,,,
mp-aaacezrr,R3,ctp-hap:0.0001,1e-05,6,False,5,,,,,,,,,,
mp-aaacezrr,R3,ctp-hap:0.01,0.001,6,True,1,tau=1e-06;k=0;margin=0.995,U,unprojected,797.9418167425292,40424.0,9.949684853722328e-07,9.94968335537515e-07,0.0008059999999998,43.02326295809144,2.473777953690877e-05
mp-aaacezrr,R3,ctp-hap:0.01,0.0001,6,False,5,,,,,,,,,,
mp-aaacezrr,R3,ctp-hap:0.01,1e-05,6,False,5,,,,,,,,,,
mp-aaacezrr,R3,ctp-hap:1,0.001,6,True,1,tau=1e-06;k=0;margin=0.995,U,unprojected,797.9418167425292,40424.0,9.949684853722328e-07,9.94968335537515e-07,0.0008059999999998,43.02326295809144,2.473777953690877e-05
mp-aaacezrr,R3,ctp-hap:1,0.0001,6,False,5,,,,,,,,,,
mp-aaacezrr,R3,ctp-hap:1,1e-05,6,False,5,,,,,,,,,,
mp-aaacezrr,GF,hartree_only,0.001,41,True,0,ZFP;tol_rel=0.000215443,U,,41.89265008415934,769968.0,4.278429852141533e-07,4.278427232254909e-07,,0.4402274537500261,0.0
mp-aaacezrr,GF,hartree_only,0.0001,41,True,0,ZFP;tol_rel=0.000215443,U,,41.89265008415934,769968.0,4.278429852141533e-07,4.278427232254909e-07,,0.4402274537500261,0.0
mp-aaacezrr,GF,hartree_only,1e-05,41,True,0,ZFP;tol_rel=0.000215443,U,,41.89265008415934,769968.0,4.278429852141533e-07,4.278427232254909e-07,,0.4402274537500261,0.0
mp-aaacezrr,GF,none,0.001,41,True,1,ZFP;tol_rel=0.000215443,U,,41.89265008415934,769968.0,4.278429852141533e-07,4.278427232254909e-07,3.2000000000032e-05,0.4402274537500261,0.0
mp-aaacezrr,GF,none,0.0001,41,True,1,ZFP;tol_rel=0.000215443,U,,41.89265008415934,769968.0,4.278429852141533e-07,4.278427232254909e-07,3.2000000000032e-05,0.4402274537500261,0.0
mp-aaacezrr,GF,none,1e-05,41,True,4,ZFP;tol_rel=4.64159e-05,U,,30.407469136267995,1060792.0,6.4631718619963e-08,6.46315890328711e-08,4.999999999810711e-06,0.1160864124999534,0.0
mp-aaacezrr,GF,uniform,0.001,43,True,1,ZFP;tol_rel=0.000464159,uniform,,49.80237154150198,647680.0,4.271503305570338e-07,4.2714944746569513e-07,0.0,0.8755021283425322,0.0003458498023715
mp-aaacezrr,GF,uniform,0.0001,43,True,1,ZFP;tol_rel=0.000464159,uniform,,49.80237154150198,647680.0,4.271503305570338e-07,4.2714944746569513e-07,0.0,0.8755021283425322,0.0003458498023715
mp-aaacezrr,GF,uniform,1e-05,43,True,1,ZFP;tol_rel=0.000464159,uniform,,49.80237154150198,647680.0,4.271503305570338e-07,4.2714944746569513e-07,0.0,0.8755021283425322,0.0003458498023715
mp-aaacezrr,GF,hap:0.0001,0.001,41,True,1,ZFP;tol_rel=0.000215443,hap:0.0001,,41.880031160737474,770200.0,4.274946832117086e-07,4.274944210214361e-07,0.0,0.4400848486139921,0.0003012204622176
mp-aaacezrr,GF,hap:0.0001,0.0001,41,True,1,ZFP;tol_rel=0.000215443,hap:0.0001,,41.880031160737474,770200.0,4.274946832117086e-07,4.274944210214361e-07,0.0,0.4400848486139921,0.0003012204622176
mp-aaacezrr,GF,hap:0.0001,1e-05,41,True,1,ZFP;tol_rel=0.000215443,hap:0.0001,,41.880031160737474,770200.0,4.274946832117086e-07,4.274944210214361e-07,0.0,0.4400848486139921,0.0003012204622176
mp-aaacezrr,GF,hap:0.01,0.001,41,True,1,ZFP;tol_rel=0.000215443,hap:0.01,,41.880031160737474,770200.0,4.2099742560279963e-07,4.209971593611677e-07,0.0,0.4396945101658502,0.0003012204622176
mp-aaacezrr,GF,hap:0.01,0.0001,41,True,1,ZFP;tol_rel=0.000215443,hap:0.01,,41.880031160737474,770200.0,4.2099742560279963e-07,4.209971593611677e-07,0.0,0.4396945101658502,0.0003012204622176
mp-aaacezrr,GF,hap:0.01,1e-05,41,True,1,ZFP;tol_rel=0.000215443,hap:0.01,,41.880031160737474,770200.0,4.2099742560279963e-07,4.209971593611677e-07,0.0,0.4396945101658502,0.0003012204622176
mp-aaacezrr,GF,hap:1,0.001,44,True,1,ZFP;tol_rel=0.000464159,hap:1,,49.80175640123022,647688.0,9.256822748022352e-07,9.256818673064847e-07,0.0,0.875408489538188,0.0003581971566556
mp-aaacezrr,GF,hap:1,0.0001,44,True,1,ZFP;tol_rel=0.000464159,hap:1,,49.80175640123022,647688.0,9.256822748022352e-07,9.256818673064847e-07,0.0,0.875408489538188,0.0003581971566556
mp-aaacezrr,GF,hap:1,1e-05,44,True,1,ZFP;tol_rel=0.000464159,hap:1,,49.80175640123022,647688.0,9.256822748022352e-07,9.256818673064847e-07,0.0,0.875408489538188,0.0003581971566556
mp-aaacezrr,GF,ctp-uniform,0.001,84,True,2,ZFP;tol_rel=0.000215443,U,unprojected,41.89259567592981,769969.0,4.278429852141533e-07,4.278427232254909e-07,3.2000000000032e-05,0.4402274537500261,1.2987535861833398e-06
mp-aaacezrr,GF,ctp-uniform,0.0001,84,True,2,ZFP;tol_rel=0.000215443,U,unprojected,41.89259567592981,769969.0,4.278429852141533e-07,4.278427232254909e-07,3.2000000000032e-05,0.4402274537500261,1.2987535861833398e-06
mp-aaacezrr,GF,ctp-uniform,1e-05,84,True,1,ZFP;tol_rel=0.000464159,uniform,projected,49.80229464813697,647681.0,4.271503305570338e-07,4.2714944746569513e-07,0.0,0.8755021283425322,0.000347393238338
mp-aaacezrr,GF,ctp-hap:0.0001,0.001,82,True,1,ZFP;tol_rel=0.000215443,U,unprojected,41.89259567592981,769969.0,4.278429852141533e-07,4.278427232254909e-07,3.2000000000032e-05,0.4402274537500261,1.2987535861833398e-06
mp-aaacezrr,GF,ctp-hap:0.0001,0.0001,82,True,1,ZFP;tol_rel=0.000215443,U,unprojected,41.89259567592981,769969.0,4.278429852141533e-07,4.278427232254909e-07,3.2000000000032e-05,0.4402274537500261,1.2987535861833398e-06
mp-aaacezrr,GF,ctp-hap:0.0001,1e-05,82,True,2,ZFP;tol_rel=0.000215443,hap:0.0001,projected,41.879976785280725,770201.0,4.274946832117086e-07,4.274944210214361e-07,0.0,0.4400848486139921,0.0003025184334998
mp-aaacezrr,GF,ctp-hap:0.01,0.001,82,True,1,ZFP;tol_rel=0.000215443,U,unprojected,41.89259567592981,769969.0,4.278429852141533e-07,4.278427232254909e-07,3.2000000000032e-05,0.4402274537500261,1.2987535861833398e-06
mp-aaacezrr,GF,ctp-hap:0.01,0.0001,82,True,1,ZFP;tol_rel=0.000215443,U,unprojected,41.89259567592981,769969.0,4.278429852141533e-07,4.278427232254909e-07,3.2000000000032e-05,0.4402274537500261,1.2987535861833398e-06
mp-aaacezrr,GF,ctp-hap:0.01,1e-05,82,True,2,ZFP;tol_rel=0.000215443,hap:0.01,projected,41.879976785280725,770201.0,4.2099742560279963e-07,4.209971593611677e-07,0.0,0.4396945101658502,0.0003025184334998
mp-aaacezrr,GF,ctp-hap:1,0.001,85,True,2,ZFP;tol_rel=0.000215443,U,unprojected,41.89259567592981,769969.0,4.278429852141533e-07,4.278427232254909e-07,3.2000000000032e-05,0.4402274537500261,1.2987535861833398e-06
mp-aaacezrr,GF,ctp-hap:1,0.0001,85,True,2,ZFP;tol_rel=0.000215443,U,unprojected,41.89259567592981,769969.0,4.278429852141533e-07,4.278427232254909e-07,3.2000000000032e-05,0.4402274537500261,1.2987535861833398e-06
mp-aaacezrr,GF,ctp-hap:1,1e-05,85,True,1,ZFP;tol_rel=0.000464159,hap:1,projected,49.80167950976472,647689.0,9.256822748022352e-07,9.256818673064847e-07,0.0,0.875408489538188,0.0003597405544945
mp-aaabxbqt,J,hartree_only,0.001,19,True,0,alpha_rel=0.1,U,,1057.032258064516,20832.0,8.586715633114333e-07,8.586715010302131e-07,,23.50756878590164,0.0
mp-aaabxbqt,J,hartree_only,0.0001,19,True,0,alpha_rel=0.1,U,,1057.032258064516,20832.0,8.586715633114333e-07,8.586715010302131e-07,,23.50756878590164,0.0
mp-aaabxbqt,J,hartree_only,1e-05,19,True,0,alpha_rel=0.1,U,,1057.032258064516,20832.0,8.586715633114333e-07,8.586715010302131e-07,,23.50756878590164,0.0
mp-aaabxbqt,J,none,0.001,19,True,1,alpha_rel=0.1,U,,1057.032258064516,20832.0,8.586715633114333e-07,8.586715010302131e-07,0.0007429999999999,23.50756878590164,0.0
mp-aaabxbqt,J,none,0.0001,19,False,5,,,,,,,,,,
mp-aaabxbqt,J,none,1e-05,19,False,5,,,,,,,,,,
mp-aaabxbqt,J,uniform,0.001,17,True,1,alpha_rel=0.0215443,uniform,,759.6017799855117,28989.0,7.431829067806861e-07,7.431828336060042e-07,0.0,15.60177407231398,0.0077270688881989
mp-aaabxbqt,J,uniform,0.0001,17,True,1,alpha_rel=0.0215443,uniform,,759.6017799855117,28989.0,7.431829067806861e-07,7.431828336060042e-07,0.0,15.60177407231398,0.0077270688881989
mp-aaabxbqt,J,uniform,1e-05,17,True,1,alpha_rel=0.0215443,uniform,,759.6017799855117,28989.0,7.431829067806861e-07,7.431828336060042e-07,0.0,15.60177407231398,0.0077270688881989
mp-aaabxbqt,J,hap:0.0001,0.001,19,True,1,alpha_rel=0.1,hap:0.0001,,1045.3900493733383,21064.0,9.06774362706568e-07,9.067742862894676e-07,0.0,23.47313553569165,0.0110140524116976
mp-aaabxbqt,J,hap:0.0001,0.0001,19,True,1,alpha_rel=0.1,hap:0.0001,,1045.3900493733383,21064.0,9.06774362706568e-07,9.067742862894676e-07,0.0,23.47313553569165,0.0110140524116976
mp-aaabxbqt,J,hap:0.0001,1e-05,19,True,1,alpha_rel=0.1,hap:0.0001,,1045.3900493733383,21064.0,9.06774362706568e-07,9.067742862894676e-07,0.0,23.47313553569165,0.0110140524116976
mp-aaabxbqt,J,hap:0.01,0.001,18,True,1,alpha_rel=0.0464159,hap:0.01,,890.9247451043858,24716.0,9.23378798529306e-07,9.233787378254952e-07,0.0,11.141388793852991,0.0093866321411231
mp-aaabxbqt,J,hap:0.01,0.0001,18,True,1,alpha_rel=0.0464159,hap:0.01,,890.9247451043858,24716.0,9.23378798529306e-07,9.233787378254952e-07,0.0,11.141388793852991,0.0093866321411231
mp-aaabxbqt,J,hap:0.01,1e-05,18,True,1,alpha_rel=0.0464159,hap:0.01,,890.9247451043858,24716.0,9.23378798529306e-07,9.233787378254952e-07,0.0,11.141388793852991,0.0093866321411231
mp-aaabxbqt,J,hap:1,0.001,17,True,1,alpha_rel=0.0215443,hap:1,,759.3922129875505,28997.0,7.171864598599127e-07,7.171863840301266e-07,0.0,15.601614996486449,0.0080008276718281
mp-aaabxbqt,J,hap:1,0.0001,17,True,1,alpha_rel=0.0215443,hap:1,,759.3922129875505,28997.0,7.171864598599127e-07,7.171863840301266e-07,0.0,15.601614996486449,0.0080008276718281
mp-aaabxbqt,J,hap:1,1e-05,17,True,1,alpha_rel=0.0215443,hap:1,,759.3922129875505,28997.0,7.171864598599127e-07,7.171863840301266e-07,0.0,15.601614996486449,0.0080008276718281
mp-aaabxbqt,J,ctp-uniform,0.001,36,True,1,alpha_rel=0.1,U,unprojected,1056.9815197043154,20833.0,8.586715633114333e-07,8.586715010302131e-07,0.0007429999999999,23.50756878590164,4.8000768012288194e-05
mp-aaabxbqt,J,ctp-uniform,0.0001,36,True,4,alpha_rel=0.0215443,uniform,projected,759.5755777854432,28990.0,7.431829067806861e-07,7.431828336060042e-07,0.0,15.60177407231398,0.0077612969989651
mp-aaabxbqt,J,ctp-uniform,1e-05,36,True,4,alpha_rel=0.0215443,uniform,projected,759.5755777854432,28990.0,7.431829067806861e-07,7.431828336060042e-07,0.0,15.60177407231398,0.0077612969989651
mp-aaabxbqt,J,ctp-hap:0.0001,0.001,38,True,1,alpha_rel=0.1,U,unprojected,1056.9815197043154,20833.0,8.586715633114333e-07,8.586715010302131e-07,0.0007429999999999,23.50756878590164,4.8000768012288194e-05
mp-aaabxbqt,J,ctp-hap:0.0001,0.0001,38,True,2,alpha_rel=0.1,hap:0.0001,projected,1045.3404225017805,21065.0,9.06774362706568e-07,9.067742862894676e-07,0.0,23.47313553569165,0.0110610016615238
mp-aaabxbqt,J,ctp-hap:0.0001,1e-05,38,True,2,alpha_rel=0.1,hap:0.0001,projected,1045.3404225017805,21065.0,9.06774362706568e-07,9.067742862894676e-07,0.0,23.47313553569165,0.0110610016615238
mp-aaabxbqt,J,ctp-hap:0.01,0.001,37,True,1,alpha_rel=0.1,U,unprojected,1056.9815197043154,20833.0,8.586715633114333e-07,8.586715010302131e-07,0.0007429999999999,23.50756878590164,4.8000768012288194e-05
mp-aaabxbqt,J,ctp-hap:0.01,0.0001,37,True,3,alpha_rel=0.0464159,hap:0.01,projected,890.8887000849618,24717.0,9.23378798529306e-07,9.233787378254952e-07,0.0,11.141388793852991,0.0094267103612898
mp-aaabxbqt,J,ctp-hap:0.01,1e-05,37,True,3,alpha_rel=0.0464159,hap:0.01,projected,890.8887000849618,24717.0,9.23378798529306e-07,9.233787378254952e-07,0.0,11.141388793852991,0.0094267103612898
mp-aaabxbqt,J,ctp-hap:1,0.001,36,True,1,alpha_rel=0.1,U,unprojected,1056.9815197043154,20833.0,8.586715633114333e-07,8.586715010302131e-07,0.0007429999999999,23.50756878590164,4.8000768012288194e-05
mp-aaabxbqt,J,ctp-hap:1,0.0001,36,True,4,alpha_rel=0.0215443,hap:1,projected,759.3660252431202,28998.0,7.171864598599127e-07,7.171863840301266e-07,0.0,15.601614996486449,0.0080350368990964
mp-aaabxbqt,J,ctp-hap:1,1e-05,36,True,4,alpha_rel=0.0215443,hap:1,projected,759.3660252431202,28998.0,7.171864598599127e-07,7.171863840301266e-07,0.0,15.601614996486449,0.0080350368990964
mp-aaabxbqt,T1,hartree_only,0.001,50,True,0,q_cut=0.2;alpha_rel=0.0001,U,,802.4523887613425,27441.0,9.435186614217996e-07,9.435186047412966e-07,,29.96111872533584,0.0
mp-aaabxbqt,T1,hartree_only,0.0001,50,True,0,q_cut=0.2;alpha_rel=0.0001,U,,802.4523887613425,27441.0,9.435186614217996e-07,9.435186047412966e-07,,29.96111872533584,0.0
mp-aaabxbqt,T1,hartree_only,1e-05,50,True,0,q_cut=0.2;alpha_rel=0.0001,U,,802.4523887613425,27441.0,9.435186614217996e-07,9.435186047412966e-07,,29.96111872533584,0.0
mp-aaabxbqt,T1,none,0.001,50,True,1,q_cut=0.2;alpha_rel=0.0001,U,,802.4523887613425,27441.0,9.435186614217996e-07,9.435186047412966e-07,0.0002999999999997,29.96111872533584,0.0
mp-aaabxbqt,T1,none,0.0001,50,False,5,,,,,,,,,,
mp-aaabxbqt,T1,none,1e-05,50,False,5,,,,,,,,,,
mp-aaabxbqt,T1,uniform,0.001,58,True,1,q_cut=0.2;alpha_rel=0.000215443,uniform,,926.0312040035324,23779.0,6.633577673556714e-07,6.633576856089569e-07,0.0,30.19396863631755,0.0094200765381218
mp-aaabxbqt,T1,uniform,0.0001,58,True,1,q_cut=0.2;alpha_rel=0.000215443,uniform,,926.0312040035324,23779.0,6.633577673556714e-07,6.633576856089569e-07,0.0,30.19396863631755,0.0094200765381218
mp-aaabxbqt,T1,uniform,1e-05,58,True,1,q_cut=0.2;alpha_rel=0.000215443,uniform,,926.0312040035324,23779.0,6.633577673556714e-07,6.633576856089569e-07,0.0,30.19396863631755,0.0094200765381218
mp-aaabxbqt,T1,hap:0.0001,0.001,50,True,1,q_cut=0.2;alpha_rel=0.0001,hap:0.0001,,795.7249304376106,27673.0,9.523811156262548e-07,9.52381055829586e-07,0.0,29.947811461379388,0.0083836230260542
mp-aaabxbqt,T1,hap:0.0001,0.0001,50,True,1,q_cut=0.2;alpha_rel=0.0001,hap:0.0001,,795.7249304376106,27673.0,9.523811156262548e-07,9.52381055829586e-07,0.0,29.947811461379388,0.0083836230260542
mp-aaabxbqt,T1,hap:0.0001,1e-05,50,True,1,q_cut=0.2;alpha_rel=0.0001,hap:0.0001,,795.7249304376106,27673.0,9.523811156262548e-07,9.52381055829586e-07,0.0,29.947811461379388,0.0083836230260542
mp-aaabxbqt,T1,hap:0.01,0.001,49,True,1,q_cut=0.2;alpha_rel=4.64159e-05,hap:0.01,,704.0798081534772,31275.0,7.004009217966126e-07,7.004008443284584e-07,0.0,29.96638151220759,0.0074180655475619
mp-aaabxbqt,T1,hap:0.01,0.0001,49,True,1,q_cut=0.2;alpha_rel=4.64159e-05,hap:0.01,,704.0798081534772,31275.0,7.004009217966126e-07,7.004008443284584e-07,0.0,29.96638151220759,0.0074180655475619
mp-aaabxbqt,T1,hap:0.01,1e-05,49,True,1,q_cut=0.2;alpha_rel=4.64159e-05,hap:0.01,,704.0798081534772,31275.0,7.004009217966126e-07,7.004008443284584e-07,0.0,29.96638151220759,0.0074180655475619
mp-aaabxbqt,T1,hap:1,0.001,54,True,1,q_cut=0.2;alpha_rel=0.0001,hap:1,,795.7249304376106,27673.0,8.340327334400197e-07,8.34032668517745e-07,0.0,30.0266002561566,0.0083836230260542
mp-aaabxbqt,T1,hap:1,0.0001,54,True,1,q_cut=0.2;alpha_rel=0.0001,hap:1,,795.7249304376106,27673.0,8.340327334400197e-07,8.34032668517745e-07,0.0,30.0266002561566,0.0083836230260542
mp-aaabxbqt,T1,hap:1,1e-05,54,True,1,q_cut=0.2;alpha_rel=0.0001,hap:1,,795.7249304376106,27673.0,8.340327334400197e-07,8.34032668517745e-07,0.0,30.0266002561566,0.0083836230260542
mp-aaabxbqt,T1,ctp-uniform,0.001,108,True,2,q_cut=0.2;alpha_rel=0.0001,U,unprojected,802.4231470009474,27442.0,9.435186614217996e-07,9.435186047412966e-07,0.0002999999999997,29.96111872533584,3.644049267546097e-05
mp-aaabxbqt,T1,ctp-uniform,0.0001,108,True,1,q_cut=0.2;alpha_rel=0.000215443,uniform,projected,925.9922624053828,23780.0,6.633577673556714e-07,6.633576856089569e-07,0.0,30.19396863631755,0.0094617325483599
mp-aaabxbqt,T1,ctp-uniform,1e-05,108,True,1,q_cut=0.2;alpha_rel=0.000215443,uniform,projected,925.9922624053828,23780.0,6.633577673556714e-07,6.633576856089569e-07,0.0,30.19396863631755,0.0094617325483599
mp-aaabxbqt,T1,ctp-hap:0.0001,0.001,100,True,1,q_cut=0.2;alpha_rel=0.0001,U,unprojected,802.4231470009474,27442.0,9.435186614217996e-07,9.435186047412966e-07,0.0002999999999997,29.96111872533584,3.644049267546097e-05
mp-aaabxbqt,T1,ctp-hap:0.0001,0.0001,100,True,2,q_cut=0.2;alpha_rel=0.0001,hap:0.0001,projected,795.6961769169618,27674.0,9.523811156262548e-07,9.52381055829586e-07,0.0,29.947811461379388,0.0084194550841945
mp-aaabxbqt,T1,ctp-hap:0.0001,1e-05,100,True,2,q_cut=0.2;alpha_rel=0.0001,hap:0.0001,projected,795.6961769169618,27674.0,9.523811156262548e-07,9.52381055829586e-07,0.0,29.947811461379388,0.0084194550841945
mp-aaabxbqt,T1,ctp-hap:0.01,0.001,99,True,1,q_cut=0.2;alpha_rel=0.0001,U,unprojected,802.4231470009474,27442.0,9.435186614217996e-07,9.435186047412966e-07,0.0002999999999997,29.96111872533584,3.644049267546097e-05
mp-aaabxbqt,T1,ctp-hap:0.01,0.0001,99,True,3,q_cut=0.2;alpha_rel=4.64159e-05,hap:0.01,projected,704.057296329454,31276.0,7.004009217966126e-07,7.004008443284584e-07,0.0,29.96638151220759,0.0074498017649315
mp-aaabxbqt,T1,ctp-hap:0.01,1e-05,99,True,3,q_cut=0.2;alpha_rel=4.64159e-05,hap:0.01,projected,704.057296329454,31276.0,7.004009217966126e-07,7.004008443284584e-07,0.0,29.96638151220759,0.0074498017649315
mp-aaabxbqt,T1,ctp-hap:1,0.001,104,True,1,q_cut=0.2;alpha_rel=0.0001,U,unprojected,802.4231470009474,27442.0,9.435186614217996e-07,9.435186047412966e-07,0.0002999999999997,29.96111872533584,3.644049267546097e-05
mp-aaabxbqt,T1,ctp-hap:1,0.0001,104,True,2,q_cut=0.2;alpha_rel=0.0001,hap:1,projected,795.6961769169618,27674.0,8.340327334400197e-07,8.34032668517745e-07,0.0,30.0266002561566,0.0084194550841945
mp-aaabxbqt,T1,ctp-hap:1,1e-05,104,True,2,q_cut=0.2;alpha_rel=0.0001,hap:1,projected,795.6961769169618,27674.0,8.340327334400197e-07,8.34032668517745e-07,0.0,30.0266002561566,0.0084194550841945
mp-aaabxbqt,GP,hartree_only,0.001,0,False,0,,,,,,,,,,
mp-aaabxbqt,GP,hartree_only,0.0001,0,False,0,,,,,,,,,,
mp-aaabxbqt,GP,hartree_only,1e-05,0,False,0,,,,,,,,,,
mp-aaabxbqt,GP,none,0.001,0,False,0,,,,,,,,,,
mp-aaabxbqt,GP,none,0.0001,0,False,0,,,,,,,,,,
mp-aaabxbqt,GP,none,1e-05,0,False,0,,,,,,,,,,
mp-aaabxbqt,GP,uniform,0.001,0,False,0,,,,,,,,,,
mp-aaabxbqt,GP,uniform,0.0001,0,False,0,,,,,,,,,,
mp-aaabxbqt,GP,uniform,1e-05,0,False,0,,,,,,,,,,
mp-aaabxbqt,GP,hap:0.0001,0.001,0,False,0,,,,,,,,,,
mp-aaabxbqt,GP,hap:0.0001,0.0001,0,False,0,,,,,,,,,,
mp-aaabxbqt,GP,hap:0.0001,1e-05,0,False,0,,,,,,,,,,
mp-aaabxbqt,GP,hap:0.01,0.001,0,False,0,,,,,,,,,,
mp-aaabxbqt,GP,hap:0.01,0.0001,0,False,0,,,,,,,,,,
mp-aaabxbqt,GP,hap:0.01,1e-05,0,False,0,,,,,,,,,,
mp-aaabxbqt,GP,hap:1,0.001,0,False,0,,,,,,,,,,
mp-aaabxbqt,GP,hap:1,0.0001,0,False,0,,,,,,,,,,
mp-aaabxbqt,GP,hap:1,1e-05,0,False,0,,,,,,,,,,
mp-aaabxbqt,GP,ctp-uniform,0.001,0,False,0,,,,,,,,,,
mp-aaabxbqt,GP,ctp-uniform,0.0001,0,False,0,,,,,,,,,,
mp-aaabxbqt,GP,ctp-uniform,1e-05,0,False,0,,,,,,,,,,
mp-aaabxbqt,GP,ctp-hap:0.0001,0.001,0,False,0,,,,,,,,,,
mp-aaabxbqt,GP,ctp-hap:0.0001,0.0001,0,False,0,,,,,,,,,,
mp-aaabxbqt,GP,ctp-hap:0.0001,1e-05,0,False,0,,,,,,,,,,
mp-aaabxbqt,GP,ctp-hap:0.01,0.001,0,False,0,,,,,,,,,,
mp-aaabxbqt,GP,ctp-hap:0.01,0.0001,0,False,0,,,,,,,,,,
mp-aaabxbqt,GP,ctp-hap:0.01,1e-05,0,False,0,,,,,,,,,,
mp-aaabxbqt,GP,ctp-hap:1,0.001,0,False,0,,,,,,,,,,
mp-aaabxbqt,GP,ctp-hap:1,0.0001,0,False,0,,,,,,,,,,
mp-aaabxbqt,GP,ctp-hap:1,1e-05,0,False,0,,,,,,,,,,
mp-aaabxbqt,R3,hartree_only,0.001,6,True,0,tau=1e-06;k=0;margin=0.995,U,,1530.5550844512406,14387.0,9.932701788549723e-07,9.932701250135168e-07,,31.089979064952782,0.0
mp-aaabxbqt,R3,hartree_only,0.0001,6,True,0,tau=1e-06;k=0;margin=0.995,U,,1530.5550844512406,14387.0,9.932701788549723e-07,9.932701250135168e-07,,31.089979064952782,0.0
mp-aaabxbqt,R3,hartree_only,1e-05,6,True,0,tau=1e-06;k=0;margin=0.995,U,,1530.5550844512406,14387.0,9.932701788549723e-07,9.932701250135168e-07,,31.089979064952782,0.0
mp-aaabxbqt,R3,none,0.001,6,True,1,tau=1e-06;k=0;margin=0.995,U,,1530.5550844512406,14387.0,9.932701788549723e-07,9.932701250135168e-07,0.0005319999999997,31.089979064952782,0.0
mp-aaabxbqt,R3,none,0.0001,6,False,5,,,,,,,,,,
mp-aaabxbqt,R3,none,1e-05,6,False,5,,,,,,,,,,
mp-aaabxbqt,R3,uniform,0.001,0,False,0,,,,,,,,,,
mp-aaabxbqt,R3,uniform,0.0001,0,False,0,,,,,,,,,,
mp-aaabxbqt,R3,uniform,1e-05,0,False,0,,,,,,,,,,
mp-aaabxbqt,R3,hap:0.0001,0.001,2,True,1,tau=1e-06;k=4;margin=0.975248753,hap:0.0001,,1495.2193929517214,14727.0,9.98195972033698e-07,9.981959085708077e-07,0.0,30.60417044998394,0.015753378148978
mp-aaabxbqt,R3,hap:0.0001,0.0001,2,True,1,tau=1e-06;k=4;margin=0.975248753,hap:0.0001,,1495.2193929517214,14727.0,9.98195972033698e-07,9.981959085708077e-07,0.0,30.60417044998394,0.015753378148978
mp-aaabxbqt,R3,hap:0.0001,1e-05,2,True,1,tau=1e-06;k=4;margin=0.975248753,hap:0.0001,,1495.2193929517214,14727.0,9.98195972033698e-07,9.981959085708077e-07,0.0,30.60417044998394,0.015753378148978
mp-aaabxbqt,R3,hap:0.01,0.001,0,False,0,,,,,,,,,,
mp-aaabxbqt,R3,hap:0.01,0.0001,0,False,0,,,,,,,,,,
mp-aaabxbqt,R3,hap:0.01,1e-05,0,False,0,,,,,,,,,,
mp-aaabxbqt,R3,hap:1,0.001,0,False,0,,,,,,,,,,
mp-aaabxbqt,R3,hap:1,0.0001,0,False,0,,,,,,,,,,
mp-aaabxbqt,R3,hap:1,1e-05,0,False,0,,,,,,,,,,
mp-aaabxbqt,R3,ctp-uniform,0.001,6,True,1,tau=1e-06;k=0;margin=0.995,U,unprojected,1530.4487072560466,14388.0,9.932701788549723e-07,9.932701250135168e-07,0.0005319999999997,31.089979064952782,6.950236308034473e-05
mp-aaabxbqt,R3,ctp-uniform,0.0001,6,False,5,,,,,,,,,,
mp-aaabxbqt,R3,ctp-uniform,1e-05,6,False,5,,,,,,,,,,
mp-aaabxbqt,R3,ctp-hap:0.0001,0.001,8,True,1,tau=1e-06;k=0;margin=0.995,U,unprojected,1530.4487072560466,14388.0,9.932701788549723e-07,9.932701250135168e-07,0.0005319999999997,31.089979064952782,6.950236308034473e-05
mp-aaabxbqt,R3,ctp-hap:0.0001,0.0001,8,False,5,,,,,,,,,,
mp-aaabxbqt,R3,ctp-hap:0.0001,1e-05,8,False,5,,,,,,,,,,
mp-aaabxbqt,R3,ctp-hap:0.01,0.001,6,True,1,tau=1e-06;k=0;margin=0.995,U,unprojected,1530.4487072560466,14388.0,9.932701788549723e-07,9.932701250135168e-07,0.0005319999999997,31.089979064952782,6.950236308034473e-05
mp-aaabxbqt,R3,ctp-hap:0.01,0.0001,6,False,5,,,,,,,,,,
mp-aaabxbqt,R3,ctp-hap:0.01,1e-05,6,False,5,,,,,,,,,,
mp-aaabxbqt,R3,ctp-hap:1,0.001,6,True,1,tau=1e-06;k=0;margin=0.995,U,unprojected,1530.4487072560466,14388.0,9.932701788549723e-07,9.932701250135168e-07,0.0005319999999997,31.089979064952782,6.950236308034473e-05
mp-aaabxbqt,R3,ctp-hap:1,0.0001,6,False,5,,,,,,,,,,
mp-aaabxbqt,R3,ctp-hap:1,1e-05,6,False,5,,,,,,,,,,
mp-aaabxbqt,GF,hartree_only,0.001,40,True,0,ZFP;tol_rel=0.000215443,U,,30.97303866408606,710944.0,3.292798203650023e-07,3.292797602348269e-07,,0.2423473150000035,0.0
mp-aaabxbqt,GF,hartree_only,0.0001,40,True,0,ZFP;tol_rel=0.000215443,U,,30.97303866408606,710944.0,3.292798203650023e-07,3.292797602348269e-07,,0.2423473150000035,0.0
mp-aaabxbqt,GF,hartree_only,1e-05,40,True,0,ZFP;tol_rel=0.000215443,U,,30.97303866408606,710944.0,3.292798203650023e-07,3.292797602348269e-07,,0.2423473150000035,0.0
mp-aaabxbqt,GF,none,0.001,40,True,1,ZFP;tol_rel=0.000215443,U,,30.97303866408606,710944.0,3.292798203650023e-07,3.292797602348269e-07,2.6999999999333116e-05,0.2423473150000035,0.0
mp-aaabxbqt,GF,none,0.0001,40,True,1,ZFP;tol_rel=0.000215443,U,,30.97303866408606,710944.0,3.292798203650023e-07,3.292797602348269e-07,2.6999999999333116e-05,0.2423473150000035,0.0
mp-aaabxbqt,GF,none,1e-05,40,True,3,ZFP;tol_rel=4.64159e-05,U,,23.013159874922664,956848.0,1.4531767823529506e-07,1.4531766826616784e-07,7.000000000090267e-06,0.0636772849999829,0.0
mp-aaabxbqt,GF,uniform,0.001,45,True,1,ZFP;tol_rel=0.000464159,uniform,,36.39011620989172,605112.0,8.762242374237595e-07,8.762241578084241e-07,0.0,0.4588062532137797,0.0003701794048043
mp-aaabxbqt,GF,uniform,0.0001,45,True,1,ZFP;tol_rel=0.000464159,uniform,,36.39011620989172,605112.0,8.762242374237595e-07,8.762241578084241e-07,0.0,0.4588062532137797,0.0003701794048043
mp-aaabxbqt,GF,uniform,1e-05,45,True,1,ZFP;tol_rel=0.000464159,uniform,,36.39011620989172,605112.0,8.762242374237595e-07,8.762241578084241e-07,0.0,0.4588062532137797,0.0003701794048043
mp-aaabxbqt,GF,hap:0.0001,0.001,40,True,1,ZFP;tol_rel=0.000215443,hap:0.0001,,30.96293463221481,711176.0,3.2896432159687204e-07,3.289642614096729e-07,0.0,0.2424206219092184,0.0003262202324037
mp-aaabxbqt,GF,hap:0.0001,0.0001,40,True,1,ZFP;tol_rel=0.000215443,hap:0.0001,,30.96293463221481,711176.0,3.2896432159687204e-07,3.289642614096729e-07,0.0,0.2424206219092184,0.0003262202324037
mp-aaabxbqt,GF,hap:0.0001,1e-05,40,True,1,ZFP;tol_rel=0.000215443,hap:0.0001,,30.96293463221481,711176.0,3.2896432159687204e-07,3.289642614096729e-07,0.0,0.2424206219092184,0.0003262202324037
mp-aaabxbqt,GF,hap:0.01,0.001,40,True,1,ZFP;tol_rel=0.000215443,hap:0.01,,30.96293463221481,711176.0,3.213182518839609e-07,3.2131819026555305e-07,0.0,0.2426000121196239,0.0003262202324037
mp-aaabxbqt,GF,hap:0.01,0.0001,40,True,1,ZFP;tol_rel=0.000215443,hap:0.01,,30.96293463221481,711176.0,3.213182518839609e-07,3.2131819026555305e-07,0.0,0.2426000121196239,0.0003262202324037
mp-aaabxbqt,GF,hap:0.01,1e-05,40,True,1,ZFP;tol_rel=0.000215443,hap:0.01,,30.96293463221481,711176.0,3.213182518839609e-07,3.2131819026555305e-07,0.0,0.2426000121196239,0.0003262202324037
mp-aaabxbqt,GF,hap:1,0.001,42,True,1,ZFP;tol_rel=0.000215443,hap:1,,30.96293463221481,711176.0,1.3529547712100332e-07,1.3529533077346332e-07,0.0,0.2427186569188677,0.0003262202324037
mp-aaabxbqt,GF,hap:1,0.0001,42,True,1,ZFP;tol_rel=0.000215443,hap:1,,30.96293463221481,711176.0,1.3529547712100332e-07,1.3529533077346332e-07,0.0,0.2427186569188677,0.0003262202324037
mp-aaabxbqt,GF,hap:1,1e-05,42,True,1,ZFP;tol_rel=0.000215443,hap:1,,30.96293463221481,711176.0,1.3529547712100332e-07,1.3529533077346332e-07,0.0,0.2427186569188677,0.0003262202324037
mp-aaabxbqt,GF,ctp-uniform,0.001,85,True,2,ZFP;tol_rel=0.000215443,U,unprojected,30.97299509807369,710945.0,3.292798203650023e-07,3.292797602348269e-07,2.6999999999333116e-05,0.2423473150000035,1.40657856796236e-06
mp-aaabxbqt,GF,ctp-uniform,0.0001,85,True,2,ZFP;tol_rel=0.000215443,U,unprojected,30.97299509807369,710945.0,3.292798203650023e-07,3.292797602348269e-07,2.6999999999333116e-05,0.2423473150000035,1.40657856796236e-06
mp-aaabxbqt,GF,ctp-uniform,1e-05,85,True,1,ZFP;tol_rel=0.000464159,uniform,projected,36.390056072171646,605113.0,8.762242374237595e-07,8.762241578084241e-07,0.0,0.4588062532137797,0.0003718313769494
mp-aaabxbqt,GF,ctp-hap:0.0001,0.001,80,True,1,ZFP;tol_rel=0.000215443,U,unprojected,30.97299509807369,710945.0,3.292798203650023e-07,3.292797602348269e-07,2.6999999999333116e-05,0.2423473150000035,1.40657856796236e-06
mp-aaabxbqt,GF,ctp-hap:0.0001,0.0001,80,True,1,ZFP;tol_rel=0.000215443,U,unprojected,30.97299509807369,710945.0,3.292798203650023e-07,3.292797602348269e-07,2.6999999999333116e-05,0.2423473150000035,1.40657856796236e-06
mp-aaabxbqt,GF,ctp-hap:0.0001,1e-05,80,True,2,ZFP;tol_rel=0.000215443,hap:0.0001,projected,30.96289109462201,711177.0,3.2896432159687204e-07,3.289642614096729e-07,0.0,0.2424206219092184,0.0003276258934133
mp-aaabxbqt,GF,ctp-hap:0.01,0.001,80,True,1,ZFP;tol_rel=0.000215443,U,unprojected,30.97299509807369,710945.0,3.292798203650023e-07,3.292797602348269e-07,2.6999999999333116e-05,0.2423473150000035,1.40657856796236e-06
mp-aaabxbqt,GF,ctp-hap:0.01,0.0001,80,True,1,ZFP;tol_rel=0.000215443,U,unprojected,30.97299509807369,710945.0,3.292798203650023e-07,3.292797602348269e-07,2.6999999999333116e-05,0.2423473150000035,1.40657856796236e-06
mp-aaabxbqt,GF,ctp-hap:0.01,1e-05,80,True,2,ZFP;tol_rel=0.000215443,hap:0.01,projected,30.96289109462201,711177.0,3.213182518839609e-07,3.2131819026555305e-07,0.0,0.2426000121196239,0.0003276258934133
mp-aaabxbqt,GF,ctp-hap:1,0.001,82,True,1,ZFP;tol_rel=0.000215443,U,unprojected,30.97299509807369,710945.0,3.292798203650023e-07,3.292797602348269e-07,2.6999999999333116e-05,0.2423473150000035,1.40657856796236e-06
mp-aaabxbqt,GF,ctp-hap:1,0.0001,82,True,1,ZFP;tol_rel=0.000215443,U,unprojected,30.97299509807369,710945.0,3.292798203650023e-07,3.292797602348269e-07,2.6999999999333116e-05,0.2423473150000035,1.40657856796236e-06
mp-aaabxbqt,GF,ctp-hap:1,1e-05,82,True,2,ZFP;tol_rel=0.000215443,hap:1,projected,30.96289109462201,711177.0,1.3529547712100332e-07,1.3529533077346332e-07,0.0,0.2427186569188677,0.0003276258934133
mp-aaahaebj,J,hartree_only,0.001,18,True,0,alpha_rel=0.0464159,U,,773.6476276820791,39708.0,9.829643818316788e-07,9.829643413732276e-07,,32.88335082285753,0.0
mp-aaahaebj,J,hartree_only,0.0001,18,True,0,alpha_rel=0.0464159,U,,773.6476276820791,39708.0,9.829643818316788e-07,9.829643413732276e-07,,32.88335082285753,0.0
mp-aaahaebj,J,hartree_only,1e-05,18,True,0,alpha_rel=0.0464159,U,,773.6476276820791,39708.0,9.829643818316788e-07,9.829643413732276e-07,,32.88335082285753,0.0
mp-aaahaebj,J,none,0.001,18,True,1,alpha_rel=0.0464159,U,,773.6476276820791,39708.0,9.829643818316788e-07,9.829643413732276e-07,0.0003519999999994,32.88335082285753,0.0
mp-aaahaebj,J,none,0.0001,18,True,4,alpha_rel=0.00464159,U,,394.4985938282544,77871.0,1.5074230093152524e-07,1.5074203710876106e-07,6.49999999993156e-05,10.1392928076367,0.0
mp-aaahaebj,J,none,1e-05,18,False,5,,,,,,,,,,
mp-aaahaebj,J,uniform,0.001,17,True,1,alpha_rel=0.0215443,uniform,,649.3890838371454,47306.0,7.7921893580312e-07,7.792188847607922e-07,0.0,29.957557840693088,0.0047351287363125
mp-aaahaebj,J,uniform,0.0001,17,True,1,alpha_rel=0.0215443,uniform,,649.3890838371454,47306.0,7.7921893580312e-07,7.792188847607922e-07,0.0,29.957557840693088,0.0047351287363125
mp-aaahaebj,J,uniform,1e-05,17,True,1,alpha_rel=0.0215443,uniform,,649.3890838371454,47306.0,7.7921893580312e-07,7.792188847607922e-07,0.0,29.957557840693088,0.0047351287363125
mp-aaahaebj,J,hap:0.0001,0.001,18,True,1,alpha_rel=0.0464159,hap:0.0001,,769.1537305958939,39940.0,9.87244204747696e-07,9.872441640875715e-07,0.0,32.88272077671615,0.0058087130696044
mp-aaahaebj,J,hap:0.0001,0.0001,18,True,1,alpha_rel=0.0464159,hap:0.0001,,769.1537305958939,39940.0,9.87244204747696e-07,9.872441640875715e-07,0.0,32.88272077671615,0.0058087130696044
mp-aaahaebj,J,hap:0.0001,1e-05,18,True,1,alpha_rel=0.0464159,hap:0.0001,,769.1537305958939,39940.0,9.87244204747696e-07,9.872441640875715e-07,0.0,32.88272077671615,0.0058087130696044
mp-aaahaebj,J,hap:0.01,0.001,17,True,1,alpha_rel=0.0215443,hap:0.01,,649.2792830874582,47314.0,5.330719375987374e-07,5.330718629853197e-07,0.0,29.95652689293485,0.0049034112524834
mp-aaahaebj,J,hap:0.01,0.0001,17,True,1,alpha_rel=0.0215443,hap:0.01,,649.2792830874582,47314.0,5.330719375987374e-07,5.330718629853197e-07,0.0,29.95652689293485,0.0049034112524834
mp-aaahaebj,J,hap:0.01,1e-05,17,True,1,alpha_rel=0.0215443,hap:0.01,,649.2792830874582,47314.0,5.330719375987374e-07,5.330718629853197e-07,0.0,29.95652689293485,0.0049034112524834
mp-aaahaebj,J,hap:1,0.001,17,True,1,alpha_rel=0.0215443,hap:1,,649.2792830874582,47314.0,6.324806983714993e-07,6.324806354876644e-07,0.0,29.957395653989497,0.0049034112524834
mp-aaahaebj,J,hap:1,0.0001,17,True,1,alpha_rel=0.0215443,hap:1,,649.2792830874582,47314.0,6.324806983714993e-07,6.324806354876644e-07,0.0,29.957395653989497,0.0049034112524834
mp-aaahaebj,J,hap:1,1e-05,17,True,1,alpha_rel=0.0215443,hap:1,,649.2792830874582,47314.0,6.324806983714993e-07,6.324806354876644e-07,0.0,29.957395653989497,0.0049034112524834
mp-aaahaebj,J,ctp-uniform,0.001,35,True,1,alpha_rel=0.0464159,U,unprojected,773.6281447530787,39709.0,9.829643818316788e-07,9.829643413732276e-07,0.0003519999999994,32.88335082285753,2.518320783701428e-05
mp-aaahaebj,J,ctp-uniform,0.0001,35,True,3,alpha_rel=0.0215443,uniform,projected,649.3753567125373,47307.0,7.7921893580312e-07,7.792188847607922e-07,0.0,29.957557840693088,0.0047561671634219
mp-aaahaebj,J,ctp-uniform,1e-05,35,True,3,alpha_rel=0.0215443,uniform,projected,649.3753567125373,47307.0,7.7921893580312e-07,7.792188847607922e-07,0.0,29.957557840693088,0.0047561671634219
mp-aaahaebj,J,ctp-hap:0.0001,0.001,36,True,1,alpha_rel=0.0464159,U,unprojected,773.6281447530787,39709.0,9.829643818316788e-07,9.829643413732276e-07,0.0003519999999994,32.88335082285753,2.518320783701428e-05
mp-aaahaebj,J,ctp-hap:0.0001,0.0001,36,True,2,alpha_rel=0.0464159,hap:0.0001,projected,769.1344733481885,39941.0,9.87244204747696e-07,9.872441640875715e-07,0.0,32.88272077671615,0.0058336045667359
mp-aaahaebj,J,ctp-hap:0.0001,1e-05,36,True,2,alpha_rel=0.0464159,hap:0.0001,projected,769.1344733481885,39941.0,9.87244204747696e-07,9.872441640875715e-07,0.0,32.88272077671615,0.0058336045667359
mp-aaahaebj,J,ctp-hap:0.01,0.001,35,True,1,alpha_rel=0.0464159,U,unprojected,773.6281447530787,39709.0,9.829643818316788e-07,9.829643413732276e-07,0.0003519999999994,32.88335082285753,2.518320783701428e-05
mp-aaahaebj,J,ctp-hap:0.01,0.0001,35,True,3,alpha_rel=0.0215443,hap:0.01,projected,649.2655606044594,47315.0,5.330719375987374e-07,5.330718629853197e-07,0.0,29.95652689293485,0.0049244425657825
mp-aaahaebj,J,ctp-hap:0.01,1e-05,35,True,3,alpha_rel=0.0215443,hap:0.01,projected,649.2655606044594,47315.0,5.330719375987374e-07,5.330718629853197e-07,0.0,29.95652689293485,0.0049244425657825
mp-aaahaebj,J,ctp-hap:1,0.001,35,True,1,alpha_rel=0.0464159,U,unprojected,773.6281447530787,39709.0,9.829643818316788e-07,9.829643413732276e-07,0.0003519999999994,32.88335082285753,2.518320783701428e-05
mp-aaahaebj,J,ctp-hap:1,0.0001,35,True,3,alpha_rel=0.0215443,hap:1,projected,649.2655606044594,47315.0,6.324806983714993e-07,6.324806354876644e-07,0.0,29.957395653989497,0.0049244425657825
mp-aaahaebj,J,ctp-hap:1,1e-05,35,True,3,alpha_rel=0.0215443,hap:1,projected,649.2655606044594,47315.0,6.324806983714993e-07,6.324806354876644e-07,0.0,29.957395653989497,0.0049244425657825
mp-aaahaebj,T1,hartree_only,0.001,45,True,0,q_cut=0.2;alpha_rel=4.64159e-05,U,,434.6288252854374,70681.0,8.1131330954229e-07,8.113132605239682e-07,,19.885197323164903,0.0
mp-aaahaebj,T1,hartree_only,0.0001,45,True,0,q_cut=0.2;alpha_rel=4.64159e-05,U,,434.6288252854374,70681.0,8.1131330954229e-07,8.113132605239682e-07,,19.885197323164903,0.0
mp-aaahaebj,T1,hartree_only,1e-05,45,True,0,q_cut=0.2;alpha_rel=4.64159e-05,U,,434.6288252854374,70681.0,8.1131330954229e-07,8.113132605239682e-07,,19.885197323164903,0.0
mp-aaahaebj,T1,none,0.001,45,True,1,q_cut=0.2;alpha_rel=4.64159e-05,U,,434.6288252854374,70681.0,8.1131330954229e-07,8.113132605239682e-07,0.0003459999999995,19.885197323164903,0.0
mp-aaahaebj,T1,none,0.0001,45,True,4,q_cut=0.3;alpha_rel=4.64159e-05,U,,291.16551508430723,105507.0,7.173958213343799e-07,7.173957658988503e-07,5.600000000072214e-05,10.109106998963398,0.0
mp-aaahaebj,T1,none,1e-05,45,False,5,,,,,,,,,,
mp-aaahaebj,T1,uniform,0.001,49,True,1,q_cut=0.2;alpha_rel=4.64159e-05,uniform,,433.25576475565896,70905.0,7.790270990626143e-07,7.790270479488794e-07,0.0,19.902895461767912,0.00315915661801
mp-aaahaebj,T1,uniform,0.0001,49,True,1,q_cut=0.2;alpha_rel=4.64159e-05,uniform,,433.25576475565896,70905.0,7.790270990626143e-07,7.790270479488794e-07,0.0,19.902895461767912,0.00315915661801
mp-aaahaebj,T1,uniform,1e-05,49,True,1,q_cut=0.2;alpha_rel=4.64159e-05,uniform,,433.25576475565896,70905.0,7.790270990626143e-07,7.790270479488794e-07,0.0,19.902895461767912,0.00315915661801
mp-aaahaebj,T1,hap:0.0001,0.001,45,True,1,q_cut=0.2;alpha_rel=4.64159e-05,hap:0.0001,,433.2068873126225,70913.0,8.169159019310043e-07,8.169158527008441e-07,0.0,19.877180496725487,0.0032716145135588
mp-aaahaebj,T1,hap:0.0001,0.0001,45,True,1,q_cut=0.2;alpha_rel=4.64159e-05,hap:0.0001,,433.2068873126225,70913.0,8.169159019310043e-07,8.169158527008441e-07,0.0,19.877180496725487,0.0032716145135588
mp-aaahaebj,T1,hap:0.0001,1e-05,45,True,1,q_cut=0.2;alpha_rel=4.64159e-05,hap:0.0001,,433.2068873126225,70913.0,8.169159019310043e-07,8.169158527008441e-07,0.0,19.877180496725487,0.0032716145135588
mp-aaahaebj,T1,hap:0.01,0.001,45,True,1,q_cut=0.2;alpha_rel=4.64159e-05,hap:0.01,,433.2068873126225,70913.0,9.077652660301202e-07,9.077652221407256e-07,0.0,19.899549350961024,0.0032716145135588
mp-aaahaebj,T1,hap:0.01,0.0001,45,True,1,q_cut=0.2;alpha_rel=4.64159e-05,hap:0.01,,433.2068873126225,70913.0,9.077652660301202e-07,9.077652221407256e-07,0.0,19.899549350961024,0.0032716145135588
mp-aaahaebj,T1,hap:0.01,1e-05,45,True,1,q_cut=0.2;alpha_rel=4.64159e-05,hap:0.01,,433.2068873126225,70913.0,9.077652660301202e-07,9.077652221407256e-07,0.0,19.899549350961024,0.0032716145135588
mp-aaahaebj,T1,hap:1,0.001,45,True,1,q_cut=0.2;alpha_rel=4.64159e-05,hap:1,,433.2068873126225,70913.0,7.03968395568205e-07,7.039683390027123e-07,0.0,19.90288521765251,0.0032716145135588
mp-aaahaebj,T1,hap:1,0.0001,45,True,1,q_cut=0.2;alpha_rel=4.64159e-05,hap:1,,433.2068873126225,70913.0,7.03968395568205e-07,7.039683390027123e-07,0.0,19.90288521765251,0.0032716145135588
mp-aaahaebj,T1,hap:1,1e-05,45,True,1,q_cut=0.2;alpha_rel=4.64159e-05,hap:1,,433.2068873126225,70913.0,7.03968395568205e-07,7.039683390027123e-07,0.0,19.90288521765251,0.0032716145135588
mp-aaahaebj,T1,ctp-uniform,0.001,94,True,1,q_cut=0.2;alpha_rel=4.64159e-05,U,unprojected,434.6226762117654,70682.0,8.1131330954229e-07,8.113132605239682e-07,0.0003459999999995,19.885197323164903,1.4147873574601735e-05
mp-aaahaebj,T1,ctp-uniform,0.0001,94,True,2,q_cut=0.2;alpha_rel=4.64159e-05,uniform,projected,433.2496544721181,70906.0,7.790270990626143e-07,7.790270479488794e-07,0.0,19.902895461767912,0.0031732152427157
mp-aaahaebj,T1,ctp-uniform,1e-05,94,True,2,q_cut=0.2;alpha_rel=4.64159e-05,uniform,projected,433.2496544721181,70906.0,7.790270990626143e-07,7.790270479488794e-07,0.0,19.902895461767912,0.0031732152427157
mp-aaahaebj,T1,ctp-hap:0.0001,0.001,90,True,1,q_cut=0.2;alpha_rel=4.64159e-05,U,unprojected,434.6226762117654,70682.0,8.1131330954229e-07,8.113132605239682e-07,0.0003459999999995,19.885197323164903,1.4147873574601735e-05
mp-aaahaebj,T1,ctp-hap:0.0001,0.0001,90,True,2,q_cut=0.2;alpha_rel=4.64159e-05,hap:0.0001,projected,433.2007784076487,70914.0,8.169159019310043e-07,8.169158527008441e-07,0.0,19.877180496725487,0.0032856699664382
mp-aaahaebj,T1,ctp-hap:0.0001,1e-05,90,True,2,q_cut=0.2;alpha_rel=4.64159e-05,hap:0.0001,projected,433.2007784076487,70914.0,8.169159019310043e-07,8.169158527008441e-07,0.0,19.877180496725487,0.0032856699664382
mp-aaahaebj,T1,ctp-hap:0.01,0.001,90,True,1,q_cut=0.2;alpha_rel=4.64159e-05,U,unprojected,434.6226762117654,70682.0,8.1131330954229e-07,8.113132605239682e-07,0.0003459999999995,19.885197323164903,1.4147873574601735e-05
mp-aaahaebj,T1,ctp-hap:0.01,0.0001,90,True,2,q_cut=0.2;alpha_rel=4.64159e-05,hap:0.01,projected,433.2007784076487,70914.0,9.077652660301202e-07,9.077652221407256e-07,0.0,19.899549350961024,0.0032856699664382
mp-aaahaebj,T1,ctp-hap:0.01,1e-05,90,True,2,q_cut=0.2;alpha_rel=4.64159e-05,hap:0.01,projected,433.2007784076487,70914.0,9.077652660301202e-07,9.077652221407256e-07,0.0,19.899549350961024,0.0032856699664382
mp-aaahaebj,T1,ctp-hap:1,0.001,90,True,1,q_cut=0.2;alpha_rel=4.64159e-05,U,unprojected,434.6226762117654,70682.0,8.1131330954229e-07,8.113132605239682e-07,0.0003459999999995,19.885197323164903,1.4147873574601735e-05
mp-aaahaebj,T1,ctp-hap:1,0.0001,90,True,2,q_cut=0.2;alpha_rel=4.64159e-05,hap:1,projected,433.2007784076487,70914.0,7.03968395568205e-07,7.039683390027123e-07,0.0,19.90288521765251,0.0032856699664382
mp-aaahaebj,T1,ctp-hap:1,1e-05,90,True,2,q_cut=0.2;alpha_rel=4.64159e-05,hap:1,projected,433.2007784076487,70914.0,7.03968395568205e-07,7.039683390027123e-07,0.0,19.90288521765251,0.0032856699664382
mp-aaahaebj,GP,hartree_only,0.001,0,False,0,,,,,,,,,,
mp-aaahaebj,GP,hartree_only,0.0001,0,False,0,,,,,,,,,,
mp-aaahaebj,GP,hartree_only,1e-05,0,False,0,,,,,,,,,,
mp-aaahaebj,GP,none,0.001,0,False,0,,,,,,,,,,
mp-aaahaebj,GP,none,0.0001,0,False,0,,,,,,,,,,
mp-aaahaebj,GP,none,1e-05,0,False,0,,,,,,,,,,
mp-aaahaebj,GP,uniform,0.001,0,False,0,,,,,,,,,,
mp-aaahaebj,GP,uniform,0.0001,0,False,0,,,,,,,,,,
mp-aaahaebj,GP,uniform,1e-05,0,False,0,,,,,,,,,,
mp-aaahaebj,GP,hap:0.0001,0.001,0,False,0,,,,,,,,,,
mp-aaahaebj,GP,hap:0.0001,0.0001,0,False,0,,,,,,,,,,
mp-aaahaebj,GP,hap:0.0001,1e-05,0,False,0,,,,,,,,,,
mp-aaahaebj,GP,hap:0.01,0.001,0,False,0,,,,,,,,,,
mp-aaahaebj,GP,hap:0.01,0.0001,0,False,0,,,,,,,,,,
mp-aaahaebj,GP,hap:0.01,1e-05,0,False,0,,,,,,,,,,
mp-aaahaebj,GP,hap:1,0.001,0,False,0,,,,,,,,,,
mp-aaahaebj,GP,hap:1,0.0001,0,False,0,,,,,,,,,,
mp-aaahaebj,GP,hap:1,1e-05,0,False,0,,,,,,,,,,
mp-aaahaebj,GP,ctp-uniform,0.001,0,False,0,,,,,,,,,,
mp-aaahaebj,GP,ctp-uniform,0.0001,0,False,0,,,,,,,,,,
mp-aaahaebj,GP,ctp-uniform,1e-05,0,False,0,,,,,,,,,,
mp-aaahaebj,GP,ctp-hap:0.0001,0.001,0,False,0,,,,,,,,,,
mp-aaahaebj,GP,ctp-hap:0.0001,0.0001,0,False,0,,,,,,,,,,
mp-aaahaebj,GP,ctp-hap:0.0001,1e-05,0,False,0,,,,,,,,,,
mp-aaahaebj,GP,ctp-hap:0.01,0.001,0,False,0,,,,,,,,,,
mp-aaahaebj,GP,ctp-hap:0.01,0.0001,0,False,0,,,,,,,,,,
mp-aaahaebj,GP,ctp-hap:0.01,1e-05,0,False,0,,,,,,,,,,
mp-aaahaebj,GP,ctp-hap:1,0.001,0,False,0,,,,,,,,,,
mp-aaahaebj,GP,ctp-hap:1,0.0001,0,False,0,,,,,,,,,,
mp-aaahaebj,GP,ctp-hap:1,1e-05,0,False,0,,,,,,,,,,
mp-aaahaebj,R3,hartree_only,0.001,6,True,0,tau=1e-06;k=0;margin=0.995,U,,952.3809523809524,32256.0,9.940771887814618e-07,9.940771487752965e-07,,50.6931739399588,0.0
mp-aaahaebj,R3,hartree_only,0.0001,6,True,0,tau=1e-06;k=0;margin=0.995,U,,952.3809523809524,32256.0,9.940771887814618e-07,9.940771487752965e-07,,50.6931739399588,0.0
mp-aaahaebj,R3,hartree_only,1e-05,6,True,0,tau=1e-06;k=0;margin=0.995,U,,952.3809523809524,32256.0,9.940771887814618e-07,9.940771487752965e-07,,50.6931739399588,0.0
mp-aaahaebj,R3,none,0.001,6,True,1,tau=1e-06;k=0;margin=0.995,U,,952.3809523809524,32256.0,9.940771887814618e-07,9.940771487752965e-07,0.0004809999999997,50.6931739399588,0.0
mp-aaahaebj,R3,none,0.0001,6,False,5,,,,,,,,,,
mp-aaahaebj,R3,none,1e-05,6,False,5,,,,,,,,,,
mp-aaahaebj,R3,uniform,0.001,0,False,0,,,,,,,,,,
mp-aaahaebj,R3,uniform,0.0001,0,False,0,,,,,,,,,,
mp-aaahaebj,R3,uniform,1e-05,0,False,0,,,,,,,,,,
mp-aaahaebj,R3,hap:0.0001,0.001,6,True,1,tau=1e-06;k=0;margin=0.995,hap:0.0001,,945.5799064269884,32488.0,9.996593603804515e-07,9.996593200547515e-07,0.0,50.69178185772398,0.0071410982516621
mp-aaahaebj,R3,hap:0.0001,0.0001,6,True,1,tau=1e-06;k=0;margin=0.995,hap:0.0001,,945.5799064269884,32488.0,9.996593603804515e-07,9.996593200547515e-07,0.0,50.69178185772398,0.0071410982516621
mp-aaahaebj,R3,hap:0.0001,1e-05,6,True,1,tau=1e-06;k=0;margin=0.995,hap:0.0001,,945.5799064269884,32488.0,9.996593603804515e-07,9.996593200547515e-07,0.0,50.69178185772398,0.0071410982516621
mp-aaahaebj,R3,hap:0.01,0.001,0,False,0,,,,,,,,,,
mp-aaahaebj,R3,hap:0.01,0.0001,0,False,0,,,,,,,,,,
mp-aaahaebj,R3,hap:0.01,1e-05,0,False,0,,,,,,,,,,
mp-aaahaebj,R3,hap:1,0.001,0,False,0,,,,,,,,,,
mp-aaahaebj,R3,hap:1,0.0001,0,False,0,,,,,,,,,,
mp-aaahaebj,R3,hap:1,1e-05,0,False,0,,,,,,,,,,
mp-aaahaebj,R3,ctp-uniform,0.001,6,True,1,tau=1e-06;k=0;margin=0.995,U,unprojected,952.3514275971108,32257.0,9.940771887814618e-07,9.940771487752965e-07,0.0004809999999997,50.6931739399588,3.100102303376012e-05
mp-aaahaebj,R3,ctp-uniform,0.0001,6,False,5,,,,,,,,,,
mp-aaahaebj,R3,ctp-uniform,1e-05,6,False,5,,,,,,,,,,
mp-aaahaebj,R3,ctp-hap:0.0001,0.001,12,True,1,tau=1e-06;k=0;margin=0.995,U,unprojected,952.3514275971108,32257.0,9.940771887814618e-07,9.940771487752965e-07,0.0004809999999997,50.6931739399588,3.100102303376012e-05
mp-aaahaebj,R3,ctp-hap:0.0001,0.0001,12,True,5,tau=1e-06;k=0;margin=0.995,hap:0.0001,projected,945.5508018098432,32489.0,9.996593603804515e-07,9.996593200547515e-07,0.0,50.69178185772398,0.0071716580996645
mp-aaahaebj,R3,ctp-hap:0.0001,1e-05,12,True,5,tau=1e-06;k=0;margin=0.995,hap:0.0001,projected,945.5508018098432,32489.0,9.996593603804515e-07,9.996593200547515e-07,0.0,50.69178185772398,0.0071716580996645
mp-aaahaebj,R3,ctp-hap:0.01,0.001,6,True,1,tau=1e-06;k=0;margin=0.995,U,unprojected,952.3514275971108,32257.0,9.940771887814618e-07,9.940771487752965e-07,0.0004809999999997,50.6931739399588,3.100102303376012e-05
mp-aaahaebj,R3,ctp-hap:0.01,0.0001,6,False,5,,,,,,,,,,
mp-aaahaebj,R3,ctp-hap:0.01,1e-05,6,False,5,,,,,,,,,,
mp-aaahaebj,R3,ctp-hap:1,0.001,6,True,1,tau=1e-06;k=0;margin=0.995,U,unprojected,952.3514275971108,32257.0,9.940771887814618e-07,9.940771487752965e-07,0.0004809999999997,50.6931739399588,3.100102303376012e-05
mp-aaahaebj,R3,ctp-hap:1,0.0001,6,False,5,,,,,,,,,,
mp-aaahaebj,R3,ctp-hap:1,1e-05,6,False,5,,,,,,,,,,
mp-aaahaebj,GF,hartree_only,0.001,39,True,0,ZFP;tol_rel=4.64159e-05,U,,28.150222489388685,1091288.0,9.771861102862993e-08,9.771858329235469e-08,,0.1186224318749964,0.0
mp-aaahaebj,GF,hartree_only,0.0001,39,True,0,ZFP;tol_rel=4.64159e-05,U,,28.150222489388685,1091288.0,9.771861102862993e-08,9.771858329235469e-08,,0.1186224318749964,0.0
mp-aaahaebj,GF,hartree_only,1e-05,39,True,0,ZFP;tol_rel=4.64159e-05,U,,28.150222489388685,1091288.0,9.771861102862993e-08,9.771858329235469e-08,,0.1186224318749964,0.0
mp-aaahaebj,GF,none,0.001,39,True,1,ZFP;tol_rel=4.64159e-05,U,,28.150222489388685,1091288.0,9.771861102862993e-08,9.771858329235469e-08,6.000000000838668e-06,0.1186224318749964,0.0
mp-aaahaebj,GF,none,0.0001,39,True,1,ZFP;tol_rel=4.64159e-05,U,,28.150222489388685,1091288.0,9.771861102862993e-08,9.771858329235469e-08,6.000000000838668e-06,0.1186224318749964,0.0
mp-aaahaebj,GF,none,1e-05,39,True,1,ZFP;tol_rel=4.64159e-05,U,,28.150222489388685,1091288.0,9.771861102862993e-08,9.771858329235469e-08,6.000000000838668e-06,0.1186224318749964,0.0
mp-aaahaebj,GF,uniform,0.001,44,True,1,ZFP;tol_rel=0.000464159,uniform,,55.17558480372436,556768.0,7.979467133782932e-07,7.979461851124031e-07,0.0,1.7760240500239777,0.0004023219725271
mp-aaahaebj,GF,uniform,0.0001,44,True,1,ZFP;tol_rel=0.000464159,uniform,,55.17558480372436,556768.0,7.979467133782932e-07,7.979461851124031e-07,0.0,1.7760240500239777,0.0004023219725271
mp-aaahaebj,GF,uniform,1e-05,44,True,1,ZFP;tol_rel=0.000464159,uniform,,55.17558480372436,556768.0,7.979467133782932e-07,7.979461851124031e-07,0.0,1.7760240500239777,0.0004023219725271
mp-aaahaebj,GF,hap:0.0001,0.001,39,True,1,ZFP;tol_rel=4.64159e-05,hap:0.0001,,28.14423922603342,1091520.0,9.760335811965997e-08,9.760333035399661e-08,0.0,0.1185294382723327,0.0002125476399882
mp-aaahaebj,GF,hap:0.0001,0.0001,39,True,1,ZFP;tol_rel=4.64159e-05,hap:0.0001,,28.14423922603342,1091520.0,9.760335811965997e-08,9.760333035399661e-08,0.0,0.1185294382723327,0.0002125476399882
mp-aaahaebj,GF,hap:0.0001,1e-05,39,True,1,ZFP;tol_rel=4.64159e-05,hap:0.0001,,28.14423922603342,1091520.0,9.760335811965997e-08,9.760333035399661e-08,0.0,0.1185294382723327,0.0002125476399882
mp-aaahaebj,GF,hap:0.01,0.001,39,True,1,ZFP;tol_rel=4.64159e-05,hap:0.01,,28.14423922603342,1091520.0,9.540871296703403e-08,9.540868456074344e-08,0.0,0.1183573453316171,0.0002125476399882
mp-aaahaebj,GF,hap:0.01,0.0001,39,True,1,ZFP;tol_rel=4.64159e-05,hap:0.01,,28.14423922603342,1091520.0,9.540871296703403e-08,9.540868456074344e-08,0.0,0.1183573453316171,0.0002125476399882
mp-aaahaebj,GF,hap:0.01,1e-05,39,True,1,ZFP;tol_rel=4.64159e-05,hap:0.01,,28.14423922603342,1091520.0,9.540871296703403e-08,9.540868456074344e-08,0.0,0.1183573453316171,0.0002125476399882
mp-aaahaebj,GF,hap:1,0.001,42,True,1,SZ3;tol_rel=2.15443e-06,hap:1,,33.264573554014326,923505.0,5.525706204156996e-07,5.525706113651651e-07,0.0,0.0429087747190111,0.0002512168315277
mp-aaahaebj,GF,hap:1,0.0001,42,True,1,SZ3;tol_rel=2.15443e-06,hap:1,,33.264573554014326,923505.0,5.525706204156996e-07,5.525706113651651e-07,0.0,0.0429087747190111,0.0002512168315277
mp-aaahaebj,GF,hap:1,1e-05,42,True,1,SZ3;tol_rel=2.15443e-06,hap:1,,33.264573554014326,923505.0,5.525706204156996e-07,5.525706113651651e-07,0.0,0.0429087747190111,0.0002512168315277
mp-aaahaebj,GF,ctp-uniform,0.001,83,True,5,ZFP;tol_rel=4.64159e-05,U,unprojected,28.150196694001316,1091289.0,9.771861102862993e-08,9.771858329235469e-08,6.000000000838668e-06,0.1186224318749964,9.163475486328552e-07
mp-aaahaebj,GF,ctp-uniform,0.0001,83,True,1,ZFP;tol_rel=0.000464159,uniform,projected,55.17548570412505,556769.0,7.979467133782932e-07,7.979461851124031e-07,0.0,1.7760240500239777,0.0004041173269345
mp-aaahaebj,GF,ctp-uniform,1e-05,83,True,1,ZFP;tol_rel=0.000464159,uniform,projected,55.17548570412505,556769.0,7.979467133782932e-07,7.979461851124031e-07,0.0,1.7760240500239777,0.0004041173269345
mp-aaahaebj,GF,ctp-hap:0.0001,0.001,78,True,1,ZFP;tol_rel=4.64159e-05,U,unprojected,28.150196694001316,1091289.0,9.771861102862993e-08,9.771858329235469e-08,6.000000000838668e-06,0.1186224318749964,9.163475486328552e-07
mp-aaahaebj,GF,ctp-hap:0.0001,0.0001,78,True,1,ZFP;tol_rel=4.64159e-05,U,unprojected,28.150196694001316,1091289.0,9.771861102862993e-08,9.771858329235469e-08,6.000000000838668e-06,0.1186224318749964,9.163475486328552e-07
mp-aaahaebj,GF,ctp-hap:0.0001,1e-05,78,True,1,ZFP;tol_rel=4.64159e-05,U,unprojected,28.150196694001316,1091289.0,9.771861102862993e-08,9.771858329235469e-08,6.000000000838668e-06,0.1186224318749964,9.163475486328552e-07
mp-aaahaebj,GF,ctp-hap:0.01,0.001,78,True,1,ZFP;tol_rel=4.64159e-05,U,unprojected,28.150196694001316,1091289.0,9.771861102862993e-08,9.771858329235469e-08,6.000000000838668e-06,0.1186224318749964,9.163475486328552e-07
mp-aaahaebj,GF,ctp-hap:0.01,0.0001,78,True,1,ZFP;tol_rel=4.64159e-05,U,unprojected,28.150196694001316,1091289.0,9.771861102862993e-08,9.771858329235469e-08,6.000000000838668e-06,0.1186224318749964,9.163475486328552e-07
mp-aaahaebj,GF,ctp-hap:0.01,1e-05,78,True,1,ZFP;tol_rel=4.64159e-05,U,unprojected,28.150196694001316,1091289.0,9.771861102862993e-08,9.771858329235469e-08,6.000000000838668e-06,0.1186224318749964,9.163475486328552e-07
mp-aaahaebj,GF,ctp-hap:1,0.001,81,True,3,ZFP;tol_rel=4.64159e-05,U,unprojected,28.150196694001316,1091289.0,9.771861102862993e-08,9.771858329235469e-08,6.000000000838668e-06,0.1186224318749964,9.163475486328552e-07
mp-aaahaebj,GF,ctp-hap:1,0.0001,81,True,3,ZFP;tol_rel=4.64159e-05,U,unprojected,28.150196694001316,1091289.0,9.771861102862993e-08,9.771858329235469e-08,6.000000000838668e-06,0.1186224318749964,9.163475486328552e-07
mp-aaahaebj,GF,ctp-hap:1,1e-05,81,True,1,SZ3;tol_rel=2.15443e-06,hap:1,projected,33.26453753413622,923506.0,5.525706204156996e-07,5.525706113651651e-07,0.0,0.0429087747190111,0.0002522993895004
mp-aaabxiuv,J,hartree_only,0.001,17,True,0,alpha_rel=0.0215443,U,,1054.815686851593,27182.0,5.751755949763179e-07,5.751754625804079e-07,,11.26689335137369,0.0
mp-aaabxiuv,J,hartree_only,0.0001,17,True,0,alpha_rel=0.0215443,U,,1054.815686851593,27182.0,5.751755949763179e-07,5.751754625804079e-07,,11.26689335137369,0.0
mp-aaabxiuv,J,hartree_only,1e-05,17,True,0,alpha_rel=0.0215443,U,,1054.815686851593,27182.0,5.751755949763179e-07,5.751754625804079e-07,,11.26689335137369,0.0
mp-aaabxiuv,J,none,0.001,17,True,1,alpha_rel=0.0215443,U,,1054.815686851593,27182.0,5.751755949763179e-07,5.751754625804079e-07,0.0001829999999998,11.26689335137369,0.0
mp-aaabxiuv,J,none,0.0001,17,True,3,alpha_rel=0.00464159,U,,689.7281693528987,41570.0,1.6721562750491497e-07,1.6721517209896756e-07,2.300000000055036e-05,5.131436260856345,0.0
mp-aaabxiuv,J,none,1e-05,17,False,5,,,,,,,,,,
mp-aaabxiuv,J,uniform,0.001,16,True,1,alpha_rel=0.01,uniform,,843.0461628932667,34010.0,5.166476528551625e-07,5.166475054204374e-07,0.0,9.8839237263329,0.0047044986768597
mp-aaabxiuv,J,uniform,0.0001,16,True,1,alpha_rel=0.01,uniform,,843.0461628932667,34010.0,5.166476528551625e-07,5.166475054204374e-07,0.0,9.8839237263329,0.0047044986768597
mp-aaabxiuv,J,uniform,1e-05,16,True,1,alpha_rel=0.01,uniform,,843.0461628932667,34010.0,5.166476528551625e-07,5.166475054204374e-07,0.0,9.8839237263329,0.0047044986768597
mp-aaabxiuv,J,hap:0.0001,0.001,17,True,1,alpha_rel=0.0215443,hap:0.0001,,1048.3363802559415,27350.0,5.775984736097699e-07,5.775983401667627e-07,0.0,11.270172526627755,0.0061425959780621
mp-aaabxiuv,J,hap:0.0001,0.0001,17,True,1,alpha_rel=0.0215443,hap:0.0001,,1048.3363802559415,27350.0,5.775984736097699e-07,5.775983401667627e-07,0.0,11.270172526627755,0.0061425959780621
mp-aaabxiuv,J,hap:0.0001,1e-05,17,True,1,alpha_rel=0.0215443,hap:0.0001,,1048.3363802559415,27350.0,5.775984736097699e-07,5.775983401667627e-07,0.0,11.270172526627755,0.0061425959780621
mp-aaabxiuv,J,hap:0.01,0.001,17,True,1,alpha_rel=0.0215443,hap:0.01,,1048.3363802559415,27350.0,6.506239236173274e-07,6.506238064406357e-07,0.0,11.270593881505445,0.0061425959780621
mp-aaabxiuv,J,hap:0.01,0.0001,17,True,1,alpha_rel=0.0215443,hap:0.01,,1048.3363802559415,27350.0,6.506239236173274e-07,6.506238064406357e-07,0.0,11.270593881505445,0.0061425959780621
mp-aaabxiuv,J,hap:0.01,1e-05,17,True,1,alpha_rel=0.0215443,hap:0.01,,1048.3363802559415,27350.0,6.506239236173274e-07,6.506238064406357e-07,0.0,11.270593881505445,0.0061425959780621
mp-aaabxiuv,J,hap:1,0.001,17,True,1,alpha_rel=0.0215443,hap:1,,1048.3363802559415,27350.0,9.257858004968324e-07,9.25785718213439e-07,0.0,11.268769281987002,0.0061425959780621
mp-aaabxiuv,J,hap:1,0.0001,17,True,1,alpha_rel=0.0215443,hap:1,,1048.3363802559415,27350.0,9.257858004968324e-07,9.25785718213439e-07,0.0,11.268769281987002,0.0061425959780621
mp-aaabxiuv,J,hap:1,1e-05,17,True,1,alpha_rel=0.0215443,hap:1,,1048.3363802559415,27350.0,9.257858004968324e-07,9.25785718213439e-07,0.0,11.268769281987002,0.0061425959780621
mp-aaabxiuv,J,ctp-uniform,0.001,33,True,1,alpha_rel=0.0215443,U,unprojected,1054.776882610455,27183.0,5.751755949763179e-07,5.751754625804079e-07,0.0001829999999998,11.26689335137369,3.678769819372402e-05
mp-aaabxiuv,J,ctp-uniform,0.0001,33,True,3,alpha_rel=0.01,uniform,projected,843.0213754373585,34011.0,5.166476528551625e-07,5.166475054204374e-07,0.0,9.8839237263329,0.0047337626062156
mp-aaabxiuv,J,ctp-uniform,1e-05,33,True,3,alpha_rel=0.01,uniform,projected,843.0213754373585,34011.0,5.166476528551625e-07,5.166475054204374e-07,0.0,9.8839237263329,0.0047337626062156
mp-aaabxiuv,J,ctp-hap:0.0001,0.001,34,True,1,alpha_rel=0.0215443,U,unprojected,1054.776882610455,27183.0,5.751755949763179e-07,5.751754625804079e-07,0.0001829999999998,11.26689335137369,3.678769819372402e-05
mp-aaabxiuv,J,ctp-hap:0.0001,0.0001,34,True,2,alpha_rel=0.0215443,hap:0.0001,projected,1048.2980512595518,27351.0,5.775984736097699e-07,5.775983401667627e-07,0.0,11.270172526627755,0.0061789331285876
mp-aaabxiuv,J,ctp-hap:0.0001,1e-05,34,True,2,alpha_rel=0.0215443,hap:0.0001,projected,1048.2980512595518,27351.0,5.775984736097699e-07,5.775983401667627e-07,0.0,11.270172526627755,0.0061789331285876
mp-aaabxiuv,J,ctp-hap:0.01,0.001,34,True,1,alpha_rel=0.0215443,U,unprojected,1054.776882610455,27183.0,5.751755949763179e-07,5.751754625804079e-07,0.0001829999999998,11.26689335137369,3.678769819372402e-05
mp-aaabxiuv,J,ctp-hap:0.01,0.0001,34,True,2,alpha_rel=0.0215443,hap:0.01,projected,1048.2980512595518,27351.0,6.506239236173274e-07,6.506238064406357e-07,0.0,11.270593881505445,0.0061789331285876
mp-aaabxiuv,J,ctp-hap:0.01,1e-05,34,True,2,alpha_rel=0.0215443,hap:0.01,projected,1048.2980512595518,27351.0,6.506239236173274e-07,6.506238064406357e-07,0.0,11.270593881505445,0.0061789331285876
mp-aaabxiuv,J,ctp-hap:1,0.001,34,True,1,alpha_rel=0.0215443,U,unprojected,1054.776882610455,27183.0,5.751755949763179e-07,5.751754625804079e-07,0.0001829999999998,11.26689335137369,3.678769819372402e-05
mp-aaabxiuv,J,ctp-hap:1,0.0001,34,True,2,alpha_rel=0.0215443,hap:1,projected,1048.2980512595518,27351.0,9.257858004968324e-07,9.25785718213439e-07,0.0,11.268769281987002,0.0061789331285876
mp-aaabxiuv,J,ctp-hap:1,1e-05,34,True,2,alpha_rel=0.0215443,hap:1,projected,1048.2980512595518,27351.0,9.257858004968324e-07,9.25785718213439e-07,0.0,11.268769281987002,0.0061789331285876
mp-aaabxiuv,T1,hartree_only,0.001,45,True,0,q_cut=0.2;alpha_rel=4.64159e-05,U,,900.7571235587948,31831.0,7.663302809567613e-07,7.663301815859099e-07,,6.220428542293121,0.0
mp-aaabxiuv,T1,hartree_only,0.0001,45,True,0,q_cut=0.2;alpha_rel=4.64159e-05,U,,900.7571235587948,31831.0,7.663302809567613e-07,7.663301815859099e-07,,6.220428542293121,0.0
mp-aaabxiuv,T1,hartree_only,1e-05,45,True,0,q_cut=0.2;alpha_rel=4.64159e-05,U,,900.7571235587948,31831.0,7.663302809567613e-07,7.663301815859099e-07,,6.220428542293121,0.0
mp-aaabxiuv,T1,none,0.001,45,True,1,q_cut=0.2;alpha_rel=4.64159e-05,U,,900.7571235587948,31831.0,7.663302809567613e-07,7.663301815859099e-07,0.0003109999999999,6.220428542293121,0.0
mp-aaabxiuv,T1,none,0.0001,45,False,5,,,,,,,,,,
mp-aaabxiuv,T1,none,1e-05,45,False,5,,,,,,,,,,
mp-aaabxiuv,T1,uniform,0.001,50,True,1,q_cut=0.2;alpha_rel=0.0001,uniform,,1033.6722186170596,27738.0,8.793649421945194e-07,8.79364855502989e-07,0.0,6.163311304714625,0.0057682601485326
mp-aaabxiuv,T1,uniform,0.0001,50,True,1,q_cut=0.2;alpha_rel=0.0001,uniform,,1033.6722186170596,27738.0,8.793649421945194e-07,8.79364855502989e-07,0.0,6.163311304714625,0.0057682601485326
mp-aaabxiuv,T1,uniform,1e-05,50,True,1,q_cut=0.2;alpha_rel=0.0001,uniform,,1033.6722186170596,27738.0,8.793649421945194e-07,8.79364855502989e-07,0.0,6.163311304714625,0.0057682601485326
mp-aaabxiuv,T1,hap:0.0001,0.001,45,True,1,q_cut=0.2;alpha_rel=4.64159e-05,hap:0.0001,,896.0280008750274,31999.0,7.691950743998127e-07,7.691949734481497e-07,0.0,6.220412284065787,0.0052501640676271
mp-aaabxiuv,T1,hap:0.0001,0.0001,45,True,1,q_cut=0.2;alpha_rel=4.64159e-05,hap:0.0001,,896.0280008750274,31999.0,7.691950743998127e-07,7.691949734481497e-07,0.0,6.220412284065787,0.0052501640676271
mp-aaabxiuv,T1,hap:0.0001,1e-05,45,True,1,q_cut=0.2;alpha_rel=4.64159e-05,hap:0.0001,,896.0280008750274,31999.0,7.691950743998127e-07,7.691949734481497e-07,0.0,6.220412284065787,0.0052501640676271
mp-aaabxiuv,T1,hap:0.01,0.001,49,True,1,q_cut=0.2;alpha_rel=4.64159e-05,hap:0.01,,896.0280008750274,31999.0,8.557711571770073e-07,8.55771068051801e-07,0.0,6.218632774483922,0.0052501640676271
mp-aaabxiuv,T1,hap:0.01,0.0001,49,True,1,q_cut=0.2;alpha_rel=4.64159e-05,hap:0.01,,896.0280008750274,31999.0,8.557711571770073e-07,8.55771068051801e-07,0.0,6.218632774483922,0.0052501640676271
mp-aaabxiuv,T1,hap:0.01,1e-05,49,True,1,q_cut=0.2;alpha_rel=4.64159e-05,hap:0.01,,896.0280008750274,31999.0,8.557711571770073e-07,8.55771068051801e-07,0.0,6.218632774483922,0.0052501640676271
mp-aaabxiuv,T1,hap:1,0.001,50,True,1,q_cut=0.2;alpha_rel=0.0001,hap:1,,1033.374180061991,27746.0,9.287313438393088e-07,9.28731261752518e-07,0.0,6.163285366307719,0.0060549268363007
mp-aaabxiuv,T1,hap:1,0.0001,50,True,1,q_cut=0.2;alpha_rel=0.0001,hap:1,,1033.374180061991,27746.0,9.287313438393088e-07,9.28731261752518e-07,0.0,6.163285366307719,0.0060549268363007
mp-aaabxiuv,T1,hap:1,1e-05,50,True,1,q_cut=0.2;alpha_rel=0.0001,hap:1,,1033.374180061991,27746.0,9.287313438393088e-07,9.28731261752518e-07,0.0,6.163285366307719,0.0060549268363007
mp-aaabxiuv,T1,ctp-uniform,0.001,95,True,2,q_cut=0.2;alpha_rel=4.64159e-05,U,unprojected,900.728826338276,31832.0,7.663302809567613e-07,7.663301815859099e-07,0.0003109999999999,6.220428542293121,3.1414928373963304e-05
mp-aaabxiuv,T1,ctp-uniform,0.0001,95,True,1,q_cut=0.2;alpha_rel=0.0001,uniform,projected,1033.6349543963372,27739.0,8.793649421945194e-07,8.79364855502989e-07,0.0,6.163311304714625,0.0058041025271278
mp-aaabxiuv,T1,ctp-uniform,1e-05,95,True,1,q_cut=0.2;alpha_rel=0.0001,uniform,projected,1033.6349543963372,27739.0,8.793649421945194e-07,8.79364855502989e-07,0.0,6.163311304714625,0.0058041025271278
mp-aaabxiuv,T1,ctp-hap:0.0001,0.001,90,True,1,q_cut=0.2;alpha_rel=4.64159e-05,U,unprojected,900.728826338276,31832.0,7.663302809567613e-07,7.663301815859099e-07,0.0003109999999999,6.220428542293121,3.1414928373963304e-05
mp-aaabxiuv,T1,ctp-hap:0.0001,0.0001,90,True,2,q_cut=0.2;alpha_rel=4.64159e-05,hap:0.0001,projected,896.0,32000.0,7.691950743998127e-07,7.691949734481497e-07,0.0,6.220412284065787,0.00528125
mp-aaabxiuv,T1,ctp-hap:0.0001,1e-05,90,True,2,q_cut=0.2;alpha_rel=4.64159e-05,hap:0.0001,projected,896.0,32000.0,7.691950743998127e-07,7.691949734481497e-07,0.0,6.220412284065787,0.00528125
mp-aaabxiuv,T1,ctp-hap:0.01,0.001,94,True,1,q_cut=0.2;alpha_rel=4.64159e-05,U,unprojected,900.728826338276,31832.0,7.663302809567613e-07,7.663301815859099e-07,0.0003109999999999,6.220428542293121,3.1414928373963304e-05
mp-aaabxiuv,T1,ctp-hap:0.01,0.0001,94,True,2,q_cut=0.2;alpha_rel=4.64159e-05,hap:0.01,projected,896.0,32000.0,8.557711571770073e-07,8.55771068051801e-07,0.0,6.218632774483922,0.00528125
mp-aaabxiuv,T1,ctp-hap:0.01,1e-05,94,True,2,q_cut=0.2;alpha_rel=4.64159e-05,hap:0.01,projected,896.0,32000.0,8.557711571770073e-07,8.55771068051801e-07,0.0,6.218632774483922,0.00528125
mp-aaabxiuv,T1,ctp-hap:1,0.001,95,True,2,q_cut=0.2;alpha_rel=4.64159e-05,U,unprojected,900.728826338276,31832.0,7.663302809567613e-07,7.663301815859099e-07,0.0003109999999999,6.220428542293121,3.1414928373963304e-05
mp-aaabxiuv,T1,ctp-hap:1,0.0001,95,True,1,q_cut=0.2;alpha_rel=0.0001,hap:1,projected,1033.3369373265575,27747.0,9.287313438393088e-07,9.28731261752518e-07,0.0,6.163285366307719,0.0060907485493927
mp-aaabxiuv,T1,ctp-hap:1,1e-05,95,True,1,q_cut=0.2;alpha_rel=0.0001,hap:1,projected,1033.3369373265575,27747.0,9.287313438393088e-07,9.28731261752518e-07,0.0,6.163285366307719,0.0060907485493927
mp-aaabxiuv,GP,hartree_only,0.001,0,False,0,,,,,,,,,,
mp-aaabxiuv,GP,hartree_only,0.0001,0,False,0,,,,,,,,,,
mp-aaabxiuv,GP,hartree_only,1e-05,0,False,0,,,,,,,,,,
mp-aaabxiuv,GP,none,0.001,0,False,0,,,,,,,,,,
mp-aaabxiuv,GP,none,0.0001,0,False,0,,,,,,,,,,
mp-aaabxiuv,GP,none,1e-05,0,False,0,,,,,,,,,,
mp-aaabxiuv,GP,uniform,0.001,0,False,0,,,,,,,,,,
mp-aaabxiuv,GP,uniform,0.0001,0,False,0,,,,,,,,,,
mp-aaabxiuv,GP,uniform,1e-05,0,False,0,,,,,,,,,,
mp-aaabxiuv,GP,hap:0.0001,0.001,0,False,0,,,,,,,,,,
mp-aaabxiuv,GP,hap:0.0001,0.0001,0,False,0,,,,,,,,,,
mp-aaabxiuv,GP,hap:0.0001,1e-05,0,False,0,,,,,,,,,,
mp-aaabxiuv,GP,hap:0.01,0.001,0,False,0,,,,,,,,,,
mp-aaabxiuv,GP,hap:0.01,0.0001,0,False,0,,,,,,,,,,
mp-aaabxiuv,GP,hap:0.01,1e-05,0,False,0,,,,,,,,,,
mp-aaabxiuv,GP,hap:1,0.001,0,False,0,,,,,,,,,,
mp-aaabxiuv,GP,hap:1,0.0001,0,False,0,,,,,,,,,,
mp-aaabxiuv,GP,hap:1,1e-05,0,False,0,,,,,,,,,,
mp-aaabxiuv,GP,ctp-uniform,0.001,0,False,0,,,,,,,,,,
mp-aaabxiuv,GP,ctp-uniform,0.0001,0,False,0,,,,,,,,,,
mp-aaabxiuv,GP,ctp-uniform,1e-05,0,False,0,,,,,,,,,,
mp-aaabxiuv,GP,ctp-hap:0.0001,0.001,0,False,0,,,,,,,,,,
mp-aaabxiuv,GP,ctp-hap:0.0001,0.0001,0,False,0,,,,,,,,,,
mp-aaabxiuv,GP,ctp-hap:0.0001,1e-05,0,False,0,,,,,,,,,,
mp-aaabxiuv,GP,ctp-hap:0.01,0.001,0,False,0,,,,,,,,,,
mp-aaabxiuv,GP,ctp-hap:0.01,0.0001,0,False,0,,,,,,,,,,
mp-aaabxiuv,GP,ctp-hap:0.01,1e-05,0,False,0,,,,,,,,,,
mp-aaabxiuv,GP,ctp-hap:1,0.001,0,False,0,,,,,,,,,,
mp-aaabxiuv,GP,ctp-hap:1,0.0001,0,False,0,,,,,,,,,,
mp-aaabxiuv,GP,ctp-hap:1,1e-05,0,False,0,,,,,,,,,,
mp-aaabxiuv,R3,hartree_only,0.001,6,True,0,tau=1e-06;k=0;margin=0.995,U,,1662.626848361844,17245.0,9.940934825235426e-07,9.940934059201931e-07,,20.793247540272205,0.0
mp-aaabxiuv,R3,hartree_only,0.0001,6,True,0,tau=1e-06;k=0;margin=0.995,U,,1662.626848361844,17245.0,9.940934825235426e-07,9.940934059201931e-07,,20.793247540272205,0.0
mp-aaabxiuv,R3,hartree_only,1e-05,6,True,0,tau=1e-06;k=0;margin=0.995,U,,1662.626848361844,17245.0,9.940934825235426e-07,9.940934059201931e-07,,20.793247540272205,0.0
mp-aaabxiuv,R3,none,0.001,6,True,1,tau=1e-06;k=0;margin=0.995,U,,1662.626848361844,17245.0,9.940934825235426e-07,9.940934059201931e-07,0.0003349999999997,20.793247540272205,0.0
mp-aaabxiuv,R3,none,0.0001,6,False,5,,,,,,,,,,
mp-aaabxiuv,R3,none,1e-05,6,False,5,,,,,,,,,,
mp-aaabxiuv,R3,uniform,0.001,0,False,0,,,,,,,,,,
mp-aaabxiuv,R3,uniform,0.0001,0,False,0,,,,,,,,,,
mp-aaabxiuv,R3,uniform,1e-05,0,False,0,,,,,,,,,,
mp-aaabxiuv,R3,hap:0.0001,0.001,6,True,1,tau=1e-06;k=0;margin=0.995,hap:0.0001,,1646.5858841095733,17413.0,9.959978325895722e-07,9.959977546986889e-07,0.0,20.793296160392856,0.0096479641647045
mp-aaabxiuv,R3,hap:0.0001,0.0001,6,True,1,tau=1e-06;k=0;margin=0.995,hap:0.0001,,1646.5858841095733,17413.0,9.959978325895722e-07,9.959977546986889e-07,0.0,20.793296160392856,0.0096479641647045
mp-aaabxiuv,R3,hap:0.0001,1e-05,6,True,1,tau=1e-06;k=0;margin=0.995,hap:0.0001,,1646.5858841095733,17413.0,9.959978325895722e-07,9.959977546986889e-07,0.0,20.793296160392856,0.0096479641647045
mp-aaabxiuv,R3,hap:0.01,0.001,0,False,0,,,,,,,,,,
mp-aaabxiuv,R3,hap:0.01,0.0001,0,False,0,,,,,,,,,,
mp-aaabxiuv,R3,hap:0.01,1e-05,0,False,0,,,,,,,,,,
mp-aaabxiuv,R3,hap:1,0.001,0,False,0,,,,,,,,,,
mp-aaabxiuv,R3,hap:1,0.0001,0,False,0,,,,,,,,,,
mp-aaabxiuv,R3,hap:1,1e-05,0,False,0,,,,,,,,,,
mp-aaabxiuv,R3,ctp-uniform,0.001,6,True,1,tau=1e-06;k=0;margin=0.995,U,unprojected,1662.5304418415865,17246.0,9.940934825235426e-07,9.940934059201931e-07,0.0003349999999997,20.793247540272205,5.798446016467587e-05
mp-aaabxiuv,R3,ctp-uniform,0.0001,6,False,5,,,,,,,,,,
mp-aaabxiuv,R3,ctp-uniform,1e-05,6,False,5,,,,,,,,,,
mp-aaabxiuv,R3,ctp-hap:0.0001,0.001,12,True,1,tau=1e-06;k=0;margin=0.995,U,unprojected,1662.5304418415865,17246.0,9.940934825235426e-07,9.940934059201931e-07,0.0003349999999997,20.793247540272205,5.798446016467587e-05
mp-aaabxiuv,R3,ctp-hap:0.0001,0.0001,12,True,4,tau=1e-06;k=0;margin=0.995,hap:0.0001,projected,1646.4913288158953,17414.0,9.959978325895722e-07,9.959977546986889e-07,0.0,20.793296160392856,0.0097048351900769
mp-aaabxiuv,R3,ctp-hap:0.0001,1e-05,12,True,4,tau=1e-06;k=0;margin=0.995,hap:0.0001,projected,1646.4913288158953,17414.0,9.959978325895722e-07,9.959977546986889e-07,0.0,20.793296160392856,0.0097048351900769
mp-aaabxiuv,R3,ctp-hap:0.01,0.001,6,True,1,tau=1e-06;k=0;margin=0.995,U,unprojected,1662.5304418415865,17246.0,9.940934825235426e-07,9.940934059201931e-07,0.0003349999999997,20.793247540272205,5.798446016467587e-05
mp-aaabxiuv,R3,ctp-hap:0.01,0.0001,6,False,5,,,,,,,,,,
mp-aaabxiuv,R3,ctp-hap:0.01,1e-05,6,False,5,,,,,,,,,,
mp-aaabxiuv,R3,ctp-hap:1,0.001,6,True,1,tau=1e-06;k=0;margin=0.995,U,unprojected,1662.5304418415865,17246.0,9.940934825235426e-07,9.940934059201931e-07,0.0003349999999997,20.793247540272205,5.798446016467587e-05
mp-aaabxiuv,R3,ctp-hap:1,0.0001,6,False,5,,,,,,,,,,
mp-aaabxiuv,R3,ctp-hap:1,1e-05,6,False,5,,,,,,,,,,
mp-aaabxiuv,GF,hartree_only,0.001,40,True,0,ZFP;tol_rel=0.0001,U,,35.5069448572391,807504.0,2.710114202679612e-07,2.710113038343808e-07,,0.2450053187500316,0.0
mp-aaabxiuv,GF,hartree_only,0.0001,40,True,0,ZFP;tol_rel=0.0001,U,,35.5069448572391,807504.0,2.710114202679612e-07,2.710113038343808e-07,,0.2450053187500316,0.0
mp-aaabxiuv,GF,hartree_only,1e-05,40,True,0,ZFP;tol_rel=0.0001,U,,35.5069448572391,807504.0,2.710114202679612e-07,2.710113038343808e-07,,0.2450053187500316,0.0
mp-aaabxiuv,GF,none,0.001,40,True,1,ZFP;tol_rel=0.0001,U,,35.5069448572391,807504.0,2.710114202679612e-07,2.710113038343808e-07,1.4000000000180536e-05,0.2450053187500316,0.0
mp-aaabxiuv,GF,none,0.0001,40,True,1,ZFP;tol_rel=0.0001,U,,35.5069448572391,807504.0,2.710114202679612e-07,2.710113038343808e-07,1.4000000000180536e-05,0.2450053187500316,0.0
mp-aaabxiuv,GF,none,1e-05,40,True,2,ZFP;tol_rel=4.64159e-05,U,,30.38524145415084,943616.0,3.438547331108261e-07,3.438547063088856e-07,7.000000000090267e-06,0.1312923087499484,0.0
mp-aaabxiuv,GF,uniform,0.001,41,True,1,ZFP;tol_rel=0.000215443,uniform,,41.81835153551759,685632.0,5.579515074572732e-07,5.579512956867434e-07,0.0,0.4831890247064052,0.0002333613366937
mp-aaabxiuv,GF,uniform,0.0001,41,True,1,ZFP;tol_rel=0.000215443,uniform,,41.81835153551759,685632.0,5.579515074572732e-07,5.579512956867434e-07,0.0,0.4831890247064052,0.0002333613366937
mp-aaabxiuv,GF,uniform,1e-05,41,True,1,ZFP;tol_rel=0.000215443,uniform,,41.81835153551759,685632.0,5.579515074572732e-07,5.579512956867434e-07,0.0,0.4831890247064052,0.0002333613366937
mp-aaabxiuv,GF,hap:0.0001,0.001,40,True,1,ZFP;tol_rel=0.0001,hap:0.0001,,35.499559227012945,807672.0,2.709661567888017e-07,2.709660403412744e-07,0.0,0.2448944123607361,0.0002080052298457
mp-aaabxiuv,GF,hap:0.0001,0.0001,40,True,1,ZFP;tol_rel=0.0001,hap:0.0001,,35.499559227012945,807672.0,2.709661567888017e-07,2.709660403412744e-07,0.0,0.2448944123607361,0.0002080052298457
mp-aaabxiuv,GF,hap:0.0001,1e-05,40,True,1,ZFP;tol_rel=0.0001,hap:0.0001,,35.499559227012945,807672.0,2.709661567888017e-07,2.709660403412744e-07,0.0,0.2448944123607361,0.0002080052298457
mp-aaabxiuv,GF,hap:0.01,0.001,40,True,1,ZFP;tol_rel=0.0001,hap:0.01,,35.499559227012945,807672.0,2.699776774295993e-07,2.699775605530993e-07,0.0,0.2448366167194535,0.0002080052298457
mp-aaabxiuv,GF,hap:0.01,0.0001,40,True,1,ZFP;tol_rel=0.0001,hap:0.01,,35.499559227012945,807672.0,2.699776774295993e-07,2.699775605530993e-07,0.0,0.2448366167194535,0.0002080052298457
mp-aaabxiuv,GF,hap:0.01,1e-05,40,True,1,ZFP;tol_rel=0.0001,hap:0.01,,35.499559227012945,807672.0,2.699776774295993e-07,2.699775605530993e-07,0.0,0.2448366167194535,0.0002080052298457
mp-aaabxiuv,GF,hap:1,0.001,40,True,1,ZFP;tol_rel=0.0001,hap:1,,35.499559227012945,807672.0,2.6093083736079613e-07,2.609307164296724e-07,0.0,0.2448924204202285,0.0002080052298457
mp-aaabxiuv,GF,hap:1,0.0001,40,True,1,ZFP;tol_rel=0.0001,hap:1,,35.499559227012945,807672.0,2.6093083736079613e-07,2.609307164296724e-07,0.0,0.2448924204202285,0.0002080052298457
mp-aaabxiuv,GF,hap:1,1e-05,40,True,1,ZFP;tol_rel=0.0001,hap:1,,35.499559227012945,807672.0,2.6093083736079613e-07,2.609307164296724e-07,0.0,0.2448924204202285,0.0002080052298457
mp-aaabxiuv,GF,ctp-uniform,0.001,81,True,2,ZFP;tol_rel=0.0001,U,unprojected,35.506900886062624,807505.0,2.710114202679612e-07,2.710113038343808e-07,1.4000000000180536e-05,0.2450053187500316,1.2383824248766262e-06
mp-aaabxiuv,GF,ctp-uniform,0.0001,81,True,2,ZFP;tol_rel=0.0001,U,unprojected,35.506900886062624,807505.0,2.710114202679612e-07,2.710113038343808e-07,1.4000000000180536e-05,0.2450053187500316,1.2383824248766262e-06
mp-aaabxiuv,GF,ctp-uniform,1e-05,81,True,1,ZFP;tol_rel=0.000215443,uniform,projected,41.81829054319147,685633.0,5.579515074572732e-07,5.579512956867434e-07,0.0,0.4831890247064052,0.0002348195025618
mp-aaabxiuv,GF,ctp-hap:0.0001,0.001,80,True,1,ZFP;tol_rel=0.0001,U,unprojected,35.506900886062624,807505.0,2.710114202679612e-07,2.710113038343808e-07,1.4000000000180536e-05,0.2450053187500316,1.2383824248766262e-06
mp-aaabxiuv,GF,ctp-hap:0.0001,0.0001,80,True,1,ZFP;tol_rel=0.0001,U,unprojected,35.506900886062624,807505.0,2.710114202679612e-07,2.710113038343808e-07,1.4000000000180536e-05,0.2450053187500316,1.2383824248766262e-06
mp-aaabxiuv,GF,ctp-hap:0.0001,1e-05,80,True,2,ZFP;tol_rel=0.0001,hap:0.0001,projected,35.49951527412703,807673.0,2.709661567888017e-07,2.709660403412744e-07,0.0,0.2448944123607361,0.0002092430971445
mp-aaabxiuv,GF,ctp-hap:0.01,0.001,80,True,1,ZFP;tol_rel=0.0001,U,unprojected,35.506900886062624,807505.0,2.710114202679612e-07,2.710113038343808e-07,1.4000000000180536e-05,0.2450053187500316,1.2383824248766262e-06
mp-aaabxiuv,GF,ctp-hap:0.01,0.0001,80,True,1,ZFP;tol_rel=0.0001,U,unprojected,35.506900886062624,807505.0,2.710114202679612e-07,2.710113038343808e-07,1.4000000000180536e-05,0.2450053187500316,1.2383824248766262e-06
mp-aaabxiuv,GF,ctp-hap:0.01,1e-05,80,True,2,ZFP;tol_rel=0.0001,hap:0.01,projected,35.49951527412703,807673.0,2.699776774295993e-07,2.699775605530993e-07,0.0,0.2448366167194535,0.0002092430971445
mp-aaabxiuv,GF,ctp-hap:1,0.001,80,True,1,ZFP;tol_rel=0.0001,U,unprojected,35.506900886062624,807505.0,2.710114202679612e-07,2.710113038343808e-07,1.4000000000180536e-05,0.2450053187500316,1.2383824248766262e-06
mp-aaabxiuv,GF,ctp-hap:1,0.0001,80,True,1,ZFP;tol_rel=0.0001,U,unprojected,35.506900886062624,807505.0,2.710114202679612e-07,2.710113038343808e-07,1.4000000000180536e-05,0.2450053187500316,1.2383824248766262e-06
mp-aaabxiuv,GF,ctp-hap:1,1e-05,80,True,2,ZFP;tol_rel=0.0001,hap:1,projected,35.49951527412703,807673.0,2.6093083736079613e-07,2.609307164296724e-07,0.0,0.2448924204202285,0.0002092430971445
mp-aaaabjil,J,hartree_only,0.001,19,True,0,alpha_rel=0.1,U,,1021.9144602851323,12275.0,5.904222299988273e-07,5.904222000114895e-07,,4.78029467223223,0.0
mp-aaaabjil,J,hartree_only,0.0001,19,True,0,alpha_rel=0.1,U,,1021.9144602851323,12275.0,5.904222299988273e-07,5.904222000114895e-07,,4.78029467223223,0.0
mp-aaaabjil,J,hartree_only,1e-05,19,True,0,alpha_rel=0.1,U,,1021.9144602851323,12275.0,5.904222299988273e-07,5.904222000114895e-07,,4.78029467223223,0.0
mp-aaaabjil,J,none,0.001,19,True,1,alpha_rel=0.1,U,,1021.9144602851323,12275.0,5.904222299988273e-07,5.904222000114895e-07,0.00028,4.78029467223223,0.0
mp-aaaabjil,J,none,0.0001,19,True,2,alpha_rel=0.0464159,U,,854.6123450061316,14678.0,3.097864387222136e-07,3.097863815693177e-07,7.899999999949614e-05,2.5577761331437614,0.0
mp-aaaabjil,J,none,1e-05,19,True,5,alpha_rel=0.00464159,U,,509.7322117924337,24609.0,4.997943358003445e-08,4.997907932925727e-08,9.999999999621425e-06,0.9947224822759602,0.0
mp-aaaabjil,J,uniform,0.001,19,True,1,alpha_rel=0.1,uniform,,1009.4149835036612,12427.0,9.56707602159988e-07,9.567075835731264e-07,0.0,4.781682642744727,0.0122314315603122
mp-aaaabjil,J,uniform,0.0001,19,True,1,alpha_rel=0.1,uniform,,1009.4149835036612,12427.0,9.56707602159988e-07,9.567075835731264e-07,0.0,4.781682642744727,0.0122314315603122
mp-aaaabjil,J,uniform,1e-05,19,True,1,alpha_rel=0.1,uniform,,1009.4149835036612,12427.0,9.56707602159988e-07,9.567075835731264e-07,0.0,4.781682642744727,0.0122314315603122
mp-aaaabjil,J,hap:0.0001,0.001,19,True,1,alpha_rel=0.1,hap:0.0001,,1008.7655810213108,12435.0,5.980514651882701e-07,5.980514346211434e-07,0.0,4.778623017710288,0.0128669079211901
mp-aaaabjil,J,hap:0.0001,0.0001,19,True,1,alpha_rel=0.1,hap:0.0001,,1008.7655810213108,12435.0,5.980514651882701e-07,5.980514346211434e-07,0.0,4.778623017710288,0.0128669079211901
mp-aaaabjil,J,hap:0.0001,1e-05,19,True,1,alpha_rel=0.1,hap:0.0001,,1008.7655810213108,12435.0,5.980514651882701e-07,5.980514346211434e-07,0.0,4.778623017710288,0.0128669079211901
mp-aaaabjil,J,hap:0.01,0.001,19,True,1,alpha_rel=0.1,hap:0.01,,1008.7655810213108,12435.0,7.146550855967657e-07,7.146550606718555e-07,0.0,4.782738137644628,0.0128669079211901
mp-aaaabjil,J,hap:0.01,0.0001,19,True,1,alpha_rel=0.1,hap:0.01,,1008.7655810213108,12435.0,7.146550855967657e-07,7.146550606718555e-07,0.0,4.782738137644628,0.0128669079211901
mp-aaaabjil,J,hap:0.01,1e-05,19,True,1,alpha_rel=0.1,hap:0.01,,1008.7655810213108,12435.0,7.146550855967657e-07,7.146550606718555e-07,0.0,4.782738137644628,0.0128669079211901
mp-aaaabjil,J,hap:1,0.001,19,True,1,alpha_rel=0.1,hap:1,,1008.7655810213108,12435.0,9.468412121629504e-07,9.46841193381637e-07,0.0,4.781720941613457,0.0128669079211901
mp-aaaabjil,J,hap:1,0.0001,19,True,1,alpha_rel=0.1,hap:1,,1008.7655810213108,12435.0,9.468412121629504e-07,9.46841193381637e-07,0.0,4.781720941613457,0.0128669079211901
mp-aaaabjil,J,hap:1,1e-05,19,True,1,alpha_rel=0.1,hap:1,,1008.7655810213108,12435.0,9.468412121629504e-07,9.46841193381637e-07,0.0,4.781720941613457,0.0128669079211901
mp-aaaabjil,J,ctp-uniform,0.001,38,True,1,alpha_rel=0.1,U,unprojected,1021.8312153796024,12276.0,5.904222299988273e-07,5.904222000114895e-07,0.00028,4.78029467223223,8.145975887911372e-05
mp-aaaabjil,J,ctp-uniform,0.0001,38,True,2,alpha_rel=0.1,uniform,projected,1009.3337624718378,12428.0,9.56707602159988e-07,9.567075835731264e-07,0.0,4.781682642744727,0.0123109108464757
mp-aaaabjil,J,ctp-uniform,1e-05,38,True,2,alpha_rel=0.1,uniform,projected,1009.3337624718378,12428.0,9.56707602159988e-07,9.567075835731264e-07,0.0,4.781682642744727,0.0123109108464757
mp-aaaabjil,J,ctp-hap:0.0001,0.001,38,True,1,alpha_rel=0.1,U,unprojected,1021.8312153796024,12276.0,5.904222299988273e-07,5.904222000114895e-07,0.00028,4.78029467223223,8.145975887911372e-05
mp-aaaabjil,J,ctp-hap:0.0001,0.0001,38,True,2,alpha_rel=0.1,hap:0.0001,projected,1008.6844644580252,12436.0,5.980514651882701e-07,5.980514346211434e-07,0.0,4.778623017710288,0.0129462849790929
mp-aaaabjil,J,ctp-hap:0.0001,1e-05,38,True,2,alpha_rel=0.1,hap:0.0001,projected,1008.6844644580252,12436.0,5.980514651882701e-07,5.980514346211434e-07,0.0,4.778623017710288,0.0129462849790929
mp-aaaabjil,J,ctp-hap:0.01,0.001,38,True,1,alpha_rel=0.1,U,unprojected,1021.8312153796024,12276.0,5.904222299988273e-07,5.904222000114895e-07,0.00028,4.78029467223223,8.145975887911372e-05
mp-aaaabjil,J,ctp-hap:0.01,0.0001,38,True,2,alpha_rel=0.1,hap:0.01,projected,1008.6844644580252,12436.0,7.146550855967657e-07,7.146550606718555e-07,0.0,4.782738137644628,0.0129462849790929
mp-aaaabjil,J,ctp-hap:0.01,1e-05,38,True,2,alpha_rel=0.1,hap:0.01,projected,1008.6844644580252,12436.0,7.146550855967657e-07,7.146550606718555e-07,0.0,4.782738137644628,0.0129462849790929
mp-aaaabjil,J,ctp-hap:1,0.001,38,True,1,alpha_rel=0.1,U,unprojected,1021.8312153796024,12276.0,5.904222299988273e-07,5.904222000114895e-07,0.00028,4.78029467223223,8.145975887911372e-05
mp-aaaabjil,J,ctp-hap:1,0.0001,38,True,2,alpha_rel=0.1,hap:1,projected,1008.6844644580252,12436.0,9.468412121629504e-07,9.46841193381637e-07,0.0,4.781720941613457,0.0129462849790929
mp-aaaabjil,J,ctp-hap:1,1e-05,38,True,2,alpha_rel=0.1,hap:1,projected,1008.6844644580252,12436.0,9.468412121629504e-07,9.46841193381637e-07,0.0,4.781720941613457,0.0129462849790929
mp-aaaabjil,T1,hartree_only,0.001,58,True,0,q_cut=0.15;alpha_rel=2.15443e-05,U,,943.7965540591376,13291.0,9.74435878213953e-07,9.744358600442704e-07,,9.99633357870107,0.0
mp-aaaabjil,T1,hartree_only,0.0001,58,True,0,q_cut=0.15;alpha_rel=2.15443e-05,U,,943.7965540591376,13291.0,9.74435878213953e-07,9.744358600442704e-07,,9.99633357870107,0.0
mp-aaaabjil,T1,hartree_only,1e-05,58,True,0,q_cut=0.15;alpha_rel=2.15443e-05,U,,943.7965540591376,13291.0,9.74435878213953e-07,9.744358600442704e-07,,9.99633357870107,0.0
mp-aaaabjil,T1,none,0.001,58,True,1,q_cut=0.15;alpha_rel=2.15443e-05,U,,943.7965540591376,13291.0,9.74435878213953e-07,9.744358600442704e-07,9.299999999967667e-05,9.99633357870107,0.0
mp-aaaabjil,T1,none,0.0001,58,True,1,q_cut=0.15;alpha_rel=2.15443e-05,U,,943.7965540591376,13291.0,9.74435878213953e-07,9.744358600442704e-07,9.299999999967667e-05,9.99633357870107,0.0
mp-aaaabjil,T1,none,1e-05,58,False,5,,,,,,,,,,
mp-aaaabjil,T1,uniform,0.001,52,True,1,q_cut=0.2;alpha_rel=0.000464159,uniform,,1007.0648683365448,12456.0,9.681843699614585e-07,9.681843516185185e-07,0.0,2.7926941989089755,0.0122029543994861
mp-aaaabjil,T1,uniform,0.0001,52,True,1,q_cut=0.2;alpha_rel=0.000464159,uniform,,1007.0648683365448,12456.0,9.681843699614585e-07,9.681843516185185e-07,0.0,2.7926941989089755,0.0122029543994861
mp-aaaabjil,T1,uniform,1e-05,52,True,1,q_cut=0.2;alpha_rel=0.000464159,uniform,,1007.0648683365448,12456.0,9.681843699614585e-07,9.681843516185185e-07,0.0,2.7926941989089755,0.0122029543994861
mp-aaaabjil,T1,hap:0.0001,0.001,58,True,1,q_cut=0.15;alpha_rel=2.15443e-05,hap:0.0001,,932.5700691398408,13451.0,9.758358372683205e-07,9.758358188397798e-07,0.0,9.9963668678447,0.0118950263920898
mp-aaaabjil,T1,hap:0.0001,0.0001,58,True,1,q_cut=0.15;alpha_rel=2.15443e-05,hap:0.0001,,932.5700691398408,13451.0,9.758358372683205e-07,9.758358188397798e-07,0.0,9.9963668678447,0.0118950263920898
mp-aaaabjil,T1,hap:0.0001,1e-05,58,True,1,q_cut=0.15;alpha_rel=2.15443e-05,hap:0.0001,,932.5700691398408,13451.0,9.758358372683205e-07,9.758358188397798e-07,0.0,9.9963668678447,0.0118950263920898
mp-aaaabjil,T1,hap:0.01,0.001,57,True,1,q_cut=0.15;alpha_rel=1e-05,hap:0.01,,896.448224112056,13993.0,9.949235617326763e-07,9.949235438740166e-07,0.0,9.98976738520787,0.0114342885728578
mp-aaaabjil,T1,hap:0.01,0.0001,57,True,1,q_cut=0.15;alpha_rel=1e-05,hap:0.01,,896.448224112056,13993.0,9.949235617326763e-07,9.949235438740166e-07,0.0,9.98976738520787,0.0114342885728578
mp-aaaabjil,T1,hap:0.01,1e-05,57,True,1,q_cut=0.15;alpha_rel=1e-05,hap:0.01,,896.448224112056,13993.0,9.949235617326763e-07,9.949235438740166e-07,0.0,9.98976738520787,0.0114342885728578
mp-aaaabjil,T1,hap:1,0.001,50,True,1,q_cut=0.2;alpha_rel=0.000215443,hap:1,,837.1596369460758,14984.0,3.717100208944616e-07,3.717099732569626e-07,0.0,2.9108181570045417,0.0106780565936999
mp-aaaabjil,T1,hap:1,0.0001,50,True,1,q_cut=0.2;alpha_rel=0.000215443,hap:1,,837.1596369460758,14984.0,3.717100208944616e-07,3.717099732569626e-07,0.0,2.9108181570045417,0.0106780565936999
mp-aaaabjil,T1,hap:1,1e-05,50,True,1,q_cut=0.2;alpha_rel=0.000215443,hap:1,,837.1596369460758,14984.0,3.717100208944616e-07,3.717099732569626e-07,0.0,2.9108181570045417,0.0106780565936999
mp-aaaabjil,T1,ctp-uniform,0.001,110,True,2,q_cut=0.15;alpha_rel=2.15443e-05,U,unprojected,943.725549202528,13292.0,9.74435878213953e-07,9.744358600442704e-07,9.299999999967667e-05,9.99633357870107,7.523322299127295e-05
mp-aaaabjil,T1,ctp-uniform,0.0001,110,True,1,q_cut=0.2;alpha_rel=0.000464159,uniform,projected,1006.9840250461588,12457.0,9.681843699614585e-07,9.681843516185185e-07,0.0,2.7926941989089755,0.0122822509432447
mp-aaaabjil,T1,ctp-uniform,1e-05,110,True,1,q_cut=0.2;alpha_rel=0.000464159,uniform,projected,1006.9840250461588,12457.0,9.681843699614585e-07,9.681843516185185e-07,0.0,2.7926941989089755,0.0122822509432447
mp-aaaabjil,T1,ctp-hap:0.0001,0.001,116,True,1,q_cut=0.15;alpha_rel=2.15443e-05,U,unprojected,943.725549202528,13292.0,9.74435878213953e-07,9.744358600442704e-07,9.299999999967667e-05,9.99633357870107,7.523322299127295e-05
mp-aaaabjil,T1,ctp-hap:0.0001,0.0001,116,True,1,q_cut=0.15;alpha_rel=2.15443e-05,U,unprojected,943.725549202528,13292.0,9.74435878213953e-07,9.744358600442704e-07,9.299999999967667e-05,9.99633357870107,7.523322299127295e-05
mp-aaaabjil,T1,ctp-hap:0.0001,1e-05,116,True,2,q_cut=0.15;alpha_rel=2.15443e-05,hap:0.0001,projected,932.5007433838834,13452.0,9.758358372683205e-07,9.758358188397798e-07,0.0,9.9963668678447,0.0119684805233422
mp-aaaabjil,T1,ctp-hap:0.01,0.001,115,True,1,q_cut=0.15;alpha_rel=2.15443e-05,U,unprojected,943.725549202528,13292.0,9.74435878213953e-07,9.744358600442704e-07,9.299999999967667e-05,9.99633357870107,7.523322299127295e-05
mp-aaaabjil,T1,ctp-hap:0.01,0.0001,115,True,1,q_cut=0.15;alpha_rel=2.15443e-05,U,unprojected,943.725549202528,13292.0,9.74435878213953e-07,9.744358600442704e-07,9.299999999967667e-05,9.99633357870107,7.523322299127295e-05
mp-aaaabjil,T1,ctp-hap:0.01,1e-05,115,True,3,q_cut=0.15;alpha_rel=1e-05,hap:0.01,projected,896.3841646419894,13994.0,9.949235617326763e-07,9.949235438740166e-07,0.0,9.98976738520787,0.0115049306845791
mp-aaaabjil,T1,ctp-hap:1,0.001,108,True,1,q_cut=0.15;alpha_rel=2.15443e-05,U,unprojected,943.725549202528,13292.0,9.74435878213953e-07,9.744358600442704e-07,9.299999999967667e-05,9.99633357870107,7.523322299127295e-05
mp-aaaabjil,T1,ctp-hap:1,0.0001,108,True,1,q_cut=0.15;alpha_rel=2.15443e-05,U,unprojected,943.725549202528,13292.0,9.74435878213953e-07,9.744358600442704e-07,9.299999999967667e-05,9.99633357870107,7.523322299127295e-05
mp-aaaabjil,T1,ctp-hap:1,1e-05,108,True,5,q_cut=0.2;alpha_rel=0.000215443,hap:1,projected,837.1037704371038,14985.0,3.717100208944616e-07,3.717099732569626e-07,0.0,2.9108181570045417,0.010744077410744
mp-aaaabjil,GP,hartree_only,0.001,0,False,0,,,,,,,,,,
mp-aaaabjil,GP,hartree_only,0.0001,0,False,0,,,,,,,,,,
mp-aaaabjil,GP,hartree_only,1e-05,0,False,0,,,,,,,,,,
mp-aaaabjil,GP,none,0.001,0,False,0,,,,,,,,,,
mp-aaaabjil,GP,none,0.0001,0,False,0,,,,,,,,,,
mp-aaaabjil,GP,none,1e-05,0,False,0,,,,,,,,,,
mp-aaaabjil,GP,uniform,0.001,0,False,0,,,,,,,,,,
mp-aaaabjil,GP,uniform,0.0001,0,False,0,,,,,,,,,,
mp-aaaabjil,GP,uniform,1e-05,0,False,0,,,,,,,,,,
mp-aaaabjil,GP,hap:0.0001,0.001,0,False,0,,,,,,,,,,
mp-aaaabjil,GP,hap:0.0001,0.0001,0,False,0,,,,,,,,,,
mp-aaaabjil,GP,hap:0.0001,1e-05,0,False,0,,,,,,,,,,
mp-aaaabjil,GP,hap:0.01,0.001,0,False,0,,,,,,,,,,
mp-aaaabjil,GP,hap:0.01,0.0001,0,False,0,,,,,,,,,,
mp-aaaabjil,GP,hap:0.01,1e-05,0,False,0,,,,,,,,,,
mp-aaaabjil,GP,hap:1,0.001,0,False,0,,,,,,,,,,
mp-aaaabjil,GP,hap:1,0.0001,0,False,0,,,,,,,,,,
mp-aaaabjil,GP,hap:1,1e-05,0,False,0,,,,,,,,,,
mp-aaaabjil,GP,ctp-uniform,0.001,0,False,0,,,,,,,,,,
mp-aaaabjil,GP,ctp-uniform,0.0001,0,False,0,,,,,,,,,,
mp-aaaabjil,GP,ctp-uniform,1e-05,0,False,0,,,,,,,,,,
mp-aaaabjil,GP,ctp-hap:0.0001,0.001,0,False,0,,,,,,,,,,
mp-aaaabjil,GP,ctp-hap:0.0001,0.0001,0,False,0,,,,,,,,,,
mp-aaaabjil,GP,ctp-hap:0.0001,1e-05,0,False,0,,,,,,,,,,
mp-aaaabjil,GP,ctp-hap:0.01,0.001,0,False,0,,,,,,,,,,
mp-aaaabjil,GP,ctp-hap:0.01,0.0001,0,False,0,,,,,,,,,,
mp-aaaabjil,GP,ctp-hap:0.01,1e-05,0,False,0,,,,,,,,,,
mp-aaaabjil,GP,ctp-hap:1,0.001,0,False,0,,,,,,,,,,
mp-aaaabjil,GP,ctp-hap:1,0.0001,0,False,0,,,,,,,,,,
mp-aaaabjil,GP,ctp-hap:1,1e-05,0,False,0,,,,,,,,,,
mp-aaaabjil,R3,hartree_only,0.001,6,True,0,tau=1e-06;k=0;margin=0.995,U,,1777.7777777777778,7056.0,9.91095462829137e-07,9.910954449648734e-07,,2.762049708234372,0.0
mp-aaaabjil,R3,hartree_only,0.0001,6,True,0,tau=1e-06;k=0;margin=0.995,U,,1777.7777777777778,7056.0,9.91095462829137e-07,9.910954449648734e-07,,2.762049708234372,0.0
mp-aaaabjil,R3,hartree_only,1e-05,6,True,0,tau=1e-06;k=0;margin=0.995,U,,1777.7777777777778,7056.0,9.91095462829137e-07,9.910954449648734e-07,,2.762049708234372,0.0
mp-aaaabjil,R3,none,0.001,6,True,1,tau=1e-06;k=0;margin=0.995,U,,1777.7777777777778,7056.0,9.91095462829137e-07,9.910954449648734e-07,0.0002690000000002,2.762049708234372,0.0
mp-aaaabjil,R3,none,0.0001,6,False,5,,,,,,,,,,
mp-aaaabjil,R3,none,1e-05,6,False,5,,,,,,,,,,
mp-aaaabjil,R3,uniform,0.001,0,False,0,,,,,,,,,,
mp-aaaabjil,R3,uniform,0.0001,0,False,0,,,,,,,,,,
mp-aaaabjil,R3,uniform,1e-05,0,False,0,,,,,,,,,,
mp-aaaabjil,R3,hap:0.0001,0.001,6,True,1,tau=1e-06;k=0;margin=0.995,hap:0.0001,,1738.3592017738358,7216.0,9.982446325803109e-07,9.982446142523884e-07,0.0,2.7631835605294555,0.0221729490022172
mp-aaaabjil,R3,hap:0.0001,0.0001,6,True,1,tau=1e-06;k=0;margin=0.995,hap:0.0001,,1738.3592017738358,7216.0,9.982446325803109e-07,9.982446142523884e-07,0.0,2.7631835605294555,0.0221729490022172
mp-aaaabjil,R3,hap:0.0001,1e-05,6,True,1,tau=1e-06;k=0;margin=0.995,hap:0.0001,,1738.3592017738358,7216.0,9.982446325803109e-07,9.982446142523884e-07,0.0,2.7631835605294555,0.0221729490022172
mp-aaaabjil,R3,hap:0.01,0.001,2,True,1,tau=1e-06;k=2;margin=0.985074875,hap:0.01,,1727.823691460055,7260.0,9.973616860075868e-07,9.973616682341608e-07,0.0,2.5103422067267616,0.0220385674931129
mp-aaaabjil,R3,hap:0.01,0.0001,2,True,1,tau=1e-06;k=2;margin=0.985074875,hap:0.01,,1727.823691460055,7260.0,9.973616860075868e-07,9.973616682341608e-07,0.0,2.5103422067267616,0.0220385674931129
mp-aaaabjil,R3,hap:0.01,1e-05,2,True,1,tau=1e-06;k=2;margin=0.985074875,hap:0.01,,1727.823691460055,7260.0,9.973616860075868e-07,9.973616682341608e-07,0.0,2.5103422067267616,0.0220385674931129
mp-aaaabjil,R3,hap:1,0.001,0,False,0,,,,,,,,,,
mp-aaaabjil,R3,hap:1,0.0001,0,False,0,,,,,,,,,,
mp-aaaabjil,R3,hap:1,1e-05,0,False,0,,,,,,,,,,
mp-aaaabjil,R3,ctp-uniform,0.001,6,True,1,tau=1e-06;k=0;margin=0.995,U,unprojected,1777.5258608473855,7057.0,9.91095462829137e-07,9.910954449648734e-07,0.0002690000000002,2.762049708234372,0.0001417032733456
mp-aaaabjil,R3,ctp-uniform,0.0001,6,False,5,,,,,,,,,,
mp-aaaabjil,R3,ctp-uniform,1e-05,6,False,5,,,,,,,,,,
mp-aaaabjil,R3,ctp-hap:0.0001,0.001,12,True,1,tau=1e-06;k=0;margin=0.995,U,unprojected,1777.5258608473855,7057.0,9.91095462829137e-07,9.910954449648734e-07,0.0002690000000002,2.762049708234372,0.0001417032733456
mp-aaaabjil,R3,ctp-hap:0.0001,0.0001,12,False,5,,,,,,,,,,
mp-aaaabjil,R3,ctp-hap:0.0001,1e-05,12,False,5,,,,,,,,,,
mp-aaaabjil,R3,ctp-hap:0.01,0.001,8,True,1,tau=1e-06;k=0;margin=0.995,U,unprojected,1777.5258608473855,7057.0,9.91095462829137e-07,9.910954449648734e-07,0.0002690000000002,2.762049708234372,0.0001417032733456
mp-aaaabjil,R3,ctp-hap:0.01,0.0001,8,False,5,,,,,,,,,,
mp-aaaabjil,R3,ctp-hap:0.01,1e-05,8,False,5,,,,,,,,,,
mp-aaaabjil,R3,ctp-hap:1,0.001,6,True,1,tau=1e-06;k=0;margin=0.995,U,unprojected,1777.5258608473855,7057.0,9.91095462829137e-07,9.910954449648734e-07,0.0002690000000002,2.762049708234372,0.0001417032733456
mp-aaaabjil,R3,ctp-hap:1,0.0001,6,False,5,,,,,,,,,,
mp-aaaabjil,R3,ctp-hap:1,1e-05,6,False,5,,,,,,,,,,
mp-aaaabjil,GF,hartree_only,0.001,44,True,0,ZFP;tol_rel=0.001,U,,49.46996466431096,253568.0,8.118526384452621e-07,8.118523226980371e-07,,0.408438335000028,0.0
mp-aaaabjil,GF,hartree_only,0.0001,44,True,0,ZFP;tol_rel=0.001,U,,49.46996466431096,253568.0,8.118526384452621e-07,8.118523226980371e-07,,0.408438335000028,0.0
mp-aaaabjil,GF,hartree_only,1e-05,44,True,0,ZFP;tol_rel=0.001,U,,49.46996466431096,253568.0,8.118526384452621e-07,8.118523226980371e-07,,0.408438335000028,0.0
mp-aaaabjil,GF,none,0.001,44,True,1,ZFP;tol_rel=0.001,U,,49.46996466431096,253568.0,8.118526384452621e-07,8.118523226980371e-07,2.6000000000081517e-05,0.408438335000028,0.0
mp-aaaabjil,GF,none,0.0001,44,True,1,ZFP;tol_rel=0.001,U,,49.46996466431096,253568.0,8.118526384452621e-07,8.118523226980371e-07,2.6000000000081517e-05,0.408438335000028,0.0
mp-aaaabjil,GF,none,1e-05,44,True,2,ZFP;tol_rel=0.000464159,U,,41.45844900980936,302568.0,4.877789804655735e-07,4.877788238360022e-07,9.999999999621425e-06,0.2157629074999931,0.0
mp-aaaabjil,GF,uniform,0.001,45,True,1,ZFP;tol_rel=0.000464159,uniform,,41.43763213530655,302720.0,4.199078271689113e-07,4.199076452220701e-07,0.0,0.2157063808914614,0.0005021141649048
mp-aaaabjil,GF,uniform,0.0001,45,True,1,ZFP;tol_rel=0.000464159,uniform,,41.43763213530655,302720.0,4.199078271689113e-07,4.199076452220701e-07,0.0,0.2157063808914614,0.0005021141649048
mp-aaaabjil,GF,uniform,1e-05,45,True,1,ZFP;tol_rel=0.000464159,uniform,,41.43763213530655,302720.0,4.199078271689113e-07,4.199076452220701e-07,0.0,0.2157063808914614,0.0005021141649048
mp-aaaabjil,GF,hap:0.0001,0.001,44,True,1,ZFP;tol_rel=0.001,hap:0.0001,,49.438769075545466,253728.0,8.105821647946613e-07,8.105818485282571e-07,0.0,0.408295260000159,0.0006305965443309
mp-aaaabjil,GF,hap:0.0001,0.0001,44,True,1,ZFP;tol_rel=0.001,hap:0.0001,,49.438769075545466,253728.0,8.105821647946613e-07,8.105818485282571e-07,0.0,0.408295260000159,0.0006305965443309
mp-aaaabjil,GF,hap:0.0001,1e-05,44,True,1,ZFP;tol_rel=0.001,hap:0.0001,,49.438769075545466,253728.0,8.105821647946613e-07,8.105818485282571e-07,0.0,0.408295260000159,0.0006305965443309
mp-aaaabjil,GF,hap:0.01,0.001,44,True,1,ZFP;tol_rel=0.001,hap:0.01,,49.438769075545466,253728.0,7.900606904358842e-07,7.900603659718919e-07,0.0,0.4086507615921277,0.0006305965443309
mp-aaaabjil,GF,hap:0.01,0.0001,44,True,1,ZFP;tol_rel=0.001,hap:0.01,,49.438769075545466,253728.0,7.900606904358842e-07,7.900603659718919e-07,0.0,0.4086507615921277,0.0006305965443309
mp-aaaabjil,GF,hap:0.01,1e-05,44,True,1,ZFP;tol_rel=0.001,hap:0.01,,49.438769075545466,253728.0,7.900606904358842e-07,7.900603659718919e-07,0.0,0.4086507615921277,0.0006305965443309
mp-aaaabjil,GF,hap:1,0.001,45,True,1,ZFP;tol_rel=0.001,hap:1,,49.438769075545466,253728.0,6.440094171029559e-07,6.440090190557058e-07,0.0,0.4082165933333499,0.0006305965443309
mp-aaaabjil,GF,hap:1,0.0001,45,True,1,ZFP;tol_rel=0.001,hap:1,,49.438769075545466,253728.0,6.440094171029559e-07,6.440090190557058e-07,0.0,0.4082165933333499,0.0006305965443309
mp-aaaabjil,GF,hap:1,1e-05,45,True,1,ZFP;tol_rel=0.001,hap:1,,49.438769075545466,253728.0,6.440094171029559e-07,6.440090190557058e-07,0.0,0.4082165933333499,0.0006305965443309
mp-aaaabjil,GF,ctp-uniform,0.001,89,True,1,ZFP;tol_rel=0.001,U,unprojected,49.46976956962405,253569.0,8.118526384452621e-07,8.118523226980371e-07,2.6000000000081517e-05,0.408438335000028,3.943699742476407e-06
mp-aaaabjil,GF,ctp-uniform,0.0001,89,True,1,ZFP;tol_rel=0.001,U,unprojected,49.46976956962405,253569.0,8.118526384452621e-07,8.118523226980371e-07,2.6000000000081517e-05,0.408438335000028,3.943699742476407e-06
mp-aaaabjil,GF,ctp-uniform,1e-05,89,True,2,ZFP;tol_rel=0.000464159,U,unprojected,41.45831198833985,302569.0,4.877789804655735e-07,4.877788238360022e-07,9.999999999621425e-06,0.2157629074999931,3.30503124907046e-06
mp-aaaabjil,GF,ctp-hap:0.0001,0.001,88,True,1,ZFP;tol_rel=0.001,U,unprojected,49.46976956962405,253569.0,8.118526384452621e-07,8.118523226980371e-07,2.6000000000081517e-05,0.408438335000028,3.943699742476407e-06
mp-aaaabjil,GF,ctp-hap:0.0001,0.0001,88,True,1,ZFP;tol_rel=0.001,U,unprojected,49.46976956962405,253569.0,8.118526384452621e-07,8.118523226980371e-07,2.6000000000081517e-05,0.408438335000028,3.943699742476407e-06
mp-aaaabjil,GF,ctp-hap:0.0001,1e-05,88,True,2,ZFP;tol_rel=0.001,hap:0.0001,projected,49.43857422683256,253729.0,8.105821647946613e-07,8.105818485282571e-07,0.0,0.408295260000159,0.0006345352718845
mp-aaaabjil,GF,ctp-hap:0.01,0.001,88,True,1,ZFP;tol_rel=0.001,U,unprojected,49.46976956962405,253569.0,8.118526384452621e-07,8.118523226980371e-07,2.6000000000081517e-05,0.408438335000028,3.943699742476407e-06
mp-aaaabjil,GF,ctp-hap:0.01,0.0001,88,True,1,ZFP;tol_rel=0.001,U,unprojected,49.46976956962405,253569.0,8.118526384452621e-07,8.118523226980371e-07,2.6000000000081517e-05,0.408438335000028,3.943699742476407e-06
mp-aaaabjil,GF,ctp-hap:0.01,1e-05,88,True,2,ZFP;tol_rel=0.001,hap:0.01,projected,49.43857422683256,253729.0,7.900606904358842e-07,7.900603659718919e-07,0.0,0.4086507615921277,0.0006345352718845
mp-aaaabjil,GF,ctp-hap:1,0.001,89,True,1,ZFP;tol_rel=0.001,U,unprojected,49.46976956962405,253569.0,8.118526384452621e-07,8.118523226980371e-07,2.6000000000081517e-05,0.408438335000028,3.943699742476407e-06
mp-aaaabjil,GF,ctp-hap:1,0.0001,89,True,1,ZFP;tol_rel=0.001,U,unprojected,49.46976956962405,253569.0,8.118526384452621e-07,8.118523226980371e-07,2.6000000000081517e-05,0.408438335000028,3.943699742476407e-06
mp-aaaabjil,GF,ctp-hap:1,1e-05,89,True,2,ZFP;tol_rel=0.001,hap:1,projected,49.43857422683256,253729.0,6.440094171029559e-07,6.440090190557058e-07,0.0,0.4082165933333499,0.0006345352718845
mp-aaacrfiw,J,hartree_only,0.001,18,True,0,alpha_rel=0.0464159,U,,445.7961725670405,33077.0,8.77567222790014e-07,8.775671372523004e-07,,10.23590135472651,0.0
mp-aaacrfiw,J,hartree_only,0.0001,18,True,0,alpha_rel=0.0464159,U,,445.7961725670405,33077.0,8.77567222790014e-07,8.775671372523004e-07,,10.23590135472651,0.0
mp-aaacrfiw,J,hartree_only,1e-05,18,True,0,alpha_rel=0.0464159,U,,445.7961725670405,33077.0,8.77567222790014e-07,8.775671372523004e-07,,10.23590135472651,0.0
mp-aaacrfiw,J,none,0.001,18,True,1,alpha_rel=0.0464159,U,,445.7961725670405,33077.0,8.77567222790014e-07,8.775671372523004e-07,0.0003149999999996,10.23590135472651,0.0
mp-aaacrfiw,J,none,0.0001,18,True,4,alpha_rel=0.00464159,U,,228.4687253063944,64541.0,1.4450695760896752e-07,1.4450643815145265e-07,7.899999999949614e-05,3.7324098969843065,0.0
mp-aaacrfiw,J,none,1e-05,18,False,5,,,,,,,,,,
mp-aaacrfiw,J,uniform,0.001,16,True,1,alpha_rel=0.01,uniform,,287.10280373831773,51360.0,5.169019165891952e-07,5.169017714402069e-07,0.0,4.926708682975216,0.0031152647975077
mp-aaacrfiw,J,uniform,0.0001,16,True,1,alpha_rel=0.01,uniform,,287.10280373831773,51360.0,5.169019165891952e-07,5.169017714402069e-07,0.0,4.926708682975216,0.0031152647975077
mp-aaacrfiw,J,uniform,1e-05,16,True,1,alpha_rel=0.01,uniform,,287.10280373831773,51360.0,5.169019165891952e-07,5.169017714402069e-07,0.0,4.926708682975216,0.0031152647975077
mp-aaacrfiw,J,hap:0.0001,0.001,18,True,1,alpha_rel=0.0464159,hap:0.0001,,443.54338998345617,33245.0,8.806276972313343e-07,8.806276102518876e-07,0.0,10.236248495943371,0.0050533914874417
mp-aaacrfiw,J,hap:0.0001,0.0001,18,True,1,alpha_rel=0.0464159,hap:0.0001,,443.54338998345617,33245.0,8.806276972313343e-07,8.806276102518876e-07,0.0,10.236248495943371,0.0050533914874417
mp-aaacrfiw,J,hap:0.0001,1e-05,18,True,1,alpha_rel=0.0464159,hap:0.0001,,443.54338998345617,33245.0,8.806276972313343e-07,8.806276102518876e-07,0.0,10.236248495943371,0.0050533914874417
mp-aaacrfiw,J,hap:0.01,0.001,18,True,1,alpha_rel=0.0464159,hap:0.01,,443.54338998345617,33245.0,9.78532897677755e-07,9.785328208605976e-07,0.0,10.236458895849507,0.0050533914874417
mp-aaacrfiw,J,hap:0.01,0.0001,18,True,1,alpha_rel=0.0464159,hap:0.01,,443.54338998345617,33245.0,9.78532897677755e-07,9.785328208605976e-07,0.0,10.236458895849507,0.0050533914874417
mp-aaacrfiw,J,hap:0.01,1e-05,18,True,1,alpha_rel=0.0464159,hap:0.01,,443.54338998345617,33245.0,9.78532897677755e-07,9.785328208605976e-07,0.0,10.236458895849507,0.0050533914874417
mp-aaacrfiw,J,hap:1,0.001,16,True,1,alpha_rel=0.01,hap:1,,287.0580906400872,51368.0,4.300583996988357e-07,4.300582252370793e-07,0.0,4.926766400068072,0.0032705186108082
mp-aaacrfiw,J,hap:1,0.0001,16,True,1,alpha_rel=0.01,hap:1,,287.0580906400872,51368.0,4.300583996988357e-07,4.300582252370793e-07,0.0,4.926766400068072,0.0032705186108082
mp-aaacrfiw,J,hap:1,1e-05,16,True,1,alpha_rel=0.01,hap:1,,287.0580906400872,51368.0,4.300583996988357e-07,4.300582252370793e-07,0.0,4.926766400068072,0.0032705186108082
mp-aaacrfiw,J,ctp-uniform,0.001,34,True,1,alpha_rel=0.0464159,U,unprojected,445.782695447125,33078.0,8.77567222790014e-07,8.775671372523004e-07,0.0003149999999996,10.23590135472651,3.023157385573493e-05
mp-aaacrfiw,J,ctp-uniform,0.0001,34,True,4,alpha_rel=0.01,uniform,projected,287.0972138392944,51361.0,5.169019165891952e-07,5.169017714402069e-07,0.0,4.926708682975216,0.0031346741691166
mp-aaacrfiw,J,ctp-uniform,1e-05,34,True,4,alpha_rel=0.01,uniform,projected,287.0972138392944,51361.0,5.169019165891952e-07,5.169017714402069e-07,0.0,4.926708682975216,0.0031346741691166
mp-aaacrfiw,J,ctp-hap:0.0001,0.001,36,True,1,alpha_rel=0.0464159,U,unprojected,445.782695447125,33078.0,8.77567222790014e-07,8.775671372523004e-07,0.0003149999999996,10.23590135472651,3.023157385573493e-05
mp-aaacrfiw,J,ctp-hap:0.0001,0.0001,36,True,2,alpha_rel=0.0464159,hap:0.0001,projected,443.5300487276665,33246.0,8.806276972313343e-07,8.806276102518876e-07,0.0,10.236248495943371,0.00508331829393
mp-aaacrfiw,J,ctp-hap:0.0001,1e-05,36,True,2,alpha_rel=0.0464159,hap:0.0001,projected,443.5300487276665,33246.0,8.806276972313343e-07,8.806276102518876e-07,0.0,10.236248495943371,0.00508331829393
mp-aaacrfiw,J,ctp-hap:0.01,0.001,36,True,1,alpha_rel=0.0464159,U,unprojected,445.782695447125,33078.0,8.77567222790014e-07,8.775671372523004e-07,0.0003149999999996,10.23590135472651,3.023157385573493e-05
mp-aaacrfiw,J,ctp-hap:0.01,0.0001,36,True,2,alpha_rel=0.0464159,hap:0.01,projected,443.5300487276665,33246.0,9.78532897677755e-07,9.785328208605976e-07,0.0,10.236458895849507,0.00508331829393
mp-aaacrfiw,J,ctp-hap:0.01,1e-05,36,True,2,alpha_rel=0.0464159,hap:0.01,projected,443.5300487276665,33246.0,9.78532897677755e-07,9.785328208605976e-07,0.0,10.236458895849507,0.00508331829393
mp-aaacrfiw,J,ctp-hap:1,0.001,34,True,1,alpha_rel=0.0464159,U,unprojected,445.782695447125,33078.0,8.77567222790014e-07,8.775671372523004e-07,0.0003149999999996,10.23590135472651,3.023157385573493e-05
mp-aaacrfiw,J,ctp-hap:1,0.0001,34,True,4,alpha_rel=0.01,hap:1,projected,287.0525024820417,51369.0,4.300583996988357e-07,4.300582252370793e-07,0.0,4.926766400068072,0.0032899219373552
mp-aaacrfiw,J,ctp-hap:1,1e-05,34,True,4,alpha_rel=0.01,hap:1,projected,287.0525024820417,51369.0,4.300583996988357e-07,4.300582252370793e-07,0.0,4.926766400068072,0.0032899219373552
mp-aaacrfiw,T1,hartree_only,0.001,45,True,0,q_cut=0.2;alpha_rel=4.64159e-05,U,,283.95147313691507,51930.0,6.61110192459923e-07,6.611100789159218e-07,,15.289642282331442,0.0
mp-aaacrfiw,T1,hartree_only,0.0001,45,True,0,q_cut=0.2;alpha_rel=4.64159e-05,U,,283.95147313691507,51930.0,6.61110192459923e-07,6.611100789159218e-07,,15.289642282331442,0.0
mp-aaacrfiw,T1,hartree_only,1e-05,45,True,0,q_cut=0.2;alpha_rel=4.64159e-05,U,,283.95147313691507,51930.0,6.61110192459923e-07,6.611100789159218e-07,,15.289642282331442,0.0
mp-aaacrfiw,T1,none,0.001,45,True,1,q_cut=0.2;alpha_rel=4.64159e-05,U,,283.95147313691507,51930.0,6.61110192459923e-07,6.611100789159218e-07,0.0003679999999999,15.289642282331442,0.0
mp-aaacrfiw,T1,none,0.0001,45,False,5,,,,,,,,,,
mp-aaacrfiw,T1,none,1e-05,45,False,5,,,,,,,,,,
mp-aaacrfiw,T1,uniform,0.001,40,True,1,q_cut=0.3;alpha_rel=0.0001,uniform,,193.23539818370048,76309.0,4.670616325683897e-07,4.6706147190680133e-07,0.0,3.313429367869503,0.0020967382615418
mp-aaacrfiw,T1,uniform,0.0001,40,True,1,q_cut=0.3;alpha_rel=0.0001,uniform,,193.23539818370048,76309.0,4.670616325683897e-07,4.6706147190680133e-07,0.0,3.313429367869503,0.0020967382615418
mp-aaacrfiw,T1,uniform,1e-05,40,True,1,q_cut=0.3;alpha_rel=0.0001,uniform,,193.23539818370048,76309.0,4.670616325683897e-07,4.6706147190680133e-07,0.0,3.313429367869503,0.0020967382615418
mp-aaacrfiw,T1,hap:0.0001,0.001,45,True,1,q_cut=0.2;alpha_rel=4.64159e-05,hap:0.0001,,283.03581711390075,52098.0,6.697502137397504e-07,6.697500982789708e-07,0.0,15.29049982284232,0.0032246919267534
mp-aaacrfiw,T1,hap:0.0001,0.0001,45,True,1,q_cut=0.2;alpha_rel=4.64159e-05,hap:0.0001,,283.03581711390075,52098.0,6.697502137397504e-07,6.697500982789708e-07,0.0,15.29049982284232,0.0032246919267534
mp-aaacrfiw,T1,hap:0.0001,1e-05,45,True,1,q_cut=0.2;alpha_rel=4.64159e-05,hap:0.0001,,283.03581711390075,52098.0,6.697502137397504e-07,6.697500982789708e-07,0.0,15.29049982284232,0.0032246919267534
mp-aaacrfiw,T1,hap:0.01,0.001,45,True,1,q_cut=0.2;alpha_rel=4.64159e-05,hap:0.01,,283.03581711390075,52098.0,7.712396677044271e-07,7.712395700355181e-07,0.0,15.288311738475386,0.0032246919267534
mp-aaacrfiw,T1,hap:0.01,0.0001,45,True,1,q_cut=0.2;alpha_rel=4.64159e-05,hap:0.01,,283.03581711390075,52098.0,7.712396677044271e-07,7.712395700355181e-07,0.0,15.288311738475386,0.0032246919267534
mp-aaacrfiw,T1,hap:0.01,1e-05,45,True,1,q_cut=0.2;alpha_rel=4.64159e-05,hap:0.01,,283.03581711390075,52098.0,7.712396677044271e-07,7.712395700355181e-07,0.0,15.288311738475386,0.0032246919267534
mp-aaacrfiw,T1,hap:1,0.001,53,True,1,q_cut=0.2;alpha_rel=4.64159e-05,hap:1,,283.03581711390075,52098.0,9.632232041799774e-07,9.632231260483105e-07,0.0,15.288265123763267,0.0032246919267534
mp-aaacrfiw,T1,hap:1,0.0001,53,True,1,q_cut=0.2;alpha_rel=4.64159e-05,hap:1,,283.03581711390075,52098.0,9.632232041799774e-07,9.632231260483105e-07,0.0,15.288265123763267,0.0032246919267534
mp-aaacrfiw,T1,hap:1,1e-05,53,True,1,q_cut=0.2;alpha_rel=4.64159e-05,hap:1,,283.03581711390075,52098.0,9.632232041799774e-07,9.632231260483105e-07,0.0,15.288265123763267,0.0032246919267534
mp-aaacrfiw,T1,ctp-uniform,0.001,85,True,1,q_cut=0.2;alpha_rel=4.64159e-05,U,unprojected,283.9460052762319,51931.0,6.61110192459923e-07,6.611100789159218e-07,0.0003679999999999,15.289642282331442,1.9256320887331267e-05
mp-aaacrfiw,T1,ctp-uniform,0.0001,85,False,5,,,,,,,,,,
mp-aaacrfiw,T1,ctp-uniform,1e-05,85,False,5,,,,,,,,,,
mp-aaacrfiw,T1,ctp-hap:0.0001,0.001,90,True,1,q_cut=0.2;alpha_rel=4.64159e-05,U,unprojected,283.9460052762319,51931.0,6.61110192459923e-07,6.611100789159218e-07,0.0003679999999999,15.289642282331442,1.9256320887331267e-05
mp-aaacrfiw,T1,ctp-hap:0.0001,0.0001,90,True,2,q_cut=0.2;alpha_rel=4.64159e-05,hap:0.0001,projected,283.0303844603543,52099.0,6.697502137397504e-07,6.697500982789708e-07,0.0,15.29049982284232,0.0032438242576632
mp-aaacrfiw,T1,ctp-hap:0.0001,1e-05,90,True,2,q_cut=0.2;alpha_rel=4.64159e-05,hap:0.0001,projected,283.0303844603543,52099.0,6.697502137397504e-07,6.697500982789708e-07,0.0,15.29049982284232,0.0032438242576632
mp-aaacrfiw,T1,ctp-hap:0.01,0.001,90,True,1,q_cut=0.2;alpha_rel=4.64159e-05,U,unprojected,283.9460052762319,51931.0,6.61110192459923e-07,6.611100789159218e-07,0.0003679999999999,15.289642282331442,1.9256320887331267e-05
mp-aaacrfiw,T1,ctp-hap:0.01,0.0001,90,True,2,q_cut=0.2;alpha_rel=4.64159e-05,hap:0.01,projected,283.0303844603543,52099.0,7.712396677044271e-07,7.712395700355181e-07,0.0,15.288311738475386,0.0032438242576632
mp-aaacrfiw,T1,ctp-hap:0.01,1e-05,90,True,2,q_cut=0.2;alpha_rel=4.64159e-05,hap:0.01,projected,283.0303844603543,52099.0,7.712396677044271e-07,7.712395700355181e-07,0.0,15.288311738475386,0.0032438242576632
mp-aaacrfiw,T1,ctp-hap:1,0.001,98,True,1,q_cut=0.2;alpha_rel=4.64159e-05,U,unprojected,283.9460052762319,51931.0,6.61110192459923e-07,6.611100789159218e-07,0.0003679999999999,15.289642282331442,1.9256320887331267e-05
mp-aaacrfiw,T1,ctp-hap:1,0.0001,98,True,2,q_cut=0.2;alpha_rel=4.64159e-05,hap:1,projected,283.0303844603543,52099.0,9.632232041799774e-07,9.632231260483105e-07,0.0,15.288265123763267,0.0032438242576632
mp-aaacrfiw,T1,ctp-hap:1,1e-05,98,True,2,q_cut=0.2;alpha_rel=4.64159e-05,hap:1,projected,283.0303844603543,52099.0,9.632232041799774e-07,9.632231260483105e-07,0.0,15.288265123763267,0.0032438242576632
mp-aaacrfiw,GP,hartree_only,0.001,0,False,0,,,,,,,,,,
mp-aaacrfiw,GP,hartree_only,0.0001,0,False,0,,,,,,,,,,
mp-aaacrfiw,GP,hartree_only,1e-05,0,False,0,,,,,,,,,,
mp-aaacrfiw,GP,none,0.001,0,False,0,,,,,,,,,,
mp-aaacrfiw,GP,none,0.0001,0,False,0,,,,,,,,,,
mp-aaacrfiw,GP,none,1e-05,0,False,0,,,,,,,,,,
mp-aaacrfiw,GP,uniform,0.001,0,False,0,,,,,,,,,,
mp-aaacrfiw,GP,uniform,0.0001,0,False,0,,,,,,,,,,
mp-aaacrfiw,GP,uniform,1e-05,0,False,0,,,,,,,,,,
mp-aaacrfiw,GP,hap:0.0001,0.001,0,False,0,,,,,,,,,,
mp-aaacrfiw,GP,hap:0.0001,0.0001,0,False,0,,,,,,,,,,
mp-aaacrfiw,GP,hap:0.0001,1e-05,0,False,0,,,,,,,,,,
mp-aaacrfiw,GP,hap:0.01,0.001,0,False,0,,,,,,,,,,
mp-aaacrfiw,GP,hap:0.01,0.0001,0,False,0,,,,,,,,,,
mp-aaacrfiw,GP,hap:0.01,1e-05,0,False,0,,,,,,,,,,
mp-aaacrfiw,GP,hap:1,0.001,0,False,0,,,,,,,,,,
mp-aaacrfiw,GP,hap:1,0.0001,0,False,0,,,,,,,,,,
mp-aaacrfiw,GP,hap:1,1e-05,0,False,0,,,,,,,,,,
mp-aaacrfiw,GP,ctp-uniform,0.001,0,False,0,,,,,,,,,,
mp-aaacrfiw,GP,ctp-uniform,0.0001,0,False,0,,,,,,,,,,
mp-aaacrfiw,GP,ctp-uniform,1e-05,0,False,0,,,,,,,,,,
mp-aaacrfiw,GP,ctp-hap:0.0001,0.001,0,False,0,,,,,,,,,,
mp-aaacrfiw,GP,ctp-hap:0.0001,0.0001,0,False,0,,,,,,,,,,
mp-aaacrfiw,GP,ctp-hap:0.0001,1e-05,0,False,0,,,,,,,,,,
mp-aaacrfiw,GP,ctp-hap:0.01,0.001,0,False,0,,,,,,,,,,
mp-aaacrfiw,GP,ctp-hap:0.01,0.0001,0,False,0,,,,,,,,,,
mp-aaacrfiw,GP,ctp-hap:0.01,1e-05,0,False,0,,,,,,,,,,
mp-aaacrfiw,GP,ctp-hap:1,0.001,0,False,0,,,,,,,,,,
mp-aaacrfiw,GP,ctp-hap:1,0.0001,0,False,0,,,,,,,,,,
mp-aaacrfiw,GP,ctp-hap:1,1e-05,0,False,0,,,,,,,,,,
mp-aaacrfiw,R3,hartree_only,0.001,6,True,0,tau=1e-06;k=0;margin=0.995,U,,573.5578980123693,25709.0,9.948835072878485e-07,9.948834318367105e-07,,8.69934428453844,0.0
mp-aaacrfiw,R3,hartree_only,0.0001,6,True,0,tau=1e-06;k=0;margin=0.995,U,,573.5578980123693,25709.0,9.948835072878485e-07,9.948834318367105e-07,,8.69934428453844,0.0
mp-aaacrfiw,R3,hartree_only,1e-05,6,True,0,tau=1e-06;k=0;margin=0.995,U,,573.5578980123693,25709.0,9.948835072878485e-07,9.948834318367105e-07,,8.69934428453844,0.0
mp-aaacrfiw,R3,none,0.001,6,True,1,tau=1e-06;k=0;margin=0.995,U,,573.5578980123693,25709.0,9.948835072878485e-07,9.948834318367105e-07,0.0004520000000001,8.69934428453844,0.0
mp-aaacrfiw,R3,none,0.0001,6,False,5,,,,,,,,,,
mp-aaacrfiw,R3,none,1e-05,6,False,5,,,,,,,,,,
mp-aaacrfiw,R3,uniform,0.001,0,False,0,,,,,,,,,,
mp-aaacrfiw,R3,uniform,0.0001,0,False,0,,,,,,,,,,
mp-aaacrfiw,R3,uniform,1e-05,0,False,0,,,,,,,,,,
mp-aaacrfiw,R3,hap:0.0001,0.001,6,True,1,tau=1e-06;k=0;margin=0.995,hap:0.0001,,569.8342157127952,25877.0,9.987587755229102e-07,9.987586989962835e-07,0.0,8.699916936247137,0.0064922518066236
mp-aaacrfiw,R3,hap:0.0001,0.0001,6,True,1,tau=1e-06;k=0;margin=0.995,hap:0.0001,,569.8342157127952,25877.0,9.987587755229102e-07,9.987586989962835e-07,0.0,8.699916936247137,0.0064922518066236
mp-aaacrfiw,R3,hap:0.0001,1e-05,6,True,1,tau=1e-06;k=0;margin=0.995,hap:0.0001,,569.8342157127952,25877.0,9.987587755229102e-07,9.987586989962835e-07,0.0,8.699916936247137,0.0064922518066236
mp-aaacrfiw,R3,hap:0.01,0.001,0,False,0,,,,,,,,,,
mp-aaacrfiw,R3,hap:0.01,0.0001,0,False,0,,,,,,,,,,
mp-aaacrfiw,R3,hap:0.01,1e-05,0,False,0,,,,,,,,,,
mp-aaacrfiw,R3,hap:1,0.001,0,False,0,,,,,,,,,,
mp-aaacrfiw,R3,hap:1,0.0001,0,False,0,,,,,,,,,,
mp-aaacrfiw,R3,hap:1,1e-05,0,False,0,,,,,,,,,,
mp-aaacrfiw,R3,ctp-uniform,0.001,6,True,1,tau=1e-06;k=0;margin=0.995,U,unprojected,573.5355892648774,25710.0,9.948835072878485e-07,9.948834318367105e-07,0.0004520000000001,8.69934428453844,3.889537145079735e-05
mp-aaacrfiw,R3,ctp-uniform,0.0001,6,False,5,,,,,,,,,,
mp-aaacrfiw,R3,ctp-uniform,1e-05,6,False,5,,,,,,,,,,
mp-aaacrfiw,R3,ctp-hap:0.0001,0.001,12,True,1,tau=1e-06;k=0;margin=0.995,U,unprojected,573.5355892648774,25710.0,9.948835072878485e-07,9.948834318367105e-07,0.0004520000000001,8.69934428453844,3.889537145079735e-05
mp-aaacrfiw,R3,ctp-hap:0.0001,0.0001,12,True,5,tau=1e-06;k=0;margin=0.995,hap:0.0001,projected,569.8121956874566,25878.0,9.987587755229102e-07,9.987586989962835e-07,0.0,8.699916936247137,0.0065306437900919
mp-aaacrfiw,R3,ctp-hap:0.0001,1e-05,12,True,5,tau=1e-06;k=0;margin=0.995,hap:0.0001,projected,569.8121956874566,25878.0,9.987587755229102e-07,9.987586989962835e-07,0.0,8.699916936247137,0.0065306437900919
mp-aaacrfiw,R3,ctp-hap:0.01,0.001,6,True,1,tau=1e-06;k=0;margin=0.995,U,unprojected,573.5355892648774,25710.0,9.948835072878485e-07,9.948834318367105e-07,0.0004520000000001,8.69934428453844,3.889537145079735e-05
mp-aaacrfiw,R3,ctp-hap:0.01,0.0001,6,False,5,,,,,,,,,,
mp-aaacrfiw,R3,ctp-hap:0.01,1e-05,6,False,5,,,,,,,,,,
mp-aaacrfiw,R3,ctp-hap:1,0.001,6,True,1,tau=1e-06;k=0;margin=0.995,U,unprojected,573.5355892648774,25710.0,9.948835072878485e-07,9.948834318367105e-07,0.0004520000000001,8.69934428453844,3.889537145079735e-05
mp-aaacrfiw,R3,ctp-hap:1,0.0001,6,False,5,,,,,,,,,,
mp-aaacrfiw,R3,ctp-hap:1,1e-05,6,False,5,,,,,,,,,,
mp-aaacrfiw,GF,hartree_only,0.001,41,True,0,ZFP;tol_rel=0.001,U,,50.16738793173838,293928.0,8.683401335471868e-07,8.683394002104515e-07,,0.9864178825000068,0.0
mp-aaacrfiw,GF,hartree_only,0.0001,41,True,0,ZFP;tol_rel=0.001,U,,50.16738793173838,293928.0,8.683401335471868e-07,8.683394002104515e-07,,0.9864178825000068,0.0
mp-aaacrfiw,GF,hartree_only,1e-05,41,True,0,ZFP;tol_rel=0.001,U,,50.16738793173838,293928.0,8.683401335471868e-07,8.683394002104515e-07,,0.9864178825000068,0.0
mp-aaacrfiw,GF,none,0.001,41,True,1,ZFP;tol_rel=0.001,U,,50.16738793173838,293928.0,8.683401335471868e-07,8.683394002104515e-07,8.09999999997757e-05,0.9864178825000068,0.0
mp-aaacrfiw,GF,none,0.0001,41,True,1,ZFP;tol_rel=0.001,U,,50.16738793173838,293928.0,8.683401335471868e-07,8.683394002104515e-07,8.09999999997757e-05,0.9864178825000068,0.0
mp-aaacrfiw,GF,none,1e-05,41,True,3,ZFP;tol_rel=4.64159e-05,U,,26.1228192009524,564472.0,9.104824331425092e-07,9.104824288915976e-07,4.000000000559112e-06,0.0619947560937532,0.0
mp-aaacrfiw,GF,uniform,0.001,45,True,1,ZFP;tol_rel=0.001,uniform,,50.14009412148744,294088.0,6.235949183124995e-07,6.235938972473662e-07,0.0,0.9861307623724826,0.0005440548407279
mp-aaacrfiw,GF,uniform,0.0001,45,True,1,ZFP;tol_rel=0.001,uniform,,50.14009412148744,294088.0,6.235949183124995e-07,6.235938972473662e-07,0.0,0.9861307623724826,0.0005440548407279
mp-aaacrfiw,GF,uniform,1e-05,45,True,1,ZFP;tol_rel=0.001,uniform,,50.14009412148744,294088.0,6.235949183124995e-07,6.235938972473662e-07,0.0,0.9861307623724826,0.0005440548407279
mp-aaacrfiw,GF,hap:0.0001,0.001,41,True,1,ZFP;tol_rel=0.001,hap:0.0001,,50.13873021054349,294096.0,8.672697397878075e-07,8.672690057222949e-07,0.0,0.9857884256010152,0.0005712420434143
mp-aaacrfiw,GF,hap:0.0001,0.0001,41,True,1,ZFP;tol_rel=0.001,hap:0.0001,,50.13873021054349,294096.0,8.672697397878075e-07,8.672690057222949e-07,0.0,0.9857884256010152,0.0005712420434143
mp-aaacrfiw,GF,hap:0.0001,1e-05,41,True,1,ZFP;tol_rel=0.001,hap:0.0001,,50.13873021054349,294096.0,8.672697397878075e-07,8.672690057222949e-07,0.0,0.9857884256010152,0.0005712420434143
mp-aaacrfiw,GF,hap:0.01,0.001,41,True,1,ZFP;tol_rel=0.001,hap:0.01,,50.13873021054349,294096.0,8.447460261822508e-07,8.447452724481372e-07,0.0,0.9856982194516206,0.0005712420434143
mp-aaacrfiw,GF,hap:0.01,0.0001,41,True,1,ZFP;tol_rel=0.001,hap:0.01,,50.13873021054349,294096.0,8.447460261822508e-07,8.447452724481372e-07,0.0,0.9856982194516206,0.0005712420434143
mp-aaacrfiw,GF,hap:0.01,1e-05,41,True,1,ZFP;tol_rel=0.001,hap:0.01,,50.13873021054349,294096.0,8.447460261822508e-07,8.447452724481372e-07,0.0,0.9856982194516206,0.0005712420434143
mp-aaacrfiw,GF,hap:1,0.001,43,True,1,ZFP;tol_rel=0.001,hap:1,,50.13873021054349,294096.0,5.317784808181198e-07,5.317772834629178e-07,0.0,0.9859595115921422,0.0005712420434143
mp-aaacrfiw,GF,hap:1,0.0001,43,True,1,ZFP;tol_rel=0.001,hap:1,,50.13873021054349,294096.0,5.317784808181198e-07,5.317772834629178e-07,0.0,0.9859595115921422,0.0005712420434143
mp-aaacrfiw,GF,hap:1,1e-05,43,True,1,ZFP;tol_rel=0.001,hap:1,,50.13873021054349,294096.0,5.317784808181198e-07,5.317772834629178e-07,0.0,0.9859595115921422,0.0005712420434143
mp-aaacrfiw,GF,ctp-uniform,0.001,86,True,1,ZFP;tol_rel=0.001,U,unprojected,50.16721725314617,293929.0,8.683401335471868e-07,8.683394002104515e-07,8.09999999997757e-05,0.9864178825000068,3.402182159637191e-06
mp-aaacrfiw,GF,ctp-uniform,0.0001,86,True,1,ZFP;tol_rel=0.001,U,unprojected,50.16721725314617,293929.0,8.683401335471868e-07,8.683394002104515e-07,8.09999999997757e-05,0.9864178825000068,3.402182159637191e-06
mp-aaacrfiw,GF,ctp-uniform,1e-05,86,True,2,ZFP;tol_rel=0.001,uniform,projected,50.13992362856142,294089.0,6.235949183124995e-07,6.235938972473662e-07,0.0,0.9861307623724826,0.0005474533219535
mp-aaacrfiw,GF,ctp-hap:0.0001,0.001,82,True,1,ZFP;tol_rel=0.001,U,unprojected,50.16721725314617,293929.0,8.683401335471868e-07,8.683394002104515e-07,8.09999999997757e-05,0.9864178825000068,3.402182159637191e-06
mp-aaacrfiw,GF,ctp-hap:0.0001,0.0001,82,True,1,ZFP;tol_rel=0.001,U,unprojected,50.16721725314617,293929.0,8.683401335471868e-07,8.683394002104515e-07,8.09999999997757e-05,0.9864178825000068,3.402182159637191e-06
mp-aaacrfiw,GF,ctp-hap:0.0001,1e-05,82,True,2,ZFP;tol_rel=0.001,hap:0.0001,projected,50.13855972689283,294097.0,8.672697397878075e-07,8.672690057222949e-07,0.0,0.9857884256010152,0.0005746403397518
mp-aaacrfiw,GF,ctp-hap:0.01,0.001,82,True,1,ZFP;tol_rel=0.001,U,unprojected,50.16721725314617,293929.0,8.683401335471868e-07,8.683394002104515e-07,8.09999999997757e-05,0.9864178825000068,3.402182159637191e-06
mp-aaacrfiw,GF,ctp-hap:0.01,0.0001,82,True,1,ZFP;tol_rel=0.001,U,unprojected,50.16721725314617,293929.0,8.683401335471868e-07,8.683394002104515e-07,8.09999999997757e-05,0.9864178825000068,3.402182159637191e-06
mp-aaacrfiw,GF,ctp-hap:0.01,1e-05,82,True,2,ZFP;tol_rel=0.001,hap:0.01,projected,50.13855972689283,294097.0,8.447460261822508e-07,8.447452724481372e-07,0.0,0.9856982194516206,0.0005746403397518
mp-aaacrfiw,GF,ctp-hap:1,0.001,84,True,1,ZFP;tol_rel=0.001,U,unprojected,50.16721725314617,293929.0,8.683401335471868e-07,8.683394002104515e-07,8.09999999997757e-05,0.9864178825000068,3.402182159637191e-06
mp-aaacrfiw,GF,ctp-hap:1,0.0001,84,True,1,ZFP;tol_rel=0.001,U,unprojected,50.16721725314617,293929.0,8.683401335471868e-07,8.683394002104515e-07,8.09999999997757e-05,0.9864178825000068,3.402182159637191e-06
mp-aaacrfiw,GF,ctp-hap:1,1e-05,84,True,2,ZFP;tol_rel=0.001,hap:1,projected,50.13855972689283,294097.0,5.317784808181198e-07,5.317772834629178e-07,0.0,0.9859595115921422,0.0005746403397518
mp-aaaaauaa,J,hartree_only,0.001,16,True,0,alpha_rel=0.01,U,,302.10546683815744,87857.0,6.020957844895644e-07,6.020950038057104e-07,,8.295107143869245,0.0
mp-aaaaauaa,J,hartree_only,0.0001,16,True,0,alpha_rel=0.01,U,,302.10546683815744,87857.0,6.020957844895644e-07,6.020950038057104e-07,,8.295107143869245,0.0
mp-aaaaauaa,J,hartree_only,1e-05,16,True,0,alpha_rel=0.01,U,,302.10546683815744,87857.0,6.020957844895644e-07,6.020950038057104e-07,,8.295107143869245,0.0
mp-aaaaauaa,J,none,0.001,16,True,1,alpha_rel=0.01,U,,302.10546683815744,87857.0,6.020957844895644e-07,6.020950038057104e-07,0.000159,8.295107143869245,0.0
mp-aaaaauaa,J,none,0.0001,16,True,3,alpha_rel=0.00215443,U,,175.9909823293439,150815.0,1.7891605646980746e-07,1.7891342926231637e-07,6.299999999903605e-05,3.9893191803108823,0.0
mp-aaaaauaa,J,none,1e-05,16,False,5,,,,,,,,,,
mp-aaaaauaa,J,uniform,0.001,16,True,1,alpha_rel=0.01,uniform,,301.55629026210846,88017.0,9.779509169664324e-07,9.779504364288155e-07,0.0,8.294685529337585,0.0018178306463524
mp-aaaaauaa,J,uniform,0.0001,16,True,1,alpha_rel=0.01,uniform,,301.55629026210846,88017.0,9.779509169664324e-07,9.779504364288155e-07,0.0,8.294685529337585,0.0018178306463524
mp-aaaaauaa,J,uniform,1e-05,16,True,1,alpha_rel=0.01,uniform,,301.55629026210846,88017.0,9.779509169664324e-07,9.779504364288155e-07,0.0,8.294685529337585,0.0018178306463524
mp-aaaaauaa,J,hap:0.0001,0.001,16,True,1,alpha_rel=0.01,hap:0.0001,,301.5288838398182,88025.0,6.027338511902034e-07,6.027330714657131e-07,0.0,8.29540761617318,0.0019085487077534
mp-aaaaauaa,J,hap:0.0001,0.0001,16,True,1,alpha_rel=0.01,hap:0.0001,,301.5288838398182,88025.0,6.027338511902034e-07,6.027330714657131e-07,0.0,8.29540761617318,0.0019085487077534
mp-aaaaauaa,J,hap:0.0001,1e-05,16,True,1,alpha_rel=0.01,hap:0.0001,,301.5288838398182,88025.0,6.027338511902034e-07,6.027330714657131e-07,0.0,8.29540761617318,0.0019085487077534
mp-aaaaauaa,J,hap:0.01,0.001,16,True,1,alpha_rel=0.01,hap:0.01,,301.5288838398182,88025.0,6.270148689523848e-07,6.270141195227734e-07,0.0,8.29404912031896,0.0019085487077534
mp-aaaaauaa,J,hap:0.01,0.0001,16,True,1,alpha_rel=0.01,hap:0.01,,301.5288838398182,88025.0,6.270148689523848e-07,6.270141195227734e-07,0.0,8.29404912031896,0.0019085487077534
mp-aaaaauaa,J,hap:0.01,1e-05,16,True,1,alpha_rel=0.01,hap:0.01,,301.5288838398182,88025.0,6.270148689523848e-07,6.270141195227734e-07,0.0,8.29404912031896,0.0019085487077534
mp-aaaaauaa,J,hap:1,0.001,16,True,1,alpha_rel=0.01,hap:1,,301.5288838398182,88025.0,8.202283094000422e-07,8.202277364592249e-07,0.0,8.294634189631324,0.0019085487077534
mp-aaaaauaa,J,hap:1,0.0001,16,True,1,alpha_rel=0.01,hap:1,,301.5288838398182,88025.0,8.202283094000422e-07,8.202277364592249e-07,0.0,8.294634189631324,0.0019085487077534
mp-aaaaauaa,J,hap:1,1e-05,16,True,1,alpha_rel=0.01,hap:1,,301.5288838398182,88025.0,8.202283094000422e-07,8.202277364592249e-07,0.0,8.294634189631324,0.0019085487077534
mp-aaaaauaa,J,ctp-uniform,0.001,32,True,1,alpha_rel=0.01,U,unprojected,302.1020282728949,87858.0,6.020957844895644e-07,6.020950038057104e-07,0.000159,8.295107143869245,1.1382002777208678e-05
mp-aaaaauaa,J,ctp-uniform,0.0001,32,True,2,alpha_rel=0.01,uniform,projected,301.55286418687086,88018.0,9.779509169664324e-07,9.779504364288155e-07,0.0,8.294685529337585,0.0018291713058692
mp-aaaaauaa,J,ctp-uniform,1e-05,32,True,2,alpha_rel=0.01,uniform,projected,301.55286418687086,88018.0,9.779509169664324e-07,9.779504364288155e-07,0.0,8.294685529337585,0.0018291713058692
mp-aaaaauaa,J,ctp-hap:0.0001,0.001,32,True,1,alpha_rel=0.01,U,unprojected,302.1020282728949,87858.0,6.020957844895644e-07,6.020950038057104e-07,0.000159,8.295107143869245,1.1382002777208678e-05
mp-aaaaauaa,J,ctp-hap:0.0001,0.0001,32,True,2,alpha_rel=0.01,hap:0.0001,projected,301.5254583872947,88026.0,6.027338511902034e-07,6.027330714657131e-07,0.0,8.29540761617318,0.0019198873060232
mp-aaaaauaa,J,ctp-hap:0.0001,1e-05,32,True,2,alpha_rel=0.01,hap:0.0001,projected,301.5254583872947,88026.0,6.027338511902034e-07,6.027330714657131e-07,0.0,8.29540761617318,0.0019198873060232
mp-aaaaauaa,J,ctp-hap:0.01,0.001,32,True,1,alpha_rel=0.01,U,unprojected,302.1020282728949,87858.0,6.020957844895644e-07,6.020950038057104e-07,0.000159,8.295107143869245,1.1382002777208678e-05
mp-aaaaauaa,J,ctp-hap:0.01,0.0001,32,True,2,alpha_rel=0.01,hap:0.01,projected,301.5254583872947,88026.0,6.270148689523848e-07,6.270141195227734e-07,0.0,8.29404912031896,0.0019198873060232
mp-aaaaauaa,J,ctp-hap:0.01,1e-05,32,True,2,alpha_rel=0.01,hap:0.01,projected,301.5254583872947,88026.0,6.270148689523848e-07,6.270141195227734e-07,0.0,8.29404912031896,0.0019198873060232
mp-aaaaauaa,J,ctp-hap:1,0.001,32,True,1,alpha_rel=0.01,U,unprojected,302.1020282728949,87858.0,6.020957844895644e-07,6.020950038057104e-07,0.000159,8.295107143869245,1.1382002777208678e-05
mp-aaaaauaa,J,ctp-hap:1,0.0001,32,True,2,alpha_rel=0.01,hap:1,projected,301.5254583872947,88026.0,8.202283094000422e-07,8.202277364592249e-07,0.0,8.294634189631324,0.0019198873060232
mp-aaaaauaa,J,ctp-hap:1,1e-05,32,True,2,alpha_rel=0.01,hap:1,projected,301.5254583872947,88026.0,8.202283094000422e-07,8.202277364592249e-07,0.0,8.294634189631324,0.0019198873060232
mp-aaaaauaa,T1,hartree_only,0.001,32,True,0,q_cut=0.3;alpha_rel=2.15443e-05,U,,123.92417592679055,214180.0,3.8952298171886683e-07,3.8952177499448125e-07,,10.257221197913168,0.0
mp-aaaaauaa,T1,hartree_only,0.0001,32,True,0,q_cut=0.3;alpha_rel=2.15443e-05,U,,123.92417592679055,214180.0,3.8952298171886683e-07,3.8952177499448125e-07,,10.257221197913168,0.0
mp-aaaaauaa,T1,hartree_only,1e-05,32,True,0,q_cut=0.3;alpha_rel=2.15443e-05,U,,123.92417592679055,214180.0,3.8952298171886683e-07,3.8952177499448125e-07,,10.257221197913168,0.0
mp-aaaaauaa,T1,none,0.001,32,True,1,q_cut=0.3;alpha_rel=2.15443e-05,U,,123.92417592679055,214180.0,3.8952298171886683e-07,3.8952177499448125e-07,9.499999999995624e-05,10.257221197913168,0.0
mp-aaaaauaa,T1,none,0.0001,32,True,1,q_cut=0.3;alpha_rel=2.15443e-05,U,,123.92417592679055,214180.0,3.8952298171886683e-07,3.8952177499448125e-07,9.499999999995624e-05,10.257221197913168,0.0
mp-aaaaauaa,T1,none,1e-05,32,False,5,,,,,,,,,,
mp-aaaaauaa,T1,uniform,0.001,36,True,1,q_cut=0.3;alpha_rel=4.64159e-05,uniform,,155.06993374697657,171162.0,4.795051517536846e-07,4.795041715921377e-07,0.0,10.086962227331242,0.0009347869270048
mp-aaaaauaa,T1,uniform,0.0001,36,True,1,q_cut=0.3;alpha_rel=4.64159e-05,uniform,,155.06993374697657,171162.0,4.795051517536846e-07,4.795041715921377e-07,0.0,10.086962227331242,0.0009347869270048
mp-aaaaauaa,T1,uniform,1e-05,36,True,1,q_cut=0.3;alpha_rel=4.64159e-05,uniform,,155.06993374697657,171162.0,4.795051517536846e-07,4.795041715921377e-07,0.0,10.086962227331242,0.0009347869270048
mp-aaaaauaa,T1,hap:0.0001,0.001,32,True,1,q_cut=0.3;alpha_rel=2.15443e-05,hap:0.0001,,123.82704760482952,214348.0,3.894782711314512e-07,3.894770649685294e-07,0.0,10.257190908814664,0.0007837721835519
mp-aaaaauaa,T1,hap:0.0001,0.0001,32,True,1,q_cut=0.3;alpha_rel=2.15443e-05,hap:0.0001,,123.82704760482952,214348.0,3.894782711314512e-07,3.894770649685294e-07,0.0,10.257190908814664,0.0007837721835519
mp-aaaaauaa,T1,hap:0.0001,1e-05,32,True,1,q_cut=0.3;alpha_rel=2.15443e-05,hap:0.0001,,123.82704760482952,214348.0,3.894782711314512e-07,3.894770649685294e-07,0.0,10.257190908814664,0.0007837721835519
mp-aaaaauaa,T1,hap:0.01,0.001,32,True,1,q_cut=0.3;alpha_rel=2.15443e-05,hap:0.01,,123.82704760482952,214348.0,3.902768355476857e-07,3.9027563142383353e-07,0.0,10.25709823392026,0.0007837721835519
mp-aaaaauaa,T1,hap:0.01,0.0001,32,True,1,q_cut=0.3;alpha_rel=2.15443e-05,hap:0.01,,123.82704760482952,214348.0,3.902768355476857e-07,3.9027563142383353e-07,0.0,10.25709823392026,0.0007837721835519
mp-aaaaauaa,T1,hap:0.01,1e-05,32,True,1,q_cut=0.3;alpha_rel=2.15443e-05,hap:0.01,,123.82704760482952,214348.0,3.902768355476857e-07,3.9027563142383353e-07,0.0,10.25709823392026,0.0007837721835519
mp-aaaaauaa,T1,hap:1,0.001,32,True,1,q_cut=0.3;alpha_rel=2.15443e-05,hap:1,,123.82704760482952,214348.0,3.707323636612616e-07,3.707310959773977e-07,0.0,10.255565088511505,0.0007837721835519
mp-aaaaauaa,T1,hap:1,0.0001,32,True,1,q_cut=0.3;alpha_rel=2.15443e-05,hap:1,,123.82704760482952,214348.0,3.707323636612616e-07,3.707310959773977e-07,0.0,10.255565088511505,0.0007837721835519
mp-aaaaauaa,T1,hap:1,1e-05,32,True,1,q_cut=0.3;alpha_rel=2.15443e-05,hap:1,,123.82704760482952,214348.0,3.707323636612616e-07,3.707310959773977e-07,0.0,10.255565088511505,0.0007837721835519
mp-aaaaauaa,T1,ctp-uniform,0.001,68,True,2,q_cut=0.3;alpha_rel=2.15443e-05,U,unprojected,123.9235973312292,214181.0,3.8952298171886683e-07,3.8952177499448125e-07,9.499999999995624e-05,10.257221197913168,4.668948226033121e-06
mp-aaaaauaa,T1,ctp-uniform,0.0001,68,True,1,q_cut=0.3;alpha_rel=4.64159e-05,uniform,projected,155.06902776885192,171163.0,4.795051517536846e-07,4.795041715921377e-07,0.0,10.086962227331242,0.0009406238497806
mp-aaaaauaa,T1,ctp-uniform,1e-05,68,True,1,q_cut=0.3;alpha_rel=4.64159e-05,uniform,projected,155.06902776885192,171163.0,4.795051517536846e-07,4.795041715921377e-07,0.0,10.086962227331242,0.0009406238497806
mp-aaaaauaa,T1,ctp-hap:0.0001,0.001,64,True,1,q_cut=0.3;alpha_rel=2.15443e-05,U,unprojected,123.9235973312292,214181.0,3.8952298171886683e-07,3.8952177499448125e-07,9.499999999995624e-05,10.257221197913168,4.668948226033121e-06
mp-aaaaauaa,T1,ctp-hap:0.0001,0.0001,64,True,1,q_cut=0.3;alpha_rel=2.15443e-05,U,unprojected,123.9235973312292,214181.0,3.8952298171886683e-07,3.8952177499448125e-07,9.499999999995624e-05,10.257221197913168,4.668948226033121e-06
mp-aaaaauaa,T1,ctp-hap:0.0001,1e-05,64,True,2,q_cut=0.3;alpha_rel=2.15443e-05,hap:0.0001,projected,123.82646991588484,214349.0,3.894782711314512e-07,3.894770649685294e-07,0.0,10.257190908814664,0.0007884338158797
mp-aaaaauaa,T1,ctp-hap:0.01,0.001,64,True,1,q_cut=0.3;alpha_rel=2.15443e-05,U,unprojected,123.9235973312292,214181.0,3.8952298171886683e-07,3.8952177499448125e-07,9.499999999995624e-05,10.257221197913168,4.668948226033121e-06
mp-aaaaauaa,T1,ctp-hap:0.01,0.0001,64,True,1,q_cut=0.3;alpha_rel=2.15443e-05,U,unprojected,123.9235973312292,214181.0,3.8952298171886683e-07,3.8952177499448125e-07,9.499999999995624e-05,10.257221197913168,4.668948226033121e-06
mp-aaaaauaa,T1,ctp-hap:0.01,1e-05,64,True,2,q_cut=0.3;alpha_rel=2.15443e-05,hap:0.01,projected,123.82646991588484,214349.0,3.902768355476857e-07,3.9027563142383353e-07,0.0,10.25709823392026,0.0007884338158797
mp-aaaaauaa,T1,ctp-hap:1,0.001,64,True,1,q_cut=0.3;alpha_rel=2.15443e-05,U,unprojected,123.9235973312292,214181.0,3.8952298171886683e-07,3.8952177499448125e-07,9.499999999995624e-05,10.257221197913168,4.668948226033121e-06
mp-aaaaauaa,T1,ctp-hap:1,0.0001,64,True,1,q_cut=0.3;alpha_rel=2.15443e-05,U,unprojected,123.9235973312292,214181.0,3.8952298171886683e-07,3.8952177499448125e-07,9.499999999995624e-05,10.257221197913168,4.668948226033121e-06
mp-aaaaauaa,T1,ctp-hap:1,1e-05,64,True,2,q_cut=0.3;alpha_rel=2.15443e-05,hap:1,projected,123.82646991588484,214349.0,3.707323636612616e-07,3.707310959773977e-07,0.0,10.255565088511505,0.0007884338158797
mp-aaaaauaa,GP,hartree_only,0.001,0,False,0,,,,,,,,,,
mp-aaaaauaa,GP,hartree_only,0.0001,0,False,0,,,,,,,,,,
mp-aaaaauaa,GP,hartree_only,1e-05,0,False,0,,,,,,,,,,
mp-aaaaauaa,GP,none,0.001,0,False,0,,,,,,,,,,
mp-aaaaauaa,GP,none,0.0001,0,False,0,,,,,,,,,,
mp-aaaaauaa,GP,none,1e-05,0,False,0,,,,,,,,,,
mp-aaaaauaa,GP,uniform,0.001,0,False,0,,,,,,,,,,
mp-aaaaauaa,GP,uniform,0.0001,0,False,0,,,,,,,,,,
mp-aaaaauaa,GP,uniform,1e-05,0,False,0,,,,,,,,,,
mp-aaaaauaa,GP,hap:0.0001,0.001,0,False,0,,,,,,,,,,
mp-aaaaauaa,GP,hap:0.0001,0.0001,0,False,0,,,,,,,,,,
mp-aaaaauaa,GP,hap:0.0001,1e-05,0,False,0,,,,,,,,,,
mp-aaaaauaa,GP,hap:0.01,0.001,0,False,0,,,,,,,,,,
mp-aaaaauaa,GP,hap:0.01,0.0001,0,False,0,,,,,,,,,,
mp-aaaaauaa,GP,hap:0.01,1e-05,0,False,0,,,,,,,,,,
mp-aaaaauaa,GP,hap:1,0.001,0,False,0,,,,,,,,,,
mp-aaaaauaa,GP,hap:1,0.0001,0,False,0,,,,,,,,,,
mp-aaaaauaa,GP,hap:1,1e-05,0,False,0,,,,,,,,,,
mp-aaaaauaa,GP,ctp-uniform,0.001,0,False,0,,,,,,,,,,
mp-aaaaauaa,GP,ctp-uniform,0.0001,0,False,0,,,,,,,,,,
mp-aaaaauaa,GP,ctp-uniform,1e-05,0,False,0,,,,,,,,,,
mp-aaaaauaa,GP,ctp-hap:0.0001,0.001,0,False,0,,,,,,,,,,
mp-aaaaauaa,GP,ctp-hap:0.0001,0.0001,0,False,0,,,,,,,,,,
mp-aaaaauaa,GP,ctp-hap:0.0001,1e-05,0,False,0,,,,,,,,,,
mp-aaaaauaa,GP,ctp-hap:0.01,0.001,0,False,0,,,,,,,,,,
mp-aaaaauaa,GP,ctp-hap:0.01,0.0001,0,False,0,,,,,,,,,,
mp-aaaaauaa,GP,ctp-hap:0.01,1e-05,0,False,0,,,,,,,,,,
mp-aaaaauaa,GP,ctp-hap:1,0.001,0,False,0,,,,,,,,,,
mp-aaaaauaa,GP,ctp-hap:1,0.0001,0,False,0,,,,,,,,,,
mp-aaaaauaa,GP,ctp-hap:1,1e-05,0,False,0,,,,,,,,,,
mp-aaaaauaa,R3,hartree_only,0.001,6,True,0,tau=1e-06;k=0;margin=0.995,U,,443.1435011269722,59895.0,9.94803035712372e-07,9.948025632105324e-07,,23.17095729845096,0.0
mp-aaaaauaa,R3,hartree_only,0.0001,6,True,0,tau=1e-06;k=0;margin=0.995,U,,443.1435011269722,59895.0,9.94803035712372e-07,9.948025632105324e-07,,23.17095729845096,0.0
mp-aaaaauaa,R3,hartree_only,1e-05,6,True,0,tau=1e-06;k=0;margin=0.995,U,,443.1435011269722,59895.0,9.94803035712372e-07,9.948025632105324e-07,,23.17095729845096,0.0
mp-aaaaauaa,R3,none,0.001,6,True,1,tau=1e-06;k=0;margin=0.995,U,,443.1435011269722,59895.0,9.94803035712372e-07,9.948025632105324e-07,0.0004699999999999,23.17095729845096,0.0
mp-aaaaauaa,R3,none,0.0001,6,False,5,,,,,,,,,,
mp-aaaaauaa,R3,none,1e-05,6,False,5,,,,,,,,,,
mp-aaaaauaa,R3,uniform,0.001,0,False,0,,,,,,,,,,
mp-aaaaauaa,R3,uniform,0.0001,0,False,0,,,,,,,,,,
mp-aaaaauaa,R3,uniform,1e-05,0,False,0,,,,,,,,,,
mp-aaaaauaa,R3,hap:0.0001,0.001,6,True,1,tau=1e-06;k=0;margin=0.995,hap:0.0001,,441.9040007991609,60063.0,9.960184484053424e-07,9.96017974593148e-07,0.0,23.17076531510611,0.002797063083762
mp-aaaaauaa,R3,hap:0.0001,0.0001,6,True,1,tau=1e-06;k=0;margin=0.995,hap:0.0001,,441.9040007991609,60063.0,9.960184484053424e-07,9.96017974593148e-07,0.0,23.17076531510611,0.002797063083762
mp-aaaaauaa,R3,hap:0.0001,1e-05,6,True,1,tau=1e-06;k=0;margin=0.995,hap:0.0001,,441.9040007991609,60063.0,9.960184484053424e-07,9.96017974593148e-07,0.0,23.17076531510611,0.002797063083762
mp-aaaaauaa,R3,hap:0.01,0.001,2,True,1,tau=1e-06;k=4;margin=0.975248753,hap:0.01,,437.75696002111096,60632.0,9.996836572058994e-07,9.99683186915472e-07,0.0,23.719343377390032,0.0027708140915688
mp-aaaaauaa,R3,hap:0.01,0.0001,2,True,1,tau=1e-06;k=4;margin=0.975248753,hap:0.01,,437.75696002111096,60632.0,9.996836572058994e-07,9.99683186915472e-07,0.0,23.719343377390032,0.0027708140915688
mp-aaaaauaa,R3,hap:0.01,1e-05,2,True,1,tau=1e-06;k=4;margin=0.975248753,hap:0.01,,437.75696002111096,60632.0,9.996836572058994e-07,9.99683186915472e-07,0.0,23.719343377390032,0.0027708140915688
mp-aaaaauaa,R3,hap:1,0.001,0,False,0,,,,,,,,,,
mp-aaaaauaa,R3,hap:1,0.0001,0,False,0,,,,,,,,,,
mp-aaaaauaa,R3,hap:1,1e-05,0,False,0,,,,,,,,,,
mp-aaaaauaa,R3,ctp-uniform,0.001,6,True,1,tau=1e-06;k=0;margin=0.995,U,unprojected,443.1361025778015,59896.0,9.94803035712372e-07,9.948025632105324e-07,0.0004699999999999,23.17095729845096,1.6695605716575396e-05
mp-aaaaauaa,R3,ctp-uniform,0.0001,6,False,5,,,,,,,,,,
mp-aaaaauaa,R3,ctp-uniform,1e-05,6,False,5,,,,,,,,,,
mp-aaaaauaa,R3,ctp-hap:0.0001,0.001,12,True,1,tau=1e-06;k=0;margin=0.995,U,unprojected,443.1361025778015,59896.0,9.94803035712372e-07,9.948025632105324e-07,0.0004699999999999,23.17095729845096,1.6695605716575396e-05
mp-aaaaauaa,R3,ctp-hap:0.0001,0.0001,12,True,3,tau=1e-06;k=0;margin=0.995,hap:0.0001,projected,441.8966435801812,60064.0,9.960184484053424e-07,9.96017974593148e-07,0.0,23.17076531510611,0.0028136654235482
mp-aaaaauaa,R3,ctp-hap:0.0001,1e-05,12,True,3,tau=1e-06;k=0;margin=0.995,hap:0.0001,projected,441.8966435801812,60064.0,9.960184484053424e-07,9.96017974593148e-07,0.0,23.17076531510611,0.0028136654235482
mp-aaaaauaa,R3,ctp-hap:0.01,0.001,8,True,1,tau=1e-06;k=0;margin=0.995,U,unprojected,443.1361025778015,59896.0,9.94803035712372e-07,9.948025632105324e-07,0.0004699999999999,23.17095729845096,1.6695605716575396e-05
mp-aaaaauaa,R3,ctp-hap:0.01,0.0001,8,False,5,,,,,,,,,,
mp-aaaaauaa,R3,ctp-hap:0.01,1e-05,8,False,5,,,,,,,,,,
mp-aaaaauaa,R3,ctp-hap:1,0.001,6,True,1,tau=1e-06;k=0;margin=0.995,U,unprojected,443.1361025778015,59896.0,9.94803035712372e-07,9.948025632105324e-07,0.0004699999999999,23.17095729845096,1.6695605716575396e-05
mp-aaaaauaa,R3,ctp-hap:1,0.0001,6,False,5,,,,,,,,,,
mp-aaaaauaa,R3,ctp-hap:1,1e-05,6,False,5,,,,,,,,,,
mp-aaaaauaa,GF,hartree_only,0.001,40,True,0,ZFP;tol_rel=0.000215443,U,,46.261189659499706,573744.0,5.766684121313953e-07,5.766682641105614e-07,,0.4838999800000465,0.0
mp-aaaaauaa,GF,hartree_only,0.0001,40,True,0,ZFP;tol_rel=0.000215443,U,,46.261189659499706,573744.0,5.766684121313953e-07,5.766682641105614e-07,,0.4838999800000465,0.0
mp-aaaaauaa,GF,hartree_only,1e-05,40,True,0,ZFP;tol_rel=0.000215443,U,,46.261189659499706,573744.0,5.766684121313953e-07,5.766682641105614e-07,,0.4838999800000465,0.0
mp-aaaaauaa,GF,none,0.001,40,True,1,ZFP;tol_rel=0.000215443,U,,46.261189659499706,573744.0,5.766684121313953e-07,5.766682641105614e-07,2.899999999961267e-05,0.4838999800000465,0.0
mp-aaaaauaa,GF,none,0.0001,40,True,1,ZFP;tol_rel=0.000215443,U,,46.261189659499706,573744.0,5.766684121313953e-07,5.766682641105614e-07,2.899999999961267e-05,0.4838999800000465,0.0
mp-aaaaauaa,GF,none,1e-05,40,True,2,ZFP;tol_rel=4.64159e-05,U,,33.75549405827771,786304.0,2.413550647871681e-07,2.413550363235466e-07,5.999999999950489e-06,0.1235637690625139,0.0
mp-aaaaauaa,GF,uniform,0.001,42,True,1,ZFP;tol_rel=0.000215443,uniform,,46.24829239733474,573904.0,4.5070779532233604e-07,4.507076059298503e-07,0.0,0.4839413550155313,0.0002787922718782
mp-aaaaauaa,GF,uniform,0.0001,42,True,1,ZFP;tol_rel=0.000215443,uniform,,46.24829239733474,573904.0,4.5070779532233604e-07,4.507076059298503e-07,0.0,0.4839413550155313,0.0002787922718782
mp-aaaaauaa,GF,uniform,1e-05,42,True,1,ZFP;tol_rel=0.000215443,uniform,,46.24829239733474,573904.0,4.5070779532233604e-07,4.507076059298503e-07,0.0,0.4839413550155313,0.0002787922718782
mp-aaaaauaa,GF,hap:0.0001,0.001,40,True,1,ZFP;tol_rel=0.000215443,hap:0.0001,,46.24764772299586,573912.0,5.763348576129262e-07,5.763347094161659e-07,0.0,0.484253757578017,0.0002927278049596
mp-aaaaauaa,GF,hap:0.0001,0.0001,40,True,1,ZFP;tol_rel=0.000215443,hap:0.0001,,46.24764772299586,573912.0,5.763348576129262e-07,5.763347094161659e-07,0.0,0.484253757578017,0.0002927278049596
mp-aaaaauaa,GF,hap:0.0001,1e-05,40,True,1,ZFP;tol_rel=0.000215443,hap:0.0001,,46.24764772299586,573912.0,5.763348576129262e-07,5.763347094161659e-07,0.0,0.484253757578017,0.0002927278049596
mp-aaaaauaa,GF,hap:0.01,0.001,40,True,1,ZFP;tol_rel=0.000215443,hap:0.01,,46.24764772299586,573912.0,5.673709031954316e-07,5.673707527320726e-07,0.0,0.484401479501912,0.0002927278049596
mp-aaaaauaa,GF,hap:0.01,0.0001,40,True,1,ZFP;tol_rel=0.000215443,hap:0.01,,46.24764772299586,573912.0,5.673709031954316e-07,5.673707527320726e-07,0.0,0.484401479501912,0.0002927278049596
mp-aaaaauaa,GF,hap:0.01,1e-05,40,True,1,ZFP;tol_rel=0.000215443,hap:0.01,,46.24764772299586,573912.0,5.673709031954316e-07,5.673707527320726e-07,0.0,0.484401479501912,0.0002927278049596
mp-aaaaauaa,GF,hap:1,0.001,41,True,1,ZFP;tol_rel=0.000215443,hap:1,,46.24764772299586,573912.0,3.508429305191667e-07,3.50842687215496e-07,0.0,0.4840158099582368,0.0002927278049596
mp-aaaaauaa,GF,hap:1,0.0001,41,True,1,ZFP;tol_rel=0.000215443,hap:1,,46.24764772299586,573912.0,3.508429305191667e-07,3.50842687215496e-07,0.0,0.4840158099582368,0.0002927278049596
mp-aaaaauaa,GF,hap:1,1e-05,41,True,1,ZFP;tol_rel=0.000215443,hap:1,,46.24764772299586,573912.0,3.508429305191667e-07,3.50842687215496e-07,0.0,0.4840158099582368,0.0002927278049596
mp-aaaaauaa,GF,ctp-uniform,0.001,82,True,1,ZFP;tol_rel=0.000215443,U,unprojected,46.26110902927259,573745.0,5.766684121313953e-07,5.766682641105614e-07,2.899999999961267e-05,0.4838999800000465,1.742934578950579e-06
mp-aaaaauaa,GF,ctp-uniform,0.0001,82,True,1,ZFP;tol_rel=0.000215443,U,unprojected,46.26110902927259,573745.0,5.766684121313953e-07,5.766682641105614e-07,2.899999999961267e-05,0.4838999800000465,1.742934578950579e-06
mp-aaaaauaa,GF,ctp-uniform,1e-05,82,True,2,ZFP;tol_rel=0.000215443,uniform,projected,46.24821181205949,573905.0,4.5070779532233604e-07,4.507076059298503e-07,0.0,0.4839413550155313,0.0002805342347601
mp-aaaaauaa,GF,ctp-hap:0.0001,0.001,80,True,1,ZFP;tol_rel=0.000215443,U,unprojected,46.26110902927259,573745.0,5.766684121313953e-07,5.766682641105614e-07,2.899999999961267e-05,0.4838999800000465,1.742934578950579e-06
mp-aaaaauaa,GF,ctp-hap:0.0001,0.0001,80,True,1,ZFP;tol_rel=0.000215443,U,unprojected,46.26110902927259,573745.0,5.766684121313953e-07,5.766682641105614e-07,2.899999999961267e-05,0.4838999800000465,1.742934578950579e-06
mp-aaaaauaa,GF,ctp-hap:0.0001,1e-05,80,True,2,ZFP;tol_rel=0.000215443,hap:0.0001,projected,46.24756713996721,573913.0,5.763348576129262e-07,5.763347094161659e-07,0.0,0.484253757578017,0.000294469719278
mp-aaaaauaa,GF,ctp-hap:0.01,0.001,80,True,1,ZFP;tol_rel=0.000215443,U,unprojected,46.26110902927259,573745.0,5.766684121313953e-07,5.766682641105614e-07,2.899999999961267e-05,0.4838999800000465,1.742934578950579e-06
mp-aaaaauaa,GF,ctp-hap:0.01,0.0001,80,True,1,ZFP;tol_rel=0.000215443,U,unprojected,46.26110902927259,573745.0,5.766684121313953e-07,5.766682641105614e-07,2.899999999961267e-05,0.4838999800000465,1.742934578950579e-06
mp-aaaaauaa,GF,ctp-hap:0.01,1e-05,80,True,2,ZFP;tol_rel=0.000215443,hap:0.01,projected,46.24756713996721,573913.0,5.673709031954316e-07,5.673707527320726e-07,0.0,0.484401479501912,0.000294469719278
mp-aaaaauaa,GF,ctp-hap:1,0.001,81,True,1,ZFP;tol_rel=0.000215443,U,unprojected,46.26110902927259,573745.0,5.766684121313953e-07,5.766682641105614e-07,2.899999999961267e-05,0.4838999800000465,1.742934578950579e-06
mp-aaaaauaa,GF,ctp-hap:1,0.0001,81,True,1,ZFP;tol_rel=0.000215443,U,unprojected,46.26110902927259,573745.0,5.766684121313953e-07,5.766682641105614e-07,2.899999999961267e-05,0.4838999800000465,1.742934578950579e-06
mp-aaaaauaa,GF,ctp-hap:1,1e-05,81,True,2,ZFP;tol_rel=0.000215443,hap:1,projected,46.24756713996721,573913.0,3.508429305191667e-07,3.50842687215496e-07,0.0,0.4840158099582368,0.000294469719278
mp-aaabxapz,J,hartree_only,0.001,19,True,0,alpha_rel=0.1,U,,1175.29939224868,20074.0,8.144292825334084e-07,8.144292085865613e-07,,15.183790423410612,0.0
mp-aaabxapz,J,hartree_only,0.0001,19,True,0,alpha_rel=0.1,U,,1175.29939224868,20074.0,8.144292825334084e-07,8.144292085865613e-07,,15.183790423410612,0.0
mp-aaabxapz,J,hartree_only,1e-05,19,True,0,alpha_rel=0.1,U,,1175.29939224868,20074.0,8.144292825334084e-07,8.144292085865613e-07,,15.183790423410612,0.0
mp-aaabxapz,J,none,0.001,19,True,1,alpha_rel=0.1,U,,1175.29939224868,20074.0,8.144292825334084e-07,8.144292085865613e-07,0.0003449999999993,15.183790423410612,0.0
mp-aaabxapz,J,none,0.0001,19,True,4,alpha_rel=0.01,U,,669.1519655113733,35258.0,1.252501111302315e-07,1.252496302956038e-07,8.200000000080365e-05,7.065729817355158,0.0
mp-aaabxapz,J,none,1e-05,19,False,5,,,,,,,,,,
mp-aaabxapz,J,uniform,0.001,17,True,1,alpha_rel=0.0215443,uniform,,800.0325534079349,29490.0,4.62494959071706e-07,4.624948289923788e-07,0.0,9.899918312682985,0.0075957951848084
mp-aaabxapz,J,uniform,0.0001,17,True,1,alpha_rel=0.0215443,uniform,,800.0325534079349,29490.0,4.62494959071706e-07,4.624948289923788e-07,0.0,9.899918312682985,0.0075957951848084
mp-aaabxapz,J,uniform,1e-05,17,True,1,alpha_rel=0.0215443,uniform,,800.0325534079349,29490.0,4.62494959071706e-07,4.624948289923788e-07,0.0,9.899918312682985,0.0075957951848084
mp-aaabxapz,J,hap:0.0001,0.001,19,True,1,alpha_rel=0.1,hap:0.0001,,1161.8713680685512,20306.0,8.193815367018458e-07,8.193814624643846e-07,0.0,15.189644324897658,0.011425194523786
mp-aaabxapz,J,hap:0.0001,0.0001,19,True,1,alpha_rel=0.1,hap:0.0001,,1161.8713680685512,20306.0,8.193815367018458e-07,8.193814624643846e-07,0.0,15.189644324897658,0.011425194523786
mp-aaabxapz,J,hap:0.0001,1e-05,19,True,1,alpha_rel=0.1,hap:0.0001,,1161.8713680685512,20306.0,8.193815367018458e-07,8.193814624643846e-07,0.0,15.189644324897658,0.011425194523786
mp-aaabxapz,J,hap:0.01,0.001,19,True,1,alpha_rel=0.1,hap:0.01,,1161.8713680685512,20306.0,9.239294163553474e-07,9.239293512735352e-07,0.0,15.183331308059191,0.011425194523786
mp-aaabxapz,J,hap:0.01,0.0001,19,True,1,alpha_rel=0.1,hap:0.01,,1161.8713680685512,20306.0,9.239294163553474e-07,9.239293512735352e-07,0.0,15.183331308059191,0.011425194523786
mp-aaabxapz,J,hap:0.01,1e-05,19,True,1,alpha_rel=0.1,hap:0.01,,1161.8713680685512,20306.0,9.239294163553474e-07,9.239293512735352e-07,0.0,15.183331308059191,0.011425194523786
mp-aaabxapz,J,hap:1,0.001,17,True,1,alpha_rel=0.0215443,hap:1,,799.8155807173367,29498.0,4.31801735959757e-07,4.318015966338108e-07,0.0,9.89992207995283,0.0078649399959319
mp-aaabxapz,J,hap:1,0.0001,17,True,1,alpha_rel=0.0215443,hap:1,,799.8155807173367,29498.0,4.31801735959757e-07,4.318015966338108e-07,0.0,9.89992207995283,0.0078649399959319
mp-aaabxapz,J,hap:1,1e-05,17,True,1,alpha_rel=0.0215443,hap:1,,799.8155807173367,29498.0,4.31801735959757e-07,4.318015966338108e-07,0.0,9.89992207995283,0.0078649399959319
mp-aaabxapz,J,ctp-uniform,0.001,36,True,1,alpha_rel=0.1,U,unprojected,1175.2408468244084,20075.0,8.144292825334084e-07,8.144292085865613e-07,0.0003449999999993,15.183790423410612,4.9813200498132005e-05
mp-aaabxapz,J,ctp-uniform,0.0001,36,True,4,alpha_rel=0.0215443,uniform,projected,800.0054253840154,29491.0,4.62494959071706e-07,4.624948289923788e-07,0.0,9.899918312682985,0.0076294462717439
mp-aaabxapz,J,ctp-uniform,1e-05,36,True,4,alpha_rel=0.0215443,uniform,projected,800.0054253840154,29491.0,4.62494959071706e-07,4.624948289923788e-07,0.0,9.899918312682985,0.0076294462717439
mp-aaabxapz,J,ctp-hap:0.0001,0.001,38,True,1,alpha_rel=0.1,U,unprojected,1175.2408468244084,20075.0,8.144292825334084e-07,8.144292085865613e-07,0.0003449999999993,15.183790423410612,4.9813200498132005e-05
mp-aaabxapz,J,ctp-hap:0.0001,0.0001,38,True,2,alpha_rel=0.1,hap:0.0001,projected,1161.8141527552075,20307.0,8.193815367018458e-07,8.193814624643846e-07,0.0,15.189644324897658,0.0114738760033485
mp-aaabxapz,J,ctp-hap:0.0001,1e-05,38,True,2,alpha_rel=0.1,hap:0.0001,projected,1161.8141527552075,20307.0,8.193815367018458e-07,8.193814624643846e-07,0.0,15.189644324897658,0.0114738760033485
mp-aaabxapz,J,ctp-hap:0.01,0.001,38,True,1,alpha_rel=0.1,U,unprojected,1175.2408468244084,20075.0,8.144292825334084e-07,8.144292085865613e-07,0.0003449999999993,15.183790423410612,4.9813200498132005e-05
mp-aaabxapz,J,ctp-hap:0.01,0.0001,38,True,2,alpha_rel=0.1,hap:0.01,projected,1161.8141527552075,20307.0,9.239294163553474e-07,9.239293512735352e-07,0.0,15.183331308059191,0.0114738760033485
mp-aaabxapz,J,ctp-hap:0.01,1e-05,38,True,2,alpha_rel=0.1,hap:0.01,projected,1161.8141527552075,20307.0,9.239294163553474e-07,9.239293512735352e-07,0.0,15.183331308059191,0.0114738760033485
mp-aaabxapz,J,ctp-hap:1,0.001,36,True,1,alpha_rel=0.1,U,unprojected,1175.2408468244084,20075.0,8.144292825334084e-07,8.144292085865613e-07,0.0003449999999993,15.183790423410612,4.9813200498132005e-05
mp-aaabxapz,J,ctp-hap:1,0.0001,36,True,4,alpha_rel=0.0215443,hap:1,projected,799.7884674056747,29499.0,4.31801735959757e-07,4.318015966338108e-07,0.0,9.89992207995283,0.0078985728329773
mp-aaabxapz,J,ctp-hap:1,1e-05,36,True,4,alpha_rel=0.0215443,hap:1,projected,799.7884674056747,29499.0,4.31801735959757e-07,4.318015966338108e-07,0.0,9.89992207995283,0.0078985728329773
mp-aaabxapz,T1,hartree_only,0.001,45,True,0,q_cut=0.2;alpha_rel=4.64159e-05,U,,700.8365019011407,33664.0,4.004512518007378e-07,4.0045110140918323e-07,,3.661938252336199,0.0
mp-aaabxapz,T1,hartree_only,0.0001,45,True,0,q_cut=0.2;alpha_rel=4.64159e-05,U,,700.8365019011407,33664.0,4.004512518007378e-07,4.0045110140918323e-07,,3.661938252336199,0.0
mp-aaabxapz,T1,hartree_only,1e-05,45,True,0,q_cut=0.2;alpha_rel=4.64159e-05,U,,700.8365019011407,33664.0,4.004512518007378e-07,4.0045110140918323e-07,,3.661938252336199,0.0
mp-aaabxapz,T1,none,0.001,45,True,1,q_cut=0.2;alpha_rel=4.64159e-05,U,,700.8365019011407,33664.0,4.004512518007378e-07,4.0045110140918323e-07,0.0004240000000006,3.661938252336199,0.0
mp-aaabxapz,T1,none,0.0001,45,False,5,,,,,,,,,,
mp-aaabxapz,T1,none,1e-05,45,False,5,,,,,,,,,,
mp-aaabxapz,T1,uniform,0.001,48,True,1,q_cut=0.3;alpha_rel=0.000464159,uniform,,841.7639503353789,28028.0,8.720220406963942e-07,8.720219716649452e-07,0.0,6.68963490310399,0.0079920079920079
mp-aaabxapz,T1,uniform,0.0001,48,True,1,q_cut=0.3;alpha_rel=0.000464159,uniform,,841.7639503353789,28028.0,8.720220406963942e-07,8.720219716649452e-07,0.0,6.68963490310399,0.0079920079920079
mp-aaabxapz,T1,uniform,1e-05,48,True,1,q_cut=0.3;alpha_rel=0.000464159,uniform,,841.7639503353789,28028.0,8.720220406963942e-07,8.720219716649452e-07,0.0,6.68963490310399,0.0079920079920079
mp-aaabxapz,T1,hap:0.0001,0.001,45,True,1,q_cut=0.2;alpha_rel=4.64159e-05,hap:0.0001,,696.0396506962473,33896.0,4.342014559655035e-07,4.342013128264906e-07,0.0,3.649387180535996,0.0068444654236488
mp-aaabxapz,T1,hap:0.0001,0.0001,45,True,1,q_cut=0.2;alpha_rel=4.64159e-05,hap:0.0001,,696.0396506962473,33896.0,4.342014559655035e-07,4.342013128264906e-07,0.0,3.649387180535996,0.0068444654236488
mp-aaabxapz,T1,hap:0.0001,1e-05,45,True,1,q_cut=0.2;alpha_rel=4.64159e-05,hap:0.0001,,696.0396506962473,33896.0,4.342014559655035e-07,4.342013128264906e-07,0.0,3.649387180535996,0.0068444654236488
mp-aaabxapz,T1,hap:0.01,0.001,45,True,1,q_cut=0.2;alpha_rel=4.64159e-05,hap:0.01,,696.0396506962473,33896.0,6.117388907835718e-07,6.117387922647522e-07,0.0,3.64752677817296,0.0068444654236488
mp-aaabxapz,T1,hap:0.01,0.0001,45,True,1,q_cut=0.2;alpha_rel=4.64159e-05,hap:0.01,,696.0396506962473,33896.0,6.117388907835718e-07,6.117387922647522e-07,0.0,3.64752677817296,0.0068444654236488
mp-aaabxapz,T1,hap:0.01,1e-05,45,True,1,q_cut=0.2;alpha_rel=4.64159e-05,hap:0.01,,696.0396506962473,33896.0,6.117388907835718e-07,6.117387922647522e-07,0.0,3.64752677817296,0.0068444654236488
mp-aaabxapz,T1,hap:1,0.001,44,True,1,q_cut=0.3;alpha_rel=0.000464159,hap:1,,841.5237551719218,28036.0,7.685230792131965e-07,7.685230008841823e-07,0.0,6.690109610951188,0.0082750749036952
mp-aaabxapz,T1,hap:1,0.0001,44,True,1,q_cut=0.3;alpha_rel=0.000464159,hap:1,,841.5237551719218,28036.0,7.685230792131965e-07,7.685230008841823e-07,0.0,6.690109610951188,0.0082750749036952
mp-aaabxapz,T1,hap:1,1e-05,44,True,1,q_cut=0.3;alpha_rel=0.000464159,hap:1,,841.5237551719218,28036.0,7.685230792131965e-07,7.685230008841823e-07,0.0,6.690109610951188,0.0082750749036952
mp-aaabxapz,T1,ctp-uniform,0.001,93,True,4,q_cut=0.2;alpha_rel=4.64159e-05,U,unprojected,700.8156839447497,33665.0,4.004512518007378e-07,4.0045110140918323e-07,0.0004240000000006,3.661938252336199,2.970444081390168e-05
mp-aaabxapz,T1,ctp-uniform,0.0001,93,True,1,q_cut=0.3;alpha_rel=0.000464159,uniform,projected,841.733918441614,28029.0,8.720220406963942e-07,8.720219716649452e-07,0.0,6.68963490310399,0.0080274001926576
mp-aaabxapz,T1,ctp-uniform,1e-05,93,True,1,q_cut=0.3;alpha_rel=0.000464159,uniform,projected,841.733918441614,28029.0,8.720220406963942e-07,8.720219716649452e-07,0.0,6.68963490310399,0.0080274001926576
mp-aaabxapz,T1,ctp-hap:0.0001,0.001,90,True,1,q_cut=0.2;alpha_rel=4.64159e-05,U,unprojected,700.8156839447497,33665.0,4.004512518007378e-07,4.0045110140918323e-07,0.0004240000000006,3.661938252336199,2.970444081390168e-05
mp-aaabxapz,T1,ctp-hap:0.0001,0.0001,90,True,2,q_cut=0.2;alpha_rel=4.64159e-05,hap:0.0001,projected,696.0191167359943,33897.0,4.342014559655035e-07,4.342013128264906e-07,0.0,3.649387180535996,0.0068737646399386
mp-aaabxapz,T1,ctp-hap:0.0001,1e-05,90,True,2,q_cut=0.2;alpha_rel=4.64159e-05,hap:0.0001,projected,696.0191167359943,33897.0,4.342014559655035e-07,4.342013128264906e-07,0.0,3.649387180535996,0.0068737646399386
mp-aaabxapz,T1,ctp-hap:0.01,0.001,90,True,1,q_cut=0.2;alpha_rel=4.64159e-05,U,unprojected,700.8156839447497,33665.0,4.004512518007378e-07,4.0045110140918323e-07,0.0004240000000006,3.661938252336199,2.970444081390168e-05
mp-aaabxapz,T1,ctp-hap:0.01,0.0001,90,True,2,q_cut=0.2;alpha_rel=4.64159e-05,hap:0.01,projected,696.0191167359943,33897.0,6.117388907835718e-07,6.117387922647522e-07,0.0,3.64752677817296,0.0068737646399386
mp-aaabxapz,T1,ctp-hap:0.01,1e-05,90,True,2,q_cut=0.2;alpha_rel=4.64159e-05,hap:0.01,projected,696.0191167359943,33897.0,6.117388907835718e-07,6.117387922647522e-07,0.0,3.64752677817296,0.0068737646399386
mp-aaabxapz,T1,ctp-hap:1,0.001,89,True,4,q_cut=0.2;alpha_rel=4.64159e-05,U,unprojected,700.8156839447497,33665.0,4.004512518007378e-07,4.0045110140918323e-07,0.0004240000000006,3.661938252336199,2.970444081390168e-05
mp-aaabxapz,T1,ctp-hap:1,0.0001,89,True,1,q_cut=0.3;alpha_rel=0.000464159,hap:1,projected,841.4937404144523,28037.0,7.685230792131965e-07,7.685230008841823e-07,0.0,6.690109610951188,0.008310446909441
mp-aaabxapz,T1,ctp-hap:1,1e-05,89,True,1,q_cut=0.3;alpha_rel=0.000464159,hap:1,projected,841.4937404144523,28037.0,7.685230792131965e-07,7.685230008841823e-07,0.0,6.690109610951188,0.008310446909441
mp-aaabxapz,GP,hartree_only,0.001,0,False,0,,,,,,,,,,
mp-aaabxapz,GP,hartree_only,0.0001,0,False,0,,,,,,,,,,
mp-aaabxapz,GP,hartree_only,1e-05,0,False,0,,,,,,,,,,
mp-aaabxapz,GP,none,0.001,0,False,0,,,,,,,,,,
mp-aaabxapz,GP,none,0.0001,0,False,0,,,,,,,,,,
mp-aaabxapz,GP,none,1e-05,0,False,0,,,,,,,,,,
mp-aaabxapz,GP,uniform,0.001,0,False,0,,,,,,,,,,
mp-aaabxapz,GP,uniform,0.0001,0,False,0,,,,,,,,,,
mp-aaabxapz,GP,uniform,1e-05,0,False,0,,,,,,,,,,
mp-aaabxapz,GP,hap:0.0001,0.001,0,False,0,,,,,,,,,,
mp-aaabxapz,GP,hap:0.0001,0.0001,0,False,0,,,,,,,,,,
mp-aaabxapz,GP,hap:0.0001,1e-05,0,False,0,,,,,,,,,,
mp-aaabxapz,GP,hap:0.01,0.001,0,False,0,,,,,,,,,,
mp-aaabxapz,GP,hap:0.01,0.0001,0,False,0,,,,,,,,,,
mp-aaabxapz,GP,hap:0.01,1e-05,0,False,0,,,,,,,,,,
mp-aaabxapz,GP,hap:1,0.001,0,False,0,,,,,,,,,,
mp-aaabxapz,GP,hap:1,0.0001,0,False,0,,,,,,,,,,
mp-aaabxapz,GP,hap:1,1e-05,0,False,0,,,,,,,,,,
mp-aaabxapz,GP,ctp-uniform,0.001,0,False,0,,,,,,,,,,
mp-aaabxapz,GP,ctp-uniform,0.0001,0,False,0,,,,,,,,,,
mp-aaabxapz,GP,ctp-uniform,1e-05,0,False,0,,,,,,,,,,
mp-aaabxapz,GP,ctp-hap:0.0001,0.001,0,False,0,,,,,,,,,,
mp-aaabxapz,GP,ctp-hap:0.0001,0.0001,0,False,0,,,,,,,,,,
mp-aaabxapz,GP,ctp-hap:0.0001,1e-05,0,False,0,,,,,,,,,,
mp-aaabxapz,GP,ctp-hap:0.01,0.001,0,False,0,,,,,,,,,,
mp-aaabxapz,GP,ctp-hap:0.01,0.0001,0,False,0,,,,,,,,,,
mp-aaabxapz,GP,ctp-hap:0.01,1e-05,0,False,0,,,,,,,,,,
mp-aaabxapz,GP,ctp-hap:1,0.001,0,False,0,,,,,,,,,,
mp-aaabxapz,GP,ctp-hap:1,0.0001,0,False,0,,,,,,,,,,
mp-aaabxapz,GP,ctp-hap:1,1e-05,0,False,0,,,,,,,,,,
mp-aaabxapz,R3,hartree_only,0.001,6,True,0,tau=1e-06;k=0;margin=0.995,U,,1790.3293367734102,13178.0,9.938032126726584e-07,9.93803152072656e-07,,19.521829505991263,0.0
mp-aaabxapz,R3,hartree_only,0.0001,6,True,0,tau=1e-06;k=0;margin=0.995,U,,1790.3293367734102,13178.0,9.938032126726584e-07,9.93803152072656e-07,,19.521829505991263,0.0
mp-aaabxapz,R3,hartree_only,1e-05,6,True,0,tau=1e-06;k=0;margin=0.995,U,,1790.3293367734102,13178.0,9.938032126726584e-07,9.93803152072656e-07,,19.521829505991263,0.0
mp-aaabxapz,R3,none,0.001,6,False,5,,,,,,,,,,
mp-aaabxapz,R3,none,0.0001,6,False,5,,,,,,,,,,
mp-aaabxapz,R3,none,1e-05,6,False,5,,,,,,,,,,
mp-aaabxapz,R3,uniform,0.001,0,False,0,,,,,,,,,,
mp-aaabxapz,R3,uniform,0.0001,0,False,0,,,,,,,,,,
mp-aaabxapz,R3,uniform,1e-05,0,False,0,,,,,,,,,,
mp-aaabxapz,R3,hap:0.0001,0.001,0,False,0,,,,,,,,,,
mp-aaabxapz,R3,hap:0.0001,0.0001,0,False,0,,,,,,,,,,
mp-aaabxapz,R3,hap:0.0001,1e-05,0,False,0,,,,,,,,,,
mp-aaabxapz,R3,hap:0.01,0.001,0,False,0,,,,,,,,,,
mp-aaabxapz,R3,hap:0.01,0.0001,0,False,0,,,,,,,,,,
mp-aaabxapz,R3,hap:0.01,1e-05,0,False,0,,,,,,,,,,
mp-aaabxapz,R3,hap:1,0.001,0,False,0,,,,,,,,,,
mp-aaabxapz,R3,hap:1,0.0001,0,False,0,,,,,,,,,,
mp-aaabxapz,R3,hap:1,1e-05,0,False,0,,,,,,,,,,
mp-aaabxapz,R3,ctp-uniform,0.001,6,False,5,,,,,,,,,,
mp-aaabxapz,R3,ctp-uniform,0.0001,6,False,5,,,,,,,,,,
mp-aaabxapz,R3,ctp-uniform,1e-05,6,False,5,,,,,,,,,,
mp-aaabxapz,R3,ctp-hap:0.0001,0.001,6,False,5,,,,,,,,,,
mp-aaabxapz,R3,ctp-hap:0.0001,0.0001,6,False,5,,,,,,,,,,
mp-aaabxapz,R3,ctp-hap:0.0001,1e-05,6,False,5,,,,,,,,,,
mp-aaabxapz,R3,ctp-hap:0.01,0.001,6,False,5,,,,,,,,,,
mp-aaabxapz,R3,ctp-hap:0.01,0.0001,6,False,5,,,,,,,,,,
mp-aaabxapz,R3,ctp-hap:0.01,1e-05,6,False,5,,,,,,,,,,
mp-aaabxapz,R3,ctp-hap:1,0.001,6,False,5,,,,,,,,,,
mp-aaabxapz,R3,ctp-hap:1,0.0001,6,False,5,,,,,,,,,,
mp-aaabxapz,R3,ctp-hap:1,1e-05,6,False,5,,,,,,,,,,
mp-aaabxapz,GF,hartree_only,0.001,43,True,0,ZFP;tol_rel=0.000464159,U,,36.26338764217645,650600.0,5.53354135296744e-07,5.533540128828055e-07,,0.490710477499988,0.0
mp-aaabxapz,GF,hartree_only,0.0001,43,True,0,ZFP;tol_rel=0.000464159,U,,36.26338764217645,650600.0,5.53354135296744e-07,5.533540128828055e-07,,0.490710477499988,0.0
mp-aaabxapz,GF,hartree_only,1e-05,43,True,0,ZFP;tol_rel=0.000464159,U,,36.26338764217645,650600.0,5.53354135296744e-07,5.533540128828055e-07,,0.490710477499988,0.0
mp-aaabxapz,GF,none,0.001,43,True,1,ZFP;tol_rel=0.000464159,U,,36.26338764217645,650600.0,5.53354135296744e-07,5.533540128828055e-07,3.300000000017178e-05,0.490710477499988,0.0
mp-aaabxapz,GF,none,0.0001,43,True,1,ZFP;tol_rel=0.000464159,U,,36.26338764217645,650600.0,5.53354135296744e-07,5.533540128828055e-07,3.300000000017178e-05,0.490710477499988,0.0
mp-aaabxapz,GF,none,1e-05,43,True,2,ZFP;tol_rel=0.0001,U,,26.395532006301018,893824.0,2.464472695071011e-07,2.4644724872744186e-07,7.999999999341867e-06,0.1275193112500119,0.0
mp-aaabxapz,GF,uniform,0.001,45,True,1,ZFP;tol_rel=0.001,uniform,,43.184607049245145,546328.0,6.767306225317888e-07,6.767302791968121e-07,0.0,0.8800509959564806,0.0004100101038204
mp-aaabxapz,GF,uniform,0.0001,45,True,1,ZFP;tol_rel=0.001,uniform,,43.184607049245145,546328.0,6.767306225317888e-07,6.767302791968121e-07,0.0,0.8800509959564806,0.0004100101038204
mp-aaabxapz,GF,uniform,1e-05,45,True,1,ZFP;tol_rel=0.001,uniform,,43.184607049245145,546328.0,6.767306225317888e-07,6.767302791968121e-07,0.0,0.8800509959564806,0.0004100101038204
mp-aaabxapz,GF,hap:0.0001,0.001,43,True,1,ZFP;tol_rel=0.000464159,hap:0.0001,,36.250460948447525,650832.0,5.528728289907396e-07,5.528727064543473e-07,0.0,0.4913145681476294,0.0003564667994198
mp-aaabxapz,GF,hap:0.0001,0.0001,43,True,1,ZFP;tol_rel=0.000464159,hap:0.0001,,36.250460948447525,650832.0,5.528728289907396e-07,5.528727064543473e-07,0.0,0.4913145681476294,0.0003564667994198
mp-aaabxapz,GF,hap:0.0001,1e-05,43,True,1,ZFP;tol_rel=0.000464159,hap:0.0001,,36.250460948447525,650832.0,5.528728289907396e-07,5.528727064543473e-07,0.0,0.4913145681476294,0.0003564667994198
mp-aaabxapz,GF,hap:0.01,0.001,43,True,1,ZFP;tol_rel=0.000464159,hap:0.01,,36.250460948447525,650832.0,5.351781006678633e-07,5.351779740927911e-07,0.0,0.4911036991792059,0.0003564667994198
mp-aaabxapz,GF,hap:0.01,0.0001,43,True,1,ZFP;tol_rel=0.000464159,hap:0.01,,36.250460948447525,650832.0,5.351781006678633e-07,5.351779740927911e-07,0.0,0.4911036991792059,0.0003564667994198
mp-aaabxapz,GF,hap:0.01,1e-05,43,True,1,ZFP;tol_rel=0.000464159,hap:0.01,,36.250460948447525,650832.0,5.351781006678633e-07,5.351779740927911e-07,0.0,0.4911036991792059,0.0003564667994198
mp-aaabxapz,GF,hap:1,0.001,44,True,1,ZFP;tol_rel=0.000464159,hap:1,,36.250460948447525,650832.0,4.880952462579329e-07,4.880951074730799e-07,0.0,0.4907238892865848,0.0003564667994198
mp-aaabxapz,GF,hap:1,0.0001,44,True,1,ZFP;tol_rel=0.000464159,hap:1,,36.250460948447525,650832.0,4.880952462579329e-07,4.880951074730799e-07,0.0,0.4907238892865848,0.0003564667994198
mp-aaabxapz,GF,hap:1,1e-05,44,True,1,ZFP;tol_rel=0.000464159,hap:1,,36.250460948447525,650832.0,4.880952462579329e-07,4.880951074730799e-07,0.0,0.4907238892865848,0.0003564667994198
mp-aaabxapz,GF,ctp-uniform,0.001,88,True,2,ZFP;tol_rel=0.000464159,U,unprojected,36.26333190388579,650601.0,5.53354135296744e-07,5.533540128828055e-07,3.300000000017178e-05,0.490710477499988,1.5370403672911662e-06
mp-aaabxapz,GF,ctp-uniform,0.0001,88,True,2,ZFP;tol_rel=0.000464159,U,unprojected,36.26333190388579,650601.0,5.53354135296744e-07,5.533540128828055e-07,3.300000000017178e-05,0.490710477499988,1.5370403672911662e-06
mp-aaabxapz,GF,ctp-uniform,1e-05,88,True,1,ZFP;tol_rel=0.001,uniform,projected,43.18452800418795,546329.0,6.767306225317888e-07,6.767302791968121e-07,0.0,0.8800509959564806,0.0004118397522372
mp-aaabxapz,GF,ctp-hap:0.0001,0.001,86,True,1,ZFP;tol_rel=0.000464159,U,unprojected,36.26333190388579,650601.0,5.53354135296744e-07,5.533540128828055e-07,3.300000000017178e-05,0.490710477499988,1.5370403672911662e-06
mp-aaabxapz,GF,ctp-hap:0.0001,0.0001,86,True,1,ZFP;tol_rel=0.000464159,U,unprojected,36.26333190388579,650601.0,5.53354135296744e-07,5.533540128828055e-07,3.300000000017178e-05,0.490710477499988,1.5370403672911662e-06
mp-aaabxapz,GF,ctp-hap:0.0001,1e-05,86,True,2,ZFP;tol_rel=0.000464159,hap:0.0001,projected,36.25040524988745,650833.0,5.528728289907396e-07,5.528727064543473e-07,0.0,0.4913145681476294,0.0003580027441755
mp-aaabxapz,GF,ctp-hap:0.01,0.001,86,True,1,ZFP;tol_rel=0.000464159,U,unprojected,36.26333190388579,650601.0,5.53354135296744e-07,5.533540128828055e-07,3.300000000017178e-05,0.490710477499988,1.5370403672911662e-06
mp-aaabxapz,GF,ctp-hap:0.01,0.0001,86,True,1,ZFP;tol_rel=0.000464159,U,unprojected,36.26333190388579,650601.0,5.53354135296744e-07,5.533540128828055e-07,3.300000000017178e-05,0.490710477499988,1.5370403672911662e-06
mp-aaabxapz,GF,ctp-hap:0.01,1e-05,86,True,2,ZFP;tol_rel=0.000464159,hap:0.01,projected,36.25040524988745,650833.0,5.351781006678633e-07,5.351779740927911e-07,0.0,0.4911036991792059,0.0003580027441755
mp-aaabxapz,GF,ctp-hap:1,0.001,87,True,1,ZFP;tol_rel=0.000464159,U,unprojected,36.26333190388579,650601.0,5.53354135296744e-07,5.533540128828055e-07,3.300000000017178e-05,0.490710477499988,1.5370403672911662e-06
mp-aaabxapz,GF,ctp-hap:1,0.0001,87,True,1,ZFP;tol_rel=0.000464159,U,unprojected,36.26333190388579,650601.0,5.53354135296744e-07,5.533540128828055e-07,3.300000000017178e-05,0.490710477499988,1.5370403672911662e-06
mp-aaabxapz,GF,ctp-hap:1,1e-05,87,True,2,ZFP;tol_rel=0.000464159,hap:1,projected,36.25040524988745,650833.0,4.880952462579329e-07,4.880951074730799e-07,0.0,0.4907238892865848,0.0003580027441755
mp-aaacjkvs,J,hartree_only,0.001,19,True,0,alpha_rel=0.1,U,,983.5120858011844,37482.0,5.521092872881544e-07,5.521092747969053e-07,,13.593328348651994,0.0
mp-aaacjkvs,J,hartree_only,0.0001,19,True,0,alpha_rel=0.1,U,,983.5120858011844,37482.0,5.521092872881544e-07,5.521092747969053e-07,,13.593328348651994,0.0
mp-aaacjkvs,J,hartree_only,1e-05,19,True,0,alpha_rel=0.1,U,,983.5120858011844,37482.0,5.521092872881544e-07,5.521092747969053e-07,,13.593328348651994,0.0
mp-aaacjkvs,J,none,0.001,19,True,1,alpha_rel=0.1,U,,983.5120858011844,37482.0,5.521092872881544e-07,5.521092747969053e-07,0.0004430000000006,13.593328348651994,0.0
mp-aaacjkvs,J,none,0.0001,19,True,4,alpha_rel=0.01,U,,486.6213451257343,75755.0,9.094424074878333e-08,9.09441649161918e-08,3.300000000017178e-05,4.259264014454879,0.0
mp-aaacjkvs,J,none,1e-05,19,False,5,,,,,,,,,,
mp-aaacjkvs,J,uniform,0.001,18,True,1,alpha_rel=0.0464159,uniform,,761.5270203272187,48408.0,4.0319286476700926e-07,4.031928476639306e-07,0.0,13.806401829271636,0.0046273343249049
mp-aaacjkvs,J,uniform,0.0001,18,True,1,alpha_rel=0.0464159,uniform,,761.5270203272187,48408.0,4.0319286476700926e-07,4.031928476639306e-07,0.0,13.806401829271636,0.0046273343249049
mp-aaacjkvs,J,uniform,1e-05,18,True,1,alpha_rel=0.0464159,uniform,,761.5270203272187,48408.0,4.0319286476700926e-07,4.031928476639306e-07,0.0,13.806401829271636,0.0046273343249049
mp-aaacjkvs,J,hap:0.0001,0.001,19,True,1,alpha_rel=0.1,hap:0.0001,,977.4619504693218,37714.0,5.574950743495733e-07,5.574950616934361e-07,0.0,13.588429848918167,0.0061515617542557
mp-aaacjkvs,J,hap:0.0001,0.0001,19,True,1,alpha_rel=0.1,hap:0.0001,,977.4619504693218,37714.0,5.574950743495733e-07,5.574950616934361e-07,0.0,13.588429848918167,0.0061515617542557
mp-aaacjkvs,J,hap:0.0001,1e-05,19,True,1,alpha_rel=0.1,hap:0.0001,,977.4619504693218,37714.0,5.574950743495733e-07,5.574950616934361e-07,0.0,13.588429848918167,0.0061515617542557
mp-aaacjkvs,J,hap:0.01,0.001,19,True,1,alpha_rel=0.1,hap:0.01,,977.4619504693218,37714.0,6.563277411893412e-07,6.56327730669164e-07,0.0,13.603034517944252,0.0061515617542557
mp-aaacjkvs,J,hap:0.01,0.0001,19,True,1,alpha_rel=0.1,hap:0.01,,977.4619504693218,37714.0,6.563277411893412e-07,6.56327730669164e-07,0.0,13.603034517944252,0.0061515617542557
mp-aaacjkvs,J,hap:0.01,1e-05,19,True,1,alpha_rel=0.1,hap:0.01,,977.4619504693218,37714.0,6.563277411893412e-07,6.56327730669164e-07,0.0,13.603034517944252,0.0061515617542557
mp-aaacjkvs,J,hap:1,0.001,19,True,1,alpha_rel=0.1,hap:1,,977.4619504693218,37714.0,8.315096659393854e-07,8.315096576400574e-07,0.0,13.606013185022675,0.0061515617542557
mp-aaacjkvs,J,hap:1,0.0001,19,True,1,alpha_rel=0.1,hap:1,,977.4619504693218,37714.0,8.315096659393854e-07,8.315096576400574e-07,0.0,13.606013185022675,0.0061515617542557
mp-aaacjkvs,J,hap:1,1e-05,19,True,1,alpha_rel=0.1,hap:1,,977.4619504693218,37714.0,8.315096659393854e-07,8.315096576400574e-07,0.0,13.606013185022675,0.0061515617542557
mp-aaacjkvs,J,ctp-uniform,0.001,37,True,1,alpha_rel=0.1,U,unprojected,983.4858469172692,37483.0,5.521092872881544e-07,5.521092747969053e-07,0.0004430000000006,13.593328348651994,2.6678761038337375e-05
mp-aaacjkvs,J,ctp-uniform,0.0001,37,True,3,alpha_rel=0.0464159,uniform,projected,761.5112892230784,48409.0,4.0319286476700926e-07,4.031928476639306e-07,0.0,13.806401829271636,0.0046478960523869
mp-aaacjkvs,J,ctp-uniform,1e-05,37,True,3,alpha_rel=0.0464159,uniform,projected,761.5112892230784,48409.0,4.0319286476700926e-07,4.031928476639306e-07,0.0,13.806401829271636,0.0046478960523869
mp-aaacjkvs,J,ctp-hap:0.0001,0.001,38,True,1,alpha_rel=0.1,U,unprojected,983.4858469172692,37483.0,5.521092872881544e-07,5.521092747969053e-07,0.0004430000000006,13.593328348651994,2.6678761038337375e-05
mp-aaacjkvs,J,ctp-hap:0.0001,0.0001,38,True,2,alpha_rel=0.1,hap:0.0001,projected,977.4360334084582,37715.0,5.574950743495733e-07,5.574950616934361e-07,0.0,13.588429848918167,0.0061779132970966
mp-aaacjkvs,J,ctp-hap:0.0001,1e-05,38,True,2,alpha_rel=0.1,hap:0.0001,projected,977.4360334084582,37715.0,5.574950743495733e-07,5.574950616934361e-07,0.0,13.588429848918167,0.0061779132970966
mp-aaacjkvs,J,ctp-hap:0.01,0.001,38,True,1,alpha_rel=0.1,U,unprojected,983.4858469172692,37483.0,5.521092872881544e-07,5.521092747969053e-07,0.0004430000000006,13.593328348651994,2.6678761038337375e-05
mp-aaacjkvs,J,ctp-hap:0.01,0.0001,38,True,2,alpha_rel=0.1,hap:0.01,projected,977.4360334084582,37715.0,6.563277411893412e-07,6.56327730669164e-07,0.0,13.603034517944252,0.0061779132970966
mp-aaacjkvs,J,ctp-hap:0.01,1e-05,38,True,2,alpha_rel=0.1,hap:0.01,projected,977.4360334084582,37715.0,6.563277411893412e-07,6.56327730669164e-07,0.0,13.603034517944252,0.0061779132970966
mp-aaacjkvs,J,ctp-hap:1,0.001,38,True,1,alpha_rel=0.1,U,unprojected,983.4858469172692,37483.0,5.521092872881544e-07,5.521092747969053e-07,0.0004430000000006,13.593328348651994,2.6678761038337375e-05
mp-aaacjkvs,J,ctp-hap:1,0.0001,38,True,2,alpha_rel=0.1,hap:1,projected,977.4360334084582,37715.0,8.315096659393854e-07,8.315096576400574e-07,0.0,13.606013185022675,0.0061779132970966
mp-aaacjkvs,J,ctp-hap:1,1e-05,38,True,2,alpha_rel=0.1,hap:1,projected,977.4360334084582,37715.0,8.315096659393854e-07,8.315096576400574e-07,0.0,13.606013185022675,0.0061779132970966
mp-aaacjkvs,T1,hartree_only,0.001,60,True,0,q_cut=0.15;alpha_rel=0.0001,U,,669.1838512924775,55088.0,9.682049765483087e-07,9.682049694252978e-07,,10.564271514467691,0.0
mp-aaacjkvs,T1,hartree_only,0.0001,60,True,0,q_cut=0.15;alpha_rel=0.0001,U,,669.1838512924775,55088.0,9.682049765483087e-07,9.682049694252978e-07,,10.564271514467691,0.0
mp-aaacjkvs,T1,hartree_only,1e-05,60,True,0,q_cut=0.15;alpha_rel=0.0001,U,,669.1838512924775,55088.0,9.682049765483087e-07,9.682049694252978e-07,,10.564271514467691,0.0
mp-aaacjkvs,T1,none,0.001,60,True,1,q_cut=0.15;alpha_rel=0.0001,U,,669.1838512924775,55088.0,9.682049765483087e-07,9.682049694252978e-07,0.0003899999999994,10.564271514467691,0.0
mp-aaacjkvs,T1,none,0.0001,60,False,5,,,,,,,,,,
mp-aaacjkvs,T1,none,1e-05,60,False,5,,,,,,,,,,
mp-aaacjkvs,T1,uniform,0.001,55,True,1,q_cut=0.2;alpha_rel=0.000215443,uniform,,586.8755373006018,62814.0,4.922207578211946e-07,4.922207438159955e-07,0.0,5.77539577332027,0.003566083994014
mp-aaacjkvs,T1,uniform,0.0001,55,True,1,q_cut=0.2;alpha_rel=0.000215443,uniform,,586.8755373006018,62814.0,4.922207578211946e-07,4.922207438159955e-07,0.0,5.77539577332027,0.003566083994014
mp-aaacjkvs,T1,uniform,1e-05,55,True,1,q_cut=0.2;alpha_rel=0.000215443,uniform,,586.8755373006018,62814.0,4.922207578211946e-07,4.922207438159955e-07,0.0,5.77539577332027,0.003566083994014
mp-aaacjkvs,T1,hap:0.0001,0.001,60,True,1,q_cut=0.15;alpha_rel=0.0001,hap:0.0001,,666.3774403470716,55320.0,9.707789259972616e-07,9.707789186296062e-07,0.0,10.56019644870139,0.0041937816341287
mp-aaacjkvs,T1,hap:0.0001,0.0001,60,True,1,q_cut=0.15;alpha_rel=0.0001,hap:0.0001,,666.3774403470716,55320.0,9.707789259972616e-07,9.707789186296062e-07,0.0,10.56019644870139,0.0041937816341287
mp-aaacjkvs,T1,hap:0.0001,1e-05,60,True,1,q_cut=0.15;alpha_rel=0.0001,hap:0.0001,,666.3774403470716,55320.0,9.707789259972616e-07,9.707789186296062e-07,0.0,10.56019644870139,0.0041937816341287
mp-aaacjkvs,T1,hap:0.01,0.001,59,True,1,q_cut=0.15;alpha_rel=4.64159e-05,hap:0.01,,593.1837930035722,62146.0,5.941022200282029e-07,5.941022083638186e-07,0.0,10.485119282448068,0.0037331445306214
mp-aaacjkvs,T1,hap:0.01,0.0001,59,True,1,q_cut=0.15;alpha_rel=4.64159e-05,hap:0.01,,593.1837930035722,62146.0,5.941022200282029e-07,5.941022083638186e-07,0.0,10.485119282448068,0.0037331445306214
mp-aaacjkvs,T1,hap:0.01,1e-05,59,True,1,q_cut=0.15;alpha_rel=4.64159e-05,hap:0.01,,593.1837930035722,62146.0,5.941022200282029e-07,5.941022083638186e-07,0.0,10.485119282448068,0.0037331445306214
mp-aaacjkvs,T1,hap:1,0.001,65,True,1,q_cut=0.15;alpha_rel=0.000215443,hap:1,,808.0312130112665,45622.0,8.155354272117891e-07,8.155354187222423e-07,0.0,10.436044631147524,0.0050852658804962
mp-aaacjkvs,T1,hap:1,0.0001,65,True,1,q_cut=0.15;alpha_rel=0.000215443,hap:1,,808.0312130112665,45622.0,8.155354272117891e-07,8.155354187222423e-07,0.0,10.436044631147524,0.0050852658804962
mp-aaacjkvs,T1,hap:1,1e-05,65,True,1,q_cut=0.15;alpha_rel=0.000215443,hap:1,,808.0312130112665,45622.0,8.155354272117891e-07,8.155354187222423e-07,0.0,10.436044631147524,0.0050852658804962
mp-aaacjkvs,T1,ctp-uniform,0.001,115,True,1,q_cut=0.15;alpha_rel=0.0001,U,unprojected,669.1717039699396,55089.0,9.682049765483087e-07,9.682049694252978e-07,0.0003899999999994,10.564271514467691,1.8152444226615116e-05
mp-aaacjkvs,T1,ctp-uniform,0.0001,115,False,5,,,,,,,,,,
mp-aaacjkvs,T1,ctp-uniform,1e-05,115,True,3,q_cut=0.2;alpha_rel=0.000215443,uniform,projected,586.8661943803231,62815.0,4.922207578211946e-07,4.922207438159955e-07,0.0,5.77539577332027,0.0035819469871845
mp-aaacjkvs,T1,ctp-hap:0.0001,0.001,120,True,1,q_cut=0.15;alpha_rel=0.0001,U,unprojected,669.1717039699396,55089.0,9.682049765483087e-07,9.682049694252978e-07,0.0003899999999994,10.564271514467691,1.8152444226615116e-05
mp-aaacjkvs,T1,ctp-hap:0.0001,0.0001,120,True,2,q_cut=0.15;alpha_rel=0.0001,hap:0.0001,projected,666.3653946964082,55321.0,9.707789259972616e-07,9.707789186296062e-07,0.0,10.56019644870139,0.0042117821442128
mp-aaacjkvs,T1,ctp-hap:0.0001,1e-05,120,True,2,q_cut=0.15;alpha_rel=0.0001,hap:0.0001,projected,666.3653946964082,55321.0,9.707789259972616e-07,9.707789186296062e-07,0.0,10.56019644870139,0.0042117821442128
mp-aaacjkvs,T1,ctp-hap:0.01,0.001,119,True,1,q_cut=0.15;alpha_rel=0.0001,U,unprojected,669.1717039699396,55089.0,9.682049765483087e-07,9.682049694252978e-07,0.0003899999999994,10.564271514467691,1.8152444226615116e-05
mp-aaacjkvs,T1,ctp-hap:0.01,0.0001,119,True,3,q_cut=0.15;alpha_rel=4.64159e-05,hap:0.01,projected,593.1742481535714,62147.0,5.941022200282029e-07,5.941022083638186e-07,0.0,10.485119282448068,0.0037491753423334
mp-aaacjkvs,T1,ctp-hap:0.01,1e-05,119,True,3,q_cut=0.15;alpha_rel=4.64159e-05,hap:0.01,projected,593.1742481535714,62147.0,5.941022200282029e-07,5.941022083638186e-07,0.0,10.485119282448068,0.0037491753423334
mp-aaacjkvs,T1,ctp-hap:1,0.001,125,True,2,q_cut=0.15;alpha_rel=0.0001,U,unprojected,669.1717039699396,55089.0,9.682049765483087e-07,9.682049694252978e-07,0.0003899999999994,10.564271514467691,1.8152444226615116e-05
mp-aaacjkvs,T1,ctp-hap:1,0.0001,125,True,1,q_cut=0.15;alpha_rel=0.000215443,hap:1,projected,808.0135019617298,45623.0,8.155354272117891e-07,8.155354187222423e-07,0.0,10.436044631147524,0.0051070731867698
mp-aaacjkvs,T1,ctp-hap:1,1e-05,125,True,1,q_cut=0.15;alpha_rel=0.000215443,hap:1,projected,808.0135019617298,45623.0,8.155354272117891e-07,8.155354187222423e-07,0.0,10.436044631147524,0.0051070731867698
mp-aaacjkvs,GP,hartree_only,0.001,0,False,0,,,,,,,,,,
mp-aaacjkvs,GP,hartree_only,0.0001,0,False,0,,,,,,,,,,
mp-aaacjkvs,GP,hartree_only,1e-05,0,False,0,,,,,,,,,,
mp-aaacjkvs,GP,none,0.001,0,False,0,,,,,,,,,,
mp-aaacjkvs,GP,none,0.0001,0,False,0,,,,,,,,,,
mp-aaacjkvs,GP,none,1e-05,0,False,0,,,,,,,,,,
mp-aaacjkvs,GP,uniform,0.001,0,False,0,,,,,,,,,,
mp-aaacjkvs,GP,uniform,0.0001,0,False,0,,,,,,,,,,
mp-aaacjkvs,GP,uniform,1e-05,0,False,0,,,,,,,,,,
mp-aaacjkvs,GP,hap:0.0001,0.001,0,False,0,,,,,,,,,,
mp-aaacjkvs,GP,hap:0.0001,0.0001,0,False,0,,,,,,,,,,
mp-aaacjkvs,GP,hap:0.0001,1e-05,0,False,0,,,,,,,,,,
mp-aaacjkvs,GP,hap:0.01,0.001,0,False,0,,,,,,,,,,
mp-aaacjkvs,GP,hap:0.01,0.0001,0,False,0,,,,,,,,,,
mp-aaacjkvs,GP,hap:0.01,1e-05,0,False,0,,,,,,,,,,
mp-aaacjkvs,GP,hap:1,0.001,0,False,0,,,,,,,,,,
mp-aaacjkvs,GP,hap:1,0.0001,0,False,0,,,,,,,,,,
mp-aaacjkvs,GP,hap:1,1e-05,0,False,0,,,,,,,,,,
mp-aaacjkvs,GP,ctp-uniform,0.001,0,False,0,,,,,,,,,,
mp-aaacjkvs,GP,ctp-uniform,0.0001,0,False,0,,,,,,,,,,
mp-aaacjkvs,GP,ctp-uniform,1e-05,0,False,0,,,,,,,,,,
mp-aaacjkvs,GP,ctp-hap:0.0001,0.001,0,False,0,,,,,,,,,,
mp-aaacjkvs,GP,ctp-hap:0.0001,0.0001,0,False,0,,,,,,,,,,
mp-aaacjkvs,GP,ctp-hap:0.0001,1e-05,0,False,0,,,,,,,,,,
mp-aaacjkvs,GP,ctp-hap:0.01,0.001,0,False,0,,,,,,,,,,
mp-aaacjkvs,GP,ctp-hap:0.01,0.0001,0,False,0,,,,,,,,,,
mp-aaacjkvs,GP,ctp-hap:0.01,1e-05,0,False,0,,,,,,,,,,
mp-aaacjkvs,GP,ctp-hap:1,0.001,0,False,0,,,,,,,,,,
mp-aaacjkvs,GP,ctp-hap:1,0.0001,0,False,0,,,,,,,,,,
mp-aaacjkvs,GP,ctp-hap:1,1e-05,0,False,0,,,,,,,,,,
mp-aaacjkvs,R3,hartree_only,0.001,6,True,0,tau=1e-06;k=0;margin=0.995,U,,1526.775729964796,24145.0,9.943942028704715e-07,9.943941959350587e-07,,17.497887746505512,0.0
mp-aaacjkvs,R3,hartree_only,0.0001,6,True,0,tau=1e-06;k=0;margin=0.995,U,,1526.775729964796,24145.0,9.943942028704715e-07,9.943941959350587e-07,,17.497887746505512,0.0
mp-aaacjkvs,R3,hartree_only,1e-05,6,True,0,tau=1e-06;k=0;margin=0.995,U,,1526.775729964796,24145.0,9.943942028704715e-07,9.943941959350587e-07,,17.497887746505512,0.0
mp-aaacjkvs,R3,none,0.001,6,True,1,tau=1e-06;k=0;margin=0.995,U,,1526.775729964796,24145.0,9.943942028704715e-07,9.943941959350587e-07,0.0007150000000013,17.497887746505512,0.0
mp-aaacjkvs,R3,none,0.0001,6,False,5,,,,,,,,,,
mp-aaacjkvs,R3,none,1e-05,6,False,5,,,,,,,,,,
mp-aaacjkvs,R3,uniform,0.001,0,False,0,,,,,,,,,,
mp-aaacjkvs,R3,uniform,0.0001,0,False,0,,,,,,,,,,
mp-aaacjkvs,R3,uniform,1e-05,0,False,0,,,,,,,,,,
mp-aaacjkvs,R3,hap:0.0001,0.001,5,True,1,tau=1e-06;k=1;margin=0.990025,hap:0.0001,,1511.0054514899373,24397.0,9.978637752791384e-07,9.978637679070115e-07,0.0,17.511917820633244,0.0095093659056441
mp-aaacjkvs,R3,hap:0.0001,0.0001,5,True,1,tau=1e-06;k=1;margin=0.990025,hap:0.0001,,1511.0054514899373,24397.0,9.978637752791384e-07,9.978637679070115e-07,0.0,17.511917820633244,0.0095093659056441
mp-aaacjkvs,R3,hap:0.0001,1e-05,5,True,1,tau=1e-06;k=1;margin=0.990025,hap:0.0001,,1511.0054514899373,24397.0,9.978637752791384e-07,9.978637679070115e-07,0.0,17.511917820633244,0.0095093659056441
mp-aaacjkvs,R3,hap:0.01,0.001,0,False,0,,,,,,,,,,
mp-aaacjkvs,R3,hap:0.01,0.0001,0,False,0,,,,,,,,,,
mp-aaacjkvs,R3,hap:0.01,1e-05,0,False,0,,,,,,,,,,
mp-aaacjkvs,R3,hap:1,0.001,0,False,0,,,,,,,,,,
mp-aaacjkvs,R3,hap:1,0.0001,0,False,0,,,,,,,,,,
mp-aaacjkvs,R3,hap:1,1e-05,0,False,0,,,,,,,,,,
mp-aaacjkvs,R3,ctp-uniform,0.001,6,True,1,tau=1e-06;k=0;margin=0.995,U,unprojected,1526.7124989646318,24146.0,9.943942028704715e-07,9.943941959350587e-07,0.0007150000000013,17.497887746505512,4.141472707694856e-05
mp-aaacjkvs,R3,ctp-uniform,0.0001,6,False,5,,,,,,,,,,
mp-aaacjkvs,R3,ctp-uniform,1e-05,6,False,5,,,,,,,,,,
mp-aaacjkvs,R3,ctp-hap:0.0001,0.001,11,True,1,tau=1e-06;k=0;margin=0.995,U,unprojected,1526.7124989646318,24146.0,9.943942028704715e-07,9.943941959350587e-07,0.0007150000000013,17.497887746505512,4.141472707694856e-05
mp-aaacjkvs,R3,ctp-hap:0.0001,0.0001,11,False,5,,,,,,,,,,
mp-aaacjkvs,R3,ctp-hap:0.0001,1e-05,11,False,5,,,,,,,,,,
mp-aaacjkvs,R3,ctp-hap:0.01,0.001,6,True,1,tau=1e-06;k=0;margin=0.995,U,unprojected,1526.7124989646318,24146.0,9.943942028704715e-07,9.943941959350587e-07,0.0007150000000013,17.497887746505512,4.141472707694856e-05
mp-aaacjkvs,R3,ctp-hap:0.01,0.0001,6,False,5,,,,,,,,,,
mp-aaacjkvs,R3,ctp-hap:0.01,1e-05,6,False,5,,,,,,,,,,
mp-aaacjkvs,R3,ctp-hap:1,0.001,6,True,1,tau=1e-06;k=0;margin=0.995,U,unprojected,1526.7124989646318,24146.0,9.943942028704715e-07,9.943941959350587e-07,0.0007150000000013,17.497887746505512,4.141472707694856e-05
mp-aaacjkvs,R3,ctp-hap:1,0.0001,6,False,5,,,,,,,,,,
mp-aaacjkvs,R3,ctp-hap:1,1e-05,6,False,5,,,,,,,,,,
mp-aaacjkvs,GF,hartree_only,0.001,41,True,0,ZFP;tol_rel=4.64159e-05,U,,27.477474791444298,1341608.0,4.17290027121222e-07,4.172900233395238e-07,,0.1228076093750019,0.0
mp-aaacjkvs,GF,hartree_only,0.0001,41,True,0,ZFP;tol_rel=4.64159e-05,U,,27.477474791444298,1341608.0,4.17290027121222e-07,4.172900233395238e-07,,0.1228076093750019,0.0
mp-aaacjkvs,GF,hartree_only,1e-05,41,True,0,ZFP;tol_rel=4.64159e-05,U,,27.477474791444298,1341608.0,4.17290027121222e-07,4.172900233395238e-07,,0.1228076093750019,0.0
mp-aaacjkvs,GF,none,0.001,41,True,1,ZFP;tol_rel=4.64159e-05,U,,27.477474791444298,1341608.0,4.17290027121222e-07,4.172900233395238e-07,1.199999999990098e-05,0.1228076093750019,0.0
mp-aaacjkvs,GF,none,0.0001,41,True,1,ZFP;tol_rel=4.64159e-05,U,,27.477474791444298,1341608.0,4.17290027121222e-07,4.172900233395238e-07,1.199999999990098e-05,0.1228076093750019,0.0
mp-aaacjkvs,GF,none,1e-05,41,True,2,ZFP;tol_rel=2.15443e-05,U,,23.812845914143526,1548072.0,5.420645928348301e-07,5.420645920899826e-07,6.000000000838668e-06,0.0638336928125227,0.0
mp-aaacjkvs,GF,uniform,0.001,45,True,1,ZFP;tol_rel=0.000215443,uniform,,37.44423587918384,984504.0,5.314549803163472e-07,5.314549429845251e-07,0.0,0.4851228366229634,0.0002275257388492
mp-aaacjkvs,GF,uniform,0.0001,45,True,1,ZFP;tol_rel=0.000215443,uniform,,37.44423587918384,984504.0,5.314549803163472e-07,5.314549429845251e-07,0.0,0.4851228366229634,0.0002275257388492
mp-aaacjkvs,GF,uniform,1e-05,45,True,1,ZFP;tol_rel=0.000215443,uniform,,37.44423587918384,984504.0,5.314549803163472e-07,5.314549429845251e-07,0.0,0.4851228366229634,0.0002275257388492
mp-aaacjkvs,GF,hap:0.0001,0.001,41,True,1,ZFP;tol_rel=4.64159e-05,hap:0.0001,,27.47272402074763,1341840.0,4.170681310516306e-07,4.170681272654021e-07,0.0,0.1230534577030653,0.0001728969176652
mp-aaacjkvs,GF,hap:0.0001,0.0001,41,True,1,ZFP;tol_rel=4.64159e-05,hap:0.0001,,27.47272402074763,1341840.0,4.170681310516306e-07,4.170681272654021e-07,0.0,0.1230534577030653,0.0001728969176652
mp-aaacjkvs,GF,hap:0.0001,1e-05,41,True,1,ZFP;tol_rel=4.64159e-05,hap:0.0001,,27.47272402074763,1341840.0,4.170681310516306e-07,4.170681272654021e-07,0.0,0.1230534577030653,0.0001728969176652
mp-aaacjkvs,GF,hap:0.01,0.001,41,True,1,ZFP;tol_rel=4.64159e-05,hap:0.01,,27.47272402074763,1341840.0,4.076437672617666e-07,4.076437633900154e-07,0.0,0.1229291138009784,0.0001728969176652
mp-aaacjkvs,GF,hap:0.01,0.0001,41,True,1,ZFP;tol_rel=4.64159e-05,hap:0.01,,27.47272402074763,1341840.0,4.076437672617666e-07,4.076437633900154e-07,0.0,0.1229291138009784,0.0001728969176652
mp-aaacjkvs,GF,hap:0.01,1e-05,41,True,1,ZFP;tol_rel=4.64159e-05,hap:0.01,,27.47272402074763,1341840.0,4.076437672617666e-07,4.076437633900154e-07,0.0,0.1229291138009784,0.0001728969176652
mp-aaacjkvs,GF,hap:1,0.001,43,True,1,ZFP;tol_rel=0.0001,hap:1,,31.934799783774796,1154352.0,8.657228729006492e-07,8.657228665516518e-07,0.0,0.2536632947349631,0.0002009785576669
mp-aaacjkvs,GF,hap:1,0.0001,43,True,1,ZFP;tol_rel=0.0001,hap:1,,31.934799783774796,1154352.0,8.657228729006492e-07,8.657228665516518e-07,0.0,0.2536632947349631,0.0002009785576669
mp-aaacjkvs,GF,hap:1,1e-05,43,True,1,ZFP;tol_rel=0.0001,hap:1,,31.934799783774796,1154352.0,8.657228729006492e-07,8.657228665516518e-07,0.0,0.2536632947349631,0.0002009785576669
mp-aaacjkvs,GF,ctp-uniform,0.001,86,True,3,ZFP;tol_rel=4.64159e-05,U,unprojected,27.47745431045856,1341609.0,4.17290027121222e-07,4.172900233395238e-07,1.199999999990098e-05,0.1228076093750019,7.45373652084922e-07
mp-aaacjkvs,GF,ctp-uniform,0.0001,86,True,3,ZFP;tol_rel=4.64159e-05,U,unprojected,27.47745431045856,1341609.0,4.17290027121222e-07,4.172900233395238e-07,1.199999999990098e-05,0.1228076093750019,7.45373652084922e-07
mp-aaacjkvs,GF,ctp-uniform,1e-05,86,True,1,ZFP;tol_rel=0.000215443,uniform,projected,37.44419784561785,984505.0,5.314549803163472e-07,5.314549429845251e-07,0.0,0.4851228366229634,0.0002285412466163
mp-aaacjkvs,GF,ctp-hap:0.0001,0.001,82,True,1,ZFP;tol_rel=4.64159e-05,U,unprojected,27.47745431045856,1341609.0,4.17290027121222e-07,4.172900233395238e-07,1.199999999990098e-05,0.1228076093750019,7.45373652084922e-07
mp-aaacjkvs,GF,ctp-hap:0.0001,0.0001,82,True,1,ZFP;tol_rel=4.64159e-05,U,unprojected,27.47745431045856,1341609.0,4.17290027121222e-07,4.172900233395238e-07,1.199999999990098e-05,0.1228076093750019,7.45373652084922e-07
mp-aaacjkvs,GF,ctp-hap:0.0001,1e-05,82,True,2,ZFP;tol_rel=4.64159e-05,hap:0.0001,projected,27.47270354684348,1341841.0,4.170681310516306e-07,4.170681272654021e-07,0.0,0.1230534577030653,0.0001736420335941
mp-aaacjkvs,GF,ctp-hap:0.01,0.001,82,True,1,ZFP;tol_rel=4.64159e-05,U,unprojected,27.47745431045856,1341609.0,4.17290027121222e-07,4.172900233395238e-07,1.199999999990098e-05,0.1228076093750019,7.45373652084922e-07
mp-aaacjkvs,GF,ctp-hap:0.01,0.0001,82,True,1,ZFP;tol_rel=4.64159e-05,U,unprojected,27.47745431045856,1341609.0,4.17290027121222e-07,4.172900233395238e-07,1.199999999990098e-05,0.1228076093750019,7.45373652084922e-07
mp-aaacjkvs,GF,ctp-hap:0.01,1e-05,82,True,2,ZFP;tol_rel=4.64159e-05,hap:0.01,projected,27.47270354684348,1341841.0,4.076437672617666e-07,4.076437633900154e-07,0.0,0.1229291138009784,0.0001736420335941
mp-aaacjkvs,GF,ctp-hap:1,0.001,84,True,2,ZFP;tol_rel=4.64159e-05,U,unprojected,27.47745431045856,1341609.0,4.17290027121222e-07,4.172900233395238e-07,1.199999999990098e-05,0.1228076093750019,7.45373652084922e-07
mp-aaacjkvs,GF,ctp-hap:1,0.0001,84,True,2,ZFP;tol_rel=4.64159e-05,U,unprojected,27.47745431045856,1341609.0,4.17290027121222e-07,4.172900233395238e-07,1.199999999990098e-05,0.1228076093750019,7.45373652084922e-07
mp-aaacjkvs,GF,ctp-hap:1,1e-05,84,True,1,ZFP;tol_rel=0.0001,hap:1,projected,31.934772119100483,1154353.0,8.657228729006492e-07,8.657228665516518e-07,0.0,0.2536632947349631,0.000201844669698
mp-aaahhths,J,hartree_only,0.001,19,True,0,alpha_rel=0.1,U,,1147.5175097276265,16448.0,7.531880519099678e-07,7.531880230239319e-07,,11.442495636364733,0.0
mp-aaahhths,J,hartree_only,0.0001,19,True,0,alpha_rel=0.1,U,,1147.5175097276265,16448.0,7.531880519099678e-07,7.531880230239319e-07,,11.442495636364733,0.0
mp-aaahhths,J,hartree_only,1e-05,19,True,0,alpha_rel=0.1,U,,1147.5175097276265,16448.0,7.531880519099678e-07,7.531880230239319e-07,,11.442495636364733,0.0
mp-aaahhths,J,none,0.001,19,True,1,alpha_rel=0.1,U,,1147.5175097276265,16448.0,7.531880519099678e-07,7.531880230239319e-07,0.0001940000000004,11.442495636364733,0.0
mp-aaahhths,J,none,0.0001,19,True,4,alpha_rel=0.01,U,,662.839964881475,28475.0,1.2210389768509498e-07,1.221037195037834e-07,9.499999999995624e-05,4.387842155641235,0.0
mp-aaahhths,J,none,1e-05,19,False,5,,,,,,,,,,
mp-aaahhths,J,uniform,0.001,17,True,1,alpha_rel=0.0215443,uniform,,797.497274686272,23667.0,5.042476746244598e-07,5.042476314663381e-07,0.0,3.430164723265812,0.0067604681624202
mp-aaahhths,J,uniform,0.0001,17,True,1,alpha_rel=0.0215443,uniform,,797.497274686272,23667.0,5.042476746244598e-07,5.042476314663381e-07,0.0,3.430164723265812,0.0067604681624202
mp-aaahhths,J,uniform,1e-05,17,True,1,alpha_rel=0.0215443,uniform,,797.497274686272,23667.0,5.042476746244598e-07,5.042476314663381e-07,0.0,3.430164723265812,0.0067604681624202
mp-aaahhths,J,hap:0.0001,0.001,19,True,1,alpha_rel=0.1,hap:0.0001,,1135.915262397689,16616.0,7.539585406215394e-07,7.539585116087359e-07,0.0,11.4435120219133,0.0101107366393837
mp-aaahhths,J,hap:0.0001,0.0001,19,True,1,alpha_rel=0.1,hap:0.0001,,1135.915262397689,16616.0,7.539585406215394e-07,7.539585116087359e-07,0.0,11.4435120219133,0.0101107366393837
mp-aaahhths,J,hap:0.0001,1e-05,19,True,1,alpha_rel=0.1,hap:0.0001,,1135.915262397689,16616.0,7.539585406215394e-07,7.539585116087359e-07,0.0,11.4435120219133,0.0101107366393837
mp-aaahhths,J,hap:0.01,0.001,19,True,1,alpha_rel=0.1,hap:0.01,,1135.915262397689,16616.0,7.715352132937464e-07,7.715351850934455e-07,0.0,11.442329797631215,0.0101107366393837
mp-aaahhths,J,hap:0.01,0.0001,19,True,1,alpha_rel=0.1,hap:0.01,,1135.915262397689,16616.0,7.715352132937464e-07,7.715351850934455e-07,0.0,11.442329797631215,0.0101107366393837
mp-aaahhths,J,hap:0.01,1e-05,19,True,1,alpha_rel=0.1,hap:0.01,,1135.915262397689,16616.0,7.715352132937464e-07,7.715351850934455e-07,0.0,11.442329797631215,0.0101107366393837
mp-aaahhths,J,hap:1,0.001,17,True,1,alpha_rel=0.0215443,hap:1,,797.227793030623,23675.0,4.6297514329879626e-07,4.629750962936706e-07,0.0,3.4302692544636244,0.0070960929250263
mp-aaahhths,J,hap:1,0.0001,17,True,1,alpha_rel=0.0215443,hap:1,,797.227793030623,23675.0,4.6297514329879626e-07,4.629750962936706e-07,0.0,3.4302692544636244,0.0070960929250263
mp-aaahhths,J,hap:1,1e-05,17,True,1,alpha_rel=0.0215443,hap:1,,797.227793030623,23675.0,4.6297514329879626e-07,4.629750962936706e-07,0.0,3.4302692544636244,0.0070960929250263
mp-aaahhths,J,ctp-uniform,0.001,36,True,1,alpha_rel=0.1,U,unprojected,1147.4477475834397,16449.0,7.531880519099678e-07,7.531880230239319e-07,0.0001940000000004,11.442495636364733,6.079396923825157e-05
mp-aaahhths,J,ctp-uniform,0.0001,36,True,4,alpha_rel=0.0215443,uniform,projected,797.463579516647,23668.0,5.042476746244598e-07,5.042476314663381e-07,0.0,3.430164723265812,0.0068024336657089
mp-aaahhths,J,ctp-uniform,1e-05,36,True,4,alpha_rel=0.0215443,uniform,projected,797.463579516647,23668.0,5.042476746244598e-07,5.042476314663381e-07,0.0,3.430164723265812,0.0068024336657089
mp-aaahhths,J,ctp-hap:0.0001,0.001,38,True,1,alpha_rel=0.1,U,unprojected,1147.4477475834397,16449.0,7.531880519099678e-07,7.531880230239319e-07,0.0001940000000004,11.442495636364733,6.079396923825157e-05
mp-aaahhths,J,ctp-hap:0.0001,0.0001,38,True,2,alpha_rel=0.1,hap:0.0001,projected,1135.8469037732443,16617.0,7.539585406215394e-07,7.539585116087359e-07,0.0,11.4435120219133,0.0101703075163988
mp-aaahhths,J,ctp-hap:0.0001,1e-05,38,True,2,alpha_rel=0.1,hap:0.0001,projected,1135.8469037732443,16617.0,7.539585406215394e-07,7.539585116087359e-07,0.0,11.4435120219133,0.0101703075163988
mp-aaahhths,J,ctp-hap:0.01,0.001,38,True,1,alpha_rel=0.1,U,unprojected,1147.4477475834397,16449.0,7.531880519099678e-07,7.531880230239319e-07,0.0001940000000004,11.442495636364733,6.079396923825157e-05
mp-aaahhths,J,ctp-hap:0.01,0.0001,38,True,2,alpha_rel=0.1,hap:0.01,projected,1135.8469037732443,16617.0,7.715352132937464e-07,7.715351850934455e-07,0.0,11.442329797631215,0.0101703075163988
mp-aaahhths,J,ctp-hap:0.01,1e-05,38,True,2,alpha_rel=0.1,hap:0.01,projected,1135.8469037732443,16617.0,7.715352132937464e-07,7.715351850934455e-07,0.0,11.442329797631215,0.0101703075163988
mp-aaahhths,J,ctp-hap:1,0.001,36,True,1,alpha_rel=0.1,U,unprojected,1147.4477475834397,16449.0,7.531880519099678e-07,7.531880230239319e-07,0.0001940000000004,11.442495636364733,6.079396923825157e-05
mp-aaahhths,J,ctp-hap:1,0.0001,36,True,4,alpha_rel=0.0215443,hap:1,projected,797.1941206284846,23676.0,4.6297514329879626e-07,4.629750962936706e-07,0.0,3.4302692544636244,0.0071380300726474
mp-aaahhths,J,ctp-hap:1,1e-05,36,True,4,alpha_rel=0.0215443,hap:1,projected,797.1941206284846,23676.0,4.6297514329879626e-07,4.629750962936706e-07,0.0,3.4302692544636244,0.0071380300726474
mp-aaahhths,T1,hartree_only,0.001,50,True,0,q_cut=0.2;alpha_rel=0.0001,U,,825.7948897444873,22856.0,3.762859712672704e-07,3.762859134478987e-07,,8.556878149178374,0.0
mp-aaahhths,T1,hartree_only,0.0001,50,True,0,q_cut=0.2;alpha_rel=0.0001,U,,825.7948897444873,22856.0,3.762859712672704e-07,3.762859134478987e-07,,8.556878149178374,0.0
mp-aaahhths,T1,hartree_only,1e-05,50,True,0,q_cut=0.2;alpha_rel=0.0001,U,,825.7948897444873,22856.0,3.762859712672704e-07,3.762859134478987e-07,,8.556878149178374,0.0
mp-aaahhths,T1,none,0.001,50,True,1,q_cut=0.2;alpha_rel=0.0001,U,,825.7948897444873,22856.0,3.762859712672704e-07,3.762859134478987e-07,0.0001069999999998,8.556878149178374,0.0
mp-aaahhths,T1,none,0.0001,50,True,2,q_cut=0.2;alpha_rel=4.64159e-05,U,,702.5373334325914,26866.0,8.443883762341041e-07,8.443883504679784e-07,8.700000000061436e-05,8.55712995972317,0.0
mp-aaahhths,T1,none,1e-05,50,False,5,,,,,,,,,,
mp-aaahhths,T1,uniform,0.001,55,True,1,q_cut=0.2;alpha_rel=0.000215443,uniform,,939.0700034827604,20099.0,7.090806228466007e-07,7.090805921710179e-07,0.0,8.647926563136934,0.0079605950544803
mp-aaahhths,T1,uniform,0.0001,55,True,1,q_cut=0.2;alpha_rel=0.000215443,uniform,,939.0700034827604,20099.0,7.090806228466007e-07,7.090805921710179e-07,0.0,8.647926563136934,0.0079605950544803
mp-aaahhths,T1,uniform,1e-05,55,True,1,q_cut=0.2;alpha_rel=0.000215443,uniform,,939.0700034827604,20099.0,7.090806228466007e-07,7.090805921710179e-07,0.0,8.647926563136934,0.0079605950544803
mp-aaahhths,T1,hap:0.0001,0.001,50,True,1,q_cut=0.2;alpha_rel=0.0001,hap:0.0001,,819.7692842251564,23024.0,3.757447351321595e-07,3.757446771653707e-07,0.0,8.557157746236044,0.0072967338429464
mp-aaahhths,T1,hap:0.0001,0.0001,50,True,1,q_cut=0.2;alpha_rel=0.0001,hap:0.0001,,819.7692842251564,23024.0,3.757447351321595e-07,3.757446771653707e-07,0.0,8.557157746236044,0.0072967338429464
mp-aaahhths,T1,hap:0.0001,1e-05,50,True,1,q_cut=0.2;alpha_rel=0.0001,hap:0.0001,,819.7692842251564,23024.0,3.757447351321595e-07,3.757446771653707e-07,0.0,8.557157746236044,0.0072967338429464
mp-aaahhths,T1,hap:0.01,0.001,50,True,1,q_cut=0.2;alpha_rel=0.0001,hap:0.01,,819.7692842251564,23024.0,3.567369975214472e-07,3.567369365472903e-07,0.0,8.556282986189217,0.0072967338429464
mp-aaahhths,T1,hap:0.01,0.0001,50,True,1,q_cut=0.2;alpha_rel=0.0001,hap:0.01,,819.7692842251564,23024.0,3.567369975214472e-07,3.567369365472903e-07,0.0,8.556282986189217,0.0072967338429464
mp-aaahhths,T1,hap:0.01,1e-05,50,True,1,q_cut=0.2;alpha_rel=0.0001,hap:0.01,,819.7692842251564,23024.0,3.567369975214472e-07,3.567369365472903e-07,0.0,8.556282986189217,0.0072967338429464
mp-aaahhths,T1,hap:1,0.001,50,True,1,q_cut=0.2;alpha_rel=0.0001,hap:1,,819.7692842251564,23024.0,3.289335101543587e-07,3.2893344403548377e-07,0.0,8.55640648546705,0.0072967338429464
mp-aaahhths,T1,hap:1,0.0001,50,True,1,q_cut=0.2;alpha_rel=0.0001,hap:1,,819.7692842251564,23024.0,3.289335101543587e-07,3.2893344403548377e-07,0.0,8.55640648546705,0.0072967338429464
mp-aaahhths,T1,hap:1,1e-05,50,True,1,q_cut=0.2;alpha_rel=0.0001,hap:1,,819.7692842251564,23024.0,3.289335101543587e-07,3.2893344403548377e-07,0.0,8.55640648546705,0.0072967338429464
mp-aaahhths,T1,ctp-uniform,0.001,105,True,2,q_cut=0.2;alpha_rel=0.0001,U,unprojected,825.7587609922562,22857.0,3.762859712672704e-07,3.762859134478987e-07,0.0001069999999998,8.556878149178374,4.375027343920899e-05
mp-aaahhths,T1,ctp-uniform,0.0001,105,True,3,q_cut=0.2;alpha_rel=0.0001,uniform,projected,820.0185949515576,23017.0,3.6867801274187373e-07,3.686779537511522e-07,0.0,8.55641089760502,0.0069948299083286
mp-aaahhths,T1,ctp-uniform,1e-05,105,True,1,q_cut=0.2;alpha_rel=0.000215443,uniform,projected,939.0232835820896,20100.0,7.090806228466007e-07,7.090805921710179e-07,0.0,8.647926563136934,0.0080099502487562
mp-aaahhths,T1,ctp-hap:0.0001,0.001,100,True,1,q_cut=0.2;alpha_rel=0.0001,U,unprojected,825.7587609922562,22857.0,3.762859712672704e-07,3.762859134478987e-07,0.0001069999999998,8.556878149178374,4.375027343920899e-05
mp-aaahhths,T1,ctp-hap:0.0001,0.0001,100,True,2,q_cut=0.2;alpha_rel=0.0001,hap:0.0001,projected,819.733680781759,23025.0,3.757447351321595e-07,3.757446771653707e-07,0.0,8.557157746236044,0.0073398479913137
mp-aaahhths,T1,ctp-hap:0.0001,1e-05,100,True,2,q_cut=0.2;alpha_rel=0.0001,hap:0.0001,projected,819.733680781759,23025.0,3.757447351321595e-07,3.757446771653707e-07,0.0,8.557157746236044,0.0073398479913137
mp-aaahhths,T1,ctp-hap:0.01,0.001,100,True,1,q_cut=0.2;alpha_rel=0.0001,U,unprojected,825.7587609922562,22857.0,3.762859712672704e-07,3.762859134478987e-07,0.0001069999999998,8.556878149178374,4.375027343920899e-05
mp-aaahhths,T1,ctp-hap:0.01,0.0001,100,True,2,q_cut=0.2;alpha_rel=0.0001,hap:0.01,projected,819.733680781759,23025.0,3.567369975214472e-07,3.567369365472903e-07,0.0,8.556282986189217,0.0073398479913137
mp-aaahhths,T1,ctp-hap:0.01,1e-05,100,True,2,q_cut=0.2;alpha_rel=0.0001,hap:0.01,projected,819.733680781759,23025.0,3.567369975214472e-07,3.567369365472903e-07,0.0,8.556282986189217,0.0073398479913137
mp-aaahhths,T1,ctp-hap:1,0.001,100,True,1,q_cut=0.2;alpha_rel=0.0001,U,unprojected,825.7587609922562,22857.0,3.762859712672704e-07,3.762859134478987e-07,0.0001069999999998,8.556878149178374,4.375027343920899e-05
mp-aaahhths,T1,ctp-hap:1,0.0001,100,True,2,q_cut=0.2;alpha_rel=0.0001,hap:1,projected,819.733680781759,23025.0,3.289335101543587e-07,3.2893344403548377e-07,0.0,8.55640648546705,0.0073398479913137
mp-aaahhths,T1,ctp-hap:1,1e-05,100,True,2,q_cut=0.2;alpha_rel=0.0001,hap:1,projected,819.733680781759,23025.0,3.289335101543587e-07,3.2893344403548377e-07,0.0,8.55640648546705,0.0073398479913137
mp-aaahhths,GP,hartree_only,0.001,0,False,0,,,,,,,,,,
mp-aaahhths,GP,hartree_only,0.0001,0,False,0,,,,,,,,,,
mp-aaahhths,GP,hartree_only,1e-05,0,False,0,,,,,,,,,,
mp-aaahhths,GP,none,0.001,0,False,0,,,,,,,,,,
mp-aaahhths,GP,none,0.0001,0,False,0,,,,,,,,,,
mp-aaahhths,GP,none,1e-05,0,False,0,,,,,,,,,,
mp-aaahhths,GP,uniform,0.001,0,False,0,,,,,,,,,,
mp-aaahhths,GP,uniform,0.0001,0,False,0,,,,,,,,,,
mp-aaahhths,GP,uniform,1e-05,0,False,0,,,,,,,,,,
mp-aaahhths,GP,hap:0.0001,0.001,0,False,0,,,,,,,,,,
mp-aaahhths,GP,hap:0.0001,0.0001,0,False,0,,,,,,,,,,
mp-aaahhths,GP,hap:0.0001,1e-05,0,False,0,,,,,,,,,,
mp-aaahhths,GP,hap:0.01,0.001,0,False,0,,,,,,,,,,
mp-aaahhths,GP,hap:0.01,0.0001,0,False,0,,,,,,,,,,
mp-aaahhths,GP,hap:0.01,1e-05,0,False,0,,,,,,,,,,
mp-aaahhths,GP,hap:1,0.001,0,False,0,,,,,,,,,,
mp-aaahhths,GP,hap:1,0.0001,0,False,0,,,,,,,,,,
mp-aaahhths,GP,hap:1,1e-05,0,False,0,,,,,,,,,,
mp-aaahhths,GP,ctp-uniform,0.001,0,False,0,,,,,,,,,,
mp-aaahhths,GP,ctp-uniform,0.0001,0,False,0,,,,,,,,,,
mp-aaahhths,GP,ctp-uniform,1e-05,0,False,0,,,,,,,,,,
mp-aaahhths,GP,ctp-hap:0.0001,0.001,0,False,0,,,,,,,,,,
mp-aaahhths,GP,ctp-hap:0.0001,0.0001,0,False,0,,,,,,,,,,
mp-aaahhths,GP,ctp-hap:0.0001,1e-05,0,False,0,,,,,,,,,,
mp-aaahhths,GP,ctp-hap:0.01,0.001,0,False,0,,,,,,,,,,
mp-aaahhths,GP,ctp-hap:0.01,0.0001,0,False,0,,,,,,,,,,
mp-aaahhths,GP,ctp-hap:0.01,1e-05,0,False,0,,,,,,,,,,
mp-aaahhths,GP,ctp-hap:1,0.001,0,False,0,,,,,,,,,,
mp-aaahhths,GP,ctp-hap:1,0.0001,0,False,0,,,,,,,,,,
mp-aaahhths,GP,ctp-hap:1,1e-05,0,False,0,,,,,,,,,,
mp-aaahhths,R3,hartree_only,0.001,6,True,0,tau=1e-06;k=0;margin=0.995,U,,1737.4913007456505,10863.0,9.945106777742265e-07,9.945106558975207e-07,,13.54975784602084,0.0
mp-aaahhths,R3,hartree_only,0.0001,6,True,0,tau=1e-06;k=0;margin=0.995,U,,1737.4913007456505,10863.0,9.945106777742265e-07,9.945106558975207e-07,,13.54975784602084,0.0
mp-aaahhths,R3,hartree_only,1e-05,6,True,0,tau=1e-06;k=0;margin=0.995,U,,1737.4913007456505,10863.0,9.945106777742265e-07,9.945106558975207e-07,,13.54975784602084,0.0
mp-aaahhths,R3,none,0.001,6,True,1,tau=1e-06;k=0;margin=0.995,U,,1737.4913007456505,10863.0,9.945106777742265e-07,9.945106558975207e-07,0.0005019999999991,13.54975784602084,0.0
mp-aaahhths,R3,none,0.0001,6,False,5,,,,,,,,,,
mp-aaahhths,R3,none,1e-05,6,False,5,,,,,,,,,,
mp-aaahhths,R3,uniform,0.001,0,False,0,,,,,,,,,,
mp-aaahhths,R3,uniform,0.0001,0,False,0,,,,,,,,,,
mp-aaahhths,R3,uniform,1e-05,0,False,0,,,,,,,,,,
mp-aaahhths,R3,hap:0.0001,0.001,6,True,1,tau=1e-06;k=0;margin=0.995,hap:0.0001,,1711.0296437313027,11031.0,9.982091551929989e-07,9.982091323788132e-07,0.0,13.54317613312196,0.0152298069078052
mp-aaahhths,R3,hap:0.0001,0.0001,6,True,1,tau=1e-06;k=0;margin=0.995,hap:0.0001,,1711.0296437313027,11031.0,9.982091551929989e-07,9.982091323788132e-07,0.0,13.54317613312196,0.0152298069078052
mp-aaahhths,R3,hap:0.0001,1e-05,6,True,1,tau=1e-06;k=0;margin=0.995,hap:0.0001,,1711.0296437313027,11031.0,9.982091551929989e-07,9.982091323788132e-07,0.0,13.54317613312196,0.0152298069078052
mp-aaahhths,R3,hap:0.01,0.001,0,False,0,,,,,,,,,,
mp-aaahhths,R3,hap:0.01,0.0001,0,False,0,,,,,,,,,,
mp-aaahhths,R3,hap:0.01,1e-05,0,False,0,,,,,,,,,,
mp-aaahhths,R3,hap:1,0.001,0,False,0,,,,,,,,,,
mp-aaahhths,R3,hap:1,0.0001,0,False,0,,,,,,,,,,
mp-aaahhths,R3,hap:1,1e-05,0,False,0,,,,,,,,,,
mp-aaahhths,R3,ctp-uniform,0.001,6,True,1,tau=1e-06;k=0;margin=0.995,U,unprojected,1737.3313696612663,10864.0,9.945106777742265e-07,9.945106558975207e-07,0.0005019999999991,13.54975784602084,9.204712812960235e-05
mp-aaahhths,R3,ctp-uniform,0.0001,6,False,5,,,,,,,,,,
mp-aaahhths,R3,ctp-uniform,1e-05,6,False,5,,,,,,,,,,
mp-aaahhths,R3,ctp-hap:0.0001,0.001,12,True,1,tau=1e-06;k=0;margin=0.995,U,unprojected,1737.3313696612663,10864.0,9.945106777742265e-07,9.945106558975207e-07,0.0005019999999991,13.54975784602084,9.204712812960235e-05
mp-aaahhths,R3,ctp-hap:0.0001,0.0001,12,False,5,,,,,,,,,,
mp-aaahhths,R3,ctp-hap:0.0001,1e-05,12,False,5,,,,,,,,,,
mp-aaahhths,R3,ctp-hap:0.01,0.001,6,True,1,tau=1e-06;k=0;margin=0.995,U,unprojected,1737.3313696612663,10864.0,9.945106777742265e-07,9.945106558975207e-07,0.0005019999999991,13.54975784602084,9.204712812960235e-05
mp-aaahhths,R3,ctp-hap:0.01,0.0001,6,False,5,,,,,,,,,,
mp-aaahhths,R3,ctp-hap:0.01,1e-05,6,False,5,,,,,,,,,,
mp-aaahhths,R3,ctp-hap:1,0.001,6,True,1,tau=1e-06;k=0;margin=0.995,U,unprojected,1737.3313696612663,10864.0,9.945106777742265e-07,9.945106558975207e-07,0.0005019999999991,13.54975784602084,9.204712812960235e-05
mp-aaahhths,R3,ctp-hap:1,0.0001,6,False,5,,,,,,,,,,
mp-aaahhths,R3,ctp-hap:1,1e-05,6,False,5,,,,,,,,,,
mp-aaahhths,GF,hartree_only,0.001,45,True,0,ZFP;tol_rel=0.001,U,,49.11823121603897,384264.0,5.050466222324439e-07,5.050462603283509e-07,,0.8825845399999821,0.0
mp-aaahhths,GF,hartree_only,0.0001,45,True,0,ZFP;tol_rel=0.001,U,,49.11823121603897,384264.0,5.050466222324439e-07,5.050462603283509e-07,,0.8825845399999821,0.0
mp-aaahhths,GF,hartree_only,1e-05,45,True,0,ZFP;tol_rel=0.001,U,,49.11823121603897,384264.0,5.050466222324439e-07,5.050462603283509e-07,,0.8825845399999821,0.0
mp-aaahhths,GF,none,0.001,45,True,1,ZFP;tol_rel=0.001,U,,49.11823121603897,384264.0,5.050466222324439e-07,5.050462603283509e-07,0.0001040000000003,0.8825845399999821,0.0
mp-aaahhths,GF,none,0.0001,45,True,2,ZFP;tol_rel=0.000464159,U,,41.2789082320007,457240.0,9.031345462639688e-07,9.031344894022306e-07,5.200000000016303e-05,0.4360071862500092,0.0
mp-aaahhths,GF,none,1e-05,45,False,5,,,,,,,,,,
mp-aaahhths,GF,uniform,0.001,44,True,1,ZFP;tol_rel=0.001,uniform,,49.09778785923876,384424.0,6.652184768704349e-07,6.652182021450269e-07,0.0,0.8817076010320193,0.0004162071046552
mp-aaahhths,GF,uniform,0.0001,44,True,1,ZFP;tol_rel=0.001,uniform,,49.09778785923876,384424.0,6.652184768704349e-07,6.652182021450269e-07,0.0,0.8817076010320193,0.0004162071046552
mp-aaahhths,GF,uniform,1e-05,44,True,1,ZFP;tol_rel=0.001,uniform,,49.09778785923876,384424.0,6.652184768704349e-07,6.652182021450269e-07,0.0,0.8817076010320193,0.0004162071046552
mp-aaahhths,GF,hap:0.0001,0.001,45,True,1,ZFP;tol_rel=0.001,hap:0.0001,,49.09676613809464,384432.0,5.031003169881099e-07,5.030999537644476e-07,0.0,0.8811284251489724,0.0004370083655887
mp-aaahhths,GF,hap:0.0001,0.0001,45,True,1,ZFP;tol_rel=0.001,hap:0.0001,,49.09676613809464,384432.0,5.031003169881099e-07,5.030999537644476e-07,0.0,0.8811284251489724,0.0004370083655887
mp-aaahhths,GF,hap:0.0001,1e-05,45,True,1,ZFP;tol_rel=0.001,hap:0.0001,,49.09676613809464,384432.0,5.031003169881099e-07,5.030999537644476e-07,0.0,0.8811284251489724,0.0004370083655887
mp-aaahhths,GF,hap:0.01,0.001,45,True,1,ZFP;tol_rel=0.001,hap:0.01,,49.09676613809464,384432.0,4.824411330018811e-07,4.824407541867701e-07,0.0,0.8814416058231132,0.0004370083655887
mp-aaahhths,GF,hap:0.01,0.0001,45,True,1,ZFP;tol_rel=0.001,hap:0.01,,49.09676613809464,384432.0,4.824411330018811e-07,4.824407541867701e-07,0.0,0.8814416058231132,0.0004370083655887
mp-aaahhths,GF,hap:0.01,1e-05,45,True,1,ZFP;tol_rel=0.001,hap:0.01,,49.09676613809464,384432.0,4.824411330018811e-07,4.824407541867701e-07,0.0,0.8814416058231132,0.0004370083655887
mp-aaahhths,GF,hap:1,0.001,44,True,1,ZFP;tol_rel=0.001,hap:1,,49.09676613809464,384432.0,3.583999484185679e-07,3.583994385016627e-07,0.0,0.8817001178918531,0.0004370083655887
mp-aaahhths,GF,hap:1,0.0001,44,True,1,ZFP;tol_rel=0.001,hap:1,,49.09676613809464,384432.0,3.583999484185679e-07,3.583994385016627e-07,0.0,0.8817001178918531,0.0004370083655887
mp-aaahhths,GF,hap:1,1e-05,44,True,1,ZFP;tol_rel=0.001,hap:1,,49.09676613809464,384432.0,3.583999484185679e-07,3.583994385016627e-07,0.0,0.8817001178918531,0.0004370083655887
mp-aaahhths,GF,ctp-uniform,0.001,89,True,1,ZFP;tol_rel=0.001,U,unprojected,49.118103392190285,384265.0,5.050466222324439e-07,5.050462603283509e-07,0.0001040000000003,0.8825845399999821,2.6023707597621435e-06
mp-aaahhths,GF,ctp-uniform,0.0001,89,True,2,ZFP;tol_rel=0.001,uniform,projected,49.09766014177018,384425.0,6.652184768704349e-07,6.652182021450269e-07,0.0,0.8817076010320193,0.0004188073096182
mp-aaahhths,GF,ctp-uniform,1e-05,89,True,2,ZFP;tol_rel=0.001,uniform,projected,49.09766014177018,384425.0,6.652184768704349e-07,6.652182021450269e-07,0.0,0.8817076010320193,0.0004188073096182
mp-aaahhths,GF,ctp-hap:0.0001,0.001,90,True,1,ZFP;tol_rel=0.001,U,unprojected,49.118103392190285,384265.0,5.050466222324439e-07,5.050462603283509e-07,0.0001040000000003,0.8825845399999821,2.6023707597621435e-06
mp-aaahhths,GF,ctp-hap:0.0001,0.0001,90,True,2,ZFP;tol_rel=0.001,hap:0.0001,projected,49.09663842594159,384433.0,5.031003169881099e-07,5.030999537644476e-07,0.0,0.8811284251489724,0.0004396084623328
mp-aaahhths,GF,ctp-hap:0.0001,1e-05,90,True,2,ZFP;tol_rel=0.001,hap:0.0001,projected,49.09663842594159,384433.0,5.031003169881099e-07,5.030999537644476e-07,0.0,0.8811284251489724,0.0004396084623328
mp-aaahhths,GF,ctp-hap:0.01,0.001,90,True,1,ZFP;tol_rel=0.001,U,unprojected,49.118103392190285,384265.0,5.050466222324439e-07,5.050462603283509e-07,0.0001040000000003,0.8825845399999821,2.6023707597621435e-06
mp-aaahhths,GF,ctp-hap:0.01,0.0001,90,True,2,ZFP;tol_rel=0.001,hap:0.01,projected,49.09663842594159,384433.0,4.824411330018811e-07,4.824407541867701e-07,0.0,0.8814416058231132,0.0004396084623328
mp-aaahhths,GF,ctp-hap:0.01,1e-05,90,True,2,ZFP;tol_rel=0.001,hap:0.01,projected,49.09663842594159,384433.0,4.824411330018811e-07,4.824407541867701e-07,0.0,0.8814416058231132,0.0004396084623328
mp-aaahhths,GF,ctp-hap:1,0.001,89,True,1,ZFP;tol_rel=0.001,U,unprojected,49.118103392190285,384265.0,5.050466222324439e-07,5.050462603283509e-07,0.0001040000000003,0.8825845399999821,2.6023707597621435e-06
mp-aaahhths,GF,ctp-hap:1,0.0001,89,True,2,ZFP;tol_rel=0.001,hap:1,projected,49.09663842594159,384433.0,3.583999484185679e-07,3.583994385016627e-07,0.0,0.8817001178918531,0.0004396084623328
mp-aaahhths,GF,ctp-hap:1,1e-05,89,True,2,ZFP;tol_rel=0.001,hap:1,projected,49.09663842594159,384433.0,3.583999484185679e-07,3.583994385016627e-07,0.0,0.8817001178918531,0.0004396084623328
mp-aaaaagqm,J,hartree_only,0.001,18,True,0,alpha_rel=0.0464159,U,,1172.625647550668,33009.0,5.52548495652311e-07,5.525484026973134e-07,,12.2331208663265,0.0
mp-aaaaagqm,J,hartree_only,0.0001,18,True,0,alpha_rel=0.0464159,U,,1172.625647550668,33009.0,5.52548495652311e-07,5.525484026973134e-07,,12.2331208663265,0.0
mp-aaaaagqm,J,hartree_only,1e-05,18,True,0,alpha_rel=0.0464159,U,,1172.625647550668,33009.0,5.52548495652311e-07,5.525484026973134e-07,,12.2331208663265,0.0
mp-aaaaagqm,J,none,0.001,18,True,1,alpha_rel=0.0464159,U,,1172.625647550668,33009.0,5.52548495652311e-07,5.525484026973134e-07,0.000240999999999,12.2331208663265,0.0
mp-aaaaagqm,J,none,0.0001,18,True,3,alpha_rel=0.01,U,,807.7462437395659,47920.0,1.669644403942238e-07,1.6696413277071476e-07,6.4000000000064e-05,9.355522538688092,0.0
mp-aaaaagqm,J,none,1e-05,18,False,5,,,,,,,,,,
mp-aaaaagqm,J,uniform,0.001,17,True,1,alpha_rel=0.0215443,uniform,,986.2209539339584,39248.0,7.164669485470655e-07,7.164668767534004e-07,0.0,11.622710110044864,0.0069302894415002
mp-aaaaagqm,J,uniform,0.0001,17,True,1,alpha_rel=0.0215443,uniform,,986.2209539339584,39248.0,7.164669485470655e-07,7.164668767534004e-07,0.0,11.622710110044864,0.0069302894415002
mp-aaaaagqm,J,uniform,1e-05,17,True,1,alpha_rel=0.0215443,uniform,,986.2209539339584,39248.0,7.164669485470655e-07,7.164668767534004e-07,0.0,11.622710110044864,0.0069302894415002
mp-aaaaagqm,J,hap:0.0001,0.001,18,True,1,alpha_rel=0.0464159,hap:0.0001,,1162.7624740905403,33289.0,5.552344644155716e-07,5.552343703073877e-07,0.0,12.233120884202684,0.0084111868785484
mp-aaaaagqm,J,hap:0.0001,0.0001,18,True,1,alpha_rel=0.0464159,hap:0.0001,,1162.7624740905403,33289.0,5.552344644155716e-07,5.552343703073877e-07,0.0,12.233120884202684,0.0084111868785484
mp-aaaaagqm,J,hap:0.0001,1e-05,18,True,1,alpha_rel=0.0464159,hap:0.0001,,1162.7624740905403,33289.0,5.552344644155716e-07,5.552343703073877e-07,0.0,12.233120884202684,0.0084111868785484
mp-aaaaagqm,J,hap:0.01,0.001,18,True,1,alpha_rel=0.0464159,hap:0.01,,1162.7624740905403,33289.0,6.41703772697545e-07,6.417036924268027e-07,0.0,12.23310818602118,0.0084111868785484
mp-aaaaagqm,J,hap:0.01,0.0001,18,True,1,alpha_rel=0.0464159,hap:0.01,,1162.7624740905403,33289.0,6.41703772697545e-07,6.417036924268027e-07,0.0,12.23310818602118,0.0084111868785484
mp-aaaaagqm,J,hap:0.01,1e-05,18,True,1,alpha_rel=0.0464159,hap:0.01,,1162.7624740905403,33289.0,6.41703772697545e-07,6.417036924268027e-07,0.0,12.23310818602118,0.0084111868785484
mp-aaaaagqm,J,hap:1,0.001,17,True,1,alpha_rel=0.0215443,hap:1,,986.0199714693296,39256.0,6.490267271392323e-07,6.490266478839614e-07,0.0,11.622725125615034,0.007132667617689
mp-aaaaagqm,J,hap:1,0.0001,17,True,1,alpha_rel=0.0215443,hap:1,,986.0199714693296,39256.0,6.490267271392323e-07,6.490266478839614e-07,0.0,11.622725125615034,0.007132667617689
mp-aaaaagqm,J,hap:1,1e-05,17,True,1,alpha_rel=0.0215443,hap:1,,986.0199714693296,39256.0,6.490267271392323e-07,6.490266478839614e-07,0.0,11.622725125615034,0.007132667617689
mp-aaaaagqm,J,ctp-uniform,0.001,35,True,1,alpha_rel=0.0464159,U,unprojected,1172.5901242047864,33010.0,5.52548495652311e-07,5.525484026973134e-07,0.000240999999999,12.2331208663265,3.029385034837928e-05
mp-aaaaagqm,J,ctp-uniform,0.0001,35,True,3,alpha_rel=0.0215443,uniform,projected,986.1958266452648,39249.0,7.164669485470655e-07,7.164668767534004e-07,0.0,11.622710110044864,0.0069555912252541
mp-aaaaagqm,J,ctp-uniform,1e-05,35,True,3,alpha_rel=0.0215443,uniform,projected,986.1958266452648,39249.0,7.164669485470655e-07,7.164668767534004e-07,0.0,11.622710110044864,0.0069555912252541
mp-aaaaagqm,J,ctp-hap:0.0001,0.001,36,True,1,alpha_rel=0.0464159,U,unprojected,1172.5901242047864,33010.0,5.52548495652311e-07,5.525484026973134e-07,0.000240999999999,12.2331208663265,3.029385034837928e-05
mp-aaaaagqm,J,ctp-hap:0.0001,0.0001,36,True,2,alpha_rel=0.0464159,hap:0.0001,projected,1162.7275458095523,33290.0,5.552344644155716e-07,5.552343703073877e-07,0.0,12.233120884202684,0.0084409732652448
mp-aaaaagqm,J,ctp-hap:0.0001,1e-05,36,True,2,alpha_rel=0.0464159,hap:0.0001,projected,1162.7275458095523,33290.0,5.552344644155716e-07,5.552343703073877e-07,0.0,12.233120884202684,0.0084409732652448
mp-aaaaagqm,J,ctp-hap:0.01,0.001,36,True,1,alpha_rel=0.0464159,U,unprojected,1172.5901242047864,33010.0,5.52548495652311e-07,5.525484026973134e-07,0.000240999999999,12.2331208663265,3.029385034837928e-05
mp-aaaaagqm,J,ctp-hap:0.01,0.0001,36,True,2,alpha_rel=0.0464159,hap:0.01,projected,1162.7275458095523,33290.0,6.41703772697545e-07,6.417036924268027e-07,0.0,12.23310818602118,0.0084409732652448
mp-aaaaagqm,J,ctp-hap:0.01,1e-05,36,True,2,alpha_rel=0.0464159,hap:0.01,projected,1162.7275458095523,33290.0,6.41703772697545e-07,6.417036924268027e-07,0.0,12.23310818602118,0.0084409732652448
mp-aaaaagqm,J,ctp-hap:1,0.001,35,True,1,alpha_rel=0.0464159,U,unprojected,1172.5901242047864,33010.0,5.52548495652311e-07,5.525484026973134e-07,0.000240999999999,12.2331208663265,3.029385034837928e-05
mp-aaaaagqm,J,ctp-hap:1,0.0001,35,True,3,alpha_rel=0.0215443,hap:1,projected,985.9948544208676,39257.0,6.490267271392323e-07,6.490266478839614e-07,0.0,11.622725125615034,0.0071579590900985
mp-aaaaagqm,J,ctp-hap:1,1e-05,35,True,3,alpha_rel=0.0215443,hap:1,projected,985.9948544208676,39257.0,6.490267271392323e-07,6.490266478839614e-07,0.0,11.622725125615034,0.0071579590900985
mp-aaaaagqm,T1,hartree_only,0.001,50,True,0,q_cut=0.2;alpha_rel=0.0001,U,,975.1152538103036,39695.0,7.451975963999947e-07,7.45197527475803e-07,,15.299415076880903,0.0
mp-aaaaagqm,T1,hartree_only,0.0001,50,True,0,q_cut=0.2;alpha_rel=0.0001,U,,975.1152538103036,39695.0,7.451975963999947e-07,7.45197527475803e-07,,15.299415076880903,0.0
mp-aaaaagqm,T1,hartree_only,1e-05,50,True,0,q_cut=0.2;alpha_rel=0.0001,U,,975.1152538103036,39695.0,7.451975963999947e-07,7.45197527475803e-07,,15.299415076880903,0.0
mp-aaaaagqm,T1,none,0.001,50,True,1,q_cut=0.2;alpha_rel=0.0001,U,,975.1152538103036,39695.0,7.451975963999947e-07,7.45197527475803e-07,0.0001940000000004,15.299415076880903,0.0
mp-aaaaagqm,T1,none,0.0001,50,False,5,,,,,,,,,,
mp-aaaaagqm,T1,none,1e-05,50,False,5,,,,,,,,,,
mp-aaaaagqm,T1,uniform,0.001,55,True,1,q_cut=0.2;alpha_rel=0.000215443,uniform,,1117.0264342606488,34652.0,8.755810788214328e-07,8.755810199565003e-07,0.0,15.58181649497601,0.0078494747777906
mp-aaaaagqm,T1,uniform,0.0001,55,True,1,q_cut=0.2;alpha_rel=0.000215443,uniform,,1117.0264342606488,34652.0,8.755810788214328e-07,8.755810199565003e-07,0.0,15.58181649497601,0.0078494747777906
mp-aaaaagqm,T1,uniform,1e-05,55,True,1,q_cut=0.2;alpha_rel=0.000215443,uniform,,1117.0264342606488,34652.0,8.755810788214328e-07,8.755810199565003e-07,0.0,15.58181649497601,0.0078494747777906
mp-aaaaagqm,T1,hap:0.0001,0.001,50,True,1,q_cut=0.2;alpha_rel=0.0001,hap:0.0001,,968.2851782363978,39975.0,7.4625950596557e-07,7.462594351993791e-07,0.0,15.298079535719808,0.007004377736085
mp-aaaaagqm,T1,hap:0.0001,0.0001,50,True,1,q_cut=0.2;alpha_rel=0.0001,hap:0.0001,,968.2851782363978,39975.0,7.4625950596557e-07,7.462594351993791e-07,0.0,15.298079535719808,0.007004377736085
mp-aaaaagqm,T1,hap:0.0001,1e-05,50,True,1,q_cut=0.2;alpha_rel=0.0001,hap:0.0001,,968.2851782363978,39975.0,7.4625950596557e-07,7.462594351993791e-07,0.0,15.298079535719808,0.007004377736085
mp-aaaaagqm,T1,hap:0.01,0.001,50,True,1,q_cut=0.2;alpha_rel=0.0001,hap:0.01,,968.2851782363978,39975.0,7.74270946032252e-07,7.742708793248382e-07,0.0,15.301147222156942,0.007004377736085
mp-aaaaagqm,T1,hap:0.01,0.0001,50,True,1,q_cut=0.2;alpha_rel=0.0001,hap:0.01,,968.2851782363978,39975.0,7.74270946032252e-07,7.742708793248382e-07,0.0,15.301147222156942,0.007004377736085
mp-aaaaagqm,T1,hap:0.01,1e-05,50,True,1,q_cut=0.2;alpha_rel=0.0001,hap:0.01,,968.2851782363978,39975.0,7.74270946032252e-07,7.742708793248382e-07,0.0,15.301147222156942,0.007004377736085
mp-aaaaagqm,T1,hap:1,0.001,55,True,1,q_cut=0.2;alpha_rel=0.000215443,hap:1,,1116.7686093479515,34660.0,8.951165962482242e-07,8.951165386643631e-07,0.0,15.582306388985671,0.0080784766301211
mp-aaaaagqm,T1,hap:1,0.0001,55,True,1,q_cut=0.2;alpha_rel=0.000215443,hap:1,,1116.7686093479515,34660.0,8.951165962482242e-07,8.951165386643631e-07,0.0,15.582306388985671,0.0080784766301211
mp-aaaaagqm,T1,hap:1,1e-05,55,True,1,q_cut=0.2;alpha_rel=0.000215443,hap:1,,1116.7686093479515,34660.0,8.951165962482242e-07,8.951165386643631e-07,0.0,15.582306388985671,0.0080784766301211
mp-aaaaagqm,T1,ctp-uniform,0.001,105,True,2,q_cut=0.2;alpha_rel=0.0001,U,unprojected,975.0906892382104,39696.0,7.451975963999947e-07,7.45197527475803e-07,0.0001940000000004,15.299415076880903,2.5191455058444177e-05
mp-aaaaagqm,T1,ctp-uniform,0.0001,105,True,1,q_cut=0.2;alpha_rel=0.000215443,uniform,projected,1116.994199636395,34653.0,8.755810788214328e-07,8.755810199565003e-07,0.0,15.58181649497601,0.0078781057917063
mp-aaaaagqm,T1,ctp-uniform,1e-05,105,True,1,q_cut=0.2;alpha_rel=0.000215443,uniform,projected,1116.994199636395,34653.0,8.755810788214328e-07,8.755810199565003e-07,0.0,15.58181649497601,0.0078781057917063
mp-aaaaagqm,T1,ctp-hap:0.0001,0.001,100,True,1,q_cut=0.2;alpha_rel=0.0001,U,unprojected,975.0906892382104,39696.0,7.451975963999947e-07,7.45197527475803e-07,0.0001940000000004,15.299415076880903,2.5191455058444177e-05
mp-aaaaagqm,T1,ctp-hap:0.0001,0.0001,100,True,2,q_cut=0.2;alpha_rel=0.0001,hap:0.0001,projected,968.2609565739444,39976.0,7.4625950596557e-07,7.462594351993791e-07,0.0,15.298079535719808,0.0070292175305183
mp-aaaaagqm,T1,ctp-hap:0.0001,1e-05,100,True,2,q_cut=0.2;alpha_rel=0.0001,hap:0.0001,projected,968.2609565739444,39976.0,7.4625950596557e-07,7.462594351993791e-07,0.0,15.298079535719808,0.0070292175305183
mp-aaaaagqm,T1,ctp-hap:0.01,0.001,100,True,1,q_cut=0.2;alpha_rel=0.0001,U,unprojected,975.0906892382104,39696.0,7.451975963999947e-07,7.45197527475803e-07,0.0001940000000004,15.299415076880903,2.5191455058444177e-05
mp-aaaaagqm,T1,ctp-hap:0.01,0.0001,100,True,2,q_cut=0.2;alpha_rel=0.0001,hap:0.01,projected,968.2609565739444,39976.0,7.74270946032252e-07,7.742708793248382e-07,0.0,15.301147222156942,0.0070292175305183
mp-aaaaagqm,T1,ctp-hap:0.01,1e-05,100,True,2,q_cut=0.2;alpha_rel=0.0001,hap:0.01,projected,968.2609565739444,39976.0,7.74270946032252e-07,7.742708793248382e-07,0.0,15.301147222156942,0.0070292175305183
mp-aaaaagqm,T1,ctp-hap:1,0.001,105,True,2,q_cut=0.2;alpha_rel=0.0001,U,unprojected,975.0906892382104,39696.0,7.451975963999947e-07,7.45197527475803e-07,0.0001940000000004,15.299415076880903,2.5191455058444177e-05
mp-aaaaagqm,T1,ctp-hap:1,0.0001,105,True,1,q_cut=0.2;alpha_rel=0.000215443,hap:1,projected,1116.7363896021466,34661.0,8.951165962482242e-07,8.951165386643631e-07,0.0,15.582306388985671,0.008107094428897
mp-aaaaagqm,T1,ctp-hap:1,1e-05,105,True,1,q_cut=0.2;alpha_rel=0.000215443,hap:1,projected,1116.7363896021466,34661.0,8.951165962482242e-07,8.951165386643631e-07,0.0,15.582306388985671,0.008107094428897
mp-aaaaagqm,GP,hartree_only,0.001,0,False,0,,,,,,,,,,
mp-aaaaagqm,GP,hartree_only,0.0001,0,False,0,,,,,,,,,,
mp-aaaaagqm,GP,hartree_only,1e-05,0,False,0,,,,,,,,,,
mp-aaaaagqm,GP,none,0.001,0,False,0,,,,,,,,,,
mp-aaaaagqm,GP,none,0.0001,0,False,0,,,,,,,,,,
mp-aaaaagqm,GP,none,1e-05,0,False,0,,,,,,,,,,
mp-aaaaagqm,GP,uniform,0.001,0,False,0,,,,,,,,,,
mp-aaaaagqm,GP,uniform,0.0001,0,False,0,,,,,,,,,,
mp-aaaaagqm,GP,uniform,1e-05,0,False,0,,,,,,,,,,
mp-aaaaagqm,GP,hap:0.0001,0.001,0,False,0,,,,,,,,,,
mp-aaaaagqm,GP,hap:0.0001,0.0001,0,False,0,,,,,,,,,,
mp-aaaaagqm,GP,hap:0.0001,1e-05,0,False,0,,,,,,,,,,
mp-aaaaagqm,GP,hap:0.01,0.001,0,False,0,,,,,,,,,,
mp-aaaaagqm,GP,hap:0.01,0.0001,0,False,0,,,,,,,,,,
mp-aaaaagqm,GP,hap:0.01,1e-05,0,False,0,,,,,,,,,,
mp-aaaaagqm,GP,hap:1,0.001,0,False,0,,,,,,,,,,
mp-aaaaagqm,GP,hap:1,0.0001,0,False,0,,,,,,,,,,
mp-aaaaagqm,GP,hap:1,1e-05,0,False,0,,,,,,,,,,
mp-aaaaagqm,GP,ctp-uniform,0.001,0,False,0,,,,,,,,,,
mp-aaaaagqm,GP,ctp-uniform,0.0001,0,False,0,,,,,,,,,,
mp-aaaaagqm,GP,ctp-uniform,1e-05,0,False,0,,,,,,,,,,
mp-aaaaagqm,GP,ctp-hap:0.0001,0.001,0,False,0,,,,,,,,,,
mp-aaaaagqm,GP,ctp-hap:0.0001,0.0001,0,False,0,,,,,,,,,,
mp-aaaaagqm,GP,ctp-hap:0.0001,1e-05,0,False,0,,,,,,,,,,
mp-aaaaagqm,GP,ctp-hap:0.01,0.001,0,False,0,,,,,,,,,,
mp-aaaaagqm,GP,ctp-hap:0.01,0.0001,0,False,0,,,,,,,,,,
mp-aaaaagqm,GP,ctp-hap:0.01,1e-05,0,False,0,,,,,,,,,,
mp-aaaaagqm,GP,ctp-hap:1,0.001,0,False,0,,,,,,,,,,
mp-aaaaagqm,GP,ctp-hap:1,0.0001,0,False,0,,,,,,,,,,
mp-aaaaagqm,GP,ctp-hap:1,1e-05,0,False,0,,,,,,,,,,
mp-aaaaagqm,R3,hartree_only,0.001,6,True,0,tau=1e-06;k=0;margin=0.995,U,,1912.694569353165,20237.0,9.93103386235305e-07,9.931033345164793e-07,,10.306918466349046,0.0
mp-aaaaagqm,R3,hartree_only,0.0001,6,True,0,tau=1e-06;k=0;margin=0.995,U,,1912.694569353165,20237.0,9.93103386235305e-07,9.931033345164793e-07,,10.306918466349046,0.0
mp-aaaaagqm,R3,hartree_only,1e-05,6,True,0,tau=1e-06;k=0;margin=0.995,U,,1912.694569353165,20237.0,9.93103386235305e-07,9.931033345164793e-07,,10.306918466349046,0.0
mp-aaaaagqm,R3,none,0.001,6,True,1,tau=1e-06;k=0;margin=0.995,U,,1912.694569353165,20237.0,9.93103386235305e-07,9.931033345164793e-07,0.0004410000000003,10.306918466349046,0.0
mp-aaaaagqm,R3,none,0.0001,6,False,5,,,,,,,,,,
mp-aaaaagqm,R3,none,1e-05,6,False,5,,,,,,,,,,
mp-aaaaagqm,R3,uniform,0.001,0,False,0,,,,,,,,,,
mp-aaaaagqm,R3,uniform,0.0001,0,False,0,,,,,,,,,,
mp-aaaaagqm,R3,uniform,1e-05,0,False,0,,,,,,,,,,
mp-aaaaagqm,R3,hap:0.0001,0.001,5,True,1,tau=1e-06;k=1;margin=0.990025,hap:0.0001,,1885.580670303975,20528.0,9.987819285906242e-07,9.987818717133996e-07,0.0,10.215428525821892,0.0136399064692127
mp-aaaaagqm,R3,hap:0.0001,0.0001,5,True,1,tau=1e-06;k=1;margin=0.990025,hap:0.0001,,1885.580670303975,20528.0,9.987819285906242e-07,9.987818717133996e-07,0.0,10.215428525821892,0.0136399064692127
mp-aaaaagqm,R3,hap:0.0001,1e-05,5,True,1,tau=1e-06;k=1;margin=0.990025,hap:0.0001,,1885.580670303975,20528.0,9.987819285906242e-07,9.987818717133996e-07,0.0,10.215428525821892,0.0136399064692127
mp-aaaaagqm,R3,hap:0.01,0.001,0,False,0,,,,,,,,,,
mp-aaaaagqm,R3,hap:0.01,0.0001,0,False,0,,,,,,,,,,
mp-aaaaagqm,R3,hap:0.01,1e-05,0,False,0,,,,,,,,,,
mp-aaaaagqm,R3,hap:1,0.001,0,False,0,,,,,,,,,,
mp-aaaaagqm,R3,hap:1,0.0001,0,False,0,,,,,,,,,,
mp-aaaaagqm,R3,hap:1,1e-05,0,False,0,,,,,,,,,,
mp-aaaaagqm,R3,ctp-uniform,0.001,6,True,1,tau=1e-06;k=0;margin=0.995,U,unprojected,1912.6000592943967,20238.0,9.93103386235305e-07,9.931033345164793e-07,0.0004410000000003,10.306918466349046,4.941199723292816e-05
mp-aaaaagqm,R3,ctp-uniform,0.0001,6,False,5,,,,,,,,,,
mp-aaaaagqm,R3,ctp-uniform,1e-05,6,False,5,,,,,,,,,,
mp-aaaaagqm,R3,ctp-hap:0.0001,0.001,11,True,1,tau=1e-06;k=0;margin=0.995,U,unprojected,1912.6000592943967,20238.0,9.93103386235305e-07,9.931033345164793e-07,0.0004410000000003,10.306918466349046,4.941199723292816e-05
mp-aaaaagqm,R3,ctp-hap:0.0001,0.0001,11,False,5,,,,,,,,,,
mp-aaaaagqm,R3,ctp-hap:0.0001,1e-05,11,False,5,,,,,,,,,,
mp-aaaaagqm,R3,ctp-hap:0.01,0.001,6,True,1,tau=1e-06;k=0;margin=0.995,U,unprojected,1912.6000592943967,20238.0,9.93103386235305e-07,9.931033345164793e-07,0.0004410000000003,10.306918466349046,4.941199723292816e-05
mp-aaaaagqm,R3,ctp-hap:0.01,0.0001,6,False,5,,,,,,,,,,
mp-aaaaagqm,R3,ctp-hap:0.01,1e-05,6,False,5,,,,,,,,,,
mp-aaaaagqm,R3,ctp-hap:1,0.001,6,True,1,tau=1e-06;k=0;margin=0.995,U,unprojected,1912.6000592943967,20238.0,9.93103386235305e-07,9.931033345164793e-07,0.0004410000000003,10.306918466349046,4.941199723292816e-05
mp-aaaaagqm,R3,ctp-hap:1,0.0001,6,False,5,,,,,,,,,,
mp-aaaaagqm,R3,ctp-hap:1,1e-05,6,False,5,,,,,,,,,,
mp-aaaaagqm,GF,hartree_only,0.001,43,True,0,ZFP;tol_rel=0.001,U,,50.11600928074246,772352.0,7.593410562202822e-07,7.593402936193566e-07,,1.5426294300000336,0.0
mp-aaaaagqm,GF,hartree_only,0.0001,43,True,0,ZFP;tol_rel=0.001,U,,50.11600928074246,772352.0,7.593410562202822e-07,7.593402936193566e-07,,1.5426294300000336,0.0
mp-aaaaagqm,GF,hartree_only,1e-05,43,True,0,ZFP;tol_rel=0.001,U,,50.11600928074246,772352.0,7.593410562202822e-07,7.593402936193566e-07,,1.5426294300000336,0.0
mp-aaaaagqm,GF,none,0.001,43,True,1,ZFP;tol_rel=0.001,U,,50.11600928074246,772352.0,7.593410562202822e-07,7.593402936193566e-07,9.200000000042508e-05,1.5426294300000336,0.0
mp-aaaaagqm,GF,none,0.0001,43,True,1,ZFP;tol_rel=0.001,U,,50.11600928074246,772352.0,7.593410562202822e-07,7.593402936193566e-07,9.200000000042508e-05,1.5426294300000336,0.0
mp-aaaaagqm,GF,none,1e-05,43,True,4,ZFP;tol_rel=4.64159e-05,U,,26.07992583089876,1484176.0,1.361299296973706e-07,1.3612990452443728e-07,4.999999999810711e-06,0.1292020224999532,0.0
mp-aaaaagqm,GF,uniform,0.001,46,True,1,ZFP;tol_rel=0.001,uniform,,50.09836608751476,772624.0,7.90846373553968e-07,7.9084564133199e-07,0.0,1.5403176307676176,0.0003520470500528
mp-aaaaagqm,GF,uniform,0.0001,46,True,1,ZFP;tol_rel=0.001,uniform,,50.09836608751476,772624.0,7.90846373553968e-07,7.9084564133199e-07,0.0,1.5403176307676176,0.0003520470500528
mp-aaaaagqm,GF,uniform,1e-05,46,True,1,ZFP;tol_rel=0.001,uniform,,50.09836608751476,772624.0,7.90846373553968e-07,7.9084564133199e-07,0.0,1.5403176307676176,0.0003520470500528
mp-aaaaagqm,GF,hap:0.0001,0.001,43,True,1,ZFP;tol_rel=0.001,hap:0.0001,,50.09784735812133,772632.0,7.568909295370758e-07,7.568901644016993e-07,0.0,1.543345031492322,0.0003623976226715
mp-aaaaagqm,GF,hap:0.0001,0.0001,43,True,1,ZFP;tol_rel=0.001,hap:0.0001,,50.09784735812133,772632.0,7.568909295370758e-07,7.568901644016993e-07,0.0,1.543345031492322,0.0003623976226715
mp-aaaaagqm,GF,hap:0.0001,1e-05,43,True,1,ZFP;tol_rel=0.001,hap:0.0001,,50.09784735812133,772632.0,7.568909295370758e-07,7.568901644016993e-07,0.0,1.543345031492322,0.0003623976226715
mp-aaaaagqm,GF,hap:0.01,0.001,43,True,1,ZFP;tol_rel=0.001,hap:0.01,,50.09784735812133,772632.0,7.173438390590281e-07,7.173430318133707e-07,0.0,1.5412735185220754,0.0003623976226715
mp-aaaaagqm,GF,hap:0.01,0.0001,43,True,1,ZFP;tol_rel=0.001,hap:0.01,,50.09784735812133,772632.0,7.173438390590281e-07,7.173430318133707e-07,0.0,1.5412735185220754,0.0003623976226715
mp-aaaaagqm,GF,hap:0.01,1e-05,43,True,1,ZFP;tol_rel=0.001,hap:0.01,,50.09784735812133,772632.0,7.173438390590281e-07,7.173430318133707e-07,0.0,1.5412735185220754,0.0003623976226715
mp-aaaaagqm,GF,hap:1,0.001,45,True,1,ZFP;tol_rel=0.001,hap:1,,50.09784735812133,772632.0,6.595053605786548e-07,6.595044825355377e-07,0.0,1.540326546368192,0.0003623976226715
mp-aaaaagqm,GF,hap:1,0.0001,45,True,1,ZFP;tol_rel=0.001,hap:1,,50.09784735812133,772632.0,6.595053605786548e-07,6.595044825355377e-07,0.0,1.540326546368192,0.0003623976226715
mp-aaaaagqm,GF,hap:1,1e-05,45,True,1,ZFP;tol_rel=0.001,hap:1,,50.09784735812133,772632.0,6.595053605786548e-07,6.595044825355377e-07,0.0,1.540326546368192,0.0003623976226715
mp-aaaaagqm,GF,ctp-uniform,0.001,89,True,1,ZFP;tol_rel=0.001,U,unprojected,50.11594439330203,772353.0,7.593410562202822e-07,7.593402936193566e-07,9.200000000042508e-05,1.5426294300000336,1.2947447604916404e-06
mp-aaaaagqm,GF,ctp-uniform,0.0001,89,True,1,ZFP;tol_rel=0.001,U,unprojected,50.11594439330203,772353.0,7.593410562202822e-07,7.593402936193566e-07,9.200000000042508e-05,1.5426294300000336,1.2947447604916404e-06
mp-aaaaagqm,GF,ctp-uniform,1e-05,89,True,2,ZFP;tol_rel=0.001,uniform,projected,50.09830124575311,772625.0,7.90846373553968e-07,7.9084564133199e-07,0.0,1.5403176307676176,0.0003533408833522
mp-aaaaagqm,GF,ctp-hap:0.0001,0.001,86,True,1,ZFP;tol_rel=0.001,U,unprojected,50.11594439330203,772353.0,7.593410562202822e-07,7.593402936193566e-07,9.200000000042508e-05,1.5426294300000336,1.2947447604916404e-06
mp-aaaaagqm,GF,ctp-hap:0.0001,0.0001,86,True,1,ZFP;tol_rel=0.001,U,unprojected,50.11594439330203,772353.0,7.593410562202822e-07,7.593402936193566e-07,9.200000000042508e-05,1.5426294300000336,1.2947447604916404e-06
mp-aaaaagqm,GF,ctp-hap:0.0001,1e-05,86,True,2,ZFP;tol_rel=0.001,hap:0.0001,projected,50.097782517702456,772633.0,7.568909295370758e-07,7.568901644016993e-07,0.0,1.543345031492322,0.0003636914291778
mp-aaaaagqm,GF,ctp-hap:0.01,0.001,86,True,1,ZFP;tol_rel=0.001,U,unprojected,50.11594439330203,772353.0,7.593410562202822e-07,7.593402936193566e-07,9.200000000042508e-05,1.5426294300000336,1.2947447604916404e-06
mp-aaaaagqm,GF,ctp-hap:0.01,0.0001,86,True,1,ZFP;tol_rel=0.001,U,unprojected,50.11594439330203,772353.0,7.593410562202822e-07,7.593402936193566e-07,9.200000000042508e-05,1.5426294300000336,1.2947447604916404e-06
mp-aaaaagqm,GF,ctp-hap:0.01,1e-05,86,True,2,ZFP;tol_rel=0.001,hap:0.01,projected,50.097782517702456,772633.0,7.173438390590281e-07,7.173430318133707e-07,0.0,1.5412735185220754,0.0003636914291778
mp-aaaaagqm,GF,ctp-hap:1,0.001,88,True,1,ZFP;tol_rel=0.001,U,unprojected,50.11594439330203,772353.0,7.593410562202822e-07,7.593402936193566e-07,9.200000000042508e-05,1.5426294300000336,1.2947447604916404e-06
mp-aaaaagqm,GF,ctp-hap:1,0.0001,88,True,1,ZFP;tol_rel=0.001,U,unprojected,50.11594439330203,772353.0,7.593410562202822e-07,7.593402936193566e-07,9.200000000042508e-05,1.5426294300000336,1.2947447604916404e-06
mp-aaaaagqm,GF,ctp-hap:1,1e-05,88,True,2,ZFP;tol_rel=0.001,hap:1,projected,50.097782517702456,772633.0,6.595053605786548e-07,6.595044825355377e-07,0.0,1.540326546368192,0.0003636914291778
mp-aaaaaaiv,J,hartree_only,0.001,20,True,0,alpha_rel=0.215443,U,,1649.607570275536,14372.0,8.772056992913896e-07,8.772056826381449e-07,,13.603244712166996,0.0
mp-aaaaaaiv,J,hartree_only,0.0001,20,True,0,alpha_rel=0.215443,U,,1649.607570275536,14372.0,8.772056992913896e-07,8.772056826381449e-07,,13.603244712166996,0.0
mp-aaaaaaiv,J,hartree_only,1e-05,20,True,0,alpha_rel=0.215443,U,,1649.607570275536,14372.0,8.772056992913896e-07,8.772056826381449e-07,,13.603244712166996,0.0
mp-aaaaaaiv,J,none,0.001,20,True,1,alpha_rel=0.215443,U,,1649.607570275536,14372.0,8.772056992913896e-07,8.772056826381449e-07,0.0003979999999987,13.603244712166996,0.0
mp-aaaaaaiv,J,none,0.0001,20,True,4,alpha_rel=0.0215443,U,,1016.8629637572378,23315.0,1.377572073923362e-07,1.3775710134832753e-07,8.899999999911756e-05,9.015112451738846,0.0
mp-aaaaaaiv,J,none,1e-05,20,False,5,,,,,,,,,,
mp-aaaaaaiv,J,uniform,0.001,18,True,1,alpha_rel=0.0464159,uniform,,1166.7975786209952,20319.0,9.15745123524463e-07,9.157451075719396e-07,0.0,8.341012409071482,0.0094492839214528
mp-aaaaaaiv,J,uniform,0.0001,18,True,1,alpha_rel=0.0464159,uniform,,1166.7975786209952,20319.0,9.15745123524463e-07,9.157451075719396e-07,0.0,8.341012409071482,0.0094492839214528
mp-aaaaaaiv,J,uniform,1e-05,18,True,1,alpha_rel=0.0464159,uniform,,1166.7975786209952,20319.0,9.15745123524463e-07,9.157451075719396e-07,0.0,8.341012409071482,0.0094492839214528
mp-aaaaaaiv,J,hap:0.0001,0.001,20,True,1,alpha_rel=0.215443,hap:0.0001,,1626.9667856162505,14572.0,8.78871816405602e-07,8.788717993540112e-07,0.0,13.610759222271554,0.0137249519626681
mp-aaaaaaiv,J,hap:0.0001,0.0001,20,True,1,alpha_rel=0.215443,hap:0.0001,,1626.9667856162505,14572.0,8.78871816405602e-07,8.788717993540112e-07,0.0,13.610759222271554,0.0137249519626681
mp-aaaaaaiv,J,hap:0.0001,1e-05,20,True,1,alpha_rel=0.215443,hap:0.0001,,1626.9667856162505,14572.0,8.78871816405602e-07,8.788717993540112e-07,0.0,13.610759222271554,0.0137249519626681
mp-aaaaaaiv,J,hap:0.01,0.001,20,True,1,alpha_rel=0.215443,hap:0.01,,1626.9667856162505,14572.0,9.385030242056452e-07,9.38503008615631e-07,0.0,13.593081575699216,0.0137249519626681
mp-aaaaaaiv,J,hap:0.01,0.0001,20,True,1,alpha_rel=0.215443,hap:0.01,,1626.9667856162505,14572.0,9.385030242056452e-07,9.38503008615631e-07,0.0,13.593081575699216,0.0137249519626681
mp-aaaaaaiv,J,hap:0.01,1e-05,20,True,1,alpha_rel=0.215443,hap:0.01,,1626.9667856162505,14572.0,9.385030242056452e-07,9.38503008615631e-07,0.0,13.593081575699216,0.0137249519626681
mp-aaaaaaiv,J,hap:1,0.001,18,True,1,alpha_rel=0.0464159,hap:1,,1166.3383676882963,20327.0,6.124652492235887e-07,6.124652253712114e-07,0.0,8.340615249448092,0.0098391302208884
mp-aaaaaaiv,J,hap:1,0.0001,18,True,1,alpha_rel=0.0464159,hap:1,,1166.3383676882963,20327.0,6.124652492235887e-07,6.124652253712114e-07,0.0,8.340615249448092,0.0098391302208884
mp-aaaaaaiv,J,hap:1,1e-05,18,True,1,alpha_rel=0.0464159,hap:1,,1166.3383676882963,20327.0,6.124652492235887e-07,6.124652253712114e-07,0.0,8.340615249448092,0.0098391302208884
mp-aaaaaaiv,J,ctp-uniform,0.001,38,True,1,alpha_rel=0.215443,U,unprojected,1649.4927989981215,14373.0,8.772056992913896e-07,8.772056826381449e-07,0.0003979999999987,13.603244712166996,6.957489737702637e-05
mp-aaaaaaiv,J,ctp-uniform,0.0001,38,True,4,alpha_rel=0.0464159,uniform,projected,1166.740157480315,20320.0,9.15745123524463e-07,9.157451075719396e-07,0.0,8.341012409071482,0.0094980314960629
mp-aaaaaaiv,J,ctp-uniform,1e-05,38,True,4,alpha_rel=0.0464159,uniform,projected,1166.740157480315,20320.0,9.15745123524463e-07,9.157451075719396e-07,0.0,8.341012409071482,0.0094980314960629
mp-aaaaaaiv,J,ctp-hap:0.0001,0.001,40,True,1,alpha_rel=0.215443,U,unprojected,1649.4927989981215,14373.0,8.772056992913896e-07,8.772056826381449e-07,0.0003979999999987,13.603244712166996,6.957489737702637e-05
mp-aaaaaaiv,J,ctp-hap:0.0001,0.0001,40,True,2,alpha_rel=0.215443,hap:0.0001,projected,1626.855143072806,14573.0,8.78871816405602e-07,8.788717993540112e-07,0.0,13.610759222271554,0.0137926302065463
mp-aaaaaaiv,J,ctp-hap:0.0001,1e-05,40,True,2,alpha_rel=0.215443,hap:0.0001,projected,1626.855143072806,14573.0,8.78871816405602e-07,8.788717993540112e-07,0.0,13.610759222271554,0.0137926302065463
mp-aaaaaaiv,J,ctp-hap:0.01,0.001,40,True,1,alpha_rel=0.215443,U,unprojected,1649.4927989981215,14373.0,8.772056992913896e-07,8.772056826381449e-07,0.0003979999999987,13.603244712166996,6.957489737702637e-05
mp-aaaaaaiv,J,ctp-hap:0.01,0.0001,40,True,2,alpha_rel=0.215443,hap:0.01,projected,1626.855143072806,14573.0,9.385030242056452e-07,9.38503008615631e-07,0.0,13.593081575699216,0.0137926302065463
mp-aaaaaaiv,J,ctp-hap:0.01,1e-05,40,True,2,alpha_rel=0.215443,hap:0.01,projected,1626.855143072806,14573.0,9.385030242056452e-07,9.38503008615631e-07,0.0,13.593081575699216,0.0137926302065463
mp-aaaaaaiv,J,ctp-hap:1,0.001,38,True,1,alpha_rel=0.215443,U,unprojected,1649.4927989981215,14373.0,8.772056992913896e-07,8.772056826381449e-07,0.0003979999999987,13.603244712166996,6.957489737702637e-05
mp-aaaaaaiv,J,ctp-hap:1,0.0001,38,True,4,alpha_rel=0.0464159,hap:1,projected,1166.280991735537,20328.0,6.124652492235887e-07,6.124652253712114e-07,0.0,8.340615249448092,0.0098878394332939
mp-aaaaaaiv,J,ctp-hap:1,1e-05,38,True,4,alpha_rel=0.0464159,hap:1,projected,1166.280991735537,20328.0,6.124652492235887e-07,6.124652253712114e-07,0.0,8.340615249448092,0.0098878394332939
mp-aaaaaaiv,T1,hartree_only,0.001,66,True,0,q_cut=0.15;alpha_rel=0.000215443,U,,1657.2179505102754,14306.0,5.247250021180195e-07,5.247249742780629e-07,,3.4386559875600824,0.0
mp-aaaaaaiv,T1,hartree_only,0.0001,66,True,0,q_cut=0.15;alpha_rel=0.000215443,U,,1657.2179505102754,14306.0,5.247250021180195e-07,5.247249742780629e-07,,3.4386559875600824,0.0
mp-aaaaaaiv,T1,hartree_only,1e-05,66,True,0,q_cut=0.15;alpha_rel=0.000215443,U,,1657.2179505102754,14306.0,5.247250021180195e-07,5.247249742780629e-07,,3.4386559875600824,0.0
mp-aaaaaaiv,T1,none,0.001,66,True,1,q_cut=0.15;alpha_rel=0.000215443,U,,1657.2179505102754,14306.0,5.247250021180195e-07,5.247249742780629e-07,0.0008629999999989,3.4386559875600824,0.0
mp-aaaaaaiv,T1,none,0.0001,66,True,5,q_cut=0.2;alpha_rel=0.000215443,U,,1162.164705882353,20400.0,3.427689016164127e-07,3.427688589978387e-07,4.199999999876525e-05,3.3244478943270224,0.0
mp-aaaaaaiv,T1,none,1e-05,66,False,5,,,,,,,,,,
mp-aaaaaaiv,T1,uniform,0.001,61,True,1,q_cut=0.15;alpha_rel=0.000215443,uniform,,1635.2710718719825,14498.0,9.257479443137616e-07,9.25747928336472e-07,0.0,3.449908169051014,0.0132432059594426
mp-aaaaaaiv,T1,uniform,0.0001,61,True,1,q_cut=0.15;alpha_rel=0.000215443,uniform,,1635.2710718719825,14498.0,9.257479443137616e-07,9.25747928336472e-07,0.0,3.449908169051014,0.0132432059594426
mp-aaaaaaiv,T1,uniform,1e-05,61,True,1,q_cut=0.15;alpha_rel=0.000215443,uniform,,1635.2710718719825,14498.0,9.257479443137616e-07,9.25747928336472e-07,0.0,3.449908169051014,0.0132432059594426
mp-aaaaaaiv,T1,hap:0.0001,0.001,66,True,1,q_cut=0.15;alpha_rel=0.000215443,hap:0.0001,,1634.3692265269544,14506.0,5.327057784082729e-07,5.327057463263941e-07,0.0,3.450173266523052,0.0137873983179374
mp-aaaaaaiv,T1,hap:0.0001,0.0001,66,True,1,q_cut=0.15;alpha_rel=0.000215443,hap:0.0001,,1634.3692265269544,14506.0,5.327057784082729e-07,5.327057463263941e-07,0.0,3.450173266523052,0.0137873983179374
mp-aaaaaaiv,T1,hap:0.0001,1e-05,66,True,1,q_cut=0.15;alpha_rel=0.000215443,hap:0.0001,,1634.3692265269544,14506.0,5.327057784082729e-07,5.327057463263941e-07,0.0,3.450173266523052,0.0137873983179374
mp-aaaaaaiv,T1,hap:0.01,0.001,65,True,1,q_cut=0.15;alpha_rel=0.000215443,hap:0.01,,1634.3692265269544,14506.0,7.713589126586345e-07,7.713588933895841e-07,0.0,3.4515220729707607,0.0137873983179374
mp-aaaaaaiv,T1,hap:0.01,0.0001,65,True,1,q_cut=0.15;alpha_rel=0.000215443,hap:0.01,,1634.3692265269544,14506.0,7.713589126586345e-07,7.713588933895841e-07,0.0,3.4515220729707607,0.0137873983179374
mp-aaaaaaiv,T1,hap:0.01,1e-05,65,True,1,q_cut=0.15;alpha_rel=0.000215443,hap:0.01,,1634.3692265269544,14506.0,7.713589126586345e-07,7.713588933895841e-07,0.0,3.4515220729707607,0.0137873983179374
mp-aaaaaaiv,T1,hap:1,0.001,57,True,1,q_cut=0.15;alpha_rel=0.000215443,hap:1,,1634.3692265269544,14506.0,8.979855111458911e-07,8.979854946736642e-07,0.0,3.4499237518248265,0.0137873983179374
mp-aaaaaaiv,T1,hap:1,0.0001,57,True,1,q_cut=0.15;alpha_rel=0.000215443,hap:1,,1634.3692265269544,14506.0,8.979855111458911e-07,8.979854946736642e-07,0.0,3.4499237518248265,0.0137873983179374
mp-aaaaaaiv,T1,hap:1,1e-05,57,True,1,q_cut=0.15;alpha_rel=0.000215443,hap:1,,1634.3692265269544,14506.0,8.979855111458911e-07,8.979854946736642e-07,0.0,3.4499237518248265,0.0137873983179374
mp-aaaaaaiv,T1,ctp-uniform,0.001,127,True,1,q_cut=0.15;alpha_rel=0.000215443,U,unprojected,1657.102117844412,14307.0,5.247250021180195e-07,5.247249742780629e-07,0.0008629999999989,3.4386559875600824,6.989585517578807e-05
mp-aaaaaaiv,T1,ctp-uniform,0.0001,127,True,2,q_cut=0.15;alpha_rel=0.000215443,uniform,projected,1635.1582867783984,14499.0,9.257479443137616e-07,9.25747928336472e-07,0.0,3.449908169051014,0.0133112628457134
mp-aaaaaaiv,T1,ctp-uniform,1e-05,127,True,2,q_cut=0.15;alpha_rel=0.000215443,uniform,projected,1635.1582867783984,14499.0,9.257479443137616e-07,9.25747928336472e-07,0.0,3.449908169051014,0.0133112628457134
mp-aaaaaaiv,T1,ctp-hap:0.0001,0.001,132,True,1,q_cut=0.15;alpha_rel=0.000215443,U,unprojected,1657.102117844412,14307.0,5.247250021180195e-07,5.247249742780629e-07,0.0008629999999989,3.4386559875600824,6.989585517578807e-05
mp-aaaaaaiv,T1,ctp-hap:0.0001,0.0001,132,True,2,q_cut=0.15;alpha_rel=0.000215443,hap:0.0001,projected,1634.2565657958228,14507.0,5.327057784082729e-07,5.327057463263941e-07,0.0,3.450173266523052,0.0138553801613014
mp-aaaaaaiv,T1,ctp-hap:0.0001,1e-05,132,True,2,q_cut=0.15;alpha_rel=0.000215443,hap:0.0001,projected,1634.2565657958228,14507.0,5.327057784082729e-07,5.327057463263941e-07,0.0,3.450173266523052,0.0138553801613014
mp-aaaaaaiv,T1,ctp-hap:0.01,0.001,131,True,1,q_cut=0.15;alpha_rel=0.000215443,U,unprojected,1657.102117844412,14307.0,5.247250021180195e-07,5.247249742780629e-07,0.0008629999999989,3.4386559875600824,6.989585517578807e-05
mp-aaaaaaiv,T1,ctp-hap:0.01,0.0001,131,True,2,q_cut=0.15;alpha_rel=0.000215443,hap:0.01,projected,1634.2565657958228,14507.0,7.713589126586345e-07,7.713588933895841e-07,0.0,3.4515220729707607,0.0138553801613014
mp-aaaaaaiv,T1,ctp-hap:0.01,1e-05,131,True,2,q_cut=0.15;alpha_rel=0.000215443,hap:0.01,projected,1634.2565657958228,14507.0,7.713589126586345e-07,7.713588933895841e-07,0.0,3.4515220729707607,0.0138553801613014
mp-aaaaaaiv,T1,ctp-hap:1,0.001,123,True,1,q_cut=0.15;alpha_rel=0.000215443,U,unprojected,1657.102117844412,14307.0,5.247250021180195e-07,5.247249742780629e-07,0.0008629999999989,3.4386559875600824,6.989585517578807e-05
mp-aaaaaaiv,T1,ctp-hap:1,0.0001,123,True,2,q_cut=0.15;alpha_rel=0.000215443,hap:1,projected,1634.2565657958228,14507.0,8.979855111458911e-07,8.979854946736642e-07,0.0,3.4499237518248265,0.0138553801613014
mp-aaaaaaiv,T1,ctp-hap:1,1e-05,123,True,2,q_cut=0.15;alpha_rel=0.000215443,hap:1,projected,1634.2565657958228,14507.0,8.979855111458911e-07,8.979854946736642e-07,0.0,3.4499237518248265,0.0138553801613014
mp-aaaaaaiv,GP,hartree_only,0.001,0,False,0,,,,,,,,,,
mp-aaaaaaiv,GP,hartree_only,0.0001,0,False,0,,,,,,,,,,
mp-aaaaaaiv,GP,hartree_only,1e-05,0,False,0,,,,,,,,,,
mp-aaaaaaiv,GP,none,0.001,0,False,0,,,,,,,,,,
mp-aaaaaaiv,GP,none,0.0001,0,False,0,,,,,,,,,,
mp-aaaaaaiv,GP,none,1e-05,0,False,0,,,,,,,,,,
mp-aaaaaaiv,GP,uniform,0.001,0,False,0,,,,,,,,,,
mp-aaaaaaiv,GP,uniform,0.0001,0,False,0,,,,,,,,,,
mp-aaaaaaiv,GP,uniform,1e-05,0,False,0,,,,,,,,,,
mp-aaaaaaiv,GP,hap:0.0001,0.001,0,False,0,,,,,,,,,,
mp-aaaaaaiv,GP,hap:0.0001,0.0001,0,False,0,,,,,,,,,,
mp-aaaaaaiv,GP,hap:0.0001,1e-05,0,False,0,,,,,,,,,,
mp-aaaaaaiv,GP,hap:0.01,0.001,0,False,0,,,,,,,,,,
mp-aaaaaaiv,GP,hap:0.01,0.0001,0,False,0,,,,,,,,,,
mp-aaaaaaiv,GP,hap:0.01,1e-05,0,False,0,,,,,,,,,,
mp-aaaaaaiv,GP,hap:1,0.001,0,False,0,,,,,,,,,,
mp-aaaaaaiv,GP,hap:1,0.0001,0,False,0,,,,,,,,,,
mp-aaaaaaiv,GP,hap:1,1e-05,0,False,0,,,,,,,,,,
mp-aaaaaaiv,GP,ctp-uniform,0.001,0,False,0,,,,,,,,,,
mp-aaaaaaiv,GP,ctp-uniform,0.0001,0,False,0,,,,,,,,,,
mp-aaaaaaiv,GP,ctp-uniform,1e-05,0,False,0,,,,,,,,,,
mp-aaaaaaiv,GP,ctp-hap:0.0001,0.001,0,False,0,,,,,,,,,,
mp-aaaaaaiv,GP,ctp-hap:0.0001,0.0001,0,False,0,,,,,,,,,,
mp-aaaaaaiv,GP,ctp-hap:0.0001,1e-05,0,False,0,,,,,,,,,,
mp-aaaaaaiv,GP,ctp-hap:0.01,0.001,0,False,0,,,,,,,,,,
mp-aaaaaaiv,GP,ctp-hap:0.01,0.0001,0,False,0,,,,,,,,,,
mp-aaaaaaiv,GP,ctp-hap:0.01,1e-05,0,False,0,,,,,,,,,,
mp-aaaaaaiv,GP,ctp-hap:1,0.001,0,False,0,,,,,,,,,,
mp-aaaaaaiv,GP,ctp-hap:1,0.0001,0,False,0,,,,,,,,,,
mp-aaaaaaiv,GP,ctp-hap:1,1e-05,0,False,0,,,,,,,,,,
mp-aaaaaaiv,R3,hartree_only,0.001,6,True,0,tau=1e-06;k=0;margin=0.995,U,,2725.0758620689653,8700.0,9.937868718253464e-07,9.937868571256946e-07,,15.283321964994684,0.0
mp-aaaaaaiv,R3,hartree_only,0.0001,6,True,0,tau=1e-06;k=0;margin=0.995,U,,2725.0758620689653,8700.0,9.937868718253464e-07,9.937868571256946e-07,,15.283321964994684,0.0
mp-aaaaaaiv,R3,hartree_only,1e-05,6,True,0,tau=1e-06;k=0;margin=0.995,U,,2725.0758620689653,8700.0,9.937868718253464e-07,9.937868571256946e-07,,15.283321964994684,0.0
mp-aaaaaaiv,R3,none,0.001,6,True,1,tau=1e-06;k=0;margin=0.995,U,,2725.0758620689653,8700.0,9.937868718253464e-07,9.937868571256946e-07,0.0008029999999994,15.283321964994684,0.0
mp-aaaaaaiv,R3,none,0.0001,6,False,5,,,,,,,,,,
mp-aaaaaaiv,R3,none,1e-05,6,False,5,,,,,,,,,,
mp-aaaaaaiv,R3,uniform,0.001,0,False,0,,,,,,,,,,
mp-aaaaaaiv,R3,uniform,0.0001,0,False,0,,,,,,,,,,
mp-aaaaaaiv,R3,uniform,1e-05,0,False,0,,,,,,,,,,
mp-aaaaaaiv,R3,hap:0.0001,0.001,5,True,1,tau=1e-06;k=1;margin=0.990025,hap:0.0001,,2658.759672535606,8917.0,9.931310969547283e-07,9.931310806704418e-07,0.0,15.459029207292588,0.0224290680722216
mp-aaaaaaiv,R3,hap:0.0001,0.0001,5,True,1,tau=1e-06;k=1;margin=0.990025,hap:0.0001,,2658.759672535606,8917.0,9.931310969547283e-07,9.931310806704418e-07,0.0,15.459029207292588,0.0224290680722216
mp-aaaaaaiv,R3,hap:0.0001,1e-05,5,True,1,tau=1e-06;k=1;margin=0.990025,hap:0.0001,,2658.759672535606,8917.0,9.931310969547283e-07,9.931310806704418e-07,0.0,15.459029207292588,0.0224290680722216
mp-aaaaaaiv,R3,hap:0.01,0.001,0,False,0,,,,,,,,,,
mp-aaaaaaiv,R3,hap:0.01,0.0001,0,False,0,,,,,,,,,,
mp-aaaaaaiv,R3,hap:0.01,1e-05,0,False,0,,,,,,,,,,
mp-aaaaaaiv,R3,hap:1,0.001,0,False,0,,,,,,,,,,
mp-aaaaaaiv,R3,hap:1,0.0001,0,False,0,,,,,,,,,,
mp-aaaaaaiv,R3,hap:1,1e-05,0,False,0,,,,,,,,,,
mp-aaaaaaiv,R3,ctp-uniform,0.001,6,True,1,tau=1e-06;k=0;margin=0.995,U,unprojected,2724.762670957361,8701.0,9.937868718253464e-07,9.937868571256946e-07,0.0008029999999994,15.283321964994684,0.0001149293184691
mp-aaaaaaiv,R3,ctp-uniform,0.0001,6,False,5,,,,,,,,,,
mp-aaaaaaiv,R3,ctp-uniform,1e-05,6,False,5,,,,,,,,,,
mp-aaaaaaiv,R3,ctp-hap:0.0001,0.001,11,True,1,tau=1e-06;k=0;margin=0.995,U,unprojected,2724.762670957361,8701.0,9.937868718253464e-07,9.937868571256946e-07,0.0008029999999994,15.283321964994684,0.0001149293184691
mp-aaaaaaiv,R3,ctp-hap:0.0001,0.0001,11,False,5,,,,,,,,,,
mp-aaaaaaiv,R3,ctp-hap:0.0001,1e-05,11,False,5,,,,,,,,,,
mp-aaaaaaiv,R3,ctp-hap:0.01,0.001,6,True,1,tau=1e-06;k=0;margin=0.995,U,unprojected,2724.762670957361,8701.0,9.937868718253464e-07,9.937868571256946e-07,0.0008029999999994,15.283321964994684,0.0001149293184691
mp-aaaaaaiv,R3,ctp-hap:0.01,0.0001,6,False,5,,,,,,,,,,
mp-aaaaaaiv,R3,ctp-hap:0.01,1e-05,6,False,5,,,,,,,,,,
mp-aaaaaaiv,R3,ctp-hap:1,0.001,6,True,1,tau=1e-06;k=0;margin=0.995,U,unprojected,2724.762670957361,8701.0,9.937868718253464e-07,9.937868571256946e-07,0.0008029999999994,15.283321964994684,0.0001149293184691
mp-aaaaaaiv,R3,ctp-hap:1,0.0001,6,False,5,,,,,,,,,,
mp-aaaaaaiv,R3,ctp-hap:1,1e-05,6,False,5,,,,,,,,,,
mp-aaaaaaiv,GF,hartree_only,0.001,43,True,0,ZFP;tol_rel=0.000464159,U,,33.70892339191264,703320.0,6.121475246814893e-07,6.121474472030533e-07,,0.440223374999988,0.0
mp-aaaaaaiv,GF,hartree_only,0.0001,43,True,0,ZFP;tol_rel=0.000464159,U,,33.70892339191264,703320.0,6.121475246814893e-07,6.121474472030533e-07,,0.440223374999988,0.0
mp-aaaaaaiv,GF,hartree_only,1e-05,43,True,0,ZFP;tol_rel=0.000464159,U,,33.70892339191264,703320.0,6.121475246814893e-07,6.121474472030533e-07,,0.440223374999988,0.0
mp-aaaaaaiv,GF,none,0.001,43,True,1,ZFP;tol_rel=0.000464159,U,,33.70892339191264,703320.0,6.121475246814893e-07,6.121474472030533e-07,2.800000000036107e-05,0.440223374999988,0.0
mp-aaaaaaiv,GF,none,0.0001,43,True,1,ZFP;tol_rel=0.000464159,U,,33.70892339191264,703320.0,6.121475246814893e-07,6.121474472030533e-07,2.800000000036107e-05,0.440223374999988,0.0
mp-aaaaaaiv,GF,none,1e-05,43,True,3,ZFP;tol_rel=0.0001,U,,24.772588586379555,957032.0,1.0652914925208799e-07,1.0652911517226496e-07,5.999999999062311e-06,0.1184605681249877,0.0
mp-aaaaaaiv,GF,uniform,0.001,47,True,1,ZFP;tol_rel=0.001,uniform,,39.887478633053824,594376.0,7.241951325154539e-07,7.241949105775859e-07,0.0,0.8603782892947152,0.0003230278476923
mp-aaaaaaiv,GF,uniform,0.0001,47,True,1,ZFP;tol_rel=0.001,uniform,,39.887478633053824,594376.0,7.241951325154539e-07,7.241949105775859e-07,0.0,0.8603782892947152,0.0003230278476923
mp-aaaaaaiv,GF,uniform,1e-05,47,True,1,ZFP;tol_rel=0.001,uniform,,39.887478633053824,594376.0,7.241951325154539e-07,7.241949105775859e-07,0.0,0.8603782892947152,0.0003230278476923
mp-aaaaaaiv,GF,hap:0.0001,0.001,43,True,1,ZFP;tol_rel=0.000464159,hap:0.0001,,33.69934045940414,703520.0,6.116796644632175e-07,6.116795867996965e-07,0.0,0.4407292401427014,0.0002842847395951
mp-aaaaaaiv,GF,hap:0.0001,0.0001,43,True,1,ZFP;tol_rel=0.000464159,hap:0.0001,,33.69934045940414,703520.0,6.116796644632175e-07,6.116795867996965e-07,0.0,0.4407292401427014,0.0002842847395951
mp-aaaaaaiv,GF,hap:0.0001,1e-05,43,True,1,ZFP;tol_rel=0.000464159,hap:0.0001,,33.69934045940414,703520.0,6.116796644632175e-07,6.116795867996965e-07,0.0,0.4407292401427014,0.0002842847395951
mp-aaaaaaiv,GF,hap:0.01,0.001,43,True,1,ZFP;tol_rel=0.000464159,hap:0.01,,33.69934045940414,703520.0,5.96606531405415e-07,5.966064518710047e-07,0.0,0.4405668511617477,0.0002842847395951
mp-aaaaaaiv,GF,hap:0.01,0.0001,43,True,1,ZFP;tol_rel=0.000464159,hap:0.01,,33.69934045940414,703520.0,5.96606531405415e-07,5.966064518710047e-07,0.0,0.4405668511617477,0.0002842847395951
mp-aaaaaaiv,GF,hap:0.01,1e-05,43,True,1,ZFP;tol_rel=0.000464159,hap:0.01,,33.69934045940414,703520.0,5.96606531405415e-07,5.966064518710047e-07,0.0,0.4405668511617477,0.0002842847395951
mp-aaaaaaiv,GF,hap:1,0.001,46,True,1,ZFP;tol_rel=0.000464159,hap:1,,33.69934045940414,703520.0,4.7045629509323334e-07,4.704561942661672e-07,0.0,0.4408195286225123,0.0002842847395951
mp-aaaaaaiv,GF,hap:1,0.0001,46,True,1,ZFP;tol_rel=0.000464159,hap:1,,33.69934045940414,703520.0,4.7045629509323334e-07,4.704561942661672e-07,0.0,0.4408195286225123,0.0002842847395951
mp-aaaaaaiv,GF,hap:1,1e-05,46,True,1,ZFP;tol_rel=0.000464159,hap:1,,33.69934045940414,703520.0,4.7045629509323334e-07,4.704561942661672e-07,0.0,0.4408195286225123,0.0002842847395951
mp-aaaaaaiv,GF,ctp-uniform,0.001,90,True,2,ZFP;tol_rel=0.000464159,U,unprojected,33.70887546369296,703321.0,6.121475246814893e-07,6.121474472030533e-07,2.800000000036107e-05,0.440223374999988,1.4218258803590394e-06
mp-aaaaaaiv,GF,ctp-uniform,0.0001,90,True,2,ZFP;tol_rel=0.000464159,U,unprojected,33.70887546369296,703321.0,6.121475246814893e-07,6.121474472030533e-07,2.800000000036107e-05,0.440223374999988,1.4218258803590394e-06
mp-aaaaaaiv,GF,ctp-uniform,1e-05,90,True,1,ZFP;tol_rel=0.001,uniform,projected,39.88741152500854,594377.0,7.241951325154539e-07,7.241949105775859e-07,0.0,0.8603782892947152,0.0003247097380955
mp-aaaaaaiv,GF,ctp-hap:0.0001,0.001,86,True,1,ZFP;tol_rel=0.000464159,U,unprojected,33.70887546369296,703321.0,6.121475246814893e-07,6.121474472030533e-07,2.800000000036107e-05,0.440223374999988,1.4218258803590394e-06
mp-aaaaaaiv,GF,ctp-hap:0.0001,0.0001,86,True,1,ZFP;tol_rel=0.000464159,U,unprojected,33.70887546369296,703321.0,6.121475246814893e-07,6.121474472030533e-07,2.800000000036107e-05,0.440223374999988,1.4218258803590394e-06
mp-aaaaaaiv,GF,ctp-hap:0.0001,1e-05,86,True,2,ZFP;tol_rel=0.000464159,hap:0.0001,projected,33.69929255843109,703521.0,6.116796644632175e-07,6.116795867996965e-07,0.0,0.4407292401427014,0.0002857057571842
mp-aaaaaaiv,GF,ctp-hap:0.01,0.001,86,True,1,ZFP;tol_rel=0.000464159,U,unprojected,33.70887546369296,703321.0,6.121475246814893e-07,6.121474472030533e-07,2.800000000036107e-05,0.440223374999988,1.4218258803590394e-06
mp-aaaaaaiv,GF,ctp-hap:0.01,0.0001,86,True,1,ZFP;tol_rel=0.000464159,U,unprojected,33.70887546369296,703321.0,6.121475246814893e-07,6.121474472030533e-07,2.800000000036107e-05,0.440223374999988,1.4218258803590394e-06
mp-aaaaaaiv,GF,ctp-hap:0.01,1e-05,86,True,2,ZFP;tol_rel=0.000464159,hap:0.01,projected,33.69929255843109,703521.0,5.96606531405415e-07,5.966064518710047e-07,0.0,0.4405668511617477,0.0002857057571842
mp-aaaaaaiv,GF,ctp-hap:1,0.001,89,True,1,ZFP;tol_rel=0.000464159,U,unprojected,33.70887546369296,703321.0,6.121475246814893e-07,6.121474472030533e-07,2.800000000036107e-05,0.440223374999988,1.4218258803590394e-06
mp-aaaaaaiv,GF,ctp-hap:1,0.0001,89,True,1,ZFP;tol_rel=0.000464159,U,unprojected,33.70887546369296,703321.0,6.121475246814893e-07,6.121474472030533e-07,2.800000000036107e-05,0.440223374999988,1.4218258803590394e-06
mp-aaaaaaiv,GF,ctp-hap:1,1e-05,89,True,2,ZFP;tol_rel=0.000464159,hap:1,projected,33.69929255843109,703521.0,4.7045629509323334e-07,4.704561942661672e-07,0.0,0.4408195286225123,0.0002857057571842
mp-aaabxhim,J,hartree_only,0.001,18,True,0,alpha_rel=0.0464159,U,,932.3832832281832,23617.0,6.792816165080542e-07,6.792813808047826e-07,,12.736350002744857,0.0
mp-aaabxhim,J,hartree_only,0.0001,18,True,0,alpha_rel=0.0464159,U,,932.3832832281832,23617.0,6.792816165080542e-07,6.792813808047826e-07,,12.736350002744857,0.0
mp-aaabxhim,J,hartree_only,1e-05,18,True,0,alpha_rel=0.0464159,U,,932.3832832281832,23617.0,6.792816165080542e-07,6.792813808047826e-07,,12.736350002744857,0.0
mp-aaabxhim,J,none,0.001,18,True,1,alpha_rel=0.0464159,U,,932.3832832281832,23617.0,6.792816165080542e-07,6.792813808047826e-07,0.0004609999999996,12.736350002744857,0.0
mp-aaabxhim,J,none,0.0001,18,True,4,alpha_rel=0.00464159,U,,525.9786456467216,41865.0,1.1533045960299305e-07,1.1532907133283677e-07,9.900000000051534e-05,5.897779619242337,0.0
mp-aaabxhim,J,none,1e-05,18,False,5,,,,,,,,,,
mp-aaabxhim,J,uniform,0.001,17,True,1,alpha_rel=0.0215443,uniform,,795.3225701592805,27687.0,9.551508691183345e-07,9.551507008877668e-07,0.0,16.28244029737957,0.0080904395564705
mp-aaabxhim,J,uniform,0.0001,17,True,1,alpha_rel=0.0215443,uniform,,795.3225701592805,27687.0,9.551508691183345e-07,9.551507008877668e-07,0.0,16.28244029737957,0.0080904395564705
mp-aaabxhim,J,uniform,1e-05,17,True,1,alpha_rel=0.0215443,uniform,,795.3225701592805,27687.0,9.551508691183345e-07,9.551507008877668e-07,0.0,16.28244029737957,0.0080904395564705
mp-aaabxhim,J,hap:0.0001,0.001,18,True,1,alpha_rel=0.0464159,hap:0.0001,,923.3131787496332,23849.0,7.570291866618108e-07,7.570289623362735e-07,0.0,12.729820782732157,0.0097278711895676
mp-aaabxhim,J,hap:0.0001,0.0001,18,True,1,alpha_rel=0.0464159,hap:0.0001,,923.3131787496332,23849.0,7.570291866618108e-07,7.570289623362735e-07,0.0,12.729820782732157,0.0097278711895676
mp-aaabxhim,J,hap:0.0001,1e-05,18,True,1,alpha_rel=0.0464159,hap:0.0001,,923.3131787496332,23849.0,7.570291866618108e-07,7.570289623362735e-07,0.0,12.729820782732157,0.0097278711895676
mp-aaabxhim,J,hap:0.01,0.001,17,True,1,alpha_rel=0.0215443,hap:0.01,,795.092832641271,27695.0,8.108837248296259e-07,8.108835264672233e-07,0.0,16.27983638531468,0.0083769633507853
mp-aaabxhim,J,hap:0.01,0.0001,17,True,1,alpha_rel=0.0215443,hap:0.01,,795.092832641271,27695.0,8.108837248296259e-07,8.108835264672233e-07,0.0,16.27983638531468,0.0083769633507853
mp-aaabxhim,J,hap:0.01,1e-05,17,True,1,alpha_rel=0.0215443,hap:0.01,,795.092832641271,27695.0,8.108837248296259e-07,8.108835264672233e-07,0.0,16.27983638531468,0.0083769633507853
mp-aaabxhim,J,hap:1,0.001,17,True,1,alpha_rel=0.0215443,hap:1,,795.092832641271,27695.0,9.46681186269979e-07,9.466810165317086e-07,0.0,16.282348526400195,0.0083769633507853
mp-aaabxhim,J,hap:1,0.0001,17,True,1,alpha_rel=0.0215443,hap:1,,795.092832641271,27695.0,9.46681186269979e-07,9.466810165317086e-07,0.0,16.282348526400195,0.0083769633507853
mp-aaabxhim,J,hap:1,1e-05,17,True,1,alpha_rel=0.0215443,hap:1,,795.092832641271,27695.0,9.46681186269979e-07,9.466810165317086e-07,0.0,16.282348526400195,0.0083769633507853
mp-aaabxhim,J,ctp-uniform,0.001,35,True,1,alpha_rel=0.0464159,U,unprojected,932.3438055720212,23618.0,6.792816165080542e-07,6.792813808047826e-07,0.0004609999999996,12.736350002744857,4.23405876873571e-05
mp-aaabxhim,J,ctp-uniform,0.0001,35,True,3,alpha_rel=0.0215443,uniform,projected,795.2938457093326,27688.0,9.551508691183345e-07,9.551507008877668e-07,0.0,16.28244029737957,0.0081262640855244
mp-aaabxhim,J,ctp-uniform,1e-05,35,True,3,alpha_rel=0.0215443,uniform,projected,795.2938457093326,27688.0,9.551508691183345e-07,9.551507008877668e-07,0.0,16.28244029737957,0.0081262640855244
mp-aaabxhim,J,ctp-hap:0.0001,0.001,36,True,1,alpha_rel=0.0464159,U,unprojected,932.3438055720212,23618.0,6.792816165080542e-07,6.792813808047826e-07,0.0004609999999996,12.736350002744857,4.23405876873571e-05
mp-aaabxhim,J,ctp-hap:0.0001,0.0001,36,True,2,alpha_rel=0.0464159,hap:0.0001,projected,923.274465408805,23850.0,7.570291866618108e-07,7.570289623362735e-07,0.0,12.729820782732157,0.0097693920335429
mp-aaabxhim,J,ctp-hap:0.0001,1e-05,36,True,2,alpha_rel=0.0464159,hap:0.0001,projected,923.274465408805,23850.0,7.570291866618108e-07,7.570289623362735e-07,0.0,12.729820782732157,0.0097693920335429
mp-aaabxhim,J,ctp-hap:0.01,0.001,35,True,1,alpha_rel=0.0464159,U,unprojected,932.3438055720212,23618.0,6.792816165080542e-07,6.792813808047826e-07,0.0004609999999996,12.736350002744857,4.23405876873571e-05
mp-aaabxhim,J,ctp-hap:0.01,0.0001,35,True,3,alpha_rel=0.0215443,hap:0.01,projected,795.0641247833622,27696.0,8.108837248296259e-07,8.108835264672233e-07,0.0,16.27983638531468,0.0084127671865973
mp-aaabxhim,J,ctp-hap:0.01,1e-05,35,True,3,alpha_rel=0.0215443,hap:0.01,projected,795.0641247833622,27696.0,8.108837248296259e-07,8.108835264672233e-07,0.0,16.27983638531468,0.0084127671865973
mp-aaabxhim,J,ctp-hap:1,0.001,35,True,1,alpha_rel=0.0464159,U,unprojected,932.3438055720212,23618.0,6.792816165080542e-07,6.792813808047826e-07,0.0004609999999996,12.736350002744857,4.23405876873571e-05
mp-aaabxhim,J,ctp-hap:1,0.0001,35,True,3,alpha_rel=0.0215443,hap:1,projected,795.0641247833622,27696.0,9.46681186269979e-07,9.466810165317086e-07,0.0,16.282348526400195,0.0084127671865973
mp-aaabxhim,J,ctp-hap:1,1e-05,35,True,3,alpha_rel=0.0215443,hap:1,projected,795.0641247833622,27696.0,9.46681186269979e-07,9.466810165317086e-07,0.0,16.282348526400195,0.0084127671865973
mp-aaabxhim,T1,hartree_only,0.001,49,True,0,q_cut=0.2;alpha_rel=4.64159e-05,U,,726.5200435514204,30309.0,5.887661597436111e-07,5.887658878038846e-07,,30.63021612201373,0.0
mp-aaabxhim,T1,hartree_only,0.0001,49,True,0,q_cut=0.2;alpha_rel=4.64159e-05,U,,726.5200435514204,30309.0,5.887661597436111e-07,5.887658878038846e-07,,30.63021612201373,0.0
mp-aaabxhim,T1,hartree_only,1e-05,49,True,0,q_cut=0.2;alpha_rel=4.64159e-05,U,,726.5200435514204,30309.0,5.887661597436111e-07,5.887658878038846e-07,,30.63021612201373,0.0
mp-aaabxhim,T1,none,0.001,49,True,1,q_cut=0.2;alpha_rel=4.64159e-05,U,,726.5200435514204,30309.0,5.887661597436111e-07,5.887658878038846e-07,0.0006559999999993,30.63021612201373,0.0
mp-aaabxhim,T1,none,0.0001,49,False,5,,,,,,,,,,
mp-aaabxhim,T1,none,1e-05,49,False,5,,,,,,,,,,
mp-aaabxhim,T1,uniform,0.001,43,True,1,q_cut=0.3;alpha_rel=0.0001,uniform,,533.4713278581293,41277.0,4.928131359811062e-07,4.928128112669941e-07,0.0,2.781112392052819,0.0054267509751193
mp-aaabxhim,T1,uniform,0.0001,43,True,1,q_cut=0.3;alpha_rel=0.0001,uniform,,533.4713278581293,41277.0,4.928131359811062e-07,4.928128112669941e-07,0.0,2.781112392052819,0.0054267509751193
mp-aaabxhim,T1,uniform,1e-05,43,True,1,q_cut=0.3;alpha_rel=0.0001,uniform,,533.4713278581293,41277.0,4.928131359811062e-07,4.928128112669941e-07,0.0,2.781112392052819,0.0054267509751193
mp-aaabxhim,T1,hap:0.0001,0.001,49,True,1,q_cut=0.2;alpha_rel=4.64159e-05,hap:0.0001,,721.0011460004584,30541.0,8.212516338840047e-07,8.212513961588135e-07,0.0,30.60665089742361,0.0075963458956812
mp-aaabxhim,T1,hap:0.0001,0.0001,49,True,1,q_cut=0.2;alpha_rel=4.64159e-05,hap:0.0001,,721.0011460004584,30541.0,8.212516338840047e-07,8.212513961588135e-07,0.0,30.60665089742361,0.0075963458956812
mp-aaabxhim,T1,hap:0.0001,1e-05,49,True,1,q_cut=0.2;alpha_rel=4.64159e-05,hap:0.0001,,721.0011460004584,30541.0,8.212516338840047e-07,8.212513961588135e-07,0.0,30.60665089742361,0.0075963458956812
mp-aaabxhim,T1,hap:0.01,0.001,40,True,1,q_cut=0.3;alpha_rel=0.0001,hap:0.01,,533.36795446288,41285.0,9.29101232500232e-07,9.2910106025309e-07,0.0,2.780857040934279,0.0056194743853699
mp-aaabxhim,T1,hap:0.01,0.0001,40,True,1,q_cut=0.3;alpha_rel=0.0001,hap:0.01,,533.36795446288,41285.0,9.29101232500232e-07,9.2910106025309e-07,0.0,2.780857040934279,0.0056194743853699
mp-aaabxhim,T1,hap:0.01,1e-05,40,True,1,q_cut=0.3;alpha_rel=0.0001,hap:0.01,,533.36795446288,41285.0,9.29101232500232e-07,9.2910106025309e-07,0.0,2.780857040934279,0.0056194743853699
mp-aaabxhim,T1,hap:1,0.001,44,True,1,q_cut=0.3;alpha_rel=0.000215443,hap:1,,636.5477408724308,34593.0,9.212230051004528e-07,9.212228315362124e-07,0.0,3.6903973342268728,0.0067065591304599
mp-aaabxhim,T1,hap:1,0.0001,44,True,1,q_cut=0.3;alpha_rel=0.000215443,hap:1,,636.5477408724308,34593.0,9.212230051004528e-07,9.212228315362124e-07,0.0,3.6903973342268728,0.0067065591304599
mp-aaabxhim,T1,hap:1,1e-05,44,True,1,q_cut=0.3;alpha_rel=0.000215443,hap:1,,636.5477408724308,34593.0,9.212230051004528e-07,9.212228315362124e-07,0.0,3.6903973342268728,0.0067065591304599
mp-aaabxhim,T1,ctp-uniform,0.001,92,True,1,q_cut=0.2;alpha_rel=4.64159e-05,U,unprojected,726.4960739030023,30310.0,5.887661597436111e-07,5.887658878038846e-07,0.0006559999999993,30.63021612201373,3.299241174529858e-05
mp-aaabxhim,T1,ctp-uniform,0.0001,92,False,5,,,,,,,,,,
mp-aaabxhim,T1,ctp-uniform,1e-05,92,False,5,,,,,,,,,,
mp-aaabxhim,T1,ctp-hap:0.0001,0.001,98,True,1,q_cut=0.2;alpha_rel=4.64159e-05,U,unprojected,726.4960739030023,30310.0,5.887661597436111e-07,5.887658878038846e-07,0.0006559999999993,30.63021612201373,3.299241174529858e-05
mp-aaabxhim,T1,ctp-hap:0.0001,0.0001,98,True,2,q_cut=0.2;alpha_rel=4.64159e-05,hap:0.0001,projected,720.9775391264488,30542.0,8.212516338840047e-07,8.212513961588135e-07,0.0,30.60665089742361,0.0076288389758365
mp-aaabxhim,T1,ctp-hap:0.0001,1e-05,98,True,2,q_cut=0.2;alpha_rel=4.64159e-05,hap:0.0001,projected,720.9775391264488,30542.0,8.212516338840047e-07,8.212513961588135e-07,0.0,30.60665089742361,0.0076288389758365
mp-aaabxhim,T1,ctp-hap:0.01,0.001,89,True,1,q_cut=0.2;alpha_rel=4.64159e-05,U,unprojected,726.4960739030023,30310.0,5.887661597436111e-07,5.887658878038846e-07,0.0006559999999993,30.63021612201373,3.299241174529858e-05
mp-aaabxhim,T1,ctp-hap:0.01,0.0001,89,False,5,,,,,,,,,,
mp-aaabxhim,T1,ctp-hap:0.01,1e-05,89,False,5,,,,,,,,,,
mp-aaabxhim,T1,ctp-hap:1,0.001,93,True,1,q_cut=0.2;alpha_rel=4.64159e-05,U,unprojected,726.4960739030023,30310.0,5.887661597436111e-07,5.887658878038846e-07,0.0006559999999993,30.63021612201373,3.299241174529858e-05
mp-aaabxhim,T1,ctp-hap:1,0.0001,93,True,3,q_cut=0.3;alpha_rel=0.000215443,hap:1,projected,636.5293403480372,34594.0,9.212230051004528e-07,9.212228315362124e-07,0.0,3.6903973342268728,0.0067352720124877
mp-aaabxhim,T1,ctp-hap:1,1e-05,93,True,3,q_cut=0.3;alpha_rel=0.000215443,hap:1,projected,636.5293403480372,34594.0,9.212230051004528e-07,9.212228315362124e-07,0.0,3.6903973342268728,0.0067352720124877
mp-aaabxhim,GP,hartree_only,0.001,0,False,0,,,,,,,,,,
mp-aaabxhim,GP,hartree_only,0.0001,0,False,0,,,,,,,,,,
mp-aaabxhim,GP,hartree_only,1e-05,0,False,0,,,,,,,,,,
mp-aaabxhim,GP,none,0.001,0,False,0,,,,,,,,,,
mp-aaabxhim,GP,none,0.0001,0,False,0,,,,,,,,,,
mp-aaabxhim,GP,none,1e-05,0,False,0,,,,,,,,,,
mp-aaabxhim,GP,uniform,0.001,0,False,0,,,,,,,,,,
mp-aaabxhim,GP,uniform,0.0001,0,False,0,,,,,,,,,,
mp-aaabxhim,GP,uniform,1e-05,0,False,0,,,,,,,,,,
mp-aaabxhim,GP,hap:0.0001,0.001,0,False,0,,,,,,,,,,
mp-aaabxhim,GP,hap:0.0001,0.0001,0,False,0,,,,,,,,,,
mp-aaabxhim,GP,hap:0.0001,1e-05,0,False,0,,,,,,,,,,
mp-aaabxhim,GP,hap:0.01,0.001,0,False,0,,,,,,,,,,
mp-aaabxhim,GP,hap:0.01,0.0001,0,False,0,,,,,,,,,,
mp-aaabxhim,GP,hap:0.01,1e-05,0,False,0,,,,,,,,,,
mp-aaabxhim,GP,hap:1,0.001,0,False,0,,,,,,,,,,
mp-aaabxhim,GP,hap:1,0.0001,0,False,0,,,,,,,,,,
mp-aaabxhim,GP,hap:1,1e-05,0,False,0,,,,,,,,,,
mp-aaabxhim,GP,ctp-uniform,0.001,0,False,0,,,,,,,,,,
mp-aaabxhim,GP,ctp-uniform,0.0001,0,False,0,,,,,,,,,,
mp-aaabxhim,GP,ctp-uniform,1e-05,0,False,0,,,,,,,,,,
mp-aaabxhim,GP,ctp-hap:0.0001,0.001,0,False,0,,,,,,,,,,
mp-aaabxhim,GP,ctp-hap:0.0001,0.0001,0,False,0,,,,,,,,,,
mp-aaabxhim,GP,ctp-hap:0.0001,1e-05,0,False,0,,,,,,,,,,
mp-aaabxhim,GP,ctp-hap:0.01,0.001,0,False,0,,,,,,,,,,
mp-aaabxhim,GP,ctp-hap:0.01,0.0001,0,False,0,,,,,,,,,,
mp-aaabxhim,GP,ctp-hap:0.01,1e-05,0,False,0,,,,,,,,,,
mp-aaabxhim,GP,ctp-hap:1,0.001,0,False,0,,,,,,,,,,
mp-aaabxhim,GP,ctp-hap:1,0.0001,0,False,0,,,,,,,,,,
mp-aaabxhim,GP,ctp-hap:1,1e-05,0,False,0,,,,,,,,,,
mp-aaabxhim,R3,hartree_only,0.001,6,True,0,tau=1e-06;k=0;margin=0.995,U,,1394.2064074965176,15794.0,9.91517457849381e-07,9.915172963707472e-07,,29.046102753229206,0.0
mp-aaabxhim,R3,hartree_only,0.0001,6,True,0,tau=1e-06;k=0;margin=0.995,U,,1394.2064074965176,15794.0,9.91517457849381e-07,9.915172963707472e-07,,29.046102753229206,0.0
mp-aaabxhim,R3,hartree_only,1e-05,6,True,0,tau=1e-06;k=0;margin=0.995,U,,1394.2064074965176,15794.0,9.91517457849381e-07,9.915172963707472e-07,,29.046102753229206,0.0
mp-aaabxhim,R3,none,0.001,6,True,2,tau=1e-06;k=1;margin=0.990025,U,,1392.0030343258106,15819.0,9.88973281413774e-07,9.889731195197294e-07,0.0009099999999993,28.886005009184373,0.0
mp-aaabxhim,R3,none,0.0001,6,False,5,,,,,,,,,,
mp-aaabxhim,R3,none,1e-05,6,False,5,,,,,,,,,,
mp-aaabxhim,R3,uniform,0.001,0,False,0,,,,,,,,,,
mp-aaabxhim,R3,uniform,0.0001,0,False,0,,,,,,,,,,
mp-aaabxhim,R3,uniform,1e-05,0,False,0,,,,,,,,,,
mp-aaabxhim,R3,hap:0.0001,0.001,0,False,0,,,,,,,,,,
mp-aaabxhim,R3,hap:0.0001,0.0001,0,False,0,,,,,,,,,,
mp-aaabxhim,R3,hap:0.0001,1e-05,0,False,0,,,,,,,,,,
mp-aaabxhim,R3,hap:0.01,0.001,0,False,0,,,,,,,,,,
mp-aaabxhim,R3,hap:0.01,0.0001,0,False,0,,,,,,,,,,
mp-aaabxhim,R3,hap:0.01,1e-05,0,False,0,,,,,,,,,,
mp-aaabxhim,R3,hap:1,0.001,0,False,0,,,,,,,,,,
mp-aaabxhim,R3,hap:1,0.0001,0,False,0,,,,,,,,,,
mp-aaabxhim,R3,hap:1,1e-05,0,False,0,,,,,,,,,,
mp-aaabxhim,R3,ctp-uniform,0.001,6,True,2,tau=1e-06;k=1;margin=0.990025,U,unprojected,1391.9150442477876,15820.0,9.88973281413774e-07,9.889731195197294e-07,0.0009099999999993,28.886005009184373,6.321112515802781e-05
mp-aaabxhim,R3,ctp-uniform,0.0001,6,False,5,,,,,,,,,,
mp-aaabxhim,R3,ctp-uniform,1e-05,6,False,5,,,,,,,,,,
mp-aaabxhim,R3,ctp-hap:0.0001,0.001,6,True,2,tau=1e-06;k=1;margin=0.990025,U,unprojected,1391.9150442477876,15820.0,9.88973281413774e-07,9.889731195197294e-07,0.0009099999999993,28.886005009184373,6.321112515802781e-05
mp-aaabxhim,R3,ctp-hap:0.0001,0.0001,6,False,5,,,,,,,,,,
mp-aaabxhim,R3,ctp-hap:0.0001,1e-05,6,False,5,,,,,,,,,,
mp-aaabxhim,R3,ctp-hap:0.01,0.001,6,True,2,tau=1e-06;k=1;margin=0.990025,U,unprojected,1391.9150442477876,15820.0,9.88973281413774e-07,9.889731195197294e-07,0.0009099999999993,28.886005009184373,6.321112515802781e-05
mp-aaabxhim,R3,ctp-hap:0.01,0.0001,6,False,5,,,,,,,,,,
mp-aaabxhim,R3,ctp-hap:0.01,1e-05,6,False,5,,,,,,,,,,
mp-aaabxhim,R3,ctp-hap:1,0.001,6,True,2,tau=1e-06;k=1;margin=0.990025,U,unprojected,1391.9150442477876,15820.0,9.88973281413774e-07,9.889731195197294e-07,0.0009099999999993,28.886005009184373,6.321112515802781e-05
mp-aaabxhim,R3,ctp-hap:1,0.0001,6,False,5,,,,,,,,,,
mp-aaabxhim,R3,ctp-hap:1,1e-05,6,False,5,,,,,,,,,,
mp-aaabxhim,GF,hartree_only,0.001,41,True,0,ZFP;tol_rel=0.000215443,U,,32.60690635550554,675320.0,3.546823849759714e-07,3.546822883382268e-07,,0.2492129062497952,0.0
mp-aaabxhim,GF,hartree_only,0.0001,41,True,0,ZFP;tol_rel=0.000215443,U,,32.60690635550554,675320.0,3.546823849759714e-07,3.546822883382268e-07,,0.2492129062497952,0.0
mp-aaabxhim,GF,hartree_only,1e-05,41,True,0,ZFP;tol_rel=0.000215443,U,,32.60690635550554,675320.0,3.546823849759714e-07,3.546822883382268e-07,,0.2492129062497952,0.0
mp-aaabxhim,GF,none,0.001,41,True,1,ZFP;tol_rel=0.000215443,U,,32.60690635550554,675320.0,3.546823849759714e-07,3.546822883382268e-07,1.7000000001488047e-05,0.2492129062497952,0.0
mp-aaabxhim,GF,none,0.0001,41,True,1,ZFP;tol_rel=0.000215443,U,,32.60690635550554,675320.0,3.546823849759714e-07,3.546822883382268e-07,1.7000000001488047e-05,0.2492129062497952,0.0
mp-aaabxhim,GF,none,1e-05,41,True,2,ZFP;tol_rel=0.0001,U,,27.87777383906416,789880.0,5.577439527710575e-07,5.577439351687741e-07,8.999999998593466e-06,0.1238023668749974,0.0
mp-aaabxhim,GF,uniform,0.001,43,True,1,ZFP;tol_rel=0.000464159,uniform,,38.51983710483228,571656.0,4.331028895946869e-07,4.331025877201197e-07,0.0,0.4607451984761752,0.0003918440460696
mp-aaabxhim,GF,uniform,0.0001,43,True,1,ZFP;tol_rel=0.000464159,uniform,,38.51983710483228,571656.0,4.331028895946869e-07,4.331025877201197e-07,0.0,0.4607451984761752,0.0003918440460696
mp-aaabxhim,GF,uniform,1e-05,43,True,1,ZFP;tol_rel=0.000464159,uniform,,38.51983710483228,571656.0,4.331028895946869e-07,4.331025877201197e-07,0.0,0.4607451984761752,0.0003918440460696
mp-aaabxhim,GF,hap:0.0001,0.001,41,True,1,ZFP;tol_rel=0.000215443,hap:0.0001,,32.595708398465256,675552.0,3.543996540070182e-07,3.543995572742529e-07,0.0,0.2491507371082661,0.0003434228601203
mp-aaabxhim,GF,hap:0.0001,0.0001,41,True,1,ZFP;tol_rel=0.000215443,hap:0.0001,,32.595708398465256,675552.0,3.543996540070182e-07,3.543995572742529e-07,0.0,0.2491507371082661,0.0003434228601203
mp-aaabxhim,GF,hap:0.0001,1e-05,41,True,1,ZFP;tol_rel=0.000215443,hap:0.0001,,32.595708398465256,675552.0,3.543996540070182e-07,3.543995572742529e-07,0.0,0.2491507371082661,0.0003434228601203
mp-aaabxhim,GF,hap:0.01,0.001,41,True,1,ZFP;tol_rel=0.000215443,hap:0.01,,32.595708398465256,675552.0,3.449118927694676e-07,3.449117933894479e-07,0.0,0.2489207302132854,0.0003434228601203
mp-aaabxhim,GF,hap:0.01,0.0001,41,True,1,ZFP;tol_rel=0.000215443,hap:0.01,,32.595708398465256,675552.0,3.449118927694676e-07,3.449117933894479e-07,0.0,0.2489207302132854,0.0003434228601203
mp-aaabxhim,GF,hap:0.01,1e-05,41,True,1,ZFP;tol_rel=0.000215443,hap:0.01,,32.595708398465256,675552.0,3.449118927694676e-07,3.449117933894479e-07,0.0,0.2489207302132854,0.0003434228601203
mp-aaabxhim,GF,hap:1,0.001,42,True,1,ZFP;tol_rel=0.000464159,hap:1,,38.51929804920373,571664.0,7.634647957222514e-07,7.634646244714665e-07,0.0,0.4606659383741913,0.0004058327968876
mp-aaabxhim,GF,hap:1,0.0001,42,True,1,ZFP;tol_rel=0.000464159,hap:1,,38.51929804920373,571664.0,7.634647957222514e-07,7.634646244714665e-07,0.0,0.4606659383741913,0.0004058327968876
mp-aaabxhim,GF,hap:1,1e-05,42,True,1,ZFP;tol_rel=0.000464159,hap:1,,38.51929804920373,571664.0,7.634647957222514e-07,7.634646244714665e-07,0.0,0.4606659383741913,0.0004058327968876
mp-aaabxhim,GF,ctp-uniform,0.001,84,True,2,ZFP;tol_rel=0.000215443,U,unprojected,32.60685807193912,675321.0,3.546823849759714e-07,3.546822883382268e-07,1.7000000001488047e-05,0.2492129062497952,1.4807772896148646e-06
mp-aaabxhim,GF,ctp-uniform,0.0001,84,True,2,ZFP;tol_rel=0.000215443,U,unprojected,32.60685807193912,675321.0,3.546823849759714e-07,3.546822883382268e-07,1.7000000001488047e-05,0.2492129062497952,1.4807772896148646e-06
mp-aaabxhim,GF,ctp-uniform,1e-05,84,True,1,ZFP;tol_rel=0.000464159,uniform,projected,38.51976972205361,571657.0,4.331028895946869e-07,4.331025877201197e-07,0.0,0.4607451984761752,0.0003935926613336
mp-aaabxhim,GF,ctp-hap:0.0001,0.001,82,True,1,ZFP;tol_rel=0.000215443,U,unprojected,32.60685807193912,675321.0,3.546823849759714e-07,3.546822883382268e-07,1.7000000001488047e-05,0.2492129062497952,1.4807772896148646e-06
mp-aaabxhim,GF,ctp-hap:0.0001,0.0001,82,True,1,ZFP;tol_rel=0.000215443,U,unprojected,32.60685807193912,675321.0,3.546823849759714e-07,3.546822883382268e-07,1.7000000001488047e-05,0.2492129062497952,1.4807772896148646e-06
mp-aaabxhim,GF,ctp-hap:0.0001,1e-05,82,True,2,ZFP;tol_rel=0.000215443,hap:0.0001,projected,32.59566014805648,675553.0,3.543996540070182e-07,3.543995572742529e-07,0.0,0.2491507371082661,0.0003449026205197
mp-aaabxhim,GF,ctp-hap:0.01,0.001,82,True,1,ZFP;tol_rel=0.000215443,U,unprojected,32.60685807193912,675321.0,3.546823849759714e-07,3.546822883382268e-07,1.7000000001488047e-05,0.2492129062497952,1.4807772896148646e-06
mp-aaabxhim,GF,ctp-hap:0.01,0.0001,82,True,1,ZFP;tol_rel=0.000215443,U,unprojected,32.60685807193912,675321.0,3.546823849759714e-07,3.546822883382268e-07,1.7000000001488047e-05,0.2492129062497952,1.4807772896148646e-06
mp-aaabxhim,GF,ctp-hap:0.01,1e-05,82,True,2,ZFP;tol_rel=0.000215443,hap:0.01,projected,32.59566014805648,675553.0,3.449118927694676e-07,3.449117933894479e-07,0.0,0.2489207302132854,0.0003449026205197
mp-aaabxhim,GF,ctp-hap:1,0.001,83,True,2,ZFP;tol_rel=0.000215443,U,unprojected,32.60685807193912,675321.0,3.546823849759714e-07,3.546822883382268e-07,1.7000000001488047e-05,0.2492129062497952,1.4807772896148646e-06
mp-aaabxhim,GF,ctp-hap:1,0.0001,83,True,2,ZFP;tol_rel=0.000215443,U,unprojected,32.60685807193912,675321.0,3.546823849759714e-07,3.546822883382268e-07,1.7000000001488047e-05,0.2492129062497952,1.4807772896148646e-06
mp-aaabxhim,GF,ctp-hap:1,1e-05,83,True,1,ZFP;tol_rel=0.000464159,hap:1,projected,38.51923066831099,571665.0,7.634647957222514e-07,7.634646244714665e-07,0.0,0.4606659383741913,0.0004075813632109
mp-aaacdpvq,J,hartree_only,0.001,19,True,0,alpha_rel=0.1,U,,1197.5851644632946,22163.0,8.262537408222971e-07,8.262537187331468e-07,,16.66005384650748,0.0
mp-aaacdpvq,J,hartree_only,0.0001,19,True,0,alpha_rel=0.1,U,,1197.5851644632946,22163.0,8.262537408222971e-07,8.262537187331468e-07,,16.66005384650748,0.0
mp-aaacdpvq,J,hartree_only,1e-05,19,True,0,alpha_rel=0.1,U,,1197.5851644632946,22163.0,8.262537408222971e-07,8.262537187331468e-07,,16.66005384650748,0.0
mp-aaacdpvq,J,none,0.001,19,True,1,alpha_rel=0.1,U,,1197.5851644632946,22163.0,8.262537408222971e-07,8.262537187331468e-07,0.0004760000000008,16.66005384650748,0.0
mp-aaacdpvq,J,none,0.0001,19,True,5,alpha_rel=0.00464159,U,,535.6733738319643,49549.0,7.03383624674406e-08,7.03381029891713e-08,6.799999999884676e-05,6.542495979381783,0.0
mp-aaacdpvq,J,none,1e-05,19,False,5,,,,,,,,,,
mp-aaacdpvq,J,uniform,0.001,18,True,1,alpha_rel=0.0464159,uniform,,975.8835208471212,27198.0,7.678855409712946e-07,7.678855171362842e-07,0.0,12.747172801599843,0.0082358996985072
mp-aaacdpvq,J,uniform,0.0001,18,True,1,alpha_rel=0.0464159,uniform,,975.8835208471212,27198.0,7.678855409712946e-07,7.678855171362842e-07,0.0,12.747172801599843,0.0082358996985072
mp-aaacdpvq,J,uniform,1e-05,18,True,1,alpha_rel=0.0464159,uniform,,975.8835208471212,27198.0,7.678855409712946e-07,7.678855171362842e-07,0.0,12.747172801599843,0.0082358996985072
mp-aaacdpvq,J,hap:0.0001,0.001,19,True,1,alpha_rel=0.1,hap:0.0001,,1185.178834561286,22395.0,8.303325328533102e-07,8.303325103170639e-07,0.0,16.654001273071934,0.0103594552355436
mp-aaacdpvq,J,hap:0.0001,0.0001,19,True,1,alpha_rel=0.1,hap:0.0001,,1185.178834561286,22395.0,8.303325328533102e-07,8.303325103170639e-07,0.0,16.654001273071934,0.0103594552355436
mp-aaacdpvq,J,hap:0.0001,1e-05,19,True,1,alpha_rel=0.1,hap:0.0001,,1185.178834561286,22395.0,8.303325328533102e-07,8.303325103170639e-07,0.0,16.654001273071934,0.0103594552355436
mp-aaacdpvq,J,hap:0.01,0.001,19,True,1,alpha_rel=0.1,hap:0.01,,1185.178834561286,22395.0,8.896505317849968e-07,8.896505112347014e-07,0.0,16.659866860290244,0.0103594552355436
mp-aaacdpvq,J,hap:0.01,0.0001,19,True,1,alpha_rel=0.1,hap:0.01,,1185.178834561286,22395.0,8.896505317849968e-07,8.896505112347014e-07,0.0,16.659866860290244,0.0103594552355436
mp-aaacdpvq,J,hap:0.01,1e-05,19,True,1,alpha_rel=0.1,hap:0.01,,1185.178834561286,22395.0,8.896505317849968e-07,8.896505112347014e-07,0.0,16.659866860290244,0.0103594552355436
mp-aaacdpvq,J,hap:1,0.001,18,True,1,alpha_rel=0.0464159,hap:1,,975.596559582445,27206.0,6.783791978150942e-07,6.783791708346588e-07,0.0,12.747203009298572,0.0085275306917591
mp-aaacdpvq,J,hap:1,0.0001,18,True,1,alpha_rel=0.0464159,hap:1,,975.596559582445,27206.0,6.783791978150942e-07,6.783791708346588e-07,0.0,12.747203009298572,0.0085275306917591
mp-aaacdpvq,J,hap:1,1e-05,18,True,1,alpha_rel=0.0464159,hap:1,,975.596559582445,27206.0,6.783791978150942e-07,6.783791708346588e-07,0.0,12.747203009298572,0.0085275306917591
mp-aaacdpvq,J,ctp-uniform,0.001,37,True,1,alpha_rel=0.1,U,unprojected,1197.5311315646995,22164.0,8.262537408222971e-07,8.262537187331468e-07,0.0004760000000008,16.66005384650748,4.511820970943873e-05
mp-aaacdpvq,J,ctp-uniform,0.0001,37,True,3,alpha_rel=0.0464159,uniform,projected,975.8476414574066,27199.0,7.678855409712946e-07,7.678855171362842e-07,0.0,12.747172801599843,0.0082723629545203
mp-aaacdpvq,J,ctp-uniform,1e-05,37,True,3,alpha_rel=0.0464159,uniform,projected,975.8476414574066,27199.0,7.678855409712946e-07,7.678855171362842e-07,0.0,12.747172801599843,0.0082723629545203
mp-aaacdpvq,J,ctp-hap:0.0001,0.001,38,True,1,alpha_rel=0.1,U,unprojected,1197.5311315646995,22164.0,8.262537408222971e-07,8.262537187331468e-07,0.0004760000000008,16.66005384650748,4.511820970943873e-05
mp-aaacdpvq,J,ctp-hap:0.0001,0.0001,38,True,2,alpha_rel=0.1,hap:0.0001,projected,1185.125915342025,22396.0,8.303325328533102e-07,8.303325103170639e-07,0.0,16.654001273071934,0.0104036435077692
mp-aaacdpvq,J,ctp-hap:0.0001,1e-05,38,True,2,alpha_rel=0.1,hap:0.0001,projected,1185.125915342025,22396.0,8.303325328533102e-07,8.303325103170639e-07,0.0,16.654001273071934,0.0104036435077692
mp-aaacdpvq,J,ctp-hap:0.01,0.001,38,True,1,alpha_rel=0.1,U,unprojected,1197.5311315646995,22164.0,8.262537408222971e-07,8.262537187331468e-07,0.0004760000000008,16.66005384650748,4.511820970943873e-05
mp-aaacdpvq,J,ctp-hap:0.01,0.0001,38,True,2,alpha_rel=0.1,hap:0.01,projected,1185.125915342025,22396.0,8.896505317849968e-07,8.896505112347014e-07,0.0,16.659866860290244,0.0104036435077692
mp-aaacdpvq,J,ctp-hap:0.01,1e-05,38,True,2,alpha_rel=0.1,hap:0.01,projected,1185.125915342025,22396.0,8.896505317849968e-07,8.896505112347014e-07,0.0,16.659866860290244,0.0104036435077692
mp-aaacdpvq,J,ctp-hap:1,0.001,37,True,1,alpha_rel=0.1,U,unprojected,1197.5311315646995,22164.0,8.262537408222971e-07,8.262537187331468e-07,0.0004760000000008,16.66005384650748,4.511820970943873e-05
mp-aaacdpvq,J,ctp-hap:1,0.0001,37,True,3,alpha_rel=0.0464159,hap:1,projected,975.5607012901093,27207.0,6.783791978150942e-07,6.783791708346588e-07,0.0,12.747203009298572,0.0085639725070753
mp-aaacdpvq,J,ctp-hap:1,1e-05,37,True,3,alpha_rel=0.0464159,hap:1,projected,975.5607012901093,27207.0,6.783791978150942e-07,6.783791708346588e-07,0.0,12.747203009298572,0.0085639725070753
mp-aaacdpvq,T1,hartree_only,0.001,50,True,0,q_cut=0.2;alpha_rel=0.0001,U,,809.4318563020341,32791.0,5.132490369083443e-07,5.132490013481342e-07,,28.91321625409182,0.0
mp-aaacdpvq,T1,hartree_only,0.0001,50,True,0,q_cut=0.2;alpha_rel=0.0001,U,,809.4318563020341,32791.0,5.132490369083443e-07,5.132490013481342e-07,,28.91321625409182,0.0
mp-aaacdpvq,T1,hartree_only,1e-05,50,True,0,q_cut=0.2;alpha_rel=0.0001,U,,809.4318563020341,32791.0,5.132490369083443e-07,5.132490013481342e-07,,28.91321625409182,0.0
mp-aaacdpvq,T1,none,0.001,50,True,1,q_cut=0.2;alpha_rel=0.0001,U,,809.4318563020341,32791.0,5.132490369083443e-07,5.132490013481342e-07,0.0003830000000011,28.91321625409182,0.0
mp-aaacdpvq,T1,none,0.0001,50,False,5,,,,,,,,,,
mp-aaacdpvq,T1,none,1e-05,50,False,5,,,,,,,,,,
mp-aaacdpvq,T1,uniform,0.001,59,True,1,q_cut=0.2;alpha_rel=0.000215443,uniform,,949.2536032330746,27961.0,7.880363773218888e-07,7.880363538632538e-07,0.0,28.649288988528497,0.0080111583991988
mp-aaacdpvq,T1,uniform,0.0001,59,True,1,q_cut=0.2;alpha_rel=0.000215443,uniform,,949.2536032330746,27961.0,7.880363773218888e-07,7.880363538632538e-07,0.0,28.649288988528497,0.0080111583991988
mp-aaacdpvq,T1,uniform,1e-05,59,True,1,q_cut=0.2;alpha_rel=0.000215443,uniform,,949.2536032330746,27961.0,7.880363773218888e-07,7.880363538632538e-07,0.0,28.649288988528497,0.0080111583991988
mp-aaacdpvq,T1,hap:0.0001,0.001,50,True,1,q_cut=0.2;alpha_rel=0.0001,hap:0.0001,,803.7452684492627,33023.0,5.267807822018685e-07,5.267807450332073e-07,0.0,28.89628808081397,0.0070254065348393
mp-aaacdpvq,T1,hap:0.0001,0.0001,50,True,1,q_cut=0.2;alpha_rel=0.0001,hap:0.0001,,803.7452684492627,33023.0,5.267807822018685e-07,5.267807450332073e-07,0.0,28.89628808081397,0.0070254065348393
mp-aaacdpvq,T1,hap:0.0001,1e-05,50,True,1,q_cut=0.2;alpha_rel=0.0001,hap:0.0001,,803.7452684492627,33023.0,5.267807822018685e-07,5.267807450332073e-07,0.0,28.89628808081397,0.0070254065348393
mp-aaacdpvq,T1,hap:0.01,0.001,50,True,1,q_cut=0.2;alpha_rel=0.0001,hap:0.01,,803.7452684492627,33023.0,6.194391784379707e-07,6.194391485563598e-07,0.0,28.936654769095185,0.0070254065348393
mp-aaacdpvq,T1,hap:0.01,0.0001,50,True,1,q_cut=0.2;alpha_rel=0.0001,hap:0.01,,803.7452684492627,33023.0,6.194391784379707e-07,6.194391485563598e-07,0.0,28.936654769095185,0.0070254065348393
mp-aaacdpvq,T1,hap:0.01,1e-05,50,True,1,q_cut=0.2;alpha_rel=0.0001,hap:0.01,,803.7452684492627,33023.0,6.194391784379707e-07,6.194391485563598e-07,0.0,28.936654769095185,0.0070254065348393
mp-aaacdpvq,T1,hap:1,0.001,51,True,1,q_cut=0.2;alpha_rel=0.0001,hap:1,,803.7452684492627,33023.0,7.143049527213307e-07,7.143049268434613e-07,0.0,28.9386569774706,0.0070254065348393
mp-aaacdpvq,T1,hap:1,0.0001,51,True,1,q_cut=0.2;alpha_rel=0.0001,hap:1,,803.7452684492627,33023.0,7.143049527213307e-07,7.143049268434613e-07,0.0,28.9386569774706,0.0070254065348393
mp-aaacdpvq,T1,hap:1,1e-05,51,True,1,q_cut=0.2;alpha_rel=0.0001,hap:1,,803.7452684492627,33023.0,7.143049527213307e-07,7.143049268434613e-07,0.0,28.9386569774706,0.0070254065348393
mp-aaacdpvq,T1,ctp-uniform,0.001,109,True,3,q_cut=0.2;alpha_rel=0.0001,U,unprojected,809.407172481093,32792.0,5.132490369083443e-07,5.132490013481342e-07,0.0003830000000011,28.91321625409182,3.0495242742132227e-05
mp-aaacdpvq,T1,ctp-uniform,0.0001,109,True,1,q_cut=0.2;alpha_rel=0.000215443,uniform,projected,949.219655246406,27962.0,7.880363773218888e-07,7.880363538632538e-07,0.0,28.649288988528497,0.0080466347185466
mp-aaacdpvq,T1,ctp-uniform,1e-05,109,True,1,q_cut=0.2;alpha_rel=0.000215443,uniform,projected,949.219655246406,27962.0,7.880363773218888e-07,7.880363538632538e-07,0.0,28.649288988528497,0.0080466347185466
mp-aaacdpvq,T1,ctp-hap:0.0001,0.001,100,True,1,q_cut=0.2;alpha_rel=0.0001,U,unprojected,809.407172481093,32792.0,5.132490369083443e-07,5.132490013481342e-07,0.0003830000000011,28.91321625409182,3.0495242742132227e-05
mp-aaacdpvq,T1,ctp-hap:0.0001,0.0001,100,True,2,q_cut=0.2;alpha_rel=0.0001,hap:0.0001,projected,803.7209302325581,33024.0,5.267807822018685e-07,5.267807450332073e-07,0.0,28.89628808081397,0.0070554748062015
mp-aaacdpvq,T1,ctp-hap:0.0001,1e-05,100,True,2,q_cut=0.2;alpha_rel=0.0001,hap:0.0001,projected,803.7209302325581,33024.0,5.267807822018685e-07,5.267807450332073e-07,0.0,28.89628808081397,0.0070554748062015
mp-aaacdpvq,T1,ctp-hap:0.01,0.001,100,True,1,q_cut=0.2;alpha_rel=0.0001,U,unprojected,809.407172481093,32792.0,5.132490369083443e-07,5.132490013481342e-07,0.0003830000000011,28.91321625409182,3.0495242742132227e-05
mp-aaacdpvq,T1,ctp-hap:0.01,0.0001,100,True,2,q_cut=0.2;alpha_rel=0.0001,hap:0.01,projected,803.7209302325581,33024.0,6.194391784379707e-07,6.194391485563598e-07,0.0,28.936654769095185,0.0070554748062015
mp-aaacdpvq,T1,ctp-hap:0.01,1e-05,100,True,2,q_cut=0.2;alpha_rel=0.0001,hap:0.01,projected,803.7209302325581,33024.0,6.194391784379707e-07,6.194391485563598e-07,0.0,28.936654769095185,0.0070554748062015
mp-aaacdpvq,T1,ctp-hap:1,0.001,101,True,1,q_cut=0.2;alpha_rel=0.0001,U,unprojected,809.407172481093,32792.0,5.132490369083443e-07,5.132490013481342e-07,0.0003830000000011,28.91321625409182,3.0495242742132227e-05
mp-aaacdpvq,T1,ctp-hap:1,0.0001,101,True,2,q_cut=0.2;alpha_rel=0.0001,hap:1,projected,803.7209302325581,33024.0,7.143049527213307e-07,7.143049268434613e-07,0.0,28.9386569774706,0.0070554748062015
mp-aaacdpvq,T1,ctp-hap:1,1e-05,101,True,2,q_cut=0.2;alpha_rel=0.0001,hap:1,projected,803.7209302325581,33024.0,7.143049527213307e-07,7.143049268434613e-07,0.0,28.9386569774706,0.0070554748062015
mp-aaacdpvq,GP,hartree_only,0.001,0,False,0,,,,,,,,,,
mp-aaacdpvq,GP,hartree_only,0.0001,0,False,0,,,,,,,,,,
mp-aaacdpvq,GP,hartree_only,1e-05,0,False,0,,,,,,,,,,
mp-aaacdpvq,GP,none,0.001,0,False,0,,,,,,,,,,
mp-aaacdpvq,GP,none,0.0001,0,False,0,,,,,,,,,,
mp-aaacdpvq,GP,none,1e-05,0,False,0,,,,,,,,,,
mp-aaacdpvq,GP,uniform,0.001,0,False,0,,,,,,,,,,
mp-aaacdpvq,GP,uniform,0.0001,0,False,0,,,,,,,,,,
mp-aaacdpvq,GP,uniform,1e-05,0,False,0,,,,,,,,,,
mp-aaacdpvq,GP,hap:0.0001,0.001,0,False,0,,,,,,,,,,
mp-aaacdpvq,GP,hap:0.0001,0.0001,0,False,0,,,,,,,,,,
mp-aaacdpvq,GP,hap:0.0001,1e-05,0,False,0,,,,,,,,,,
mp-aaacdpvq,GP,hap:0.01,0.001,0,False,0,,,,,,,,,,
mp-aaacdpvq,GP,hap:0.01,0.0001,0,False,0,,,,,,,,,,
mp-aaacdpvq,GP,hap:0.01,1e-05,0,False,0,,,,,,,,,,
mp-aaacdpvq,GP,hap:1,0.001,0,False,0,,,,,,,,,,
mp-aaacdpvq,GP,hap:1,0.0001,0,False,0,,,,,,,,,,
mp-aaacdpvq,GP,hap:1,1e-05,0,False,0,,,,,,,,,,
mp-aaacdpvq,GP,ctp-uniform,0.001,0,False,0,,,,,,,,,,
mp-aaacdpvq,GP,ctp-uniform,0.0001,0,False,0,,,,,,,,,,
mp-aaacdpvq,GP,ctp-uniform,1e-05,0,False,0,,,,,,,,,,
mp-aaacdpvq,GP,ctp-hap:0.0001,0.001,0,False,0,,,,,,,,,,
mp-aaacdpvq,GP,ctp-hap:0.0001,0.0001,0,False,0,,,,,,,,,,
mp-aaacdpvq,GP,ctp-hap:0.0001,1e-05,0,False,0,,,,,,,,,,
mp-aaacdpvq,GP,ctp-hap:0.01,0.001,0,False,0,,,,,,,,,,
mp-aaacdpvq,GP,ctp-hap:0.01,0.0001,0,False,0,,,,,,,,,,
mp-aaacdpvq,GP,ctp-hap:0.01,1e-05,0,False,0,,,,,,,,,,
mp-aaacdpvq,GP,ctp-hap:1,0.001,0,False,0,,,,,,,,,,
mp-aaacdpvq,GP,ctp-hap:1,0.0001,0,False,0,,,,,,,,,,
mp-aaacdpvq,GP,ctp-hap:1,1e-05,0,False,0,,,,,,,,,,
mp-aaacdpvq,R3,hartree_only,0.001,6,True,0,tau=1e-06;k=0;margin=0.995,U,,1713.3871280098122,15491.0,9.936635089280448e-07,9.936634905604152e-07,,35.754815413777145,0.0
mp-aaacdpvq,R3,hartree_only,0.0001,6,True,0,tau=1e-06;k=0;margin=0.995,U,,1713.3871280098122,15491.0,9.936635089280448e-07,9.936634905604152e-07,,35.754815413777145,0.0
mp-aaacdpvq,R3,hartree_only,1e-05,6,True,0,tau=1e-06;k=0;margin=0.995,U,,1713.3871280098122,15491.0,9.936635089280448e-07,9.936634905604152e-07,,35.754815413777145,0.0
mp-aaacdpvq,R3,none,0.001,6,True,1,tau=1e-06;k=0;margin=0.995,U,,1713.3871280098122,15491.0,9.936635089280448e-07,9.936634905604152e-07,0.0007260000000002,35.754815413777145,0.0
mp-aaacdpvq,R3,none,0.0001,6,False,5,,,,,,,,,,
mp-aaacdpvq,R3,none,1e-05,6,False,5,,,,,,,,,,
mp-aaacdpvq,R3,uniform,0.001,0,False,0,,,,,,,,,,
mp-aaacdpvq,R3,uniform,0.0001,0,False,0,,,,,,,,,,
mp-aaacdpvq,R3,uniform,1e-05,0,False,0,,,,,,,,,,
mp-aaacdpvq,R3,hap:0.0001,0.001,4,True,1,tau=1e-06;k=2;margin=0.985074875,hap:0.0001,,1681.1553078287309,15788.0,9.99904677879978e-07,9.999046567887502e-07,0.0,26.16560079034457,0.0146947048391183
mp-aaacdpvq,R3,hap:0.0001,0.0001,4,True,1,tau=1e-06;k=2;margin=0.985074875,hap:0.0001,,1681.1553078287309,15788.0,9.99904677879978e-07,9.999046567887502e-07,0.0,26.16560079034457,0.0146947048391183
mp-aaacdpvq,R3,hap:0.0001,1e-05,4,True,1,tau=1e-06;k=2;margin=0.985074875,hap:0.0001,,1681.1553078287309,15788.0,9.99904677879978e-07,9.999046567887502e-07,0.0,26.16560079034457,0.0146947048391183
mp-aaacdpvq,R3,hap:0.01,0.001,0,False,0,,,,,,,,,,
mp-aaacdpvq,R3,hap:0.01,0.0001,0,False,0,,,,,,,,,,
mp-aaacdpvq,R3,hap:0.01,1e-05,0,False,0,,,,,,,,,,
mp-aaacdpvq,R3,hap:1,0.001,0,False,0,,,,,,,,,,
mp-aaacdpvq,R3,hap:1,0.0001,0,False,0,,,,,,,,,,
mp-aaacdpvq,R3,hap:1,1e-05,0,False,0,,,,,,,,,,
mp-aaacdpvq,R3,ctp-uniform,0.001,6,True,1,tau=1e-06;k=0;margin=0.995,U,unprojected,1713.2765298218435,15492.0,9.936635089280448e-07,9.936634905604152e-07,0.0007260000000002,35.754815413777145,6.454944487477407e-05
mp-aaacdpvq,R3,ctp-uniform,0.0001,6,False,5,,,,,,,,,,
mp-aaacdpvq,R3,ctp-uniform,1e-05,6,False,5,,,,,,,,,,
mp-aaacdpvq,R3,ctp-hap:0.0001,0.001,10,True,1,tau=1e-06;k=0;margin=0.995,U,unprojected,1713.2765298218435,15492.0,9.936635089280448e-07,9.936634905604152e-07,0.0007260000000002,35.754815413777145,6.454944487477407e-05
mp-aaacdpvq,R3,ctp-hap:0.0001,0.0001,10,False,5,,,,,,,,,,
mp-aaacdpvq,R3,ctp-hap:0.0001,1e-05,10,False,5,,,,,,,,,,
mp-aaacdpvq,R3,ctp-hap:0.01,0.001,6,True,1,tau=1e-06;k=0;margin=0.995,U,unprojected,1713.2765298218435,15492.0,9.936635089280448e-07,9.936634905604152e-07,0.0007260000000002,35.754815413777145,6.454944487477407e-05
mp-aaacdpvq,R3,ctp-hap:0.01,0.0001,6,False,5,,,,,,,,,,
mp-aaacdpvq,R3,ctp-hap:0.01,1e-05,6,False,5,,,,,,,,,,
mp-aaacdpvq,R3,ctp-hap:1,0.001,6,True,1,tau=1e-06;k=0;margin=0.995,U,unprojected,1713.2765298218435,15492.0,9.936635089280448e-07,9.936634905604152e-07,0.0007260000000002,35.754815413777145,6.454944487477407e-05
mp-aaacdpvq,R3,ctp-hap:1,0.0001,6,False,5,,,,,,,,,,
mp-aaacdpvq,R3,ctp-hap:1,1e-05,6,False,5,,,,,,,,,,
mp-aaacdpvq,GF,hartree_only,0.001,43,True,0,ZFP;tol_rel=0.000464159,U,,41.924787707238174,633088.0,6.339352276322985e-07,6.339350293585587e-07,,0.8479105325000091,0.0
mp-aaacdpvq,GF,hartree_only,0.0001,43,True,0,ZFP;tol_rel=0.000464159,U,,41.924787707238174,633088.0,6.339352276322985e-07,6.339350293585587e-07,,0.8479105325000091,0.0
mp-aaacdpvq,GF,hartree_only,1e-05,43,True,0,ZFP;tol_rel=0.000464159,U,,41.924787707238174,633088.0,6.339352276322985e-07,6.339350293585587e-07,,0.8479105325000091,0.0
mp-aaacdpvq,GF,none,0.001,43,True,1,ZFP;tol_rel=0.000464159,U,,41.924787707238174,633088.0,6.339352276322985e-07,6.339350293585587e-07,4.599999999932436e-05,0.8479105325000091,0.0
mp-aaacdpvq,GF,none,0.0001,43,True,1,ZFP;tol_rel=0.000464159,U,,41.924787707238174,633088.0,6.339352276322985e-07,6.339350293585587e-07,4.599999999932436e-05,0.8479105325000091,0.0
mp-aaacdpvq,GF,none,1e-05,43,True,3,ZFP;tol_rel=0.0001,U,,30.032587442971973,883776.0,3.9042327463317596e-07,3.9042325032831437e-07,9.999999999621425e-06,0.2318132425000385,0.0
mp-aaacdpvq,GF,uniform,0.001,44,True,1,ZFP;tol_rel=0.000215443,uniform,,35.26193285081147,752712.0,5.065460678768793e-07,5.0654599825199e-07,0.0,0.4835616009687555,0.0002975905791325
mp-aaacdpvq,GF,uniform,0.0001,44,True,1,ZFP;tol_rel=0.000215443,uniform,,35.26193285081147,752712.0,5.065460678768793e-07,5.0654599825199e-07,0.0,0.4835616009687555,0.0002975905791325
mp-aaacdpvq,GF,uniform,1e-05,44,True,1,ZFP;tol_rel=0.000215443,uniform,,35.26193285081147,752712.0,5.065460678768793e-07,5.0654599825199e-07,0.0,0.4835616009687555,0.0002975905791325
mp-aaacdpvq,GF,hap:0.0001,0.001,43,True,1,ZFP;tol_rel=0.000464159,hap:0.0001,,41.90942967220362,633320.0,6.32919065433435e-07,6.329188666896664e-07,0.0,0.8482758340872465,0.0003663235015474
mp-aaacdpvq,GF,hap:0.0001,0.0001,43,True,1,ZFP;tol_rel=0.000464159,hap:0.0001,,41.90942967220362,633320.0,6.32919065433435e-07,6.329188666896664e-07,0.0,0.8482758340872465,0.0003663235015474
mp-aaacdpvq,GF,hap:0.0001,1e-05,43,True,1,ZFP;tol_rel=0.000464159,hap:0.0001,,41.90942967220362,633320.0,6.32919065433435e-07,6.329188666896664e-07,0.0,0.8482758340872465,0.0003663235015474
mp-aaacdpvq,GF,hap:0.01,0.001,43,True,1,ZFP;tol_rel=0.000464159,hap:0.01,,41.90942967220362,633320.0,6.088247766344262e-07,6.088245701344001e-07,0.0,0.848711407010228,0.0003663235015474
mp-aaacdpvq,GF,hap:0.01,0.0001,43,True,1,ZFP;tol_rel=0.000464159,hap:0.01,,41.90942967220362,633320.0,6.088247766344262e-07,6.088245701344001e-07,0.0,0.848711407010228,0.0003663235015474
mp-aaacdpvq,GF,hap:0.01,1e-05,43,True,1,ZFP;tol_rel=0.000464159,hap:0.01,,41.90942967220362,633320.0,6.088247766344262e-07,6.088245701344001e-07,0.0,0.848711407010228,0.0003663235015474
mp-aaacdpvq,GF,hap:1,0.001,44,True,1,ZFP;tol_rel=0.000464159,hap:1,,41.90942967220362,633320.0,5.481155127994842e-07,5.481152834655427e-07,0.0,0.8481100481176895,0.0003663235015474
mp-aaacdpvq,GF,hap:1,0.0001,44,True,1,ZFP;tol_rel=0.000464159,hap:1,,41.90942967220362,633320.0,5.481155127994842e-07,5.481152834655427e-07,0.0,0.8481100481176895,0.0003663235015474
mp-aaacdpvq,GF,hap:1,1e-05,44,True,1,ZFP;tol_rel=0.000464159,hap:1,,41.90942967220362,633320.0,5.481155127994842e-07,5.481152834655427e-07,0.0,0.8481100481176895,0.0003663235015474
mp-aaacdpvq,GF,ctp-uniform,0.001,87,True,1,ZFP;tol_rel=0.000464159,U,unprojected,41.92472148465698,633089.0,6.339352276322985e-07,6.339350293585587e-07,4.599999999932436e-05,0.8479105325000091,1.579556744786278e-06
mp-aaacdpvq,GF,ctp-uniform,0.0001,87,True,1,ZFP;tol_rel=0.000464159,U,unprojected,41.92472148465698,633089.0,6.339352276322985e-07,6.339350293585587e-07,4.599999999932436e-05,0.8479105325000091,1.579556744786278e-06
mp-aaacdpvq,GF,ctp-uniform,1e-05,87,True,3,ZFP;tol_rel=0.000215443,uniform,projected,35.26188600436023,752713.0,5.065460678768793e-07,5.0654599825199e-07,0.0,0.4835616009687555,0.0002989187113813
mp-aaacdpvq,GF,ctp-hap:0.0001,0.001,86,True,1,ZFP;tol_rel=0.000464159,U,unprojected,41.92472148465698,633089.0,6.339352276322985e-07,6.339350293585587e-07,4.599999999932436e-05,0.8479105325000091,1.579556744786278e-06
mp-aaacdpvq,GF,ctp-hap:0.0001,0.0001,86,True,1,ZFP;tol_rel=0.000464159,U,unprojected,41.92472148465698,633089.0,6.339352276322985e-07,6.339350293585587e-07,4.599999999932436e-05,0.8479105325000091,1.579556744786278e-06
mp-aaacdpvq,GF,ctp-hap:0.0001,1e-05,86,True,2,ZFP;tol_rel=0.000464159,hap:0.0001,projected,41.90936349813128,633321.0,6.32919065433435e-07,6.329188666896664e-07,0.0,0.8482758340872465,0.0003679019012475
mp-aaacdpvq,GF,ctp-hap:0.01,0.001,86,True,1,ZFP;tol_rel=0.000464159,U,unprojected,41.92472148465698,633089.0,6.339352276322985e-07,6.339350293585587e-07,4.599999999932436e-05,0.8479105325000091,1.579556744786278e-06
mp-aaacdpvq,GF,ctp-hap:0.01,0.0001,86,True,1,ZFP;tol_rel=0.000464159,U,unprojected,41.92472148465698,633089.0,6.339352276322985e-07,6.339350293585587e-07,4.599999999932436e-05,0.8479105325000091,1.579556744786278e-06
mp-aaacdpvq,GF,ctp-hap:0.01,1e-05,86,True,2,ZFP;tol_rel=0.000464159,hap:0.01,projected,41.90936349813128,633321.0,6.088247766344262e-07,6.088245701344001e-07,0.0,0.848711407010228,0.0003679019012475
mp-aaacdpvq,GF,ctp-hap:1,0.001,87,True,1,ZFP;tol_rel=0.000464159,U,unprojected,41.92472148465698,633089.0,6.339352276322985e-07,6.339350293585587e-07,4.599999999932436e-05,0.8479105325000091,1.579556744786278e-06
mp-aaacdpvq,GF,ctp-hap:1,0.0001,87,True,1,ZFP;tol_rel=0.000464159,U,unprojected,41.92472148465698,633089.0,6.339352276322985e-07,6.339350293585587e-07,4.599999999932436e-05,0.8479105325000091,1.579556744786278e-06
mp-aaacdpvq,GF,ctp-hap:1,1e-05,87,True,2,ZFP;tol_rel=0.000464159,hap:1,projected,41.90936349813128,633321.0,5.481155127994842e-07,5.481152834655427e-07,0.0,0.8481100481176895,0.0003679019012475
mp-aaabxbrv,J,hartree_only,0.001,19,True,0,alpha_rel=0.1,U,,1477.0745717509487,19498.0,7.317611329259848e-07,7.317611184958169e-07,,23.36825490923865,0.0
mp-aaabxbrv,J,hartree_only,0.0001,19,True,0,alpha_rel=0.1,U,,1477.0745717509487,19498.0,7.317611329259848e-07,7.317611184958169e-07,,23.36825490923865,0.0
mp-aaabxbrv,J,hartree_only,1e-05,19,True,0,alpha_rel=0.1,U,,1477.0745717509487,19498.0,7.317611329259848e-07,7.317611184958169e-07,,23.36825490923865,0.0
mp-aaabxbrv,J,none,0.001,19,True,1,alpha_rel=0.1,U,,1477.0745717509487,19498.0,7.317611329259848e-07,7.317611184958169e-07,0.0008700000000008,23.36825490923865,0.0
mp-aaabxbrv,J,none,0.0001,19,True,4,alpha_rel=0.01,U,,827.0871026104936,34821.0,1.1728897947624401e-07,1.172888894469834e-07,9.79999999994874e-05,8.623216964529092,0.0
mp-aaabxbrv,J,none,1e-05,19,False,5,,,,,,,,,,
mp-aaabxbrv,J,uniform,0.001,17,True,1,alpha_rel=0.0215443,uniform,,987.4511417403826,29166.0,3.8280740784639067e-07,3.8280738027912213e-07,0.0,9.658617355049817,0.0076801755468696
mp-aaabxbrv,J,uniform,0.0001,17,True,1,alpha_rel=0.0215443,uniform,,987.4511417403826,29166.0,3.8280740784639067e-07,3.8280738027912213e-07,0.0,9.658617355049817,0.0076801755468696
mp-aaabxbrv,J,uniform,1e-05,17,True,1,alpha_rel=0.0215443,uniform,,987.4511417403826,29166.0,3.8280740784639067e-07,3.8280738027912213e-07,0.0,9.658617355049817,0.0076801755468696
mp-aaabxbrv,J,hap:0.0001,0.001,19,True,1,alpha_rel=0.1,hap:0.0001,,1459.7060314242271,19730.0,7.620984428541796e-07,7.620984242275399e-07,0.0,23.287893137731604,0.0117587430309173
mp-aaabxbrv,J,hap:0.0001,0.0001,19,True,1,alpha_rel=0.1,hap:0.0001,,1459.7060314242271,19730.0,7.620984428541796e-07,7.620984242275399e-07,0.0,23.287893137731604,0.0117587430309173
mp-aaabxbrv,J,hap:0.0001,1e-05,19,True,1,alpha_rel=0.1,hap:0.0001,,1459.7060314242271,19730.0,7.620984428541796e-07,7.620984242275399e-07,0.0,23.287893137731604,0.0117587430309173
mp-aaabxbrv,J,hap:0.01,0.001,19,True,1,alpha_rel=0.1,hap:0.01,,1459.7060314242271,19730.0,9.994470180027283e-07,9.994470067187635e-07,0.0,23.34775872272143,0.0117587430309173
mp-aaabxbrv,J,hap:0.01,0.0001,19,True,1,alpha_rel=0.1,hap:0.01,,1459.7060314242271,19730.0,9.994470180027283e-07,9.994470067187635e-07,0.0,23.34775872272143,0.0117587430309173
mp-aaabxbrv,J,hap:0.01,1e-05,19,True,1,alpha_rel=0.1,hap:0.01,,1459.7060314242271,19730.0,9.994470180027283e-07,9.994470067187635e-07,0.0,23.34775872272143,0.0117587430309173
mp-aaabxbrv,J,hap:1,0.001,18,True,1,alpha_rel=0.0464159,hap:1,,1221.1151155395378,23585.0,8.291763648326224e-07,8.291763520464998e-07,0.0,8.857883677058908,0.0098367606529573
mp-aaabxbrv,J,hap:1,0.0001,18,True,1,alpha_rel=0.0464159,hap:1,,1221.1151155395378,23585.0,8.291763648326224e-07,8.291763520464998e-07,0.0,8.857883677058908,0.0098367606529573
mp-aaabxbrv,J,hap:1,1e-05,18,True,1,alpha_rel=0.0464159,hap:1,,1221.1151155395378,23585.0,8.291763648326224e-07,8.291763520464998e-07,0.0,8.857883677058908,0.0098367606529573
mp-aaabxbrv,J,ctp-uniform,0.001,36,True,1,alpha_rel=0.1,U,unprojected,1476.9988204523308,19499.0,7.317611329259848e-07,7.317611184958169e-07,0.0008700000000008,23.36825490923865,5.1284681265705936e-05
mp-aaabxbrv,J,ctp-uniform,0.0001,36,True,4,alpha_rel=0.0215443,uniform,projected,987.417286659581,29167.0,3.8280740784639067e-07,3.8280738027912213e-07,0.0,9.658617355049817,0.0077141975520279
mp-aaabxbrv,J,ctp-uniform,1e-05,36,True,4,alpha_rel=0.0215443,uniform,projected,987.417286659581,29167.0,3.8280740784639067e-07,3.8280738027912213e-07,0.0,9.658617355049817,0.0077141975520279
mp-aaabxbrv,J,ctp-hap:0.0001,0.001,38,True,1,alpha_rel=0.1,U,unprojected,1476.9988204523308,19499.0,7.317611329259848e-07,7.317611184958169e-07,0.0008700000000008,23.36825490923865,5.1284681265705936e-05
mp-aaabxbrv,J,ctp-hap:0.0001,0.0001,38,True,2,alpha_rel=0.1,hap:0.0001,projected,1459.6320510871217,19731.0,7.620984428541796e-07,7.620984242275399e-07,0.0,23.287893137731604,0.0118088287466423
mp-aaabxbrv,J,ctp-hap:0.0001,1e-05,38,True,2,alpha_rel=0.1,hap:0.0001,projected,1459.6320510871217,19731.0,7.620984428541796e-07,7.620984242275399e-07,0.0,23.287893137731604,0.0118088287466423
mp-aaabxbrv,J,ctp-hap:0.01,0.001,38,True,1,alpha_rel=0.1,U,unprojected,1476.9988204523308,19499.0,7.317611329259848e-07,7.317611184958169e-07,0.0008700000000008,23.36825490923865,5.1284681265705936e-05
mp-aaabxbrv,J,ctp-hap:0.01,0.0001,38,True,2,alpha_rel=0.1,hap:0.01,projected,1459.6320510871217,19731.0,9.994470180027283e-07,9.994470067187635e-07,0.0,23.34775872272143,0.0118088287466423
mp-aaabxbrv,J,ctp-hap:0.01,1e-05,38,True,2,alpha_rel=0.1,hap:0.01,projected,1459.6320510871217,19731.0,9.994470180027283e-07,9.994470067187635e-07,0.0,23.34775872272143,0.0118088287466423
mp-aaabxbrv,J,ctp-hap:1,0.001,37,True,1,alpha_rel=0.1,U,unprojected,1476.9988204523308,19499.0,7.317611329259848e-07,7.317611184958169e-07,0.0008700000000008,23.36825490923865,5.1284681265705936e-05
mp-aaabxbrv,J,ctp-hap:1,0.0001,37,True,3,alpha_rel=0.0464159,hap:1,projected,1221.0633426609006,23586.0,8.291763648326224e-07,8.291763520464998e-07,0.0,8.857883677058908,0.0098787416263885
mp-aaabxbrv,J,ctp-hap:1,1e-05,37,True,3,alpha_rel=0.0464159,hap:1,projected,1221.0633426609006,23586.0,8.291763648326224e-07,8.291763520464998e-07,0.0,8.857883677058908,0.0098787416263885
mp-aaabxbrv,T1,hartree_only,0.001,50,True,0,q_cut=0.2;alpha_rel=0.0001,U,,991.8379997933672,29037.0,5.234935772638969e-07,5.234935570928066e-07,,10.19866713153624,0.0
mp-aaabxbrv,T1,hartree_only,0.0001,50,True,0,q_cut=0.2;alpha_rel=0.0001,U,,991.8379997933672,29037.0,5.234935772638969e-07,5.234935570928066e-07,,10.19866713153624,0.0
mp-aaabxbrv,T1,hartree_only,1e-05,50,True,0,q_cut=0.2;alpha_rel=0.0001,U,,991.8379997933672,29037.0,5.234935772638969e-07,5.234935570928066e-07,,10.19866713153624,0.0
mp-aaabxbrv,T1,none,0.001,50,True,1,q_cut=0.2;alpha_rel=0.0001,U,,991.8379997933672,29037.0,5.234935772638969e-07,5.234935570928066e-07,0.0003489999999999,10.19866713153624,0.0
mp-aaabxbrv,T1,none,0.0001,50,True,5,q_cut=0.3;alpha_rel=0.0001,U,,651.6721726931257,44194.0,4.982348271734116e-07,4.982348059797181e-07,5.400000000044258e-05,3.012495800252509,0.0
mp-aaabxbrv,T1,none,1e-05,50,False,5,,,,,,,,,,
mp-aaabxbrv,T1,uniform,0.001,55,True,1,q_cut=0.2;alpha_rel=0.000215443,uniform,,1167.977938194501,24658.0,6.82649638282637e-07,6.826496224425127e-07,0.0,10.107255632618037,0.0090842728526238
mp-aaabxbrv,T1,uniform,0.0001,55,True,1,q_cut=0.2;alpha_rel=0.000215443,uniform,,1167.977938194501,24658.0,6.82649638282637e-07,6.826496224425127e-07,0.0,10.107255632618037,0.0090842728526238
mp-aaabxbrv,T1,uniform,1e-05,55,True,1,q_cut=0.2;alpha_rel=0.000215443,uniform,,1167.977938194501,24658.0,6.82649638282637e-07,6.826496224425127e-07,0.0,10.107255632618037,0.0090842728526238
mp-aaabxbrv,T1,hap:0.0001,0.001,50,True,1,q_cut=0.2;alpha_rel=0.0001,hap:0.0001,,983.9762205746696,29269.0,5.341628615285285e-07,5.341628397295219e-07,0.0,10.20022091876217,0.0079264751101848
mp-aaabxbrv,T1,hap:0.0001,0.0001,50,True,1,q_cut=0.2;alpha_rel=0.0001,hap:0.0001,,983.9762205746696,29269.0,5.341628615285285e-07,5.341628397295219e-07,0.0,10.20022091876217,0.0079264751101848
mp-aaabxbrv,T1,hap:0.0001,1e-05,50,True,1,q_cut=0.2;alpha_rel=0.0001,hap:0.0001,,983.9762205746696,29269.0,5.341628615285285e-07,5.341628397295219e-07,0.0,10.20022091876217,0.0079264751101848
mp-aaabxbrv,T1,hap:0.01,0.001,50,True,1,q_cut=0.2;alpha_rel=0.0001,hap:0.01,,983.9762205746696,29269.0,5.922352409254831e-07,5.922352226569561e-07,0.0,10.19577482677596,0.0079264751101848
mp-aaabxbrv,T1,hap:0.01,0.0001,50,True,1,q_cut=0.2;alpha_rel=0.0001,hap:0.01,,983.9762205746696,29269.0,5.922352409254831e-07,5.922352226569561e-07,0.0,10.19577482677596,0.0079264751101848
mp-aaabxbrv,T1,hap:0.01,1e-05,50,True,1,q_cut=0.2;alpha_rel=0.0001,hap:0.01,,983.9762205746696,29269.0,5.922352409254831e-07,5.922352226569561e-07,0.0,10.19577482677596,0.0079264751101848
mp-aaabxbrv,T1,hap:1,0.001,55,True,1,q_cut=0.2;alpha_rel=0.000215443,hap:1,,1167.5991243006567,24666.0,8.017579020039155e-07,8.017578885151584e-07,0.0,10.107225359459337,0.0094056596124219
mp-aaabxbrv,T1,hap:1,0.0001,55,True,1,q_cut=0.2;alpha_rel=0.000215443,hap:1,,1167.5991243006567,24666.0,8.017579020039155e-07,8.017578885151584e-07,0.0,10.107225359459337,0.0094056596124219
mp-aaabxbrv,T1,hap:1,1e-05,55,True,1,q_cut=0.2;alpha_rel=0.000215443,hap:1,,1167.5991243006567,24666.0,8.017579020039155e-07,8.017578885151584e-07,0.0,10.107225359459337,0.0094056596124219
mp-aaabxbrv,T1,ctp-uniform,0.001,105,True,2,q_cut=0.2;alpha_rel=0.0001,U,unprojected,991.8038432398926,29038.0,5.234935772638969e-07,5.234935570928066e-07,0.0003489999999999,10.19866713153624,3.4437633445829606e-05
mp-aaabxbrv,T1,ctp-uniform,0.0001,105,True,1,q_cut=0.2;alpha_rel=0.000215443,uniform,projected,1167.9305730159374,24659.0,6.82649638282637e-07,6.826496224425127e-07,0.0,10.107255632618037,0.009124457601687
mp-aaabxbrv,T1,ctp-uniform,1e-05,105,True,1,q_cut=0.2;alpha_rel=0.000215443,uniform,projected,1167.9305730159374,24659.0,6.82649638282637e-07,6.826496224425127e-07,0.0,10.107255632618037,0.009124457601687
mp-aaabxbrv,T1,ctp-hap:0.0001,0.001,100,True,1,q_cut=0.2;alpha_rel=0.0001,U,unprojected,991.8038432398926,29038.0,5.234935772638969e-07,5.234935570928066e-07,0.0003489999999999,10.19866713153624,3.4437633445829606e-05
mp-aaabxbrv,T1,ctp-hap:0.0001,0.0001,100,True,2,q_cut=0.2;alpha_rel=0.0001,hap:0.0001,projected,983.942603348138,29270.0,5.341628615285285e-07,5.341628397295219e-07,0.0,10.20022091876217,0.0079603689784762
mp-aaabxbrv,T1,ctp-hap:0.0001,1e-05,100,True,2,q_cut=0.2;alpha_rel=0.0001,hap:0.0001,projected,983.942603348138,29270.0,5.341628615285285e-07,5.341628397295219e-07,0.0,10.20022091876217,0.0079603689784762
mp-aaabxbrv,T1,ctp-hap:0.01,0.001,100,True,1,q_cut=0.2;alpha_rel=0.0001,U,unprojected,991.8038432398926,29038.0,5.234935772638969e-07,5.234935570928066e-07,0.0003489999999999,10.19866713153624,3.4437633445829606e-05
mp-aaabxbrv,T1,ctp-hap:0.01,0.0001,100,True,2,q_cut=0.2;alpha_rel=0.0001,hap:0.01,projected,983.942603348138,29270.0,5.922352409254831e-07,5.922352226569561e-07,0.0,10.19577482677596,0.0079603689784762
mp-aaabxbrv,T1,ctp-hap:0.01,1e-05,100,True,2,q_cut=0.2;alpha_rel=0.0001,hap:0.01,projected,983.942603348138,29270.0,5.922352409254831e-07,5.922352226569561e-07,0.0,10.19577482677596,0.0079603689784762
mp-aaabxbrv,T1,ctp-hap:1,0.001,105,True,2,q_cut=0.2;alpha_rel=0.0001,U,unprojected,991.8038432398926,29038.0,5.234935772638969e-07,5.234935570928066e-07,0.0003489999999999,10.19866713153624,3.4437633445829606e-05
mp-aaabxbrv,T1,ctp-hap:1,0.0001,105,True,1,q_cut=0.2;alpha_rel=0.000215443,hap:1,projected,1167.551789840678,24667.0,8.017579020039155e-07,8.017578885151584e-07,0.0,10.107225359459337,0.0094458182997527
mp-aaabxbrv,T1,ctp-hap:1,1e-05,105,True,1,q_cut=0.2;alpha_rel=0.000215443,hap:1,projected,1167.551789840678,24667.0,8.017579020039155e-07,8.017578885151584e-07,0.0,10.107225359459337,0.0094458182997527
mp-aaabxbrv,GP,hartree_only,0.001,0,False,0,,,,,,,,,,
mp-aaabxbrv,GP,hartree_only,0.0001,0,False,0,,,,,,,,,,
mp-aaabxbrv,GP,hartree_only,1e-05,0,False,0,,,,,,,,,,
mp-aaabxbrv,GP,none,0.001,0,False,0,,,,,,,,,,
mp-aaabxbrv,GP,none,0.0001,0,False,0,,,,,,,,,,
mp-aaabxbrv,GP,none,1e-05,0,False,0,,,,,,,,,,
mp-aaabxbrv,GP,uniform,0.001,0,False,0,,,,,,,,,,
mp-aaabxbrv,GP,uniform,0.0001,0,False,0,,,,,,,,,,
mp-aaabxbrv,GP,uniform,1e-05,0,False,0,,,,,,,,,,
mp-aaabxbrv,GP,hap:0.0001,0.001,0,False,0,,,,,,,,,,
mp-aaabxbrv,GP,hap:0.0001,0.0001,0,False,0,,,,,,,,,,
mp-aaabxbrv,GP,hap:0.0001,1e-05,0,False,0,,,,,,,,,,
mp-aaabxbrv,GP,hap:0.01,0.001,0,False,0,,,,,,,,,,
mp-aaabxbrv,GP,hap:0.01,0.0001,0,False,0,,,,,,,,,,
mp-aaabxbrv,GP,hap:0.01,1e-05,0,False,0,,,,,,,,,,
mp-aaabxbrv,GP,hap:1,0.001,0,False,0,,,,,,,,,,
mp-aaabxbrv,GP,hap:1,0.0001,0,False,0,,,,,,,,,,
mp-aaabxbrv,GP,hap:1,1e-05,0,False,0,,,,,,,,,,
mp-aaabxbrv,GP,ctp-uniform,0.001,0,False,0,,,,,,,,,,
mp-aaabxbrv,GP,ctp-uniform,0.0001,0,False,0,,,,,,,,,,
mp-aaabxbrv,GP,ctp-uniform,1e-05,0,False,0,,,,,,,,,,
mp-aaabxbrv,GP,ctp-hap:0.0001,0.001,0,False,0,,,,,,,,,,
mp-aaabxbrv,GP,ctp-hap:0.0001,0.0001,0,False,0,,,,,,,,,,
mp-aaabxbrv,GP,ctp-hap:0.0001,1e-05,0,False,0,,,,,,,,,,
mp-aaabxbrv,GP,ctp-hap:0.01,0.001,0,False,0,,,,,,,,,,
mp-aaabxbrv,GP,ctp-hap:0.01,0.0001,0,False,0,,,,,,,,,,
mp-aaabxbrv,GP,ctp-hap:0.01,1e-05,0,False,0,,,,,,,,,,
mp-aaabxbrv,GP,ctp-hap:1,0.001,0,False,0,,,,,,,,,,
mp-aaabxbrv,GP,ctp-hap:1,0.0001,0,False,0,,,,,,,,,,
mp-aaabxbrv,GP,ctp-hap:1,1e-05,0,False,0,,,,,,,,,,
mp-aaabxbrv,R3,hartree_only,0.001,6,True,0,tau=1e-06;k=0;margin=0.995,U,,2471.890824821904,11651.0,9.942947372655895e-07,9.942947266455635e-07,,21.57607173194356,0.0
mp-aaabxbrv,R3,hartree_only,0.0001,6,True,0,tau=1e-06;k=0;margin=0.995,U,,2471.890824821904,11651.0,9.942947372655895e-07,9.942947266455635e-07,,21.57607173194356,0.0
mp-aaabxbrv,R3,hartree_only,1e-05,6,True,0,tau=1e-06;k=0;margin=0.995,U,,2471.890824821904,11651.0,9.942947372655895e-07,9.942947266455635e-07,,21.57607173194356,0.0
mp-aaabxbrv,R3,none,0.001,6,False,5,,,,,,,,,,
mp-aaabxbrv,R3,none,0.0001,6,False,5,,,,,,,,,,
mp-aaabxbrv,R3,none,1e-05,6,False,5,,,,,,,,,,
mp-aaabxbrv,R3,uniform,0.001,0,False,0,,,,,,,,,,
mp-aaabxbrv,R3,uniform,0.0001,0,False,0,,,,,,,,,,
mp-aaabxbrv,R3,uniform,1e-05,0,False,0,,,,,,,,,,
mp-aaabxbrv,R3,hap:0.0001,0.001,0,False,0,,,,,,,,,,
mp-aaabxbrv,R3,hap:0.0001,0.0001,0,False,0,,,,,,,,,,
mp-aaabxbrv,R3,hap:0.0001,1e-05,0,False,0,,,,,,,,,,
mp-aaabxbrv,R3,hap:0.01,0.001,0,False,0,,,,,,,,,,
mp-aaabxbrv,R3,hap:0.01,0.0001,0,False,0,,,,,,,,,,
mp-aaabxbrv,R3,hap:0.01,1e-05,0,False,0,,,,,,,,,,
mp-aaabxbrv,R3,hap:1,0.001,0,False,0,,,,,,,,,,
mp-aaabxbrv,R3,hap:1,0.0001,0,False,0,,,,,,,,,,
mp-aaabxbrv,R3,hap:1,1e-05,0,False,0,,,,,,,,,,
mp-aaabxbrv,R3,ctp-uniform,0.001,6,False,5,,,,,,,,,,
mp-aaabxbrv,R3,ctp-uniform,0.0001,6,False,5,,,,,,,,,,
mp-aaabxbrv,R3,ctp-uniform,1e-05,6,False,5,,,,,,,,,,
mp-aaabxbrv,R3,ctp-hap:0.0001,0.001,6,False,5,,,,,,,,,,
mp-aaabxbrv,R3,ctp-hap:0.0001,0.0001,6,False,5,,,,,,,,,,
mp-aaabxbrv,R3,ctp-hap:0.0001,1e-05,6,False,5,,,,,,,,,,
mp-aaabxbrv,R3,ctp-hap:0.01,0.001,6,False,5,,,,,,,,,,
mp-aaabxbrv,R3,ctp-hap:0.01,0.0001,6,False,5,,,,,,,,,,
mp-aaabxbrv,R3,ctp-hap:0.01,1e-05,6,False,5,,,,,,,,,,
mp-aaabxbrv,R3,ctp-hap:1,0.001,6,False,5,,,,,,,,,,
mp-aaabxbrv,R3,ctp-hap:1,0.0001,6,False,5,,,,,,,,,,
mp-aaabxbrv,R3,ctp-hap:1,1e-05,6,False,5,,,,,,,,,,
mp-aaabxbrv,GF,hartree_only,0.001,40,True,0,SZ3;tol_rel=4.64159e-06,U,,32.07802087521761,897811.0,7.373532452244234e-07,7.373532360644629e-07,,0.0464174742082263,0.0
mp-aaabxbrv,GF,hartree_only,0.0001,40,True,0,SZ3;tol_rel=4.64159e-06,U,,32.07802087521761,897811.0,7.373532452244234e-07,7.373532360644629e-07,,0.0464174742082263,0.0
mp-aaabxbrv,GF,hartree_only,1e-05,40,True,0,SZ3;tol_rel=4.64159e-06,U,,32.07802087521761,897811.0,7.373532452244234e-07,7.373532360644629e-07,,0.0464174742082263,0.0
mp-aaabxbrv,GF,none,0.001,40,True,1,SZ3;tol_rel=4.64159e-06,U,,32.07802087521761,897811.0,7.373532452244234e-07,7.373532360644629e-07,6.299999999903605e-05,0.0464174742082263,0.0
mp-aaabxbrv,GF,none,0.0001,40,True,1,SZ3;tol_rel=4.64159e-06,U,,32.07802087521761,897811.0,7.373532452244234e-07,7.373532360644629e-07,6.299999999903605e-05,0.0464174742082263,0.0
mp-aaabxbrv,GF,none,1e-05,40,True,2,ZFP;tol_rel=4.64159e-05,U,,23.03719867664092,1250152.0,4.749169585547439e-07,4.749169570437853e-07,4.999999999810711e-06,0.0641432237500225,0.0
mp-aaabxbrv,GF,uniform,0.001,46,True,1,ZFP;tol_rel=0.001,uniform,,52.04869444524766,553328.0,6.804756698434727e-07,6.804750310392081e-07,0.0,1.510390357357721,0.0004048231790185
mp-aaabxbrv,GF,uniform,0.0001,46,True,1,ZFP;tol_rel=0.001,uniform,,52.04869444524766,553328.0,6.804756698434727e-07,6.804750310392081e-07,0.0,1.510390357357721,0.0004048231790185
mp-aaabxbrv,GF,uniform,1e-05,46,True,1,ZFP;tol_rel=0.001,uniform,,52.04869444524766,553328.0,6.804756698434727e-07,6.804750310392081e-07,0.0,1.510390357357721,0.0004048231790185
mp-aaabxbrv,GF,hap:0.0001,0.001,40,True,1,SZ3;tol_rel=4.64159e-06,hap:0.0001,,32.06973385461498,898043.0,7.370500727803583e-07,7.370500636158166e-07,0.0,0.0548552503600632,0.0002583395227177
mp-aaabxbrv,GF,hap:0.0001,0.0001,40,True,1,SZ3;tol_rel=4.64159e-06,hap:0.0001,,32.06973385461498,898043.0,7.370500727803583e-07,7.370500636158166e-07,0.0,0.0548552503600632,0.0002583395227177
mp-aaabxbrv,GF,hap:0.0001,1e-05,40,True,1,SZ3;tol_rel=4.64159e-06,hap:0.0001,,32.06973385461498,898043.0,7.370500727803583e-07,7.370500636158166e-07,0.0,0.0548552503600632,0.0002583395227177
mp-aaabxbrv,GF,hap:0.01,0.001,40,True,1,SZ3;tol_rel=4.64159e-06,hap:0.01,,32.06973385461498,898043.0,7.285095948960124e-07,7.285095856254484e-07,0.0,0.050115613756958,0.0002583395227177
mp-aaabxbrv,GF,hap:0.01,0.0001,40,True,1,SZ3;tol_rel=4.64159e-06,hap:0.01,,32.06973385461498,898043.0,7.285095948960124e-07,7.285095856254484e-07,0.0,0.050115613756958,0.0002583395227177
mp-aaabxbrv,GF,hap:0.01,1e-05,40,True,1,SZ3;tol_rel=4.64159e-06,hap:0.01,,32.06973385461498,898043.0,7.285095948960124e-07,7.285095856254484e-07,0.0,0.050115613756958,0.0002583395227177
mp-aaabxbrv,GF,hap:1,0.001,44,True,1,ZFP;tol_rel=0.000215443,hap:1,,36.44130419378676,790312.0,7.253700629672342e-07,7.253700146665957e-07,0.0,0.4553949557022747,0.0002935549504499
mp-aaabxbrv,GF,hap:1,0.0001,44,True,1,ZFP;tol_rel=0.000215443,hap:1,,36.44130419378676,790312.0,7.253700629672342e-07,7.253700146665957e-07,0.0,0.4553949557022747,0.0002935549504499
mp-aaabxbrv,GF,hap:1,1e-05,44,True,1,ZFP;tol_rel=0.000215443,hap:1,,36.44130419378676,790312.0,7.253700629672342e-07,7.253700146665957e-07,0.0,0.4553949557022747,0.0002935549504499
mp-aaabxbrv,GF,ctp-uniform,0.001,86,True,4,SZ3;tol_rel=4.64159e-06,U,unprojected,32.07798514611077,897812.0,7.373532452244234e-07,7.373532360644629e-07,6.299999999903605e-05,0.0464174742082263,1.1138189286844016e-06
mp-aaabxbrv,GF,ctp-uniform,0.0001,86,True,1,ZFP;tol_rel=0.001,uniform,projected,52.04860038060539,553329.0,6.804756698434727e-07,6.804750310392081e-07,0.0,1.510390357357721,0.0004066296904734
mp-aaabxbrv,GF,ctp-uniform,1e-05,86,True,1,ZFP;tol_rel=0.001,uniform,projected,52.04860038060539,553329.0,6.804756698434727e-07,6.804750310392081e-07,0.0,1.510390357357721,0.0004066296904734
mp-aaabxbrv,GF,ctp-hap:0.0001,0.001,80,True,1,SZ3;tol_rel=4.64159e-06,U,unprojected,32.07798514611077,897812.0,7.373532452244234e-07,7.373532360644629e-07,6.299999999903605e-05,0.0464174742082263,1.1138189286844016e-06
mp-aaabxbrv,GF,ctp-hap:0.0001,0.0001,80,True,1,SZ3;tol_rel=4.64159e-06,U,unprojected,32.07798514611077,897812.0,7.373532452244234e-07,7.373532360644629e-07,6.299999999903605e-05,0.0464174742082263,1.1138189286844016e-06
mp-aaabxbrv,GF,ctp-hap:0.0001,1e-05,80,True,2,SZ3;tol_rel=4.64159e-06,hap:0.0001,projected,32.06969814396622,898044.0,7.370500727803583e-07,7.370500636158166e-07,0.0,0.0548552503600632,0.0002594527662341
mp-aaabxbrv,GF,ctp-hap:0.01,0.001,80,True,1,SZ3;tol_rel=4.64159e-06,U,unprojected,32.07798514611077,897812.0,7.373532452244234e-07,7.373532360644629e-07,6.299999999903605e-05,0.0464174742082263,1.1138189286844016e-06
mp-aaabxbrv,GF,ctp-hap:0.01,0.0001,80,True,1,SZ3;tol_rel=4.64159e-06,U,unprojected,32.07798514611077,897812.0,7.373532452244234e-07,7.373532360644629e-07,6.299999999903605e-05,0.0464174742082263,1.1138189286844016e-06
mp-aaabxbrv,GF,ctp-hap:0.01,1e-05,80,True,2,SZ3;tol_rel=4.64159e-06,hap:0.01,projected,32.06969814396622,898044.0,7.285095948960124e-07,7.285095856254484e-07,0.0,0.050115613756958,0.0002594527662341
mp-aaabxbrv,GF,ctp-hap:1,0.001,84,True,2,SZ3;tol_rel=4.64159e-06,U,unprojected,32.07798514611077,897812.0,7.373532452244234e-07,7.373532360644629e-07,6.299999999903605e-05,0.0464174742082263,1.1138189286844016e-06
mp-aaabxbrv,GF,ctp-hap:1,0.0001,84,True,2,SZ3;tol_rel=4.64159e-06,U,unprojected,32.07798514611077,897812.0,7.373532452244234e-07,7.373532360644629e-07,6.299999999903605e-05,0.0464174742082263,1.1138189286844016e-06
mp-aaabxbrv,GF,ctp-hap:1,1e-05,84,True,1,ZFP;tol_rel=0.000215443,hap:1,projected,36.44125808382248,790313.0,7.253700629672342e-07,7.253700146665957e-07,0.0,0.4553949557022747,0.0002948199004698
mp-aaaabjqf,J,hartree_only,0.001,21,True,0,alpha_rel=0.464159,U,,1599.5385199240986,13175.0,9.990684786190575e-07,9.990684779373095e-07,,25.003772728226977,0.0
mp-aaaabjqf,J,hartree_only,0.0001,21,True,0,alpha_rel=0.464159,U,,1599.5385199240986,13175.0,9.990684786190575e-07,9.990684779373095e-07,,25.003772728226977,0.0
mp-aaaabjqf,J,hartree_only,1e-05,21,True,0,alpha_rel=0.464159,U,,1599.5385199240986,13175.0,9.990684786190575e-07,9.990684779373095e-07,,25.003772728226977,0.0
mp-aaaabjqf,J,none,0.001,21,True,1,alpha_rel=0.464159,U,,1599.5385199240986,13175.0,9.990684786190575e-07,9.990684779373095e-07,0.0007669999999997,25.003772728226977,0.0
mp-aaaabjqf,J,none,0.0001,21,False,5,,,,,,,,,,
mp-aaaabjqf,J,none,1e-05,21,False,5,,,,,,,,,,
mp-aaaabjqf,J,uniform,0.001,18,True,1,alpha_rel=0.0464159,uniform,,1015.5616596790516,20751.0,6.57270410451047e-07,6.572704094124453e-07,0.0,3.3452604128115127,0.0084815189629415
mp-aaaabjqf,J,uniform,0.0001,18,True,1,alpha_rel=0.0464159,uniform,,1015.5616596790516,20751.0,6.57270410451047e-07,6.572704094124453e-07,0.0,3.3452604128115127,0.0084815189629415
mp-aaaabjqf,J,uniform,1e-05,18,True,1,alpha_rel=0.0464159,uniform,,1015.5616596790516,20751.0,6.57270410451047e-07,6.572704094124453e-07,0.0,3.3452604128115127,0.0084815189629415
mp-aaaabjqf,J,hap:0.0001,0.001,20,True,1,alpha_rel=0.215443,hap:0.0001,,1413.0293683787045,14914.0,5.508583411694669e-07,5.508583396606734e-07,0.0,9.579579887184993,0.0123374010996379
mp-aaaabjqf,J,hap:0.0001,0.0001,20,True,1,alpha_rel=0.215443,hap:0.0001,,1413.0293683787045,14914.0,5.508583411694669e-07,5.508583396606734e-07,0.0,9.579579887184993,0.0123374010996379
mp-aaaabjqf,J,hap:0.0001,1e-05,20,True,1,alpha_rel=0.215443,hap:0.0001,,1413.0293683787045,14914.0,5.508583411694669e-07,5.508583396606734e-07,0.0,9.579579887184993,0.0123374010996379
mp-aaaabjqf,J,hap:0.01,0.001,20,True,1,alpha_rel=0.215443,hap:0.01,,1413.0293683787045,14914.0,8.5415044389504e-07,8.541504430251417e-07,0.0,9.58381131993724,0.0123374010996379
mp-aaaabjqf,J,hap:0.01,0.0001,20,True,1,alpha_rel=0.215443,hap:0.01,,1413.0293683787045,14914.0,8.5415044389504e-07,8.541504430251417e-07,0.0,9.58381131993724,0.0123374010996379
mp-aaaabjqf,J,hap:0.01,1e-05,20,True,1,alpha_rel=0.215443,hap:0.01,,1413.0293683787045,14914.0,8.5415044389504e-07,8.541504430251417e-07,0.0,9.58381131993724,0.0123374010996379
mp-aaaabjqf,J,hap:1,0.001,18,True,1,alpha_rel=0.0464159,hap:1,,1015.1702875861072,20759.0,4.447241344946315e-07,4.447241329598974e-07,0.0,3.345256468346633,0.0088636254154824
mp-aaaabjqf,J,hap:1,0.0001,18,True,1,alpha_rel=0.0464159,hap:1,,1015.1702875861072,20759.0,4.447241344946315e-07,4.447241329598974e-07,0.0,3.345256468346633,0.0088636254154824
mp-aaaabjqf,J,hap:1,1e-05,18,True,1,alpha_rel=0.0464159,hap:1,,1015.1702875861072,20759.0,4.447241344946315e-07,4.447241329598974e-07,0.0,3.345256468346633,0.0088636254154824
mp-aaaabjqf,J,ctp-uniform,0.001,39,True,1,alpha_rel=0.464159,U,unprojected,1599.4171220400729,13176.0,9.990684786190575e-07,9.990684779373095e-07,0.0007669999999997,25.003772728226977,7.589556769884639e-05
mp-aaaabjqf,J,ctp-uniform,0.0001,39,True,5,alpha_rel=0.0464159,uniform,projected,1015.5127216653816,20752.0,6.57270410451047e-07,6.572704094124453e-07,0.0,3.3452604128115127,0.0085292983808789
mp-aaaabjqf,J,ctp-uniform,1e-05,39,True,5,alpha_rel=0.0464159,uniform,projected,1015.5127216653816,20752.0,6.57270410451047e-07,6.572704094124453e-07,0.0,3.3452604128115127,0.0085292983808789
mp-aaaabjqf,J,ctp-hap:0.0001,0.001,41,True,1,alpha_rel=0.464159,U,unprojected,1599.4171220400729,13176.0,9.990684786190575e-07,9.990684779373095e-07,0.0007669999999997,25.003772728226977,7.589556769884639e-05
mp-aaaabjqf,J,ctp-hap:0.0001,0.0001,41,True,3,alpha_rel=0.215443,hap:0.0001,projected,1412.934629567549,14915.0,5.508583411694669e-07,5.508583396606734e-07,0.0,9.579579887184993,0.0124036205162588
mp-aaaabjqf,J,ctp-hap:0.0001,1e-05,41,True,3,alpha_rel=0.215443,hap:0.0001,projected,1412.934629567549,14915.0,5.508583411694669e-07,5.508583396606734e-07,0.0,9.579579887184993,0.0124036205162588
mp-aaaabjqf,J,ctp-hap:0.01,0.001,41,True,1,alpha_rel=0.464159,U,unprojected,1599.4171220400729,13176.0,9.990684786190575e-07,9.990684779373095e-07,0.0007669999999997,25.003772728226977,7.589556769884639e-05
mp-aaaabjqf,J,ctp-hap:0.01,0.0001,41,True,3,alpha_rel=0.215443,hap:0.01,projected,1412.934629567549,14915.0,8.5415044389504e-07,8.541504430251417e-07,0.0,9.58381131993724,0.0124036205162588
mp-aaaabjqf,J,ctp-hap:0.01,1e-05,41,True,3,alpha_rel=0.215443,hap:0.01,projected,1412.934629567549,14915.0,8.5415044389504e-07,8.541504430251417e-07,0.0,9.58381131993724,0.0124036205162588
mp-aaaabjqf,J,ctp-hap:1,0.001,39,True,1,alpha_rel=0.464159,U,unprojected,1599.4171220400729,13176.0,9.990684786190575e-07,9.990684779373095e-07,0.0007669999999997,25.003772728226977,7.589556769884639e-05
mp-aaaabjqf,J,ctp-hap:1,0.0001,39,True,5,alpha_rel=0.0464159,hap:1,projected,1015.121387283237,20760.0,4.447241344946315e-07,4.447241329598974e-07,0.0,3.345256468346633,0.0089113680154142
mp-aaaabjqf,J,ctp-hap:1,1e-05,39,True,5,alpha_rel=0.0464159,hap:1,projected,1015.121387283237,20760.0,4.447241344946315e-07,4.447241329598974e-07,0.0,3.345256468346633,0.0089113680154142
mp-aaaabjqf,T1,hartree_only,0.001,60,True,0,q_cut=0.15;alpha_rel=0.0001,U,,1098.1147412849773,19191.0,7.19214140580363e-07,7.192141396333391e-07,,4.159365357600642,0.0
mp-aaaabjqf,T1,hartree_only,0.0001,60,True,0,q_cut=0.15;alpha_rel=0.0001,U,,1098.1147412849773,19191.0,7.19214140580363e-07,7.192141396333391e-07,,4.159365357600642,0.0
mp-aaaabjqf,T1,hartree_only,1e-05,60,True,0,q_cut=0.15;alpha_rel=0.0001,U,,1098.1147412849773,19191.0,7.19214140580363e-07,7.192141396333391e-07,,4.159365357600642,0.0
mp-aaaabjqf,T1,none,0.001,60,True,1,q_cut=0.15;alpha_rel=0.0001,U,,1098.1147412849773,19191.0,7.19214140580363e-07,7.192141396333391e-07,0.000160000000001,4.159365357600642,0.0
mp-aaaabjqf,T1,none,0.0001,60,True,4,q_cut=0.2;alpha_rel=0.0001,U,,812.4414973591888,25939.0,7.130928291541575e-07,7.130928281990042e-07,9.499999999995624e-05,0.7624654726478184,0.0
mp-aaaabjqf,T1,none,1e-05,60,False,5,,,,,,,,,,
mp-aaaabjqf,T1,uniform,0.001,66,True,1,q_cut=0.15;alpha_rel=0.000215443,uniform,,1223.0946024376087,17230.0,9.919690289345777e-07,9.919690282348512e-07,0.0,4.33251776802242,0.0102147417295414
mp-aaaabjqf,T1,uniform,0.0001,66,True,1,q_cut=0.15;alpha_rel=0.000215443,uniform,,1223.0946024376087,17230.0,9.919690289345777e-07,9.919690282348512e-07,0.0,4.33251776802242,0.0102147417295414
mp-aaaabjqf,T1,uniform,1e-05,66,True,1,q_cut=0.15;alpha_rel=0.000215443,uniform,,1223.0946024376087,17230.0,9.919690289345777e-07,9.919690282348512e-07,0.0,4.33251776802242,0.0102147417295414
mp-aaaabjqf,T1,hap:0.0001,0.001,60,True,1,q_cut=0.15;alpha_rel=0.0001,hap:0.0001,,1087.686193548387,19375.0,7.188189400031978e-07,7.188189390422256e-07,0.0,4.159366917061902,0.0094967741935483
mp-aaaabjqf,T1,hap:0.0001,0.0001,60,True,1,q_cut=0.15;alpha_rel=0.0001,hap:0.0001,,1087.686193548387,19375.0,7.188189400031978e-07,7.188189390422256e-07,0.0,4.159366917061902,0.0094967741935483
mp-aaaabjqf,T1,hap:0.0001,1e-05,60,True,1,q_cut=0.15;alpha_rel=0.0001,hap:0.0001,,1087.686193548387,19375.0,7.188189400031978e-07,7.188189390422256e-07,0.0,4.159366917061902,0.0094967741935483
mp-aaaabjqf,T1,hap:0.01,0.001,66,True,1,q_cut=0.15;alpha_rel=0.000215443,hap:0.01,,1222.5269752871563,17238.0,9.613895332204137e-07,9.613895324980195e-07,0.0,4.3318242548414325,0.0106740921220559
mp-aaaabjqf,T1,hap:0.01,0.0001,66,True,1,q_cut=0.15;alpha_rel=0.000215443,hap:0.01,,1222.5269752871563,17238.0,9.613895332204137e-07,9.613895324980195e-07,0.0,4.3318242548414325,0.0106740921220559
mp-aaaabjqf,T1,hap:0.01,1e-05,66,True,1,q_cut=0.15;alpha_rel=0.000215443,hap:0.01,,1222.5269752871563,17238.0,9.613895332204137e-07,9.613895324980195e-07,0.0,4.3318242548414325,0.0106740921220559
mp-aaaabjqf,T1,hap:1,0.001,66,True,1,q_cut=0.15;alpha_rel=0.000215443,hap:1,,1222.5269752871563,17238.0,4.2816195132413386e-07,4.2816194970348804e-07,0.0,4.332442914105481,0.0106740921220559
mp-aaaabjqf,T1,hap:1,0.0001,66,True,1,q_cut=0.15;alpha_rel=0.000215443,hap:1,,1222.5269752871563,17238.0,4.2816195132413386e-07,4.2816194970348804e-07,0.0,4.332442914105481,0.0106740921220559
mp-aaaabjqf,T1,hap:1,1e-05,66,True,1,q_cut=0.15;alpha_rel=0.000215443,hap:1,,1222.5269752871563,17238.0,4.2816195132413386e-07,4.2816194970348804e-07,0.0,4.332442914105481,0.0106740921220559
mp-aaaabjqf,T1,ctp-uniform,0.001,126,True,2,q_cut=0.15;alpha_rel=0.0001,U,unprojected,1098.05752396832,19192.0,7.19214140580363e-07,7.192141396333391e-07,0.000160000000001,4.159365357600642,5.2105043768236766e-05
mp-aaaabjqf,T1,ctp-uniform,0.0001,126,True,1,q_cut=0.15;alpha_rel=0.000215443,uniform,projected,1223.023620219372,17231.0,9.919690289345777e-07,9.919690282348512e-07,0.0,4.33251776802242,0.0102721838546805
mp-aaaabjqf,T1,ctp-uniform,1e-05,126,True,1,q_cut=0.15;alpha_rel=0.000215443,uniform,projected,1223.023620219372,17231.0,9.919690289345777e-07,9.919690282348512e-07,0.0,4.33251776802242,0.0102721838546805
mp-aaaabjqf,T1,ctp-hap:0.0001,0.001,120,True,1,q_cut=0.15;alpha_rel=0.0001,U,unprojected,1098.05752396832,19192.0,7.19214140580363e-07,7.192141396333391e-07,0.000160000000001,4.159365357600642,5.2105043768236766e-05
mp-aaaabjqf,T1,ctp-hap:0.0001,0.0001,120,True,2,q_cut=0.15;alpha_rel=0.0001,hap:0.0001,projected,1087.6300578034682,19376.0,7.188189400031978e-07,7.188189390422256e-07,0.0,4.159366917061902,0.0095478943022295
mp-aaaabjqf,T1,ctp-hap:0.0001,1e-05,120,True,2,q_cut=0.15;alpha_rel=0.0001,hap:0.0001,projected,1087.6300578034682,19376.0,7.188189400031978e-07,7.188189390422256e-07,0.0,4.159366917061902,0.0095478943022295
mp-aaaabjqf,T1,ctp-hap:0.01,0.001,126,True,2,q_cut=0.15;alpha_rel=0.0001,U,unprojected,1098.05752396832,19192.0,7.19214140580363e-07,7.192141396333391e-07,0.000160000000001,4.159365357600642,5.2105043768236766e-05
mp-aaaabjqf,T1,ctp-hap:0.01,0.0001,126,True,1,q_cut=0.15;alpha_rel=0.000215443,hap:0.01,projected,1222.456058936133,17239.0,9.613895332204137e-07,9.613895324980195e-07,0.0,4.3318242548414325,0.0107314809443703
mp-aaaabjqf,T1,ctp-hap:0.01,1e-05,126,True,1,q_cut=0.15;alpha_rel=0.000215443,hap:0.01,projected,1222.456058936133,17239.0,9.613895332204137e-07,9.613895324980195e-07,0.0,4.3318242548414325,0.0107314809443703
mp-aaaabjqf,T1,ctp-hap:1,0.001,126,True,2,q_cut=0.15;alpha_rel=0.0001,U,unprojected,1098.05752396832,19192.0,7.19214140580363e-07,7.192141396333391e-07,0.000160000000001,4.159365357600642,5.2105043768236766e-05
mp-aaaabjqf,T1,ctp-hap:1,0.0001,126,True,1,q_cut=0.15;alpha_rel=0.000215443,hap:1,projected,1222.456058936133,17239.0,4.2816195132413386e-07,4.2816194970348804e-07,0.0,4.332442914105481,0.0107314809443703
mp-aaaabjqf,T1,ctp-hap:1,1e-05,126,True,1,q_cut=0.15;alpha_rel=0.000215443,hap:1,projected,1222.456058936133,17239.0,4.2816195132413386e-07,4.2816194970348804e-07,0.0,4.332442914105481,0.0107314809443703
mp-aaaabjqf,GP,hartree_only,0.001,0,False,0,,,,,,,,,,
mp-aaaabjqf,GP,hartree_only,0.0001,0,False,0,,,,,,,,,,
mp-aaaabjqf,GP,hartree_only,1e-05,0,False,0,,,,,,,,,,
mp-aaaabjqf,GP,none,0.001,0,False,0,,,,,,,,,,
mp-aaaabjqf,GP,none,0.0001,0,False,0,,,,,,,,,,
mp-aaaabjqf,GP,none,1e-05,0,False,0,,,,,,,,,,
mp-aaaabjqf,GP,uniform,0.001,0,False,0,,,,,,,,,,
mp-aaaabjqf,GP,uniform,0.0001,0,False,0,,,,,,,,,,
mp-aaaabjqf,GP,uniform,1e-05,0,False,0,,,,,,,,,,
mp-aaaabjqf,GP,hap:0.0001,0.001,0,False,0,,,,,,,,,,
mp-aaaabjqf,GP,hap:0.0001,0.0001,0,False,0,,,,,,,,,,
mp-aaaabjqf,GP,hap:0.0001,1e-05,0,False,0,,,,,,,,,,
mp-aaaabjqf,GP,hap:0.01,0.001,0,False,0,,,,,,,,,,
mp-aaaabjqf,GP,hap:0.01,0.0001,0,False,0,,,,,,,,,,
mp-aaaabjqf,GP,hap:0.01,1e-05,0,False,0,,,,,,,,,,
mp-aaaabjqf,GP,hap:1,0.001,0,False,0,,,,,,,,,,
mp-aaaabjqf,GP,hap:1,0.0001,0,False,0,,,,,,,,,,
mp-aaaabjqf,GP,hap:1,1e-05,0,False,0,,,,,,,,,,
mp-aaaabjqf,GP,ctp-uniform,0.001,0,False,0,,,,,,,,,,
mp-aaaabjqf,GP,ctp-uniform,0.0001,0,False,0,,,,,,,,,,
mp-aaaabjqf,GP,ctp-uniform,1e-05,0,False,0,,,,,,,,,,
mp-aaaabjqf,GP,ctp-hap:0.0001,0.001,0,False,0,,,,,,,,,,
mp-aaaabjqf,GP,ctp-hap:0.0001,0.0001,0,False,0,,,,,,,,,,
mp-aaaabjqf,GP,ctp-hap:0.0001,1e-05,0,False,0,,,,,,,,,,
mp-aaaabjqf,GP,ctp-hap:0.01,0.001,0,False,0,,,,,,,,,,
mp-aaaabjqf,GP,ctp-hap:0.01,0.0001,0,False,0,,,,,,,,,,
mp-aaaabjqf,GP,ctp-hap:0.01,1e-05,0,False,0,,,,,,,,,,
mp-aaaabjqf,GP,ctp-hap:1,0.001,0,False,0,,,,,,,,,,
mp-aaaabjqf,GP,ctp-hap:1,0.0001,0,False,0,,,,,,,,,,
mp-aaaabjqf,GP,ctp-hap:1,1e-05,0,False,0,,,,,,,,,,
mp-aaaabjqf,R3,hartree_only,0.001,6,True,0,tau=1e-06;k=0;margin=0.995,U,,2647.144831051376,7961.0,9.918080026687552e-07,9.918080019820164e-07,,27.43894284777548,0.0
mp-aaaabjqf,R3,hartree_only,0.0001,6,True,0,tau=1e-06;k=0;margin=0.995,U,,2647.144831051376,7961.0,9.918080026687552e-07,9.918080019820164e-07,,27.43894284777548,0.0
mp-aaaabjqf,R3,hartree_only,1e-05,6,True,0,tau=1e-06;k=0;margin=0.995,U,,2647.144831051376,7961.0,9.918080026687552e-07,9.918080019820164e-07,,27.43894284777548,0.0
mp-aaaabjqf,R3,none,0.001,6,True,1,tau=1e-06;k=0;margin=0.995,U,,2647.144831051376,7961.0,9.918080026687552e-07,9.918080019820164e-07,0.0004690000000007,27.43894284777548,0.0
mp-aaaabjqf,R3,none,0.0001,6,False,5,,,,,,,,,,
mp-aaaabjqf,R3,none,1e-05,6,False,5,,,,,,,,,,
mp-aaaabjqf,R3,uniform,0.001,0,False,0,,,,,,,,,,
mp-aaaabjqf,R3,uniform,0.0001,0,False,0,,,,,,,,,,
mp-aaaabjqf,R3,uniform,1e-05,0,False,0,,,,,,,,,,
mp-aaaabjqf,R3,hap:0.0001,0.001,5,True,1,tau=1e-06;k=1;margin=0.990025,hap:0.0001,,2584.1716738197424,8155.0,9.99654805080356e-07,9.9965480427866e-07,0.0,27.405503385233487,0.0225628448804414
mp-aaaabjqf,R3,hap:0.0001,0.0001,5,True,1,tau=1e-06;k=1;margin=0.990025,hap:0.0001,,2584.1716738197424,8155.0,9.99654805080356e-07,9.9965480427866e-07,0.0,27.405503385233487,0.0225628448804414
mp-aaaabjqf,R3,hap:0.0001,1e-05,5,True,1,tau=1e-06;k=1;margin=0.990025,hap:0.0001,,2584.1716738197424,8155.0,9.99654805080356e-07,9.9965480427866e-07,0.0,27.405503385233487,0.0225628448804414
mp-aaaabjqf,R3,hap:0.01,0.001,0,False,0,,,,,,,,,,
mp-aaaabjqf,R3,hap:0.01,0.0001,0,False,0,,,,,,,,,,
mp-aaaabjqf,R3,hap:0.01,1e-05,0,False,0,,,,,,,,,,
mp-aaaabjqf,R3,hap:1,0.001,0,False,0,,,,,,,,,,
mp-aaaabjqf,R3,hap:1,0.0001,0,False,0,,,,,,,,,,
mp-aaaabjqf,R3,hap:1,1e-05,0,False,0,,,,,,,,,,
mp-aaaabjqf,R3,ctp-uniform,0.001,6,True,1,tau=1e-06;k=0;margin=0.995,U,unprojected,2646.812358703843,7962.0,9.918080026687552e-07,9.918080019820164e-07,0.0004690000000007,27.43894284777548,0.0001255965837729
mp-aaaabjqf,R3,ctp-uniform,0.0001,6,False,5,,,,,,,,,,
mp-aaaabjqf,R3,ctp-uniform,1e-05,6,False,5,,,,,,,,,,
mp-aaaabjqf,R3,ctp-hap:0.0001,0.001,11,True,1,tau=1e-06;k=0;margin=0.995,U,unprojected,2646.812358703843,7962.0,9.918080026687552e-07,9.918080019820164e-07,0.0004690000000007,27.43894284777548,0.0001255965837729
mp-aaaabjqf,R3,ctp-hap:0.0001,0.0001,11,False,5,,,,,,,,,,
mp-aaaabjqf,R3,ctp-hap:0.0001,1e-05,11,False,5,,,,,,,,,,
mp-aaaabjqf,R3,ctp-hap:0.01,0.001,6,True,1,tau=1e-06;k=0;margin=0.995,U,unprojected,2646.812358703843,7962.0,9.918080026687552e-07,9.918080019820164e-07,0.0004690000000007,27.43894284777548,0.0001255965837729
mp-aaaabjqf,R3,ctp-hap:0.01,0.0001,6,False,5,,,,,,,,,,
mp-aaaabjqf,R3,ctp-hap:0.01,1e-05,6,False,5,,,,,,,,,,
mp-aaaabjqf,R3,ctp-hap:1,0.001,6,True,1,tau=1e-06;k=0;margin=0.995,U,unprojected,2646.812358703843,7962.0,9.918080026687552e-07,9.918080019820164e-07,0.0004690000000007,27.43894284777548,0.0001255965837729
mp-aaaabjqf,R3,ctp-hap:1,0.0001,6,False,5,,,,,,,,,,
mp-aaaabjqf,R3,ctp-hap:1,1e-05,6,False,5,,,,,,,,,,
mp-aaaabjqf,GF,hartree_only,0.001,43,True,0,ZFP;tol_rel=0.000464159,U,,42.407031778228536,496944.0,8.54357551622204e-07,8.54357528644403e-07,,0.4364461512500099,0.0
mp-aaaabjqf,GF,hartree_only,0.0001,43,True,0,ZFP;tol_rel=0.000464159,U,,42.407031778228536,496944.0,8.54357551622204e-07,8.54357528644403e-07,,0.4364461512500099,0.0
mp-aaaabjqf,GF,hartree_only,1e-05,43,True,0,ZFP;tol_rel=0.000464159,U,,42.407031778228536,496944.0,8.54357551622204e-07,8.54357528644403e-07,,0.4364461512500099,0.0
mp-aaaabjqf,GF,none,0.001,43,True,1,ZFP;tol_rel=0.000464159,U,,42.407031778228536,496944.0,8.54357551622204e-07,8.54357528644403e-07,2.0000000000131024e-05,0.4364461512500099,0.0
mp-aaaabjqf,GF,none,0.0001,43,True,1,ZFP;tol_rel=0.000464159,U,,42.407031778228536,496944.0,8.54357551622204e-07,8.54357528644403e-07,2.0000000000131024e-05,0.4364461512500099,0.0
mp-aaaabjqf,GF,none,1e-05,43,True,3,ZFP;tol_rel=0.0001,U,,30.46737835555916,691688.0,3.8681115181464347e-07,3.868111477410438e-07,7.000000000090267e-06,0.1275089478125011,0.0
mp-aaaabjqf,GF,uniform,0.001,43,True,1,ZFP;tol_rel=0.000464159,uniform,,42.39201802381719,497120.0,2.991012936453408e-07,2.99101228012517e-07,0.0,0.4364639890749231,0.0003540392661731
mp-aaaabjqf,GF,uniform,0.0001,43,True,1,ZFP;tol_rel=0.000464159,uniform,,42.39201802381719,497120.0,2.991012936453408e-07,2.99101228012517e-07,0.0,0.4364639890749231,0.0003540392661731
mp-aaaabjqf,GF,uniform,1e-05,43,True,1,ZFP;tol_rel=0.000464159,uniform,,42.39201802381719,497120.0,2.991012936453408e-07,2.99101228012517e-07,0.0,0.4364639890749231,0.0003540392661731
mp-aaaabjqf,GF,hap:0.0001,0.001,43,True,1,ZFP;tol_rel=0.000464159,hap:0.0001,,42.3913358330249,497128.0,8.539487684335743e-07,8.53948745444221e-07,0.0,0.4368659011984732,0.0003701260037656
mp-aaaabjqf,GF,hap:0.0001,0.0001,43,True,1,ZFP;tol_rel=0.000464159,hap:0.0001,,42.3913358330249,497128.0,8.539487684335743e-07,8.53948745444221e-07,0.0,0.4368659011984732,0.0003701260037656
mp-aaaabjqf,GF,hap:0.0001,1e-05,43,True,1,ZFP;tol_rel=0.000464159,hap:0.0001,,42.3913358330249,497128.0,8.539487684335743e-07,8.53948745444221e-07,0.0,0.4368659011984732,0.0003701260037656
mp-aaaabjqf,GF,hap:0.01,0.001,43,True,1,ZFP;tol_rel=0.000464159,hap:0.01,,42.3913358330249,497128.0,8.368698116341811e-07,8.368697881764945e-07,0.0,0.4374315915852662,0.0003701260037656
mp-aaaabjqf,GF,hap:0.01,0.0001,43,True,1,ZFP;tol_rel=0.000464159,hap:0.01,,42.3913358330249,497128.0,8.368698116341811e-07,8.368697881764945e-07,0.0,0.4374315915852662,0.0003701260037656
mp-aaaabjqf,GF,hap:0.01,1e-05,43,True,1,ZFP;tol_rel=0.000464159,hap:0.01,,42.3913358330249,497128.0,8.368698116341811e-07,8.368697881764945e-07,0.0,0.4374315915852662,0.0003701260037656
mp-aaaabjqf,GF,hap:1,0.001,44,True,1,ZFP;tol_rel=0.000464159,hap:1,,42.3913358330249,497128.0,6.819554618130389e-07,6.819554330269475e-07,0.0,0.4365747954828407,0.0003701260037656
mp-aaaabjqf,GF,hap:1,0.0001,44,True,1,ZFP;tol_rel=0.000464159,hap:1,,42.3913358330249,497128.0,6.819554618130389e-07,6.819554330269475e-07,0.0,0.4365747954828407,0.0003701260037656
mp-aaaabjqf,GF,hap:1,1e-05,44,True,1,ZFP;tol_rel=0.000464159,hap:1,,42.3913358330249,497128.0,6.819554618130389e-07,6.819554330269475e-07,0.0,0.4365747954828407,0.0003701260037656
mp-aaaabjqf,GF,ctp-uniform,0.001,86,True,1,ZFP;tol_rel=0.000464159,U,unprojected,42.406946442765296,496945.0,8.54357551622204e-07,8.54357528644403e-07,2.0000000000131024e-05,0.4364461512500099,2.012295123202769e-06
mp-aaaabjqf,GF,ctp-uniform,0.0001,86,True,1,ZFP;tol_rel=0.000464159,U,unprojected,42.406946442765296,496945.0,8.54357551622204e-07,8.54357528644403e-07,2.0000000000131024e-05,0.4364461512500099,2.012295123202769e-06
mp-aaaabjqf,GF,ctp-uniform,1e-05,86,True,2,ZFP;tol_rel=0.000464159,uniform,projected,42.3919327487674,497121.0,2.991012936453408e-07,2.99101228012517e-07,0.0,0.4364639890749231,0.000356050136687
mp-aaaabjqf,GF,ctp-hap:0.0001,0.001,86,True,1,ZFP;tol_rel=0.000464159,U,unprojected,42.406946442765296,496945.0,8.54357551622204e-07,8.54357528644403e-07,2.0000000000131024e-05,0.4364461512500099,2.012295123202769e-06
mp-aaaabjqf,GF,ctp-hap:0.0001,0.0001,86,True,1,ZFP;tol_rel=0.000464159,U,unprojected,42.406946442765296,496945.0,8.54357551622204e-07,8.54357528644403e-07,2.0000000000131024e-05,0.4364461512500099,2.012295123202769e-06
mp-aaaabjqf,GF,ctp-hap:0.0001,1e-05,86,True,2,ZFP;tol_rel=0.000464159,hap:0.0001,projected,42.391250560719655,497129.0,8.539487684335743e-07,8.53948745444221e-07,0.0,0.4368659011984732,0.0003721368095604
mp-aaaabjqf,GF,ctp-hap:0.01,0.001,86,True,1,ZFP;tol_rel=0.000464159,U,unprojected,42.406946442765296,496945.0,8.54357551622204e-07,8.54357528644403e-07,2.0000000000131024e-05,0.4364461512500099,2.012295123202769e-06
mp-aaaabjqf,GF,ctp-hap:0.01,0.0001,86,True,1,ZFP;tol_rel=0.000464159,U,unprojected,42.406946442765296,496945.0,8.54357551622204e-07,8.54357528644403e-07,2.0000000000131024e-05,0.4364461512500099,2.012295123202769e-06
mp-aaaabjqf,GF,ctp-hap:0.01,1e-05,86,True,2,ZFP;tol_rel=0.000464159,hap:0.01,projected,42.391250560719655,497129.0,8.368698116341811e-07,8.368697881764945e-07,0.0,0.4374315915852662,0.0003721368095604
mp-aaaabjqf,GF,ctp-hap:1,0.001,87,True,1,ZFP;tol_rel=0.000464159,U,unprojected,42.406946442765296,496945.0,8.54357551622204e-07,8.54357528644403e-07,2.0000000000131024e-05,0.4364461512500099,2.012295123202769e-06
mp-aaaabjqf,GF,ctp-hap:1,0.0001,87,True,1,ZFP;tol_rel=0.000464159,U,unprojected,42.406946442765296,496945.0,8.54357551622204e-07,8.54357528644403e-07,2.0000000000131024e-05,0.4364461512500099,2.012295123202769e-06
mp-aaaabjqf,GF,ctp-hap:1,1e-05,87,True,2,ZFP;tol_rel=0.000464159,hap:1,projected,42.391250560719655,497129.0,6.819554618130389e-07,6.819554330269475e-07,0.0,0.4365747954828407,0.0003721368095604
mp-aaahhkfw,J,hartree_only,0.001,17,True,0,alpha_rel=0.0215443,U,,671.4254915808646,26903.0,6.136165853399865e-07,6.136155328284859e-07,,16.58014471635901,0.0
mp-aaahhkfw,J,hartree_only,0.0001,17,True,0,alpha_rel=0.0215443,U,,671.4254915808646,26903.0,6.136165853399865e-07,6.136155328284859e-07,,16.58014471635901,0.0
mp-aaahhkfw,J,hartree_only,1e-05,17,True,0,alpha_rel=0.0215443,U,,671.4254915808646,26903.0,6.136165853399865e-07,6.136155328284859e-07,,16.58014471635901,0.0
mp-aaahhkfw,J,none,0.001,17,True,1,alpha_rel=0.0215443,U,,671.4254915808646,26903.0,6.136165853399865e-07,6.136155328284859e-07,0.000153,16.58014471635901,0.0
mp-aaahhkfw,J,none,0.0001,17,True,3,alpha_rel=0.00464159,U,,449.91929859519774,40148.0,1.7405193407333254e-07,1.7404822342888067e-07,8.699999999883801e-05,10.380759943505836,0.0
mp-aaahhkfw,J,none,1e-05,17,False,5,,,,,,,,,,
mp-aaahhkfw,J,uniform,0.001,16,True,1,alpha_rel=0.0215443,uniform,,666.6676508580919,27095.0,9.369064507112452e-07,9.369057612231486e-07,0.0,16.58215666394023,0.0070861782616718
mp-aaahhkfw,J,uniform,0.0001,16,True,1,alpha_rel=0.0215443,uniform,,666.6676508580919,27095.0,9.369064507112452e-07,9.369057612231486e-07,0.0,16.58215666394023,0.0070861782616718
mp-aaahhkfw,J,uniform,1e-05,16,True,1,alpha_rel=0.0215443,uniform,,666.6676508580919,27095.0,9.369064507112452e-07,9.369057612231486e-07,0.0,16.58215666394023,0.0070861782616718
mp-aaahhkfw,J,hap:0.0001,0.001,17,True,1,alpha_rel=0.0215443,hap:0.0001,,666.4708703833523,27103.0,6.153047397383382e-07,6.153036886245434e-07,0.0,16.580667539722462,0.0073792569088292
mp-aaahhkfw,J,hap:0.0001,0.0001,17,True,1,alpha_rel=0.0215443,hap:0.0001,,666.4708703833523,27103.0,6.153047397383382e-07,6.153036886245434e-07,0.0,16.580667539722462,0.0073792569088292
mp-aaahhkfw,J,hap:0.0001,1e-05,17,True,1,alpha_rel=0.0215443,hap:0.0001,,666.4708703833523,27103.0,6.153047397383382e-07,6.153036886245434e-07,0.0,16.580667539722462,0.0073792569088292
mp-aaahhkfw,J,hap:0.01,0.001,17,True,1,alpha_rel=0.0215443,hap:0.01,,666.4708703833523,27103.0,6.423167620744537e-07,6.423157563971793e-07,0.0,16.581259733296726,0.0073792569088292
mp-aaahhkfw,J,hap:0.01,0.0001,17,True,1,alpha_rel=0.0215443,hap:0.01,,666.4708703833523,27103.0,6.423167620744537e-07,6.423157563971793e-07,0.0,16.581259733296726,0.0073792569088292
mp-aaahhkfw,J,hap:0.01,1e-05,17,True,1,alpha_rel=0.0215443,hap:0.01,,666.4708703833523,27103.0,6.423167620744537e-07,6.423157563971793e-07,0.0,16.581259733296726,0.0073792569088292
mp-aaahhkfw,J,hap:1,0.001,17,True,1,alpha_rel=0.0215443,hap:1,,666.4708703833523,27103.0,7.930629393941828e-07,7.930621248640398e-07,0.0,16.582373955673273,0.0073792569088292
mp-aaahhkfw,J,hap:1,0.0001,17,True,1,alpha_rel=0.0215443,hap:1,,666.4708703833523,27103.0,7.930629393941828e-07,7.930621248640398e-07,0.0,16.582373955673273,0.0073792569088292
mp-aaahhkfw,J,hap:1,1e-05,17,True,1,alpha_rel=0.0215443,hap:1,,666.4708703833523,27103.0,7.930629393941828e-07,7.930621248640398e-07,0.0,16.582373955673273,0.0073792569088292
mp-aaahhkfw,J,ctp-uniform,0.001,33,True,1,alpha_rel=0.0215443,U,unprojected,671.4005352363961,26904.0,6.136165853399865e-07,6.136155328284859e-07,0.000153,16.58014471635901,3.716919417187035e-05
mp-aaahhkfw,J,ctp-uniform,0.0001,33,True,2,alpha_rel=0.0215443,uniform,projected,666.6430469441984,27096.0,9.369064507112452e-07,9.369057612231486e-07,0.0,16.58215666394023,0.0071228225568349
mp-aaahhkfw,J,ctp-uniform,1e-05,33,True,2,alpha_rel=0.0215443,uniform,projected,666.6430469441984,27096.0,9.369064507112452e-07,9.369057612231486e-07,0.0,16.58215666394023,0.0071228225568349
mp-aaahhkfw,J,ctp-hap:0.0001,0.001,34,True,1,alpha_rel=0.0215443,U,unprojected,671.4005352363961,26904.0,6.136165853399865e-07,6.136155328284859e-07,0.000153,16.58014471635901,3.716919417187035e-05
mp-aaahhkfw,J,ctp-hap:0.0001,0.0001,34,True,2,alpha_rel=0.0215443,hap:0.0001,projected,666.4462809917355,27104.0,6.153047397383382e-07,6.153036886245434e-07,0.0,16.580667539722462,0.0074158795749704
mp-aaahhkfw,J,ctp-hap:0.0001,1e-05,34,True,2,alpha_rel=0.0215443,hap:0.0001,projected,666.4462809917355,27104.0,6.153047397383382e-07,6.153036886245434e-07,0.0,16.580667539722462,0.0074158795749704
mp-aaahhkfw,J,ctp-hap:0.01,0.001,34,True,1,alpha_rel=0.0215443,U,unprojected,671.4005352363961,26904.0,6.136165853399865e-07,6.136155328284859e-07,0.000153,16.58014471635901,3.716919417187035e-05
mp-aaahhkfw,J,ctp-hap:0.01,0.0001,34,True,2,alpha_rel=0.0215443,hap:0.01,projected,666.4462809917355,27104.0,6.423167620744537e-07,6.423157563971793e-07,0.0,16.581259733296726,0.0074158795749704
mp-aaahhkfw,J,ctp-hap:0.01,1e-05,34,True,2,alpha_rel=0.0215443,hap:0.01,projected,666.4462809917355,27104.0,6.423167620744537e-07,6.423157563971793e-07,0.0,16.581259733296726,0.0074158795749704
mp-aaahhkfw,J,ctp-hap:1,0.001,34,True,1,alpha_rel=0.0215443,U,unprojected,671.4005352363961,26904.0,6.136165853399865e-07,6.136155328284859e-07,0.000153,16.58014471635901,3.716919417187035e-05
mp-aaahhkfw,J,ctp-hap:1,0.0001,34,True,2,alpha_rel=0.0215443,hap:1,projected,666.4462809917355,27104.0,7.930629393941828e-07,7.930621248640398e-07,0.0,16.582373955673273,0.0074158795749704
mp-aaahhkfw,J,ctp-hap:1,1e-05,34,True,2,alpha_rel=0.0215443,hap:1,projected,666.4462809917355,27104.0,7.930629393941828e-07,7.930621248640398e-07,0.0,16.582373955673273,0.0074158795749704
mp-aaahhkfw,T1,hartree_only,0.001,32,True,0,q_cut=0.3;alpha_rel=2.15443e-05,U,,319.0786242956316,56611.0,6.088353035816676e-07,6.088342428046104e-07,,5.654777300222122,0.0
mp-aaahhkfw,T1,hartree_only,0.0001,32,True,0,q_cut=0.3;alpha_rel=2.15443e-05,U,,319.0786242956316,56611.0,6.088353035816676e-07,6.088342428046104e-07,,5.654777300222122,0.0
mp-aaahhkfw,T1,hartree_only,1e-05,32,True,0,q_cut=0.3;alpha_rel=2.15443e-05,U,,319.0786242956316,56611.0,6.088353035816676e-07,6.088342428046104e-07,,5.654777300222122,0.0
mp-aaahhkfw,T1,none,0.001,32,True,1,q_cut=0.3;alpha_rel=2.15443e-05,U,,319.0786242956316,56611.0,6.088353035816676e-07,6.088342428046104e-07,0.0001610000000002,5.654777300222122,0.0
mp-aaahhkfw,T1,none,0.0001,32,False,5,,,,,,,,,,
mp-aaahhkfw,T1,none,1e-05,32,False,5,,,,,,,,,,
mp-aaahhkfw,T1,uniform,0.001,36,True,1,q_cut=0.3;alpha_rel=4.64159e-05,uniform,,381.0031638894748,47410.0,5.319407367765618e-07,5.319395223403625e-07,0.0,5.615637592645726,0.0040497785277367
mp-aaahhkfw,T1,uniform,0.0001,36,True,1,q_cut=0.3;alpha_rel=4.64159e-05,uniform,,381.0031638894748,47410.0,5.319407367765618e-07,5.319395223403625e-07,0.0,5.615637592645726,0.0040497785277367
mp-aaahhkfw,T1,uniform,1e-05,36,True,1,q_cut=0.3;alpha_rel=4.64159e-05,uniform,,381.0031638894748,47410.0,5.319407367765618e-07,5.319395223403625e-07,0.0,5.615637592645726,0.0040497785277367
mp-aaahhkfw,T1,hap:0.0001,0.001,32,True,1,q_cut=0.3;alpha_rel=2.15443e-05,hap:0.0001,,317.9553255531499,56811.0,6.108866369527352e-07,6.108855775981881e-07,0.0,5.654456865540851,0.003520444984246
mp-aaahhkfw,T1,hap:0.0001,0.0001,32,True,1,q_cut=0.3;alpha_rel=2.15443e-05,hap:0.0001,,317.9553255531499,56811.0,6.108866369527352e-07,6.108855775981881e-07,0.0,5.654456865540851,0.003520444984246
mp-aaahhkfw,T1,hap:0.0001,1e-05,32,True,1,q_cut=0.3;alpha_rel=2.15443e-05,hap:0.0001,,317.9553255531499,56811.0,6.108866369527352e-07,6.108855775981881e-07,0.0,5.654456865540851,0.003520444984246
mp-aaahhkfw,T1,hap:0.01,0.001,32,True,1,q_cut=0.3;alpha_rel=2.15443e-05,hap:0.01,,317.9553255531499,56811.0,6.364418323310165e-07,6.364408172570665e-07,0.0,5.655259331104389,0.003520444984246
mp-aaahhkfw,T1,hap:0.01,0.0001,32,True,1,q_cut=0.3;alpha_rel=2.15443e-05,hap:0.01,,317.9553255531499,56811.0,6.364418323310165e-07,6.364408172570665e-07,0.0,5.655259331104389,0.003520444984246
mp-aaahhkfw,T1,hap:0.01,1e-05,32,True,1,q_cut=0.3;alpha_rel=2.15443e-05,hap:0.01,,317.9553255531499,56811.0,6.364418323310165e-07,6.364408172570665e-07,0.0,5.655259331104389,0.003520444984246
mp-aaahhkfw,T1,hap:1,0.001,32,True,1,q_cut=0.3;alpha_rel=2.15443e-05,hap:1,,317.9553255531499,56811.0,4.981965134074833e-07,4.981952166865887e-07,0.0,5.654721749069722,0.003520444984246
mp-aaahhkfw,T1,hap:1,0.0001,32,True,1,q_cut=0.3;alpha_rel=2.15443e-05,hap:1,,317.9553255531499,56811.0,4.981965134074833e-07,4.981952166865887e-07,0.0,5.654721749069722,0.003520444984246
mp-aaahhkfw,T1,hap:1,1e-05,32,True,1,q_cut=0.3;alpha_rel=2.15443e-05,hap:1,,317.9553255531499,56811.0,4.981965134074833e-07,4.981952166865887e-07,0.0,5.654721749069722,0.003520444984246
mp-aaahhkfw,T1,ctp-uniform,0.001,68,True,2,q_cut=0.3;alpha_rel=2.15443e-05,U,unprojected,319.07298805906873,56612.0,6.088353035816676e-07,6.088342428046104e-07,0.0001610000000002,5.654777300222122,1.7664099484208295e-05
mp-aaahhkfw,T1,ctp-uniform,0.0001,68,True,1,q_cut=0.3;alpha_rel=4.64159e-05,uniform,projected,380.995127712978,47411.0,5.319407367765618e-07,5.319395223403625e-07,0.0,5.615637592645726,0.0040707852608044
mp-aaahhkfw,T1,ctp-uniform,1e-05,68,True,1,q_cut=0.3;alpha_rel=4.64159e-05,uniform,projected,380.995127712978,47411.0,5.319407367765618e-07,5.319395223403625e-07,0.0,5.615637592645726,0.0040707852608044
mp-aaahhkfw,T1,ctp-hap:0.0001,0.001,64,True,1,q_cut=0.3;alpha_rel=2.15443e-05,U,unprojected,319.07298805906873,56612.0,6.088353035816676e-07,6.088342428046104e-07,0.0001610000000002,5.654777300222122,1.7664099484208295e-05
mp-aaahhkfw,T1,ctp-hap:0.0001,0.0001,64,True,2,q_cut=0.3;alpha_rel=2.15443e-05,hap:0.0001,projected,317.94972893050766,56812.0,6.108866369527352e-07,6.108855775981881e-07,0.0,5.654456865540851,0.0035379849327606
mp-aaahhkfw,T1,ctp-hap:0.0001,1e-05,64,True,2,q_cut=0.3;alpha_rel=2.15443e-05,hap:0.0001,projected,317.94972893050766,56812.0,6.108866369527352e-07,6.108855775981881e-07,0.0,5.654456865540851,0.0035379849327606
mp-aaahhkfw,T1,ctp-hap:0.01,0.001,64,True,1,q_cut=0.3;alpha_rel=2.15443e-05,U,unprojected,319.07298805906873,56612.0,6.088353035816676e-07,6.088342428046104e-07,0.0001610000000002,5.654777300222122,1.7664099484208295e-05
mp-aaahhkfw,T1,ctp-hap:0.01,0.0001,64,True,2,q_cut=0.3;alpha_rel=2.15443e-05,hap:0.01,projected,317.94972893050766,56812.0,6.364418323310165e-07,6.364408172570665e-07,0.0,5.655259331104389,0.0035379849327606
mp-aaahhkfw,T1,ctp-hap:0.01,1e-05,64,True,2,q_cut=0.3;alpha_rel=2.15443e-05,hap:0.01,projected,317.94972893050766,56812.0,6.364418323310165e-07,6.364408172570665e-07,0.0,5.655259331104389,0.0035379849327606
mp-aaahhkfw,T1,ctp-hap:1,0.001,64,True,1,q_cut=0.3;alpha_rel=2.15443e-05,U,unprojected,319.07298805906873,56612.0,6.088353035816676e-07,6.088342428046104e-07,0.0001610000000002,5.654777300222122,1.7664099484208295e-05
mp-aaahhkfw,T1,ctp-hap:1,0.0001,64,True,2,q_cut=0.3;alpha_rel=2.15443e-05,hap:1,projected,317.94972893050766,56812.0,4.981965134074833e-07,4.981952166865887e-07,0.0,5.654721749069722,0.0035379849327606
mp-aaahhkfw,T1,ctp-hap:1,1e-05,64,True,2,q_cut=0.3;alpha_rel=2.15443e-05,hap:1,projected,317.94972893050766,56812.0,4.981965134074833e-07,4.981952166865887e-07,0.0,5.654721749069722,0.0035379849327606
mp-aaahhkfw,GP,hartree_only,0.001,0,False,0,,,,,,,,,,
mp-aaahhkfw,GP,hartree_only,0.0001,0,False,0,,,,,,,,,,
mp-aaahhkfw,GP,hartree_only,1e-05,0,False,0,,,,,,,,,,
mp-aaahhkfw,GP,none,0.001,0,False,0,,,,,,,,,,
mp-aaahhkfw,GP,none,0.0001,0,False,0,,,,,,,,,,
mp-aaahhkfw,GP,none,1e-05,0,False,0,,,,,,,,,,
mp-aaahhkfw,GP,uniform,0.001,0,False,0,,,,,,,,,,
mp-aaahhkfw,GP,uniform,0.0001,0,False,0,,,,,,,,,,
mp-aaahhkfw,GP,uniform,1e-05,0,False,0,,,,,,,,,,
mp-aaahhkfw,GP,hap:0.0001,0.001,0,False,0,,,,,,,,,,
mp-aaahhkfw,GP,hap:0.0001,0.0001,0,False,0,,,,,,,,,,
mp-aaahhkfw,GP,hap:0.0001,1e-05,0,False,0,,,,,,,,,,
mp-aaahhkfw,GP,hap:0.01,0.001,0,False,0,,,,,,,,,,
mp-aaahhkfw,GP,hap:0.01,0.0001,0,False,0,,,,,,,,,,
mp-aaahhkfw,GP,hap:0.01,1e-05,0,False,0,,,,,,,,,,
mp-aaahhkfw,GP,hap:1,0.001,0,False,0,,,,,,,,,,
mp-aaahhkfw,GP,hap:1,0.0001,0,False,0,,,,,,,,,,
mp-aaahhkfw,GP,hap:1,1e-05,0,False,0,,,,,,,,,,
mp-aaahhkfw,GP,ctp-uniform,0.001,0,False,0,,,,,,,,,,
mp-aaahhkfw,GP,ctp-uniform,0.0001,0,False,0,,,,,,,,,,
mp-aaahhkfw,GP,ctp-uniform,1e-05,0,False,0,,,,,,,,,,
mp-aaahhkfw,GP,ctp-hap:0.0001,0.001,0,False,0,,,,,,,,,,
mp-aaahhkfw,GP,ctp-hap:0.0001,0.0001,0,False,0,,,,,,,,,,
mp-aaahhkfw,GP,ctp-hap:0.0001,1e-05,0,False,0,,,,,,,,,,
mp-aaahhkfw,GP,ctp-hap:0.01,0.001,0,False,0,,,,,,,,,,
mp-aaahhkfw,GP,ctp-hap:0.01,0.0001,0,False,0,,,,,,,,,,
mp-aaahhkfw,GP,ctp-hap:0.01,1e-05,0,False,0,,,,,,,,,,
mp-aaahhkfw,GP,ctp-hap:1,0.001,0,False,0,,,,,,,,,,
mp-aaahhkfw,GP,ctp-hap:1,0.0001,0,False,0,,,,,,,,,,
mp-aaahhkfw,GP,ctp-hap:1,1e-05,0,False,0,,,,,,,,,,
mp-aaahhkfw,R3,hartree_only,0.001,6,True,0,tau=1e-06;k=0;margin=0.995,U,,1070.9925293489862,16866.0,9.948975477365547e-07,9.948968985861258e-07,,21.359993005262368,0.0
mp-aaahhkfw,R3,hartree_only,0.0001,6,True,0,tau=1e-06;k=0;margin=0.995,U,,1070.9925293489862,16866.0,9.948975477365547e-07,9.948968985861258e-07,,21.359993005262368,0.0
mp-aaahhkfw,R3,hartree_only,1e-05,6,True,0,tau=1e-06;k=0;margin=0.995,U,,1070.9925293489862,16866.0,9.948975477365547e-07,9.948968985861258e-07,,21.359993005262368,0.0
mp-aaahhkfw,R3,none,0.001,6,True,1,tau=1e-06;k=0;margin=0.995,U,,1070.9925293489862,16866.0,9.948975477365547e-07,9.948968985861258e-07,0.0007809999999999,21.359993005262368,0.0
mp-aaahhkfw,R3,none,0.0001,6,False,5,,,,,,,,,,
mp-aaahhkfw,R3,none,1e-05,6,False,5,,,,,,,,,,
mp-aaahhkfw,R3,uniform,0.001,0,False,0,,,,,,,,,,
mp-aaahhkfw,R3,uniform,0.0001,0,False,0,,,,,,,,,,
mp-aaahhkfw,R3,uniform,1e-05,0,False,0,,,,,,,,,,
mp-aaahhkfw,R3,hap:0.0001,0.001,2,True,1,tau=1e-06;k=4;margin=0.975248753,hap:0.0001,,1046.726545749551,17257.0,9.962720143453148e-07,9.962713511038503e-07,0.0,20.275573457107384,0.0115894999130787
mp-aaahhkfw,R3,hap:0.0001,0.0001,2,True,1,tau=1e-06;k=4;margin=0.975248753,hap:0.0001,,1046.726545749551,17257.0,9.962720143453148e-07,9.962713511038503e-07,0.0,20.275573457107384,0.0115894999130787
mp-aaahhkfw,R3,hap:0.0001,1e-05,2,True,1,tau=1e-06;k=4;margin=0.975248753,hap:0.0001,,1046.726545749551,17257.0,9.962720143453148e-07,9.962713511038503e-07,0.0,20.275573457107384,0.0115894999130787
mp-aaahhkfw,R3,hap:0.01,0.001,0,False,0,,,,,,,,,,
mp-aaahhkfw,R3,hap:0.01,0.0001,0,False,0,,,,,,,,,,
mp-aaahhkfw,R3,hap:0.01,1e-05,0,False,0,,,,,,,,,,
mp-aaahhkfw,R3,hap:1,0.001,0,False,0,,,,,,,,,,
mp-aaahhkfw,R3,hap:1,0.0001,0,False,0,,,,,,,,,,
mp-aaahhkfw,R3,hap:1,1e-05,0,False,0,,,,,,,,,,
mp-aaahhkfw,R3,ctp-uniform,0.001,6,True,1,tau=1e-06;k=0;margin=0.995,U,unprojected,1070.9290330230629,16867.0,9.948975477365547e-07,9.948968985861258e-07,0.0007809999999999,21.359993005262368,5.9287365862334735e-05
mp-aaahhkfw,R3,ctp-uniform,0.0001,6,False,5,,,,,,,,,,
mp-aaahhkfw,R3,ctp-uniform,1e-05,6,False,5,,,,,,,,,,
mp-aaahhkfw,R3,ctp-hap:0.0001,0.001,8,True,1,tau=1e-06;k=0;margin=0.995,U,unprojected,1070.9290330230629,16867.0,9.948975477365547e-07,9.948968985861258e-07,0.0007809999999999,21.359993005262368,5.9287365862334735e-05
mp-aaahhkfw,R3,ctp-hap:0.0001,0.0001,8,False,5,,,,,,,,,,
mp-aaahhkfw,R3,ctp-hap:0.0001,1e-05,8,False,5,,,,,,,,,,
mp-aaahhkfw,R3,ctp-hap:0.01,0.001,6,True,1,tau=1e-06;k=0;margin=0.995,U,unprojected,1070.9290330230629,16867.0,9.948975477365547e-07,9.948968985861258e-07,0.0007809999999999,21.359993005262368,5.9287365862334735e-05
mp-aaahhkfw,R3,ctp-hap:0.01,0.0001,6,False,5,,,,,,,,,,
mp-aaahhkfw,R3,ctp-hap:0.01,1e-05,6,False,5,,,,,,,,,,
mp-aaahhkfw,R3,ctp-hap:1,0.001,6,True,1,tau=1e-06;k=0;margin=0.995,U,unprojected,1070.9290330230629,16867.0,9.948975477365547e-07,9.948968985861258e-07,0.0007809999999999,21.359993005262368,5.9287365862334735e-05
mp-aaahhkfw,R3,ctp-hap:1,0.0001,6,False,5,,,,,,,,,,
mp-aaahhkfw,R3,ctp-hap:1,1e-05,6,False,5,,,,,,,,,,
mp-aaahhkfw,GF,hartree_only,0.001,40,True,0,ZFP;tol_rel=0.000464159,U,,41.66442160426623,433544.0,8.132913997344383e-07,8.132907416513841e-07,,0.9625310240000003,0.0
mp-aaahhkfw,GF,hartree_only,0.0001,40,True,0,ZFP;tol_rel=0.000464159,U,,41.66442160426623,433544.0,8.132913997344383e-07,8.132907416513841e-07,,0.9625310240000003,0.0
mp-aaahhkfw,GF,hartree_only,1e-05,40,True,0,ZFP;tol_rel=0.000464159,U,,41.66442160426623,433544.0,8.132913997344383e-07,8.132907416513841e-07,,0.9625310240000003,0.0
mp-aaahhkfw,GF,none,0.001,40,True,1,ZFP;tol_rel=0.000464159,U,,41.66442160426623,433544.0,8.132913997344383e-07,8.132907416513841e-07,7.500000000071338e-05,0.9625310240000003,0.0
mp-aaahhkfw,GF,none,0.0001,40,True,1,ZFP;tol_rel=0.000464159,U,,41.66442160426623,433544.0,8.132913997344383e-07,8.132907416513841e-07,7.500000000071338e-05,0.9625310240000003,0.0
mp-aaahhkfw,GF,none,1e-05,40,True,3,ZFP;tol_rel=4.64159e-05,U,,25.34368966910609,712736.0,6.008738415031507e-07,6.008738222864173e-07,8.999999999481645e-06,0.1190652637500022,0.0
mp-aaahhkfw,GF,uniform,0.001,43,True,1,ZFP;tol_rel=0.000464159,uniform,,41.64597819871996,433736.0,9.064867540607128e-07,9.06486163647339e-07,0.0,0.9591880518279652,0.0004426655845952
mp-aaahhkfw,GF,uniform,0.0001,43,True,1,ZFP;tol_rel=0.000464159,uniform,,41.64597819871996,433736.0,9.064867540607128e-07,9.06486163647339e-07,0.0,0.9591880518279652,0.0004426655845952
mp-aaahhkfw,GF,uniform,1e-05,43,True,1,ZFP;tol_rel=0.000464159,uniform,,41.64597819871996,433736.0,9.064867540607128e-07,9.06486163647339e-07,0.0,0.9591880518279652,0.0004426655845952
mp-aaahhkfw,GF,hap:0.0001,0.001,40,True,1,ZFP;tol_rel=0.000464159,hap:0.0001,,41.64521007783393,433744.0,8.1282355216585e-07,8.128228938017875e-07,0.0,0.9563714969400364,0.0004611014792135
mp-aaahhkfw,GF,hap:0.0001,0.0001,40,True,1,ZFP;tol_rel=0.000464159,hap:0.0001,,41.64521007783393,433744.0,8.1282355216585e-07,8.128228938017875e-07,0.0,0.9563714969400364,0.0004611014792135
mp-aaahhkfw,GF,hap:0.0001,1e-05,40,True,1,ZFP;tol_rel=0.000464159,hap:0.0001,,41.64521007783393,433744.0,8.1282355216585e-07,8.128228938017875e-07,0.0,0.9563714969400364,0.0004611014792135
mp-aaahhkfw,GF,hap:0.01,0.001,40,True,1,ZFP;tol_rel=0.000464159,hap:0.01,,41.64521007783393,433744.0,8.039612719890351e-07,8.039606063204493e-07,0.0,0.9582846415465696,0.0004611014792135
mp-aaahhkfw,GF,hap:0.01,0.0001,40,True,1,ZFP;tol_rel=0.000464159,hap:0.01,,41.64521007783393,433744.0,8.039612719890351e-07,8.039606063204493e-07,0.0,0.9582846415465696,0.0004611014792135
mp-aaahhkfw,GF,hap:0.01,1e-05,40,True,1,ZFP;tol_rel=0.000464159,hap:0.01,,41.64521007783393,433744.0,8.039612719890351e-07,8.039606063204493e-07,0.0,0.9582846415465696,0.0004611014792135
mp-aaahhkfw,GF,hap:1,0.001,41,True,1,ZFP;tol_rel=0.000464159,hap:1,,41.64521007783393,433744.0,5.921372715821814e-07,5.921363677570426e-07,0.0,0.9590464830692014,0.0004611014792135
mp-aaahhkfw,GF,hap:1,0.0001,41,True,1,ZFP;tol_rel=0.000464159,hap:1,,41.64521007783393,433744.0,5.921372715821814e-07,5.921363677570426e-07,0.0,0.9590464830692014,0.0004611014792135
mp-aaahhkfw,GF,hap:1,1e-05,41,True,1,ZFP;tol_rel=0.000464159,hap:1,,41.64521007783393,433744.0,5.921372715821814e-07,5.921363677570426e-07,0.0,0.9590464830692014,0.0004611014792135
mp-aaahhkfw,GF,ctp-uniform,0.001,83,True,1,ZFP;tol_rel=0.000464159,U,unprojected,41.66432550254299,433545.0,8.132913997344383e-07,8.132907416513841e-07,7.500000000071338e-05,0.9625310240000003,2.3065656390916744e-06
mp-aaahhkfw,GF,ctp-uniform,0.0001,83,True,1,ZFP;tol_rel=0.000464159,U,unprojected,41.66432550254299,433545.0,8.132913997344383e-07,8.132907416513841e-07,7.500000000071338e-05,0.9625310240000003,2.3065656390916744e-06
mp-aaahhkfw,GF,ctp-uniform,1e-05,83,True,2,ZFP;tol_rel=0.000464159,uniform,projected,41.64588218205964,433737.0,9.064867540607128e-07,9.06486163647339e-07,0.0,0.9591880518279652,0.0004449701086142
mp-aaahhkfw,GF,ctp-hap:0.0001,0.001,80,True,1,ZFP;tol_rel=0.000464159,U,unprojected,41.66432550254299,433545.0,8.132913997344383e-07,8.132907416513841e-07,7.500000000071338e-05,0.9625310240000003,2.3065656390916744e-06
mp-aaahhkfw,GF,ctp-hap:0.0001,0.0001,80,True,1,ZFP;tol_rel=0.000464159,U,unprojected,41.66432550254299,433545.0,8.132913997344383e-07,8.132907416513841e-07,7.500000000071338e-05,0.9625310240000003,2.3065656390916744e-06
mp-aaahhkfw,GF,ctp-hap:0.0001,1e-05,80,True,2,ZFP;tol_rel=0.000464159,hap:0.0001,projected,41.64511406471544,433745.0,8.1282355216585e-07,8.128228938017875e-07,0.0,0.9563714969400364,0.0004634059182238
mp-aaahhkfw,GF,ctp-hap:0.01,0.001,80,True,1,ZFP;tol_rel=0.000464159,U,unprojected,41.66432550254299,433545.0,8.132913997344383e-07,8.132907416513841e-07,7.500000000071338e-05,0.9625310240000003,2.3065656390916744e-06
mp-aaahhkfw,GF,ctp-hap:0.01,0.0001,80,True,1,ZFP;tol_rel=0.000464159,U,unprojected,41.66432550254299,433545.0,8.132913997344383e-07,8.132907416513841e-07,7.500000000071338e-05,0.9625310240000003,2.3065656390916744e-06
mp-aaahhkfw,GF,ctp-hap:0.01,1e-05,80,True,2,ZFP;tol_rel=0.000464159,hap:0.01,projected,41.64511406471544,433745.0,8.039612719890351e-07,8.039606063204493e-07,0.0,0.9582846415465696,0.0004634059182238
mp-aaahhkfw,GF,ctp-hap:1,0.001,81,True,1,ZFP;tol_rel=0.000464159,U,unprojected,41.66432550254299,433545.0,8.132913997344383e-07,8.132907416513841e-07,7.500000000071338e-05,0.9625310240000003,2.3065656390916744e-06
mp-aaahhkfw,GF,ctp-hap:1,0.0001,81,True,1,ZFP;tol_rel=0.000464159,U,unprojected,41.66432550254299,433545.0,8.132913997344383e-07,8.132907416513841e-07,7.500000000071338e-05,0.9625310240000003,2.3065656390916744e-06
mp-aaahhkfw,GF,ctp-hap:1,1e-05,81,True,2,ZFP;tol_rel=0.000464159,hap:1,projected,41.64511406471544,433745.0,5.921372715821814e-07,5.921363677570426e-07,0.0,0.9590464830692014,0.0004634059182238
mp-aaabxgjl,J,hartree_only,0.001,18,True,0,alpha_rel=0.0464159,U,,1187.8839957035443,22344.0,7.620800020067834e-07,7.620799532385055e-07,,15.677481335562597,0.0
mp-aaabxgjl,J,hartree_only,0.0001,18,True,0,alpha_rel=0.0464159,U,,1187.8839957035443,22344.0,7.620800020067834e-07,7.620799532385055e-07,,15.677481335562597,0.0
mp-aaabxgjl,J,hartree_only,1e-05,18,True,0,alpha_rel=0.0464159,U,,1187.8839957035443,22344.0,7.620800020067834e-07,7.620799532385055e-07,,15.677481335562597,0.0
mp-aaabxgjl,J,none,0.001,18,True,1,alpha_rel=0.0464159,U,,1187.8839957035443,22344.0,7.620800020067834e-07,7.620799532385055e-07,0.0001819999999987,15.677481335562597,0.0
mp-aaabxgjl,J,none,0.0001,18,True,3,alpha_rel=0.01,U,,807.65846088306,32863.0,2.223205549770561e-07,2.2232038780698946e-07,4.29999999997932e-05,7.186932459327181,0.0
mp-aaabxgjl,J,none,1e-05,18,False,5,,,,,,,,,,
mp-aaabxgjl,J,uniform,0.001,17,True,1,alpha_rel=0.0215443,uniform,,947.4238800642512,28015.0,8.259397233633713e-07,8.259396783550028e-07,0.0,9.041958478394896,0.0057112261288595
mp-aaabxgjl,J,uniform,0.0001,17,True,1,alpha_rel=0.0215443,uniform,,947.4238800642512,28015.0,8.259397233633713e-07,8.259396783550028e-07,0.0,9.041958478394896,0.0057112261288595
mp-aaabxgjl,J,uniform,1e-05,17,True,1,alpha_rel=0.0215443,uniform,,947.4238800642512,28015.0,8.259397233633713e-07,8.259396783550028e-07,0.0,9.041958478394896,0.0057112261288595
mp-aaabxgjl,J,hap:0.0001,0.001,18,True,1,alpha_rel=0.0464159,hap:0.0001,,1179.0191897654583,22512.0,7.633916054026711e-07,7.633915555478185e-07,0.0,15.677792899360824,0.0074626865671641
mp-aaabxgjl,J,hap:0.0001,0.0001,18,True,1,alpha_rel=0.0464159,hap:0.0001,,1179.0191897654583,22512.0,7.633916054026711e-07,7.633915555478185e-07,0.0,15.677792899360824,0.0074626865671641
mp-aaabxgjl,J,hap:0.0001,1e-05,18,True,1,alpha_rel=0.0464159,hap:0.0001,,1179.0191897654583,22512.0,7.633916054026711e-07,7.633915555478185e-07,0.0,15.677792899360824,0.0074626865671641
mp-aaabxgjl,J,hap:0.01,0.001,18,True,1,alpha_rel=0.0464159,hap:0.01,,1179.0191897654583,22512.0,8.025231335162839e-07,8.025230870486499e-07,0.0,15.677501388910915,0.0074626865671641
mp-aaabxgjl,J,hap:0.01,0.0001,18,True,1,alpha_rel=0.0464159,hap:0.01,,1179.0191897654583,22512.0,8.025231335162839e-07,8.025230870486499e-07,0.0,15.677501388910915,0.0074626865671641
mp-aaabxgjl,J,hap:0.01,1e-05,18,True,1,alpha_rel=0.0464159,hap:0.01,,1179.0191897654583,22512.0,8.025231335162839e-07,8.025230870486499e-07,0.0,15.677501388910915,0.0074626865671641
mp-aaabxgjl,J,hap:1,0.001,17,True,1,alpha_rel=0.0215443,hap:1,,947.1534096991757,28023.0,6.160811448113177e-07,6.1608108447172e-07,0.0,9.041686039601782,0.005995075473718
mp-aaabxgjl,J,hap:1,0.0001,17,True,1,alpha_rel=0.0215443,hap:1,,947.1534096991757,28023.0,6.160811448113177e-07,6.1608108447172e-07,0.0,9.041686039601782,0.005995075473718
mp-aaabxgjl,J,hap:1,1e-05,17,True,1,alpha_rel=0.0215443,hap:1,,947.1534096991757,28023.0,6.160811448113177e-07,6.1608108447172e-07,0.0,9.041686039601782,0.005995075473718
mp-aaabxgjl,J,ctp-uniform,0.001,35,True,1,alpha_rel=0.0464159,U,unprojected,1187.8308346386216,22345.0,7.620800020067834e-07,7.620799532385055e-07,0.0001819999999987,15.677481335562597,4.475274110539271e-05
mp-aaabxgjl,J,ctp-uniform,0.0001,35,True,3,alpha_rel=0.0215443,uniform,projected,947.390062821245,28016.0,8.259397233633713e-07,8.259396783550028e-07,0.0,9.041958478394896,0.005746716162193
mp-aaabxgjl,J,ctp-uniform,1e-05,35,True,3,alpha_rel=0.0215443,uniform,projected,947.390062821245,28016.0,8.259397233633713e-07,8.259396783550028e-07,0.0,9.041958478394896,0.005746716162193
mp-aaabxgjl,J,ctp-hap:0.0001,0.001,36,True,1,alpha_rel=0.0464159,U,unprojected,1187.8308346386216,22345.0,7.620800020067834e-07,7.620799532385055e-07,0.0001819999999987,15.677481335562597,4.475274110539271e-05
mp-aaabxgjl,J,ctp-hap:0.0001,0.0001,36,True,2,alpha_rel=0.0464159,hap:0.0001,projected,1178.9668191711455,22513.0,7.633916054026711e-07,7.633915555478185e-07,0.0,15.677792899360824,0.0075067738639896
mp-aaabxgjl,J,ctp-hap:0.0001,1e-05,36,True,2,alpha_rel=0.0464159,hap:0.0001,projected,1178.9668191711455,22513.0,7.633916054026711e-07,7.633915555478185e-07,0.0,15.677792899360824,0.0075067738639896
mp-aaabxgjl,J,ctp-hap:0.01,0.001,36,True,1,alpha_rel=0.0464159,U,unprojected,1187.8308346386216,22345.0,7.620800020067834e-07,7.620799532385055e-07,0.0001819999999987,15.677481335562597,4.475274110539271e-05
mp-aaabxgjl,J,ctp-hap:0.01,0.0001,36,True,2,alpha_rel=0.0464159,hap:0.01,projected,1178.9668191711455,22513.0,8.025231335162839e-07,8.025230870486499e-07,0.0,15.677501388910915,0.0075067738639896
mp-aaabxgjl,J,ctp-hap:0.01,1e-05,36,True,2,alpha_rel=0.0464159,hap:0.01,projected,1178.9668191711455,22513.0,8.025231335162839e-07,8.025230870486499e-07,0.0,15.677501388910915,0.0075067738639896
mp-aaabxgjl,J,ctp-hap:1,0.001,35,True,1,alpha_rel=0.0464159,U,unprojected,1187.8308346386216,22345.0,7.620800020067834e-07,7.620799532385055e-07,0.0001819999999987,15.677481335562597,4.475274110539271e-05
mp-aaabxgjl,J,ctp-hap:1,0.0001,35,True,3,alpha_rel=0.0215443,hap:1,projected,947.1196117613474,28024.0,6.160811448113177e-07,6.1608108447172e-07,0.0,9.041686039601782,0.0060305452469312
mp-aaabxgjl,J,ctp-hap:1,1e-05,35,True,3,alpha_rel=0.0215443,hap:1,projected,947.1196117613474,28024.0,6.160811448113177e-07,6.1608108447172e-07,0.0,9.041686039601782,0.0060305452469312
mp-aaabxgjl,T1,hartree_only,0.001,50,True,0,q_cut=0.2;alpha_rel=0.000215443,U,,1128.2979085189593,23524.0,8.737148776016739e-07,8.737148350645375e-07,,5.449523253915686,0.0
mp-aaabxgjl,T1,hartree_only,0.0001,50,True,0,q_cut=0.2;alpha_rel=0.000215443,U,,1128.2979085189593,23524.0,8.737148776016739e-07,8.737148350645375e-07,,5.449523253915686,0.0
mp-aaabxgjl,T1,hartree_only,1e-05,50,True,0,q_cut=0.2;alpha_rel=0.000215443,U,,1128.2979085189593,23524.0,8.737148776016739e-07,8.737148350645375e-07,,5.449523253915686,0.0
mp-aaabxgjl,T1,none,0.001,50,True,1,q_cut=0.2;alpha_rel=0.000215443,U,,1128.2979085189593,23524.0,8.737148776016739e-07,8.737148350645375e-07,9.400000000070464e-05,5.449523253915686,0.0
mp-aaabxgjl,T1,none,0.0001,50,True,1,q_cut=0.2;alpha_rel=0.000215443,U,,1128.2979085189593,23524.0,8.737148776016739e-07,8.737148350645375e-07,9.400000000070464e-05,5.449523253915686,0.0
mp-aaabxgjl,T1,none,1e-05,50,False,5,,,,,,,,,,
mp-aaabxgjl,T1,uniform,0.001,55,True,1,q_cut=0.2;alpha_rel=0.000215443,uniform,,1120.6755615605473,23684.0,8.445100992154079e-07,8.445100552302813e-07,0.0,5.449481736135567,0.006755615605472
mp-aaabxgjl,T1,uniform,0.0001,55,True,1,q_cut=0.2;alpha_rel=0.000215443,uniform,,1120.6755615605473,23684.0,8.445100992154079e-07,8.445100552302813e-07,0.0,5.449481736135567,0.006755615605472
mp-aaabxgjl,T1,uniform,1e-05,55,True,1,q_cut=0.2;alpha_rel=0.000215443,uniform,,1120.6755615605473,23684.0,8.445100992154079e-07,8.445100552302813e-07,0.0,5.449481736135567,0.006755615605472
mp-aaabxgjl,T1,hap:0.0001,0.001,50,True,1,q_cut=0.2;alpha_rel=0.000215443,hap:0.0001,,1120.297146716191,23692.0,8.695146828737839e-07,8.695146400820857e-07,0.0,5.449440198381126,0.0070910011818335
mp-aaabxgjl,T1,hap:0.0001,0.0001,50,True,1,q_cut=0.2;alpha_rel=0.000215443,hap:0.0001,,1120.297146716191,23692.0,8.695146828737839e-07,8.695146400820857e-07,0.0,5.449440198381126,0.0070910011818335
mp-aaabxgjl,T1,hap:0.0001,1e-05,50,True,1,q_cut=0.2;alpha_rel=0.000215443,hap:0.0001,,1120.297146716191,23692.0,8.695146828737839e-07,8.695146400820857e-07,0.0,5.449440198381126,0.0070910011818335
mp-aaabxgjl,T1,hap:0.01,0.001,50,True,1,q_cut=0.2;alpha_rel=0.000215443,hap:0.01,,1120.297146716191,23692.0,8.108616052219973e-07,8.108615594154449e-07,0.0,5.449793117519221,0.0070910011818335
mp-aaabxgjl,T1,hap:0.01,0.0001,50,True,1,q_cut=0.2;alpha_rel=0.000215443,hap:0.01,,1120.297146716191,23692.0,8.108616052219973e-07,8.108615594154449e-07,0.0,5.449793117519221,0.0070910011818335
mp-aaabxgjl,T1,hap:0.01,1e-05,50,True,1,q_cut=0.2;alpha_rel=0.000215443,hap:0.01,,1120.297146716191,23692.0,8.108616052219973e-07,8.108615594154449e-07,0.0,5.449793117519221,0.0070910011818335
mp-aaabxgjl,T1,hap:1,0.001,54,True,1,q_cut=0.2;alpha_rel=0.000215443,hap:1,,1120.297146716191,23692.0,8.053187765002528e-07,8.053187303744319e-07,0.0,5.44950514867196,0.0070910011818335
mp-aaabxgjl,T1,hap:1,0.0001,54,True,1,q_cut=0.2;alpha_rel=0.000215443,hap:1,,1120.297146716191,23692.0,8.053187765002528e-07,8.053187303744319e-07,0.0,5.44950514867196,0.0070910011818335
mp-aaabxgjl,T1,hap:1,1e-05,54,True,1,q_cut=0.2;alpha_rel=0.000215443,hap:1,,1120.297146716191,23692.0,8.053187765002528e-07,8.053187303744319e-07,0.0,5.44950514867196,0.0070910011818335
mp-aaabxgjl,T1,ctp-uniform,0.001,105,True,1,q_cut=0.2;alpha_rel=0.000215443,U,unprojected,1128.2499468650371,23525.0,8.737148776016739e-07,8.737148350645375e-07,9.400000000070464e-05,5.449523253915686,4.250797024442083e-05
mp-aaabxgjl,T1,ctp-uniform,0.0001,105,True,1,q_cut=0.2;alpha_rel=0.000215443,U,unprojected,1128.2499468650371,23525.0,8.737148776016739e-07,8.737148350645375e-07,9.400000000070464e-05,5.449523253915686,4.250797024442083e-05
mp-aaabxgjl,T1,ctp-uniform,1e-05,105,True,2,q_cut=0.2;alpha_rel=0.000215443,uniform,projected,1120.6282457251425,23685.0,8.445100992154079e-07,8.445100552302813e-07,0.0,5.449481736135567,0.006797551192738
mp-aaabxgjl,T1,ctp-hap:0.0001,0.001,100,True,1,q_cut=0.2;alpha_rel=0.000215443,U,unprojected,1128.2499468650371,23525.0,8.737148776016739e-07,8.737148350645375e-07,9.400000000070464e-05,5.449523253915686,4.250797024442083e-05
mp-aaabxgjl,T1,ctp-hap:0.0001,0.0001,100,True,1,q_cut=0.2;alpha_rel=0.000215443,U,unprojected,1128.2499468650371,23525.0,8.737148776016739e-07,8.737148350645375e-07,9.400000000070464e-05,5.449523253915686,4.250797024442083e-05
mp-aaabxgjl,T1,ctp-hap:0.0001,1e-05,100,True,2,q_cut=0.2;alpha_rel=0.000215443,hap:0.0001,projected,1120.2498628286835,23693.0,8.695146828737839e-07,8.695146400820857e-07,0.0,5.449440198381126,0.0071329084539737
mp-aaabxgjl,T1,ctp-hap:0.01,0.001,100,True,1,q_cut=0.2;alpha_rel=0.000215443,U,unprojected,1128.2499468650371,23525.0,8.737148776016739e-07,8.737148350645375e-07,9.400000000070464e-05,5.449523253915686,4.250797024442083e-05
mp-aaabxgjl,T1,ctp-hap:0.01,0.0001,100,True,1,q_cut=0.2;alpha_rel=0.000215443,U,unprojected,1128.2499468650371,23525.0,8.737148776016739e-07,8.737148350645375e-07,9.400000000070464e-05,5.449523253915686,4.250797024442083e-05
mp-aaabxgjl,T1,ctp-hap:0.01,1e-05,100,True,2,q_cut=0.2;alpha_rel=0.000215443,hap:0.01,projected,1120.2498628286835,23693.0,8.108616052219973e-07,8.108615594154449e-07,0.0,5.449793117519221,0.0071329084539737
mp-aaabxgjl,T1,ctp-hap:1,0.001,104,True,1,q_cut=0.2;alpha_rel=0.000215443,U,unprojected,1128.2499468650371,23525.0,8.737148776016739e-07,8.737148350645375e-07,9.400000000070464e-05,5.449523253915686,4.250797024442083e-05
mp-aaabxgjl,T1,ctp-hap:1,0.0001,104,True,1,q_cut=0.2;alpha_rel=0.000215443,U,unprojected,1128.2499468650371,23525.0,8.737148776016739e-07,8.737148350645375e-07,9.400000000070464e-05,5.449523253915686,4.250797024442083e-05
mp-aaabxgjl,T1,ctp-hap:1,1e-05,104,True,2,q_cut=0.2;alpha_rel=0.000215443,hap:1,projected,1120.2498628286835,23693.0,8.053187765002528e-07,8.053187303744319e-07,0.0,5.44950514867196,0.0071329084539737
mp-aaabxgjl,GP,hartree_only,0.001,0,False,0,,,,,,,,,,
mp-aaabxgjl,GP,hartree_only,0.0001,0,False,0,,,,,,,,,,
mp-aaabxgjl,GP,hartree_only,1e-05,0,False,0,,,,,,,,,,
mp-aaabxgjl,GP,none,0.001,0,False,0,,,,,,,,,,
mp-aaabxgjl,GP,none,0.0001,0,False,0,,,,,,,,,,
mp-aaabxgjl,GP,none,1e-05,0,False,0,,,,,,,,,,
mp-aaabxgjl,GP,uniform,0.001,0,False,0,,,,,,,,,,
mp-aaabxgjl,GP,uniform,0.0001,0,False,0,,,,,,,,,,
mp-aaabxgjl,GP,uniform,1e-05,0,False,0,,,,,,,,,,
mp-aaabxgjl,GP,hap:0.0001,0.001,0,False,0,,,,,,,,,,
mp-aaabxgjl,GP,hap:0.0001,0.0001,0,False,0,,,,,,,,,,
mp-aaabxgjl,GP,hap:0.0001,1e-05,0,False,0,,,,,,,,,,
mp-aaabxgjl,GP,hap:0.01,0.001,0,False,0,,,,,,,,,,
mp-aaabxgjl,GP,hap:0.01,0.0001,0,False,0,,,,,,,,,,
mp-aaabxgjl,GP,hap:0.01,1e-05,0,False,0,,,,,,,,,,
mp-aaabxgjl,GP,hap:1,0.001,0,False,0,,,,,,,,,,
mp-aaabxgjl,GP,hap:1,0.0001,0,False,0,,,,,,,,,,
mp-aaabxgjl,GP,hap:1,1e-05,0,False,0,,,,,,,,,,
mp-aaabxgjl,GP,ctp-uniform,0.001,0,False,0,,,,,,,,,,
mp-aaabxgjl,GP,ctp-uniform,0.0001,0,False,0,,,,,,,,,,
mp-aaabxgjl,GP,ctp-uniform,1e-05,0,False,0,,,,,,,,,,
mp-aaabxgjl,GP,ctp-hap:0.0001,0.001,0,False,0,,,,,,,,,,
mp-aaabxgjl,GP,ctp-hap:0.0001,0.0001,0,False,0,,,,,,,,,,
mp-aaabxgjl,GP,ctp-hap:0.0001,1e-05,0,False,0,,,,,,,,,,
mp-aaabxgjl,GP,ctp-hap:0.01,0.001,0,False,0,,,,,,,,,,
mp-aaabxgjl,GP,ctp-hap:0.01,0.0001,0,False,0,,,,,,,,,,
mp-aaabxgjl,GP,ctp-hap:0.01,1e-05,0,False,0,,,,,,,,,,
mp-aaabxgjl,GP,ctp-hap:1,0.001,0,False,0,,,,,,,,,,
mp-aaabxgjl,GP,ctp-hap:1,0.0001,0,False,0,,,,,,,,,,
mp-aaabxgjl,GP,ctp-hap:1,1e-05,0,False,0,,,,,,,,,,
mp-aaabxgjl,R3,hartree_only,0.001,6,True,0,tau=1e-06;k=1;margin=0.990025,U,,1810.1398076791925,14663.0,9.890124878226215e-07,9.890124502444016e-07,,19.22254563125716,0.0
mp-aaabxgjl,R3,hartree_only,0.0001,6,True,0,tau=1e-06;k=1;margin=0.990025,U,,1810.1398076791925,14663.0,9.890124878226215e-07,9.890124502444016e-07,,19.22254563125716,0.0
mp-aaabxgjl,R3,hartree_only,1e-05,6,True,0,tau=1e-06;k=1;margin=0.990025,U,,1810.1398076791925,14663.0,9.890124878226215e-07,9.890124502444016e-07,,19.22254563125716,0.0
mp-aaabxgjl,R3,none,0.001,6,True,1,tau=1e-06;k=1;margin=0.990025,U,,1810.1398076791925,14663.0,9.890124878226215e-07,9.890124502444016e-07,0.0002089999999999,19.22254563125716,0.0
mp-aaabxgjl,R3,none,0.0001,6,False,5,,,,,,,,,,
mp-aaabxgjl,R3,none,1e-05,6,False,5,,,,,,,,,,
mp-aaabxgjl,R3,uniform,0.001,0,False,0,,,,,,,,,,
mp-aaabxgjl,R3,uniform,0.0001,0,False,0,,,,,,,,,,
mp-aaabxgjl,R3,uniform,1e-05,0,False,0,,,,,,,,,,
mp-aaabxgjl,R3,hap:0.0001,0.001,6,True,1,tau=1e-06;k=1;margin=0.990025,hap:0.0001,,1789.6352235183062,14831.0,9.904769456939931e-07,9.904769074779848e-07,0.0,19.22196470738345,0.0113276245701571
mp-aaabxgjl,R3,hap:0.0001,0.0001,6,True,1,tau=1e-06;k=1;margin=0.990025,hap:0.0001,,1789.6352235183062,14831.0,9.904769456939931e-07,9.904769074779848e-07,0.0,19.22196470738345,0.0113276245701571
mp-aaabxgjl,R3,hap:0.0001,1e-05,6,True,1,tau=1e-06;k=1;margin=0.990025,hap:0.0001,,1789.6352235183062,14831.0,9.904769456939931e-07,9.904769074779848e-07,0.0,19.22196470738345,0.0113276245701571
mp-aaabxgjl,R3,hap:0.01,0.001,0,False,0,,,,,,,,,,
mp-aaabxgjl,R3,hap:0.01,0.0001,0,False,0,,,,,,,,,,
mp-aaabxgjl,R3,hap:0.01,1e-05,0,False,0,,,,,,,,,,
mp-aaabxgjl,R3,hap:1,0.001,0,False,0,,,,,,,,,,
mp-aaabxgjl,R3,hap:1,0.0001,0,False,0,,,,,,,,,,
mp-aaabxgjl,R3,hap:1,1e-05,0,False,0,,,,,,,,,,
mp-aaabxgjl,R3,ctp-uniform,0.001,6,True,1,tau=1e-06;k=1;margin=0.990025,U,unprojected,1810.0163666121116,14664.0,9.890124878226215e-07,9.890124502444016e-07,0.0002089999999999,19.22254563125716,6.819421713038734e-05
mp-aaabxgjl,R3,ctp-uniform,0.0001,6,False,5,,,,,,,,,,
mp-aaabxgjl,R3,ctp-uniform,1e-05,6,False,5,,,,,,,,,,
mp-aaabxgjl,R3,ctp-hap:0.0001,0.001,12,True,1,tau=1e-06;k=1;margin=0.990025,U,unprojected,1810.0163666121116,14664.0,9.890124878226215e-07,9.890124502444016e-07,0.0002089999999999,19.22254563125716,6.819421713038734e-05
mp-aaabxgjl,R3,ctp-hap:0.0001,0.0001,12,False,5,,,,,,,,,,
mp-aaabxgjl,R3,ctp-hap:0.0001,1e-05,12,False,5,,,,,,,,,,
mp-aaabxgjl,R3,ctp-hap:0.01,0.001,6,True,1,tau=1e-06;k=1;margin=0.990025,U,unprojected,1810.0163666121116,14664.0,9.890124878226215e-07,9.890124502444016e-07,0.0002089999999999,19.22254563125716,6.819421713038734e-05
mp-aaabxgjl,R3,ctp-hap:0.01,0.0001,6,False,5,,,,,,,,,,
mp-aaabxgjl,R3,ctp-hap:0.01,1e-05,6,False,5,,,,,,,,,,
mp-aaabxgjl,R3,ctp-hap:1,0.001,6,True,1,tau=1e-06;k=1;margin=0.990025,U,unprojected,1810.0163666121116,14664.0,9.890124878226215e-07,9.890124502444016e-07,0.0002089999999999,19.22254563125716,6.819421713038734e-05
mp-aaabxgjl,R3,ctp-hap:1,0.0001,6,False,5,,,,,,,,,,
mp-aaabxgjl,R3,ctp-hap:1,1e-05,6,False,5,,,,,,,,,,
mp-aaabxgjl,GF,hartree_only,0.001,40,True,0,ZFP;tol_rel=0.000215443,U,,34.9153362870042,760184.0,6.828343737223799e-07,6.82834321674494e-07,,0.2403498674999866,0.0
mp-aaabxgjl,GF,hartree_only,0.0001,40,True,0,ZFP;tol_rel=0.000215443,U,,34.9153362870042,760184.0,6.828343737223799e-07,6.82834321674494e-07,,0.2403498674999866,0.0
mp-aaabxgjl,GF,hartree_only,1e-05,40,True,0,ZFP;tol_rel=0.000215443,U,,34.9153362870042,760184.0,6.828343737223799e-07,6.82834321674494e-07,,0.2403498674999866,0.0
mp-aaabxgjl,GF,none,0.001,40,True,1,ZFP;tol_rel=0.000215443,U,,34.9153362870042,760184.0,6.828343737223799e-07,6.82834321674494e-07,1.199999999990098e-05,0.2403498674999866,0.0
mp-aaabxgjl,GF,none,0.0001,40,True,1,ZFP;tol_rel=0.000215443,U,,34.9153362870042,760184.0,6.828343737223799e-07,6.82834321674494e-07,1.199999999990098e-05,0.2403498674999866,0.0
mp-aaabxgjl,GF,none,1e-05,40,True,2,ZFP;tol_rel=0.0001,U,,29.831947129433978,889720.0,1.6001778590381614e-07,1.6001772387971338e-07,5.999999999062311e-06,0.1302865396875177,0.0
mp-aaabxgjl,GF,uniform,0.001,45,True,1,ZFP;tol_rel=0.000464159,uniform,,49.13307466753547,540208.0,6.467585901857536e-07,6.467579374611597e-07,0.0,0.8598887208534336,0.0002961822112963
mp-aaabxgjl,GF,uniform,0.0001,45,True,1,ZFP;tol_rel=0.000464159,uniform,,49.13307466753547,540208.0,6.467585901857536e-07,6.467579374611597e-07,0.0,0.8598887208534336,0.0002961822112963
mp-aaabxgjl,GF,uniform,1e-05,45,True,1,ZFP;tol_rel=0.000464159,uniform,,49.13307466753547,540208.0,6.467585901857536e-07,6.467579374611597e-07,0.0,0.8598887208534336,0.0002961822112963
mp-aaabxgjl,GF,hap:0.0001,0.001,40,True,1,ZFP;tol_rel=0.000215443,hap:0.0001,,34.90762173309204,760352.0,6.82686851044532e-07,6.826867989801644e-07,0.0,0.2403142569738747,0.0002209502967046
mp-aaabxgjl,GF,hap:0.0001,0.0001,40,True,1,ZFP;tol_rel=0.000215443,hap:0.0001,,34.90762173309204,760352.0,6.82686851044532e-07,6.826867989801644e-07,0.0,0.2403142569738747,0.0002209502967046
mp-aaabxgjl,GF,hap:0.0001,1e-05,40,True,1,ZFP;tol_rel=0.000215443,hap:0.0001,,34.90762173309204,760352.0,6.82686851044532e-07,6.826867989801644e-07,0.0,0.2403142569738747,0.0002209502967046
mp-aaabxgjl,GF,hap:0.01,0.001,41,True,1,ZFP;tol_rel=0.000215443,hap:0.01,,34.90762173309204,760352.0,6.776304338238904e-07,6.776303813755178e-07,0.0,0.2402582969767479,0.0002209502967046
mp-aaabxgjl,GF,hap:0.01,0.0001,41,True,1,ZFP;tol_rel=0.000215443,hap:0.01,,34.90762173309204,760352.0,6.776304338238904e-07,6.776303813755178e-07,0.0,0.2402582969767479,0.0002209502967046
mp-aaabxgjl,GF,hap:0.01,1e-05,41,True,1,ZFP;tol_rel=0.000215443,hap:0.01,,34.90762173309204,760352.0,6.776304338238904e-07,6.776303813755178e-07,0.0,0.2402582969767479,0.0002209502967046
mp-aaabxgjl,GF,hap:1,0.001,42,True,1,ZFP;tol_rel=0.000215443,hap:1,,34.90762173309204,760352.0,5.128118843909309e-07,5.128118150865651e-07,0.0,0.240289692511709,0.0002209502967046
mp-aaabxgjl,GF,hap:1,0.0001,42,True,1,ZFP;tol_rel=0.000215443,hap:1,,34.90762173309204,760352.0,5.128118843909309e-07,5.128118150865651e-07,0.0,0.240289692511709,0.0002209502967046
mp-aaabxgjl,GF,hap:1,1e-05,42,True,1,ZFP;tol_rel=0.000215443,hap:1,,34.90762173309204,760352.0,5.128118843909309e-07,5.128118150865651e-07,0.0,0.240289692511709,0.0002209502967046
mp-aaabxgjl,GF,ctp-uniform,0.001,85,True,2,ZFP;tol_rel=0.000215443,U,unprojected,34.91529035695258,760185.0,6.828343737223799e-07,6.82834321674494e-07,1.199999999990098e-05,0.2403498674999866,1.315469260772049e-06
mp-aaabxgjl,GF,ctp-uniform,0.0001,85,True,2,ZFP;tol_rel=0.000215443,U,unprojected,34.91529035695258,760185.0,6.828343737223799e-07,6.82834321674494e-07,1.199999999990098e-05,0.2403498674999866,1.315469260772049e-06
mp-aaabxgjl,GF,ctp-uniform,1e-05,85,True,1,ZFP;tol_rel=0.000464159,uniform,projected,49.13298371556194,540209.0,6.467585901857536e-07,6.467579374611597e-07,0.0,0.8598887208534336,0.0002980327984169
mp-aaabxgjl,GF,ctp-hap:0.0001,0.001,80,True,1,ZFP;tol_rel=0.000215443,U,unprojected,34.91529035695258,760185.0,6.828343737223799e-07,6.82834321674494e-07,1.199999999990098e-05,0.2403498674999866,1.315469260772049e-06
mp-aaabxgjl,GF,ctp-hap:0.0001,0.0001,80,True,1,ZFP;tol_rel=0.000215443,U,unprojected,34.91529035695258,760185.0,6.828343737223799e-07,6.82834321674494e-07,1.199999999990098e-05,0.2403498674999866,1.315469260772049e-06
mp-aaabxgjl,GF,ctp-hap:0.0001,1e-05,80,True,2,ZFP;tol_rel=0.000215443,hap:0.0001,projected,34.90757582333469,760353.0,6.82686851044532e-07,6.826867989801644e-07,0.0,0.2403142569738747,0.0002222651847234
mp-aaabxgjl,GF,ctp-hap:0.01,0.001,81,True,1,ZFP;tol_rel=0.000215443,U,unprojected,34.91529035695258,760185.0,6.828343737223799e-07,6.82834321674494e-07,1.199999999990098e-05,0.2403498674999866,1.315469260772049e-06
mp-aaabxgjl,GF,ctp-hap:0.01,0.0001,81,True,1,ZFP;tol_rel=0.000215443,U,unprojected,34.91529035695258,760185.0,6.828343737223799e-07,6.82834321674494e-07,1.199999999990098e-05,0.2403498674999866,1.315469260772049e-06
mp-aaabxgjl,GF,ctp-hap:0.01,1e-05,81,True,2,ZFP;tol_rel=0.000215443,hap:0.01,projected,34.90757582333469,760353.0,6.776304338238904e-07,6.776303813755178e-07,0.0,0.2402582969767479,0.0002222651847234
mp-aaabxgjl,GF,ctp-hap:1,0.001,82,True,1,ZFP;tol_rel=0.000215443,U,unprojected,34.91529035695258,760185.0,6.828343737223799e-07,6.82834321674494e-07,1.199999999990098e-05,0.2403498674999866,1.315469260772049e-06
mp-aaabxgjl,GF,ctp-hap:1,0.0001,82,True,1,ZFP;tol_rel=0.000215443,U,unprojected,34.91529035695258,760185.0,6.828343737223799e-07,6.82834321674494e-07,1.199999999990098e-05,0.2403498674999866,1.315469260772049e-06
mp-aaabxgjl,GF,ctp-hap:1,1e-05,82,True,2,ZFP;tol_rel=0.000215443,hap:1,projected,34.90757582333469,760353.0,5.128118843909309e-07,5.128118150865651e-07,0.0,0.240289692511709,0.0002222651847234
mp-aaacqpak,J,hartree_only,0.001,18,True,0,alpha_rel=0.0464159,U,,1207.7506318449873,35610.0,7.884746600170723e-07,7.884746347848605e-07,,18.870575501945492,0.0
mp-aaacqpak,J,hartree_only,0.0001,18,True,0,alpha_rel=0.0464159,U,,1207.7506318449873,35610.0,7.884746600170723e-07,7.884746347848605e-07,,18.870575501945492,0.0
mp-aaacqpak,J,hartree_only,1e-05,18,True,0,alpha_rel=0.0464159,U,,1207.7506318449873,35610.0,7.884746600170723e-07,7.884746347848605e-07,,18.870575501945492,0.0
mp-aaacqpak,J,none,0.001,18,True,1,alpha_rel=0.0464159,U,,1207.7506318449873,35610.0,7.884746600170723e-07,7.884746347848605e-07,0.0001369999999996,18.870575501945492,0.0
mp-aaacqpak,J,none,0.0001,18,True,2,alpha_rel=0.0215443,U,,960.686204431737,44768.0,4.388033729539286e-07,4.3880332761480514e-07,6.399999999828765e-05,9.747472007103555,0.0
mp-aaacqpak,J,none,1e-05,18,False,5,,,,,,,,,,
mp-aaacqpak,J,uniform,0.001,18,True,1,alpha_rel=0.0464159,uniform,,1201.8107639859163,35786.0,9.571462285889305e-07,9.571462078059151e-07,0.0,18.86851216911782,0.0049181244061923
mp-aaacqpak,J,uniform,0.0001,18,True,1,alpha_rel=0.0464159,uniform,,1201.8107639859163,35786.0,9.571462285889305e-07,9.571462078059151e-07,0.0,18.86851216911782,0.0049181244061923
mp-aaacqpak,J,uniform,1e-05,18,True,1,alpha_rel=0.0464159,uniform,,1201.8107639859163,35786.0,9.571462285889305e-07,9.571462078059151e-07,0.0,18.86851216911782,0.0049181244061923
mp-aaacqpak,J,hap:0.0001,0.001,18,True,1,alpha_rel=0.0464159,hap:0.0001,,1201.5421579035592,35794.0,7.894249075651752e-07,7.894248821800219e-07,0.0,18.87141335385968,0.0051405263451975
mp-aaacqpak,J,hap:0.0001,0.0001,18,True,1,alpha_rel=0.0464159,hap:0.0001,,1201.5421579035592,35794.0,7.894249075651752e-07,7.894248821800219e-07,0.0,18.87141335385968,0.0051405263451975
mp-aaacqpak,J,hap:0.0001,1e-05,18,True,1,alpha_rel=0.0464159,hap:0.0001,,1201.5421579035592,35794.0,7.894249075651752e-07,7.894248821800219e-07,0.0,18.87141335385968,0.0051405263451975
mp-aaacqpak,J,hap:0.01,0.001,18,True,1,alpha_rel=0.0464159,hap:0.01,,1201.5421579035592,35794.0,8.114739518828546e-07,8.114739273566871e-07,0.0,18.868458084241865,0.0051405263451975
mp-aaacqpak,J,hap:0.01,0.0001,18,True,1,alpha_rel=0.0464159,hap:0.01,,1201.5421579035592,35794.0,8.114739518828546e-07,8.114739273566871e-07,0.0,18.868458084241865,0.0051405263451975
mp-aaacqpak,J,hap:0.01,1e-05,18,True,1,alpha_rel=0.0464159,hap:0.01,,1201.5421579035592,35794.0,8.114739518828546e-07,8.114739273566871e-07,0.0,18.868458084241865,0.0051405263451975
mp-aaacqpak,J,hap:1,0.001,18,True,1,alpha_rel=0.0464159,hap:1,,1201.5421579035592,35794.0,9.185910038205728e-07,9.18590982165047e-07,0.0,18.868498061852733,0.0051405263451975
mp-aaacqpak,J,hap:1,0.0001,18,True,1,alpha_rel=0.0464159,hap:1,,1201.5421579035592,35794.0,9.185910038205728e-07,9.18590982165047e-07,0.0,18.868498061852733,0.0051405263451975
mp-aaacqpak,J,hap:1,1e-05,18,True,1,alpha_rel=0.0464159,hap:1,,1201.5421579035592,35794.0,9.185910038205728e-07,9.18590982165047e-07,0.0,18.868498061852733,0.0051405263451975
mp-aaacqpak,J,ctp-uniform,0.001,36,True,1,alpha_rel=0.0464159,U,unprojected,1207.716716744826,35611.0,7.884746600170723e-07,7.884746347848605e-07,0.0001369999999996,18.870575501945492,2.808121086181236e-05
mp-aaacqpak,J,ctp-uniform,0.0001,36,True,2,alpha_rel=0.0464159,uniform,projected,1201.777181658144,35787.0,9.571462285889305e-07,9.571462078059151e-07,0.0,18.86851216911782,0.0049459300863442
mp-aaacqpak,J,ctp-uniform,1e-05,36,True,2,alpha_rel=0.0464159,uniform,projected,1201.777181658144,35787.0,9.571462285889305e-07,9.571462078059151e-07,0.0,18.86851216911782,0.0049459300863442
mp-aaacqpak,J,ctp-hap:0.0001,0.001,36,True,1,alpha_rel=0.0464159,U,unprojected,1207.716716744826,35611.0,7.884746600170723e-07,7.884746347848605e-07,0.0001369999999996,18.870575501945492,2.808121086181236e-05
mp-aaacqpak,J,ctp-hap:0.0001,0.0001,36,True,2,alpha_rel=0.0464159,hap:0.0001,projected,1201.5085905852773,35795.0,7.894249075651752e-07,7.894248821800219e-07,0.0,18.87141335385968,0.0051683195977091
mp-aaacqpak,J,ctp-hap:0.0001,1e-05,36,True,2,alpha_rel=0.0464159,hap:0.0001,projected,1201.5085905852773,35795.0,7.894249075651752e-07,7.894248821800219e-07,0.0,18.87141335385968,0.0051683195977091
mp-aaacqpak,J,ctp-hap:0.01,0.001,36,True,1,alpha_rel=0.0464159,U,unprojected,1207.716716744826,35611.0,7.884746600170723e-07,7.884746347848605e-07,0.0001369999999996,18.870575501945492,2.808121086181236e-05
mp-aaacqpak,J,ctp-hap:0.01,0.0001,36,True,2,alpha_rel=0.0464159,hap:0.01,projected,1201.5085905852773,35795.0,8.114739518828546e-07,8.114739273566871e-07,0.0,18.868458084241865,0.0051683195977091
mp-aaacqpak,J,ctp-hap:0.01,1e-05,36,True,2,alpha_rel=0.0464159,hap:0.01,projected,1201.5085905852773,35795.0,8.114739518828546e-07,8.114739273566871e-07,0.0,18.868458084241865,0.0051683195977091
mp-aaacqpak,J,ctp-hap:1,0.001,36,True,1,alpha_rel=0.0464159,U,unprojected,1207.716716744826,35611.0,7.884746600170723e-07,7.884746347848605e-07,0.0001369999999996,18.870575501945492,2.808121086181236e-05
mp-aaacqpak,J,ctp-hap:1,0.0001,36,True,2,alpha_rel=0.0464159,hap:1,projected,1201.5085905852773,35795.0,9.185910038205728e-07,9.18590982165047e-07,0.0,18.868498061852733,0.0051683195977091
mp-aaacqpak,J,ctp-hap:1,1e-05,36,True,2,alpha_rel=0.0464159,hap:1,projected,1201.5085905852773,35795.0,9.185910038205728e-07,9.18590982165047e-07,0.0,18.868498061852733,0.0051683195977091
mp-aaacqpak,T1,hartree_only,0.001,45,True,0,q_cut=0.2;alpha_rel=4.64159e-05,U,,705.8012636415853,60935.0,7.821905778522389e-07,7.821905524173128e-07,,16.35006326129951,0.0
mp-aaacqpak,T1,hartree_only,0.0001,45,True,0,q_cut=0.2;alpha_rel=4.64159e-05,U,,705.8012636415853,60935.0,7.821905778522389e-07,7.821905524173128e-07,,16.35006326129951,0.0
mp-aaacqpak,T1,hartree_only,1e-05,45,True,0,q_cut=0.2;alpha_rel=4.64159e-05,U,,705.8012636415853,60935.0,7.821905778522389e-07,7.821905524173128e-07,,16.35006326129951,0.0
mp-aaacqpak,T1,none,0.001,45,True,1,q_cut=0.2;alpha_rel=4.64159e-05,U,,705.8012636415853,60935.0,7.821905778522389e-07,7.821905524173128e-07,6.700000000137152e-05,16.35006326129951,0.0
mp-aaacqpak,T1,none,0.0001,45,True,1,q_cut=0.2;alpha_rel=4.64159e-05,U,,705.8012636415853,60935.0,7.821905778522389e-07,7.821905524173128e-07,6.700000000137152e-05,16.35006326129951,0.0
mp-aaacqpak,T1,none,1e-05,45,False,5,,,,,,,,,,
mp-aaacqpak,T1,uniform,0.001,50,True,1,q_cut=0.2;alpha_rel=0.0001,uniform,,821.4688186419635,52355.0,5.117933271861617e-07,5.117932883279171e-07,0.0,16.460000393373775,0.0033616655524782
mp-aaacqpak,T1,uniform,0.0001,50,True,1,q_cut=0.2;alpha_rel=0.0001,uniform,,821.4688186419635,52355.0,5.117933271861617e-07,5.117932883279171e-07,0.0,16.460000393373775,0.0033616655524782
mp-aaacqpak,T1,uniform,1e-05,50,True,1,q_cut=0.2;alpha_rel=0.0001,uniform,,821.4688186419635,52355.0,5.117933271861617e-07,5.117932883279171e-07,0.0,16.460000393373775,0.0033616655524782
mp-aaacqpak,T1,hap:0.0001,0.001,45,True,1,q_cut=0.2;alpha_rel=4.64159e-05,hap:0.0001,,703.6764344966377,61119.0,7.821917428293712e-07,7.821917173669126e-07,0.0,16.35074027553128,0.003010520460086
mp-aaacqpak,T1,hap:0.0001,0.0001,45,True,1,q_cut=0.2;alpha_rel=4.64159e-05,hap:0.0001,,703.6764344966377,61119.0,7.821917428293712e-07,7.821917173669126e-07,0.0,16.35074027553128,0.003010520460086
mp-aaacqpak,T1,hap:0.0001,1e-05,45,True,1,q_cut=0.2;alpha_rel=4.64159e-05,hap:0.0001,,703.6764344966377,61119.0,7.821917428293712e-07,7.821917173669126e-07,0.0,16.35074027553128,0.003010520460086
mp-aaacqpak,T1,hap:0.01,0.001,45,True,1,q_cut=0.2;alpha_rel=4.64159e-05,hap:0.01,,703.6764344966377,61119.0,7.82351421697191e-07,7.823513962736692e-07,0.0,16.34800699411062,0.003010520460086
mp-aaacqpak,T1,hap:0.01,0.0001,45,True,1,q_cut=0.2;alpha_rel=4.64159e-05,hap:0.01,,703.6764344966377,61119.0,7.82351421697191e-07,7.823513962736692e-07,0.0,16.34800699411062,0.003010520460086
mp-aaacqpak,T1,hap:0.01,1e-05,45,True,1,q_cut=0.2;alpha_rel=4.64159e-05,hap:0.01,,703.6764344966377,61119.0,7.82351421697191e-07,7.823513962736692e-07,0.0,16.34800699411062,0.003010520460086
mp-aaacqpak,T1,hap:1,0.001,45,True,1,q_cut=0.2;alpha_rel=4.64159e-05,hap:1,,703.6764344966377,61119.0,6.023606428519095e-07,6.023606098305986e-07,0.0,16.346916088281432,0.003010520460086
mp-aaacqpak,T1,hap:1,0.0001,45,True,1,q_cut=0.2;alpha_rel=4.64159e-05,hap:1,,703.6764344966377,61119.0,6.023606428519095e-07,6.023606098305986e-07,0.0,16.346916088281432,0.003010520460086
mp-aaacqpak,T1,hap:1,1e-05,45,True,1,q_cut=0.2;alpha_rel=4.64159e-05,hap:1,,703.6764344966377,61119.0,6.023606428519095e-07,6.023606098305986e-07,0.0,16.346916088281432,0.003010520460086
mp-aaacqpak,T1,ctp-uniform,0.001,95,True,2,q_cut=0.2;alpha_rel=4.64159e-05,U,unprojected,705.7896809767625,60936.0,7.821905778522389e-07,7.821905524173128e-07,6.700000000137152e-05,16.35006326129951,1.6410660364973086e-05
mp-aaacqpak,T1,ctp-uniform,0.0001,95,True,2,q_cut=0.2;alpha_rel=4.64159e-05,U,unprojected,705.7896809767625,60936.0,7.821905778522389e-07,7.821905524173128e-07,6.700000000137152e-05,16.35006326129951,1.6410660364973086e-05
mp-aaacqpak,T1,ctp-uniform,1e-05,95,True,1,q_cut=0.2;alpha_rel=0.0001,uniform,projected,821.4531285812515,52356.0,5.117933271861617e-07,5.117932883279171e-07,0.0,16.460000393373775,0.0033807013522805
mp-aaacqpak,T1,ctp-hap:0.0001,0.001,90,True,1,q_cut=0.2;alpha_rel=4.64159e-05,U,unprojected,705.7896809767625,60936.0,7.821905778522389e-07,7.821905524173128e-07,6.700000000137152e-05,16.35006326129951,1.6410660364973086e-05
mp-aaacqpak,T1,ctp-hap:0.0001,0.0001,90,True,1,q_cut=0.2;alpha_rel=4.64159e-05,U,unprojected,705.7896809767625,60936.0,7.821905778522389e-07,7.821905524173128e-07,6.700000000137152e-05,16.35006326129951,1.6410660364973086e-05
mp-aaacqpak,T1,ctp-hap:0.0001,1e-05,90,True,2,q_cut=0.2;alpha_rel=4.64159e-05,hap:0.0001,projected,703.6649214659686,61120.0,7.821917428293712e-07,7.821917173669126e-07,0.0,16.35074027553128,0.0030268324607329
mp-aaacqpak,T1,ctp-hap:0.01,0.001,90,True,1,q_cut=0.2;alpha_rel=4.64159e-05,U,unprojected,705.7896809767625,60936.0,7.821905778522389e-07,7.821905524173128e-07,6.700000000137152e-05,16.35006326129951,1.6410660364973086e-05
mp-aaacqpak,T1,ctp-hap:0.01,0.0001,90,True,1,q_cut=0.2;alpha_rel=4.64159e-05,U,unprojected,705.7896809767625,60936.0,7.821905778522389e-07,7.821905524173128e-07,6.700000000137152e-05,16.35006326129951,1.6410660364973086e-05
mp-aaacqpak,T1,ctp-hap:0.01,1e-05,90,True,2,q_cut=0.2;alpha_rel=4.64159e-05,hap:0.01,projected,703.6649214659686,61120.0,7.82351421697191e-07,7.823513962736692e-07,0.0,16.34800699411062,0.0030268324607329
mp-aaacqpak,T1,ctp-hap:1,0.001,90,True,1,q_cut=0.2;alpha_rel=4.64159e-05,U,unprojected,705.7896809767625,60936.0,7.821905778522389e-07,7.821905524173128e-07,6.700000000137152e-05,16.35006326129951,1.6410660364973086e-05
mp-aaacqpak,T1,ctp-hap:1,0.0001,90,True,1,q_cut=0.2;alpha_rel=4.64159e-05,U,unprojected,705.7896809767625,60936.0,7.821905778522389e-07,7.821905524173128e-07,6.700000000137152e-05,16.35006326129951,1.6410660364973086e-05
mp-aaacqpak,T1,ctp-hap:1,1e-05,90,True,2,q_cut=0.2;alpha_rel=4.64159e-05,hap:1,projected,703.6649214659686,61120.0,6.023606428519095e-07,6.023606098305986e-07,0.0,16.346916088281432,0.0030268324607329
mp-aaacqpak,GP,hartree_only,0.001,0,False,0,,,,,,,,,,
mp-aaacqpak,GP,hartree_only,0.0001,0,False,0,,,,,,,,,,
mp-aaacqpak,GP,hartree_only,1e-05,0,False,0,,,,,,,,,,
mp-aaacqpak,GP,none,0.001,0,False,0,,,,,,,,,,
mp-aaacqpak,GP,none,0.0001,0,False,0,,,,,,,,,,
mp-aaacqpak,GP,none,1e-05,0,False,0,,,,,,,,,,
mp-aaacqpak,GP,uniform,0.001,0,False,0,,,,,,,,,,
mp-aaacqpak,GP,uniform,0.0001,0,False,0,,,,,,,,,,
mp-aaacqpak,GP,uniform,1e-05,0,False,0,,,,,,,,,,
mp-aaacqpak,GP,hap:0.0001,0.001,0,False,0,,,,,,,,,,
mp-aaacqpak,GP,hap:0.0001,0.0001,0,False,0,,,,,,,,,,
mp-aaacqpak,GP,hap:0.0001,1e-05,0,False,0,,,,,,,,,,
mp-aaacqpak,GP,hap:0.01,0.001,0,False,0,,,,,,,,,,
mp-aaacqpak,GP,hap:0.01,0.0001,0,False,0,,,,,,,,,,
mp-aaacqpak,GP,hap:0.01,1e-05,0,False,0,,,,,,,,,,
mp-aaacqpak,GP,hap:1,0.001,0,False,0,,,,,,,,,,
mp-aaacqpak,GP,hap:1,0.0001,0,False,0,,,,,,,,,,
mp-aaacqpak,GP,hap:1,1e-05,0,False,0,,,,,,,,,,
mp-aaacqpak,GP,ctp-uniform,0.001,0,False,0,,,,,,,,,,
mp-aaacqpak,GP,ctp-uniform,0.0001,0,False,0,,,,,,,,,,
mp-aaacqpak,GP,ctp-uniform,1e-05,0,False,0,,,,,,,,,,
mp-aaacqpak,GP,ctp-hap:0.0001,0.001,0,False,0,,,,,,,,,,
mp-aaacqpak,GP,ctp-hap:0.0001,0.0001,0,False,0,,,,,,,,,,
mp-aaacqpak,GP,ctp-hap:0.0001,1e-05,0,False,0,,,,,,,,,,
mp-aaacqpak,GP,ctp-hap:0.01,0.001,0,False,0,,,,,,,,,,
mp-aaacqpak,GP,ctp-hap:0.01,0.0001,0,False,0,,,,,,,,,,
mp-aaacqpak,GP,ctp-hap:0.01,1e-05,0,False,0,,,,,,,,,,
mp-aaacqpak,GP,ctp-hap:1,0.001,0,False,0,,,,,,,,,,
mp-aaacqpak,GP,ctp-hap:1,0.0001,0,False,0,,,,,,,,,,
mp-aaacqpak,GP,ctp-hap:1,1e-05,0,False,0,,,,,,,,,,
mp-aaacqpak,R3,hartree_only,0.001,6,True,0,tau=1e-06;k=0;margin=0.995,U,,1745.0296194108578,24646.0,9.93994668618771e-07,9.93994648603614e-07,,14.479506314610262,0.0
mp-aaacqpak,R3,hartree_only,0.0001,6,True,0,tau=1e-06;k=0;margin=0.995,U,,1745.0296194108578,24646.0,9.93994668618771e-07,9.93994648603614e-07,,14.479506314610262,0.0
mp-aaacqpak,R3,hartree_only,1e-05,6,True,0,tau=1e-06;k=0;margin=0.995,U,,1745.0296194108578,24646.0,9.93994668618771e-07,9.93994648603614e-07,,14.479506314610262,0.0
mp-aaacqpak,R3,none,0.001,6,True,1,tau=1e-06;k=0;margin=0.995,U,,1745.0296194108578,24646.0,9.93994668618771e-07,9.93994648603614e-07,0.000204,14.479506314610262,0.0
mp-aaacqpak,R3,none,0.0001,6,False,5,,,,,,,,,,
mp-aaacqpak,R3,none,1e-05,6,False,5,,,,,,,,,,
mp-aaacqpak,R3,uniform,0.001,0,False,0,,,,,,,,,,
mp-aaacqpak,R3,uniform,0.0001,0,False,0,,,,,,,,,,
mp-aaacqpak,R3,uniform,1e-05,0,False,0,,,,,,,,,,
mp-aaacqpak,R3,hap:0.0001,0.001,6,True,1,tau=1e-06;k=0;margin=0.995,hap:0.0001,,1732.0982682239228,24830.0,9.95798162364596e-07,9.957981419680202e-07,0.0,14.481550823842554,0.0074103906564639
mp-aaacqpak,R3,hap:0.0001,0.0001,6,True,1,tau=1e-06;k=0;margin=0.995,hap:0.0001,,1732.0982682239228,24830.0,9.95798162364596e-07,9.957981419680202e-07,0.0,14.481550823842554,0.0074103906564639
mp-aaacqpak,R3,hap:0.0001,1e-05,6,True,1,tau=1e-06;k=0;margin=0.995,hap:0.0001,,1732.0982682239228,24830.0,9.95798162364596e-07,9.957981419680202e-07,0.0,14.481550823842554,0.0074103906564639
mp-aaacqpak,R3,hap:0.01,0.001,0,False,0,,,,,,,,,,
mp-aaacqpak,R3,hap:0.01,0.0001,0,False,0,,,,,,,,,,
mp-aaacqpak,R3,hap:0.01,1e-05,0,False,0,,,,,,,,,,
mp-aaacqpak,R3,hap:1,0.001,0,False,0,,,,,,,,,,
mp-aaacqpak,R3,hap:1,0.0001,0,False,0,,,,,,,,,,
mp-aaacqpak,R3,hap:1,1e-05,0,False,0,,,,,,,,,,
mp-aaacqpak,R3,ctp-uniform,0.001,6,True,1,tau=1e-06;k=0;margin=0.995,U,unprojected,1744.9588185174666,24647.0,9.93994668618771e-07,9.93994648603614e-07,0.000204,14.479506314610262,4.057288919543961e-05
mp-aaacqpak,R3,ctp-uniform,0.0001,6,False,5,,,,,,,,,,
mp-aaacqpak,R3,ctp-uniform,1e-05,6,False,5,,,,,,,,,,
mp-aaacqpak,R3,ctp-hap:0.0001,0.001,12,True,1,tau=1e-06;k=0;margin=0.995,U,unprojected,1744.9588185174666,24647.0,9.93994668618771e-07,9.93994648603614e-07,0.000204,14.479506314610262,4.057288919543961e-05
mp-aaacqpak,R3,ctp-hap:0.0001,0.0001,12,True,3,tau=1e-06;k=0;margin=0.995,hap:0.0001,projected,1732.028512746164,24831.0,9.95798162364596e-07,9.957981419680202e-07,0.0,14.481550823842554,0.0074503644637751
mp-aaacqpak,R3,ctp-hap:0.0001,1e-05,12,True,3,tau=1e-06;k=0;margin=0.995,hap:0.0001,projected,1732.028512746164,24831.0,9.95798162364596e-07,9.957981419680202e-07,0.0,14.481550823842554,0.0074503644637751
mp-aaacqpak,R3,ctp-hap:0.01,0.001,6,True,1,tau=1e-06;k=0;margin=0.995,U,unprojected,1744.9588185174666,24647.0,9.93994668618771e-07,9.93994648603614e-07,0.000204,14.479506314610262,4.057288919543961e-05
mp-aaacqpak,R3,ctp-hap:0.01,0.0001,6,False,5,,,,,,,,,,
mp-aaacqpak,R3,ctp-hap:0.01,1e-05,6,False,5,,,,,,,,,,
mp-aaacqpak,R3,ctp-hap:1,0.001,6,True,1,tau=1e-06;k=0;margin=0.995,U,unprojected,1744.9588185174666,24647.0,9.93994668618771e-07,9.93994648603614e-07,0.000204,14.479506314610262,4.057288919543961e-05
mp-aaacqpak,R3,ctp-hap:1,0.0001,6,False,5,,,,,,,,,,
mp-aaacqpak,R3,ctp-hap:1,1e-05,6,False,5,,,,,,,,,,
mp-aaacqpak,GF,hartree_only,0.001,41,True,0,SZ3;tol_rel=2.15443e-06,U,,39.22935050103893,1096322.0,9.18262906810836e-07,9.182629001081972e-07,,0.0244506576957803,0.0
mp-aaacqpak,GF,hartree_only,0.0001,41,True,0,SZ3;tol_rel=2.15443e-06,U,,39.22935050103893,1096322.0,9.18262906810836e-07,9.182629001081972e-07,,0.0244506576957803,0.0
mp-aaacqpak,GF,hartree_only,1e-05,41,True,0,SZ3;tol_rel=2.15443e-06,U,,39.22935050103893,1096322.0,9.18262906810836e-07,9.182629001081972e-07,,0.0244506576957803,0.0
mp-aaacqpak,GF,none,0.001,41,True,1,SZ3;tol_rel=2.15443e-06,U,,39.22935050103893,1096322.0,9.18262906810836e-07,9.182629001081972e-07,3.999999999937387e-05,0.0244506576957803,0.0
mp-aaacqpak,GF,none,0.0001,41,True,1,SZ3;tol_rel=2.15443e-06,U,,39.22935050103893,1096322.0,9.18262906810836e-07,9.182629001081972e-07,3.999999999937387e-05,0.0244506576957803,0.0
mp-aaacqpak,GF,none,1e-05,41,True,3,ZFP;tol_rel=4.64159e-05,U,,32.01638934216325,1343312.0,7.598950854840492e-07,7.598950775142717e-07,9.000000000369823e-06,0.1236463606250026,0.0
mp-aaacqpak,GF,uniform,0.001,44,True,1,ZFP;tol_rel=0.000464159,uniform,,52.73535210853124,815544.0,9.45553940811127e-07,9.4555364516841e-07,0.0,0.8982894041562304,0.0002158068724679
mp-aaacqpak,GF,uniform,0.0001,44,True,1,ZFP;tol_rel=0.000464159,uniform,,52.73535210853124,815544.0,9.45553940811127e-07,9.4555364516841e-07,0.0,0.8982894041562304,0.0002158068724679
mp-aaacqpak,GF,uniform,1e-05,44,True,1,ZFP;tol_rel=0.000464159,uniform,,52.73535210853124,815544.0,9.45553940811127e-07,9.4555364516841e-07,0.0,0.8982894041562304,0.0002158068724679
mp-aaacqpak,GF,hap:0.0001,0.001,41,True,1,SZ3;tol_rel=2.15443e-06,hap:0.0001,,39.222767590875016,1096506.0,9.181394506430823e-07,9.181394439350736e-07,0.0,0.0282541000321145,0.000167805739321
mp-aaacqpak,GF,hap:0.0001,0.0001,41,True,1,SZ3;tol_rel=2.15443e-06,hap:0.0001,,39.222767590875016,1096506.0,9.181394506430823e-07,9.181394439350736e-07,0.0,0.0282541000321145,0.000167805739321
mp-aaacqpak,GF,hap:0.0001,1e-05,41,True,1,SZ3;tol_rel=2.15443e-06,hap:0.0001,,39.222767590875016,1096506.0,9.181394506430823e-07,9.181394439350736e-07,0.0,0.0282541000321145,0.000167805739321
mp-aaacqpak,GF,hap:0.01,0.001,42,True,1,SZ3;tol_rel=2.15443e-06,hap:0.01,,39.222767590875016,1096506.0,9.138693467121312e-07,9.138693399764666e-07,0.0,0.0261480605884969,0.000167805739321
mp-aaacqpak,GF,hap:0.01,0.0001,42,True,1,SZ3;tol_rel=2.15443e-06,hap:0.01,,39.222767590875016,1096506.0,9.138693467121312e-07,9.138693399764666e-07,0.0,0.0261480605884969,0.000167805739321
mp-aaacqpak,GF,hap:0.01,1e-05,42,True,1,SZ3;tol_rel=2.15443e-06,hap:0.01,,39.222767590875016,1096506.0,9.138693467121312e-07,9.138693399764666e-07,0.0,0.0261480605884969,0.000167805739321
mp-aaacqpak,GF,hap:1,0.001,43,True,1,SZ3;tol_rel=2.15443e-06,hap:1,,39.222767590875016,1096506.0,7.95906342394681e-07,7.959063346614984e-07,0.0,0.0253927159851059,0.000167805739321
mp-aaacqpak,GF,hap:1,0.0001,43,True,1,SZ3;tol_rel=2.15443e-06,hap:1,,39.222767590875016,1096506.0,7.95906342394681e-07,7.959063346614984e-07,0.0,0.0253927159851059,0.000167805739321
mp-aaacqpak,GF,hap:1,1e-05,43,True,1,SZ3;tol_rel=2.15443e-06,hap:1,,39.222767590875016,1096506.0,7.95906342394681e-07,7.959063346614984e-07,0.0,0.0253927159851059,0.000167805739321
mp-aaacqpak,GF,ctp-uniform,0.001,85,True,3,SZ3;tol_rel=2.15443e-06,U,unprojected,39.22931471838135,1096323.0,9.18262906810836e-07,9.182629001081972e-07,3.999999999937387e-05,0.0244506576957803,9.121399441587926e-07
mp-aaacqpak,GF,ctp-uniform,0.0001,85,True,3,SZ3;tol_rel=2.15443e-06,U,unprojected,39.22931471838135,1096323.0,9.18262906810836e-07,9.182629001081972e-07,3.999999999937387e-05,0.0244506576957803,9.121399441587926e-07
mp-aaacqpak,GF,ctp-uniform,1e-05,85,True,1,ZFP;tol_rel=0.000464159,uniform,projected,52.73528744581844,815545.0,9.45553940811127e-07,9.4555364516841e-07,0.0,0.8982894041562304,0.0002170327817594
mp-aaacqpak,GF,ctp-hap:0.0001,0.001,82,True,1,SZ3;tol_rel=2.15443e-06,U,unprojected,39.22931471838135,1096323.0,9.18262906810836e-07,9.182629001081972e-07,3.999999999937387e-05,0.0244506576957803,9.121399441587926e-07
mp-aaacqpak,GF,ctp-hap:0.0001,0.0001,82,True,1,SZ3;tol_rel=2.15443e-06,U,unprojected,39.22931471838135,1096323.0,9.18262906810836e-07,9.182629001081972e-07,3.999999999937387e-05,0.0244506576957803,9.121399441587926e-07
mp-aaacqpak,GF,ctp-hap:0.0001,1e-05,82,True,2,SZ3;tol_rel=2.15443e-06,hap:0.0001,projected,39.2227318202255,1096507.0,9.181394506430823e-07,9.181394439350736e-07,0.0,0.0282541000321145,0.0001687175731664
mp-aaacqpak,GF,ctp-hap:0.01,0.001,83,True,1,SZ3;tol_rel=2.15443e-06,U,unprojected,39.22931471838135,1096323.0,9.18262906810836e-07,9.182629001081972e-07,3.999999999937387e-05,0.0244506576957803,9.121399441587926e-07
mp-aaacqpak,GF,ctp-hap:0.01,0.0001,83,True,1,SZ3;tol_rel=2.15443e-06,U,unprojected,39.22931471838135,1096323.0,9.18262906810836e-07,9.182629001081972e-07,3.999999999937387e-05,0.0244506576957803,9.121399441587926e-07
mp-aaacqpak,GF,ctp-hap:0.01,1e-05,83,True,2,SZ3;tol_rel=2.15443e-06,hap:0.01,projected,39.2227318202255,1096507.0,9.138693467121312e-07,9.138693399764666e-07,0.0,0.0261480605884969,0.0001687175731664
mp-aaacqpak,GF,ctp-hap:1,0.001,84,True,1,SZ3;tol_rel=2.15443e-06,U,unprojected,39.22931471838135,1096323.0,9.18262906810836e-07,9.182629001081972e-07,3.999999999937387e-05,0.0244506576957803,9.121399441587926e-07
mp-aaacqpak,GF,ctp-hap:1,0.0001,84,True,1,SZ3;tol_rel=2.15443e-06,U,unprojected,39.22931471838135,1096323.0,9.18262906810836e-07,9.182629001081972e-07,3.999999999937387e-05,0.0244506576957803,9.121399441587926e-07
mp-aaacqpak,GF,ctp-hap:1,1e-05,84,True,2,SZ3;tol_rel=2.15443e-06,hap:1,projected,39.2227318202255,1096507.0,7.95906342394681e-07,7.959063346614984e-07,0.0,0.0253927159851059,0.0001687175731664
mp-aaacpfaw,J,hartree_only,0.001,19,True,0,alpha_rel=0.1,U,,837.1599036877456,39455.0,8.382533380311776e-07,8.382533206104713e-07,,5.225243093007521,0.0
mp-aaacpfaw,J,hartree_only,0.0001,19,True,0,alpha_rel=0.1,U,,837.1599036877456,39455.0,8.382533380311776e-07,8.382533206104713e-07,,5.225243093007521,0.0
mp-aaacpfaw,J,hartree_only,1e-05,19,True,0,alpha_rel=0.1,U,,837.1599036877456,39455.0,8.382533380311776e-07,8.382533206104713e-07,,5.225243093007521,0.0
mp-aaacpfaw,J,none,0.001,19,True,1,alpha_rel=0.1,U,,837.1599036877456,39455.0,8.382533380311776e-07,8.382533206104713e-07,8.900000000000574e-05,5.225243093007521,0.0
mp-aaacpfaw,J,none,0.0001,19,True,1,alpha_rel=0.1,U,,837.1599036877456,39455.0,8.382533380311776e-07,8.382533206104713e-07,8.900000000000574e-05,5.225243093007521,0.0
mp-aaacpfaw,J,none,1e-05,19,True,5,alpha_rel=0.00464159,U,,324.3942212313766,101821.0,7.303855902623177e-08,7.30383590909481e-08,4.999999999810711e-06,0.7687513331557057,0.0
mp-aaacpfaw,J,uniform,0.001,18,True,1,alpha_rel=0.0464159,uniform,,690.819316922176,47813.0,7.360102853928543e-07,7.360102655496877e-07,0.0,3.1467981600600297,0.0026770961872294
mp-aaacpfaw,J,uniform,0.0001,18,True,1,alpha_rel=0.0464159,uniform,,690.819316922176,47813.0,7.360102853928543e-07,7.360102655496877e-07,0.0,3.1467981600600297,0.0026770961872294
mp-aaacpfaw,J,uniform,1e-05,18,True,1,alpha_rel=0.0464159,uniform,,690.819316922176,47813.0,7.360102853928543e-07,7.360102655496877e-07,0.0,3.1467981600600297,0.0026770961872294
mp-aaacpfaw,J,hap:0.0001,0.001,19,True,1,alpha_rel=0.1,hap:0.0001,,834.284155489884,39591.0,8.389705945615286e-07,8.389705770957388e-07,0.0,5.225293052737925,0.0034351241443762
mp-aaacpfaw,J,hap:0.0001,0.0001,19,True,1,alpha_rel=0.1,hap:0.0001,,834.284155489884,39591.0,8.389705945615286e-07,8.389705770957388e-07,0.0,5.225293052737925,0.0034351241443762
mp-aaacpfaw,J,hap:0.0001,1e-05,19,True,1,alpha_rel=0.1,hap:0.0001,,834.284155489884,39591.0,8.389705945615286e-07,8.389705770957388e-07,0.0,5.225293052737925,0.0034351241443762
mp-aaacpfaw,J,hap:0.01,0.001,19,True,1,alpha_rel=0.1,hap:0.01,,834.284155489884,39591.0,8.584505913189225e-07,8.584505743050535e-07,0.0,5.2251064048646185,0.0034351241443762
mp-aaacpfaw,J,hap:0.01,0.0001,19,True,1,alpha_rel=0.1,hap:0.01,,834.284155489884,39591.0,8.584505913189225e-07,8.584505743050535e-07,0.0,5.2251064048646185,0.0034351241443762
mp-aaacpfaw,J,hap:0.01,1e-05,19,True,1,alpha_rel=0.1,hap:0.01,,834.284155489884,39591.0,8.584505913189225e-07,8.584505743050535e-07,0.0,5.2251064048646185,0.0034351241443762
mp-aaacpfaw,J,hap:1,0.001,18,True,1,alpha_rel=0.0464159,hap:1,,690.7037493987997,47821.0,5.627659856949002e-07,5.627659597430666e-07,0.0,3.146802525956332,0.0028439388553146
mp-aaacpfaw,J,hap:1,0.0001,18,True,1,alpha_rel=0.0464159,hap:1,,690.7037493987997,47821.0,5.627659856949002e-07,5.627659597430666e-07,0.0,3.146802525956332,0.0028439388553146
mp-aaacpfaw,J,hap:1,1e-05,18,True,1,alpha_rel=0.0464159,hap:1,,690.7037493987997,47821.0,5.627659856949002e-07,5.627659597430666e-07,0.0,3.146802525956332,0.0028439388553146
mp-aaacpfaw,J,ctp-uniform,0.001,37,True,1,alpha_rel=0.1,U,unprojected,837.1386861313869,39456.0,8.382533380311776e-07,8.382533206104713e-07,8.900000000000574e-05,5.225243093007521,2.534468775344688e-05
mp-aaacpfaw,J,ctp-uniform,0.0001,37,True,1,alpha_rel=0.1,U,unprojected,837.1386861313869,39456.0,8.382533380311776e-07,8.382533206104713e-07,8.900000000000574e-05,5.225243093007521,2.534468775344688e-05
mp-aaacpfaw,J,ctp-uniform,1e-05,37,True,3,alpha_rel=0.0464159,uniform,projected,690.8048688668591,47814.0,7.360102853928543e-07,7.360102655496877e-07,0.0,3.1467981600600297,0.0026979545739741
mp-aaacpfaw,J,ctp-hap:0.0001,0.001,38,True,1,alpha_rel=0.1,U,unprojected,837.1386861313869,39456.0,8.382533380311776e-07,8.382533206104713e-07,8.900000000000574e-05,5.225243093007521,2.534468775344688e-05
mp-aaacpfaw,J,ctp-hap:0.0001,0.0001,38,True,1,alpha_rel=0.1,U,unprojected,837.1386861313869,39456.0,8.382533380311776e-07,8.382533206104713e-07,8.900000000000574e-05,5.225243093007521,2.534468775344688e-05
mp-aaacpfaw,J,ctp-hap:0.0001,1e-05,38,True,2,alpha_rel=0.1,hap:0.0001,projected,834.2630834512023,39592.0,8.389705945615286e-07,8.389705770957388e-07,0.0,5.225293052737925,0.0034602950090927
mp-aaacpfaw,J,ctp-hap:0.01,0.001,38,True,1,alpha_rel=0.1,U,unprojected,837.1386861313869,39456.0,8.382533380311776e-07,8.382533206104713e-07,8.900000000000574e-05,5.225243093007521,2.534468775344688e-05
mp-aaacpfaw,J,ctp-hap:0.01,0.0001,38,True,1,alpha_rel=0.1,U,unprojected,837.1386861313869,39456.0,8.382533380311776e-07,8.382533206104713e-07,8.900000000000574e-05,5.225243093007521,2.534468775344688e-05
mp-aaacpfaw,J,ctp-hap:0.01,1e-05,38,True,2,alpha_rel=0.1,hap:0.01,projected,834.2630834512023,39592.0,8.584505913189225e-07,8.584505743050535e-07,0.0,5.2251064048646185,0.0034602950090927
mp-aaacpfaw,J,ctp-hap:1,0.001,37,True,1,alpha_rel=0.1,U,unprojected,837.1386861313869,39456.0,8.382533380311776e-07,8.382533206104713e-07,8.900000000000574e-05,5.225243093007521,2.534468775344688e-05
mp-aaacpfaw,J,ctp-hap:1,0.0001,37,True,1,alpha_rel=0.1,U,unprojected,837.1386861313869,39456.0,8.382533380311776e-07,8.382533206104713e-07,8.900000000000574e-05,5.225243093007521,2.534468775344688e-05
mp-aaacpfaw,J,ctp-hap:1,1e-05,37,True,3,alpha_rel=0.0464159,hap:1,projected,690.6893061770733,47822.0,5.627659856949002e-07,5.627659597430666e-07,0.0,3.146802525956332,0.0028647902638952
mp-aaacpfaw,T1,hartree_only,0.001,50,True,0,q_cut=0.2;alpha_rel=0.0001,U,,460.62649392667385,71707.0,7.288356927074973e-07,7.28835672671479e-07,,2.80003866700406,0.0
mp-aaacpfaw,T1,hartree_only,0.0001,50,True,0,q_cut=0.2;alpha_rel=0.0001,U,,460.62649392667385,71707.0,7.288356927074973e-07,7.28835672671479e-07,,2.80003866700406,0.0
mp-aaacpfaw,T1,hartree_only,1e-05,50,True,0,q_cut=0.2;alpha_rel=0.0001,U,,460.62649392667385,71707.0,7.288356927074973e-07,7.28835672671479e-07,,2.80003866700406,0.0
mp-aaacpfaw,T1,none,0.001,50,True,1,q_cut=0.2;alpha_rel=0.0001,U,,460.62649392667385,71707.0,7.288356927074973e-07,7.28835672671479e-07,3.499999999956316e-05,2.80003866700406,0.0
mp-aaacpfaw,T1,none,0.0001,50,True,1,q_cut=0.2;alpha_rel=0.0001,U,,460.62649392667385,71707.0,7.288356927074973e-07,7.28835672671479e-07,3.499999999956316e-05,2.80003866700406,0.0
mp-aaacpfaw,T1,none,1e-05,50,False,5,,,,,,,,,,
mp-aaacpfaw,T1,uniform,0.001,58,True,1,q_cut=0.3;alpha_rel=0.000464159,uniform,,538.2833675564682,61362.0,8.71057453335016e-07,8.710574365659928e-07,0.0,1.1943201690057776,0.0020859815521006
mp-aaacpfaw,T1,uniform,0.0001,58,True,1,q_cut=0.3;alpha_rel=0.000464159,uniform,,538.2833675564682,61362.0,8.71057453335016e-07,8.710574365659928e-07,0.0,1.1943201690057776,0.0020859815521006
mp-aaacpfaw,T1,uniform,1e-05,58,True,1,q_cut=0.3;alpha_rel=0.000464159,uniform,,538.2833675564682,61362.0,8.71057453335016e-07,8.710574365659928e-07,0.0,1.1943201690057776,0.0020859815521006
mp-aaacpfaw,T1,hap:0.0001,0.001,50,True,1,q_cut=0.2;alpha_rel=0.0001,hap:0.0001,,459.7545202733739,71843.0,7.290356894702619e-07,7.290356694047464e-07,0.0,2.799944882956084,0.0018930167170079
mp-aaacpfaw,T1,hap:0.0001,0.0001,50,True,1,q_cut=0.2;alpha_rel=0.0001,hap:0.0001,,459.7545202733739,71843.0,7.290356894702619e-07,7.290356694047464e-07,0.0,2.799944882956084,0.0018930167170079
mp-aaacpfaw,T1,hap:0.0001,1e-05,50,True,1,q_cut=0.2;alpha_rel=0.0001,hap:0.0001,,459.7545202733739,71843.0,7.290356894702619e-07,7.290356694047464e-07,0.0,2.799944882956084,0.0018930167170079
mp-aaacpfaw,T1,hap:0.01,0.001,50,True,1,q_cut=0.2;alpha_rel=0.0001,hap:0.01,,459.7545202733739,71843.0,7.364933661674588e-07,7.364933463334902e-07,0.0,2.8002457905226947,0.0018930167170079
mp-aaacpfaw,T1,hap:0.01,0.0001,50,True,1,q_cut=0.2;alpha_rel=0.0001,hap:0.01,,459.7545202733739,71843.0,7.364933661674588e-07,7.364933463334902e-07,0.0,2.8002457905226947,0.0018930167170079
mp-aaacpfaw,T1,hap:0.01,1e-05,50,True,1,q_cut=0.2;alpha_rel=0.0001,hap:0.01,,459.7545202733739,71843.0,7.364933661674588e-07,7.364933463334902e-07,0.0,2.8002457905226947,0.0018930167170079
mp-aaacpfaw,T1,hap:1,0.001,54,True,1,q_cut=0.2;alpha_rel=0.0001,hap:1,,459.7545202733739,71843.0,8.532732131726307e-07,8.532731960564831e-07,0.0,2.800235669285371,0.0018930167170079
mp-aaacpfaw,T1,hap:1,0.0001,54,True,1,q_cut=0.2;alpha_rel=0.0001,hap:1,,459.7545202733739,71843.0,8.532732131726307e-07,8.532731960564831e-07,0.0,2.800235669285371,0.0018930167170079
mp-aaacpfaw,T1,hap:1,1e-05,54,True,1,q_cut=0.2;alpha_rel=0.0001,hap:1,,459.7545202733739,71843.0,8.532732131726307e-07,8.532731960564831e-07,0.0,2.800235669285371,0.0018930167170079
mp-aaacpfaw,T1,ctp-uniform,0.001,108,True,5,q_cut=0.2;alpha_rel=0.0001,U,unprojected,460.6200702850449,71708.0,7.288356927074973e-07,7.28835672671479e-07,3.499999999956316e-05,2.80003866700406,1.3945445417526636e-05
mp-aaacpfaw,T1,ctp-uniform,0.0001,108,True,5,q_cut=0.2;alpha_rel=0.0001,U,unprojected,460.6200702850449,71708.0,7.288356927074973e-07,7.28835672671479e-07,3.499999999956316e-05,2.80003866700406,1.3945445417526636e-05
mp-aaacpfaw,T1,ctp-uniform,1e-05,108,True,1,q_cut=0.3;alpha_rel=0.000464159,uniform,projected,538.274595440249,61363.0,8.71057453335016e-07,8.710574365659928e-07,0.0,1.1943201690057776,0.0021022440232713
mp-aaacpfaw,T1,ctp-hap:0.0001,0.001,100,True,1,q_cut=0.2;alpha_rel=0.0001,U,unprojected,460.6200702850449,71708.0,7.288356927074973e-07,7.28835672671479e-07,3.499999999956316e-05,2.80003866700406,1.3945445417526636e-05
mp-aaacpfaw,T1,ctp-hap:0.0001,0.0001,100,True,1,q_cut=0.2;alpha_rel=0.0001,U,unprojected,460.6200702850449,71708.0,7.288356927074973e-07,7.28835672671479e-07,3.499999999956316e-05,2.80003866700406,1.3945445417526636e-05
mp-aaacpfaw,T1,ctp-hap:0.0001,1e-05,100,True,2,q_cut=0.2;alpha_rel=0.0001,hap:0.0001,projected,459.7481209286788,71844.0,7.290356894702619e-07,7.290356694047464e-07,0.0,2.799944882956084,0.0019069094148432
mp-aaacpfaw,T1,ctp-hap:0.01,0.001,100,True,1,q_cut=0.2;alpha_rel=0.0001,U,unprojected,460.6200702850449,71708.0,7.288356927074973e-07,7.28835672671479e-07,3.499999999956316e-05,2.80003866700406,1.3945445417526636e-05
mp-aaacpfaw,T1,ctp-hap:0.01,0.0001,100,True,1,q_cut=0.2;alpha_rel=0.0001,U,unprojected,460.6200702850449,71708.0,7.288356927074973e-07,7.28835672671479e-07,3.499999999956316e-05,2.80003866700406,1.3945445417526636e-05
mp-aaacpfaw,T1,ctp-hap:0.01,1e-05,100,True,2,q_cut=0.2;alpha_rel=0.0001,hap:0.01,projected,459.7481209286788,71844.0,7.364933661674588e-07,7.364933463334902e-07,0.0,2.8002457905226947,0.0019069094148432
mp-aaacpfaw,T1,ctp-hap:1,0.001,104,True,1,q_cut=0.2;alpha_rel=0.0001,U,unprojected,460.6200702850449,71708.0,7.288356927074973e-07,7.28835672671479e-07,3.499999999956316e-05,2.80003866700406,1.3945445417526636e-05
mp-aaacpfaw,T1,ctp-hap:1,0.0001,104,True,1,q_cut=0.2;alpha_rel=0.0001,U,unprojected,460.6200702850449,71708.0,7.288356927074973e-07,7.28835672671479e-07,3.499999999956316e-05,2.80003866700406,1.3945445417526636e-05
mp-aaacpfaw,T1,ctp-hap:1,1e-05,104,True,2,q_cut=0.2;alpha_rel=0.0001,hap:1,projected,459.7481209286788,71844.0,8.532732131726307e-07,8.532731960564831e-07,0.0,2.800235669285371,0.0019069094148432
mp-aaacpfaw,GP,hartree_only,0.001,0,False,0,,,,,,,,,,
mp-aaacpfaw,GP,hartree_only,0.0001,0,False,0,,,,,,,,,,
mp-aaacpfaw,GP,hartree_only,1e-05,0,False,0,,,,,,,,,,
mp-aaacpfaw,GP,none,0.001,0,False,0,,,,,,,,,,
mp-aaacpfaw,GP,none,0.0001,0,False,0,,,,,,,,,,
mp-aaacpfaw,GP,none,1e-05,0,False,0,,,,,,,,,,
mp-aaacpfaw,GP,uniform,0.001,0,False,0,,,,,,,,,,
mp-aaacpfaw,GP,uniform,0.0001,0,False,0,,,,,,,,,,
mp-aaacpfaw,GP,uniform,1e-05,0,False,0,,,,,,,,,,
mp-aaacpfaw,GP,hap:0.0001,0.001,0,False,0,,,,,,,,,,
mp-aaacpfaw,GP,hap:0.0001,0.0001,0,False,0,,,,,,,,,,
mp-aaacpfaw,GP,hap:0.0001,1e-05,0,False,0,,,,,,,,,,
mp-aaacpfaw,GP,hap:0.01,0.001,0,False,0,,,,,,,,,,
mp-aaacpfaw,GP,hap:0.01,0.0001,0,False,0,,,,,,,,,,
mp-aaacpfaw,GP,hap:0.01,1e-05,0,False,0,,,,,,,,,,
mp-aaacpfaw,GP,hap:1,0.001,0,False,0,,,,,,,,,,
mp-aaacpfaw,GP,hap:1,0.0001,0,False,0,,,,,,,,,,
mp-aaacpfaw,GP,hap:1,1e-05,0,False,0,,,,,,,,,,
mp-aaacpfaw,GP,ctp-uniform,0.001,0,False,0,,,,,,,,,,
mp-aaacpfaw,GP,ctp-uniform,0.0001,0,False,0,,,,,,,,,,
mp-aaacpfaw,GP,ctp-uniform,1e-05,0,False,0,,,,,,,,,,
mp-aaacpfaw,GP,ctp-hap:0.0001,0.001,0,False,0,,,,,,,,,,
mp-aaacpfaw,GP,ctp-hap:0.0001,0.0001,0,False,0,,,,,,,,,,
mp-aaacpfaw,GP,ctp-hap:0.0001,1e-05,0,False,0,,,,,,,,,,
mp-aaacpfaw,GP,ctp-hap:0.01,0.001,0,False,0,,,,,,,,,,
mp-aaacpfaw,GP,ctp-hap:0.01,0.0001,0,False,0,,,,,,,,,,
mp-aaacpfaw,GP,ctp-hap:0.01,1e-05,0,False,0,,,,,,,,,,
mp-aaacpfaw,GP,ctp-hap:1,0.001,0,False,0,,,,,,,,,,
mp-aaacpfaw,GP,ctp-hap:1,0.0001,0,False,0,,,,,,,,,,
mp-aaacpfaw,GP,ctp-hap:1,1e-05,0,False,0,,,,,,,,,,
mp-aaacpfaw,R3,hartree_only,0.001,6,True,0,tau=1e-06;k=0;margin=0.995,U,,1086.6251274796855,30397.0,9.90554910584281e-07,9.90554895842075e-07,,10.448361646395597,0.0
mp-aaacpfaw,R3,hartree_only,0.0001,6,True,0,tau=1e-06;k=0;margin=0.995,U,,1086.6251274796855,30397.0,9.90554910584281e-07,9.90554895842075e-07,,10.448361646395597,0.0
mp-aaacpfaw,R3,hartree_only,1e-05,6,True,0,tau=1e-06;k=0;margin=0.995,U,,1086.6251274796855,30397.0,9.90554910584281e-07,9.90554895842075e-07,,10.448361646395597,0.0
mp-aaacpfaw,R3,none,0.001,6,True,1,tau=1e-06;k=0;margin=0.995,U,,1086.6251274796855,30397.0,9.90554910584281e-07,9.90554895842075e-07,0.0001610000000002,10.448361646395597,0.0
mp-aaacpfaw,R3,none,0.0001,6,False,5,,,,,,,,,,
mp-aaacpfaw,R3,none,1e-05,6,False,5,,,,,,,,,,
mp-aaacpfaw,R3,uniform,0.001,0,False,0,,,,,,,,,,
mp-aaacpfaw,R3,uniform,0.0001,0,False,0,,,,,,,,,,
mp-aaacpfaw,R3,uniform,1e-05,0,False,0,,,,,,,,,,
mp-aaacpfaw,R3,hap:0.0001,0.001,6,True,1,tau=1e-06;k=0;margin=0.995,hap:0.0001,,1081.7850849900108,30533.0,9.92092268846157e-07,9.92092253844842e-07,0.0,10.447953501493204,0.0044541970982215
mp-aaacpfaw,R3,hap:0.0001,0.0001,6,True,1,tau=1e-06;k=0;margin=0.995,hap:0.0001,,1081.7850849900108,30533.0,9.92092268846157e-07,9.92092253844842e-07,0.0,10.447953501493204,0.0044541970982215
mp-aaacpfaw,R3,hap:0.0001,1e-05,6,True,1,tau=1e-06;k=0;margin=0.995,hap:0.0001,,1081.7850849900108,30533.0,9.92092268846157e-07,9.92092253844842e-07,0.0,10.447953501493204,0.0044541970982215
mp-aaacpfaw,R3,hap:0.01,0.001,0,False,0,,,,,,,,,,
mp-aaacpfaw,R3,hap:0.01,0.0001,0,False,0,,,,,,,,,,
mp-aaacpfaw,R3,hap:0.01,1e-05,0,False,0,,,,,,,,,,
mp-aaacpfaw,R3,hap:1,0.001,0,False,0,,,,,,,,,,
mp-aaacpfaw,R3,hap:1,0.0001,0,False,0,,,,,,,,,,
mp-aaacpfaw,R3,hap:1,1e-05,0,False,0,,,,,,,,,,
mp-aaacpfaw,R3,ctp-uniform,0.001,6,True,1,tau=1e-06;k=0;margin=0.995,U,unprojected,1086.5893808803212,30398.0,9.90554910584281e-07,9.90554895842075e-07,0.0001610000000002,10.448361646395597,3.2896901111915254e-05
mp-aaacpfaw,R3,ctp-uniform,0.0001,6,False,5,,,,,,,,,,
mp-aaacpfaw,R3,ctp-uniform,1e-05,6,False,5,,,,,,,,,,
mp-aaacpfaw,R3,ctp-hap:0.0001,0.001,12,True,1,tau=1e-06;k=0;margin=0.995,U,unprojected,1086.5893808803212,30398.0,9.90554910584281e-07,9.90554895842075e-07,0.0001610000000002,10.448361646395597,3.2896901111915254e-05
mp-aaacpfaw,R3,ctp-hap:0.0001,0.0001,12,True,5,tau=1e-06;k=0;margin=0.995,hap:0.0001,projected,1081.7496561210453,30534.0,9.92092268846157e-07,9.92092253844842e-07,0.0,10.447953501493204,0.0044868015982183
mp-aaacpfaw,R3,ctp-hap:0.0001,1e-05,12,True,5,tau=1e-06;k=0;margin=0.995,hap:0.0001,projected,1081.7496561210453,30534.0,9.92092268846157e-07,9.92092253844842e-07,0.0,10.447953501493204,0.0044868015982183
mp-aaacpfaw,R3,ctp-hap:0.01,0.001,6,True,1,tau=1e-06;k=0;margin=0.995,U,unprojected,1086.5893808803212,30398.0,9.90554910584281e-07,9.90554895842075e-07,0.0001610000000002,10.448361646395597,3.2896901111915254e-05
mp-aaacpfaw,R3,ctp-hap:0.01,0.0001,6,False,5,,,,,,,,,,
mp-aaacpfaw,R3,ctp-hap:0.01,1e-05,6,False,5,,,,,,,,,,
mp-aaacpfaw,R3,ctp-hap:1,0.001,6,True,1,tau=1e-06;k=0;margin=0.995,U,unprojected,1086.5893808803212,30398.0,9.90554910584281e-07,9.90554895842075e-07,0.0001610000000002,10.448361646395597,3.2896901111915254e-05
mp-aaacpfaw,R3,ctp-hap:1,0.0001,6,False,5,,,,,,,,,,
mp-aaacpfaw,R3,ctp-hap:1,1e-05,6,False,5,,,,,,,,,,
mp-aaacpfaw,GF,hartree_only,0.001,45,True,0,ZFP;tol_rel=0.001,U,,52.81645602005833,625376.0,6.262269543723623e-07,6.262265502911307e-07,,0.4010662437500514,0.0
mp-aaacpfaw,GF,hartree_only,0.0001,45,True,0,ZFP;tol_rel=0.001,U,,52.81645602005833,625376.0,6.262269543723623e-07,6.262265502911307e-07,,0.4010662437500514,0.0
mp-aaacpfaw,GF,hartree_only,1e-05,45,True,0,ZFP;tol_rel=0.001,U,,52.81645602005833,625376.0,6.262269543723623e-07,6.262265502911307e-07,,0.4010662437500514,0.0
mp-aaacpfaw,GF,none,0.001,45,True,1,ZFP;tol_rel=0.001,U,,52.81645602005833,625376.0,6.262269543723623e-07,6.262265502911307e-07,3.2000000000032e-05,0.4010662437500514,0.0
mp-aaacpfaw,GF,none,0.0001,45,True,1,ZFP;tol_rel=0.001,U,,52.81645602005833,625376.0,6.262269543723623e-07,6.262265502911307e-07,3.2000000000032e-05,0.4010662437500514,0.0
mp-aaacpfaw,GF,none,1e-05,45,True,3,ZFP;tol_rel=0.000215443,U,,32.50665679891035,1016104.0,3.998273172947006e-07,3.998273033406018e-07,4.999999999810711e-06,0.0652893370312313,0.0
mp-aaacpfaw,GF,uniform,0.001,46,True,1,ZFP;tol_rel=0.000464159,uniform,,44.49295228242597,742368.0,4.368600173203153e-07,4.3685984865943435e-07,0.0,0.2259610539933305,0.0001724212250528
mp-aaacpfaw,GF,uniform,0.0001,46,True,1,ZFP;tol_rel=0.000464159,uniform,,44.49295228242597,742368.0,4.368600173203153e-07,4.3685984865943435e-07,0.0,0.2259610539933305,0.0001724212250528
mp-aaacpfaw,GF,uniform,1e-05,46,True,1,ZFP;tol_rel=0.000464159,uniform,,44.49295228242597,742368.0,4.368600173203153e-07,4.3685984865943435e-07,0.0,0.2259610539933305,0.0001724212250528
mp-aaacpfaw,GF,hap:0.0001,0.001,45,True,1,ZFP;tol_rel=0.001,hap:0.0001,,52.804972566473545,625512.0,6.236113742620005e-07,6.2361096844475e-07,0.0,0.4013764201398544,0.0002174218879893
mp-aaacpfaw,GF,hap:0.0001,0.0001,45,True,1,ZFP;tol_rel=0.001,hap:0.0001,,52.804972566473545,625512.0,6.236113742620005e-07,6.2361096844475e-07,0.0,0.4013764201398544,0.0002174218879893
mp-aaacpfaw,GF,hap:0.0001,1e-05,45,True,1,ZFP;tol_rel=0.001,hap:0.0001,,52.804972566473545,625512.0,6.236113742620005e-07,6.2361096844475e-07,0.0,0.4013764201398544,0.0002174218879893
mp-aaacpfaw,GF,hap:0.01,0.001,45,True,1,ZFP;tol_rel=0.001,hap:0.01,,52.804972566473545,625512.0,5.943781018273716e-07,5.943776760925256e-07,0.0,0.4003048378983749,0.0002174218879893
mp-aaacpfaw,GF,hap:0.01,0.0001,45,True,1,ZFP;tol_rel=0.001,hap:0.01,,52.804972566473545,625512.0,5.943781018273716e-07,5.943776760925256e-07,0.0,0.4003048378983749,0.0002174218879893
mp-aaacpfaw,GF,hap:0.01,1e-05,45,True,1,ZFP;tol_rel=0.001,hap:0.01,,52.804972566473545,625512.0,5.943781018273716e-07,5.943776760925256e-07,0.0,0.4003048378983749,0.0002174218879893
mp-aaacpfaw,GF,hap:1,0.001,45,True,1,ZFP;tol_rel=0.000464159,hap:1,,44.49247281700917,742376.0,4.537900088754931e-07,4.537898465072202e-07,0.0,0.2259785664862192,0.0001831955774432
mp-aaacpfaw,GF,hap:1,0.0001,45,True,1,ZFP;tol_rel=0.000464159,hap:1,,44.49247281700917,742376.0,4.537900088754931e-07,4.537898465072202e-07,0.0,0.2259785664862192,0.0001831955774432
mp-aaacpfaw,GF,hap:1,1e-05,45,True,1,ZFP;tol_rel=0.000464159,hap:1,,44.49247281700917,742376.0,4.537900088754931e-07,4.537898465072202e-07,0.0,0.2259785664862192,0.0001831955774432
mp-aaacpfaw,GF,ctp-uniform,0.001,91,True,1,ZFP;tol_rel=0.001,U,unprojected,52.81637156467219,625377.0,6.262269543723623e-07,6.262265502911307e-07,3.2000000000032e-05,0.4010662437500514,1.5990354618094366e-06
mp-aaacpfaw,GF,ctp-uniform,0.0001,91,True,1,ZFP;tol_rel=0.001,U,unprojected,52.81637156467219,625377.0,6.262269543723623e-07,6.262265502911307e-07,3.2000000000032e-05,0.4010662437500514,1.5990354618094366e-06
mp-aaacpfaw,GF,ctp-uniform,1e-05,91,True,3,ZFP;tol_rel=0.000464159,uniform,projected,44.49289234868374,742369.0,4.368600173203153e-07,4.3685984865943435e-07,0.0,0.2259610539933305,0.0001737680318008
mp-aaacpfaw,GF,ctp-hap:0.0001,0.001,90,True,1,ZFP;tol_rel=0.001,U,unprojected,52.81637156467219,625377.0,6.262269543723623e-07,6.262265502911307e-07,3.2000000000032e-05,0.4010662437500514,1.5990354618094366e-06
mp-aaacpfaw,GF,ctp-hap:0.0001,0.0001,90,True,1,ZFP;tol_rel=0.001,U,unprojected,52.81637156467219,625377.0,6.262269543723623e-07,6.262265502911307e-07,3.2000000000032e-05,0.4010662437500514,1.5990354618094366e-06
mp-aaacpfaw,GF,ctp-hap:0.0001,1e-05,90,True,2,ZFP;tol_rel=0.001,hap:0.0001,projected,52.80488814780828,625513.0,6.236113742620005e-07,6.2361096844475e-07,0.0,0.4013764201398544,0.0002190202281966
mp-aaacpfaw,GF,ctp-hap:0.01,0.001,90,True,1,ZFP;tol_rel=0.001,U,unprojected,52.81637156467219,625377.0,6.262269543723623e-07,6.262265502911307e-07,3.2000000000032e-05,0.4010662437500514,1.5990354618094366e-06
mp-aaacpfaw,GF,ctp-hap:0.01,0.0001,90,True,1,ZFP;tol_rel=0.001,U,unprojected,52.81637156467219,625377.0,6.262269543723623e-07,6.262265502911307e-07,3.2000000000032e-05,0.4010662437500514,1.5990354618094366e-06
mp-aaacpfaw,GF,ctp-hap:0.01,1e-05,90,True,2,ZFP;tol_rel=0.001,hap:0.01,projected,52.80488814780828,625513.0,5.943781018273716e-07,5.943776760925256e-07,0.0,0.4003048378983749,0.0002190202281966
mp-aaacpfaw,GF,ctp-hap:1,0.001,90,True,1,ZFP;tol_rel=0.001,U,unprojected,52.81637156467219,625377.0,6.262269543723623e-07,6.262265502911307e-07,3.2000000000032e-05,0.4010662437500514,1.5990354618094366e-06
mp-aaacpfaw,GF,ctp-hap:1,0.0001,90,True,1,ZFP;tol_rel=0.001,U,unprojected,52.81637156467219,625377.0,6.262269543723623e-07,6.262265502911307e-07,3.2000000000032e-05,0.4010662437500514,1.5990354618094366e-06
mp-aaacpfaw,GF,ctp-hap:1,1e-05,90,True,3,ZFP;tol_rel=0.000464159,hap:1,projected,44.492412884558654,742377.0,4.537900088754931e-07,4.537898465072202e-07,0.0,0.2259785664862192,0.0001845423551645
mp-aaadbngd,J,hartree_only,0.001,17,True,0,alpha_rel=0.0215443,U,,422.13975227856974,68464.0,6.881335609807587e-07,6.881332000766032e-07,,18.61994590898212,0.0
mp-aaadbngd,J,hartree_only,0.0001,17,True,0,alpha_rel=0.0215443,U,,422.13975227856974,68464.0,6.881335609807587e-07,6.881332000766032e-07,,18.61994590898212,0.0
mp-aaadbngd,J,hartree_only,1e-05,17,True,0,alpha_rel=0.0215443,U,,422.13975227856974,68464.0,6.881335609807587e-07,6.881332000766032e-07,,18.61994590898212,0.0
mp-aaadbngd,J,none,0.001,17,True,1,alpha_rel=0.0215443,U,,422.13975227856974,68464.0,6.881335609807587e-07,6.881332000766032e-07,7.100000000015427e-05,18.61994590898212,0.0
mp-aaadbngd,J,none,0.0001,17,True,1,alpha_rel=0.0215443,U,,422.13975227856974,68464.0,6.881335609807587e-07,6.881332000766032e-07,7.100000000015427e-05,18.61994590898212,0.0
mp-aaadbngd,J,none,1e-05,17,False,5,,,,,,,,,,
mp-aaadbngd,J,uniform,0.001,17,True,1,alpha_rel=0.0215443,uniform,,420.37142192227134,68752.0,7.498310136944831e-07,7.498306826430765e-07,0.0,18.623130326295723,0.0041889690481731
mp-aaadbngd,J,uniform,0.0001,17,True,1,alpha_rel=0.0215443,uniform,,420.37142192227134,68752.0,7.498310136944831e-07,7.498306826430765e-07,0.0,18.623130326295723,0.0041889690481731
mp-aaadbngd,J,uniform,1e-05,17,True,1,alpha_rel=0.0215443,uniform,,420.37142192227134,68752.0,7.498310136944831e-07,7.498306826430765e-07,0.0,18.623130326295723,0.0041889690481731
mp-aaadbngd,J,hap:0.0001,0.001,17,True,1,alpha_rel=0.0215443,hap:0.0001,,420.3225130890052,68760.0,6.882414589924638e-07,6.882410987066598e-07,0.0,18.618828092901825,0.004304828388598
mp-aaadbngd,J,hap:0.0001,0.0001,17,True,1,alpha_rel=0.0215443,hap:0.0001,,420.3225130890052,68760.0,6.882414589924638e-07,6.882410987066598e-07,0.0,18.618828092901825,0.004304828388598
mp-aaadbngd,J,hap:0.0001,1e-05,17,True,1,alpha_rel=0.0215443,hap:0.0001,,420.3225130890052,68760.0,6.882414589924638e-07,6.882410987066598e-07,0.0,18.618828092901825,0.004304828388598
mp-aaadbngd,J,hap:0.01,0.001,17,True,1,alpha_rel=0.0215443,hap:0.01,,420.3225130890052,68760.0,6.964771846060446e-07,6.964768282451847e-07,0.0,18.6222994760592,0.004304828388598
mp-aaadbngd,J,hap:0.01,0.0001,17,True,1,alpha_rel=0.0215443,hap:0.01,,420.3225130890052,68760.0,6.964771846060446e-07,6.964768282451847e-07,0.0,18.6222994760592,0.004304828388598
mp-aaadbngd,J,hap:0.01,1e-05,17,True,1,alpha_rel=0.0215443,hap:0.01,,420.3225130890052,68760.0,6.964771846060446e-07,6.964768282451847e-07,0.0,18.6222994760592,0.004304828388598
mp-aaadbngd,J,hap:1,0.001,17,True,1,alpha_rel=0.0215443,hap:1,,420.3225130890052,68760.0,7.335110725474742e-07,7.335107341307582e-07,0.0,18.623138562044915,0.004304828388598
mp-aaadbngd,J,hap:1,0.0001,17,True,1,alpha_rel=0.0215443,hap:1,,420.3225130890052,68760.0,7.335110725474742e-07,7.335107341307582e-07,0.0,18.623138562044915,0.004304828388598
mp-aaadbngd,J,hap:1,1e-05,17,True,1,alpha_rel=0.0215443,hap:1,,420.3225130890052,68760.0,7.335110725474742e-07,7.335107341307582e-07,0.0,18.623138562044915,0.004304828388598
mp-aaadbngd,J,ctp-uniform,0.001,34,True,1,alpha_rel=0.0215443,U,unprojected,422.13358650405314,68465.0,6.881335609807587e-07,6.881332000766032e-07,7.100000000015427e-05,18.61994590898212,1.4606003067260644e-05
mp-aaadbngd,J,ctp-uniform,0.0001,34,True,1,alpha_rel=0.0215443,U,unprojected,422.13358650405314,68465.0,6.881335609807587e-07,6.881332000766032e-07,7.100000000015427e-05,18.61994590898212,1.4606003067260644e-05
mp-aaadbngd,J,ctp-uniform,1e-05,34,True,2,alpha_rel=0.0215443,uniform,projected,420.36530769566417,68753.0,7.498310136944831e-07,7.498306826430765e-07,0.0,18.623130326295723,0.0042034529402353
mp-aaadbngd,J,ctp-hap:0.0001,0.001,34,True,1,alpha_rel=0.0215443,U,unprojected,422.13358650405314,68465.0,6.881335609807587e-07,6.881332000766032e-07,7.100000000015427e-05,18.61994590898212,1.4606003067260644e-05
mp-aaadbngd,J,ctp-hap:0.0001,0.0001,34,True,1,alpha_rel=0.0215443,U,unprojected,422.13358650405314,68465.0,6.881335609807587e-07,6.881332000766032e-07,7.100000000015427e-05,18.61994590898212,1.4606003067260644e-05
mp-aaadbngd,J,ctp-hap:0.0001,1e-05,34,True,2,alpha_rel=0.0215443,hap:0.0001,projected,420.3164002850453,68761.0,6.882414589924638e-07,6.882410987066598e-07,0.0,18.618828092901825,0.0043193089105743
mp-aaadbngd,J,ctp-hap:0.01,0.001,34,True,1,alpha_rel=0.0215443,U,unprojected,422.13358650405314,68465.0,6.881335609807587e-07,6.881332000766032e-07,7.100000000015427e-05,18.61994590898212,1.4606003067260644e-05
mp-aaadbngd,J,ctp-hap:0.01,0.0001,34,True,1,alpha_rel=0.0215443,U,unprojected,422.13358650405314,68465.0,6.881335609807587e-07,6.881332000766032e-07,7.100000000015427e-05,18.61994590898212,1.4606003067260644e-05
mp-aaadbngd,J,ctp-hap:0.01,1e-05,34,True,2,alpha_rel=0.0215443,hap:0.01,projected,420.3164002850453,68761.0,6.964771846060446e-07,6.964768282451847e-07,0.0,18.6222994760592,0.0043193089105743
mp-aaadbngd,J,ctp-hap:1,0.001,34,True,1,alpha_rel=0.0215443,U,unprojected,422.13358650405314,68465.0,6.881335609807587e-07,6.881332000766032e-07,7.100000000015427e-05,18.61994590898212,1.4606003067260644e-05
mp-aaadbngd,J,ctp-hap:1,0.0001,34,True,1,alpha_rel=0.0215443,U,unprojected,422.13358650405314,68465.0,6.881335609807587e-07,6.881332000766032e-07,7.100000000015427e-05,18.61994590898212,1.4606003067260644e-05
mp-aaadbngd,J,ctp-hap:1,1e-05,34,True,2,alpha_rel=0.0215443,hap:1,projected,420.3164002850453,68761.0,7.335110725474742e-07,7.335107341307582e-07,0.0,18.623138562044915,0.0043193089105743
mp-aaadbngd,T1,hartree_only,0.001,40,True,0,q_cut=0.3;alpha_rel=0.0001,U,,237.06169052208503,121915.0,8.834118970937952e-07,8.83411615967588e-07,,5.598918264895474,0.0
mp-aaadbngd,T1,hartree_only,0.0001,40,True,0,q_cut=0.3;alpha_rel=0.0001,U,,237.06169052208503,121915.0,8.834118970937952e-07,8.83411615967588e-07,,5.598918264895474,0.0
mp-aaadbngd,T1,hartree_only,1e-05,40,True,0,q_cut=0.3;alpha_rel=0.0001,U,,237.06169052208503,121915.0,8.834118970937952e-07,8.83411615967588e-07,,5.598918264895474,0.0
mp-aaadbngd,T1,none,0.001,40,True,1,q_cut=0.3;alpha_rel=0.0001,U,,237.06169052208503,121915.0,8.834118970937952e-07,8.83411615967588e-07,7.00000000000145e-05,5.598918264895474,0.0
mp-aaadbngd,T1,none,0.0001,40,True,1,q_cut=0.3;alpha_rel=0.0001,U,,237.06169052208503,121915.0,8.834118970937952e-07,8.83411615967588e-07,7.00000000000145e-05,5.598918264895474,0.0
mp-aaadbngd,T1,none,1e-05,40,False,5,,,,,,,,,,
mp-aaadbngd,T1,uniform,0.001,40,True,1,q_cut=0.3;alpha_rel=0.0001,uniform,,236.50299910804156,122203.0,8.306082833653333e-07,8.306079845036478e-07,0.0,5.599473377589675,0.0023567342863923
mp-aaadbngd,T1,uniform,0.0001,40,True,1,q_cut=0.3;alpha_rel=0.0001,uniform,,236.50299910804156,122203.0,8.306082833653333e-07,8.306079845036478e-07,0.0,5.599473377589675,0.0023567342863923
mp-aaadbngd,T1,uniform,1e-05,40,True,1,q_cut=0.3;alpha_rel=0.0001,uniform,,236.50299910804156,122203.0,8.306082833653333e-07,8.306079845036478e-07,0.0,5.599473377589675,0.0023567342863923
mp-aaadbngd,T1,hap:0.0001,0.001,40,True,1,q_cut=0.3;alpha_rel=0.0001,hap:0.0001,,236.48751749024228,122211.0,8.826888090156381e-07,8.82688528072463e-07,0.0,5.598945717585593,0.0024220405691795
mp-aaadbngd,T1,hap:0.0001,0.0001,40,True,1,q_cut=0.3;alpha_rel=0.0001,hap:0.0001,,236.48751749024228,122211.0,8.826888090156381e-07,8.82688528072463e-07,0.0,5.598945717585593,0.0024220405691795
mp-aaadbngd,T1,hap:0.0001,1e-05,40,True,1,q_cut=0.3;alpha_rel=0.0001,hap:0.0001,,236.48751749024228,122211.0,8.826888090156381e-07,8.82688528072463e-07,0.0,5.598945717585593,0.0024220405691795
mp-aaadbngd,T1,hap:0.01,0.001,40,True,1,q_cut=0.3;alpha_rel=0.0001,hap:0.01,,236.48751749024228,122211.0,8.703961960563754e-07,8.703959108968848e-07,0.0,5.599065097327184,0.0024220405691795
mp-aaadbngd,T1,hap:0.01,0.0001,40,True,1,q_cut=0.3;alpha_rel=0.0001,hap:0.01,,236.48751749024228,122211.0,8.703961960563754e-07,8.703959108968848e-07,0.0,5.599065097327184,0.0024220405691795
mp-aaadbngd,T1,hap:0.01,1e-05,40,True,1,q_cut=0.3;alpha_rel=0.0001,hap:0.01,,236.48751749024228,122211.0,8.703961960563754e-07,8.703959108968848e-07,0.0,5.599065097327184,0.0024220405691795
mp-aaadbngd,T1,hap:1,0.001,40,True,1,q_cut=0.3;alpha_rel=0.0001,hap:1,,236.48751749024228,122211.0,8.450576526484107e-07,8.45057358897554e-07,0.0,5.599461989411793,0.0024220405691795
mp-aaadbngd,T1,hap:1,0.0001,40,True,1,q_cut=0.3;alpha_rel=0.0001,hap:1,,236.48751749024228,122211.0,8.450576526484107e-07,8.45057358897554e-07,0.0,5.599461989411793,0.0024220405691795
mp-aaadbngd,T1,hap:1,1e-05,40,True,1,q_cut=0.3;alpha_rel=0.0001,hap:1,,236.48751749024228,122211.0,8.450576526484107e-07,8.45057358897554e-07,0.0,5.599461989411793,0.0024220405691795
mp-aaadbngd,T1,ctp-uniform,0.001,80,True,1,q_cut=0.3;alpha_rel=0.0001,U,unprojected,237.0597460546606,121916.0,8.834118970937952e-07,8.83411615967588e-07,7.00000000000145e-05,5.598918264895474,8.202368844122183e-06
mp-aaadbngd,T1,ctp-uniform,0.0001,80,True,1,q_cut=0.3;alpha_rel=0.0001,U,unprojected,237.0597460546606,121916.0,8.834118970937952e-07,8.83411615967588e-07,7.00000000000145e-05,5.598918264895474,8.202368844122183e-06
mp-aaadbngd,T1,ctp-uniform,1e-05,80,True,2,q_cut=0.3;alpha_rel=0.0001,uniform,projected,236.5010637949658,122204.0,8.306082833653333e-07,8.306079845036478e-07,0.0,5.599473377589675,0.002364898039344
mp-aaadbngd,T1,ctp-hap:0.0001,0.001,80,True,1,q_cut=0.3;alpha_rel=0.0001,U,unprojected,237.0597460546606,121916.0,8.834118970937952e-07,8.83411615967588e-07,7.00000000000145e-05,5.598918264895474,8.202368844122183e-06
mp-aaadbngd,T1,ctp-hap:0.0001,0.0001,80,True,1,q_cut=0.3;alpha_rel=0.0001,U,unprojected,237.0597460546606,121916.0,8.834118970937952e-07,8.83411615967588e-07,7.00000000000145e-05,5.598918264895474,8.202368844122183e-06
mp-aaadbngd,T1,ctp-hap:0.0001,1e-05,80,True,2,q_cut=0.3;alpha_rel=0.0001,hap:0.0001,projected,236.4855824305305,122212.0,8.826888090156381e-07,8.82688528072463e-07,0.0,5.598945717585593,0.002430203253363
mp-aaadbngd,T1,ctp-hap:0.01,0.001,80,True,1,q_cut=0.3;alpha_rel=0.0001,U,unprojected,237.0597460546606,121916.0,8.834118970937952e-07,8.83411615967588e-07,7.00000000000145e-05,5.598918264895474,8.202368844122183e-06
mp-aaadbngd,T1,ctp-hap:0.01,0.0001,80,True,1,q_cut=0.3;alpha_rel=0.0001,U,unprojected,237.0597460546606,121916.0,8.834118970937952e-07,8.83411615967588e-07,7.00000000000145e-05,5.598918264895474,8.202368844122183e-06
mp-aaadbngd,T1,ctp-hap:0.01,1e-05,80,True,2,q_cut=0.3;alpha_rel=0.0001,hap:0.01,projected,236.4855824305305,122212.0,8.703961960563754e-07,8.703959108968848e-07,0.0,5.599065097327184,0.002430203253363
mp-aaadbngd,T1,ctp-hap:1,0.001,80,True,1,q_cut=0.3;alpha_rel=0.0001,U,unprojected,237.0597460546606,121916.0,8.834118970937952e-07,8.83411615967588e-07,7.00000000000145e-05,5.598918264895474,8.202368844122183e-06
mp-aaadbngd,T1,ctp-hap:1,0.0001,80,True,1,q_cut=0.3;alpha_rel=0.0001,U,unprojected,237.0597460546606,121916.0,8.834118970937952e-07,8.83411615967588e-07,7.00000000000145e-05,5.598918264895474,8.202368844122183e-06
mp-aaadbngd,T1,ctp-hap:1,1e-05,80,True,2,q_cut=0.3;alpha_rel=0.0001,hap:1,projected,236.4855824305305,122212.0,8.450576526484107e-07,8.45057358897554e-07,0.0,5.599461989411793,0.002430203253363
mp-aaadbngd,GP,hartree_only,0.001,0,False,0,,,,,,,,,,
mp-aaadbngd,GP,hartree_only,0.0001,0,False,0,,,,,,,,,,
mp-aaadbngd,GP,hartree_only,1e-05,0,False,0,,,,,,,,,,
mp-aaadbngd,GP,none,0.001,0,False,0,,,,,,,,,,
mp-aaadbngd,GP,none,0.0001,0,False,0,,,,,,,,,,
mp-aaadbngd,GP,none,1e-05,0,False,0,,,,,,,,,,
mp-aaadbngd,GP,uniform,0.001,0,False,0,,,,,,,,,,
mp-aaadbngd,GP,uniform,0.0001,0,False,0,,,,,,,,,,
mp-aaadbngd,GP,uniform,1e-05,0,False,0,,,,,,,,,,
mp-aaadbngd,GP,hap:0.0001,0.001,0,False,0,,,,,,,,,,
mp-aaadbngd,GP,hap:0.0001,0.0001,0,False,0,,,,,,,,,,
mp-aaadbngd,GP,hap:0.0001,1e-05,0,False,0,,,,,,,,,,
mp-aaadbngd,GP,hap:0.01,0.001,0,False,0,,,,,,,,,,
mp-aaadbngd,GP,hap:0.01,0.0001,0,False,0,,,,,,,,,,
mp-aaadbngd,GP,hap:0.01,1e-05,0,False,0,,,,,,,,,,
mp-aaadbngd,GP,hap:1,0.001,0,False,0,,,,,,,,,,
mp-aaadbngd,GP,hap:1,0.0001,0,False,0,,,,,,,,,,
mp-aaadbngd,GP,hap:1,1e-05,0,False,0,,,,,,,,,,
mp-aaadbngd,GP,ctp-uniform,0.001,0,False,0,,,,,,,,,,
mp-aaadbngd,GP,ctp-uniform,0.0001,0,False,0,,,,,,,,,,
mp-aaadbngd,GP,ctp-uniform,1e-05,0,False,0,,,,,,,,,,
mp-aaadbngd,GP,ctp-hap:0.0001,0.001,0,False,0,,,,,,,,,,
mp-aaadbngd,GP,ctp-hap:0.0001,0.0001,0,False,0,,,,,,,,,,
mp-aaadbngd,GP,ctp-hap:0.0001,1e-05,0,False,0,,,,,,,,,,
mp-aaadbngd,GP,ctp-hap:0.01,0.001,0,False,0,,,,,,,,,,
mp-aaadbngd,GP,ctp-hap:0.01,0.0001,0,False,0,,,,,,,,,,
mp-aaadbngd,GP,ctp-hap:0.01,1e-05,0,False,0,,,,,,,,,,
mp-aaadbngd,GP,ctp-hap:1,0.001,0,False,0,,,,,,,,,,
mp-aaadbngd,GP,ctp-hap:1,0.0001,0,False,0,,,,,,,,,,
mp-aaadbngd,GP,ctp-hap:1,1e-05,0,False,0,,,,,,,,,,
mp-aaadbngd,R3,hartree_only,0.001,6,True,0,tau=1e-06;k=0;margin=0.995,U,,539.0237606773844,53618.0,9.938976225233634e-07,9.93897372648304e-07,,20.611795918937283,0.0
mp-aaadbngd,R3,hartree_only,0.0001,6,True,0,tau=1e-06;k=0;margin=0.995,U,,539.0237606773844,53618.0,9.938976225233634e-07,9.93897372648304e-07,,20.611795918937283,0.0
mp-aaadbngd,R3,hartree_only,1e-05,6,True,0,tau=1e-06;k=0;margin=0.995,U,,539.0237606773844,53618.0,9.938976225233634e-07,9.93897372648304e-07,,20.611795918937283,0.0
mp-aaadbngd,R3,none,0.001,6,True,1,tau=1e-06;k=0;margin=0.995,U,,539.0237606773844,53618.0,9.938976225233634e-07,9.93897372648304e-07,0.0001170000000003,20.611795918937283,0.0
mp-aaadbngd,R3,none,0.0001,6,True,4,tau=1e-06;k=3;margin=0.980149501,U,,534.9729009329187,54024.0,9.800600996196134e-07,9.800598462165528e-07,9.6000000000096e-05,18.98260855673287,0.0
mp-aaadbngd,R3,none,1e-05,6,False,5,,,,,,,,,,
mp-aaadbngd,R3,uniform,0.001,0,False,0,,,,,,,,,,
mp-aaadbngd,R3,uniform,0.0001,0,False,0,,,,,,,,,,
mp-aaadbngd,R3,uniform,1e-05,0,False,0,,,,,,,,,,
mp-aaadbngd,R3,hap:0.0001,0.001,6,True,1,tau=1e-06;k=0;margin=0.995,hap:0.0001,,536.0643988574396,53914.0,9.94121261912589e-07,9.941210110329034e-07,0.0,20.61238457426753,0.0054902251734243
mp-aaadbngd,R3,hap:0.0001,0.0001,6,True,1,tau=1e-06;k=0;margin=0.995,hap:0.0001,,536.0643988574396,53914.0,9.94121261912589e-07,9.941210110329034e-07,0.0,20.61238457426753,0.0054902251734243
mp-aaadbngd,R3,hap:0.0001,1e-05,6,True,1,tau=1e-06;k=0;margin=0.995,hap:0.0001,,536.0643988574396,53914.0,9.94121261912589e-07,9.941210110329034e-07,0.0,20.61238457426753,0.0054902251734243
mp-aaadbngd,R3,hap:0.01,0.001,4,True,1,tau=1e-06;k=2;margin=0.985074875,hap:0.01,,533.5408813158817,54169.0,9.983628155389494e-07,9.983625667603042e-07,0.0,19.204231992486054,0.0054643799959386
mp-aaadbngd,R3,hap:0.01,0.0001,4,True,1,tau=1e-06;k=2;margin=0.985074875,hap:0.01,,533.5408813158817,54169.0,9.983628155389494e-07,9.983625667603042e-07,0.0,19.204231992486054,0.0054643799959386
mp-aaadbngd,R3,hap:0.01,1e-05,4,True,1,tau=1e-06;k=2;margin=0.985074875,hap:0.01,,533.5408813158817,54169.0,9.983628155389494e-07,9.983625667603042e-07,0.0,19.204231992486054,0.0054643799959386
mp-aaadbngd,R3,hap:1,0.001,0,False,0,,,,,,,,,,
mp-aaadbngd,R3,hap:1,0.0001,0,False,0,,,,,,,,,,
mp-aaadbngd,R3,hap:1,1e-05,0,False,0,,,,,,,,,,
mp-aaadbngd,R3,ctp-uniform,0.001,6,True,1,tau=1e-06;k=0;margin=0.995,U,unprojected,539.0137078274493,53619.0,9.938976225233634e-07,9.93897372648304e-07,0.0001170000000003,20.611795918937283,1.865010537309536e-05
mp-aaadbngd,R3,ctp-uniform,0.0001,6,True,4,tau=1e-06;k=3;margin=0.980149501,U,unprojected,534.9629986117538,54025.0,9.800600996196134e-07,9.800598462165528e-07,9.6000000000096e-05,18.98260855673287,1.8509949097639983e-05
mp-aaadbngd,R3,ctp-uniform,1e-05,6,False,5,,,,,,,,,,
mp-aaadbngd,R3,ctp-hap:0.0001,0.001,12,True,1,tau=1e-06;k=0;margin=0.995,U,unprojected,539.0137078274493,53619.0,9.938976225233634e-07,9.93897372648304e-07,0.0001170000000003,20.611795918937283,1.865010537309536e-05
mp-aaadbngd,R3,ctp-hap:0.0001,0.0001,12,True,4,tau=1e-06;k=0;margin=0.995,hap:0.0001,projected,536.0544560882871,53915.0,9.94121261912589e-07,9.941210110329034e-07,0.0,20.61238457426753,0.0055086710562923
mp-aaadbngd,R3,ctp-hap:0.0001,1e-05,12,True,4,tau=1e-06;k=0;margin=0.995,hap:0.0001,projected,536.0544560882871,53915.0,9.94121261912589e-07,9.941210110329034e-07,0.0,20.61238457426753,0.0055086710562923
mp-aaadbngd,R3,ctp-hap:0.01,0.001,10,True,1,tau=1e-06;k=0;margin=0.995,U,unprojected,539.0137078274493,53619.0,9.938976225233634e-07,9.93897372648304e-07,0.0001170000000003,20.611795918937283,1.865010537309536e-05
mp-aaadbngd,R3,ctp-hap:0.01,0.0001,10,True,4,tau=1e-06;k=3;margin=0.980149501,U,unprojected,534.9629986117538,54025.0,9.800600996196134e-07,9.800598462165528e-07,9.6000000000096e-05,18.98260855673287,1.8509949097639983e-05
mp-aaadbngd,R3,ctp-hap:0.01,1e-05,10,False,5,,,,,,,,,,
mp-aaadbngd,R3,ctp-hap:1,0.001,6,True,1,tau=1e-06;k=0;margin=0.995,U,unprojected,539.0137078274493,53619.0,9.938976225233634e-07,9.93897372648304e-07,0.0001170000000003,20.611795918937283,1.865010537309536e-05
mp-aaadbngd,R3,ctp-hap:1,0.0001,6,True,4,tau=1e-06;k=3;margin=0.980149501,U,unprojected,534.9629986117538,54025.0,9.800600996196134e-07,9.800598462165528e-07,9.6000000000096e-05,18.98260855673287,1.8509949097639983e-05
mp-aaadbngd,R3,ctp-hap:1,1e-05,6,False,5,,,,,,,,,,
mp-aaadbngd,GF,hartree_only,0.001,43,True,0,ZFP;tol_rel=0.000464159,U,,41.48205304857044,696720.0,4.990909987266558e-07,4.990905557828556e-07,,1.007007650000105,0.0
mp-aaadbngd,GF,hartree_only,0.0001,43,True,0,ZFP;tol_rel=0.000464159,U,,41.48205304857044,696720.0,4.990909987266558e-07,4.990905557828556e-07,,1.007007650000105,0.0
mp-aaadbngd,GF,hartree_only,1e-05,43,True,0,ZFP;tol_rel=0.000464159,U,,41.48205304857044,696720.0,4.990909987266558e-07,4.990905557828556e-07,,1.007007650000105,0.0
mp-aaadbngd,GF,none,0.001,43,True,1,ZFP;tol_rel=0.000464159,U,,41.48205304857044,696720.0,4.990909987266558e-07,4.990905557828556e-07,2.799999999947289e-05,1.007007650000105,0.0
mp-aaadbngd,GF,none,0.0001,43,True,1,ZFP;tol_rel=0.000464159,U,,41.48205304857044,696720.0,4.990909987266558e-07,4.990905557828556e-07,2.799999999947289e-05,1.007007650000105,0.0
mp-aaadbngd,GF,none,1e-05,43,True,3,ZFP;tol_rel=0.0001,U,,30.08303772170872,960720.0,1.3687037305495204e-07,1.368702487006767e-07,7.000000000090267e-06,0.2513701624998248,0.0
mp-aaadbngd,GF,uniform,0.001,44,True,1,ZFP;tol_rel=0.000464159,uniform,,41.46491288478755,697008.0,6.335405518559291e-07,6.335402029091496e-07,0.0,1.008077144927256,0.0004131946835617
mp-aaadbngd,GF,uniform,0.0001,44,True,1,ZFP;tol_rel=0.000464159,uniform,,41.46491288478755,697008.0,6.335405518559291e-07,6.335402029091496e-07,0.0,1.008077144927256,0.0004131946835617
mp-aaadbngd,GF,uniform,1e-05,44,True,1,ZFP;tol_rel=0.000464159,uniform,,41.46491288478755,697008.0,6.335405518559291e-07,6.335402029091496e-07,0.0,1.008077144927256,0.0004131946835617
mp-aaadbngd,GF,hap:0.0001,0.001,43,True,1,ZFP;tol_rel=0.000464159,hap:0.0001,,41.46443697131773,697016.0,4.98901526190477e-07,4.989010830322742e-07,0.0,1.0071178213731855,0.0004246674394848
mp-aaadbngd,GF,hap:0.0001,0.0001,43,True,1,ZFP;tol_rel=0.000464159,hap:0.0001,,41.46443697131773,697016.0,4.98901526190477e-07,4.989010830322742e-07,0.0,1.0071178213731855,0.0004246674394848
mp-aaadbngd,GF,hap:0.0001,1e-05,43,True,1,ZFP;tol_rel=0.000464159,hap:0.0001,,41.46443697131773,697016.0,4.98901526190477e-07,4.989010830322742e-07,0.0,1.0071178213731855,0.0004246674394848
mp-aaadbngd,GF,hap:0.01,0.001,43,True,1,ZFP;tol_rel=0.000464159,hap:0.01,,41.46443697131773,697016.0,4.959392398195257e-07,4.959387940503369e-07,0.0,1.0074625348233894,0.0004246674394848
mp-aaadbngd,GF,hap:0.01,0.0001,43,True,1,ZFP;tol_rel=0.000464159,hap:0.01,,41.46443697131773,697016.0,4.959392398195257e-07,4.959387940503369e-07,0.0,1.0074625348233894,0.0004246674394848
mp-aaadbngd,GF,hap:0.01,1e-05,43,True,1,ZFP;tol_rel=0.000464159,hap:0.01,,41.46443697131773,697016.0,4.959392398195257e-07,4.959387940503369e-07,0.0,1.0074625348233894,0.0004246674394848
mp-aaadbngd,GF,hap:1,0.001,43,True,1,ZFP;tol_rel=0.000464159,hap:1,,41.46443697131773,697016.0,5.167292413298042e-07,5.167288135005935e-07,0.0,1.008082070005912,0.0004246674394848
mp-aaadbngd,GF,hap:1,0.0001,43,True,1,ZFP;tol_rel=0.000464159,hap:1,,41.46443697131773,697016.0,5.167292413298042e-07,5.167288135005935e-07,0.0,1.008082070005912,0.0004246674394848
mp-aaadbngd,GF,hap:1,1e-05,43,True,1,ZFP;tol_rel=0.000464159,hap:1,,41.46443697131773,697016.0,5.167292413298042e-07,5.167288135005935e-07,0.0,1.008082070005912,0.0004246674394848
mp-aaadbngd,GF,ctp-uniform,0.001,87,True,1,ZFP;tol_rel=0.000464159,U,unprojected,41.481993509597096,696721.0,4.990909987266558e-07,4.990905557828556e-07,2.799999999947289e-05,1.007007650000105,1.4352947593082454e-06
mp-aaadbngd,GF,ctp-uniform,0.0001,87,True,1,ZFP;tol_rel=0.000464159,U,unprojected,41.481993509597096,696721.0,4.990909987266558e-07,4.990905557828556e-07,2.799999999947289e-05,1.007007650000105,1.4352947593082454e-06
mp-aaadbngd,GF,ctp-uniform,1e-05,87,True,2,ZFP;tol_rel=0.000464159,uniform,projected,41.46485339500638,697009.0,6.335405518559291e-07,6.335402029091496e-07,0.0,1.008077144927256,0.0004146287924546
mp-aaadbngd,GF,ctp-hap:0.0001,0.001,86,True,1,ZFP;tol_rel=0.000464159,U,unprojected,41.481993509597096,696721.0,4.990909987266558e-07,4.990905557828556e-07,2.799999999947289e-05,1.007007650000105,1.4352947593082454e-06
mp-aaadbngd,GF,ctp-hap:0.0001,0.0001,86,True,1,ZFP;tol_rel=0.000464159,U,unprojected,41.481993509597096,696721.0,4.990909987266558e-07,4.990905557828556e-07,2.799999999947289e-05,1.007007650000105,1.4352947593082454e-06
mp-aaadbngd,GF,ctp-hap:0.0001,1e-05,86,True,2,ZFP;tol_rel=0.000464159,hap:0.0001,projected,41.46437748290214,697017.0,4.98901526190477e-07,4.989010830322742e-07,0.0,1.0071178213731855,0.000426101515458
mp-aaadbngd,GF,ctp-hap:0.01,0.001,86,True,1,ZFP;tol_rel=0.000464159,U,unprojected,41.481993509597096,696721.0,4.990909987266558e-07,4.990905557828556e-07,2.799999999947289e-05,1.007007650000105,1.4352947593082454e-06
mp-aaadbngd,GF,ctp-hap:0.01,0.0001,86,True,1,ZFP;tol_rel=0.000464159,U,unprojected,41.481993509597096,696721.0,4.990909987266558e-07,4.990905557828556e-07,2.799999999947289e-05,1.007007650000105,1.4352947593082454e-06
mp-aaadbngd,GF,ctp-hap:0.01,1e-05,86,True,2,ZFP;tol_rel=0.000464159,hap:0.01,projected,41.46437748290214,697017.0,4.959392398195257e-07,4.959387940503369e-07,0.0,1.0074625348233894,0.000426101515458
mp-aaadbngd,GF,ctp-hap:1,0.001,86,True,1,ZFP;tol_rel=0.000464159,U,unprojected,41.481993509597096,696721.0,4.990909987266558e-07,4.990905557828556e-07,2.799999999947289e-05,1.007007650000105,1.4352947593082454e-06
mp-aaadbngd,GF,ctp-hap:1,0.0001,86,True,1,ZFP;tol_rel=0.000464159,U,unprojected,41.481993509597096,696721.0,4.990909987266558e-07,4.990905557828556e-07,2.799999999947289e-05,1.007007650000105,1.4352947593082454e-06
mp-aaadbngd,GF,ctp-hap:1,1e-05,86,True,2,ZFP;tol_rel=0.000464159,hap:1,projected,41.46437748290214,697017.0,5.167292413298042e-07,5.167288135005935e-07,0.0,1.008082070005912,0.000426101515458
mp-aaahhibq,J,hartree_only,0.001,18,True,0,alpha_rel=0.0464159,U,,746.6865783087549,42856.0,9.25205219487324e-07,9.252051850609484e-07,,35.00429769544644,0.0
mp-aaahhibq,J,hartree_only,0.0001,18,True,0,alpha_rel=0.0464159,U,,746.6865783087549,42856.0,9.25205219487324e-07,9.252051850609484e-07,,35.00429769544644,0.0
mp-aaahhibq,J,hartree_only,1e-05,18,True,0,alpha_rel=0.0464159,U,,746.6865783087549,42856.0,9.25205219487324e-07,9.252051850609484e-07,,35.00429769544644,0.0
mp-aaahhibq,J,none,0.001,18,True,1,alpha_rel=0.0464159,U,,746.6865783087549,42856.0,9.25205219487324e-07,9.252051850609484e-07,0.0002490000000001,35.00429769544644,0.0
mp-aaahhibq,J,none,0.0001,18,True,4,alpha_rel=0.00464159,U,,400.2351381436594,79953.0,1.366900451140975e-07,1.3668981209428053e-07,7.49999999998252e-05,14.998868546322392,0.0
mp-aaahhibq,J,none,1e-05,18,False,5,,,,,,,,,,
mp-aaahhibq,J,uniform,0.001,16,True,1,alpha_rel=0.01,uniform,,490.0684564375086,65297.0,4.217908486877171e-07,4.2179077318746636e-07,0.0,20.977385517068587,0.0034304791950625
mp-aaahhibq,J,uniform,0.0001,16,True,1,alpha_rel=0.01,uniform,,490.0684564375086,65297.0,4.217908486877171e-07,4.2179077318746636e-07,0.0,20.977385517068587,0.0034304791950625
mp-aaahhibq,J,uniform,1e-05,16,True,1,alpha_rel=0.01,uniform,,490.0684564375086,65297.0,4.217908486877171e-07,4.2179077318746636e-07,0.0,20.977385517068587,0.0034304791950625
mp-aaahhibq,J,hap:0.0001,0.001,18,True,1,alpha_rel=0.0464159,hap:0.0001,,742.6661715558856,43088.0,9.25787924941622e-07,9.257878904438796e-07,0.0,35.01115162598944,0.0053843297437801
mp-aaahhibq,J,hap:0.0001,0.0001,18,True,1,alpha_rel=0.0464159,hap:0.0001,,742.6661715558856,43088.0,9.25787924941622e-07,9.257878904438796e-07,0.0,35.01115162598944,0.0053843297437801
mp-aaahhibq,J,hap:0.0001,1e-05,18,True,1,alpha_rel=0.0464159,hap:0.0001,,742.6661715558856,43088.0,9.25787924941622e-07,9.257878904438796e-07,0.0,35.01115162598944,0.0053843297437801
mp-aaahhibq,J,hap:0.01,0.001,18,True,1,alpha_rel=0.0464159,hap:0.01,,742.6661715558856,43088.0,9.473348970300716e-07,9.47334863401352e-07,0.0,34.99242524820875,0.0053843297437801
mp-aaahhibq,J,hap:0.01,0.0001,18,True,1,alpha_rel=0.0464159,hap:0.01,,742.6661715558856,43088.0,9.473348970300716e-07,9.47334863401352e-07,0.0,34.99242524820875,0.0053843297437801
mp-aaahhibq,J,hap:0.01,1e-05,18,True,1,alpha_rel=0.0464159,hap:0.01,,742.6661715558856,43088.0,9.473348970300716e-07,9.47334863401352e-07,0.0,34.99242524820875,0.0053843297437801
mp-aaahhibq,J,hap:1,0.001,17,True,1,alpha_rel=0.0215443,hap:1,,633.1994380354987,50537.0,8.651147041686086e-07,8.651146673561582e-07,0.0,33.169899251215845,0.0045906959257573
mp-aaahhibq,J,hap:1,0.0001,17,True,1,alpha_rel=0.0215443,hap:1,,633.1994380354987,50537.0,8.651147041686086e-07,8.651146673561582e-07,0.0,33.169899251215845,0.0045906959257573
mp-aaahhibq,J,hap:1,1e-05,17,True,1,alpha_rel=0.0215443,hap:1,,633.1994380354987,50537.0,8.651147041686086e-07,8.651146673561582e-07,0.0,33.169899251215845,0.0045906959257573
mp-aaahhibq,J,ctp-uniform,0.001,34,True,1,alpha_rel=0.0464159,U,unprojected,746.6691555638519,42857.0,9.25205219487324e-07,9.252051850609484e-07,0.0002490000000001,35.00429769544644,2.333341111137037e-05
mp-aaahhibq,J,ctp-uniform,0.0001,34,True,4,alpha_rel=0.01,uniform,projected,490.06095133082175,65298.0,4.217908486877171e-07,4.2179077318746636e-07,0.0,20.977385517068587,0.0034457410640448
mp-aaahhibq,J,ctp-uniform,1e-05,34,True,4,alpha_rel=0.01,uniform,projected,490.06095133082175,65298.0,4.217908486877171e-07,4.2179077318746636e-07,0.0,20.977385517068587,0.0034457410640448
mp-aaahhibq,J,ctp-hap:0.0001,0.001,36,True,1,alpha_rel=0.0464159,U,unprojected,746.6691555638519,42857.0,9.25205219487324e-07,9.252051850609484e-07,0.0002490000000001,35.00429769544644,2.333341111137037e-05
mp-aaahhibq,J,ctp-hap:0.0001,0.0001,36,True,2,alpha_rel=0.0464159,hap:0.0001,projected,742.6489359233215,43089.0,9.25787924941622e-07,9.257878904438796e-07,0.0,35.01115162598944,0.0054074125646916
mp-aaahhibq,J,ctp-hap:0.0001,1e-05,36,True,2,alpha_rel=0.0464159,hap:0.0001,projected,742.6489359233215,43089.0,9.25787924941622e-07,9.257878904438796e-07,0.0,35.01115162598944,0.0054074125646916
mp-aaahhibq,J,ctp-hap:0.01,0.001,36,True,1,alpha_rel=0.0464159,U,unprojected,746.6691555638519,42857.0,9.25205219487324e-07,9.252051850609484e-07,0.0002490000000001,35.00429769544644,2.333341111137037e-05
mp-aaahhibq,J,ctp-hap:0.01,0.0001,36,True,2,alpha_rel=0.0464159,hap:0.01,projected,742.6489359233215,43089.0,9.473348970300716e-07,9.47334863401352e-07,0.0,34.99242524820875,0.0054074125646916
mp-aaahhibq,J,ctp-hap:0.01,1e-05,36,True,2,alpha_rel=0.0464159,hap:0.01,projected,742.6489359233215,43089.0,9.473348970300716e-07,9.47334863401352e-07,0.0,34.99242524820875,0.0054074125646916
mp-aaahhibq,J,ctp-hap:1,0.001,35,True,1,alpha_rel=0.0464159,U,unprojected,746.6691555638519,42857.0,9.25205219487324e-07,9.252051850609484e-07,0.0002490000000001,35.00429769544644,2.333341111137037e-05
mp-aaahhibq,J,ctp-hap:1,0.0001,35,True,3,alpha_rel=0.0215443,hap:1,projected,633.1869088606593,50538.0,8.651147041686086e-07,8.651146673561582e-07,0.0,33.169899251215845,0.0046103921801416
mp-aaahhibq,J,ctp-hap:1,1e-05,35,True,3,alpha_rel=0.0215443,hap:1,projected,633.1869088606593,50538.0,8.651147041686086e-07,8.651146673561582e-07,0.0,33.169899251215845,0.0046103921801416
mp-aaahhibq,T1,hartree_only,0.001,45,True,0,q_cut=0.2;alpha_rel=4.64159e-05,U,,412.924538040673,77496.0,8.824373585693346e-07,8.824373224744637e-07,,31.368117910795263,0.0
mp-aaahhibq,T1,hartree_only,0.0001,45,True,0,q_cut=0.2;alpha_rel=4.64159e-05,U,,412.924538040673,77496.0,8.824373585693346e-07,8.824373224744637e-07,,31.368117910795263,0.0
mp-aaahhibq,T1,hartree_only,1e-05,45,True,0,q_cut=0.2;alpha_rel=4.64159e-05,U,,412.924538040673,77496.0,8.824373585693346e-07,8.824373224744637e-07,,31.368117910795263,0.0
mp-aaahhibq,T1,none,0.001,45,True,1,q_cut=0.2;alpha_rel=4.64159e-05,U,,412.924538040673,77496.0,8.824373585693346e-07,8.824373224744637e-07,0.0002060000000003,31.368117910795263,0.0
mp-aaahhibq,T1,none,0.0001,45,True,3,q_cut=0.3;alpha_rel=4.64159e-05,U,,320.7923571220916,99753.0,8.090309603258918e-07,8.090309209559984e-07,3.900000000101045e-05,12.487889388754413,0.0
mp-aaahhibq,T1,none,1e-05,45,False,5,,,,,,,,,,
mp-aaahhibq,T1,uniform,0.001,50,True,1,q_cut=0.2;alpha_rel=0.0001,uniform,,486.9808707826696,65711.0,6.06172023948156e-07,6.061719714332129e-07,0.0,31.276018738488347,0.0034088660954786
mp-aaahhibq,T1,uniform,0.0001,50,True,1,q_cut=0.2;alpha_rel=0.0001,uniform,,486.9808707826696,65711.0,6.06172023948156e-07,6.061719714332129e-07,0.0,31.276018738488347,0.0034088660954786
mp-aaahhibq,T1,uniform,1e-05,50,True,1,q_cut=0.2;alpha_rel=0.0001,uniform,,486.9808707826696,65711.0,6.06172023948156e-07,6.061719714332129e-07,0.0,31.276018738488347,0.0034088660954786
mp-aaahhibq,T1,hap:0.0001,0.001,45,True,1,q_cut=0.2;alpha_rel=4.64159e-05,hap:0.0001,,411.6920543433512,77728.0,8.816137404391522e-07,8.816137043330677e-07,0.0,31.36856045102832,0.0029847673939892
mp-aaahhibq,T1,hap:0.0001,0.0001,45,True,1,q_cut=0.2;alpha_rel=4.64159e-05,hap:0.0001,,411.6920543433512,77728.0,8.816137404391522e-07,8.816137043330677e-07,0.0,31.36856045102832,0.0029847673939892
mp-aaahhibq,T1,hap:0.0001,1e-05,45,True,1,q_cut=0.2;alpha_rel=4.64159e-05,hap:0.0001,,411.6920543433512,77728.0,8.816137404391522e-07,8.816137043330677e-07,0.0,31.36856045102832,0.0029847673939892
mp-aaahhibq,T1,hap:0.01,0.001,45,True,1,q_cut=0.2;alpha_rel=4.64159e-05,hap:0.01,,411.6920543433512,77728.0,8.723145042004585e-07,8.723144677145748e-07,0.0,31.367332163328683,0.0029847673939892
mp-aaahhibq,T1,hap:0.01,0.0001,45,True,1,q_cut=0.2;alpha_rel=4.64159e-05,hap:0.01,,411.6920543433512,77728.0,8.723145042004585e-07,8.723144677145748e-07,0.0,31.367332163328683,0.0029847673939892
mp-aaahhibq,T1,hap:0.01,1e-05,45,True,1,q_cut=0.2;alpha_rel=4.64159e-05,hap:0.01,,411.6920543433512,77728.0,8.723145042004585e-07,8.723144677145748e-07,0.0,31.367332163328683,0.0029847673939892
mp-aaahhibq,T1,hap:1,0.001,50,True,1,q_cut=0.2;alpha_rel=0.0001,hap:1,,486.9215904076447,65719.0,7.334655429003073e-07,7.334654995004065e-07,0.0,31.275413825664145,0.0035301815304554
mp-aaahhibq,T1,hap:1,0.0001,50,True,1,q_cut=0.2;alpha_rel=0.0001,hap:1,,486.9215904076447,65719.0,7.334655429003073e-07,7.334654995004065e-07,0.0,31.275413825664145,0.0035301815304554
mp-aaahhibq,T1,hap:1,1e-05,50,True,1,q_cut=0.2;alpha_rel=0.0001,hap:1,,486.9215904076447,65719.0,7.334655429003073e-07,7.334654995004065e-07,0.0,31.275413825664145,0.0035301815304554
mp-aaahhibq,T1,ctp-uniform,0.001,95,True,2,q_cut=0.2;alpha_rel=4.64159e-05,U,unprojected,412.9192097758623,77497.0,8.824373585693346e-07,8.824373224744637e-07,0.0002060000000003,31.368117910795263,1.2903725305495697e-05
mp-aaahhibq,T1,ctp-uniform,0.0001,95,True,1,q_cut=0.2;alpha_rel=0.0001,uniform,projected,486.9734599464329,65712.0,6.06172023948156e-07,6.061719714332129e-07,0.0,31.276018738488347,0.0034240321402483
mp-aaahhibq,T1,ctp-uniform,1e-05,95,True,1,q_cut=0.2;alpha_rel=0.0001,uniform,projected,486.9734599464329,65712.0,6.06172023948156e-07,6.061719714332129e-07,0.0,31.276018738488347,0.0034240321402483
mp-aaahhibq,T1,ctp-hap:0.0001,0.001,90,True,1,q_cut=0.2;alpha_rel=4.64159e-05,U,unprojected,412.9192097758623,77497.0,8.824373585693346e-07,8.824373224744637e-07,0.0002060000000003,31.368117910795263,1.2903725305495697e-05
mp-aaahhibq,T1,ctp-hap:0.0001,0.0001,90,True,2,q_cut=0.2;alpha_rel=4.64159e-05,hap:0.0001,projected,411.6867578381299,77729.0,8.816137404391522e-07,8.816137043330677e-07,0.0,31.36856045102832,0.0029975942055088
mp-aaahhibq,T1,ctp-hap:0.0001,1e-05,90,True,2,q_cut=0.2;alpha_rel=4.64159e-05,hap:0.0001,projected,411.6867578381299,77729.0,8.816137404391522e-07,8.816137043330677e-07,0.0,31.36856045102832,0.0029975942055088
mp-aaahhibq,T1,ctp-hap:0.01,0.001,90,True,1,q_cut=0.2;alpha_rel=4.64159e-05,U,unprojected,412.9192097758623,77497.0,8.824373585693346e-07,8.824373224744637e-07,0.0002060000000003,31.368117910795263,1.2903725305495697e-05
mp-aaahhibq,T1,ctp-hap:0.01,0.0001,90,True,2,q_cut=0.2;alpha_rel=4.64159e-05,hap:0.01,projected,411.6867578381299,77729.0,8.723145042004585e-07,8.723144677145748e-07,0.0,31.367332163328683,0.0029975942055088
mp-aaahhibq,T1,ctp-hap:0.01,1e-05,90,True,2,q_cut=0.2;alpha_rel=4.64159e-05,hap:0.01,projected,411.6867578381299,77729.0,8.723145042004585e-07,8.723144677145748e-07,0.0,31.367332163328683,0.0029975942055088
mp-aaahhibq,T1,ctp-hap:1,0.001,95,True,2,q_cut=0.2;alpha_rel=4.64159e-05,U,unprojected,412.9192097758623,77497.0,8.824373585693346e-07,8.824373224744637e-07,0.0002060000000003,31.368117910795263,1.2903725305495697e-05
mp-aaahhibq,T1,ctp-hap:1,0.0001,95,True,1,q_cut=0.2;alpha_rel=0.0001,hap:1,projected,486.91418137553256,65720.0,7.334655429003073e-07,7.334654995004065e-07,0.0,31.275413825664145,0.0035453438831405
mp-aaahhibq,T1,ctp-hap:1,1e-05,95,True,1,q_cut=0.2;alpha_rel=0.0001,hap:1,projected,486.91418137553256,65720.0,7.334655429003073e-07,7.334654995004065e-07,0.0,31.275413825664145,0.0035453438831405
mp-aaahhibq,GP,hartree_only,0.001,0,False,0,,,,,,,,,,
mp-aaahhibq,GP,hartree_only,0.0001,0,False,0,,,,,,,,,,
mp-aaahhibq,GP,hartree_only,1e-05,0,False,0,,,,,,,,,,
mp-aaahhibq,GP,none,0.001,0,False,0,,,,,,,,,,
mp-aaahhibq,GP,none,0.0001,0,False,0,,,,,,,,,,
mp-aaahhibq,GP,none,1e-05,0,False,0,,,,,,,,,,
mp-aaahhibq,GP,uniform,0.001,0,False,0,,,,,,,,,,
mp-aaahhibq,GP,uniform,0.0001,0,False,0,,,,,,,,,,
mp-aaahhibq,GP,uniform,1e-05,0,False,0,,,,,,,,,,
mp-aaahhibq,GP,hap:0.0001,0.001,0,False,0,,,,,,,,,,
mp-aaahhibq,GP,hap:0.0001,0.0001,0,False,0,,,,,,,,,,
mp-aaahhibq,GP,hap:0.0001,1e-05,0,False,0,,,,,,,,,,
mp-aaahhibq,GP,hap:0.01,0.001,0,False,0,,,,,,,,,,
mp-aaahhibq,GP,hap:0.01,0.0001,0,False,0,,,,,,,,,,
mp-aaahhibq,GP,hap:0.01,1e-05,0,False,0,,,,,,,,,,
mp-aaahhibq,GP,hap:1,0.001,0,False,0,,,,,,,,,,
mp-aaahhibq,GP,hap:1,0.0001,0,False,0,,,,,,,,,,
mp-aaahhibq,GP,hap:1,1e-05,0,False,0,,,,,,,,,,
mp-aaahhibq,GP,ctp-uniform,0.001,0,False,0,,,,,,,,,,
mp-aaahhibq,GP,ctp-uniform,0.0001,0,False,0,,,,,,,,,,
mp-aaahhibq,GP,ctp-uniform,1e-05,0,False,0,,,,,,,,,,
mp-aaahhibq,GP,ctp-hap:0.0001,0.001,0,False,0,,,,,,,,,,
mp-aaahhibq,GP,ctp-hap:0.0001,0.0001,0,False,0,,,,,,,,,,
mp-aaahhibq,GP,ctp-hap:0.0001,1e-05,0,False,0,,,,,,,,,,
mp-aaahhibq,GP,ctp-hap:0.01,0.001,0,False,0,,,,,,,,,,
mp-aaahhibq,GP,ctp-hap:0.01,0.0001,0,False,0,,,,,,,,,,
mp-aaahhibq,GP,ctp-hap:0.01,1e-05,0,False,0,,,,,,,,,,
mp-aaahhibq,GP,ctp-hap:1,0.001,0,False,0,,,,,,,,,,
mp-aaahhibq,GP,ctp-hap:1,0.0001,0,False,0,,,,,,,,,,
mp-aaahhibq,GP,ctp-hap:1,1e-05,0,False,0,,,,,,,,,,
mp-aaahhibq,R3,hartree_only,0.001,6,True,0,tau=1e-06;k=0;margin=0.995,U,,922.0307727770414,34706.0,9.946525278464623e-07,9.946524958237594e-07,,60.22087719278352,0.0
mp-aaahhibq,R3,hartree_only,0.0001,6,True,0,tau=1e-06;k=0;margin=0.995,U,,922.0307727770414,34706.0,9.946525278464623e-07,9.946524958237594e-07,,60.22087719278352,0.0
mp-aaahhibq,R3,hartree_only,1e-05,6,True,0,tau=1e-06;k=0;margin=0.995,U,,922.0307727770414,34706.0,9.946525278464623e-07,9.946524958237594e-07,,60.22087719278352,0.0
mp-aaahhibq,R3,none,0.001,6,True,1,tau=1e-06;k=0;margin=0.995,U,,922.0307727770414,34706.0,9.946525278464623e-07,9.946524958237594e-07,0.0002729999999999,60.22087719278352,0.0
mp-aaahhibq,R3,none,0.0001,6,False,5,,,,,,,,,,
mp-aaahhibq,R3,none,1e-05,6,False,5,,,,,,,,,,
mp-aaahhibq,R3,uniform,0.001,0,False,0,,,,,,,,,,
mp-aaahhibq,R3,uniform,0.0001,0,False,0,,,,,,,,,,
mp-aaahhibq,R3,uniform,1e-05,0,False,0,,,,,,,,,,
mp-aaahhibq,R3,hap:0.0001,0.001,6,True,1,tau=1e-06;k=0;margin=0.995,hap:0.0001,,915.9081802049344,34938.0,9.95690647407717e-07,9.9569061509066e-07,0.0,60.214090699199005,0.0066403343064857
mp-aaahhibq,R3,hap:0.0001,0.0001,6,True,1,tau=1e-06;k=0;margin=0.995,hap:0.0001,,915.9081802049344,34938.0,9.95690647407717e-07,9.9569061509066e-07,0.0,60.214090699199005,0.0066403343064857
mp-aaahhibq,R3,hap:0.0001,1e-05,6,True,1,tau=1e-06;k=0;margin=0.995,hap:0.0001,,915.9081802049344,34938.0,9.95690647407717e-07,9.9569061509066e-07,0.0,60.214090699199005,0.0066403343064857
mp-aaahhibq,R3,hap:0.01,0.001,2,True,1,tau=1e-06;k=4;margin=0.975248753,hap:0.01,,909.8146252701011,35172.0,9.935171855393146e-07,9.935171534448562e-07,0.0,60.78204138841102,0.0065961560332082
mp-aaahhibq,R3,hap:0.01,0.0001,2,True,1,tau=1e-06;k=4;margin=0.975248753,hap:0.01,,909.8146252701011,35172.0,9.935171855393146e-07,9.935171534448562e-07,0.0,60.78204138841102,0.0065961560332082
mp-aaahhibq,R3,hap:0.01,1e-05,2,True,1,tau=1e-06;k=4;margin=0.975248753,hap:0.01,,909.8146252701011,35172.0,9.935171855393146e-07,9.935171534448562e-07,0.0,60.78204138841102,0.0065961560332082
mp-aaahhibq,R3,hap:1,0.001,0,False,0,,,,,,,,,,
mp-aaahhibq,R3,hap:1,0.0001,0,False,0,,,,,,,,,,
mp-aaahhibq,R3,hap:1,1e-05,0,False,0,,,,,,,,,,
mp-aaahhibq,R3,ctp-uniform,0.001,6,True,1,tau=1e-06;k=0;margin=0.995,U,unprojected,922.0042066441928,34707.0,9.946525278464623e-07,9.946524958237594e-07,0.0002729999999999,60.22087719278352,2.8812631457631024e-05
mp-aaahhibq,R3,ctp-uniform,0.0001,6,False,5,,,,,,,,,,
mp-aaahhibq,R3,ctp-uniform,1e-05,6,False,5,,,,,,,,,,
mp-aaahhibq,R3,ctp-hap:0.0001,0.001,12,True,1,tau=1e-06;k=0;margin=0.995,U,unprojected,922.0042066441928,34707.0,9.946525278464623e-07,9.946524958237594e-07,0.0002729999999999,60.22087719278352,2.8812631457631024e-05
mp-aaahhibq,R3,ctp-hap:0.0001,0.0001,12,True,5,tau=1e-06;k=0;margin=0.995,hap:0.0001,projected,915.881965711669,34939.0,9.95690647407717e-07,9.9569061509066e-07,0.0,60.214090699199005,0.006668765562838
mp-aaahhibq,R3,ctp-hap:0.0001,1e-05,12,True,5,tau=1e-06;k=0;margin=0.995,hap:0.0001,projected,915.881965711669,34939.0,9.95690647407717e-07,9.9569061509066e-07,0.0,60.214090699199005,0.006668765562838
mp-aaahhibq,R3,ctp-hap:0.01,0.001,8,True,1,tau=1e-06;k=0;margin=0.995,U,unprojected,922.0042066441928,34707.0,9.946525278464623e-07,9.946524958237594e-07,0.0002729999999999,60.22087719278352,2.8812631457631024e-05
mp-aaahhibq,R3,ctp-hap:0.01,0.0001,8,False,5,,,,,,,,,,
mp-aaahhibq,R3,ctp-hap:0.01,1e-05,8,False,5,,,,,,,,,,
mp-aaahhibq,R3,ctp-hap:1,0.001,6,True,1,tau=1e-06;k=0;margin=0.995,U,unprojected,922.0042066441928,34707.0,9.946525278464623e-07,9.946524958237594e-07,0.0002729999999999,60.22087719278352,2.8812631457631024e-05
mp-aaahhibq,R3,ctp-hap:1,0.0001,6,False,5,,,,,,,,,,
mp-aaahhibq,R3,ctp-hap:1,1e-05,6,False,5,,,,,,,,,,
mp-aaahhibq,GF,hartree_only,0.001,40,True,0,ZFP;tol_rel=0.000464159,U,,53.96435654250368,592984.0,6.979225269731872e-07,6.979220605131206e-07,,1.695061319999979,0.0
mp-aaahhibq,GF,hartree_only,0.0001,40,True,0,ZFP;tol_rel=0.000464159,U,,53.96435654250368,592984.0,6.979225269731872e-07,6.979220605131206e-07,,1.695061319999979,0.0
mp-aaahhibq,GF,hartree_only,1e-05,40,True,0,ZFP;tol_rel=0.000464159,U,,53.96435654250368,592984.0,6.979225269731872e-07,6.979220605131206e-07,,1.695061319999979,0.0
mp-aaahhibq,GF,none,0.001,40,True,1,ZFP;tol_rel=0.000464159,U,,53.96435654250368,592984.0,6.979225269731872e-07,6.979220605131206e-07,7.599999999996498e-05,1.695061319999979,0.0
mp-aaahhibq,GF,none,0.0001,40,True,1,ZFP;tol_rel=0.000464159,U,,53.96435654250368,592984.0,6.979225269731872e-07,6.979220605131206e-07,7.599999999996498e-05,1.695061319999979,0.0
mp-aaahhibq,GF,none,1e-05,40,True,3,ZFP;tol_rel=4.64159e-05,U,,28.028280535059874,1141704.0,1.0584107164124597e-07,1.0584105331351693e-07,3.999999998782755e-06,0.1214074259374911,0.0
mp-aaahhibq,GF,uniform,0.001,41,True,1,ZFP;tol_rel=0.0001,uniform,,38.23031855412936,837032.0,2.3003429336923057e-07,2.300341824814779e-07,0.0,0.4720313902977864,0.0002676122298789
mp-aaahhibq,GF,uniform,0.0001,41,True,1,ZFP;tol_rel=0.0001,uniform,,38.23031855412936,837032.0,2.3003429336923057e-07,2.300341824814779e-07,0.0,0.4720313902977864,0.0002676122298789
mp-aaahhibq,GF,uniform,1e-05,41,True,1,ZFP;tol_rel=0.0001,uniform,,38.23031855412936,837032.0,2.3003429336923057e-07,2.300341824814779e-07,0.0,0.4720313902977864,0.0002676122298789
mp-aaahhibq,GF,hap:0.0001,0.001,40,True,1,ZFP;tol_rel=0.000464159,hap:0.0001,,53.94325169921243,593216.0,6.968537909197529e-07,6.968533236616881e-07,0.0,1.6948753444655722,0.0003910885748192
mp-aaahhibq,GF,hap:0.0001,0.0001,40,True,1,ZFP;tol_rel=0.000464159,hap:0.0001,,53.94325169921243,593216.0,6.968537909197529e-07,6.968533236616881e-07,0.0,1.6948753444655722,0.0003910885748192
mp-aaahhibq,GF,hap:0.0001,1e-05,40,True,1,ZFP;tol_rel=0.000464159,hap:0.0001,,53.94325169921243,593216.0,6.968537909197529e-07,6.968533236616881e-07,0.0,1.6948753444655722,0.0003910885748192
mp-aaahhibq,GF,hap:0.01,0.001,40,True,1,ZFP;tol_rel=0.000464159,hap:0.01,,53.94325169921243,593216.0,6.801630703988861e-07,6.801625917319953e-07,0.0,1.697353942594873,0.0003910885748192
mp-aaahhibq,GF,hap:0.01,0.0001,40,True,1,ZFP;tol_rel=0.000464159,hap:0.01,,53.94325169921243,593216.0,6.801630703988861e-07,6.801625917319953e-07,0.0,1.697353942594873,0.0003910885748192
mp-aaahhibq,GF,hap:0.01,1e-05,40,True,1,ZFP;tol_rel=0.000464159,hap:0.01,,53.94325169921243,593216.0,6.801630703988861e-07,6.801625917319953e-07,0.0,1.697353942594873,0.0003910885748192
mp-aaahhibq,GF,hap:1,0.001,41,True,1,ZFP;tol_rel=0.000464159,hap:1,,53.94325169921243,593216.0,7.568709178275345e-07,7.568704876895476e-07,0.0,1.6988615035810994,0.0003910885748192
mp-aaahhibq,GF,hap:1,0.0001,41,True,1,ZFP;tol_rel=0.000464159,hap:1,,53.94325169921243,593216.0,7.568709178275345e-07,7.568704876895476e-07,0.0,1.6988615035810994,0.0003910885748192
mp-aaahhibq,GF,hap:1,1e-05,41,True,1,ZFP;tol_rel=0.000464159,hap:1,,53.94325169921243,593216.0,7.568709178275345e-07,7.568704876895476e-07,0.0,1.6988615035810994,0.0003910885748192
mp-aaahhibq,GF,ctp-uniform,0.001,81,True,1,ZFP;tol_rel=0.000464159,U,unprojected,53.96426553791411,592985.0,6.979225269731872e-07,6.979220605131206e-07,7.599999999996498e-05,1.695061319999979,1.686383298059816e-06
mp-aaahhibq,GF,ctp-uniform,0.0001,81,True,1,ZFP;tol_rel=0.000464159,U,unprojected,53.96426553791411,592985.0,6.979225269731872e-07,6.979220605131206e-07,7.599999999996498e-05,1.695061319999979,1.686383298059816e-06
mp-aaahhibq,GF,ctp-uniform,1e-05,81,True,3,ZFP;tol_rel=0.0001,uniform,projected,38.23027288051964,837033.0,2.3003429336923057e-07,2.300341824814779e-07,0.0,0.4720313902977864,0.0002688066061911
mp-aaahhibq,GF,ctp-hap:0.0001,0.001,80,True,1,ZFP;tol_rel=0.000464159,U,unprojected,53.96426553791411,592985.0,6.979225269731872e-07,6.979220605131206e-07,7.599999999996498e-05,1.695061319999979,1.686383298059816e-06
mp-aaahhibq,GF,ctp-hap:0.0001,0.0001,80,True,1,ZFP;tol_rel=0.000464159,U,unprojected,53.96426553791411,592985.0,6.979225269731872e-07,6.979220605131206e-07,7.599999999996498e-05,1.695061319999979,1.686383298059816e-06
mp-aaahhibq,GF,ctp-hap:0.0001,1e-05,80,True,2,ZFP;tol_rel=0.000464159,hap:0.0001,projected,53.943160765790594,593217.0,6.968537909197529e-07,6.968533236616881e-07,0.0,1.6948753444655722,0.0003927736393259
mp-aaahhibq,GF,ctp-hap:0.01,0.001,80,True,1,ZFP;tol_rel=0.000464159,U,unprojected,53.96426553791411,592985.0,6.979225269731872e-07,6.979220605131206e-07,7.599999999996498e-05,1.695061319999979,1.686383298059816e-06
mp-aaahhibq,GF,ctp-hap:0.01,0.0001,80,True,1,ZFP;tol_rel=0.000464159,U,unprojected,53.96426553791411,592985.0,6.979225269731872e-07,6.979220605131206e-07,7.599999999996498e-05,1.695061319999979,1.686383298059816e-06
mp-aaahhibq,GF,ctp-hap:0.01,1e-05,80,True,2,ZFP;tol_rel=0.000464159,hap:0.01,projected,53.943160765790594,593217.0,6.801630703988861e-07,6.801625917319953e-07,0.0,1.697353942594873,0.0003927736393259
mp-aaahhibq,GF,ctp-hap:1,0.001,81,True,1,ZFP;tol_rel=0.000464159,U,unprojected,53.96426553791411,592985.0,6.979225269731872e-07,6.979220605131206e-07,7.599999999996498e-05,1.695061319999979,1.686383298059816e-06
mp-aaahhibq,GF,ctp-hap:1,0.0001,81,True,1,ZFP;tol_rel=0.000464159,U,unprojected,53.96426553791411,592985.0,6.979225269731872e-07,6.979220605131206e-07,7.599999999996498e-05,1.695061319999979,1.686383298059816e-06
mp-aaahhibq,GF,ctp-hap:1,1e-05,81,True,2,ZFP;tol_rel=0.000464159,hap:1,projected,53.943160765790594,593217.0,7.568709178275345e-07,7.568704876895476e-07,0.0,1.6988615035810994,0.0003927736393259
mp-aaaabicq,J,hartree_only,0.001,19,True,0,alpha_rel=0.1,U,,980.8095875269069,17189.0,7.836578544183e-07,7.836578501102427e-07,,6.336943454248285,0.0
mp-aaaabicq,J,hartree_only,0.0001,19,True,0,alpha_rel=0.1,U,,980.8095875269069,17189.0,7.836578544183e-07,7.836578501102427e-07,,6.336943454248285,0.0
mp-aaaabicq,J,hartree_only,1e-05,19,True,0,alpha_rel=0.1,U,,980.8095875269069,17189.0,7.836578544183e-07,7.836578501102427e-07,,6.336943454248285,0.0
mp-aaaabicq,J,none,0.001,19,True,1,alpha_rel=0.1,U,,980.8095875269069,17189.0,7.836578544183e-07,7.836578501102427e-07,0.0002050000000011,6.336943454248285,0.0
mp-aaaabicq,J,none,0.0001,19,True,2,alpha_rel=0.0464159,U,,852.7204491426837,19771.0,3.8896760401926853e-07,3.8896759533977205e-07,4.29999999997932e-05,2.084324240341598,0.0
mp-aaaabicq,J,none,1e-05,19,False,5,,,,,,,,,,
mp-aaaabicq,J,uniform,0.001,17,True,1,alpha_rel=0.0215443,uniform,,719.3998719863453,23435.0,5.651478225830863e-07,5.651478166069061e-07,0.0,1.4181544169764493,0.0054619159377
mp-aaaabicq,J,uniform,0.0001,17,True,1,alpha_rel=0.0215443,uniform,,719.3998719863453,23435.0,5.651478225830863e-07,5.651478166069061e-07,0.0,1.4181544169764493,0.0054619159377
mp-aaaabicq,J,uniform,1e-05,17,True,1,alpha_rel=0.0215443,uniform,,719.3998719863453,23435.0,5.651478225830863e-07,5.651478166069061e-07,0.0,1.4181544169764493,0.0054619159377
mp-aaaabicq,J,hap:0.0001,0.001,19,True,1,alpha_rel=0.1,hap:0.0001,,973.110303030303,17325.0,7.887590782883145e-07,7.887590728805096e-07,0.0,6.334154684838268,0.0078499278499278
mp-aaaabicq,J,hap:0.0001,0.0001,19,True,1,alpha_rel=0.1,hap:0.0001,,973.110303030303,17325.0,7.887590782883145e-07,7.887590728805096e-07,0.0,6.334154684838268,0.0078499278499278
mp-aaaabicq,J,hap:0.0001,1e-05,19,True,1,alpha_rel=0.1,hap:0.0001,,973.110303030303,17325.0,7.887590782883145e-07,7.887590728805096e-07,0.0,6.334154684838268,0.0078499278499278
mp-aaaabicq,J,hap:0.01,0.001,19,True,1,alpha_rel=0.1,hap:0.01,,973.110303030303,17325.0,8.868149568329428e-07,8.868149528109501e-07,0.0,6.34341970692094,0.0078499278499278
mp-aaaabicq,J,hap:0.01,0.0001,19,True,1,alpha_rel=0.1,hap:0.01,,973.110303030303,17325.0,8.868149568329428e-07,8.868149528109501e-07,0.0,6.34341970692094,0.0078499278499278
mp-aaaabicq,J,hap:0.01,1e-05,19,True,1,alpha_rel=0.1,hap:0.01,,973.110303030303,17325.0,8.868149568329428e-07,8.868149528109501e-07,0.0,6.34341970692094,0.0078499278499278
mp-aaaabicq,J,hap:1,0.001,17,True,1,alpha_rel=0.0215443,hap:1,,719.1543744401314,23443.0,3.860950650570623e-07,3.860950563092953e-07,0.0,1.418155580329767,0.005801305293691
mp-aaaabicq,J,hap:1,0.0001,17,True,1,alpha_rel=0.0215443,hap:1,,719.1543744401314,23443.0,3.860950650570623e-07,3.860950563092953e-07,0.0,1.418155580329767,0.005801305293691
mp-aaaabicq,J,hap:1,1e-05,17,True,1,alpha_rel=0.0215443,hap:1,,719.1543744401314,23443.0,3.860950650570623e-07,3.860950563092953e-07,0.0,1.418155580329767,0.005801305293691
mp-aaaabicq,J,ctp-uniform,0.001,36,True,1,alpha_rel=0.1,U,unprojected,980.7525305410122,17190.0,7.836578544183e-07,7.836578501102427e-07,0.0002050000000011,6.336943454248285,5.817335660267598e-05
mp-aaaabicq,J,ctp-uniform,0.0001,36,True,2,alpha_rel=0.0464159,U,unprojected,852.6773214646976,19772.0,3.8896760401926853e-07,3.8896759533977205e-07,4.29999999997932e-05,2.084324240341598,5.057657293141817e-05
mp-aaaabicq,J,ctp-uniform,1e-05,36,True,4,alpha_rel=0.0215443,uniform,projected,719.3691756272401,23436.0,5.651478225830863e-07,5.651478166069061e-07,0.0,1.4181544169764493,0.0055043522785458
mp-aaaabicq,J,ctp-hap:0.0001,0.001,38,True,1,alpha_rel=0.1,U,unprojected,980.7525305410122,17190.0,7.836578544183e-07,7.836578501102427e-07,0.0002050000000011,6.336943454248285,5.817335660267598e-05
mp-aaaabicq,J,ctp-hap:0.0001,0.0001,38,True,2,alpha_rel=0.1,hap:0.0001,projected,973.0541382892762,17326.0,7.887590782883145e-07,7.887590728805096e-07,0.0,6.334154684838268,0.0079071915040978
mp-aaaabicq,J,ctp-hap:0.0001,1e-05,38,True,2,alpha_rel=0.1,hap:0.0001,projected,973.0541382892762,17326.0,7.887590782883145e-07,7.887590728805096e-07,0.0,6.334154684838268,0.0079071915040978
mp-aaaabicq,J,ctp-hap:0.01,0.001,38,True,1,alpha_rel=0.1,U,unprojected,980.7525305410122,17190.0,7.836578544183e-07,7.836578501102427e-07,0.0002050000000011,6.336943454248285,5.817335660267598e-05
mp-aaaabicq,J,ctp-hap:0.01,0.0001,38,True,2,alpha_rel=0.1,hap:0.01,projected,973.0541382892762,17326.0,8.868149568329428e-07,8.868149528109501e-07,0.0,6.34341970692094,0.0079071915040978
mp-aaaabicq,J,ctp-hap:0.01,1e-05,38,True,2,alpha_rel=0.1,hap:0.01,projected,973.0541382892762,17326.0,8.868149568329428e-07,8.868149528109501e-07,0.0,6.34341970692094,0.0079071915040978
mp-aaaabicq,J,ctp-hap:1,0.001,36,True,1,alpha_rel=0.1,U,unprojected,980.7525305410122,17190.0,7.836578544183e-07,7.836578501102427e-07,0.0002050000000011,6.336943454248285,5.817335660267598e-05
mp-aaaabicq,J,ctp-hap:1,0.0001,36,True,2,alpha_rel=0.0464159,U,unprojected,852.6773214646976,19772.0,3.8896760401926853e-07,3.8896759533977205e-07,4.29999999997932e-05,2.084324240341598,5.057657293141817e-05
mp-aaaabicq,J,ctp-hap:1,1e-05,36,True,4,alpha_rel=0.0215443,hap:1,projected,719.1236990274697,23444.0,3.860950650570623e-07,3.860950563092953e-07,0.0,1.418155580329767,0.0058437126770175
mp-aaaabicq,T1,hartree_only,0.001,45,True,0,q_cut=0.2;alpha_rel=4.64159e-05,U,,646.3153536515239,26085.0,8.114997267058618e-07,8.114997225456103e-07,,5.218955815078516,0.0
mp-aaaabicq,T1,hartree_only,0.0001,45,True,0,q_cut=0.2;alpha_rel=4.64159e-05,U,,646.3153536515239,26085.0,8.114997267058618e-07,8.114997225456103e-07,,5.218955815078516,0.0
mp-aaaabicq,T1,hartree_only,1e-05,45,True,0,q_cut=0.2;alpha_rel=4.64159e-05,U,,646.3153536515239,26085.0,8.114997267058618e-07,8.114997225456103e-07,,5.218955815078516,0.0
mp-aaaabicq,T1,none,0.001,45,True,1,q_cut=0.2;alpha_rel=4.64159e-05,U,,646.3153536515239,26085.0,8.114997267058618e-07,8.114997225456103e-07,0.0001090000000001,5.218955815078516,0.0
mp-aaaabicq,T1,none,0.0001,45,False,5,,,,,,,,,,
mp-aaaabicq,T1,none,1e-05,45,False,5,,,,,,,,,,
mp-aaaabicq,T1,uniform,0.001,54,True,1,q_cut=0.2;alpha_rel=0.0001,uniform,,695.0214783361504,24257.0,8.51325566675575e-07,8.513255626855403e-07,0.0,5.20515608597043,0.0052768273075813
mp-aaaabicq,T1,uniform,0.0001,54,True,1,q_cut=0.2;alpha_rel=0.0001,uniform,,695.0214783361504,24257.0,8.51325566675575e-07,8.513255626855403e-07,0.0,5.20515608597043,0.0052768273075813
mp-aaaabicq,T1,uniform,1e-05,54,True,1,q_cut=0.2;alpha_rel=0.0001,uniform,,695.0214783361504,24257.0,8.51325566675575e-07,8.513255626855403e-07,0.0,5.20515608597043,0.0052768273075813
mp-aaaabicq,T1,hap:0.0001,0.001,45,True,1,q_cut=0.2;alpha_rel=4.64159e-05,hap:0.0001,,642.9631211624271,26221.0,8.122516123245913e-07,8.122516079707267e-07,0.0,5.218680664539988,0.0051866824301132
mp-aaaabicq,T1,hap:0.0001,0.0001,45,True,1,q_cut=0.2;alpha_rel=4.64159e-05,hap:0.0001,,642.9631211624271,26221.0,8.122516123245913e-07,8.122516079707267e-07,0.0,5.218680664539988,0.0051866824301132
mp-aaaabicq,T1,hap:0.0001,1e-05,45,True,1,q_cut=0.2;alpha_rel=4.64159e-05,hap:0.0001,,642.9631211624271,26221.0,8.122516123245913e-07,8.122516079707267e-07,0.0,5.218680664539988,0.0051866824301132
mp-aaaabicq,T1,hap:0.01,0.001,45,True,1,q_cut=0.2;alpha_rel=4.64159e-05,hap:0.01,,642.9631211624271,26221.0,8.105896856113942e-07,8.105896814025329e-07,0.0,5.219527291383201,0.0051866824301132
mp-aaaabicq,T1,hap:0.01,0.0001,45,True,1,q_cut=0.2;alpha_rel=4.64159e-05,hap:0.01,,642.9631211624271,26221.0,8.105896856113942e-07,8.105896814025329e-07,0.0,5.219527291383201,0.0051866824301132
mp-aaaabicq,T1,hap:0.01,1e-05,45,True,1,q_cut=0.2;alpha_rel=4.64159e-05,hap:0.01,,642.9631211624271,26221.0,8.105896856113942e-07,8.105896814025329e-07,0.0,5.219527291383201,0.0051866824301132
mp-aaaabicq,T1,hap:1,0.001,50,True,1,q_cut=0.2;alpha_rel=0.0001,hap:1,,694.7923346383681,24265.0,5.531656483198343e-07,5.53165642177891e-07,0.0,5.205434545045591,0.0056047805481145
mp-aaaabicq,T1,hap:1,0.0001,50,True,1,q_cut=0.2;alpha_rel=0.0001,hap:1,,694.7923346383681,24265.0,5.531656483198343e-07,5.53165642177891e-07,0.0,5.205434545045591,0.0056047805481145
mp-aaaabicq,T1,hap:1,1e-05,50,True,1,q_cut=0.2;alpha_rel=0.0001,hap:1,,694.7923346383681,24265.0,5.531656483198343e-07,5.53165642177891e-07,0.0,5.205434545045591,0.0056047805481145
mp-aaaabicq,T1,ctp-uniform,0.001,99,True,2,q_cut=0.2;alpha_rel=4.64159e-05,U,unprojected,646.2905773211685,26086.0,8.114997267058618e-07,8.114997225456103e-07,0.0001090000000001,5.218955815078516,3.833473894042782e-05
mp-aaaabicq,T1,ctp-uniform,0.0001,99,True,1,q_cut=0.2;alpha_rel=0.0001,uniform,projected,694.9928271085828,24258.0,8.51325566675575e-07,8.513255626855403e-07,0.0,5.20515608597043,0.0053178332921098
mp-aaaabicq,T1,ctp-uniform,1e-05,99,True,1,q_cut=0.2;alpha_rel=0.0001,uniform,projected,694.9928271085828,24258.0,8.51325566675575e-07,8.513255626855403e-07,0.0,5.20515608597043,0.0053178332921098
mp-aaaabicq,T1,ctp-hap:0.0001,0.001,90,True,1,q_cut=0.2;alpha_rel=4.64159e-05,U,unprojected,646.2905773211685,26086.0,8.114997267058618e-07,8.114997225456103e-07,0.0001090000000001,5.218955815078516,3.833473894042782e-05
mp-aaaabicq,T1,ctp-hap:0.0001,0.0001,90,True,2,q_cut=0.2;alpha_rel=4.64159e-05,hap:0.0001,projected,642.9386011745862,26222.0,8.122516123245913e-07,8.122516079707267e-07,0.0,5.218680664539988,0.0052246205476317
mp-aaaabicq,T1,ctp-hap:0.0001,1e-05,90,True,2,q_cut=0.2;alpha_rel=4.64159e-05,hap:0.0001,projected,642.9386011745862,26222.0,8.122516123245913e-07,8.122516079707267e-07,0.0,5.218680664539988,0.0052246205476317
mp-aaaabicq,T1,ctp-hap:0.01,0.001,90,True,1,q_cut=0.2;alpha_rel=4.64159e-05,U,unprojected,646.2905773211685,26086.0,8.114997267058618e-07,8.114997225456103e-07,0.0001090000000001,5.218955815078516,3.833473894042782e-05
mp-aaaabicq,T1,ctp-hap:0.01,0.0001,90,True,2,q_cut=0.2;alpha_rel=4.64159e-05,hap:0.01,projected,642.9386011745862,26222.0,8.105896856113942e-07,8.105896814025329e-07,0.0,5.219527291383201,0.0052246205476317
mp-aaaabicq,T1,ctp-hap:0.01,1e-05,90,True,2,q_cut=0.2;alpha_rel=4.64159e-05,hap:0.01,projected,642.9386011745862,26222.0,8.105896856113942e-07,8.105896814025329e-07,0.0,5.219527291383201,0.0052246205476317
mp-aaaabicq,T1,ctp-hap:1,0.001,95,True,2,q_cut=0.2;alpha_rel=4.64159e-05,U,unprojected,646.2905773211685,26086.0,8.114997267058618e-07,8.114997225456103e-07,0.0001090000000001,5.218955815078516,3.833473894042782e-05
mp-aaaabicq,T1,ctp-hap:1,0.0001,95,True,1,q_cut=0.2;alpha_rel=0.0001,hap:1,projected,694.7637022995137,24266.0,5.531656483198343e-07,5.53165642177891e-07,0.0,5.205434545045591,0.0056457594988873
mp-aaaabicq,T1,ctp-hap:1,1e-05,95,True,1,q_cut=0.2;alpha_rel=0.0001,hap:1,projected,694.7637022995137,24266.0,5.531656483198343e-07,5.53165642177891e-07,0.0,5.205434545045591,0.0056457594988873
mp-aaaabicq,GP,hartree_only,0.001,0,False,0,,,,,,,,,,
mp-aaaabicq,GP,hartree_only,0.0001,0,False,0,,,,,,,,,,
mp-aaaabicq,GP,hartree_only,1e-05,0,False,0,,,,,,,,,,
mp-aaaabicq,GP,none,0.001,0,False,0,,,,,,,,,,
mp-aaaabicq,GP,none,0.0001,0,False,0,,,,,,,,,,
mp-aaaabicq,GP,none,1e-05,0,False,0,,,,,,,,,,
mp-aaaabicq,GP,uniform,0.001,0,False,0,,,,,,,,,,
mp-aaaabicq,GP,uniform,0.0001,0,False,0,,,,,,,,,,
mp-aaaabicq,GP,uniform,1e-05,0,False,0,,,,,,,,,,
mp-aaaabicq,GP,hap:0.0001,0.001,0,False,0,,,,,,,,,,
mp-aaaabicq,GP,hap:0.0001,0.0001,0,False,0,,,,,,,,,,
mp-aaaabicq,GP,hap:0.0001,1e-05,0,False,0,,,,,,,,,,
mp-aaaabicq,GP,hap:0.01,0.001,0,False,0,,,,,,,,,,
mp-aaaabicq,GP,hap:0.01,0.0001,0,False,0,,,,,,,,,,
mp-aaaabicq,GP,hap:0.01,1e-05,0,False,0,,,,,,,,,,
mp-aaaabicq,GP,hap:1,0.001,0,False,0,,,,,,,,,,
mp-aaaabicq,GP,hap:1,0.0001,0,False,0,,,,,,,,,,
mp-aaaabicq,GP,hap:1,1e-05,0,False,0,,,,,,,,,,
mp-aaaabicq,GP,ctp-uniform,0.001,0,False,0,,,,,,,,,,
mp-aaaabicq,GP,ctp-uniform,0.0001,0,False,0,,,,,,,,,,
mp-aaaabicq,GP,ctp-uniform,1e-05,0,False,0,,,,,,,,,,
mp-aaaabicq,GP,ctp-hap:0.0001,0.001,0,False,0,,,,,,,,,,
mp-aaaabicq,GP,ctp-hap:0.0001,0.0001,0,False,0,,,,,,,,,,
mp-aaaabicq,GP,ctp-hap:0.0001,1e-05,0,False,0,,,,,,,,,,
mp-aaaabicq,GP,ctp-hap:0.01,0.001,0,False,0,,,,,,,,,,
mp-aaaabicq,GP,ctp-hap:0.01,0.0001,0,False,0,,,,,,,,,,
mp-aaaabicq,GP,ctp-hap:0.01,1e-05,0,False,0,,,,,,,,,,
mp-aaaabicq,GP,ctp-hap:1,0.001,0,False,0,,,,,,,,,,
mp-aaaabicq,GP,ctp-hap:1,0.0001,0,False,0,,,,,,,,,,
mp-aaaabicq,GP,ctp-hap:1,1e-05,0,False,0,,,,,,,,,,
mp-aaaabicq,R3,hartree_only,0.001,6,True,0,tau=1e-06;k=0;margin=0.995,U,,1481.4706502636204,11380.0,9.93845912603444e-07,9.938459092064955e-07,,20.94211888140535,0.0
mp-aaaabicq,R3,hartree_only,0.0001,6,True,0,tau=1e-06;k=0;margin=0.995,U,,1481.4706502636204,11380.0,9.93845912603444e-07,9.938459092064955e-07,,20.94211888140535,0.0
mp-aaaabicq,R3,hartree_only,1e-05,6,True,0,tau=1e-06;k=0;margin=0.995,U,,1481.4706502636204,11380.0,9.93845912603444e-07,9.938459092064955e-07,,20.94211888140535,0.0
mp-aaaabicq,R3,none,0.001,6,True,1,tau=1e-06;k=0;margin=0.995,U,,1481.4706502636204,11380.0,9.93845912603444e-07,9.938459092064955e-07,0.0002510000000004,20.94211888140535,0.0
mp-aaaabicq,R3,none,0.0001,6,False,5,,,,,,,,,,
mp-aaaabicq,R3,none,1e-05,6,False,5,,,,,,,,,,
mp-aaaabicq,R3,uniform,0.001,0,False,0,,,,,,,,,,
mp-aaaabicq,R3,uniform,0.0001,0,False,0,,,,,,,,,,
mp-aaaabicq,R3,uniform,1e-05,0,False,0,,,,,,,,,,
mp-aaaabicq,R3,hap:0.0001,0.001,6,True,1,tau=1e-06;k=0;margin=0.995,hap:0.0001,,1463.9749913164294,11516.0,9.991632922616022e-07,9.99163287900732e-07,0.0,20.93858741070881,0.0118096561306009
mp-aaaabicq,R3,hap:0.0001,0.0001,6,True,1,tau=1e-06;k=0;margin=0.995,hap:0.0001,,1463.9749913164294,11516.0,9.991632922616022e-07,9.99163287900732e-07,0.0,20.93858741070881,0.0118096561306009
mp-aaaabicq,R3,hap:0.0001,1e-05,6,True,1,tau=1e-06;k=0;margin=0.995,hap:0.0001,,1463.9749913164294,11516.0,9.991632922616022e-07,9.99163287900732e-07,0.0,20.93858741070881,0.0118096561306009
mp-aaaabicq,R3,hap:0.01,0.001,0,False,0,,,,,,,,,,
mp-aaaabicq,R3,hap:0.01,0.0001,0,False,0,,,,,,,,,,
mp-aaaabicq,R3,hap:0.01,1e-05,0,False,0,,,,,,,,,,
mp-aaaabicq,R3,hap:1,0.001,0,False,0,,,,,,,,,,
mp-aaaabicq,R3,hap:1,0.0001,0,False,0,,,,,,,,,,
mp-aaaabicq,R3,hap:1,1e-05,0,False,0,,,,,,,,,,
mp-aaaabicq,R3,ctp-uniform,0.001,6,True,1,tau=1e-06;k=0;margin=0.995,U,unprojected,1481.3404797469466,11381.0,9.93845912603444e-07,9.938459092064955e-07,0.0002510000000004,20.94211888140535,8.786574114752658e-05
mp-aaaabicq,R3,ctp-uniform,0.0001,6,False,5,,,,,,,,,,
mp-aaaabicq,R3,ctp-uniform,1e-05,6,False,5,,,,,,,,,,
mp-aaaabicq,R3,ctp-hap:0.0001,0.001,12,True,1,tau=1e-06;k=0;margin=0.995,U,unprojected,1481.3404797469466,11381.0,9.93845912603444e-07,9.938459092064955e-07,0.0002510000000004,20.94211888140535,8.786574114752658e-05
mp-aaaabicq,R3,ctp-hap:0.0001,0.0001,12,False,5,,,,,,,,,,
mp-aaaabicq,R3,ctp-hap:0.0001,1e-05,12,False,5,,,,,,,,,,
mp-aaaabicq,R3,ctp-hap:0.01,0.001,6,True,1,tau=1e-06;k=0;margin=0.995,U,unprojected,1481.3404797469466,11381.0,9.93845912603444e-07,9.938459092064955e-07,0.0002510000000004,20.94211888140535,8.786574114752658e-05
mp-aaaabicq,R3,ctp-hap:0.01,0.0001,6,False,5,,,,,,,,,,
mp-aaaabicq,R3,ctp-hap:0.01,1e-05,6,False,5,,,,,,,,,,
mp-aaaabicq,R3,ctp-hap:1,0.001,6,True,1,tau=1e-06;k=0;margin=0.995,U,unprojected,1481.3404797469466,11381.0,9.93845912603444e-07,9.938459092064955e-07,0.0002510000000004,20.94211888140535,8.786574114752658e-05
mp-aaaabicq,R3,ctp-hap:1,0.0001,6,False,5,,,,,,,,,,
mp-aaaabicq,R3,ctp-hap:1,1e-05,6,False,5,,,,,,,,,,
mp-aaaabicq,GF,hartree_only,0.001,41,True,0,ZFP;tol_rel=0.000464159,U,,37.24228607782844,452688.0,3.6882091959929364e-07,3.688207726334229e-07,,0.2159453924999752,0.0
mp-aaaabicq,GF,hartree_only,0.0001,41,True,0,ZFP;tol_rel=0.000464159,U,,37.24228607782844,452688.0,3.6882091959929364e-07,3.688207726334229e-07,,0.2159453924999752,0.0
mp-aaaabicq,GF,hartree_only,1e-05,41,True,0,ZFP;tol_rel=0.000464159,U,,37.24228607782844,452688.0,3.6882091959929364e-07,3.688207726334229e-07,,0.2159453924999752,0.0
mp-aaaabicq,GF,none,0.001,41,True,1,ZFP;tol_rel=0.000464159,U,,37.24228607782844,452688.0,3.6882091959929364e-07,3.688207726334229e-07,3.0999999999892225e-05,0.2159453924999752,0.0
mp-aaaabicq,GF,none,0.0001,41,True,1,ZFP;tol_rel=0.000464159,U,,37.24228607782844,452688.0,3.6882091959929364e-07,3.688207726334229e-07,3.0999999999892225e-05,0.2159453924999752,0.0
mp-aaaabicq,GF,none,1e-05,41,True,2,ZFP;tol_rel=0.0001,U,,27.123907587360836,621560.0,7.263033944287166e-07,7.263033886279666e-07,8.000000000230045e-06,0.060261750781251,0.0
mp-aaaabicq,GF,uniform,0.001,45,True,1,ZFP;tol_rel=0.001,uniform,,44.13941018766756,381952.0,5.296340530234421e-07,5.296337044802907e-07,0.0,0.4062344087928977,0.0003351206434316
mp-aaaabicq,GF,uniform,0.0001,45,True,1,ZFP;tol_rel=0.001,uniform,,44.13941018766756,381952.0,5.296340530234421e-07,5.296337044802907e-07,0.0,0.4062344087928977,0.0003351206434316
mp-aaaabicq,GF,uniform,1e-05,45,True,1,ZFP;tol_rel=0.001,uniform,,44.13941018766756,381952.0,5.296340530234421e-07,5.296337044802907e-07,0.0,0.4062344087928977,0.0003351206434316
mp-aaaabicq,GF,hap:0.0001,0.001,41,True,1,ZFP;tol_rel=0.000464159,hap:0.0001,,37.23110082504461,452824.0,3.67933372267263e-07,3.679332249076116e-07,0.0,0.2156920425049975,0.0003003374379449
mp-aaaabicq,GF,hap:0.0001,0.0001,41,True,1,ZFP;tol_rel=0.000464159,hap:0.0001,,37.23110082504461,452824.0,3.67933372267263e-07,3.679332249076116e-07,0.0,0.2156920425049975,0.0003003374379449
mp-aaaabicq,GF,hap:0.0001,1e-05,41,True,1,ZFP;tol_rel=0.000464159,hap:0.0001,,37.23110082504461,452824.0,3.67933372267263e-07,3.679332249076116e-07,0.0,0.2156920425049975,0.0003003374379449
mp-aaaabicq,GF,hap:0.01,0.001,41,True,1,ZFP;tol_rel=0.000464159,hap:0.01,,37.23110082504461,452824.0,3.471062697061282e-07,3.471061135358212e-07,0.0,0.2158769902902122,0.0003003374379449
mp-aaaabicq,GF,hap:0.01,0.0001,41,True,1,ZFP;tol_rel=0.000464159,hap:0.01,,37.23110082504461,452824.0,3.471062697061282e-07,3.471061135358212e-07,0.0,0.2158769902902122,0.0003003374379449
mp-aaaabicq,GF,hap:0.01,1e-05,41,True,1,ZFP;tol_rel=0.000464159,hap:0.01,,37.23110082504461,452824.0,3.471062697061282e-07,3.471061135358212e-07,0.0,0.2158769902902122,0.0003003374379449
mp-aaaabicq,GF,hap:1,0.001,44,True,1,ZFP;tol_rel=0.000464159,hap:1,,37.23110082504461,452824.0,4.955139574377374e-07,4.955138480447167e-07,0.0,0.2155350003463354,0.0003003374379449
mp-aaaabicq,GF,hap:1,0.0001,44,True,1,ZFP;tol_rel=0.000464159,hap:1,,37.23110082504461,452824.0,4.955139574377374e-07,4.955138480447167e-07,0.0,0.2155350003463354,0.0003003374379449
mp-aaaabicq,GF,hap:1,1e-05,44,True,1,ZFP;tol_rel=0.000464159,hap:1,,37.23110082504461,452824.0,4.955139574377374e-07,4.955138480447167e-07,0.0,0.2155350003463354,0.0003003374379449
mp-aaaabicq,GF,ctp-uniform,0.001,86,True,2,ZFP;tol_rel=0.000464159,U,unprojected,37.242203808795885,452689.0,3.6882091959929364e-07,3.688207726334229e-07,3.0999999999892225e-05,0.2159453924999752,2.209022088011858e-06
mp-aaaabicq,GF,ctp-uniform,0.0001,86,True,2,ZFP;tol_rel=0.000464159,U,unprojected,37.242203808795885,452689.0,3.6882091959929364e-07,3.688207726334229e-07,3.0999999999892225e-05,0.2159453924999752,2.209022088011858e-06
mp-aaaabicq,GF,ctp-uniform,1e-05,86,True,1,ZFP;tol_rel=0.001,uniform,projected,44.13929462525494,381953.0,5.296340530234421e-07,5.296337044802907e-07,0.0,0.4062344087928977,0.0003377378892167
mp-aaaabicq,GF,ctp-hap:0.0001,0.001,82,True,1,ZFP;tol_rel=0.000464159,U,unprojected,37.242203808795885,452689.0,3.6882091959929364e-07,3.688207726334229e-07,3.0999999999892225e-05,0.2159453924999752,2.209022088011858e-06
mp-aaaabicq,GF,ctp-hap:0.0001,0.0001,82,True,1,ZFP;tol_rel=0.000464159,U,unprojected,37.242203808795885,452689.0,3.6882091959929364e-07,3.688207726334229e-07,3.0999999999892225e-05,0.2159453924999752,2.209022088011858e-06
mp-aaaabicq,GF,ctp-hap:0.0001,1e-05,82,True,2,ZFP;tol_rel=0.000464159,hap:0.0001,projected,37.23101860542152,452825.0,3.67933372267263e-07,3.679332249076116e-07,0.0,0.2156920425049975,0.0003025451333296
mp-aaaabicq,GF,ctp-hap:0.01,0.001,82,True,1,ZFP;tol_rel=0.000464159,U,unprojected,37.242203808795885,452689.0,3.6882091959929364e-07,3.688207726334229e-07,3.0999999999892225e-05,0.2159453924999752,2.209022088011858e-06
mp-aaaabicq,GF,ctp-hap:0.01,0.0001,82,True,1,ZFP;tol_rel=0.000464159,U,unprojected,37.242203808795885,452689.0,3.6882091959929364e-07,3.688207726334229e-07,3.0999999999892225e-05,0.2159453924999752,2.209022088011858e-06
mp-aaaabicq,GF,ctp-hap:0.01,1e-05,82,True,2,ZFP;tol_rel=0.000464159,hap:0.01,projected,37.23101860542152,452825.0,3.471062697061282e-07,3.471061135358212e-07,0.0,0.2158769902902122,0.0003025451333296
mp-aaaabicq,GF,ctp-hap:1,0.001,85,True,1,ZFP;tol_rel=0.000464159,U,unprojected,37.242203808795885,452689.0,3.6882091959929364e-07,3.688207726334229e-07,3.0999999999892225e-05,0.2159453924999752,2.209022088011858e-06
mp-aaaabicq,GF,ctp-hap:1,0.0001,85,True,1,ZFP;tol_rel=0.000464159,U,unprojected,37.242203808795885,452689.0,3.6882091959929364e-07,3.688207726334229e-07,3.0999999999892225e-05,0.2159453924999752,2.209022088011858e-06
mp-aaaabicq,GF,ctp-hap:1,1e-05,85,True,2,ZFP;tol_rel=0.000464159,hap:1,projected,37.23101860542152,452825.0,4.955139574377374e-07,4.955138480447167e-07,0.0,0.2155350003463354,0.0003025451333296
mp-aaaaakxt,J,hartree_only,0.001,18,True,0,alpha_rel=0.0464159,U,,1350.144210960033,21843.0,6.726190375119199e-07,6.726190052530441e-07,,15.069782341205142,0.0
mp-aaaaakxt,J,hartree_only,0.0001,18,True,0,alpha_rel=0.0464159,U,,1350.144210960033,21843.0,6.726190375119199e-07,6.726190052530441e-07,,15.069782341205142,0.0
mp-aaaaakxt,J,hartree_only,1e-05,18,True,0,alpha_rel=0.0464159,U,,1350.144210960033,21843.0,6.726190375119199e-07,6.726190052530441e-07,,15.069782341205142,0.0
mp-aaaaakxt,J,none,0.001,18,True,1,alpha_rel=0.0464159,U,,1350.144210960033,21843.0,6.726190375119199e-07,6.726190052530441e-07,0.0001530000000009,15.069782341205142,0.0
mp-aaaaakxt,J,none,0.0001,18,True,4,alpha_rel=0.00464159,U,,738.3136390947326,39944.0,1.0613366829071616e-07,1.0613346385083709e-07,3.400000000119974e-05,5.284030681238555,0.0
mp-aaaaakxt,J,none,1e-05,18,False,5,,,,,,,,,,
mp-aaaaakxt,J,uniform,0.001,16,True,1,alpha_rel=0.01,uniform,,929.2371679742888,31737.0,2.713344510351032e-07,2.713343710462332e-07,0.0,10.048142188945349,0.0045372908592494
mp-aaaaakxt,J,uniform,0.0001,16,True,1,alpha_rel=0.01,uniform,,929.2371679742888,31737.0,2.713344510351032e-07,2.713343710462332e-07,0.0,10.048142188945349,0.0045372908592494
mp-aaaaakxt,J,uniform,1e-05,16,True,1,alpha_rel=0.01,uniform,,929.2371679742888,31737.0,2.713344510351032e-07,2.713343710462332e-07,0.0,10.048142188945349,0.0045372908592494
mp-aaaaakxt,J,hap:0.0001,0.001,18,True,1,alpha_rel=0.0464159,hap:0.0001,,1340.813821323028,21995.0,6.738150512130501e-07,6.73815018863821e-07,0.0,15.069423797337944,0.0069106615139804
mp-aaaaakxt,J,hap:0.0001,0.0001,18,True,1,alpha_rel=0.0464159,hap:0.0001,,1340.813821323028,21995.0,6.738150512130501e-07,6.73815018863821e-07,0.0,15.069423797337944,0.0069106615139804
mp-aaaaakxt,J,hap:0.0001,1e-05,18,True,1,alpha_rel=0.0464159,hap:0.0001,,1340.813821323028,21995.0,6.738150512130501e-07,6.73815018863821e-07,0.0,15.069423797337944,0.0069106615139804
mp-aaaaakxt,J,hap:0.01,0.001,18,True,1,alpha_rel=0.0464159,hap:0.01,,1340.813821323028,21995.0,7.084775901666961e-07,7.084775595217269e-07,0.0,15.070329557813352,0.0069106615139804
mp-aaaaakxt,J,hap:0.01,0.0001,18,True,1,alpha_rel=0.0464159,hap:0.01,,1340.813821323028,21995.0,7.084775901666961e-07,7.084775595217269e-07,0.0,15.070329557813352,0.0069106615139804
mp-aaaaakxt,J,hap:0.01,1e-05,18,True,1,alpha_rel=0.0464159,hap:0.01,,1340.813821323028,21995.0,7.084775901666961e-07,7.084775595217269e-07,0.0,15.070329557813352,0.0069106615139804
mp-aaaaakxt,J,hap:1,0.001,17,True,1,alpha_rel=0.0464159,hap:1,,1340.813821323028,21995.0,9.48054037017322e-07,9.480540141221286e-07,0.0,15.070613258284814,0.0069106615139804
mp-aaaaakxt,J,hap:1,0.0001,17,True,1,alpha_rel=0.0464159,hap:1,,1340.813821323028,21995.0,9.48054037017322e-07,9.480540141221286e-07,0.0,15.070613258284814,0.0069106615139804
mp-aaaaakxt,J,hap:1,1e-05,17,True,1,alpha_rel=0.0464159,hap:1,,1340.813821323028,21995.0,9.48054037017322e-07,9.480540141221286e-07,0.0,15.070613258284814,0.0069106615139804
mp-aaaaakxt,J,ctp-uniform,0.001,34,True,1,alpha_rel=0.0464159,U,unprojected,1350.0824024903864,21844.0,6.726190375119199e-07,6.726190052530441e-07,0.0001530000000009,15.069782341205142,4.577916132576451e-05
mp-aaaaakxt,J,ctp-uniform,0.0001,34,True,4,alpha_rel=0.01,uniform,projected,929.2078895960678,31738.0,2.713344510351032e-07,2.713343710462332e-07,0.0,10.048142188945349,0.004568655869935
mp-aaaaakxt,J,ctp-uniform,1e-05,34,True,4,alpha_rel=0.01,uniform,projected,929.2078895960678,31738.0,2.713344510351032e-07,2.713343710462332e-07,0.0,10.048142188945349,0.004568655869935
mp-aaaaakxt,J,ctp-hap:0.0001,0.001,36,True,1,alpha_rel=0.0464159,U,unprojected,1350.0824024903864,21844.0,6.726190375119199e-07,6.726190052530441e-07,0.0001530000000009,15.069782341205142,4.577916132576451e-05
mp-aaaaakxt,J,ctp-hap:0.0001,0.0001,36,True,2,alpha_rel=0.0464159,hap:0.0001,projected,1340.7528641571196,21996.0,6.738150512130501e-07,6.73815018863821e-07,0.0,15.069423797337944,0.0069558101472995
mp-aaaaakxt,J,ctp-hap:0.0001,1e-05,36,True,2,alpha_rel=0.0464159,hap:0.0001,projected,1340.7528641571196,21996.0,6.738150512130501e-07,6.73815018863821e-07,0.0,15.069423797337944,0.0069558101472995
mp-aaaaakxt,J,ctp-hap:0.01,0.001,36,True,1,alpha_rel=0.0464159,U,unprojected,1350.0824024903864,21844.0,6.726190375119199e-07,6.726190052530441e-07,0.0001530000000009,15.069782341205142,4.577916132576451e-05
mp-aaaaakxt,J,ctp-hap:0.01,0.0001,36,True,2,alpha_rel=0.0464159,hap:0.01,projected,1340.7528641571196,21996.0,7.084775901666961e-07,7.084775595217269e-07,0.0,15.070329557813352,0.0069558101472995
mp-aaaaakxt,J,ctp-hap:0.01,1e-05,36,True,2,alpha_rel=0.0464159,hap:0.01,projected,1340.7528641571196,21996.0,7.084775901666961e-07,7.084775595217269e-07,0.0,15.070329557813352,0.0069558101472995
mp-aaaaakxt,J,ctp-hap:1,0.001,35,True,1,alpha_rel=0.0464159,U,unprojected,1350.0824024903864,21844.0,6.726190375119199e-07,6.726190052530441e-07,0.0001530000000009,15.069782341205142,4.577916132576451e-05
mp-aaaaakxt,J,ctp-hap:1,0.0001,35,True,2,alpha_rel=0.0464159,hap:1,projected,1340.7528641571196,21996.0,9.48054037017322e-07,9.480540141221286e-07,0.0,15.070613258284814,0.0069558101472995
mp-aaaaakxt,J,ctp-hap:1,1e-05,35,True,2,alpha_rel=0.0464159,hap:1,projected,1340.7528641571196,21996.0,9.48054037017322e-07,9.480540141221286e-07,0.0,15.070613258284814,0.0069558101472995
mp-aaaaakxt,T1,hartree_only,0.001,40,True,0,q_cut=0.2;alpha_rel=2.15443e-05,U,,780.6034939121229,37780.0,3.356524742629463e-07,3.356524096188958e-07,,14.980975971660882,0.0
mp-aaaaakxt,T1,hartree_only,0.0001,40,True,0,q_cut=0.2;alpha_rel=2.15443e-05,U,,780.6034939121229,37780.0,3.356524742629463e-07,3.356524096188958e-07,,14.980975971660882,0.0
mp-aaaaakxt,T1,hartree_only,1e-05,40,True,0,q_cut=0.2;alpha_rel=2.15443e-05,U,,780.6034939121229,37780.0,3.356524742629463e-07,3.356524096188958e-07,,14.980975971660882,0.0
mp-aaaaakxt,T1,none,0.001,40,True,1,q_cut=0.2;alpha_rel=2.15443e-05,U,,780.6034939121229,37780.0,3.356524742629463e-07,3.356524096188958e-07,7.500000000071338e-05,14.980975971660882,0.0
mp-aaaaakxt,T1,none,0.0001,40,True,1,q_cut=0.2;alpha_rel=2.15443e-05,U,,780.6034939121229,37780.0,3.356524742629463e-07,3.356524096188958e-07,7.500000000071338e-05,14.980975971660882,0.0
mp-aaaaakxt,T1,none,1e-05,40,False,5,,,,,,,,,,
mp-aaaaakxt,T1,uniform,0.001,45,True,1,q_cut=0.2;alpha_rel=4.64159e-05,uniform,,925.3592720426734,31870.0,3.3583948189751335e-07,3.358394172919649e-07,0.0,14.97670829216986,0.0045183558205208
mp-aaaaakxt,T1,uniform,0.0001,45,True,1,q_cut=0.2;alpha_rel=4.64159e-05,uniform,,925.3592720426734,31870.0,3.3583948189751335e-07,3.358394172919649e-07,0.0,14.97670829216986,0.0045183558205208
mp-aaaaakxt,T1,uniform,1e-05,45,True,1,q_cut=0.2;alpha_rel=4.64159e-05,uniform,,925.3592720426734,31870.0,3.3583948189751335e-07,3.358394172919649e-07,0.0,14.97670829216986,0.0045183558205208
mp-aaaaakxt,T1,hap:0.0001,0.001,40,True,1,q_cut=0.2;alpha_rel=2.15443e-05,hap:0.0001,,777.4754824422652,37932.0,3.3580016315856466e-07,3.358000984828226e-07,0.0,14.98071471919866,0.0040071707265633
mp-aaaaakxt,T1,hap:0.0001,0.0001,40,True,1,q_cut=0.2;alpha_rel=2.15443e-05,hap:0.0001,,777.4754824422652,37932.0,3.3580016315856466e-07,3.358000984828226e-07,0.0,14.98071471919866,0.0040071707265633
mp-aaaaakxt,T1,hap:0.0001,1e-05,40,True,1,q_cut=0.2;alpha_rel=2.15443e-05,hap:0.0001,,777.4754824422652,37932.0,3.3580016315856466e-07,3.358000984828226e-07,0.0,14.98071471919866,0.0040071707265633
mp-aaaaakxt,T1,hap:0.01,0.001,40,True,1,q_cut=0.2;alpha_rel=2.15443e-05,hap:0.01,,777.4754824422652,37932.0,3.352446350337285e-07,3.35244570305856e-07,0.0,14.981991750308223,0.0040071707265633
mp-aaaaakxt,T1,hap:0.01,0.0001,40,True,1,q_cut=0.2;alpha_rel=2.15443e-05,hap:0.01,,777.4754824422652,37932.0,3.352446350337285e-07,3.35244570305856e-07,0.0,14.981991750308223,0.0040071707265633
mp-aaaaakxt,T1,hap:0.01,1e-05,40,True,1,q_cut=0.2;alpha_rel=2.15443e-05,hap:0.01,,777.4754824422652,37932.0,3.352446350337285e-07,3.35244570305856e-07,0.0,14.981991750308223,0.0040071707265633
mp-aaaaakxt,T1,hap:1,0.001,45,True,1,q_cut=0.2;alpha_rel=4.64159e-05,hap:1,,925.1270468661774,31878.0,7.873473984391016e-07,7.873473708823318e-07,0.0,14.976699023764011,0.0047681786812221
mp-aaaaakxt,T1,hap:1,0.0001,45,True,1,q_cut=0.2;alpha_rel=4.64159e-05,hap:1,,925.1270468661774,31878.0,7.873473984391016e-07,7.873473708823318e-07,0.0,14.976699023764011,0.0047681786812221
mp-aaaaakxt,T1,hap:1,1e-05,45,True,1,q_cut=0.2;alpha_rel=4.64159e-05,hap:1,,925.1270468661774,31878.0,7.873473984391016e-07,7.873473708823318e-07,0.0,14.976699023764011,0.0047681786812221
mp-aaaaakxt,T1,ctp-uniform,0.001,85,True,2,q_cut=0.2;alpha_rel=2.15443e-05,U,unprojected,780.5828326407453,37781.0,3.356524742629463e-07,3.356524096188958e-07,7.500000000071338e-05,14.980975971660882,2.6468330642386383e-05
mp-aaaaakxt,T1,ctp-uniform,0.0001,85,True,2,q_cut=0.2;alpha_rel=2.15443e-05,U,unprojected,780.5828326407453,37781.0,3.356524742629463e-07,3.356524096188958e-07,7.500000000071338e-05,14.980975971660882,2.6468330642386383e-05
mp-aaaaakxt,T1,ctp-uniform,1e-05,85,True,1,q_cut=0.2;alpha_rel=4.64159e-05,uniform,projected,925.3302375200024,31871.0,3.3583948189751335e-07,3.358394172919649e-07,0.0,14.97670829216986,0.0045495905368516
mp-aaaaakxt,T1,ctp-hap:0.0001,0.001,80,True,1,q_cut=0.2;alpha_rel=2.15443e-05,U,unprojected,780.5828326407453,37781.0,3.356524742629463e-07,3.356524096188958e-07,7.500000000071338e-05,14.980975971660882,2.6468330642386383e-05
mp-aaaaakxt,T1,ctp-hap:0.0001,0.0001,80,True,1,q_cut=0.2;alpha_rel=2.15443e-05,U,unprojected,780.5828326407453,37781.0,3.356524742629463e-07,3.356524096188958e-07,7.500000000071338e-05,14.980975971660882,2.6468330642386383e-05
mp-aaaaakxt,T1,ctp-hap:0.0001,1e-05,80,True,2,q_cut=0.2;alpha_rel=2.15443e-05,hap:0.0001,projected,777.4549864234308,37933.0,3.3580016315856466e-07,3.358000984828226e-07,0.0,14.98071471919866,0.0040334273587641
mp-aaaaakxt,T1,ctp-hap:0.01,0.001,80,True,1,q_cut=0.2;alpha_rel=2.15443e-05,U,unprojected,780.5828326407453,37781.0,3.356524742629463e-07,3.356524096188958e-07,7.500000000071338e-05,14.980975971660882,2.6468330642386383e-05
mp-aaaaakxt,T1,ctp-hap:0.01,0.0001,80,True,1,q_cut=0.2;alpha_rel=2.15443e-05,U,unprojected,780.5828326407453,37781.0,3.356524742629463e-07,3.356524096188958e-07,7.500000000071338e-05,14.980975971660882,2.6468330642386383e-05
mp-aaaaakxt,T1,ctp-hap:0.01,1e-05,80,True,2,q_cut=0.2;alpha_rel=2.15443e-05,hap:0.01,projected,777.4549864234308,37933.0,3.352446350337285e-07,3.35244570305856e-07,0.0,14.981991750308223,0.0040334273587641
mp-aaaaakxt,T1,ctp-hap:1,0.001,85,True,2,q_cut=0.2;alpha_rel=2.15443e-05,U,unprojected,780.5828326407453,37781.0,3.356524742629463e-07,3.356524096188958e-07,7.500000000071338e-05,14.980975971660882,2.6468330642386383e-05
mp-aaaaakxt,T1,ctp-hap:1,0.0001,85,True,2,q_cut=0.2;alpha_rel=2.15443e-05,U,unprojected,780.5828326407453,37781.0,3.356524742629463e-07,3.356524096188958e-07,7.500000000071338e-05,14.980975971660882,2.6468330642386383e-05
mp-aaaaakxt,T1,ctp-hap:1,1e-05,85,True,1,q_cut=0.2;alpha_rel=4.64159e-05,hap:1,projected,925.0980269142696,31879.0,7.873473984391016e-07,7.873473708823318e-07,0.0,14.976699023764011,0.0047993977226387
mp-aaaaakxt,GP,hartree_only,0.001,0,False,0,,,,,,,,,,
mp-aaaaakxt,GP,hartree_only,0.0001,0,False,0,,,,,,,,,,
mp-aaaaakxt,GP,hartree_only,1e-05,0,False,0,,,,,,,,,,
mp-aaaaakxt,GP,none,0.001,0,False,0,,,,,,,,,,
mp-aaaaakxt,GP,none,0.0001,0,False,0,,,,,,,,,,
mp-aaaaakxt,GP,none,1e-05,0,False,0,,,,,,,,,,
mp-aaaaakxt,GP,uniform,0.001,0,False,0,,,,,,,,,,
mp-aaaaakxt,GP,uniform,0.0001,0,False,0,,,,,,,,,,
mp-aaaaakxt,GP,uniform,1e-05,0,False,0,,,,,,,,,,
mp-aaaaakxt,GP,hap:0.0001,0.001,0,False,0,,,,,,,,,,
mp-aaaaakxt,GP,hap:0.0001,0.0001,0,False,0,,,,,,,,,,
mp-aaaaakxt,GP,hap:0.0001,1e-05,0,False,0,,,,,,,,,,
mp-aaaaakxt,GP,hap:0.01,0.001,0,False,0,,,,,,,,,,
mp-aaaaakxt,GP,hap:0.01,0.0001,0,False,0,,,,,,,,,,
mp-aaaaakxt,GP,hap:0.01,1e-05,0,False,0,,,,,,,,,,
mp-aaaaakxt,GP,hap:1,0.001,0,False,0,,,,,,,,,,
mp-aaaaakxt,GP,hap:1,0.0001,0,False,0,,,,,,,,,,
mp-aaaaakxt,GP,hap:1,1e-05,0,False,0,,,,,,,,,,
mp-aaaaakxt,GP,ctp-uniform,0.001,0,False,0,,,,,,,,,,
mp-aaaaakxt,GP,ctp-uniform,0.0001,0,False,0,,,,,,,,,,
mp-aaaaakxt,GP,ctp-uniform,1e-05,0,False,0,,,,,,,,,,
mp-aaaaakxt,GP,ctp-hap:0.0001,0.001,0,False,0,,,,,,,,,,
mp-aaaaakxt,GP,ctp-hap:0.0001,0.0001,0,False,0,,,,,,,,,,
mp-aaaaakxt,GP,ctp-hap:0.0001,1e-05,0,False,0,,,,,,,,,,
mp-aaaaakxt,GP,ctp-hap:0.01,0.001,0,False,0,,,,,,,,,,
mp-aaaaakxt,GP,ctp-hap:0.01,0.0001,0,False,0,,,,,,,,,,
mp-aaaaakxt,GP,ctp-hap:0.01,1e-05,0,False,0,,,,,,,,,,
mp-aaaaakxt,GP,ctp-hap:1,0.001,0,False,0,,,,,,,,,,
mp-aaaaakxt,GP,ctp-hap:1,0.0001,0,False,0,,,,,,,,,,
mp-aaaaakxt,GP,ctp-hap:1,1e-05,0,False,0,,,,,,,,,,
mp-aaaaakxt,R3,hartree_only,0.001,6,True,0,tau=1e-06;k=0;margin=0.995,U,,2382.934712346477,12376.0,9.929762752058058e-07,9.929762533543935e-07,,34.314503846786465,0.0
mp-aaaaakxt,R3,hartree_only,0.0001,6,True,0,tau=1e-06;k=0;margin=0.995,U,,2382.934712346477,12376.0,9.929762752058058e-07,9.929762533543935e-07,,34.314503846786465,0.0
mp-aaaaakxt,R3,hartree_only,1e-05,6,True,0,tau=1e-06;k=0;margin=0.995,U,,2382.934712346477,12376.0,9.929762752058058e-07,9.929762533543935e-07,,34.314503846786465,0.0
mp-aaaaakxt,R3,none,0.001,6,True,1,tau=1e-06;k=0;margin=0.995,U,,2382.934712346477,12376.0,9.929762752058058e-07,9.929762533543935e-07,0.0002379999999995,34.314503846786465,0.0
mp-aaaaakxt,R3,none,0.0001,6,False,5,,,,,,,,,,
mp-aaaaakxt,R3,none,1e-05,6,False,5,,,,,,,,,,
mp-aaaaakxt,R3,uniform,0.001,0,False,0,,,,,,,,,,
mp-aaaaakxt,R3,uniform,0.0001,0,False,0,,,,,,,,,,
mp-aaaaakxt,R3,uniform,1e-05,0,False,0,,,,,,,,,,
mp-aaaaakxt,R3,hap:0.0001,0.001,6,True,1,tau=1e-06;k=0;margin=0.995,hap:0.0001,,2354.022988505747,12528.0,9.941498400351352e-07,9.941498179732442e-07,0.0,34.31468461599252,0.01213282247765
mp-aaaaakxt,R3,hap:0.0001,0.0001,6,True,1,tau=1e-06;k=0;margin=0.995,hap:0.0001,,2354.022988505747,12528.0,9.941498400351352e-07,9.941498179732442e-07,0.0,34.31468461599252,0.01213282247765
mp-aaaaakxt,R3,hap:0.0001,1e-05,6,True,1,tau=1e-06;k=0;margin=0.995,hap:0.0001,,2354.022988505747,12528.0,9.941498400351352e-07,9.941498179732442e-07,0.0,34.31468461599252,0.01213282247765
mp-aaaaakxt,R3,hap:0.01,0.001,0,False,0,,,,,,,,,,
mp-aaaaakxt,R3,hap:0.01,0.0001,0,False,0,,,,,,,,,,
mp-aaaaakxt,R3,hap:0.01,1e-05,0,False,0,,,,,,,,,,
mp-aaaaakxt,R3,hap:1,0.001,0,False,0,,,,,,,,,,
mp-aaaaakxt,R3,hap:1,0.0001,0,False,0,,,,,,,,,,
mp-aaaaakxt,R3,hap:1,1e-05,0,False,0,,,,,,,,,,
mp-aaaaakxt,R3,ctp-uniform,0.001,6,True,1,tau=1e-06;k=0;margin=0.995,U,unprojected,2382.7421830815224,12377.0,9.929762752058058e-07,9.929762533543935e-07,0.0002379999999995,34.314503846786465,8.079502302658157e-05
mp-aaaaakxt,R3,ctp-uniform,0.0001,6,False,5,,,,,,,,,,
mp-aaaaakxt,R3,ctp-uniform,1e-05,6,False,5,,,,,,,,,,
mp-aaaaakxt,R3,ctp-hap:0.0001,0.001,12,True,1,tau=1e-06;k=0;margin=0.995,U,unprojected,2382.7421830815224,12377.0,9.929762752058058e-07,9.929762533543935e-07,0.0002379999999995,34.314503846786465,8.079502302658157e-05
mp-aaaaakxt,R3,ctp-hap:0.0001,0.0001,12,False,5,,,,,,,,,,
mp-aaaaakxt,R3,ctp-hap:0.0001,1e-05,12,False,5,,,,,,,,,,
mp-aaaaakxt,R3,ctp-hap:0.01,0.001,6,True,1,tau=1e-06;k=0;margin=0.995,U,unprojected,2382.7421830815224,12377.0,9.929762752058058e-07,9.929762533543935e-07,0.0002379999999995,34.314503846786465,8.079502302658157e-05
mp-aaaaakxt,R3,ctp-hap:0.01,0.0001,6,False,5,,,,,,,,,,
mp-aaaaakxt,R3,ctp-hap:0.01,1e-05,6,False,5,,,,,,,,,,
mp-aaaaakxt,R3,ctp-hap:1,0.001,6,True,1,tau=1e-06;k=0;margin=0.995,U,unprojected,2382.7421830815224,12377.0,9.929762752058058e-07,9.929762533543935e-07,0.0002379999999995,34.314503846786465,8.079502302658157e-05
mp-aaaaakxt,R3,ctp-hap:1,0.0001,6,False,5,,,,,,,,,,
mp-aaaaakxt,R3,ctp-hap:1,1e-05,6,False,5,,,,,,,,,,
mp-aaaaakxt,GF,hartree_only,0.001,37,True,0,ZFP;tol_rel=4.64159e-05,U,,33.47012892682041,881120.0,9.198702826135636e-07,9.19870277672862e-07,,0.1137690843750078,0.0
mp-aaaaakxt,GF,hartree_only,0.0001,37,True,0,ZFP;tol_rel=4.64159e-05,U,,33.47012892682041,881120.0,9.198702826135636e-07,9.19870277672862e-07,,0.1137690843750078,0.0
mp-aaaaakxt,GF,hartree_only,1e-05,37,True,0,ZFP;tol_rel=4.64159e-05,U,,33.47012892682041,881120.0,9.198702826135636e-07,9.19870277672862e-07,,0.1137690843750078,0.0
mp-aaaaakxt,GF,none,0.001,37,True,1,ZFP;tol_rel=4.64159e-05,U,,33.47012892682041,881120.0,9.198702826135636e-07,9.19870277672862e-07,1.0000000000065512e-05,0.1137690843750078,0.0
mp-aaaaakxt,GF,none,0.0001,37,True,1,ZFP;tol_rel=4.64159e-05,U,,33.47012892682041,881120.0,9.198702826135636e-07,9.19870277672862e-07,1.0000000000065512e-05,0.1137690843750078,0.0
mp-aaaaakxt,GF,none,1e-05,37,True,3,ZFP;tol_rel=2.15443e-05,U,,28.74677355209495,1025896.0,6.03156855305721e-07,6.031568532122113e-07,4.999999999810711e-06,0.0579108321874741,0.0
mp-aaaaakxt,GF,uniform,0.001,42,True,1,ZFP;tol_rel=0.000215443,uniform,,46.44049433729324,635032.0,9.190470826126103e-07,9.190470232906645e-07,0.0,0.4543204137494854,0.0002267602262563
mp-aaaaakxt,GF,uniform,0.0001,42,True,1,ZFP;tol_rel=0.000215443,uniform,,46.44049433729324,635032.0,9.190470826126103e-07,9.190470232906645e-07,0.0,0.4543204137494854,0.0002267602262563
mp-aaaaakxt,GF,uniform,1e-05,42,True,1,ZFP;tol_rel=0.000215443,uniform,,46.44049433729324,635032.0,9.190470826126103e-07,9.190470232906645e-07,0.0,0.4543204137494854,0.0002267602262563
mp-aaaaakxt,GF,hap:0.0001,0.001,37,True,1,ZFP;tol_rel=4.64159e-05,hap:0.0001,,33.46435606713932,881272.0,9.1949034579047e-07,9.19490340842572e-07,0.0,0.1138311757178485,0.0001724779636706
mp-aaaaakxt,GF,hap:0.0001,0.0001,37,True,1,ZFP;tol_rel=4.64159e-05,hap:0.0001,,33.46435606713932,881272.0,9.1949034579047e-07,9.19490340842572e-07,0.0,0.1138311757178485,0.0001724779636706
mp-aaaaakxt,GF,hap:0.0001,1e-05,37,True,1,ZFP;tol_rel=4.64159e-05,hap:0.0001,,33.46435606713932,881272.0,9.1949034579047e-07,9.19490340842572e-07,0.0,0.1138311757178485,0.0001724779636706
mp-aaaaakxt,GF,hap:0.01,0.001,37,True,1,ZFP;tol_rel=4.64159e-05,hap:0.01,,33.46435606713932,881272.0,9.060011273025808e-07,9.060011222852402e-07,0.0,0.1139677315159133,0.0001724779636706
mp-aaaaakxt,GF,hap:0.01,0.0001,37,True,1,ZFP;tol_rel=4.64159e-05,hap:0.01,,33.46435606713932,881272.0,9.060011273025808e-07,9.060011222852402e-07,0.0,0.1139677315159133,0.0001724779636706
mp-aaaaakxt,GF,hap:0.01,1e-05,37,True,1,ZFP;tol_rel=4.64159e-05,hap:0.01,,33.46435606713932,881272.0,9.060011273025808e-07,9.060011222852402e-07,0.0,0.1139677315159133,0.0001724779636706
mp-aaaaakxt,GF,hap:1,0.001,40,True,1,ZFP;tol_rel=0.0001,hap:1,,39.27216942941151,750944.0,8.28925482387703e-07,8.289254630942351e-07,0.0,0.229988865030748,0.0002024118975582
mp-aaaaakxt,GF,hap:1,0.0001,40,True,1,ZFP;tol_rel=0.0001,hap:1,,39.27216942941151,750944.0,8.28925482387703e-07,8.289254630942351e-07,0.0,0.229988865030748,0.0002024118975582
mp-aaaaakxt,GF,hap:1,1e-05,40,True,1,ZFP;tol_rel=0.0001,hap:1,,39.27216942941151,750944.0,8.28925482387703e-07,8.289254630942351e-07,0.0,0.229988865030748,0.0002024118975582
mp-aaaaakxt,GF,ctp-uniform,0.001,79,True,3,ZFP;tol_rel=4.64159e-05,U,unprojected,33.47009094097179,881121.0,9.198702826135636e-07,9.19870277672862e-07,1.0000000000065512e-05,0.1137690843750078,1.1349179057132902e-06
mp-aaaaakxt,GF,ctp-uniform,0.0001,79,True,3,ZFP;tol_rel=4.64159e-05,U,unprojected,33.47009094097179,881121.0,9.198702826135636e-07,9.19870277672862e-07,1.0000000000065512e-05,0.1137690843750078,1.1349179057132902e-06
mp-aaaaakxt,GF,ctp-uniform,1e-05,79,True,1,ZFP;tol_rel=0.000215443,uniform,projected,46.44042120645699,635033.0,9.190470826126103e-07,9.190470232906645e-07,0.0,0.4543204137494854,0.0002283345904858
mp-aaaaakxt,GF,ctp-hap:0.0001,0.001,74,True,1,ZFP;tol_rel=4.64159e-05,U,unprojected,33.47009094097179,881121.0,9.198702826135636e-07,9.19870277672862e-07,1.0000000000065512e-05,0.1137690843750078,1.1349179057132902e-06
mp-aaaaakxt,GF,ctp-hap:0.0001,0.0001,74,True,1,ZFP;tol_rel=4.64159e-05,U,unprojected,33.47009094097179,881121.0,9.198702826135636e-07,9.19870277672862e-07,1.0000000000065512e-05,0.1137690843750078,1.1349179057132902e-06
mp-aaaaakxt,GF,ctp-hap:0.0001,1e-05,74,True,2,ZFP;tol_rel=4.64159e-05,hap:0.0001,projected,33.464318094393,881273.0,9.1949034579047e-07,9.19490340842572e-07,0.0,0.1138311757178485,0.0001736124901137
mp-aaaaakxt,GF,ctp-hap:0.01,0.001,74,True,1,ZFP;tol_rel=4.64159e-05,U,unprojected,33.47009094097179,881121.0,9.198702826135636e-07,9.19870277672862e-07,1.0000000000065512e-05,0.1137690843750078,1.1349179057132902e-06
mp-aaaaakxt,GF,ctp-hap:0.01,0.0001,74,True,1,ZFP;tol_rel=4.64159e-05,U,unprojected,33.47009094097179,881121.0,9.198702826135636e-07,9.19870277672862e-07,1.0000000000065512e-05,0.1137690843750078,1.1349179057132902e-06
mp-aaaaakxt,GF,ctp-hap:0.01,1e-05,74,True,2,ZFP;tol_rel=4.64159e-05,hap:0.01,projected,33.464318094393,881273.0,9.060011273025808e-07,9.060011222852402e-07,0.0,0.1139677315159133,0.0001736124901137
mp-aaaaakxt,GF,ctp-hap:1,0.001,77,True,2,ZFP;tol_rel=4.64159e-05,U,unprojected,33.47009094097179,881121.0,9.198702826135636e-07,9.19870277672862e-07,1.0000000000065512e-05,0.1137690843750078,1.1349179057132902e-06
mp-aaaaakxt,GF,ctp-hap:1,0.0001,77,True,2,ZFP;tol_rel=4.64159e-05,U,unprojected,33.47009094097179,881121.0,9.198702826135636e-07,9.19870277672862e-07,1.0000000000065512e-05,0.1137690843750078,1.1349179057132902e-06
mp-aaaaakxt,GF,ctp-hap:1,1e-05,77,True,1,ZFP;tol_rel=0.0001,hap:1,projected,39.27211713241316,750945.0,8.28925482387703e-07,8.289254630942351e-07,0.0,0.229988865030748,0.0002037432834628
mp-aaaabhvf,J,hartree_only,0.001,19,True,0,alpha_rel=0.1,U,,2013.986013986014,13728.0,9.621421315910989e-07,9.62142123862979e-07,,6.778909542929296,0.0
mp-aaaabhvf,J,hartree_only,0.0001,19,True,0,alpha_rel=0.1,U,,2013.986013986014,13728.0,9.621421315910989e-07,9.62142123862979e-07,,6.778909542929296,0.0
mp-aaaabhvf,J,hartree_only,1e-05,19,True,0,alpha_rel=0.1,U,,2013.986013986014,13728.0,9.621421315910989e-07,9.62142123862979e-07,,6.778909542929296,0.0
mp-aaaabhvf,J,none,0.001,19,True,1,alpha_rel=0.1,U,,2013.986013986014,13728.0,9.621421315910989e-07,9.62142123862979e-07,0.0002779999999997,6.778909542929296,0.0
mp-aaaabhvf,J,none,0.0001,19,True,3,alpha_rel=0.0215443,U,,1510.8196721311476,18300.0,2.7562455590710535e-07,2.756245289300104e-07,2.19999999995224e-05,3.5160723846256587,0.0
mp-aaaabhvf,J,none,1e-05,19,False,5,,,,,,,,,,
mp-aaaabhvf,J,uniform,0.001,16,True,1,alpha_rel=0.01,uniform,,1262.0623544985622,21907.0,6.927477052149696e-07,6.927476944804074e-07,0.0,2.037601872770745,0.00438216095312
mp-aaaabhvf,J,uniform,0.0001,16,True,1,alpha_rel=0.01,uniform,,1262.0623544985622,21907.0,6.927477052149696e-07,6.927476944804074e-07,0.0,2.037601872770745,0.00438216095312
mp-aaaabhvf,J,uniform,1e-05,16,True,1,alpha_rel=0.01,uniform,,1262.0623544985622,21907.0,6.927477052149696e-07,6.927476944804074e-07,0.0,2.037601872770745,0.00438216095312
mp-aaaabhvf,J,hap:0.0001,0.001,19,True,1,alpha_rel=0.1,hap:0.0001,,1998.8432620011567,13832.0,9.64980844819236e-07,9.64980836754467e-07,0.0,6.778907531812627,0.0075187969924812
mp-aaaabhvf,J,hap:0.0001,0.0001,19,True,1,alpha_rel=0.1,hap:0.0001,,1998.8432620011567,13832.0,9.64980844819236e-07,9.64980836754467e-07,0.0,6.778907531812627,0.0075187969924812
mp-aaaabhvf,J,hap:0.0001,1e-05,19,True,1,alpha_rel=0.1,hap:0.0001,,1998.8432620011567,13832.0,9.64980844819236e-07,9.64980836754467e-07,0.0,6.778907531812627,0.0075187969924812
mp-aaaabhvf,J,hap:0.01,0.001,18,True,1,alpha_rel=0.0464159,hap:0.01,,1796.374504580599,15391.0,5.968418099016442e-07,5.968417974233984e-07,0.0,7.483823760375344,0.006757195763758
mp-aaaabhvf,J,hap:0.01,0.0001,18,True,1,alpha_rel=0.0464159,hap:0.01,,1796.374504580599,15391.0,5.968418099016442e-07,5.968417974233984e-07,0.0,7.483823760375344,0.006757195763758
mp-aaaabhvf,J,hap:0.01,1e-05,18,True,1,alpha_rel=0.0464159,hap:0.01,,1796.374504580599,15391.0,5.968418099016442e-07,5.968417974233984e-07,0.0,7.483823760375344,0.006757195763758
mp-aaaabhvf,J,hap:1,0.001,17,True,1,alpha_rel=0.0215443,hap:1,,1502.2821125842208,18404.0,5.378185520982757e-07,5.378185382711155e-07,0.0,3.515981594790901,0.005650945446642
mp-aaaabhvf,J,hap:1,0.0001,17,True,1,alpha_rel=0.0215443,hap:1,,1502.2821125842208,18404.0,5.378185520982757e-07,5.378185382711155e-07,0.0,3.515981594790901,0.005650945446642
mp-aaaabhvf,J,hap:1,1e-05,17,True,1,alpha_rel=0.0215443,hap:1,,1502.2821125842208,18404.0,5.378185520982757e-07,5.378185382711155e-07,0.0,3.515981594790901,0.005650945446642
mp-aaaabhvf,J,ctp-uniform,0.001,35,True,1,alpha_rel=0.1,U,unprojected,2013.8393182314808,13729.0,9.621421315910989e-07,9.62142123862979e-07,0.0002779999999997,6.778909542929296,7.283851700779372e-05
mp-aaaabhvf,J,ctp-uniform,0.0001,35,True,3,alpha_rel=0.0215443,U,unprojected,1510.737118190263,18301.0,2.7562455590710535e-07,2.756245289300104e-07,2.19999999995224e-05,3.5160723846256587,5.464182285121031e-05
mp-aaaabhvf,J,ctp-uniform,1e-05,35,True,5,alpha_rel=0.01,uniform,projected,1262.004747124338,21908.0,6.927477052149696e-07,6.927476944804074e-07,0.0,2.037601872770745,0.0044276063538433
mp-aaaabhvf,J,ctp-hap:0.0001,0.001,38,True,1,alpha_rel=0.1,U,unprojected,2013.8393182314808,13729.0,9.621421315910989e-07,9.62142123862979e-07,0.0002779999999997,6.778909542929296,7.283851700779372e-05
mp-aaaabhvf,J,ctp-hap:0.0001,0.0001,38,True,2,alpha_rel=0.1,hap:0.0001,projected,1998.6987638256344,13833.0,9.64980844819236e-07,9.64980836754467e-07,0.0,6.778907531812627,0.0075905443504662
mp-aaaabhvf,J,ctp-hap:0.0001,1e-05,38,True,2,alpha_rel=0.1,hap:0.0001,projected,1998.6987638256344,13833.0,9.64980844819236e-07,9.64980836754467e-07,0.0,6.778907531812627,0.0075905443504662
mp-aaaabhvf,J,ctp-hap:0.01,0.001,37,True,1,alpha_rel=0.1,U,unprojected,2013.8393182314808,13729.0,9.621421315910989e-07,9.62142123862979e-07,0.0002779999999997,6.778909542929296,7.283851700779372e-05
mp-aaaabhvf,J,ctp-hap:0.01,0.0001,37,True,3,alpha_rel=0.0464159,hap:0.01,projected,1796.257796257796,15392.0,5.968418099016442e-07,5.968417974233984e-07,0.0,7.483823760375344,0.0068217255717255
mp-aaaabhvf,J,ctp-hap:0.01,1e-05,37,True,3,alpha_rel=0.0464159,hap:0.01,projected,1796.257796257796,15392.0,5.968418099016442e-07,5.968417974233984e-07,0.0,7.483823760375344,0.0068217255717255
mp-aaaabhvf,J,ctp-hap:1,0.001,36,True,1,alpha_rel=0.1,U,unprojected,2013.8393182314808,13729.0,9.621421315910989e-07,9.62142123862979e-07,0.0002779999999997,6.778909542929296,7.283851700779372e-05
mp-aaaabhvf,J,ctp-hap:1,0.0001,36,True,3,alpha_rel=0.0215443,U,unprojected,1510.737118190263,18301.0,2.7562455590710535e-07,2.756245289300104e-07,2.19999999995224e-05,3.5160723846256587,5.464182285121031e-05
mp-aaaabhvf,J,ctp-hap:1,1e-05,36,True,4,alpha_rel=0.0215443,hap:1,projected,1502.200488997555,18405.0,5.378185520982757e-07,5.378185382711155e-07,0.0,3.515981594790901,0.0057049714751426
mp-aaaabhvf,T1,hartree_only,0.001,54,True,0,q_cut=0.15;alpha_rel=4.64159e-05,U,,2446.5091584815505,11301.0,8.71838519060786e-07,8.718385105322003e-07,,14.37484609889907,0.0
mp-aaaabhvf,T1,hartree_only,0.0001,54,True,0,q_cut=0.15;alpha_rel=4.64159e-05,U,,2446.5091584815505,11301.0,8.71838519060786e-07,8.718385105322003e-07,,14.37484609889907,0.0
mp-aaaabhvf,T1,hartree_only,1e-05,54,True,0,q_cut=0.15;alpha_rel=4.64159e-05,U,,2446.5091584815505,11301.0,8.71838519060786e-07,8.718385105322003e-07,,14.37484609889907,0.0
mp-aaaabhvf,T1,none,0.001,54,True,1,q_cut=0.15;alpha_rel=4.64159e-05,U,,2446.5091584815505,11301.0,8.71838519060786e-07,8.718385105322003e-07,0.0002150000000007,14.37484609889907,0.0
mp-aaaabhvf,T1,none,0.0001,54,False,5,,,,,,,,,,
mp-aaaabhvf,T1,none,1e-05,54,False,5,,,,,,,,,,
mp-aaaabhvf,T1,uniform,0.001,55,True,1,q_cut=0.2;alpha_rel=0.000215443,uniform,,2016.483115746481,13711.0,9.1681427413619e-07,9.168142660223864e-07,0.0,1.2220500729101786,0.0070016774852308
mp-aaaabhvf,T1,uniform,0.0001,55,True,1,q_cut=0.2;alpha_rel=0.000215443,uniform,,2016.483115746481,13711.0,9.1681427413619e-07,9.168142660223864e-07,0.0,1.2220500729101786,0.0070016774852308
mp-aaaabhvf,T1,uniform,1e-05,55,True,1,q_cut=0.2;alpha_rel=0.000215443,uniform,,2016.483115746481,13711.0,9.1681427413619e-07,9.168142660223864e-07,0.0,1.2220500729101786,0.0070016774852308
mp-aaaabhvf,T1,hap:0.0001,0.001,54,True,1,q_cut=0.15;alpha_rel=4.64159e-05,hap:0.0001,,2424.199912319158,11405.0,8.738554748804156e-07,8.738554661158679e-07,0.0,14.375745166702472,0.0091188075405523
mp-aaaabhvf,T1,hap:0.0001,0.0001,54,True,1,q_cut=0.15;alpha_rel=4.64159e-05,hap:0.0001,,2424.199912319158,11405.0,8.738554748804156e-07,8.738554661158679e-07,0.0,14.375745166702472,0.0091188075405523
mp-aaaabhvf,T1,hap:0.0001,1e-05,54,True,1,q_cut=0.15;alpha_rel=4.64159e-05,hap:0.0001,,2424.199912319158,11405.0,8.738554748804156e-07,8.738554661158679e-07,0.0,14.375745166702472,0.0091188075405523
mp-aaaabhvf,T1,hap:0.01,0.001,54,True,1,q_cut=0.15;alpha_rel=4.64159e-05,hap:0.01,,2424.199912319158,11405.0,9.10197998576651e-07,9.101979903784054e-07,0.0,14.3730845608834,0.0091188075405523
mp-aaaabhvf,T1,hap:0.01,0.0001,54,True,1,q_cut=0.15;alpha_rel=4.64159e-05,hap:0.01,,2424.199912319158,11405.0,9.10197998576651e-07,9.101979903784054e-07,0.0,14.3730845608834,0.0091188075405523
mp-aaaabhvf,T1,hap:0.01,1e-05,54,True,1,q_cut=0.15;alpha_rel=4.64159e-05,hap:0.01,,2424.199912319158,11405.0,9.10197998576651e-07,9.101979903784054e-07,0.0,14.3730845608834,0.0091188075405523
mp-aaaabhvf,T1,hap:1,0.001,50,True,1,q_cut=0.2;alpha_rel=0.0001,hap:1,,1687.8090470667237,16381.0,7.496930667129918e-07,7.496930567873871e-07,0.0,1.3080224883561868,0.0063488187534338
mp-aaaabhvf,T1,hap:1,0.0001,50,True,1,q_cut=0.2;alpha_rel=0.0001,hap:1,,1687.8090470667237,16381.0,7.496930667129918e-07,7.496930567873871e-07,0.0,1.3080224883561868,0.0063488187534338
mp-aaaabhvf,T1,hap:1,1e-05,50,True,1,q_cut=0.2;alpha_rel=0.0001,hap:1,,1687.8090470667237,16381.0,7.496930667129918e-07,7.496930567873871e-07,0.0,1.3080224883561868,0.0063488187534338
mp-aaaabhvf,T1,ctp-uniform,0.001,109,True,1,q_cut=0.15;alpha_rel=4.64159e-05,U,unprojected,2446.292691559016,11302.0,8.71838519060786e-07,8.718385105322003e-07,0.0002150000000007,14.37484609889907,8.847991505928154e-05
mp-aaaabhvf,T1,ctp-uniform,0.0001,109,False,5,,,,,,,,,,
mp-aaaabhvf,T1,ctp-uniform,1e-05,109,False,5,,,,,,,,,,
mp-aaaabhvf,T1,ctp-hap:0.0001,0.001,108,True,1,q_cut=0.15;alpha_rel=4.64159e-05,U,unprojected,2446.292691559016,11302.0,8.71838519060786e-07,8.718385105322003e-07,0.0002150000000007,14.37484609889907,8.847991505928154e-05
mp-aaaabhvf,T1,ctp-hap:0.0001,0.0001,108,True,2,q_cut=0.15;alpha_rel=4.64159e-05,hap:0.0001,projected,2423.987375065755,11406.0,8.738554748804156e-07,8.738554661158679e-07,0.0,14.375745166702472,0.0092056812204103
mp-aaaabhvf,T1,ctp-hap:0.0001,1e-05,108,True,2,q_cut=0.15;alpha_rel=4.64159e-05,hap:0.0001,projected,2423.987375065755,11406.0,8.738554748804156e-07,8.738554661158679e-07,0.0,14.375745166702472,0.0092056812204103
mp-aaaabhvf,T1,ctp-hap:0.01,0.001,108,True,1,q_cut=0.15;alpha_rel=4.64159e-05,U,unprojected,2446.292691559016,11302.0,8.71838519060786e-07,8.718385105322003e-07,0.0002150000000007,14.37484609889907,8.847991505928154e-05
mp-aaaabhvf,T1,ctp-hap:0.01,0.0001,108,True,2,q_cut=0.15;alpha_rel=4.64159e-05,hap:0.01,projected,2423.987375065755,11406.0,9.10197998576651e-07,9.101979903784054e-07,0.0,14.3730845608834,0.0092056812204103
mp-aaaabhvf,T1,ctp-hap:0.01,1e-05,108,True,2,q_cut=0.15;alpha_rel=4.64159e-05,hap:0.01,projected,2423.987375065755,11406.0,9.10197998576651e-07,9.101979903784054e-07,0.0,14.3730845608834,0.0092056812204103
mp-aaaabhvf,T1,ctp-hap:1,0.001,104,True,1,q_cut=0.15;alpha_rel=4.64159e-05,U,unprojected,2446.292691559016,11302.0,8.71838519060786e-07,8.718385105322003e-07,0.0002150000000007,14.37484609889907,8.847991505928154e-05
mp-aaaabhvf,T1,ctp-hap:1,0.0001,104,False,5,,,,,,,,,,
mp-aaaabhvf,T1,ctp-hap:1,1e-05,104,False,5,,,,,,,,,,
mp-aaaabhvf,GP,hartree_only,0.001,0,False,0,,,,,,,,,,
mp-aaaabhvf,GP,hartree_only,0.0001,0,False,0,,,,,,,,,,
mp-aaaabhvf,GP,hartree_only,1e-05,0,False,0,,,,,,,,,,
mp-aaaabhvf,GP,none,0.001,0,False,0,,,,,,,,,,
mp-aaaabhvf,GP,none,0.0001,0,False,0,,,,,,,,,,
mp-aaaabhvf,GP,none,1e-05,0,False,0,,,,,,,,,,
mp-aaaabhvf,GP,uniform,0.001,0,False,0,,,,,,,,,,
mp-aaaabhvf,GP,uniform,0.0001,0,False,0,,,,,,,,,,
mp-aaaabhvf,GP,uniform,1e-05,0,False,0,,,,,,,,,,
mp-aaaabhvf,GP,hap:0.0001,0.001,0,False,0,,,,,,,,,,
mp-aaaabhvf,GP,hap:0.0001,0.0001,0,False,0,,,,,,,,,,
mp-aaaabhvf,GP,hap:0.0001,1e-05,0,False,0,,,,,,,,,,
mp-aaaabhvf,GP,hap:0.01,0.001,0,False,0,,,,,,,,,,
mp-aaaabhvf,GP,hap:0.01,0.0001,0,False,0,,,,,,,,,,
mp-aaaabhvf,GP,hap:0.01,1e-05,0,False,0,,,,,,,,,,
mp-aaaabhvf,GP,hap:1,0.001,0,False,0,,,,,,,,,,
mp-aaaabhvf,GP,hap:1,0.0001,0,False,0,,,,,,,,,,
mp-aaaabhvf,GP,hap:1,1e-05,0,False,0,,,,,,,,,,
mp-aaaabhvf,GP,ctp-uniform,0.001,0,False,0,,,,,,,,,,
mp-aaaabhvf,GP,ctp-uniform,0.0001,0,False,0,,,,,,,,,,
mp-aaaabhvf,GP,ctp-uniform,1e-05,0,False,0,,,,,,,,,,
mp-aaaabhvf,GP,ctp-hap:0.0001,0.001,0,False,0,,,,,,,,,,
mp-aaaabhvf,GP,ctp-hap:0.0001,0.0001,0,False,0,,,,,,,,,,
mp-aaaabhvf,GP,ctp-hap:0.0001,1e-05,0,False,0,,,,,,,,,,
mp-aaaabhvf,GP,ctp-hap:0.01,0.001,0,False,0,,,,,,,,,,
mp-aaaabhvf,GP,ctp-hap:0.01,0.0001,0,False,0,,,,,,,,,,
mp-aaaabhvf,GP,ctp-hap:0.01,1e-05,0,False,0,,,,,,,,,,
mp-aaaabhvf,GP,ctp-hap:1,0.001,0,False,0,,,,,,,,,,
mp-aaaabhvf,GP,ctp-hap:1,0.0001,0,False,0,,,,,,,,,,
mp-aaaabhvf,GP,ctp-hap:1,1e-05,0,False,0,,,,,,,,,,
mp-aaaabhvf,R3,hartree_only,0.001,6,True,0,tau=1e-06;k=0;margin=0.995,U,,3735.206700891651,7402.0,9.93944569814766e-07,9.93944562333917e-07,,17.189441573336808,0.0
mp-aaaabhvf,R3,hartree_only,0.0001,6,True,0,tau=1e-06;k=0;margin=0.995,U,,3735.206700891651,7402.0,9.93944569814766e-07,9.93944562333917e-07,,17.189441573336808,0.0
mp-aaaabhvf,R3,hartree_only,1e-05,6,True,0,tau=1e-06;k=0;margin=0.995,U,,3735.206700891651,7402.0,9.93944569814766e-07,9.93944562333917e-07,,17.189441573336808,0.0
mp-aaaabhvf,R3,none,0.001,6,True,1,tau=1e-06;k=0;margin=0.995,U,,3735.206700891651,7402.0,9.93944569814766e-07,9.93944562333917e-07,0.0004349999999995,17.189441573336808,0.0
mp-aaaabhvf,R3,none,0.0001,6,False,5,,,,,,,,,,
mp-aaaabhvf,R3,none,1e-05,6,False,5,,,,,,,,,,
mp-aaaabhvf,R3,uniform,0.001,0,False,0,,,,,,,,,,
mp-aaaabhvf,R3,uniform,0.0001,0,False,0,,,,,,,,,,
mp-aaaabhvf,R3,uniform,1e-05,0,False,0,,,,,,,,,,
mp-aaaabhvf,R3,hap:0.0001,0.001,6,True,1,tau=1e-06;k=0;margin=0.995,hap:0.0001,,3683.453237410072,7506.0,9.974946984894809e-07,9.97494690289292e-07,0.0,17.191556224863234,0.0138555822009059
mp-aaaabhvf,R3,hap:0.0001,0.0001,6,True,1,tau=1e-06;k=0;margin=0.995,hap:0.0001,,3683.453237410072,7506.0,9.974946984894809e-07,9.97494690289292e-07,0.0,17.191556224863234,0.0138555822009059
mp-aaaabhvf,R3,hap:0.0001,1e-05,6,True,1,tau=1e-06;k=0;margin=0.995,hap:0.0001,,3683.453237410072,7506.0,9.974946984894809e-07,9.97494690289292e-07,0.0,17.191556224863234,0.0138555822009059
mp-aaaabhvf,R3,hap:0.01,0.001,0,False,0,,,,,,,,,,
mp-aaaabhvf,R3,hap:0.01,0.0001,0,False,0,,,,,,,,,,
mp-aaaabhvf,R3,hap:0.01,1e-05,0,False,0,,,,,,,,,,
mp-aaaabhvf,R3,hap:1,0.001,0,False,0,,,,,,,,,,
mp-aaaabhvf,R3,hap:1,0.0001,0,False,0,,,,,,,,,,
mp-aaaabhvf,R3,hap:1,1e-05,0,False,0,,,,,,,,,,
mp-aaaabhvf,R3,ctp-uniform,0.001,6,True,1,tau=1e-06;k=0;margin=0.995,U,unprojected,3734.702147777928,7403.0,9.93944569814766e-07,9.93944562333917e-07,0.0004349999999995,17.189441573336808,0.0001350803728218
mp-aaaabhvf,R3,ctp-uniform,0.0001,6,False,5,,,,,,,,,,
mp-aaaabhvf,R3,ctp-uniform,1e-05,6,False,5,,,,,,,,,,
mp-aaaabhvf,R3,ctp-hap:0.0001,0.001,12,True,1,tau=1e-06;k=0;margin=0.995,U,unprojected,3734.702147777928,7403.0,9.93944569814766e-07,9.93944562333917e-07,0.0004349999999995,17.189441573336808,0.0001350803728218
mp-aaaabhvf,R3,ctp-hap:0.0001,0.0001,12,False,5,,,,,,,,,,
mp-aaaabhvf,R3,ctp-hap:0.0001,1e-05,12,False,5,,,,,,,,,,
mp-aaaabhvf,R3,ctp-hap:0.01,0.001,6,True,1,tau=1e-06;k=0;margin=0.995,U,unprojected,3734.702147777928,7403.0,9.93944569814766e-07,9.93944562333917e-07,0.0004349999999995,17.189441573336808,0.0001350803728218
mp-aaaabhvf,R3,ctp-hap:0.01,0.0001,6,False,5,,,,,,,,,,
mp-aaaabhvf,R3,ctp-hap:0.01,1e-05,6,False,5,,,,,,,,,,
mp-aaaabhvf,R3,ctp-hap:1,0.001,6,True,1,tau=1e-06;k=0;margin=0.995,U,unprojected,3734.702147777928,7403.0,9.93944569814766e-07,9.93944562333917e-07,0.0004349999999995,17.189441573336808,0.0001350803728218
mp-aaaabhvf,R3,ctp-hap:1,0.0001,6,False,5,,,,,,,,,,
mp-aaaabhvf,R3,ctp-hap:1,1e-05,6,False,5,,,,,,,,,,
mp-aaaabhvf,GF,hartree_only,0.001,43,True,0,ZFP;tol_rel=0.000464159,U,,66.53959452434587,415512.0,4.308042487235678e-07,4.3080401606576843e-07,,0.4309213600000134,0.0
mp-aaaabhvf,GF,hartree_only,0.0001,43,True,0,ZFP;tol_rel=0.000464159,U,,66.53959452434587,415512.0,4.308042487235678e-07,4.3080401606576843e-07,,0.4309213600000134,0.0
mp-aaaabhvf,GF,hartree_only,1e-05,43,True,0,ZFP;tol_rel=0.000464159,U,,66.53959452434587,415512.0,4.308042487235678e-07,4.3080401606576843e-07,,0.4309213600000134,0.0
mp-aaaabhvf,GF,none,0.001,43,True,1,ZFP;tol_rel=0.000464159,U,,66.53959452434587,415512.0,4.308042487235678e-07,4.3080401606576843e-07,2.800000000036107e-05,0.4309213600000134,0.0
mp-aaaabhvf,GF,none,0.0001,43,True,1,ZFP;tol_rel=0.000464159,U,,66.53959452434587,415512.0,4.308042487235678e-07,4.3080401606576843e-07,2.800000000036107e-05,0.4309213600000134,0.0
mp-aaaabhvf,GF,none,1e-05,43,True,3,ZFP;tol_rel=0.0001,U,,47.62889155331376,580488.0,1.2204134123267812e-07,1.2204127611604332e-07,4.999999999810711e-06,0.1264517412500083,0.0
mp-aaaabhvf,GF,uniform,0.001,43,True,1,ZFP;tol_rel=0.000464159,uniform,,66.52422475024542,415608.0,9.06619543713002e-07,9.066194331599188e-07,0.0,0.4304627357269055,0.0002309868914939
mp-aaaabhvf,GF,uniform,0.0001,43,True,1,ZFP;tol_rel=0.000464159,uniform,,66.52422475024542,415608.0,9.06619543713002e-07,9.066194331599188e-07,0.0,0.4304627357269055,0.0002309868914939
mp-aaaabhvf,GF,uniform,1e-05,43,True,1,ZFP;tol_rel=0.000464159,uniform,,66.52422475024542,415608.0,9.06619543713002e-07,9.066194331599188e-07,0.0,0.4304627357269055,0.0002309868914939
mp-aaaabhvf,GF,hap:0.0001,0.001,43,True,1,ZFP;tol_rel=0.000464159,hap:0.0001,,66.52294425623653,415616.0,4.301051272359464e-07,4.301048941759438e-07,0.0,0.4311267912436562,0.0002502309824453
mp-aaaabhvf,GF,hap:0.0001,0.0001,43,True,1,ZFP;tol_rel=0.000464159,hap:0.0001,,66.52294425623653,415616.0,4.301051272359464e-07,4.301048941759438e-07,0.0,0.4311267912436562,0.0002502309824453
mp-aaaabhvf,GF,hap:0.0001,1e-05,43,True,1,ZFP;tol_rel=0.000464159,hap:0.0001,,66.52294425623653,415616.0,4.301051272359464e-07,4.301048941759438e-07,0.0,0.4311267912436562,0.0002502309824453
mp-aaaabhvf,GF,hap:0.01,0.001,43,True,1,ZFP;tol_rel=0.000464159,hap:0.01,,66.52294425623653,415616.0,4.180320621423625e-07,4.180318223694661e-07,0.0,0.4310970131048748,0.0002502309824453
mp-aaaabhvf,GF,hap:0.01,0.0001,43,True,1,ZFP;tol_rel=0.000464159,hap:0.01,,66.52294425623653,415616.0,4.180320621423625e-07,4.180318223694661e-07,0.0,0.4310970131048748,0.0002502309824453
mp-aaaabhvf,GF,hap:0.01,1e-05,43,True,1,ZFP;tol_rel=0.000464159,hap:0.01,,66.52294425623653,415616.0,4.180320621423625e-07,4.180318223694661e-07,0.0,0.4310970131048748,0.0002502309824453
mp-aaaabhvf,GF,hap:1,0.001,43,True,1,ZFP;tol_rel=0.000464159,hap:1,,66.52294425623653,415616.0,4.659661037572656e-07,4.659658886560042e-07,0.0,0.4305248398228514,0.0002502309824453
mp-aaaabhvf,GF,hap:1,0.0001,43,True,1,ZFP;tol_rel=0.000464159,hap:1,,66.52294425623653,415616.0,4.659661037572656e-07,4.659658886560042e-07,0.0,0.4305248398228514,0.0002502309824453
mp-aaaabhvf,GF,hap:1,1e-05,43,True,1,ZFP;tol_rel=0.000464159,hap:1,,66.52294425623653,415616.0,4.659661037572656e-07,4.659658886560042e-07,0.0,0.4305248398228514,0.0002502309824453
mp-aaaabhvf,GF,ctp-uniform,0.001,86,True,1,ZFP;tol_rel=0.000464159,U,unprojected,66.53943438592776,415513.0,4.308042487235678e-07,4.3080401606576843e-07,2.800000000036107e-05,0.4309213600000134,2.4066635700928733e-06
mp-aaaabhvf,GF,ctp-uniform,0.0001,86,True,1,ZFP;tol_rel=0.000464159,U,unprojected,66.53943438592776,415513.0,4.308042487235678e-07,4.3080401606576843e-07,2.800000000036107e-05,0.4309213600000134,2.4066635700928733e-06
mp-aaaabhvf,GF,ctp-uniform,1e-05,86,True,2,ZFP;tol_rel=0.000464159,uniform,projected,66.52406468579844,415609.0,9.06619543713002e-07,9.066194331599188e-07,0.0,0.4304627357269055,0.0002333924433782
mp-aaaabhvf,GF,ctp-hap:0.0001,0.001,86,True,1,ZFP;tol_rel=0.000464159,U,unprojected,66.53943438592776,415513.0,4.308042487235678e-07,4.3080401606576843e-07,2.800000000036107e-05,0.4309213600000134,2.4066635700928733e-06
mp-aaaabhvf,GF,ctp-hap:0.0001,0.0001,86,True,1,ZFP;tol_rel=0.000464159,U,unprojected,66.53943438592776,415513.0,4.308042487235678e-07,4.3080401606576843e-07,2.800000000036107e-05,0.4309213600000134,2.4066635700928733e-06
mp-aaaabhvf,GF,ctp-hap:0.0001,1e-05,86,True,2,ZFP;tol_rel=0.000464159,hap:0.0001,projected,66.52278419795148,415617.0,4.301051272359464e-07,4.301048941759438e-07,0.0,0.4311267912436562,0.0002526364417239
mp-aaaabhvf,GF,ctp-hap:0.01,0.001,86,True,1,ZFP;tol_rel=0.000464159,U,unprojected,66.53943438592776,415513.0,4.308042487235678e-07,4.3080401606576843e-07,2.800000000036107e-05,0.4309213600000134,2.4066635700928733e-06
mp-aaaabhvf,GF,ctp-hap:0.01,0.0001,86,True,1,ZFP;tol_rel=0.000464159,U,unprojected,66.53943438592776,415513.0,4.308042487235678e-07,4.3080401606576843e-07,2.800000000036107e-05,0.4309213600000134,2.4066635700928733e-06
mp-aaaabhvf,GF,ctp-hap:0.01,1e-05,86,True,2,ZFP;tol_rel=0.000464159,hap:0.01,projected,66.52278419795148,415617.0,4.180320621423625e-07,4.180318223694661e-07,0.0,0.4310970131048748,0.0002526364417239
mp-aaaabhvf,GF,ctp-hap:1,0.001,86,True,1,ZFP;tol_rel=0.000464159,U,unprojected,66.53943438592776,415513.0,4.308042487235678e-07,4.3080401606576843e-07,2.800000000036107e-05,0.4309213600000134,2.4066635700928733e-06
mp-aaaabhvf,GF,ctp-hap:1,0.0001,86,True,1,ZFP;tol_rel=0.000464159,U,unprojected,66.53943438592776,415513.0,4.308042487235678e-07,4.3080401606576843e-07,2.800000000036107e-05,0.4309213600000134,2.4066635700928733e-06
mp-aaaabhvf,GF,ctp-hap:1,1e-05,86,True,2,ZFP;tol_rel=0.000464159,hap:1,projected,66.52278419795148,415617.0,4.659661037572656e-07,4.659658886560042e-07,0.0,0.4305248398228514,0.0002526364417239
mp-aaahagdz,J,hartree_only,0.001,18,True,0,alpha_rel=0.0464159,U,,809.460320127715,47606.0,8.013726809815287e-07,8.013725050695384e-07,,51.28107547040781,0.0
mp-aaahagdz,J,hartree_only,0.0001,18,True,0,alpha_rel=0.0464159,U,,809.460320127715,47606.0,8.013726809815287e-07,8.013725050695384e-07,,51.28107547040781,0.0
mp-aaahagdz,J,hartree_only,1e-05,18,True,0,alpha_rel=0.0464159,U,,809.460320127715,47606.0,8.013726809815287e-07,8.013725050695384e-07,,51.28107547040781,0.0
mp-aaahagdz,J,none,0.001,18,True,1,alpha_rel=0.0464159,U,,809.460320127715,47606.0,8.013726809815287e-07,8.013725050695384e-07,0.0002080000000006,51.28107547040781,0.0
mp-aaahagdz,J,none,0.0001,18,True,3,alpha_rel=0.01,U,,504.5190887666929,76380.0,2.3740326165467197e-07,2.3740266784975418e-07,8.600000000136276e-05,13.171402345583273,0.0
mp-aaahagdz,J,none,1e-05,18,False,5,,,,,,,,,,
mp-aaahagdz,J,uniform,0.001,17,True,1,alpha_rel=0.0215443,uniform,,644.875292857621,59756.0,5.604920908954543e-07,5.604918393833471e-07,0.0,30.51344441645051,0.0058906218622397
mp-aaahagdz,J,uniform,0.0001,17,True,1,alpha_rel=0.0215443,uniform,,644.875292857621,59756.0,5.604920908954543e-07,5.604918393833471e-07,0.0,30.51344441645051,0.0058906218622397
mp-aaahagdz,J,uniform,1e-05,17,True,1,alpha_rel=0.0215443,uniform,,644.875292857621,59756.0,5.604920908954543e-07,5.604918393833471e-07,0.0,30.51344441645051,0.0058906218622397
mp-aaahagdz,J,hap:0.0001,0.001,18,True,1,alpha_rel=0.0464159,hap:0.0001,,803.3850644206312,47966.0,8.026844791778536e-07,8.026843027358769e-07,0.0,51.27511483368653,0.0075053162656881
mp-aaahagdz,J,hap:0.0001,0.0001,18,True,1,alpha_rel=0.0464159,hap:0.0001,,803.3850644206312,47966.0,8.026844791778536e-07,8.026843027358769e-07,0.0,51.27511483368653,0.0075053162656881
mp-aaahagdz,J,hap:0.0001,1e-05,18,True,1,alpha_rel=0.0464159,hap:0.0001,,803.3850644206312,47966.0,8.026844791778536e-07,8.026843027358769e-07,0.0,51.27511483368653,0.0075053162656881
mp-aaahagdz,J,hap:0.01,0.001,18,True,1,alpha_rel=0.0464159,hap:0.01,,803.3850644206312,47966.0,8.387246506409272e-07,8.387244824515363e-07,0.0,51.29085985360871,0.0075053162656881
mp-aaahagdz,J,hap:0.01,0.0001,18,True,1,alpha_rel=0.0464159,hap:0.01,,803.3850644206312,47966.0,8.387246506409272e-07,8.387244824515363e-07,0.0,51.29085985360871,0.0075053162656881
mp-aaahagdz,J,hap:0.01,1e-05,18,True,1,alpha_rel=0.0464159,hap:0.01,,803.3850644206312,47966.0,8.387246506409272e-07,8.387244824515363e-07,0.0,51.29085985360871,0.0075053162656881
mp-aaahagdz,J,hap:1,0.001,17,True,1,alpha_rel=0.0215443,hap:1,,644.788969948464,59764.0,5.041311068564122e-07,5.04130827220133e-07,0.0,30.513383668949245,0.0060236931932266
mp-aaahagdz,J,hap:1,0.0001,17,True,1,alpha_rel=0.0215443,hap:1,,644.788969948464,59764.0,5.041311068564122e-07,5.04130827220133e-07,0.0,30.513383668949245,0.0060236931932266
mp-aaahagdz,J,hap:1,1e-05,17,True,1,alpha_rel=0.0215443,hap:1,,644.788969948464,59764.0,5.041311068564122e-07,5.04130827220133e-07,0.0,30.513383668949245,0.0060236931932266
mp-aaahagdz,J,ctp-uniform,0.001,35,True,1,alpha_rel=0.0464159,U,unprojected,809.4433171592412,47607.0,8.013726809815287e-07,8.013725050695384e-07,0.0002080000000006,51.28107547040781,2.100531434452917e-05
mp-aaahagdz,J,ctp-uniform,0.0001,35,True,3,alpha_rel=0.0215443,uniform,projected,644.8645012299814,59757.0,5.604920908954543e-07,5.604918393833471e-07,0.0,30.51344441645051,0.0059072577271282
mp-aaahagdz,J,ctp-uniform,1e-05,35,True,3,alpha_rel=0.0215443,uniform,projected,644.8645012299814,59757.0,5.604920908954543e-07,5.604918393833471e-07,0.0,30.51344441645051,0.0059072577271282
mp-aaahagdz,J,ctp-hap:0.0001,0.001,36,True,1,alpha_rel=0.0464159,U,unprojected,809.4433171592412,47607.0,8.013726809815287e-07,8.013725050695384e-07,0.0002080000000006,51.28107547040781,2.100531434452917e-05
mp-aaahagdz,J,ctp-hap:0.0001,0.0001,36,True,2,alpha_rel=0.0464159,hap:0.0001,projected,803.3683157170555,47967.0,8.026844791778536e-07,8.026843027358769e-07,0.0,51.27511483368653,0.0075260074634644
mp-aaahagdz,J,ctp-hap:0.0001,1e-05,36,True,2,alpha_rel=0.0464159,hap:0.0001,projected,803.3683157170555,47967.0,8.026844791778536e-07,8.026843027358769e-07,0.0,51.27511483368653,0.0075260074634644
mp-aaahagdz,J,ctp-hap:0.01,0.001,36,True,1,alpha_rel=0.0464159,U,unprojected,809.4433171592412,47607.0,8.013726809815287e-07,8.013725050695384e-07,0.0002080000000006,51.28107547040781,2.100531434452917e-05
mp-aaahagdz,J,ctp-hap:0.01,0.0001,36,True,2,alpha_rel=0.0464159,hap:0.01,projected,803.3683157170555,47967.0,8.387246506409272e-07,8.387244824515363e-07,0.0,51.29085985360871,0.0075260074634644
mp-aaahagdz,J,ctp-hap:0.01,1e-05,36,True,2,alpha_rel=0.0464159,hap:0.01,projected,803.3683157170555,47967.0,8.387246506409272e-07,8.387244824515363e-07,0.0,51.29085985360871,0.0075260074634644
mp-aaahagdz,J,ctp-hap:1,0.001,35,True,1,alpha_rel=0.0464159,U,unprojected,809.4433171592412,47607.0,8.013726809815287e-07,8.013725050695384e-07,0.0002080000000006,51.28107547040781,2.100531434452917e-05
mp-aaahagdz,J,ctp-hap:1,0.0001,35,True,3,alpha_rel=0.0215443,hap:1,projected,644.7781812097381,59765.0,5.041311068564122e-07,5.04130827220133e-07,0.0,30.513383668949245,0.0060403246047017
mp-aaahagdz,J,ctp-hap:1,1e-05,35,True,3,alpha_rel=0.0215443,hap:1,projected,644.7781812097381,59765.0,5.041311068564122e-07,5.04130827220133e-07,0.0,30.513383668949245,0.0060403246047017
mp-aaahagdz,T1,hartree_only,0.001,45,True,0,q_cut=0.2;alpha_rel=4.64159e-05,U,,428.0401212969443,90027.0,6.058762964457505e-07,6.058760637727185e-07,,10.348871707049398,0.0
mp-aaahagdz,T1,hartree_only,0.0001,45,True,0,q_cut=0.2;alpha_rel=4.64159e-05,U,,428.0401212969443,90027.0,6.058762964457505e-07,6.058760637727185e-07,,10.348871707049398,0.0
mp-aaahagdz,T1,hartree_only,1e-05,45,True,0,q_cut=0.2;alpha_rel=4.64159e-05,U,,428.0401212969443,90027.0,6.058762964457505e-07,6.058760637727185e-07,,10.348871707049398,0.0
mp-aaahagdz,T1,none,0.001,45,True,1,q_cut=0.2;alpha_rel=4.64159e-05,U,,428.0401212969443,90027.0,6.058762964457505e-07,6.058760637727185e-07,0.0001259999999998,10.348871707049398,0.0
mp-aaahagdz,T1,none,0.0001,45,False,5,,,,,,,,,,
mp-aaahagdz,T1,none,1e-05,45,False,5,,,,,,,,,,
mp-aaahagdz,T1,uniform,0.001,54,True,1,q_cut=0.2;alpha_rel=0.0001,uniform,,528.9659299931366,72850.0,5.699836867240487e-07,5.699834393320393e-07,0.0,10.515114680155476,0.0048318462594372
mp-aaahagdz,T1,uniform,0.0001,54,True,1,q_cut=0.2;alpha_rel=0.0001,uniform,,528.9659299931366,72850.0,5.699836867240487e-07,5.699834393320393e-07,0.0,10.515114680155476,0.0048318462594372
mp-aaahagdz,T1,uniform,1e-05,54,True,1,q_cut=0.2;alpha_rel=0.0001,uniform,,528.9659299931366,72850.0,5.699836867240487e-07,5.699834393320393e-07,0.0,10.515114680155476,0.0048318462594372
mp-aaahagdz,T1,hap:0.0001,0.001,45,True,1,q_cut=0.2;alpha_rel=4.64159e-05,hap:0.0001,,426.3352915795413,90387.0,6.062789413021545e-07,6.062787081997388e-07,0.0,10.3414880124584,0.0039828736433336
mp-aaahagdz,T1,hap:0.0001,0.0001,45,True,1,q_cut=0.2;alpha_rel=4.64159e-05,hap:0.0001,,426.3352915795413,90387.0,6.062789413021545e-07,6.062787081997388e-07,0.0,10.3414880124584,0.0039828736433336
mp-aaahagdz,T1,hap:0.0001,1e-05,45,True,1,q_cut=0.2;alpha_rel=4.64159e-05,hap:0.0001,,426.3352915795413,90387.0,6.062789413021545e-07,6.062787081997388e-07,0.0,10.3414880124584,0.0039828736433336
mp-aaahagdz,T1,hap:0.01,0.001,45,True,1,q_cut=0.2;alpha_rel=4.64159e-05,hap:0.01,,426.3352915795413,90387.0,6.102280201398733e-07,6.102277890143605e-07,0.0,10.331201854017875,0.0039828736433336
mp-aaahagdz,T1,hap:0.01,0.0001,45,True,1,q_cut=0.2;alpha_rel=4.64159e-05,hap:0.01,,426.3352915795413,90387.0,6.102280201398733e-07,6.102277890143605e-07,0.0,10.331201854017875,0.0039828736433336
mp-aaahagdz,T1,hap:0.01,1e-05,45,True,1,q_cut=0.2;alpha_rel=4.64159e-05,hap:0.01,,426.3352915795413,90387.0,6.102280201398733e-07,6.102277890143605e-07,0.0,10.331201854017875,0.0039828736433336
mp-aaahagdz,T1,hap:1,0.001,51,True,1,q_cut=0.2;alpha_rel=0.000215443,hap:1,,645.4045254325289,59707.0,8.939758987988585e-07,8.939757410086139e-07,0.0,11.53289975971586,0.0060294437838109
mp-aaahagdz,T1,hap:1,0.0001,51,True,1,q_cut=0.2;alpha_rel=0.000215443,hap:1,,645.4045254325289,59707.0,8.939758987988585e-07,8.939757410086139e-07,0.0,11.53289975971586,0.0060294437838109
mp-aaahagdz,T1,hap:1,1e-05,51,True,1,q_cut=0.2;alpha_rel=0.000215443,hap:1,,645.4045254325289,59707.0,8.939758987988585e-07,8.939757410086139e-07,0.0,11.53289975971586,0.0060294437838109
mp-aaahagdz,T1,ctp-uniform,0.001,99,True,4,q_cut=0.2;alpha_rel=4.64159e-05,U,unprojected,428.0353667747812,90028.0,6.058762964457505e-07,6.058760637727185e-07,0.0001259999999998,10.348871707049398,1.1107655396098992e-05
mp-aaahagdz,T1,ctp-uniform,0.0001,99,True,1,q_cut=0.2;alpha_rel=0.0001,uniform,projected,528.9586690642544,72851.0,5.699836867240487e-07,5.699834393320393e-07,0.0,10.515114680155476,0.0048455065819274
mp-aaahagdz,T1,ctp-uniform,1e-05,99,True,1,q_cut=0.2;alpha_rel=0.0001,uniform,projected,528.9586690642544,72851.0,5.699836867240487e-07,5.699834393320393e-07,0.0,10.515114680155476,0.0048455065819274
mp-aaahagdz,T1,ctp-hap:0.0001,0.001,90,True,1,q_cut=0.2;alpha_rel=4.64159e-05,U,unprojected,428.0353667747812,90028.0,6.058762964457505e-07,6.058760637727185e-07,0.0001259999999998,10.348871707049398,1.1107655396098992e-05
mp-aaahagdz,T1,ctp-hap:0.0001,0.0001,90,True,2,q_cut=0.2;alpha_rel=4.64159e-05,hap:0.0001,projected,426.3305748550693,90388.0,6.062789413021545e-07,6.062787081997388e-07,0.0,10.3414880124584,0.0039938929946453
mp-aaahagdz,T1,ctp-hap:0.0001,1e-05,90,True,2,q_cut=0.2;alpha_rel=4.64159e-05,hap:0.0001,projected,426.3305748550693,90388.0,6.062789413021545e-07,6.062787081997388e-07,0.0,10.3414880124584,0.0039938929946453
mp-aaahagdz,T1,ctp-hap:0.01,0.001,90,True,1,q_cut=0.2;alpha_rel=4.64159e-05,U,unprojected,428.0353667747812,90028.0,6.058762964457505e-07,6.058760637727185e-07,0.0001259999999998,10.348871707049398,1.1107655396098992e-05
mp-aaahagdz,T1,ctp-hap:0.01,0.0001,90,True,2,q_cut=0.2;alpha_rel=4.64159e-05,hap:0.01,projected,426.3305748550693,90388.0,6.102280201398733e-07,6.102277890143605e-07,0.0,10.331201854017875,0.0039938929946453
mp-aaahagdz,T1,ctp-hap:0.01,1e-05,90,True,2,q_cut=0.2;alpha_rel=4.64159e-05,hap:0.01,projected,426.3305748550693,90388.0,6.102280201398733e-07,6.102277890143605e-07,0.0,10.331201854017875,0.0039938929946453
mp-aaahagdz,T1,ctp-hap:1,0.001,96,True,5,q_cut=0.2;alpha_rel=4.64159e-05,U,unprojected,428.0353667747812,90028.0,6.058762964457505e-07,6.058760637727185e-07,0.0001259999999998,10.348871707049398,1.1107655396098992e-05
mp-aaahagdz,T1,ctp-hap:1,0.0001,96,True,1,q_cut=0.2;alpha_rel=0.000215443,hap:1,projected,645.3937160849467,59708.0,8.939758987988585e-07,8.939757410086139e-07,0.0,11.53289975971586,0.0060460909760836
mp-aaahagdz,T1,ctp-hap:1,1e-05,96,True,1,q_cut=0.2;alpha_rel=0.000215443,hap:1,projected,645.3937160849467,59708.0,8.939758987988585e-07,8.939757410086139e-07,0.0,11.53289975971586,0.0060460909760836
mp-aaahagdz,GP,hartree_only,0.001,0,False,0,,,,,,,,,,
mp-aaahagdz,GP,hartree_only,0.0001,0,False,0,,,,,,,,,,
mp-aaahagdz,GP,hartree_only,1e-05,0,False,0,,,,,,,,,,
mp-aaahagdz,GP,none,0.001,0,False,0,,,,,,,,,,
mp-aaahagdz,GP,none,0.0001,0,False,0,,,,,,,,,,
mp-aaahagdz,GP,none,1e-05,0,False,0,,,,,,,,,,
mp-aaahagdz,GP,uniform,0.001,0,False,0,,,,,,,,,,
mp-aaahagdz,GP,uniform,0.0001,0,False,0,,,,,,,,,,
mp-aaahagdz,GP,uniform,1e-05,0,False,0,,,,,,,,,,
mp-aaahagdz,GP,hap:0.0001,0.001,0,False,0,,,,,,,,,,
mp-aaahagdz,GP,hap:0.0001,0.0001,0,False,0,,,,,,,,,,
mp-aaahagdz,GP,hap:0.0001,1e-05,0,False,0,,,,,,,,,,
mp-aaahagdz,GP,hap:0.01,0.001,0,False,0,,,,,,,,,,
mp-aaahagdz,GP,hap:0.01,0.0001,0,False,0,,,,,,,,,,
mp-aaahagdz,GP,hap:0.01,1e-05,0,False,0,,,,,,,,,,
mp-aaahagdz,GP,hap:1,0.001,0,False,0,,,,,,,,,,
mp-aaahagdz,GP,hap:1,0.0001,0,False,0,,,,,,,,,,
mp-aaahagdz,GP,hap:1,1e-05,0,False,0,,,,,,,,,,
mp-aaahagdz,GP,ctp-uniform,0.001,0,False,0,,,,,,,,,,
mp-aaahagdz,GP,ctp-uniform,0.0001,0,False,0,,,,,,,,,,
mp-aaahagdz,GP,ctp-uniform,1e-05,0,False,0,,,,,,,,,,
mp-aaahagdz,GP,ctp-hap:0.0001,0.001,0,False,0,,,,,,,,,,
mp-aaahagdz,GP,ctp-hap:0.0001,0.0001,0,False,0,,,,,,,,,,
mp-aaahagdz,GP,ctp-hap:0.0001,1e-05,0,False,0,,,,,,,,,,
mp-aaahagdz,GP,ctp-hap:0.01,0.001,0,False,0,,,,,,,,,,
mp-aaahagdz,GP,ctp-hap:0.01,0.0001,0,False,0,,,,,,,,,,
mp-aaahagdz,GP,ctp-hap:0.01,1e-05,0,False,0,,,,,,,,,,
mp-aaahagdz,GP,ctp-hap:1,0.001,0,False,0,,,,,,,,,,
mp-aaahagdz,GP,ctp-hap:1,0.0001,0,False,0,,,,,,,,,,
mp-aaahagdz,GP,ctp-hap:1,1e-05,0,False,0,,,,,,,,,,
mp-aaahagdz,R3,hartree_only,0.001,6,True,0,tau=1e-06;k=0;margin=0.995,U,,1043.9739921976593,36912.0,9.947393558764029e-07,9.94739214159824e-07,,63.13915090655589,0.0
mp-aaahagdz,R3,hartree_only,0.0001,6,True,0,tau=1e-06;k=0;margin=0.995,U,,1043.9739921976593,36912.0,9.947393558764029e-07,9.94739214159824e-07,,63.13915090655589,0.0
mp-aaahagdz,R3,hartree_only,1e-05,6,True,0,tau=1e-06;k=0;margin=0.995,U,,1043.9739921976593,36912.0,9.947393558764029e-07,9.94739214159824e-07,,63.13915090655589,0.0
mp-aaahagdz,R3,none,0.001,6,True,1,tau=1e-06;k=0;margin=0.995,U,,1043.9739921976593,36912.0,9.947393558764029e-07,9.94739214159824e-07,0.0005859999999993,63.13915090655589,0.0
mp-aaahagdz,R3,none,0.0001,6,False,5,,,,,,,,,,
mp-aaahagdz,R3,none,1e-05,6,False,5,,,,,,,,,,
mp-aaahagdz,R3,uniform,0.001,0,False,0,,,,,,,,,,
mp-aaahagdz,R3,uniform,0.0001,0,False,0,,,,,,,,,,
mp-aaahagdz,R3,uniform,1e-05,0,False,0,,,,,,,,,,
mp-aaahagdz,R3,hap:0.0001,0.001,6,True,1,tau=1e-06;k=0;margin=0.995,hap:0.0001,,1033.8905344494526,37272.0,9.972045169869317e-07,9.972043739104135e-07,0.0,63.13470370284804,0.0096587250482936
mp-aaahagdz,R3,hap:0.0001,0.0001,6,True,1,tau=1e-06;k=0;margin=0.995,hap:0.0001,,1033.8905344494526,37272.0,9.972045169869317e-07,9.972043739104135e-07,0.0,63.13470370284804,0.0096587250482936
mp-aaahagdz,R3,hap:0.0001,1e-05,6,True,1,tau=1e-06;k=0;margin=0.995,hap:0.0001,,1033.8905344494526,37272.0,9.972045169869317e-07,9.972043739104135e-07,0.0,63.13470370284804,0.0096587250482936
mp-aaahagdz,R3,hap:0.01,0.001,0,False,0,,,,,,,,,,
mp-aaahagdz,R3,hap:0.01,0.0001,0,False,0,,,,,,,,,,
mp-aaahagdz,R3,hap:0.01,1e-05,0,False,0,,,,,,,,,,
mp-aaahagdz,R3,hap:1,0.001,0,False,0,,,,,,,,,,
mp-aaahagdz,R3,hap:1,0.0001,0,False,0,,,,,,,,,,
mp-aaahagdz,R3,hap:1,1e-05,0,False,0,,,,,,,,,,
mp-aaahagdz,R3,ctp-uniform,0.001,6,True,1,tau=1e-06;k=0;margin=0.995,U,unprojected,1043.945710183404,36913.0,9.947393558764029e-07,9.94739214159824e-07,0.0005859999999993,63.13915090655589,2.709072684420123e-05
mp-aaahagdz,R3,ctp-uniform,0.0001,6,False,5,,,,,,,,,,
mp-aaahagdz,R3,ctp-uniform,1e-05,6,False,5,,,,,,,,,,
mp-aaahagdz,R3,ctp-hap:0.0001,0.001,12,True,1,tau=1e-06;k=0;margin=0.995,U,unprojected,1043.945710183404,36913.0,9.947393558764029e-07,9.94739214159824e-07,0.0005859999999993,63.13915090655589,2.709072684420123e-05
mp-aaahagdz,R3,ctp-hap:0.0001,0.0001,12,False,5,,,,,,,,,,
mp-aaahagdz,R3,ctp-hap:0.0001,1e-05,12,False,5,,,,,,,,,,
mp-aaahagdz,R3,ctp-hap:0.01,0.001,6,True,1,tau=1e-06;k=0;margin=0.995,U,unprojected,1043.945710183404,36913.0,9.947393558764029e-07,9.94739214159824e-07,0.0005859999999993,63.13915090655589,2.709072684420123e-05
mp-aaahagdz,R3,ctp-hap:0.01,0.0001,6,False,5,,,,,,,,,,
mp-aaahagdz,R3,ctp-hap:0.01,1e-05,6,False,5,,,,,,,,,,
mp-aaahagdz,R3,ctp-hap:1,0.001,6,True,1,tau=1e-06;k=0;margin=0.995,U,unprojected,1043.945710183404,36913.0,9.947393558764029e-07,9.94739214159824e-07,0.0005859999999993,63.13915090655589,2.709072684420123e-05
mp-aaahagdz,R3,ctp-hap:1,0.0001,6,False,5,,,,,,,,,,
mp-aaahagdz,R3,ctp-hap:1,1e-05,6,False,5,,,,,,,,,,
mp-aaahagdz,GF,hartree_only,0.001,39,True,0,ZFP;tol_rel=4.64159e-05,U,,25.228861141372665,1527424.0,5.327994960978613e-07,5.327994851744091e-07,,0.2443446268749767,0.0
mp-aaahagdz,GF,hartree_only,0.0001,39,True,0,ZFP;tol_rel=4.64159e-05,U,,25.228861141372665,1527424.0,5.327994960978613e-07,5.327994851744091e-07,,0.2443446268749767,0.0
mp-aaahagdz,GF,hartree_only,1e-05,39,True,0,ZFP;tol_rel=4.64159e-05,U,,25.228861141372665,1527424.0,5.327994960978613e-07,5.327994851744091e-07,,0.2443446268749767,0.0
mp-aaahagdz,GF,none,0.001,39,True,1,ZFP;tol_rel=4.64159e-05,U,,25.228861141372665,1527424.0,5.327994960978613e-07,5.327994851744091e-07,1.4000000000180536e-05,0.2443446268749767,0.0
mp-aaahagdz,GF,none,0.0001,39,True,1,ZFP;tol_rel=4.64159e-05,U,,25.228861141372665,1527424.0,5.327994960978613e-07,5.327994851744091e-07,1.4000000000180536e-05,0.2443446268749767,0.0
mp-aaahagdz,GF,none,1e-05,39,True,2,ZFP;tol_rel=2.15443e-05,U,,21.90264774489253,1759384.0,3.7895094048225277e-07,3.7895093638681363e-07,7.000000000090267e-06,0.1212942299999895,0.0
mp-aaahagdz,GF,uniform,0.001,42,True,1,ZFP;tol_rel=0.000215443,uniform,,34.34433488053732,1122024.0,9.092329661731498e-07,9.092328840516392e-07,0.0,1.0975432512038878,0.0003137187796339
mp-aaahagdz,GF,uniform,0.0001,42,True,1,ZFP;tol_rel=0.000215443,uniform,,34.34433488053732,1122024.0,9.092329661731498e-07,9.092328840516392e-07,0.0,1.0975432512038878,0.0003137187796339
mp-aaahagdz,GF,uniform,1e-05,42,True,1,ZFP;tol_rel=0.000215443,uniform,,34.34433488053732,1122024.0,9.092329661731498e-07,9.092328840516392e-07,0.0,1.0975432512038878,0.0003137187796339
mp-aaahagdz,GF,hap:0.0001,0.001,39,True,1,ZFP;tol_rel=4.64159e-05,hap:0.0001,,25.222916328486225,1527784.0,5.326502531947364e-07,5.326502422747609e-07,0.0,0.2439742385168983,0.0002356354039576
mp-aaahagdz,GF,hap:0.0001,0.0001,39,True,1,ZFP;tol_rel=4.64159e-05,hap:0.0001,,25.222916328486225,1527784.0,5.326502531947364e-07,5.326502422747609e-07,0.0,0.2439742385168983,0.0002356354039576
mp-aaahagdz,GF,hap:0.0001,1e-05,39,True,1,ZFP;tol_rel=4.64159e-05,hap:0.0001,,25.222916328486225,1527784.0,5.326502531947364e-07,5.326502422747609e-07,0.0,0.2439742385168983,0.0002356354039576
mp-aaahagdz,GF,hap:0.01,0.001,39,True,1,ZFP;tol_rel=4.64159e-05,hap:0.01,,25.222916328486225,1527784.0,5.272380621935092e-07,5.272380511582256e-07,0.0,0.2449783907508163,0.0002356354039576
mp-aaahagdz,GF,hap:0.01,0.0001,39,True,1,ZFP;tol_rel=4.64159e-05,hap:0.01,,25.222916328486225,1527784.0,5.272380621935092e-07,5.272380511582256e-07,0.0,0.2449783907508163,0.0002356354039576
mp-aaahagdz,GF,hap:0.01,1e-05,39,True,1,ZFP;tol_rel=4.64159e-05,hap:0.01,,25.222916328486225,1527784.0,5.272380621935092e-07,5.272380511582256e-07,0.0,0.2449783907508163,0.0002356354039576
mp-aaahagdz,GF,hap:1,0.001,41,True,1,ZFP;tol_rel=0.0001,hap:1,,29.29468646041757,1315432.0,8.153701845398663e-07,8.153701589859561e-07,0.0,0.5246743264430052,0.0002736743518479
mp-aaahagdz,GF,hap:1,0.0001,41,True,1,ZFP;tol_rel=0.0001,hap:1,,29.29468646041757,1315432.0,8.153701845398663e-07,8.153701589859561e-07,0.0,0.5246743264430052,0.0002736743518479
mp-aaahagdz,GF,hap:1,1e-05,41,True,1,ZFP;tol_rel=0.0001,hap:1,,29.29468646041757,1315432.0,8.153701845398663e-07,8.153701589859561e-07,0.0,0.5246743264430052,0.0002736743518479
mp-aaahagdz,GF,ctp-uniform,0.001,81,True,3,ZFP;tol_rel=4.64159e-05,U,unprojected,25.228844624122296,1527425.0,5.327994960978613e-07,5.327994851744091e-07,1.4000000000180536e-05,0.2443446268749767,6.546966299490974e-07
mp-aaahagdz,GF,ctp-uniform,0.0001,81,True,3,ZFP;tol_rel=4.64159e-05,U,unprojected,25.228844624122296,1527425.0,5.327994960978613e-07,5.327994851744091e-07,1.4000000000180536e-05,0.2443446268749767,6.546966299490974e-07
mp-aaahagdz,GF,ctp-uniform,1e-05,81,True,1,ZFP;tol_rel=0.000215443,uniform,projected,34.3443042712952,1122025.0,9.092329661731498e-07,9.092328840516392e-07,0.0,1.0975432512038878,0.0003146097457721
mp-aaahagdz,GF,ctp-hap:0.0001,0.001,78,True,1,ZFP;tol_rel=4.64159e-05,U,unprojected,25.228844624122296,1527425.0,5.327994960978613e-07,5.327994851744091e-07,1.4000000000180536e-05,0.2443446268749767,6.546966299490974e-07
mp-aaahagdz,GF,ctp-hap:0.0001,0.0001,78,True,1,ZFP;tol_rel=4.64159e-05,U,unprojected,25.228844624122296,1527425.0,5.327994960978613e-07,5.327994851744091e-07,1.4000000000180536e-05,0.2443446268749767,6.546966299490974e-07
mp-aaahagdz,GF,ctp-hap:0.0001,1e-05,78,True,2,ZFP;tol_rel=4.64159e-05,hap:0.0001,projected,25.22289981901904,1527785.0,5.326502531947364e-07,5.326502422747609e-07,0.0,0.2439742385168983,0.0002362897920846
mp-aaahagdz,GF,ctp-hap:0.01,0.001,78,True,1,ZFP;tol_rel=4.64159e-05,U,unprojected,25.228844624122296,1527425.0,5.327994960978613e-07,5.327994851744091e-07,1.4000000000180536e-05,0.2443446268749767,6.546966299490974e-07
mp-aaahagdz,GF,ctp-hap:0.01,0.0001,78,True,1,ZFP;tol_rel=4.64159e-05,U,unprojected,25.228844624122296,1527425.0,5.327994960978613e-07,5.327994851744091e-07,1.4000000000180536e-05,0.2443446268749767,6.546966299490974e-07
mp-aaahagdz,GF,ctp-hap:0.01,1e-05,78,True,2,ZFP;tol_rel=4.64159e-05,hap:0.01,projected,25.22289981901904,1527785.0,5.272380621935092e-07,5.272380511582256e-07,0.0,0.2449783907508163,0.0002362897920846
mp-aaahagdz,GF,ctp-hap:1,0.001,80,True,2,ZFP;tol_rel=4.64159e-05,U,unprojected,25.228844624122296,1527425.0,5.327994960978613e-07,5.327994851744091e-07,1.4000000000180536e-05,0.2443446268749767,6.546966299490974e-07
mp-aaahagdz,GF,ctp-hap:1,0.0001,80,True,2,ZFP;tol_rel=4.64159e-05,U,unprojected,25.228844624122296,1527425.0,5.327994960978613e-07,5.327994851744091e-07,1.4000000000180536e-05,0.2443446268749767,6.546966299490974e-07
mp-aaahagdz,GF,ctp-hap:1,1e-05,80,True,1,ZFP;tol_rel=0.0001,hap:1,projected,29.29466419042247,1315433.0,8.153701845398663e-07,8.153701589859561e-07,0.0,0.5246743264430052,0.000274434349754
mp-aaadjydh,J,hartree_only,0.001,19,True,0,alpha_rel=0.1,U,,862.2185467804383,26603.0,8.774312101896859e-07,8.774311294682631e-07,,19.72237329322252,0.0
mp-aaadjydh,J,hartree_only,0.0001,19,True,0,alpha_rel=0.1,U,,862.2185467804383,26603.0,8.774312101896859e-07,8.774311294682631e-07,,19.72237329322252,0.0
mp-aaadjydh,J,hartree_only,1e-05,19,True,0,alpha_rel=0.1,U,,862.2185467804383,26603.0,8.774312101896859e-07,8.774311294682631e-07,,19.72237329322252,0.0
mp-aaadjydh,J,none,0.001,19,True,1,alpha_rel=0.1,U,,862.2185467804383,26603.0,8.774312101896859e-07,8.774311294682631e-07,0.0002060000000003,19.72237329322252,0.0
mp-aaadjydh,J,none,0.0001,19,True,3,alpha_rel=0.0215443,U,,557.089425365522,41174.0,2.618967626828943e-07,2.618964922422512e-07,8.899999999911756e-05,6.440666350886824,0.0
mp-aaadjydh,J,none,1e-05,19,False,5,,,,,,,,,,
mp-aaadjydh,J,uniform,0.001,17,True,1,alpha_rel=0.0215443,uniform,,554.0750760906324,41398.0,5.916582690898968e-07,5.916581493853361e-07,0.0,6.441042329871916,0.0054108894149475
mp-aaadjydh,J,uniform,0.0001,17,True,1,alpha_rel=0.0215443,uniform,,554.0750760906324,41398.0,5.916582690898968e-07,5.916581493853361e-07,0.0,6.441042329871916,0.0054108894149475
mp-aaadjydh,J,uniform,1e-05,17,True,1,alpha_rel=0.0215443,uniform,,554.0750760906324,41398.0,5.916582690898968e-07,5.916581493853361e-07,0.0,6.441042329871916,0.0054108894149475
mp-aaadjydh,J,hap:0.0001,0.001,19,True,1,alpha_rel=0.1,hap:0.0001,,854.7643003540153,26835.0,8.789058236536397e-07,8.789057433229416e-07,0.0,19.71778333826387,0.0086454257499534
mp-aaadjydh,J,hap:0.0001,0.0001,19,True,1,alpha_rel=0.1,hap:0.0001,,854.7643003540153,26835.0,8.789058236536397e-07,8.789057433229416e-07,0.0,19.71778333826387,0.0086454257499534
mp-aaadjydh,J,hap:0.0001,1e-05,19,True,1,alpha_rel=0.1,hap:0.0001,,854.7643003540153,26835.0,8.789058236536397e-07,8.789057433229416e-07,0.0,19.71778333826387,0.0086454257499534
mp-aaadjydh,J,hap:0.01,0.001,19,True,1,alpha_rel=0.1,hap:0.01,,854.7643003540153,26835.0,9.175546220049428e-07,9.175545449413136e-07,0.0,19.72966668787376,0.0086454257499534
mp-aaadjydh,J,hap:0.01,0.0001,19,True,1,alpha_rel=0.1,hap:0.01,,854.7643003540153,26835.0,9.175546220049428e-07,9.175545449413136e-07,0.0,19.72966668787376,0.0086454257499534
mp-aaadjydh,J,hap:0.01,1e-05,19,True,1,alpha_rel=0.1,hap:0.01,,854.7643003540153,26835.0,9.175546220049428e-07,9.175545449413136e-07,0.0,19.72966668787376,0.0086454257499534
mp-aaadjydh,J,hap:1,0.001,18,True,1,alpha_rel=0.0464159,hap:1,,700.6628585392675,32737.0,7.454860000370375e-07,7.454859050295265e-07,0.0,18.192313322876544,0.007086782539634
mp-aaadjydh,J,hap:1,0.0001,18,True,1,alpha_rel=0.0464159,hap:1,,700.6628585392675,32737.0,7.454860000370375e-07,7.454859050295265e-07,0.0,18.192313322876544,0.007086782539634
mp-aaadjydh,J,hap:1,1e-05,18,True,1,alpha_rel=0.0464159,hap:1,,700.6628585392675,32737.0,7.454860000370375e-07,7.454859050295265e-07,0.0,18.192313322876544,0.007086782539634
mp-aaadjydh,J,ctp-uniform,0.001,36,True,1,alpha_rel=0.1,U,unprojected,862.186137422944,26604.0,8.774312101896859e-07,8.774311294682631e-07,0.0002060000000003,19.72237329322252,3.758833258156669e-05
mp-aaadjydh,J,ctp-uniform,0.0001,36,True,3,alpha_rel=0.0215443,U,unprojected,557.0758955676988,41175.0,2.618967626828943e-07,2.618964922422512e-07,8.899999999911756e-05,6.440666350886824,2.4286581663630843e-05
mp-aaadjydh,J,ctp-uniform,1e-05,36,True,4,alpha_rel=0.0215443,uniform,projected,554.0616923114085,41399.0,5.916582690898968e-07,5.916581493853361e-07,0.0,6.441042329871916,0.0054349138868088
mp-aaadjydh,J,ctp-hap:0.0001,0.001,38,True,1,alpha_rel=0.1,U,unprojected,862.186137422944,26604.0,8.774312101896859e-07,8.774311294682631e-07,0.0002060000000003,19.72237329322252,3.758833258156669e-05
mp-aaadjydh,J,ctp-hap:0.0001,0.0001,38,True,2,alpha_rel=0.1,hap:0.0001,projected,854.7324489491727,26836.0,8.789058236536397e-07,8.789057433229416e-07,0.0,19.71778333826387,0.0086823669697421
mp-aaadjydh,J,ctp-hap:0.0001,1e-05,38,True,2,alpha_rel=0.1,hap:0.0001,projected,854.7324489491727,26836.0,8.789058236536397e-07,8.789057433229416e-07,0.0,19.71778333826387,0.0086823669697421
mp-aaadjydh,J,ctp-hap:0.01,0.001,38,True,1,alpha_rel=0.1,U,unprojected,862.186137422944,26604.0,8.774312101896859e-07,8.774311294682631e-07,0.0002060000000003,19.72237329322252,3.758833258156669e-05
mp-aaadjydh,J,ctp-hap:0.01,0.0001,38,True,2,alpha_rel=0.1,hap:0.01,projected,854.7324489491727,26836.0,9.175546220049428e-07,9.175545449413136e-07,0.0,19.72966668787376,0.0086823669697421
mp-aaadjydh,J,ctp-hap:0.01,1e-05,38,True,2,alpha_rel=0.1,hap:0.01,projected,854.7324489491727,26836.0,9.175546220049428e-07,9.175545449413136e-07,0.0,19.72966668787376,0.0086823669697421
mp-aaadjydh,J,ctp-hap:1,0.001,37,True,1,alpha_rel=0.1,U,unprojected,862.186137422944,26604.0,8.774312101896859e-07,8.774311294682631e-07,0.0002060000000003,19.72237329322252,3.758833258156669e-05
mp-aaadjydh,J,ctp-hap:1,0.0001,37,True,3,alpha_rel=0.0464159,hap:1,projected,700.6414564115096,32738.0,7.454860000370375e-07,7.454859050295265e-07,0.0,18.192313322876544,0.0071171116134156
mp-aaadjydh,J,ctp-hap:1,1e-05,37,True,3,alpha_rel=0.0464159,hap:1,projected,700.6414564115096,32738.0,7.454860000370375e-07,7.454859050295265e-07,0.0,18.192313322876544,0.0071171116134156
mp-aaadjydh,T1,hartree_only,0.001,50,True,0,q_cut=0.2;alpha_rel=0.0001,U,,492.2337389214361,46599.0,4.821851284026017e-07,4.82184981513992e-07,,19.43766406510804,0.0
mp-aaadjydh,T1,hartree_only,0.0001,50,True,0,q_cut=0.2;alpha_rel=0.0001,U,,492.2337389214361,46599.0,4.821851284026017e-07,4.82184981513992e-07,,19.43766406510804,0.0
mp-aaadjydh,T1,hartree_only,1e-05,50,True,0,q_cut=0.2;alpha_rel=0.0001,U,,492.2337389214361,46599.0,4.821851284026017e-07,4.82184981513992e-07,,19.43766406510804,0.0
mp-aaadjydh,T1,none,0.001,50,True,1,q_cut=0.2;alpha_rel=0.0001,U,,492.2337389214361,46599.0,4.821851284026017e-07,4.82184981513992e-07,0.0001549999999994,19.43766406510804,0.0
mp-aaadjydh,T1,none,0.0001,50,True,5,q_cut=0.3;alpha_rel=0.0001,U,,297.3541269656075,77139.0,4.181775160762008e-07,4.1817734670433363e-07,8.399999999930685e-05,5.2010357241797465,0.0
mp-aaadjydh,T1,none,1e-05,50,False,5,,,,,,,,,,
mp-aaadjydh,T1,uniform,0.001,54,True,1,q_cut=0.2;alpha_rel=0.000215443,uniform,,579.5689415569649,39577.0,8.081206884264927e-07,8.081206007433041e-07,0.0,19.39200130701101,0.0056598529448922
mp-aaadjydh,T1,uniform,0.0001,54,True,1,q_cut=0.2;alpha_rel=0.000215443,uniform,,579.5689415569649,39577.0,8.081206884264927e-07,8.081206007433041e-07,0.0,19.39200130701101,0.0056598529448922
mp-aaadjydh,T1,uniform,1e-05,54,True,1,q_cut=0.2;alpha_rel=0.000215443,uniform,,579.5689415569649,39577.0,8.081206884264927e-07,8.081206007433041e-07,0.0,19.39200130701101,0.0056598529448922
mp-aaadjydh,T1,hap:0.0001,0.001,50,True,1,q_cut=0.2;alpha_rel=0.0001,hap:0.0001,,489.7952211142192,46831.0,4.797295205494372e-07,4.797293724254515e-07,0.0,19.440121355550215,0.0049539834724861
mp-aaadjydh,T1,hap:0.0001,0.0001,50,True,1,q_cut=0.2;alpha_rel=0.0001,hap:0.0001,,489.7952211142192,46831.0,4.797295205494372e-07,4.797293724254515e-07,0.0,19.440121355550215,0.0049539834724861
mp-aaadjydh,T1,hap:0.0001,1e-05,50,True,1,q_cut=0.2;alpha_rel=0.0001,hap:0.0001,,489.7952211142192,46831.0,4.797295205494372e-07,4.797293724254515e-07,0.0,19.440121355550215,0.0049539834724861
mp-aaadjydh,T1,hap:0.01,0.001,50,True,1,q_cut=0.2;alpha_rel=0.0001,hap:0.01,,489.7952211142192,46831.0,4.178255618809023e-07,4.178253922407616e-07,0.0,19.43456017513745,0.0049539834724861
mp-aaadjydh,T1,hap:0.01,0.0001,50,True,1,q_cut=0.2;alpha_rel=0.0001,hap:0.01,,489.7952211142192,46831.0,4.178255618809023e-07,4.178253922407616e-07,0.0,19.43456017513745,0.0049539834724861
mp-aaadjydh,T1,hap:0.01,1e-05,50,True,1,q_cut=0.2;alpha_rel=0.0001,hap:0.01,,489.7952211142192,46831.0,4.178255618809023e-07,4.178253922407616e-07,0.0,19.43456017513745,0.0049539834724861
mp-aaadjydh,T1,hap:1,0.001,54,True,1,q_cut=0.2;alpha_rel=0.0001,hap:1,,489.7952211142192,46831.0,5.076393777388183e-07,5.076392381799591e-07,0.0,19.43390267774157,0.0049539834724861
mp-aaadjydh,T1,hap:1,0.0001,54,True,1,q_cut=0.2;alpha_rel=0.0001,hap:1,,489.7952211142192,46831.0,5.076393777388183e-07,5.076392381799591e-07,0.0,19.43390267774157,0.0049539834724861
mp-aaadjydh,T1,hap:1,1e-05,54,True,1,q_cut=0.2;alpha_rel=0.0001,hap:1,,489.7952211142192,46831.0,5.076393777388183e-07,5.076392381799591e-07,0.0,19.43390267774157,0.0049539834724861
mp-aaadjydh,T1,ctp-uniform,0.001,104,True,2,q_cut=0.2;alpha_rel=0.0001,U,unprojected,492.2231759656652,46600.0,4.821851284026017e-07,4.82184981513992e-07,0.0001549999999994,19.43766406510804,2.145922746781116e-05
mp-aaadjydh,T1,ctp-uniform,0.0001,104,True,1,q_cut=0.2;alpha_rel=0.000215443,uniform,projected,579.5542978422355,39578.0,8.081206884264927e-07,8.081206007433041e-07,0.0,19.39200130701101,0.0056849765020971
mp-aaadjydh,T1,ctp-uniform,1e-05,104,True,1,q_cut=0.2;alpha_rel=0.000215443,uniform,projected,579.5542978422355,39578.0,8.081206884264927e-07,8.081206007433041e-07,0.0,19.39200130701101,0.0056849765020971
mp-aaadjydh,T1,ctp-hap:0.0001,0.001,100,True,1,q_cut=0.2;alpha_rel=0.0001,U,unprojected,492.2231759656652,46600.0,4.821851284026017e-07,4.82184981513992e-07,0.0001549999999994,19.43766406510804,2.145922746781116e-05
mp-aaadjydh,T1,ctp-hap:0.0001,0.0001,100,True,2,q_cut=0.2;alpha_rel=0.0001,hap:0.0001,projected,489.7847625555176,46832.0,4.797295205494372e-07,4.797293724254515e-07,0.0,19.440121355550215,0.0049752306115476
mp-aaadjydh,T1,ctp-hap:0.0001,1e-05,100,True,2,q_cut=0.2;alpha_rel=0.0001,hap:0.0001,projected,489.7847625555176,46832.0,4.797295205494372e-07,4.797293724254515e-07,0.0,19.440121355550215,0.0049752306115476
mp-aaadjydh,T1,ctp-hap:0.01,0.001,100,True,1,q_cut=0.2;alpha_rel=0.0001,U,unprojected,492.2231759656652,46600.0,4.821851284026017e-07,4.82184981513992e-07,0.0001549999999994,19.43766406510804,2.145922746781116e-05
mp-aaadjydh,T1,ctp-hap:0.01,0.0001,100,True,2,q_cut=0.2;alpha_rel=0.0001,hap:0.01,projected,489.7847625555176,46832.0,4.178255618809023e-07,4.178253922407616e-07,0.0,19.43456017513745,0.0049752306115476
mp-aaadjydh,T1,ctp-hap:0.01,1e-05,100,True,2,q_cut=0.2;alpha_rel=0.0001,hap:0.01,projected,489.7847625555176,46832.0,4.178255618809023e-07,4.178253922407616e-07,0.0,19.43456017513745,0.0049752306115476
mp-aaadjydh,T1,ctp-hap:1,0.001,104,True,1,q_cut=0.2;alpha_rel=0.0001,U,unprojected,492.2231759656652,46600.0,4.821851284026017e-07,4.82184981513992e-07,0.0001549999999994,19.43766406510804,2.145922746781116e-05
mp-aaadjydh,T1,ctp-hap:1,0.0001,104,True,2,q_cut=0.2;alpha_rel=0.0001,hap:1,projected,489.7847625555176,46832.0,5.076393777388183e-07,5.076392381799591e-07,0.0,19.43390267774157,0.0049752306115476
mp-aaadjydh,T1,ctp-hap:1,1e-05,104,True,2,q_cut=0.2;alpha_rel=0.0001,hap:1,projected,489.7847625555176,46832.0,5.076393777388183e-07,5.076392381799591e-07,0.0,19.43390267774157,0.0049752306115476
mp-aaadjydh,GP,hartree_only,0.001,0,False,0,,,,,,,,,,
mp-aaadjydh,GP,hartree_only,0.0001,0,False,0,,,,,,,,,,
mp-aaadjydh,GP,hartree_only,1e-05,0,False,0,,,,,,,,,,
mp-aaadjydh,GP,none,0.001,0,False,0,,,,,,,,,,
mp-aaadjydh,GP,none,0.0001,0,False,0,,,,,,,,,,
mp-aaadjydh,GP,none,1e-05,0,False,0,,,,,,,,,,
mp-aaadjydh,GP,uniform,0.001,0,False,0,,,,,,,,,,
mp-aaadjydh,GP,uniform,0.0001,0,False,0,,,,,,,,,,
mp-aaadjydh,GP,uniform,1e-05,0,False,0,,,,,,,,,,
mp-aaadjydh,GP,hap:0.0001,0.001,0,False,0,,,,,,,,,,
mp-aaadjydh,GP,hap:0.0001,0.0001,0,False,0,,,,,,,,,,
mp-aaadjydh,GP,hap:0.0001,1e-05,0,False,0,,,,,,,,,,
mp-aaadjydh,GP,hap:0.01,0.001,0,False,0,,,,,,,,,,
mp-aaadjydh,GP,hap:0.01,0.0001,0,False,0,,,,,,,,,,
mp-aaadjydh,GP,hap:0.01,1e-05,0,False,0,,,,,,,,,,
mp-aaadjydh,GP,hap:1,0.001,0,False,0,,,,,,,,,,
mp-aaadjydh,GP,hap:1,0.0001,0,False,0,,,,,,,,,,
mp-aaadjydh,GP,hap:1,1e-05,0,False,0,,,,,,,,,,
mp-aaadjydh,GP,ctp-uniform,0.001,0,False,0,,,,,,,,,,
mp-aaadjydh,GP,ctp-uniform,0.0001,0,False,0,,,,,,,,,,
mp-aaadjydh,GP,ctp-uniform,1e-05,0,False,0,,,,,,,,,,
mp-aaadjydh,GP,ctp-hap:0.0001,0.001,0,False,0,,,,,,,,,,
mp-aaadjydh,GP,ctp-hap:0.0001,0.0001,0,False,0,,,,,,,,,,
mp-aaadjydh,GP,ctp-hap:0.0001,1e-05,0,False,0,,,,,,,,,,
mp-aaadjydh,GP,ctp-hap:0.01,0.001,0,False,0,,,,,,,,,,
mp-aaadjydh,GP,ctp-hap:0.01,0.0001,0,False,0,,,,,,,,,,
mp-aaadjydh,GP,ctp-hap:0.01,1e-05,0,False,0,,,,,,,,,,
mp-aaadjydh,GP,ctp-hap:1,0.001,0,False,0,,,,,,,,,,
mp-aaadjydh,GP,ctp-hap:1,0.0001,0,False,0,,,,,,,,,,
mp-aaadjydh,GP,ctp-hap:1,1e-05,0,False,0,,,,,,,,,,
mp-aaadjydh,R3,hartree_only,0.001,6,True,0,tau=1e-06;k=0;margin=0.995,U,,1178.9473684210527,19456.0,9.935372294584432e-07,9.935371581702288e-07,,21.72820938010136,0.0
mp-aaadjydh,R3,hartree_only,0.0001,6,True,0,tau=1e-06;k=0;margin=0.995,U,,1178.9473684210527,19456.0,9.935372294584432e-07,9.935371581702288e-07,,21.72820938010136,0.0
mp-aaadjydh,R3,hartree_only,1e-05,6,True,0,tau=1e-06;k=0;margin=0.995,U,,1178.9473684210527,19456.0,9.935372294584432e-07,9.935371581702288e-07,,21.72820938010136,0.0
mp-aaadjydh,R3,none,0.001,6,True,1,tau=1e-06;k=0;margin=0.995,U,,1178.9473684210527,19456.0,9.935372294584432e-07,9.935371581702288e-07,0.0003209999999995,21.72820938010136,0.0
mp-aaadjydh,R3,none,0.0001,6,False,5,,,,,,,,,,
mp-aaadjydh,R3,none,1e-05,6,False,5,,,,,,,,,,
mp-aaadjydh,R3,uniform,0.001,0,False,0,,,,,,,,,,
mp-aaadjydh,R3,uniform,0.0001,0,False,0,,,,,,,,,,
mp-aaadjydh,R3,uniform,1e-05,0,False,0,,,,,,,,,,
mp-aaadjydh,R3,hap:0.0001,0.001,6,True,1,tau=1e-06;k=0;margin=0.995,hap:0.0001,,1165.0548557496952,19688.0,9.951928077208025e-07,9.951927362880735e-07,0.0,21.719624321829546,0.011783827712312
mp-aaadjydh,R3,hap:0.0001,0.0001,6,True,1,tau=1e-06;k=0;margin=0.995,hap:0.0001,,1165.0548557496952,19688.0,9.951928077208025e-07,9.951927362880735e-07,0.0,21.719624321829546,0.011783827712312
mp-aaadjydh,R3,hap:0.0001,1e-05,6,True,1,tau=1e-06;k=0;margin=0.995,hap:0.0001,,1165.0548557496952,19688.0,9.951928077208025e-07,9.951927362880735e-07,0.0,21.719624321829546,0.011783827712312
mp-aaadjydh,R3,hap:0.01,0.001,1,True,1,tau=1e-06;k=5;margin=0.970372509,hap:0.01,,1154.0350171060577,19876.0,9.831525350631315e-07,9.831524630606046e-07,0.0,25.16539098200701,0.0116723686858522
mp-aaadjydh,R3,hap:0.01,0.0001,1,True,1,tau=1e-06;k=5;margin=0.970372509,hap:0.01,,1154.0350171060577,19876.0,9.831525350631315e-07,9.831524630606046e-07,0.0,25.16539098200701,0.0116723686858522
mp-aaadjydh,R3,hap:0.01,1e-05,1,True,1,tau=1e-06;k=5;margin=0.970372509,hap:0.01,,1154.0350171060577,19876.0,9.831525350631315e-07,9.831524630606046e-07,0.0,25.16539098200701,0.0116723686858522
mp-aaadjydh,R3,hap:1,0.001,0,False,0,,,,,,,,,,
mp-aaadjydh,R3,hap:1,0.0001,0,False,0,,,,,,,,,,
mp-aaadjydh,R3,hap:1,1e-05,0,False,0,,,,,,,,,,
mp-aaadjydh,R3,ctp-uniform,0.001,6,True,1,tau=1e-06;k=0;margin=0.995,U,unprojected,1178.886775967518,19457.0,9.935372294584432e-07,9.935371581702288e-07,0.0003209999999995,21.72820938010136,5.139538469445444e-05
mp-aaadjydh,R3,ctp-uniform,0.0001,6,False,5,,,,,,,,,,
mp-aaadjydh,R3,ctp-uniform,1e-05,6,False,5,,,,,,,,,,
mp-aaadjydh,R3,ctp-hap:0.0001,0.001,12,True,1,tau=1e-06;k=0;margin=0.995,U,unprojected,1178.886775967518,19457.0,9.935372294584432e-07,9.935371581702288e-07,0.0003209999999995,21.72820938010136,5.139538469445444e-05
mp-aaadjydh,R3,ctp-hap:0.0001,0.0001,12,False,5,,,,,,,,,,
mp-aaadjydh,R3,ctp-hap:0.0001,1e-05,12,False,5,,,,,,,,,,
mp-aaadjydh,R3,ctp-hap:0.01,0.001,7,True,1,tau=1e-06;k=0;margin=0.995,U,unprojected,1178.886775967518,19457.0,9.935372294584432e-07,9.935371581702288e-07,0.0003209999999995,21.72820938010136,5.139538469445444e-05
mp-aaadjydh,R3,ctp-hap:0.01,0.0001,7,False,5,,,,,,,,,,
mp-aaadjydh,R3,ctp-hap:0.01,1e-05,7,False,5,,,,,,,,,,
mp-aaadjydh,R3,ctp-hap:1,0.001,6,True,1,tau=1e-06;k=0;margin=0.995,U,unprojected,1178.886775967518,19457.0,9.935372294584432e-07,9.935371581702288e-07,0.0003209999999995,21.72820938010136,5.139538469445444e-05
mp-aaadjydh,R3,ctp-hap:1,0.0001,6,False,5,,,,,,,,,,
mp-aaadjydh,R3,ctp-hap:1,1e-05,6,False,5,,,,,,,,,,
mp-aaadjydh,GF,hartree_only,0.001,40,True,0,ZFP;tol_rel=4.64159e-05,U,,24.572559841622173,933464.0,4.844036876833463e-07,4.844036810124792e-07,,0.1246705571875281,0.0
mp-aaadjydh,GF,hartree_only,0.0001,40,True,0,ZFP;tol_rel=4.64159e-05,U,,24.572559841622173,933464.0,4.844036876833463e-07,4.844036810124792e-07,,0.1246705571875281,0.0
mp-aaadjydh,GF,hartree_only,1e-05,40,True,0,ZFP;tol_rel=4.64159e-05,U,,24.572559841622173,933464.0,4.844036876833463e-07,4.844036810124792e-07,,0.1246705571875281,0.0
mp-aaadjydh,GF,none,0.001,40,True,1,ZFP;tol_rel=4.64159e-05,U,,24.572559841622173,933464.0,4.844036876833463e-07,4.844036810124792e-07,9.999999999621425e-06,0.1246705571875281,0.0
mp-aaadjydh,GF,none,0.0001,40,True,1,ZFP;tol_rel=4.64159e-05,U,,24.572559841622173,933464.0,4.844036876833463e-07,4.844036810124792e-07,9.999999999621425e-06,0.1246705571875281,0.0
mp-aaadjydh,GF,none,1e-05,40,True,1,ZFP;tol_rel=4.64159e-05,U,,24.572559841622173,933464.0,4.844036876833463e-07,4.844036810124792e-07,9.999999999621425e-06,0.1246705571875281,0.0
mp-aaadjydh,GF,uniform,0.001,44,True,1,ZFP;tol_rel=0.000215443,uniform,,33.22440844515516,690384.0,5.407840093656699e-07,5.407839277977691e-07,0.0,0.4718446897974786,0.0003244571137222
mp-aaadjydh,GF,uniform,0.0001,44,True,1,ZFP;tol_rel=0.000215443,uniform,,33.22440844515516,690384.0,5.407840093656699e-07,5.407839277977691e-07,0.0,0.4718446897974786,0.0003244571137222
mp-aaadjydh,GF,uniform,1e-05,44,True,1,ZFP;tol_rel=0.000215443,uniform,,33.22440844515516,690384.0,5.407840093656699e-07,5.407839277977691e-07,0.0,0.4718446897974786,0.0003244571137222
mp-aaadjydh,GF,hap:0.0001,0.001,40,True,1,ZFP;tol_rel=4.64159e-05,hap:0.0001,,24.566454177805195,933696.0,4.843539022563514e-07,4.843538955807133e-07,0.0,0.123823530949096,0.0002484748783329
mp-aaadjydh,GF,hap:0.0001,0.0001,40,True,1,ZFP;tol_rel=4.64159e-05,hap:0.0001,,24.566454177805195,933696.0,4.843539022563514e-07,4.843538955807133e-07,0.0,0.123823530949096,0.0002484748783329
mp-aaadjydh,GF,hap:0.0001,1e-05,40,True,1,ZFP;tol_rel=4.64159e-05,hap:0.0001,,24.566454177805195,933696.0,4.843539022563514e-07,4.843538955807133e-07,0.0,0.123823530949096,0.0002484748783329
mp-aaadjydh,GF,hap:0.01,0.001,40,True,1,ZFP;tol_rel=4.64159e-05,hap:0.01,,24.566454177805195,933696.0,4.822256323187057e-07,4.822256256165764e-07,0.0,0.1237913318012147,0.0002484748783329
mp-aaadjydh,GF,hap:0.01,0.0001,40,True,1,ZFP;tol_rel=4.64159e-05,hap:0.01,,24.566454177805195,933696.0,4.822256323187057e-07,4.822256256165764e-07,0.0,0.1237913318012147,0.0002484748783329
mp-aaadjydh,GF,hap:0.01,1e-05,40,True,1,ZFP;tol_rel=4.64159e-05,hap:0.01,,24.566454177805195,933696.0,4.822256323187057e-07,4.822256256165764e-07,0.0,0.1237913318012147,0.0002484748783329
mp-aaadjydh,GF,hap:1,0.001,42,True,1,ZFP;tol_rel=0.000215443,hap:1,,33.22402345334245,690392.0,8.339750898018075e-07,8.339750369047518e-07,0.0,0.4717842381708692,0.0003360409738235
mp-aaadjydh,GF,hap:1,0.0001,42,True,1,ZFP;tol_rel=0.000215443,hap:1,,33.22402345334245,690392.0,8.339750898018075e-07,8.339750369047518e-07,0.0,0.4717842381708692,0.0003360409738235
mp-aaadjydh,GF,hap:1,1e-05,42,True,1,ZFP;tol_rel=0.000215443,hap:1,,33.22402345334245,690392.0,8.339750898018075e-07,8.339750369047518e-07,0.0,0.4717842381708692,0.0003360409738235
mp-aaadjydh,GF,ctp-uniform,0.001,84,True,3,ZFP;tol_rel=4.64159e-05,U,unprojected,24.57253351759305,933465.0,4.844036876833463e-07,4.844036810124792e-07,9.999999999621425e-06,0.1246705571875281,1.0712774447890389e-06
mp-aaadjydh,GF,ctp-uniform,0.0001,84,True,3,ZFP;tol_rel=4.64159e-05,U,unprojected,24.57253351759305,933465.0,4.844036876833463e-07,4.844036810124792e-07,9.999999999621425e-06,0.1246705571875281,1.0712774447890389e-06
mp-aaadjydh,GF,ctp-uniform,1e-05,84,True,1,ZFP;tol_rel=0.000215443,uniform,projected,33.22436032069063,690385.0,5.407840093656699e-07,5.407839277977691e-07,0.0,0.4718446897974786,0.0003259051109163
mp-aaadjydh,GF,ctp-hap:0.0001,0.001,80,True,1,ZFP;tol_rel=4.64159e-05,U,unprojected,24.57253351759305,933465.0,4.844036876833463e-07,4.844036810124792e-07,9.999999999621425e-06,0.1246705571875281,1.0712774447890389e-06
mp-aaadjydh,GF,ctp-hap:0.0001,0.0001,80,True,1,ZFP;tol_rel=4.64159e-05,U,unprojected,24.57253351759305,933465.0,4.844036876833463e-07,4.844036810124792e-07,9.999999999621425e-06,0.1246705571875281,1.0712774447890389e-06
mp-aaadjydh,GF,ctp-hap:0.0001,1e-05,80,True,1,ZFP;tol_rel=4.64159e-05,U,unprojected,24.57253351759305,933465.0,4.844036876833463e-07,4.844036810124792e-07,9.999999999621425e-06,0.1246705571875281,1.0712774447890389e-06
mp-aaadjydh,GF,ctp-hap:0.01,0.001,80,True,1,ZFP;tol_rel=4.64159e-05,U,unprojected,24.57253351759305,933465.0,4.844036876833463e-07,4.844036810124792e-07,9.999999999621425e-06,0.1246705571875281,1.0712774447890389e-06
mp-aaadjydh,GF,ctp-hap:0.01,0.0001,80,True,1,ZFP;tol_rel=4.64159e-05,U,unprojected,24.57253351759305,933465.0,4.844036876833463e-07,4.844036810124792e-07,9.999999999621425e-06,0.1246705571875281,1.0712774447890389e-06
mp-aaadjydh,GF,ctp-hap:0.01,1e-05,80,True,1,ZFP;tol_rel=4.64159e-05,U,unprojected,24.57253351759305,933465.0,4.844036876833463e-07,4.844036810124792e-07,9.999999999621425e-06,0.1246705571875281,1.0712774447890389e-06
mp-aaadjydh,GF,ctp-hap:1,0.001,82,True,2,ZFP;tol_rel=4.64159e-05,U,unprojected,24.57253351759305,933465.0,4.844036876833463e-07,4.844036810124792e-07,9.999999999621425e-06,0.1246705571875281,1.0712774447890389e-06
mp-aaadjydh,GF,ctp-hap:1,0.0001,82,True,2,ZFP;tol_rel=4.64159e-05,U,unprojected,24.57253351759305,933465.0,4.844036876833463e-07,4.844036810124792e-07,9.999999999621425e-06,0.1246705571875281,1.0712774447890389e-06
mp-aaadjydh,GF,ctp-hap:1,1e-05,82,True,1,ZFP;tol_rel=0.000215443,hap:1,projected,33.22397532999321,690393.0,8.339750898018075e-07,8.339750369047518e-07,0.0,0.4717842381708692,0.0003374889374602
