material_id,system_type,formula,source,source_sha256,loader,npoints,raw_bytes,beta,alpha_rel_ptp,alpha_abs,encoded_bytes,compression_ratio,hartree_error_rel_RMSE_historical,hartree_error_rel_RMSE_safe,density_Linf,density_RMSE,mean_density_deviation,negative_fraction_reference,negative_fraction_reconstruction,negative_fraction_delta,encode_seconds,decode_seconds,special_modes,active_modes,zlib_level,shell_count
nomad---3hBedCnC_e,slab,Ru16O35C4H1,NOMAD surfaces/adsorbates,634dc8cb48b7deedeb5cbba8421bf41d8ed5e55585ceb0ba9abe6a1850c9b0d6,nomad_exact_bytes_decompress_to_baderkit_grid,3870720,30965760,0.0,1e-07,0.0009429509383553,5409535,5.724292383726143,1.0000000000000002,1.0,9074.508922440898,844.1348377657939,2.842170943040401e-13,0.0174182064318783,0.0,-0.0174182064318783,0.691595116000002,0.2734010120000079,49327,1895249,6,32
nomad---3hBedCnC_e,slab,Ru16O35C4H1,NOMAD surfaces/adsorbates,634dc8cb48b7deedeb5cbba8421bf41d8ed5e55585ceb0ba9abe6a1850c9b0d6,nomad_exact_bytes_decompress_to_baderkit_grid,3870720,30965760,0.0,2.1544346900318827e-07,0.0020315262125908,4712571,6.5708845553732775,1.0000000000000002,1.0,9074.508922440898,844.1348377657939,2.842170943040401e-13,0.0174182064318783,0.0,-0.0174182064318783,0.6484568369999977,0.2614857000000086,49327,1895249,6,32
nomad---3hBedCnC_e,slab,Ru16O35C4H1,NOMAD surfaces/adsorbates,634dc8cb48b7deedeb5cbba8421bf41d8ed5e55585ceb0ba9abe6a1850c9b0d6,nomad_exact_bytes_decompress_to_baderkit_grid,3870720,30965760,0.0,4.641588833612782e-07,0.0043767905461148,3916840,7.905801615588076,1.0000000000000002,1.0,9074.508922440898,844.1348377657939,2.842170943040401e-13,0.0174182064318783,0.0,-0.0174182064318783,0.5539092860000068,0.2519991049999959,49327,1895249,6,32
nomad---3hBedCnC_e,slab,Ru16O35C4H1,NOMAD surfaces/adsorbates,634dc8cb48b7deedeb5cbba8421bf41d8ed5e55585ceb0ba9abe6a1850c9b0d6,nomad_exact_bytes_decompress_to_baderkit_grid,3870720,30965760,0.0,1e-06,0.0094295093835533,3249796,9.528524251983816,1.0000000000000002,1.0,9074.508922440898,844.1348377657939,2.842170943040401e-13,0.0174182064318783,0.0,-0.0174182064318783,0.5285357760000124,0.2501483510000071,49327,1895249,6,32
nomad---3hBedCnC_e,slab,Ru16O35C4H1,NOMAD surfaces/adsorbates,634dc8cb48b7deedeb5cbba8421bf41d8ed5e55585ceb0ba9abe6a1850c9b0d6,nomad_exact_bytes_decompress_to_baderkit_grid,3870720,30965760,0.0,2.1544346900318822e-06,0.0203152621259084,2621458,11.812418890556325,1.0000000000000002,1.0,9074.508922440898,844.1348377657939,2.842170943040401e-13,0.0174182064318783,0.0,-0.0174182064318783,0.4483693119999969,0.2435240329999999,49327,1895249,6,32
nomad---3hBedCnC_e,slab,Ru16O35C4H1,NOMAD surfaces/adsorbates,634dc8cb48b7deedeb5cbba8421bf41d8ed5e55585ceb0ba9abe6a1850c9b0d6,nomad_exact_bytes_decompress_to_baderkit_grid,3870720,30965760,0.0,4.641588833612773e-06,0.043767905461148,2056656,15.05636333932364,1.0000000000000002,1.0,9074.508922440898,844.1348377657939,2.842170943040401e-13,0.0174182064318783,0.0,-0.0174182064318783,0.3504682150000064,0.2293402460000067,49327,1895249,6,32
nomad---3hBedCnC_e,slab,Ru16O35C4H1,NOMAD surfaces/adsorbates,634dc8cb48b7deedeb5cbba8421bf41d8ed5e55585ceb0ba9abe6a1850c9b0d6,nomad_exact_bytes_decompress_to_baderkit_grid,3870720,30965760,0.0,1e-05,0.0942950938355334,1649059,18.77783632968863,1.0000000000000002,1.0,9074.508922440898,844.1348377657939,2.842170943040401e-13,0.0174182064318783,0.0,-0.0174182064318783,0.2947452209999994,0.2316997320000098,49327,1895249,6,32
nomad---3hBedCnC_e,slab,Ru16O35C4H1,NOMAD surfaces/adsorbates,634dc8cb48b7deedeb5cbba8421bf41d8ed5e55585ceb0ba9abe6a1850c9b0d6,nomad_exact_bytes_decompress_to_baderkit_grid,3870720,30965760,0.0,2.1544346900318823e-05,0.2031526212590847,1336697,23.165878280567696,1.0000000000000002,1.0,9074.508922440898,844.1348377657939,2.842170943040401e-13,0.0174182064318783,0.0,-0.0174182064318783,0.2257475129999875,0.2287625160000033,49327,1895249,6,32
nomad---3hBedCnC_e,slab,Ru16O35C4H1,NOMAD surfaces/adsorbates,634dc8cb48b7deedeb5cbba8421bf41d8ed5e55585ceb0ba9abe6a1850c9b0d6,nomad_exact_bytes_decompress_to_baderkit_grid,3870720,30965760,0.0,4.641588833612772e-05,0.4376790546114805,1138205,27.20578454672049,1.0000000000000002,1.0,9074.508922440898,844.1348377657939,2.842170943040401e-13,0.0174182064318783,0.0,-0.0174182064318783,0.1938202700000033,0.2267371890000049,49327,1895249,6,32
nomad---3hBedCnC_e,slab,Ru16O35C4H1,NOMAD surfaces/adsorbates,634dc8cb48b7deedeb5cbba8421bf41d8ed5e55585ceb0ba9abe6a1850c9b0d6,nomad_exact_bytes_decompress_to_baderkit_grid,3870720,30965760,0.0,0.0001,0.9429509383553344,1021528,30.3131779060388,1.0000000000000002,1.0,9074.508922440898,844.1348377657939,2.842170943040401e-13,0.0174182064318783,0.0,-0.0174182064318783,0.1743203019999981,0.2295850339999958,49327,1895249,6,32
nomad---3hBedCnC_e,slab,Ru16O35C4H1,NOMAD surfaces/adsorbates,634dc8cb48b7deedeb5cbba8421bf41d8ed5e55585ceb0ba9abe6a1850c9b0d6,nomad_exact_bytes_decompress_to_baderkit_grid,3870720,30965760,0.0,0.0002154434690031,2.031526212590847,942655,32.8495154643003,1.0000000000000002,1.0,9074.508922440898,844.1348377657939,2.842170943040401e-13,0.0174182064318783,0.0,-0.0174182064318783,0.1596948489999903,0.2225645890000009,49327,1895249,6,32
nomad---3hBedCnC_e,slab,Ru16O35C4H1,NOMAD surfaces/adsorbates,634dc8cb48b7deedeb5cbba8421bf41d8ed5e55585ceb0ba9abe6a1850c9b0d6,nomad_exact_bytes_decompress_to_baderkit_grid,3870720,30965760,0.0,0.0004641588833612,4.37679054611481,887881,34.87602505290686,1.0000000000000002,1.0,9074.508922440898,844.1348377657939,2.842170943040401e-13,0.0174182064318783,0.0,-0.0174182064318783,0.1469772840000018,0.2234690890000052,49327,1895249,6,32
nomad---3hBedCnC_e,slab,Ru16O35C4H1,NOMAD surfaces/adsorbates,634dc8cb48b7deedeb5cbba8421bf41d8ed5e55585ceb0ba9abe6a1850c9b0d6,nomad_exact_bytes_decompress_to_baderkit_grid,3870720,30965760,0.0,0.001,9.429509383553343,844346,36.67425439334112,1.0000000000000002,1.0,9074.508922440898,844.1348377657939,2.842170943040401e-13,0.0174182064318783,0.0,-0.0174182064318783,0.1364033840000047,0.2265802360000037,49327,1895249,6,32
nomad---3hBedCnC_e,slab,Ru16O35C4H1,NOMAD surfaces/adsorbates,634dc8cb48b7deedeb5cbba8421bf41d8ed5e55585ceb0ba9abe6a1850c9b0d6,nomad_exact_bytes_decompress_to_baderkit_grid,3870720,30965760,0.0,0.0021544346900318,20.31526212590847,824065,37.5768416326382,1.0000000000000002,1.0,9074.508922440898,844.1348377657939,2.842170943040401e-13,0.0174182064318783,0.0,-0.0174182064318783,0.1414422149999978,0.2302968340000006,49327,1895249,6,32
nomad---3hBedCnC_e,slab,Ru16O35C4H1,NOMAD surfaces/adsorbates,634dc8cb48b7deedeb5cbba8421bf41d8ed5e55585ceb0ba9abe6a1850c9b0d6,nomad_exact_bytes_decompress_to_baderkit_grid,3870720,30965760,0.0,0.0046415888336127,43.76790546114805,808677,38.29187673199559,1.0000000000000002,1.0,9074.508922440898,844.1348377657939,2.842170943040401e-13,0.0174182064318783,0.0,-0.0174182064318783,0.1373909309999987,0.2252193110000035,49327,1895249,6,32
nomad---3hBedCnC_e,slab,Ru16O35C4H1,NOMAD surfaces/adsorbates,634dc8cb48b7deedeb5cbba8421bf41d8ed5e55585ceb0ba9abe6a1850c9b0d6,nomad_exact_bytes_decompress_to_baderkit_grid,3870720,30965760,0.0,0.01,94.29509383553342,793862,39.00647719628852,1.0000000000000002,1.0,9074.508922440898,844.1348377657939,2.842170943040401e-13,0.0174182064318783,0.0,-0.0174182064318783,0.133221380000009,0.2304111469999981,49327,1895249,6,32
nomad---3hBedCnC_e,slab,Ru16O35C4H1,NOMAD surfaces/adsorbates,634dc8cb48b7deedeb5cbba8421bf41d8ed5e55585ceb0ba9abe6a1850c9b0d6,nomad_exact_bytes_decompress_to_baderkit_grid,3870720,30965760,0.0,0.0215443469003188,203.1526212590847,784286,39.48273971484892,1.0000000000000002,1.0,9074.508922440898,844.1348377657939,2.842170943040401e-13,0.0174182064318783,0.0,-0.0174182064318783,0.1360491129999985,0.22730301899999,49327,1895249,6,32
nomad---3hBedCnC_e,slab,Ru16O35C4H1,NOMAD surfaces/adsorbates,634dc8cb48b7deedeb5cbba8421bf41d8ed5e55585ceb0ba9abe6a1850c9b0d6,nomad_exact_bytes_decompress_to_baderkit_grid,3870720,30965760,0.0,0.0464158883361277,437.6790546114805,775746,39.9173956423881,1.0000000000000002,1.0,9074.508922440898,844.1348377657939,2.842170943040401e-13,0.0174182064318783,0.0,-0.0174182064318783,0.1404141030000119,0.229276934000012,49327,1895249,6,32
nomad---3hBedCnC_e,slab,Ru16O35C4H1,NOMAD surfaces/adsorbates,634dc8cb48b7deedeb5cbba8421bf41d8ed5e55585ceb0ba9abe6a1850c9b0d6,nomad_exact_bytes_decompress_to_baderkit_grid,3870720,30965760,0.0,0.1,942.9509383553344,771487,40.137759936330745,1.0000000000000002,1.0,9074.508922440898,844.1348377657939,2.842170943040401e-13,0.0174182064318783,0.0,-0.0174182064318783,0.1323192980000129,0.2255102470000025,49327,1895249,6,32
nomad---3hBedCnC_e,slab,Ru16O35C4H1,NOMAD surfaces/adsorbates,634dc8cb48b7deedeb5cbba8421bf41d8ed5e55585ceb0ba9abe6a1850c9b0d6,nomad_exact_bytes_decompress_to_baderkit_grid,3870720,30965760,0.0,0.2154434690031882,2031.526212590847,767946,40.32283519934995,1.0000000000000002,1.0,9074.508922440898,844.1348377657939,2.842170943040401e-13,0.0174182064318783,0.0,-0.0174182064318783,0.1313407960000034,0.2267812359999936,49327,1895249,6,32
nomad---3hBedCnC_e,slab,Ru16O35C4H1,NOMAD surfaces/adsorbates,634dc8cb48b7deedeb5cbba8421bf41d8ed5e55585ceb0ba9abe6a1850c9b0d6,nomad_exact_bytes_decompress_to_baderkit_grid,3870720,30965760,0.0,0.4641588833612772,4376.790546114806,766064,40.42189686501389,1.0000000000000002,1.0,9074.508922440898,844.1348377657939,2.842170943040401e-13,0.0174182064318783,0.0,-0.0174182064318783,0.1309267909999931,0.2300589110000004,49327,1895249,6,32
nomad---3hBedCnC_e,slab,Ru16O35C4H1,NOMAD surfaces/adsorbates,634dc8cb48b7deedeb5cbba8421bf41d8ed5e55585ceb0ba9abe6a1850c9b0d6,nomad_exact_bytes_decompress_to_baderkit_grid,3870720,30965760,0.0,1.0,9429.509383553344,764921,40.48229817196808,1.0000000000000002,1.0,9074.508922440898,844.1348377657939,2.842170943040401e-13,0.0174182064318783,0.0,-0.0174182064318783,0.1316072350000041,0.2275642809999993,49327,1895249,6,32
nomad---3hBedCnC_e,slab,Ru16O35C4H1,NOMAD surfaces/adsorbates,634dc8cb48b7deedeb5cbba8421bf41d8ed5e55585ceb0ba9abe6a1850c9b0d6,nomad_exact_bytes_decompress_to_baderkit_grid,3870720,30965760,0.0,2.154434690031882,20315.26212590847,764131,40.52415096364367,1.0000000000000002,1.0,9074.508922440898,844.1348377657939,2.842170943040401e-13,0.0174182064318783,0.0,-0.0174182064318783,0.1340071270000038,0.2248759800000073,49327,1895249,6,32
nomad---3hBedCnC_e,slab,Ru16O35C4H1,NOMAD surfaces/adsorbates,634dc8cb48b7deedeb5cbba8421bf41d8ed5e55585ceb0ba9abe6a1850c9b0d6,nomad_exact_bytes_decompress_to_baderkit_grid,3870720,30965760,0.0,4.641588833612772,43767.90546114805,763741,40.544844390965,1.0000000000000002,1.0,9074.508922440898,844.1348377657939,2.842170943040401e-13,0.0174182064318783,0.0,-0.0174182064318783,0.132185487000001,0.224284843999996,49327,1895249,6,32
nomad---3hBedCnC_e,slab,Ru16O35C4H1,NOMAD surfaces/adsorbates,634dc8cb48b7deedeb5cbba8421bf41d8ed5e55585ceb0ba9abe6a1850c9b0d6,nomad_exact_bytes_decompress_to_baderkit_grid,3870720,30965760,0.0,10.0,94295.09383553342,763494,40.55796116275963,1.0000000000000002,1.0,9074.508922440898,844.1348377657939,2.842170943040401e-13,0.0174182064318783,0.0,-0.0174182064318783,0.1298715969999904,0.2246426840000026,49327,1895249,6,32
nomad---3hBedCnC_e,slab,Ru16O35C4H1,NOMAD surfaces/adsorbates,634dc8cb48b7deedeb5cbba8421bf41d8ed5e55585ceb0ba9abe6a1850c9b0d6,nomad_exact_bytes_decompress_to_baderkit_grid,3870720,30965760,2.0,1e-07,0.0009429509383553,6561575,4.719257190537333,1.0000000000000002,1.0,9074.508922440898,844.1348377657939,2.842170943040401e-13,0.0174182064318783,0.0,-0.0174182064318783,0.7821135650000031,0.271307538000002,49327,1895249,6,32
nomad---3hBedCnC_e,slab,Ru16O35C4H1,NOMAD surfaces/adsorbates,634dc8cb48b7deedeb5cbba8421bf41d8ed5e55585ceb0ba9abe6a1850c9b0d6,nomad_exact_bytes_decompress_to_baderkit_grid,3870720,30965760,2.0,2.1544346900318827e-07,0.0020315262125908,5810493,5.329282730398264,1.0000000000000002,1.0,9074.508922440898,844.1348377657939,2.842170943040401e-13,0.0174182064318783,0.0,-0.0174182064318783,0.7010414190000063,0.2627952760000056,49327,1895249,6,32
nomad---3hBedCnC_e,slab,Ru16O35C4H1,NOMAD surfaces/adsorbates,634dc8cb48b7deedeb5cbba8421bf41d8ed5e55585ceb0ba9abe6a1850c9b0d6,nomad_exact_bytes_decompress_to_baderkit_grid,3870720,30965760,2.0,4.641588833612782e-07,0.0043767905461148,5111556,6.057990952265807,1.0000000000000002,1.0,9074.508922440898,844.1348377657939,2.842170943040401e-13,0.0174182064318783,0.0,-0.0174182064318783,0.6459847410000066,0.2629013159999971,49327,1895249,6,32
nomad---3hBedCnC_e,slab,Ru16O35C4H1,NOMAD surfaces/adsorbates,634dc8cb48b7deedeb5cbba8421bf41d8ed5e55585ceb0ba9abe6a1850c9b0d6,nomad_exact_bytes_decompress_to_baderkit_grid,3870720,30965760,2.0,1e-06,0.0094295093835533,4439921,6.9743943642240485,1.0000000000000002,1.0,9074.508922440898,844.1348377657939,2.842170943040401e-13,0.0174182064318783,0.0,-0.0174182064318783,0.6370048269999984,0.2541678620000027,49327,1895249,6,32
nomad---3hBedCnC_e,slab,Ru16O35C4H1,NOMAD surfaces/adsorbates,634dc8cb48b7deedeb5cbba8421bf41d8ed5e55585ceb0ba9abe6a1850c9b0d6,nomad_exact_bytes_decompress_to_baderkit_grid,3870720,30965760,2.0,2.1544346900318822e-06,0.0203152621259084,3721853,8.319984695795346,1.0000000000000002,1.0,9074.508922440898,844.1348377657939,2.842170943040401e-13,0.0174182064318783,0.0,-0.0174182064318783,0.5525302370000134,0.2452724259999996,49327,1895249,6,32
nomad---3hBedCnC_e,slab,Ru16O35C4H1,NOMAD surfaces/adsorbates,634dc8cb48b7deedeb5cbba8421bf41d8ed5e55585ceb0ba9abe6a1850c9b0d6,nomad_exact_bytes_decompress_to_baderkit_grid,3870720,30965760,2.0,4.641588833612773e-06,0.043767905461148,3108216,9.962550865190837,1.0000000000000002,1.0,9074.508922440898,844.1348377657939,2.842170943040401e-13,0.0174182064318783,0.0,-0.0174182064318783,0.4940807389999975,0.2455071450000048,49327,1895249,6,32
nomad---3hBedCnC_e,slab,Ru16O35C4H1,NOMAD surfaces/adsorbates,634dc8cb48b7deedeb5cbba8421bf41d8ed5e55585ceb0ba9abe6a1850c9b0d6,nomad_exact_bytes_decompress_to_baderkit_grid,3870720,30965760,2.0,1e-05,0.0942950938355334,2548979,12.14829937790778,1.0000000000000002,1.0,9074.508922440898,844.1348377657939,2.842170943040401e-13,0.0174182064318783,0.0,-0.0174182064318783,0.4236699969999904,0.250785252,49327,1895249,6,32
nomad---3hBedCnC_e,slab,Ru16O35C4H1,NOMAD surfaces/adsorbates,634dc8cb48b7deedeb5cbba8421bf41d8ed5e55585ceb0ba9abe6a1850c9b0d6,nomad_exact_bytes_decompress_to_baderkit_grid,3870720,30965760,2.0,2.1544346900318823e-05,0.2031526212590847,2109172,14.68147690183636,1.0000000000000002,1.0,9074.508922440898,844.1348377657939,2.842170943040401e-13,0.0174182064318783,0.0,-0.0174182064318783,0.3708880450000009,0.2420421710000084,49327,1895249,6,32
nomad---3hBedCnC_e,slab,Ru16O35C4H1,NOMAD surfaces/adsorbates,634dc8cb48b7deedeb5cbba8421bf41d8ed5e55585ceb0ba9abe6a1850c9b0d6,nomad_exact_bytes_decompress_to_baderkit_grid,3870720,30965760,2.0,4.641588833612772e-05,0.4376790546114805,1724025,17.96131726628094,1.0000000000000002,1.0,9074.508922440898,844.1348377657939,2.842170943040401e-13,0.0174182064318783,0.0,-0.0174182064318783,0.2874905999999981,0.2418201450000054,49327,1895249,6,32
nomad---3hBedCnC_e,slab,Ru16O35C4H1,NOMAD surfaces/adsorbates,634dc8cb48b7deedeb5cbba8421bf41d8ed5e55585ceb0ba9abe6a1850c9b0d6,nomad_exact_bytes_decompress_to_baderkit_grid,3870720,30965760,2.0,0.0001,0.9429509383553344,1472778,21.025409124796813,1.0000000000000002,1.0,9074.508922440898,844.1348377657939,2.842170943040401e-13,0.0174182064318783,0.0,-0.0174182064318783,0.2496374140000057,0.2397160000000013,49327,1895249,6,32
nomad---3hBedCnC_e,slab,Ru16O35C4H1,NOMAD surfaces/adsorbates,634dc8cb48b7deedeb5cbba8421bf41d8ed5e55585ceb0ba9abe6a1850c9b0d6,nomad_exact_bytes_decompress_to_baderkit_grid,3870720,30965760,2.0,0.0002154434690031,2.031526212590847,1277140,24.24617504737147,1.0000000000000002,1.0,9074.508922440898,844.1348377657939,2.842170943040401e-13,0.0174182064318783,0.0,-0.0174182064318783,0.2150485589999959,0.2462148810000002,49327,1895249,6,32
nomad---3hBedCnC_e,slab,Ru16O35C4H1,NOMAD surfaces/adsorbates,634dc8cb48b7deedeb5cbba8421bf41d8ed5e55585ceb0ba9abe6a1850c9b0d6,nomad_exact_bytes_decompress_to_baderkit_grid,3870720,30965760,2.0,0.0004641588833612,4.37679054611481,1145876,27.023657010008066,1.0000000000000002,1.0,9074.508922440898,844.1348377657939,2.842170943040401e-13,0.0174182064318783,0.0,-0.0174182064318783,0.1957208890000004,0.2394996449999951,49327,1895249,6,32
nomad---3hBedCnC_e,slab,Ru16O35C4H1,NOMAD surfaces/adsorbates,634dc8cb48b7deedeb5cbba8421bf41d8ed5e55585ceb0ba9abe6a1850c9b0d6,nomad_exact_bytes_decompress_to_baderkit_grid,3870720,30965760,2.0,0.001,9.429509383553343,1050479,29.477752530036295,1.0000000000000002,1.0,9074.508922440898,844.1348377657939,2.842170943040401e-13,0.0174182064318783,0.0,-0.0174182064318783,0.1674111229999937,0.2280610689999918,49327,1895249,6,32
nomad---3hBedCnC_e,slab,Ru16O35C4H1,NOMAD surfaces/adsorbates,634dc8cb48b7deedeb5cbba8421bf41d8ed5e55585ceb0ba9abe6a1850c9b0d6,nomad_exact_bytes_decompress_to_baderkit_grid,3870720,30965760,2.0,0.0021544346900318,20.31526212590847,987238,31.36605357573351,1.0000000000000002,1.0,9074.508922440898,844.1348377657939,2.842170943040401e-13,0.0174182064318783,0.0,-0.0174182064318783,0.165441396999995,0.227530907000002,49327,1895249,6,32
nomad---3hBedCnC_e,slab,Ru16O35C4H1,NOMAD surfaces/adsorbates,634dc8cb48b7deedeb5cbba8421bf41d8ed5e55585ceb0ba9abe6a1850c9b0d6,nomad_exact_bytes_decompress_to_baderkit_grid,3870720,30965760,2.0,0.0046415888336127,43.76790546114805,934692,33.12937309830404,1.0000000000000002,1.0,9074.508922440898,844.1348377657939,2.842170943040401e-13,0.0174182064318783,0.0,-0.0174182064318783,0.1567214890000059,0.2289917610000031,49327,1895249,6,32
nomad---3hBedCnC_e,slab,Ru16O35C4H1,NOMAD surfaces/adsorbates,634dc8cb48b7deedeb5cbba8421bf41d8ed5e55585ceb0ba9abe6a1850c9b0d6,nomad_exact_bytes_decompress_to_baderkit_grid,3870720,30965760,2.0,0.01,94.29509383553342,895207,34.590614237824326,1.0000000000000002,1.0,9074.508922440898,844.1348377657939,2.842170943040401e-13,0.0174182064318783,0.0,-0.0174182064318783,0.151522448999998,0.2329771679999908,49327,1895249,6,32
nomad---3hBedCnC_e,slab,Ru16O35C4H1,NOMAD surfaces/adsorbates,634dc8cb48b7deedeb5cbba8421bf41d8ed5e55585ceb0ba9abe6a1850c9b0d6,nomad_exact_bytes_decompress_to_baderkit_grid,3870720,30965760,2.0,0.0215443469003188,203.1526212590847,868808,35.64166075818823,1.0000000000000002,1.0,9074.508922440898,844.1348377657939,2.842170943040401e-13,0.0174182064318783,0.0,-0.0174182064318783,0.1501660209999897,0.2324048080000125,49327,1895249,6,32
nomad---3hBedCnC_e,slab,Ru16O35C4H1,NOMAD surfaces/adsorbates,634dc8cb48b7deedeb5cbba8421bf41d8ed5e55585ceb0ba9abe6a1850c9b0d6,nomad_exact_bytes_decompress_to_baderkit_grid,3870720,30965760,2.0,0.0464158883361277,437.6790546114805,836786,37.00559043769853,1.0000000000000002,1.0,9074.508922440898,844.1348377657939,2.842170943040401e-13,0.0174182064318783,0.0,-0.0174182064318783,0.1422534740000003,0.2332713989999888,49327,1895249,6,32
nomad---3hBedCnC_e,slab,Ru16O35C4H1,NOMAD surfaces/adsorbates,634dc8cb48b7deedeb5cbba8421bf41d8ed5e55585ceb0ba9abe6a1850c9b0d6,nomad_exact_bytes_decompress_to_baderkit_grid,3870720,30965760,2.0,0.1,942.9509383553344,822691,37.639599801140406,1.0000000000000002,1.0,9074.508922440898,844.1348377657939,2.842170943040401e-13,0.0174182064318783,0.0,-0.0174182064318783,0.1386367059999997,0.2328167980000159,49327,1895249,6,32
nomad---3hBedCnC_e,slab,Ru16O35C4H1,NOMAD surfaces/adsorbates,634dc8cb48b7deedeb5cbba8421bf41d8ed5e55585ceb0ba9abe6a1850c9b0d6,nomad_exact_bytes_decompress_to_baderkit_grid,3870720,30965760,2.0,0.2154434690031882,2031.526212590847,810276,38.21631147905158,1.0000000000000002,1.0,9074.508922440898,844.1348377657939,2.842170943040401e-13,0.0174182064318783,0.0,-0.0174182064318783,0.1401513499999964,0.2316989429999978,49327,1895249,6,32
nomad---3hBedCnC_e,slab,Ru16O35C4H1,NOMAD surfaces/adsorbates,634dc8cb48b7deedeb5cbba8421bf41d8ed5e55585ceb0ba9abe6a1850c9b0d6,nomad_exact_bytes_decompress_to_baderkit_grid,3870720,30965760,2.0,0.4641588833612772,4376.790546114806,799559,38.72854911269837,1.0000000000000002,1.0,9074.508922440898,844.1348377657939,2.842170943040401e-13,0.0174182064318783,0.0,-0.0174182064318783,0.1414520869999762,0.2288622650000036,49327,1895249,6,32
nomad---3hBedCnC_e,slab,Ru16O35C4H1,NOMAD surfaces/adsorbates,634dc8cb48b7deedeb5cbba8421bf41d8ed5e55585ceb0ba9abe6a1850c9b0d6,nomad_exact_bytes_decompress_to_baderkit_grid,3870720,30965760,2.0,1.0,9429.509383553344,789479,39.22303189825188,1.0000000000000002,1.0,9074.508922440898,844.1348377657939,2.842170943040401e-13,0.0174182064318783,0.0,-0.0174182064318783,0.1399853119999932,0.2299429669999995,49327,1895249,6,32
nomad---3hBedCnC_e,slab,Ru16O35C4H1,NOMAD surfaces/adsorbates,634dc8cb48b7deedeb5cbba8421bf41d8ed5e55585ceb0ba9abe6a1850c9b0d6,nomad_exact_bytes_decompress_to_baderkit_grid,3870720,30965760,2.0,2.154434690031882,20315.26212590847,781420,39.627549845153695,1.0000000000000002,1.0,9074.508922440898,844.1348377657939,2.842170943040401e-13,0.0174182064318783,0.0,-0.0174182064318783,0.1411180510000065,0.2438797599999986,49327,1895249,6,32
nomad---3hBedCnC_e,slab,Ru16O35C4H1,NOMAD surfaces/adsorbates,634dc8cb48b7deedeb5cbba8421bf41d8ed5e55585ceb0ba9abe6a1850c9b0d6,nomad_exact_bytes_decompress_to_baderkit_grid,3870720,30965760,2.0,4.641588833612772,43767.90546114805,776898,39.85820532425106,1.0000000000000002,1.0,9074.508922440898,844.1348377657939,2.842170943040401e-13,0.0174182064318783,0.0,-0.0174182064318783,0.1359474349999914,0.2263911999999948,49327,1895249,6,32
nomad---3hBedCnC_e,slab,Ru16O35C4H1,NOMAD surfaces/adsorbates,634dc8cb48b7deedeb5cbba8421bf41d8ed5e55585ceb0ba9abe6a1850c9b0d6,nomad_exact_bytes_decompress_to_baderkit_grid,3870720,30965760,2.0,10.0,94295.09383553342,772371,40.09182115848472,1.0000000000000002,1.0,9074.508922440898,844.1348377657939,2.842170943040401e-13,0.0174182064318783,0.0,-0.0174182064318783,0.1380184009999823,0.2341943239999864,49327,1895249,6,32
nomad-8eTSyDPSGSwy,slab,H3C4O35Ru16,NOMAD surfaces/adsorbates,22799112618fef4a89ae1416bdb66e21809dd302002cb4eb6b6dadc8a0517b1c,nomad_exact_bytes_decompress_to_baderkit_grid,3870720,30965760,0.0,1e-07,0.0009435400798905,5412593,5.721058280199527,0.9999999999999996,0.9999999999999996,9078.428632228708,844.183701046619,2.273736754432321e-13,0.0031257750496031,0.0,-0.0031257750496031,0.6664025750000064,0.2659487740000088,49327,1895249,6,32
nomad-8eTSyDPSGSwy,slab,H3C4O35Ru16,NOMAD surfaces/adsorbates,22799112618fef4a89ae1416bdb66e21809dd302002cb4eb6b6dadc8a0517b1c,nomad_exact_bytes_decompress_to_baderkit_grid,3870720,30965760,0.0,2.1544346900318827e-07,0.0020327954795516,4715132,6.567315612797266,0.9999999999999996,0.9999999999999996,9078.428632228708,844.183701046619,2.273736754432321e-13,0.0031257750496031,0.0,-0.0031257750496031,0.6442209890000186,0.2511657640000067,49327,1895249,6,32
nomad-8eTSyDPSGSwy,slab,H3C4O35Ru16,NOMAD surfaces/adsorbates,22799112618fef4a89ae1416bdb66e21809dd302002cb4eb6b6dadc8a0517b1c,nomad_exact_bytes_decompress_to_baderkit_grid,3870720,30965760,0.0,4.641588833612782e-07,0.0043795250988861,3919580,7.900275029467443,0.9999999999999996,0.9999999999999996,9078.428632228708,844.183701046619,2.273736754432321e-13,0.0031257750496031,0.0,-0.0031257750496031,0.5468096099999968,0.2545843700000034,49327,1895249,6,32
nomad-8eTSyDPSGSwy,slab,H3C4O35Ru16,NOMAD surfaces/adsorbates,22799112618fef4a89ae1416bdb66e21809dd302002cb4eb6b6dadc8a0517b1c,nomad_exact_bytes_decompress_to_baderkit_grid,3870720,30965760,0.0,1e-06,0.0094354007989055,3254120,9.515862967561125,0.9999999999999996,0.9999999999999996,9078.428632228708,844.183701046619,2.273736754432321e-13,0.0031257750496031,0.0,-0.0031257750496031,0.5245987620000108,0.2440983189999883,49327,1895249,6,32
nomad-8eTSyDPSGSwy,slab,H3C4O35Ru16,NOMAD surfaces/adsorbates,22799112618fef4a89ae1416bdb66e21809dd302002cb4eb6b6dadc8a0517b1c,nomad_exact_bytes_decompress_to_baderkit_grid,3870720,30965760,0.0,2.1544346900318822e-06,0.0203279547955166,2627264,11.786314584297582,0.9999999999999996,0.9999999999999996,9078.428632228708,844.183701046619,2.273736754432321e-13,0.0031257750496031,0.0,-0.0031257750496031,0.4485044189999883,0.2410755230000063,49327,1895249,6,32
nomad-8eTSyDPSGSwy,slab,H3C4O35Ru16,NOMAD surfaces/adsorbates,22799112618fef4a89ae1416bdb66e21809dd302002cb4eb6b6dadc8a0517b1c,nomad_exact_bytes_decompress_to_baderkit_grid,3870720,30965760,0.0,4.641588833612773e-06,0.0437952509888611,2061608,15.020197826162878,0.9999999999999996,0.9999999999999996,9078.428632228708,844.183701046619,2.273736754432321e-13,0.0031257750496031,0.0,-0.0031257750496031,0.3514586240000028,0.2322103860000197,49327,1895249,6,32
nomad-8eTSyDPSGSwy,slab,H3C4O35Ru16,NOMAD surfaces/adsorbates,22799112618fef4a89ae1416bdb66e21809dd302002cb4eb6b6dadc8a0517b1c,nomad_exact_bytes_decompress_to_baderkit_grid,3870720,30965760,0.0,1e-05,0.0943540079890556,1651877,18.745802502244416,0.9999999999999996,0.9999999999999996,9078.428632228708,844.183701046619,2.273736754432321e-13,0.0031257750496031,0.0,-0.0031257750496031,0.2912193290000004,0.2341620919999911,49327,1895249,6,32
nomad-8eTSyDPSGSwy,slab,H3C4O35Ru16,NOMAD surfaces/adsorbates,22799112618fef4a89ae1416bdb66e21809dd302002cb4eb6b6dadc8a0517b1c,nomad_exact_bytes_decompress_to_baderkit_grid,3870720,30965760,0.0,2.1544346900318823e-05,0.2032795479551669,1338240,23.13916786226686,0.9999999999999996,0.9999999999999996,9078.428632228708,844.183701046619,2.273736754432321e-13,0.0031257750496031,0.0,-0.0031257750496031,0.2246376980000093,0.2238483900000005,49327,1895249,6,32
nomad-8eTSyDPSGSwy,slab,H3C4O35Ru16,NOMAD surfaces/adsorbates,22799112618fef4a89ae1416bdb66e21809dd302002cb4eb6b6dadc8a0517b1c,nomad_exact_bytes_decompress_to_baderkit_grid,3870720,30965760,0.0,4.641588833612772e-05,0.437952509888611,1139695,27.170216593035857,0.9999999999999996,0.9999999999999996,9078.428632228708,844.183701046619,2.273736754432321e-13,0.0031257750496031,0.0,-0.0031257750496031,0.1837602479999986,0.2277077130000009,49327,1895249,6,32
nomad-8eTSyDPSGSwy,slab,H3C4O35Ru16,NOMAD surfaces/adsorbates,22799112618fef4a89ae1416bdb66e21809dd302002cb4eb6b6dadc8a0517b1c,nomad_exact_bytes_decompress_to_baderkit_grid,3870720,30965760,0.0,0.0001,0.9435400798905568,1022404,30.287205449117963,0.9999999999999996,0.9999999999999996,9078.428632228708,844.183701046619,2.273736754432321e-13,0.0031257750496031,0.0,-0.0031257750496031,0.1697036420000017,0.2307225459999813,49327,1895249,6,32
nomad-8eTSyDPSGSwy,slab,H3C4O35Ru16,NOMAD surfaces/adsorbates,22799112618fef4a89ae1416bdb66e21809dd302002cb4eb6b6dadc8a0517b1c,nomad_exact_bytes_decompress_to_baderkit_grid,3870720,30965760,0.0,0.0002154434690031,2.0327954795516687,936815,33.0542956720377,0.9999999999999996,0.9999999999999996,9078.428632228708,844.183701046619,2.273736754432321e-13,0.0031257750496031,0.0,-0.0031257750496031,0.1551938369999845,0.2363597060000017,49327,1895249,6,32
nomad-8eTSyDPSGSwy,slab,H3C4O35Ru16,NOMAD surfaces/adsorbates,22799112618fef4a89ae1416bdb66e21809dd302002cb4eb6b6dadc8a0517b1c,nomad_exact_bytes_decompress_to_baderkit_grid,3870720,30965760,0.0,0.0004641588833612,4.379525098886115,888321,34.85875038415168,0.9999999999999996,0.9999999999999996,9078.428632228708,844.183701046619,2.273736754432321e-13,0.0031257750496031,0.0,-0.0031257750496031,0.1518095739999978,0.2356575320000047,49327,1895249,6,32
nomad-8eTSyDPSGSwy,slab,H3C4O35Ru16,NOMAD surfaces/adsorbates,22799112618fef4a89ae1416bdb66e21809dd302002cb4eb6b6dadc8a0517b1c,nomad_exact_bytes_decompress_to_baderkit_grid,3870720,30965760,0.0,0.001,9.435400798905569,844571,36.66448409902779,0.9999999999999996,0.9999999999999996,9078.428632228708,844.183701046619,2.273736754432321e-13,0.0031257750496031,0.0,-0.0031257750496031,0.1359753910000165,0.2261859959999981,49327,1895249,6,32
nomad-8eTSyDPSGSwy,slab,H3C4O35Ru16,NOMAD surfaces/adsorbates,22799112618fef4a89ae1416bdb66e21809dd302002cb4eb6b6dadc8a0517b1c,nomad_exact_bytes_decompress_to_baderkit_grid,3870720,30965760,0.0,0.0021544346900318,20.327954795516685,824182,37.57150726417223,0.9999999999999996,0.9999999999999996,9078.428632228708,844.183701046619,2.273736754432321e-13,0.0031257750496031,0.0,-0.0031257750496031,0.1375747440000054,0.2378435420000073,49327,1895249,6,32
nomad-8eTSyDPSGSwy,slab,H3C4O35Ru16,NOMAD surfaces/adsorbates,22799112618fef4a89ae1416bdb66e21809dd302002cb4eb6b6dadc8a0517b1c,nomad_exact_bytes_decompress_to_baderkit_grid,3870720,30965760,0.0,0.0046415888336127,43.79525098886111,808824,38.28491736150263,0.9999999999999996,0.9999999999999996,9078.428632228708,844.183701046619,2.273736754432321e-13,0.0031257750496031,0.0,-0.0031257750496031,0.1458374269999751,0.2507277490000206,49327,1895249,6,32
nomad-8eTSyDPSGSwy,slab,H3C4O35Ru16,NOMAD surfaces/adsorbates,22799112618fef4a89ae1416bdb66e21809dd302002cb4eb6b6dadc8a0517b1c,nomad_exact_bytes_decompress_to_baderkit_grid,3870720,30965760,0.0,0.01,94.35400798905566,794034,38.99802779226079,0.9999999999999996,0.9999999999999996,9078.428632228708,844.183701046619,2.273736754432321e-13,0.0031257750496031,0.0,-0.0031257750496031,0.1363223399999924,0.2358792260000086,49327,1895249,6,32
nomad-8eTSyDPSGSwy,slab,H3C4O35Ru16,NOMAD surfaces/adsorbates,22799112618fef4a89ae1416bdb66e21809dd302002cb4eb6b6dadc8a0517b1c,nomad_exact_bytes_decompress_to_baderkit_grid,3870720,30965760,0.0,0.0215443469003188,203.2795479551669,784407,39.47664923948919,0.9999999999999996,0.9999999999999996,9078.428632228708,844.183701046619,2.273736754432321e-13,0.0031257750496031,0.0,-0.0031257750496031,0.1387406060000273,0.2328784999999982,49327,1895249,6,32
nomad-8eTSyDPSGSwy,slab,H3C4O35Ru16,NOMAD surfaces/adsorbates,22799112618fef4a89ae1416bdb66e21809dd302002cb4eb6b6dadc8a0517b1c,nomad_exact_bytes_decompress_to_baderkit_grid,3870720,30965760,0.0,0.0464158883361277,437.9525098886111,775953,39.90674692925989,0.9999999999999996,0.9999999999999996,9078.428632228708,844.183701046619,2.273736754432321e-13,0.0031257750496031,0.0,-0.0031257750496031,0.1358795190000137,0.2367125439999995,49327,1895249,6,32
nomad-8eTSyDPSGSwy,slab,H3C4O35Ru16,NOMAD surfaces/adsorbates,22799112618fef4a89ae1416bdb66e21809dd302002cb4eb6b6dadc8a0517b1c,nomad_exact_bytes_decompress_to_baderkit_grid,3870720,30965760,0.0,0.1,943.5400798905566,771608,40.13146571834403,0.9999999999999996,0.9999999999999996,9078.428632228708,844.183701046619,2.273736754432321e-13,0.0031257750496031,0.0,-0.0031257750496031,0.1346812870000064,0.2354932220000023,49327,1895249,6,32
nomad-8eTSyDPSGSwy,slab,H3C4O35Ru16,NOMAD surfaces/adsorbates,22799112618fef4a89ae1416bdb66e21809dd302002cb4eb6b6dadc8a0517b1c,nomad_exact_bytes_decompress_to_baderkit_grid,3870720,30965760,0.0,0.2154434690031882,2032.795479551669,768072,40.31622035434178,0.9999999999999996,0.9999999999999996,9078.428632228708,844.183701046619,2.273736754432321e-13,0.0031257750496031,0.0,-0.0031257750496031,0.127247275000002,0.227729322999977,49327,1895249,6,32
nomad-8eTSyDPSGSwy,slab,H3C4O35Ru16,NOMAD surfaces/adsorbates,22799112618fef4a89ae1416bdb66e21809dd302002cb4eb6b6dadc8a0517b1c,nomad_exact_bytes_decompress_to_baderkit_grid,3870720,30965760,0.0,0.4641588833612772,4379.525098886111,766215,40.4139308157632,0.9999999999999996,0.9999999999999996,9078.428632228708,844.183701046619,2.273736754432321e-13,0.0031257750496031,0.0,-0.0031257750496031,0.1283901840000112,0.2278206330000216,49327,1895249,6,32
nomad-8eTSyDPSGSwy,slab,H3C4O35Ru16,NOMAD surfaces/adsorbates,22799112618fef4a89ae1416bdb66e21809dd302002cb4eb6b6dadc8a0517b1c,nomad_exact_bytes_decompress_to_baderkit_grid,3870720,30965760,0.0,1.0,9435.400798905566,765044,40.475789627786114,0.9999999999999996,0.9999999999999996,9078.428632228708,844.183701046619,2.273736754432321e-13,0.0031257750496031,0.0,-0.0031257750496031,0.1336863549999805,0.2264208639999765,49327,1895249,6,32
nomad-8eTSyDPSGSwy,slab,H3C4O35Ru16,NOMAD surfaces/adsorbates,22799112618fef4a89ae1416bdb66e21809dd302002cb4eb6b6dadc8a0517b1c,nomad_exact_bytes_decompress_to_baderkit_grid,3870720,30965760,0.0,2.154434690031882,20327.954795516685,764281,40.5161975765458,0.9999999999999996,0.9999999999999996,9078.428632228708,844.183701046619,2.273736754432321e-13,0.0031257750496031,0.0,-0.0031257750496031,0.1307155350000073,0.2274847150000027,49327,1895249,6,32
nomad-8eTSyDPSGSwy,slab,H3C4O35Ru16,NOMAD surfaces/adsorbates,22799112618fef4a89ae1416bdb66e21809dd302002cb4eb6b6dadc8a0517b1c,nomad_exact_bytes_decompress_to_baderkit_grid,3870720,30965760,0.0,4.641588833612772,43795.25098886111,763882,40.53736048237817,0.9999999999999996,0.9999999999999996,9078.428632228708,844.183701046619,2.273736754432321e-13,0.0031257750496031,0.0,-0.0031257750496031,0.1334981830000003,0.2332121629999903,49327,1895249,6,32
nomad-8eTSyDPSGSwy,slab,H3C4O35Ru16,NOMAD surfaces/adsorbates,22799112618fef4a89ae1416bdb66e21809dd302002cb4eb6b6dadc8a0517b1c,nomad_exact_bytes_decompress_to_baderkit_grid,3870720,30965760,0.0,10.0,94354.00798905568,763633,40.5505786156439,0.9999999999999996,0.9999999999999996,9078.428632228708,844.183701046619,2.273736754432321e-13,0.0031257750496031,0.0,-0.0031257750496031,0.1331636369999955,0.2320849129999942,49327,1895249,6,32
nomad-8eTSyDPSGSwy,slab,H3C4O35Ru16,NOMAD surfaces/adsorbates,22799112618fef4a89ae1416bdb66e21809dd302002cb4eb6b6dadc8a0517b1c,nomad_exact_bytes_decompress_to_baderkit_grid,3870720,30965760,2.0,1e-07,0.0009435400798905,6564811,4.71693092154519,0.9999999999999996,0.9999999999999996,9078.428632228708,844.183701046619,2.273736754432321e-13,0.0031257750496031,0.0,-0.0031257750496031,0.780378474999992,0.2637205149999886,49327,1895249,6,32
nomad-8eTSyDPSGSwy,slab,H3C4O35Ru16,NOMAD surfaces/adsorbates,22799112618fef4a89ae1416bdb66e21809dd302002cb4eb6b6dadc8a0517b1c,nomad_exact_bytes_decompress_to_baderkit_grid,3870720,30965760,2.0,2.1544346900318827e-07,0.0020327954795516,5813706,5.326337451532637,0.9999999999999996,0.9999999999999996,9078.428632228708,844.183701046619,2.273736754432321e-13,0.0031257750496031,0.0,-0.0031257750496031,0.6804121810000083,0.2745936110000002,49327,1895249,6,32
nomad-8eTSyDPSGSwy,slab,H3C4O35Ru16,NOMAD surfaces/adsorbates,22799112618fef4a89ae1416bdb66e21809dd302002cb4eb6b6dadc8a0517b1c,nomad_exact_bytes_decompress_to_baderkit_grid,3870720,30965760,2.0,4.641588833612782e-07,0.0043795250988861,5163408,5.997155367152857,0.9999999999999996,0.9999999999999996,9078.428632228708,844.183701046619,2.273736754432321e-13,0.0031257750496031,0.0,-0.0031257750496031,0.6857732050000038,0.2581273600000031,49327,1895249,6,32
nomad-8eTSyDPSGSwy,slab,H3C4O35Ru16,NOMAD surfaces/adsorbates,22799112618fef4a89ae1416bdb66e21809dd302002cb4eb6b6dadc8a0517b1c,nomad_exact_bytes_decompress_to_baderkit_grid,3870720,30965760,2.0,1e-06,0.0094354007989055,4442734,6.969978396185772,0.9999999999999996,0.9999999999999996,9078.428632228708,844.183701046619,2.273736754432321e-13,0.0031257750496031,0.0,-0.0031257750496031,0.636421184999989,0.2605840689999752,49327,1895249,6,32
nomad-8eTSyDPSGSwy,slab,H3C4O35Ru16,NOMAD surfaces/adsorbates,22799112618fef4a89ae1416bdb66e21809dd302002cb4eb6b6dadc8a0517b1c,nomad_exact_bytes_decompress_to_baderkit_grid,3870720,30965760,2.0,2.1544346900318822e-06,0.0203279547955166,3675085,8.42586225896816,0.9999999999999996,0.9999999999999996,9078.428632228708,844.183701046619,2.273736754432321e-13,0.0031257750496031,0.0,-0.0031257750496031,0.5078382599999998,0.2498407209999982,49327,1895249,6,32
nomad-8eTSyDPSGSwy,slab,H3C4O35Ru16,NOMAD surfaces/adsorbates,22799112618fef4a89ae1416bdb66e21809dd302002cb4eb6b6dadc8a0517b1c,nomad_exact_bytes_decompress_to_baderkit_grid,3870720,30965760,2.0,4.641588833612773e-06,0.0437952509888611,3112260,9.94960575273274,0.9999999999999996,0.9999999999999996,9078.428632228708,844.183701046619,2.273736754432321e-13,0.0031257750496031,0.0,-0.0031257750496031,0.5028014610000184,0.2486794280000026,49327,1895249,6,32
nomad-8eTSyDPSGSwy,slab,H3C4O35Ru16,NOMAD surfaces/adsorbates,22799112618fef4a89ae1416bdb66e21809dd302002cb4eb6b6dadc8a0517b1c,nomad_exact_bytes_decompress_to_baderkit_grid,3870720,30965760,2.0,1e-05,0.0943540079890556,2552881,12.12973107637998,0.9999999999999996,0.9999999999999996,9078.428632228708,844.183701046619,2.273736754432321e-13,0.0031257750496031,0.0,-0.0031257750496031,0.4189912459999902,0.2435285969999938,49327,1895249,6,32
nomad-8eTSyDPSGSwy,slab,H3C4O35Ru16,NOMAD surfaces/adsorbates,22799112618fef4a89ae1416bdb66e21809dd302002cb4eb6b6dadc8a0517b1c,nomad_exact_bytes_decompress_to_baderkit_grid,3870720,30965760,2.0,2.1544346900318823e-05,0.2032795479551669,2112053,14.661450257166845,0.9999999999999996,0.9999999999999996,9078.428632228708,844.183701046619,2.273736754432321e-13,0.0031257750496031,0.0,-0.0031257750496031,0.365476765000011,0.244404615999997,49327,1895249,6,32
nomad-8eTSyDPSGSwy,slab,H3C4O35Ru16,NOMAD surfaces/adsorbates,22799112618fef4a89ae1416bdb66e21809dd302002cb4eb6b6dadc8a0517b1c,nomad_exact_bytes_decompress_to_baderkit_grid,3870720,30965760,2.0,4.641588833612772e-05,0.437952509888611,1726537,17.935184707886364,0.9999999999999996,0.9999999999999996,9078.428632228708,844.183701046619,2.273736754432321e-13,0.0031257750496031,0.0,-0.0031257750496031,0.2824775670000008,0.2389361440000073,49327,1895249,6,32
nomad-8eTSyDPSGSwy,slab,H3C4O35Ru16,NOMAD surfaces/adsorbates,22799112618fef4a89ae1416bdb66e21809dd302002cb4eb6b6dadc8a0517b1c,nomad_exact_bytes_decompress_to_baderkit_grid,3870720,30965760,2.0,0.0001,0.9435400798905568,1489098,20.79497789937264,0.9999999999999996,0.9999999999999996,9078.428632228708,844.183701046619,2.273736754432321e-13,0.0031257750496031,0.0,-0.0031257750496031,0.2560588610000138,0.2359819430000129,49327,1895249,6,32
nomad-8eTSyDPSGSwy,slab,H3C4O35Ru16,NOMAD surfaces/adsorbates,22799112618fef4a89ae1416bdb66e21809dd302002cb4eb6b6dadc8a0517b1c,nomad_exact_bytes_decompress_to_baderkit_grid,3870720,30965760,2.0,0.0002154434690031,2.0327954795516687,1278294,24.22428643175983,0.9999999999999996,0.9999999999999996,9078.428632228708,844.183701046619,2.273736754432321e-13,0.0031257750496031,0.0,-0.0031257750496031,0.2092244199999982,0.2348860920000106,49327,1895249,6,32
nomad-8eTSyDPSGSwy,slab,H3C4O35Ru16,NOMAD surfaces/adsorbates,22799112618fef4a89ae1416bdb66e21809dd302002cb4eb6b6dadc8a0517b1c,nomad_exact_bytes_decompress_to_baderkit_grid,3870720,30965760,2.0,0.0004641588833612,4.379525098886115,1146619,27.00614589501831,0.9999999999999996,0.9999999999999996,9078.428632228708,844.183701046619,2.273736754432321e-13,0.0031257750496031,0.0,-0.0031257750496031,0.1967509730000074,0.2408139170000254,49327,1895249,6,32
nomad-8eTSyDPSGSwy,slab,H3C4O35Ru16,NOMAD surfaces/adsorbates,22799112618fef4a89ae1416bdb66e21809dd302002cb4eb6b6dadc8a0517b1c,nomad_exact_bytes_decompress_to_baderkit_grid,3870720,30965760,2.0,0.001,9.435400798905569,1051204,29.45742215592787,0.9999999999999996,0.9999999999999996,9078.428632228708,844.183701046619,2.273736754432321e-13,0.0031257750496031,0.0,-0.0031257750496031,0.1728124169999887,0.2333200010000098,49327,1895249,6,32
nomad-8eTSyDPSGSwy,slab,H3C4O35Ru16,NOMAD surfaces/adsorbates,22799112618fef4a89ae1416bdb66e21809dd302002cb4eb6b6dadc8a0517b1c,nomad_exact_bytes_decompress_to_baderkit_grid,3870720,30965760,2.0,0.0021544346900318,20.327954795516685,987864,31.346177206579043,0.9999999999999996,0.9999999999999996,9078.428632228708,844.183701046619,2.273736754432321e-13,0.0031257750496031,0.0,-0.0031257750496031,0.1676666950000083,0.2399903249999795,49327,1895249,6,32
nomad-8eTSyDPSGSwy,slab,H3C4O35Ru16,NOMAD surfaces/adsorbates,22799112618fef4a89ae1416bdb66e21809dd302002cb4eb6b6dadc8a0517b1c,nomad_exact_bytes_decompress_to_baderkit_grid,3870720,30965760,2.0,0.0046415888336127,43.79525098886111,934775,33.12643149420984,0.9999999999999996,0.9999999999999996,9078.428632228708,844.183701046619,2.273736754432321e-13,0.0031257750496031,0.0,-0.0031257750496031,0.1584474399999749,0.2374488680000013,49327,1895249,6,32
nomad-8eTSyDPSGSwy,slab,H3C4O35Ru16,NOMAD surfaces/adsorbates,22799112618fef4a89ae1416bdb66e21809dd302002cb4eb6b6dadc8a0517b1c,nomad_exact_bytes_decompress_to_baderkit_grid,3870720,30965760,2.0,0.01,94.35400798905566,895444,34.58145903038046,0.9999999999999996,0.9999999999999996,9078.428632228708,844.183701046619,2.273736754432321e-13,0.0031257750496031,0.0,-0.0031257750496031,0.1531628479999938,0.2412356559999864,49327,1895249,6,32
nomad-8eTSyDPSGSwy,slab,H3C4O35Ru16,NOMAD surfaces/adsorbates,22799112618fef4a89ae1416bdb66e21809dd302002cb4eb6b6dadc8a0517b1c,nomad_exact_bytes_decompress_to_baderkit_grid,3870720,30965760,2.0,0.0215443469003188,203.2795479551669,868999,35.63382696642919,0.9999999999999996,0.9999999999999996,9078.428632228708,844.183701046619,2.273736754432321e-13,0.0031257750496031,0.0,-0.0031257750496031,0.1515066790000219,0.233972580999989,49327,1895249,6,32
nomad-8eTSyDPSGSwy,slab,H3C4O35Ru16,NOMAD surfaces/adsorbates,22799112618fef4a89ae1416bdb66e21809dd302002cb4eb6b6dadc8a0517b1c,nomad_exact_bytes_decompress_to_baderkit_grid,3870720,30965760,2.0,0.0464158883361277,437.9525098886111,836979,36.997057273838415,0.9999999999999996,0.9999999999999996,9078.428632228708,844.183701046619,2.273736754432321e-13,0.0031257750496031,0.0,-0.0031257750496031,0.1416305729999862,0.2429686899999978,49327,1895249,6,32
nomad-8eTSyDPSGSwy,slab,H3C4O35Ru16,NOMAD surfaces/adsorbates,22799112618fef4a89ae1416bdb66e21809dd302002cb4eb6b6dadc8a0517b1c,nomad_exact_bytes_decompress_to_baderkit_grid,3870720,30965760,2.0,0.1,943.5400798905566,822775,37.63575704171858,0.9999999999999996,0.9999999999999996,9078.428632228708,844.183701046619,2.273736754432321e-13,0.0031257750496031,0.0,-0.0031257750496031,0.1429901170000107,0.2368993190000026,49327,1895249,6,32
nomad-8eTSyDPSGSwy,slab,H3C4O35Ru16,NOMAD surfaces/adsorbates,22799112618fef4a89ae1416bdb66e21809dd302002cb4eb6b6dadc8a0517b1c,nomad_exact_bytes_decompress_to_baderkit_grid,3870720,30965760,2.0,0.2154434690031882,2032.795479551669,810351,38.21277446439876,0.9999999999999996,0.9999999999999996,9078.428632228708,844.183701046619,2.273736754432321e-13,0.0031257750496031,0.0,-0.0031257750496031,0.1456070860000125,0.2392467349999947,49327,1895249,6,32
nomad-8eTSyDPSGSwy,slab,H3C4O35Ru16,NOMAD surfaces/adsorbates,22799112618fef4a89ae1416bdb66e21809dd302002cb4eb6b6dadc8a0517b1c,nomad_exact_bytes_decompress_to_baderkit_grid,3870720,30965760,2.0,0.4641588833612772,4379.525098886111,799597,38.7267085794469,0.9999999999999996,0.9999999999999996,9078.428632228708,844.183701046619,2.273736754432321e-13,0.0031257750496031,0.0,-0.0031257750496031,0.1460722369999985,0.2393039920000035,49327,1895249,6,32
nomad-8eTSyDPSGSwy,slab,H3C4O35Ru16,NOMAD surfaces/adsorbates,22799112618fef4a89ae1416bdb66e21809dd302002cb4eb6b6dadc8a0517b1c,nomad_exact_bytes_decompress_to_baderkit_grid,3870720,30965760,2.0,1.0,9435.400798905566,787637,39.31476047976415,0.9999999999999996,0.9999999999999996,9078.428632228708,844.183701046619,2.273736754432321e-13,0.0031257750496031,0.0,-0.0031257750496031,0.1429331309999781,0.2346072390000131,49327,1895249,6,32
nomad-8eTSyDPSGSwy,slab,H3C4O35Ru16,NOMAD surfaces/adsorbates,22799112618fef4a89ae1416bdb66e21809dd302002cb4eb6b6dadc8a0517b1c,nomad_exact_bytes_decompress_to_baderkit_grid,3870720,30965760,2.0,2.154434690031882,20327.954795516685,781631,39.61685245339553,0.9999999999999996,0.9999999999999996,9078.428632228708,844.183701046619,2.273736754432321e-13,0.0031257750496031,0.0,-0.0031257750496031,0.1441654770000013,0.2432446400000003,49327,1895249,6,32
nomad-8eTSyDPSGSwy,slab,H3C4O35Ru16,NOMAD surfaces/adsorbates,22799112618fef4a89ae1416bdb66e21809dd302002cb4eb6b6dadc8a0517b1c,nomad_exact_bytes_decompress_to_baderkit_grid,3870720,30965760,2.0,4.641588833612772,43795.25098886111,776947,39.85569157226941,0.9999999999999996,0.9999999999999996,9078.428632228708,844.183701046619,2.273736754432321e-13,0.0031257750496031,0.0,-0.0031257750496031,0.1412263850000101,0.237084316999983,49327,1895249,6,32
nomad-8eTSyDPSGSwy,slab,H3C4O35Ru16,NOMAD surfaces/adsorbates,22799112618fef4a89ae1416bdb66e21809dd302002cb4eb6b6dadc8a0517b1c,nomad_exact_bytes_decompress_to_baderkit_grid,3870720,30965760,2.0,10.0,94354.00798905568,772437,40.08839555847273,0.9999999999999996,0.9999999999999996,9078.428632228708,844.183701046619,2.273736754432321e-13,0.0031257750496031,0.0,-0.0031257750496031,0.1397402329999977,0.2401578310000047,49327,1895249,6,32
nomad-Ek0B30z0bVyP,slab,Ru16C4O34H3,NOMAD surfaces/adsorbates,df59e97c71276bc64fbac23d3c1903e4bf28dc541f50d194a9725d26de8e52fe,nomad_exact_bytes_decompress_to_baderkit_grid,3870720,30965760,0.0,1e-07,0.0009432684841392,5392695,5.742167877100411,0.9999999999999998,1.0,9081.7115192463,834.7933449831645,2.273736754432321e-13,0.0057953042328042,0.0,-0.0057953042328042,0.637173348999994,0.2509784230000207,49327,1895249,6,32
nomad-Ek0B30z0bVyP,slab,Ru16C4O34H3,NOMAD surfaces/adsorbates,df59e97c71276bc64fbac23d3c1903e4bf28dc541f50d194a9725d26de8e52fe,nomad_exact_bytes_decompress_to_baderkit_grid,3870720,30965760,0.0,2.1544346900318827e-07,0.0020322103442434,4621295,6.700667237213811,0.9999999999999998,1.0,9081.7115192463,834.7933449831645,2.273736754432321e-13,0.0057953042328042,0.0,-0.0057953042328042,0.5467410779999966,0.2543881150000118,49327,1895249,6,32
nomad-Ek0B30z0bVyP,slab,Ru16C4O34H3,NOMAD surfaces/adsorbates,df59e97c71276bc64fbac23d3c1903e4bf28dc541f50d194a9725d26de8e52fe,nomad_exact_bytes_decompress_to_baderkit_grid,3870720,30965760,0.0,4.641588833612782e-07,0.0043782644630797,3940390,7.858552072256807,0.9999999999999998,1.0,9081.7115192463,834.7933449831645,2.273736754432321e-13,0.0057953042328042,0.0,-0.0057953042328042,0.5513578290000112,0.241184961999977,49327,1895249,6,32
nomad-Ek0B30z0bVyP,slab,Ru16C4O34H3,NOMAD surfaces/adsorbates,df59e97c71276bc64fbac23d3c1903e4bf28dc541f50d194a9725d26de8e52fe,nomad_exact_bytes_decompress_to_baderkit_grid,3870720,30965760,0.0,1e-06,0.0094326848413927,3232546,9.579371801669645,0.9999999999999998,1.0,9081.7115192463,834.7933449831645,2.273736754432321e-13,0.0057953042328042,0.0,-0.0057953042328042,0.493491180999996,0.2548694660000024,49327,1895249,6,32
nomad-Ek0B30z0bVyP,slab,Ru16C4O34H3,NOMAD surfaces/adsorbates,df59e97c71276bc64fbac23d3c1903e4bf28dc541f50d194a9725d26de8e52fe,nomad_exact_bytes_decompress_to_baderkit_grid,3870720,30965760,0.0,2.1544346900318822e-06,0.0203221034424344,2640355,11.727877501320846,0.9999999999999998,1.0,9081.7115192463,834.7933449831645,2.273736754432321e-13,0.0057953042328042,0.0,-0.0057953042328042,0.4521989039999994,0.2426276330000121,49327,1895249,6,32
nomad-Ek0B30z0bVyP,slab,Ru16C4O34H3,NOMAD surfaces/adsorbates,df59e97c71276bc64fbac23d3c1903e4bf28dc541f50d194a9725d26de8e52fe,nomad_exact_bytes_decompress_to_baderkit_grid,3870720,30965760,0.0,4.641588833612773e-06,0.0437826446307971,2069195,14.965124118316544,0.9999999999999998,1.0,9081.7115192463,834.7933449831645,2.273736754432321e-13,0.0057953042328042,0.0,-0.0057953042328042,0.3524332650000019,0.2513739729999997,49327,1895249,6,32
nomad-Ek0B30z0bVyP,slab,Ru16C4O34H3,NOMAD surfaces/adsorbates,df59e97c71276bc64fbac23d3c1903e4bf28dc541f50d194a9725d26de8e52fe,nomad_exact_bytes_decompress_to_baderkit_grid,3870720,30965760,0.0,1e-05,0.0943268484139278,1639070,18.892274277486624,0.9999999999999998,1.0,9081.7115192463,834.7933449831645,2.273736754432321e-13,0.0057953042328042,0.0,-0.0057953042328042,0.2841938079999977,0.2346374429999969,49327,1895249,6,32
nomad-Ek0B30z0bVyP,slab,Ru16C4O34H3,NOMAD surfaces/adsorbates,df59e97c71276bc64fbac23d3c1903e4bf28dc541f50d194a9725d26de8e52fe,nomad_exact_bytes_decompress_to_baderkit_grid,3870720,30965760,0.0,2.1544346900318823e-05,0.2032210344243449,1340106,23.10694825633196,0.9999999999999998,1.0,9081.7115192463,834.7933449831645,2.273736754432321e-13,0.0057953042328042,0.0,-0.0057953042328042,0.2312278509999998,0.238792310000008,49327,1895249,6,32
nomad-Ek0B30z0bVyP,slab,Ru16C4O34H3,NOMAD surfaces/adsorbates,df59e97c71276bc64fbac23d3c1903e4bf28dc541f50d194a9725d26de8e52fe,nomad_exact_bytes_decompress_to_baderkit_grid,3870720,30965760,0.0,4.641588833612772e-05,0.4378264463079719,1140999,27.139164889715065,0.9999999999999998,1.0,9081.7115192463,834.7933449831645,2.273736754432321e-13,0.0057953042328042,0.0,-0.0057953042328042,0.1889680840000096,0.2262439529999937,49327,1895249,6,32
nomad-Ek0B30z0bVyP,slab,Ru16C4O34H3,NOMAD surfaces/adsorbates,df59e97c71276bc64fbac23d3c1903e4bf28dc541f50d194a9725d26de8e52fe,nomad_exact_bytes_decompress_to_baderkit_grid,3870720,30965760,0.0,0.0001,0.943268484139278,1023611,30.25149202187159,0.9999999999999998,1.0,9081.7115192463,834.7933449831645,2.273736754432321e-13,0.0057953042328042,0.0,-0.0057953042328042,0.1729156480000142,0.2652276789999916,49327,1895249,6,32
nomad-Ek0B30z0bVyP,slab,Ru16C4O34H3,NOMAD surfaces/adsorbates,df59e97c71276bc64fbac23d3c1903e4bf28dc541f50d194a9725d26de8e52fe,nomad_exact_bytes_decompress_to_baderkit_grid,3870720,30965760,0.0,0.0002154434690031,2.032210344243449,944415,32.78829751751084,0.9999999999999998,1.0,9081.7115192463,834.7933449831645,2.273736754432321e-13,0.0057953042328042,0.0,-0.0057953042328042,0.1526835290000008,0.2313435169999991,49327,1895249,6,32
nomad-Ek0B30z0bVyP,slab,Ru16C4O34H3,NOMAD surfaces/adsorbates,df59e97c71276bc64fbac23d3c1903e4bf28dc541f50d194a9725d26de8e52fe,nomad_exact_bytes_decompress_to_baderkit_grid,3870720,30965760,0.0,0.0004641588833612,4.378264463079724,889104,34.82805161151001,0.9999999999999998,1.0,9081.7115192463,834.7933449831645,2.273736754432321e-13,0.0057953042328042,0.0,-0.0057953042328042,0.1473834789999841,0.2367897820000166,49327,1895249,6,32
nomad-Ek0B30z0bVyP,slab,Ru16C4O34H3,NOMAD surfaces/adsorbates,df59e97c71276bc64fbac23d3c1903e4bf28dc541f50d194a9725d26de8e52fe,nomad_exact_bytes_decompress_to_baderkit_grid,3870720,30965760,0.0,0.001,9.43268484139278,845428,36.62731776094476,0.9999999999999998,1.0,9081.7115192463,834.7933449831645,2.273736754432321e-13,0.0057953042328042,0.0,-0.0057953042328042,0.1387260150000031,0.2272209610000004,49327,1895249,6,32
nomad-Ek0B30z0bVyP,slab,Ru16C4O34H3,NOMAD surfaces/adsorbates,df59e97c71276bc64fbac23d3c1903e4bf28dc541f50d194a9725d26de8e52fe,nomad_exact_bytes_decompress_to_baderkit_grid,3870720,30965760,0.0,0.0021544346900318,20.32210344243449,825006,37.53398157104312,0.9999999999999998,1.0,9081.7115192463,834.7933449831645,2.273736754432321e-13,0.0057953042328042,0.0,-0.0057953042328042,0.1369354029999954,0.2489072219999855,49327,1895249,6,32
nomad-Ek0B30z0bVyP,slab,Ru16C4O34H3,NOMAD surfaces/adsorbates,df59e97c71276bc64fbac23d3c1903e4bf28dc541f50d194a9725d26de8e52fe,nomad_exact_bytes_decompress_to_baderkit_grid,3870720,30965760,0.0,0.0046415888336127,43.7826446307972,809393,38.25800321969673,0.9999999999999998,1.0,9081.7115192463,834.7933449831645,2.273736754432321e-13,0.0057953042328042,0.0,-0.0057953042328042,0.1337949949999881,0.2269266599999753,49327,1895249,6,32
nomad-Ek0B30z0bVyP,slab,Ru16C4O34H3,NOMAD surfaces/adsorbates,df59e97c71276bc64fbac23d3c1903e4bf28dc541f50d194a9725d26de8e52fe,nomad_exact_bytes_decompress_to_baderkit_grid,3870720,30965760,0.0,0.01,94.3268484139278,794338,38.98310291085155,0.9999999999999998,1.0,9081.7115192463,834.7933449831645,2.273736754432321e-13,0.0057953042328042,0.0,-0.0057953042328042,0.1327229489999979,0.236040059000004,49327,1895249,6,32
nomad-Ek0B30z0bVyP,slab,Ru16C4O34H3,NOMAD surfaces/adsorbates,df59e97c71276bc64fbac23d3c1903e4bf28dc541f50d194a9725d26de8e52fe,nomad_exact_bytes_decompress_to_baderkit_grid,3870720,30965760,0.0,0.0215443469003188,203.22103442434488,784573,39.468296767795984,0.9999999999999998,1.0,9081.7115192463,834.7933449831645,2.273736754432321e-13,0.0057953042328042,0.0,-0.0057953042328042,0.1380223890000138,0.2380087749999972,49327,1895249,6,32
nomad-Ek0B30z0bVyP,slab,Ru16C4O34H3,NOMAD surfaces/adsorbates,df59e97c71276bc64fbac23d3c1903e4bf28dc541f50d194a9725d26de8e52fe,nomad_exact_bytes_decompress_to_baderkit_grid,3870720,30965760,0.0,0.0464158883361277,437.82644630797193,775894,39.90978149077065,0.9999999999999998,1.0,9081.7115192463,834.7933449831645,2.273736754432321e-13,0.0057953042328042,0.0,-0.0057953042328042,0.1290756319999957,0.2196112099999823,49327,1895249,6,32
nomad-Ek0B30z0bVyP,slab,Ru16C4O34H3,NOMAD surfaces/adsorbates,df59e97c71276bc64fbac23d3c1903e4bf28dc541f50d194a9725d26de8e52fe,nomad_exact_bytes_decompress_to_baderkit_grid,3870720,30965760,0.0,0.1,943.268484139278,771574,40.13323414215616,0.9999999999999998,1.0,9081.7115192463,834.7933449831645,2.273736754432321e-13,0.0057953042328042,0.0,-0.0057953042328042,0.1337483990000123,0.2256933529999969,49327,1895249,6,32
nomad-Ek0B30z0bVyP,slab,Ru16C4O34H3,NOMAD surfaces/adsorbates,df59e97c71276bc64fbac23d3c1903e4bf28dc541f50d194a9725d26de8e52fe,nomad_exact_bytes_decompress_to_baderkit_grid,3870720,30965760,0.0,0.2154434690031882,2032.2103442434488,767945,40.32288770680192,0.9999999999999998,1.0,9081.7115192463,834.7933449831645,2.273736754432321e-13,0.0057953042328042,0.0,-0.0057953042328042,0.1332811249999963,0.2409266059999879,49327,1895249,6,32
nomad-Ek0B30z0bVyP,slab,Ru16C4O34H3,NOMAD surfaces/adsorbates,df59e97c71276bc64fbac23d3c1903e4bf28dc541f50d194a9725d26de8e52fe,nomad_exact_bytes_decompress_to_baderkit_grid,3870720,30965760,0.0,0.4641588833612772,4378.26446307972,766016,40.42442977692372,0.9999999999999998,1.0,9081.7115192463,834.7933449831645,2.273736754432321e-13,0.0057953042328042,0.0,-0.0057953042328042,0.132626608999999,0.2260579759999927,49327,1895249,6,32
nomad-Ek0B30z0bVyP,slab,Ru16C4O34H3,NOMAD surfaces/adsorbates,df59e97c71276bc64fbac23d3c1903e4bf28dc541f50d194a9725d26de8e52fe,nomad_exact_bytes_decompress_to_baderkit_grid,3870720,30965760,0.0,1.0,9432.68484139278,764797,40.48886175024222,0.9999999999999998,1.0,9081.7115192463,834.7933449831645,2.273736754432321e-13,0.0057953042328042,0.0,-0.0057953042328042,0.1339332249999927,0.238215131000004,49327,1895249,6,32
nomad-Ek0B30z0bVyP,slab,Ru16C4O34H3,NOMAD surfaces/adsorbates,df59e97c71276bc64fbac23d3c1903e4bf28dc541f50d194a9725d26de8e52fe,nomad_exact_bytes_decompress_to_baderkit_grid,3870720,30965760,0.0,2.154434690031882,20322.103442434487,764022,40.52993238414601,0.9999999999999998,1.0,9081.7115192463,834.7933449831645,2.273736754432321e-13,0.0057953042328042,0.0,-0.0057953042328042,0.1313308940000013,0.2228850179999995,49327,1895249,6,32
nomad-Ek0B30z0bVyP,slab,Ru16C4O34H3,NOMAD surfaces/adsorbates,df59e97c71276bc64fbac23d3c1903e4bf28dc541f50d194a9725d26de8e52fe,nomad_exact_bytes_decompress_to_baderkit_grid,3870720,30965760,0.0,4.641588833612772,43782.64463079719,763691,40.547498922993725,0.9999999999999998,1.0,9081.7115192463,834.7933449831645,2.273736754432321e-13,0.0057953042328042,0.0,-0.0057953042328042,0.1345378170000231,0.2386836480000056,49327,1895249,6,32
nomad-Ek0B30z0bVyP,slab,Ru16C4O34H3,NOMAD surfaces/adsorbates,df59e97c71276bc64fbac23d3c1903e4bf28dc541f50d194a9725d26de8e52fe,nomad_exact_bytes_decompress_to_baderkit_grid,3870720,30965760,0.0,10.0,94326.8484139278,763459,40.5598205011664,0.9999999999999998,1.0,9081.7115192463,834.7933449831645,2.273736754432321e-13,0.0057953042328042,0.0,-0.0057953042328042,0.1292482960000143,0.2249706110000033,49327,1895249,6,32
nomad-Ek0B30z0bVyP,slab,Ru16C4O34H3,NOMAD surfaces/adsorbates,df59e97c71276bc64fbac23d3c1903e4bf28dc541f50d194a9725d26de8e52fe,nomad_exact_bytes_decompress_to_baderkit_grid,3870720,30965760,2.0,1e-07,0.0009432684841392,6568408,4.714347829793764,0.9999999999999998,1.0,9081.7115192463,834.7933449831645,2.273736754432321e-13,0.0057953042328042,0.0,-0.0057953042328042,0.7810160600000131,0.2726851390000036,49327,1895249,6,32
nomad-Ek0B30z0bVyP,slab,Ru16C4O34H3,NOMAD surfaces/adsorbates,df59e97c71276bc64fbac23d3c1903e4bf28dc541f50d194a9725d26de8e52fe,nomad_exact_bytes_decompress_to_baderkit_grid,3870720,30965760,2.0,2.1544346900318827e-07,0.0020322103442434,5783958,5.353731821704099,0.9999999999999998,1.0,9081.7115192463,834.7933449831645,2.273736754432321e-13,0.0057953042328042,0.0,-0.0057953042328042,0.6504556399999899,0.2624375860000043,49327,1895249,6,32
nomad-Ek0B30z0bVyP,slab,Ru16C4O34H3,NOMAD surfaces/adsorbates,df59e97c71276bc64fbac23d3c1903e4bf28dc541f50d194a9725d26de8e52fe,nomad_exact_bytes_decompress_to_baderkit_grid,3870720,30965760,2.0,4.641588833612782e-07,0.0043782644630797,5128702,6.037738203545459,0.9999999999999998,1.0,9081.7115192463,834.7933449831645,2.273736754432321e-13,0.0057953042328042,0.0,-0.0057953042328042,0.6542757299999948,0.2524595190000127,49327,1895249,6,32
nomad-Ek0B30z0bVyP,slab,Ru16C4O34H3,NOMAD surfaces/adsorbates,df59e97c71276bc64fbac23d3c1903e4bf28dc541f50d194a9725d26de8e52fe,nomad_exact_bytes_decompress_to_baderkit_grid,3870720,30965760,2.0,1e-06,0.0094326848413927,4460625,6.942022698612862,0.9999999999999998,1.0,9081.7115192463,834.7933449831645,2.273736754432321e-13,0.0057953042328042,0.0,-0.0057953042328042,0.6330253739999989,0.2672489820000123,49327,1895249,6,32
nomad-Ek0B30z0bVyP,slab,Ru16C4O34H3,NOMAD surfaces/adsorbates,df59e97c71276bc64fbac23d3c1903e4bf28dc541f50d194a9725d26de8e52fe,nomad_exact_bytes_decompress_to_baderkit_grid,3870720,30965760,2.0,2.1544346900318822e-06,0.0203221034424344,3692171,8.386870488934559,0.9999999999999998,1.0,9081.7115192463,834.7933449831645,2.273736754432321e-13,0.0057953042328042,0.0,-0.0057953042328042,0.5089325790000032,0.2465648549999741,49327,1895249,6,32
nomad-Ek0B30z0bVyP,slab,Ru16C4O34H3,NOMAD surfaces/adsorbates,df59e97c71276bc64fbac23d3c1903e4bf28dc541f50d194a9725d26de8e52fe,nomad_exact_bytes_decompress_to_baderkit_grid,3870720,30965760,2.0,4.641588833612773e-06,0.0437826446307971,3084812,10.038135225096376,0.9999999999999998,1.0,9081.7115192463,834.7933449831645,2.273736754432321e-13,0.0057953042328042,0.0,-0.0057953042328042,0.4615268770000114,0.2426320840000073,49327,1895249,6,32
nomad-Ek0B30z0bVyP,slab,Ru16C4O34H3,NOMAD surfaces/adsorbates,df59e97c71276bc64fbac23d3c1903e4bf28dc541f50d194a9725d26de8e52fe,nomad_exact_bytes_decompress_to_baderkit_grid,3870720,30965760,2.0,1e-05,0.0943268484139278,2561772,12.0876330914695,0.9999999999999998,1.0,9081.7115192463,834.7933449831645,2.273736754432321e-13,0.0057953042328042,0.0,-0.0057953042328042,0.4267751989999908,0.260054273999998,49327,1895249,6,32
nomad-Ek0B30z0bVyP,slab,Ru16C4O34H3,NOMAD surfaces/adsorbates,df59e97c71276bc64fbac23d3c1903e4bf28dc541f50d194a9725d26de8e52fe,nomad_exact_bytes_decompress_to_baderkit_grid,3870720,30965760,2.0,2.1544346900318823e-05,0.2032210344243449,2118932,14.613852638970954,0.9999999999999998,1.0,9081.7115192463,834.7933449831645,2.273736754432321e-13,0.0057953042328042,0.0,-0.0057953042328042,0.364137415000016,0.2444604869999977,49327,1895249,6,32
nomad-Ek0B30z0bVyP,slab,Ru16C4O34H3,NOMAD surfaces/adsorbates,df59e97c71276bc64fbac23d3c1903e4bf28dc541f50d194a9725d26de8e52fe,nomad_exact_bytes_decompress_to_baderkit_grid,3870720,30965760,2.0,4.641588833612772e-05,0.4378264463079719,1731288,17.885966979497347,0.9999999999999998,1.0,9081.7115192463,834.7933449831645,2.273736754432321e-13,0.0057953042328042,0.0,-0.0057953042328042,0.2838374700000088,0.2490212689999964,49327,1895249,6,32
nomad-Ek0B30z0bVyP,slab,Ru16C4O34H3,NOMAD surfaces/adsorbates,df59e97c71276bc64fbac23d3c1903e4bf28dc541f50d194a9725d26de8e52fe,nomad_exact_bytes_decompress_to_baderkit_grid,3870720,30965760,2.0,0.0001,0.943268484139278,1477085,20.96410159198692,0.9999999999999998,1.0,9081.7115192463,834.7933449831645,2.273736754432321e-13,0.0057953042328042,0.0,-0.0057953042328042,0.255287237999994,0.2530895149999992,49327,1895249,6,32
nomad-Ek0B30z0bVyP,slab,Ru16C4O34H3,NOMAD surfaces/adsorbates,df59e97c71276bc64fbac23d3c1903e4bf28dc541f50d194a9725d26de8e52fe,nomad_exact_bytes_decompress_to_baderkit_grid,3870720,30965760,2.0,0.0002154434690031,2.032210344243449,1281213,24.169096005113904,0.9999999999999998,1.0,9081.7115192463,834.7933449831645,2.273736754432321e-13,0.0057953042328042,0.0,-0.0057953042328042,0.2147481449999873,0.2452957649999803,49327,1895249,6,32
nomad-Ek0B30z0bVyP,slab,Ru16C4O34H3,NOMAD surfaces/adsorbates,df59e97c71276bc64fbac23d3c1903e4bf28dc541f50d194a9725d26de8e52fe,nomad_exact_bytes_decompress_to_baderkit_grid,3870720,30965760,2.0,0.0004641588833612,4.378264463079724,1137868,27.21384202737049,0.9999999999999998,1.0,9081.7115192463,834.7933449831645,2.273736754432321e-13,0.0057953042328042,0.0,-0.0057953042328042,0.1847680170000103,0.2545076890000075,49327,1895249,6,32
nomad-Ek0B30z0bVyP,slab,Ru16C4O34H3,NOMAD surfaces/adsorbates,df59e97c71276bc64fbac23d3c1903e4bf28dc541f50d194a9725d26de8e52fe,nomad_exact_bytes_decompress_to_baderkit_grid,3870720,30965760,2.0,0.001,9.43268484139278,1052931,29.409106579633423,0.9999999999999998,1.0,9081.7115192463,834.7933449831645,2.273736754432321e-13,0.0057953042328042,0.0,-0.0057953042328042,0.1755468570000005,0.2347479510000027,49327,1895249,6,32
nomad-Ek0B30z0bVyP,slab,Ru16C4O34H3,NOMAD surfaces/adsorbates,df59e97c71276bc64fbac23d3c1903e4bf28dc541f50d194a9725d26de8e52fe,nomad_exact_bytes_decompress_to_baderkit_grid,3870720,30965760,2.0,0.0021544346900318,20.32210344243449,989358,31.298842279538853,0.9999999999999998,1.0,9081.7115192463,834.7933449831645,2.273736754432321e-13,0.0057953042328042,0.0,-0.0057953042328042,0.1704937979999954,0.2499505389999967,49327,1895249,6,32
nomad-Ek0B30z0bVyP,slab,Ru16C4O34H3,NOMAD surfaces/adsorbates,df59e97c71276bc64fbac23d3c1903e4bf28dc541f50d194a9725d26de8e52fe,nomad_exact_bytes_decompress_to_baderkit_grid,3870720,30965760,2.0,0.0046415888336127,43.7826446307972,935998,33.08314761356328,0.9999999999999998,1.0,9081.7115192463,834.7933449831645,2.273736754432321e-13,0.0057953042328042,0.0,-0.0057953042328042,0.1596451110000032,0.2411910320000174,49327,1895249,6,32
nomad-Ek0B30z0bVyP,slab,Ru16C4O34H3,NOMAD surfaces/adsorbates,df59e97c71276bc64fbac23d3c1903e4bf28dc541f50d194a9725d26de8e52fe,nomad_exact_bytes_decompress_to_baderkit_grid,3870720,30965760,2.0,0.01,94.3268484139278,896468,34.54195799515432,0.9999999999999998,1.0,9081.7115192463,834.7933449831645,2.273736754432321e-13,0.0057953042328042,0.0,-0.0057953042328042,0.1538225520000082,0.2540692880000108,49327,1895249,6,32
nomad-Ek0B30z0bVyP,slab,Ru16C4O34H3,NOMAD surfaces/adsorbates,df59e97c71276bc64fbac23d3c1903e4bf28dc541f50d194a9725d26de8e52fe,nomad_exact_bytes_decompress_to_baderkit_grid,3870720,30965760,2.0,0.0215443469003188,203.22103442434488,870000,35.592827586206894,0.9999999999999998,1.0,9081.7115192463,834.7933449831645,2.273736754432321e-13,0.0057953042328042,0.0,-0.0057953042328042,0.1509050409999872,0.2405169310000019,49327,1895249,6,32
nomad-Ek0B30z0bVyP,slab,Ru16C4O34H3,NOMAD surfaces/adsorbates,df59e97c71276bc64fbac23d3c1903e4bf28dc541f50d194a9725d26de8e52fe,nomad_exact_bytes_decompress_to_baderkit_grid,3870720,30965760,2.0,0.0464158883361277,437.82644630797193,837600,36.96962750716333,0.9999999999999998,1.0,9081.7115192463,834.7933449831645,2.273736754432321e-13,0.0057953042328042,0.0,-0.0057953042328042,0.1440099849999967,0.2388622399999747,49327,1895249,6,32
nomad-Ek0B30z0bVyP,slab,Ru16C4O34H3,NOMAD surfaces/adsorbates,df59e97c71276bc64fbac23d3c1903e4bf28dc541f50d194a9725d26de8e52fe,nomad_exact_bytes_decompress_to_baderkit_grid,3870720,30965760,2.0,0.1,943.268484139278,823476,37.603718869766695,0.9999999999999998,1.0,9081.7115192463,834.7933449831645,2.273736754432321e-13,0.0057953042328042,0.0,-0.0057953042328042,0.1438102460000152,0.2503791890000002,49327,1895249,6,32
nomad-Ek0B30z0bVyP,slab,Ru16C4O34H3,NOMAD surfaces/adsorbates,df59e97c71276bc64fbac23d3c1903e4bf28dc541f50d194a9725d26de8e52fe,nomad_exact_bytes_decompress_to_baderkit_grid,3870720,30965760,2.0,0.2154434690031882,2032.2103442434488,810872,38.18822206217504,0.9999999999999998,1.0,9081.7115192463,834.7933449831645,2.273736754432321e-13,0.0057953042328042,0.0,-0.0057953042328042,0.1450371930000074,0.2358136119999869,49327,1895249,6,32
nomad-Ek0B30z0bVyP,slab,Ru16C4O34H3,NOMAD surfaces/adsorbates,df59e97c71276bc64fbac23d3c1903e4bf28dc541f50d194a9725d26de8e52fe,nomad_exact_bytes_decompress_to_baderkit_grid,3870720,30965760,2.0,0.4641588833612772,4378.26446307972,799969,38.70869996212353,0.9999999999999998,1.0,9081.7115192463,834.7933449831645,2.273736754432321e-13,0.0057953042328042,0.0,-0.0057953042328042,0.1426670059999821,0.2378246469999965,49327,1895249,6,32
nomad-Ek0B30z0bVyP,slab,Ru16C4O34H3,NOMAD surfaces/adsorbates,df59e97c71276bc64fbac23d3c1903e4bf28dc541f50d194a9725d26de8e52fe,nomad_exact_bytes_decompress_to_baderkit_grid,3870720,30965760,2.0,1.0,9432.68484139278,787776,39.30782354374848,0.9999999999999998,1.0,9081.7115192463,834.7933449831645,2.273736754432321e-13,0.0057953042328042,0.0,-0.0057953042328042,0.1453831800000102,0.2562399900000116,49327,1895249,6,32
nomad-Ek0B30z0bVyP,slab,Ru16C4O34H3,NOMAD surfaces/adsorbates,df59e97c71276bc64fbac23d3c1903e4bf28dc541f50d194a9725d26de8e52fe,nomad_exact_bytes_decompress_to_baderkit_grid,3870720,30965760,2.0,2.154434690031882,20322.103442434487,781581,39.61938685817593,0.9999999999999998,1.0,9081.7115192463,834.7933449831645,2.273736754432321e-13,0.0057953042328042,0.0,-0.0057953042328042,0.14418927600002,0.2461099470000078,49327,1895249,6,32
nomad-Ek0B30z0bVyP,slab,Ru16C4O34H3,NOMAD surfaces/adsorbates,df59e97c71276bc64fbac23d3c1903e4bf28dc541f50d194a9725d26de8e52fe,nomad_exact_bytes_decompress_to_baderkit_grid,3870720,30965760,2.0,4.641588833612772,43782.64463079719,776997,39.8531268460496,0.9999999999999998,1.0,9081.7115192463,834.7933449831645,2.273736754432321e-13,0.0057953042328042,0.0,-0.0057953042328042,0.145000723999999,0.2547889329999862,49327,1895249,6,32
nomad-Ek0B30z0bVyP,slab,Ru16C4O34H3,NOMAD surfaces/adsorbates,df59e97c71276bc64fbac23d3c1903e4bf28dc541f50d194a9725d26de8e52fe,nomad_exact_bytes_decompress_to_baderkit_grid,3870720,30965760,2.0,10.0,94326.8484139278,772488,40.08574890483736,0.9999999999999998,1.0,9081.7115192463,834.7933449831645,2.273736754432321e-13,0.0057953042328042,0.0,-0.0057953042328042,0.1360743649999847,0.2344230799999991,49327,1895249,6,32
nomad-19wSfSWChOSI,slab,Fe20,NOMAD surfaces/adsorbates,dc5be888452f5dec938146abfb8b3b0d77017f7e5a68a4511b32d908ef558fcb,nomad_exact_bytes_decompress_to_baderkit_grid,4128768,33030144,0.0,1e-07,0.0011276010322777,3842659,8.595647961476676,1.0,1.0,10996.01684236639,975.4835413307834,1.1368683772161605e-13,0.0,0.0,0.0,0.5963579390000007,0.2761223960000052,52001,2021599,6,32
nomad-19wSfSWChOSI,slab,Fe20,NOMAD surfaces/adsorbates,dc5be888452f5dec938146abfb8b3b0d77017f7e5a68a4511b32d908ef558fcb,nomad_exact_bytes_decompress_to_baderkit_grid,4128768,33030144,0.0,2.1544346900318827e-07,0.002429342780455,3016183,10.950974791648916,1.0,1.0,10996.01684236639,975.4835413307834,1.1368683772161605e-13,0.0,0.0,0.0,0.4454319980000036,0.2518622989999812,52001,2021599,6,32
nomad-19wSfSWChOSI,slab,Fe20,NOMAD surfaces/adsorbates,dc5be888452f5dec938146abfb8b3b0d77017f7e5a68a4511b32d908ef558fcb,nomad_exact_bytes_decompress_to_baderkit_grid,4128768,33030144,0.0,4.641588833612782e-07,0.0052338603601907,2446061,13.503401591374868,1.0,1.0,10996.01684236639,975.4835413307834,1.1368683772161605e-13,0.0,0.0,0.0,0.366197867000011,0.2541721770000151,52001,2021599,6,32
nomad-19wSfSWChOSI,slab,Fe20,NOMAD surfaces/adsorbates,dc5be888452f5dec938146abfb8b3b0d77017f7e5a68a4511b32d908ef558fcb,nomad_exact_bytes_decompress_to_baderkit_grid,4128768,33030144,0.0,1e-06,0.0112760103227777,1977851,16.700016330856066,1.0,1.0,10996.01684236639,975.4835413307834,1.1368683772161605e-13,0.0,0.0,0.0,0.2970684750000032,0.2453671510000106,52001,2021599,6,32
nomad-19wSfSWChOSI,slab,Fe20,NOMAD surfaces/adsorbates,dc5be888452f5dec938146abfb8b3b0d77017f7e5a68a4511b32d908ef558fcb,nomad_exact_bytes_decompress_to_baderkit_grid,4128768,33030144,0.0,2.1544346900318822e-06,0.02429342780455,1641487,20.12208686392277,1.0,1.0,10996.01684236639,975.4835413307834,1.1368683772161605e-13,0.0,0.0,0.0,0.2631144580000182,0.2473601060000021,52001,2021599,6,32
nomad-19wSfSWChOSI,slab,Fe20,NOMAD surfaces/adsorbates,dc5be888452f5dec938146abfb8b3b0d77017f7e5a68a4511b32d908ef558fcb,nomad_exact_bytes_decompress_to_baderkit_grid,4128768,33030144,0.0,4.641588833612773e-06,0.0523386036019077,1354247,24.390044061386146,1.0,1.0,10996.01684236639,975.4835413307834,1.1368683772161605e-13,0.0,0.0,0.0,0.2146838820000027,0.2463916909999852,52001,2021599,6,32
nomad-19wSfSWChOSI,slab,Fe20,NOMAD surfaces/adsorbates,dc5be888452f5dec938146abfb8b3b0d77017f7e5a68a4511b32d908ef558fcb,nomad_exact_bytes_decompress_to_baderkit_grid,4128768,33030144,0.0,1e-05,0.1127601032277778,1157919,28.52543571700611,1.0,1.0,10996.01684236639,975.4835413307834,1.1368683772161605e-13,0.0,0.0,0.0,0.1876104250000025,0.2465676699999903,52001,2021599,6,32
nomad-19wSfSWChOSI,slab,Fe20,NOMAD surfaces/adsorbates,dc5be888452f5dec938146abfb8b3b0d77017f7e5a68a4511b32d908ef558fcb,nomad_exact_bytes_decompress_to_baderkit_grid,4128768,33030144,0.0,2.1544346900318823e-05,0.2429342780455005,1027047,32.16030425092522,1.0,1.0,10996.01684236639,975.4835413307834,1.1368683772161605e-13,0.0,0.0,0.0,0.164833907000002,0.243287357000014,52001,2021599,6,32
nomad-19wSfSWChOSI,slab,Fe20,NOMAD surfaces/adsorbates,dc5be888452f5dec938146abfb8b3b0d77017f7e5a68a4511b32d908ef558fcb,nomad_exact_bytes_decompress_to_baderkit_grid,4128768,33030144,0.0,4.641588833612772e-05,0.5233860360190771,947796,34.84942329362015,1.0,1.0,10996.01684236639,975.4835413307834,1.1368683772161605e-13,0.0,0.0,0.0,0.1568257419999952,0.2436047070000029,52001,2021599,6,32
nomad-19wSfSWChOSI,slab,Fe20,NOMAD surfaces/adsorbates,dc5be888452f5dec938146abfb8b3b0d77017f7e5a68a4511b32d908ef558fcb,nomad_exact_bytes_decompress_to_baderkit_grid,4128768,33030144,0.0,0.0001,1.1276010322777783,898132,36.77649165156124,1.0,1.0,10996.01684236639,975.4835413307834,1.1368683772161605e-13,0.0,0.0,0.0,0.1494700979999947,0.2375671060000002,52001,2021599,6,32
nomad-19wSfSWChOSI,slab,Fe20,NOMAD surfaces/adsorbates,dc5be888452f5dec938146abfb8b3b0d77017f7e5a68a4511b32d908ef558fcb,nomad_exact_bytes_decompress_to_baderkit_grid,4128768,33030144,0.0,0.0002154434690031,2.4293427804550056,864547,38.20514558491325,1.0,1.0,10996.01684236639,975.4835413307834,1.1368683772161605e-13,0.0,0.0,0.0,0.1418261620000009,0.2375934970000059,52001,2021599,6,32
nomad-19wSfSWChOSI,slab,Fe20,NOMAD surfaces/adsorbates,dc5be888452f5dec938146abfb8b3b0d77017f7e5a68a4511b32d908ef558fcb,nomad_exact_bytes_decompress_to_baderkit_grid,4128768,33030144,0.0,0.0004641588833612,5.233860360190776,844467,39.113599465698485,1.0,1.0,10996.01684236639,975.4835413307834,1.1368683772161605e-13,0.0,0.0,0.0,0.1392222580000179,0.2444492079999918,52001,2021599,6,32
nomad-19wSfSWChOSI,slab,Fe20,NOMAD surfaces/adsorbates,dc5be888452f5dec938146abfb8b3b0d77017f7e5a68a4511b32d908ef558fcb,nomad_exact_bytes_decompress_to_baderkit_grid,4128768,33030144,0.0,0.001,11.276010322777784,829985,39.79607342301367,1.0,1.0,10996.01684236639,975.4835413307834,1.1368683772161605e-13,0.0,0.0,0.0,0.1374184919999947,0.2381335970000009,52001,2021599,6,32
nomad-19wSfSWChOSI,slab,Fe20,NOMAD surfaces/adsorbates,dc5be888452f5dec938146abfb8b3b0d77017f7e5a68a4511b32d908ef558fcb,nomad_exact_bytes_decompress_to_baderkit_grid,4128768,33030144,0.0,0.0021544346900318,24.293427804550053,822052,40.18011512653701,1.0,1.0,10996.01684236639,975.4835413307834,1.1368683772161605e-13,0.0,0.0,0.0,0.1377014710000139,0.2469778100000041,52001,2021599,6,32
nomad-19wSfSWChOSI,slab,Fe20,NOMAD surfaces/adsorbates,dc5be888452f5dec938146abfb8b3b0d77017f7e5a68a4511b32d908ef558fcb,nomad_exact_bytes_decompress_to_baderkit_grid,4128768,33030144,0.0,0.0046415888336127,52.338603601907714,816758,40.44055154648011,1.0,1.0,10996.01684236639,975.4835413307834,1.1368683772161605e-13,0.0,0.0,0.0,0.1388030030000209,0.2481382029999963,52001,2021599,6,32
nomad-19wSfSWChOSI,slab,Fe20,NOMAD surfaces/adsorbates,dc5be888452f5dec938146abfb8b3b0d77017f7e5a68a4511b32d908ef558fcb,nomad_exact_bytes_decompress_to_baderkit_grid,4128768,33030144,0.0,0.01,112.76010322777782,813090,40.622986385271005,1.0,1.0,10996.01684236639,975.4835413307834,1.1368683772161605e-13,0.0,0.0,0.0,0.1376257989999771,0.2452920260000155,52001,2021599,6,32
nomad-19wSfSWChOSI,slab,Fe20,NOMAD surfaces/adsorbates,dc5be888452f5dec938146abfb8b3b0d77017f7e5a68a4511b32d908ef558fcb,nomad_exact_bytes_decompress_to_baderkit_grid,4128768,33030144,0.0,0.0215443469003188,242.93427804550052,809898,40.78309120407755,1.0,1.0,10996.01684236639,975.4835413307834,1.1368683772161605e-13,0.0,0.0,0.0,0.1353790449999792,0.2398800259999802,52001,2021599,6,32
nomad-19wSfSWChOSI,slab,Fe20,NOMAD surfaces/adsorbates,dc5be888452f5dec938146abfb8b3b0d77017f7e5a68a4511b32d908ef558fcb,nomad_exact_bytes_decompress_to_baderkit_grid,4128768,33030144,0.0,0.0464158883361277,523.3860360190771,808522,40.85249875699115,1.0,1.0,10996.01684236639,975.4835413307834,1.1368683772161605e-13,0.0,0.0,0.0,0.13806815800001,0.2476712400000451,52001,2021599,6,32
nomad-19wSfSWChOSI,slab,Fe20,NOMAD surfaces/adsorbates,dc5be888452f5dec938146abfb8b3b0d77017f7e5a68a4511b32d908ef558fcb,nomad_exact_bytes_decompress_to_baderkit_grid,4128768,33030144,0.0,0.1,1127.601032277778,807483,40.90506425522271,1.0,1.0,10996.01684236639,975.4835413307834,1.1368683772161605e-13,0.0,0.0,0.0,0.1405175419999977,0.2499771840000448,52001,2021599,6,32
nomad-19wSfSWChOSI,slab,Fe20,NOMAD surfaces/adsorbates,dc5be888452f5dec938146abfb8b3b0d77017f7e5a68a4511b32d908ef558fcb,nomad_exact_bytes_decompress_to_baderkit_grid,4128768,33030144,0.0,0.2154434690031882,2429.3427804550056,806519,40.95395644739926,1.0,1.0,10996.01684236639,975.4835413307834,1.1368683772161605e-13,0.0,0.0,0.0,0.1371745189999842,0.2397202120000088,52001,2021599,6,32
nomad-19wSfSWChOSI,slab,Fe20,NOMAD surfaces/adsorbates,dc5be888452f5dec938146abfb8b3b0d77017f7e5a68a4511b32d908ef558fcb,nomad_exact_bytes_decompress_to_baderkit_grid,4128768,33030144,0.0,0.4641588833612772,5233.860360190771,806013,40.97966658106011,1.0,1.0,10996.01684236639,975.4835413307834,1.1368683772161605e-13,0.0,0.0,0.0,0.1387127320000445,0.2454960970000002,52001,2021599,6,32
nomad-19wSfSWChOSI,slab,Fe20,NOMAD surfaces/adsorbates,dc5be888452f5dec938146abfb8b3b0d77017f7e5a68a4511b32d908ef558fcb,nomad_exact_bytes_decompress_to_baderkit_grid,4128768,33030144,0.0,1.0,11276.010322777782,805774,40.99182152812079,1.0,1.0,10996.01684236639,975.4835413307834,1.1368683772161605e-13,0.0,0.0,0.0,0.1363391340000248,0.2426798349999899,52001,2021599,6,32
nomad-19wSfSWChOSI,slab,Fe20,NOMAD surfaces/adsorbates,dc5be888452f5dec938146abfb8b3b0d77017f7e5a68a4511b32d908ef558fcb,nomad_exact_bytes_decompress_to_baderkit_grid,4128768,33030144,0.0,2.154434690031882,24293.42780455005,805527,41.00439091427103,1.0,1.0,10996.01684236639,975.4835413307834,1.1368683772161605e-13,0.0,0.0,0.0,0.1408999590000235,0.2467903180000235,52001,2021599,6,32
nomad-19wSfSWChOSI,slab,Fe20,NOMAD surfaces/adsorbates,dc5be888452f5dec938146abfb8b3b0d77017f7e5a68a4511b32d908ef558fcb,nomad_exact_bytes_decompress_to_baderkit_grid,4128768,33030144,0.0,4.641588833612772,52338.6036019077,805354,41.01319916459097,1.0,1.0,10996.01684236639,975.4835413307834,1.1368683772161605e-13,0.0,0.0,0.0,0.1384413470000254,0.2477573980000329,52001,2021599,6,32
nomad-19wSfSWChOSI,slab,Fe20,NOMAD surfaces/adsorbates,dc5be888452f5dec938146abfb8b3b0d77017f7e5a68a4511b32d908ef558fcb,nomad_exact_bytes_decompress_to_baderkit_grid,4128768,33030144,0.0,10.0,112760.1032277778,805245,41.01875081496936,1.0,1.0,10996.01684236639,975.4835413307834,1.1368683772161605e-13,0.0,0.0,0.0,0.1391460160000406,0.244680269000014,52001,2021599,6,32
nomad-19wSfSWChOSI,slab,Fe20,NOMAD surfaces/adsorbates,dc5be888452f5dec938146abfb8b3b0d77017f7e5a68a4511b32d908ef558fcb,nomad_exact_bytes_decompress_to_baderkit_grid,4128768,33030144,2.0,1e-07,0.0011276010322777,5550013,5.951363357166911,1.0,1.0,10996.01684236639,975.4835413307834,1.1368683772161605e-13,0.0,0.0,0.0,0.8270875910000086,0.2761857810000379,52001,2021599,6,32
nomad-19wSfSWChOSI,slab,Fe20,NOMAD surfaces/adsorbates,dc5be888452f5dec938146abfb8b3b0d77017f7e5a68a4511b32d908ef558fcb,nomad_exact_bytes_decompress_to_baderkit_grid,4128768,33030144,2.0,2.1544346900318827e-07,0.002429342780455,4714203,7.006517114345733,1.0,1.0,10996.01684236639,975.4835413307834,1.1368683772161605e-13,0.0,0.0,0.0,0.71884510000001,0.2758315180000181,52001,2021599,6,32
nomad-19wSfSWChOSI,slab,Fe20,NOMAD surfaces/adsorbates,dc5be888452f5dec938146abfb8b3b0d77017f7e5a68a4511b32d908ef558fcb,nomad_exact_bytes_decompress_to_baderkit_grid,4128768,33030144,2.0,4.641588833612782e-07,0.0052338603601907,3902652,8.463512503805104,1.0,1.0,10996.01684236639,975.4835413307834,1.1368683772161605e-13,0.0,0.0,0.0,0.592458506000014,0.2659808430000225,52001,2021599,6,32
nomad-19wSfSWChOSI,slab,Fe20,NOMAD surfaces/adsorbates,dc5be888452f5dec938146abfb8b3b0d77017f7e5a68a4511b32d908ef558fcb,nomad_exact_bytes_decompress_to_baderkit_grid,4128768,33030144,2.0,1e-06,0.0112760103227777,3213771,10.277690600854884,1.0,1.0,10996.01684236639,975.4835413307834,1.1368683772161605e-13,0.0,0.0,0.0,0.4778621870000279,0.2585816270000123,52001,2021599,6,32
nomad-19wSfSWChOSI,slab,Fe20,NOMAD surfaces/adsorbates,dc5be888452f5dec938146abfb8b3b0d77017f7e5a68a4511b32d908ef558fcb,nomad_exact_bytes_decompress_to_baderkit_grid,4128768,33030144,2.0,2.1544346900318822e-06,0.02429342780455,2627757,12.569710212930648,1.0,1.0,10996.01684236639,975.4835413307834,1.1368683772161605e-13,0.0,0.0,0.0,0.3815062209999951,0.2534781469999529,52001,2021599,6,32
nomad-19wSfSWChOSI,slab,Fe20,NOMAD surfaces/adsorbates,dc5be888452f5dec938146abfb8b3b0d77017f7e5a68a4511b32d908ef558fcb,nomad_exact_bytes_decompress_to_baderkit_grid,4128768,33030144,2.0,4.641588833612773e-06,0.0523386036019077,2187674,15.098293438601912,1.0,1.0,10996.01684236639,975.4835413307834,1.1368683772161605e-13,0.0,0.0,0.0,0.3249713260000249,0.2512396870000088,52001,2021599,6,32
nomad-19wSfSWChOSI,slab,Fe20,NOMAD surfaces/adsorbates,dc5be888452f5dec938146abfb8b3b0d77017f7e5a68a4511b32d908ef558fcb,nomad_exact_bytes_decompress_to_baderkit_grid,4128768,33030144,2.0,1e-05,0.1127601032277778,1840164,17.949565364826178,1.0,1.0,10996.01684236639,975.4835413307834,1.1368683772161605e-13,0.0,0.0,0.0,0.2863489289999847,0.2483294310000019,52001,2021599,6,32
nomad-19wSfSWChOSI,slab,Fe20,NOMAD surfaces/adsorbates,dc5be888452f5dec938146abfb8b3b0d77017f7e5a68a4511b32d908ef558fcb,nomad_exact_bytes_decompress_to_baderkit_grid,4128768,33030144,2.0,2.1544346900318823e-05,0.2429342780455005,1562683,21.13681661603793,1.0,1.0,10996.01684236639,975.4835413307834,1.1368683772161605e-13,0.0,0.0,0.0,0.2588126590000001,0.2521785139999792,52001,2021599,6,32
nomad-19wSfSWChOSI,slab,Fe20,NOMAD surfaces/adsorbates,dc5be888452f5dec938146abfb8b3b0d77017f7e5a68a4511b32d908ef558fcb,nomad_exact_bytes_decompress_to_baderkit_grid,4128768,33030144,2.0,4.641588833612772e-05,0.5233860360190771,1340746,24.635646125366023,1.0,1.0,10996.01684236639,975.4835413307834,1.1368683772161605e-13,0.0,0.0,0.0,0.2226482890000056,0.2473066769999832,52001,2021599,6,32
nomad-19wSfSWChOSI,slab,Fe20,NOMAD surfaces/adsorbates,dc5be888452f5dec938146abfb8b3b0d77017f7e5a68a4511b32d908ef558fcb,nomad_exact_bytes_decompress_to_baderkit_grid,4128768,33030144,2.0,0.0001,1.1276010322777783,1186665,27.834430104536665,1.0,1.0,10996.01684236639,975.4835413307834,1.1368683772161605e-13,0.0,0.0,0.0,0.1967714680000085,0.2524478079999994,52001,2021599,6,32
nomad-19wSfSWChOSI,slab,Fe20,NOMAD surfaces/adsorbates,dc5be888452f5dec938146abfb8b3b0d77017f7e5a68a4511b32d908ef558fcb,nomad_exact_bytes_decompress_to_baderkit_grid,4128768,33030144,2.0,0.0002154434690031,2.4293427804550056,1079726,30.591227774453888,1.0,1.0,10996.01684236639,975.4835413307834,1.1368683772161605e-13,0.0,0.0,0.0,0.1838967650000427,0.2492581390000054,52001,2021599,6,32
nomad-19wSfSWChOSI,slab,Fe20,NOMAD surfaces/adsorbates,dc5be888452f5dec938146abfb8b3b0d77017f7e5a68a4511b32d908ef558fcb,nomad_exact_bytes_decompress_to_baderkit_grid,4128768,33030144,2.0,0.0004641588833612,5.233860360190776,997636,33.10841228664563,1.0,1.0,10996.01684236639,975.4835413307834,1.1368683772161605e-13,0.0,0.0,0.0,0.1674348410000448,0.2545676120000166,52001,2021599,6,32
nomad-19wSfSWChOSI,slab,Fe20,NOMAD surfaces/adsorbates,dc5be888452f5dec938146abfb8b3b0d77017f7e5a68a4511b32d908ef558fcb,nomad_exact_bytes_decompress_to_baderkit_grid,4128768,33030144,2.0,0.001,11.276010322777784,950651,34.74476332534232,1.0,1.0,10996.01684236639,975.4835413307834,1.1368683772161605e-13,0.0,0.0,0.0,0.1608854369999903,0.2481135170000357,52001,2021599,6,32
nomad-19wSfSWChOSI,slab,Fe20,NOMAD surfaces/adsorbates,dc5be888452f5dec938146abfb8b3b0d77017f7e5a68a4511b32d908ef558fcb,nomad_exact_bytes_decompress_to_baderkit_grid,4128768,33030144,2.0,0.0021544346900318,24.293427804550053,910093,36.2931524580455,1.0,1.0,10996.01684236639,975.4835413307834,1.1368683772161605e-13,0.0,0.0,0.0,0.1577067690000149,0.2542185880000147,52001,2021599,6,32
nomad-19wSfSWChOSI,slab,Fe20,NOMAD surfaces/adsorbates,dc5be888452f5dec938146abfb8b3b0d77017f7e5a68a4511b32d908ef558fcb,nomad_exact_bytes_decompress_to_baderkit_grid,4128768,33030144,2.0,0.0046415888336127,52.338603601907714,884656,37.33670941021143,1.0,1.0,10996.01684236639,975.4835413307834,1.1368683772161605e-13,0.0,0.0,0.0,0.1581478059999881,0.2535906819999809,52001,2021599,6,32
nomad-19wSfSWChOSI,slab,Fe20,NOMAD surfaces/adsorbates,dc5be888452f5dec938146abfb8b3b0d77017f7e5a68a4511b32d908ef558fcb,nomad_exact_bytes_decompress_to_baderkit_grid,4128768,33030144,2.0,0.01,112.76010322777782,863326,38.2591790354976,1.0,1.0,10996.01684236639,975.4835413307834,1.1368683772161605e-13,0.0,0.0,0.0,0.1536652719999551,0.2533490590000156,52001,2021599,6,32
nomad-19wSfSWChOSI,slab,Fe20,NOMAD surfaces/adsorbates,dc5be888452f5dec938146abfb8b3b0d77017f7e5a68a4511b32d908ef558fcb,nomad_exact_bytes_decompress_to_baderkit_grid,4128768,33030144,2.0,0.0215443469003188,242.93427804550052,846661,39.01224220792029,1.0,1.0,10996.01684236639,975.4835413307834,1.1368683772161605e-13,0.0,0.0,0.0,0.1455886670000268,0.2465678579999917,52001,2021599,6,32
nomad-19wSfSWChOSI,slab,Fe20,NOMAD surfaces/adsorbates,dc5be888452f5dec938146abfb8b3b0d77017f7e5a68a4511b32d908ef558fcb,nomad_exact_bytes_decompress_to_baderkit_grid,4128768,33030144,2.0,0.0464158883361277,523.3860360190771,836867,39.46880926120877,1.0,1.0,10996.01684236639,975.4835413307834,1.1368683772161605e-13,0.0,0.0,0.0,0.1459865709999803,0.252060566999944,52001,2021599,6,32
nomad-19wSfSWChOSI,slab,Fe20,NOMAD surfaces/adsorbates,dc5be888452f5dec938146abfb8b3b0d77017f7e5a68a4511b32d908ef558fcb,nomad_exact_bytes_decompress_to_baderkit_grid,4128768,33030144,2.0,0.1,1127.601032277778,828337,39.87524884195684,1.0,1.0,10996.01684236639,975.4835413307834,1.1368683772161605e-13,0.0,0.0,0.0,0.1452932839999903,0.2477220779999811,52001,2021599,6,32
nomad-19wSfSWChOSI,slab,Fe20,NOMAD surfaces/adsorbates,dc5be888452f5dec938146abfb8b3b0d77017f7e5a68a4511b32d908ef558fcb,nomad_exact_bytes_decompress_to_baderkit_grid,4128768,33030144,2.0,0.2154434690031882,2429.3427804550056,823255,40.12140102398406,1.0,1.0,10996.01684236639,975.4835413307834,1.1368683772161605e-13,0.0,0.0,0.0,0.1444342059999712,0.2533617029999959,52001,2021599,6,32
nomad-19wSfSWChOSI,slab,Fe20,NOMAD surfaces/adsorbates,dc5be888452f5dec938146abfb8b3b0d77017f7e5a68a4511b32d908ef558fcb,nomad_exact_bytes_decompress_to_baderkit_grid,4128768,33030144,2.0,0.4641588833612772,5233.860360190771,817996,40.37934659827187,1.0,1.0,10996.01684236639,975.4835413307834,1.1368683772161605e-13,0.0,0.0,0.0,0.1461391670000011,0.2465189659999964,52001,2021599,6,32
nomad-19wSfSWChOSI,slab,Fe20,NOMAD surfaces/adsorbates,dc5be888452f5dec938146abfb8b3b0d77017f7e5a68a4511b32d908ef558fcb,nomad_exact_bytes_decompress_to_baderkit_grid,4128768,33030144,2.0,1.0,11276.010322777782,814968,40.52937538651825,1.0,1.0,10996.01684236639,975.4835413307834,1.1368683772161605e-13,0.0,0.0,0.0,0.1466853310000146,0.2487977970000088,52001,2021599,6,32
nomad-19wSfSWChOSI,slab,Fe20,NOMAD surfaces/adsorbates,dc5be888452f5dec938146abfb8b3b0d77017f7e5a68a4511b32d908ef558fcb,nomad_exact_bytes_decompress_to_baderkit_grid,4128768,33030144,2.0,2.154434690031882,24293.42780455005,812783,40.63833028003785,1.0,1.0,10996.01684236639,975.4835413307834,1.1368683772161605e-13,0.0,0.0,0.0,0.1447068209999997,0.2482681810000144,52001,2021599,6,32
nomad-19wSfSWChOSI,slab,Fe20,NOMAD surfaces/adsorbates,dc5be888452f5dec938146abfb8b3b0d77017f7e5a68a4511b32d908ef558fcb,nomad_exact_bytes_decompress_to_baderkit_grid,4128768,33030144,2.0,4.641588833612772,52338.6036019077,810221,40.76683275303898,1.0,1.0,10996.01684236639,975.4835413307834,1.1368683772161605e-13,0.0,0.0,0.0,0.145032714000024,0.2514816319999795,52001,2021599,6,32
nomad-19wSfSWChOSI,slab,Fe20,NOMAD surfaces/adsorbates,dc5be888452f5dec938146abfb8b3b0d77017f7e5a68a4511b32d908ef558fcb,nomad_exact_bytes_decompress_to_baderkit_grid,4128768,33030144,2.0,10.0,112760.1032277778,809018,40.82745254122899,1.0,1.0,10996.01684236639,975.4835413307834,1.1368683772161605e-13,0.0,0.0,0.0,0.1428598790000137,0.2478148790000318,52001,2021599,6,32
mp-1188002,bulk,Zr2TcOs,Materials Project,4d0a4beffef577b6f75e6e37851be41da2739889ed0d703562db573e4af2e184,mp_gzip_json_monty_to_baderkit_grid,373248,2985984,0.0,1e-07,5.8787935883e-05,281879,10.593141028597376,1.0,1.0,548.0865659922293,76.10644713617822,2.8421709430404014e-14,0.0,0.0,0.0,0.0287530540000062,0.0230582319999967,10333,181475,6,32
mp-1188002,bulk,Zr2TcOs,Materials Project,4d0a4beffef577b6f75e6e37851be41da2739889ed0d703562db573e4af2e184,mp_gzip_json_monty_to_baderkit_grid,373248,2985984,0.0,2.1544346900318827e-07,0.0001266547684217,262745,11.364570210660526,1.0,1.0,548.0865659922293,76.10644713617822,2.8421709430404014e-14,0.0,0.0,0.0,0.0319150290000038,0.0230864540000084,10333,181475,6,32
mp-1188002,bulk,Zr2TcOs,Materials Project,4d0a4beffef577b6f75e6e37851be41da2739889ed0d703562db573e4af2e184,mp_gzip_json_monty_to_baderkit_grid,373248,2985984,0.0,4.641588833612782e-07,0.0002728694267456,246772,12.10017343945018,1.0,1.0,548.0865659922293,76.10644713617822,2.8421709430404014e-14,0.0,0.0,0.0,0.0273078519999927,0.0223969049999936,10333,181475,6,32
mp-1188002,bulk,Zr2TcOs,Materials Project,4d0a4beffef577b6f75e6e37851be41da2739889ed0d703562db573e4af2e184,mp_gzip_json_monty_to_baderkit_grid,373248,2985984,0.0,1e-06,0.0005878793588299,229711,12.998872496310582,1.0,1.0,548.0865659922293,76.10644713617822,2.8421709430404014e-14,0.0,0.0,0.0,0.0254048619999878,0.0226570019999883,10333,181475,6,32
mp-1188002,bulk,Zr2TcOs,Materials Project,4d0a4beffef577b6f75e6e37851be41da2739889ed0d703562db573e4af2e184,mp_gzip_json_monty_to_baderkit_grid,373248,2985984,0.0,2.1544346900318822e-06,0.001266547684217,215232,13.873327386262266,1.0,1.0,548.0865659922293,76.10644713617822,2.8421709430404014e-14,0.0,0.0,0.0,0.0242182420000034,0.0224314300000116,10333,181475,6,32
mp-1188002,bulk,Zr2TcOs,Materials Project,4d0a4beffef577b6f75e6e37851be41da2739889ed0d703562db573e4af2e184,mp_gzip_json_monty_to_baderkit_grid,373248,2985984,0.0,4.641588833612773e-06,0.0027286942674567,202869,14.71877911361519,1.0,1.0,548.0865659922293,76.10644713617822,2.8421709430404014e-14,0.0,0.0,0.0,0.0230449969999995,0.0221466760000055,10333,181475,6,32
mp-1188002,bulk,Zr2TcOs,Materials Project,4d0a4beffef577b6f75e6e37851be41da2739889ed0d703562db573e4af2e184,mp_gzip_json_monty_to_baderkit_grid,373248,2985984,0.0,1e-05,0.0058787935883,191305,15.608499516478922,1.0,1.0,548.0865659922293,76.10644713617822,2.8421709430404014e-14,0.0,0.0,0.0,0.0208939739999891,0.0221880839999926,10333,181475,6,32
mp-1188002,bulk,Zr2TcOs,Materials Project,4d0a4beffef577b6f75e6e37851be41da2739889ed0d703562db573e4af2e184,mp_gzip_json_monty_to_baderkit_grid,373248,2985984,0.0,2.1544346900318823e-05,0.0126654768421705,181275,16.47212246586678,1.0,1.0,548.0865659922293,76.10644713617822,2.8421709430404014e-14,0.0,0.0,0.0,0.0181715110000055,0.0220651949999961,10333,181475,6,32
mp-1188002,bulk,Zr2TcOs,Materials Project,4d0a4beffef577b6f75e6e37851be41da2739889ed0d703562db573e4af2e184,mp_gzip_json_monty_to_baderkit_grid,373248,2985984,0.0,4.641588833612772e-05,0.0272869426745676,174064,17.154517878481478,1.0,1.0,548.0865659922293,76.10644713617822,2.8421709430404014e-14,0.0,0.0,0.0,0.0165340770000028,0.0220240379999978,10333,181475,6,32
mp-1188002,bulk,Zr2TcOs,Materials Project,4d0a4beffef577b6f75e6e37851be41da2739889ed0d703562db573e4af2e184,mp_gzip_json_monty_to_baderkit_grid,373248,2985984,0.0,0.0001,0.058787935883,169979,17.56678177892563,1.0,1.0,548.0865659922293,76.10644713617822,2.8421709430404014e-14,0.0,0.0,0.0,0.0154544580000077,0.0218363869999933,10333,181475,6,32
mp-1188002,bulk,Zr2TcOs,Materials Project,4d0a4beffef577b6f75e6e37851be41da2739889ed0d703562db573e4af2e184,mp_gzip_json_monty_to_baderkit_grid,373248,2985984,0.0,0.0002154434690031,0.1266547684217052,167108,17.868587979031524,1.0,1.0,548.0865659922293,76.10644713617822,2.8421709430404014e-14,0.0,0.0,0.0,0.0149827559999948,0.0220256109999894,10333,181475,6,32
mp-1188002,bulk,Zr2TcOs,Materials Project,4d0a4beffef577b6f75e6e37851be41da2739889ed0d703562db573e4af2e184,mp_gzip_json_monty_to_baderkit_grid,373248,2985984,0.0,0.0004641588833612,0.2728694267456767,165051,18.09128087681989,1.0,1.0,548.0865659922293,76.10644713617822,2.8421709430404014e-14,0.0,0.0,0.0,0.0145954519999946,0.0227940280000069,10333,181475,6,32
mp-1188002,bulk,Zr2TcOs,Materials Project,4d0a4beffef577b6f75e6e37851be41da2739889ed0d703562db573e4af2e184,mp_gzip_json_monty_to_baderkit_grid,373248,2985984,0.0,0.001,0.58787935883,164075,18.198896845954597,1.0,1.0,548.0865659922293,76.10644713617822,2.8421709430404014e-14,0.0,0.0,0.0,0.0142868650000025,0.0224294850000035,10333,181475,6,32
mp-1188002,bulk,Zr2TcOs,Materials Project,4d0a4beffef577b6f75e6e37851be41da2739889ed0d703562db573e4af2e184,mp_gzip_json_monty_to_baderkit_grid,373248,2985984,0.0,0.0021544346900318,1.2665476842170529,163371,18.27731972014617,1.0,1.0,548.0865659922293,76.10644713617822,2.8421709430404014e-14,0.0,0.0,0.0,0.0141760070000032,0.0223376839999929,10333,181475,6,32
mp-1188002,bulk,Zr2TcOs,Materials Project,4d0a4beffef577b6f75e6e37851be41da2739889ed0d703562db573e4af2e184,mp_gzip_json_monty_to_baderkit_grid,373248,2985984,0.0,0.0046415888336127,2.7286942674567647,162704,18.352247025272888,1.0,1.0,548.0865659922293,76.10644713617822,2.8421709430404014e-14,0.0,0.0,0.0,0.0140989030000042,0.0225430889999955,10333,181475,6,32
mp-1188002,bulk,Zr2TcOs,Materials Project,4d0a4beffef577b6f75e6e37851be41da2739889ed0d703562db573e4af2e184,mp_gzip_json_monty_to_baderkit_grid,373248,2985984,0.0,0.01,5.8787935883,162421,18.384223714913716,1.0,1.0,548.0865659922293,76.10644713617822,2.8421709430404014e-14,0.0,0.0,0.0,0.0141112560000067,0.0223441769999936,10333,181475,6,32
mp-1188002,bulk,Zr2TcOs,Materials Project,4d0a4beffef577b6f75e6e37851be41da2739889ed0d703562db573e4af2e184,mp_gzip_json_monty_to_baderkit_grid,373248,2985984,0.0,0.0215443469003188,12.665476842170529,162169,18.412791593954456,1.0,1.0,548.0865659922293,76.10644713617822,2.8421709430404014e-14,0.0,0.0,0.0,0.0138310520000004,0.0222403719999988,10333,181475,6,32
mp-1188002,bulk,Zr2TcOs,Materials Project,4d0a4beffef577b6f75e6e37851be41da2739889ed0d703562db573e4af2e184,mp_gzip_json_monty_to_baderkit_grid,373248,2985984,0.0,0.0464158883361277,27.286942674567644,161998,18.43222755836492,1.0,1.0,548.0865659922293,76.10644713617822,2.8421709430404014e-14,0.0,0.0,0.0,0.0137673330000041,0.0223775289999963,10333,181475,6,32
mp-1188002,bulk,Zr2TcOs,Materials Project,4d0a4beffef577b6f75e6e37851be41da2739889ed0d703562db573e4af2e184,mp_gzip_json_monty_to_baderkit_grid,373248,2985984,0.0,0.1,58.787935883,161820,18.45250278086763,1.0,1.0,548.0865659922293,76.10644713617822,2.8421709430404014e-14,0.0,0.0,0.0,0.0138885090000115,0.022524663999988,10333,181475,6,32
mp-1188002,bulk,Zr2TcOs,Materials Project,4d0a4beffef577b6f75e6e37851be41da2739889ed0d703562db573e4af2e184,mp_gzip_json_monty_to_baderkit_grid,373248,2985984,0.0,0.2154434690031882,126.65476842170528,161750,18.460488408037094,1.0,1.0,548.0865659922293,76.10644713617822,2.8421709430404014e-14,0.0,0.0,0.0,0.0138639130000086,0.0225070909999942,10333,181475,6,32
mp-1188002,bulk,Zr2TcOs,Materials Project,4d0a4beffef577b6f75e6e37851be41da2739889ed0d703562db573e4af2e184,mp_gzip_json_monty_to_baderkit_grid,373248,2985984,0.0,0.4641588833612772,272.86942674567644,161642,18.47282265747764,1.0,1.0,548.0865659922293,76.10644713617822,2.8421709430404014e-14,0.0,0.0,0.0,0.0140847870000015,0.0224568069999975,10333,181475,6,32
mp-1188002,bulk,Zr2TcOs,Materials Project,4d0a4beffef577b6f75e6e37851be41da2739889ed0d703562db573e4af2e184,mp_gzip_json_monty_to_baderkit_grid,373248,2985984,0.0,1.0,587.87935883,161611,18.476366088941965,1.0,1.0,548.0865659922293,76.10644713617822,2.8421709430404014e-14,0.0,0.0,0.0,0.0136458260000011,0.0222594370000024,10333,181475,6,32
mp-1188002,bulk,Zr2TcOs,Materials Project,4d0a4beffef577b6f75e6e37851be41da2739889ed0d703562db573e4af2e184,mp_gzip_json_monty_to_baderkit_grid,373248,2985984,0.0,2.154434690031882,1266.5476842170526,161585,18.479339047560103,1.0,1.0,548.0865659922293,76.10644713617822,2.8421709430404014e-14,0.0,0.0,0.0,0.0136422789999954,0.0223084699999986,10333,181475,6,32
mp-1188002,bulk,Zr2TcOs,Materials Project,4d0a4beffef577b6f75e6e37851be41da2739889ed0d703562db573e4af2e184,mp_gzip_json_monty_to_baderkit_grid,373248,2985984,0.0,4.641588833612772,2728.694267456764,161577,18.480253996546537,1.0,1.0,548.0865659922293,76.10644713617822,2.8421709430404014e-14,0.0,0.0,0.0,0.0138378450000118,0.0221194660000065,10333,181475,6,32
mp-1188002,bulk,Zr2TcOs,Materials Project,4d0a4beffef577b6f75e6e37851be41da2739889ed0d703562db573e4af2e184,mp_gzip_json_monty_to_baderkit_grid,373248,2985984,0.0,10.0,5878.7935883,161552,18.483113796177083,1.0,1.0,548.0865659922293,76.10644713617822,2.8421709430404014e-14,0.0,0.0,0.0,0.0137896640000008,0.022172776000005,10333,181475,6,32
mp-1188002,bulk,Zr2TcOs,Materials Project,4d0a4beffef577b6f75e6e37851be41da2739889ed0d703562db573e4af2e184,mp_gzip_json_monty_to_baderkit_grid,373248,2985984,2.0,1e-07,5.8787935883e-05,310728,9.60963929867923,1.0,1.0,548.0865659922293,76.10644713617822,2.8421709430404014e-14,0.0,0.0,0.0,0.0338834410000004,0.0234247679999981,10333,181475,6,32
mp-1188002,bulk,Zr2TcOs,Materials Project,4d0a4beffef577b6f75e6e37851be41da2739889ed0d703562db573e4af2e184,mp_gzip_json_monty_to_baderkit_grid,373248,2985984,2.0,2.1544346900318827e-07,0.0001266547684217,295554,10.103006557177368,1.0,1.0,548.0865659922293,76.10644713617822,2.8421709430404014e-14,0.0,0.0,0.0,0.0335609669999996,0.0229102460000092,10333,181475,6,32
mp-1188002,bulk,Zr2TcOs,Materials Project,4d0a4beffef577b6f75e6e37851be41da2739889ed0d703562db573e4af2e184,mp_gzip_json_monty_to_baderkit_grid,373248,2985984,2.0,4.641588833612782e-07,0.0002728694267456,276522,10.798359624189034,1.0,1.0,548.0865659922293,76.10644713617822,2.8421709430404014e-14,0.0,0.0,0.0,0.0308242389999975,0.0226120079999958,10333,181475,6,32
mp-1188002,bulk,Zr2TcOs,Materials Project,4d0a4beffef577b6f75e6e37851be41da2739889ed0d703562db573e4af2e184,mp_gzip_json_monty_to_baderkit_grid,373248,2985984,2.0,1e-06,0.0005878793588299,257541,11.59420830081424,1.0,1.0,548.0865659922293,76.10644713617822,2.8421709430404014e-14,0.0,0.0,0.0,0.0276565529999999,0.0227868139999998,10333,181475,6,32
mp-1188002,bulk,Zr2TcOs,Materials Project,4d0a4beffef577b6f75e6e37851be41da2739889ed0d703562db573e4af2e184,mp_gzip_json_monty_to_baderkit_grid,373248,2985984,2.0,2.1544346900318822e-06,0.001266547684217,242155,12.330878982469905,1.0,1.0,548.0865659922293,76.10644713617822,2.8421709430404014e-14,0.0,0.0,0.0,0.0257892099999992,0.0224759830000067,10333,181475,6,32
mp-1188002,bulk,Zr2TcOs,Materials Project,4d0a4beffef577b6f75e6e37851be41da2739889ed0d703562db573e4af2e184,mp_gzip_json_monty_to_baderkit_grid,373248,2985984,2.0,4.641588833612773e-06,0.0027286942674567,228164,13.087007591031012,1.0,1.0,548.0865659922293,76.10644713617822,2.8421709430404014e-14,0.0,0.0,0.0,0.0245380699999913,0.0225422910000077,10333,181475,6,32
mp-1188002,bulk,Zr2TcOs,Materials Project,4d0a4beffef577b6f75e6e37851be41da2739889ed0d703562db573e4af2e184,mp_gzip_json_monty_to_baderkit_grid,373248,2985984,2.0,1e-05,0.0058787935883,216209,13.810636930007538,1.0,1.0,548.0865659922293,76.10644713617822,2.8421709430404014e-14,0.0,0.0,0.0,0.023229275999995,0.0225373509999968,10333,181475,6,32
mp-1188002,bulk,Zr2TcOs,Materials Project,4d0a4beffef577b6f75e6e37851be41da2739889ed0d703562db573e4af2e184,mp_gzip_json_monty_to_baderkit_grid,373248,2985984,2.0,2.1544346900318823e-05,0.0126654768421705,204934,14.570466589243368,1.0,1.0,548.0865659922293,76.10644713617822,2.8421709430404014e-14,0.0,0.0,0.0,0.021970300999996,0.0223738759999889,10333,181475,6,32
mp-1188002,bulk,Zr2TcOs,Materials Project,4d0a4beffef577b6f75e6e37851be41da2739889ed0d703562db573e4af2e184,mp_gzip_json_monty_to_baderkit_grid,373248,2985984,2.0,4.641588833612772e-05,0.0272869426745676,195892,15.243011455291692,1.0,1.0,548.0865659922293,76.10644713617822,2.8421709430404014e-14,0.0,0.0,0.0,0.0207976669999965,0.0222651119999994,10333,181475,6,32
mp-1188002,bulk,Zr2TcOs,Materials Project,4d0a4beffef577b6f75e6e37851be41da2739889ed0d703562db573e4af2e184,mp_gzip_json_monty_to_baderkit_grid,373248,2985984,2.0,0.0001,0.058787935883,187559,15.920238431640175,1.0,1.0,548.0865659922293,76.10644713617822,2.8421709430404014e-14,0.0,0.0,0.0,0.0191965920000001,0.0222182650000064,10333,181475,6,32
mp-1188002,bulk,Zr2TcOs,Materials Project,4d0a4beffef577b6f75e6e37851be41da2739889ed0d703562db573e4af2e184,mp_gzip_json_monty_to_baderkit_grid,373248,2985984,2.0,0.0002154434690031,0.1266547684217052,180012,16.587694153723085,1.0,1.0,548.0865659922293,76.10644713617822,2.8421709430404014e-14,0.0,0.0,0.0,0.017514344999995,0.0222116529999993,10333,181475,6,32
mp-1188002,bulk,Zr2TcOs,Materials Project,4d0a4beffef577b6f75e6e37851be41da2739889ed0d703562db573e4af2e184,mp_gzip_json_monty_to_baderkit_grid,373248,2985984,2.0,0.0004641588833612,0.2728694267456767,175260,17.037452927079766,1.0,1.0,548.0865659922293,76.10644713617822,2.8421709430404014e-14,0.0,0.0,0.0,0.0167890479999925,0.0224267549999979,10333,181475,6,32
mp-1188002,bulk,Zr2TcOs,Materials Project,4d0a4beffef577b6f75e6e37851be41da2739889ed0d703562db573e4af2e184,mp_gzip_json_monty_to_baderkit_grid,373248,2985984,2.0,0.001,0.58787935883,171834,17.377143056670974,1.0,1.0,548.0865659922293,76.10644713617822,2.8421709430404014e-14,0.0,0.0,0.0,0.0158848669999969,0.0224513209999912,10333,181475,6,32
mp-1188002,bulk,Zr2TcOs,Materials Project,4d0a4beffef577b6f75e6e37851be41da2739889ed0d703562db573e4af2e184,mp_gzip_json_monty_to_baderkit_grid,373248,2985984,2.0,0.0021544346900318,1.2665476842170529,168886,17.680470850159278,1.0,1.0,548.0865659922293,76.10644713617822,2.8421709430404014e-14,0.0,0.0,0.0,0.0161328519999983,0.0234830709999869,10333,181475,6,32
mp-1188002,bulk,Zr2TcOs,Materials Project,4d0a4beffef577b6f75e6e37851be41da2739889ed0d703562db573e4af2e184,mp_gzip_json_monty_to_baderkit_grid,373248,2985984,2.0,0.0046415888336127,2.7286942674567647,166912,17.88957055214724,1.0,1.0,548.0865659922293,76.10644713617822,2.8421709430404014e-14,0.0,0.0,0.0,0.0150497449999988,0.0225982460000011,10333,181475,6,32
mp-1188002,bulk,Zr2TcOs,Materials Project,4d0a4beffef577b6f75e6e37851be41da2739889ed0d703562db573e4af2e184,mp_gzip_json_monty_to_baderkit_grid,373248,2985984,2.0,0.01,5.8787935883,165620,18.029126917039004,1.0,1.0,548.0865659922293,76.10644713617822,2.8421709430404014e-14,0.0,0.0,0.0,0.0150400959999927,0.0229331720000089,10333,181475,6,32
mp-1188002,bulk,Zr2TcOs,Materials Project,4d0a4beffef577b6f75e6e37851be41da2739889ed0d703562db573e4af2e184,mp_gzip_json_monty_to_baderkit_grid,373248,2985984,2.0,0.0215443469003188,12.665476842170529,164744,18.12499392997621,1.0,1.0,548.0865659922293,76.10644713617822,2.8421709430404014e-14,0.0,0.0,0.0,0.0149050240000008,0.0233445519999975,10333,181475,6,32
mp-1188002,bulk,Zr2TcOs,Materials Project,4d0a4beffef577b6f75e6e37851be41da2739889ed0d703562db573e4af2e184,mp_gzip_json_monty_to_baderkit_grid,373248,2985984,2.0,0.0464158883361277,27.286942674567644,163867,18.22199710741028,1.0,1.0,548.0865659922293,76.10644713617822,2.8421709430404014e-14,0.0,0.0,0.0,0.0146043010000056,0.0230857180000043,10333,181475,6,32
mp-1188002,bulk,Zr2TcOs,Materials Project,4d0a4beffef577b6f75e6e37851be41da2739889ed0d703562db573e4af2e184,mp_gzip_json_monty_to_baderkit_grid,373248,2985984,2.0,0.1,58.787935883,163413,18.27262212920637,1.0,1.0,548.0865659922293,76.10644713617822,2.8421709430404014e-14,0.0,0.0,0.0,0.0145243709999931,0.0231763669999907,10333,181475,6,32
mp-1188002,bulk,Zr2TcOs,Materials Project,4d0a4beffef577b6f75e6e37851be41da2739889ed0d703562db573e4af2e184,mp_gzip_json_monty_to_baderkit_grid,373248,2985984,2.0,0.2154434690031882,126.65476842170528,162971,18.32218001975812,1.0,1.0,548.0865659922293,76.10644713617822,2.8421709430404014e-14,0.0,0.0,0.0,0.0147025150000104,0.0232823759999973,10333,181475,6,32
mp-1188002,bulk,Zr2TcOs,Materials Project,4d0a4beffef577b6f75e6e37851be41da2739889ed0d703562db573e4af2e184,mp_gzip_json_monty_to_baderkit_grid,373248,2985984,2.0,0.4641588833612772,272.86942674567644,162672,18.35585718501033,1.0,1.0,548.0865659922293,76.10644713617822,2.8421709430404014e-14,0.0,0.0,0.0,0.014684962000004,0.0229721559999944,10333,181475,6,32
mp-1188002,bulk,Zr2TcOs,Materials Project,4d0a4beffef577b6f75e6e37851be41da2739889ed0d703562db573e4af2e184,mp_gzip_json_monty_to_baderkit_grid,373248,2985984,2.0,1.0,587.87935883,162346,18.392716790065663,1.0,1.0,548.0865659922293,76.10644713617822,2.8421709430404014e-14,0.0,0.0,0.0,0.0145915370000011,0.0232047699999924,10333,181475,6,32
mp-1188002,bulk,Zr2TcOs,Materials Project,4d0a4beffef577b6f75e6e37851be41da2739889ed0d703562db573e4af2e184,mp_gzip_json_monty_to_baderkit_grid,373248,2985984,2.0,2.154434690031882,1266.5476842170526,162190,18.410407546704484,1.0,1.0,548.0865659922293,76.10644713617822,2.8421709430404014e-14,0.0,0.0,0.0,0.0143363509999971,0.0230646779999972,10333,181475,6,32
mp-1188002,bulk,Zr2TcOs,Materials Project,4d0a4beffef577b6f75e6e37851be41da2739889ed0d703562db573e4af2e184,mp_gzip_json_monty_to_baderkit_grid,373248,2985984,2.0,4.641588833612772,2728.694267456764,162058,18.425403250688024,1.0,1.0,548.0865659922293,76.10644713617822,2.8421709430404014e-14,0.0,0.0,0.0,0.0143539130000078,0.0231841720000005,10333,181475,6,32
mp-1188002,bulk,Zr2TcOs,Materials Project,4d0a4beffef577b6f75e6e37851be41da2739889ed0d703562db573e4af2e184,mp_gzip_json_monty_to_baderkit_grid,373248,2985984,2.0,10.0,5878.7935883,161898,18.4436126449987,1.0,1.0,548.0865659922293,76.10644713617822,2.8421709430404014e-14,0.0,0.0,0.0,0.0141377180000006,0.0230155569999936,10333,181475,6,32
mp-22490,bulk,Sc3(NiGe)4,Materials Project,d8090a996437ff8389ccd677261d5ce2862f38c7aacc35076ef7a2f7bacc6b05,mp_gzip_json_monty_to_baderkit_grid,2744000,21952000,0.0,1e-07,0.0005167072873515,2079263,10.557586991159848,1.0,1.0000000000000002,5027.674776472073,399.83415660090566,8.526512829121202e-14,0.0,0.0,0.0,0.4828586950000044,0.1760588739999917,39131,1352469,6,32
mp-22490,bulk,Sc3(NiGe)4,Materials Project,d8090a996437ff8389ccd677261d5ce2862f38c7aacc35076ef7a2f7bacc6b05,mp_gzip_json_monty_to_baderkit_grid,2744000,21952000,0.0,2.1544346900318827e-07,0.0011132121044625,1796755,12.21758113933174,1.0,1.0000000000000002,5027.674776472073,399.83415660090566,8.526512829121202e-14,0.0,0.0,0.0,0.4019435820000012,0.1683504450000015,39131,1352469,6,32
mp-22490,bulk,Sc3(NiGe)4,Materials Project,d8090a996437ff8389ccd677261d5ce2862f38c7aacc35076ef7a2f7bacc6b05,mp_gzip_json_monty_to_baderkit_grid,2744000,21952000,0.0,4.641588833612782e-07,0.0023983427752175,1558119,14.08878269246444,1.0,1.0000000000000002,5027.674776472073,399.83415660090566,8.526512829121202e-14,0.0,0.0,0.0,0.3533090879999889,0.161019256000003,39131,1352469,6,32
mp-22490,bulk,Sc3(NiGe)4,Materials Project,d8090a996437ff8389ccd677261d5ce2862f38c7aacc35076ef7a2f7bacc6b05,mp_gzip_json_monty_to_baderkit_grid,2744000,21952000,0.0,1e-06,0.0051670728735159,1325970,16.555427347526717,1.0,1.0000000000000002,5027.674776472073,399.83415660090566,8.526512829121202e-14,0.0,0.0,0.0,0.3003176099999933,0.1614417149999951,39131,1352469,6,32
mp-22490,bulk,Sc3(NiGe)4,Materials Project,d8090a996437ff8389ccd677261d5ce2862f38c7aacc35076ef7a2f7bacc6b05,mp_gzip_json_monty_to_baderkit_grid,2744000,21952000,0.0,2.1544346900318822e-06,0.0111321210446255,1125056,19.51191762898913,1.0,1.0000000000000002,5027.674776472073,399.83415660090566,8.526512829121202e-14,0.0,0.0,0.0,0.2458474100000103,0.1608908050000081,39131,1352469,6,32
mp-22490,bulk,Sc3(NiGe)4,Materials Project,d8090a996437ff8389ccd677261d5ce2862f38c7aacc35076ef7a2f7bacc6b05,mp_gzip_json_monty_to_baderkit_grid,2744000,21952000,0.0,4.641588833612773e-06,0.0239834277521753,958288,22.907518407827293,1.0,1.0000000000000002,5027.674776472073,399.83415660090566,8.526512829121202e-14,0.0,0.0,0.0,0.1889408140000057,0.1587339400000047,39131,1352469,6,32
mp-22490,bulk,Sc3(NiGe)4,Materials Project,d8090a996437ff8389ccd677261d5ce2862f38c7aacc35076ef7a2f7bacc6b05,mp_gzip_json_monty_to_baderkit_grid,2744000,21952000,0.0,1e-05,0.0516707287351599,835945,26.260100843955044,1.0,1.0000000000000002,5027.674776472073,399.83415660090566,8.526512829121202e-14,0.0,0.0,0.0,0.1511308380000002,0.157149497000006,39131,1352469,6,32
mp-22490,bulk,Sc3(NiGe)4,Materials Project,d8090a996437ff8389ccd677261d5ce2862f38c7aacc35076ef7a2f7bacc6b05,mp_gzip_json_monty_to_baderkit_grid,2744000,21952000,0.0,2.1544346900318823e-05,0.1113212104462559,754006,29.11382668042429,1.0,1.0000000000000002,5027.674776472073,399.83415660090566,8.526512829121202e-14,0.0,0.0,0.0,0.1267169700000039,0.158686631000009,39131,1352469,6,32
mp-22490,bulk,Sc3(NiGe)4,Materials Project,d8090a996437ff8389ccd677261d5ce2862f38c7aacc35076ef7a2f7bacc6b05,mp_gzip_json_monty_to_baderkit_grid,2744000,21952000,0.0,4.641588833612772e-05,0.2398342775217532,705846,31.100268330485687,1.0,1.0000000000000002,5027.674776472073,399.83415660090566,8.526512829121202e-14,0.0,0.0,0.0,0.1114700300000066,0.1621561010000078,39131,1352469,6,32
mp-22490,bulk,Sc3(NiGe)4,Materials Project,d8090a996437ff8389ccd677261d5ce2862f38c7aacc35076ef7a2f7bacc6b05,mp_gzip_json_monty_to_baderkit_grid,2744000,21952000,0.0,0.0001,0.5167072873516,673018,32.61725540773055,1.0,1.0000000000000002,5027.674776472073,399.83415660090566,8.526512829121202e-14,0.0,0.0,0.0,0.1029441219999967,0.160031165999996,39131,1352469,6,32
mp-22490,bulk,Sc3(NiGe)4,Materials Project,d8090a996437ff8389ccd677261d5ce2862f38c7aacc35076ef7a2f7bacc6b05,mp_gzip_json_monty_to_baderkit_grid,2744000,21952000,0.0,0.0002154434690031,1.113212104462559,652450,33.64549007586788,1.0,1.0000000000000002,5027.674776472073,399.83415660090566,8.526512829121202e-14,0.0,0.0,0.0,0.0945619939999886,0.1574815769999986,39131,1352469,6,32
mp-22490,bulk,Sc3(NiGe)4,Materials Project,d8090a996437ff8389ccd677261d5ce2862f38c7aacc35076ef7a2f7bacc6b05,mp_gzip_json_monty_to_baderkit_grid,2744000,21952000,0.0,0.0004641588833612,2.398342775217535,639261,34.3396515664181,1.0,1.0000000000000002,5027.674776472073,399.83415660090566,8.526512829121202e-14,0.0,0.0,0.0,0.0941726039999935,0.1614231500000045,39131,1352469,6,32
mp-22490,bulk,Sc3(NiGe)4,Materials Project,d8090a996437ff8389ccd677261d5ce2862f38c7aacc35076ef7a2f7bacc6b05,mp_gzip_json_monty_to_baderkit_grid,2744000,21952000,0.0,0.001,5.167072873515999,631396,34.767404291443086,1.0,1.0000000000000002,5027.674776472073,399.83415660090566,8.526512829121202e-14,0.0,0.0,0.0,0.0933550119999893,0.1614086729999968,39131,1352469,6,32
mp-22490,bulk,Sc3(NiGe)4,Materials Project,d8090a996437ff8389ccd677261d5ce2862f38c7aacc35076ef7a2f7bacc6b05,mp_gzip_json_monty_to_baderkit_grid,2744000,21952000,0.0,0.0021544346900318,11.132121044625588,626063,35.06356389053498,1.0,1.0000000000000002,5027.674776472073,399.83415660090566,8.526512829121202e-14,0.0,0.0,0.0,0.0926291370000029,0.1602115839999953,39131,1352469,6,32
mp-22490,bulk,Sc3(NiGe)4,Materials Project,d8090a996437ff8389ccd677261d5ce2862f38c7aacc35076ef7a2f7bacc6b05,mp_gzip_json_monty_to_baderkit_grid,2744000,21952000,0.0,0.0046415888336127,23.983427752175324,622726,35.2514589080912,1.0,1.0000000000000002,5027.674776472073,399.83415660090566,8.526512829121202e-14,0.0,0.0,0.0,0.0920521880000109,0.1631308049999944,39131,1352469,6,32
mp-22490,bulk,Sc3(NiGe)4,Materials Project,d8090a996437ff8389ccd677261d5ce2862f38c7aacc35076ef7a2f7bacc6b05,mp_gzip_json_monty_to_baderkit_grid,2744000,21952000,0.0,0.01,51.67072873515999,619510,35.43445626382141,1.0,1.0000000000000002,5027.674776472073,399.83415660090566,8.526512829121202e-14,0.0,0.0,0.0,0.090217686999992,0.1603630569999978,39131,1352469,6,32
mp-22490,bulk,Sc3(NiGe)4,Materials Project,d8090a996437ff8389ccd677261d5ce2862f38c7aacc35076ef7a2f7bacc6b05,mp_gzip_json_monty_to_baderkit_grid,2744000,21952000,0.0,0.0215443469003188,111.32121044625588,617865,35.52879674362523,1.0,1.0000000000000002,5027.674776472073,399.83415660090566,8.526512829121202e-14,0.0,0.0,0.0,0.0875559780000116,0.1592298380000016,39131,1352469,6,32
mp-22490,bulk,Sc3(NiGe)4,Materials Project,d8090a996437ff8389ccd677261d5ce2862f38c7aacc35076ef7a2f7bacc6b05,mp_gzip_json_monty_to_baderkit_grid,2744000,21952000,0.0,0.0464158883361277,239.8342775217532,616966,35.580566838367105,1.0,1.0000000000000002,5027.674776472073,399.83415660090566,8.526512829121202e-14,0.0,0.0,0.0,0.0912989309999972,0.1627847940000037,39131,1352469,6,32
mp-22490,bulk,Sc3(NiGe)4,Materials Project,d8090a996437ff8389ccd677261d5ce2862f38c7aacc35076ef7a2f7bacc6b05,mp_gzip_json_monty_to_baderkit_grid,2744000,21952000,0.0,0.1,516.7072873515999,616180,35.625953455159205,1.0,1.0000000000000002,5027.674776472073,399.83415660090566,8.526512829121202e-14,0.0,0.0,0.0,0.0898992809999867,0.1590279010000017,39131,1352469,6,32
mp-22490,bulk,Sc3(NiGe)4,Materials Project,d8090a996437ff8389ccd677261d5ce2862f38c7aacc35076ef7a2f7bacc6b05,mp_gzip_json_monty_to_baderkit_grid,2744000,21952000,0.0,0.2154434690031882,1113.212104462559,615293,35.67731145974357,1.0,1.0000000000000002,5027.674776472073,399.83415660090566,8.526512829121202e-14,0.0,0.0,0.0,0.0900940260000027,0.1601712819999932,39131,1352469,6,32
mp-22490,bulk,Sc3(NiGe)4,Materials Project,d8090a996437ff8389ccd677261d5ce2862f38c7aacc35076ef7a2f7bacc6b05,mp_gzip_json_monty_to_baderkit_grid,2744000,21952000,0.0,0.4641588833612772,2398.342775217533,614931,35.698314119795555,1.0,1.0000000000000002,5027.674776472073,399.83415660090566,8.526512829121202e-14,0.0,0.0,0.0,0.0884717600000044,0.1658616240000014,39131,1352469,6,32
mp-22490,bulk,Sc3(NiGe)4,Materials Project,d8090a996437ff8389ccd677261d5ce2862f38c7aacc35076ef7a2f7bacc6b05,mp_gzip_json_monty_to_baderkit_grid,2744000,21952000,0.0,1.0,5167.072873515999,614649,35.714692450488,1.0,1.0000000000000002,5027.674776472073,399.83415660090566,8.526512829121202e-14,0.0,0.0,0.0,0.0894058470000089,0.1655804269999947,39131,1352469,6,32
mp-22490,bulk,Sc3(NiGe)4,Materials Project,d8090a996437ff8389ccd677261d5ce2862f38c7aacc35076ef7a2f7bacc6b05,mp_gzip_json_monty_to_baderkit_grid,2744000,21952000,0.0,2.154434690031882,11132.121044625588,614389,35.72980636046544,1.0,1.0000000000000002,5027.674776472073,399.83415660090566,8.526512829121202e-14,0.0,0.0,0.0,0.0896354380000019,0.1640708119999914,39131,1352469,6,32
mp-22490,bulk,Sc3(NiGe)4,Materials Project,d8090a996437ff8389ccd677261d5ce2862f38c7aacc35076ef7a2f7bacc6b05,mp_gzip_json_monty_to_baderkit_grid,2744000,21952000,0.0,4.641588833612772,23983.42775217532,614240,35.73847356082313,1.0,1.0000000000000002,5027.674776472073,399.83415660090566,8.526512829121202e-14,0.0,0.0,0.0,0.086364875000001,0.161856556999993,39131,1352469,6,32
mp-22490,bulk,Sc3(NiGe)4,Materials Project,d8090a996437ff8389ccd677261d5ce2862f38c7aacc35076ef7a2f7bacc6b05,mp_gzip_json_monty_to_baderkit_grid,2744000,21952000,0.0,10.0,51670.72873516,614123,35.745282296868865,1.0,1.0000000000000002,5027.674776472073,399.83415660090566,8.526512829121202e-14,0.0,0.0,0.0,0.0866903439999902,0.1585664090000023,39131,1352469,6,32
mp-22490,bulk,Sc3(NiGe)4,Materials Project,d8090a996437ff8389ccd677261d5ce2862f38c7aacc35076ef7a2f7bacc6b05,mp_gzip_json_monty_to_baderkit_grid,2744000,21952000,2.0,1e-07,0.0005167072873515,2829875,7.757233093334511,1.0,1.0000000000000002,5027.674776472073,399.83415660090566,8.526512829121202e-14,0.0,0.0,0.0,0.6732688910000064,0.1720878389999995,39131,1352469,6,32
mp-22490,bulk,Sc3(NiGe)4,Materials Project,d8090a996437ff8389ccd677261d5ce2862f38c7aacc35076ef7a2f7bacc6b05,mp_gzip_json_monty_to_baderkit_grid,2744000,21952000,2.0,2.1544346900318827e-07,0.0011132121044625,2571359,8.537119865409691,1.0,1.0000000000000002,5027.674776472073,399.83415660090566,8.526512829121202e-14,0.0,0.0,0.0,0.5999798730000094,0.1702425440000041,39131,1352469,6,32
mp-22490,bulk,Sc3(NiGe)4,Materials Project,d8090a996437ff8389ccd677261d5ce2862f38c7aacc35076ef7a2f7bacc6b05,mp_gzip_json_monty_to_baderkit_grid,2744000,21952000,2.0,4.641588833612782e-07,0.0023983427752175,2338734,9.38627479653522,1.0,1.0000000000000002,5027.674776472073,399.83415660090566,8.526512829121202e-14,0.0,0.0,0.0,0.5685138879999982,0.1722453640000054,39131,1352469,6,32
mp-22490,bulk,Sc3(NiGe)4,Materials Project,d8090a996437ff8389ccd677261d5ce2862f38c7aacc35076ef7a2f7bacc6b05,mp_gzip_json_monty_to_baderkit_grid,2744000,21952000,2.0,1e-06,0.0051670728735159,2029142,10.818365594916472,1.0,1.0000000000000002,5027.674776472073,399.83415660090566,8.526512829121202e-14,0.0,0.0,0.0,0.4845941060000029,0.1743523039999956,39131,1352469,6,32
mp-22490,bulk,Sc3(NiGe)4,Materials Project,d8090a996437ff8389ccd677261d5ce2862f38c7aacc35076ef7a2f7bacc6b05,mp_gzip_json_monty_to_baderkit_grid,2744000,21952000,2.0,2.1544346900318822e-06,0.0111321210446255,1796197,12.22137660846778,1.0,1.0000000000000002,5027.674776472073,399.83415660090566,8.526512829121202e-14,0.0,0.0,0.0,0.4299453090000042,0.1772754819999988,39131,1352469,6,32
mp-22490,bulk,Sc3(NiGe)4,Materials Project,d8090a996437ff8389ccd677261d5ce2862f38c7aacc35076ef7a2f7bacc6b05,mp_gzip_json_monty_to_baderkit_grid,2744000,21952000,2.0,4.641588833612773e-06,0.0239834277521753,1550212,14.160643834520698,1.0,1.0000000000000002,5027.674776472073,399.83415660090566,8.526512829121202e-14,0.0,0.0,0.0,0.3548569160000028,0.170479236999995,39131,1352469,6,32
mp-22490,bulk,Sc3(NiGe)4,Materials Project,d8090a996437ff8389ccd677261d5ce2862f38c7aacc35076ef7a2f7bacc6b05,mp_gzip_json_monty_to_baderkit_grid,2744000,21952000,2.0,1e-05,0.0516707287351599,1339483,16.388412544242815,1.0,1.0000000000000002,5027.674776472073,399.83415660090566,8.526512829121202e-14,0.0,0.0,0.0,0.2853376810000014,0.167777242999989,39131,1352469,6,32
mp-22490,bulk,Sc3(NiGe)4,Materials Project,d8090a996437ff8389ccd677261d5ce2862f38c7aacc35076ef7a2f7bacc6b05,mp_gzip_json_monty_to_baderkit_grid,2744000,21952000,2.0,2.1544346900318823e-05,0.1113212104462559,1188120,18.47624819041848,1.0,1.0000000000000002,5027.674776472073,399.83415660090566,8.526512829121202e-14,0.0,0.0,0.0,0.2572413599999947,0.1649425499999921,39131,1352469,6,32
mp-22490,bulk,Sc3(NiGe)4,Materials Project,d8090a996437ff8389ccd677261d5ce2862f38c7aacc35076ef7a2f7bacc6b05,mp_gzip_json_monty_to_baderkit_grid,2744000,21952000,2.0,4.641588833612772e-05,0.2398342775217532,1046447,20.977651042049903,1.0,1.0000000000000002,5027.674776472073,399.83415660090566,8.526512829121202e-14,0.0,0.0,0.0,0.2106583629999932,0.1641314920000098,39131,1352469,6,32
mp-22490,bulk,Sc3(NiGe)4,Materials Project,d8090a996437ff8389ccd677261d5ce2862f38c7aacc35076ef7a2f7bacc6b05,mp_gzip_json_monty_to_baderkit_grid,2744000,21952000,2.0,0.0001,0.5167072873516,943385,23.26939690582318,1.0,1.0000000000000002,5027.674776472073,399.83415660090566,8.526512829121202e-14,0.0,0.0,0.0,0.1881287460000038,0.1649186150000048,39131,1352469,6,32
mp-22490,bulk,Sc3(NiGe)4,Materials Project,d8090a996437ff8389ccd677261d5ce2862f38c7aacc35076ef7a2f7bacc6b05,mp_gzip_json_monty_to_baderkit_grid,2744000,21952000,2.0,0.0002154434690031,1.113212104462559,854917,25.677346455854774,1.0,1.0000000000000002,5027.674776472073,399.83415660090566,8.526512829121202e-14,0.0,0.0,0.0,0.1576695530000051,0.1633788239999916,39131,1352469,6,32
mp-22490,bulk,Sc3(NiGe)4,Materials Project,d8090a996437ff8389ccd677261d5ce2862f38c7aacc35076ef7a2f7bacc6b05,mp_gzip_json_monty_to_baderkit_grid,2744000,21952000,2.0,0.0004641588833612,2.398342775217535,792957,27.683720554834625,1.0,1.0000000000000002,5027.674776472073,399.83415660090566,8.526512829121202e-14,0.0,0.0,0.0,0.1402121349999987,0.1646545509999981,39131,1352469,6,32
mp-22490,bulk,Sc3(NiGe)4,Materials Project,d8090a996437ff8389ccd677261d5ce2862f38c7aacc35076ef7a2f7bacc6b05,mp_gzip_json_monty_to_baderkit_grid,2744000,21952000,2.0,0.001,5.167072873515999,742796,29.55320168660036,1.0,1.0000000000000002,5027.674776472073,399.83415660090566,8.526512829121202e-14,0.0,0.0,0.0,0.1244326349999909,0.1646451430000013,39131,1352469,6,32
mp-22490,bulk,Sc3(NiGe)4,Materials Project,d8090a996437ff8389ccd677261d5ce2862f38c7aacc35076ef7a2f7bacc6b05,mp_gzip_json_monty_to_baderkit_grid,2744000,21952000,2.0,0.0021544346900318,11.132121044625588,710094,30.914216990989924,1.0,1.0000000000000002,5027.674776472073,399.83415660090566,8.526512829121202e-14,0.0,0.0,0.0,0.1158910150000025,0.1628981650000014,39131,1352469,6,32
mp-22490,bulk,Sc3(NiGe)4,Materials Project,d8090a996437ff8389ccd677261d5ce2862f38c7aacc35076ef7a2f7bacc6b05,mp_gzip_json_monty_to_baderkit_grid,2744000,21952000,2.0,0.0046415888336127,23.983427752175324,685935,32.00303235729333,1.0,1.0000000000000002,5027.674776472073,399.83415660090566,8.526512829121202e-14,0.0,0.0,0.0,0.1102673540000012,0.162717207,39131,1352469,6,32
mp-22490,bulk,Sc3(NiGe)4,Materials Project,d8090a996437ff8389ccd677261d5ce2862f38c7aacc35076ef7a2f7bacc6b05,mp_gzip_json_monty_to_baderkit_grid,2744000,21952000,2.0,0.01,51.67072873515999,667286,32.89743827983803,1.0,1.0000000000000002,5027.674776472073,399.83415660090566,8.526512829121202e-14,0.0,0.0,0.0,0.1028945420000013,0.1660981610000078,39131,1352469,6,32
mp-22490,bulk,Sc3(NiGe)4,Materials Project,d8090a996437ff8389ccd677261d5ce2862f38c7aacc35076ef7a2f7bacc6b05,mp_gzip_json_monty_to_baderkit_grid,2744000,21952000,2.0,0.0215443469003188,111.32121044625588,654074,33.5619517057703,1.0,1.0000000000000002,5027.674776472073,399.83415660090566,8.526512829121202e-14,0.0,0.0,0.0,0.1002624470000057,0.1643825350000014,39131,1352469,6,32
mp-22490,bulk,Sc3(NiGe)4,Materials Project,d8090a996437ff8389ccd677261d5ce2862f38c7aacc35076ef7a2f7bacc6b05,mp_gzip_json_monty_to_baderkit_grid,2744000,21952000,2.0,0.0464158883361277,239.8342775217532,641476,34.221077639693455,1.0,1.0000000000000002,5027.674776472073,399.83415660090566,8.526512829121202e-14,0.0,0.0,0.0,0.0952194320000074,0.163837455999996,39131,1352469,6,32
mp-22490,bulk,Sc3(NiGe)4,Materials Project,d8090a996437ff8389ccd677261d5ce2862f38c7aacc35076ef7a2f7bacc6b05,mp_gzip_json_monty_to_baderkit_grid,2744000,21952000,2.0,0.1,516.7072873515999,634931,34.57383558213412,1.0,1.0000000000000002,5027.674776472073,399.83415660090566,8.526512829121202e-14,0.0,0.0,0.0,0.0945483960000075,0.1609181740000025,39131,1352469,6,32
mp-22490,bulk,Sc3(NiGe)4,Materials Project,d8090a996437ff8389ccd677261d5ce2862f38c7aacc35076ef7a2f7bacc6b05,mp_gzip_json_monty_to_baderkit_grid,2744000,21952000,2.0,0.2154434690031882,1113.212104462559,629964,34.84643566933983,1.0,1.0000000000000002,5027.674776472073,399.83415660090566,8.526512829121202e-14,0.0,0.0,0.0,0.094133830000004,0.1621751659999972,39131,1352469,6,32
mp-22490,bulk,Sc3(NiGe)4,Materials Project,d8090a996437ff8389ccd677261d5ce2862f38c7aacc35076ef7a2f7bacc6b05,mp_gzip_json_monty_to_baderkit_grid,2744000,21952000,2.0,0.4641588833612772,2398.342775217533,626531,35.0373724524405,1.0,1.0000000000000002,5027.674776472073,399.83415660090566,8.526512829121202e-14,0.0,0.0,0.0,0.093534138999999,0.1613247339999901,39131,1352469,6,32
mp-22490,bulk,Sc3(NiGe)4,Materials Project,d8090a996437ff8389ccd677261d5ce2862f38c7aacc35076ef7a2f7bacc6b05,mp_gzip_json_monty_to_baderkit_grid,2744000,21952000,2.0,1.0,5167.072873515999,623791,35.191274000426425,1.0,1.0000000000000002,5027.674776472073,399.83415660090566,8.526512829121202e-14,0.0,0.0,0.0,0.094283450000006,0.1599155680000024,39131,1352469,6,32
mp-22490,bulk,Sc3(NiGe)4,Materials Project,d8090a996437ff8389ccd677261d5ce2862f38c7aacc35076ef7a2f7bacc6b05,mp_gzip_json_monty_to_baderkit_grid,2744000,21952000,2.0,2.154434690031882,11132.121044625588,621602,35.315201688540256,1.0,1.0000000000000002,5027.674776472073,399.83415660090566,8.526512829121202e-14,0.0,0.0,0.0,0.0927881839999997,0.1631588160000205,39131,1352469,6,32
mp-22490,bulk,Sc3(NiGe)4,Materials Project,d8090a996437ff8389ccd677261d5ce2862f38c7aacc35076ef7a2f7bacc6b05,mp_gzip_json_monty_to_baderkit_grid,2744000,21952000,2.0,4.641588833612772,23983.42775217532,619837,35.41576253111705,1.0,1.0000000000000002,5027.674776472073,399.83415660090566,8.526512829121202e-14,0.0,0.0,0.0,0.094415577999996,0.1644028130000094,39131,1352469,6,32
mp-22490,bulk,Sc3(NiGe)4,Materials Project,d8090a996437ff8389ccd677261d5ce2862f38c7aacc35076ef7a2f7bacc6b05,mp_gzip_json_monty_to_baderkit_grid,2744000,21952000,2.0,10.0,51670.72873516,618165,35.51155435846417,1.0,1.0000000000000002,5027.674776472073,399.83415660090566,8.526512829121202e-14,0.0,0.0,0.0,0.0916834859999937,0.164116177000011,39131,1352469,6,32
mp-1103974,bulk,La(Mo3S4)2,Materials Project,2069fb5512710c6d0ee47eb06a59585c1ca955abf3e0069e75f7724718f10ee6,mp_gzip_json_monty_to_baderkit_grid,1000000,8000000,0.0,1e-07,0.0001883816287685,1028090,7.781419914598916,1.0,1.0,1665.6502681707514,192.31618085853447,5.684341886080803e-14,0.000493,0.0,-0.000493,0.2202298790000014,0.065089687000011,19951,490049,6,32
mp-1103974,bulk,La(Mo3S4)2,Materials Project,2069fb5512710c6d0ee47eb06a59585c1ca955abf3e0069e75f7724718f10ee6,mp_gzip_json_monty_to_baderkit_grid,1000000,8000000,0.0,2.1544346900318827e-07,0.0004058559159837,915376,8.739578053171593,1.0,1.0,1665.6502681707514,192.31618085853447,5.684341886080803e-14,0.000493,0.0,-0.000493,0.1655449590000017,0.0624741660000012,19951,490049,6,32
mp-1103974,bulk,La(Mo3S4)2,Materials Project,2069fb5512710c6d0ee47eb06a59585c1ca955abf3e0069e75f7724718f10ee6,mp_gzip_json_monty_to_baderkit_grid,1000000,8000000,0.0,4.641588833612782e-07,0.0008743900645501,821424,9.73918463546232,1.0,1.0,1665.6502681707514,192.31618085853447,5.684341886080803e-14,0.000493,0.0,-0.000493,0.1479151620000038,0.0607167889999971,19951,490049,6,32
mp-1103974,bulk,La(Mo3S4)2,Materials Project,2069fb5512710c6d0ee47eb06a59585c1ca955abf3e0069e75f7724718f10ee6,mp_gzip_json_monty_to_baderkit_grid,1000000,8000000,0.0,1e-06,0.0018838162876859,732290,10.924633683376804,1.0,1.0,1665.6502681707514,192.31618085853447,5.684341886080803e-14,0.000493,0.0,-0.000493,0.1384038019999991,0.0611361580000107,19951,490049,6,32
mp-1103974,bulk,La(Mo3S4)2,Materials Project,2069fb5512710c6d0ee47eb06a59585c1ca955abf3e0069e75f7724718f10ee6,mp_gzip_json_monty_to_baderkit_grid,1000000,8000000,0.0,2.1544346900318822e-06,0.0040585591598377,639463,12.510497088963708,1.0,1.0,1665.6502681707514,192.31618085853447,5.684341886080803e-14,0.000493,0.0,-0.000493,0.1183019479999956,0.0595291119999927,19951,490049,6,32
mp-1103974,bulk,La(Mo3S4)2,Materials Project,2069fb5512710c6d0ee47eb06a59585c1ca955abf3e0069e75f7724718f10ee6,mp_gzip_json_monty_to_baderkit_grid,1000000,8000000,0.0,4.641588833612773e-06,0.0087439006455012,555909,14.39084454470066,1.0,1.0,1665.6502681707514,192.31618085853447,5.684341886080803e-14,0.000493,0.0,-0.000493,0.0981959650000021,0.0587689079999904,19951,490049,6,32
mp-1103974,bulk,La(Mo3S4)2,Materials Project,2069fb5512710c6d0ee47eb06a59585c1ca955abf3e0069e75f7724718f10ee6,mp_gzip_json_monty_to_baderkit_grid,1000000,8000000,0.0,1e-05,0.01883816287686,477797,16.743512412175043,1.0,1.0,1665.6502681707514,192.31618085853447,5.684341886080803e-14,0.000493,0.0,-0.000493,0.0765822099999979,0.057451350000008,19951,490049,6,32
mp-1103974,bulk,La(Mo3S4)2,Materials Project,2069fb5512710c6d0ee47eb06a59585c1ca955abf3e0069e75f7724718f10ee6,mp_gzip_json_monty_to_baderkit_grid,1000000,8000000,0.0,2.1544346900318823e-05,0.0405855915983779,419958,19.049524000019048,1.0,1.0,1665.6502681707514,192.31618085853447,5.684341886080803e-14,0.000493,0.0,-0.000493,0.0592880039999954,0.0589132869999957,19951,490049,6,32
mp-1103974,bulk,La(Mo3S4)2,Materials Project,2069fb5512710c6d0ee47eb06a59585c1ca955abf3e0069e75f7724718f10ee6,mp_gzip_json_monty_to_baderkit_grid,1000000,8000000,0.0,4.641588833612772e-05,0.087439006455012,382373,20.92197932385393,1.0,1.0,1665.6502681707514,192.31618085853447,5.684341886080803e-14,0.000493,0.0,-0.000493,0.0494919650000014,0.0582985340000021,19951,490049,6,32
mp-1103974,bulk,La(Mo3S4)2,Materials Project,2069fb5512710c6d0ee47eb06a59585c1ca955abf3e0069e75f7724718f10ee6,mp_gzip_json_monty_to_baderkit_grid,1000000,8000000,0.0,0.0001,0.1883816287686,358595,22.30929042513141,1.0,1.0,1665.6502681707514,192.31618085853447,5.684341886080803e-14,0.000493,0.0,-0.000493,0.0432837150000011,0.0587995849999885,19951,490049,6,32
mp-1103974,bulk,La(Mo3S4)2,Materials Project,2069fb5512710c6d0ee47eb06a59585c1ca955abf3e0069e75f7724718f10ee6,mp_gzip_json_monty_to_baderkit_grid,1000000,8000000,0.0,0.0002154434690031,0.4058559159837798,343538,23.28708905565032,1.0,1.0,1665.6502681707514,192.31618085853447,5.684341886080803e-14,0.000493,0.0,-0.000493,0.0396236409999914,0.0580173719999947,19951,490049,6,32
mp-1103974,bulk,La(Mo3S4)2,Materials Project,2069fb5512710c6d0ee47eb06a59585c1ca955abf3e0069e75f7724718f10ee6,mp_gzip_json_monty_to_baderkit_grid,1000000,8000000,0.0,0.0004641588833612,0.8743900645501212,333437,23.992538320582295,1.0,1.0,1665.6502681707514,192.31618085853447,5.684341886080803e-14,0.000493,0.0,-0.000493,0.0372887120000058,0.0588570020000105,19951,490049,6,32
mp-1103974,bulk,La(Mo3S4)2,Materials Project,2069fb5512710c6d0ee47eb06a59585c1ca955abf3e0069e75f7724718f10ee6,mp_gzip_json_monty_to_baderkit_grid,1000000,8000000,0.0,0.001,1.883816287686,326906,24.471866530439943,1.0,1.0,1665.6502681707514,192.31618085853447,5.684341886080803e-14,0.000493,0.0,-0.000493,0.0359891159999961,0.0580918399999887,19951,490049,6,32
mp-1103974,bulk,La(Mo3S4)2,Materials Project,2069fb5512710c6d0ee47eb06a59585c1ca955abf3e0069e75f7724718f10ee6,mp_gzip_json_monty_to_baderkit_grid,1000000,8000000,0.0,0.0021544346900318,4.058559159837798,322970,24.77010248629904,1.0,1.0,1665.6502681707514,192.31618085853447,5.684341886080803e-14,0.000493,0.0,-0.000493,0.0353325549999965,0.058915761999998,19951,490049,6,32
mp-1103974,bulk,La(Mo3S4)2,Materials Project,2069fb5512710c6d0ee47eb06a59585c1ca955abf3e0069e75f7724718f10ee6,mp_gzip_json_monty_to_baderkit_grid,1000000,8000000,0.0,0.0046415888336127,8.743900645501204,320090,24.992970726983035,1.0,1.0,1665.6502681707514,192.31618085853447,5.684341886080803e-14,0.000493,0.0,-0.000493,0.034941178000011,0.0586953720000025,19951,490049,6,32
mp-1103974,bulk,La(Mo3S4)2,Materials Project,2069fb5512710c6d0ee47eb06a59585c1ca955abf3e0069e75f7724718f10ee6,mp_gzip_json_monty_to_baderkit_grid,1000000,8000000,0.0,0.01,18.83816287686,318235,25.138655396169497,1.0,1.0,1665.6502681707514,192.31618085853447,5.684341886080803e-14,0.000493,0.0,-0.000493,0.0354738989999958,0.0596931660000024,19951,490049,6,32
mp-1103974,bulk,La(Mo3S4)2,Materials Project,2069fb5512710c6d0ee47eb06a59585c1ca955abf3e0069e75f7724718f10ee6,mp_gzip_json_monty_to_baderkit_grid,1000000,8000000,0.0,0.0215443469003188,40.58559159837798,317023,25.23476214659504,1.0,1.0,1665.6502681707514,192.31618085853447,5.684341886080803e-14,0.000493,0.0,-0.000493,0.0350253750000035,0.0608064059999975,19951,490049,6,32
mp-1103974,bulk,La(Mo3S4)2,Materials Project,2069fb5512710c6d0ee47eb06a59585c1ca955abf3e0069e75f7724718f10ee6,mp_gzip_json_monty_to_baderkit_grid,1000000,8000000,0.0,0.0464158883361277,87.43900645501203,316116,25.307165723974745,1.0,1.0,1665.6502681707514,192.31618085853447,5.684341886080803e-14,0.000493,0.0,-0.000493,0.034168962999999,0.0584547449999917,19951,490049,6,32
mp-1103974,bulk,La(Mo3S4)2,Materials Project,2069fb5512710c6d0ee47eb06a59585c1ca955abf3e0069e75f7724718f10ee6,mp_gzip_json_monty_to_baderkit_grid,1000000,8000000,0.0,0.1,188.3816287686,315401,25.364535939962146,1.0,1.0,1665.6502681707514,192.31618085853447,5.684341886080803e-14,0.000493,0.0,-0.000493,0.0340157170000026,0.0578322379999889,19951,490049,6,32
mp-1103974,bulk,La(Mo3S4)2,Materials Project,2069fb5512710c6d0ee47eb06a59585c1ca955abf3e0069e75f7724718f10ee6,mp_gzip_json_monty_to_baderkit_grid,1000000,8000000,0.0,0.2154434690031882,405.8559159837798,314926,25.40279303709443,1.0,1.0,1665.6502681707514,192.31618085853447,5.684341886080803e-14,0.000493,0.0,-0.000493,0.0339184059999979,0.0585669729999978,19951,490049,6,32
mp-1103974,bulk,La(Mo3S4)2,Materials Project,2069fb5512710c6d0ee47eb06a59585c1ca955abf3e0069e75f7724718f10ee6,mp_gzip_json_monty_to_baderkit_grid,1000000,8000000,0.0,0.4641588833612772,874.3900645501203,314544,25.433643623785542,1.0,1.0,1665.6502681707514,192.31618085853447,5.684341886080803e-14,0.000493,0.0,-0.000493,0.0337205699999998,0.0578910159999992,19951,490049,6,32
mp-1103974,bulk,La(Mo3S4)2,Materials Project,2069fb5512710c6d0ee47eb06a59585c1ca955abf3e0069e75f7724718f10ee6,mp_gzip_json_monty_to_baderkit_grid,1000000,8000000,0.0,1.0,1883.816287686,314190,25.462299882236863,1.0,1.0,1665.6502681707514,192.31618085853447,5.684341886080803e-14,0.000493,0.0,-0.000493,0.0340283809999988,0.0577850399999988,19951,490049,6,32
mp-1103974,bulk,La(Mo3S4)2,Materials Project,2069fb5512710c6d0ee47eb06a59585c1ca955abf3e0069e75f7724718f10ee6,mp_gzip_json_monty_to_baderkit_grid,1000000,8000000,0.0,2.154434690031882,4058.559159837798,314012,25.476733373246883,1.0,1.0,1665.6502681707514,192.31618085853447,5.684341886080803e-14,0.000493,0.0,-0.000493,0.0336791330000068,0.058410662,19951,490049,6,32
mp-1103974,bulk,La(Mo3S4)2,Materials Project,2069fb5512710c6d0ee47eb06a59585c1ca955abf3e0069e75f7724718f10ee6,mp_gzip_json_monty_to_baderkit_grid,1000000,8000000,0.0,4.641588833612772,8743.900645501202,313883,25.48720383072673,1.0,1.0,1665.6502681707514,192.31618085853447,5.684341886080803e-14,0.000493,0.0,-0.000493,0.0337574679999903,0.0589891679999965,19951,490049,6,32
mp-1103974,bulk,La(Mo3S4)2,Materials Project,2069fb5512710c6d0ee47eb06a59585c1ca955abf3e0069e75f7724718f10ee6,mp_gzip_json_monty_to_baderkit_grid,1000000,8000000,0.0,10.0,18838.16287686,313801,25.493863945621587,1.0,1.0,1665.6502681707514,192.31618085853447,5.684341886080803e-14,0.000493,0.0,-0.000493,0.0334124860000031,0.0587627270000012,19951,490049,6,32
mp-1103974,bulk,La(Mo3S4)2,Materials Project,2069fb5512710c6d0ee47eb06a59585c1ca955abf3e0069e75f7724718f10ee6,mp_gzip_json_monty_to_baderkit_grid,1000000,8000000,2.0,1e-07,0.0001883816287685,1171485,6.828939337678246,1.0,1.0,1665.6502681707514,192.31618085853447,5.684341886080803e-14,0.000493,0.0,-0.000493,0.2492778130000061,0.063513327999999,19951,490049,6,32
mp-1103974,bulk,La(Mo3S4)2,Materials Project,2069fb5512710c6d0ee47eb06a59585c1ca955abf3e0069e75f7724718f10ee6,mp_gzip_json_monty_to_baderkit_grid,1000000,8000000,2.0,2.1544346900318827e-07,0.0004058559159837,1080083,7.406838178177048,1.0,1.0,1665.6502681707514,192.31618085853447,5.684341886080803e-14,0.000493,0.0,-0.000493,0.225372956000001,0.0609169079999958,19951,490049,6,32
mp-1103974,bulk,La(Mo3S4)2,Materials Project,2069fb5512710c6d0ee47eb06a59585c1ca955abf3e0069e75f7724718f10ee6,mp_gzip_json_monty_to_baderkit_grid,1000000,8000000,2.0,4.641588833612782e-07,0.0008743900645501,978076,8.179323488154294,1.0,1.0,1665.6502681707514,192.31618085853447,5.684341886080803e-14,0.000493,0.0,-0.000493,0.1868357160000044,0.0609852460000013,19951,490049,6,32
mp-1103974,bulk,La(Mo3S4)2,Materials Project,2069fb5512710c6d0ee47eb06a59585c1ca955abf3e0069e75f7724718f10ee6,mp_gzip_json_monty_to_baderkit_grid,1000000,8000000,2.0,1e-06,0.0018838162876859,881633,9.074070503259293,1.0,1.0,1665.6502681707514,192.31618085853447,5.684341886080803e-14,0.000493,0.0,-0.000493,0.1655614299999968,0.0611017980000099,19951,490049,6,32
mp-1103974,bulk,La(Mo3S4)2,Materials Project,2069fb5512710c6d0ee47eb06a59585c1ca955abf3e0069e75f7724718f10ee6,mp_gzip_json_monty_to_baderkit_grid,1000000,8000000,2.0,2.1544346900318822e-06,0.0040585591598377,788047,10.151678770428669,1.0,1.0,1665.6502681707514,192.31618085853447,5.684341886080803e-14,0.000493,0.0,-0.000493,0.1456236559999979,0.0608875599999976,19951,490049,6,32
mp-1103974,bulk,La(Mo3S4)2,Materials Project,2069fb5512710c6d0ee47eb06a59585c1ca955abf3e0069e75f7724718f10ee6,mp_gzip_json_monty_to_baderkit_grid,1000000,8000000,2.0,4.641588833612773e-06,0.0087439006455012,702028,11.395556872375462,1.0,1.0,1665.6502681707514,192.31618085853447,5.684341886080803e-14,0.000493,0.0,-0.000493,0.1317323549999969,0.0610036659999906,19951,490049,6,32
mp-1103974,bulk,La(Mo3S4)2,Materials Project,2069fb5512710c6d0ee47eb06a59585c1ca955abf3e0069e75f7724718f10ee6,mp_gzip_json_monty_to_baderkit_grid,1000000,8000000,2.0,1e-05,0.01883816287686,617982,12.9453608681159,1.0,1.0,1665.6502681707514,192.31618085853447,5.684341886080803e-14,0.000493,0.0,-0.000493,0.1113657129999978,0.059793275000004,19951,490049,6,32
mp-1103974,bulk,La(Mo3S4)2,Materials Project,2069fb5512710c6d0ee47eb06a59585c1ca955abf3e0069e75f7724718f10ee6,mp_gzip_json_monty_to_baderkit_grid,1000000,8000000,2.0,2.1544346900318823e-05,0.0405855915983779,539355,14.83253144960184,1.0,1.0,1665.6502681707514,192.31618085853447,5.684341886080803e-14,0.000493,0.0,-0.000493,0.0884374580000013,0.0593311749999969,19951,490049,6,32
mp-1103974,bulk,La(Mo3S4)2,Materials Project,2069fb5512710c6d0ee47eb06a59585c1ca955abf3e0069e75f7724718f10ee6,mp_gzip_json_monty_to_baderkit_grid,1000000,8000000,2.0,4.641588833612772e-05,0.087439006455012,482290,16.587530324078873,1.0,1.0,1665.6502681707514,192.31618085853447,5.684341886080803e-14,0.000493,0.0,-0.000493,0.0761455920000031,0.0595132839999905,19951,490049,6,32
mp-1103974,bulk,La(Mo3S4)2,Materials Project,2069fb5512710c6d0ee47eb06a59585c1ca955abf3e0069e75f7724718f10ee6,mp_gzip_json_monty_to_baderkit_grid,1000000,8000000,2.0,0.0001,0.1883816287686,435865,18.354306952840904,1.0,1.0,1665.6502681707514,192.31618085853447,5.684341886080803e-14,0.000493,0.0,-0.000493,0.0615945240000002,0.0589467710000093,19951,490049,6,32
mp-1103974,bulk,La(Mo3S4)2,Materials Project,2069fb5512710c6d0ee47eb06a59585c1ca955abf3e0069e75f7724718f10ee6,mp_gzip_json_monty_to_baderkit_grid,1000000,8000000,2.0,0.0002154434690031,0.4058559159837798,403015,19.85037777750208,1.0,1.0,1665.6502681707514,192.31618085853447,5.684341886080803e-14,0.000493,0.0,-0.000493,0.0531716920000064,0.0592914120000074,19951,490049,6,32
mp-1103974,bulk,La(Mo3S4)2,Materials Project,2069fb5512710c6d0ee47eb06a59585c1ca955abf3e0069e75f7724718f10ee6,mp_gzip_json_monty_to_baderkit_grid,1000000,8000000,2.0,0.0004641588833612,0.8743900645501212,379270,21.09315263532576,1.0,1.0,1665.6502681707514,192.31618085853447,5.684341886080803e-14,0.000493,0.0,-0.000493,0.0473368419999928,0.0594615079999982,19951,490049,6,32
mp-1103974,bulk,La(Mo3S4)2,Materials Project,2069fb5512710c6d0ee47eb06a59585c1ca955abf3e0069e75f7724718f10ee6,mp_gzip_json_monty_to_baderkit_grid,1000000,8000000,2.0,0.001,1.883816287686,361689,22.11844982844377,1.0,1.0,1665.6502681707514,192.31618085853447,5.684341886080803e-14,0.000493,0.0,-0.000493,0.0432391730000034,0.0571621929999963,19951,490049,6,32
mp-1103974,bulk,La(Mo3S4)2,Materials Project,2069fb5512710c6d0ee47eb06a59585c1ca955abf3e0069e75f7724718f10ee6,mp_gzip_json_monty_to_baderkit_grid,1000000,8000000,2.0,0.0021544346900318,4.058559159837798,349201,22.90944184008637,1.0,1.0,1665.6502681707514,192.31618085853447,5.684341886080803e-14,0.000493,0.0,-0.000493,0.0401082810000019,0.0572940670000008,19951,490049,6,32
mp-1103974,bulk,La(Mo3S4)2,Materials Project,2069fb5512710c6d0ee47eb06a59585c1ca955abf3e0069e75f7724718f10ee6,mp_gzip_json_monty_to_baderkit_grid,1000000,8000000,2.0,0.0046415888336127,8.743900645501204,339394,23.57142436224565,1.0,1.0,1665.6502681707514,192.31618085853447,5.684341886080803e-14,0.000493,0.0,-0.000493,0.0378640280000013,0.0581891830000103,19951,490049,6,32
mp-1103974,bulk,La(Mo3S4)2,Materials Project,2069fb5512710c6d0ee47eb06a59585c1ca955abf3e0069e75f7724718f10ee6,mp_gzip_json_monty_to_baderkit_grid,1000000,8000000,2.0,0.01,18.83816287686,333189,24.01039650168523,1.0,1.0,1665.6502681707514,192.31618085853447,5.684341886080803e-14,0.000493,0.0,-0.000493,0.0372867640000009,0.0585288939999912,19951,490049,6,32
mp-1103974,bulk,La(Mo3S4)2,Materials Project,2069fb5512710c6d0ee47eb06a59585c1ca955abf3e0069e75f7724718f10ee6,mp_gzip_json_monty_to_baderkit_grid,1000000,8000000,2.0,0.0215443469003188,40.58559159837798,328497,24.353342648486898,1.0,1.0,1665.6502681707514,192.31618085853447,5.684341886080803e-14,0.000493,0.0,-0.000493,0.0365970410000073,0.0589286670000035,19951,490049,6,32
mp-1103974,bulk,La(Mo3S4)2,Materials Project,2069fb5512710c6d0ee47eb06a59585c1ca955abf3e0069e75f7724718f10ee6,mp_gzip_json_monty_to_baderkit_grid,1000000,8000000,2.0,0.0464158883361277,87.43900645501203,324791,24.631224387375266,1.0,1.0,1665.6502681707514,192.31618085853447,5.684341886080803e-14,0.000493,0.0,-0.000493,0.0353553430000062,0.056715913000005,19951,490049,6,32
mp-1103974,bulk,La(Mo3S4)2,Materials Project,2069fb5512710c6d0ee47eb06a59585c1ca955abf3e0069e75f7724718f10ee6,mp_gzip_json_monty_to_baderkit_grid,1000000,8000000,2.0,0.1,188.3816287686,322268,24.82405947844651,1.0,1.0,1665.6502681707514,192.31618085853447,5.684341886080803e-14,0.000493,0.0,-0.000493,0.035391840999992,0.0574235489999921,19951,490049,6,32
mp-1103974,bulk,La(Mo3S4)2,Materials Project,2069fb5512710c6d0ee47eb06a59585c1ca955abf3e0069e75f7724718f10ee6,mp_gzip_json_monty_to_baderkit_grid,1000000,8000000,2.0,0.2154434690031882,405.8559159837798,320503,24.96076479783341,1.0,1.0,1665.6502681707514,192.31618085853447,5.684341886080803e-14,0.000493,0.0,-0.000493,0.0344879700000007,0.057201004999996,19951,490049,6,32
mp-1103974,bulk,La(Mo3S4)2,Materials Project,2069fb5512710c6d0ee47eb06a59585c1ca955abf3e0069e75f7724718f10ee6,mp_gzip_json_monty_to_baderkit_grid,1000000,8000000,2.0,0.4641588833612772,874.3900645501203,318722,25.100244099873876,1.0,1.0,1665.6502681707514,192.31618085853447,5.684341886080803e-14,0.000493,0.0,-0.000493,0.034845704999995,0.0590646999999933,19951,490049,6,32
mp-1103974,bulk,La(Mo3S4)2,Materials Project,2069fb5512710c6d0ee47eb06a59585c1ca955abf3e0069e75f7724718f10ee6,mp_gzip_json_monty_to_baderkit_grid,1000000,8000000,2.0,1.0,1883.816287686,317833,25.17045114887378,1.0,1.0,1665.6502681707514,192.31618085853447,5.684341886080803e-14,0.000493,0.0,-0.000493,0.0339780620000027,0.0573864290000045,19951,490049,6,32
mp-1103974,bulk,La(Mo3S4)2,Materials Project,2069fb5512710c6d0ee47eb06a59585c1ca955abf3e0069e75f7724718f10ee6,mp_gzip_json_monty_to_baderkit_grid,1000000,8000000,2.0,2.154434690031882,4058.559159837798,316941,25.241290965826447,1.0,1.0,1665.6502681707514,192.31618085853447,5.684341886080803e-14,0.000493,0.0,-0.000493,0.0339402910000075,0.0560371499999945,19951,490049,6,32
mp-1103974,bulk,La(Mo3S4)2,Materials Project,2069fb5512710c6d0ee47eb06a59585c1ca955abf3e0069e75f7724718f10ee6,mp_gzip_json_monty_to_baderkit_grid,1000000,8000000,2.0,4.641588833612772,8743.900645501202,316116,25.307165723974745,1.0,1.0,1665.6502681707514,192.31618085853447,5.684341886080803e-14,0.000493,0.0,-0.000493,0.0340022369999957,0.0566854659999904,19951,490049,6,32
mp-1103974,bulk,La(Mo3S4)2,Materials Project,2069fb5512710c6d0ee47eb06a59585c1ca955abf3e0069e75f7724718f10ee6,mp_gzip_json_monty_to_baderkit_grid,1000000,8000000,2.0,10.0,18838.16287686,315626,25.34645434786741,1.0,1.0,1665.6502681707514,192.31618085853447,5.684341886080803e-14,0.000493,0.0,-0.000493,0.0335808119999967,0.0582236270000038,19951,490049,6,32
mp-560341,bulk,EuSi2(NO)2,Materials Project,97809dd615a6ffacfd3dcf4e970eb748f59f85af208260e2b415bada13a0fe36,mp_gzip_json_monty_to_baderkit_grid,1306368,10450944,0.0,1e-07,0.0003752762186076,1881322,5.55510646237061,1.0,1.0,3500.766932124037,370.36070897130975,2.8421709430404014e-14,0.0017154431216931,0.0,-0.0017154431216931,0.1599576619999965,0.0861180030000099,23705,641143,6,32
mp-560341,bulk,EuSi2(NO)2,Materials Project,97809dd615a6ffacfd3dcf4e970eb748f59f85af208260e2b415bada13a0fe36,mp_gzip_json_monty_to_baderkit_grid,1306368,10450944,0.0,2.1544346900318827e-07,0.0008085081037122,1633847,6.396525500857791,1.0,1.0,3500.766932124037,370.36070897130975,2.8421709430404014e-14,0.0017154431216931,0.0,-0.0017154431216931,0.1264847270000046,0.0817918049999946,23705,641143,6,32
mp-560341,bulk,EuSi2(NO)2,Materials Project,97809dd615a6ffacfd3dcf4e970eb748f59f85af208260e2b415bada13a0fe36,mp_gzip_json_monty_to_baderkit_grid,1306368,10450944,0.0,4.641588833612782e-07,0.0017418779058094,1412219,7.400370622403465,1.0,1.0,3500.766932124037,370.36070897130975,2.8421709430404014e-14,0.0017154431216931,0.0,-0.0017154431216931,0.1240647209999963,0.0812338979999935,23705,641143,6,32
mp-560341,bulk,EuSi2(NO)2,Materials Project,97809dd615a6ffacfd3dcf4e970eb748f59f85af208260e2b415bada13a0fe36,mp_gzip_json_monty_to_baderkit_grid,1306368,10450944,0.0,1e-06,0.003752762186076,1223381,8.542673132899726,1.0,1.0,3500.766932124037,370.36070897130975,2.8421709430404014e-14,0.0017154431216931,0.0,-0.0017154431216931,0.1487396339999946,0.0791648280000032,23705,641143,6,32
mp-560341,bulk,EuSi2(NO)2,Materials Project,97809dd615a6ffacfd3dcf4e970eb748f59f85af208260e2b415bada13a0fe36,mp_gzip_json_monty_to_baderkit_grid,1306368,10450944,0.0,2.1544346900318822e-06,0.008085081037122,1023828,10.207714577057866,1.0,1.0,3500.766932124037,370.36070897130975,2.8421709430404014e-14,0.0017154431216931,0.0,-0.0017154431216931,0.148848307999998,0.0780327340000042,23705,641143,6,32
mp-560341,bulk,EuSi2(NO)2,Materials Project,97809dd615a6ffacfd3dcf4e970eb748f59f85af208260e2b415bada13a0fe36,mp_gzip_json_monty_to_baderkit_grid,1306368,10450944,0.0,4.641588833612773e-06,0.0174187790580946,850494,12.288086688442249,1.0,1.0,3500.766932124037,370.36070897130975,2.8421709430404014e-14,0.0017154431216931,0.0,-0.0017154431216931,0.131799498999996,0.075694638999991,23705,641143,6,32
mp-560341,bulk,EuSi2(NO)2,Materials Project,97809dd615a6ffacfd3dcf4e970eb748f59f85af208260e2b415bada13a0fe36,mp_gzip_json_monty_to_baderkit_grid,1306368,10450944,0.0,1e-05,0.03752762186076,686289,15.228196867500426,1.0,1.0,3500.766932124037,370.36070897130975,2.8421709430404014e-14,0.0017154431216931,0.0,-0.0017154431216931,0.0979511849999994,0.0773845700000066,23705,641143,6,32
mp-560341,bulk,EuSi2(NO)2,Materials Project,97809dd615a6ffacfd3dcf4e970eb748f59f85af208260e2b415bada13a0fe36,mp_gzip_json_monty_to_baderkit_grid,1306368,10450944,0.0,2.1544346900318823e-05,0.0808508103712201,573602,18.219852789913563,1.0,1.0,3500.766932124037,370.36070897130975,2.8421709430404014e-14,0.0017154431216931,0.0,-0.0017154431216931,0.0762894439999968,0.0781777540000092,23705,641143,6,32
mp-560341,bulk,EuSi2(NO)2,Materials Project,97809dd615a6ffacfd3dcf4e970eb748f59f85af208260e2b415bada13a0fe36,mp_gzip_json_monty_to_baderkit_grid,1306368,10450944,0.0,4.641588833612772e-05,0.1741877905809462,504372,20.720706145464064,1.0,1.0,3500.766932124037,370.36070897130975,2.8421709430404014e-14,0.0017154431216931,0.0,-0.0017154431216931,0.0625417389999967,0.076755661000007,23705,641143,6,32
mp-560341,bulk,EuSi2(NO)2,Materials Project,97809dd615a6ffacfd3dcf4e970eb748f59f85af208260e2b415bada13a0fe36,mp_gzip_json_monty_to_baderkit_grid,1306368,10450944,0.0,0.0001,0.3752762186076,461024,22.668980356771016,1.0,1.0,3500.766932124037,370.36070897130975,2.8421709430404014e-14,0.0017154431216931,0.0,-0.0017154431216931,0.0548265639999954,0.0766068349999926,23705,641143,6,32
mp-560341,bulk,EuSi2(NO)2,Materials Project,97809dd615a6ffacfd3dcf4e970eb748f59f85af208260e2b415bada13a0fe36,mp_gzip_json_monty_to_baderkit_grid,1306368,10450944,0.0,0.0002154434690031,0.8085081037122016,430473,24.27781533336585,1.0,1.0,3500.766932124037,370.36070897130975,2.8421709430404014e-14,0.0017154431216931,0.0,-0.0017154431216931,0.050210387000007,0.0766772650000007,23705,641143,6,32
mp-560341,bulk,EuSi2(NO)2,Materials Project,97809dd615a6ffacfd3dcf4e970eb748f59f85af208260e2b415bada13a0fe36,mp_gzip_json_monty_to_baderkit_grid,1306368,10450944,0.0,0.0004641588833612,1.7418779058094638,412634,25.32739425253372,1.0,1.0,3500.766932124037,370.36070897130975,2.8421709430404014e-14,0.0017154431216931,0.0,-0.0017154431216931,0.0476887210000001,0.0776138459999913,23705,641143,6,32
mp-560341,bulk,EuSi2(NO)2,Materials Project,97809dd615a6ffacfd3dcf4e970eb748f59f85af208260e2b415bada13a0fe36,mp_gzip_json_monty_to_baderkit_grid,1306368,10450944,0.0,0.001,3.752762186076,398564,26.22149516765187,1.0,1.0,3500.766932124037,370.36070897130975,2.8421709430404014e-14,0.0017154431216931,0.0,-0.0017154431216931,0.0455587629999882,0.0757327299999985,23705,641143,6,32
mp-560341,bulk,EuSi2(NO)2,Materials Project,97809dd615a6ffacfd3dcf4e970eb748f59f85af208260e2b415bada13a0fe36,mp_gzip_json_monty_to_baderkit_grid,1306368,10450944,0.0,0.0021544346900318,8.085081037122015,389621,26.823359110520222,1.0,1.0,3500.766932124037,370.36070897130975,2.8421709430404014e-14,0.0017154431216931,0.0,-0.0017154431216931,0.0434636009999991,0.077073311999996,23705,641143,6,32
mp-560341,bulk,EuSi2(NO)2,Materials Project,97809dd615a6ffacfd3dcf4e970eb748f59f85af208260e2b415bada13a0fe36,mp_gzip_json_monty_to_baderkit_grid,1306368,10450944,0.0,0.0046415888336127,17.41877905809462,385041,27.142418599577702,1.0,1.0,3500.766932124037,370.36070897130975,2.8421709430404014e-14,0.0017154431216931,0.0,-0.0017154431216931,0.0444323610000054,0.0771441229999965,23705,641143,6,32
mp-560341,bulk,EuSi2(NO)2,Materials Project,97809dd615a6ffacfd3dcf4e970eb748f59f85af208260e2b415bada13a0fe36,mp_gzip_json_monty_to_baderkit_grid,1306368,10450944,0.0,0.01,37.52762186076,380681,27.453285033926043,1.0,1.0,3500.766932124037,370.36070897130975,2.8421709430404014e-14,0.0017154431216931,0.0,-0.0017154431216931,0.0442638170000009,0.0780441450000068,23705,641143,6,32
mp-560341,bulk,EuSi2(NO)2,Materials Project,97809dd615a6ffacfd3dcf4e970eb748f59f85af208260e2b415bada13a0fe36,mp_gzip_json_monty_to_baderkit_grid,1306368,10450944,0.0,0.0215443469003188,80.85081037122016,375978,27.79669023187527,1.0,1.0,3500.766932124037,370.36070897130975,2.8421709430404014e-14,0.0017154431216931,0.0,-0.0017154431216931,0.0442778840000102,0.0776526479999972,23705,641143,6,32
mp-560341,bulk,EuSi2(NO)2,Materials Project,97809dd615a6ffacfd3dcf4e970eb748f59f85af208260e2b415bada13a0fe36,mp_gzip_json_monty_to_baderkit_grid,1306368,10450944,0.0,0.0464158883361277,174.1877905809462,373054,28.014560894669405,1.0,1.0,3500.766932124037,370.36070897130975,2.8421709430404014e-14,0.0017154431216931,0.0,-0.0017154431216931,0.044534009000003,0.0761636510000016,23705,641143,6,32
mp-560341,bulk,EuSi2(NO)2,Materials Project,97809dd615a6ffacfd3dcf4e970eb748f59f85af208260e2b415bada13a0fe36,mp_gzip_json_monty_to_baderkit_grid,1306368,10450944,0.0,0.1,375.2762186076,370803,28.184626337974613,1.0,1.0,3500.766932124037,370.36070897130975,2.8421709430404014e-14,0.0017154431216931,0.0,-0.0017154431216931,0.0435756190000091,0.077789942999999,23705,641143,6,32
mp-560341,bulk,EuSi2(NO)2,Materials Project,97809dd615a6ffacfd3dcf4e970eb748f59f85af208260e2b415bada13a0fe36,mp_gzip_json_monty_to_baderkit_grid,1306368,10450944,0.0,0.2154434690031882,808.5081037122015,369744,28.26535116188498,1.0,1.0,3500.766932124037,370.36070897130975,2.8421709430404014e-14,0.0017154431216931,0.0,-0.0017154431216931,0.0429553959999964,0.0770729810000006,23705,641143,6,32
mp-560341,bulk,EuSi2(NO)2,Materials Project,97809dd615a6ffacfd3dcf4e970eb748f59f85af208260e2b415bada13a0fe36,mp_gzip_json_monty_to_baderkit_grid,1306368,10450944,0.0,0.4641588833612772,1741.877905809462,369016,28.321113447655385,1.0,1.0,3500.766932124037,370.36070897130975,2.8421709430404014e-14,0.0017154431216931,0.0,-0.0017154431216931,0.0440626639999948,0.0851073089999943,23705,641143,6,32
mp-560341,bulk,EuSi2(NO)2,Materials Project,97809dd615a6ffacfd3dcf4e970eb748f59f85af208260e2b415bada13a0fe36,mp_gzip_json_monty_to_baderkit_grid,1306368,10450944,0.0,1.0,3752.762186076,368615,28.35192273781588,1.0,1.0,3500.766932124037,370.36070897130975,2.8421709430404014e-14,0.0017154431216931,0.0,-0.0017154431216931,0.0432270810000119,0.0768314519999933,23705,641143,6,32
mp-560341,bulk,EuSi2(NO)2,Materials Project,97809dd615a6ffacfd3dcf4e970eb748f59f85af208260e2b415bada13a0fe36,mp_gzip_json_monty_to_baderkit_grid,1306368,10450944,0.0,2.154434690031882,8085.081037122015,368254,28.3797161741624,1.0,1.0,3500.766932124037,370.36070897130975,2.8421709430404014e-14,0.0017154431216931,0.0,-0.0017154431216931,0.0438644759999959,0.0776816720000113,23705,641143,6,32
mp-560341,bulk,EuSi2(NO)2,Materials Project,97809dd615a6ffacfd3dcf4e970eb748f59f85af208260e2b415bada13a0fe36,mp_gzip_json_monty_to_baderkit_grid,1306368,10450944,0.0,4.641588833612772,17418.779058094617,368059,28.394751928359312,1.0,1.0,3500.766932124037,370.36070897130975,2.8421709430404014e-14,0.0017154431216931,0.0,-0.0017154431216931,0.0433462130000066,0.0814969110000021,23705,641143,6,32
mp-560341,bulk,EuSi2(NO)2,Materials Project,97809dd615a6ffacfd3dcf4e970eb748f59f85af208260e2b415bada13a0fe36,mp_gzip_json_monty_to_baderkit_grid,1306368,10450944,0.0,10.0,37527.62186076,367936,28.404244216385457,1.0,1.0,3500.766932124037,370.36070897130975,2.8421709430404014e-14,0.0017154431216931,0.0,-0.0017154431216931,0.0439269719999941,0.0770038819999996,23705,641143,6,32
mp-560341,bulk,EuSi2(NO)2,Materials Project,97809dd615a6ffacfd3dcf4e970eb748f59f85af208260e2b415bada13a0fe36,mp_gzip_json_monty_to_baderkit_grid,1306368,10450944,2.0,1e-07,0.0003752762186076,2339514,4.467143175890377,1.0,1.0,3500.766932124037,370.36070897130975,2.8421709430404014e-14,0.0017154431216931,0.0,-0.0017154431216931,0.2035307749999901,0.0873376730000075,23705,641143,6,32
mp-560341,bulk,EuSi2(NO)2,Materials Project,97809dd615a6ffacfd3dcf4e970eb748f59f85af208260e2b415bada13a0fe36,mp_gzip_json_monty_to_baderkit_grid,1306368,10450944,2.0,2.1544346900318827e-07,0.0008085081037122,2127989,4.911183281492527,1.0,1.0,3500.766932124037,370.36070897130975,2.8421709430404014e-14,0.0017154431216931,0.0,-0.0017154431216931,0.2061953349999896,0.0898292130000015,23705,641143,6,32
mp-560341,bulk,EuSi2(NO)2,Materials Project,97809dd615a6ffacfd3dcf4e970eb748f59f85af208260e2b415bada13a0fe36,mp_gzip_json_monty_to_baderkit_grid,1306368,10450944,2.0,4.641588833612782e-07,0.0017418779058094,1866324,5.599747953731506,1.0,1.0,3500.766932124037,370.36070897130975,2.8421709430404014e-14,0.0017154431216931,0.0,-0.0017154431216931,0.1615413429999961,0.087038997999997,23705,641143,6,32
mp-560341,bulk,EuSi2(NO)2,Materials Project,97809dd615a6ffacfd3dcf4e970eb748f59f85af208260e2b415bada13a0fe36,mp_gzip_json_monty_to_baderkit_grid,1306368,10450944,2.0,1e-06,0.003752762186076,1634556,6.393750963564417,1.0,1.0,3500.766932124037,370.36070897130975,2.8421709430404014e-14,0.0017154431216931,0.0,-0.0017154431216931,0.149868512999987,0.0876837569999935,23705,641143,6,32
mp-560341,bulk,EuSi2(NO)2,Materials Project,97809dd615a6ffacfd3dcf4e970eb748f59f85af208260e2b415bada13a0fe36,mp_gzip_json_monty_to_baderkit_grid,1306368,10450944,2.0,2.1544346900318822e-06,0.008085081037122,1446609,7.224442817651487,1.0,1.0,3500.766932124037,370.36070897130975,2.8421709430404014e-14,0.0017154431216931,0.0,-0.0017154431216931,0.1686004589999896,0.0848153869999919,23705,641143,6,32
mp-560341,bulk,EuSi2(NO)2,Materials Project,97809dd615a6ffacfd3dcf4e970eb748f59f85af208260e2b415bada13a0fe36,mp_gzip_json_monty_to_baderkit_grid,1306368,10450944,2.0,4.641588833612773e-06,0.0174187790580946,1230490,8.493318921730367,1.0,1.0,3500.766932124037,370.36070897130975,2.8421709430404014e-14,0.0017154431216931,0.0,-0.0017154431216931,0.1573191579999928,0.0835432419999904,23705,641143,6,32
mp-560341,bulk,EuSi2(NO)2,Materials Project,97809dd615a6ffacfd3dcf4e970eb748f59f85af208260e2b415bada13a0fe36,mp_gzip_json_monty_to_baderkit_grid,1306368,10450944,2.0,1e-05,0.03752762186076,1045744,9.99378815465353,1.0,1.0,3500.766932124037,370.36070897130975,2.8421709430404014e-14,0.0017154431216931,0.0,-0.0017154431216931,0.1469832260000032,0.0837042120000006,23705,641143,6,32
mp-560341,bulk,EuSi2(NO)2,Materials Project,97809dd615a6ffacfd3dcf4e970eb748f59f85af208260e2b415bada13a0fe36,mp_gzip_json_monty_to_baderkit_grid,1306368,10450944,2.0,2.1544346900318823e-05,0.0808508103712201,869318,12.02200345558242,1.0,1.0,3500.766932124037,370.36070897130975,2.8421709430404014e-14,0.0017154431216931,0.0,-0.0017154431216931,0.1208981339999866,0.0806290090000061,23705,641143,6,32
mp-560341,bulk,EuSi2(NO)2,Materials Project,97809dd615a6ffacfd3dcf4e970eb748f59f85af208260e2b415bada13a0fe36,mp_gzip_json_monty_to_baderkit_grid,1306368,10450944,2.0,4.641588833612772e-05,0.1741877905809462,741765,14.089292430891184,1.0,1.0,3500.766932124037,370.36070897130975,2.8421709430404014e-14,0.0017154431216931,0.0,-0.0017154431216931,0.0983520670000075,0.0813717779999905,23705,641143,6,32
mp-560341,bulk,EuSi2(NO)2,Materials Project,97809dd615a6ffacfd3dcf4e970eb748f59f85af208260e2b415bada13a0fe36,mp_gzip_json_monty_to_baderkit_grid,1306368,10450944,2.0,0.0001,0.3752762186076,641229,16.298302166620662,1.0,1.0,3500.766932124037,370.36070897130975,2.8421709430404014e-14,0.0017154431216931,0.0,-0.0017154431216931,0.0829768910000012,0.0800918709999933,23705,641143,6,32
mp-560341,bulk,EuSi2(NO)2,Materials Project,97809dd615a6ffacfd3dcf4e970eb748f59f85af208260e2b415bada13a0fe36,mp_gzip_json_monty_to_baderkit_grid,1306368,10450944,2.0,0.0002154434690031,0.8085081037122016,571484,18.28737812432194,1.0,1.0,3500.766932124037,370.36070897130975,2.8421709430404014e-14,0.0017154431216931,0.0,-0.0017154431216931,0.07323603399999,0.0785706150000038,23705,641143,6,32
mp-560341,bulk,EuSi2(NO)2,Materials Project,97809dd615a6ffacfd3dcf4e970eb748f59f85af208260e2b415bada13a0fe36,mp_gzip_json_monty_to_baderkit_grid,1306368,10450944,2.0,0.0004641588833612,1.7418779058094638,519064,20.13421081022764,1.0,1.0,3500.766932124037,370.36070897130975,2.8421709430404014e-14,0.0017154431216931,0.0,-0.0017154431216931,0.0634879519999884,0.0796411030000001,23705,641143,6,32
mp-560341,bulk,EuSi2(NO)2,Materials Project,97809dd615a6ffacfd3dcf4e970eb748f59f85af208260e2b415bada13a0fe36,mp_gzip_json_monty_to_baderkit_grid,1306368,10450944,2.0,0.001,3.752762186076,476667,21.92504201046013,1.0,1.0,3500.766932124037,370.36070897130975,2.8421709430404014e-14,0.0017154431216931,0.0,-0.0017154431216931,0.055220222999992,0.0779827620000048,23705,641143,6,32
mp-560341,bulk,EuSi2(NO)2,Materials Project,97809dd615a6ffacfd3dcf4e970eb748f59f85af208260e2b415bada13a0fe36,mp_gzip_json_monty_to_baderkit_grid,1306368,10450944,2.0,0.0021544346900318,8.085081037122015,453317,23.05438357705535,1.0,1.0,3500.766932124037,370.36070897130975,2.8421709430404014e-14,0.0017154431216931,0.0,-0.0017154431216931,0.0536165030000006,0.0796312949999986,23705,641143,6,32
mp-560341,bulk,EuSi2(NO)2,Materials Project,97809dd615a6ffacfd3dcf4e970eb748f59f85af208260e2b415bada13a0fe36,mp_gzip_json_monty_to_baderkit_grid,1306368,10450944,2.0,0.0046415888336127,17.41877905809462,435666,23.98843150486841,1.0,1.0,3500.766932124037,370.36070897130975,2.8421709430404014e-14,0.0017154431216931,0.0,-0.0017154431216931,0.0524396070000108,0.081790355999999,23705,641143,6,32
mp-560341,bulk,EuSi2(NO)2,Materials Project,97809dd615a6ffacfd3dcf4e970eb748f59f85af208260e2b415bada13a0fe36,mp_gzip_json_monty_to_baderkit_grid,1306368,10450944,2.0,0.01,37.52762186076,418393,24.978773545446504,1.0,1.0,3500.766932124037,370.36070897130975,2.8421709430404014e-14,0.0017154431216931,0.0,-0.0017154431216931,0.0495186500000102,0.0804830680000066,23705,641143,6,32
mp-560341,bulk,EuSi2(NO)2,Materials Project,97809dd615a6ffacfd3dcf4e970eb748f59f85af208260e2b415bada13a0fe36,mp_gzip_json_monty_to_baderkit_grid,1306368,10450944,2.0,0.0215443469003188,80.85081037122016,407694,25.63428453693211,1.0,1.0,3500.766932124037,370.36070897130975,2.8421709430404014e-14,0.0017154431216931,0.0,-0.0017154431216931,0.0472636100000016,0.0789557809999905,23705,641143,6,32
mp-560341,bulk,EuSi2(NO)2,Materials Project,97809dd615a6ffacfd3dcf4e970eb748f59f85af208260e2b415bada13a0fe36,mp_gzip_json_monty_to_baderkit_grid,1306368,10450944,2.0,0.0464158883361277,174.1877905809462,397460,26.29432898908066,1.0,1.0,3500.766932124037,370.36070897130975,2.8421709430404014e-14,0.0017154431216931,0.0,-0.0017154431216931,0.0480939130000024,0.0798782640000013,23705,641143,6,32
mp-560341,bulk,EuSi2(NO)2,Materials Project,97809dd615a6ffacfd3dcf4e970eb748f59f85af208260e2b415bada13a0fe36,mp_gzip_json_monty_to_baderkit_grid,1306368,10450944,2.0,0.1,375.2762186076,392703,26.61284482165912,1.0,1.0,3500.766932124037,370.36070897130975,2.8421709430404014e-14,0.0017154431216931,0.0,-0.0017154431216931,0.0468457439999951,0.0798912879999989,23705,641143,6,32
mp-560341,bulk,EuSi2(NO)2,Materials Project,97809dd615a6ffacfd3dcf4e970eb748f59f85af208260e2b415bada13a0fe36,mp_gzip_json_monty_to_baderkit_grid,1306368,10450944,2.0,0.2154434690031882,808.5081037122015,386807,27.018497596992816,1.0,1.0,3500.766932124037,370.36070897130975,2.8421709430404014e-14,0.0017154431216931,0.0,-0.0017154431216931,0.0451812909999915,0.080211853999998,23705,641143,6,32
mp-560341,bulk,EuSi2(NO)2,Materials Project,97809dd615a6ffacfd3dcf4e970eb748f59f85af208260e2b415bada13a0fe36,mp_gzip_json_monty_to_baderkit_grid,1306368,10450944,2.0,0.4641588833612772,1741.877905809462,382202,27.34403273661572,1.0,1.0,3500.766932124037,370.36070897130975,2.8421709430404014e-14,0.0017154431216931,0.0,-0.0017154431216931,0.0466384479999959,0.0787950119999862,23705,641143,6,32
mp-560341,bulk,EuSi2(NO)2,Materials Project,97809dd615a6ffacfd3dcf4e970eb748f59f85af208260e2b415bada13a0fe36,mp_gzip_json_monty_to_baderkit_grid,1306368,10450944,2.0,1.0,3752.762186076,378696,27.597186133468533,1.0,1.0,3500.766932124037,370.36070897130975,2.8421709430404014e-14,0.0017154431216931,0.0,-0.0017154431216931,0.0450660879999986,0.0778032090000095,23705,641143,6,32
mp-560341,bulk,EuSi2(NO)2,Materials Project,97809dd615a6ffacfd3dcf4e970eb748f59f85af208260e2b415bada13a0fe36,mp_gzip_json_monty_to_baderkit_grid,1306368,10450944,2.0,2.154434690031882,8085.081037122015,375708,27.81666613433837,1.0,1.0,3500.766932124037,370.36070897130975,2.8421709430404014e-14,0.0017154431216931,0.0,-0.0017154431216931,0.0465414689999903,0.0807689690000046,23705,641143,6,32
mp-560341,bulk,EuSi2(NO)2,Materials Project,97809dd615a6ffacfd3dcf4e970eb748f59f85af208260e2b415bada13a0fe36,mp_gzip_json_monty_to_baderkit_grid,1306368,10450944,2.0,4.641588833612772,17418.779058094617,372957,28.02184702257901,1.0,1.0,3500.766932124037,370.36070897130975,2.8421709430404014e-14,0.0017154431216931,0.0,-0.0017154431216931,0.0442388099999959,0.0789573830000023,23705,641143,6,32
mp-560341,bulk,EuSi2(NO)2,Materials Project,97809dd615a6ffacfd3dcf4e970eb748f59f85af208260e2b415bada13a0fe36,mp_gzip_json_monty_to_baderkit_grid,1306368,10450944,2.0,10.0,37527.62186076,371728,28.11449231696294,1.0,1.0,3500.766932124037,370.36070897130975,2.8421709430404014e-14,0.0017154431216931,0.0,-0.0017154431216931,0.0464398499999987,0.0799770669999873,23705,641143,6,32
nomad-WjYAcipcgiRI,slab,Ga16N14H2,NOMAD surfaces/adsorbates,4db48bc75b5bc11c7aeb8b50780ec275fba42aa32ed4fb82bceb16f56d46acf0,nomad_exact_bytes_decompress_to_baderkit_grid,1720320,13762560,0.0,1e-07,0.0010346465211557,2676949,5.1411364206042025,1.0,1.0,10065.947842345577,822.257951766476,5.684341886080803e-14,0.0,0.0,0.0,0.3090448419999916,0.1089182709999931,32289,831711,6,32
nomad-WjYAcipcgiRI,slab,Ga16N14H2,NOMAD surfaces/adsorbates,4db48bc75b5bc11c7aeb8b50780ec275fba42aa32ed4fb82bceb16f56d46acf0,nomad_exact_bytes_decompress_to_baderkit_grid,1720320,13762560,0.0,2.1544346900318827e-07,0.0022290783570988,2312737,5.950767424052108,1.0,1.0,10065.947842345577,822.257951766476,5.684341886080803e-14,0.0,0.0,0.0,0.2709134899999981,0.1082135520000093,32289,831711,6,32
nomad-WjYAcipcgiRI,slab,Ga16N14H2,NOMAD surfaces/adsorbates,4db48bc75b5bc11c7aeb8b50780ec275fba42aa32ed4fb82bceb16f56d46acf0,nomad_exact_bytes_decompress_to_baderkit_grid,1720320,13762560,0.0,4.641588833612782e-07,0.004802403739333,1881737,7.31375319717899,1.0,1.0,10065.947842345577,822.257951766476,5.684341886080803e-14,0.0,0.0,0.0,0.1905777459999882,0.104581582999998,32289,831711,6,32
nomad-WjYAcipcgiRI,slab,Ga16N14H2,NOMAD surfaces/adsorbates,4db48bc75b5bc11c7aeb8b50780ec275fba42aa32ed4fb82bceb16f56d46acf0,nomad_exact_bytes_decompress_to_baderkit_grid,1720320,13762560,0.0,1e-06,0.0103464652115578,1540097,8.9361644104235,1.0,1.0,10065.947842345577,822.257951766476,5.684341886080803e-14,0.0,0.0,0.0,0.1901021219999989,0.1037927259999946,32289,831711,6,32
nomad-WjYAcipcgiRI,slab,Ga16N14H2,NOMAD surfaces/adsorbates,4db48bc75b5bc11c7aeb8b50780ec275fba42aa32ed4fb82bceb16f56d46acf0,nomad_exact_bytes_decompress_to_baderkit_grid,1720320,13762560,0.0,2.1544346900318822e-06,0.0222907835709883,1264779,10.881395089576914,1.0,1.0,10065.947842345577,822.257951766476,5.684341886080803e-14,0.0,0.0,0.0,0.1863682630000056,0.1004248669999867,32289,831711,6,32
nomad-WjYAcipcgiRI,slab,Ga16N14H2,NOMAD surfaces/adsorbates,4db48bc75b5bc11c7aeb8b50780ec275fba42aa32ed4fb82bceb16f56d46acf0,nomad_exact_bytes_decompress_to_baderkit_grid,1720320,13762560,0.0,4.641588833612773e-06,0.0480240373933299,1018773,13.50895636221219,1.0,1.0,10065.947842345577,822.257951766476,5.684341886080803e-14,0.0,0.0,0.0,0.1490524160000035,0.0987534109999899,32289,831711,6,32
nomad-WjYAcipcgiRI,slab,Ga16N14H2,NOMAD surfaces/adsorbates,4db48bc75b5bc11c7aeb8b50780ec275fba42aa32ed4fb82bceb16f56d46acf0,nomad_exact_bytes_decompress_to_baderkit_grid,1720320,13762560,0.0,1e-05,0.1034646521155786,831824,16.545038373502088,1.0,1.0,10065.947842345577,822.257951766476,5.684341886080803e-14,0.0,0.0,0.0,0.11194098899999,0.0981730019999957,32289,831711,6,32
nomad-WjYAcipcgiRI,slab,Ga16N14H2,NOMAD surfaces/adsorbates,4db48bc75b5bc11c7aeb8b50780ec275fba42aa32ed4fb82bceb16f56d46acf0,nomad_exact_bytes_decompress_to_baderkit_grid,1720320,13762560,0.0,2.1544346900318823e-05,0.2229078357098831,703418,19.565265603098016,1.0,1.0,10065.947842345577,822.257951766476,5.684341886080803e-14,0.0,0.0,0.0,0.0869440449999956,0.0970048620000056,32289,831711,6,32
nomad-WjYAcipcgiRI,slab,Ga16N14H2,NOMAD surfaces/adsorbates,4db48bc75b5bc11c7aeb8b50780ec275fba42aa32ed4fb82bceb16f56d46acf0,nomad_exact_bytes_decompress_to_baderkit_grid,1720320,13762560,0.0,4.641588833612772e-05,0.4802403739332997,626371,21.971898443574176,1.0,1.0,10065.947842345577,822.257951766476,5.684341886080803e-14,0.0,0.0,0.0,0.0743178510000035,0.0967438369999911,32289,831711,6,32
nomad-WjYAcipcgiRI,slab,Ga16N14H2,NOMAD surfaces/adsorbates,4db48bc75b5bc11c7aeb8b50780ec275fba42aa32ed4fb82bceb16f56d46acf0,nomad_exact_bytes_decompress_to_baderkit_grid,1720320,13762560,0.0,0.0001,1.034646521155786,582136,23.6414858383608,1.0,1.0,10065.947842345577,822.257951766476,5.684341886080803e-14,0.0,0.0,0.0,0.067658355000006,0.0968350359999874,32289,831711,6,32
nomad-WjYAcipcgiRI,slab,Ga16N14H2,NOMAD surfaces/adsorbates,4db48bc75b5bc11c7aeb8b50780ec275fba42aa32ed4fb82bceb16f56d46acf0,nomad_exact_bytes_decompress_to_baderkit_grid,1720320,13762560,0.0,0.0002154434690031,2.229078357098831,553359,24.870942733379238,1.0,1.0,10065.947842345577,822.257951766476,5.684341886080803e-14,0.0,0.0,0.0,0.0632428190000098,0.096730683000004,32289,831711,6,32
nomad-WjYAcipcgiRI,slab,Ga16N14H2,NOMAD surfaces/adsorbates,4db48bc75b5bc11c7aeb8b50780ec275fba42aa32ed4fb82bceb16f56d46acf0,nomad_exact_bytes_decompress_to_baderkit_grid,1720320,13762560,0.0,0.0004641588833612,4.802403739333002,536159,25.66880347061226,1.0,1.0,10065.947842345577,822.257951766476,5.684341886080803e-14,0.0,0.0,0.0,0.0609972859999885,0.0976074919999945,32289,831711,6,32
nomad-WjYAcipcgiRI,slab,Ga16N14H2,NOMAD surfaces/adsorbates,4db48bc75b5bc11c7aeb8b50780ec275fba42aa32ed4fb82bceb16f56d46acf0,nomad_exact_bytes_decompress_to_baderkit_grid,1720320,13762560,0.0,0.001,10.34646521155786,523705,26.27922208113346,1.0,1.0,10065.947842345577,822.257951766476,5.684341886080803e-14,0.0,0.0,0.0,0.0595557179999985,0.0973586589999939,32289,831711,6,32
nomad-WjYAcipcgiRI,slab,Ga16N14H2,NOMAD surfaces/adsorbates,4db48bc75b5bc11c7aeb8b50780ec275fba42aa32ed4fb82bceb16f56d46acf0,nomad_exact_bytes_decompress_to_baderkit_grid,1720320,13762560,0.0,0.0021544346900318,22.290783570988307,516388,26.65158756593879,1.0,1.0,10065.947842345577,822.257951766476,5.684341886080803e-14,0.0,0.0,0.0,0.0591561640000009,0.096399783999999,32289,831711,6,32
nomad-WjYAcipcgiRI,slab,Ga16N14H2,NOMAD surfaces/adsorbates,4db48bc75b5bc11c7aeb8b50780ec275fba42aa32ed4fb82bceb16f56d46acf0,nomad_exact_bytes_decompress_to_baderkit_grid,1720320,13762560,0.0,0.0046415888336127,48.02403739332998,511163,26.924014453315284,1.0,1.0,10065.947842345577,822.257951766476,5.684341886080803e-14,0.0,0.0,0.0,0.0584150570000048,0.0957911529999933,32289,831711,6,32
nomad-WjYAcipcgiRI,slab,Ga16N14H2,NOMAD surfaces/adsorbates,4db48bc75b5bc11c7aeb8b50780ec275fba42aa32ed4fb82bceb16f56d46acf0,nomad_exact_bytes_decompress_to_baderkit_grid,1720320,13762560,0.0,0.01,103.4646521155786,507881,27.098001303454943,1.0,1.0,10065.947842345577,822.257951766476,5.684341886080803e-14,0.0,0.0,0.0,0.058635265999996,0.0980968880000006,32289,831711,6,32
nomad-WjYAcipcgiRI,slab,Ga16N14H2,NOMAD surfaces/adsorbates,4db48bc75b5bc11c7aeb8b50780ec275fba42aa32ed4fb82bceb16f56d46acf0,nomad_exact_bytes_decompress_to_baderkit_grid,1720320,13762560,0.0,0.0215443469003188,222.9078357098831,505779,27.21061965799292,1.0,1.0,10065.947842345577,822.257951766476,5.684341886080803e-14,0.0,0.0,0.0,0.0578709760000037,0.0975402330000037,32289,831711,6,32
nomad-WjYAcipcgiRI,slab,Ga16N14H2,NOMAD surfaces/adsorbates,4db48bc75b5bc11c7aeb8b50780ec275fba42aa32ed4fb82bceb16f56d46acf0,nomad_exact_bytes_decompress_to_baderkit_grid,1720320,13762560,0.0,0.0464158883361277,480.2403739332997,503710,27.322387881916185,1.0,1.0,10065.947842345577,822.257951766476,5.684341886080803e-14,0.0,0.0,0.0,0.0584705509999992,0.0968192739999977,32289,831711,6,32
nomad-WjYAcipcgiRI,slab,Ga16N14H2,NOMAD surfaces/adsorbates,4db48bc75b5bc11c7aeb8b50780ec275fba42aa32ed4fb82bceb16f56d46acf0,nomad_exact_bytes_decompress_to_baderkit_grid,1720320,13762560,0.0,0.1,1034.646521155786,502495,27.38845162638434,1.0,1.0,10065.947842345577,822.257951766476,5.684341886080803e-14,0.0,0.0,0.0,0.0577184019999919,0.0969555760000133,32289,831711,6,32
nomad-WjYAcipcgiRI,slab,Ga16N14H2,NOMAD surfaces/adsorbates,4db48bc75b5bc11c7aeb8b50780ec275fba42aa32ed4fb82bceb16f56d46acf0,nomad_exact_bytes_decompress_to_baderkit_grid,1720320,13762560,0.0,0.2154434690031882,2229.078357098831,501690,27.432398493093345,1.0,1.0,10065.947842345577,822.257951766476,5.684341886080803e-14,0.0,0.0,0.0,0.0571239380000037,0.0966894929999995,32289,831711,6,32
nomad-WjYAcipcgiRI,slab,Ga16N14H2,NOMAD surfaces/adsorbates,4db48bc75b5bc11c7aeb8b50780ec275fba42aa32ed4fb82bceb16f56d46acf0,nomad_exact_bytes_decompress_to_baderkit_grid,1720320,13762560,0.0,0.4641588833612772,4802.403739332997,501149,27.46201229574438,1.0,1.0,10065.947842345577,822.257951766476,5.684341886080803e-14,0.0,0.0,0.0,0.0575872090000046,0.096851713999996,32289,831711,6,32
nomad-WjYAcipcgiRI,slab,Ga16N14H2,NOMAD surfaces/adsorbates,4db48bc75b5bc11c7aeb8b50780ec275fba42aa32ed4fb82bceb16f56d46acf0,nomad_exact_bytes_decompress_to_baderkit_grid,1720320,13762560,0.0,1.0,10346.46521155786,500757,27.483509965911608,1.0,1.0,10065.947842345577,822.257951766476,5.684341886080803e-14,0.0,0.0,0.0,0.0580601180000002,0.0972414080000021,32289,831711,6,32
nomad-WjYAcipcgiRI,slab,Ga16N14H2,NOMAD surfaces/adsorbates,4db48bc75b5bc11c7aeb8b50780ec275fba42aa32ed4fb82bceb16f56d46acf0,nomad_exact_bytes_decompress_to_baderkit_grid,1720320,13762560,0.0,2.154434690031882,22290.783570988307,500488,27.498281677083167,1.0,1.0,10065.947842345577,822.257951766476,5.684341886080803e-14,0.0,0.0,0.0,0.0578886389999979,0.0970503430000064,32289,831711,6,32
nomad-WjYAcipcgiRI,slab,Ga16N14H2,NOMAD surfaces/adsorbates,4db48bc75b5bc11c7aeb8b50780ec275fba42aa32ed4fb82bceb16f56d46acf0,nomad_exact_bytes_decompress_to_baderkit_grid,1720320,13762560,0.0,4.641588833612772,48024.03739332997,500275,27.509989505771827,1.0,1.0,10065.947842345577,822.257951766476,5.684341886080803e-14,0.0,0.0,0.0,0.056616254000005,0.0964501979999994,32289,831711,6,32
nomad-WjYAcipcgiRI,slab,Ga16N14H2,NOMAD surfaces/adsorbates,4db48bc75b5bc11c7aeb8b50780ec275fba42aa32ed4fb82bceb16f56d46acf0,nomad_exact_bytes_decompress_to_baderkit_grid,1720320,13762560,0.0,10.0,103464.6521155786,500193,27.514499403230356,1.0,1.0,10065.947842345577,822.257951766476,5.684341886080803e-14,0.0,0.0,0.0,0.0583142189999961,0.0965228219999971,32289,831711,6,32
nomad-WjYAcipcgiRI,slab,Ga16N14H2,NOMAD surfaces/adsorbates,4db48bc75b5bc11c7aeb8b50780ec275fba42aa32ed4fb82bceb16f56d46acf0,nomad_exact_bytes_decompress_to_baderkit_grid,1720320,13762560,2.0,1e-07,0.0010346465211557,3202893,4.296915319993518,1.0,1.0,10065.947842345577,822.257951766476,5.684341886080803e-14,0.0,0.0,0.0,0.3211802239999883,0.112961485999989,32289,831711,6,32
nomad-WjYAcipcgiRI,slab,Ga16N14H2,NOMAD surfaces/adsorbates,4db48bc75b5bc11c7aeb8b50780ec275fba42aa32ed4fb82bceb16f56d46acf0,nomad_exact_bytes_decompress_to_baderkit_grid,1720320,13762560,2.0,2.1544346900318827e-07,0.0022290783570988,2925568,4.704235211760588,1.0,1.0,10065.947842345577,822.257951766476,5.684341886080803e-14,0.0,0.0,0.0,0.3233221039999989,0.1122801709999805,32289,831711,6,32
nomad-WjYAcipcgiRI,slab,Ga16N14H2,NOMAD surfaces/adsorbates,4db48bc75b5bc11c7aeb8b50780ec275fba42aa32ed4fb82bceb16f56d46acf0,nomad_exact_bytes_decompress_to_baderkit_grid,1720320,13762560,2.0,4.641588833612782e-07,0.004802403739333,2620545,5.251793043050205,1.0,1.0,10065.947842345577,822.257951766476,5.684341886080803e-14,0.0,0.0,0.0,0.3016884670000195,0.109647539000008,32289,831711,6,32
nomad-WjYAcipcgiRI,slab,Ga16N14H2,NOMAD surfaces/adsorbates,4db48bc75b5bc11c7aeb8b50780ec275fba42aa32ed4fb82bceb16f56d46acf0,nomad_exact_bytes_decompress_to_baderkit_grid,1720320,13762560,2.0,1e-06,0.0103464652115578,2275907,6.047066070801663,1.0,1.0,10065.947842345577,822.257951766476,5.684341886080803e-14,0.0,0.0,0.0,0.2638977610000097,0.1093454280000116,32289,831711,6,32
nomad-WjYAcipcgiRI,slab,Ga16N14H2,NOMAD surfaces/adsorbates,4db48bc75b5bc11c7aeb8b50780ec275fba42aa32ed4fb82bceb16f56d46acf0,nomad_exact_bytes_decompress_to_baderkit_grid,1720320,13762560,2.0,2.1544346900318822e-06,0.0222907835709883,1902883,7.232478297404517,1.0,1.0,10065.947842345577,822.257951766476,5.684341886080803e-14,0.0,0.0,0.0,0.219350831000014,0.1062154720000023,32289,831711,6,32
nomad-WjYAcipcgiRI,slab,Ga16N14H2,NOMAD surfaces/adsorbates,4db48bc75b5bc11c7aeb8b50780ec275fba42aa32ed4fb82bceb16f56d46acf0,nomad_exact_bytes_decompress_to_baderkit_grid,1720320,13762560,2.0,4.641588833612773e-06,0.0480240373933299,1587409,8.669826112866943,1.0,1.0,10065.947842345577,822.257951766476,5.684341886080803e-14,0.0,0.0,0.0,0.2052111790000026,0.1037838029999989,32289,831711,6,32
nomad-WjYAcipcgiRI,slab,Ga16N14H2,NOMAD surfaces/adsorbates,4db48bc75b5bc11c7aeb8b50780ec275fba42aa32ed4fb82bceb16f56d46acf0,nomad_exact_bytes_decompress_to_baderkit_grid,1720320,13762560,2.0,1e-05,0.1034646521155786,1286863,10.69465825033434,1.0,1.0,10065.947842345577,822.257951766476,5.684341886080803e-14,0.0,0.0,0.0,0.1691460990000166,0.1016064789999973,32289,831711,6,32
nomad-WjYAcipcgiRI,slab,Ga16N14H2,NOMAD surfaces/adsorbates,4db48bc75b5bc11c7aeb8b50780ec275fba42aa32ed4fb82bceb16f56d46acf0,nomad_exact_bytes_decompress_to_baderkit_grid,1720320,13762560,2.0,2.1544346900318823e-05,0.2229078357098831,1058597,13.000754772590511,1.0,1.0,10065.947842345577,822.257951766476,5.684341886080803e-14,0.0,0.0,0.0,0.1405350590000011,0.0978050450000012,32289,831711,6,32
nomad-WjYAcipcgiRI,slab,Ga16N14H2,NOMAD surfaces/adsorbates,4db48bc75b5bc11c7aeb8b50780ec275fba42aa32ed4fb82bceb16f56d46acf0,nomad_exact_bytes_decompress_to_baderkit_grid,1720320,13762560,2.0,4.641588833612772e-05,0.4802403739332997,891728,15.43358512909766,1.0,1.0,10065.947842345577,822.257951766476,5.684341886080803e-14,0.0,0.0,0.0,0.1182672540000169,0.0977841569999782,32289,831711,6,32
nomad-WjYAcipcgiRI,slab,Ga16N14H2,NOMAD surfaces/adsorbates,4db48bc75b5bc11c7aeb8b50780ec275fba42aa32ed4fb82bceb16f56d46acf0,nomad_exact_bytes_decompress_to_baderkit_grid,1720320,13762560,2.0,0.0001,1.034646521155786,766996,17.94345733224163,1.0,1.0,10065.947842345577,822.257951766476,5.684341886080803e-14,0.0,0.0,0.0,0.0939452239999809,0.0993458880000162,32289,831711,6,32
nomad-WjYAcipcgiRI,slab,Ga16N14H2,NOMAD surfaces/adsorbates,4db48bc75b5bc11c7aeb8b50780ec275fba42aa32ed4fb82bceb16f56d46acf0,nomad_exact_bytes_decompress_to_baderkit_grid,1720320,13762560,2.0,0.0002154434690031,2.229078357098831,682758,20.15730317330592,1.0,1.0,10065.947842345577,822.257951766476,5.684341886080803e-14,0.0,0.0,0.0,0.0796871520000195,0.0971135409999988,32289,831711,6,32
nomad-WjYAcipcgiRI,slab,Ga16N14H2,NOMAD surfaces/adsorbates,4db48bc75b5bc11c7aeb8b50780ec275fba42aa32ed4fb82bceb16f56d46acf0,nomad_exact_bytes_decompress_to_baderkit_grid,1720320,13762560,2.0,0.0004641588833612,4.802403739333002,628274,21.905347030117436,1.0,1.0,10065.947842345577,822.257951766476,5.684341886080803e-14,0.0,0.0,0.0,0.0741782460000024,0.0984404970000127,32289,831711,6,32
nomad-WjYAcipcgiRI,slab,Ga16N14H2,NOMAD surfaces/adsorbates,4db48bc75b5bc11c7aeb8b50780ec275fba42aa32ed4fb82bceb16f56d46acf0,nomad_exact_bytes_decompress_to_baderkit_grid,1720320,13762560,2.0,0.001,10.34646521155786,596366,23.077371949440444,1.0,1.0,10065.947842345577,822.257951766476,5.684341886080803e-14,0.0,0.0,0.0,0.0693808819999901,0.0985613510000007,32289,831711,6,32
nomad-WjYAcipcgiRI,slab,Ga16N14H2,NOMAD surfaces/adsorbates,4db48bc75b5bc11c7aeb8b50780ec275fba42aa32ed4fb82bceb16f56d46acf0,nomad_exact_bytes_decompress_to_baderkit_grid,1720320,13762560,2.0,0.0021544346900318,22.290783570988307,567355,24.257404975720668,1.0,1.0,10065.947842345577,822.257951766476,5.684341886080803e-14,0.0,0.0,0.0,0.0652674690000196,0.0974122460000046,32289,831711,6,32
nomad-WjYAcipcgiRI,slab,Ga16N14H2,NOMAD surfaces/adsorbates,4db48bc75b5bc11c7aeb8b50780ec275fba42aa32ed4fb82bceb16f56d46acf0,nomad_exact_bytes_decompress_to_baderkit_grid,1720320,13762560,2.0,0.0046415888336127,48.02403739332998,551595,24.95047997171838,1.0,1.0,10065.947842345577,822.257951766476,5.684341886080803e-14,0.0,0.0,0.0,0.0644829120000167,0.0964338670000017,32289,831711,6,32
nomad-WjYAcipcgiRI,slab,Ga16N14H2,NOMAD surfaces/adsorbates,4db48bc75b5bc11c7aeb8b50780ec275fba42aa32ed4fb82bceb16f56d46acf0,nomad_exact_bytes_decompress_to_baderkit_grid,1720320,13762560,2.0,0.01,103.4646521155786,537801,25.590432148694404,1.0,1.0,10065.947842345577,822.257951766476,5.684341886080803e-14,0.0,0.0,0.0,0.062189189999998,0.0989834250000001,32289,831711,6,32
nomad-WjYAcipcgiRI,slab,Ga16N14H2,NOMAD surfaces/adsorbates,4db48bc75b5bc11c7aeb8b50780ec275fba42aa32ed4fb82bceb16f56d46acf0,nomad_exact_bytes_decompress_to_baderkit_grid,1720320,13762560,2.0,0.0215443469003188,222.9078357098831,528344,26.048483563738777,1.0,1.0,10065.947842345577,822.257951766476,5.684341886080803e-14,0.0,0.0,0.0,0.0611646259999929,0.098397336000005,32289,831711,6,32
nomad-WjYAcipcgiRI,slab,Ga16N14H2,NOMAD surfaces/adsorbates,4db48bc75b5bc11c7aeb8b50780ec275fba42aa32ed4fb82bceb16f56d46acf0,nomad_exact_bytes_decompress_to_baderkit_grid,1720320,13762560,2.0,0.0464158883361277,480.2403739332997,520838,26.42387844204916,1.0,1.0,10065.947842345577,822.257951766476,5.684341886080803e-14,0.0,0.0,0.0,0.0594787230000122,0.0981397170000093,32289,831711,6,32
nomad-WjYAcipcgiRI,slab,Ga16N14H2,NOMAD surfaces/adsorbates,4db48bc75b5bc11c7aeb8b50780ec275fba42aa32ed4fb82bceb16f56d46acf0,nomad_exact_bytes_decompress_to_baderkit_grid,1720320,13762560,2.0,0.1,1034.646521155786,516508,26.645395618267287,1.0,1.0,10065.947842345577,822.257951766476,5.684341886080803e-14,0.0,0.0,0.0,0.0599075399999833,0.0978972169999963,32289,831711,6,32
nomad-WjYAcipcgiRI,slab,Ga16N14H2,NOMAD surfaces/adsorbates,4db48bc75b5bc11c7aeb8b50780ec275fba42aa32ed4fb82bceb16f56d46acf0,nomad_exact_bytes_decompress_to_baderkit_grid,1720320,13762560,2.0,0.2154434690031882,2229.078357098831,512853,26.8352919842528,1.0,1.0,10065.947842345577,822.257951766476,5.684341886080803e-14,0.0,0.0,0.0,0.0605869629999915,0.0988055939999981,32289,831711,6,32
nomad-WjYAcipcgiRI,slab,Ga16N14H2,NOMAD surfaces/adsorbates,4db48bc75b5bc11c7aeb8b50780ec275fba42aa32ed4fb82bceb16f56d46acf0,nomad_exact_bytes_decompress_to_baderkit_grid,1720320,13762560,2.0,0.4641588833612772,4802.403739332997,509026,27.037047223521,1.0,1.0,10065.947842345577,822.257951766476,5.684341886080803e-14,0.0,0.0,0.0,0.0595573800000011,0.0958700399999941,32289,831711,6,32
nomad-WjYAcipcgiRI,slab,Ga16N14H2,NOMAD surfaces/adsorbates,4db48bc75b5bc11c7aeb8b50780ec275fba42aa32ed4fb82bceb16f56d46acf0,nomad_exact_bytes_decompress_to_baderkit_grid,1720320,13762560,2.0,1.0,10346.46521155786,507128,27.13823728920509,1.0,1.0,10065.947842345577,822.257951766476,5.684341886080803e-14,0.0,0.0,0.0,0.0575734739999802,0.0965957279999827,32289,831711,6,32
nomad-WjYAcipcgiRI,slab,Ga16N14H2,NOMAD surfaces/adsorbates,4db48bc75b5bc11c7aeb8b50780ec275fba42aa32ed4fb82bceb16f56d46acf0,nomad_exact_bytes_decompress_to_baderkit_grid,1720320,13762560,2.0,2.154434690031882,22290.783570988307,505651,27.217507727661964,1.0,1.0,10065.947842345577,822.257951766476,5.684341886080803e-14,0.0,0.0,0.0,0.0575285900000039,0.0964517409999814,32289,831711,6,32
nomad-WjYAcipcgiRI,slab,Ga16N14H2,NOMAD surfaces/adsorbates,4db48bc75b5bc11c7aeb8b50780ec275fba42aa32ed4fb82bceb16f56d46acf0,nomad_exact_bytes_decompress_to_baderkit_grid,1720320,13762560,2.0,4.641588833612772,48024.03739332997,504086,27.3020079907,1.0,1.0,10065.947842345577,822.257951766476,5.684341886080803e-14,0.0,0.0,0.0,0.0611427649999996,0.0981871559999945,32289,831711,6,32
nomad-WjYAcipcgiRI,slab,Ga16N14H2,NOMAD surfaces/adsorbates,4db48bc75b5bc11c7aeb8b50780ec275fba42aa32ed4fb82bceb16f56d46acf0,nomad_exact_bytes_decompress_to_baderkit_grid,1720320,13762560,2.0,10.0,103464.6521155786,503236,27.34812294827874,1.0,1.0,10065.947842345577,822.257951766476,5.684341886080803e-14,0.0,0.0,0.0,0.058119127999987,0.0970974509999962,32289,831711,6,32
nomad-BiuRBghVF7ns,slab,Pt20O1,NOMAD surfaces/adsorbates,c6d110c98bc4087ac31dd6900468aee85c31a03bb1900d6f48eeeeb1d14c1eff,nomad_exact_bytes_decompress_to_baderkit_grid,5225472,41803776,0.0,1e-07,0.0005369368366245,4174383,10.014360445603575,1.0,1.0,5163.357816638184,361.1401367161692,0.0,0.0640049358220654,0.0,-0.0640049358220654,0.5559595629999876,0.3226475900000025,59825,2564575,6,32
nomad-BiuRBghVF7ns,slab,Pt20O1,NOMAD surfaces/adsorbates,c6d110c98bc4087ac31dd6900468aee85c31a03bb1900d6f48eeeeb1d14c1eff,nomad_exact_bytes_decompress_to_baderkit_grid,5225472,41803776,0.0,2.1544346900318827e-07,0.0011567953471798,3322374,12.58250154859146,1.0,1.0,5163.357816638184,361.1401367161692,0.0,0.0640049358220654,0.0,-0.0640049358220654,0.5158863119999921,0.3175194819999944,59825,2564575,6,32
nomad-BiuRBghVF7ns,slab,Pt20O1,NOMAD surfaces/adsorbates,c6d110c98bc4087ac31dd6900468aee85c31a03bb1900d6f48eeeeb1d14c1eff,nomad_exact_bytes_decompress_to_baderkit_grid,5225472,41803776,0.0,4.641588833612782e-07,0.0024922400252318,2659389,15.719315978219058,1.0,1.0,5163.357816638184,361.1401367161692,0.0,0.0640049358220654,0.0,-0.0640049358220654,0.4697021059999997,0.3167405240000107,59825,2564575,6,32
nomad-BiuRBghVF7ns,slab,Pt20O1,NOMAD surfaces/adsorbates,c6d110c98bc4087ac31dd6900468aee85c31a03bb1900d6f48eeeeb1d14c1eff,nomad_exact_bytes_decompress_to_baderkit_grid,5225472,41803776,0.0,1e-06,0.0053693683662453,2059002,20.30293122590459,1.0,1.0,5163.357816638184,361.1401367161692,0.0,0.0640049358220654,0.0,-0.0640049358220654,0.3759123830000135,0.3105080630000145,59825,2564575,6,32
nomad-BiuRBghVF7ns,slab,Pt20O1,NOMAD surfaces/adsorbates,c6d110c98bc4087ac31dd6900468aee85c31a03bb1900d6f48eeeeb1d14c1eff,nomad_exact_bytes_decompress_to_baderkit_grid,5225472,41803776,0.0,2.1544346900318822e-06,0.0115679534717988,1618551,25.827901623118457,1.0,1.0,5163.357816638184,361.1401367161692,0.0,0.0640049358220654,0.0,-0.0640049358220654,0.2955547960000046,0.311820253999997,59825,2564575,6,32
nomad-BiuRBghVF7ns,slab,Pt20O1,NOMAD surfaces/adsorbates,c6d110c98bc4087ac31dd6900468aee85c31a03bb1900d6f48eeeeb1d14c1eff,nomad_exact_bytes_decompress_to_baderkit_grid,5225472,41803776,0.0,4.641588833612773e-06,0.0249224002523181,1332720,31.367260940032416,1.0,1.0,5163.357816638184,361.1401367161692,0.0,0.0640049358220654,0.0,-0.0640049358220654,0.2487139589999856,0.3201556290000269,59825,2564575,6,32
nomad-BiuRBghVF7ns,slab,Pt20O1,NOMAD surfaces/adsorbates,c6d110c98bc4087ac31dd6900468aee85c31a03bb1900d6f48eeeeb1d14c1eff,nomad_exact_bytes_decompress_to_baderkit_grid,5225472,41803776,0.0,1e-05,0.0536936836624536,1166851,35.82614746869994,1.0,1.0,5163.357816638184,361.1401367161692,0.0,0.0640049358220654,0.0,-0.0640049358220654,0.2195837289999929,0.3231212420000133,59825,2564575,6,32
nomad-BiuRBghVF7ns,slab,Pt20O1,NOMAD surfaces/adsorbates,c6d110c98bc4087ac31dd6900468aee85c31a03bb1900d6f48eeeeb1d14c1eff,nomad_exact_bytes_decompress_to_baderkit_grid,5225472,41803776,0.0,2.1544346900318823e-05,0.1156795347179882,1074502,38.90525657467367,1.0,1.0,5163.357816638184,361.1401367161692,0.0,0.0640049358220654,0.0,-0.0640049358220654,0.2037076120000165,0.3191844440000011,59825,2564575,6,32
nomad-BiuRBghVF7ns,slab,Pt20O1,NOMAD surfaces/adsorbates,c6d110c98bc4087ac31dd6900468aee85c31a03bb1900d6f48eeeeb1d14c1eff,nomad_exact_bytes_decompress_to_baderkit_grid,5225472,41803776,0.0,4.641588833612772e-05,0.2492240025231813,1015713,41.15707488237327,1.0,1.0,5163.357816638184,361.1401367161692,0.0,0.0640049358220654,0.0,-0.0640049358220654,0.1903581159999987,0.3184765480000067,59825,2564575,6,32
nomad-BiuRBghVF7ns,slab,Pt20O1,NOMAD surfaces/adsorbates,c6d110c98bc4087ac31dd6900468aee85c31a03bb1900d6f48eeeeb1d14c1eff,nomad_exact_bytes_decompress_to_baderkit_grid,5225472,41803776,0.0,0.0001,0.5369368366245364,985052,42.43814133670101,1.0,1.0,5163.357816638184,361.1401367161692,0.0,0.0640049358220654,0.0,-0.0640049358220654,0.186684447999994,0.3221113129999935,59825,2564575,6,32
nomad-BiuRBghVF7ns,slab,Pt20O1,NOMAD surfaces/adsorbates,c6d110c98bc4087ac31dd6900468aee85c31a03bb1900d6f48eeeeb1d14c1eff,nomad_exact_bytes_decompress_to_baderkit_grid,5225472,41803776,0.0,0.0002154434690031,1.1567953471798826,961296,43.486892694861936,1.0,1.0,5163.357816638184,361.1401367161692,0.0,0.0640049358220654,0.0,-0.0640049358220654,0.1807538779999902,0.3192179559999886,59825,2564575,6,32
nomad-BiuRBghVF7ns,slab,Pt20O1,NOMAD surfaces/adsorbates,c6d110c98bc4087ac31dd6900468aee85c31a03bb1900d6f48eeeeb1d14c1eff,nomad_exact_bytes_decompress_to_baderkit_grid,5225472,41803776,0.0,0.0004641588833612,2.4922400252318164,950775,43.96810601877416,1.0,1.0,5163.357816638184,361.1401367161692,0.0,0.0640049358220654,0.0,-0.0640049358220654,0.1800380429999961,0.3222452720000035,59825,2564575,6,32
nomad-BiuRBghVF7ns,slab,Pt20O1,NOMAD surfaces/adsorbates,c6d110c98bc4087ac31dd6900468aee85c31a03bb1900d6f48eeeeb1d14c1eff,nomad_exact_bytes_decompress_to_baderkit_grid,5225472,41803776,0.0,0.001,5.369368366245364,943267,44.31807324967374,1.0,1.0,5163.357816638184,361.1401367161692,0.0,0.0640049358220654,0.0,-0.0640049358220654,0.1786977319999891,0.3180536319999874,59825,2564575,6,32
nomad-BiuRBghVF7ns,slab,Pt20O1,NOMAD surfaces/adsorbates,c6d110c98bc4087ac31dd6900468aee85c31a03bb1900d6f48eeeeb1d14c1eff,nomad_exact_bytes_decompress_to_baderkit_grid,5225472,41803776,0.0,0.0021544346900318,11.567953471798823,938565,44.540096849978426,1.0,1.0,5163.357816638184,361.1401367161692,0.0,0.0640049358220654,0.0,-0.0640049358220654,0.1800632099999859,0.3186012799999957,59825,2564575,6,32
nomad-BiuRBghVF7ns,slab,Pt20O1,NOMAD surfaces/adsorbates,c6d110c98bc4087ac31dd6900468aee85c31a03bb1900d6f48eeeeb1d14c1eff,nomad_exact_bytes_decompress_to_baderkit_grid,5225472,41803776,0.0,0.0046415888336127,24.922400252318138,935242,44.69835187042498,1.0,1.0,5163.357816638184,361.1401367161692,0.0,0.0640049358220654,0.0,-0.0640049358220654,0.1803712420000067,0.3212981220000017,59825,2564575,6,32
nomad-BiuRBghVF7ns,slab,Pt20O1,NOMAD surfaces/adsorbates,c6d110c98bc4087ac31dd6900468aee85c31a03bb1900d6f48eeeeb1d14c1eff,nomad_exact_bytes_decompress_to_baderkit_grid,5225472,41803776,0.0,0.01,53.69368366245365,932800,44.81536878216124,1.0,1.0,5163.357816638184,361.1401367161692,0.0,0.0640049358220654,0.0,-0.0640049358220654,0.178305612999992,0.3158684410000205,59825,2564575,6,32
nomad-BiuRBghVF7ns,slab,Pt20O1,NOMAD surfaces/adsorbates,c6d110c98bc4087ac31dd6900468aee85c31a03bb1900d6f48eeeeb1d14c1eff,nomad_exact_bytes_decompress_to_baderkit_grid,5225472,41803776,0.0,0.0215443469003188,115.67953471798825,930624,44.92015679801939,1.0,1.0,5163.357816638184,361.1401367161692,0.0,0.0640049358220654,0.0,-0.0640049358220654,0.1753003569999975,0.3188957580000249,59825,2564575,6,32
nomad-BiuRBghVF7ns,slab,Pt20O1,NOMAD surfaces/adsorbates,c6d110c98bc4087ac31dd6900468aee85c31a03bb1900d6f48eeeeb1d14c1eff,nomad_exact_bytes_decompress_to_baderkit_grid,5225472,41803776,0.0,0.0464158883361277,249.22400252318135,929035,44.99698719639196,1.0,1.0,5163.357816638184,361.1401367161692,0.0,0.0640049358220654,0.0,-0.0640049358220654,0.1770523240000159,0.3154825940000023,59825,2564575,6,32
nomad-BiuRBghVF7ns,slab,Pt20O1,NOMAD surfaces/adsorbates,c6d110c98bc4087ac31dd6900468aee85c31a03bb1900d6f48eeeeb1d14c1eff,nomad_exact_bytes_decompress_to_baderkit_grid,5225472,41803776,0.0,0.1,536.9368366245365,928131,45.040814281604646,1.0,1.0,5163.357816638184,361.1401367161692,0.0,0.0640049358220654,0.0,-0.0640049358220654,0.1804575130000216,0.3172838680000041,59825,2564575,6,32
nomad-BiuRBghVF7ns,slab,Pt20O1,NOMAD surfaces/adsorbates,c6d110c98bc4087ac31dd6900468aee85c31a03bb1900d6f48eeeeb1d14c1eff,nomad_exact_bytes_decompress_to_baderkit_grid,5225472,41803776,0.0,0.2154434690031882,1156.7953471798826,927502,45.07135941485841,1.0,1.0,5163.357816638184,361.1401367161692,0.0,0.0640049358220654,0.0,-0.0640049358220654,0.1779958330000113,0.3206584849999956,59825,2564575,6,32
nomad-BiuRBghVF7ns,slab,Pt20O1,NOMAD surfaces/adsorbates,c6d110c98bc4087ac31dd6900468aee85c31a03bb1900d6f48eeeeb1d14c1eff,nomad_exact_bytes_decompress_to_baderkit_grid,5225472,41803776,0.0,0.4641588833612772,2492.240025231814,926981,45.09669130219498,1.0,1.0,5163.357816638184,361.1401367161692,0.0,0.0640049358220654,0.0,-0.0640049358220654,0.1785691880000115,0.320888683999982,59825,2564575,6,32
nomad-BiuRBghVF7ns,slab,Pt20O1,NOMAD surfaces/adsorbates,c6d110c98bc4087ac31dd6900468aee85c31a03bb1900d6f48eeeeb1d14c1eff,nomad_exact_bytes_decompress_to_baderkit_grid,5225472,41803776,0.0,1.0,5369.368366245364,926703,45.110219779152544,1.0,1.0,5163.357816638184,361.1401367161692,0.0,0.0640049358220654,0.0,-0.0640049358220654,0.1788981789999866,0.3224336950000008,59825,2564575,6,32
nomad-BiuRBghVF7ns,slab,Pt20O1,NOMAD surfaces/adsorbates,c6d110c98bc4087ac31dd6900468aee85c31a03bb1900d6f48eeeeb1d14c1eff,nomad_exact_bytes_decompress_to_baderkit_grid,5225472,41803776,0.0,2.154434690031882,11567.953471798824,926533,45.118496588896456,1.0,1.0,5163.357816638184,361.1401367161692,0.0,0.0640049358220654,0.0,-0.0640049358220654,0.1801719159999777,0.3200378919999878,59825,2564575,6,32
nomad-BiuRBghVF7ns,slab,Pt20O1,NOMAD surfaces/adsorbates,c6d110c98bc4087ac31dd6900468aee85c31a03bb1900d6f48eeeeb1d14c1eff,nomad_exact_bytes_decompress_to_baderkit_grid,5225472,41803776,0.0,4.641588833612772,24922.400252318137,926442,45.12292836464668,1.0,1.0,5163.357816638184,361.1401367161692,0.0,0.0640049358220654,0.0,-0.0640049358220654,0.1768059389999905,0.3189980899999796,59825,2564575,6,32
nomad-BiuRBghVF7ns,slab,Pt20O1,NOMAD surfaces/adsorbates,c6d110c98bc4087ac31dd6900468aee85c31a03bb1900d6f48eeeeb1d14c1eff,nomad_exact_bytes_decompress_to_baderkit_grid,5225472,41803776,0.0,10.0,53693.68366245364,926390,45.12546119884714,1.0,1.0,5163.357816638184,361.1401367161692,0.0,0.0640049358220654,0.0,-0.0640049358220654,0.175538916999983,0.3219094199999972,59825,2564575,6,32
nomad-BiuRBghVF7ns,slab,Pt20O1,NOMAD surfaces/adsorbates,c6d110c98bc4087ac31dd6900468aee85c31a03bb1900d6f48eeeeb1d14c1eff,nomad_exact_bytes_decompress_to_baderkit_grid,5225472,41803776,2.0,1e-07,0.0005369368366245,6468426,6.462743177397407,1.0,1.0,5163.357816638184,361.1401367161692,0.0,0.0640049358220654,0.0,-0.0640049358220654,0.8290523350000001,0.3503919560000099,59825,2564575,6,32
nomad-BiuRBghVF7ns,slab,Pt20O1,NOMAD surfaces/adsorbates,c6d110c98bc4087ac31dd6900468aee85c31a03bb1900d6f48eeeeb1d14c1eff,nomad_exact_bytes_decompress_to_baderkit_grid,5225472,41803776,2.0,2.1544346900318827e-07,0.0011567953471798,5461855,7.653768911844053,1.0,1.0,5163.357816638184,361.1401367161692,0.0,0.0640049358220654,0.0,-0.0640049358220654,0.7405807379999771,0.3476665549999893,59825,2564575,6,32
nomad-BiuRBghVF7ns,slab,Pt20O1,NOMAD surfaces/adsorbates,c6d110c98bc4087ac31dd6900468aee85c31a03bb1900d6f48eeeeb1d14c1eff,nomad_exact_bytes_decompress_to_baderkit_grid,5225472,41803776,2.0,4.641588833612782e-07,0.0024922400252318,4476024,9.339488796306725,1.0,1.0,5163.357816638184,361.1401367161692,0.0,0.0640049358220654,0.0,-0.0640049358220654,0.6254837639999948,0.3435705390000123,59825,2564575,6,32
nomad-BiuRBghVF7ns,slab,Pt20O1,NOMAD surfaces/adsorbates,c6d110c98bc4087ac31dd6900468aee85c31a03bb1900d6f48eeeeb1d14c1eff,nomad_exact_bytes_decompress_to_baderkit_grid,5225472,41803776,2.0,1e-06,0.0053693683662453,3680359,11.35861365698292,1.0,1.0,5163.357816638184,361.1401367161692,0.0,0.0640049358220654,0.0,-0.0640049358220654,0.5657078179999928,0.3334049579999885,59825,2564575,6,32
nomad-BiuRBghVF7ns,slab,Pt20O1,NOMAD surfaces/adsorbates,c6d110c98bc4087ac31dd6900468aee85c31a03bb1900d6f48eeeeb1d14c1eff,nomad_exact_bytes_decompress_to_baderkit_grid,5225472,41803776,2.0,2.1544346900318822e-06,0.0115679534717988,2929299,14.270914645449304,1.0,1.0,5163.357816638184,361.1401367161692,0.0,0.0640049358220654,0.0,-0.0640049358220654,0.4582433359999811,0.330115094000007,59825,2564575,6,32
nomad-BiuRBghVF7ns,slab,Pt20O1,NOMAD surfaces/adsorbates,c6d110c98bc4087ac31dd6900468aee85c31a03bb1900d6f48eeeeb1d14c1eff,nomad_exact_bytes_decompress_to_baderkit_grid,5225472,41803776,2.0,4.641588833612773e-06,0.0249224002523181,2446867,17.08461309911818,1.0,1.0,5163.357816638184,361.1401367161692,0.0,0.0640049358220654,0.0,-0.0640049358220654,0.4307767020000028,0.3312000489999889,59825,2564575,6,32
nomad-BiuRBghVF7ns,slab,Pt20O1,NOMAD surfaces/adsorbates,c6d110c98bc4087ac31dd6900468aee85c31a03bb1900d6f48eeeeb1d14c1eff,nomad_exact_bytes_decompress_to_baderkit_grid,5225472,41803776,2.0,1e-05,0.0536936836624536,1983441,21.07638997076293,1.0,1.0,5163.357816638184,361.1401367161692,0.0,0.0640049358220654,0.0,-0.0640049358220654,0.3538556880000101,0.3301718760000085,59825,2564575,6,32
nomad-BiuRBghVF7ns,slab,Pt20O1,NOMAD surfaces/adsorbates,c6d110c98bc4087ac31dd6900468aee85c31a03bb1900d6f48eeeeb1d14c1eff,nomad_exact_bytes_decompress_to_baderkit_grid,5225472,41803776,2.0,2.1544346900318823e-05,0.1156795347179882,1666310,25.087634353751703,1.0,1.0,5163.357816638184,361.1401367161692,0.0,0.0640049358220654,0.0,-0.0640049358220654,0.29975409299999,0.3242823740000062,59825,2564575,6,32
nomad-BiuRBghVF7ns,slab,Pt20O1,NOMAD surfaces/adsorbates,c6d110c98bc4087ac31dd6900468aee85c31a03bb1900d6f48eeeeb1d14c1eff,nomad_exact_bytes_decompress_to_baderkit_grid,5225472,41803776,2.0,4.641588833612772e-05,0.2492240025231813,1432144,29.18964573394854,1.0,1.0,5163.357816638184,361.1401367161692,0.0,0.0640049358220654,0.0,-0.0640049358220654,0.2592451520000054,0.3256261809999898,59825,2564575,6,32
nomad-BiuRBghVF7ns,slab,Pt20O1,NOMAD surfaces/adsorbates,c6d110c98bc4087ac31dd6900468aee85c31a03bb1900d6f48eeeeb1d14c1eff,nomad_exact_bytes_decompress_to_baderkit_grid,5225472,41803776,2.0,0.0001,0.5369368366245364,1253948,33.337726923285494,1.0,1.0,5163.357816638184,361.1401367161692,0.0,0.0640049358220654,0.0,-0.0640049358220654,0.221581336000014,0.3235223220000023,59825,2564575,6,32
nomad-BiuRBghVF7ns,slab,Pt20O1,NOMAD surfaces/adsorbates,c6d110c98bc4087ac31dd6900468aee85c31a03bb1900d6f48eeeeb1d14c1eff,nomad_exact_bytes_decompress_to_baderkit_grid,5225472,41803776,2.0,0.0002154434690031,1.1567953471798826,1168013,35.79050575635716,1.0,1.0,5163.357816638184,361.1401367161692,0.0,0.0640049358220654,0.0,-0.0640049358220654,0.2173756120000121,0.3237467490000085,59825,2564575,6,32
nomad-BiuRBghVF7ns,slab,Pt20O1,NOMAD surfaces/adsorbates,c6d110c98bc4087ac31dd6900468aee85c31a03bb1900d6f48eeeeb1d14c1eff,nomad_exact_bytes_decompress_to_baderkit_grid,5225472,41803776,2.0,0.0004641588833612,2.4922400252318164,1088233,38.41436163027587,1.0,1.0,5163.357816638184,361.1401367161692,0.0,0.0640049358220654,0.0,-0.0640049358220654,0.2062028540000255,0.3318641609999986,59825,2564575,6,32
nomad-BiuRBghVF7ns,slab,Pt20O1,NOMAD surfaces/adsorbates,c6d110c98bc4087ac31dd6900468aee85c31a03bb1900d6f48eeeeb1d14c1eff,nomad_exact_bytes_decompress_to_baderkit_grid,5225472,41803776,2.0,0.001,5.369368366245364,1047012,39.926740094669405,1.0,1.0,5163.357816638184,361.1401367161692,0.0,0.0640049358220654,0.0,-0.0640049358220654,0.1961745429999837,0.3208767270000123,59825,2564575,6,32
nomad-BiuRBghVF7ns,slab,Pt20O1,NOMAD surfaces/adsorbates,c6d110c98bc4087ac31dd6900468aee85c31a03bb1900d6f48eeeeb1d14c1eff,nomad_exact_bytes_decompress_to_baderkit_grid,5225472,41803776,2.0,0.0021544346900318,11.567953471798823,1003019,41.677950268140485,1.0,1.0,5163.357816638184,361.1401367161692,0.0,0.0640049358220654,0.0,-0.0640049358220654,0.1925236390000009,0.3262837890000014,59825,2564575,6,32
nomad-BiuRBghVF7ns,slab,Pt20O1,NOMAD surfaces/adsorbates,c6d110c98bc4087ac31dd6900468aee85c31a03bb1900d6f48eeeeb1d14c1eff,nomad_exact_bytes_decompress_to_baderkit_grid,5225472,41803776,2.0,0.0046415888336127,24.922400252318138,986044,42.3954468563269,1.0,1.0,5163.357816638184,361.1401367161692,0.0,0.0640049358220654,0.0,-0.0640049358220654,0.1893334500000207,0.3257090529999971,59825,2564575,6,32
nomad-BiuRBghVF7ns,slab,Pt20O1,NOMAD surfaces/adsorbates,c6d110c98bc4087ac31dd6900468aee85c31a03bb1900d6f48eeeeb1d14c1eff,nomad_exact_bytes_decompress_to_baderkit_grid,5225472,41803776,2.0,0.01,53.69368366245365,970668,43.06701776508549,1.0,1.0,5163.357816638184,361.1401367161692,0.0,0.0640049358220654,0.0,-0.0640049358220654,0.1878442719999782,0.3232945830000062,59825,2564575,6,32
nomad-BiuRBghVF7ns,slab,Pt20O1,NOMAD surfaces/adsorbates,c6d110c98bc4087ac31dd6900468aee85c31a03bb1900d6f48eeeeb1d14c1eff,nomad_exact_bytes_decompress_to_baderkit_grid,5225472,41803776,2.0,0.0215443469003188,115.67953471798825,957337,43.66672968870941,1.0,1.0,5163.357816638184,361.1401367161692,0.0,0.0640049358220654,0.0,-0.0640049358220654,0.186970720000005,0.327186155999982,59825,2564575,6,32
nomad-BiuRBghVF7ns,slab,Pt20O1,NOMAD surfaces/adsorbates,c6d110c98bc4087ac31dd6900468aee85c31a03bb1900d6f48eeeeb1d14c1eff,nomad_exact_bytes_decompress_to_baderkit_grid,5225472,41803776,2.0,0.0464158883361277,249.22400252318135,949836,44.011572524098895,1.0,1.0,5163.357816638184,361.1401367161692,0.0,0.0640049358220654,0.0,-0.0640049358220654,0.1878802699999937,0.3378264109999804,59825,2564575,6,32
nomad-BiuRBghVF7ns,slab,Pt20O1,NOMAD surfaces/adsorbates,c6d110c98bc4087ac31dd6900468aee85c31a03bb1900d6f48eeeeb1d14c1eff,nomad_exact_bytes_decompress_to_baderkit_grid,5225472,41803776,2.0,0.1,536.9368366245365,944754,44.24831860992386,1.0,1.0,5163.357816638184,361.1401367161692,0.0,0.0640049358220654,0.0,-0.0640049358220654,0.1876481189999879,0.3162387110000111,59825,2564575,6,32
nomad-BiuRBghVF7ns,slab,Pt20O1,NOMAD surfaces/adsorbates,c6d110c98bc4087ac31dd6900468aee85c31a03bb1900d6f48eeeeb1d14c1eff,nomad_exact_bytes_decompress_to_baderkit_grid,5225472,41803776,2.0,0.2154434690031882,1156.7953471798826,940262,44.45971016588993,1.0,1.0,5163.357816638184,361.1401367161692,0.0,0.0640049358220654,0.0,-0.0640049358220654,0.1784150189999991,0.3184375770000258,59825,2564575,6,32
nomad-BiuRBghVF7ns,slab,Pt20O1,NOMAD surfaces/adsorbates,c6d110c98bc4087ac31dd6900468aee85c31a03bb1900d6f48eeeeb1d14c1eff,nomad_exact_bytes_decompress_to_baderkit_grid,5225472,41803776,2.0,0.4641588833612772,2492.240025231814,937517,44.589885836736826,1.0,1.0,5163.357816638184,361.1401367161692,0.0,0.0640049358220654,0.0,-0.0640049358220654,0.1810250810000013,0.3218563190000054,59825,2564575,6,32
nomad-BiuRBghVF7ns,slab,Pt20O1,NOMAD surfaces/adsorbates,c6d110c98bc4087ac31dd6900468aee85c31a03bb1900d6f48eeeeb1d14c1eff,nomad_exact_bytes_decompress_to_baderkit_grid,5225472,41803776,2.0,1.0,5369.368366245364,934485,44.73456074736352,1.0,1.0,5163.357816638184,361.1401367161692,0.0,0.0640049358220654,0.0,-0.0640049358220654,0.1831765590000031,0.3190434830000015,59825,2564575,6,32
nomad-BiuRBghVF7ns,slab,Pt20O1,NOMAD surfaces/adsorbates,c6d110c98bc4087ac31dd6900468aee85c31a03bb1900d6f48eeeeb1d14c1eff,nomad_exact_bytes_decompress_to_baderkit_grid,5225472,41803776,2.0,2.154434690031882,11567.953471798824,932471,44.831180808840166,1.0,1.0,5163.357816638184,361.1401367161692,0.0,0.0640049358220654,0.0,-0.0640049358220654,0.1752074629999924,0.3172739850000141,59825,2564575,6,32
nomad-BiuRBghVF7ns,slab,Pt20O1,NOMAD surfaces/adsorbates,c6d110c98bc4087ac31dd6900468aee85c31a03bb1900d6f48eeeeb1d14c1eff,nomad_exact_bytes_decompress_to_baderkit_grid,5225472,41803776,2.0,4.641588833612772,24922.400252318137,931157,44.8944442236916,1.0,1.0,5163.357816638184,361.1401367161692,0.0,0.0640049358220654,0.0,-0.0640049358220654,0.1794825050000099,0.315490240999992,59825,2564575,6,32
nomad-BiuRBghVF7ns,slab,Pt20O1,NOMAD surfaces/adsorbates,c6d110c98bc4087ac31dd6900468aee85c31a03bb1900d6f48eeeeb1d14c1eff,nomad_exact_bytes_decompress_to_baderkit_grid,5225472,41803776,2.0,10.0,53693.68366245364,930185,44.941356826867775,1.0,1.0,5163.357816638184,361.1401367161692,0.0,0.0640049358220654,0.0,-0.0640049358220654,0.1756746809999754,0.3146325680000075,59825,2564575,6,32
mp-37207,bulk,Li5GaO4,Materials Project,63f7915cadf4598b359c05a2d0d6e1505411c29adf132728ca5884a2eb9f2f94,mp_gzip_json_monty_to_baderkit_grid,663552,5308416,0.0,1e-07,0.0003239540858589,826907,6.419604623010811,0.9999999999999998,1.0000000000000002,3139.842713159116,231.1276300795557,8.526512829121202e-14,0.0,0.0,0.0,0.0684737619999964,0.043543255999964,16093,324899,6,32
mp-37207,bulk,Li5GaO4,Materials Project,63f7915cadf4598b359c05a2d0d6e1505411c29adf132728ca5884a2eb9f2f94,mp_gzip_json_monty_to_baderkit_grid,663552,5308416,0.0,2.1544346900318827e-07,0.0006979379205521,726543,7.306403062172508,0.9999999999999998,1.0000000000000002,3139.842713159116,231.1276300795557,8.526512829121202e-14,0.0,0.0,0.0,0.0505777329999546,0.041168276999997,16093,324899,6,32
mp-37207,bulk,Li5GaO4,Materials Project,63f7915cadf4598b359c05a2d0d6e1505411c29adf132728ca5884a2eb9f2f94,mp_gzip_json_monty_to_baderkit_grid,663552,5308416,0.0,4.641588833612782e-07,0.0015036616675262,667196,7.956306692486166,0.9999999999999998,1.0000000000000002,3139.842713159116,231.1276300795557,8.526512829121202e-14,0.0,0.0,0.0,0.0533873250000169,0.042344775999993,16093,324899,6,32
mp-37207,bulk,Li5GaO4,Materials Project,63f7915cadf4598b359c05a2d0d6e1505411c29adf132728ca5884a2eb9f2f94,mp_gzip_json_monty_to_baderkit_grid,663552,5308416,0.0,1e-06,0.0032395408585896,586787,9.046580786554577,0.9999999999999998,1.0000000000000002,3139.842713159116,231.1276300795557,8.526512829121202e-14,0.0,0.0,0.0,0.0569526589999895,0.0414627970000083,16093,324899,6,32
mp-37207,bulk,Li5GaO4,Materials Project,63f7915cadf4598b359c05a2d0d6e1505411c29adf132728ca5884a2eb9f2f94,mp_gzip_json_monty_to_baderkit_grid,663552,5308416,0.0,2.1544346900318822e-06,0.0069793792055213,511440,10.379352416705771,0.9999999999999998,1.0000000000000002,3139.842713159116,231.1276300795557,8.526512829121202e-14,0.0,0.0,0.0,0.0623872660000301,0.0417446339999969,16093,324899,6,32
mp-37207,bulk,Li5GaO4,Materials Project,63f7915cadf4598b359c05a2d0d6e1505411c29adf132728ca5884a2eb9f2f94,mp_gzip_json_monty_to_baderkit_grid,663552,5308416,0.0,4.641588833612773e-06,0.0150366166752622,444184,11.950939250400737,0.9999999999999998,1.0000000000000002,3139.842713159116,231.1276300795557,8.526512829121202e-14,0.0,0.0,0.0,0.0573679650000258,0.0404722949999722,16093,324899,6,32
mp-37207,bulk,Li5GaO4,Materials Project,63f7915cadf4598b359c05a2d0d6e1505411c29adf132728ca5884a2eb9f2f94,mp_gzip_json_monty_to_baderkit_grid,663552,5308416,0.0,1e-05,0.032395408585897,379793,13.977129646939254,0.9999999999999998,1.0000000000000002,3139.842713159116,231.1276300795557,8.526512829121202e-14,0.0,0.0,0.0,0.0467852050000487,0.040417141999967,16093,324899,6,32
mp-37207,bulk,Li5GaO4,Materials Project,63f7915cadf4598b359c05a2d0d6e1505411c29adf132728ca5884a2eb9f2f94,mp_gzip_json_monty_to_baderkit_grid,663552,5308416,0.0,2.1544346900318823e-05,0.0697937920552131,329765,16.097572513759797,0.9999999999999998,1.0000000000000002,3139.842713159116,231.1276300795557,8.526512829121202e-14,0.0,0.0,0.0,0.0368610259999968,0.0405911469999864,16093,324899,6,32
mp-37207,bulk,Li5GaO4,Materials Project,63f7915cadf4598b359c05a2d0d6e1505411c29adf132728ca5884a2eb9f2f94,mp_gzip_json_monty_to_baderkit_grid,663552,5308416,0.0,4.641588833612772e-05,0.1503661667526228,299625,17.716866082603254,0.9999999999999998,1.0000000000000002,3139.842713159116,231.1276300795557,8.526512829121202e-14,0.0,0.0,0.0,0.0313753230000202,0.0389963379999471,16093,324899,6,32
mp-37207,bulk,Li5GaO4,Materials Project,63f7915cadf4598b359c05a2d0d6e1505411c29adf132728ca5884a2eb9f2f94,mp_gzip_json_monty_to_baderkit_grid,663552,5308416,0.0,0.0001,0.32395408585897,280636,18.91566299405636,0.9999999999999998,1.0000000000000002,3139.842713159116,231.1276300795557,8.526512829121202e-14,0.0,0.0,0.0,0.0395885540000335,0.0403737510000041,16093,324899,6,32
mp-37207,bulk,Li5GaO4,Materials Project,63f7915cadf4598b359c05a2d0d6e1505411c29adf132728ca5884a2eb9f2f94,mp_gzip_json_monty_to_baderkit_grid,663552,5308416,0.0,0.0002154434690031,0.6979379205521318,268683,19.757171090095017,0.9999999999999998,1.0000000000000002,3139.842713159116,231.1276300795557,8.526512829121202e-14,0.0,0.0,0.0,0.0275568659999976,0.0397759939999673,16093,324899,6,32
mp-37207,bulk,Li5GaO4,Materials Project,63f7915cadf4598b359c05a2d0d6e1505411c29adf132728ca5884a2eb9f2f94,mp_gzip_json_monty_to_baderkit_grid,663552,5308416,0.0,0.0004641588833612,1.50366166752623,260430,20.3832738163806,0.9999999999999998,1.0000000000000002,3139.842713159116,231.1276300795557,8.526512829121202e-14,0.0,0.0,0.0,0.0249599619999685,0.0393361029999823,16093,324899,6,32
mp-37207,bulk,Li5GaO4,Materials Project,63f7915cadf4598b359c05a2d0d6e1505411c29adf132728ca5884a2eb9f2f94,mp_gzip_json_monty_to_baderkit_grid,663552,5308416,0.0,0.001,3.2395408585897,255657,20.76382027482134,0.9999999999999998,1.0000000000000002,3139.842713159116,231.1276300795557,8.526512829121202e-14,0.0,0.0,0.0,0.0238688129999786,0.0392031739999652,16093,324899,6,32
mp-37207,bulk,Li5GaO4,Materials Project,63f7915cadf4598b359c05a2d0d6e1505411c29adf132728ca5884a2eb9f2f94,mp_gzip_json_monty_to_baderkit_grid,663552,5308416,0.0,0.0021544346900318,6.979379205521317,252839,20.995242031490395,0.9999999999999998,1.0000000000000002,3139.842713159116,231.1276300795557,8.526512829121202e-14,0.0,0.0,0.0,0.0246345639999958,0.0395764109999845,16093,324899,6,32
mp-37207,bulk,Li5GaO4,Materials Project,63f7915cadf4598b359c05a2d0d6e1505411c29adf132728ca5884a2eb9f2f94,mp_gzip_json_monty_to_baderkit_grid,663552,5308416,0.0,0.0046415888336127,15.036616675262286,250849,21.1617985321847,0.9999999999999998,1.0000000000000002,3139.842713159116,231.1276300795557,8.526512829121202e-14,0.0,0.0,0.0,0.0248506469999938,0.0399730120000185,16093,324899,6,32
mp-37207,bulk,Li5GaO4,Materials Project,63f7915cadf4598b359c05a2d0d6e1505411c29adf132728ca5884a2eb9f2f94,mp_gzip_json_monty_to_baderkit_grid,663552,5308416,0.0,0.01,32.395408585897,249027,21.316628317411364,0.9999999999999998,1.0000000000000002,3139.842713159116,231.1276300795557,8.526512829121202e-14,0.0,0.0,0.0,0.0245155110000041,0.040470311999968,16093,324899,6,32
mp-37207,bulk,Li5GaO4,Materials Project,63f7915cadf4598b359c05a2d0d6e1505411c29adf132728ca5884a2eb9f2f94,mp_gzip_json_monty_to_baderkit_grid,663552,5308416,0.0,0.0215443469003188,69.79379205521317,247861,21.41690705677779,0.9999999999999998,1.0000000000000002,3139.842713159116,231.1276300795557,8.526512829121202e-14,0.0,0.0,0.0,0.0247119289999773,0.0407713149999722,16093,324899,6,32
mp-37207,bulk,Li5GaO4,Materials Project,63f7915cadf4598b359c05a2d0d6e1505411c29adf132728ca5884a2eb9f2f94,mp_gzip_json_monty_to_baderkit_grid,663552,5308416,0.0,0.0464158883361277,150.36616675262283,246866,21.50322847212658,0.9999999999999998,1.0000000000000002,3139.842713159116,231.1276300795557,8.526512829121202e-14,0.0,0.0,0.0,0.0240659410000034,0.0416941000000292,16093,324899,6,32
mp-37207,bulk,Li5GaO4,Materials Project,63f7915cadf4598b359c05a2d0d6e1505411c29adf132728ca5884a2eb9f2f94,mp_gzip_json_monty_to_baderkit_grid,663552,5308416,0.0,0.1,323.95408585897,246254,21.55666913024763,0.9999999999999998,1.0000000000000002,3139.842713159116,231.1276300795557,8.526512829121202e-14,0.0,0.0,0.0,0.0239985549999914,0.0413226949999625,16093,324899,6,32
mp-37207,bulk,Li5GaO4,Materials Project,63f7915cadf4598b359c05a2d0d6e1505411c29adf132728ca5884a2eb9f2f94,mp_gzip_json_monty_to_baderkit_grid,663552,5308416,0.0,0.2154434690031882,697.9379205521318,245894,21.588229074316576,0.9999999999999998,1.0000000000000002,3139.842713159116,231.1276300795557,8.526512829121202e-14,0.0,0.0,0.0,0.025187877999997,0.0408228009999902,16093,324899,6,32
mp-37207,bulk,Li5GaO4,Materials Project,63f7915cadf4598b359c05a2d0d6e1505411c29adf132728ca5884a2eb9f2f94,mp_gzip_json_monty_to_baderkit_grid,663552,5308416,0.0,0.4641588833612772,1503.6616675262285,245604,21.613719646259835,0.9999999999999998,1.0000000000000002,3139.842713159116,231.1276300795557,8.526512829121202e-14,0.0,0.0,0.0,0.0244438679999916,0.0404035980000117,16093,324899,6,32
mp-37207,bulk,Li5GaO4,Materials Project,63f7915cadf4598b359c05a2d0d6e1505411c29adf132728ca5884a2eb9f2f94,mp_gzip_json_monty_to_baderkit_grid,663552,5308416,0.0,1.0,3239.5408585897,245411,21.63071744950308,0.9999999999999998,1.0000000000000002,3139.842713159116,231.1276300795557,8.526512829121202e-14,0.0,0.0,0.0,0.024636337000004,0.0409248120000143,16093,324899,6,32
mp-37207,bulk,Li5GaO4,Materials Project,63f7915cadf4598b359c05a2d0d6e1505411c29adf132728ca5884a2eb9f2f94,mp_gzip_json_monty_to_baderkit_grid,663552,5308416,0.0,2.154434690031882,6979.379205521317,245276,21.64262300428905,0.9999999999999998,1.0000000000000002,3139.842713159116,231.1276300795557,8.526512829121202e-14,0.0,0.0,0.0,0.024247038999988,0.0409049550000304,16093,324899,6,32
mp-37207,bulk,Li5GaO4,Materials Project,63f7915cadf4598b359c05a2d0d6e1505411c29adf132728ca5884a2eb9f2f94,mp_gzip_json_monty_to_baderkit_grid,663552,5308416,0.0,4.641588833612772,15036.616675262285,245186,21.65056732439862,0.9999999999999998,1.0000000000000002,3139.842713159116,231.1276300795557,8.526512829121202e-14,0.0,0.0,0.0,0.0244101440000008,0.0412791630000128,16093,324899,6,32
mp-37207,bulk,Li5GaO4,Materials Project,63f7915cadf4598b359c05a2d0d6e1505411c29adf132728ca5884a2eb9f2f94,mp_gzip_json_monty_to_baderkit_grid,663552,5308416,0.0,10.0,32395.408585897,245129,21.65560174438765,0.9999999999999998,1.0000000000000002,3139.842713159116,231.1276300795557,8.526512829121202e-14,0.0,0.0,0.0,0.0237855670000044,0.0400916840000036,16093,324899,6,32
mp-37207,bulk,Li5GaO4,Materials Project,63f7915cadf4598b359c05a2d0d6e1505411c29adf132728ca5884a2eb9f2f94,mp_gzip_json_monty_to_baderkit_grid,663552,5308416,2.0,1e-07,0.0003239540858589,937724,5.66095780848096,0.9999999999999998,1.0000000000000002,3139.842713159116,231.1276300795557,8.526512829121202e-14,0.0,0.0,0.0,0.0750915219999797,0.0461961940000037,16093,324899,6,32
mp-37207,bulk,Li5GaO4,Materials Project,63f7915cadf4598b359c05a2d0d6e1505411c29adf132728ca5884a2eb9f2f94,mp_gzip_json_monty_to_baderkit_grid,663552,5308416,2.0,2.1544346900318827e-07,0.0006979379205521,860549,6.168638857287616,0.9999999999999998,1.0000000000000002,3139.842713159116,231.1276300795557,8.526512829121202e-14,0.0,0.0,0.0,0.0702404940000178,0.044833337,16093,324899,6,32
mp-37207,bulk,Li5GaO4,Materials Project,63f7915cadf4598b359c05a2d0d6e1505411c29adf132728ca5884a2eb9f2f94,mp_gzip_json_monty_to_baderkit_grid,663552,5308416,2.0,4.641588833612782e-07,0.0015036616675262,783298,6.777006962867262,0.9999999999999998,1.0000000000000002,3139.842713159116,231.1276300795557,8.526512829121202e-14,0.0,0.0,0.0,0.06313806899999,0.0444019509999975,16093,324899,6,32
mp-37207,bulk,Li5GaO4,Materials Project,63f7915cadf4598b359c05a2d0d6e1505411c29adf132728ca5884a2eb9f2f94,mp_gzip_json_monty_to_baderkit_grid,663552,5308416,2.0,1e-06,0.0032395408585896,702543,7.556001554353257,0.9999999999999998,1.0000000000000002,3139.842713159116,231.1276300795557,8.526512829121202e-14,0.0,0.0,0.0,0.0577369439999984,0.0440479380000056,16093,324899,6,32
mp-37207,bulk,Li5GaO4,Materials Project,63f7915cadf4598b359c05a2d0d6e1505411c29adf132728ca5884a2eb9f2f94,mp_gzip_json_monty_to_baderkit_grid,663552,5308416,2.0,2.1544346900318822e-06,0.0069793792055213,637143,8.331592750763956,0.9999999999999998,1.0000000000000002,3139.842713159116,231.1276300795557,8.526512829121202e-14,0.0,0.0,0.0,0.0640677370000162,0.0429334450000169,16093,324899,6,32
mp-37207,bulk,Li5GaO4,Materials Project,63f7915cadf4598b359c05a2d0d6e1505411c29adf132728ca5884a2eb9f2f94,mp_gzip_json_monty_to_baderkit_grid,663552,5308416,2.0,4.641588833612773e-06,0.0150366166752622,558819,9.499347731555298,0.9999999999999998,1.0000000000000002,3139.842713159116,231.1276300795557,8.526512829121202e-14,0.0,0.0,0.0,0.0645278569999732,0.0417041989999802,16093,324899,6,32
mp-37207,bulk,Li5GaO4,Materials Project,63f7915cadf4598b359c05a2d0d6e1505411c29adf132728ca5884a2eb9f2f94,mp_gzip_json_monty_to_baderkit_grid,663552,5308416,2.0,1e-05,0.032395408585897,483146,10.987188137747182,0.9999999999999998,1.0000000000000002,3139.842713159116,231.1276300795557,8.526512829121202e-14,0.0,0.0,0.0,0.0584119859999532,0.042968089999988,16093,324899,6,32
mp-37207,bulk,Li5GaO4,Materials Project,63f7915cadf4598b359c05a2d0d6e1505411c29adf132728ca5884a2eb9f2f94,mp_gzip_json_monty_to_baderkit_grid,663552,5308416,2.0,2.1544346900318823e-05,0.0697937920552131,419898,12.64215595215981,0.9999999999999998,1.0000000000000002,3139.842713159116,231.1276300795557,8.526512829121202e-14,0.0,0.0,0.0,0.0489219589999834,0.0420350859999985,16093,324899,6,32
mp-37207,bulk,Li5GaO4,Materials Project,63f7915cadf4598b359c05a2d0d6e1505411c29adf132728ca5884a2eb9f2f94,mp_gzip_json_monty_to_baderkit_grid,663552,5308416,2.0,4.641588833612772e-05,0.1503661667526228,373869,14.198598974507114,0.9999999999999998,1.0000000000000002,3139.842713159116,231.1276300795557,8.526512829121202e-14,0.0,0.0,0.0,0.0427059209999924,0.0406806849999838,16093,324899,6,32
mp-37207,bulk,Li5GaO4,Materials Project,63f7915cadf4598b359c05a2d0d6e1505411c29adf132728ca5884a2eb9f2f94,mp_gzip_json_monty_to_baderkit_grid,663552,5308416,2.0,0.0001,0.32395408585897,337378,15.73432766807557,0.9999999999999998,1.0000000000000002,3139.842713159116,231.1276300795557,8.526512829121202e-14,0.0,0.0,0.0,0.0379895149999924,0.0425656389999744,16093,324899,6,32
mp-37207,bulk,Li5GaO4,Materials Project,63f7915cadf4598b359c05a2d0d6e1505411c29adf132728ca5884a2eb9f2f94,mp_gzip_json_monty_to_baderkit_grid,663552,5308416,2.0,0.0002154434690031,0.6979379205521318,311244,17.05548058757759,0.9999999999999998,1.0000000000000002,3139.842713159116,231.1276300795557,8.526512829121202e-14,0.0,0.0,0.0,0.0335840110000162,0.0417016229999944,16093,324899,6,32
mp-37207,bulk,Li5GaO4,Materials Project,63f7915cadf4598b359c05a2d0d6e1505411c29adf132728ca5884a2eb9f2f94,mp_gzip_json_monty_to_baderkit_grid,663552,5308416,2.0,0.0004641588833612,1.50366166752623,293374,18.094364190419057,0.9999999999999998,1.0000000000000002,3139.842713159116,231.1276300795557,8.526512829121202e-14,0.0,0.0,0.0,0.0310676679999915,0.041361557000016,16093,324899,6,32
mp-37207,bulk,Li5GaO4,Materials Project,63f7915cadf4598b359c05a2d0d6e1505411c29adf132728ca5884a2eb9f2f94,mp_gzip_json_monty_to_baderkit_grid,663552,5308416,2.0,0.001,3.2395408585897,280697,18.911552314417325,0.9999999999999998,1.0000000000000002,3139.842713159116,231.1276300795557,8.526512829121202e-14,0.0,0.0,0.0,0.0292665119999924,0.0414623059999712,16093,324899,6,32
mp-37207,bulk,Li5GaO4,Materials Project,63f7915cadf4598b359c05a2d0d6e1505411c29adf132728ca5884a2eb9f2f94,mp_gzip_json_monty_to_baderkit_grid,663552,5308416,2.0,0.0021544346900318,6.979379205521317,271547,19.54879265836117,0.9999999999999998,1.0000000000000002,3139.842713159116,231.1276300795557,8.526512829121202e-14,0.0,0.0,0.0,0.0276551290000384,0.0409220260000324,16093,324899,6,32
mp-37207,bulk,Li5GaO4,Materials Project,63f7915cadf4598b359c05a2d0d6e1505411c29adf132728ca5884a2eb9f2f94,mp_gzip_json_monty_to_baderkit_grid,663552,5308416,2.0,0.0046415888336127,15.036616675262286,264815,20.045752695277837,0.9999999999999998,1.0000000000000002,3139.842713159116,231.1276300795557,8.526512829121202e-14,0.0,0.0,0.0,0.0281550939999988,0.0436552639999945,16093,324899,6,32
mp-37207,bulk,Li5GaO4,Materials Project,63f7915cadf4598b359c05a2d0d6e1505411c29adf132728ca5884a2eb9f2f94,mp_gzip_json_monty_to_baderkit_grid,663552,5308416,2.0,0.01,32.395408585897,259726,20.438523674949757,0.9999999999999998,1.0000000000000002,3139.842713159116,231.1276300795557,8.526512829121202e-14,0.0,0.0,0.0,0.0268742290000432,0.0427219609999838,16093,324899,6,32
mp-37207,bulk,Li5GaO4,Materials Project,63f7915cadf4598b359c05a2d0d6e1505411c29adf132728ca5884a2eb9f2f94,mp_gzip_json_monty_to_baderkit_grid,663552,5308416,2.0,0.0215443469003188,69.79379205521317,256695,20.679857418336937,0.9999999999999998,1.0000000000000002,3139.842713159116,231.1276300795557,8.526512829121202e-14,0.0,0.0,0.0,0.0264122259999908,0.042927413999962,16093,324899,6,32
mp-37207,bulk,Li5GaO4,Materials Project,63f7915cadf4598b359c05a2d0d6e1505411c29adf132728ca5884a2eb9f2f94,mp_gzip_json_monty_to_baderkit_grid,663552,5308416,2.0,0.0464158883361277,150.36616675262283,253683,20.92539113775854,0.9999999999999998,1.0000000000000002,3139.842713159116,231.1276300795557,8.526512829121202e-14,0.0,0.0,0.0,0.0264334259999827,0.0418102259999955,16093,324899,6,32
mp-37207,bulk,Li5GaO4,Materials Project,63f7915cadf4598b359c05a2d0d6e1505411c29adf132728ca5884a2eb9f2f94,mp_gzip_json_monty_to_baderkit_grid,663552,5308416,2.0,0.1,323.95408585897,252104,21.05645289245708,0.9999999999999998,1.0000000000000002,3139.842713159116,231.1276300795557,8.526512829121202e-14,0.0,0.0,0.0,0.026190501999963,0.0418713010000146,16093,324899,6,32
mp-37207,bulk,Li5GaO4,Materials Project,63f7915cadf4598b359c05a2d0d6e1505411c29adf132728ca5884a2eb9f2f94,mp_gzip_json_monty_to_baderkit_grid,663552,5308416,2.0,0.2154434690031882,697.9379205521318,250588,21.18383960923907,0.9999999999999998,1.0000000000000002,3139.842713159116,231.1276300795557,8.526512829121202e-14,0.0,0.0,0.0,0.025211411999976,0.0412195719999886,16093,324899,6,32
mp-37207,bulk,Li5GaO4,Materials Project,63f7915cadf4598b359c05a2d0d6e1505411c29adf132728ca5884a2eb9f2f94,mp_gzip_json_monty_to_baderkit_grid,663552,5308416,2.0,0.4641588833612772,1503.6616675262285,249218,21.3002913112215,0.9999999999999998,1.0000000000000002,3139.842713159116,231.1276300795557,8.526512829121202e-14,0.0,0.0,0.0,0.0252770550000036,0.0415964670000335,16093,324899,6,32
mp-37207,bulk,Li5GaO4,Materials Project,63f7915cadf4598b359c05a2d0d6e1505411c29adf132728ca5884a2eb9f2f94,mp_gzip_json_monty_to_baderkit_grid,663552,5308416,2.0,1.0,3239.5408585897,248038,21.40162394471815,0.9999999999999998,1.0000000000000002,3139.842713159116,231.1276300795557,8.526512829121202e-14,0.0,0.0,0.0,0.0254944019999925,0.0435629340000218,16093,324899,6,32
mp-37207,bulk,Li5GaO4,Materials Project,63f7915cadf4598b359c05a2d0d6e1505411c29adf132728ca5884a2eb9f2f94,mp_gzip_json_monty_to_baderkit_grid,663552,5308416,2.0,2.154434690031882,6979.379205521317,247345,21.461586043785,0.9999999999999998,1.0000000000000002,3139.842713159116,231.1276300795557,8.526512829121202e-14,0.0,0.0,0.0,0.0273915669999951,0.0450208180000117,16093,324899,6,32
mp-37207,bulk,Li5GaO4,Materials Project,63f7915cadf4598b359c05a2d0d6e1505411c29adf132728ca5884a2eb9f2f94,mp_gzip_json_monty_to_baderkit_grid,663552,5308416,2.0,4.641588833612772,15036.616675262285,246910,21.499396541249848,0.9999999999999998,1.0000000000000002,3139.842713159116,231.1276300795557,8.526512829121202e-14,0.0,0.0,0.0,0.026631616999964,0.0429574620000039,16093,324899,6,32
mp-37207,bulk,Li5GaO4,Materials Project,63f7915cadf4598b359c05a2d0d6e1505411c29adf132728ca5884a2eb9f2f94,mp_gzip_json_monty_to_baderkit_grid,663552,5308416,2.0,10.0,32395.408585897,246352,21.548093784503475,0.9999999999999998,1.0000000000000002,3139.842713159116,231.1276300795557,8.526512829121202e-14,0.0,0.0,0.0,0.0263515039999902,0.0435905649999881,16093,324899,6,32
mp-32108,bulk,Mo2P3O11,Materials Project,f88e54d4a9f0c98ebd8ecff495999cb7db90953942292e21a71d390faae9efb3,mp_gzip_json_monty_to_baderkit_grid,1756160,14049280,0.0,1e-07,0.0003901085585589,2712974,5.178553130254842,1.0,1.0,3521.391513396238,430.0713315888726,5.684341886080803e-14,0.0009566326530612,0.0,-0.0009566326530612,0.2902111719999993,0.1199036309999996,28155,862469,6,32
mp-32108,bulk,Mo2P3O11,Materials Project,f88e54d4a9f0c98ebd8ecff495999cb7db90953942292e21a71d390faae9efb3,mp_gzip_json_monty_to_baderkit_grid,1756160,14049280,0.0,2.1544346900318827e-07,0.0008404634114378,2287722,6.141165753531242,1.0,1.0,3521.391513396238,430.0713315888726,5.684341886080803e-14,0.0009566326530612,0.0,-0.0009566326530612,0.1967639300000314,0.1127089530000375,28155,862469,6,32
mp-32108,bulk,Mo2P3O11,Materials Project,f88e54d4a9f0c98ebd8ecff495999cb7db90953942292e21a71d390faae9efb3,mp_gzip_json_monty_to_baderkit_grid,1756160,14049280,0.0,4.641588833612782e-07,0.0018107235293042,1973788,7.117927558582786,1.0,1.0,3521.391513396238,430.0713315888726,5.684341886080803e-14,0.0009566326530612,0.0,-0.0009566326530612,0.1647827740000025,0.1090674470000294,28155,862469,6,32
mp-32108,bulk,Mo2P3O11,Materials Project,f88e54d4a9f0c98ebd8ecff495999cb7db90953942292e21a71d390faae9efb3,mp_gzip_json_monty_to_baderkit_grid,1756160,14049280,0.0,1e-06,0.0039010855855899,1718935,8.17324680688915,1.0,1.0,3521.391513396238,430.0713315888726,5.684341886080803e-14,0.0009566326530612,0.0,-0.0009566326530612,0.2012578800000142,0.1074721759999874,28155,862469,6,32
mp-32108,bulk,Mo2P3O11,Materials Project,f88e54d4a9f0c98ebd8ecff495999cb7db90953942292e21a71d390faae9efb3,mp_gzip_json_monty_to_baderkit_grid,1756160,14049280,0.0,2.1544346900318822e-06,0.0084046341143784,1453592,9.665215548792233,1.0,1.0,3521.391513396238,430.0713315888726,5.684341886080803e-14,0.0009566326530612,0.0,-0.0009566326530612,0.2149718529999518,0.1062382989999832,28155,862469,6,32
mp-32108,bulk,Mo2P3O11,Materials Project,f88e54d4a9f0c98ebd8ecff495999cb7db90953942292e21a71d390faae9efb3,mp_gzip_json_monty_to_baderkit_grid,1756160,14049280,0.0,4.641588833612773e-06,0.0181072352930422,1197256,11.734566375111088,1.0,1.0,3521.391513396238,430.0713315888726,5.684341886080803e-14,0.0009566326530612,0.0,-0.0009566326530612,0.2023891340000432,0.1051868040000272,28155,862469,6,32
mp-32108,bulk,Mo2P3O11,Materials Project,f88e54d4a9f0c98ebd8ecff495999cb7db90953942292e21a71d390faae9efb3,mp_gzip_json_monty_to_baderkit_grid,1756160,14049280,0.0,1e-05,0.0390108558559,941312,14.925210769649173,1.0,1.0,3521.391513396238,430.0713315888726,5.684341886080803e-14,0.0009566326530612,0.0,-0.0009566326530612,0.1575490040000318,0.1057340670000144,28155,862469,6,32
mp-32108,bulk,Mo2P3O11,Materials Project,f88e54d4a9f0c98ebd8ecff495999cb7db90953942292e21a71d390faae9efb3,mp_gzip_json_monty_to_baderkit_grid,1756160,14049280,0.0,2.1544346900318823e-05,0.0840463411437843,760936,18.46315590273032,1.0,1.0,3521.391513396238,430.0713315888726,5.684341886080803e-14,0.0009566326530612,0.0,-0.0009566326530612,0.1094880939999711,0.1023247839999612,28155,862469,6,32
mp-32108,bulk,Mo2P3O11,Materials Project,f88e54d4a9f0c98ebd8ecff495999cb7db90953942292e21a71d390faae9efb3,mp_gzip_json_monty_to_baderkit_grid,1756160,14049280,0.0,4.641588833612772e-05,0.1810723529304228,652024,21.547182312307523,1.0,1.0,3521.391513396238,430.0713315888726,5.684341886080803e-14,0.0009566326530612,0.0,-0.0009566326530612,0.0943006759999889,0.1042434099999809,28155,862469,6,32
mp-32108,bulk,Mo2P3O11,Materials Project,f88e54d4a9f0c98ebd8ecff495999cb7db90953942292e21a71d390faae9efb3,mp_gzip_json_monty_to_baderkit_grid,1756160,14049280,0.0,0.0001,0.390108558559,582330,24.12597667988941,1.0,1.0,3521.391513396238,430.0713315888726,5.684341886080803e-14,0.0009566326530612,0.0,-0.0009566326530612,0.0791733629999953,0.1064632300000312,28155,862469,6,32
mp-32108,bulk,Mo2P3O11,Materials Project,f88e54d4a9f0c98ebd8ecff495999cb7db90953942292e21a71d390faae9efb3,mp_gzip_json_monty_to_baderkit_grid,1756160,14049280,0.0,0.0002154434690031,0.8404634114378435,537558,26.13537515951767,1.0,1.0,3521.391513396238,430.0713315888726,5.684341886080803e-14,0.0009566326530612,0.0,-0.0009566326530612,0.0739845939999668,0.1039821319999987,28155,862469,6,32
mp-32108,bulk,Mo2P3O11,Materials Project,f88e54d4a9f0c98ebd8ecff495999cb7db90953942292e21a71d390faae9efb3,mp_gzip_json_monty_to_baderkit_grid,1756160,14049280,0.0,0.0004641588833612,1.8107235293042303,503948,27.878431901704143,1.0,1.0,3521.391513396238,430.0713315888726,5.684341886080803e-14,0.0009566326530612,0.0,-0.0009566326530612,0.0661927909999917,0.1021646050000413,28155,862469,6,32
mp-32108,bulk,Mo2P3O11,Materials Project,f88e54d4a9f0c98ebd8ecff495999cb7db90953942292e21a71d390faae9efb3,mp_gzip_json_monty_to_baderkit_grid,1756160,14049280,0.0,0.001,3.90108558559,481212,29.19561440695577,1.0,1.0,3521.391513396238,430.0713315888726,5.684341886080803e-14,0.0009566326530612,0.0,-0.0009566326530612,0.0609535209999876,0.1019119270000032,28155,862469,6,32
mp-32108,bulk,Mo2P3O11,Materials Project,f88e54d4a9f0c98ebd8ecff495999cb7db90953942292e21a71d390faae9efb3,mp_gzip_json_monty_to_baderkit_grid,1756160,14049280,0.0,0.0021544346900318,8.404634114378435,467788,30.03343394871181,1.0,1.0,3521.391513396238,430.0713315888726,5.684341886080803e-14,0.0009566326530612,0.0,-0.0009566326530612,0.0659990110000308,0.1058636529999716,28155,862469,6,32
mp-32108,bulk,Mo2P3O11,Materials Project,f88e54d4a9f0c98ebd8ecff495999cb7db90953942292e21a71d390faae9efb3,mp_gzip_json_monty_to_baderkit_grid,1756160,14049280,0.0,0.0046415888336127,18.10723529304229,460400,30.51537793223284,1.0,1.0,3521.391513396238,430.0713315888726,5.684341886080803e-14,0.0009566326530612,0.0,-0.0009566326530612,0.0587570550000009,0.1028751370000122,28155,862469,6,32
mp-32108,bulk,Mo2P3O11,Materials Project,f88e54d4a9f0c98ebd8ecff495999cb7db90953942292e21a71d390faae9efb3,mp_gzip_json_monty_to_baderkit_grid,1756160,14049280,0.0,0.01,39.0108558559,454872,30.886227334283053,1.0,1.0,3521.391513396238,430.0713315888726,5.684341886080803e-14,0.0009566326530612,0.0,-0.0009566326530612,0.0604806570000278,0.1047749179999755,28155,862469,6,32
mp-32108,bulk,Mo2P3O11,Materials Project,f88e54d4a9f0c98ebd8ecff495999cb7db90953942292e21a71d390faae9efb3,mp_gzip_json_monty_to_baderkit_grid,1756160,14049280,0.0,0.0215443469003188,84.04634114378435,448295,31.339363588708327,1.0,1.0,3521.391513396238,430.0713315888726,5.684341886080803e-14,0.0009566326530612,0.0,-0.0009566326530612,0.062229034999973,0.1023863030000029,28155,862469,6,32
mp-32108,bulk,Mo2P3O11,Materials Project,f88e54d4a9f0c98ebd8ecff495999cb7db90953942292e21a71d390faae9efb3,mp_gzip_json_monty_to_baderkit_grid,1756160,14049280,0.0,0.0464158883361277,181.07235293042288,444255,31.6243598834003,1.0,1.0,3521.391513396238,430.0713315888726,5.684341886080803e-14,0.0009566326530612,0.0,-0.0009566326530612,0.0653425630000015,0.1044848459999912,28155,862469,6,32
mp-32108,bulk,Mo2P3O11,Materials Project,f88e54d4a9f0c98ebd8ecff495999cb7db90953942292e21a71d390faae9efb3,mp_gzip_json_monty_to_baderkit_grid,1756160,14049280,0.0,0.1,390.108558559,441343,31.83301876318419,1.0,1.0,3521.391513396238,430.0713315888726,5.684341886080803e-14,0.0009566326530612,0.0,-0.0009566326530612,0.0582045219999827,0.1002791650000176,28155,862469,6,32
mp-32108,bulk,Mo2P3O11,Materials Project,f88e54d4a9f0c98ebd8ecff495999cb7db90953942292e21a71d390faae9efb3,mp_gzip_json_monty_to_baderkit_grid,1756160,14049280,0.0,0.2154434690031882,840.4634114378435,439371,31.975892810403963,1.0,1.0,3521.391513396238,430.0713315888726,5.684341886080803e-14,0.0009566326530612,0.0,-0.0009566326530612,0.0580157890000236,0.1002171090000274,28155,862469,6,32
mp-32108,bulk,Mo2P3O11,Materials Project,f88e54d4a9f0c98ebd8ecff495999cb7db90953942292e21a71d390faae9efb3,mp_gzip_json_monty_to_baderkit_grid,1756160,14049280,0.0,0.4641588833612772,1810.7235293042288,438417,32.04547268924335,1.0,1.0,3521.391513396238,430.0713315888726,5.684341886080803e-14,0.0009566326530612,0.0,-0.0009566326530612,0.0591687250000063,0.1041897850000168,28155,862469,6,32
mp-32108,bulk,Mo2P3O11,Materials Project,f88e54d4a9f0c98ebd8ecff495999cb7db90953942292e21a71d390faae9efb3,mp_gzip_json_monty_to_baderkit_grid,1756160,14049280,0.0,1.0,3901.08558559,437727,32.09598676800837,1.0,1.0,3521.391513396238,430.0713315888726,5.684341886080803e-14,0.0009566326530612,0.0,-0.0009566326530612,0.0577278209999576,0.1040666750000127,28155,862469,6,32
mp-32108,bulk,Mo2P3O11,Materials Project,f88e54d4a9f0c98ebd8ecff495999cb7db90953942292e21a71d390faae9efb3,mp_gzip_json_monty_to_baderkit_grid,1756160,14049280,0.0,2.154434690031882,8404.634114378434,437221,32.13313175716628,1.0,1.0,3521.391513396238,430.0713315888726,5.684341886080803e-14,0.0009566326530612,0.0,-0.0009566326530612,0.0597963569999819,0.1209260669999707,28155,862469,6,32
mp-32108,bulk,Mo2P3O11,Materials Project,f88e54d4a9f0c98ebd8ecff495999cb7db90953942292e21a71d390faae9efb3,mp_gzip_json_monty_to_baderkit_grid,1756160,14049280,0.0,4.641588833612772,18107.23529304229,436878,32.15835999981688,1.0,1.0,3521.391513396238,430.0713315888726,5.684341886080803e-14,0.0009566326530612,0.0,-0.0009566326530612,0.0612760829999956,0.1039551860000074,28155,862469,6,32
mp-32108,bulk,Mo2P3O11,Materials Project,f88e54d4a9f0c98ebd8ecff495999cb7db90953942292e21a71d390faae9efb3,mp_gzip_json_monty_to_baderkit_grid,1756160,14049280,0.0,10.0,39010.8558559,436713,32.17051015197624,1.0,1.0,3521.391513396238,430.0713315888726,5.684341886080803e-14,0.0009566326530612,0.0,-0.0009566326530612,0.0568615419999787,0.1013358510000443,28155,862469,6,32
mp-32108,bulk,Mo2P3O11,Materials Project,f88e54d4a9f0c98ebd8ecff495999cb7db90953942292e21a71d390faae9efb3,mp_gzip_json_monty_to_baderkit_grid,1756160,14049280,2.0,1e-07,0.0003901085585589,3256597,4.3140984285129536,1.0,1.0,3521.391513396238,430.0713315888726,5.684341886080803e-14,0.0009566326530612,0.0,-0.0009566326530612,0.3067981160000386,0.1171290099999851,28155,862469,6,32
mp-32108,bulk,Mo2P3O11,Materials Project,f88e54d4a9f0c98ebd8ecff495999cb7db90953942292e21a71d390faae9efb3,mp_gzip_json_monty_to_baderkit_grid,1756160,14049280,2.0,2.1544346900318827e-07,0.0008404634114378,2977615,4.718299713025358,1.0,1.0,3521.391513396238,430.0713315888726,5.684341886080803e-14,0.0009566326530612,0.0,-0.0009566326530612,0.3075588589999825,0.1146273329999871,28155,862469,6,32
mp-32108,bulk,Mo2P3O11,Materials Project,f88e54d4a9f0c98ebd8ecff495999cb7db90953942292e21a71d390faae9efb3,mp_gzip_json_monty_to_baderkit_grid,1756160,14049280,2.0,4.641588833612782e-07,0.0018107235293042,2603638,5.39601895501602,1.0,1.0,3521.391513396238,430.0713315888726,5.684341886080803e-14,0.0009566326530612,0.0,-0.0009566326530612,0.2368874940000296,0.1210960039999804,28155,862469,6,32
mp-32108,bulk,Mo2P3O11,Materials Project,f88e54d4a9f0c98ebd8ecff495999cb7db90953942292e21a71d390faae9efb3,mp_gzip_json_monty_to_baderkit_grid,1756160,14049280,2.0,1e-06,0.0039010855855899,2301264,6.105027497931571,1.0,1.0,3521.391513396238,430.0713315888726,5.684341886080803e-14,0.0009566326530612,0.0,-0.0009566326530612,0.2153919769999674,0.1121485910000501,28155,862469,6,32
mp-32108,bulk,Mo2P3O11,Materials Project,f88e54d4a9f0c98ebd8ecff495999cb7db90953942292e21a71d390faae9efb3,mp_gzip_json_monty_to_baderkit_grid,1756160,14049280,2.0,2.1544346900318822e-06,0.0084046341143784,2009213,6.992429374088262,1.0,1.0,3521.391513396238,430.0713315888726,5.684341886080803e-14,0.0009566326530612,0.0,-0.0009566326530612,0.2175525440000001,0.111174979999987,28155,862469,6,32
mp-32108,bulk,Mo2P3O11,Materials Project,f88e54d4a9f0c98ebd8ecff495999cb7db90953942292e21a71d390faae9efb3,mp_gzip_json_monty_to_baderkit_grid,1756160,14049280,2.0,4.641588833612773e-06,0.0181072352930422,1741341,8.068080864115645,1.0,1.0,3521.391513396238,430.0713315888726,5.684341886080803e-14,0.0009566326530612,0.0,-0.0009566326530612,0.2210596099999975,0.1147862709999572,28155,862469,6,32
mp-32108,bulk,Mo2P3O11,Materials Project,f88e54d4a9f0c98ebd8ecff495999cb7db90953942292e21a71d390faae9efb3,mp_gzip_json_monty_to_baderkit_grid,1756160,14049280,2.0,1e-05,0.0390108558559,1482814,9.474741943359046,1.0,1.0,3521.391513396238,430.0713315888726,5.684341886080803e-14,0.0009566326530612,0.0,-0.0009566326530612,0.2222754820000432,0.1098215110000069,28155,862469,6,32
mp-32108,bulk,Mo2P3O11,Materials Project,f88e54d4a9f0c98ebd8ecff495999cb7db90953942292e21a71d390faae9efb3,mp_gzip_json_monty_to_baderkit_grid,1756160,14049280,2.0,2.1544346900318823e-05,0.0840463411437843,1222901,11.48848516764644,1.0,1.0,3521.391513396238,430.0713315888726,5.684341886080803e-14,0.0009566326530612,0.0,-0.0009566326530612,0.1759174150000149,0.1076966349999679,28155,862469,6,32
mp-32108,bulk,Mo2P3O11,Materials Project,f88e54d4a9f0c98ebd8ecff495999cb7db90953942292e21a71d390faae9efb3,mp_gzip_json_monty_to_baderkit_grid,1756160,14049280,2.0,4.641588833612772e-05,0.1810723529304228,1012805,13.871653477224145,1.0,1.0,3521.391513396238,430.0713315888726,5.684341886080803e-14,0.0009566326530612,0.0,-0.0009566326530612,0.1483496989999935,0.1058232620000012,28155,862469,6,32
mp-32108,bulk,Mo2P3O11,Materials Project,f88e54d4a9f0c98ebd8ecff495999cb7db90953942292e21a71d390faae9efb3,mp_gzip_json_monty_to_baderkit_grid,1756160,14049280,2.0,0.0001,0.390108558559,872698,16.098673309667262,1.0,1.0,3521.391513396238,430.0713315888726,5.684341886080803e-14,0.0009566326530612,0.0,-0.0009566326530612,0.1297510759999909,0.1152601910000044,28155,862469,6,32
mp-32108,bulk,Mo2P3O11,Materials Project,f88e54d4a9f0c98ebd8ecff495999cb7db90953942292e21a71d390faae9efb3,mp_gzip_json_monty_to_baderkit_grid,1756160,14049280,2.0,0.0002154434690031,0.8404634114378435,741823,18.93885738242141,1.0,1.0,3521.391513396238,430.0713315888726,5.684341886080803e-14,0.0009566326530612,0.0,-0.0009566326530612,0.1016754700000319,0.1104980800000134,28155,862469,6,32
mp-32108,bulk,Mo2P3O11,Materials Project,f88e54d4a9f0c98ebd8ecff495999cb7db90953942292e21a71d390faae9efb3,mp_gzip_json_monty_to_baderkit_grid,1756160,14049280,2.0,0.0004641588833612,1.8107235293042303,669065,20.99837833394364,1.0,1.0,3521.391513396238,430.0713315888726,5.684341886080803e-14,0.0009566326530612,0.0,-0.0009566326530612,0.0924652459999606,0.1078568140000015,28155,862469,6,32
mp-32108,bulk,Mo2P3O11,Materials Project,f88e54d4a9f0c98ebd8ecff495999cb7db90953942292e21a71d390faae9efb3,mp_gzip_json_monty_to_baderkit_grid,1756160,14049280,2.0,0.001,3.90108558559,602663,23.312000238939508,1.0,1.0,3521.391513396238,430.0713315888726,5.684341886080803e-14,0.0009566326530612,0.0,-0.0009566326530612,0.0790024530000437,0.1096840190000421,28155,862469,6,32
mp-32108,bulk,Mo2P3O11,Materials Project,f88e54d4a9f0c98ebd8ecff495999cb7db90953942292e21a71d390faae9efb3,mp_gzip_json_monty_to_baderkit_grid,1756160,14049280,2.0,0.0021544346900318,8.404634114378435,564459,24.889814849262745,1.0,1.0,3521.391513396238,430.0713315888726,5.684341886080803e-14,0.0009566326530612,0.0,-0.0009566326530612,0.0812575079999646,0.1080452059999856,28155,862469,6,32
mp-32108,bulk,Mo2P3O11,Materials Project,f88e54d4a9f0c98ebd8ecff495999cb7db90953942292e21a71d390faae9efb3,mp_gzip_json_monty_to_baderkit_grid,1756160,14049280,2.0,0.0046415888336127,18.10723529304229,536224,26.200393865250344,1.0,1.0,3521.391513396238,430.0713315888726,5.684341886080803e-14,0.0009566326530612,0.0,-0.0009566326530612,0.0745671320000269,0.1052825029999553,28155,862469,6,32
mp-32108,bulk,Mo2P3O11,Materials Project,f88e54d4a9f0c98ebd8ecff495999cb7db90953942292e21a71d390faae9efb3,mp_gzip_json_monty_to_baderkit_grid,1756160,14049280,2.0,0.01,39.0108558559,511032,27.49197701905165,1.0,1.0,3521.391513396238,430.0713315888726,5.684341886080803e-14,0.0009566326530612,0.0,-0.0009566326530612,0.0664297330000067,0.1062763289999679,28155,862469,6,32
mp-32108,bulk,Mo2P3O11,Materials Project,f88e54d4a9f0c98ebd8ecff495999cb7db90953942292e21a71d390faae9efb3,mp_gzip_json_monty_to_baderkit_grid,1756160,14049280,2.0,0.0215443469003188,84.04634114378435,493275,28.481638031524,1.0,1.0,3521.391513396238,430.0713315888726,5.684341886080803e-14,0.0009566326530612,0.0,-0.0009566326530612,0.0653866039999684,0.105277161999993,28155,862469,6,32
mp-32108,bulk,Mo2P3O11,Materials Project,f88e54d4a9f0c98ebd8ecff495999cb7db90953942292e21a71d390faae9efb3,mp_gzip_json_monty_to_baderkit_grid,1756160,14049280,2.0,0.0464158883361277,181.07235293042288,478853,29.339442375843944,1.0,1.0,3521.391513396238,430.0713315888726,5.684341886080803e-14,0.0009566326530612,0.0,-0.0009566326530612,0.0605967710000072,0.1046272379999777,28155,862469,6,32
mp-32108,bulk,Mo2P3O11,Materials Project,f88e54d4a9f0c98ebd8ecff495999cb7db90953942292e21a71d390faae9efb3,mp_gzip_json_monty_to_baderkit_grid,1756160,14049280,2.0,0.1,390.108558559,470743,29.844904756948058,1.0,1.0,3521.391513396238,430.0713315888726,5.684341886080803e-14,0.0009566326530612,0.0,-0.0009566326530612,0.0617499859999952,0.1050690729999814,28155,862469,6,32
mp-32108,bulk,Mo2P3O11,Materials Project,f88e54d4a9f0c98ebd8ecff495999cb7db90953942292e21a71d390faae9efb3,mp_gzip_json_monty_to_baderkit_grid,1756160,14049280,2.0,0.2154434690031882,840.4634114378435,462880,30.35188385758728,1.0,1.0,3521.391513396238,430.0713315888726,5.684341886080803e-14,0.0009566326530612,0.0,-0.0009566326530612,0.0609908569999788,0.106135547000008,28155,862469,6,32
mp-32108,bulk,Mo2P3O11,Materials Project,f88e54d4a9f0c98ebd8ecff495999cb7db90953942292e21a71d390faae9efb3,mp_gzip_json_monty_to_baderkit_grid,1756160,14049280,2.0,0.4641588833612772,1810.7235293042288,457002,30.74227246270257,1.0,1.0,3521.391513396238,430.0713315888726,5.684341886080803e-14,0.0009566326530612,0.0,-0.0009566326530612,0.060526359999983,0.1064848589999769,28155,862469,6,32
mp-32108,bulk,Mo2P3O11,Materials Project,f88e54d4a9f0c98ebd8ecff495999cb7db90953942292e21a71d390faae9efb3,mp_gzip_json_monty_to_baderkit_grid,1756160,14049280,2.0,1.0,3901.08558559,452232,31.06653222239912,1.0,1.0,3521.391513396238,430.0713315888726,5.684341886080803e-14,0.0009566326530612,0.0,-0.0009566326530612,0.0614448649999985,0.1107516939999868,28155,862469,6,32
mp-32108,bulk,Mo2P3O11,Materials Project,f88e54d4a9f0c98ebd8ecff495999cb7db90953942292e21a71d390faae9efb3,mp_gzip_json_monty_to_baderkit_grid,1756160,14049280,2.0,2.154434690031882,8404.634114378434,448224,31.34432783608196,1.0,1.0,3521.391513396238,430.0713315888726,5.684341886080803e-14,0.0009566326530612,0.0,-0.0009566326530612,0.0640084280000223,0.1028870739999661,28155,862469,6,32
mp-32108,bulk,Mo2P3O11,Materials Project,f88e54d4a9f0c98ebd8ecff495999cb7db90953942292e21a71d390faae9efb3,mp_gzip_json_monty_to_baderkit_grid,1756160,14049280,2.0,4.641588833612772,18107.23529304229,443971,31.64458939885713,1.0,1.0,3521.391513396238,430.0713315888726,5.684341886080803e-14,0.0009566326530612,0.0,-0.0009566326530612,0.058077250999986,0.1028220640000086,28155,862469,6,32
mp-32108,bulk,Mo2P3O11,Materials Project,f88e54d4a9f0c98ebd8ecff495999cb7db90953942292e21a71d390faae9efb3,mp_gzip_json_monty_to_baderkit_grid,1756160,14049280,2.0,10.0,39010.8558559,442043,31.78260938415493,1.0,1.0,3521.391513396238,430.0713315888726,5.684341886080803e-14,0.0009566326530612,0.0,-0.0009566326530612,0.0603524839999636,0.1019342939999887,28155,862469,6,32
