id,kinds,sources,n_source_files,example_source_file,n_branches
--3hBedCnC_eq9u5WzE3DpxnLsO6,nomad_entry_id,a:cohort4_exclusion_ids;b:branch_scan,5,analysis/general_qoac_electric_field/results/ENGINEERING_MANIFEST.csv,105
-1YLlCXKIJKjpOUO177k6m219XNn,nomad_entry_id,a:cohort4_exclusion_ids;b:branch_scan,4,analysis/operator_aware_codec_hartree_v02_confirm/HELDOUT_MANIFEST.csv,105
-33WrhYeNt5f2mL9IacZZBF41YbZ,nomad_entry_id,a:cohort4_exclusion_ids;b:branch_scan,3,analysis/operator_aware_codec_hartree_v02_confirm/HELDOUT_MANIFEST.csv,105
-5wLHf6mG5_KbYOB8QeIqZ3KROkN,nomad_entry_id,a:cohort4_exclusion_ids;b:branch_scan,4,analysis/operator_aware_codec_hartree_v02_confirm/HELDOUT_MANIFEST.csv,105
-B4E6JXJAJsPFR5X0kjhbiyR4wTj,nomad_entry_id,a:cohort4_exclusion_ids;b:branch_scan,2,external_test_MANIFEST.json,105
-GTGzWfdnZfMnWgJJ3eY-uk6oCoh,nomad_entry_id,a:cohort4_exclusion_ids;b:branch_scan,2,external_test_MANIFEST.json,105
-MeUbDBN9nIW5APS_uSO41nfjeFh,nomad_entry_id,a:cohort4_exclusion_ids;b:branch_scan,4,analysis/operator_aware_codec_hartree_v02_confirm/HELDOUT_MANIFEST.csv,105
-O7C25L6mxPu78IryvVreLOzQ0lQ,nomad_entry_id,a:cohort4_exclusion_ids;b:branch_scan,3,analysis/operator_aware_codec_hartree_v02_confirm/HELDOUT_MANIFEST.csv,105
-QPBOSBRk9z4QXlknhxKkSAoKPHL,nomad_entry_id,a:cohort4_exclusion_ids;b:branch_scan,2,analysis/fresh_population_20261006/P3B_CONFIRMATORY_MANIFEST.csv,22
-g_dRNdo_53Q1BdprnBoS-XZf164,nomad_entry_id,a:cohort4_exclusion_ids;b:branch_scan,4,analysis/operator_aware_codec_hartree_v02_confirm/HELDOUT_MANIFEST.csv,105
-kEaPn7WzevZ5J1Wv-hzPueMxQpW,nomad_entry_id,a:cohort4_exclusion_ids;b:branch_scan,3,analysis/operator_aware_codec_hartree_v02_confirm/HELDOUT_MANIFEST.csv,105
-maT57oivXnQDGXkUWMsPORHeH-s,nomad_entry_id,a:cohort4_exclusion_ids;b:branch_scan,3,analysis/operator_aware_codec_hartree_v02_confirm/HELDOUT_MANIFEST.csv,105
-oZxTxEUsVxMWD6M2fUqrvEAb1Wj,nomad_entry_id,a:cohort4_exclusion_ids;b:branch_scan,2,external_test_MANIFEST.json,105
-poJgwk5QnYHsg3C_a0RxriAeQU_,nomad_entry_id,a:cohort4_exclusion_ids;b:branch_scan,2,external_test_MANIFEST.json,105
-ydxPkR4Tatz5Qk7OEE7-yG7fsXP,nomad_entry_id,a:cohort4_exclusion_ids;b:branch_scan,4,analysis/operator_aware_codec_hartree_v02_confirm/HELDOUT_MANIFEST.csv,105
0-ostsntWIk9QvDNudKuXdaLlfCO,nomad_entry_id,a:cohort4_exclusion_ids;b:branch_scan,3,analysis/operator_aware_codec_hartree_v02_confirm/HELDOUT_MANIFEST.csv,105
01AsrYzXZ0cygF_rmSpP-xRQ_73W,nomad_entry_id,a:cohort4_exclusion_ids;b:branch_scan,2,external_test_MANIFEST.json,105
03AViAQBOpvVpyVJLjDA6mlbIQEz,nomad_entry_id,a:cohort4_exclusion_ids;b:branch_scan,2,external_test_MANIFEST.json,105
064_5lUOyDQIw3_hwm5t17KK4_w1,nomad_entry_id,a:cohort4_exclusion_ids;b:branch_scan,4,analysis/operator_aware_codec_hartree_v02_confirm/HELDOUT_MANIFEST.csv,105
06Maeq8yNQaK567BzN-XQWSn61WK,nomad_entry_id,a:cohort4_exclusion_ids;b:branch_scan,2,external_test_MANIFEST.json,105
0HydAdmxidgtw6_drjy0tqAVL_UG,nomad_entry_id,a:cohort4_exclusion_ids;b:branch_scan,3,analysis/operator_aware_codec_hartree_v02_confirm/HELDOUT_MANIFEST.csv,105
0J594sjoAqDWv9NurZkiPDs88w5f,nomad_entry_id,a:cohort4_exclusion_ids;b:branch_scan,3,analysis/operator_aware_codec_hartree_v02_confirm/HELDOUT_MANIFEST.csv,105
0J6F9ROgTdMT-PeqfQrVeZXEbNzh,nomad_entry_id,a:cohort4_exclusion_ids;b:branch_scan,2,external_test_MANIFEST.json,105
0JxkdxfFTtnZ2bx48MVmYTTBpJkD,nomad_entry_id,a:cohort4_exclusion_ids;b:branch_scan,3,analysis/operator_aware_codec_hartree_v02_confirm/HELDOUT_MANIFEST.csv,105
0KKvLZ7KNaqGXLLWm4BSut3PBBur,nomad_entry_id,a:cohort4_exclusion_ids;b:branch_scan,2,external_test_MANIFEST.json,105
0XHkHlmw3DQ_31aktyiWvSeDvnl-,nomad_entry_id,a:cohort4_exclusion_ids;b:branch_scan,2,external_test_MANIFEST.json,105
0a2YWO4Ir7mi7qV-Uy7e-O7Sw5rB,nomad_entry_id,a:cohort4_exclusion_ids;b:branch_scan,2,external_test_MANIFEST.json,105
0kvBRPSc8RU6BscouRQS5Hn9j7GU,nomad_entry_id,a:cohort4_exclusion_ids;b:branch_scan,4,analysis/operator_aware_codec_hartree_v02_confirm/HELDOUT_MANIFEST.csv,105
0pSeEEz7rc0Xh85xBsTA7gBPU-VN,nomad_entry_id,a:cohort4_exclusion_ids;b:branch_scan,3,analysis/operator_aware_codec_hartree_v02_confirm/HELDOUT_MANIFEST.csv,105
0qZgP0AV8Gk8lnWgOObvzOua0BsH,nomad_entry_id,a:cohort4_exclusion_ids;b:branch_scan,2,external_test_MANIFEST.json,105
0xMhYZKiiVKLfmrtAUqf0zwTh_Bx,nomad_entry_id,a:cohort4_exclusion_ids;b:branch_scan,3,analysis/operator_aware_codec_hartree_v02_confirm/HELDOUT_MANIFEST.csv,105
19wSfSWChOSIhWnZfVSxS34Sdohp,nomad_entry_id,a:cohort4_exclusion_ids;b:branch_scan,5,analysis/general_qoac_electric_field/results/ENGINEERING_MANIFEST.csv,105
1CIlfNcWTE4XsqZ4HHTetR26rGzu,nomad_entry_id,a:cohort4_exclusion_ids;b:branch_scan,3,analysis/operator_aware_codec_hartree_v02_confirm/HELDOUT_MANIFEST.csv,105
1DBJPWgjPfWOiCoLBEkyS4hGfwWE,nomad_entry_id,a:cohort4_exclusion_ids;b:branch_scan,4,analysis/operator_aware_codec_hartree_v02_confirm/HELDOUT_MANIFEST.csv,105
1Few3hG0DkatdLk66VghPthUSvpn,nomad_entry_id,a:cohort4_exclusion_ids;b:branch_scan,3,analysis/operator_aware_codec_hartree_v02_confirm/HELDOUT_MANIFEST.csv,105
1M5XVUL3-6vXIKYtq7JB0BCUEE0u,nomad_entry_id,a:cohort4_exclusion_ids;b:branch_scan,2,external_test_MANIFEST.json,105
1_3Aeqri4-hcws2iWMWA2GEShRwr,nomad_entry_id,a:cohort4_exclusion_ids;b:branch_scan,2,external_test_MANIFEST.json,105
1iTKfRU16qFoDdZpGc8_MS8IVS27,nomad_entry_id,a:cohort4_exclusion_ids;b:branch_scan,3,analysis/operator_aware_codec_hartree_v02_confirm/HELDOUT_MANIFEST.csv,105
1sSuZTi8blPOwD-GPbZfrkv19EBo,nomad_entry_id,a:cohort4_exclusion_ids;b:branch_scan,4,analysis/operator_aware_codec_hartree_v02_confirm/HELDOUT_MANIFEST.csv,105
1urv55npagDcmhvK4WG6uu0xmBR3,nomad_entry_id,a:cohort4_exclusion_ids;b:branch_scan,4,analysis/operator_aware_codec_hartree_v02_confirm/HELDOUT_MANIFEST.csv,105
1xNwoQ8q8XXIdCAZogXW-VM4YU1k,nomad_entry_id,a:cohort4_exclusion_ids;b:branch_scan,3,analysis/operator_aware_codec_hartree_v02_confirm/HELDOUT_MANIFEST.csv,105
25gGmM0frydq2fdaovXHZkFYYEEX,nomad_entry_id,a:cohort4_exclusion_ids;b:branch_scan,2,external_test_MANIFEST.json,105
28WEed2y6N1XLE-x4s2_fCedS87V,nomad_entry_id,a:cohort4_exclusion_ids;b:branch_scan,3,analysis/operator_aware_codec_hartree_v02_confirm/HELDOUT_MANIFEST.csv,105
2A-QzAIQ7zUiADWeKc64Q397ACnj,nomad_entry_id,a:cohort4_exclusion_ids;b:branch_scan,2,external_test_MANIFEST.json,105
2C9dg1L8liw7RQrqbOi7Nx01kPba,nomad_entry_id,a:cohort4_exclusion_ids;b:branch_scan,3,analysis/operator_aware_codec_hartree_v02_confirm/HELDOUT_MANIFEST.csv,105
2H4rlyMxb2LtDEefbeGEhgyG0d1H,nomad_entry_id,a:cohort4_exclusion_ids;b:branch_scan,2,external_test_MANIFEST.json,105
2KcZ7wrCEYsvXHZxhY0ox1MnW5oQ,nomad_entry_id,a:cohort4_exclusion_ids;b:branch_scan,2,external_test_MANIFEST.json,105
2OB-b56O56z1by2lEUzpMdQPnitm,nomad_entry_id,a:cohort4_exclusion_ids;b:branch_scan,2,external_test_MANIFEST.json,105
2iwRdQb9gzT1V2aU1BfyDWhtIAqu,nomad_entry_id,a:cohort4_exclusion_ids;b:branch_scan,4,analysis/operator_aware_codec_hartree_v02_confirm/HELDOUT_MANIFEST.csv,105
36OeWXGAtZ8e3Lc0H3APasGehLhY,nomad_entry_id,a:cohort4_exclusion_ids;b:branch_scan,2,external_test_MANIFEST.json,105
3Api7db6z5lUx0XHZoN_cz5cZrqr,nomad_entry_id,a:cohort4_exclusion_ids;b:branch_scan,2,external_test_MANIFEST.json,105
3I6dBXihz7G1zW-1JJhYAYzj7cig,nomad_entry_id,a:cohort4_exclusion_ids;b:branch_scan,2,external_test_MANIFEST.json,105
3Rqsfa2-hyu7wPR9mpr2IDigMKSU,nomad_entry_id,a:cohort4_exclusion_ids;b:branch_scan,4,analysis/operator_aware_codec_hartree_v02_confirm/HELDOUT_MANIFEST.csv,105
3ermMygSkKxTqFOXBXN-LtiuOkI1,nomad_entry_id,a:cohort4_exclusion_ids;b:branch_scan,3,analysis/operator_aware_codec_hartree_v02_confirm/HELDOUT_MANIFEST.csv,105
3h-SYwcAlhgZvBEYfKYz_AJKufhf,nomad_entry_id,a:cohort4_exclusion_ids;b:branch_scan,2,external_test_MANIFEST.json,105
3l4MNOykb4O5LmNOovXpaBWj0A7U,nomad_entry_id,a:cohort4_exclusion_ids;b:branch_scan,2,external_test_MANIFEST.json,105
3wOOZLfv7lb_MtWqvQBnnadiksDe,nomad_entry_id,a:cohort4_exclusion_ids;b:branch_scan,2,analysis/fresh_population_20261006/P3B_CONFIRMATORY_MANIFEST.csv,22
4-v5dMHX5BhPJ-bLVRS1vRzUj4_4,nomad_entry_id,a:cohort4_exclusion_ids;b:branch_scan,2,external_test_MANIFEST.json,105
48ChW422P29gl1JQkf32WkWDIO3I,nomad_entry_id,a:cohort4_exclusion_ids;b:branch_scan,2,external_test_MANIFEST.json,105
4BR68d4gtTyqj61pcgpHDM0xTgiT,nomad_entry_id,a:cohort4_exclusion_ids;b:branch_scan,4,analysis/operator_aware_codec_hartree_v02_confirm/HELDOUT_MANIFEST.csv,105
4CA6DwNaypkTbPgFrrrbpBElshpl,nomad_entry_id,a:cohort4_exclusion_ids;b:branch_scan,3,analysis/operator_aware_codec_hartree_v02_confirm/HELDOUT_MANIFEST.csv,105
4TmN2lwz6DHxR6TSPnfMh8PMH2zH,nomad_entry_id,a:cohort4_exclusion_ids;b:branch_scan,3,analysis/operator_aware_codec_hartree_v02_confirm/HELDOUT_MANIFEST.csv,105
4U-g_t9kIPQS4S-Q7QHt8k3XWvUE,nomad_entry_id,a:cohort4_exclusion_ids;b:branch_scan,4,analysis/operator_aware_codec_hartree_v02_confirm/HELDOUT_MANIFEST.csv,105
4VDDyQdQUYnliXDOv1MLADmDWx6S,nomad_entry_id,a:cohort4_exclusion_ids;b:branch_scan,2,external_test_MANIFEST.json,105
4hOaTvLmAUuc5iPGxAiaNOFbM8V4,nomad_entry_id,a:cohort4_exclusion_ids;b:branch_scan,3,analysis/operator_aware_codec_hartree_v02_confirm/HELDOUT_MANIFEST.csv,105
4khM-ZQ6rM_L0hvUkbE774oejFR6,nomad_entry_id,a:cohort4_exclusion_ids;b:branch_scan,4,analysis/operator_aware_codec_hartree_v02_confirm/HELDOUT_MANIFEST.csv,105
54HlfCLZu2_89VEGy5le1i1kjUwf,nomad_entry_id,a:cohort4_exclusion_ids;b:branch_scan,2,external_test_MANIFEST.json,105
5HCYH3PtBIoRtqcfcbQ8dhdurjwD,nomad_entry_id,a:cohort4_exclusion_ids;b:branch_scan,3,analysis/operator_aware_codec_hartree_v02_confirm/HELDOUT_MANIFEST.csv,105
5_7vAQzUevH0ZIVt6RGK4Rw0ZM4m,nomad_entry_id,a:cohort4_exclusion_ids;b:branch_scan,4,analysis/operator_aware_codec_hartree_v02_confirm/HELDOUT_MANIFEST.csv,105
61GFUgm3lTUgGH6G_Mei1KS-nqo3,nomad_entry_id,a:cohort4_exclusion_ids;b:branch_scan,3,analysis/operator_aware_codec_hartree_v02_confirm/HELDOUT_MANIFEST.csv,105
6o4AmsigmNP5f6GEgd4FFIZ_m9QL,nomad_entry_id,a:cohort4_exclusion_ids;b:branch_scan,4,analysis/operator_aware_codec_hartree_v02_confirm/HELDOUT_MANIFEST.csv,105
6x45-ylTvOvZbYaMUEh_eAdUJk_2,nomad_entry_id,a:cohort4_exclusion_ids;b:branch_scan,4,analysis/operator_aware_codec_hartree_v02_confirm/HELDOUT_MANIFEST.csv,105
7OdXN2bFHmUg5TN1LhKdOyYGkvKr,nomad_entry_id,a:cohort4_exclusion_ids;b:branch_scan,4,analysis/operator_aware_codec_hartree_v02_confirm/HELDOUT_MANIFEST.csv,105
8Hl4JATTj5FpE7ZwhC5I-CPm2wag,nomad_entry_id,a:cohort4_exclusion_ids;b:branch_scan,3,analysis/operator_aware_codec_hartree_v02_confirm/HELDOUT_MANIFEST.csv,105
8ZPelCNdN_TR9zEl1-InGqc4mVAc,nomad_entry_id,a:cohort4_exclusion_ids;b:branch_scan,3,analysis/operator_aware_codec_hartree_v02_confirm/HELDOUT_MANIFEST.csv,105
8eTSyDPSGSwyJ5h4mq6skTudjmtr,nomad_entry_id,a:cohort4_exclusion_ids;b:branch_scan,5,analysis/general_qoac_electric_field/results/ENGINEERING_MANIFEST.csv,105
8tU1rEspJ26TR9QrAcUf5e3AWm6I,nomad_entry_id,a:cohort4_exclusion_ids;b:branch_scan,5,analysis/operator_aware_codec_hartree_v02_confirm/HELDOUT_MANIFEST.csv,105
9jQMkfdCbgX_t4ObwHqcJpTCNQ6R,nomad_entry_id,a:cohort4_exclusion_ids;b:branch_scan,4,analysis/operator_aware_codec_hartree_v02_confirm/HELDOUT_MANIFEST.csv,105
9xtsrVZD5SSK6qw8aebwrhu_zsal,nomad_entry_id,a:cohort4_exclusion_ids;b:branch_scan,3,analysis/operator_aware_codec_hartree_v02_confirm/HELDOUT_MANIFEST.csv,105
A5zDMCxBBUYcbRsTomTilZzwhXu1,nomad_entry_id,a:cohort4_exclusion_ids;b:branch_scan,4,analysis/operator_aware_codec_hartree_v02_confirm/HELDOUT_MANIFEST.csv,105
AUrOZMeLzRg55a1hTW_6Kqd0wFfv,nomad_entry_id,a:cohort4_exclusion_ids;b:branch_scan,3,analysis/operator_aware_codec_hartree_v02_confirm/HELDOUT_MANIFEST.csv,105
BGv3HMr4F-YZpZG89S_44dNPvNVg,nomad_entry_id,a:cohort4_exclusion_ids;b:branch_scan,2,analysis/fresh_population_20261006/P3B_CONFIRMATORY_MANIFEST.csv,22
BLbUQWtMdS99DMVccXvaEXoG-Zm7,nomad_entry_id,a:cohort4_exclusion_ids;b:branch_scan,2,analysis/fresh_population_20261006/P3B_CONFIRMATORY_MANIFEST.csv,22
BMoyqNd6y06XZ0afe2bTwEUFLcGz,nomad_entry_id,a:cohort4_exclusion_ids;b:branch_scan,4,analysis/operator_aware_codec_hartree_v02_confirm/HELDOUT_MANIFEST.csv,105
BbyKgzzvPkrIXDa89zEVCXUm1ybz,nomad_entry_id,a:cohort4_exclusion_ids;b:branch_scan,3,analysis/operator_aware_codec_hartree_v02_confirm/HELDOUT_MANIFEST.csv,105
BiuRBghVF7nspxX4NkM7oOW8KjtB,nomad_entry_id,a:cohort4_exclusion_ids;b:branch_scan,5,analysis/general_qoac_electric_field/results/ENGINEERING_MANIFEST.csv,105
C-8aMchGaf7PeZ41XTG1Kciwe5Kk,nomad_entry_id,a:cohort4_exclusion_ids;b:branch_scan,2,analysis/fresh_population_20261006/P3B_CONFIRMATORY_MANIFEST.csv,22
CHORxT-fP4dVl696SWM_5DvmVBcH,nomad_entry_id,a:cohort4_exclusion_ids;b:branch_scan,3,analysis/operator_aware_codec_hartree_v02_confirm/HELDOUT_MANIFEST.csv,105
CVWFkEoST7FXXfl65vJK4wwFoVv1,nomad_entry_id,a:cohort4_exclusion_ids;b:branch_scan,2,analysis/fresh_population_20261006/P3B_CONFIRMATORY_MANIFEST.csv,22
DcwYU1UzKNe8U2KmsnBaea6HcEIN,nomad_entry_id,a:cohort4_exclusion_ids;b:branch_scan,2,analysis/fresh_population_20261006/P3B_CONFIRMATORY_MANIFEST.csv,22
DfpU7vvNQ-VokGRYDDgQjyRAuYFH,nomad_entry_id,a:cohort4_exclusion_ids;b:branch_scan,2,analysis/fresh_population_20261006/P3B_CONFIRMATORY_MANIFEST.csv,22
E0rr8BI_hRlRX3acTPt0zMtbDmcm,nomad_entry_id,a:cohort4_exclusion_ids;b:branch_scan,3,analysis/operator_aware_codec_hartree_v02_confirm/HELDOUT_MANIFEST.csv,105
Ek0B30z0bVyPO_1RTKVsDPaIU5CT,nomad_entry_id,a:cohort4_exclusion_ids;b:branch_scan,5,analysis/general_qoac_electric_field/results/ENGINEERING_MANIFEST.csv,105
FPTBoTAPMQA8Ch6K4d4RtZwX0Jt9,nomad_entry_id,a:cohort4_exclusion_ids;b:branch_scan,4,analysis/operator_aware_codec_hartree_v02_confirm/HELDOUT_MANIFEST.csv,105
FVlJ8rpkyGT5Kn2s6ltxNmis9e6e,nomad_entry_id,a:cohort4_exclusion_ids;b:branch_scan,4,analysis/operator_aware_codec_hartree_v02_confirm/HELDOUT_MANIFEST.csv,105
G-yDaY8qmw5_MT4uHly80QrOcSxV,nomad_entry_id,a:cohort4_exclusion_ids;b:branch_scan,2,analysis/fresh_population_20261006/P3B_CONFIRMATORY_MANIFEST.csv,22
HBS2HtxtLfiruLvig5LmqdBi15MG,nomad_entry_id,b:branch_scan,1,analysis/hb_slab_nomad_wide_20261007/selection/qc.csv,1
HCM86CvqrAFubBcR19D9EEYK-fjH,nomad_entry_id,a:cohort4_exclusion_ids;b:branch_scan,2,analysis/fresh_population_20261006/P3B_CONFIRMATORY_MANIFEST.csv,22
IZPVe_A6_quStfuserAGgimQ2c0K,nomad_entry_id,a:cohort4_exclusion_ids;b:branch_scan,2,analysis/fresh_population_20261006/P3B_CONFIRMATORY_MANIFEST.csv,22
LrN9n4bPf5nW-D86HB8WtCB7sc6A,nomad_entry_id,b:branch_scan,1,analysis/hb_slab_nomad_wide_20261007/selection/qc.csv,1
Lt4FFQvyPw8a1ILXFHu9c-52euVj,nomad_entry_id,a:cohort4_exclusion_ids;b:branch_scan,2,analysis/fresh_population_20261006/P3B_CONFIRMATORY_MANIFEST.csv,22
M8BV9zowas8wUE0XaPRMfE_FYprJ,nomad_entry_id,a:cohort4_exclusion_ids;b:branch_scan,3,analysis/operator_aware_codec_hartree_v02_confirm/HELDOUT_MANIFEST.csv,105
MgLl-OZz9clrtySV8xWXWi2Y92KU,nomad_entry_id,a:cohort4_exclusion_ids;b:branch_scan,4,analysis/operator_aware_codec_hartree_v02_confirm/HELDOUT_MANIFEST.csv,105
NOOih6wwVxT5uZ5Z3aTYjqz2oEzU,nomad_entry_id,a:cohort4_exclusion_ids;b:branch_scan,2,analysis/fresh_population_20261006/P3B_CONFIRMATORY_MANIFEST.csv,22
OLo5BGMUENyWxxF1LRPh87QoSVtm,nomad_entry_id,a:cohort4_exclusion_ids;b:branch_scan,2,analysis/fresh_population_20261006/P3B_CONFIRMATORY_MANIFEST.csv,22
O_yuQGDsVTCxm-SJ8SrY9VWpCIe-,nomad_entry_id,a:cohort4_exclusion_ids;b:branch_scan,2,analysis/fresh_population_20261006/P3B_CONFIRMATORY_MANIFEST.csv,22
Q4xDULo89hwdIcJlNUNdu3sQgXO1,nomad_entry_id,a:cohort4_exclusion_ids;b:branch_scan,3,analysis/operator_aware_codec_hartree_v02_confirm/HELDOUT_MANIFEST.csv,105
SzuB_oB4XzfTWnGQIiTiG6WbphRM,nomad_entry_id,a:cohort4_exclusion_ids;b:branch_scan,3,analysis/operator_aware_codec_hartree_v02_confirm/HELDOUT_MANIFEST.csv,105
TO4qClRVnN87eR7b2jI7pusgtDf3,nomad_entry_id,b:branch_scan,1,analysis/hb_slab_nomad_wide_20261007/selection/qc.csv,1
TSS0Y8O9xp8A-gOyK8jt6DNG5KJm,nomad_entry_id,a:cohort4_exclusion_ids;b:branch_scan,2,analysis/fresh_population_20261006/P3B_CONFIRMATORY_MANIFEST.csv,22
VNlX3_0OCG9wCnlEhR2y6lXGDM9y,nomad_entry_id,a:cohort4_exclusion_ids;b:branch_scan,3,analysis/operator_aware_codec_hartree_v02_confirm/HELDOUT_MANIFEST.csv,105
ViaCyatoI3FA6DXSI94n9SRDzdCi,nomad_entry_id,a:cohort4_exclusion_ids;b:branch_scan,2,analysis/fresh_population_20261006/P3B_CONFIRMATORY_MANIFEST.csv,22
VyA9ivUfcKNRhWhgF8wThRlp73SH,nomad_entry_id,a:cohort4_exclusion_ids;b:branch_scan,4,analysis/operator_aware_codec_hartree_v02_confirm/HELDOUT_MANIFEST.csv,105
WjYAcipcgiRI5PX0MkpKutLulu_z,nomad_entry_id,a:cohort4_exclusion_ids;b:branch_scan,5,analysis/general_qoac_electric_field/results/ENGINEERING_MANIFEST.csv,105
Z7Uu-1P6k4r9viZubQMx939aybOb,nomad_entry_id,a:cohort4_exclusion_ids;b:branch_scan,4,analysis/operator_aware_codec_hartree_v02_confirm/HELDOUT_MANIFEST.csv,105
ZvTQv6REajO4sxs5U_DFwlIRX-9-,nomad_entry_id,a:cohort4_exclusion_ids;b:branch_scan,4,analysis/operator_aware_codec_hartree_v02_confirm/HELDOUT_MANIFEST.csv,105
ZzgnSZOSnag2fFXUdFc89jputXQB,nomad_entry_id,a:cohort4_exclusion_ids;b:branch_scan,2,analysis/fresh_population_20261006/P3B_CONFIRMATORY_MANIFEST.csv,22
_fUYI1lVch5JPNi7yGzbp14jBppB,nomad_entry_id,b:branch_scan,1,analysis/hb_slab_aeccar_cohort_20261007/manifest.csv,5
a3nHf0dBA8BKXOXRCeVqybcg-wGB,nomad_entry_id,a:cohort4_exclusion_ids;b:branch_scan,2,analysis/fresh_population_20261006/P3B_CONFIRMATORY_MANIFEST.csv,22
bEMTXRvdLPTuhJhlafH9g8f-S4bd,nomad_entry_id,a:cohort4_exclusion_ids;b:branch_scan,2,analysis/fresh_population_20261006/P3B_CONFIRMATORY_MANIFEST.csv,22
bUeGvZ6vwC_l9CFIbGtNEmDorniC,nomad_entry_id,a:cohort4_exclusion_ids;b:branch_scan,2,analysis/fresh_population_20261006/P3B_CONFIRMATORY_MANIFEST.csv,22
deLeLsqokf9I3Tl7Zjf8p4z4ajat,nomad_entry_id,a:cohort4_exclusion_ids;b:branch_scan,2,analysis/fresh_population_20261006/P3B_CONFIRMATORY_MANIFEST.csv,22
eKxYecHu4VTkoqqRPT2ddRzTCY43,nomad_entry_id,b:branch_scan,2,analysis/hb_slab_nomad_wide_20261007/manifest.csv,1
g7Z9ilV401H7K1_FCuT83Y2t_9QN,nomad_entry_id,a:cohort4_exclusion_ids;b:branch_scan,2,analysis/fresh_population_20261006/P3B_CONFIRMATORY_MANIFEST.csv,22
gPlluuEHW2NDKnVMBb-68W6rK_Wn,nomad_entry_id,a:cohort4_exclusion_ids;b:branch_scan,2,analysis/fresh_population_20261006/P3B_CONFIRMATORY_MANIFEST.csv,22
hYJ7QAq46DqB2NMmoYr6LAHEwQv2,nomad_entry_id,a:cohort4_exclusion_ids;b:branch_scan,2,analysis/fresh_population_20261006/P3B_CONFIRMATORY_MANIFEST.csv,22
hk3gUBk-5QN5DgoiFUWeMkmDpI9m,nomad_entry_id,a:cohort4_exclusion_ids;b:branch_scan,2,analysis/fresh_population_20261006/P3B_CONFIRMATORY_MANIFEST.csv,22
m7gXW2lzlXK2TsVirA1BAWfRCDew,nomad_entry_id,b:branch_scan,1,analysis/hb_slab_aeccar_cohort_20261007/manifest.csv,5
mp-1,mp_id;mp_task_id_s3_url,a:cohort4_exclusion_ids;b:branch_scan,2,analysis/qoac_b3_design/test_run_real_engineering.py,21
mp-1007755,mp_id,a:cohort4_exclusion_ids;b:branch_scan,104,RESULTS.md,105
mp-1009084,mp_id,a:cohort4_exclusion_ids;b:branch_scan,88,analysis/extensions_20260928/WP-A/material_risk.csv,105
mp-1023939,mp_id,a:cohort4_exclusion_ids;b:branch_scan,1,external_test_MANIFEST.json,105
mp-1025291,mp_id,a:cohort4_exclusion_ids;b:branch_scan,15,analysis/fresh_population_20261006/P1_CONFIRMATORY_MANIFEST.csv,24
mp-1025517,mp_id,a:cohort4_exclusion_ids;b:branch_scan,83,analysis/extensions_20260928/WP-A/material_risk.csv,105
mp-1036731,mp_id,a:cohort4_exclusion_ids;b:branch_scan,75,analysis/extensions_20260928/WP-A/material_risk.csv,105
mp-1038991,mp_id,a:cohort4_exclusion_ids;b:branch_scan,78,analysis/extensions_20260928/WP-A/material_risk.csv,105
mp-1039028,mp_id,a:cohort4_exclusion_ids;b:branch_scan,72,analysis/extensions_20260928/WP-A/material_risk.csv,105
mp-1041800,mp_id,a:cohort4_exclusion_ids;b:branch_scan,75,analysis/extensions_20260928/WP-A/material_risk.csv,105
mp-1044003,mp_id,a:cohort4_exclusion_ids;b:branch_scan,84,analysis/extensions_20260928/WP-A/material_risk.csv,105
mp-1044463,mp_id,a:cohort4_exclusion_ids;b:branch_scan,76,analysis/extensions_20260928/WP-A/material_risk.csv,105
mp-1046632,mp_id,a:cohort4_exclusion_ids;b:branch_scan,78,analysis/extensions_20260928/WP-A/material_risk.csv,105
mp-1058119,mp_id,a:cohort4_exclusion_ids;b:branch_scan,8,analysis/fresh_population_20261006/P2_CONFIRMATORY_MANIFEST.csv,26
mp-1065204,mp_id,a:cohort4_exclusion_ids;b:branch_scan,94,.github/workflows/test_decision_layer.yml,105
mp-1069461,mp_id,a:cohort4_exclusion_ids;b:branch_scan,107,analysis/extensions_20260928/WP-A/material_risk.csv,105
mp-10728,mp_id,a:cohort4_exclusion_ids;b:branch_scan,1,analysis/fresh_population_20261006/attempts.csv,24
mp-10761,mp_id,a:cohort4_exclusion_ids;b:branch_scan,107,analysis/extensions_20260928/WP-A/material_risk.csv,105
mp-1077125,mp_id,a:cohort4_exclusion_ids;b:branch_scan,98,analysis/extensions_20260928/WP-A/material_risk.csv,105
mp-1077596,mp_id,a:cohort4_exclusion_ids;b:branch_scan,96,analysis/extensions_20260928/WP-A/material_risk.csv,105
mp-1077928,mp_id,a:cohort4_exclusion_ids;b:branch_scan,8,analysis/fresh_population_20261006/P2_CONFIRMATORY_MANIFEST.csv,26
mp-1078524,mp_id,a:cohort4_exclusion_ids;b:branch_scan,99,analysis/extensions_20260928/WP-A/material_risk.csv,105
mp-1079749,mp_id,a:cohort4_exclusion_ids;b:branch_scan,94,analysis/extensions_20260928/WP-A/material_risk.csv,105
mp-10948,mp_id,a:cohort4_exclusion_ids;b:branch_scan,1,analysis/fresh_population_20261006/attempts.csv,24
mp-1094905,mp_id,a:cohort4_exclusion_ids;b:branch_scan,82,analysis/extensions_20260928/WP-A/material_risk.csv,105
mp-1096987,mp_id,a:cohort4_exclusion_ids;b:branch_scan,62,analysis/extensions_20260928/WP-A/material_risk.csv,105
mp-1097014,mp_id,a:cohort4_exclusion_ids;b:branch_scan,80,analysis/extensions_20260928/WP-A/material_risk.csv,105
mp-1100976,mp_id,a:cohort4_exclusion_ids;b:branch_scan,86,analysis/extensions_20260928/WP-A/material_risk.csv,105
mp-1102404,mp_id,a:cohort4_exclusion_ids;b:branch_scan,15,analysis/fresh_population_20261006/P1_CONFIRMATORY_MANIFEST.csv,24
mp-1103974,mp_id,a:cohort4_exclusion_ids;b:branch_scan,104,.github/workflows/qoac_v03_engineering.yml,105
mp-1104614,mp_id,a:cohort4_exclusion_ids;b:branch_scan,77,analysis/extensions_20260928/WP-A/material_risk.csv,105
mp-1105871,mp_id,a:cohort4_exclusion_ids;b:branch_scan,76,analysis/extensions_20260928/WP-A/material_risk.csv,105
mp-1111338,mp_id,a:cohort4_exclusion_ids;b:branch_scan,78,analysis/extensions_20260928/WP-A/material_risk.csv,105
mp-1112138,mp_id,a:cohort4_exclusion_ids;b:branch_scan,77,RESULTS.md,105
mp-1114492,mp_id,a:cohort4_exclusion_ids;b:branch_scan,107,analysis/extensions_20260928/WP-A/material_risk.csv,105
mp-11306,mp_id,a:cohort4_exclusion_ids;b:branch_scan,98,analysis/extensions_20260928/WP-A/material_risk.csv,105
mp-11419,mp_id,a:cohort4_exclusion_ids;b:branch_scan,103,analysis/extensions_20260928/WP-A/material_risk.csv,105
mp-1173587,mp_id,a:cohort4_exclusion_ids;b:branch_scan,75,analysis/extensions_20260928/WP-A/material_risk.csv,105
mp-1174037,mp_id,a:cohort4_exclusion_ids;b:branch_scan,78,analysis/extensions_20260928/WP-A/material_risk.csv,105
mp-1175088,mp_id,a:cohort4_exclusion_ids;b:branch_scan,78,analysis/extensions_20260928/WP-A/material_risk.csv,105
mp-1175263,mp_id,a:cohort4_exclusion_ids;b:branch_scan,88,analysis/extensions_20260928/WP-A/material_risk.csv,105
mp-1177023,mp_id,a:cohort4_exclusion_ids;b:branch_scan,76,analysis/extensions_20260928/WP-A/material_risk.csv,105
mp-1178256,mp_id,a:cohort4_exclusion_ids;b:branch_scan,85,analysis/extensions_20260928/WP-A/material_risk.csv,105
mp-1178447,mp_id,a:cohort4_exclusion_ids;b:branch_scan,78,analysis/extensions_20260928/WP-A/material_risk.csv,105
mp-1184653,mp_id,a:cohort4_exclusion_ids;b:branch_scan,77,analysis/extensions_20260928/WP-A/material_risk.csv,105
mp-1187017,mp_id,a:cohort4_exclusion_ids;b:branch_scan,75,analysis/extensions_20260928/WP-A/material_risk.csv,105
mp-1187022,mp_id,a:cohort4_exclusion_ids;b:branch_scan,95,analysis/extensions_20260928/WP-A/material_risk.csv,105
mp-1187279,mp_id,a:cohort4_exclusion_ids;b:branch_scan,75,analysis/extensions_20260928/WP-A/material_risk.csv,105
mp-1187638,mp_id,a:cohort4_exclusion_ids;b:branch_scan,100,analysis/extensions_20260928/WP-A/material_risk.csv,105
mp-1188002,mp_id,a:cohort4_exclusion_ids;b:branch_scan,128,.github/workflows/qoac_v03_engineering.yml,105
mp-1192831,mp_id,a:cohort4_exclusion_ids;b:branch_scan,96,analysis/extensions_20260928/WP-A/material_risk.csv,105
mp-1193567,mp_id,a:cohort4_exclusion_ids;b:branch_scan,94,analysis/extensions_20260928/WP-A/material_risk.csv,105
mp-1194734,mp_id,a:cohort4_exclusion_ids;b:branch_scan,86,analysis/extensions_20260928/WP-A/material_risk.csv,105
mp-1197354,mp_id,a:cohort4_exclusion_ids;b:branch_scan,77,analysis/extensions_20260928/WP-A/material_risk.csv,105
mp-1199510,mp_id,a:cohort4_exclusion_ids;b:branch_scan,75,analysis/extensions_20260928/WP-A/material_risk.csv,105
mp-1200041,mp_id,a:cohort4_exclusion_ids;b:branch_scan,75,analysis/extensions_20260928/WP-A/material_risk.csv,105
mp-1200429,mp_id,a:cohort4_exclusion_ids;b:branch_scan,66,analysis/extensions_20260928/WP-A/material_risk.csv,105
mp-1205681,mp_id,a:cohort4_exclusion_ids;b:branch_scan,108,analysis/extensions_20260928/WP-A/material_risk.csv,105
mp-1206294,mp_id,a:cohort4_exclusion_ids;b:branch_scan,77,analysis/extensions_20260928/WP-A/material_risk.csv,105
mp-1206630,mp_id,a:cohort4_exclusion_ids;b:branch_scan,77,analysis/extensions_20260928/WP-A/material_risk.csv,105
mp-1207275,mp_id,a:cohort4_exclusion_ids;b:branch_scan,70,analysis/extensions_20260928/WP-A/material_risk.csv,105
mp-1209117,mp_id,a:cohort4_exclusion_ids;b:branch_scan,72,analysis/extensions_20260928/WP-A/material_risk.csv,105
mp-1209933,mp_id,a:cohort4_exclusion_ids;b:branch_scan,89,analysis/extensions_20260928/WP-A/material_risk.csv,105
mp-1211145,mp_id,a:cohort4_exclusion_ids;b:branch_scan,77,analysis/extensions_20260928/WP-A/material_risk.csv,105
mp-1211797,mp_id,a:cohort4_exclusion_ids;b:branch_scan,75,analysis/extensions_20260928/WP-A/material_risk.csv,105
mp-12129,mp_id,a:cohort4_exclusion_ids;b:branch_scan,15,analysis/fresh_population_20261006/P1_CONFIRMATORY_MANIFEST.csv,24
mp-1213918,mp_id,a:cohort4_exclusion_ids;b:branch_scan,78,analysis/extensions_20260928/WP-A/material_risk.csv,105
mp-1215324,mp_id,a:cohort4_exclusion_ids;b:branch_scan,74,analysis/extensions_20260928/WP-A/material_risk.csv,105
mp-1218887,mp_id,a:cohort4_exclusion_ids;b:branch_scan,100,analysis/extensions_20260928/WP-A/material_risk.csv,105
mp-1219705,mp_id,a:cohort4_exclusion_ids;b:branch_scan,83,analysis/extensions_20260928/WP-A/material_risk.csv,105
mp-1222924,mp_id,a:cohort4_exclusion_ids;b:branch_scan,74,analysis/extensions_20260928/WP-A/material_risk.csv,105
mp-1223327,mp_id,a:cohort4_exclusion_ids;b:branch_scan,73,analysis/extensions_20260928/WP-A/material_risk.csv,105
mp-1223939,mp_id,a:cohort4_exclusion_ids;b:branch_scan,85,analysis/extensions_20260928/WP-A/material_risk.csv,105
mp-1224859,mp_id,a:cohort4_exclusion_ids;b:branch_scan,102,analysis/extensions_20260928/WP-A/material_risk.csv,105
mp-1225264,mp_id,a:cohort4_exclusion_ids;b:branch_scan,76,analysis/extensions_20260928/WP-A/material_risk.csv,105
mp-1226636,mp_id,a:cohort4_exclusion_ids;b:branch_scan,80,analysis/extensions_20260928/WP-A/material_risk.csv,105
mp-1228245,mp_id,a:cohort4_exclusion_ids;b:branch_scan,77,analysis/extensions_20260928/WP-A/material_risk.csv,105
mp-1232323,mp_id,a:cohort4_exclusion_ids;b:branch_scan,104,analysis/extensions_20260928/WP-A/material_risk.csv,105
mp-12406,mp_id,a:cohort4_exclusion_ids;b:branch_scan,102,analysis/extensions_20260928/WP-A/material_risk.csv,105
mp-1245841,mp_id,a:cohort4_exclusion_ids;b:branch_scan,69,analysis/extensions_20260928/WP-A/material_risk.csv,105
mp-1246480,mp_id,a:cohort4_exclusion_ids;b:branch_scan,83,analysis/extensions_20260928/WP-A/material_risk.csv,105
mp-1246536,mp_id,a:cohort4_exclusion_ids;b:branch_scan,76,analysis/extensions_20260928/WP-A/material_risk.csv,105
mp-1246548,mp_id,a:cohort4_exclusion_ids;b:branch_scan,82,analysis/extensions_20260928/WP-A/material_risk.csv,105
mp-1247173,mp_id,a:cohort4_exclusion_ids;b:branch_scan,78,analysis/extensions_20260928/WP-A/material_risk.csv,105
mp-1261118,mp_id,a:cohort4_exclusion_ids;b:branch_scan,86,analysis/extensions_20260928/WP-A/material_risk.csv,105
mp-1296,mp_id,a:cohort4_exclusion_ids;b:branch_scan,63,analysis/extensions_20260928/WP-A/material_risk.csv,105
mp-1300873,mp_id,a:cohort4_exclusion_ids;b:branch_scan,103,analysis/extensions_20260928/WP-A/material_risk.csv,105
mp-1303576,mp_id,a:cohort4_exclusion_ids;b:branch_scan,89,analysis/extensions_20260928/WP-A/material_risk.csv,105
mp-13496,mp_id,a:cohort4_exclusion_ids;b:branch_scan,8,analysis/fresh_population_20261006/P2_CONFIRMATORY_MANIFEST.csv,26
mp-1369222,mp_id,a:cohort4_exclusion_ids;b:branch_scan,75,analysis/extensions_20260928/WP-A/material_risk.csv,105
mp-1388393,mp_id,a:cohort4_exclusion_ids;b:branch_scan,75,analysis/extensions_20260928/WP-A/material_risk.csv,105
mp-1399089,mp_id,a:cohort4_exclusion_ids;b:branch_scan,99,analysis/extensions_20260928/WP-A/material_risk.csv,105
mp-1524958,mp_id;mp_task_id_s3_url,a:cohort4_exclusion_ids;b:branch_scan,8,analysis/fresh_population_20261006/P2_CONFIRMATORY_MANIFEST.csv,26
mp-1525410,mp_task_id_s3_url,a:cohort4_exclusion_ids;b:branch_scan,2,analysis/extensions_20260930/WP-F/results_laptop/checkpoints/mp-1525410.json,73
mp-1536597,mp_task_id_s3_url,a:cohort4_exclusion_ids;b:branch_scan,2,analysis/extensions_20260930/WP-F/results_laptop/checkpoints/mp-1536597.json,73
mp-1538442,mp_id;mp_task_id_s3_url,a:cohort4_exclusion_ids;b:branch_scan,15,analysis/extensions_20260930/WP-F/frame.csv.gz,105
mp-1543577,mp_task_id_s3_url,a:cohort4_exclusion_ids;b:branch_scan,2,analysis/extensions_20260930/WP-F/results_laptop/checkpoints/mp-1543577.json,73
mp-1546707,mp_id;mp_task_id_s3_url,a:cohort4_exclusion_ids;b:branch_scan,8,analysis/fresh_population_20261006/P2_CONFIRMATORY_MANIFEST.csv,26
mp-1546742,mp_task_id_s3_url,a:cohort4_exclusion_ids;b:branch_scan,2,analysis/extensions_20260930/WP-F/results_laptop/checkpoints/mp-1546742.json,73
mp-1546933,mp_task_id_s3_url,a:cohort4_exclusion_ids;b:branch_scan,2,analysis/extensions_20260930/WP-F/results_laptop/checkpoints/mp-1546933.json,73
mp-1666665,mp_id,a:cohort4_exclusion_ids;b:branch_scan,77,analysis/extensions_20260928/WP-A/material_risk.csv,105
mp-16720,mp_id,a:cohort4_exclusion_ids;b:branch_scan,12,analysis/fresh_population_20261006/P2_ENGINEERING_MANIFEST.csv,28
mp-17103,mp_id,a:cohort4_exclusion_ids;b:branch_scan,83,analysis/extensions_20260928/WP-A/material_risk.csv,105
mp-1774458,mp_id;mp_task_id_s3_url,a:cohort4_exclusion_ids;b:branch_scan,5,analysis/extensions_20260930/WP-F/frame.csv.gz,105
mp-1775172,mp_task_id_s3_url,a:cohort4_exclusion_ids;b:branch_scan,2,analysis/extensions_20260930/WP-F/results_laptop/checkpoints/mp-1775172.json,73
mp-1775246,mp_id;mp_task_id_s3_url,a:cohort4_exclusion_ids;b:branch_scan,5,analysis/extensions_20260930/WP-F/frame.csv.gz,105
mp-1776517,mp_id;mp_task_id_s3_url,a:cohort4_exclusion_ids;b:branch_scan,5,analysis/extensions_20260930/WP-F/frame.csv.gz,105
mp-1777460,mp_id;mp_task_id_s3_url,a:cohort4_exclusion_ids;b:branch_scan,5,analysis/extensions_20260930/WP-F/frame.csv.gz,105
mp-1777509,mp_id;mp_task_id_s3_url,a:cohort4_exclusion_ids;b:branch_scan,5,analysis/extensions_20260930/WP-F/frame.csv.gz,105
mp-1778,mp_id,a:cohort4_exclusion_ids;b:branch_scan,112,analysis/extensions_20260928/WP-A/material_risk.csv,105
mp-1778189,mp_task_id_s3_url,a:cohort4_exclusion_ids;b:branch_scan,2,analysis/extensions_20260930/WP-F/results_laptop/checkpoints/mp-1778189.json,73
mp-1778568,mp_id;mp_task_id_s3_url,a:cohort4_exclusion_ids;b:branch_scan,5,analysis/extensions_20260930/WP-F/frame.csv.gz,105
mp-1779203,mp_id;mp_task_id_s3_url,a:cohort4_exclusion_ids;b:branch_scan,14,analysis/fresh_population_20261006/P1_CONFIRMATORY_MANIFEST.csv,24
mp-1779269,mp_id;mp_task_id_s3_url,a:cohort4_exclusion_ids;b:branch_scan,5,analysis/extensions_20260930/WP-F/frame.csv.gz,105
mp-1779755,mp_id;mp_task_id_s3_url,a:cohort4_exclusion_ids;b:branch_scan,6,analysis/extensions_20260930/WP-F/frame.csv.gz,105
mp-1780344,mp_id;mp_task_id_s3_url,a:cohort4_exclusion_ids;b:branch_scan,15,analysis/fresh_population_20261006/P1_CONFIRMATORY_MANIFEST.csv,24
mp-1781009,mp_task_id_s3_url,a:cohort4_exclusion_ids;b:branch_scan,2,analysis/extensions_20260930/WP-F/results_laptop/checkpoints/mp-1781009.json,73
mp-1781318,mp_task_id_s3_url,a:cohort4_exclusion_ids;b:branch_scan,2,analysis/extensions_20260930/WP-F/results_laptop/checkpoints/mp-1781318.json,73
mp-1781457,mp_id;mp_task_id_s3_url,a:cohort4_exclusion_ids;b:branch_scan,6,analysis/extensions_20260930/WP-F/frame.csv.gz,105
mp-1781858,mp_id;mp_task_id_s3_url,a:cohort4_exclusion_ids;b:branch_scan,5,analysis/extensions_20260930/WP-F/frame.csv.gz,105
mp-1782111,mp_task_id_s3_url,a:cohort4_exclusion_ids;b:branch_scan,2,analysis/extensions_20260930/WP-F/results_laptop/checkpoints/mp-1782111.json,73
mp-1782164,mp_id;mp_task_id_s3_url,a:cohort4_exclusion_ids;b:branch_scan,15,analysis/fresh_population_20261006/P1_CONFIRMATORY_MANIFEST.csv,24
mp-1782230,mp_id;mp_task_id_s3_url,a:cohort4_exclusion_ids;b:branch_scan,6,analysis/extensions_20260930/WP-F/frame.csv.gz,105
mp-1782292,mp_task_id_s3_url,a:cohort4_exclusion_ids;b:branch_scan,2,analysis/extensions_20260930/WP-F/results_laptop/checkpoints/mp-1782292.json,73
mp-1783101,mp_task_id_s3_url,a:cohort4_exclusion_ids;b:branch_scan,2,analysis/extensions_20260930/WP-F/results_laptop/checkpoints/mp-1783101.json,73
mp-1784282,mp_id;mp_task_id_s3_url,a:cohort4_exclusion_ids;b:branch_scan,5,analysis/extensions_20260930/WP-F/frame.csv.gz,105
mp-1784796,mp_id;mp_task_id_s3_url,a:cohort4_exclusion_ids;b:branch_scan,5,analysis/extensions_20260930/WP-F/frame.csv.gz,105
mp-1784808,mp_task_id_s3_url,a:cohort4_exclusion_ids;b:branch_scan,2,analysis/extensions_20260930/WP-F/results_laptop/checkpoints/mp-1784808.json,73
mp-1785012,mp_id;mp_task_id_s3_url,a:cohort4_exclusion_ids;b:branch_scan,5,analysis/extensions_20260930/WP-F/frame.csv.gz,105
mp-1785304,mp_task_id_s3_url,a:cohort4_exclusion_ids;b:branch_scan,2,analysis/extensions_20260930/WP-F/results_laptop/checkpoints/mp-1785304.json,73
mp-1785530,mp_task_id_s3_url,a:cohort4_exclusion_ids;b:branch_scan,2,analysis/extensions_20260930/WP-F/results_laptop/checkpoints/mp-1785530.json,73
mp-1785825,mp_task_id_s3_url,a:cohort4_exclusion_ids;b:branch_scan,2,analysis/extensions_20260930/WP-F/results_laptop/checkpoints/mp-1785825.json,73
mp-1786339,mp_id;mp_task_id_s3_url,a:cohort4_exclusion_ids;b:branch_scan,6,analysis/extensions_20260930/WP-F/frame.csv.gz,105
mp-1787499,mp_task_id_s3_url,a:cohort4_exclusion_ids;b:branch_scan,2,analysis/extensions_20260930/WP-F/results_laptop/checkpoints/mp-1787499.json,73
mp-1788878,mp_id;mp_task_id_s3_url,a:cohort4_exclusion_ids;b:branch_scan,15,analysis/fresh_population_20261006/P1_CONFIRMATORY_MANIFEST.csv,24
mp-1789073,mp_task_id_s3_url,a:cohort4_exclusion_ids;b:branch_scan,2,analysis/extensions_20260930/WP-F/results_laptop/checkpoints/mp-1789073.json,73
mp-1789248,mp_task_id_s3_url,a:cohort4_exclusion_ids;b:branch_scan,2,analysis/extensions_20260930/WP-F/results_laptop/checkpoints/mp-1789248.json,73
mp-1789940,mp_task_id_s3_url,a:cohort4_exclusion_ids;b:branch_scan,2,analysis/extensions_20260930/WP-F/results_laptop/checkpoints/mp-1789940.json,73
mp-1790382,mp_id;mp_task_id_s3_url,a:cohort4_exclusion_ids;b:branch_scan,6,analysis/extensions_20260930/WP-F/frame.csv.gz,105
mp-1790941,mp_id;mp_task_id_s3_url,a:cohort4_exclusion_ids;b:branch_scan,14,analysis/fresh_population_20261006/P1_CONFIRMATORY_MANIFEST.csv,24
mp-1791699,mp_id;mp_task_id_s3_url,a:cohort4_exclusion_ids;b:branch_scan,15,analysis/fresh_population_20261006/P1_CONFIRMATORY_MANIFEST.csv,24
mp-1792653,mp_task_id_s3_url,a:cohort4_exclusion_ids;b:branch_scan,2,analysis/extensions_20260930/WP-F/results_laptop/checkpoints/mp-1792653.json,73
mp-1793646,mp_task_id_s3_url,a:cohort4_exclusion_ids;b:branch_scan,2,analysis/extensions_20260930/WP-F/results_laptop/checkpoints/mp-1793646.json,73
mp-1793945,mp_task_id_s3_url,a:cohort4_exclusion_ids;b:branch_scan,2,analysis/extensions_20260930/WP-F/results_laptop/checkpoints/mp-1793945.json,73
mp-1794325,mp_task_id_s3_url,a:cohort4_exclusion_ids;b:branch_scan,2,analysis/extensions_20260930/WP-F/results_laptop/checkpoints/mp-1794325.json,73
mp-1794501,mp_task_id_s3_url,a:cohort4_exclusion_ids;b:branch_scan,2,analysis/extensions_20260930/WP-F/results_laptop/checkpoints/mp-1794501.json,73
mp-1794683,mp_task_id_s3_url,a:cohort4_exclusion_ids;b:branch_scan,2,analysis/extensions_20260930/WP-F/results_laptop/checkpoints/mp-1794683.json,73
mp-1795466,mp_task_id_s3_url,a:cohort4_exclusion_ids;b:branch_scan,2,analysis/extensions_20260930/WP-F/results_laptop/checkpoints/mp-1795466.json,73
mp-1796754,mp_task_id_s3_url,a:cohort4_exclusion_ids;b:branch_scan,2,analysis/extensions_20260930/WP-F/results_laptop/checkpoints/mp-1796754.json,73
mp-1798223,mp_task_id_s3_url,a:cohort4_exclusion_ids;b:branch_scan,2,analysis/extensions_20260930/WP-F/results_laptop/checkpoints/mp-1798223.json,73
mp-1800409,mp_id;mp_task_id_s3_url,a:cohort4_exclusion_ids;b:branch_scan,6,analysis/extensions_20260930/WP-F/frame.csv.gz,105
mp-1800837,mp_id;mp_task_id_s3_url,a:cohort4_exclusion_ids;b:branch_scan,6,analysis/extensions_20260930/WP-F/frame.csv.gz,105
mp-1801447,mp_id;mp_task_id_s3_url,a:cohort4_exclusion_ids;b:branch_scan,6,analysis/extensions_20260930/WP-F/frame.csv.gz,105
mp-1801489,mp_id;mp_task_id_s3_url,a:cohort4_exclusion_ids;b:branch_scan,5,analysis/extensions_20260930/WP-F/frame.csv.gz,105
mp-1801564,mp_task_id_s3_url,a:cohort4_exclusion_ids;b:branch_scan,2,analysis/extensions_20260930/WP-F/results_laptop/checkpoints/mp-1801564.json,73
mp-1802363,mp_task_id_s3_url,a:cohort4_exclusion_ids;b:branch_scan,2,analysis/extensions_20260930/WP-F/results_laptop/checkpoints/mp-1802363.json,73
mp-1802754,mp_id;mp_task_id_s3_url,a:cohort4_exclusion_ids;b:branch_scan,6,analysis/extensions_20260930/WP-F/frame.csv.gz,105
mp-1803176,mp_id;mp_task_id_s3_url,a:cohort4_exclusion_ids;b:branch_scan,5,analysis/extensions_20260930/WP-F/frame.csv.gz,105
mp-1803967,mp_task_id_s3_url,a:cohort4_exclusion_ids;b:branch_scan,2,analysis/extensions_20260930/WP-F/results_laptop/checkpoints/mp-1803967.json,73
mp-1804059,mp_task_id_s3_url,a:cohort4_exclusion_ids;b:branch_scan,2,analysis/extensions_20260930/WP-F/results_laptop/checkpoints/mp-1804059.json,73
mp-1805147,mp_id;mp_task_id_s3_url,a:cohort4_exclusion_ids;b:branch_scan,6,analysis/extensions_20260930/WP-F/frame.csv.gz,105
mp-1805301,mp_task_id_s3_url,a:cohort4_exclusion_ids;b:branch_scan,2,analysis/extensions_20260930/WP-F/results_laptop/checkpoints/mp-1805301.json,73
mp-1805574,mp_task_id_s3_url,a:cohort4_exclusion_ids;b:branch_scan,2,analysis/extensions_20260930/WP-F/results_laptop/checkpoints/mp-1805574.json,73
mp-1805888,mp_id;mp_task_id_s3_url,a:cohort4_exclusion_ids;b:branch_scan,6,analysis/extensions_20260930/WP-F/frame.csv.gz,105
mp-1807131,mp_task_id_s3_url,a:cohort4_exclusion_ids;b:branch_scan,2,analysis/extensions_20260930/WP-F/results_laptop/checkpoints/mp-1807131.json,73
mp-1807141,mp_id;mp_task_id_s3_url,a:cohort4_exclusion_ids;b:branch_scan,5,analysis/extensions_20260930/WP-F/frame.csv.gz,105
mp-1807695,mp_id;mp_task_id_s3_url,a:cohort4_exclusion_ids;b:branch_scan,10,analysis/fresh_population_20261006/P1_ENGINEERING_MANIFEST.csv,24
mp-1807816,mp_id;mp_task_id_s3_url,a:cohort4_exclusion_ids;b:branch_scan,5,analysis/extensions_20260930/WP-F/frame.csv.gz,105
mp-1808212,mp_task_id_s3_url,a:cohort4_exclusion_ids;b:branch_scan,2,analysis/extensions_20260930/WP-F/results_laptop/checkpoints/mp-1808212.json,73
mp-1809898,mp_id;mp_task_id_s3_url,a:cohort4_exclusion_ids;b:branch_scan,15,analysis/fresh_population_20261006/P1_CONFIRMATORY_MANIFEST.csv,24
mp-1810214,mp_id;mp_task_id_s3_url,a:cohort4_exclusion_ids;b:branch_scan,5,analysis/extensions_20260930/WP-F/frame.csv.gz,105
mp-1810270,mp_id;mp_task_id_s3_url,a:cohort4_exclusion_ids;b:branch_scan,6,analysis/extensions_20260930/WP-F/frame.csv.gz,105
mp-1810399,mp_id;mp_task_id_s3_url,a:cohort4_exclusion_ids;b:branch_scan,5,analysis/extensions_20260930/WP-F/frame.csv.gz,105
mp-1810903,mp_id;mp_task_id_s3_url,a:cohort4_exclusion_ids;b:branch_scan,15,analysis/fresh_population_20261006/P1_CONFIRMATORY_MANIFEST.csv,24
mp-1811226,mp_id;mp_task_id_s3_url,a:cohort4_exclusion_ids;b:branch_scan,6,analysis/extensions_20260930/WP-F/frame.csv.gz,105
mp-1812751,mp_id;mp_task_id_s3_url,a:cohort4_exclusion_ids;b:branch_scan,5,analysis/extensions_20260930/WP-F/frame.csv.gz,105
mp-1813050,mp_task_id_s3_url,a:cohort4_exclusion_ids;b:branch_scan,2,analysis/extensions_20260930/WP-F/results_laptop/checkpoints/mp-1813050.json,73
mp-1813096,mp_id;mp_task_id_s3_url,a:cohort4_exclusion_ids;b:branch_scan,5,analysis/extensions_20260930/WP-F/frame.csv.gz,105
mp-1813736,mp_id;mp_task_id_s3_url,a:cohort4_exclusion_ids;b:branch_scan,5,analysis/extensions_20260930/WP-F/frame.csv.gz,105
mp-1813816,mp_id;mp_task_id_s3_url,a:cohort4_exclusion_ids;b:branch_scan,5,analysis/extensions_20260930/WP-F/frame.csv.gz,105
mp-1814044,mp_id;mp_task_id_s3_url,a:cohort4_exclusion_ids;b:branch_scan,6,analysis/extensions_20260930/WP-F/frame.csv.gz,105
mp-1814843,mp_task_id_s3_url,a:cohort4_exclusion_ids;b:branch_scan,2,analysis/extensions_20260930/WP-F/results_laptop/checkpoints/mp-1814843.json,73
mp-1815227,mp_task_id_s3_url,a:cohort4_exclusion_ids;b:branch_scan,2,analysis/extensions_20260930/WP-F/results_laptop/checkpoints/mp-1815227.json,73
mp-1815481,mp_id;mp_task_id_s3_url,a:cohort4_exclusion_ids;b:branch_scan,7,analysis/extensions_20260930/WP-F/frame.csv.gz,105
mp-1815488,mp_task_id_s3_url,a:cohort4_exclusion_ids;b:branch_scan,2,analysis/extensions_20260930/WP-F/results_laptop/checkpoints/mp-1815488.json,73
mp-1815684,mp_task_id_s3_url,a:cohort4_exclusion_ids;b:branch_scan,2,analysis/extensions_20260930/WP-F/results_laptop/checkpoints/mp-1815684.json,73
mp-1816353,mp_task_id_s3_url,a:cohort4_exclusion_ids;b:branch_scan,2,analysis/extensions_20260930/WP-F/results_laptop/checkpoints/mp-1816353.json,73
mp-1816355,mp_id;mp_task_id_s3_url,a:cohort4_exclusion_ids;b:branch_scan,5,analysis/extensions_20260930/WP-F/frame.csv.gz,105
mp-1816512,mp_task_id_s3_url,a:cohort4_exclusion_ids;b:branch_scan,2,analysis/extensions_20260930/WP-F/results_laptop/checkpoints/mp-1816512.json,73
mp-1816881,mp_id;mp_task_id_s3_url,a:cohort4_exclusion_ids;b:branch_scan,5,analysis/extensions_20260930/WP-F/frame.csv.gz,105
mp-1817044,mp_id;mp_task_id_s3_url,a:cohort4_exclusion_ids;b:branch_scan,6,analysis/extensions_20260930/WP-F/frame.csv.gz,105
mp-1817147,mp_id;mp_task_id_s3_url,a:cohort4_exclusion_ids;b:branch_scan,5,analysis/extensions_20260930/WP-F/frame.csv.gz,105
mp-1817400,mp_id;mp_task_id_s3_url,a:cohort4_exclusion_ids;b:branch_scan,10,analysis/fresh_population_20261006/P1_ENGINEERING_MANIFEST.csv,24
mp-1817585,mp_id;mp_task_id_s3_url,a:cohort4_exclusion_ids;b:branch_scan,6,analysis/extensions_20260930/WP-F/frame.csv.gz,105
mp-1818105,mp_id;mp_task_id_s3_url,a:cohort4_exclusion_ids;b:branch_scan,5,analysis/extensions_20260930/WP-F/frame.csv.gz,105
mp-1818299,mp_task_id_s3_url,a:cohort4_exclusion_ids;b:branch_scan,2,analysis/extensions_20260930/WP-F/results_laptop/checkpoints/mp-1818299.json,73
mp-1818886,mp_id;mp_task_id_s3_url,a:cohort4_exclusion_ids;b:branch_scan,6,analysis/extensions_20260930/WP-F/frame.csv.gz,105
mp-1818959,mp_task_id_s3_url,a:cohort4_exclusion_ids;b:branch_scan,2,analysis/extensions_20260930/WP-F/results_laptop/checkpoints/mp-1818959.json,73
mp-1819962,mp_id;mp_task_id_s3_url,a:cohort4_exclusion_ids;b:branch_scan,5,analysis/extensions_20260930/WP-F/frame.csv.gz,105
mp-1820586,mp_id;mp_task_id_s3_url,a:cohort4_exclusion_ids;b:branch_scan,6,analysis/extensions_20260930/WP-F/frame.csv.gz,105
mp-1820782,mp_id;mp_task_id_s3_url,a:cohort4_exclusion_ids;b:branch_scan,5,analysis/extensions_20260930/WP-F/frame.csv.gz,105
mp-1820785,mp_id;mp_task_id_s3_url,a:cohort4_exclusion_ids;b:branch_scan,5,analysis/extensions_20260930/WP-F/frame.csv.gz,105
mp-1820812,mp_task_id_s3_url,a:cohort4_exclusion_ids;b:branch_scan,2,analysis/extensions_20260930/WP-F/results_laptop/checkpoints/mp-1820812.json,73
mp-1820845,mp_id;mp_task_id_s3_url,a:cohort4_exclusion_ids;b:branch_scan,5,analysis/extensions_20260930/WP-F/frame.csv.gz,105
mp-1821661,mp_id;mp_task_id_s3_url,a:cohort4_exclusion_ids;b:branch_scan,5,analysis/extensions_20260930/WP-F/frame.csv.gz,105
mp-1821731,mp_id;mp_task_id_s3_url,a:cohort4_exclusion_ids;b:branch_scan,5,analysis/extensions_20260930/WP-F/frame.csv.gz,105
mp-1821760,mp_id;mp_task_id_s3_url,a:cohort4_exclusion_ids;b:branch_scan,5,analysis/extensions_20260930/WP-F/frame.csv.gz,105
mp-1821766,mp_id;mp_task_id_s3_url,a:cohort4_exclusion_ids;b:branch_scan,6,analysis/extensions_20260930/WP-F/frame.csv.gz,105
mp-1821967,mp_id;mp_task_id_s3_url,a:cohort4_exclusion_ids;b:branch_scan,6,analysis/extensions_20260930/WP-F/frame.csv.gz,105
mp-1822131,mp_id;mp_task_id_s3_url,a:cohort4_exclusion_ids;b:branch_scan,15,analysis/fresh_population_20261006/P1_CONFIRMATORY_MANIFEST.csv,24
mp-1822479,mp_id;mp_task_id_s3_url,a:cohort4_exclusion_ids;b:branch_scan,5,analysis/extensions_20260930/WP-F/frame.csv.gz,105
mp-1822587,mp_task_id_s3_url,a:cohort4_exclusion_ids;b:branch_scan,2,analysis/extensions_20260930/WP-F/results_laptop/checkpoints/mp-1822587.json,73
mp-1822872,mp_id;mp_task_id_s3_url,a:cohort4_exclusion_ids;b:branch_scan,6,analysis/extensions_20260930/WP-F/frame.csv.gz,105
mp-1823142,mp_task_id_s3_url,a:cohort4_exclusion_ids;b:branch_scan,2,analysis/extensions_20260930/WP-F/results_laptop/checkpoints/mp-1823142.json,73
mp-1825100,mp_task_id_s3_url,a:cohort4_exclusion_ids;b:branch_scan,2,analysis/extensions_20260930/WP-F/results_laptop/checkpoints/mp-1825100.json,73
mp-1826245,mp_task_id_s3_url,a:cohort4_exclusion_ids;b:branch_scan,2,analysis/extensions_20260930/WP-F/results_laptop/checkpoints/mp-1826245.json,73
mp-1826303,mp_id;mp_task_id_s3_url,a:cohort4_exclusion_ids;b:branch_scan,5,analysis/extensions_20260930/WP-F/frame.csv.gz,105
mp-1827277,mp_task_id_s3_url,a:cohort4_exclusion_ids;b:branch_scan,2,analysis/extensions_20260930/WP-F/results_laptop/checkpoints/mp-1827277.json,73
mp-1827838,mp_id;mp_task_id_s3_url,a:cohort4_exclusion_ids;b:branch_scan,5,analysis/extensions_20260930/WP-F/frame.csv.gz,105
mp-1830844,mp_id;mp_task_id_s3_url,a:cohort4_exclusion_ids;b:branch_scan,5,analysis/extensions_20260930/WP-F/frame.csv.gz,105
mp-1830875,mp_task_id_s3_url,a:cohort4_exclusion_ids;b:branch_scan,2,analysis/extensions_20260930/WP-F/results_laptop/checkpoints/mp-1830875.json,73
mp-1831650,mp_id;mp_task_id_s3_url,a:cohort4_exclusion_ids;b:branch_scan,5,analysis/extensions_20260930/WP-F/frame.csv.gz,105
mp-1832058,mp_task_id_s3_url,a:cohort4_exclusion_ids;b:branch_scan,2,analysis/extensions_20260930/WP-F/results_laptop/checkpoints/mp-1832058.json,73
mp-1832522,mp_id;mp_task_id_s3_url,a:cohort4_exclusion_ids;b:branch_scan,5,analysis/extensions_20260930/WP-F/frame.csv.gz,105
mp-1832643,mp_id;mp_task_id_s3_url,a:cohort4_exclusion_ids;b:branch_scan,10,analysis/fresh_population_20261006/P1_ENGINEERING_MANIFEST.csv,24
mp-1832700,mp_id;mp_task_id_s3_url,a:cohort4_exclusion_ids;b:branch_scan,5,analysis/extensions_20260930/WP-F/frame.csv.gz,105
mp-1833977,mp_task_id_s3_url,a:cohort4_exclusion_ids;b:branch_scan,2,analysis/extensions_20260930/WP-F/results_laptop/checkpoints/mp-1833977.json,73
mp-1834316,mp_id;mp_task_id_s3_url,a:cohort4_exclusion_ids;b:branch_scan,15,analysis/fresh_population_20261006/P1_CONFIRMATORY_MANIFEST.csv,24
mp-1834640,mp_id;mp_task_id_s3_url,a:cohort4_exclusion_ids;b:branch_scan,5,analysis/extensions_20260930/WP-F/frame.csv.gz,105
mp-1834825,mp_id;mp_task_id_s3_url,a:cohort4_exclusion_ids;b:branch_scan,5,analysis/extensions_20260930/WP-F/frame.csv.gz,105
mp-1834845,mp_id;mp_task_id_s3_url,a:cohort4_exclusion_ids;b:branch_scan,15,analysis/fresh_population_20261006/P1_CONFIRMATORY_MANIFEST.csv,24
mp-1835506,mp_id;mp_task_id_s3_url,a:cohort4_exclusion_ids;b:branch_scan,5,analysis/extensions_20260930/WP-F/frame.csv.gz,105
mp-1835633,mp_id;mp_task_id_s3_url,a:cohort4_exclusion_ids;b:branch_scan,7,analysis/extensions_20260930/WP-F/frame.csv.gz,105
mp-1835750,mp_task_id_s3_url,a:cohort4_exclusion_ids;b:branch_scan,2,analysis/extensions_20260930/WP-F/results_laptop/checkpoints/mp-1835750.json,73
mp-1836207,mp_id;mp_task_id_s3_url,a:cohort4_exclusion_ids;b:branch_scan,5,analysis/extensions_20260930/WP-F/frame.csv.gz,105
mp-1836720,mp_task_id_s3_url,a:cohort4_exclusion_ids;b:branch_scan,2,analysis/extensions_20260930/WP-F/results_laptop/checkpoints/mp-1836720.json,73
mp-1837445,mp_id;mp_task_id_s3_url,a:cohort4_exclusion_ids;b:branch_scan,15,analysis/fresh_population_20261006/P1_CONFIRMATORY_MANIFEST.csv,24
mp-1839800,mp_id;mp_task_id_s3_url,a:cohort4_exclusion_ids;b:branch_scan,5,analysis/extensions_20260930/WP-F/frame.csv.gz,105
mp-1841408,mp_id;mp_task_id_s3_url,a:cohort4_exclusion_ids;b:branch_scan,5,analysis/extensions_20260930/WP-F/frame.csv.gz,105
mp-1841520,mp_id;mp_task_id_s3_url,a:cohort4_exclusion_ids;b:branch_scan,79,analysis/extensions_20260928/WP-A/material_risk.csv,105
mp-1841546,mp_id;mp_task_id_s3_url,a:cohort4_exclusion_ids;b:branch_scan,5,analysis/extensions_20260930/WP-F/frame.csv.gz,105
mp-1842245,mp_id;mp_task_id_s3_url,a:cohort4_exclusion_ids;b:branch_scan,5,analysis/extensions_20260930/WP-F/frame.csv.gz,105
mp-1842793,mp_id;mp_task_id_s3_url,a:cohort4_exclusion_ids;b:branch_scan,7,analysis/extensions_20260930/WP-F/frame.csv.gz,105
mp-1842810,mp_id;mp_task_id_s3_url,a:cohort4_exclusion_ids;b:branch_scan,5,analysis/extensions_20260930/WP-F/frame.csv.gz,105
mp-1843059,mp_id;mp_task_id_s3_url,a:cohort4_exclusion_ids;b:branch_scan,5,analysis/extensions_20260930/WP-F/frame.csv.gz,105
mp-1843395,mp_task_id_s3_url,a:cohort4_exclusion_ids;b:branch_scan,2,analysis/extensions_20260930/WP-F/results_laptop/checkpoints/mp-1843395.json,73
mp-1843497,mp_id;mp_task_id_s3_url,a:cohort4_exclusion_ids;b:branch_scan,5,analysis/extensions_20260930/WP-F/frame.csv.gz,105
mp-1843608,mp_task_id_s3_url,a:cohort4_exclusion_ids;b:branch_scan,2,analysis/extensions_20260930/WP-F/results_laptop/checkpoints/mp-1843608.json,73
mp-1843903,mp_id;mp_task_id_s3_url,a:cohort4_exclusion_ids;b:branch_scan,5,analysis/extensions_20260930/WP-F/frame.csv.gz,105
mp-1844182,mp_task_id_s3_url,a:cohort4_exclusion_ids;b:branch_scan,2,analysis/extensions_20260930/WP-F/results_laptop/checkpoints/mp-1844182.json,73
mp-1845816,mp_task_id_s3_url,a:cohort4_exclusion_ids;b:branch_scan,2,analysis/extensions_20260930/WP-F/results_laptop/checkpoints/mp-1845816.json,73
mp-1846160,mp_task_id_s3_url,a:cohort4_exclusion_ids;b:branch_scan,2,analysis/extensions_20260930/WP-F/results_laptop/checkpoints/mp-1846160.json,73
mp-1851656,mp_id;mp_task_id_s3_url,a:cohort4_exclusion_ids;b:branch_scan,5,analysis/extensions_20260930/WP-F/frame.csv.gz,105
mp-1863313,mp_id;mp_task_id_s3_url,a:cohort4_exclusion_ids;b:branch_scan,14,analysis/fresh_population_20261006/P1_CONFIRMATORY_MANIFEST.csv,24
mp-1864386,mp_id;mp_task_id_s3_url,a:cohort4_exclusion_ids;b:branch_scan,5,analysis/extensions_20260930/WP-F/frame.csv.gz,105
mp-1866114,mp_id;mp_task_id_s3_url,a:cohort4_exclusion_ids;b:branch_scan,14,analysis/fresh_population_20261006/P1_CONFIRMATORY_MANIFEST.csv,24
mp-1866779,mp_task_id_s3_url,a:cohort4_exclusion_ids;b:branch_scan,2,analysis/extensions_20260930/WP-F/results_laptop/checkpoints/mp-1866779.json,73
mp-1867635,mp_task_id_s3_url,a:cohort4_exclusion_ids;b:branch_scan,2,analysis/extensions_20260930/WP-F/results_laptop/checkpoints/mp-1867635.json,73
mp-1868753,mp_task_id_s3_url,a:cohort4_exclusion_ids;b:branch_scan,2,analysis/extensions_20260930/WP-F/results_laptop/checkpoints/mp-1868753.json,73
mp-1869583,mp_task_id_s3_url,a:cohort4_exclusion_ids;b:branch_scan,2,analysis/extensions_20260930/WP-F/results_laptop/checkpoints/mp-1869583.json,73
mp-1870388,mp_id;mp_task_id_s3_url,a:cohort4_exclusion_ids;b:branch_scan,10,analysis/fresh_population_20261006/P1_ENGINEERING_MANIFEST.csv,24
mp-1871237,mp_id;mp_task_id_s3_url,a:cohort4_exclusion_ids;b:branch_scan,5,analysis/extensions_20260930/WP-F/frame.csv.gz,105
mp-1871416,mp_id;mp_task_id_s3_url,a:cohort4_exclusion_ids;b:branch_scan,5,analysis/extensions_20260930/WP-F/frame.csv.gz,105
mp-18717,mp_id,a:cohort4_exclusion_ids;b:branch_scan,8,analysis/fresh_population_20261006/P2_CONFIRMATORY_MANIFEST.csv,26
mp-1873243,mp_id;mp_task_id_s3_url,a:cohort4_exclusion_ids;b:branch_scan,6,analysis/extensions_20260930/WP-F/frame.csv.gz,105
mp-1873270,mp_id;mp_task_id_s3_url,a:cohort4_exclusion_ids;b:branch_scan,5,analysis/extensions_20260930/WP-F/frame.csv.gz,105
mp-1873278,mp_id;mp_task_id_s3_url,a:cohort4_exclusion_ids;b:branch_scan,5,analysis/extensions_20260930/WP-F/frame.csv.gz,105
mp-1873662,mp_id;mp_task_id_s3_url,a:cohort4_exclusion_ids;b:branch_scan,5,analysis/extensions_20260930/WP-F/frame.csv.gz,105
mp-1873759,mp_task_id_s3_url,a:cohort4_exclusion_ids;b:branch_scan,2,analysis/extensions_20260930/WP-F/results_laptop/checkpoints/mp-1873759.json,73
mp-1874786,mp_task_id_s3_url,a:cohort4_exclusion_ids;b:branch_scan,2,analysis/extensions_20260930/WP-F/results_laptop/checkpoints/mp-1874786.json,73
mp-1875020,mp_id;mp_task_id_s3_url,a:cohort4_exclusion_ids;b:branch_scan,6,analysis/extensions_20260930/WP-F/frame.csv.gz,105
mp-1876825,mp_task_id_s3_url,a:cohort4_exclusion_ids;b:branch_scan,2,analysis/extensions_20260930/WP-F/results_laptop/checkpoints/mp-1876825.json,73
mp-1877599,mp_task_id_s3_url,a:cohort4_exclusion_ids;b:branch_scan,2,analysis/extensions_20260930/WP-F/results_laptop/checkpoints/mp-1877599.json,73
mp-1878344,mp_id;mp_task_id_s3_url,a:cohort4_exclusion_ids;b:branch_scan,5,analysis/extensions_20260930/WP-F/frame.csv.gz,105
mp-1878546,mp_task_id_s3_url,a:cohort4_exclusion_ids;b:branch_scan,2,analysis/extensions_20260930/WP-F/results_laptop/checkpoints/mp-1878546.json,73
mp-1879093,mp_id;mp_task_id_s3_url,a:cohort4_exclusion_ids;b:branch_scan,6,analysis/extensions_20260930/WP-F/frame.csv.gz,105
mp-1879912,mp_id;mp_task_id_s3_url,a:cohort4_exclusion_ids;b:branch_scan,10,analysis/fresh_population_20261006/P1_ENGINEERING_MANIFEST.csv,24
mp-1881126,mp_task_id_s3_url,a:cohort4_exclusion_ids;b:branch_scan,2,analysis/extensions_20260930/WP-F/results_laptop/checkpoints/mp-1881126.json,73
mp-1881877,mp_id;mp_task_id_s3_url,a:cohort4_exclusion_ids;b:branch_scan,5,analysis/extensions_20260930/WP-F/frame.csv.gz,105
mp-1883986,mp_id;mp_task_id_s3_url,a:cohort4_exclusion_ids;b:branch_scan,15,analysis/fresh_population_20261006/P1_CONFIRMATORY_MANIFEST.csv,24
mp-1884351,mp_id;mp_task_id_s3_url,a:cohort4_exclusion_ids;b:branch_scan,5,analysis/extensions_20260930/WP-F/frame.csv.gz,105
mp-1884926,mp_id;mp_task_id_s3_url,a:cohort4_exclusion_ids;b:branch_scan,5,analysis/extensions_20260930/WP-F/frame.csv.gz,105
mp-1886370,mp_id;mp_task_id_s3_url,a:cohort4_exclusion_ids;b:branch_scan,15,analysis/fresh_population_20261006/P1_CONFIRMATORY_MANIFEST.csv,24
mp-1887131,mp_id;mp_task_id_s3_url,a:cohort4_exclusion_ids;b:branch_scan,5,analysis/extensions_20260930/WP-F/frame.csv.gz,105
mp-1887324,mp_id;mp_task_id_s3_url,a:cohort4_exclusion_ids;b:branch_scan,5,analysis/extensions_20260930/WP-F/frame.csv.gz,105
mp-1887546,mp_task_id_s3_url,a:cohort4_exclusion_ids;b:branch_scan,2,analysis/extensions_20260930/WP-F/results_laptop/checkpoints/mp-1887546.json,73
mp-1889405,mp_id;mp_task_id_s3_url,a:cohort4_exclusion_ids;b:branch_scan,5,analysis/extensions_20260930/WP-F/frame.csv.gz,105
mp-1891566,mp_task_id_s3_url,a:cohort4_exclusion_ids;b:branch_scan,2,analysis/extensions_20260930/WP-F/results_laptop/checkpoints/mp-1891566.json,73
mp-1891976,mp_id;mp_task_id_s3_url,a:cohort4_exclusion_ids;b:branch_scan,5,analysis/extensions_20260930/WP-F/frame.csv.gz,105
mp-1892434,mp_id;mp_task_id_s3_url,a:cohort4_exclusion_ids;b:branch_scan,5,analysis/extensions_20260930/WP-F/frame.csv.gz,105
mp-1893058,mp_id;mp_task_id_s3_url,a:cohort4_exclusion_ids;b:branch_scan,15,analysis/fresh_population_20261006/P1_CONFIRMATORY_MANIFEST.csv,24
mp-1893293,mp_task_id_s3_url,a:cohort4_exclusion_ids;b:branch_scan,2,analysis/extensions_20260930/WP-F/results_laptop/checkpoints/mp-1893293.json,73
mp-1895096,mp_id;mp_task_id_s3_url,a:cohort4_exclusion_ids;b:branch_scan,15,analysis/fresh_population_20261006/P1_CONFIRMATORY_MANIFEST.csv,24
mp-1896061,mp_task_id_s3_url,a:cohort4_exclusion_ids;b:branch_scan,2,analysis/extensions_20260930/WP-F/results_laptop/checkpoints/mp-1896061.json,73
mp-1898954,mp_id;mp_task_id_s3_url,a:cohort4_exclusion_ids;b:branch_scan,6,analysis/extensions_20260930/WP-F/frame.csv.gz,105
mp-1899839,mp_task_id_s3_url,a:cohort4_exclusion_ids;b:branch_scan,2,analysis/extensions_20260930/WP-F/results_laptop/checkpoints/mp-1899839.json,73
mp-1907618,mp_id;mp_task_id_s3_url,a:cohort4_exclusion_ids;b:branch_scan,15,analysis/fresh_population_20261006/P1_CONFIRMATORY_MANIFEST.csv,24
mp-19133,mp_id,a:cohort4_exclusion_ids;b:branch_scan,76,analysis/extensions_20260928/WP-A/material_risk.csv,105
mp-1920594,mp_id;mp_task_id_s3_url,a:cohort4_exclusion_ids;b:branch_scan,15,analysis/fresh_population_20261006/P1_CONFIRMATORY_MANIFEST.csv,24
mp-1920806,mp_task_id_s3_url,a:cohort4_exclusion_ids;b:branch_scan,2,analysis/extensions_20260930/WP-F/results_laptop/checkpoints/mp-1920806.json,73
mp-1921321,mp_id;mp_task_id_s3_url,a:cohort4_exclusion_ids;b:branch_scan,6,analysis/extensions_20260930/WP-F/frame.csv.gz,105
mp-1921365,mp_id;mp_task_id_s3_url,a:cohort4_exclusion_ids;b:branch_scan,5,analysis/extensions_20260930/WP-F/frame.csv.gz,105
mp-1921586,mp_id;mp_task_id_s3_url,a:cohort4_exclusion_ids;b:branch_scan,5,analysis/extensions_20260930/WP-F/frame.csv.gz,105
mp-1921739,mp_id;mp_task_id_s3_url,a:cohort4_exclusion_ids;b:branch_scan,5,analysis/extensions_20260930/WP-F/frame.csv.gz,105
mp-1922230,mp_task_id_s3_url,a:cohort4_exclusion_ids;b:branch_scan,2,analysis/extensions_20260930/WP-F/results_laptop/checkpoints/mp-1922230.json,73
mp-1922672,mp_id;mp_task_id_s3_url,a:cohort4_exclusion_ids;b:branch_scan,5,analysis/extensions_20260930/WP-F/frame.csv.gz,105
mp-1922816,mp_id;mp_task_id_s3_url,a:cohort4_exclusion_ids;b:branch_scan,5,analysis/extensions_20260930/WP-F/frame.csv.gz,105
mp-1924006,mp_id;mp_task_id_s3_url,a:cohort4_exclusion_ids;b:branch_scan,7,analysis/extensions_20260930/WP-F/frame.csv.gz,105
mp-1924242,mp_id;mp_task_id_s3_url,a:cohort4_exclusion_ids;b:branch_scan,10,analysis/fresh_population_20261006/P1_ENGINEERING_MANIFEST.csv,24
mp-1924455,mp_task_id_s3_url,a:cohort4_exclusion_ids;b:branch_scan,2,analysis/extensions_20260930/WP-F/results_laptop/checkpoints/mp-1924455.json,73
mp-1924727,mp_id;mp_task_id_s3_url,a:cohort4_exclusion_ids;b:branch_scan,5,analysis/extensions_20260930/WP-F/frame.csv.gz,105
mp-1926181,mp_id;mp_task_id_s3_url,a:cohort4_exclusion_ids;b:branch_scan,5,analysis/extensions_20260930/WP-F/frame.csv.gz,105
mp-1927439,mp_task_id_s3_url,a:cohort4_exclusion_ids;b:branch_scan,2,analysis/extensions_20260930/WP-F/results_laptop/checkpoints/mp-1927439.json,73
mp-1928140,mp_id;mp_task_id_s3_url,a:cohort4_exclusion_ids;b:branch_scan,15,analysis/fresh_population_20261006/P1_CONFIRMATORY_MANIFEST.csv,24
mp-1928224,mp_task_id_s3_url,a:cohort4_exclusion_ids;b:branch_scan,2,analysis/extensions_20260930/WP-F/results_laptop/checkpoints/mp-1928224.json,73
mp-1928767,mp_task_id_s3_url,a:cohort4_exclusion_ids;b:branch_scan,2,analysis/extensions_20260930/WP-F/results_laptop/checkpoints/mp-1928767.json,73
mp-1929637,mp_task_id_s3_url,a:cohort4_exclusion_ids;b:branch_scan,2,analysis/extensions_20260930/WP-F/results_laptop/checkpoints/mp-1929637.json,73
mp-1929828,mp_task_id_s3_url,a:cohort4_exclusion_ids;b:branch_scan,2,analysis/extensions_20260930/WP-F/results_laptop/checkpoints/mp-1929828.json,73
mp-1929894,mp_task_id_s3_url,a:cohort4_exclusion_ids;b:branch_scan,2,analysis/extensions_20260930/WP-F/results_laptop/checkpoints/mp-1929894.json,73
mp-1930429,mp_id;mp_task_id_s3_url,a:cohort4_exclusion_ids;b:branch_scan,5,analysis/extensions_20260930/WP-F/frame.csv.gz,105
mp-1930973,mp_id;mp_task_id_s3_url,a:cohort4_exclusion_ids;b:branch_scan,14,analysis/fresh_population_20261006/P1_CONFIRMATORY_MANIFEST.csv,24
mp-1931832,mp_id;mp_task_id_s3_url,a:cohort4_exclusion_ids;b:branch_scan,5,analysis/extensions_20260930/WP-F/frame.csv.gz,105
mp-1931850,mp_task_id_s3_url,a:cohort4_exclusion_ids;b:branch_scan,2,analysis/extensions_20260930/WP-F/results_laptop/checkpoints/mp-1931850.json,73
mp-1932159,mp_id;mp_task_id_s3_url,a:cohort4_exclusion_ids;b:branch_scan,6,analysis/extensions_20260930/WP-F/frame.csv.gz,105
mp-1932510,mp_id;mp_task_id_s3_url,a:cohort4_exclusion_ids;b:branch_scan,5,analysis/extensions_20260930/WP-F/frame.csv.gz,105
mp-1932586,mp_id;mp_task_id_s3_url,a:cohort4_exclusion_ids;b:branch_scan,15,analysis/fresh_population_20261006/P1_CONFIRMATORY_MANIFEST.csv,24
mp-1932769,mp_id;mp_task_id_s3_url,a:cohort4_exclusion_ids;b:branch_scan,5,analysis/extensions_20260930/WP-F/frame.csv.gz,105
mp-1932889,mp_id;mp_task_id_s3_url,a:cohort4_exclusion_ids;b:branch_scan,5,analysis/extensions_20260930/WP-F/frame.csv.gz,105
mp-1933115,mp_id;mp_task_id_s3_url,a:cohort4_exclusion_ids;b:branch_scan,6,analysis/extensions_20260930/WP-F/frame.csv.gz,105
mp-1934066,mp_task_id_s3_url,a:cohort4_exclusion_ids;b:branch_scan,2,analysis/extensions_20260930/WP-F/results_laptop/checkpoints/mp-1934066.json,73
mp-1934284,mp_id;mp_task_id_s3_url,a:cohort4_exclusion_ids;b:branch_scan,15,analysis/fresh_population_20261006/P1_CONFIRMATORY_MANIFEST.csv,24
mp-1934887,mp_id;mp_task_id_s3_url,a:cohort4_exclusion_ids;b:branch_scan,5,analysis/extensions_20260930/WP-F/frame.csv.gz,105
mp-1936044,mp_task_id_s3_url,a:cohort4_exclusion_ids;b:branch_scan,2,analysis/extensions_20260930/WP-F/results_laptop/checkpoints/mp-1936044.json,73
mp-1936623,mp_id;mp_task_id_s3_url,a:cohort4_exclusion_ids;b:branch_scan,15,analysis/fresh_population_20261006/P1_CONFIRMATORY_MANIFEST.csv,24
mp-1936762,mp_task_id_s3_url,a:cohort4_exclusion_ids;b:branch_scan,2,analysis/extensions_20260930/WP-F/results_laptop/checkpoints/mp-1936762.json,73
mp-1937234,mp_task_id_s3_url,a:cohort4_exclusion_ids;b:branch_scan,2,analysis/extensions_20260930/WP-F/results_laptop/checkpoints/mp-1937234.json,73
mp-1937624,mp_id;mp_task_id_s3_url,a:cohort4_exclusion_ids;b:branch_scan,5,analysis/extensions_20260930/WP-F/frame.csv.gz,105
mp-1937912,mp_id;mp_task_id_s3_url,a:cohort4_exclusion_ids;b:branch_scan,5,analysis/extensions_20260930/WP-F/frame.csv.gz,105
mp-1938359,mp_id;mp_task_id_s3_url,a:cohort4_exclusion_ids;b:branch_scan,15,analysis/fresh_population_20261006/P1_CONFIRMATORY_MANIFEST.csv,24
mp-1938836,mp_id;mp_task_id_s3_url,a:cohort4_exclusion_ids;b:branch_scan,14,analysis/fresh_population_20261006/P1_CONFIRMATORY_MANIFEST.csv,24
mp-1938849,mp_task_id_s3_url,a:cohort4_exclusion_ids;b:branch_scan,2,analysis/extensions_20260930/WP-F/results_laptop/checkpoints/mp-1938849.json,73
mp-1939044,mp_task_id_s3_url,a:cohort4_exclusion_ids;b:branch_scan,2,analysis/extensions_20260930/WP-F/results_laptop/checkpoints/mp-1939044.json,73
mp-1943910,mp_task_id_s3_url,a:cohort4_exclusion_ids;b:branch_scan,2,analysis/extensions_20260930/WP-F/results_laptop/checkpoints/mp-1943910.json,73
mp-1944196,mp_task_id_s3_url,a:cohort4_exclusion_ids;b:branch_scan,2,analysis/extensions_20260930/WP-F/results_laptop/checkpoints/mp-1944196.json,73
mp-1945523,mp_id;mp_task_id_s3_url,a:cohort4_exclusion_ids;b:branch_scan,12,analysis/fresh_population_20261006/P2_ENGINEERING_MANIFEST.csv,28
mp-1947108,mp_id;mp_task_id_s3_url,a:cohort4_exclusion_ids;b:branch_scan,15,analysis/extensions_20260930/WP-F/frame.csv.gz,105
mp-1948115,mp_task_id_s3_url,a:cohort4_exclusion_ids;b:branch_scan,2,analysis/extensions_20260930/WP-F/results_laptop/checkpoints/mp-1948115.json,73
mp-1948198,mp_task_id_s3_url,a:cohort4_exclusion_ids;b:branch_scan,2,analysis/extensions_20260930/WP-F/results_laptop/checkpoints/mp-1948198.json,73
mp-1948199,mp_id;mp_task_id_s3_url,a:cohort4_exclusion_ids;b:branch_scan,15,analysis/extensions_20260930/WP-F/frame.csv.gz,105
mp-1949342,mp_id;mp_task_id_s3_url,a:cohort4_exclusion_ids;b:branch_scan,12,analysis/fresh_population_20261006/P2_ENGINEERING_MANIFEST.csv,28
mp-1951155,mp_task_id_s3_url,a:cohort4_exclusion_ids;b:branch_scan,2,analysis/extensions_20260930/WP-F/results_laptop/checkpoints/mp-1951155.json,73
mp-1952173,mp_task_id_s3_url,a:cohort4_exclusion_ids;b:branch_scan,2,analysis/extensions_20260930/WP-F/results_laptop/checkpoints/mp-1952173.json,73
mp-1952187,mp_id;mp_task_id_s3_url,a:cohort4_exclusion_ids;b:branch_scan,12,analysis/extensions_20260930/WP-F/frame.csv.gz,105
mp-1954470,mp_id;mp_task_id_s3_url,a:cohort4_exclusion_ids;b:branch_scan,8,analysis/fresh_population_20261006/P2_CONFIRMATORY_MANIFEST.csv,26
mp-1955081,mp_id;mp_task_id_s3_url,a:cohort4_exclusion_ids;b:branch_scan,8,analysis/fresh_population_20261006/P2_CONFIRMATORY_MANIFEST.csv,26
mp-1956443,mp_id;mp_task_id_s3_url,a:cohort4_exclusion_ids;b:branch_scan,12,analysis/fresh_population_20261006/P2_ENGINEERING_MANIFEST.csv,28
mp-1957659,mp_task_id_s3_url,a:cohort4_exclusion_ids;b:branch_scan,2,analysis/extensions_20260930/WP-F/results_laptop/checkpoints/mp-1957659.json,73
mp-1958203,mp_task_id_s3_url,a:cohort4_exclusion_ids;b:branch_scan,2,analysis/extensions_20260930/WP-F/results_laptop/checkpoints/mp-1958203.json,73
mp-1958333,mp_task_id_s3_url,a:cohort4_exclusion_ids;b:branch_scan,2,analysis/extensions_20260930/WP-F/results_laptop/checkpoints/mp-1958333.json,73
mp-1959615,mp_task_id_s3_url,a:cohort4_exclusion_ids;b:branch_scan,2,analysis/extensions_20260930/WP-F/results_laptop/checkpoints/mp-1959615.json,73
mp-1975155,mp_id;mp_task_id_s3_url,a:cohort4_exclusion_ids;b:branch_scan,13,analysis/extensions_20260930/WP-F/frame.csv.gz,105
mp-1975665,mp_id;mp_task_id_s3_url,a:cohort4_exclusion_ids;b:branch_scan,8,analysis/fresh_population_20261006/P2_CONFIRMATORY_MANIFEST.csv,26
mp-1976082,mp_task_id_s3_url,a:cohort4_exclusion_ids;b:branch_scan,2,analysis/extensions_20260930/WP-F/results_laptop/checkpoints/mp-1976082.json,73
mp-1976476,mp_task_id_s3_url,a:cohort4_exclusion_ids;b:branch_scan,2,analysis/extensions_20260930/WP-F/results_laptop/checkpoints/mp-1976476.json,73
mp-1976557,mp_task_id_s3_url,a:cohort4_exclusion_ids;b:branch_scan,2,analysis/extensions_20260930/WP-F/results_laptop/checkpoints/mp-1976557.json,73
mp-1977185,mp_id;mp_task_id_s3_url,a:cohort4_exclusion_ids;b:branch_scan,8,analysis/fresh_population_20261006/P2_CONFIRMATORY_MANIFEST.csv,26
mp-1977311,mp_id;mp_task_id_s3_url,a:cohort4_exclusion_ids;b:branch_scan,13,analysis/extensions_20260930/WP-F/frame.csv.gz,105
mp-2,mp_id,a:cohort4_exclusion_ids;b:branch_scan,1,analysis/qoac_b3_design/test_run_real_engineering.py,21
mp-2013328,mp_task_id_s3_url,a:cohort4_exclusion_ids;b:branch_scan,2,analysis/extensions_20260930/WP-F/results_laptop/checkpoints/mp-2013328.json,73
mp-2013544,mp_id;mp_task_id_s3_url,a:cohort4_exclusion_ids;b:branch_scan,13,analysis/extensions_20260930/WP-F/frame.csv.gz,105
mp-2013545,mp_id;mp_task_id_s3_url,a:cohort4_exclusion_ids;b:branch_scan,3,analysis/extensions_20260930/WP-F/DEVIATIONS.md,73
mp-2014470,mp_id;mp_task_id_s3_url,a:cohort4_exclusion_ids;b:branch_scan,8,analysis/fresh_population_20261006/P2_CONFIRMATORY_MANIFEST.csv,26
mp-2015554,mp_id;mp_task_id_s3_url,a:cohort4_exclusion_ids;b:branch_scan,8,analysis/fresh_population_20261006/P2_CONFIRMATORY_MANIFEST.csv,26
mp-2015996,mp_task_id_s3_url,a:cohort4_exclusion_ids;b:branch_scan,2,analysis/extensions_20260930/WP-F/results_laptop/checkpoints/mp-2015996.json,73
mp-2017389,mp_task_id_s3_url,a:cohort4_exclusion_ids;b:branch_scan,2,analysis/extensions_20260930/WP-F/results_laptop/checkpoints/mp-2017389.json,73
mp-2017787,mp_task_id_s3_url,a:cohort4_exclusion_ids;b:branch_scan,2,analysis/extensions_20260930/WP-F/results_laptop/checkpoints/mp-2017787.json,73
mp-2018183,mp_task_id_s3_url,a:cohort4_exclusion_ids;b:branch_scan,2,analysis/extensions_20260930/WP-F/results_laptop/checkpoints/mp-2018183.json,73
mp-2018706,mp_id;mp_task_id_s3_url,a:cohort4_exclusion_ids;b:branch_scan,8,analysis/fresh_population_20261006/P2_CONFIRMATORY_MANIFEST.csv,26
mp-2018920,mp_task_id_s3_url,a:cohort4_exclusion_ids;b:branch_scan,2,analysis/extensions_20260930/WP-F/results_laptop/checkpoints/mp-2018920.json,73
mp-2019659,mp_task_id_s3_url,a:cohort4_exclusion_ids;b:branch_scan,2,analysis/extensions_20260930/WP-F/results_laptop/checkpoints/mp-2019659.json,73
mp-2019838,mp_id;mp_task_id_s3_url,a:cohort4_exclusion_ids;b:branch_scan,12,analysis/extensions_20260930/WP-F/frame.csv.gz,105
mp-2019859,mp_id;mp_task_id_s3_url,a:cohort4_exclusion_ids;b:branch_scan,8,analysis/fresh_population_20261006/P2_CONFIRMATORY_MANIFEST.csv,26
mp-2021356,mp_id;mp_task_id_s3_url,a:cohort4_exclusion_ids;b:branch_scan,13,analysis/extensions_20260930/WP-F/frame.csv.gz,105
mp-2021404,mp_id;mp_task_id_s3_url,a:cohort4_exclusion_ids;b:branch_scan,8,analysis/fresh_population_20261006/P2_CONFIRMATORY_MANIFEST.csv,26
mp-2023171,mp_task_id_s3_url,a:cohort4_exclusion_ids;b:branch_scan,2,analysis/extensions_20260930/WP-F/results_laptop/checkpoints/mp-2023171.json,73
mp-2023908,mp_task_id_s3_url,a:cohort4_exclusion_ids;b:branch_scan,2,analysis/extensions_20260930/WP-F/results_laptop/checkpoints/mp-2023908.json,73
mp-2024244,mp_id;mp_task_id_s3_url,a:cohort4_exclusion_ids;b:branch_scan,8,analysis/fresh_population_20261006/P2_CONFIRMATORY_MANIFEST.csv,26
mp-2024340,mp_id;mp_task_id_s3_url,a:cohort4_exclusion_ids;b:branch_scan,13,analysis/extensions_20260930/WP-F/frame.csv.gz,105
mp-2024780,mp_task_id_s3_url,a:cohort4_exclusion_ids;b:branch_scan,2,analysis/extensions_20260930/WP-F/results_laptop/checkpoints/mp-2024780.json,73
mp-2024887,mp_task_id_s3_url,a:cohort4_exclusion_ids;b:branch_scan,2,analysis/extensions_20260930/WP-F/results_laptop/checkpoints/mp-2024887.json,73
mp-2025332,mp_id;mp_task_id_s3_url,a:cohort4_exclusion_ids;b:branch_scan,8,analysis/fresh_population_20261006/P2_CONFIRMATORY_MANIFEST.csv,26
mp-2026055,mp_task_id_s3_url,a:cohort4_exclusion_ids;b:branch_scan,2,analysis/extensions_20260930/WP-F/results_laptop/checkpoints/mp-2026055.json,73
mp-2027025,mp_id;mp_task_id_s3_url,a:cohort4_exclusion_ids;b:branch_scan,8,analysis/fresh_population_20261006/P2_CONFIRMATORY_MANIFEST.csv,26
mp-2027506,mp_id;mp_task_id_s3_url,a:cohort4_exclusion_ids;b:branch_scan,12,analysis/fresh_population_20261006/P2_ENGINEERING_MANIFEST.csv,28
mp-2027773,mp_task_id_s3_url,a:cohort4_exclusion_ids;b:branch_scan,2,analysis/extensions_20260930/WP-F/results_laptop/checkpoints/mp-2027773.json,73
mp-2028004,mp_task_id_s3_url,a:cohort4_exclusion_ids;b:branch_scan,2,analysis/extensions_20260930/WP-F/results_laptop/checkpoints/mp-2028004.json,73
mp-2028257,mp_id;mp_task_id_s3_url,a:cohort4_exclusion_ids;b:branch_scan,12,analysis/extensions_20260930/WP-F/frame.csv.gz,105
mp-2028765,mp_id;mp_task_id_s3_url,a:cohort4_exclusion_ids;b:branch_scan,13,analysis/extensions_20260930/WP-F/frame.csv.gz,105
mp-2030351,mp_task_id_s3_url,a:cohort4_exclusion_ids;b:branch_scan,2,analysis/extensions_20260930/WP-F/results_laptop/checkpoints/mp-2030351.json,73
mp-2030612,mp_task_id_s3_url,a:cohort4_exclusion_ids;b:branch_scan,2,analysis/extensions_20260930/WP-F/results_laptop/checkpoints/mp-2030612.json,73
mp-2030885,mp_task_id_s3_url,a:cohort4_exclusion_ids;b:branch_scan,2,analysis/extensions_20260930/WP-F/results_laptop/checkpoints/mp-2030885.json,73
mp-2033708,mp_id;mp_task_id_s3_url,a:cohort4_exclusion_ids;b:branch_scan,8,analysis/fresh_population_20261006/P2_CONFIRMATORY_MANIFEST.csv,26
mp-2033940,mp_id;mp_task_id_s3_url,a:cohort4_exclusion_ids;b:branch_scan,12,analysis/fresh_population_20261006/P2_ENGINEERING_MANIFEST.csv,28
mp-2034100,mp_id;mp_task_id_s3_url,a:cohort4_exclusion_ids;b:branch_scan,12,analysis/fresh_population_20261006/P2_ENGINEERING_MANIFEST.csv,28
mp-2035886,mp_id;mp_task_id_s3_url,a:cohort4_exclusion_ids;b:branch_scan,8,analysis/fresh_population_20261006/P2_CONFIRMATORY_MANIFEST.csv,26
mp-2038376,mp_id;mp_task_id_s3_url,a:cohort4_exclusion_ids;b:branch_scan,8,analysis/fresh_population_20261006/P2_CONFIRMATORY_MANIFEST.csv,26
mp-2039419,mp_task_id_s3_url,a:cohort4_exclusion_ids;b:branch_scan,2,analysis/extensions_20260930/WP-F/results_laptop/checkpoints/mp-2039419.json,73
mp-2041152,mp_task_id_s3_url,a:cohort4_exclusion_ids;b:branch_scan,2,analysis/extensions_20260930/WP-F/results_laptop/checkpoints/mp-2041152.json,73
mp-2041430,mp_id;mp_task_id_s3_url,a:cohort4_exclusion_ids;b:branch_scan,13,analysis/extensions_20260930/WP-F/frame.csv.gz,105
mp-2041773,mp_task_id_s3_url,a:cohort4_exclusion_ids;b:branch_scan,2,analysis/extensions_20260930/WP-F/results_laptop/checkpoints/mp-2041773.json,73
mp-2041856,mp_task_id_s3_url,a:cohort4_exclusion_ids;b:branch_scan,2,analysis/extensions_20260930/WP-F/results_laptop/checkpoints/mp-2041856.json,73
mp-2042708,mp_task_id_s3_url,a:cohort4_exclusion_ids;b:branch_scan,2,analysis/extensions_20260930/WP-F/results_laptop/checkpoints/mp-2042708.json,73
mp-2043238,mp_task_id_s3_url,a:cohort4_exclusion_ids;b:branch_scan,2,analysis/extensions_20260930/WP-F/results_laptop/checkpoints/mp-2043238.json,73
mp-2045822,mp_task_id_s3_url,a:cohort4_exclusion_ids;b:branch_scan,2,analysis/extensions_20260930/WP-F/results_laptop/checkpoints/mp-2045822.json,73
mp-2045979,mp_task_id_s3_url,a:cohort4_exclusion_ids;b:branch_scan,2,analysis/extensions_20260930/WP-F/results_laptop/checkpoints/mp-2045979.json,73
mp-2046569,mp_task_id_s3_url,a:cohort4_exclusion_ids;b:branch_scan,2,analysis/extensions_20260930/WP-F/results_laptop/checkpoints/mp-2046569.json,73
mp-2047758,mp_id;mp_task_id_s3_url,a:cohort4_exclusion_ids;b:branch_scan,12,analysis/fresh_population_20261006/P2_ENGINEERING_MANIFEST.csv,28
mp-2048128,mp_id;mp_task_id_s3_url,a:cohort4_exclusion_ids;b:branch_scan,15,analysis/extensions_20260930/WP-F/frame.csv.gz,105
mp-2050262,mp_id;mp_task_id_s3_url,a:cohort4_exclusion_ids;b:branch_scan,8,analysis/fresh_population_20261006/P2_CONFIRMATORY_MANIFEST.csv,26
mp-2050284,mp_task_id_s3_url,a:cohort4_exclusion_ids;b:branch_scan,2,analysis/extensions_20260930/WP-F/results_laptop/checkpoints/mp-2050284.json,73
mp-2050393,mp_id;mp_task_id_s3_url,a:cohort4_exclusion_ids;b:branch_scan,10,.github/workflows/wpf_cloud_completion.yml,73
mp-2050862,mp_task_id_s3_url,a:cohort4_exclusion_ids;b:branch_scan,2,analysis/extensions_20260930/WP-F/results_laptop/checkpoints/mp-2050862.json,73
mp-2050879,mp_task_id_s3_url,a:cohort4_exclusion_ids;b:branch_scan,2,analysis/extensions_20260930/WP-F/results_laptop/checkpoints/mp-2050879.json,73
mp-2052735,mp_id;mp_task_id_s3_url,a:cohort4_exclusion_ids;b:branch_scan,13,analysis/extensions_20260930/WP-F/frame.csv.gz,105
mp-2053136,mp_task_id_s3_url,a:cohort4_exclusion_ids;b:branch_scan,2,analysis/extensions_20260930/WP-F/results_laptop/checkpoints/mp-2053136.json,73
mp-20888,mp_id,a:cohort4_exclusion_ids;b:branch_scan,99,analysis/extensions_20260928/WP-A/material_risk.csv,105
mp-21054,mp_id,a:cohort4_exclusion_ids;b:branch_scan,104,analysis/extensions_20260928/WP-A/material_risk.csv,105
mp-21079,mp_id,a:cohort4_exclusion_ids;b:branch_scan,89,analysis/extensions_20260928/WP-A/material_risk.csv,105
mp-214,mp_id,a:cohort4_exclusion_ids;b:branch_scan,115,analysis/extensions_20260928/WP-A/material_risk.csv,105
mp-21588,mp_id,a:cohort4_exclusion_ids;b:branch_scan,62,analysis/extensions_20260928/WP-A/material_risk.csv,105
mp-2194,mp_id,a:cohort4_exclusion_ids;b:branch_scan,76,analysis/extensions_20260928/WP-A/material_risk.csv,105
mp-2210718,mp_task_id_s3_url,a:cohort4_exclusion_ids;b:branch_scan,2,analysis/extensions_20260930/WP-F/results_laptop/checkpoints/mp-2210718.json,73
mp-2214629,mp_id;mp_task_id_s3_url,a:cohort4_exclusion_ids;b:branch_scan,8,analysis/fresh_population_20261006/P2_CONFIRMATORY_MANIFEST.csv,26
mp-2214964,mp_id;mp_task_id_s3_url,a:cohort4_exclusion_ids;b:branch_scan,6,analysis/extensions_20260930/WP-F/frame.csv.gz,105
mp-2215963,mp_id;mp_task_id_s3_url,a:cohort4_exclusion_ids;b:branch_scan,15,analysis/fresh_population_20261006/P1_CONFIRMATORY_MANIFEST.csv,24
mp-2216496,mp_id,a:cohort4_exclusion_ids;b:branch_scan,96,analysis/extensions_20260928/WP-A/material_risk.csv,105
mp-2216781,mp_id;mp_task_id_s3_url,a:cohort4_exclusion_ids;b:branch_scan,13,analysis/extensions_20260930/WP-F/frame.csv.gz,105
mp-2217743,mp_id;mp_task_id_s3_url,a:cohort4_exclusion_ids;b:branch_scan,80,analysis/extensions_20260928/WP-A/material_risk.csv,105
mp-2217778,mp_task_id_s3_url,a:cohort4_exclusion_ids;b:branch_scan,2,analysis/extensions_20260930/WP-F/results_laptop/checkpoints/mp-2217778.json,73
mp-2218768,mp_task_id_s3_url,a:cohort4_exclusion_ids;b:branch_scan,2,analysis/extensions_20260930/WP-F/results_laptop/checkpoints/mp-2218768.json,73
mp-2218940,mp_task_id_s3_url,a:cohort4_exclusion_ids;b:branch_scan,2,analysis/extensions_20260930/WP-F/results_laptop/checkpoints/mp-2218940.json,73
mp-2220798,mp_task_id_s3_url,a:cohort4_exclusion_ids;b:branch_scan,2,analysis/extensions_20260930/WP-F/results_laptop/checkpoints/mp-2220798.json,73
mp-2221085,mp_task_id_s3_url,a:cohort4_exclusion_ids;b:branch_scan,2,analysis/extensions_20260930/WP-F/results_laptop/checkpoints/mp-2221085.json,73
mp-2221657,mp_id;mp_task_id_s3_url,a:cohort4_exclusion_ids;b:branch_scan,5,analysis/extensions_20260930/WP-F/frame.csv.gz,105
mp-2223078,mp_task_id_s3_url,a:cohort4_exclusion_ids;b:branch_scan,2,analysis/extensions_20260930/WP-F/results_laptop/checkpoints/mp-2223078.json,73
mp-2225312,mp_id;mp_task_id_s3_url,a:cohort4_exclusion_ids;b:branch_scan,8,analysis/fresh_population_20261006/P2_CONFIRMATORY_MANIFEST.csv,26
mp-2226196,mp_id;mp_task_id_s3_url,a:cohort4_exclusion_ids;b:branch_scan,5,analysis/extensions_20260930/WP-F/frame.csv.gz,105
mp-2226409,mp_task_id_s3_url,a:cohort4_exclusion_ids;b:branch_scan,2,analysis/extensions_20260930/WP-F/results_laptop/checkpoints/mp-2226409.json,73
mp-2226423,mp_task_id_s3_url,a:cohort4_exclusion_ids;b:branch_scan,2,analysis/extensions_20260930/WP-F/results_laptop/checkpoints/mp-2226423.json,73
mp-2226901,mp_task_id_s3_url,a:cohort4_exclusion_ids;b:branch_scan,2,analysis/extensions_20260930/WP-F/results_laptop/checkpoints/mp-2226901.json,73
mp-2226990,mp_task_id_s3_url,a:cohort4_exclusion_ids;b:branch_scan,2,analysis/extensions_20260930/WP-F/results_laptop/checkpoints/mp-2226990.json,73
mp-2227370,mp_id;mp_task_id_s3_url,a:cohort4_exclusion_ids;b:branch_scan,8,analysis/fresh_population_20261006/P2_CONFIRMATORY_MANIFEST.csv,26
mp-2227467,mp_id;mp_task_id_s3_url,a:cohort4_exclusion_ids;b:branch_scan,77,analysis/extensions_20260928/WP-A/material_risk.csv,105
mp-2228775,mp_task_id_s3_url,a:cohort4_exclusion_ids;b:branch_scan,2,analysis/extensions_20260930/WP-F/results_laptop/checkpoints/mp-2228775.json,73
mp-2229183,mp_task_id_s3_url,a:cohort4_exclusion_ids;b:branch_scan,2,analysis/extensions_20260930/WP-F/results_laptop/checkpoints/mp-2229183.json,73
mp-2229431,mp_id;mp_task_id_s3_url,a:cohort4_exclusion_ids;b:branch_scan,85,analysis/extensions_20260928/WP-A/material_risk.csv,105
mp-2229470,mp_id;mp_task_id_s3_url,a:cohort4_exclusion_ids;b:branch_scan,12,analysis/fresh_population_20261006/P2_ENGINEERING_MANIFEST.csv,28
mp-2230144,mp_task_id_s3_url,a:cohort4_exclusion_ids;b:branch_scan,2,analysis/extensions_20260930/WP-F/results_laptop/checkpoints/mp-2230144.json,73
mp-2230770,mp_id,a:cohort4_exclusion_ids;b:branch_scan,105,analysis/extensions_20260928/WP-A/material_risk.csv,105
mp-2230874,mp_task_id_s3_url,a:cohort4_exclusion_ids;b:branch_scan,2,analysis/extensions_20260930/WP-F/results_laptop/checkpoints/mp-2230874.json,73
mp-2231462,mp_id;mp_task_id_s3_url,a:cohort4_exclusion_ids;b:branch_scan,8,analysis/fresh_population_20261006/P2_CONFIRMATORY_MANIFEST.csv,26
mp-2231818,mp_id;mp_task_id_s3_url,a:cohort4_exclusion_ids;b:branch_scan,12,analysis/extensions_20260930/WP-F/frame.csv.gz,105
mp-2231849,mp_task_id_s3_url,a:cohort4_exclusion_ids;b:branch_scan,2,analysis/extensions_20260930/WP-F/results_laptop/checkpoints/mp-2231849.json,73
mp-2233790,mp_id;mp_task_id_s3_url,a:cohort4_exclusion_ids;b:branch_scan,66,analysis/extensions_20260928/WP-A/material_risk.csv,105
mp-2234070,mp_task_id_s3_url,a:cohort4_exclusion_ids;b:branch_scan,2,analysis/extensions_20260930/WP-F/results_laptop/checkpoints/mp-2234070.json,73
mp-2235232,mp_id;mp_task_id_s3_url,a:cohort4_exclusion_ids;b:branch_scan,13,analysis/extensions_20260930/WP-F/frame.csv.gz,105
mp-2235263,mp_task_id_s3_url,a:cohort4_exclusion_ids;b:branch_scan,2,analysis/extensions_20260930/WP-F/results_laptop/checkpoints/mp-2235263.json,73
mp-2235961,mp_task_id_s3_url,a:cohort4_exclusion_ids;b:branch_scan,2,analysis/extensions_20260930/WP-F/results_laptop/checkpoints/mp-2235961.json,73
mp-2236230,mp_task_id_s3_url,a:cohort4_exclusion_ids;b:branch_scan,2,analysis/extensions_20260930/WP-F/results_laptop/checkpoints/mp-2236230.json,73
mp-2236487,mp_task_id_s3_url,a:cohort4_exclusion_ids;b:branch_scan,2,analysis/extensions_20260930/WP-F/results_laptop/checkpoints/mp-2236487.json,73
mp-2237162,mp_task_id_s3_url,a:cohort4_exclusion_ids;b:branch_scan,2,analysis/extensions_20260930/WP-F/results_laptop/checkpoints/mp-2237162.json,73
mp-2239967,mp_task_id_s3_url,a:cohort4_exclusion_ids;b:branch_scan,2,analysis/extensions_20260930/WP-F/results_laptop/checkpoints/mp-2239967.json,73
mp-2240057,mp_id,a:cohort4_exclusion_ids;b:branch_scan,102,analysis/extensions_20260928/WP-A/material_risk.csv,105
mp-2240417,mp_task_id_s3_url,a:cohort4_exclusion_ids;b:branch_scan,2,analysis/extensions_20260930/WP-F/results_laptop/checkpoints/mp-2240417.json,73
mp-2240771,mp_id;mp_task_id_s3_url,a:cohort4_exclusion_ids;b:branch_scan,13,analysis/extensions_20260930/WP-F/frame.csv.gz,105
mp-2241506,mp_task_id_s3_url,a:cohort4_exclusion_ids;b:branch_scan,2,analysis/extensions_20260930/WP-F/results_laptop/checkpoints/mp-2241506.json,73
mp-2242118,mp_id;mp_task_id_s3_url,a:cohort4_exclusion_ids;b:branch_scan,82,RESULTS.md,105
mp-2243739,mp_task_id_s3_url,a:cohort4_exclusion_ids;b:branch_scan,2,analysis/extensions_20260930/WP-F/results_laptop/checkpoints/mp-2243739.json,73
mp-22490,mp_id,a:cohort4_exclusion_ids;b:branch_scan,101,.github/workflows/qoac_v03_engineering.yml,105
mp-2252838,mp_task_id_s3_url,a:cohort4_exclusion_ids;b:branch_scan,2,analysis/fresh_population_20261006/P2_CONFIRMATORY_MANIFEST.csv,26
mp-2258834,mp_id;mp_task_id_s3_url,a:cohort4_exclusion_ids;b:branch_scan,5,analysis/extensions_20260930/WP-F/frame.csv.gz,105
mp-2263614,mp_task_id_s3_url,a:cohort4_exclusion_ids;b:branch_scan,2,analysis/fresh_population_20261006/P2_CONFIRMATORY_MANIFEST.csv,26
mp-2265197,mp_task_id_s3_url,a:cohort4_exclusion_ids;b:branch_scan,2,analysis/fresh_population_20261006/P2_CONFIRMATORY_MANIFEST.csv,26
mp-2266741,mp_id;mp_task_id_s3_url,a:cohort4_exclusion_ids;b:branch_scan,12,analysis/extensions_20260930/WP-F/frame.csv.gz,105
mp-2268730,mp_id;mp_task_id_s3_url,a:cohort4_exclusion_ids;b:branch_scan,14,analysis/extensions_20260930/WP-F/frame.csv.gz,105
mp-2275522,mp_id;mp_task_id_s3_url,a:cohort4_exclusion_ids;b:branch_scan,13,analysis/extensions_20260930/WP-F/frame.csv.gz,105
mp-2275877,mp_task_id_s3_url,a:cohort4_exclusion_ids;b:branch_scan,2,analysis/fresh_population_20261006/P2_CONFIRMATORY_MANIFEST.csv,26
mp-2276112,mp_task_id_s3_url,a:cohort4_exclusion_ids;b:branch_scan,2,analysis/extensions_20260930/WP-F/results_laptop/checkpoints/mp-2276112.json,73
mp-2276241,mp_task_id_s3_url,a:cohort4_exclusion_ids;b:branch_scan,1,analysis/fresh_population_20261006/attempts.csv,24
mp-2276961,mp_task_id_s3_url,a:cohort4_exclusion_ids;b:branch_scan,2,analysis/fresh_population_20261006/P1_CONFIRMATORY_MANIFEST.csv,24
mp-2277002,mp_task_id_s3_url,a:cohort4_exclusion_ids;b:branch_scan,2,analysis/extensions_20260930/WP-F/results_laptop/checkpoints/mp-2277002.json,73
mp-2277973,mp_task_id_s3_url,a:cohort4_exclusion_ids;b:branch_scan,2,analysis/fresh_population_20261006/P2_CONFIRMATORY_MANIFEST.csv,26
mp-2279078,mp_task_id_s3_url,a:cohort4_exclusion_ids;b:branch_scan,2,analysis/extensions_20260930/WP-F/results_laptop/checkpoints/mp-2279078.json,73
mp-2279535,mp_task_id_s3_url,a:cohort4_exclusion_ids;b:branch_scan,2,analysis/fresh_population_20261006/P2_ENGINEERING_MANIFEST.csv,28
mp-2281459,mp_task_id_s3_url,a:cohort4_exclusion_ids;b:branch_scan,2,analysis/extensions_20260930/WP-F/results_laptop/checkpoints/mp-2281459.json,73
mp-2283933,mp_task_id_s3_url,a:cohort4_exclusion_ids;b:branch_scan,2,analysis/extensions_20260930/WP-F/results_laptop/checkpoints/mp-2283933.json,73
mp-2284079,mp_task_id_s3_url,a:cohort4_exclusion_ids;b:branch_scan,2,analysis/extensions_20260930/WP-F/results_laptop/checkpoints/mp-2284079.json,73
mp-2284376,mp_task_id_s3_url,a:cohort4_exclusion_ids;b:branch_scan,2,analysis/fresh_population_20261006/P1_CONFIRMATORY_MANIFEST.csv,24
mp-2285289,mp_task_id_s3_url,a:cohort4_exclusion_ids;b:branch_scan,2,analysis/extensions_20260930/WP-F/results_laptop/checkpoints/mp-2285289.json,73
mp-2285510,mp_id;mp_task_id_s3_url,a:cohort4_exclusion_ids;b:branch_scan,10,.github/workflows/wpf_cloud_completion.yml,73
mp-2286558,mp_task_id_s3_url,a:cohort4_exclusion_ids;b:branch_scan,2,analysis/extensions_20260930/WP-F/results_laptop/checkpoints/mp-2286558.json,73
mp-2287106,mp_task_id_s3_url,a:cohort4_exclusion_ids;b:branch_scan,2,analysis/fresh_population_20261006/P1_ENGINEERING_MANIFEST.csv,24
mp-2287719,mp_task_id_s3_url,a:cohort4_exclusion_ids;b:branch_scan,2,analysis/extensions_20260930/WP-F/results_laptop/checkpoints/mp-2287719.json,73
mp-2288499,mp_task_id_s3_url,a:cohort4_exclusion_ids;b:branch_scan,2,analysis/fresh_population_20261006/P1_CONFIRMATORY_MANIFEST.csv,24
mp-2289007,mp_id;mp_task_id_s3_url,a:cohort4_exclusion_ids;b:branch_scan,7,analysis/extensions_20260930/WP-F/frame.csv.gz,105
mp-2289726,mp_id;mp_task_id_s3_url,a:cohort4_exclusion_ids;b:branch_scan,13,analysis/extensions_20260930/WP-F/frame.csv.gz,105
mp-2289989,mp_task_id_s3_url,a:cohort4_exclusion_ids;b:branch_scan,2,analysis/extensions_20260930/WP-F/results_laptop/checkpoints/mp-2289989.json,73
mp-2290169,mp_task_id_s3_url,a:cohort4_exclusion_ids;b:branch_scan,2,analysis/fresh_population_20261006/P2_CONFIRMATORY_MANIFEST.csv,26
mp-2290360,mp_task_id_s3_url,a:cohort4_exclusion_ids;b:branch_scan,2,analysis/extensions_20260930/WP-F/results_laptop/checkpoints/mp-2290360.json,73
mp-2291976,mp_task_id_s3_url,a:cohort4_exclusion_ids;b:branch_scan,2,analysis/extensions_20260930/WP-F/results_laptop/checkpoints/mp-2291976.json,73
mp-2293364,mp_id;mp_task_id_s3_url,a:cohort4_exclusion_ids;b:branch_scan,14,analysis/extensions_20260930/WP-F/frame.csv.gz,105
mp-2294205,mp_id;mp_task_id_s3_url,a:cohort4_exclusion_ids;b:branch_scan,13,analysis/extensions_20260930/WP-F/frame.csv.gz,105
mp-2294255,mp_task_id_s3_url,a:cohort4_exclusion_ids;b:branch_scan,2,analysis/extensions_20260930/WP-F/results_laptop/checkpoints/mp-2294255.json,73
mp-2297207,mp_task_id_s3_url,a:cohort4_exclusion_ids;b:branch_scan,2,analysis/extensions_20260930/WP-F/results_laptop/checkpoints/mp-2297207.json,73
mp-2297313,mp_task_id_s3_url,a:cohort4_exclusion_ids;b:branch_scan,1,analysis/fresh_population_20261006/attempts.csv,24
mp-2298304,mp_task_id_s3_url,a:cohort4_exclusion_ids;b:branch_scan,2,analysis/fresh_population_20261006/P2_CONFIRMATORY_MANIFEST.csv,26
mp-2299197,mp_task_id_s3_url,a:cohort4_exclusion_ids;b:branch_scan,2,analysis/fresh_population_20261006/P2_CONFIRMATORY_MANIFEST.csv,26
mp-2299611,mp_id;mp_task_id_s3_url,a:cohort4_exclusion_ids;b:branch_scan,13,analysis/extensions_20260930/WP-F/frame.csv.gz,105
mp-2300333,mp_task_id_s3_url,a:cohort4_exclusion_ids;b:branch_scan,2,analysis/fresh_population_20261006/P2_CONFIRMATORY_MANIFEST.csv,26
mp-2300402,mp_task_id_s3_url,a:cohort4_exclusion_ids;b:branch_scan,2,analysis/extensions_20260930/WP-F/results_laptop/checkpoints/mp-2300402.json,73
mp-2300944,mp_task_id_s3_url,a:cohort4_exclusion_ids;b:branch_scan,2,analysis/fresh_population_20261006/P1_CONFIRMATORY_MANIFEST.csv,24
mp-2301239,mp_id;mp_task_id_s3_url,a:cohort4_exclusion_ids;b:branch_scan,8,analysis/fresh_population_20261006/P2_CONFIRMATORY_MANIFEST.csv,26
mp-2301727,mp_id;mp_task_id_s3_url,a:cohort4_exclusion_ids;b:branch_scan,9,analysis/extensions_20260930/WP-F/frame.csv.gz,105
mp-2302507,mp_id;mp_task_id_s3_url,a:cohort4_exclusion_ids;b:branch_scan,13,analysis/extensions_20260930/WP-F/frame.csv.gz,105
mp-2302539,mp_id;mp_task_id_s3_url,a:cohort4_exclusion_ids;b:branch_scan,16,analysis/fresh_population_20261006/P2_ENGINEERING_MANIFEST.csv,28
mp-2303103,mp_task_id_s3_url,a:cohort4_exclusion_ids;b:branch_scan,2,analysis/extensions_20260930/WP-F/results_laptop/checkpoints/mp-2303103.json,73
mp-2303395,mp_task_id_s3_url,a:cohort4_exclusion_ids;b:branch_scan,2,analysis/extensions_20260930/WP-F/results_laptop/checkpoints/mp-2303395.json,73
mp-2304222,mp_id;mp_task_id_s3_url,a:cohort4_exclusion_ids;b:branch_scan,13,analysis/extensions_20260930/WP-F/frame.csv.gz,105
mp-2304404,mp_id;mp_task_id_s3_url,a:cohort4_exclusion_ids;b:branch_scan,8,analysis/fresh_population_20261006/P2_CONFIRMATORY_MANIFEST.csv,26
mp-2304533,mp_id;mp_task_id_s3_url,a:cohort4_exclusion_ids;b:branch_scan,8,analysis/fresh_population_20261006/P2_CONFIRMATORY_MANIFEST.csv,26
mp-2304605,mp_id;mp_task_id_s3_url,a:cohort4_exclusion_ids;b:branch_scan,9,analysis/extensions_20260930/WP-F/frame.csv.gz,105
mp-2307142,mp_id;mp_task_id_s3_url,a:cohort4_exclusion_ids;b:branch_scan,14,analysis/extensions_20260930/WP-F/frame.csv.gz,105
mp-23077,mp_id,a:cohort4_exclusion_ids;b:branch_scan,10,analysis/fresh_population_20261006/P1_ENGINEERING_MANIFEST.csv,24
mp-2308064,mp_id;mp_task_id_s3_url,a:cohort4_exclusion_ids;b:branch_scan,8,analysis/fresh_population_20261006/P2_CONFIRMATORY_MANIFEST.csv,26
mp-2308507,mp_id;mp_task_id_s3_url,a:cohort4_exclusion_ids;b:branch_scan,13,analysis/extensions_20260930/WP-F/frame.csv.gz,105
mp-2308636,mp_id;mp_task_id_s3_url,a:cohort4_exclusion_ids;b:branch_scan,9,analysis/extensions_20260930/WP-F/frame.csv.gz,105
mp-2308836,mp_id;mp_task_id_s3_url,a:cohort4_exclusion_ids;b:branch_scan,8,analysis/fresh_population_20261006/P2_CONFIRMATORY_MANIFEST.csv,26
mp-2309105,mp_id;mp_task_id_s3_url,a:cohort4_exclusion_ids;b:branch_scan,8,analysis/fresh_population_20261006/P2_CONFIRMATORY_MANIFEST.csv,26
mp-2309397,mp_id;mp_task_id_s3_url,a:cohort4_exclusion_ids;b:branch_scan,8,analysis/fresh_population_20261006/P2_CONFIRMATORY_MANIFEST.csv,26
mp-2309470,mp_id;mp_task_id_s3_url,a:cohort4_exclusion_ids;b:branch_scan,14,analysis/extensions_20260930/WP-F/frame.csv.gz,105
mp-2309993,mp_task_id_s3_url,a:cohort4_exclusion_ids;b:branch_scan,2,analysis/extensions_20260930/WP-F/results_laptop/checkpoints/mp-2309993.json,73
mp-2310116,mp_task_id_s3_url,a:cohort4_exclusion_ids;b:branch_scan,2,analysis/extensions_20260930/WP-F/results_laptop/checkpoints/mp-2310116.json,73
mp-2310284,mp_id;mp_task_id_s3_url,a:cohort4_exclusion_ids;b:branch_scan,8,analysis/fresh_population_20261006/P2_CONFIRMATORY_MANIFEST.csv,26
mp-2310607,mp_id;mp_task_id_s3_url,a:cohort4_exclusion_ids;b:branch_scan,8,analysis/fresh_population_20261006/P2_CONFIRMATORY_MANIFEST.csv,26
mp-2310679,mp_task_id_s3_url,a:cohort4_exclusion_ids;b:branch_scan,2,analysis/extensions_20260930/WP-F/results_laptop/checkpoints/mp-2310679.json,73
mp-2310865,mp_id;mp_task_id_s3_url,a:cohort4_exclusion_ids;b:branch_scan,8,analysis/fresh_population_20261006/P2_CONFIRMATORY_MANIFEST.csv,26
mp-2311532,mp_id;mp_task_id_s3_url,a:cohort4_exclusion_ids;b:branch_scan,8,analysis/fresh_population_20261006/P2_CONFIRMATORY_MANIFEST.csv,26
mp-2317416,mp_task_id_s3_url,a:cohort4_exclusion_ids;b:branch_scan,2,analysis/extensions_20260930/WP-F/results_laptop/checkpoints/mp-2317416.json,73
mp-2323971,mp_id;mp_task_id_s3_url,a:cohort4_exclusion_ids;b:branch_scan,12,analysis/extensions_20260930/WP-F/frame.csv.gz,105
mp-2327119,mp_id;mp_task_id_s3_url,a:cohort4_exclusion_ids;b:branch_scan,12,analysis/fresh_population_20261006/P2_ENGINEERING_MANIFEST.csv,28
mp-2328705,mp_task_id_s3_url,a:cohort4_exclusion_ids;b:branch_scan,2,analysis/extensions_20260930/WP-F/results_laptop/checkpoints/mp-2328705.json,73
mp-2335405,mp_id;mp_task_id_s3_url,a:cohort4_exclusion_ids;b:branch_scan,13,analysis/extensions_20260930/WP-F/frame.csv.gz,105
mp-2335653,mp_task_id_s3_url,a:cohort4_exclusion_ids;b:branch_scan,2,analysis/extensions_20260930/WP-F/results_laptop/checkpoints/mp-2335653.json,73
mp-2340244,mp_task_id_s3_url,a:cohort4_exclusion_ids;b:branch_scan,2,analysis/extensions_20260930/WP-F/results_laptop/checkpoints/mp-2340244.json,73
mp-2345600,mp_id;mp_task_id_s3_url,a:cohort4_exclusion_ids;b:branch_scan,14,analysis/fresh_population_20261006/P1_CONFIRMATORY_MANIFEST.csv,24
mp-2346511,mp_task_id_s3_url,a:cohort4_exclusion_ids;b:branch_scan,2,analysis/extensions_20260930/WP-F/results_laptop/checkpoints/mp-2346511.json,73
mp-2347781,mp_id;mp_task_id_s3_url,a:cohort4_exclusion_ids;b:branch_scan,14,analysis/fresh_population_20261006/P1_CONFIRMATORY_MANIFEST.csv,24
mp-2348544,mp_id;mp_task_id_s3_url,a:cohort4_exclusion_ids;b:branch_scan,10,analysis/fresh_population_20261006/P1_ENGINEERING_MANIFEST.csv,24
mp-2349919,mp_id;mp_task_id_s3_url,a:cohort4_exclusion_ids;b:branch_scan,5,analysis/extensions_20260930/WP-F/frame.csv.gz,105
mp-2350387,mp_id;mp_task_id_s3_url,a:cohort4_exclusion_ids;b:branch_scan,6,analysis/extensions_20260930/WP-F/frame.csv.gz,105
mp-2350625,mp_task_id_s3_url,a:cohort4_exclusion_ids;b:branch_scan,2,analysis/extensions_20260930/WP-F/results_laptop/checkpoints/mp-2350625.json,73
mp-2351450,mp_task_id_s3_url,a:cohort4_exclusion_ids;b:branch_scan,2,analysis/extensions_20260930/WP-F/results_laptop/checkpoints/mp-2351450.json,73
mp-2355601,mp_id;mp_task_id_s3_url,a:cohort4_exclusion_ids;b:branch_scan,15,analysis/fresh_population_20261006/P1_CONFIRMATORY_MANIFEST.csv,24
mp-2355708,mp_task_id_s3_url,a:cohort4_exclusion_ids;b:branch_scan,2,analysis/extensions_20260930/WP-F/results_laptop/checkpoints/mp-2355708.json,73
mp-2355832,mp_task_id_s3_url,a:cohort4_exclusion_ids;b:branch_scan,2,analysis/extensions_20260930/WP-F/results_laptop/checkpoints/mp-2355832.json,73
mp-2356583,mp_task_id_s3_url,a:cohort4_exclusion_ids;b:branch_scan,2,analysis/extensions_20260930/WP-F/results_laptop/checkpoints/mp-2356583.json,73
mp-2359779,mp_task_id_s3_url,a:cohort4_exclusion_ids;b:branch_scan,2,analysis/extensions_20260930/WP-F/results_laptop/checkpoints/mp-2359779.json,73
mp-2361109,mp_id;mp_task_id_s3_url,a:cohort4_exclusion_ids;b:branch_scan,15,analysis/fresh_population_20261006/P1_CONFIRMATORY_MANIFEST.csv,24
mp-2367698,mp_id;mp_task_id_s3_url,a:cohort4_exclusion_ids;b:branch_scan,10,.github/workflows/wpf_cloud_completion.yml,73
mp-2368217,mp_task_id_s3_url,a:cohort4_exclusion_ids;b:branch_scan,2,analysis/extensions_20260930/WP-F/results_laptop/checkpoints/mp-2368217.json,73
mp-2368341,mp_id;mp_task_id_s3_url,a:cohort4_exclusion_ids;b:branch_scan,5,analysis/extensions_20260930/WP-F/frame.csv.gz,105
mp-2373483,mp_task_id_s3_url,a:cohort4_exclusion_ids;b:branch_scan,2,analysis/extensions_20260930/WP-F/results_laptop/checkpoints/mp-2373483.json,73
mp-2375995,mp_id;mp_task_id_s3_url,a:cohort4_exclusion_ids;b:branch_scan,15,analysis/fresh_population_20261006/P1_CONFIRMATORY_MANIFEST.csv,24
mp-2377104,mp_task_id_s3_url,a:cohort4_exclusion_ids;b:branch_scan,2,analysis/extensions_20260930/WP-F/results_laptop/checkpoints/mp-2377104.json,73
mp-2381658,mp_id;mp_task_id_s3_url,a:cohort4_exclusion_ids;b:branch_scan,15,analysis/fresh_population_20261006/P1_CONFIRMATORY_MANIFEST.csv,24
mp-2382672,mp_id;mp_task_id_s3_url,a:cohort4_exclusion_ids;b:branch_scan,15,analysis/fresh_population_20261006/P1_CONFIRMATORY_MANIFEST.csv,24
mp-2385575,mp_task_id_s3_url,a:cohort4_exclusion_ids;b:branch_scan,2,analysis/extensions_20260930/WP-F/results_laptop/checkpoints/mp-2385575.json,73
mp-2389982,mp_task_id_s3_url,a:cohort4_exclusion_ids;b:branch_scan,2,analysis/extensions_20260930/WP-F/results_laptop/checkpoints/mp-2389982.json,73
mp-2390226,mp_id;mp_task_id_s3_url,a:cohort4_exclusion_ids;b:branch_scan,15,analysis/fresh_population_20261006/P1_CONFIRMATORY_MANIFEST.csv,24
mp-2391409,mp_id;mp_task_id_s3_url,a:cohort4_exclusion_ids;b:branch_scan,15,analysis/fresh_population_20261006/P1_CONFIRMATORY_MANIFEST.csv,24
mp-2391771,mp_task_id_s3_url,a:cohort4_exclusion_ids;b:branch_scan,2,analysis/extensions_20260930/WP-F/results_laptop/checkpoints/mp-2391771.json,73
mp-2394362,mp_task_id_s3_url,a:cohort4_exclusion_ids;b:branch_scan,2,analysis/extensions_20260930/WP-F/results_laptop/checkpoints/mp-2394362.json,73
mp-2396472,mp_task_id_s3_url,a:cohort4_exclusion_ids;b:branch_scan,2,analysis/extensions_20260930/WP-F/results_laptop/checkpoints/mp-2396472.json,73
mp-2396485,mp_task_id_s3_url,a:cohort4_exclusion_ids;b:branch_scan,2,analysis/extensions_20260930/WP-F/results_laptop/checkpoints/mp-2396485.json,73
mp-2396562,mp_task_id_s3_url,a:cohort4_exclusion_ids;b:branch_scan,2,analysis/extensions_20260930/WP-F/results_laptop/checkpoints/mp-2396562.json,73
mp-2396756,mp_id;mp_task_id_s3_url,a:cohort4_exclusion_ids;b:branch_scan,10,analysis/fresh_population_20261006/P1_ENGINEERING_MANIFEST.csv,24
mp-2400150,mp_task_id_s3_url,a:cohort4_exclusion_ids;b:branch_scan,2,analysis/extensions_20260930/WP-F/results_laptop/checkpoints/mp-2400150.json,73
mp-2411500,mp_task_id_s3_url,a:cohort4_exclusion_ids;b:branch_scan,2,analysis/extensions_20260930/WP-F/results_laptop/checkpoints/mp-2411500.json,73
mp-2414530,mp_id;mp_task_id_s3_url,a:cohort4_exclusion_ids;b:branch_scan,5,analysis/extensions_20260930/WP-F/frame.csv.gz,105
mp-2415027,mp_id;mp_task_id_s3_url,a:cohort4_exclusion_ids;b:branch_scan,15,analysis/fresh_population_20261006/P1_CONFIRMATORY_MANIFEST.csv,24
mp-2416040,mp_task_id_s3_url,a:cohort4_exclusion_ids;b:branch_scan,2,analysis/extensions_20260930/WP-F/results_laptop/checkpoints/mp-2416040.json,73
mp-2416446,mp_task_id_s3_url,a:cohort4_exclusion_ids;b:branch_scan,2,analysis/extensions_20260930/WP-F/results_laptop/checkpoints/mp-2416446.json,73
mp-2418765,mp_task_id_s3_url,a:cohort4_exclusion_ids;b:branch_scan,2,analysis/extensions_20260930/WP-F/results_laptop/checkpoints/mp-2418765.json,73
mp-2419364,mp_task_id_s3_url,a:cohort4_exclusion_ids;b:branch_scan,2,analysis/extensions_20260930/WP-F/results_laptop/checkpoints/mp-2419364.json,73
mp-2421562,mp_task_id_s3_url,a:cohort4_exclusion_ids;b:branch_scan,2,analysis/extensions_20260930/WP-F/results_laptop/checkpoints/mp-2421562.json,73
mp-2424720,mp_task_id_s3_url,a:cohort4_exclusion_ids;b:branch_scan,2,analysis/extensions_20260930/WP-F/results_laptop/checkpoints/mp-2424720.json,73
mp-2424948,mp_id;mp_task_id_s3_url,a:cohort4_exclusion_ids;b:branch_scan,15,analysis/fresh_population_20261006/P1_CONFIRMATORY_MANIFEST.csv,24
mp-2426235,mp_task_id_s3_url,a:cohort4_exclusion_ids;b:branch_scan,2,analysis/extensions_20260930/WP-F/results_laptop/checkpoints/mp-2426235.json,73
mp-2428339,mp_task_id_s3_url,a:cohort4_exclusion_ids;b:branch_scan,1,analysis/fresh_population_20261006/attempts.csv,24
mp-2428441,mp_task_id_s3_url,a:cohort4_exclusion_ids;b:branch_scan,2,analysis/extensions_20260930/WP-F/results_laptop/checkpoints/mp-2428441.json,73
mp-2429619,mp_task_id_s3_url,a:cohort4_exclusion_ids;b:branch_scan,2,analysis/extensions_20260930/WP-F/results_laptop/checkpoints/mp-2429619.json,73
mp-2430835,mp_task_id_s3_url,a:cohort4_exclusion_ids;b:branch_scan,2,analysis/extensions_20260930/WP-F/results_laptop/checkpoints/mp-2430835.json,73
mp-2430881,mp_task_id_s3_url,a:cohort4_exclusion_ids;b:branch_scan,2,analysis/extensions_20260930/WP-F/results_laptop/checkpoints/mp-2430881.json,73
mp-2431124,mp_id;mp_task_id_s3_url,a:cohort4_exclusion_ids;b:branch_scan,14,analysis/extensions_20260930/WP-F/frame.csv.gz,105
mp-2433121,mp_task_id_s3_url,a:cohort4_exclusion_ids;b:branch_scan,2,analysis/extensions_20260930/WP-F/results_laptop/checkpoints/mp-2433121.json,73
mp-2440354,mp_id;mp_task_id_s3_url,a:cohort4_exclusion_ids;b:branch_scan,12,analysis/extensions_20260930/WP-F/frame.csv.gz,105
mp-24407,mp_id,a:cohort4_exclusion_ids;b:branch_scan,79,analysis/extensions_20260928/WP-A/material_risk.csv,105
mp-2441457,mp_id;mp_task_id_s3_url,a:cohort4_exclusion_ids;b:branch_scan,13,analysis/extensions_20260930/WP-F/frame.csv.gz,105
mp-2441814,mp_task_id_s3_url,a:cohort4_exclusion_ids;b:branch_scan,2,analysis/extensions_20260930/WP-F/results_laptop/checkpoints/mp-2441814.json,73
mp-2442574,mp_id;mp_task_id_s3_url,a:cohort4_exclusion_ids;b:branch_scan,15,analysis/extensions_20260930/WP-F/frame.csv.gz,105
mp-24460,mp_id,a:cohort4_exclusion_ids;b:branch_scan,79,analysis/extensions_20260928/WP-A/material_risk.csv,105
mp-2450170,mp_id;mp_task_id_s3_url,a:cohort4_exclusion_ids;b:branch_scan,12,analysis/fresh_population_20261006/P2_ENGINEERING_MANIFEST.csv,28
mp-2455061,mp_id;mp_task_id_s3_url,a:cohort4_exclusion_ids;b:branch_scan,5,analysis/extensions_20260930/WP-F/frame.csv.gz,105
mp-2456235,mp_task_id_s3_url,a:cohort4_exclusion_ids;b:branch_scan,2,analysis/extensions_20260930/WP-F/results_laptop/checkpoints/mp-2456235.json,73
mp-2457645,mp_task_id_s3_url,a:cohort4_exclusion_ids;b:branch_scan,2,analysis/extensions_20260930/WP-F/results_laptop/checkpoints/mp-2457645.json,73
mp-2459912,mp_task_id_s3_url,a:cohort4_exclusion_ids;b:branch_scan,2,analysis/extensions_20260930/WP-F/results_laptop/checkpoints/mp-2459912.json,73
mp-2462170,mp_task_id_s3_url,a:cohort4_exclusion_ids;b:branch_scan,2,analysis/extensions_20260930/WP-F/results_laptop/checkpoints/mp-2462170.json,73
mp-2466745,mp_task_id_s3_url,a:cohort4_exclusion_ids;b:branch_scan,2,analysis/extensions_20260930/WP-F/results_laptop/checkpoints/mp-2466745.json,73
mp-2473387,mp_task_id_s3_url,a:cohort4_exclusion_ids;b:branch_scan,2,analysis/extensions_20260930/WP-F/results_laptop/checkpoints/mp-2473387.json,73
mp-2475284,mp_id;mp_task_id_s3_url,a:cohort4_exclusion_ids;b:branch_scan,15,analysis/fresh_population_20261006/P1_CONFIRMATORY_MANIFEST.csv,24
mp-2479641,mp_task_id_s3_url,a:cohort4_exclusion_ids;b:branch_scan,2,analysis/extensions_20260930/WP-F/results_laptop/checkpoints/mp-2479641.json,73
mp-2479753,mp_task_id_s3_url,a:cohort4_exclusion_ids;b:branch_scan,2,analysis/extensions_20260930/WP-F/results_laptop/checkpoints/mp-2479753.json,73
mp-2481970,mp_task_id_s3_url,a:cohort4_exclusion_ids;b:branch_scan,2,analysis/extensions_20260930/WP-F/results_laptop/checkpoints/mp-2481970.json,73
mp-2482244,mp_task_id_s3_url,a:cohort4_exclusion_ids;b:branch_scan,2,analysis/extensions_20260930/WP-F/results_laptop/checkpoints/mp-2482244.json,73
mp-2488566,mp_id;mp_task_id_s3_url,a:cohort4_exclusion_ids;b:branch_scan,10,.github/workflows/wpf_cloud_completion.yml,73
mp-2488567,mp_task_id_s3_url,a:cohort4_exclusion_ids;b:branch_scan,2,analysis/extensions_20260930/WP-F/results_laptop/checkpoints/mp-2488567.json,73
mp-2488597,mp_task_id_s3_url,a:cohort4_exclusion_ids;b:branch_scan,2,analysis/extensions_20260930/WP-F/results_laptop/checkpoints/mp-2488597.json,73
mp-2488636,mp_task_id_s3_url,a:cohort4_exclusion_ids;b:branch_scan,2,analysis/extensions_20260930/WP-F/results_laptop/checkpoints/mp-2488636.json,73
mp-2490962,mp_task_id_s3_url,a:cohort4_exclusion_ids;b:branch_scan,2,analysis/extensions_20260930/WP-F/results_laptop/checkpoints/mp-2490962.json,73
mp-2495185,mp_task_id_s3_url,a:cohort4_exclusion_ids;b:branch_scan,2,analysis/extensions_20260930/WP-F/results_laptop/checkpoints/mp-2495185.json,73
mp-2501548,mp_task_id_s3_url,a:cohort4_exclusion_ids;b:branch_scan,2,analysis/extensions_20260930/WP-F/results_laptop/checkpoints/mp-2501548.json,73
mp-2503661,mp_task_id_s3_url,a:cohort4_exclusion_ids;b:branch_scan,2,analysis/extensions_20260930/WP-F/results_laptop/checkpoints/mp-2503661.json,73
mp-2504040,mp_id;mp_task_id_s3_url,a:cohort4_exclusion_ids;b:branch_scan,15,analysis/fresh_population_20261006/P1_CONFIRMATORY_MANIFEST.csv,24
mp-2508193,mp_id;mp_task_id_s3_url,a:cohort4_exclusion_ids;b:branch_scan,15,analysis/fresh_population_20261006/P1_CONFIRMATORY_MANIFEST.csv,24
mp-2510667,mp_task_id_s3_url,a:cohort4_exclusion_ids;b:branch_scan,2,analysis/extensions_20260930/WP-F/results_laptop/checkpoints/mp-2510667.json,73
mp-2513963,mp_id;mp_task_id_s3_url,a:cohort4_exclusion_ids;b:branch_scan,15,analysis/fresh_population_20261006/P1_CONFIRMATORY_MANIFEST.csv,24
mp-2515247,mp_task_id_s3_url,a:cohort4_exclusion_ids;b:branch_scan,2,analysis/extensions_20260930/WP-F/results_laptop/checkpoints/mp-2515247.json,73
mp-2520681,mp_task_id_s3_url,a:cohort4_exclusion_ids;b:branch_scan,2,analysis/extensions_20260930/WP-F/results_laptop/checkpoints/mp-2520681.json,73
mp-2521964,mp_id;mp_task_id_s3_url,a:cohort4_exclusion_ids;b:branch_scan,10,analysis/fresh_population_20261006/P1_ENGINEERING_MANIFEST.csv,24
mp-2523792,mp_task_id_s3_url,a:cohort4_exclusion_ids;b:branch_scan,2,analysis/extensions_20260930/WP-F/results_laptop/checkpoints/mp-2523792.json,73
mp-2525121,mp_task_id_s3_url,a:cohort4_exclusion_ids;b:branch_scan,2,analysis/extensions_20260930/WP-F/results_laptop/checkpoints/mp-2525121.json,73
mp-2526350,mp_id;mp_task_id_s3_url,a:cohort4_exclusion_ids;b:branch_scan,7,analysis/extensions_20260930/WP-F/frame.csv.gz,105
mp-2527887,mp_task_id_s3_url,a:cohort4_exclusion_ids;b:branch_scan,2,analysis/extensions_20260930/WP-F/results_laptop/checkpoints/mp-2527887.json,73
mp-2529022,mp_id;mp_task_id_s3_url,a:cohort4_exclusion_ids;b:branch_scan,15,analysis/fresh_population_20261006/P1_CONFIRMATORY_MANIFEST.csv,24
mp-2531025,mp_id;mp_task_id_s3_url,a:cohort4_exclusion_ids;b:branch_scan,15,analysis/fresh_population_20261006/P1_CONFIRMATORY_MANIFEST.csv,24
mp-2543578,mp_id;mp_task_id_s3_url,a:cohort4_exclusion_ids;b:branch_scan,13,analysis/extensions_20260930/WP-F/frame.csv.gz,105
mp-2603031,mp_id;mp_task_id_s3_url,a:cohort4_exclusion_ids;b:branch_scan,13,analysis/extensions_20260930/WP-F/frame.csv.gz,105
mp-2604552,mp_task_id_s3_url,a:cohort4_exclusion_ids;b:branch_scan,2,analysis/extensions_20260930/WP-F/results_laptop/checkpoints/mp-2604552.json,73
mp-2604569,mp_id;mp_task_id_s3_url,a:cohort4_exclusion_ids;b:branch_scan,8,analysis/fresh_population_20261006/P2_CONFIRMATORY_MANIFEST.csv,26
mp-2604574,mp_task_id_s3_url,a:cohort4_exclusion_ids;b:branch_scan,2,analysis/extensions_20260930/WP-F/results_laptop/checkpoints/mp-2604574.json,73
mp-2605253,mp_id;mp_task_id_s3_url,a:cohort4_exclusion_ids;b:branch_scan,8,analysis/fresh_population_20261006/P2_CONFIRMATORY_MANIFEST.csv,26
mp-2609012,mp_id;mp_task_id_s3_url,a:cohort4_exclusion_ids;b:branch_scan,13,analysis/extensions_20260930/WP-F/frame.csv.gz,105
mp-2609661,mp_id;mp_task_id_s3_url,a:cohort4_exclusion_ids;b:branch_scan,13,analysis/extensions_20260930/WP-F/frame.csv.gz,105
mp-2609776,mp_id;mp_task_id_s3_url,a:cohort4_exclusion_ids;b:branch_scan,14,analysis/extensions_20260930/WP-F/frame.csv.gz,105
mp-2614245,mp_task_id_s3_url,a:cohort4_exclusion_ids;b:branch_scan,2,analysis/extensions_20260930/WP-F/results_laptop/checkpoints/mp-2614245.json,73
mp-2614559,mp_id;mp_task_id_s3_url,a:cohort4_exclusion_ids;b:branch_scan,5,analysis/extensions_20260930/WP-F/frame.csv.gz,105
mp-2616186,mp_id;mp_task_id_s3_url,a:cohort4_exclusion_ids;b:branch_scan,15,analysis/fresh_population_20261006/P1_CONFIRMATORY_MANIFEST.csv,24
mp-2617006,mp_id;mp_task_id_s3_url,a:cohort4_exclusion_ids;b:branch_scan,15,analysis/fresh_population_20261006/P1_CONFIRMATORY_MANIFEST.csv,24
mp-2617198,mp_task_id_s3_url,a:cohort4_exclusion_ids;b:branch_scan,2,analysis/extensions_20260930/WP-F/results_laptop/checkpoints/mp-2617198.json,73
mp-2617485,mp_task_id_s3_url,a:cohort4_exclusion_ids;b:branch_scan,2,analysis/extensions_20260930/WP-F/results_laptop/checkpoints/mp-2617485.json,73
mp-2617593,mp_task_id_s3_url,a:cohort4_exclusion_ids;b:branch_scan,2,analysis/extensions_20260930/WP-F/results_laptop/checkpoints/mp-2617593.json,73
mp-2619700,mp_task_id_s3_url,a:cohort4_exclusion_ids;b:branch_scan,2,analysis/extensions_20260930/WP-F/results_laptop/checkpoints/mp-2619700.json,73
mp-2621526,mp_task_id_s3_url,a:cohort4_exclusion_ids;b:branch_scan,2,analysis/extensions_20260930/WP-F/results_laptop/checkpoints/mp-2621526.json,73
mp-2622548,mp_task_id_s3_url,a:cohort4_exclusion_ids;b:branch_scan,2,analysis/extensions_20260930/WP-F/results_laptop/checkpoints/mp-2622548.json,73
mp-2622592,mp_task_id_s3_url,a:cohort4_exclusion_ids;b:branch_scan,2,analysis/extensions_20260930/WP-F/results_laptop/checkpoints/mp-2622592.json,73
mp-2624220,mp_task_id_s3_url,a:cohort4_exclusion_ids;b:branch_scan,2,analysis/extensions_20260930/WP-F/results_laptop/checkpoints/mp-2624220.json,73
mp-2626754,mp_task_id_s3_url,a:cohort4_exclusion_ids;b:branch_scan,2,analysis/extensions_20260930/WP-F/results_laptop/checkpoints/mp-2626754.json,73
mp-2626824,mp_task_id_s3_url,a:cohort4_exclusion_ids;b:branch_scan,2,analysis/extensions_20260930/WP-F/results_laptop/checkpoints/mp-2626824.json,73
mp-2627308,mp_task_id_s3_url,a:cohort4_exclusion_ids;b:branch_scan,2,analysis/extensions_20260930/WP-F/results_laptop/checkpoints/mp-2627308.json,73
mp-2628609,mp_task_id_s3_url,a:cohort4_exclusion_ids;b:branch_scan,2,analysis/extensions_20260930/WP-F/results_laptop/checkpoints/mp-2628609.json,73
mp-2630288,mp_task_id_s3_url,a:cohort4_exclusion_ids;b:branch_scan,2,analysis/extensions_20260930/WP-F/results_laptop/checkpoints/mp-2630288.json,73
mp-2631092,mp_task_id_s3_url,a:cohort4_exclusion_ids;b:branch_scan,2,analysis/extensions_20260930/WP-F/results_laptop/checkpoints/mp-2631092.json,73
mp-2631188,mp_task_id_s3_url,a:cohort4_exclusion_ids;b:branch_scan,2,analysis/extensions_20260930/WP-F/results_laptop/checkpoints/mp-2631188.json,73
mp-26341,mp_id,a:cohort4_exclusion_ids;b:branch_scan,78,analysis/extensions_20260928/WP-A/material_risk.csv,105
mp-2635715,mp_id;mp_task_id_s3_url,a:cohort4_exclusion_ids;b:branch_scan,5,analysis/extensions_20260930/WP-F/frame.csv.gz,105
mp-2640450,mp_task_id_s3_url,a:cohort4_exclusion_ids;b:branch_scan,2,analysis/extensions_20260930/WP-F/results_laptop/checkpoints/mp-2640450.json,73
mp-2647013,mp_id,a:cohort4_exclusion_ids;b:branch_scan,103,analysis/extensions_20260928/WP-A/material_risk.csv,105
mp-2647128,mp_id;mp_task_id_s3_url,a:cohort4_exclusion_ids;b:branch_scan,14,analysis/extensions_20260930/WP-F/frame.csv.gz,105
mp-2648951,mp_task_id_s3_url,a:cohort4_exclusion_ids;b:branch_scan,2,analysis/extensions_20260930/WP-F/results_laptop/checkpoints/mp-2648951.json,73
mp-2653188,mp_task_id_s3_url,a:cohort4_exclusion_ids;b:branch_scan,2,analysis/extensions_20260930/WP-F/results_laptop/checkpoints/mp-2653188.json,73
mp-2654110,mp_task_id_s3_url,a:cohort4_exclusion_ids;b:branch_scan,2,analysis/extensions_20260930/WP-F/results_laptop/checkpoints/mp-2654110.json,73
mp-2655583,mp_task_id_s3_url,a:cohort4_exclusion_ids;b:branch_scan,2,analysis/extensions_20260930/WP-F/results_laptop/checkpoints/mp-2655583.json,73
mp-2656777,mp_task_id_s3_url,a:cohort4_exclusion_ids;b:branch_scan,2,analysis/extensions_20260930/WP-F/results_laptop/checkpoints/mp-2656777.json,73
mp-2661027,mp_task_id_s3_url,a:cohort4_exclusion_ids;b:branch_scan,2,analysis/extensions_20260930/WP-F/results_laptop/checkpoints/mp-2661027.json,73
mp-2661383,mp_task_id_s3_url,a:cohort4_exclusion_ids;b:branch_scan,2,analysis/extensions_20260930/WP-F/results_laptop/checkpoints/mp-2661383.json,73
mp-26619,mp_id,a:cohort4_exclusion_ids;b:branch_scan,78,analysis/extensions_20260928/WP-A/material_risk.csv,105
mp-2665244,mp_task_id_s3_url,a:cohort4_exclusion_ids;b:branch_scan,2,analysis/extensions_20260930/WP-F/results_laptop/checkpoints/mp-2665244.json,73
mp-2666834,mp_task_id_s3_url,a:cohort4_exclusion_ids;b:branch_scan,2,analysis/extensions_20260930/WP-F/results_laptop/checkpoints/mp-2666834.json,73
mp-2670890,mp_id;mp_task_id_s3_url,a:cohort4_exclusion_ids;b:branch_scan,10,analysis/fresh_population_20261006/P1_ENGINEERING_MANIFEST.csv,24
mp-2671990,mp_task_id_s3_url,a:cohort4_exclusion_ids;b:branch_scan,2,analysis/extensions_20260930/WP-F/results_laptop/checkpoints/mp-2671990.json,73
mp-2674701,mp_task_id_s3_url,a:cohort4_exclusion_ids;b:branch_scan,2,analysis/extensions_20260930/WP-F/results_laptop/checkpoints/mp-2674701.json,73
mp-2675028,mp_id;mp_task_id_s3_url,a:cohort4_exclusion_ids;b:branch_scan,15,analysis/fresh_population_20261006/P1_CONFIRMATORY_MANIFEST.csv,24
mp-2675688,mp_id;mp_task_id_s3_url,a:cohort4_exclusion_ids;b:branch_scan,15,analysis/fresh_population_20261006/P1_CONFIRMATORY_MANIFEST.csv,24
mp-2676589,mp_task_id_s3_url,a:cohort4_exclusion_ids;b:branch_scan,2,analysis/extensions_20260930/WP-F/results_laptop/checkpoints/mp-2676589.json,73
mp-2676594,mp_id;mp_task_id_s3_url,a:cohort4_exclusion_ids;b:branch_scan,15,analysis/fresh_population_20261006/P1_CONFIRMATORY_MANIFEST.csv,24
mp-2678296,mp_task_id_s3_url,a:cohort4_exclusion_ids;b:branch_scan,2,analysis/extensions_20260930/WP-F/results_laptop/checkpoints/mp-2678296.json,73
mp-2679086,mp_id;mp_task_id_s3_url,a:cohort4_exclusion_ids;b:branch_scan,15,analysis/fresh_population_20261006/P1_CONFIRMATORY_MANIFEST.csv,24
mp-2679637,mp_task_id_s3_url,a:cohort4_exclusion_ids;b:branch_scan,2,analysis/extensions_20260930/WP-F/results_laptop/checkpoints/mp-2679637.json,73
mp-2680502,mp_task_id_s3_url,a:cohort4_exclusion_ids;b:branch_scan,2,analysis/extensions_20260930/WP-F/results_laptop/checkpoints/mp-2680502.json,73
mp-2681246,mp_task_id_s3_url,a:cohort4_exclusion_ids;b:branch_scan,2,analysis/extensions_20260930/WP-F/results_laptop/checkpoints/mp-2681246.json,73
mp-2682232,mp_id;mp_task_id_s3_url,a:cohort4_exclusion_ids;b:branch_scan,10,.github/workflows/wpf_cloud_completion.yml,73
mp-2682622,mp_task_id_s3_url,a:cohort4_exclusion_ids;b:branch_scan,2,analysis/extensions_20260930/WP-F/results_laptop/checkpoints/mp-2682622.json,73
mp-2684290,mp_id;mp_task_id_s3_url,a:cohort4_exclusion_ids;b:branch_scan,14,analysis/fresh_population_20261006/P1_CONFIRMATORY_MANIFEST.csv,24
mp-2687557,mp_id;mp_task_id_s3_url,a:cohort4_exclusion_ids;b:branch_scan,14,analysis/extensions_20260930/WP-F/frame.csv.gz,105
mp-2689423,mp_task_id_s3_url,a:cohort4_exclusion_ids;b:branch_scan,1,analysis/fresh_population_20261006/attempts.csv,24
mp-2689842,mp_id;mp_task_id_s3_url,a:cohort4_exclusion_ids;b:branch_scan,13,analysis/extensions_20260930/WP-F/frame.csv.gz,105
mp-2691400,mp_id;mp_task_id_s3_url,a:cohort4_exclusion_ids;b:branch_scan,13,analysis/extensions_20260930/WP-F/frame.csv.gz,105
mp-2693516,mp_id;mp_task_id_s3_url,a:cohort4_exclusion_ids;b:branch_scan,13,analysis/extensions_20260930/WP-F/frame.csv.gz,105
mp-2693729,mp_task_id_s3_url,a:cohort4_exclusion_ids;b:branch_scan,2,analysis/extensions_20260930/WP-F/results_laptop/checkpoints/mp-2693729.json,73
mp-2693954,mp_id;mp_task_id_s3_url,a:cohort4_exclusion_ids;b:branch_scan,8,analysis/fresh_population_20261006/P2_CONFIRMATORY_MANIFEST.csv,26
mp-2694517,mp_task_id_s3_url,a:cohort4_exclusion_ids;b:branch_scan,2,analysis/extensions_20260930/WP-F/results_laptop/checkpoints/mp-2694517.json,73
mp-2696461,mp_task_id_s3_url,a:cohort4_exclusion_ids;b:branch_scan,2,analysis/extensions_20260930/WP-F/results_laptop/checkpoints/mp-2696461.json,73
mp-2696473,mp_task_id_s3_url,a:cohort4_exclusion_ids;b:branch_scan,2,analysis/extensions_20260930/WP-F/results_laptop/checkpoints/mp-2696473.json,73
mp-2702245,mp_task_id_s3_url,a:cohort4_exclusion_ids;b:branch_scan,2,analysis/extensions_20260930/WP-F/results_laptop/checkpoints/mp-2702245.json,73
mp-2711273,mp_id;mp_task_id_s3_url,a:cohort4_exclusion_ids;b:branch_scan,8,analysis/fresh_population_20261006/P2_CONFIRMATORY_MANIFEST.csv,26
mp-2711685,mp_id;mp_task_id_s3_url,a:cohort4_exclusion_ids;b:branch_scan,13,analysis/extensions_20260930/WP-F/frame.csv.gz,105
mp-27239,mp_id,a:cohort4_exclusion_ids;b:branch_scan,99,analysis/extensions_20260928/WP-A/material_risk.csv,105
mp-2728410,mp_task_id_s3_url,a:cohort4_exclusion_ids;b:branch_scan,2,analysis/extensions_20260930/WP-F/results_laptop/checkpoints/mp-2728410.json,73
mp-2728690,mp_id;mp_task_id_s3_url,a:cohort4_exclusion_ids;b:branch_scan,15,analysis/fresh_population_20261006/P1_CONFIRMATORY_MANIFEST.csv,24
mp-28105,mp_id,a:cohort4_exclusion_ids;b:branch_scan,82,analysis/extensions_20260928/WP-A/material_risk.csv,105
mp-2899237,mp_id;mp_task_id_s3_url,a:cohort4_exclusion_ids;b:branch_scan,8,analysis/fresh_population_20261006/P2_CONFIRMATORY_MANIFEST.csv,26
mp-2901384,mp_id;mp_task_id_s3_url,a:cohort4_exclusion_ids;b:branch_scan,13,analysis/extensions_20260930/WP-F/frame.csv.gz,105
mp-2911530,mp_task_id_s3_url,a:cohort4_exclusion_ids;b:branch_scan,2,analysis/extensions_20260930/WP-F/results_laptop/checkpoints/mp-2911530.json,73
mp-2911776,mp_task_id_s3_url,a:cohort4_exclusion_ids;b:branch_scan,2,analysis/extensions_20260930/WP-F/results_laptop/checkpoints/mp-2911776.json,73
mp-2912444,mp_id;mp_task_id_s3_url,a:cohort4_exclusion_ids;b:branch_scan,14,analysis/extensions_20260930/WP-F/frame.csv.gz,105
mp-2912532,mp_id;mp_task_id_s3_url,a:cohort4_exclusion_ids;b:branch_scan,8,analysis/fresh_population_20261006/P2_CONFIRMATORY_MANIFEST.csv,26
mp-29506,mp_id,a:cohort4_exclusion_ids;b:branch_scan,15,analysis/fresh_population_20261006/P1_CONFIRMATORY_MANIFEST.csv,24
mp-2966645,mp_task_id_s3_url,a:cohort4_exclusion_ids;b:branch_scan,2,analysis/extensions_20260930/WP-F/results_laptop/checkpoints/mp-2966645.json,73
mp-2976869,mp_task_id_s3_url,a:cohort4_exclusion_ids;b:branch_scan,2,analysis/extensions_20260930/WP-F/results_laptop/checkpoints/mp-2976869.json,73
mp-2977058,mp_task_id_s3_url,a:cohort4_exclusion_ids;b:branch_scan,2,analysis/extensions_20260930/WP-F/results_laptop/checkpoints/mp-2977058.json,73
mp-3,mp_id,a:cohort4_exclusion_ids;b:branch_scan,1,analysis/qoac_b3_design/test_run_real_engineering.py,21
mp-30772,mp_id,a:cohort4_exclusion_ids;b:branch_scan,105,analysis/extensions_20260928/WP-A/material_risk.csv,105
mp-3082497,mp_task_id_s3_url,a:cohort4_exclusion_ids;b:branch_scan,2,analysis/extensions_20260930/WP-F/results_laptop/checkpoints/mp-3082497.json,73
mp-3092553,mp_task_id_s3_url,a:cohort4_exclusion_ids;b:branch_scan,2,analysis/extensions_20260930/WP-F/results_laptop/checkpoints/mp-3092553.json,73
mp-3092555,mp_task_id_s3_url,a:cohort4_exclusion_ids;b:branch_scan,2,analysis/extensions_20260930/WP-F/results_laptop/checkpoints/mp-3092555.json,73
mp-3138166,mp_task_id_s3_url,a:cohort4_exclusion_ids;b:branch_scan,2,analysis/extensions_20260930/WP-F/results_laptop/checkpoints/mp-3138166.json,73
mp-3140428,mp_id;mp_task_id_s3_url,a:cohort4_exclusion_ids;b:branch_scan,15,analysis/fresh_population_20261006/P1_CONFIRMATORY_MANIFEST.csv,24
mp-3148759,mp_id;mp_task_id_s3_url,a:cohort4_exclusion_ids;b:branch_scan,18,analysis/fresh_population_20261006/P1_ENGINEERING_MANIFEST.csv,24
mp-3150861,mp_task_id_s3_url,a:cohort4_exclusion_ids;b:branch_scan,2,analysis/extensions_20260930/WP-F/results_laptop/checkpoints/mp-3150861.json,73
mp-3151978,mp_id;mp_task_id_s3_url,a:cohort4_exclusion_ids;b:branch_scan,15,analysis/fresh_population_20261006/P1_CONFIRMATORY_MANIFEST.csv,24
mp-3156919,mp_task_id_s3_url,a:cohort4_exclusion_ids;b:branch_scan,2,analysis/extensions_20260930/WP-F/results_laptop/checkpoints/mp-3156919.json,73
mp-3161037,mp_id;mp_task_id_s3_url,a:cohort4_exclusion_ids;b:branch_scan,14,analysis/fresh_population_20261006/P1_CONFIRMATORY_MANIFEST.csv,24
mp-32108,mp_id,a:cohort4_exclusion_ids;b:branch_scan,96,.github/workflows/qoac_v03_engineering.yml,105
mp-3612,mp_id,a:cohort4_exclusion_ids;b:branch_scan,75,analysis/extensions_20260928/WP-A/material_risk.csv,105
mp-37207,mp_id,a:cohort4_exclusion_ids;b:branch_scan,97,.github/workflows/qoac_v03_engineering.yml,105
mp-37888,mp_id,a:cohort4_exclusion_ids;b:branch_scan,78,analysis/extensions_20260928/WP-A/material_risk.csv,105
mp-435,mp_id,a:cohort4_exclusion_ids;b:branch_scan,76,analysis/extensions_20260928/WP-A/material_risk.csv,105
mp-505574,mp_id,a:cohort4_exclusion_ids;b:branch_scan,66,analysis/extensions_20260928/WP-A/material_risk.csv,105
mp-540547,mp_id,a:cohort4_exclusion_ids;b:branch_scan,96,analysis/extensions_20260928/WP-A/material_risk.csv,105
mp-5510,mp_id,a:cohort4_exclusion_ids;b:branch_scan,8,analysis/fresh_population_20261006/P2_CONFIRMATORY_MANIFEST.csv,26
mp-555976,mp_id,a:cohort4_exclusion_ids;b:branch_scan,75,analysis/extensions_20260928/WP-A/material_risk.csv,105
mp-557569,mp_id,a:cohort4_exclusion_ids;b:branch_scan,99,analysis/extensions_20260928/WP-A/material_risk.csv,105
mp-560030,mp_id,a:cohort4_exclusion_ids;b:branch_scan,86,analysis/extensions_20260928/WP-A/material_risk.csv,105
mp-560341,mp_id,a:cohort4_exclusion_ids;b:branch_scan,101,.github/workflows/qoac_v03_engineering.yml,105
mp-567278,mp_id,a:cohort4_exclusion_ids;b:branch_scan,75,analysis/extensions_20260928/WP-A/material_risk.csv,105
mp-567394,mp_id,a:cohort4_exclusion_ids;b:branch_scan,98,analysis/extensions_20260928/WP-A/material_risk.csv,105
mp-567699,mp_id,a:cohort4_exclusion_ids;b:branch_scan,75,analysis/extensions_20260928/WP-A/material_risk.csv,105
mp-569678,mp_id,a:cohort4_exclusion_ids;b:branch_scan,100,analysis/extensions_20260928/WP-A/material_risk.csv,105
mp-569792,mp_id,a:cohort4_exclusion_ids;b:branch_scan,98,analysis/extensions_20260928/WP-A/material_risk.csv,105
mp-570159,mp_id,a:cohort4_exclusion_ids;b:branch_scan,8,analysis/fresh_population_20261006/P2_CONFIRMATORY_MANIFEST.csv,26
mp-572758,mp_id,a:cohort4_exclusion_ids;b:branch_scan,8,analysis/fresh_population_20261006/P2_CONFIRMATORY_MANIFEST.csv,26
mp-606377,mp_id,a:cohort4_exclusion_ids;b:branch_scan,69,analysis/extensions_20260928/WP-A/material_risk.csv,105
mp-614489,mp_id,a:cohort4_exclusion_ids;b:branch_scan,89,analysis/extensions_20260928/WP-A/material_risk.csv,105
mp-6145,mp_id,a:cohort4_exclusion_ids;b:branch_scan,99,analysis/extensions_20260928/WP-A/material_risk.csv,105
mp-623043,mp_id,a:cohort4_exclusion_ids;b:branch_scan,100,analysis/extensions_20260928/WP-A/material_risk.csv,105
mp-626794,mp_id,a:cohort4_exclusion_ids;b:branch_scan,85,analysis/extensions_20260928/WP-A/material_risk.csv,105
mp-631399,mp_id,a:cohort4_exclusion_ids;b:branch_scan,119,analysis/extensions_20260928/WP-A/material_risk.csv,105
mp-644443,mp_id,a:cohort4_exclusion_ids;b:branch_scan,79,analysis/extensions_20260928/WP-A/material_risk.csv,105
mp-6586,mp_id,a:cohort4_exclusion_ids;b:branch_scan,100,analysis/extensions_20260928/WP-A/material_risk.csv,105
mp-675781,mp_id,a:cohort4_exclusion_ids;b:branch_scan,80,analysis/extensions_20260928/WP-A/material_risk.csv,105
mp-676693,mp_id,a:cohort4_exclusion_ids;b:branch_scan,99,analysis/extensions_20260928/WP-A/material_risk.csv,105
mp-684706,mp_id,a:cohort4_exclusion_ids;b:branch_scan,78,analysis/extensions_20260928/WP-A/material_risk.csv,105
mp-697179,mp_id,a:cohort4_exclusion_ids;b:branch_scan,8,analysis/fresh_population_20261006/P2_CONFIRMATORY_MANIFEST.csv,26
mp-733522,mp_id,a:cohort4_exclusion_ids;b:branch_scan,78,analysis/extensions_20260928/WP-A/material_risk.csv,105
mp-733797,mp_id,a:cohort4_exclusion_ids;b:branch_scan,62,analysis/extensions_20260928/WP-A/material_risk.csv,105
mp-7359,mp_id,a:cohort4_exclusion_ids;b:branch_scan,99,analysis/extensions_20260928/WP-A/material_risk.csv,105
mp-744554,mp_id,a:cohort4_exclusion_ids;b:branch_scan,76,analysis/extensions_20260928/WP-A/material_risk.csv,105
mp-752546,mp_id,a:cohort4_exclusion_ids;b:branch_scan,76,analysis/extensions_20260928/WP-A/material_risk.csv,105
mp-752703,mp_id,a:cohort4_exclusion_ids;b:branch_scan,75,analysis/extensions_20260928/WP-A/material_risk.csv,105
mp-752866,mp_id,a:cohort4_exclusion_ids;b:branch_scan,105,analysis/extensions_20260928/WP-A/material_risk.csv,105
mp-753183,mp_id,a:cohort4_exclusion_ids;b:branch_scan,78,analysis/extensions_20260928/WP-A/material_risk.csv,105
mp-753334,mp_id,a:cohort4_exclusion_ids;b:branch_scan,85,analysis/extensions_20260928/WP-A/material_risk.csv,105
mp-753392,mp_id,a:cohort4_exclusion_ids;b:branch_scan,83,analysis/extensions_20260928/WP-A/material_risk.csv,105
mp-753521,mp_id,a:cohort4_exclusion_ids;b:branch_scan,72,analysis/extensions_20260928/WP-A/material_risk.csv,105
mp-753554,mp_id,a:cohort4_exclusion_ids;b:branch_scan,84,analysis/extensions_20260928/WP-A/material_risk.csv,105
mp-754196,mp_id,a:cohort4_exclusion_ids;b:branch_scan,78,analysis/extensions_20260928/WP-A/material_risk.csv,105
mp-756647,mp_id,a:cohort4_exclusion_ids;b:branch_scan,85,analysis/extensions_20260928/WP-A/material_risk.csv,105
mp-757220,mp_id,a:cohort4_exclusion_ids;b:branch_scan,77,analysis/extensions_20260928/WP-A/material_risk.csv,105
mp-758622,mp_id,a:cohort4_exclusion_ids;b:branch_scan,78,analysis/extensions_20260928/WP-A/material_risk.csv,105
mp-759554,mp_id,a:cohort4_exclusion_ids;b:branch_scan,84,analysis/extensions_20260928/WP-A/material_risk.csv,105
mp-760266,mp_id,a:cohort4_exclusion_ids;b:branch_scan,78,analysis/extensions_20260928/WP-A/material_risk.csv,105
mp-763177,mp_id,a:cohort4_exclusion_ids;b:branch_scan,78,analysis/extensions_20260928/WP-A/material_risk.csv,105
mp-7660,mp_id,a:cohort4_exclusion_ids;b:branch_scan,75,analysis/extensions_20260928/WP-A/material_risk.csv,105
mp-766093,mp_id,a:cohort4_exclusion_ids;b:branch_scan,76,analysis/extensions_20260928/WP-A/material_risk.csv,105
mp-768842,mp_id,a:cohort4_exclusion_ids;b:branch_scan,83,analysis/extensions_20260928/WP-A/material_risk.csv,105
mp-768987,mp_id,a:cohort4_exclusion_ids;b:branch_scan,83,analysis/extensions_20260928/WP-A/material_risk.csv,105
mp-771133,mp_id,a:cohort4_exclusion_ids;b:branch_scan,76,analysis/extensions_20260928/WP-A/material_risk.csv,105
mp-771903,mp_id,a:cohort4_exclusion_ids;b:branch_scan,68,analysis/extensions_20260928/WP-A/material_risk.csv,105
mp-771968,mp_id,a:cohort4_exclusion_ids;b:branch_scan,78,analysis/extensions_20260928/WP-A/material_risk.csv,105
mp-772185,mp_id,a:cohort4_exclusion_ids;b:branch_scan,78,analysis/extensions_20260928/WP-A/material_risk.csv,105
mp-7726,mp_id,a:cohort4_exclusion_ids;b:branch_scan,8,analysis/fresh_population_20261006/P2_CONFIRMATORY_MANIFEST.csv,26
mp-773101,mp_id,a:cohort4_exclusion_ids;b:branch_scan,77,analysis/extensions_20260928/WP-A/material_risk.csv,105
mp-776076,mp_id,a:cohort4_exclusion_ids;b:branch_scan,79,analysis/extensions_20260928/WP-A/material_risk.csv,105
mp-776331,mp_id,a:cohort4_exclusion_ids;b:branch_scan,95,analysis/extensions_20260928/WP-A/material_risk.csv,105
mp-779079,mp_id,a:cohort4_exclusion_ids;b:branch_scan,78,analysis/extensions_20260928/WP-A/material_risk.csv,105
mp-782011,mp_id,a:cohort4_exclusion_ids;b:branch_scan,79,analysis/extensions_20260928/WP-A/material_risk.csv,105
mp-849339,mp_id,a:cohort4_exclusion_ids;b:branch_scan,80,analysis/extensions_20260928/WP-A/material_risk.csv,105
mp-864652,mp_id,a:cohort4_exclusion_ids;b:branch_scan,103,analysis/extensions_20260928/WP-A/material_risk.csv,105
mp-864965,mp_id,a:cohort4_exclusion_ids;b:branch_scan,78,analysis/extensions_20260928/WP-A/material_risk.csv,105
mp-865006,mp_id,a:cohort4_exclusion_ids;b:branch_scan,67,analysis/extensions_20260928/WP-A/material_risk.csv,105
mp-865801,mp_id,a:cohort4_exclusion_ids;b:branch_scan,99,analysis/extensions_20260928/WP-A/material_risk.csv,105
mp-887511,mp_id,a:cohort4_exclusion_ids;b:branch_scan,79,analysis/extensions_20260928/WP-A/material_risk.csv,105
mp-8881,mp_id,a:cohort4_exclusion_ids;b:branch_scan,81,analysis/extensions_20260928/WP-A/material_risk.csv,105
mp-9437,mp_id,a:cohort4_exclusion_ids;b:branch_scan,78,analysis/extensions_20260928/WP-A/material_risk.csv,105
mp-975795,mp_id,a:cohort4_exclusion_ids;b:branch_scan,82,analysis/extensions_20260928/WP-A/material_risk.csv,105
mp-976076,mp_id,a:cohort4_exclusion_ids;b:branch_scan,66,analysis/extensions_20260928/WP-A/material_risk.csv,105
mp-977372,mp_id,a:cohort4_exclusion_ids;b:branch_scan,101,analysis/extensions_20260928/WP-A/material_risk.csv,105
mp-982725,mp_id,a:cohort4_exclusion_ids;b:branch_scan,106,analysis/extensions_20260928/WP-A/material_risk.csv,105
mp-985702,mp_id,a:cohort4_exclusion_ids;b:branch_scan,75,analysis/extensions_20260928/WP-A/material_risk.csv,105
mp-998512,mp_id,a:cohort4_exclusion_ids;b:branch_scan,75,analysis/extensions_20260928/WP-A/material_risk.csv,105
mp-998613,mp_id,a:cohort4_exclusion_ids;b:branch_scan,102,analysis/extensions_20260928/WP-A/material_risk.csv,105
mp-998744,mp_id,a:cohort4_exclusion_ids;b:branch_scan,101,analysis/extensions_20260928/WP-A/material_risk.csv,105
mp-999450,mp_id,a:cohort4_exclusion_ids;b:branch_scan,79,analysis/extensions_20260928/WP-A/material_risk.csv,105
mp-chgcar,mp_id_letter_format,b:branch_scan,1,analysis/qoac_hb_slab_20261007/test_run_joint_slab.py,7
nomad---3hBedCnC_e,nomad_material_id,a:cohort4_exclusion_ids;b:branch_scan,105,.github/workflows/qoac_v03_engineering.yml,105
nomad--1YLlCXKIJKj,nomad_material_id,a:cohort4_exclusion_ids;b:branch_scan,82,analysis/extensions_20260928/WP-A/material_risk.csv,105
nomad--33WrhYeNt5f,nomad_material_id,a:cohort4_exclusion_ids;b:branch_scan,83,analysis/extensions_20260928/WP-A/material_risk.csv,105
nomad--5wLHf6mG5_K,nomad_material_id,a:cohort4_exclusion_ids;b:branch_scan,88,analysis/extensions_20260928/WP-A/material_risk.csv,105
nomad--MeUbDBN9nIW,nomad_material_id,a:cohort4_exclusion_ids;b:branch_scan,76,.github/workflows/retry_p1_source_timeouts.yml,105
nomad--O7C25L6mxPu,nomad_material_id,a:cohort4_exclusion_ids;b:branch_scan,87,analysis/extensions_20260928/WP-A/material_risk.csv,105
nomad--QPBOSBRk9z4,nomad_material_id,a:cohort4_exclusion_ids;b:branch_scan,22,analysis/fresh_population_20261006/P3B_CONFIRMATORY_MANIFEST.csv,22
nomad--g_dRNdo_53Q,nomad_material_id,a:cohort4_exclusion_ids;b:branch_scan,84,analysis/extensions_20260928/WP-A/material_risk.csv,105
nomad--kEaPn7WzevZ,nomad_material_id,a:cohort4_exclusion_ids;b:branch_scan,81,analysis/extensions_20260928/WP-A/material_risk.csv,105
nomad--maT57oivXnQ,nomad_material_id,a:cohort4_exclusion_ids;b:branch_scan,75,analysis/extensions_20260928/WP-A/material_risk.csv,105
nomad--ydxPkR4Tatz,nomad_material_id,a:cohort4_exclusion_ids;b:branch_scan,86,analysis/extensions_20260928/WP-A/material_risk.csv,105
nomad-0-ostsntWIk9,nomad_material_id,a:cohort4_exclusion_ids;b:branch_scan,79,analysis/extensions_20260928/WP-A/material_risk.csv,105
nomad-064_5lUOyDQI,nomad_material_id,a:cohort4_exclusion_ids;b:branch_scan,96,analysis/extensions_20260928/WP-A/material_risk.csv,105
nomad-0HydAdmxidgt,nomad_material_id,a:cohort4_exclusion_ids;b:branch_scan,80,analysis/extensions_20260928/WP-A/material_risk.csv,105
nomad-0J594sjoAqDW,nomad_material_id,a:cohort4_exclusion_ids;b:branch_scan,78,analysis/extensions_20260928/WP-A/material_risk.csv,105
nomad-0JxkdxfFTtnZ,nomad_material_id,a:cohort4_exclusion_ids;b:branch_scan,80,analysis/extensions_20260928/WP-A/material_risk.csv,105
nomad-0kvBRPSc8RU6,nomad_material_id,a:cohort4_exclusion_ids;b:branch_scan,76,analysis/extensions_20260928/WP-A/material_risk.csv,105
nomad-0pSeEEz7rc0X,nomad_material_id,a:cohort4_exclusion_ids;b:branch_scan,70,analysis/extensions_20260928/WP-A/material_risk.csv,105
nomad-0xMhYZKiiVKL,nomad_material_id,a:cohort4_exclusion_ids;b:branch_scan,77,analysis/extensions_20260928/WP-A/material_risk.csv,105
nomad-19wSfSWChOSI,nomad_material_id,a:cohort4_exclusion_ids;b:branch_scan,93,.github/workflows/qoac_v03_engineering.yml,105
nomad-1CIlfNcWTE4X,nomad_material_id,a:cohort4_exclusion_ids;b:branch_scan,75,analysis/extensions_20260928/WP-A/material_risk.csv,105
nomad-1DBJPWgjPfWO,nomad_material_id,a:cohort4_exclusion_ids;b:branch_scan,81,analysis/extensions_20260928/WP-A/material_risk.csv,105
nomad-1Few3hG0Dkat,nomad_material_id,a:cohort4_exclusion_ids;b:branch_scan,71,analysis/extensions_20260928/WP-A/material_risk.csv,105
nomad-1iTKfRU16qFo,nomad_material_id,a:cohort4_exclusion_ids;b:branch_scan,67,analysis/extensions_20260928/WP-A/material_risk.csv,105
nomad-1sSuZTi8blPO,nomad_material_id,a:cohort4_exclusion_ids;b:branch_scan,70,analysis/extensions_20260928/WP-A/material_risk.csv,105
nomad-1urv55npagDc,nomad_material_id,a:cohort4_exclusion_ids;b:branch_scan,87,analysis/extensions_20260928/WP-A/material_risk.csv,105
nomad-1xNwoQ8q8XXI,nomad_material_id,a:cohort4_exclusion_ids;b:branch_scan,83,analysis/extensions_20260928/WP-A/material_risk.csv,105
nomad-28WEed2y6N1X,nomad_material_id,a:cohort4_exclusion_ids;b:branch_scan,69,analysis/extensions_20260928/WP-A/material_risk.csv,105
nomad-2C9dg1L8liw7,nomad_material_id,a:cohort4_exclusion_ids;b:branch_scan,69,.github/workflows/retry_p1_source_timeouts.yml,105
nomad-2iwRdQb9gzT1,nomad_material_id,a:cohort4_exclusion_ids;b:branch_scan,83,analysis/extensions_20260928/WP-A/material_risk.csv,105
nomad-3Rqsfa2-hyu7,nomad_material_id,a:cohort4_exclusion_ids;b:branch_scan,87,analysis/extensions_20260928/WP-A/material_risk.csv,105
nomad-3ermMygSkKxT,nomad_material_id,a:cohort4_exclusion_ids;b:branch_scan,88,analysis/extensions_20260928/WP-A/material_risk.csv,105
nomad-3wOOZLfv7lb_,nomad_material_id,a:cohort4_exclusion_ids;b:branch_scan,22,analysis/fresh_population_20261006/P3B_CONFIRMATORY_MANIFEST.csv,22
nomad-4BR68d4gtTyq,nomad_material_id,a:cohort4_exclusion_ids;b:branch_scan,86,analysis/extensions_20260928/WP-A/material_risk.csv,105
nomad-4CA6DwNaypkT,nomad_material_id,a:cohort4_exclusion_ids;b:branch_scan,80,analysis/extensions_20260928/WP-A/material_risk.csv,105
nomad-4TmN2lwz6DHx,nomad_material_id,a:cohort4_exclusion_ids;b:branch_scan,81,analysis/extensions_20260928/WP-A/material_risk.csv,105
nomad-4U-g_t9kIPQS,nomad_material_id,a:cohort4_exclusion_ids;b:branch_scan,75,analysis/extensions_20260928/WP-A/material_risk.csv,105
nomad-4hOaTvLmAUuc,nomad_material_id,a:cohort4_exclusion_ids;b:branch_scan,74,analysis/extensions_20260928/WP-A/material_risk.csv,105
nomad-4khM-ZQ6rM_L,nomad_material_id,a:cohort4_exclusion_ids;b:branch_scan,76,analysis/extensions_20260928/WP-A/material_risk.csv,105
nomad-5HCYH3PtBIoR,nomad_material_id,a:cohort4_exclusion_ids;b:branch_scan,75,analysis/extensions_20260928/WP-A/material_risk.csv,105
nomad-5_7vAQzUevH0,nomad_material_id,a:cohort4_exclusion_ids;b:branch_scan,76,analysis/extensions_20260928/WP-A/material_risk.csv,105
nomad-61GFUgm3lTUg,nomad_material_id,a:cohort4_exclusion_ids;b:branch_scan,85,analysis/extensions_20260928/WP-A/material_risk.csv,105
nomad-6o4AmsigmNP5,nomad_material_id,a:cohort4_exclusion_ids;b:branch_scan,84,analysis/extensions_20260928/WP-A/material_risk.csv,105
nomad-6x45-ylTvOvZ,nomad_material_id,a:cohort4_exclusion_ids;b:branch_scan,92,analysis/extensions_20260928/WP-A/material_risk.csv,105
nomad-7OdXN2bFHmUg,nomad_material_id,a:cohort4_exclusion_ids;b:branch_scan,87,analysis/extensions_20260928/WP-A/material_risk.csv,105
nomad-8Hl4JATTj5Fp,nomad_material_id,a:cohort4_exclusion_ids;b:branch_scan,85,analysis/extensions_20260928/WP-A/material_risk.csv,105
nomad-8ZPelCNdN_TR,nomad_material_id,a:cohort4_exclusion_ids;b:branch_scan,74,analysis/extensions_20260928/WP-A/material_risk.csv,105
nomad-8eTSyDPSGSwy,nomad_material_id,a:cohort4_exclusion_ids;b:branch_scan,100,.github/workflows/qoac_v03_engineering.yml,105
nomad-8tU1rEspJ26T,nomad_material_id,a:cohort4_exclusion_ids;b:branch_scan,88,analysis/extensions_20260928/WP-A/material_risk.csv,105
nomad-9jQMkfdCbgX_,nomad_material_id,a:cohort4_exclusion_ids;b:branch_scan,81,analysis/extensions_20260928/WP-A/material_risk.csv,105
nomad-9xtsrVZD5SSK,nomad_material_id,a:cohort4_exclusion_ids;b:branch_scan,84,analysis/extensions_20260928/WP-A/material_risk.csv,105
nomad-A5zDMCxBBUYc,nomad_material_id,a:cohort4_exclusion_ids;b:branch_scan,79,analysis/extensions_20260928/WP-A/material_risk.csv,105
nomad-AUrOZMeLzRg5,nomad_material_id,a:cohort4_exclusion_ids;b:branch_scan,73,analysis/extensions_20260928/WP-A/material_risk.csv,105
nomad-BGv3HMr4F-YZ,nomad_material_id,a:cohort4_exclusion_ids;b:branch_scan,21,analysis/fresh_population_20261006/P3B_CONFIRMATORY_MANIFEST.csv,22
nomad-BLbUQWtMdS99,nomad_material_id,a:cohort4_exclusion_ids;b:branch_scan,22,analysis/fresh_population_20261006/P3B_CONFIRMATORY_MANIFEST.csv,22
nomad-BMoyqNd6y06X,nomad_material_id,a:cohort4_exclusion_ids;b:branch_scan,83,analysis/extensions_20260928/WP-A/material_risk.csv,105
nomad-BbyKgzzvPkrI,nomad_material_id,a:cohort4_exclusion_ids;b:branch_scan,86,analysis/extensions_20260928/WP-A/material_risk.csv,105
nomad-BiuRBghVF7ns,nomad_material_id,a:cohort4_exclusion_ids;b:branch_scan,101,.github/workflows/qoac_v03_engineering.yml,105
nomad-C-8aMchGaf7P,nomad_material_id,a:cohort4_exclusion_ids;b:branch_scan,21,analysis/fresh_population_20261006/P3B_CONFIRMATORY_MANIFEST.csv,22
nomad-CHORxT-fP4dV,nomad_material_id,a:cohort4_exclusion_ids;b:branch_scan,77,analysis/extensions_20260928/WP-A/material_risk.csv,105
nomad-CVWFkEoST7FX,nomad_material_id,a:cohort4_exclusion_ids;b:branch_scan,23,analysis/fresh_population_20261006/P3B_CONFIRMATORY_MANIFEST.csv,22
nomad-DcwYU1UzKNe8,nomad_material_id,a:cohort4_exclusion_ids;b:branch_scan,28,analysis/fresh_population_20261006/P3B_CONFIRMATORY_MANIFEST.csv,22
nomad-DfpU7vvNQ-Vo,nomad_material_id,a:cohort4_exclusion_ids;b:branch_scan,23,analysis/fresh_population_20261006/P3B_CONFIRMATORY_MANIFEST.csv,22
nomad-E0rr8BI_hRlR,nomad_material_id,a:cohort4_exclusion_ids;b:branch_scan,90,analysis/extensions_20260928/WP-A/material_risk.csv,105
nomad-Ek0B30z0bVyP,nomad_material_id,a:cohort4_exclusion_ids;b:branch_scan,102,.github/workflows/qoac_v03_engineering.yml,105
nomad-FPTBoTAPMQA8,nomad_material_id,a:cohort4_exclusion_ids;b:branch_scan,96,analysis/extensions_20260928/WP-A/material_risk.csv,105
nomad-FVlJ8rpkyGT5,nomad_material_id,a:cohort4_exclusion_ids;b:branch_scan,95,analysis/extensions_20260928/WP-A/material_risk.csv,105
nomad-G-yDaY8qmw5_,nomad_material_id,a:cohort4_exclusion_ids;b:branch_scan,21,analysis/fresh_population_20261006/P3B_CONFIRMATORY_MANIFEST.csv,22
nomad-HCM86CvqrAFu,nomad_material_id,a:cohort4_exclusion_ids;b:branch_scan,21,analysis/fresh_population_20261006/P3B_CONFIRMATORY_MANIFEST.csv,22
nomad-IZPVe_A6_quS,nomad_material_id,a:cohort4_exclusion_ids;b:branch_scan,28,analysis/fresh_population_20261006/P3B_CONFIRMATORY_MANIFEST.csv,22
nomad-Lt4FFQvyPw8a,nomad_material_id,a:cohort4_exclusion_ids;b:branch_scan,21,analysis/fresh_population_20261006/P3B_CONFIRMATORY_MANIFEST.csv,22
nomad-M8BV9zowas8w,nomad_material_id,a:cohort4_exclusion_ids;b:branch_scan,81,analysis/extensions_20260928/WP-A/material_risk.csv,105
nomad-MgLl-OZz9clr,nomad_material_id,a:cohort4_exclusion_ids;b:branch_scan,83,analysis/extensions_20260928/WP-A/material_risk.csv,105
nomad-NOOih6wwVxT5,nomad_material_id,a:cohort4_exclusion_ids;b:branch_scan,22,analysis/fresh_population_20261006/P3B_CONFIRMATORY_MANIFEST.csv,22
nomad-OLo5BGMUENyW,nomad_material_id,a:cohort4_exclusion_ids;b:branch_scan,21,analysis/fresh_population_20261006/P3B_CONFIRMATORY_MANIFEST.csv,22
nomad-O_yuQGDsVTCx,nomad_material_id,a:cohort4_exclusion_ids;b:branch_scan,23,analysis/fresh_population_20261006/P3B_CONFIRMATORY_MANIFEST.csv,22
nomad-Q4xDULo89hwd,nomad_material_id,a:cohort4_exclusion_ids;b:branch_scan,87,analysis/extensions_20260928/WP-A/material_risk.csv,105
nomad-SzuB_oB4XzfT,nomad_material_id,a:cohort4_exclusion_ids;b:branch_scan,87,analysis/extensions_20260928/WP-A/material_risk.csv,105
nomad-TSS0Y8O9xp8A,nomad_material_id,a:cohort4_exclusion_ids;b:branch_scan,22,analysis/fresh_population_20261006/P3B_CONFIRMATORY_MANIFEST.csv,22
nomad-VNlX3_0OCG9w,nomad_material_id,a:cohort4_exclusion_ids;b:branch_scan,80,analysis/extensions_20260928/WP-A/material_risk.csv,105
nomad-ViaCyatoI3FA,nomad_material_id,a:cohort4_exclusion_ids;b:branch_scan,26,analysis/fresh_population_20261006/P3B_CONFIRMATORY_MANIFEST.csv,22
nomad-VyA9ivUfcKNR,nomad_material_id,a:cohort4_exclusion_ids;b:branch_scan,85,analysis/extensions_20260928/WP-A/material_risk.csv,105
nomad-WjYAcipcgiRI,nomad_material_id,a:cohort4_exclusion_ids;b:branch_scan,103,.github/workflows/qoac_v03_engineering.yml,105
nomad-Z7Uu-1P6k4r9,nomad_material_id,a:cohort4_exclusion_ids;b:branch_scan,86,analysis/extensions_20260928/WP-A/material_risk.csv,105
nomad-ZvTQv6REajO4,nomad_material_id,a:cohort4_exclusion_ids;b:branch_scan,97,analysis/extensions_20260928/WP-A/material_risk.csv,105
nomad-ZzgnSZOSnag2,nomad_material_id,a:cohort4_exclusion_ids;b:branch_scan,23,analysis/fresh_population_20261006/P3B_CONFIRMATORY_MANIFEST.csv,22
nomad-_fUYI1lVch5J,nomad_material_id,b:branch_scan,8,analysis/hb_slab_aeccar_cohort_20261007/aeccar_sources.csv,5
nomad-a3nHf0dBA8BK,nomad_material_id,a:cohort4_exclusion_ids;b:branch_scan,21,analysis/fresh_population_20261006/P3B_CONFIRMATORY_MANIFEST.csv,22
nomad-bEMTXRvdLPTu,nomad_material_id,a:cohort4_exclusion_ids;b:branch_scan,24,analysis/fresh_population_20261006/P3B_CONFIRMATORY_MANIFEST.csv,22
nomad-bUeGvZ6vwC_l,nomad_material_id,a:cohort4_exclusion_ids;b:branch_scan,21,analysis/fresh_population_20261006/P3B_CONFIRMATORY_MANIFEST.csv,22
nomad-deLeLsqokf9I,nomad_material_id,a:cohort4_exclusion_ids;b:branch_scan,24,analysis/fresh_population_20261006/P3B_CONFIRMATORY_MANIFEST.csv,22
nomad-eKxYecHu4VTk,nomad_material_id,b:branch_scan,2,analysis/hb_slab_nomad_wide_20261007/aeccar_sources.csv,1
nomad-exact-input-review,nomad_material_id,a:cohort4_exclusion_ids;b:branch_scan,1,.github/workflows/review_p3b_nomad_inputs.yml,92
nomad-g7Z9ilV401H7,nomad_material_id,a:cohort4_exclusion_ids;b:branch_scan,22,analysis/fresh_population_20261006/P3B_CONFIRMATORY_MANIFEST.csv,22
nomad-gPlluuEHW2ND,nomad_material_id,a:cohort4_exclusion_ids;b:branch_scan,27,analysis/fresh_population_20261006/P3B_CONFIRMATORY_MANIFEST.csv,22
nomad-hYJ7QAq46DqB,nomad_material_id,a:cohort4_exclusion_ids;b:branch_scan,21,analysis/fresh_population_20261006/P3B_CONFIRMATORY_MANIFEST.csv,22
nomad-hk3gUBk-5QN5,nomad_material_id,a:cohort4_exclusion_ids;b:branch_scan,28,analysis/fresh_population_20261006/P3B_CONFIRMATORY_MANIFEST.csv,22
nomad-input-review,nomad_material_id,a:cohort4_exclusion_ids;b:branch_scan,1,.github/workflows/review_p3b_nomad_inputs.yml,92
nomad-m7gXW2lzlXK2,nomad_material_id,b:branch_scan,8,analysis/hb_slab_aeccar_cohort_20261007/aeccar_sources.csv,5
nomad-slKw7W6vu-8S,nomad_material_id,a:cohort4_exclusion_ids;b:branch_scan,22,analysis/fresh_population_20261006/P3B_CONFIRMATORY_MANIFEST.csv,22
nomad-uI3dGHZQPhUQ,nomad_material_id,a:cohort4_exclusion_ids;b:branch_scan,21,analysis/fresh_population_20261006/P3B_CONFIRMATORY_MANIFEST.csv,22
nomad-uxkQqRHBpSox,nomad_material_id,a:cohort4_exclusion_ids;b:branch_scan,23,analysis/fresh_population_20261006/P3B_CONFIRMATORY_MANIFEST.csv,22
nomad-vGEh154443lz,nomad_material_id,a:cohort4_exclusion_ids;b:branch_scan,22,analysis/fresh_population_20261006/P3B_CONFIRMATORY_MANIFEST.csv,22
nomad-vbsqs8Js2fzW,nomad_material_id,a:cohort4_exclusion_ids;b:branch_scan,22,analysis/fresh_population_20261006/P3B_CONFIRMATORY_MANIFEST.csv,22
nomad-wSEnUelkSnE0,nomad_material_id,b:branch_scan,8,analysis/hb_slab_aeccar_cohort_20261007/aeccar_sources.csv,5
nomad-wide-20261007,nomad_material_id,b:branch_scan,3,.github/workflows/hb_slab_nomad_wide.yml,1
nomad-wide-20261007-,nomad_material_id,b:branch_scan,2,.github/workflows/hb_slab_nomad_wide.yml,1
nomad-wpVo8yTF7eRr,nomad_material_id,a:cohort4_exclusion_ids;b:branch_scan,22,analysis/fresh_population_20261006/P3B_CONFIRMATORY_MANIFEST.csv,22
nomad-xd7p4hpxkkVE,nomad_material_id,b:branch_scan,8,analysis/hb_slab_aeccar_cohort_20261007/aeccar_sources.csv,5
ntSwSxifQMVy7Ktlz3hk09rgkJTg,nomad_entry_id,b:branch_scan,1,analysis/hb_slab_nomad_wide_20261007/selection/qc.csv,1
slKw7W6vu-8S8VdY_r89e2V0-uDB,nomad_entry_id,a:cohort4_exclusion_ids;b:branch_scan,2,analysis/fresh_population_20261006/P3B_CONFIRMATORY_MANIFEST.csv,22
uI3dGHZQPhUQcO4K7i5qWX7un1sN,nomad_entry_id,a:cohort4_exclusion_ids;b:branch_scan,2,analysis/fresh_population_20261006/P3B_CONFIRMATORY_MANIFEST.csv,22
uxkQqRHBpSox5ejlvgchJvRWgYEZ,nomad_entry_id,a:cohort4_exclusion_ids;b:branch_scan,2,analysis/fresh_population_20261006/P3B_CONFIRMATORY_MANIFEST.csv,22
vGEh154443lzias3VTqRAZoNSJwH,nomad_entry_id,a:cohort4_exclusion_ids;b:branch_scan,2,analysis/fresh_population_20261006/P3B_CONFIRMATORY_MANIFEST.csv,22
vbsqs8Js2fzWWAiw6QOOPEKfp0rS,nomad_entry_id,a:cohort4_exclusion_ids;b:branch_scan,2,analysis/fresh_population_20261006/P3B_CONFIRMATORY_MANIFEST.csv,22
wSEnUelkSnE0Dd_wZkib0q_Qoh1C,nomad_entry_id,b:branch_scan,1,analysis/hb_slab_aeccar_cohort_20261007/manifest.csv,5
wpVo8yTF7eRraAIEtGHi74URJusC,nomad_entry_id,a:cohort4_exclusion_ids;b:branch_scan,2,analysis/fresh_population_20261006/P3B_CONFIRMATORY_MANIFEST.csv,22
xd7p4hpxkkVEHsN4cU5UWMuyggP6,nomad_entry_id,b:branch_scan,1,analysis/hb_slab_aeccar_cohort_20261007/manifest.csv,5
zHDTe1JEqCJ3eRjO6BnrD0wrCkLj,nomad_entry_id,b:branch_scan,1,analysis/hb_slab_nomad_wide_20261007/selection/qc.csv,1
