material_id,system_type,formula,source,source_sha256,loader,npoints,raw_bytes,beta,alpha_rel_ptp,alpha_abs,encoded_bytes,compression_ratio,electric_field_error_rel_RMSE_historical,electric_field_error_rel_RMSE_safe,density_Linf,density_RMSE,mean_density_deviation,encode_seconds,decode_seconds,imaginary_leakage_max,exact_modes,representative_modes,zlib_level,shell_count
mp-37207,bulk,Li5GaO4,Materials Project,63f7915cadf4598b359c05a2d0d6e1505411c29adf132728ca5884a2eb9f2f94,mp_gzip_json_monty_to_baderkit_grid,663552,5308416,0.0,1e-07,0.0003239540858589,694827,7.63991036617748,4.706676095489168e-08,4.6916632138633814e-08,0.0005558347063612,0.0001295970663388,7.105427357601003e-14,0.0685491340000084,0.0834400609999903,3.634823548173945e-13,1,331779,6,32
mp-37207,bulk,Li5GaO4,Materials Project,63f7915cadf4598b359c05a2d0d6e1505411c29adf132728ca5884a2eb9f2f94,mp_gzip_json_monty_to_baderkit_grid,663552,5308416,0.0,2.1544346900318827e-07,0.0006979379205521,584183,9.086905986651445,1.0051019288324556e-07,1.0018869954739012e-07,0.0012848111976389,0.0002780849840494,8.526512829121202e-14,0.0525746510000004,0.0837958449999973,4.314032817106681e-13,1,331779,6,32
mp-37207,bulk,Li5GaO4,Materials Project,63f7915cadf4598b359c05a2d0d6e1505411c29adf132728ca5884a2eb9f2f94,mp_gzip_json_monty_to_baderkit_grid,663552,5308416,0.0,4.641588833612782e-07,0.0015036616675262,503844,10.535832519589396,2.159857367085561e-07,2.1529709159417173e-07,0.0025232158700152,0.0005980386004583,7.105427357601003e-14,0.0532125439999902,0.0789209470000003,4.235955800500577e-13,1,331779,6,32
mp-37207,bulk,Li5GaO4,Materials Project,63f7915cadf4598b359c05a2d0d6e1505411c29adf132728ca5884a2eb9f2f94,mp_gzip_json_monty_to_baderkit_grid,663552,5308416,0.0,1e-06,0.0032395408585896,401021,13.237251914488269,4.641071601358838e-07,4.626374976365562e-07,0.0054878775157192,0.0012793446198285,8.526512829121202e-14,0.0528206529999977,0.0778699950000003,4.205504247723768e-13,1,331779,6,32
mp-37207,bulk,Li5GaO4,Materials Project,63f7915cadf4598b359c05a2d0d6e1505411c29adf132728ca5884a2eb9f2f94,mp_gzip_json_monty_to_baderkit_grid,663552,5308416,0.0,2.1544346900318822e-06,0.0069793792055213,302390,17.554866232348953,9.913387001976136e-07,9.882175587720789e-07,0.0131102248756178,0.002703157168672,8.526512829121202e-14,0.0533134169999982,0.0775623299999921,4.852878684541069e-13,1,331779,6,32
mp-37207,bulk,Li5GaO4,Materials Project,63f7915cadf4598b359c05a2d0d6e1505411c29adf132728ca5884a2eb9f2f94,mp_gzip_json_monty_to_baderkit_grid,663552,5308416,0.0,4.641588833612773e-06,0.0150366166752622,221476,23.968357745308747,2.077320555602156e-06,2.071101249938616e-06,0.0292780769510443,0.0054609063464463,7.105427357601003e-14,0.0471187910000026,0.0750058330000058,4.57757020236869e-13,1,331779,6,32
mp-37207,bulk,Li5GaO4,Materials Project,63f7915cadf4598b359c05a2d0d6e1505411c29adf132728ca5884a2eb9f2f94,mp_gzip_json_monty_to_baderkit_grid,663552,5308416,0.0,1e-05,0.032395408585897,148581,35.72742140650554,4.28591785771928e-06,4.276131758602164e-06,0.0584053521405394,0.010390782869125,8.526512829121202e-14,0.036690589999992,0.0736853439999976,4.4211866545287174e-13,1,331779,6,32
mp-37207,bulk,Li5GaO4,Materials Project,63f7915cadf4598b359c05a2d0d6e1505411c29adf132728ca5884a2eb9f2f94,mp_gzip_json_monty_to_baderkit_grid,663552,5308416,0.0,2.1544346900318823e-05,0.0697937920552131,93964,56.49414669447874,8.64635067065961e-06,8.634396384227324e-06,0.1255396407964326,0.0187398960048143,8.526512829121202e-14,0.026411969999998,0.0744998139999921,4.0869979087888563e-13,1,331779,6,32
mp-37207,bulk,Li5GaO4,Materials Project,63f7915cadf4598b359c05a2d0d6e1505411c29adf132728ca5884a2eb9f2f94,mp_gzip_json_monty_to_baderkit_grid,663552,5308416,0.0,4.641588833612772e-05,0.1503661667526228,62569,84.84099154533395,1.720494346472751e-05,1.7197070689958297e-05,0.1885155560839848,0.0321791827028411,8.526512829121202e-14,0.0219717580000065,0.0751391169999919,3.811281930835469e-13,1,331779,6,32
mp-37207,bulk,Li5GaO4,Materials Project,63f7915cadf4598b359c05a2d0d6e1505411c29adf132728ca5884a2eb9f2f94,mp_gzip_json_monty_to_baderkit_grid,663552,5308416,0.0,0.0001,0.32395408585897,42445,125.06575568382613,3.3643850144609776e-05,3.363982480995016e-05,0.4112986634631852,0.0544864685083679,8.526512829121202e-14,0.0187631669999888,0.0736586700000003,4.597812230340796e-13,1,331779,6,32
mp-37207,bulk,Li5GaO4,Materials Project,63f7915cadf4598b359c05a2d0d6e1505411c29adf132728ca5884a2eb9f2f94,mp_gzip_json_monty_to_baderkit_grid,663552,5308416,0.0,0.0002154434690031,0.6979379205521318,30725,172.7718795768918,6.744890101550482e-05,6.744689324862541e-05,0.9649093578759677,0.0944645513483936,8.526512829121202e-14,0.0167465769999921,0.0742048659999881,4.681432974684218e-13,1,331779,6,32
mp-37207,bulk,Li5GaO4,Materials Project,63f7915cadf4598b359c05a2d0d6e1505411c29adf132728ca5884a2eb9f2f94,mp_gzip_json_monty_to_baderkit_grid,663552,5308416,0.0,0.0004641588833612,1.50366166752623,20683,256.6559976792535,0.0001328174563302,0.000132816436734,0.931176242139875,0.1627972828112442,8.526512829121202e-14,0.0143649219999986,0.0743315739999985,4.148528291494326e-13,1,331779,6,32
mp-37207,bulk,Li5GaO4,Materials Project,63f7915cadf4598b359c05a2d0d6e1505411c29adf132728ca5884a2eb9f2f94,mp_gzip_json_monty_to_baderkit_grid,663552,5308416,0.0,0.001,3.2395408585897,15840,335.1272727272727,0.0002613478644654,0.0002613473463063,1.599428041138253,0.2756723283183185,8.526512829121202e-14,0.0145388850000074,0.0741433929999999,3.669176442504625e-13,1,331779,6,32
mp-37207,bulk,Li5GaO4,Materials Project,63f7915cadf4598b359c05a2d0d6e1505411c29adf132728ca5884a2eb9f2f94,mp_gzip_json_monty_to_baderkit_grid,663552,5308416,0.0,0.0021544346900318,6.979379205521317,12727,417.0987664021372,0.0005152034910424,0.0005152032281954,2.137369442594405,0.4850944512119718,8.526512829121202e-14,0.0137837169999954,0.0727878299999957,4.005940081006391e-13,1,331779,6,32
mp-37207,bulk,Li5GaO4,Materials Project,63f7915cadf4598b359c05a2d0d6e1505411c29adf132728ca5884a2eb9f2f94,mp_gzip_json_monty_to_baderkit_grid,663552,5308416,0.0,0.0046415888336127,15.036616675262286,10565,502.4530052058684,0.0010818792671188,0.0010818791419481,4.072320252450977,0.8864670479176089,8.526512829121202e-14,0.0140965439999973,0.0754092079999964,4.170576198131246e-13,1,331779,6,32
mp-37207,bulk,Li5GaO4,Materials Project,63f7915cadf4598b359c05a2d0d6e1505411c29adf132728ca5884a2eb9f2f94,mp_gzip_json_monty_to_baderkit_grid,663552,5308416,0.0,0.01,32.395408585897,8413,630.9777724949483,0.0021173304492741,0.0021173303853166,10.546959596113084,1.662696124569211,8.526512829121202e-14,0.0140407370000019,0.0746467329999944,4.306820509240379e-13,1,331779,6,32
mp-37207,bulk,Li5GaO4,Materials Project,63f7915cadf4598b359c05a2d0d6e1505411c29adf132728ca5884a2eb9f2f94,mp_gzip_json_monty_to_baderkit_grid,663552,5308416,0.0,0.0215443469003188,69.79379205521317,7228,734.4239070282235,0.0041434844011573,0.0041434843684753,24.667508886183896,2.9402158498556625,8.526512829121202e-14,0.0136091410000034,0.0753212289999964,4.0122912726897313e-13,1,331779,6,32
mp-37207,bulk,Li5GaO4,Materials Project,63f7915cadf4598b359c05a2d0d6e1505411c29adf132728ca5884a2eb9f2f94,mp_gzip_json_monty_to_baderkit_grid,663552,5308416,0.0,0.0464158883361277,150.36616675262283,5937,894.1243052046489,0.0084236223021901,0.0084236222861151,85.03608418771432,5.212819614220966,7.105427357601003e-14,0.0134711399999929,0.0754045169999955,4.266198789545297e-13,1,331779,6,32
mp-37207,bulk,Li5GaO4,Materials Project,63f7915cadf4598b359c05a2d0d6e1505411c29adf132728ca5884a2eb9f2f94,mp_gzip_json_monty_to_baderkit_grid,663552,5308416,0.0,0.1,323.95408585897,5294,1002.723082735172,0.0175086949930236,0.0175086949852916,74.32366937323263,9.436767769666572,8.526512829121202e-14,0.0138661670000033,0.0768860900000021,5.481573316491657e-13,1,331779,6,32
mp-37207,bulk,Li5GaO4,Materials Project,63f7915cadf4598b359c05a2d0d6e1505411c29adf132728ca5884a2eb9f2f94,mp_gzip_json_monty_to_baderkit_grid,663552,5308416,0.0,0.2154434690031882,697.9379205521318,4926,1077.63215590743,0.0318063970854932,0.0318063970812399,92.65924926976912,15.96071288882032,8.526512829121202e-14,0.0135540329999912,0.0749906889999891,3.802797374892661e-13,1,331779,6,32
mp-37207,bulk,Li5GaO4,Materials Project,63f7915cadf4598b359c05a2d0d6e1505411c29adf132728ca5884a2eb9f2f94,mp_gzip_json_monty_to_baderkit_grid,663552,5308416,0.0,0.4641588833612772,1503.6616675262285,4652,1141.1040412725708,0.0677525714500257,0.0677525714480362,161.95886098280107,28.24560519268077,7.105427357601003e-14,0.0132350920000021,0.0738652599999909,5.207107920844673e-13,1,331779,6,32
mp-37207,bulk,Li5GaO4,Materials Project,63f7915cadf4598b359c05a2d0d6e1505411c29adf132728ca5884a2eb9f2f94,mp_gzip_json_monty_to_baderkit_grid,663552,5308416,0.0,1.0,3239.5408585897,4438,1196.1279855790897,0.1177148740693698,0.1177148740682354,358.015263135939,46.96680737634486,8.526512829121202e-14,0.0134748190000095,0.0734302389999896,3.489750261250396e-13,1,331779,6,32
mp-37207,bulk,Li5GaO4,Materials Project,63f7915cadf4598b359c05a2d0d6e1505411c29adf132728ca5884a2eb9f2f94,mp_gzip_json_monty_to_baderkit_grid,663552,5308416,0.0,2.154434690031882,6979.379205521317,4306,1232.795169530887,0.2253439771400965,0.225343977139526,654.6388607953315,81.93103522171332,8.526512829121202e-14,0.0132972029999933,0.0741252559999878,4.335804069071994e-13,1,331779,6,32
mp-37207,bulk,Li5GaO4,Materials Project,63f7915cadf4598b359c05a2d0d6e1505411c29adf132728ca5884a2eb9f2f94,mp_gzip_json_monty_to_baderkit_grid,663552,5308416,0.0,4.641588833612772,15036.616675262285,4221,1257.6204690831555,0.4119684803102686,0.4119684803099956,1552.3445746610455,129.31076476739875,8.526512829121202e-14,0.0130976869999983,0.0739808969999984,2.7944166907913945e-13,1,331779,6,32
mp-37207,bulk,Li5GaO4,Materials Project,63f7915cadf4598b359c05a2d0d6e1505411c29adf132728ca5884a2eb9f2f94,mp_gzip_json_monty_to_baderkit_grid,663552,5308416,0.0,10.0,32395.408585897,4168,1273.612284069098,0.7485725077874695,0.7485725077873899,2503.529021937421,168.02190472369116,8.526512829121202e-14,0.0133187449999923,0.0750455980000026,1.362750941761697e-13,1,331779,6,32
mp-37207,bulk,Li5GaO4,Materials Project,63f7915cadf4598b359c05a2d0d6e1505411c29adf132728ca5884a2eb9f2f94,mp_gzip_json_monty_to_baderkit_grid,663552,5308416,1.0,1e-07,0.0003239540858589,758285,7.0005552002215525,2.0062586819677303e-08,1.9886621515578976e-08,0.0003317176352144,7.446474125295588e-05,8.526512829121202e-14,0.0747623200000049,0.082820046000009,3.891133725882837e-13,1,331779,6,32
mp-37207,bulk,Li5GaO4,Materials Project,63f7915cadf4598b359c05a2d0d6e1505411c29adf132728ca5884a2eb9f2f94,mp_gzip_json_monty_to_baderkit_grid,663552,5308416,1.0,2.1544346900318827e-07,0.0006979379205521,666709,7.962118405481252,4.3148162263462043e-08,4.2771004305671904e-08,0.0006965679346322,0.0001600331177532,7.105427357601003e-14,0.0657660880000037,0.0818978100000009,4.4338585634862813e-13,1,331779,6,32
mp-37207,bulk,Li5GaO4,Materials Project,63f7915cadf4598b359c05a2d0d6e1505411c29adf132728ca5884a2eb9f2f94,mp_gzip_json_monty_to_baderkit_grid,663552,5308416,1.0,4.641588833612782e-07,0.0015036616675262,565615,9.38521078825703,9.3080213655284e-08,9.226879511660813e-08,0.0015082284810503,0.0003452827202282,8.526512829121202e-14,0.0539637849999934,0.0805595089999968,4.351308551894953e-13,1,331779,6,32
mp-37207,bulk,Li5GaO4,Materials Project,63f7915cadf4598b359c05a2d0d6e1505411c29adf132728ca5884a2eb9f2f94,mp_gzip_json_monty_to_baderkit_grid,663552,5308416,1.0,1e-06,0.0032395408585896,483317,10.983300814993058,1.9966588690808445e-07,1.9788424389454039e-07,0.0032367982913257,0.0007384043007281,8.526512829121202e-14,0.0586368539999995,0.0803729579999981,4.411512093525903e-13,1,331779,6,32
mp-37207,bulk,Li5GaO4,Materials Project,63f7915cadf4598b359c05a2d0d6e1505411c29adf132728ca5884a2eb9f2f94,mp_gzip_json_monty_to_baderkit_grid,663552,5308416,1.0,2.1544346900318822e-06,0.0069793792055213,380057,13.967420676372228,4.239283785529411e-07,4.202082952902814e-07,0.0074272196620954,0.0015580963323006,8.526512829121202e-14,0.0549668519999926,0.0780351330000002,4.122489776556158e-13,1,331779,6,32
mp-37207,bulk,Li5GaO4,Materials Project,63f7915cadf4598b359c05a2d0d6e1505411c29adf132728ca5884a2eb9f2f94,mp_gzip_json_monty_to_baderkit_grid,663552,5308416,1.0,4.641588833612773e-06,0.0150366166752622,294163,18.04583173274681,8.773349091774374e-07,8.696631186417432e-07,0.0174273357355616,0.0031369275429738,8.526512829121202e-14,0.0534923330000083,0.0781498260000006,4.261630471241257e-13,1,331779,6,32
mp-37207,bulk,Li5GaO4,Materials Project,63f7915cadf4598b359c05a2d0d6e1505411c29adf132728ca5884a2eb9f2f94,mp_gzip_json_monty_to_baderkit_grid,663552,5308416,1.0,1e-05,0.032395408585897,210493,25.218966901512164,1.737608508693082e-06,1.723498959445462e-06,0.0318567624648267,0.0058950141984953,8.526512829121202e-14,0.0436312020000002,0.076316816000002,4.784057863947112e-13,1,331779,6,32
mp-37207,bulk,Li5GaO4,Materials Project,63f7915cadf4598b359c05a2d0d6e1505411c29adf132728ca5884a2eb9f2f94,mp_gzip_json_monty_to_baderkit_grid,663552,5308416,1.0,2.1544346900318823e-05,0.0697937920552131,146886,36.13970017564642,3.2871737619061584e-06,3.2684735912070938e-06,0.1199190526426718,0.0102687100865381,8.526512829121202e-14,0.0338441640000013,0.0763213350000029,5.380220301822302e-13,1,331779,6,32
mp-37207,bulk,Li5GaO4,Materials Project,63f7915cadf4598b359c05a2d0d6e1505411c29adf132728ca5884a2eb9f2f94,mp_gzip_json_monty_to_baderkit_grid,663552,5308416,1.0,4.641588833612772e-05,0.1503661667526228,100868,52.62735456239838,5.973602230197873e-06,5.952753892105689e-06,0.1397790836444983,0.0168391265431049,7.105427357601003e-14,0.0259451269999999,0.0740468049999947,4.654047968985136e-13,1,331779,6,32
mp-37207,bulk,Li5GaO4,Materials Project,63f7915cadf4598b359c05a2d0d6e1505411c29adf132728ca5884a2eb9f2f94,mp_gzip_json_monty_to_baderkit_grid,663552,5308416,1.0,0.0001,0.32395408585897,70363,75.44328695479157,1.0601181452131516e-05,1.058839973140042e-05,0.153408670827936,0.0264580833837759,8.526512829121202e-14,0.0206924969999988,0.0739406850000108,4.4700137601481753e-13,1,331779,6,32
mp-37207,bulk,Li5GaO4,Materials Project,63f7915cadf4598b359c05a2d0d6e1505411c29adf132728ca5884a2eb9f2f94,mp_gzip_json_monty_to_baderkit_grid,663552,5308416,1.0,0.0002154434690031,0.6979379205521318,51261,103.55662199332826,1.8693792351973288e-05,1.8686546850332256e-05,0.2590108337662968,0.0412762974508523,8.526512829121202e-14,0.0195961710000034,0.075009559999998,4.1864420317590187e-13,1,331779,6,32
mp-37207,bulk,Li5GaO4,Materials Project,63f7915cadf4598b359c05a2d0d6e1505411c29adf132728ca5884a2eb9f2f94,mp_gzip_json_monty_to_baderkit_grid,663552,5308416,1.0,0.0004641588833612,1.50366166752623,37095,143.10327537403964,3.299834011262149e-05,3.299423602509099e-05,0.3728783882625066,0.0644755270719416,8.526512829121202e-14,0.0180749820000016,0.0735883249999886,4.4589151657401734e-13,1,331779,6,32
mp-37207,bulk,Li5GaO4,Materials Project,63f7915cadf4598b359c05a2d0d6e1505411c29adf132728ca5884a2eb9f2f94,mp_gzip_json_monty_to_baderkit_grid,663552,5308416,1.0,0.001,3.2395408585897,28287,187.66274260260897,6.034330602927092e-05,6.034106183383006e-05,0.6487153929028864,0.1044002209380795,8.526512829121202e-14,0.0165140759999928,0.0754573499999935,4.508498748489867e-13,1,331779,6,32
mp-37207,bulk,Li5GaO4,Materials Project,63f7915cadf4598b359c05a2d0d6e1505411c29adf132728ca5884a2eb9f2f94,mp_gzip_json_monty_to_baderkit_grid,663552,5308416,1.0,0.0021544346900318,6.979379205521317,21343,248.71929906761,0.0001054908907724,0.0001054896070551,1.0180783888122278,0.1605025040541769,8.526512829121202e-14,0.0157497670000026,0.0736576959999979,4.099964089685081e-13,1,331779,6,32
mp-37207,bulk,Li5GaO4,Materials Project,63f7915cadf4598b359c05a2d0d6e1505411c29adf132728ca5884a2eb9f2f94,mp_gzip_json_monty_to_baderkit_grid,663552,5308416,1.0,0.0046415888336127,15.036616675262286,16302,325.62973868237026,0.000186764201512,0.0001867634764271,1.457878235125918,0.2508242388232884,7.105427357601003e-14,0.0145548149999967,0.0729832539999932,5.344565291866644e-13,1,331779,6,32
mp-37207,bulk,Li5GaO4,Materials Project,63f7915cadf4598b359c05a2d0d6e1505411c29adf132728ca5884a2eb9f2f94,mp_gzip_json_monty_to_baderkit_grid,663552,5308416,1.0,0.01,32.395408585897,13375,396.8909158878504,0.0003452405026192,0.0003452401103717,2.4463882421366634,0.4075389449920246,8.526512829121202e-14,0.0143307600000071,0.073950558000007,4.1008620812779683e-13,1,331779,6,32
mp-37207,bulk,Li5GaO4,Materials Project,63f7915cadf4598b359c05a2d0d6e1505411c29adf132728ca5884a2eb9f2f94,mp_gzip_json_monty_to_baderkit_grid,663552,5308416,1.0,0.0215443469003188,69.79379205521317,11363,467.166769339083,0.0006359194242315,0.0006359192112806,3.2629227791513813,0.6818137871866023,7.105427357601003e-14,0.0147419239999919,0.0731523160000051,3.743666635720724e-13,1,331779,6,32
mp-37207,bulk,Li5GaO4,Materials Project,63f7915cadf4598b359c05a2d0d6e1505411c29adf132728ca5884a2eb9f2f94,mp_gzip_json_monty_to_baderkit_grid,663552,5308416,1.0,0.0464158883361277,150.36616675262283,9624,551.5810473815461,0.001227603349322,0.00122760323901,8.108319792127077,1.2143470449528069,8.526512829121202e-14,0.0141901559999979,0.0764231919999929,5.533120070563024e-13,1,331779,6,32
mp-37207,bulk,Li5GaO4,Materials Project,63f7915cadf4598b359c05a2d0d6e1505411c29adf132728ca5884a2eb9f2f94,mp_gzip_json_monty_to_baderkit_grid,663552,5308416,1.0,0.1,323.95408585897,7813,679.4337642390886,0.0022170625061326,0.0022170624450523,22.90903870985403,2.0178294142841877,7.105427357601003e-14,0.0149277590000025,0.0752110689999909,4.2481436337838673e-13,1,331779,6,32
mp-37207,bulk,Li5GaO4,Materials Project,63f7915cadf4598b359c05a2d0d6e1505411c29adf132728ca5884a2eb9f2f94,mp_gzip_json_monty_to_baderkit_grid,663552,5308416,1.0,0.2154434690031882,697.9379205521318,6857,774.160128336007,0.0042200746907418,0.0042200746586529,43.063220931185015,3.4979533607793605,8.526512829121202e-14,0.014205227000005,0.0743604739999881,5.469063327712181e-13,1,331779,6,32
mp-37207,bulk,Li5GaO4,Materials Project,63f7915cadf4598b359c05a2d0d6e1505411c29adf132728ca5884a2eb9f2f94,mp_gzip_json_monty_to_baderkit_grid,663552,5308416,1.0,0.4641588833612772,1503.6616675262285,6101,870.0894935256515,0.0070131988582689,0.0070131988389606,84.97546527088161,5.17252011538702,7.105427357601003e-14,0.0139269470000016,0.0752004750000026,4.3202933588021466e-13,1,331779,6,32
mp-37207,bulk,Li5GaO4,Materials Project,63f7915cadf4598b359c05a2d0d6e1505411c29adf132728ca5884a2eb9f2f94,mp_gzip_json_monty_to_baderkit_grid,663552,5308416,1.0,1.0,3239.5408585897,5412,980.860310421286,0.0135749044375111,0.0135749044275372,79.26275023542621,8.900853530327975,8.526512829121202e-14,0.0142107159999937,0.0745536439999909,4.0622133755378403e-13,1,331779,6,32
mp-37207,bulk,Li5GaO4,Materials Project,63f7915cadf4598b359c05a2d0d6e1505411c29adf132728ca5884a2eb9f2f94,mp_gzip_json_monty_to_baderkit_grid,663552,5308416,1.0,2.154434690031882,6979.379205521317,4977,1066.5895117540688,0.0238340582946294,0.0238340582889509,92.1842567961155,13.949120438276388,7.105427357601003e-14,0.0135334169999907,0.073072855999996,4.174337303853583e-13,1,331779,6,32
mp-37207,bulk,Li5GaO4,Materials Project,63f7915cadf4598b359c05a2d0d6e1505411c29adf132728ca5884a2eb9f2f94,mp_gzip_json_monty_to_baderkit_grid,663552,5308416,1.0,4.641588833612772,15036.616675262285,4738,1120.3917264668637,0.0437484623660915,0.0437484623630021,133.35679380137708,23.335601786098536,8.526512829121202e-14,0.013715703999992,0.0740322369999972,4.484063070169284e-13,1,331779,6,32
mp-37207,bulk,Li5GaO4,Materials Project,63f7915cadf4598b359c05a2d0d6e1505411c29adf132728ca5884a2eb9f2f94,mp_gzip_json_monty_to_baderkit_grid,663552,5308416,1.0,10.0,32395.408585897,4498,1180.172521120498,0.079765062565917,0.0797650625642301,334.81893756161355,39.098757994256,7.105427357601003e-14,0.0133381939999992,0.0729781950000045,4.764990505322757e-13,1,331779,6,32
mp-37207,bulk,Li5GaO4,Materials Project,63f7915cadf4598b359c05a2d0d6e1505411c29adf132728ca5884a2eb9f2f94,mp_gzip_json_monty_to_baderkit_grid,663552,5308416,2.0,1e-07,0.0003239540858589,806399,6.582865306132572,1.1528895507139723e-08,1.1358850710733184e-08,0.0002345709719406,4.805228469107019e-05,8.526512829121202e-14,0.073686545000001,0.0842080509999902,4.977272730315874e-13,1,331779,6,32
mp-37207,bulk,Li5GaO4,Materials Project,63f7915cadf4598b359c05a2d0d6e1505411c29adf132728ca5884a2eb9f2f94,mp_gzip_json_monty_to_baderkit_grid,663552,5308416,2.0,2.1544346900318827e-07,0.0006979379205521,735758,7.214894027655832,2.4883152137647884e-08,2.4522569392357313e-08,0.0005435575585579,0.0001037125469458,8.526512829121202e-14,0.0749771259999931,0.0833190270000017,5.408400848078532e-13,1,331779,6,32
mp-37207,bulk,Li5GaO4,Materials Project,63f7915cadf4598b359c05a2d0d6e1505411c29adf132728ca5884a2eb9f2f94,mp_gzip_json_monty_to_baderkit_grid,663552,5308416,2.0,4.641588833612782e-07,0.0015036616675262,625897,8.48129324793057,5.34086882679949e-08,5.26161164743506e-08,0.0009393602149216,0.0002224027241982,8.526512829121202e-14,0.0560206110000081,0.0800521669999909,5.11711306157193e-13,1,331779,6,32
mp-37207,bulk,Li5GaO4,Materials Project,63f7915cadf4598b359c05a2d0d6e1505411c29adf132728ca5884a2eb9f2f94,mp_gzip_json_monty_to_baderkit_grid,663552,5308416,2.0,1e-06,0.0032395408585896,546792,9.708291269806434,1.1468923890967529e-07,1.1297399469149754e-07,0.0022492196721941,0.0004768991693404,8.526512829121202e-14,0.0571982120000029,0.077870770000004,4.475631036033962e-13,1,331779,6,32
mp-37207,bulk,Li5GaO4,Materials Project,63f7915cadf4598b359c05a2d0d6e1505411c29adf132728ca5884a2eb9f2f94,mp_gzip_json_monty_to_baderkit_grid,663552,5308416,2.0,2.1544346900318822e-06,0.0069793792055213,460739,11.5215252019039,2.444356610245801e-07,2.4078456208293977e-07,0.0047067527497262,0.0010114909843288,7.105427357601003e-14,0.0603560569999928,0.0787585489999997,5.42272160324881e-13,1,331779,6,32
mp-37207,bulk,Li5GaO4,Materials Project,63f7915cadf4598b359c05a2d0d6e1505411c29adf132728ca5884a2eb9f2f94,mp_gzip_json_monty_to_baderkit_grid,663552,5308416,2.0,4.641588833612773e-06,0.0150366166752622,360464,14.726619024368592,5.046749055490433e-07,4.970993118176466e-07,0.0107601967091852,0.0020435035122008,8.526512829121202e-14,0.0535002769999977,0.0762227740000014,4.118699796246566e-13,1,331779,6,32
mp-37207,bulk,Li5GaO4,Materials Project,63f7915cadf4598b359c05a2d0d6e1505411c29adf132728ca5884a2eb9f2f94,mp_gzip_json_monty_to_baderkit_grid,663552,5308416,2.0,1e-05,0.032395408585897,278457,19.063683082127582,9.81571534904552e-07,9.67576297304498e-07,0.0251365396448193,0.0038108469587105,8.526512829121202e-14,0.0482610429999965,0.0769611449999985,3.910013168383545e-13,1,331779,6,32
mp-37207,bulk,Li5GaO4,Materials Project,63f7915cadf4598b359c05a2d0d6e1505411c29adf132728ca5884a2eb9f2f94,mp_gzip_json_monty_to_baderkit_grid,663552,5308416,2.0,2.1544346900318823e-05,0.0697937920552131,203700,26.059970544919,1.8037743236538007e-06,1.7822495193897427e-06,0.0410006494377626,0.0065593531065265,8.526512829121202e-14,0.038760566999997,0.0748363449999942,3.45063004500729e-13,1,331779,6,32
mp-37207,bulk,Li5GaO4,Materials Project,63f7915cadf4598b359c05a2d0d6e1505411c29adf132728ca5884a2eb9f2f94,mp_gzip_json_monty_to_baderkit_grid,663552,5308416,2.0,4.641588833612772e-05,0.1503661667526228,151936,34.93850042122999,3.1486329636320963e-06,3.1224879344864064e-06,0.1210785241278245,0.0105760408593946,8.526512829121202e-14,0.0318417959999948,0.0749790340000089,4.1405281962679883e-13,1,331779,6,32
mp-37207,bulk,Li5GaO4,Materials Project,63f7915cadf4598b359c05a2d0d6e1505411c29adf132728ca5884a2eb9f2f94,mp_gzip_json_monty_to_baderkit_grid,663552,5308416,2.0,0.0001,0.32395408585897,109452,48.499945181449405,5.255067028114373e-06,5.229506443220112e-06,0.168021391435559,0.0160990722896724,8.526512829121202e-14,0.0255393120000064,0.0725933269999927,4.426940169776701e-13,1,331779,6,32
mp-37207,bulk,Li5GaO4,Materials Project,63f7915cadf4598b359c05a2d0d6e1505411c29adf132728ca5884a2eb9f2f94,mp_gzip_json_monty_to_baderkit_grid,663552,5308416,2.0,0.0002154434690031,0.6979379205521318,79590,66.69702223897474,8.596097235655966e-06,8.580329153112072e-06,0.1367738055166683,0.0237559076410661,7.105427357601003e-14,0.0216709250000093,0.0710703749999908,4.490361485836263e-13,1,331779,6,32
mp-37207,bulk,Li5GaO4,Materials Project,63f7915cadf4598b359c05a2d0d6e1505411c29adf132728ca5884a2eb9f2f94,mp_gzip_json_monty_to_baderkit_grid,663552,5308416,2.0,0.0004641588833612,1.50366166752623,58613,90.56721205193386,1.4047051292443637e-05,1.40374075492403e-05,0.4378619541189437,0.0349032980675763,8.526512829121202e-14,0.0186248669999997,0.0706586669999893,4.2608514595482693e-13,1,331779,6,32
mp-37207,bulk,Li5GaO4,Materials Project,63f7915cadf4598b359c05a2d0d6e1505411c29adf132728ca5884a2eb9f2f94,mp_gzip_json_monty_to_baderkit_grid,663552,5308416,2.0,0.001,3.2395408585897,45304,117.17322973688856,2.294725563905073e-05,2.294135353580866e-05,0.376732386632284,0.0514063442585947,8.526512829121202e-14,0.0180567160000038,0.0721574270000076,4.732726563086028e-13,1,331779,6,32
mp-37207,bulk,Li5GaO4,Materials Project,63f7915cadf4598b359c05a2d0d6e1505411c29adf132728ca5884a2eb9f2f94,mp_gzip_json_monty_to_baderkit_grid,663552,5308416,2.0,0.0021544346900318,6.979379205521317,34706,152.95384083443784,3.782096298279949e-05,3.781738226844303e-05,1.3661435525696106,0.0762968991879285,8.526512829121202e-14,0.0169008909999917,0.073212610000013,5.225676636707355e-13,1,331779,6,32
mp-37207,bulk,Li5GaO4,Materials Project,63f7915cadf4598b359c05a2d0d6e1505411c29adf132728ca5884a2eb9f2f94,mp_gzip_json_monty_to_baderkit_grid,663552,5308416,2.0,0.0046415888336127,15.036616675262286,27137,195.61543280392084,6.231501410623509e-05,6.231284092185336e-05,1.668119692172695,0.1128372289891221,7.105427357601003e-14,0.0154829190000072,0.0717673070000017,6.066768451649028e-13,1,331779,6,32
mp-37207,bulk,Li5GaO4,Materials Project,63f7915cadf4598b359c05a2d0d6e1505411c29adf132728ca5884a2eb9f2f94,mp_gzip_json_monty_to_baderkit_grid,663552,5308416,2.0,0.01,32.395408585897,21146,251.03641350610044,0.0001011056697135,0.0001011043303173,1.383634532583983,0.1643896915382663,8.526512829121202e-14,0.0144761609999903,0.0729718160000061,4.058088262714133e-13,1,331779,6,32
mp-37207,bulk,Li5GaO4,Materials Project,63f7915cadf4598b359c05a2d0d6e1505411c29adf132728ca5884a2eb9f2f94,mp_gzip_json_monty_to_baderkit_grid,663552,5308416,2.0,0.0215443469003188,69.79379205521317,17614,301.3748154876803,0.0001656395766751,0.0001656387591169,1.5089373208197685,0.2419249814461433,8.526512829121202e-14,0.014579108999996,0.072429477,4.009602855790814e-13,1,331779,6,32
mp-37207,bulk,Li5GaO4,Materials Project,63f7915cadf4598b359c05a2d0d6e1505411c29adf132728ca5884a2eb9f2f94,mp_gzip_json_monty_to_baderkit_grid,663552,5308416,2.0,0.0464158883361277,150.36616675262283,13956,380.36801375752367,0.0002790905012929,0.0002790900160748,2.301845358993205,0.3648097173114873,8.526512829121202e-14,0.0141073919999996,0.0731501559999969,4.5097753456060905e-13,1,331779,6,32
mp-37207,bulk,Li5GaO4,Materials Project,63f7915cadf4598b359c05a2d0d6e1505411c29adf132728ca5884a2eb9f2f94,mp_gzip_json_monty_to_baderkit_grid,663552,5308416,2.0,0.1,323.95408585897,12160,436.5473684210526,0.0004858212359498,0.000485820957206,2.5446025266414978,0.5771193887184793,8.526512829121202e-14,0.0139663340000026,0.0717773850000043,4.1430913565392244e-13,1,331779,6,32
mp-37207,bulk,Li5GaO4,Materials Project,63f7915cadf4598b359c05a2d0d6e1505411c29adf132728ca5884a2eb9f2f94,mp_gzip_json_monty_to_baderkit_grid,663552,5308416,2.0,0.2154434690031882,697.9379205521318,10351,512.8408849386533,0.0008842434811275,0.0008842433279801,5.999447385046324,0.9706124982462568,8.526512829121202e-14,0.0136820949999929,0.0737425209999997,4.265712651093778e-13,1,331779,6,32
mp-37207,bulk,Li5GaO4,Materials Project,63f7915cadf4598b359c05a2d0d6e1505411c29adf132728ca5884a2eb9f2f94,mp_gzip_json_monty_to_baderkit_grid,663552,5308416,2.0,0.4641588833612772,1503.6616675262285,8888,597.2565256525653,0.0015885388670923,0.0015885387818446,16.152809600653654,1.616950315941067,8.526512829121202e-14,0.0143700170000045,0.0730986979999954,4.1118707695808834e-13,1,331779,6,32
mp-37207,bulk,Li5GaO4,Materials Project,63f7915cadf4598b359c05a2d0d6e1505411c29adf132728ca5884a2eb9f2f94,mp_gzip_json_monty_to_baderkit_grid,663552,5308416,2.0,1.0,3239.5408585897,7482,709.4915797914996,0.0026008590961528,0.0026008590440859,35.4925175635326,2.503695577383453,7.105427357601003e-14,0.0135939179999979,0.0727029909999998,4.700277605219938e-13,1,331779,6,32
mp-37207,bulk,Li5GaO4,Materials Project,63f7915cadf4598b359c05a2d0d6e1505411c29adf132728ca5884a2eb9f2f94,mp_gzip_json_monty_to_baderkit_grid,663552,5308416,2.0,2.154434690031882,6979.379205521317,6607,803.4533070985318,0.0044357050651244,0.0044357050345956,76.38421447239352,3.842331770922105,8.526512829121202e-14,0.0139316820000061,0.0717572719999992,5.766801641591353e-13,1,331779,6,32
mp-37207,bulk,Li5GaO4,Materials Project,63f7915cadf4598b359c05a2d0d6e1505411c29adf132728ca5884a2eb9f2f94,mp_gzip_json_monty_to_baderkit_grid,663552,5308416,2.0,4.641588833612772,15036.616675262285,6080,873.0947368421052,0.0070895417433617,0.0070895417242613,79.67165195083248,5.43112455273075,7.105427357601003e-14,0.0137479630000001,0.0739998199999973,4.560336733694185e-13,1,331779,6,32
mp-37207,bulk,Li5GaO4,Materials Project,63f7915cadf4598b359c05a2d0d6e1505411c29adf132728ca5884a2eb9f2f94,mp_gzip_json_monty_to_baderkit_grid,663552,5308416,2.0,10.0,32395.408585897,5464,971.5256222547584,0.0125800451036115,0.0125800450928485,72.25355574262198,8.769648453433758,8.526512829121202e-14,0.0136509310000008,0.072276740999996,4.185831803804416e-13,1,331779,6,32
mp-1103974,bulk,La(Mo3S4)2,Materials Project,2069fb5512710c6d0ee47eb06a59585c1ca955abf3e0069e75f7724718f10ee6,mp_gzip_json_monty_to_baderkit_grid,1000000,8000000,0.0,1e-07,0.0001883816287685,728364,10.983519229396292,1.628671612355541e-08,1.620554999338741e-08,0.0002517331500371,5.44065643479264e-05,5.684341886080803e-14,0.1840392019999939,0.129428464,3.4405413870822663e-13,1,500003,6,32
mp-1103974,bulk,La(Mo3S4)2,Materials Project,2069fb5512710c6d0ee47eb06a59585c1ca955abf3e0069e75f7724718f10ee6,mp_gzip_json_monty_to_baderkit_grid,1000000,8000000,0.0,2.1544346900318827e-07,0.0004058559159837,614071,13.027809487827955,3.5107124069612924e-08,3.4929194677705036e-08,0.0005811275375435,0.0001172976924566,5.684341886080803e-14,0.1395889549999935,0.127264236000002,4.218327480947048e-13,1,500003,6,32
mp-1103974,bulk,La(Mo3S4)2,Materials Project,2069fb5512710c6d0ee47eb06a59585c1ca955abf3e0069e75f7724718f10ee6,mp_gzip_json_monty_to_baderkit_grid,1000000,8000000,0.0,4.641588833612782e-07,0.0008743900645501,517547,15.457533325475756,7.555175850685735e-08,7.517307818132176e-08,0.0012079638084507,0.0002520132925625,5.684341886080803e-14,0.1288232739999983,0.1311031879999973,3.5258646335958625e-13,1,500003,6,32
mp-1103974,bulk,La(Mo3S4)2,Materials Project,2069fb5512710c6d0ee47eb06a59585c1ca955abf3e0069e75f7724718f10ee6,mp_gzip_json_monty_to_baderkit_grid,1000000,8000000,0.0,1e-06,0.0018838162876859,426471,18.75860257790096,1.642866458897537e-07,1.6345077860891085e-07,0.003681866515933,0.0005445904543859,5.684341886080803e-14,0.1204883899999913,0.1242624710000086,3.89615526895441e-13,1,500003,6,32
mp-1103974,bulk,La(Mo3S4)2,Materials Project,2069fb5512710c6d0ee47eb06a59585c1ca955abf3e0069e75f7724718f10ee6,mp_gzip_json_monty_to_baderkit_grid,1000000,8000000,0.0,2.1544346900318822e-06,0.0040585591598377,332002,24.09624038409407,3.517675368527879e-07,3.500386160400208e-07,0.0051561938117004,0.0011685292026261,5.684341886080803e-14,0.1042152200000003,0.1277761320000081,3.850695269466016e-13,1,500003,6,32
mp-1103974,bulk,La(Mo3S4)2,Materials Project,2069fb5512710c6d0ee47eb06a59585c1ca955abf3e0069e75f7724718f10ee6,mp_gzip_json_monty_to_baderkit_grid,1000000,8000000,0.0,4.641588833612773e-06,0.0087439006455012,246215,32.491927786690496,7.485750031739794e-07,7.452910829809037e-07,0.0153596943029867,0.0024265413016929,5.684341886080803e-14,0.086312955000011,0.1243327600000014,3.7986561555416753e-13,1,500003,6,32
mp-1103974,bulk,La(Mo3S4)2,Materials Project,2069fb5512710c6d0ee47eb06a59585c1ca955abf3e0069e75f7724718f10ee6,mp_gzip_json_monty_to_baderkit_grid,1000000,8000000,0.0,1e-05,0.0188381628768599,168069,47.599497825297945,1.5632619133293484e-06,1.559123220492e-06,0.0245099457966233,0.0046389196976786,5.684341886080803e-14,0.0627102159999992,0.1255093460000012,3.463775639637146e-13,1,500003,6,32
mp-1103974,bulk,La(Mo3S4)2,Materials Project,2069fb5512710c6d0ee47eb06a59585c1ca955abf3e0069e75f7724718f10ee6,mp_gzip_json_monty_to_baderkit_grid,1000000,8000000,0.0,2.1544346900318823e-05,0.0405855915983779,109804,72.85709081636371,3.1153825973046152e-06,3.1119781080539007e-06,0.0450599627670413,0.0083374239006513,5.684341886080803e-14,0.0458670390000008,0.1240868309999996,3.655291691493313e-13,1,500003,6,32
mp-1103974,bulk,La(Mo3S4)2,Materials Project,2069fb5512710c6d0ee47eb06a59585c1ca955abf3e0069e75f7724718f10ee6,mp_gzip_json_monty_to_baderkit_grid,1000000,8000000,0.0,4.641588833612772e-05,0.087439006455012,71986,111.13272025115997,6.237346802852794e-06,6.235515597219064e-06,0.0760386142622735,0.0141937742992412,5.684341886080803e-14,0.0365282649999869,0.118757864999992,3.158170010496148e-13,1,500003,6,32
mp-1103974,bulk,La(Mo3S4)2,Materials Project,2069fb5512710c6d0ee47eb06a59585c1ca955abf3e0069e75f7724718f10ee6,mp_gzip_json_monty_to_baderkit_grid,1000000,8000000,0.0,0.0001,0.1883816287686,48229,165.87530324078872,1.2579110422225475e-05,1.2578202520179448e-05,0.1283771968699909,0.0245462811933941,5.684341886080803e-14,0.0322808439999988,0.1323035140000001,3.21367086883922e-13,1,500003,6,32
mp-1103974,bulk,La(Mo3S4)2,Materials Project,2069fb5512710c6d0ee47eb06a59585c1ca955abf3e0069e75f7724718f10ee6,mp_gzip_json_monty_to_baderkit_grid,1000000,8000000,0.0,0.0002154434690031,0.4058559159837798,33281,240.3773925062348,2.4863846604343476e-05,2.4863387291124276e-05,0.2222154439400299,0.0428417974982741,5.684341886080803e-14,0.0272641849999928,0.1239442199999985,3.6956768417122113e-13,1,500003,6,32
mp-1103974,bulk,La(Mo3S4)2,Materials Project,2069fb5512710c6d0ee47eb06a59585c1ca955abf3e0069e75f7724718f10ee6,mp_gzip_json_monty_to_baderkit_grid,1000000,8000000,0.0,0.0004641588833612,0.8743900645501212,23519,340.1505166035971,4.983866490391997e-05,4.983843576025821e-05,0.4053741213704143,0.0731603807682136,5.684341886080803e-14,0.0253557429999915,0.1149378559999974,3.597583556161009e-13,1,500003,6,32
mp-1103974,bulk,La(Mo3S4)2,Materials Project,2069fb5512710c6d0ee47eb06a59585c1ca955abf3e0069e75f7724718f10ee6,mp_gzip_json_monty_to_baderkit_grid,1000000,8000000,0.0,0.001,1.883816287686,17055,469.0706537672237,9.7642134948934e-05,9.764201798923536e-05,0.6337804921504642,0.1231580481908403,2.8421709430404014e-14,0.023815166999995,0.1259600260000013,3.244545092562876e-13,1,500003,6,32
mp-1103974,bulk,La(Mo3S4)2,Materials Project,2069fb5512710c6d0ee47eb06a59585c1ca955abf3e0069e75f7724718f10ee6,mp_gzip_json_monty_to_baderkit_grid,1000000,8000000,0.0,0.0021544346900318,4.058559159837798,13321,600.5555138503115,0.0001910670634106,0.00019106700364,1.11794281604422,0.2147698807234802,5.684341886080803e-14,0.0232305189999948,0.1260817550000013,3.359357269744024e-13,1,500003,6,32
mp-1103974,bulk,La(Mo3S4)2,Materials Project,2069fb5512710c6d0ee47eb06a59585c1ca955abf3e0069e75f7724718f10ee6,mp_gzip_json_monty_to_baderkit_grid,1000000,8000000,0.0,0.0046415888336127,8.743900645501204,10549,758.3657218693716,0.0003821997600423,0.0003821997301622,2.0380803236112115,0.3778831785303111,5.684341886080803e-14,0.0221738580000021,0.1206544430000065,3.3495492395645563e-13,1,500003,6,32
mp-1103974,bulk,La(Mo3S4)2,Materials Project,2069fb5512710c6d0ee47eb06a59585c1ca955abf3e0069e75f7724718f10ee6,mp_gzip_json_monty_to_baderkit_grid,1000000,8000000,0.0,0.01,18.83816287686,8786,910.5394946505804,0.0007968423554936,0.0007968423411618,4.615613590435032,0.6754228887827326,5.684341886080803e-14,0.0220356450000025,0.1344585199999954,3.4970764130396895e-13,1,500003,6,32
mp-1103974,bulk,La(Mo3S4)2,Materials Project,2069fb5512710c6d0ee47eb06a59585c1ca955abf3e0069e75f7724718f10ee6,mp_gzip_json_monty_to_baderkit_grid,1000000,8000000,0.0,0.0215443469003188,40.58559159837798,7616,1050.420168067227,0.0016983755622961,0.001698375555572,7.151201115812739,1.2446883246975045,5.684341886080803e-14,0.0212412729999869,0.1174015500000109,3.3304030352408146e-13,1,500003,6,32
mp-1103974,bulk,La(Mo3S4)2,Materials Project,2069fb5512710c6d0ee47eb06a59585c1ca955abf3e0069e75f7724718f10ee6,mp_gzip_json_monty_to_baderkit_grid,1000000,8000000,0.0,0.0464158883361277,87.43900645501203,6745,1186.0637509266123,0.0032196310156836,0.0032196310121366,13.406318405026468,2.1577685038252734,5.684341886080803e-14,0.0206587499999955,0.1128805530000107,3.704817653246153e-13,1,500003,6,32
mp-1103974,bulk,La(Mo3S4)2,Materials Project,2069fb5512710c6d0ee47eb06a59585c1ca955abf3e0069e75f7724718f10ee6,mp_gzip_json_monty_to_baderkit_grid,1000000,8000000,0.0,0.1,188.3816287686,6083,1315.1405556468846,0.0065421849980313,0.0065421849962858,17.49706255117689,3.9788269186401006,5.684341886080803e-14,0.0208890890000077,0.1242585249999876,3.61424431156751e-13,1,500003,6,32
mp-1103974,bulk,La(Mo3S4)2,Materials Project,2069fb5512710c6d0ee47eb06a59585c1ca955abf3e0069e75f7724718f10ee6,mp_gzip_json_monty_to_baderkit_grid,1000000,8000000,0.0,0.2154434690031882,405.8559159837798,5617,1424.247819120527,0.0129522010670953,0.0129522010662137,41.08098957641512,7.582384825000026,5.684341886080803e-14,0.0206893670000027,0.1176125730000023,3.575376811481552e-13,1,500003,6,32
mp-1103974,bulk,La(Mo3S4)2,Materials Project,2069fb5512710c6d0ee47eb06a59585c1ca955abf3e0069e75f7724718f10ee6,mp_gzip_json_monty_to_baderkit_grid,1000000,8000000,0.0,0.4641588833612772,874.3900645501203,5266,1519.1796429927838,0.028793174740985,0.0287931747405887,97.50017968207536,14.620891935613264,5.684341886080803e-14,0.0210267140000013,0.1131338020000072,3.2304699583012483e-13,1,500003,6,32
mp-1103974,bulk,La(Mo3S4)2,Materials Project,2069fb5512710c6d0ee47eb06a59585c1ca955abf3e0069e75f7724718f10ee6,mp_gzip_json_monty_to_baderkit_grid,1000000,8000000,0.0,1.0,1883.816287686,4944,1618.1229773462785,0.0575416154952393,0.0575416154950414,240.7718040422241,25.30034922116105,5.684341886080803e-14,0.0205261759999899,0.121471189999994,3.527671406922065e-13,1,500003,6,32
mp-1103974,bulk,La(Mo3S4)2,Materials Project,2069fb5512710c6d0ee47eb06a59585c1ca955abf3e0069e75f7724718f10ee6,mp_gzip_json_monty_to_baderkit_grid,1000000,8000000,0.0,2.154434690031882,4058.559159837798,4775,1675.392670157068,0.1158877589244027,0.1158877589243055,396.7426116228551,44.02723068889708,5.684341886080803e-14,0.0210502999999988,0.118156968000008,3.637074878103626e-13,1,500003,6,32
mp-1103974,bulk,La(Mo3S4)2,Materials Project,2069fb5512710c6d0ee47eb06a59585c1ca955abf3e0069e75f7724718f10ee6,mp_gzip_json_monty_to_baderkit_grid,1000000,8000000,0.0,4.641588833612772,8743.900645501202,4652,1719.6904557179707,0.2114057518329907,0.2114057518329391,830.2390537750762,72.31549629259244,5.684341886080803e-14,0.020221683999992,0.1129396420000006,2.934050828591357e-13,1,500003,6,32
mp-1103974,bulk,La(Mo3S4)2,Materials Project,2069fb5512710c6d0ee47eb06a59585c1ca955abf3e0069e75f7724718f10ee6,mp_gzip_json_monty_to_baderkit_grid,1000000,8000000,0.0,10.0,18838.16287686,4588,1743.6791630340017,0.4342233404259513,0.4342233404259299,722.8287532552886,111.04657668927813,5.684341886080803e-14,0.0206902540000015,0.1253808260000113,2.3492661342846374e-13,1,500003,6,32
mp-1103974,bulk,La(Mo3S4)2,Materials Project,2069fb5512710c6d0ee47eb06a59585c1ca955abf3e0069e75f7724718f10ee6,mp_gzip_json_monty_to_baderkit_grid,1000000,8000000,1.0,1e-07,0.0001883816287685,809754,9.879543663878165,6.864127282305666e-09,6.765070825822841e-09,0.0001539543032862,3.158787579047984e-05,5.684341886080803e-14,0.2054438279999999,0.1293715799999972,3.4683734813927625e-13,1,500003,6,32
mp-1103974,bulk,La(Mo3S4)2,Materials Project,2069fb5512710c6d0ee47eb06a59585c1ca955abf3e0069e75f7724718f10ee6,mp_gzip_json_monty_to_baderkit_grid,1000000,8000000,1.0,2.1544346900318827e-07,0.0004058559159837,704189,11.360586433471695,1.4792552757496309e-08,1.4577488872220318e-08,0.0003171503138332,6.810792606809012e-05,5.684341886080803e-14,0.1696747909999914,0.1230667120000106,3.281303725873261e-13,1,500003,6,32
mp-1103974,bulk,La(Mo3S4)2,Materials Project,2069fb5512710c6d0ee47eb06a59585c1ca955abf3e0069e75f7724718f10ee6,mp_gzip_json_monty_to_baderkit_grid,1000000,8000000,1.0,4.641588833612782e-07,0.0008743900645501,596757,13.405791637132031,3.1879903042025775e-08,3.140099288012687e-08,0.0007554079571434,0.0001468425797895,5.684341886080803e-14,0.140994255999999,0.1239916600000015,3.8128705033268453e-13,1,500003,6,32
mp-1103974,bulk,La(Mo3S4)2,Materials Project,2069fb5512710c6d0ee47eb06a59585c1ca955abf3e0069e75f7724718f10ee6,mp_gzip_json_monty_to_baderkit_grid,1000000,8000000,1.0,1e-06,0.0018838162876859,499992,16.000256004096066,6.852022518993053e-08,6.750501677477246e-08,0.0027431404196391,0.0003156090419741,5.684341886080803e-14,0.1264145579999933,0.1287661469999932,3.2454601531219233e-13,1,500003,6,32
mp-1103974,bulk,La(Mo3S4)2,Materials Project,2069fb5512710c6d0ee47eb06a59585c1ca955abf3e0069e75f7724718f10ee6,mp_gzip_json_monty_to_baderkit_grid,1000000,8000000,1.0,2.1544346900318822e-06,0.0040585591598377,410331,19.49645530072064,1.4771634190687748e-07,1.4554979787811253e-07,0.0035019596290197,0.0006796039994457,5.684341886080803e-14,0.1193881479999987,0.1234998190000027,3.354347046632717e-13,1,500003,6,32
mp-1103974,bulk,La(Mo3S4)2,Materials Project,2069fb5512710c6d0ee47eb06a59585c1ca955abf3e0069e75f7724718f10ee6,mp_gzip_json_monty_to_baderkit_grid,1000000,8000000,1.0,4.641588833612773e-06,0.0087439006455012,320081,24.993673476401288,3.130522824383274e-07,3.087461467795355e-07,0.0084060265753009,0.0014160891586212,5.684341886080803e-14,0.1005744739999983,0.1346912949999961,3.263765924053043e-13,1,500003,6,32
mp-1103974,bulk,La(Mo3S4)2,Materials Project,2069fb5512710c6d0ee47eb06a59585c1ca955abf3e0069e75f7724718f10ee6,mp_gzip_json_monty_to_baderkit_grid,1000000,8000000,1.0,1e-05,0.0188381628768599,236215,33.86745126262092,6.267117479643533e-07,6.20375279089501e-07,0.0171363206801657,0.0026735040361647,5.684341886080803e-14,0.0816519939999977,0.1262654420000046,3.4329323067764745e-13,1,500003,6,32
mp-1103974,bulk,La(Mo3S4)2,Materials Project,2069fb5512710c6d0ee47eb06a59585c1ca955abf3e0069e75f7724718f10ee6,mp_gzip_json_monty_to_baderkit_grid,1000000,8000000,1.0,2.1544346900318823e-05,0.0405855915983779,168765,47.40319379018161,1.1871963606337333e-06,1.180378436389798e-06,0.029591184124726,0.0046464149024413,5.684341886080803e-14,0.0619898660000046,0.1189434190000042,3.2839645888123413e-13,1,500003,6,32
mp-1103974,bulk,La(Mo3S4)2,Materials Project,2069fb5512710c6d0ee47eb06a59585c1ca955abf3e0069e75f7724718f10ee6,mp_gzip_json_monty_to_baderkit_grid,1000000,8000000,1.0,4.641588833612772e-05,0.087439006455012,116938,68.41232105902273,2.153920934018692e-06,2.1486936711592827e-06,0.0417141512236867,0.0075979957639379,5.684341886080803e-14,0.0472712669999992,0.1259732120000052,3.617772052145797e-13,1,500003,6,32
mp-1103974,bulk,La(Mo3S4)2,Materials Project,2069fb5512710c6d0ee47eb06a59585c1ca955abf3e0069e75f7724718f10ee6,mp_gzip_json_monty_to_baderkit_grid,1000000,8000000,1.0,0.0001,0.1883816287686,82470,97.00497150478962,3.775092925156334e-06,3.7720665712138634e-06,0.0707325279931296,0.0117430597802816,5.684341886080803e-14,0.0382011969999922,0.1174645279999992,3.57379975852316e-13,1,500003,6,32
mp-1103974,bulk,La(Mo3S4)2,Materials Project,2069fb5512710c6d0ee47eb06a59585c1ca955abf3e0069e75f7724718f10ee6,mp_gzip_json_monty_to_baderkit_grid,1000000,8000000,1.0,0.0002154434690031,0.4058559159837798,58504,136.74278681799535,6.760399483216671e-06,6.758709995019808e-06,0.095711521991177,0.0185471780706106,5.684341886080803e-14,0.0337875220000114,0.1310354219999965,3.377375978749487e-13,1,500003,6,32
mp-1103974,bulk,La(Mo3S4)2,Materials Project,2069fb5512710c6d0ee47eb06a59585c1ca955abf3e0069e75f7724718f10ee6,mp_gzip_json_monty_to_baderkit_grid,1000000,8000000,1.0,0.0004641588833612,0.8743900645501212,41952,190.69412662090008,1.2197604663831148e-05,1.2196668363090888e-05,0.1590706911091217,0.0295742498899229,5.684341886080803e-14,0.0290061500000007,0.1208219610000043,3.613226819471168e-13,1,500003,6,32
mp-1103974,bulk,La(Mo3S4)2,Materials Project,2069fb5512710c6d0ee47eb06a59585c1ca955abf3e0069e75f7724718f10ee6,mp_gzip_json_monty_to_baderkit_grid,1000000,8000000,1.0,0.001,1.883816287686,30582,261.59178601791905,2.184987588808436e-05,2.184935321580033e-05,0.2737587782988271,0.0468382881888027,5.684341886080803e-14,0.0265415010000111,0.1160122909999898,3.6684844778204803e-13,1,500003,6,32
mp-1103974,bulk,La(Mo3S4)2,Materials Project,2069fb5512710c6d0ee47eb06a59585c1ca955abf3e0069e75f7724718f10ee6,mp_gzip_json_monty_to_baderkit_grid,1000000,8000000,1.0,0.0021544346900318,4.058559159837798,23248,344.1156228492774,3.864415536152012e-05,3.864385983865278e-05,0.3767107484390806,0.0729774365732416,5.684341886080803e-14,0.0249349740000042,0.1143308529999984,3.897157417006489e-13,1,500003,6,32
mp-1103974,bulk,La(Mo3S4)2,Materials Project,2069fb5512710c6d0ee47eb06a59585c1ca955abf3e0069e75f7724718f10ee6,mp_gzip_json_monty_to_baderkit_grid,1000000,8000000,1.0,0.0046415888336127,8.743900645501204,17683,452.4119210541198,6.81101166449148e-05,6.810994897229119e-05,0.602617586254965,0.1132497329083941,5.684341886080803e-14,0.0237761300000016,0.1215725079999998,3.833823158637238e-13,1,500003,6,32
mp-1103974,bulk,La(Mo3S4)2,Materials Project,2069fb5512710c6d0ee47eb06a59585c1ca955abf3e0069e75f7724718f10ee6,mp_gzip_json_monty_to_baderkit_grid,1000000,8000000,1.0,0.01,18.83816287686,14258,561.0885117127227,0.0001237339550169,0.0001237338627205,0.9202432437386392,0.1812242733560106,5.684341886080803e-14,0.0238739969999954,0.1188431230000048,3.1248248504016173e-13,1,500003,6,32
mp-1103974,bulk,La(Mo3S4)2,Materials Project,2069fb5512710c6d0ee47eb06a59585c1ca955abf3e0069e75f7724718f10ee6,mp_gzip_json_monty_to_baderkit_grid,1000000,8000000,1.0,0.0215443469003188,40.58559159837798,11763,680.0986142990733,0.0002228898765888,0.0002228898253519,1.9371167092244832,0.2881666039651816,5.684341886080803e-14,0.0221161350000045,0.1103781810000015,3.215096383708392e-13,1,500003,6,32
mp-1103974,bulk,La(Mo3S4)2,Materials Project,2069fb5512710c6d0ee47eb06a59585c1ca955abf3e0069e75f7724718f10ee6,mp_gzip_json_monty_to_baderkit_grid,1000000,8000000,1.0,0.0464158883361277,87.43900645501203,9675,826.8733850129199,0.0004073473721541,0.0004073473441186,2.7222508305542306,0.4769804697705287,5.684341886080803e-14,0.0217187269999925,0.1197678039999914,3.4172580912422413e-13,1,500003,6,32
mp-1103974,bulk,La(Mo3S4)2,Materials Project,2069fb5512710c6d0ee47eb06a59585c1ca955abf3e0069e75f7724718f10ee6,mp_gzip_json_monty_to_baderkit_grid,1000000,8000000,1.0,0.1,188.3816287686,8468,944.733112895607,0.000736086838374,0.0007360868228593,4.665124488503167,0.757720120763339,5.684341886080803e-14,0.0220177879999994,0.1189757559999975,3.241805302383384e-13,1,500003,6,32
mp-1103974,bulk,La(Mo3S4)2,Materials Project,2069fb5512710c6d0ee47eb06a59585c1ca955abf3e0069e75f7724718f10ee6,mp_gzip_json_monty_to_baderkit_grid,1000000,8000000,1.0,0.2154434690031882,405.8559159837798,7642,1046.8463752944256,0.0014216431167203,0.0014216431086873,10.110356036511348,1.3451233186333558,5.684341886080803e-14,0.0213897670000022,0.1118850520000052,3.591220641269574e-13,1,500003,6,32
mp-1103974,bulk,La(Mo3S4)2,Materials Project,2069fb5512710c6d0ee47eb06a59585c1ca955abf3e0069e75f7724718f10ee6,mp_gzip_json_monty_to_baderkit_grid,1000000,8000000,1.0,0.4641588833612772,874.3900645501203,6757,1183.9573775344088,0.0025596795082669,0.0025596795038053,15.204962651780306,2.162565717737277,5.684341886080803e-14,0.0217036650000039,0.1205762139999961,3.5598439979157414e-13,1,500003,6,32
mp-1103974,bulk,La(Mo3S4)2,Materials Project,2069fb5512710c6d0ee47eb06a59585c1ca955abf3e0069e75f7724718f10ee6,mp_gzip_json_monty_to_baderkit_grid,1000000,8000000,1.0,1.0,1883.816287686,6250,1280.0,0.0047712297895045,0.0047712297871111,20.30083095833884,3.672753465501151,5.684341886080803e-14,0.0210251359999915,0.1170373530000006,3.3463195460265186e-13,1,500003,6,32
mp-1103974,bulk,La(Mo3S4)2,Materials Project,2069fb5512710c6d0ee47eb06a59585c1ca955abf3e0069e75f7724718f10ee6,mp_gzip_json_monty_to_baderkit_grid,1000000,8000000,1.0,2.154434690031882,4058.559159837798,5796,1380.2622498274673,0.0094365704525886,0.0094365704513785,48.752032739085806,6.660565488112229,5.684341886080803e-14,0.0219629190000034,0.1166404399999976,3.7152363985416314e-13,1,500003,6,32
mp-1103974,bulk,La(Mo3S4)2,Materials Project,2069fb5512710c6d0ee47eb06a59585c1ca955abf3e0069e75f7724718f10ee6,mp_gzip_json_monty_to_baderkit_grid,1000000,8000000,1.0,4.641588833612772,8743.900645501202,5383,1486.160133754412,0.0183194153113314,0.0183194153107082,110.80957344338368,12.138049106284653,5.684341886080803e-14,0.0213080350000041,0.1230721520000059,3.320459184327741e-13,1,500003,6,32
mp-1103974,bulk,La(Mo3S4)2,Materials Project,2069fb5512710c6d0ee47eb06a59585c1ca955abf3e0069e75f7724718f10ee6,mp_gzip_json_monty_to_baderkit_grid,1000000,8000000,1.0,10.0,18838.16287686,5056,1582.2784810126582,0.032504213927641,0.03250421392729,201.0627048610452,19.2980575315998,5.684341886080803e-14,0.0218609749999956,0.1159174870000043,3.554633761488823e-13,1,500003,6,32
mp-1103974,bulk,La(Mo3S4)2,Materials Project,2069fb5512710c6d0ee47eb06a59585c1ca955abf3e0069e75f7724718f10ee6,mp_gzip_json_monty_to_baderkit_grid,1000000,8000000,2.0,1e-07,0.0001883816287685,879623,9.094805388217452,3.98813786683426e-09,3.8891093144754384e-09,0.0001211457882064,2.067923951397167e-05,5.684341886080803e-14,0.215901340000002,0.1252638569999931,3.759393038198299e-13,1,500003,6,32
mp-1103974,bulk,La(Mo3S4)2,Materials Project,2069fb5512710c6d0ee47eb06a59585c1ca955abf3e0069e75f7724718f10ee6,mp_gzip_json_monty_to_baderkit_grid,1000000,8000000,2.0,2.1544346900318827e-07,0.0004058559159837,784698,10.19500495732116,8.61413566997363e-09,8.403950914194502e-09,0.0002583782230516,4.4636365877637545e-05,5.684341886080803e-14,0.1998322370000096,0.1382139880000039,3.417602093316216e-13,1,500003,6,32
mp-1103974,bulk,La(Mo3S4)2,Materials Project,2069fb5512710c6d0ee47eb06a59585c1ca955abf3e0069e75f7724718f10ee6,mp_gzip_json_monty_to_baderkit_grid,1000000,8000000,2.0,4.641588833612782e-07,0.0008743900645501,678886,11.784010864858017,1.8536152605934525e-08,1.8084150665001653e-08,0.0005311782310286,9.609944618859053e-05,5.684341886080803e-14,0.1659253149999955,0.1332239569999984,3.743554918610222e-13,1,500003,6,32
mp-1103974,bulk,La(Mo3S4)2,Materials Project,2069fb5512710c6d0ee47eb06a59585c1ca955abf3e0069e75f7724718f10ee6,mp_gzip_json_monty_to_baderkit_grid,1000000,8000000,2.0,1e-06,0.0018838162876859,579644,13.80157475968008,3.998448041192882e-08,3.903602359209636e-08,0.0009640870063805,0.0002074517950693,5.684341886080803e-14,0.1433142199999935,0.1278797860000082,3.394937436672387e-13,1,500003,6,32
mp-1103974,bulk,La(Mo3S4)2,Materials Project,2069fb5512710c6d0ee47eb06a59585c1ca955abf3e0069e75f7724718f10ee6,mp_gzip_json_monty_to_baderkit_grid,1000000,8000000,2.0,2.1544346900318822e-06,0.0040585591598377,483369,16.55050282496395,8.596914001788773e-08,8.3923894533676e-08,0.002341626211546,0.0004452328871686,5.684341886080803e-14,0.1295068139999955,0.1349015060000056,3.339080400274165e-13,1,500003,6,32
mp-1103974,bulk,La(Mo3S4)2,Materials Project,2069fb5512710c6d0ee47eb06a59585c1ca955abf3e0069e75f7724718f10ee6,mp_gzip_json_monty_to_baderkit_grid,1000000,8000000,2.0,4.641588833612773e-06,0.0087439006455012,395385,20.233443352681565,1.815224764549077e-07,1.773750244820795e-07,0.0049036737835024,0.0009265175107755,5.684341886080803e-14,0.1166736840000055,0.122004999000012,3.259973947040046e-13,1,500003,6,32
mp-1103974,bulk,La(Mo3S4)2,Materials Project,2069fb5512710c6d0ee47eb06a59585c1ca955abf3e0069e75f7724718f10ee6,mp_gzip_json_monty_to_baderkit_grid,1000000,8000000,2.0,1e-05,0.0188381628768599,308861,25.90161917496868,3.59784069997148e-07,3.531241774213372e-07,0.0115045167084417,0.0017560412544321,5.684341886080803e-14,0.0953398749999934,0.1158364040000066,3.725894831789732e-13,1,500003,6,32
mp-1103974,bulk,La(Mo3S4)2,Materials Project,2069fb5512710c6d0ee47eb06a59585c1ca955abf3e0069e75f7724718f10ee6,mp_gzip_json_monty_to_baderkit_grid,1000000,8000000,2.0,2.1544346900318823e-05,0.0405855915983779,230036,34.77716531325532,6.587035658114022e-07,6.503079782649633e-07,0.0176639923283801,0.0029887500781081,5.684341886080803e-14,0.073767384000007,0.1285920540000091,3.55939216354663e-13,1,500003,6,32
mp-1103974,bulk,La(Mo3S4)2,Materials Project,2069fb5512710c6d0ee47eb06a59585c1ca955abf3e0069e75f7724718f10ee6,mp_gzip_json_monty_to_baderkit_grid,1000000,8000000,2.0,4.641588833612772e-05,0.087439006455012,173109,46.21365729107095,1.1554063048617984e-06,1.1471129552777225e-06,0.0304043248069945,0.004829533039271,5.684341886080803e-14,0.0606953159999932,0.1163335520000004,3.83580136488995e-13,1,500003,6,32
mp-1103974,bulk,La(Mo3S4)2,Materials Project,2069fb5512710c6d0ee47eb06a59585c1ca955abf3e0069e75f7724718f10ee6,mp_gzip_json_monty_to_baderkit_grid,1000000,8000000,2.0,0.0001,0.1883816287686,126078,63.452783197703006,1.9208062184319087e-06,1.91486870644827e-06,0.0383443535014009,0.007311732208763,5.684341886080803e-14,0.0467941820000135,0.1152446890000078,3.4641264717451774e-13,1,500003,6,32
mp-1103974,bulk,La(Mo3S4)2,Materials Project,2069fb5512710c6d0ee47eb06a59585c1ca955abf3e0069e75f7724718f10ee6,mp_gzip_json_monty_to_baderkit_grid,1000000,8000000,2.0,0.0002154434690031,0.4058559159837798,92948,86.06963033093773,3.082740464224088e-06,3.0790336785862125e-06,0.0609231762023512,0.0105772546048097,5.684341886080803e-14,0.0387508370000091,0.1243576649999909,3.436344792484878e-13,1,500003,6,32
mp-1103974,bulk,La(Mo3S4)2,Materials Project,2069fb5512710c6d0ee47eb06a59585c1ca955abf3e0069e75f7724718f10ee6,mp_gzip_json_monty_to_baderkit_grid,1000000,8000000,2.0,0.0004641588833612,0.8743900645501212,69019,115.91011170837017,5.086021718715984e-06,5.083775816000806e-06,0.0869066402117653,0.0156495729343776,5.684341886080803e-14,0.0338818110000005,0.1214973710000038,3.4059843963639234e-13,1,500003,6,32
mp-1103974,bulk,La(Mo3S4)2,Materials Project,2069fb5512710c6d0ee47eb06a59585c1ca955abf3e0069e75f7724718f10ee6,mp_gzip_json_monty_to_baderkit_grid,1000000,8000000,2.0,0.001,1.883816287686,51503,155.33075743160592,8.434614626567255e-06,8.433260551104018e-06,0.1332790410311162,0.0233048783952665,5.684341886080803e-14,0.0305917410000091,0.1195916780000061,3.840273157610713e-13,1,500003,6,32
mp-1103974,bulk,La(Mo3S4)2,Materials Project,2069fb5512710c6d0ee47eb06a59585c1ca955abf3e0069e75f7724718f10ee6,mp_gzip_json_monty_to_baderkit_grid,1000000,8000000,2.0,0.0021544346900318,4.058559159837798,39162,204.2796588529697,1.4044653741522369e-05,1.4043840583806345e-05,0.1948035207851717,0.0348511448265344,5.684341886080803e-14,0.0287961619999919,0.1242228429999983,3.369994854367635e-13,1,500003,6,32
mp-1103974,bulk,La(Mo3S4)2,Materials Project,2069fb5512710c6d0ee47eb06a59585c1ca955abf3e0069e75f7724718f10ee6,mp_gzip_json_monty_to_baderkit_grid,1000000,8000000,2.0,0.0046415888336127,8.743900645501204,29516,271.0394362379726,2.297641859715465e-05,2.2975921552264e-05,0.4167495178842273,0.0512941413576117,5.684341886080803e-14,0.0263277159999972,0.1166736979999996,3.699264760742776e-13,1,500003,6,32
mp-1103974,bulk,La(Mo3S4)2,Materials Project,2069fb5512710c6d0ee47eb06a59585c1ca955abf3e0069e75f7724718f10ee6,mp_gzip_json_monty_to_baderkit_grid,1000000,8000000,2.0,0.01,18.83816287686,23300,343.3476394849785,3.7469588262261714e-05,3.746928347550239e-05,0.481536705354074,0.0749698533865678,5.684341886080803e-14,0.0244029440000019,0.1144484470000009,3.389053799298107e-13,1,500003,6,32
mp-1103974,bulk,La(Mo3S4)2,Materials Project,2069fb5512710c6d0ee47eb06a59585c1ca955abf3e0069e75f7724718f10ee6,mp_gzip_json_monty_to_baderkit_grid,1000000,8000000,2.0,0.0215443469003188,40.58559159837798,18703,427.7388654226594,6.0833369176151975e-05,6.0833181446856657e-05,0.625064781235551,0.1094456423352231,5.684341886080803e-14,0.0238397110000079,0.1209923769999932,3.891534370712196e-13,1,500003,6,32
mp-1103974,bulk,La(Mo3S4)2,Materials Project,2069fb5512710c6d0ee47eb06a59585c1ca955abf3e0069e75f7724718f10ee6,mp_gzip_json_monty_to_baderkit_grid,1000000,8000000,2.0,0.0464158883361277,87.43900645501203,15132,528.6809410520751,0.0001017533175488,0.0001017532053147,0.8852132031738051,0.1642878470872489,5.684341886080803e-14,0.0234403040000046,0.1169924510000015,3.539071285871205e-13,1,500003,6,32
mp-1103974,bulk,La(Mo3S4)2,Materials Project,2069fb5512710c6d0ee47eb06a59585c1ca955abf3e0069e75f7724718f10ee6,mp_gzip_json_monty_to_baderkit_grid,1000000,8000000,2.0,0.1,188.3816287686,12673,631.2633157105657,0.0001674906345472,0.0001674905663631,1.969594221079888,0.2426569234761617,5.684341886080803e-14,0.0231330759999934,0.1159132820000081,3.1925158114838495e-13,1,500003,6,32
mp-1103974,bulk,La(Mo3S4)2,Materials Project,2069fb5512710c6d0ee47eb06a59585c1ca955abf3e0069e75f7724718f10ee6,mp_gzip_json_monty_to_baderkit_grid,1000000,8000000,2.0,0.2154434690031882,405.8559159837798,11019,726.0186949813958,0.0002963006654472,0.0002963006269046,1.638249916317548,0.388989508646734,5.684341886080803e-14,0.0224883389999916,0.1209958239999906,3.461996186714059e-13,1,500003,6,32
mp-1103974,bulk,La(Mo3S4)2,Materials Project,2069fb5512710c6d0ee47eb06a59585c1ca955abf3e0069e75f7724718f10ee6,mp_gzip_json_monty_to_baderkit_grid,1000000,8000000,2.0,0.4641588833612772,874.3900645501203,9234,866.3634394628547,0.0004760355989395,0.0004760355749493,4.664863989774858,0.563905580570211,5.684341886080803e-14,0.0218057820000012,0.1212003629999998,3.802015676437132e-13,1,500003,6,32
mp-1103974,bulk,La(Mo3S4)2,Materials Project,2069fb5512710c6d0ee47eb06a59585c1ca955abf3e0069e75f7724718f10ee6,mp_gzip_json_monty_to_baderkit_grid,1000000,8000000,2.0,1.0,1883.816287686,8407,951.5879624122756,0.0008527673983032,0.0008527673849113,4.404978600406416,0.9200770068610116,5.684341886080803e-14,0.0227313299999991,0.1171168869999945,3.9959712488800507e-13,1,500003,6,32
mp-1103974,bulk,La(Mo3S4)2,Materials Project,2069fb5512710c6d0ee47eb06a59585c1ca955abf3e0069e75f7724718f10ee6,mp_gzip_json_monty_to_baderkit_grid,1000000,8000000,2.0,2.154434690031882,4058.559159837798,7524,1063.264221158958,0.0014533376120967,0.0014533376042388,15.659308075643366,1.4357087542248632,5.684341886080803e-14,0.0225704119999932,0.1249623789999958,3.486889524715468e-13,1,500003,6,32
mp-1103974,bulk,La(Mo3S4)2,Materials Project,2069fb5512710c6d0ee47eb06a59585c1ca955abf3e0069e75f7724718f10ee6,mp_gzip_json_monty_to_baderkit_grid,1000000,8000000,2.0,4.641588833612772,8743.900645501202,6769,1181.8584724479244,0.002535582586672,0.002535582582168,17.308458672156377,2.277195569529848,5.684341886080803e-14,0.0217736210000083,0.1189784200000048,4.098874426143909e-13,1,500003,6,32
mp-1103974,bulk,La(Mo3S4)2,Materials Project,2069fb5512710c6d0ee47eb06a59585c1ca955abf3e0069e75f7724718f10ee6,mp_gzip_json_monty_to_baderkit_grid,1000000,8000000,2.0,10.0,18838.16287686,6298,1270.2445220704983,0.0044297345865413,0.0044297345839632,20.509510180995548,3.664201379474264,5.684341886080803e-14,0.0222988740000005,0.1177585199999953,3.395486534388051e-13,1,500003,6,32
nomad-BiuRBghVF7ns,slab,Pt20O1,NOMAD surfaces/adsorbates,c6d110c98bc4087ac31dd6900468aee85c31a03bb1900d6f48eeeeb1d14c1eff,nomad_exact_bytes_decompress_to_baderkit_grid,5225472,41803776,0.0,1e-07,0.0005369368366245,3593334,11.633701737717674,6.5314244191887765e-09,6.509765433598405e-09,0.0017103405060936,0.0002191229794671,0.0,0.5318698589999826,0.7793167509999819,1.2458336556985442e-12,1,2612739,6,32
nomad-BiuRBghVF7ns,slab,Pt20O1,NOMAD surfaces/adsorbates,c6d110c98bc4087ac31dd6900468aee85c31a03bb1900d6f48eeeeb1d14c1eff,nomad_exact_bytes_decompress_to_baderkit_grid,5225472,41803776,0.0,2.1544346900318827e-07,0.0011567953471798,2693839,15.518290439777582,1.4006962507148997e-08,1.396060932024778e-08,0.0041125869398968,0.0004723375551051,0.0,0.4995157949999793,0.8201490529999944,1.1698439572137188e-12,1,2612739,6,32
nomad-BiuRBghVF7ns,slab,Pt20O1,NOMAD surfaces/adsorbates,c6d110c98bc4087ac31dd6900468aee85c31a03bb1900d6f48eeeeb1d14c1eff,nomad_exact_bytes_decompress_to_baderkit_grid,5225472,41803776,0.0,4.641588833612782e-07,0.0024922400252318,1967168,21.250740150307447,2.9881389928979166e-08,2.9784008433952177e-08,0.013583706704594,0.0009930696031015,2.8421709430404014e-14,0.4469660909999788,0.7712924450000003,1.17337692291134e-12,1,2612739,6,32
nomad-BiuRBghVF7ns,slab,Pt20O1,NOMAD surfaces/adsorbates,c6d110c98bc4087ac31dd6900468aee85c31a03bb1900d6f48eeeeb1d14c1eff,nomad_exact_bytes_decompress_to_baderkit_grid,5225472,41803776,0.0,1e-06,0.0053693683662453,1316635,31.750466909963656,6.240705622481165e-08,6.223858951009414e-08,0.0492294526047771,0.0019583502010818,0.0,0.3461118219999832,0.7848858360000008,1.336225426399956e-12,1,2612739,6,32
nomad-BiuRBghVF7ns,slab,Pt20O1,NOMAD surfaces/adsorbates,c6d110c98bc4087ac31dd6900468aee85c31a03bb1900d6f48eeeeb1d14c1eff,nomad_exact_bytes_decompress_to_baderkit_grid,5225472,41803776,0.0,2.1544346900318822e-06,0.0115679534717988,829379,50.40370686983876,1.276468573806215e-07,1.2746709723530466e-07,0.0561044949765801,0.0035525555324204,0.0,0.2522648869999955,0.753861728000004,1.1057756018939957e-12,1,2612739,6,32
nomad-BiuRBghVF7ns,slab,Pt20O1,NOMAD surfaces/adsorbates,c6d110c98bc4087ac31dd6900468aee85c31a03bb1900d6f48eeeeb1d14c1eff,nomad_exact_bytes_decompress_to_baderkit_grid,5225472,41803776,0.0,4.641588833612773e-06,0.0249224002523181,507595,82.35655591564141,2.557932790224258e-07,2.556520555811224e-07,0.1778839476392022,0.0061713292437693,2.8421709430404014e-14,0.1975261610000132,0.7309696399999837,1.0868711977842264e-12,1,2612739,6,32
nomad-BiuRBghVF7ns,slab,Pt20O1,NOMAD surfaces/adsorbates,c6d110c98bc4087ac31dd6900468aee85c31a03bb1900d6f48eeeeb1d14c1eff,nomad_exact_bytes_decompress_to_baderkit_grid,5225472,41803776,0.0,1e-05,0.0536936836624536,310944,134.44149428836062,5.143773571708677e-07,5.142954871071833e-07,0.1527604086413703,0.010668449366678,0.0,0.1605274510000072,0.7560810359999834,1.123618581714508e-12,1,2612739,6,32
nomad-BiuRBghVF7ns,slab,Pt20O1,NOMAD surfaces/adsorbates,c6d110c98bc4087ac31dd6900468aee85c31a03bb1900d6f48eeeeb1d14c1eff,nomad_exact_bytes_decompress_to_baderkit_grid,5225472,41803776,0.0,2.1544346900318823e-05,0.1156795347179882,198799,210.2816211349152,1.0179467756909974e-06,1.0179054084876582e-06,0.2605494424335575,0.018336970526992,0.0,0.1445321699999908,0.7203678959999991,1.1436581375153385e-12,1,2612739,6,32
nomad-BiuRBghVF7ns,slab,Pt20O1,NOMAD surfaces/adsorbates,c6d110c98bc4087ac31dd6900468aee85c31a03bb1900d6f48eeeeb1d14c1eff,nomad_exact_bytes_decompress_to_baderkit_grid,5225472,41803776,0.0,4.641588833612772e-05,0.2492240025231813,124591,335.5280557985729,2.0435799681684617e-06,2.043559362677811e-06,0.9102977175352862,0.0313676377177263,0.0,0.1296518119999916,0.7120910429999867,1.2304477803638529e-12,1,2612739,6,32
nomad-BiuRBghVF7ns,slab,Pt20O1,NOMAD surfaces/adsorbates,c6d110c98bc4087ac31dd6900468aee85c31a03bb1900d6f48eeeeb1d14c1eff,nomad_exact_bytes_decompress_to_baderkit_grid,5225472,41803776,0.0,0.0001,0.5369368366245364,86001,486.084766456204,4.150902374111264e-06,4.150892229616576e-06,2.026939679820316,0.0535954876233336,0.0,0.1223480600000073,0.7608848980000005,1.0668701440496605e-12,1,2612739,6,32
nomad-BiuRBghVF7ns,slab,Pt20O1,NOMAD surfaces/adsorbates,c6d110c98bc4087ac31dd6900468aee85c31a03bb1900d6f48eeeeb1d14c1eff,nomad_exact_bytes_decompress_to_baderkit_grid,5225472,41803776,0.0,0.0002154434690031,1.1567953471798826,55963,746.9895466647606,8.084708093621695e-06,8.084702885175242e-06,2.74513390537777,0.0932732750683646,0.0,0.1165241170000115,0.7043777240000111,1.2671061130558309e-12,1,2612739,6,32
nomad-BiuRBghVF7ns,slab,Pt20O1,NOMAD surfaces/adsorbates,c6d110c98bc4087ac31dd6900468aee85c31a03bb1900d6f48eeeeb1d14c1eff,nomad_exact_bytes_decompress_to_baderkit_grid,5225472,41803776,0.0,0.0004641588833612,2.4922400252318164,42458,984.5912666635264,1.64313398257124e-05,1.64313372630024e-05,3.894747575402164,0.1636193710307601,0.0,0.1088065769999957,0.7108663520000107,1.1371456794258644e-12,1,2612739,6,32
nomad-BiuRBghVF7ns,slab,Pt20O1,NOMAD surfaces/adsorbates,c6d110c98bc4087ac31dd6900468aee85c31a03bb1900d6f48eeeeb1d14c1eff,nomad_exact_bytes_decompress_to_baderkit_grid,5225472,41803776,0.0,0.001,5.369368366245364,32371,1291.3958790275246,3.251278077099661e-05,3.2512779475851896e-05,15.029507820304389,0.2818719173381853,0.0,0.1081608899999935,0.7325478199999793,1.1910333157623984e-12,1,2612739,6,32
nomad-BiuRBghVF7ns,slab,Pt20O1,NOMAD surfaces/adsorbates,c6d110c98bc4087ac31dd6900468aee85c31a03bb1900d6f48eeeeb1d14c1eff,nomad_exact_bytes_decompress_to_baderkit_grid,5225472,41803776,0.0,0.0021544346900318,11.567953471798823,26026,1606.231307154384,6.821737888588805e-05,6.82173782686149e-05,9.51503695120664,0.5091068414382551,0.0,0.1108376809999924,0.6944394809999892,1.1184617895235617e-12,1,2612739,6,32
nomad-BiuRBghVF7ns,slab,Pt20O1,NOMAD surfaces/adsorbates,c6d110c98bc4087ac31dd6900468aee85c31a03bb1900d6f48eeeeb1d14c1eff,nomad_exact_bytes_decompress_to_baderkit_grid,5225472,41803776,0.0,0.0046415888336127,24.922400252318138,20898,2000.372093023256,0.0001441440548378,0.0001441440545457,17.491491582601952,0.970712712173471,0.0,0.1089099579999981,0.6973500520000186,1.2077467559599958e-12,1,2612739,6,32
nomad-BiuRBghVF7ns,slab,Pt20O1,NOMAD surfaces/adsorbates,c6d110c98bc4087ac31dd6900468aee85c31a03bb1900d6f48eeeeb1d14c1eff,nomad_exact_bytes_decompress_to_baderkit_grid,5225472,41803776,0.0,0.01,53.69368366245365,17612,2373.5961844197136,0.0002989006236467,0.0002989006235058,121.88143624282657,1.8993083331716465,0.0,0.1100022389999821,0.769761007999989,1.0946006359855484e-12,1,2612739,6,32
nomad-BiuRBghVF7ns,slab,Pt20O1,NOMAD surfaces/adsorbates,c6d110c98bc4087ac31dd6900468aee85c31a03bb1900d6f48eeeeb1d14c1eff,nomad_exact_bytes_decompress_to_baderkit_grid,5225472,41803776,0.0,0.0215443469003188,115.67953471798825,14638,2855.8393223117914,0.0005567122058834,0.0005567122058078,216.873728584098,3.179018618963486,0.0,0.1137718020000022,0.7038622899999893,1.1060334588834794e-12,1,2612739,6,32
nomad-BiuRBghVF7ns,slab,Pt20O1,NOMAD surfaces/adsorbates,c6d110c98bc4087ac31dd6900468aee85c31a03bb1900d6f48eeeeb1d14c1eff,nomad_exact_bytes_decompress_to_baderkit_grid,5225472,41803776,0.0,0.0464158883361277,249.22400252318135,12272,3406.4354628422425,0.0011679213189671,0.0011679213189311,246.71779368290757,5.510072091775239,0.0,0.1059278239999912,0.7071386000000075,1.2699736350048329e-12,1,2612739,6,32
nomad-BiuRBghVF7ns,slab,Pt20O1,NOMAD surfaces/adsorbates,c6d110c98bc4087ac31dd6900468aee85c31a03bb1900d6f48eeeeb1d14c1eff,nomad_exact_bytes_decompress_to_baderkit_grid,5225472,41803776,0.0,0.1,536.9368366245365,11053,3782.120329322356,0.0023188802616111,0.0023188802615929,210.89617132344392,10.018366423406912,0.0,0.1088478160000079,0.7394500789999938,1.1766745128528512e-12,1,2612739,6,32
nomad-BiuRBghVF7ns,slab,Pt20O1,NOMAD surfaces/adsorbates,c6d110c98bc4087ac31dd6900468aee85c31a03bb1900d6f48eeeeb1d14c1eff,nomad_exact_bytes_decompress_to_baderkit_grid,5225472,41803776,0.0,0.2154434690031882,1156.7953471798826,10202,4097.605959615762,0.0046440484017991,0.00464404840179,517.0049271265607,18.30150240838209,0.0,0.1125244750000149,0.7076780069999984,1.0358954765755132e-12,1,2612739,6,32
nomad-BiuRBghVF7ns,slab,Pt20O1,NOMAD surfaces/adsorbates,c6d110c98bc4087ac31dd6900468aee85c31a03bb1900d6f48eeeeb1d14c1eff,nomad_exact_bytes_decompress_to_baderkit_grid,5225472,41803776,0.0,0.4641588833612772,2492.240025231814,9479,4410.14621795548,0.0095546822344607,0.0095546822344563,942.9322361382638,32.86113803998921,0.0,0.1089316249999967,0.7132257220000042,1.0090344132672725e-12,1,2612739,6,32
nomad-BiuRBghVF7ns,slab,Pt20O1,NOMAD surfaces/adsorbates,c6d110c98bc4087ac31dd6900468aee85c31a03bb1900d6f48eeeeb1d14c1eff,nomad_exact_bytes_decompress_to_baderkit_grid,5225472,41803776,0.0,1.0,5369.368366245364,9123,4582.240052614272,0.0186839692948953,0.018683969294893,2003.467102521924,53.1003108857924,0.0,0.110790191999996,0.7515902509999819,7.859120520596633e-13,1,2612739,6,32
nomad-BiuRBghVF7ns,slab,Pt20O1,NOMAD surfaces/adsorbates,c6d110c98bc4087ac31dd6900468aee85c31a03bb1900d6f48eeeeb1d14c1eff,nomad_exact_bytes_decompress_to_baderkit_grid,5225472,41803776,0.0,2.154434690031882,11567.953471798824,8923,4684.946318502745,0.0365395680272737,0.0365395680272725,2989.1220236235763,81.79301232341135,5.684341886080803e-14,0.1136131460000058,0.7136769200000117,6.392266396287283e-13,1,2612739,6,32
nomad-BiuRBghVF7ns,slab,Pt20O1,NOMAD surfaces/adsorbates,c6d110c98bc4087ac31dd6900468aee85c31a03bb1900d6f48eeeeb1d14c1eff,nomad_exact_bytes_decompress_to_baderkit_grid,5225472,41803776,0.0,4.641588833612772,24922.400252318137,8804,4748.270786006361,0.0738876000464209,0.0738876000464203,4744.914526434844,114.6501017693248,2.8421709430404014e-14,0.1127508090000048,0.7252436280000154,5.85563434067606e-13,1,2612739,6,32
nomad-BiuRBghVF7ns,slab,Pt20O1,NOMAD surfaces/adsorbates,c6d110c98bc4087ac31dd6900468aee85c31a03bb1900d6f48eeeeb1d14c1eff,nomad_exact_bytes_decompress_to_baderkit_grid,5225472,41803776,0.0,10.0,53693.68366245364,8740,4783.040732265446,0.1002057643055411,0.1002057643055407,5042.737277961239,144.50667236360508,5.684341886080803e-14,0.1098402119999946,0.7401881890000084,5.312308725494865e-13,1,2612739,6,32
nomad-BiuRBghVF7ns,slab,Pt20O1,NOMAD surfaces/adsorbates,c6d110c98bc4087ac31dd6900468aee85c31a03bb1900d6f48eeeeb1d14c1eff,nomad_exact_bytes_decompress_to_baderkit_grid,5225472,41803776,1.0,1e-07,0.0005369368366245,4756638,8.788513231404197,2.226864481961338e-09,2.208397232908129e-09,0.000809864051007,0.0001091471888081,5.684341886080803e-14,0.6445620169999984,0.7652292169999839,1.2164196112379073e-12,1,2612739,6,32
nomad-BiuRBghVF7ns,slab,Pt20O1,NOMAD surfaces/adsorbates,c6d110c98bc4087ac31dd6900468aee85c31a03bb1900d6f48eeeeb1d14c1eff,nomad_exact_bytes_decompress_to_baderkit_grid,5225472,41803776,1.0,2.1544346900318827e-07,0.0011567953471798,3738588,11.181701754780146,4.801332827040083e-09,4.761302435320814e-09,0.0020974262625157,0.0002354586442619,0.0,0.5655506120000098,0.7935593190000247,1.1429366848586149e-12,1,2612739,6,32
nomad-BiuRBghVF7ns,slab,Pt20O1,NOMAD surfaces/adsorbates,c6d110c98bc4087ac31dd6900468aee85c31a03bb1900d6f48eeeeb1d14c1eff,nomad_exact_bytes_decompress_to_baderkit_grid,5225472,41803776,1.0,4.641588833612782e-07,0.0024922400252318,2859859,14.61742554440621,1.0262340889447742e-08,1.0177456082394436e-08,0.0045002766410107,0.0004989620380469,2.8421709430404014e-14,0.5066594349999889,0.780238077000007,1.1706192769847794e-12,1,2612739,6,32
nomad-BiuRBghVF7ns,slab,Pt20O1,NOMAD surfaces/adsorbates,c6d110c98bc4087ac31dd6900468aee85c31a03bb1900d6f48eeeeb1d14c1eff,nomad_exact_bytes_decompress_to_baderkit_grid,5225472,41803776,1.0,1e-06,0.0053693683662453,2107991,19.831097950607948,2.1190325429288144e-08,2.101616593079452e-08,0.0200591095781419,0.0009880341732772,0.0,0.4305172810000215,0.7345819960000028,1.1544345094668169e-12,1,2612739,6,32
nomad-BiuRBghVF7ns,slab,Pt20O1,NOMAD surfaces/adsorbates,c6d110c98bc4087ac31dd6900468aee85c31a03bb1900d6f48eeeeb1d14c1eff,nomad_exact_bytes_decompress_to_baderkit_grid,5225472,41803776,1.0,2.1544346900318822e-06,0.0115679534717988,1486219,28.127601652246405,4.125661079871843e-08,4.0970160219367895e-08,0.0483443011544295,0.0017625429383951,0.0,0.3495690869999919,0.7808873580000011,1.204658085062186e-12,1,2612739,6,32
nomad-BiuRBghVF7ns,slab,Pt20O1,NOMAD surfaces/adsorbates,c6d110c98bc4087ac31dd6900468aee85c31a03bb1900d6f48eeeeb1d14c1eff,nomad_exact_bytes_decompress_to_baderkit_grid,5225472,41803776,1.0,4.641588833612773e-06,0.0249224002523181,1020273,40.973127780505806,7.624408441675493e-08,7.593222574978687e-08,0.0532999507772729,0.0029189008881544,0.0,0.2753572839999947,0.7582754899999884,1.2085154635713334e-12,1,2612739,6,32
nomad-BiuRBghVF7ns,slab,Pt20O1,NOMAD surfaces/adsorbates,c6d110c98bc4087ac31dd6900468aee85c31a03bb1900d6f48eeeeb1d14c1eff,nomad_exact_bytes_decompress_to_baderkit_grid,5225472,41803776,1.0,1e-05,0.0536936836624536,668174,62.56420632948903,1.3850582849847198e-07,1.3824134429919822e-07,0.0859760442008337,0.0047181705627464,0.0,0.2126062589999833,0.724517536999997,1.2145157956028241e-12,1,2612739,6,32
nomad-BiuRBghVF7ns,slab,Pt20O1,NOMAD surfaces/adsorbates,c6d110c98bc4087ac31dd6900468aee85c31a03bb1900d6f48eeeeb1d14c1eff,nomad_exact_bytes_decompress_to_baderkit_grid,5225472,41803776,1.0,2.1544346900318823e-05,0.1156795347179882,443245,94.3130232715541,2.452990837544984e-07,2.4512736073218124e-07,0.2582161763384647,0.007384233976217,0.0,0.1816465009999888,0.7188936140000237,1.1073810159228102e-12,1,2612739,6,32
nomad-BiuRBghVF7ns,slab,Pt20O1,NOMAD surfaces/adsorbates,c6d110c98bc4087ac31dd6900468aee85c31a03bb1900d6f48eeeeb1d14c1eff,nomad_exact_bytes_decompress_to_baderkit_grid,5225472,41803776,1.0,4.641588833612772e-05,0.2492240025231813,291852,143.23621561613422,4.422485350465267e-07,4.42153309655743e-07,0.3442254341252919,0.0117179328086196,0.0,0.1546948939999879,0.7113423840000053,1.1607003568049737e-12,1,2612739,6,32
nomad-BiuRBghVF7ns,slab,Pt20O1,NOMAD surfaces/adsorbates,c6d110c98bc4087ac31dd6900468aee85c31a03bb1900d6f48eeeeb1d14c1eff,nomad_exact_bytes_decompress_to_baderkit_grid,5225472,41803776,1.0,0.0001,0.5369368366245364,204913,204.00743730266012,7.797261768059026e-07,7.796721703928378e-07,0.3179993011549413,0.0182347926564805,0.0,0.1388094559999899,0.7112446440000042,1.0707771072043024e-12,1,2612739,6,32
nomad-BiuRBghVF7ns,slab,Pt20O1,NOMAD surfaces/adsorbates,c6d110c98bc4087ac31dd6900468aee85c31a03bb1900d6f48eeeeb1d14c1eff,nomad_exact_bytes_decompress_to_baderkit_grid,5225472,41803776,1.0,0.0002154434690031,1.1567953471798826,132628,315.1957052809361,1.3932365886576906e-06,1.3932063646363547e-06,1.228301524813105,0.0287062403064534,0.0,0.126171094,0.742072950999983,1.190561471447614e-12,1,2612739,6,32
nomad-BiuRBghVF7ns,slab,Pt20O1,NOMAD surfaces/adsorbates,c6d110c98bc4087ac31dd6900468aee85c31a03bb1900d6f48eeeeb1d14c1eff,nomad_exact_bytes_decompress_to_baderkit_grid,5225472,41803776,1.0,0.0004641588833612,2.4922400252318164,96165,434.7088441740758,2.4433137030089686e-06,2.443296468666897e-06,1.7203593642589112,0.0442178241143372,0.0,0.1195346240000105,0.7111393540000108,1.045485670785037e-12,1,2612739,6,32
nomad-BiuRBghVF7ns,slab,Pt20O1,NOMAD surfaces/adsorbates,c6d110c98bc4087ac31dd6900468aee85c31a03bb1900d6f48eeeeb1d14c1eff,nomad_exact_bytes_decompress_to_baderkit_grid,5225472,41803776,1.0,0.001,5.369368366245364,73778,566.6157391092196,4.4860287214354505e-06,4.486019334781396e-06,2.242566986523343,0.0716791190062084,0.0,0.1188458559999787,0.7095488639999985,1.187191291949733e-12,1,2612739,6,32
nomad-BiuRBghVF7ns,slab,Pt20O1,NOMAD surfaces/adsorbates,c6d110c98bc4087ac31dd6900468aee85c31a03bb1900d6f48eeeeb1d14c1eff,nomad_exact_bytes_decompress_to_baderkit_grid,5225472,41803776,1.0,0.0021544346900318,11.567953471798823,52092,802.4989633724948,7.914128410515903e-06,7.914123089807468e-06,3.1065438923205875,0.1112480834646986,0.0,0.1147097139999857,0.7457839479999961,1.054383480524762e-12,1,2612739,6,32
nomad-BiuRBghVF7ns,slab,Pt20O1,NOMAD surfaces/adsorbates,c6d110c98bc4087ac31dd6900468aee85c31a03bb1900d6f48eeeeb1d14c1eff,nomad_exact_bytes_decompress_to_baderkit_grid,5225472,41803776,1.0,0.0046415888336127,24.922400252318138,42101,992.9402151967888,1.4715722730277323e-05,1.4715719868796413e-05,10.387045356243108,0.1850165732040946,2.8421709430404014e-14,0.114271298999995,0.7064065470000003,1.1229004598163537e-12,1,2612739,6,32
nomad-BiuRBghVF7ns,slab,Pt20O1,NOMAD surfaces/adsorbates,c6d110c98bc4087ac31dd6900468aee85c31a03bb1900d6f48eeeeb1d14c1eff,nomad_exact_bytes_decompress_to_baderkit_grid,5225472,41803776,1.0,0.01,53.69368366245365,32188,1298.7379147508389,2.5691156148524895e-05,2.5691154509487844e-05,15.33380098264388,0.2852784246058936,2.8421709430404014e-14,0.1097377199999982,0.715082711000008,1.0560997527783286e-12,1,2612739,6,32
nomad-BiuRBghVF7ns,slab,Pt20O1,NOMAD surfaces/adsorbates,c6d110c98bc4087ac31dd6900468aee85c31a03bb1900d6f48eeeeb1d14c1eff,nomad_exact_bytes_decompress_to_baderkit_grid,5225472,41803776,1.0,0.0215443469003188,115.67953471798825,27099,1542.6316838259715,4.920350404326309e-05,4.9203503187455024e-05,6.127717433223211,0.4928392990079061,0.0,0.1153474370000253,0.7441152880000175,1.2203280689737814e-12,1,2612739,6,32
nomad-BiuRBghVF7ns,slab,Pt20O1,NOMAD surfaces/adsorbates,c6d110c98bc4087ac31dd6900468aee85c31a03bb1900d6f48eeeeb1d14c1eff,nomad_exact_bytes_decompress_to_baderkit_grid,5225472,41803776,1.0,0.0464158883361277,249.22400252318135,21937,1905.628663901172,9.534473110701195e-05,9.534473066536454e-05,25.04964249163004,0.8874831607566066,0.0,0.1113625209999895,0.7039358250000021,1.1129634383843672e-12,1,2612739,6,32
nomad-BiuRBghVF7ns,slab,Pt20O1,NOMAD surfaces/adsorbates,c6d110c98bc4087ac31dd6900468aee85c31a03bb1900d6f48eeeeb1d14c1eff,nomad_exact_bytes_decompress_to_baderkit_grid,5225472,41803776,1.0,0.1,536.9368366245365,18975,2203.0975494071145,0.0001895967357788,0.0001895967355568,119.025004064556,1.6283391150331818,2.8421709430404014e-14,0.1096741849999887,0.7097584910000023,1.1411958587651473e-12,1,2612739,6,32
nomad-BiuRBghVF7ns,slab,Pt20O1,NOMAD surfaces/adsorbates,c6d110c98bc4087ac31dd6900468aee85c31a03bb1900d6f48eeeeb1d14c1eff,nomad_exact_bytes_decompress_to_baderkit_grid,5225472,41803776,1.0,0.2154434690031882,1156.7953471798826,16142,2589.7519514310493,0.0003279408070276,0.0003279408068992,207.3732391583626,2.501125524189638,5.684341886080803e-14,0.1155385819999992,0.757289888999992,1.2071765995056774e-12,1,2612739,6,32
nomad-BiuRBghVF7ns,slab,Pt20O1,NOMAD surfaces/adsorbates,c6d110c98bc4087ac31dd6900468aee85c31a03bb1900d6f48eeeeb1d14c1eff,nomad_exact_bytes_decompress_to_baderkit_grid,5225472,41803776,1.0,0.4641588833612772,2492.240025231814,14188,2946.41781787426,0.0005811107515576,0.0005811107514851,234.32242735299317,3.94337888812253,0.0,0.1154062369999735,0.707182572000022,1.0796360077408997e-12,1,2612739,6,32
nomad-BiuRBghVF7ns,slab,Pt20O1,NOMAD surfaces/adsorbates,c6d110c98bc4087ac31dd6900468aee85c31a03bb1900d6f48eeeeb1d14c1eff,nomad_exact_bytes_decompress_to_baderkit_grid,5225472,41803776,1.0,1.0,5369.368366245364,12610,3315.128945281522,0.0010636523053613,0.0010636523053217,214.9126820997426,6.53371511481953,0.0,0.1116245679999963,0.7263367120000055,1.2793407685069318e-12,1,2612739,6,32
nomad-BiuRBghVF7ns,slab,Pt20O1,NOMAD surfaces/adsorbates,c6d110c98bc4087ac31dd6900468aee85c31a03bb1900d6f48eeeeb1d14c1eff,nomad_exact_bytes_decompress_to_baderkit_grid,5225472,41803776,1.0,2.154434690031882,11567.953471798824,11016,3794.823529411765,0.0020152792395746,0.0020152792395537,228.03338345596148,11.1839969475799,0.0,0.115556491999996,0.7719519540000022,1.140082755151517e-12,1,2612739,6,32
nomad-BiuRBghVF7ns,slab,Pt20O1,NOMAD surfaces/adsorbates,c6d110c98bc4087ac31dd6900468aee85c31a03bb1900d6f48eeeeb1d14c1eff,nomad_exact_bytes_decompress_to_baderkit_grid,5225472,41803776,1.0,4.641588833612772,24922.400252318137,10265,4072.4574768631273,0.0037245715421459,0.0037245715421346,575.8354930980549,18.67480301568416,0.0,0.1141787800000031,0.7144523339999864,1.0231171815735338e-12,1,2612739,6,32
nomad-BiuRBghVF7ns,slab,Pt20O1,NOMAD surfaces/adsorbates,c6d110c98bc4087ac31dd6900468aee85c31a03bb1900d6f48eeeeb1d14c1eff,nomad_exact_bytes_decompress_to_baderkit_grid,5225472,41803776,1.0,10.0,53693.68366245364,9767,4280.104023753455,0.0068009611281832,0.006800961128177,1034.1883174606946,29.79576027519079,0.0,0.1104425929999877,0.7184625410000081,1.0271104703168856e-12,1,2612739,6,32
nomad-BiuRBghVF7ns,slab,Pt20O1,NOMAD surfaces/adsorbates,c6d110c98bc4087ac31dd6900468aee85c31a03bb1900d6f48eeeeb1d14c1eff,nomad_exact_bytes_decompress_to_baderkit_grid,5225472,41803776,2.0,1e-07,0.0005369368366245,5898045,7.087734325526509,1.1091796628532258e-09,1.097537414160068e-09,0.0005226879306082,6.434475017869795e-05,0.0,0.7687300839999978,0.8469688389999988,1.121583399459919e-12,1,2612739,6,32
nomad-BiuRBghVF7ns,slab,Pt20O1,NOMAD surfaces/adsorbates,c6d110c98bc4087ac31dd6900468aee85c31a03bb1900d6f48eeeeb1d14c1eff,nomad_exact_bytes_decompress_to_baderkit_grid,5225472,41803776,2.0,2.1544346900318827e-07,0.0011567953471798,4852227,8.615379288726599,2.3881173967129524e-09,2.363543247452305e-09,0.0010216298433078,0.0001385899370663,0.0,0.6756426160000046,0.7578873070000043,1.0930597009564197e-12,1,2612739,6,32
nomad-BiuRBghVF7ns,slab,Pt20O1,NOMAD surfaces/adsorbates,c6d110c98bc4087ac31dd6900468aee85c31a03bb1900d6f48eeeeb1d14c1eff,nomad_exact_bytes_decompress_to_baderkit_grid,5225472,41803776,2.0,4.641588833612782e-07,0.0024922400252318,3840115,10.886073984763478,5.117680867576361e-09,5.064327918685514e-09,0.0019266432439053,0.0002953261933306,0.0,0.5753230149999808,0.7963491430000147,1.1836277228848525e-12,1,2612739,6,32
nomad-BiuRBghVF7ns,slab,Pt20O1,NOMAD surfaces/adsorbates,c6d110c98bc4087ac31dd6900468aee85c31a03bb1900d6f48eeeeb1d14c1eff,nomad_exact_bytes_decompress_to_baderkit_grid,5225472,41803776,2.0,1e-06,0.0053693683662453,3008223,13.896501688870805,1.0549241214122808e-08,1.0435236551581904e-08,0.0107040389857502,0.0005897448308593,0.0,0.5177082120000023,0.7413356719999911,1.18389064293757e-12,1,2612739,6,32
nomad-BiuRBghVF7ns,slab,Pt20O1,NOMAD surfaces/adsorbates,c6d110c98bc4087ac31dd6900468aee85c31a03bb1900d6f48eeeeb1d14c1eff,nomad_exact_bytes_decompress_to_baderkit_grid,5225472,41803776,2.0,2.1544346900318822e-06,0.0115679534717988,2228142,18.76171985447965,2.01523697860336e-08,1.99217849195023e-08,0.0216573459887285,0.0010483336021236,2.8421709430404014e-14,0.4055981820000056,0.7867972759999873,1.1533213851906866e-12,1,2612739,6,32
nomad-BiuRBghVF7ns,slab,Pt20O1,NOMAD surfaces/adsorbates,c6d110c98bc4087ac31dd6900468aee85c31a03bb1900d6f48eeeeb1d14c1eff,nomad_exact_bytes_decompress_to_baderkit_grid,5225472,41803776,2.0,4.641588833612773e-06,0.0249224002523181,1698926,24.60600167399875,3.617728224597904e-08,3.5816231612211484e-08,0.0348177641020583,0.0017016683190988,0.0,0.3887221820000093,0.7799377300000003,1.0816738476234913e-12,1,2612739,6,32
nomad-BiuRBghVF7ns,slab,Pt20O1,NOMAD surfaces/adsorbates,c6d110c98bc4087ac31dd6900468aee85c31a03bb1900d6f48eeeeb1d14c1eff,nomad_exact_bytes_decompress_to_baderkit_grid,5225472,41803776,2.0,1e-05,0.0536936836624536,1203222,34.74319452270653,6.181297873841845e-08,6.141485181722992e-08,0.0854329857684206,0.0026309983533126,2.8421709430404014e-14,0.2903072619999989,0.7375934349999795,1.1630861198043154e-12,1,2612739,6,32
nomad-BiuRBghVF7ns,slab,Pt20O1,NOMAD surfaces/adsorbates,c6d110c98bc4087ac31dd6900468aee85c31a03bb1900d6f48eeeeb1d14c1eff,nomad_exact_bytes_decompress_to_baderkit_grid,5225472,41803776,2.0,2.1544346900318823e-05,0.1156795347179882,865012,48.32739430204437,1.0489119845701e-07,1.0453784322678e-07,0.1099207600791487,0.0040116127623033,0.0,0.2465096740000092,0.8161988249999865,1.0991602941180904e-12,1,2612739,6,32
nomad-BiuRBghVF7ns,slab,Pt20O1,NOMAD surfaces/adsorbates,c6d110c98bc4087ac31dd6900468aee85c31a03bb1900d6f48eeeeb1d14c1eff,nomad_exact_bytes_decompress_to_baderkit_grid,5225472,41803776,2.0,4.641588833612772e-05,0.2492240025231813,610233,68.5046138114458,1.697966350157902e-07,1.695484584165067e-07,0.1221663695268944,0.0058608331408419,0.0,0.2022931289999974,0.7215709129999937,1.0960045177834073e-12,1,2612739,6,32
nomad-BiuRBghVF7ns,slab,Pt20O1,NOMAD surfaces/adsorbates,c6d110c98bc4087ac31dd6900468aee85c31a03bb1900d6f48eeeeb1d14c1eff,nomad_exact_bytes_decompress_to_baderkit_grid,5225472,41803776,2.0,0.0001,0.5369368366245364,413737,101.03949127102484,2.793227592899919e-07,2.791719655447216e-07,0.1413973564852995,0.0086564861597057,0.0,0.1609822730000019,0.7223726200000158,1.032136557876388e-12,1,2612739,6,32
nomad-BiuRBghVF7ns,slab,Pt20O1,NOMAD surfaces/adsorbates,c6d110c98bc4087ac31dd6900468aee85c31a03bb1900d6f48eeeeb1d14c1eff,nomad_exact_bytes_decompress_to_baderkit_grid,5225472,41803776,2.0,0.0002154434690031,1.1567953471798826,311138,134.35766765872378,4.6901864639922723e-07,4.689288572469088e-07,0.2051931267615145,0.0129843111953181,2.8421709430404014e-14,0.1576547900000093,0.7618110749999971,1.1474104796631256e-12,1,2612739,6,32
nomad-BiuRBghVF7ns,slab,Pt20O1,NOMAD surfaces/adsorbates,c6d110c98bc4087ac31dd6900468aee85c31a03bb1900d6f48eeeeb1d14c1eff,nomad_exact_bytes_decompress_to_baderkit_grid,5225472,41803776,2.0,0.0004641588833612,2.4922400252318164,213712,195.6079958074418,7.51894576260322e-07,7.518385706376189e-07,0.3225714918222593,0.0187402546466263,0.0,0.1421918080000068,0.7370110790000126,1.1420010330562032e-12,1,2612739,6,32
nomad-BiuRBghVF7ns,slab,Pt20O1,NOMAD surfaces/adsorbates,c6d110c98bc4087ac31dd6900468aee85c31a03bb1900d6f48eeeeb1d14c1eff,nomad_exact_bytes_decompress_to_baderkit_grid,5225472,41803776,2.0,0.001,5.369368366245364,162905,256.6144440011049,1.247573504390873e-06,1.2475397514094905e-06,1.4556194962424345,0.0278448064315528,2.8421709430404014e-14,0.1253064269999981,0.7210062249999964,1.0846438367385826e-12,1,2612739,6,32
nomad-BiuRBghVF7ns,slab,Pt20O1,NOMAD surfaces/adsorbates,c6d110c98bc4087ac31dd6900468aee85c31a03bb1900d6f48eeeeb1d14c1eff,nomad_exact_bytes_decompress_to_baderkit_grid,5225472,41803776,2.0,0.0021544346900318,11.567953471798823,108457,385.4410134892169,1.9881067272882627e-06,1.988085546845904e-06,1.4631957309693462,0.0398984276672262,0.0,0.1187867639999922,0.7655470450000053,1.1183579170286205e-12,1,2612739,6,32
nomad-BiuRBghVF7ns,slab,Pt20O1,NOMAD surfaces/adsorbates,c6d110c98bc4087ac31dd6900468aee85c31a03bb1900d6f48eeeeb1d14c1eff,nomad_exact_bytes_decompress_to_baderkit_grid,5225472,41803776,2.0,0.0046415888336127,24.922400252318138,86625,482.5832727272728,3.402804794427744e-06,3.40279241968551e-06,1.1006397038321438,0.0609109866903211,2.8421709430404014e-14,0.1189195700000027,0.730334369000019,1.0392034034818542e-12,1,2612739,6,32
nomad-BiuRBghVF7ns,slab,Pt20O1,NOMAD surfaces/adsorbates,c6d110c98bc4087ac31dd6900468aee85c31a03bb1900d6f48eeeeb1d14c1eff,nomad_exact_bytes_decompress_to_baderkit_grid,5225472,41803776,2.0,0.01,53.69368366245365,67654,617.9054601353948,5.522080030980913e-06,5.5220724054513176e-06,3.0591690735582238,0.0890081656735314,0.0,0.1109929659999977,0.7229607200000032,1.2284247390032746e-12,1,2612739,6,32
nomad-BiuRBghVF7ns,slab,Pt20O1,NOMAD surfaces/adsorbates,c6d110c98bc4087ac31dd6900468aee85c31a03bb1900d6f48eeeeb1d14c1eff,nomad_exact_bytes_decompress_to_baderkit_grid,5225472,41803776,2.0,0.0215443469003188,115.67953471798825,51012,819.4890613973183,9.47942668737613e-06,9.479422245254588e-06,4.2358716913112175,0.1364555951007103,0.0,0.1134182959999918,0.7860966669999812,1.1691905650477742e-12,1,2612739,6,32
nomad-BiuRBghVF7ns,slab,Pt20O1,NOMAD surfaces/adsorbates,c6d110c98bc4087ac31dd6900468aee85c31a03bb1900d6f48eeeeb1d14c1eff,nomad_exact_bytes_decompress_to_baderkit_grid,5225472,41803776,2.0,0.0464158883361277,249.22400252318135,41283,1012.6147809025508,1.5636223310040528e-05,1.5636220617014316e-05,15.700171093150855,0.205304397354664,2.8421709430404014e-14,0.1205799949999857,0.7418047909999927,1.1870503428100276e-12,1,2612739,6,32
nomad-BiuRBghVF7ns,slab,Pt20O1,NOMAD surfaces/adsorbates,c6d110c98bc4087ac31dd6900468aee85c31a03bb1900d6f48eeeeb1d14c1eff,nomad_exact_bytes_decompress_to_baderkit_grid,5225472,41803776,2.0,0.1,536.9368366245365,34639,1206.8413060423222,2.569882140102101e-05,2.569881976247284e-05,14.536725508780364,0.3019560528685729,0.0,0.1131733770000096,0.7266886230000011,1.1108534970128297e-12,1,2612739,6,32
nomad-BiuRBghVF7ns,slab,Pt20O1,NOMAD surfaces/adsorbates,c6d110c98bc4087ac31dd6900468aee85c31a03bb1900d6f48eeeeb1d14c1eff,nomad_exact_bytes_decompress_to_baderkit_grid,5225472,41803776,2.0,0.2154434690031882,1156.7953471798826,28296,1477.3740458015268,4.700561283366941e-05,4.700561193784542e-05,7.734275236902249,0.5050507632791941,0.0,0.1134338979999824,0.7534766690000083,1.290630623363209e-12,1,2612739,6,32
nomad-BiuRBghVF7ns,slab,Pt20O1,NOMAD surfaces/adsorbates,c6d110c98bc4087ac31dd6900468aee85c31a03bb1900d6f48eeeeb1d14c1eff,nomad_exact_bytes_decompress_to_baderkit_grid,5225472,41803776,2.0,0.4641588833612772,2492.240025231814,24277,1721.9498290563083,8.699857543683281e-05,8.699857495281622e-05,31.83587799401812,0.8700251732612707,0.0,0.1160403789999975,0.7253274360000148,1.184435236106694e-12,1,2612739,6,32
nomad-BiuRBghVF7ns,slab,Pt20O1,NOMAD surfaces/adsorbates,c6d110c98bc4087ac31dd6900468aee85c31a03bb1900d6f48eeeeb1d14c1eff,nomad_exact_bytes_decompress_to_baderkit_grid,5225472,41803776,2.0,1.0,5369.368366245364,19983,2091.9669719261374,0.0001605243147476,0.0001605243144852,114.18295737003244,1.4916515360700835,0.0,0.1112805200000082,0.732697987999984,1.1838278375796902e-12,1,2612739,6,32
nomad-BiuRBghVF7ns,slab,Pt20O1,NOMAD surfaces/adsorbates,c6d110c98bc4087ac31dd6900468aee85c31a03bb1900d6f48eeeeb1d14c1eff,nomad_exact_bytes_decompress_to_baderkit_grid,5225472,41803776,2.0,2.154434690031882,11567.953471798824,17382,2405.003797031412,0.0002545271711163,0.0002545271709508,205.20010316455048,2.1573666689982534,0.0,0.1162376640000104,0.7615028319999908,1.2020809485011596e-12,1,2612739,6,32
nomad-BiuRBghVF7ns,slab,Pt20O1,NOMAD surfaces/adsorbates,c6d110c98bc4087ac31dd6900468aee85c31a03bb1900d6f48eeeeb1d14c1eff,nomad_exact_bytes_decompress_to_baderkit_grid,5225472,41803776,2.0,4.641588833612772,24922.400252318137,15497,2697.5399109505065,0.0004163283371667,0.0004163283370655,233.98454843790387,3.1903609912277915,0.0,0.1151646939999864,0.715744930999989,1.120094095624316e-12,1,2612739,6,32
nomad-BiuRBghVF7ns,slab,Pt20O1,NOMAD surfaces/adsorbates,c6d110c98bc4087ac31dd6900468aee85c31a03bb1900d6f48eeeeb1d14c1eff,nomad_exact_bytes_decompress_to_baderkit_grid,5225472,41803776,2.0,10.0,53693.68366245364,13961,2994.3253348614,0.0006979579440654,0.000697957944005,246.20520779767685,4.913407614450604,0.0,0.1127104640000027,0.7303349759999946,1.121572510478895e-12,1,2612739,6,32
nomad-19wSfSWChOSI,slab,Fe20,NOMAD surfaces/adsorbates,dc5be888452f5dec938146abfb8b3b0d77017f7e5a68a4511b32d908ef558fcb,nomad_exact_bytes_decompress_to_baderkit_grid,4128768,33030144,0.0,1e-07,0.0011276010322777,3095475,10.6704605916701,8.784106138311732e-09,8.750125855111602e-09,0.0022794962552978,0.0004599451445056,1.1368683772161605e-13,0.5502259769999966,0.4615933970000014,2.1053545865835638e-12,1,2064387,6,32
nomad-19wSfSWChOSI,slab,Fe20,NOMAD surfaces/adsorbates,dc5be888452f5dec938146abfb8b3b0d77017f7e5a68a4511b32d908ef558fcb,nomad_exact_bytes_decompress_to_baderkit_grid,4128768,33030144,0.0,2.1544346900318827e-07,0.002429342780455,2246667,14.701842329103512,1.9082925633616133e-08,1.9010793075258263e-08,0.0072472210415526,0.0009793865655888,1.1368683772161605e-13,0.399734025999976,0.4549935119999873,2.0564460396451293e-12,1,2064387,6,32
nomad-19wSfSWChOSI,slab,Fe20,NOMAD surfaces/adsorbates,dc5be888452f5dec938146abfb8b3b0d77017f7e5a68a4511b32d908ef558fcb,nomad_exact_bytes_decompress_to_baderkit_grid,4128768,33030144,0.0,4.641588833612782e-07,0.0052338603601907,1666518,19.81985433100633,3.97186318985783e-08,3.957386368318249e-08,0.02986576621484,0.001981819992626,1.7053025658242404e-13,0.3179846400000201,0.4565029569999979,2.01710607136842e-12,1,2064387,6,32
nomad-19wSfSWChOSI,slab,Fe20,NOMAD surfaces/adsorbates,dc5be888452f5dec938146abfb8b3b0d77017f7e5a68a4511b32d908ef558fcb,nomad_exact_bytes_decompress_to_baderkit_grid,4128768,33030144,0.0,1e-06,0.0112760103227777,1188387,27.794097377369493,8.1267741646838e-08,8.10301531593604e-08,0.0616638296110352,0.0037486543739574,1.1368683772161605e-13,0.2536217119999833,0.4699985420000132,1.986605249159043e-12,1,2064387,6,32
nomad-19wSfSWChOSI,slab,Fe20,NOMAD surfaces/adsorbates,dc5be888452f5dec938146abfb8b3b0d77017f7e5a68a4511b32d908ef558fcb,nomad_exact_bytes_decompress_to_baderkit_grid,4128768,33030144,0.0,2.1544346900318822e-06,0.02429342780455,845138,39.08254509914357,1.654842185574199e-07,1.650610702549341e-07,0.095926564607879,0.007021352361166,1.1368683772161605e-13,0.2176968489999922,0.4378558800000007,2.2643208165611755e-12,1,2064387,6,32
nomad-19wSfSWChOSI,slab,Fe20,NOMAD surfaces/adsorbates,dc5be888452f5dec938146abfb8b3b0d77017f7e5a68a4511b32d908ef558fcb,nomad_exact_bytes_decompress_to_baderkit_grid,4128768,33030144,0.0,4.641588833612773e-06,0.0523386036019077,555662,59.44286994611832,3.3726604952046e-07,3.365745006490182e-07,0.1533086348666188,0.0128274027319285,1.1368683772161605e-13,0.170506209999985,0.4444949850000057,2.210717790908235e-12,1,2064387,6,32
nomad-19wSfSWChOSI,slab,Fe20,NOMAD surfaces/adsorbates,dc5be888452f5dec938146abfb8b3b0d77017f7e5a68a4511b32d908ef558fcb,nomad_exact_bytes_decompress_to_baderkit_grid,4128768,33030144,0.0,1e-05,0.1127601032277778,359431,91.89564617409182,6.640491206771295e-07,6.631886858892847e-07,0.2412070660224685,0.0226025824949359,1.1368683772161605e-13,0.1407101920000002,0.4544206959999997,2.174183599518852e-12,1,2064387,6,32
nomad-19wSfSWChOSI,slab,Fe20,NOMAD surfaces/adsorbates,dc5be888452f5dec938146abfb8b3b0d77017f7e5a68a4511b32d908ef558fcb,nomad_exact_bytes_decompress_to_baderkit_grid,4128768,33030144,0.0,2.1544346900318823e-05,0.2429342780455005,227085,145.45277759429288,1.3221515364515295e-06,1.3213060497069917e-06,0.3845588302231704,0.0386460554902265,1.1368683772161605e-13,0.1261748980000163,0.5129968089999863,2.2533522172067134e-12,1,2064387,6,32
nomad-19wSfSWChOSI,slab,Fe20,NOMAD surfaces/adsorbates,dc5be888452f5dec938146abfb8b3b0d77017f7e5a68a4511b32d908ef558fcb,nomad_exact_bytes_decompress_to_baderkit_grid,4128768,33030144,0.0,4.641588833612772e-05,0.5233860360190771,148480,222.4551724137931,2.608058508393206e-06,2.6075864129954226e-06,0.6520422478566559,0.0654017322188946,1.1368683772161605e-13,0.10869199199999,0.4282758060000162,2.113319341956896e-12,1,2064387,6,32
nomad-19wSfSWChOSI,slab,Fe20,NOMAD surfaces/adsorbates,dc5be888452f5dec938146abfb8b3b0d77017f7e5a68a4511b32d908ef558fcb,nomad_exact_bytes_decompress_to_baderkit_grid,4128768,33030144,0.0,0.0001,1.1276010322777783,99444,332.14818390249786,5.18777233918885e-06,5.187535017837387e-06,1.0448943829185566,0.1108649353159741,1.1368683772161605e-13,0.1046442399999989,0.4510353249999923,2.2382483025014603e-12,1,2064387,6,32
nomad-19wSfSWChOSI,slab,Fe20,NOMAD surfaces/adsorbates,dc5be888452f5dec938146abfb8b3b0d77017f7e5a68a4511b32d908ef558fcb,nomad_exact_bytes_decompress_to_baderkit_grid,4128768,33030144,0.0,0.0002154434690031,2.4293427804550056,66243,498.620895792763,1.0345501956947196e-05,1.0345382953725522e-05,1.6522465942271083,0.1889908650630374,1.1368683772161605e-13,0.0976487169999984,0.4708614889999865,2.058177429615216e-12,1,2064387,6,32
nomad-19wSfSWChOSI,slab,Fe20,NOMAD surfaces/adsorbates,dc5be888452f5dec938146abfb8b3b0d77017f7e5a68a4511b32d908ef558fcb,nomad_exact_bytes_decompress_to_baderkit_grid,4128768,33030144,0.0,0.0004641588833612,5.233860360190776,46488,710.5090345895715,2.068208389178874e-05,2.0682024364772047e-05,3.061425895041789,0.321744512707236,1.1368683772161605e-13,0.0947355139999786,0.4230671830000005,2.057381764311127e-12,1,2064387,6,32
nomad-19wSfSWChOSI,slab,Fe20,NOMAD surfaces/adsorbates,dc5be888452f5dec938146abfb8b3b0d77017f7e5a68a4511b32d908ef558fcb,nomad_exact_bytes_decompress_to_baderkit_grid,4128768,33030144,0.0,0.001,11.276010322777784,32247,1024.2857940273514,3.975171117722927e-05,3.975168020645032e-05,4.609673401702821,0.5498658582998801,1.1368683772161605e-13,0.0945031409999899,0.446014716999997,1.97267258441239e-12,1,2064387,6,32
nomad-19wSfSWChOSI,slab,Fe20,NOMAD surfaces/adsorbates,dc5be888452f5dec938146abfb8b3b0d77017f7e5a68a4511b32d908ef558fcb,nomad_exact_bytes_decompress_to_baderkit_grid,4128768,33030144,0.0,0.0021544346900318,24.293427804550053,24238,1362.7421404406305,8.286881114201581e-05,8.286879628550869e-05,10.642496540722275,0.9545044627620476,1.1368683772161605e-13,0.0929180770000073,0.5004156509999973,2.026485858576145e-12,1,2064387,6,32
nomad-19wSfSWChOSI,slab,Fe20,NOMAD surfaces/adsorbates,dc5be888452f5dec938146abfb8b3b0d77017f7e5a68a4511b32d908ef558fcb,nomad_exact_bytes_decompress_to_baderkit_grid,4128768,33030144,0.0,0.0046415888336127,52.338603601907714,19021,1736.5093317911785,0.0001581019893271,0.0001581019815401,16.057965781994426,1.6330998489521928,1.1368683772161605e-13,0.0924643369999955,0.4288719239999921,2.0447623084469745e-12,1,2064387,6,32
nomad-19wSfSWChOSI,slab,Fe20,NOMAD surfaces/adsorbates,dc5be888452f5dec938146abfb8b3b0d77017f7e5a68a4511b32d908ef558fcb,nomad_exact_bytes_decompress_to_baderkit_grid,4128768,33030144,0.0,0.01,112.76010322777782,15408,2143.700934579439,0.0003361289954061,0.0003361289917434,19.561883690614195,2.918660889857048,1.1368683772161605e-13,0.0903141629999879,0.4434688180000137,1.849453413927017e-12,1,2064387,6,32
nomad-19wSfSWChOSI,slab,Fe20,NOMAD surfaces/adsorbates,dc5be888452f5dec938146abfb8b3b0d77017f7e5a68a4511b32d908ef558fcb,nomad_exact_bytes_decompress_to_baderkit_grid,4128768,33030144,0.0,0.0215443469003188,242.93427804550052,12312,2682.7602339181285,0.0006628461615578,0.0006628461597005,39.16023577146461,5.039480839467572,1.1368683772161605e-13,0.0932310720000089,0.4748866660000033,1.8450734655013694e-12,1,2064387,6,32
nomad-19wSfSWChOSI,slab,Fe20,NOMAD surfaces/adsorbates,dc5be888452f5dec938146abfb8b3b0d77017f7e5a68a4511b32d908ef558fcb,nomad_exact_bytes_decompress_to_baderkit_grid,4128768,33030144,0.0,0.0464158883361277,523.3860360190771,10939,3019.484779230277,0.0012597376751921,0.0012597376742148,94.5436565371774,9.04431346395167,1.1368683772161605e-13,0.0920302549999974,0.4345916110000019,2.2745839213139128e-12,1,2064387,6,32
nomad-19wSfSWChOSI,slab,Fe20,NOMAD surfaces/adsorbates,dc5be888452f5dec938146abfb8b3b0d77017f7e5a68a4511b32d908ef558fcb,nomad_exact_bytes_decompress_to_baderkit_grid,4128768,33030144,0.0,0.1,1127.601032277778,9893,3338.738906297382,0.0028107360972787,0.0028107360968407,223.56078363315828,15.081198818640011,1.1368683772161605e-13,0.0930816830000083,0.4575741399999913,1.907571374391169e-12,1,2064387,6,32
nomad-19wSfSWChOSI,slab,Fe20,NOMAD surfaces/adsorbates,dc5be888452f5dec938146abfb8b3b0d77017f7e5a68a4511b32d908ef558fcb,nomad_exact_bytes_decompress_to_baderkit_grid,4128768,33030144,0.0,0.2154434690031882,2429.3427804550056,8969,3682.700858512655,0.0047088317793924,0.0047088317791309,247.37336041068372,25.87736744046116,1.1368683772161605e-13,0.092187889999991,0.4950539160000176,1.9058276368464106e-12,1,2064387,6,32
nomad-19wSfSWChOSI,slab,Fe20,NOMAD surfaces/adsorbates,dc5be888452f5dec938146abfb8b3b0d77017f7e5a68a4511b32d908ef558fcb,nomad_exact_bytes_decompress_to_baderkit_grid,4128768,33030144,0.0,0.4641588833612772,5233.860360190771,8501,3885.442183272556,0.0073804319466873,0.0073804319465205,326.47295923672755,44.12953243842603,1.1368683772161605e-13,0.0897234769999784,0.4263919730000225,1.992415463620024e-12,1,2064387,6,32
nomad-19wSfSWChOSI,slab,Fe20,NOMAD surfaces/adsorbates,dc5be888452f5dec938146abfb8b3b0d77017f7e5a68a4511b32d908ef558fcb,nomad_exact_bytes_decompress_to_baderkit_grid,4128768,33030144,0.0,1.0,11276.010322777782,8246,4005.595925297114,0.0156900841691022,0.0156900841690238,508.02205607869786,82.57662037171873,1.1368683772161605e-13,0.0930467780000015,0.4546978459999877,2.016630778123566e-12,1,2064387,6,32
nomad-19wSfSWChOSI,slab,Fe20,NOMAD surfaces/adsorbates,dc5be888452f5dec938146abfb8b3b0d77017f7e5a68a4511b32d908ef558fcb,nomad_exact_bytes_decompress_to_baderkit_grid,4128768,33030144,0.0,2.154434690031882,24293.42780455005,8018,4119.499126964331,0.0375309522288688,0.037530952228836,1009.3647229735489,155.61225093348318,1.1368683772161605e-13,0.0913173810000103,0.482099627999986,1.948452252457297e-12,1,2064387,6,32
nomad-19wSfSWChOSI,slab,Fe20,NOMAD surfaces/adsorbates,dc5be888452f5dec938146abfb8b3b0d77017f7e5a68a4511b32d908ef558fcb,nomad_exact_bytes_decompress_to_baderkit_grid,4128768,33030144,0.0,4.641588833612772,52338.6036019077,7856,4204.448065173116,0.0603182770875616,0.0603182770875412,2023.8616537783244,267.1522925086325,1.1368683772161605e-13,0.0910036569999874,0.4465787709999915,1.864108289023531e-12,1,2064387,6,32
nomad-19wSfSWChOSI,slab,Fe20,NOMAD surfaces/adsorbates,dc5be888452f5dec938146abfb8b3b0d77017f7e5a68a4511b32d908ef558fcb,nomad_exact_bytes_decompress_to_baderkit_grid,4128768,33030144,0.0,10.0,112760.1032277778,7742,4266.358047016275,0.1844458696774362,0.1844458696774298,4442.185615336586,439.54607712964287,1.1368683772161605e-13,0.0954580050000117,0.4629997770000216,1.770633922576428e-12,1,2064387,6,32
nomad-19wSfSWChOSI,slab,Fe20,NOMAD surfaces/adsorbates,dc5be888452f5dec938146abfb8b3b0d77017f7e5a68a4511b32d908ef558fcb,nomad_exact_bytes_decompress_to_baderkit_grid,4128768,33030144,1.0,1e-07,0.0011276010322777,3957514,8.346185004020201,3.177906143166498e-09,3.1460726497983653e-09,0.0012605889459953,0.0002340753261744,1.1368683772161605e-13,0.6667107979999969,0.5080677789999868,1.878015330232358e-12,1,2064387,6,32
nomad-19wSfSWChOSI,slab,Fe20,NOMAD surfaces/adsorbates,dc5be888452f5dec938146abfb8b3b0d77017f7e5a68a4511b32d908ef558fcb,nomad_exact_bytes_decompress_to_baderkit_grid,4128768,33030144,1.0,2.1544346900318827e-07,0.002429342780455,3043792,10.85164295063526,6.838798491036426e-09,6.770056518884922e-09,0.0027832445035755,0.0005035403398737,1.1368683772161605e-13,0.5223979529999951,0.4697503630000028,2.2578382892863125e-12,1,2064387,6,32
nomad-19wSfSWChOSI,slab,Fe20,NOMAD surfaces/adsorbates,dc5be888452f5dec938146abfb8b3b0d77017f7e5a68a4511b32d908ef558fcb,nomad_exact_bytes_decompress_to_baderkit_grid,4128768,33030144,1.0,4.641588833612782e-07,0.0052338603601907,2339338,14.119440628075122,1.4395013437190864e-08,1.4248404305268008e-08,0.0163815325380483,0.0010443187730295,1.1368683772161605e-13,0.4265874380000127,0.4681141599999989,1.8873287852633645e-12,1,2064387,6,32
nomad-19wSfSWChOSI,slab,Fe20,NOMAD surfaces/adsorbates,dc5be888452f5dec938146abfb8b3b0d77017f7e5a68a4511b32d908ef558fcb,nomad_exact_bytes_decompress_to_baderkit_grid,4128768,33030144,1.0,1e-06,0.0112760103227777,1738714,18.99688160329991,2.857344912611823e-08,2.8290294362592575e-08,0.0379267529991977,0.0019725824307579,1.1368683772161605e-13,0.322490240999997,0.4890424650000113,2.0168164509780355e-12,1,2064387,6,32
nomad-19wSfSWChOSI,slab,Fe20,NOMAD surfaces/adsorbates,dc5be888452f5dec938146abfb8b3b0d77017f7e5a68a4511b32d908ef558fcb,nomad_exact_bytes_decompress_to_baderkit_grid,4128768,33030144,1.0,2.1544346900318822e-06,0.02429342780455,1280538,25.793958476827708,5.4713549125998435e-08,5.421132944248427e-08,0.0638066680001543,0.0035839192411369,1.1368683772161605e-13,0.2704116539999859,0.4399759019999862,2.411246309702651e-12,1,2064387,6,32
nomad-19wSfSWChOSI,slab,Fe20,NOMAD surfaces/adsorbates,dc5be888452f5dec938146abfb8b3b0d77017f7e5a68a4511b32d908ef558fcb,nomad_exact_bytes_decompress_to_baderkit_grid,4128768,33030144,1.0,4.641588833612773e-06,0.0523386036019077,922895,35.789709555258185,1.039273958737531e-07,1.0297635774101221e-07,0.0925483679172884,0.0065114206410421,1.1368683772161605e-13,0.2212314450000008,0.4547934109999971,2.300284031034584e-12,1,2064387,6,32
nomad-19wSfSWChOSI,slab,Fe20,NOMAD surfaces/adsorbates,dc5be888452f5dec938146abfb8b3b0d77017f7e5a68a4511b32d908ef558fcb,nomad_exact_bytes_decompress_to_baderkit_grid,4128768,33030144,1.0,1e-05,0.1127601032277778,648852,50.90551312163637,1.9178814949787899e-07,1.90249313472095e-07,0.1303207505536363,0.0112855794602587,1.1368683772161605e-13,0.1873487000000011,0.4841229929999997,2.3279231181623322e-12,1,2064387,6,32
nomad-19wSfSWChOSI,slab,Fe20,NOMAD surfaces/adsorbates,dc5be888452f5dec938146abfb8b3b0d77017f7e5a68a4511b32d908ef558fcb,nomad_exact_bytes_decompress_to_baderkit_grid,4128768,33030144,1.0,2.1544346900318823e-05,0.2429342780455005,444439,74.31873440449645,3.4395868684446693e-07,3.420216375756035e-07,0.1974950235463666,0.0185561387403962,1.1368683772161605e-13,0.1572364830000197,0.4452256920000081,1.9203335000559908e-12,1,2064387,6,32
nomad-19wSfSWChOSI,slab,Fe20,NOMAD surfaces/adsorbates,dc5be888452f5dec938146abfb8b3b0d77017f7e5a68a4511b32d908ef558fcb,nomad_exact_bytes_decompress_to_baderkit_grid,4128768,33030144,1.0,4.641588833612772e-05,0.5233860360190771,297397,111.06414657847928,6.075546036016e-07,6.056466975269212e-07,0.2876449811007546,0.0293772418036234,1.1368683772161605e-13,0.1351795740000057,0.4666098410000074,2.117123789426058e-12,1,2064387,6,32
nomad-19wSfSWChOSI,slab,Fe20,NOMAD surfaces/adsorbates,dc5be888452f5dec938146abfb8b3b0d77017f7e5a68a4511b32d908ef558fcb,nomad_exact_bytes_decompress_to_baderkit_grid,4128768,33030144,1.0,0.0001,1.1276010322777783,204025,161.8926308050484,1.063093888614352e-06,1.0619351835424371e-06,0.440208625516675,0.0456345666953363,1.1368683772161605e-13,0.1205110660000059,0.4800908260000085,1.9125637586098623e-12,1,2064387,6,32
nomad-19wSfSWChOSI,slab,Fe20,NOMAD surfaces/adsorbates,dc5be888452f5dec938146abfb8b3b0d77017f7e5a68a4511b32d908ef558fcb,nomad_exact_bytes_decompress_to_baderkit_grid,4128768,33030144,1.0,0.0002154434690031,2.4293427804550056,142955,231.05273687524047,1.8710919600534904e-06,1.870433864378248e-06,0.6413499622580616,0.0709028700199251,1.1368683772161605e-13,0.1130030910000243,0.4435425409999993,2.116793233493161e-12,1,2064387,6,32
nomad-19wSfSWChOSI,slab,Fe20,NOMAD surfaces/adsorbates,dc5be888452f5dec938146abfb8b3b0d77017f7e5a68a4511b32d908ef558fcb,nomad_exact_bytes_decompress_to_baderkit_grid,4128768,33030144,1.0,0.0004641588833612,5.233860360190776,105207,313.9538623855827,3.305851281933019e-06,3.305478848260012e-06,1.0498639106005516,0.1107257892389998,1.1368683772161605e-13,0.1070175970000093,0.4515386490000139,1.892342041232738e-12,1,2064387,6,32
nomad-19wSfSWChOSI,slab,Fe20,NOMAD surfaces/adsorbates,dc5be888452f5dec938146abfb8b3b0d77017f7e5a68a4511b32d908ef558fcb,nomad_exact_bytes_decompress_to_baderkit_grid,4128768,33030144,1.0,0.001,11.276010322777784,75401,438.0597604806303,5.844419324692016e-06,5.84420866849137e-06,1.86943369599131,0.1726506894436238,1.1368683772161605e-13,0.1016350410000086,0.4725510819999954,1.963289619738232e-12,1,2064387,6,32
nomad-19wSfSWChOSI,slab,Fe20,NOMAD surfaces/adsorbates,dc5be888452f5dec938146abfb8b3b0d77017f7e5a68a4511b32d908ef558fcb,nomad_exact_bytes_decompress_to_baderkit_grid,4128768,33030144,1.0,0.0021544346900318,24.293427804550053,54038,611.2392020430068,1.0321600349998404e-05,1.0321481071199203e-05,3.7218759413681255,0.2690055025675981,1.1368683772161605e-13,0.100021096000006,0.4295697279999899,2.2578222221918667e-12,1,2064387,6,32
nomad-19wSfSWChOSI,slab,Fe20,NOMAD surfaces/adsorbates,dc5be888452f5dec938146abfb8b3b0d77017f7e5a68a4511b32d908ef558fcb,nomad_exact_bytes_decompress_to_baderkit_grid,4128768,33030144,1.0,0.0046415888336127,52.338603601907714,41296,799.8388221619527,1.8405322039401484e-05,1.8405255148791476e-05,5.137924895112519,0.4229784938783792,1.1368683772161605e-13,0.098625233000007,0.4528603259999784,2.2204584949521618e-12,1,2064387,6,32
nomad-19wSfSWChOSI,slab,Fe20,NOMAD surfaces/adsorbates,dc5be888452f5dec938146abfb8b3b0d77017f7e5a68a4511b32d908ef558fcb,nomad_exact_bytes_decompress_to_baderkit_grid,4128768,33030144,1.0,0.01,112.76010322777782,31133,1060.9367552115118,3.249922868938604e-05,3.2499190807203976e-05,7.484209750331502,0.6602740473518743,1.1368683772161605e-13,0.0967585989999975,0.4693146850000005,2.254530997180535e-12,1,2064387,6,32
nomad-19wSfSWChOSI,slab,Fe20,NOMAD surfaces/adsorbates,dc5be888452f5dec938146abfb8b3b0d77017f7e5a68a4511b32d908ef558fcb,nomad_exact_bytes_decompress_to_baderkit_grid,4128768,33030144,1.0,0.0215443469003188,242.93427804550052,23985,1377.11669793621,5.906242912082047e-05,5.906240827607681e-05,10.355943617649244,1.0553788631307246,1.1368683772161605e-13,0.0921745489999921,0.4241059910000047,2.0053706954091653e-12,1,2064387,6,32
nomad-19wSfSWChOSI,slab,Fe20,NOMAD surfaces/adsorbates,dc5be888452f5dec938146abfb8b3b0d77017f7e5a68a4511b32d908ef558fcb,nomad_exact_bytes_decompress_to_baderkit_grid,4128768,33030144,1.0,0.0464158883361277,523.3860360190771,19394,1703.111477776632,0.0001042701154658,0.0001042701036586,17.98115524307832,1.6673000746119309,1.7053025658242404e-13,0.094171756999998,0.4553130859999896,1.9397391963015647e-12,1,2064387,6,32
nomad-19wSfSWChOSI,slab,Fe20,NOMAD surfaces/adsorbates,dc5be888452f5dec938146abfb8b3b0d77017f7e5a68a4511b32d908ef558fcb,nomad_exact_bytes_decompress_to_baderkit_grid,4128768,33030144,1.0,0.1,1127.601032277778,16431,2010.2333394193904,0.0001906432875896,0.0001906432811318,23.756413632961085,2.7121769356324386,1.1368683772161605e-13,0.0949805719999972,0.4752243580000197,2.125751983631895e-12,1,2064387,6,32
nomad-19wSfSWChOSI,slab,Fe20,NOMAD surfaces/adsorbates,dc5be888452f5dec938146abfb8b3b0d77017f7e5a68a4511b32d908ef558fcb,nomad_exact_bytes_decompress_to_baderkit_grid,4128768,33030144,1.0,0.2154434690031882,2429.3427804550056,13326,2478.624043223773,0.0003464466021453,0.0003464465985916,30.806700433519783,4.261364219467287,1.1368683772161605e-13,0.0910122340000043,0.4275773389999813,2.041706193637344e-12,1,2064387,6,32
nomad-19wSfSWChOSI,slab,Fe20,NOMAD surfaces/adsorbates,dc5be888452f5dec938146abfb8b3b0d77017f7e5a68a4511b32d908ef558fcb,nomad_exact_bytes_decompress_to_baderkit_grid,4128768,33030144,1.0,0.4641588833612772,5233.860360190771,11737,2814.1896566413907,0.0006407799286385,0.0006407799267171,61.39350087265848,7.072138892058657,1.1368683772161605e-13,0.0928422979999936,0.4506370539999977,2.1644081641171072e-12,1,2064387,6,32
nomad-19wSfSWChOSI,slab,Fe20,NOMAD surfaces/adsorbates,dc5be888452f5dec938146abfb8b3b0d77017f7e5a68a4511b32d908ef558fcb,nomad_exact_bytes_decompress_to_baderkit_grid,4128768,33030144,1.0,1.0,11276.010322777782,10505,3144.230747263208,0.0011647825728129,0.0011647825717559,111.80835469385065,11.383833098584995,1.1368683772161605e-13,0.0911930420000146,0.4672086729999876,1.90565780620186e-12,1,2064387,6,32
nomad-19wSfSWChOSI,slab,Fe20,NOMAD surfaces/adsorbates,dc5be888452f5dec938146abfb8b3b0d77017f7e5a68a4511b32d908ef558fcb,nomad_exact_bytes_decompress_to_baderkit_grid,4128768,33030144,1.0,2.154434690031882,24293.42780455005,9787,3374.8997649943803,0.0020270157341699,0.0020270157335625,165.75650230756725,18.84898363723868,1.1368683772161605e-13,0.0906059419999962,0.4306865480000112,1.887822886203468e-12,1,2064387,6,32
nomad-19wSfSWChOSI,slab,Fe20,NOMAD surfaces/adsorbates,dc5be888452f5dec938146abfb8b3b0d77017f7e5a68a4511b32d908ef558fcb,nomad_exact_bytes_decompress_to_baderkit_grid,4128768,33030144,1.0,4.641588833612772,52338.6036019077,8829,3741.096839959225,0.0035338569160776,0.0035338569157292,323.1096696230579,29.933448142720582,1.1368683772161605e-13,0.0943726710000021,0.4508212660000197,1.9750085641667137e-12,1,2064387,6,32
nomad-19wSfSWChOSI,slab,Fe20,NOMAD surfaces/adsorbates,dc5be888452f5dec938146abfb8b3b0d77017f7e5a68a4511b32d908ef558fcb,nomad_exact_bytes_decompress_to_baderkit_grid,4128768,33030144,1.0,10.0,112760.1032277778,8559,3859.112513144059,0.0062276104095174,0.0062276104093197,305.05681057041784,48.93341189344687,1.1368683772161605e-13,0.0920559850000017,0.4653022020000037,1.838980018704819e-12,1,2064387,6,32
nomad-19wSfSWChOSI,slab,Fe20,NOMAD surfaces/adsorbates,dc5be888452f5dec938146abfb8b3b0d77017f7e5a68a4511b32d908ef558fcb,nomad_exact_bytes_decompress_to_baderkit_grid,4128768,33030144,2.0,1e-07,0.0011276010322777,4827642,6.841879327423202,1.6169163601187901e-09,1.5945832808486141e-09,0.0007046138248369,0.0001369856812824,1.7053025658242404e-13,0.7794436549999944,0.4671115189999852,1.999104616443404e-12,1,2064387,6,32
nomad-19wSfSWChOSI,slab,Fe20,NOMAD surfaces/adsorbates,dc5be888452f5dec938146abfb8b3b0d77017f7e5a68a4511b32d908ef558fcb,nomad_exact_bytes_decompress_to_baderkit_grid,4128768,33030144,2.0,2.1544346900318827e-07,0.002429342780455,3973105,8.313433448146979,3.482575715136033e-09,3.434669017071929e-09,0.0015364228530643,0.0002950913221568,1.1368683772161605e-13,0.6820444989999999,0.4899697849999995,1.896913984360345e-12,1,2064387,6,32
nomad-19wSfSWChOSI,slab,Fe20,NOMAD surfaces/adsorbates,dc5be888452f5dec938146abfb8b3b0d77017f7e5a68a4511b32d908ef558fcb,nomad_exact_bytes_decompress_to_baderkit_grid,4128768,33030144,2.0,4.641588833612782e-07,0.0052338603601907,3140573,10.5172349122278,7.404607855588309e-09,7.299923159678457e-09,0.0092049762031933,0.0006217214702175,1.1368683772161605e-13,0.5450937589999967,0.4590432659999806,2.140049144769564e-12,1,2064387,6,32
nomad-19wSfSWChOSI,slab,Fe20,NOMAD surfaces/adsorbates,dc5be888452f5dec938146abfb8b3b0d77017f7e5a68a4511b32d908ef558fcb,nomad_exact_bytes_decompress_to_baderkit_grid,4128768,33030144,2.0,1e-06,0.0112760103227777,2437295,13.55196806295504,1.4820191913655493e-08,1.4602466172138857e-08,0.028530343992827,0.0011964518548128,1.7053025658242404e-13,0.4321563480000066,0.4688091559999918,1.9627444311022284e-12,1,2064387,6,32
nomad-19wSfSWChOSI,slab,Fe20,NOMAD surfaces/adsorbates,dc5be888452f5dec938146abfb8b3b0d77017f7e5a68a4511b32d908ef558fcb,nomad_exact_bytes_decompress_to_baderkit_grid,4128768,33030144,2.0,2.1544346900318822e-06,0.02429342780455,1841176,17.939699409507835,2.7888379618330087e-08,2.7468007204330463e-08,0.0452806477796343,0.0021562399598029,1.1368683772161605e-13,0.3358308669999985,0.4599530790000017,1.9370916145001408e-12,1,2064387,6,32
nomad-19wSfSWChOSI,slab,Fe20,NOMAD surfaces/adsorbates,dc5be888452f5dec938146abfb8b3b0d77017f7e5a68a4511b32d908ef558fcb,nomad_exact_bytes_decompress_to_baderkit_grid,4128768,33030144,2.0,4.641588833612773e-06,0.0523386036019077,1395568,23.66788576407599,5.152393232482872e-08,5.0739452058633626e-08,0.063434598765923,0.0038639654427571,1.1368683772161605e-13,0.2888865170000088,0.4616270219999876,2.3136510739717965e-12,1,2064387,6,32
nomad-19wSfSWChOSI,slab,Fe20,NOMAD surfaces/adsorbates,dc5be888452f5dec938146abfb8b3b0d77017f7e5a68a4511b32d908ef558fcb,nomad_exact_bytes_decompress_to_baderkit_grid,4128768,33030144,2.0,1e-05,0.1127601032277778,1042600,31.68055246499137,9.35430095052336e-08,9.208215205771697e-08,0.0986593522807766,0.0067569788240619,1.1368683772161605e-13,0.2437382379999917,0.4881553479999923,1.910796240257239e-12,1,2064387,6,32
nomad-19wSfSWChOSI,slab,Fe20,NOMAD surfaces/adsorbates,dc5be888452f5dec938146abfb8b3b0d77017f7e5a68a4511b32d908ef558fcb,nomad_exact_bytes_decompress_to_baderkit_grid,4128768,33030144,2.0,2.1544346900318823e-05,0.2429342780455005,762471,43.319869214698,1.626344083362113e-07,1.6044498681648304e-07,0.1226187635872975,0.0110723487241385,1.1368683772161605e-13,0.205749781999998,0.4367324540000084,1.978546906316339e-12,1,2064387,6,32
nomad-19wSfSWChOSI,slab,Fe20,NOMAD surfaces/adsorbates,dc5be888452f5dec938146abfb8b3b0d77017f7e5a68a4511b32d908ef558fcb,nomad_exact_bytes_decompress_to_baderkit_grid,4128768,33030144,2.0,4.641588833612772e-05,0.5233860360190771,540178,61.14677754369856,2.721637796765601e-07,2.693600228893928e-07,0.1704372787359034,0.0171541993416995,1.1368683772161605e-13,0.1619776800000067,0.4417295180000167,2.4672404735646104e-12,1,2064387,6,32
nomad-19wSfSWChOSI,slab,Fe20,NOMAD surfaces/adsorbates,dc5be888452f5dec938146abfb8b3b0d77017f7e5a68a4511b32d908ef558fcb,nomad_exact_bytes_decompress_to_baderkit_grid,4128768,33030144,2.0,0.0001,1.1276010322777783,386610,85.43530689842477,4.4535313132989596e-07,4.42685277989537e-07,0.2402412747331936,0.0256324639422385,1.1368683772161605e-13,0.1470068069999968,0.4958787139999856,2.0133991887163087e-12,1,2064387,6,32
nomad-19wSfSWChOSI,slab,Fe20,NOMAD surfaces/adsorbates,dc5be888452f5dec938146abfb8b3b0d77017f7e5a68a4511b32d908ef558fcb,nomad_exact_bytes_decompress_to_baderkit_grid,4128768,33030144,2.0,0.0002154434690031,2.4293427804550056,279827,118.0377304548882,7.207396277256626e-07,7.190294354268474e-07,0.388791554304646,0.0375200480434812,1.7053025658242404e-13,0.1299277189999941,0.4275179169999887,2.3954533299537296e-12,1,2064387,6,32
nomad-19wSfSWChOSI,slab,Fe20,NOMAD surfaces/adsorbates,dc5be888452f5dec938146abfb8b3b0d77017f7e5a68a4511b32d908ef558fcb,nomad_exact_bytes_decompress_to_baderkit_grid,4128768,33030144,2.0,0.0004641588833612,5.233860360190776,197865,166.9327268592222,1.1680721989710712e-06,1.1670177291049352e-06,0.5590842650653656,0.0548792547766961,1.1368683772161605e-13,0.1137951709999924,0.4348317669999915,2.021663656659851e-12,1,2064387,6,32
nomad-19wSfSWChOSI,slab,Fe20,NOMAD surfaces/adsorbates,dc5be888452f5dec938146abfb8b3b0d77017f7e5a68a4511b32d908ef558fcb,nomad_exact_bytes_decompress_to_baderkit_grid,4128768,33030144,2.0,0.001,11.276010322777784,151310,218.29452118168,1.899007502213473e-06,1.8983590839193683e-06,0.8555005950083796,0.0803246794681632,1.7053025658242404e-13,0.1095536420000087,0.4670005250000031,1.9512409574289505e-12,1,2064387,6,32
nomad-19wSfSWChOSI,slab,Fe20,NOMAD surfaces/adsorbates,dc5be888452f5dec938146abfb8b3b0d77017f7e5a68a4511b32d908ef558fcb,nomad_exact_bytes_decompress_to_baderkit_grid,4128768,33030144,2.0,0.0021544346900318,24.293427804550053,111265,296.86014469959105,3.10064573935886e-06,3.1002486543889343e-06,1.5819477480090427,0.118085279865044,1.1368683772161605e-13,0.1047129730000051,0.4720686210000053,1.901766037374432e-12,1,2064387,6,32
nomad-19wSfSWChOSI,slab,Fe20,NOMAD surfaces/adsorbates,dc5be888452f5dec938146abfb8b3b0d77017f7e5a68a4511b32d908ef558fcb,nomad_exact_bytes_decompress_to_baderkit_grid,4128768,33030144,2.0,0.0046415888336127,52.338603601907714,86280,382.8250347705146,5.050481321326937e-06,5.050237548384083e-06,2.3603354677306925,0.1729028175063773,1.1368683772161605e-13,0.103441011000001,0.4329376350000018,2.419217275986762e-12,1,2064387,6,32
nomad-19wSfSWChOSI,slab,Fe20,NOMAD surfaces/adsorbates,dc5be888452f5dec938146abfb8b3b0d77017f7e5a68a4511b32d908ef558fcb,nomad_exact_bytes_decompress_to_baderkit_grid,4128768,33030144,2.0,0.01,112.76010322777782,64991,508.2264313520333,8.260890852474738e-06,8.260741818658725e-06,3.37748576192098,0.2535458937298414,1.1368683772161605e-13,0.1028162820000204,0.458998575999999,1.915647464225818e-12,1,2064387,6,32
nomad-19wSfSWChOSI,slab,Fe20,NOMAD surfaces/adsorbates,dc5be888452f5dec938146abfb8b3b0d77017f7e5a68a4511b32d908ef558fcb,nomad_exact_bytes_decompress_to_baderkit_grid,4128768,33030144,2.0,0.0215443469003188,242.93427804550052,48558,680.22043741505,1.3437280678757189e-05,1.3437189057155434e-05,4.682783146887232,0.3719469982216883,1.1368683772161605e-13,0.0969125209999788,0.4797731730000123,1.966105348566008e-12,1,2064387,6,32
nomad-19wSfSWChOSI,slab,Fe20,NOMAD surfaces/adsorbates,dc5be888452f5dec938146abfb8b3b0d77017f7e5a68a4511b32d908ef558fcb,nomad_exact_bytes_decompress_to_baderkit_grid,4128768,33030144,2.0,0.0464158883361277,523.3860360190771,38766,852.0390032502709,2.2171113312257887e-05,2.2171057783132864e-05,5.918676638299075,0.5496041052161071,1.1368683772161605e-13,0.0955438899999876,0.4321826519999945,2.048430197100937e-12,1,2064387,6,32
nomad-19wSfSWChOSI,slab,Fe20,NOMAD surfaces/adsorbates,dc5be888452f5dec938146abfb8b3b0d77017f7e5a68a4511b32d908ef558fcb,nomad_exact_bytes_decompress_to_baderkit_grid,4128768,33030144,2.0,0.1,1127.601032277778,30435,1085.2684080827994,3.604390029390829e-05,3.604386613718403e-05,9.7851129961673,0.8031061527853004,1.1368683772161605e-13,0.1081691720000037,0.4598018699999784,2.014374790351882e-12,1,2064387,6,32
nomad-19wSfSWChOSI,slab,Fe20,NOMAD surfaces/adsorbates,dc5be888452f5dec938146abfb8b3b0d77017f7e5a68a4511b32d908ef558fcb,nomad_exact_bytes_decompress_to_baderkit_grid,4128768,33030144,2.0,0.2154434690031882,2429.3427804550056,25447,1297.9975635634848,6.171723455042406e-05,6.171721460233039e-05,12.305258035923544,1.2403911165003263,1.1368683772161605e-13,0.0938923779999925,0.4760375110000154,2.0953369385443705e-12,1,2064387,6,32
nomad-19wSfSWChOSI,slab,Fe20,NOMAD surfaces/adsorbates,dc5be888452f5dec938146abfb8b3b0d77017f7e5a68a4511b32d908ef558fcb,nomad_exact_bytes_decompress_to_baderkit_grid,4128768,33030144,2.0,0.4641588833612772,5233.860360190771,20216,1633.8614958448754,0.000100644831743,0.0001006448195105,17.223931999981595,1.8275990661083856,1.1368683772161605e-13,0.0931166770000118,0.42808474200001,1.903733251777103e-12,1,2064387,6,32
nomad-19wSfSWChOSI,slab,Fe20,NOMAD surfaces/adsorbates,dc5be888452f5dec938146abfb8b3b0d77017f7e5a68a4511b32d908ef558fcb,nomad_exact_bytes_decompress_to_baderkit_grid,4128768,33030144,2.0,1.0,11276.010322777782,17321,1906.9420934126208,0.0001660087293487,0.0001660087219325,29.88467402772403,2.7250111393169227,1.1368683772161605e-13,0.0941793860000075,0.459598298000003,1.964795951083108e-12,1,2064387,6,32
nomad-19wSfSWChOSI,slab,Fe20,NOMAD surfaces/adsorbates,dc5be888452f5dec938146abfb8b3b0d77017f7e5a68a4511b32d908ef558fcb,nomad_exact_bytes_decompress_to_baderkit_grid,4128768,33030144,2.0,2.154434690031882,24293.42780455005,15092,2188.586270871985,0.0002799618808352,0.0002799618764376,32.590921761355325,4.071585952353718,1.1368683772161605e-13,0.0963589750000153,0.4771803780000141,2.0958010027170058e-12,1,2064387,6,32
nomad-19wSfSWChOSI,slab,Fe20,NOMAD surfaces/adsorbates,dc5be888452f5dec938146abfb8b3b0d77017f7e5a68a4511b32d908ef558fcb,nomad_exact_bytes_decompress_to_baderkit_grid,4128768,33030144,2.0,4.641588833612772,52338.6036019077,12623,2616.6635506614907,0.0004767094444403,0.0004767094418577,72.5113527968897,6.234997335726876,1.1368683772161605e-13,0.0898586779999845,0.426982828000007,2.19971931932179e-12,1,2064387,6,32
nomad-19wSfSWChOSI,slab,Fe20,NOMAD surfaces/adsorbates,dc5be888452f5dec938146abfb8b3b0d77017f7e5a68a4511b32d908ef558fcb,nomad_exact_bytes_decompress_to_baderkit_grid,4128768,33030144,2.0,10.0,112760.1032277778,11404,2896.364784286216,0.0008104417752901,0.000810441773771,100.1649694346352,9.53737200717382,1.1368683772161605e-13,0.0915749809999795,0.4465910440000016,1.989179896793288e-12,1,2064387,6,32
nomad-WjYAcipcgiRI,slab,Ga16N14H2,NOMAD surfaces/adsorbates,4db48bc75b5bc11c7aeb8b50780ec275fba42aa32ed4fb82bceb16f56d46acf0,nomad_exact_bytes_decompress_to_baderkit_grid,1720320,13762560,0.0,1e-07,0.0010346465211557,2245799,6.1281352427354365,1.0460052370009117e-08,1.0400736454838824e-08,0.0019997034075771,0.0004225010893319,5.684341886080803e-14,0.2992858699999914,0.19848140900001,2.000827537194294e-12,1,860163,6,32
nomad-WjYAcipcgiRI,slab,Ga16N14H2,NOMAD surfaces/adsorbates,4db48bc75b5bc11c7aeb8b50780ec275fba42aa32ed4fb82bceb16f56d46acf0,nomad_exact_bytes_decompress_to_baderkit_grid,1720320,13762560,0.0,2.1544346900318827e-07,0.0022290783570988,1871796,7.352596116243436,2.286945959562814e-08,2.2743459678606866e-08,0.0045986481012505,0.0009101577890065,5.684341886080803e-14,0.2546577619999937,0.1787901069999975,1.7257323785001464e-12,1,860163,6,32
nomad-WjYAcipcgiRI,slab,Ga16N14H2,NOMAD surfaces/adsorbates,4db48bc75b5bc11c7aeb8b50780ec275fba42aa32ed4fb82bceb16f56d46acf0,nomad_exact_bytes_decompress_to_baderkit_grid,1720320,13762560,0.0,4.641588833612782e-07,0.004802403739333,1440282,9.555462055347494,4.88556518225592e-08,4.8582033078326406e-08,0.0098114691034538,0.001960547903725,5.684341886080803e-14,0.1763984090000008,0.1824426689999967,1.8767196182641325e-12,1,860163,6,32
nomad-WjYAcipcgiRI,slab,Ga16N14H2,NOMAD surfaces/adsorbates,4db48bc75b5bc11c7aeb8b50780ec275fba42aa32ed4fb82bceb16f56d46acf0,nomad_exact_bytes_decompress_to_baderkit_grid,1720320,13762560,0.0,1e-06,0.0103464652115578,1100884,12.501371624985012,1.0440150599363769e-07,1.0380939772389116e-07,0.0215076629569693,0.0042237308663416,5.684341886080803e-14,0.176146057000011,0.1753222110000081,1.7612130124580176e-12,1,860163,6,32
nomad-WjYAcipcgiRI,slab,Ga16N14H2,NOMAD surfaces/adsorbates,4db48bc75b5bc11c7aeb8b50780ec275fba42aa32ed4fb82bceb16f56d46acf0,nomad_exact_bytes_decompress_to_baderkit_grid,1720320,13762560,0.0,2.1544346900318822e-06,0.0222907835709883,819008,16.80393842306791,2.297957808852118e-07,2.285961810676499e-07,0.0461062661426012,0.0090017094096145,5.684341886080803e-14,0.1722878679999979,0.1775886329999991,2.2306328844021167e-12,1,860163,6,32
nomad-WjYAcipcgiRI,slab,Ga16N14H2,NOMAD surfaces/adsorbates,4db48bc75b5bc11c7aeb8b50780ec275fba42aa32ed4fb82bceb16f56d46acf0,nomad_exact_bytes_decompress_to_baderkit_grid,1720320,13762560,0.0,4.641588833612773e-06,0.0480240373933299,548786,25.078190770172707,4.794022097500893e-07,4.773869789897034e-07,0.1486896724929352,0.0182537484060755,5.684341886080803e-14,0.1294673720000076,0.1742564209999955,1.575514333928751e-12,1,860163,6,32
nomad-WjYAcipcgiRI,slab,Ga16N14H2,NOMAD surfaces/adsorbates,4db48bc75b5bc11c7aeb8b50780ec275fba42aa32ed4fb82bceb16f56d46acf0,nomad_exact_bytes_decompress_to_baderkit_grid,1720320,13762560,0.0,1e-05,0.1034646521155786,344616,39.93592868584163,9.997157592189724e-07,9.97232655569885e-07,0.2767809661933427,0.0343783494393035,5.684341886080803e-14,0.0892499309999976,0.1662321370000086,1.7924199351902437e-12,1,860163,6,32
nomad-WjYAcipcgiRI,slab,Ga16N14H2,NOMAD surfaces/adsorbates,4db48bc75b5bc11c7aeb8b50780ec275fba42aa32ed4fb82bceb16f56d46acf0,nomad_exact_bytes_decompress_to_baderkit_grid,1720320,13762560,0.0,2.1544346900318823e-05,0.2229078357098831,211386,65.10629843035963,1.994837001056465e-06,1.9924948763757265e-06,0.4586405734243044,0.0609332371708067,5.684341886080803e-14,0.0615385320000001,0.1567117649999971,1.957616305121713e-12,1,860163,6,32
nomad-WjYAcipcgiRI,slab,Ga16N14H2,NOMAD surfaces/adsorbates,4db48bc75b5bc11c7aeb8b50780ec275fba42aa32ed4fb82bceb16f56d46acf0,nomad_exact_bytes_decompress_to_baderkit_grid,1720320,13762560,0.0,4.641588833612772e-05,0.4802403739332997,133450,103.12896215811163,3.916055232832809e-06,3.914384633357106e-06,0.8544164765974926,0.1049320344206814,5.684341886080803e-14,0.0485670860000055,0.1582385600000009,1.7152945498895908e-12,1,860163,6,32
nomad-WjYAcipcgiRI,slab,Ga16N14H2,NOMAD surfaces/adsorbates,4db48bc75b5bc11c7aeb8b50780ec275fba42aa32ed4fb82bceb16f56d46acf0,nomad_exact_bytes_decompress_to_baderkit_grid,1720320,13762560,0.0,0.0001,1.034646521155786,88367,155.74320730589474,8.152510369892555e-06,8.151670449903752e-06,1.3822457125559424,0.1794504819844803,5.684341886080803e-14,0.0461049769999988,0.1683656189999993,1.919652649174229e-12,1,860163,6,32
nomad-WjYAcipcgiRI,slab,Ga16N14H2,NOMAD surfaces/adsorbates,4db48bc75b5bc11c7aeb8b50780ec275fba42aa32ed4fb82bceb16f56d46acf0,nomad_exact_bytes_decompress_to_baderkit_grid,1720320,13762560,0.0,0.0002154434690031,2.229078357098831,59187,232.5267372902833,1.657061593925385e-05,1.657020272654758e-05,2.076133656607226,0.3084909805545094,5.684341886080803e-14,0.0403311950000073,0.1692172770000013,1.7974496954992485e-12,1,860163,6,32
nomad-WjYAcipcgiRI,slab,Ga16N14H2,NOMAD surfaces/adsorbates,4db48bc75b5bc11c7aeb8b50780ec275fba42aa32ed4fb82bceb16f56d46acf0,nomad_exact_bytes_decompress_to_baderkit_grid,1720320,13762560,0.0,0.0004641588833612,4.802403739333002,41683,330.1720125710721,3.1682563036854904e-05,3.168234692027921e-05,3.9792011221677512,0.5327333177791322,5.684341886080803e-14,0.0372040879999957,0.1609401889999873,1.794086506596082e-12,1,860163,6,32
nomad-WjYAcipcgiRI,slab,Ga16N14H2,NOMAD surfaces/adsorbates,4db48bc75b5bc11c7aeb8b50780ec275fba42aa32ed4fb82bceb16f56d46acf0,nomad_exact_bytes_decompress_to_baderkit_grid,1720320,13762560,0.0,0.001,10.34646521155786,28959,475.2429296591733,6.635703488565193e-05,6.63569316997728e-05,6.039696349304791,0.9314219949614566,0.0,0.0351910220000064,0.1623281730000059,2.042498159156078e-12,1,860163,6,32
nomad-WjYAcipcgiRI,slab,Ga16N14H2,NOMAD surfaces/adsorbates,4db48bc75b5bc11c7aeb8b50780ec275fba42aa32ed4fb82bceb16f56d46acf0,nomad_exact_bytes_decompress_to_baderkit_grid,1720320,13762560,0.0,0.0021544346900318,22.290783570988307,21534,639.1083867372528,0.000127955629091,0.0001279555755795,17.029235077461635,1.608809207990788,5.684341886080803e-14,0.0340326879999963,0.1604759279999967,2.2513050562867257e-12,1,860163,6,32
nomad-WjYAcipcgiRI,slab,Ga16N14H2,NOMAD surfaces/adsorbates,4db48bc75b5bc11c7aeb8b50780ec275fba42aa32ed4fb82bceb16f56d46acf0,nomad_exact_bytes_decompress_to_baderkit_grid,1720320,13762560,0.0,0.0046415888336127,48.02403739332998,16217,848.6501819078744,0.0002634817604821,0.0002634817344951,33.71970932836348,2.926137214067364,5.684341886080803e-14,0.033916841000007,0.159274804000006,1.7742517911407079e-12,1,860163,6,32
nomad-WjYAcipcgiRI,slab,Ga16N14H2,NOMAD surfaces/adsorbates,4db48bc75b5bc11c7aeb8b50780ec275fba42aa32ed4fb82bceb16f56d46acf0,nomad_exact_bytes_decompress_to_baderkit_grid,1720320,13762560,0.0,0.01,103.4646521155786,12951,1062.663886958536,0.0005263047453119,0.0005263047323022,123.32764547894452,5.0338255688171385,5.684341886080803e-14,0.0329353799999978,0.1621032999999982,1.6061316470617778e-12,1,860163,6,32
nomad-WjYAcipcgiRI,slab,Ga16N14H2,NOMAD surfaces/adsorbates,4db48bc75b5bc11c7aeb8b50780ec275fba42aa32ed4fb82bceb16f56d46acf0,nomad_exact_bytes_decompress_to_baderkit_grid,1720320,13762560,0.0,0.0215443469003188,222.9078357098831,10848,1268.6725663716811,0.0010199671048657,0.0010199670981527,232.26318374486092,8.751221586261362,5.684341886080803e-14,0.0337515209999992,0.1602326909999902,1.6824301443040289e-12,1,860163,6,32
nomad-WjYAcipcgiRI,slab,Ga16N14H2,NOMAD surfaces/adsorbates,4db48bc75b5bc11c7aeb8b50780ec275fba42aa32ed4fb82bceb16f56d46acf0,nomad_exact_bytes_decompress_to_baderkit_grid,1720320,13762560,0.0,0.0464158883361277,480.2403739332997,8770,1569.2770809578108,0.0023124165917392,0.0023124165887782,376.6295734464761,15.020670659137997,5.684341886080803e-14,0.0328667099999933,0.1625762579999872,2.230862068339909e-12,1,860163,6,32
nomad-WjYAcipcgiRI,slab,Ga16N14H2,NOMAD surfaces/adsorbates,4db48bc75b5bc11c7aeb8b50780ec275fba42aa32ed4fb82bceb16f56d46acf0,nomad_exact_bytes_decompress_to_baderkit_grid,1720320,13762560,0.0,0.1,1034.646521155786,7556,1821.40815246162,0.0044586067862785,0.0044586067847428,430.67108449340026,27.49646276392141,5.684341886080803e-14,0.0331287830000093,0.1598982940000013,2.2457999546619378e-12,1,860163,6,32
nomad-WjYAcipcgiRI,slab,Ga16N14H2,NOMAD surfaces/adsorbates,4db48bc75b5bc11c7aeb8b50780ec275fba42aa32ed4fb82bceb16f56d46acf0,nomad_exact_bytes_decompress_to_baderkit_grid,1720320,13762560,0.0,0.2154434690031882,2229.078357098831,6757,2036.785555719994,0.0098081347605623,0.0098081347598643,554.7752648333142,51.28046954748898,5.684341886080803e-14,0.0320951329999985,0.1631373209999935,1.738863083563231e-12,1,860163,6,32
nomad-WjYAcipcgiRI,slab,Ga16N14H2,NOMAD surfaces/adsorbates,4db48bc75b5bc11c7aeb8b50780ec275fba42aa32ed4fb82bceb16f56d46acf0,nomad_exact_bytes_decompress_to_baderkit_grid,1720320,13762560,0.0,0.4641588833612772,4802.403739332997,6230,2209.078651685393,0.0198101889614705,0.019810188961125,820.3779410504794,94.91706653386692,5.684341886080803e-14,0.036166742000006,0.1753792269999934,1.731032333266169e-12,1,860163,6,32
nomad-WjYAcipcgiRI,slab,Ga16N14H2,NOMAD surfaces/adsorbates,4db48bc75b5bc11c7aeb8b50780ec275fba42aa32ed4fb82bceb16f56d46acf0,nomad_exact_bytes_decompress_to_baderkit_grid,1720320,13762560,0.0,1.0,10346.46521155786,5857,2349.762677138466,0.0376621747981754,0.0376621747979938,2164.4819470736657,166.24223861382302,5.684341886080803e-14,0.0354033200000003,0.182658573999987,1.7010634543609913e-12,1,860163,6,32
nomad-WjYAcipcgiRI,slab,Ga16N14H2,NOMAD surfaces/adsorbates,4db48bc75b5bc11c7aeb8b50780ec275fba42aa32ed4fb82bceb16f56d46acf0,nomad_exact_bytes_decompress_to_baderkit_grid,1720320,13762560,0.0,2.154434690031882,22290.783570988307,5601,2457.1612212104983,0.0752529381404808,0.0752529381403903,3720.509019488023,272.82370379329217,5.684341886080803e-14,0.0360658910000069,0.2037991429999976,1.7905153425725256e-12,1,860163,6,32
nomad-WjYAcipcgiRI,slab,Ga16N14H2,NOMAD surfaces/adsorbates,4db48bc75b5bc11c7aeb8b50780ec275fba42aa32ed4fb82bceb16f56d46acf0,nomad_exact_bytes_decompress_to_baderkit_grid,1720320,13762560,0.0,4.641588833612772,48024.03739332997,5389,2553.8244572276863,0.1753502466625509,0.1753502466625131,6091.661851803752,417.6367697716733,5.684341886080803e-14,0.0362213670000102,0.1839866680000028,1.4504132064084349e-12,1,860163,6,32
nomad-WjYAcipcgiRI,slab,Ga16N14H2,NOMAD surfaces/adsorbates,4db48bc75b5bc11c7aeb8b50780ec275fba42aa32ed4fb82bceb16f56d46acf0,nomad_exact_bytes_decompress_to_baderkit_grid,1720320,13762560,0.0,10.0,103464.6521155786,5313,2590.3557312252965,0.2096047592195602,0.2096047592195289,6887.499022801125,596.6791265168102,5.684341886080803e-14,0.0362017310000055,0.1754659540000034,1.2723831889580562e-12,1,860163,6,32
nomad-WjYAcipcgiRI,slab,Ga16N14H2,NOMAD surfaces/adsorbates,4db48bc75b5bc11c7aeb8b50780ec275fba42aa32ed4fb82bceb16f56d46acf0,nomad_exact_bytes_decompress_to_baderkit_grid,1720320,13762560,1.0,1e-07,0.0010346465211557,2513137,5.476247415083221,4.049114179843983e-09,3.9858953925642715e-09,0.0011546136765083,0.0002288437784932,5.684341886080803e-14,0.2915638189999896,0.1790115049999912,1.8119285445808216e-12,1,860163,6,32
nomad-WjYAcipcgiRI,slab,Ga16N14H2,NOMAD surfaces/adsorbates,4db48bc75b5bc11c7aeb8b50780ec275fba42aa32ed4fb82bceb16f56d46acf0,nomad_exact_bytes_decompress_to_baderkit_grid,1720320,13762560,1.0,2.1544346900318827e-07,0.0022290783570988,2195808,6.2676518165522666,8.72610570669452e-09,8.589189588403023e-09,0.0025455238913723,0.0004932371442576,5.684341886080803e-14,0.2851030700000052,0.1899879650000002,1.9746827625732517e-12,1,860163,6,32
nomad-WjYAcipcgiRI,slab,Ga16N14H2,NOMAD surfaces/adsorbates,4db48bc75b5bc11c7aeb8b50780ec275fba42aa32ed4fb82bceb16f56d46acf0,nomad_exact_bytes_decompress_to_baderkit_grid,1720320,13762560,1.0,4.641588833612782e-07,0.004802403739333,1822709,7.550607365191042,1.878938452511385e-08,1.8496434989694063e-08,0.0052052170995722,0.0010615856494935,5.684341886080803e-14,0.2252411059999985,0.192425538000009,1.6987697427633132e-12,1,860163,6,32
nomad-WjYAcipcgiRI,slab,Ga16N14H2,NOMAD surfaces/adsorbates,4db48bc75b5bc11c7aeb8b50780ec275fba42aa32ed4fb82bceb16f56d46acf0,nomad_exact_bytes_decompress_to_baderkit_grid,1720320,13762560,1.0,1e-06,0.0103464652115578,1443914,9.53142638689008,4.048575087436003e-08,3.9853100541239784e-08,0.0112040569334794,0.0022885238832749,5.684341886080803e-14,0.1915505660000036,0.1978282530000115,1.8898687267263138e-12,1,860163,6,32
nomad-WjYAcipcgiRI,slab,Ga16N14H2,NOMAD surfaces/adsorbates,4db48bc75b5bc11c7aeb8b50780ec275fba42aa32ed4fb82bceb16f56d46acf0,nomad_exact_bytes_decompress_to_baderkit_grid,1720320,13762560,1.0,2.1544346900318822e-06,0.0222907835709883,1108917,12.410811629725218,8.701559210256562e-08,8.566792231869325e-08,0.0259317083545056,0.0049020278173235,5.684341886080803e-14,0.1819747229999961,0.1914187499999968,1.7477855715225184e-12,1,860163,6,32
nomad-WjYAcipcgiRI,slab,Ga16N14H2,NOMAD surfaces/adsorbates,4db48bc75b5bc11c7aeb8b50780ec275fba42aa32ed4fb82bceb16f56d46acf0,nomad_exact_bytes_decompress_to_baderkit_grid,1720320,13762560,1.0,4.641588833612773e-06,0.0480240373933299,812935,16.929471605970956,1.8220687574452206e-07,1.796292269884714e-07,0.0753167486556378,0.010037752240169,5.684341886080803e-14,0.1614183620000062,0.1761967549999923,1.8779016622157282e-12,1,860163,6,32
nomad-WjYAcipcgiRI,slab,Ga16N14H2,NOMAD surfaces/adsorbates,4db48bc75b5bc11c7aeb8b50780ec275fba42aa32ed4fb82bceb16f56d46acf0,nomad_exact_bytes_decompress_to_baderkit_grid,1720320,13762560,1.0,1e-05,0.1034646521155786,563982,24.40248093024245,3.610905408123781e-07,3.573023640681701e-07,0.1560921420589807,0.0187917812779145,5.684341886080803e-14,0.1248304270000062,0.1792374390000048,1.9999930031390567e-12,1,860163,6,32
nomad-WjYAcipcgiRI,slab,Ga16N14H2,NOMAD surfaces/adsorbates,4db48bc75b5bc11c7aeb8b50780ec275fba42aa32ed4fb82bceb16f56d46acf0,nomad_exact_bytes_decompress_to_baderkit_grid,1720320,13762560,1.0,2.1544346900318823e-05,0.2229078357098831,372010,36.9951345393941,6.78534860092102e-07,6.740029596769917e-07,0.2871126093758391,0.0324227193415583,5.684341886080803e-14,0.0932763859999994,0.1760487669999975,1.9975671379375825e-12,1,860163,6,32
nomad-WjYAcipcgiRI,slab,Ga16N14H2,NOMAD surfaces/adsorbates,4db48bc75b5bc11c7aeb8b50780ec275fba42aa32ed4fb82bceb16f56d46acf0,nomad_exact_bytes_decompress_to_baderkit_grid,1720320,13762560,1.0,4.641588833612772e-05,0.4802403739332997,236335,58.233270569318975,1.2273780099345556e-06,1.2231903004760162e-06,0.4418209247247944,0.0528159933328203,5.684341886080803e-14,0.0659289750000056,0.1792062509999965,1.8084304578454317e-12,1,860163,6,32
nomad-WjYAcipcgiRI,slab,Ga16N14H2,NOMAD surfaces/adsorbates,4db48bc75b5bc11c7aeb8b50780ec275fba42aa32ed4fb82bceb16f56d46acf0,nomad_exact_bytes_decompress_to_baderkit_grid,1720320,13762560,1.0,0.0001,1.034646521155786,159907,86.06602587754132,2.179615987998026e-06,2.1765580167914187e-06,0.6465436905390334,0.083400079925218,5.684341886080803e-14,0.0517917459999921,0.1592367300000035,1.85463426385544e-12,1,860163,6,32
nomad-WjYAcipcgiRI,slab,Ga16N14H2,NOMAD surfaces/adsorbates,4db48bc75b5bc11c7aeb8b50780ec275fba42aa32ed4fb82bceb16f56d46acf0,nomad_exact_bytes_decompress_to_baderkit_grid,1720320,13762560,1.0,0.0002154434690031,2.229078357098831,108215,127.17793281892529,3.8732348944066345e-06,3.87146669104577e-06,0.9965305946827528,0.1307562519752953,5.684341886080803e-14,0.0440481790000006,0.1626796980000051,2.0386045364232908e-12,1,860163,6,32
nomad-WjYAcipcgiRI,slab,Ga16N14H2,NOMAD surfaces/adsorbates,4db48bc75b5bc11c7aeb8b50780ec275fba42aa32ed4fb82bceb16f56d46acf0,nomad_exact_bytes_decompress_to_baderkit_grid,1720320,13762560,1.0,0.0004641588833612,4.802403739333002,79746,172.5799413136709,6.875958248901704e-06,6.874962373225583e-06,1.477229069260261,0.2046120234459618,5.684341886080803e-14,0.0414660659999981,0.162888860999999,2.123598888614148e-12,1,860163,6,32
nomad-WjYAcipcgiRI,slab,Ga16N14H2,NOMAD surfaces/adsorbates,4db48bc75b5bc11c7aeb8b50780ec275fba42aa32ed4fb82bceb16f56d46acf0,nomad_exact_bytes_decompress_to_baderkit_grid,1720320,13762560,1.0,0.001,10.34646521155786,59538,231.15590043333668,1.227125603098397e-05,1.2270698039255553e-05,2.3513904042977742,0.3212055510758277,5.684341886080803e-14,0.0386529789999912,0.1659866520000008,1.792927528351024e-12,1,860163,6,32
nomad-WjYAcipcgiRI,slab,Ga16N14H2,NOMAD surfaces/adsorbates,4db48bc75b5bc11c7aeb8b50780ec275fba42aa32ed4fb82bceb16f56d46acf0,nomad_exact_bytes_decompress_to_baderkit_grid,1720320,13762560,1.0,0.0021544346900318,22.290783570988307,42104,326.8706061181836,2.203341451032342e-05,2.2033103748141443e-05,3.749926344094632,0.5082304265945871,5.684341886080803e-14,0.0370748679999906,0.1602332390000072,1.7198231788603906e-12,1,860163,6,32
nomad-WjYAcipcgiRI,slab,Ga16N14H2,NOMAD surfaces/adsorbates,4db48bc75b5bc11c7aeb8b50780ec275fba42aa32ed4fb82bceb16f56d46acf0,nomad_exact_bytes_decompress_to_baderkit_grid,1720320,13762560,1.0,0.0046415888336127,48.02403739332998,31146,441.8724715854364,4.008486465097957e-05,4.008469383542801e-05,5.769479588605054,0.8168637886066082,5.684341886080803e-14,0.0346186799999941,0.1626098979999994,1.954528026557096e-12,1,860163,6,32
nomad-WjYAcipcgiRI,slab,Ga16N14H2,NOMAD surfaces/adsorbates,4db48bc75b5bc11c7aeb8b50780ec275fba42aa32ed4fb82bceb16f56d46acf0,nomad_exact_bytes_decompress_to_baderkit_grid,1720320,13762560,1.0,0.01,103.4646521155786,23728,580.013486176669,7.140531959493922e-05,7.140522370420881e-05,16.973349851894454,1.2891028020183508,5.684341886080803e-14,0.0344119429999949,0.1591678099999995,2.090778291673538e-12,1,860163,6,32
nomad-WjYAcipcgiRI,slab,Ga16N14H2,NOMAD surfaces/adsorbates,4db48bc75b5bc11c7aeb8b50780ec275fba42aa32ed4fb82bceb16f56d46acf0,nomad_exact_bytes_decompress_to_baderkit_grid,1720320,13762560,1.0,0.0215443469003188,222.9078357098831,19236,715.4585152838428,0.0001318555684305,0.0001318555165017,22.734896028828643,2.1081180309772503,5.684341886080803e-14,0.0338052449999963,0.1613293549999923,1.7210558573864916e-12,1,860163,6,32
nomad-WjYAcipcgiRI,slab,Ga16N14H2,NOMAD surfaces/adsorbates,4db48bc75b5bc11c7aeb8b50780ec275fba42aa32ed4fb82bceb16f56d46acf0,nomad_exact_bytes_decompress_to_baderkit_grid,1720320,13762560,1.0,0.0464158883361277,480.2403739332997,14828,928.1467493930402,0.0002412473361329,0.0002412473077508,83.48847935139747,3.455677274770228,5.684341886080803e-14,0.033863428999993,0.1624772170000028,1.7855606920972698e-12,1,860163,6,32
nomad-WjYAcipcgiRI,slab,Ga16N14H2,NOMAD surfaces/adsorbates,4db48bc75b5bc11c7aeb8b50780ec275fba42aa32ed4fb82bceb16f56d46acf0,nomad_exact_bytes_decompress_to_baderkit_grid,1720320,13762560,1.0,0.1,1034.646521155786,12585,1093.5685339690108,0.0004300022221112,0.0004300022061878,143.358343439259,5.499792174836145,5.684341886080803e-14,0.0340357719999957,0.163001070000007,1.8303022493691185e-12,1,860163,6,32
nomad-WjYAcipcgiRI,slab,Ga16N14H2,NOMAD surfaces/adsorbates,4db48bc75b5bc11c7aeb8b50780ec275fba42aa32ed4fb82bceb16f56d46acf0,nomad_exact_bytes_decompress_to_baderkit_grid,1720320,13762560,1.0,0.2154434690031882,2229.078357098831,10699,1286.3407795121038,0.0007602861692587,0.0007602861602527,270.3712707159352,8.613436785669304,5.684341886080803e-14,0.0335745759999923,0.1600895959999917,2.065427891854807e-12,1,860163,6,32
nomad-WjYAcipcgiRI,slab,Ga16N14H2,NOMAD surfaces/adsorbates,4db48bc75b5bc11c7aeb8b50780ec275fba42aa32ed4fb82bceb16f56d46acf0,nomad_exact_bytes_decompress_to_baderkit_grid,1720320,13762560,1.0,0.4641588833612772,4802.403739332997,8915,1543.753224901851,0.0013789501624594,0.001378950157494,354.4701360537142,13.735653507125166,5.684341886080803e-14,0.0325842480000062,0.161251766999996,1.920541574764674e-12,1,860163,6,32
nomad-WjYAcipcgiRI,slab,Ga16N14H2,NOMAD surfaces/adsorbates,4db48bc75b5bc11c7aeb8b50780ec275fba42aa32ed4fb82bceb16f56d46acf0,nomad_exact_bytes_decompress_to_baderkit_grid,1720320,13762560,1.0,1.0,10346.46521155786,8019,1716.243920688365,0.0025805832601771,0.0025805832575238,465.14387535265655,23.0244321722463,5.684341886080803e-14,0.0330649209999904,0.160394538999995,1.7360281371635117e-12,1,860163,6,32
nomad-WjYAcipcgiRI,slab,Ga16N14H2,NOMAD surfaces/adsorbates,4db48bc75b5bc11c7aeb8b50780ec275fba42aa32ed4fb82bceb16f56d46acf0,nomad_exact_bytes_decompress_to_baderkit_grid,1720320,13762560,1.0,2.154434690031882,22290.783570988307,7348,1872.9667936853568,0.0049379973698375,0.0049379973684509,526.5942568401695,39.87409757086669,5.684341886080803e-14,0.0333939080000078,0.1625374799999974,1.7405601971136636e-12,1,860163,6,32
nomad-WjYAcipcgiRI,slab,Ga16N14H2,NOMAD surfaces/adsorbates,4db48bc75b5bc11c7aeb8b50780ec275fba42aa32ed4fb82bceb16f56d46acf0,nomad_exact_bytes_decompress_to_baderkit_grid,1720320,13762560,1.0,4.641588833612772,48024.03739332997,6528,2108.235294117647,0.0092498435495631,0.0092498435488229,697.6871656680341,68.47240170404834,5.684341886080803e-14,0.0330981520000079,0.1591003200000074,1.858434058106013e-12,1,860163,6,32
nomad-WjYAcipcgiRI,slab,Ga16N14H2,NOMAD surfaces/adsorbates,4db48bc75b5bc11c7aeb8b50780ec275fba42aa32ed4fb82bceb16f56d46acf0,nomad_exact_bytes_decompress_to_baderkit_grid,1720320,13762560,1.0,10.0,103464.6521155786,6154,2236.360090997725,0.0172016103653613,0.0172016103649634,1486.194806839283,117.46950614417132,5.684341886080803e-14,0.0329621869999954,0.1628043200000064,1.6874395941907488e-12,1,860163,6,32
nomad-WjYAcipcgiRI,slab,Ga16N14H2,NOMAD surfaces/adsorbates,4db48bc75b5bc11c7aeb8b50780ec275fba42aa32ed4fb82bceb16f56d46acf0,nomad_exact_bytes_decompress_to_baderkit_grid,1720320,13762560,2.0,1e-07,0.0010346465211557,2778349,4.953502961650966,2.1940365873195067e-09,2.143123374101677e-09,0.000706335164466,0.0001413934467022,5.684341886080803e-14,0.3028584770000009,0.1744230039999905,2.001580246958284e-12,1,860163,6,32
nomad-WjYAcipcgiRI,slab,Ga16N14H2,NOMAD surfaces/adsorbates,4db48bc75b5bc11c7aeb8b50780ec275fba42aa32ed4fb82bceb16f56d46acf0,nomad_exact_bytes_decompress_to_baderkit_grid,1720320,13762560,2.0,2.1544346900318827e-07,0.0022290783570988,2491491,5.523824890396955,4.722581468324125e-09,4.6126429188940915e-09,0.0015130945279224,0.0003043441736961,5.684341886080803e-14,0.3169899779999952,0.1846689820000051,2.281117579950542e-12,1,860163,6,32
nomad-WjYAcipcgiRI,slab,Ga16N14H2,NOMAD surfaces/adsorbates,4db48bc75b5bc11c7aeb8b50780ec275fba42aa32ed4fb82bceb16f56d46acf0,nomad_exact_bytes_decompress_to_baderkit_grid,1720320,13762560,2.0,4.641588833612782e-07,0.004802403739333,2153907,6.389579494379284,1.0176062515689708e-08,9.939795305791832e-09,0.0032440015334729,0.0006556014470655,5.684341886080803e-14,0.2703225509999925,0.1839472879999988,1.8533203355714254e-12,1,860163,6,32
nomad-WjYAcipcgiRI,slab,Ga16N14H2,NOMAD surfaces/adsorbates,4db48bc75b5bc11c7aeb8b50780ec275fba42aa32ed4fb82bceb16f56d46acf0,nomad_exact_bytes_decompress_to_baderkit_grid,1720320,13762560,2.0,1e-06,0.0103464652115578,1823272,7.548275846938909,2.192530191706203e-08,2.141427322995479e-08,0.006854459352938,0.0014128885262664,5.684341886080803e-14,0.2454569370000001,0.1793847160000012,1.816560300030525e-12,1,860163,6,32
nomad-WjYAcipcgiRI,slab,Ga16N14H2,NOMAD surfaces/adsorbates,4db48bc75b5bc11c7aeb8b50780ec275fba42aa32ed4fb82bceb16f56d46acf0,nomad_exact_bytes_decompress_to_baderkit_grid,1720320,13762560,2.0,2.1544346900318822e-06,0.0222907835709883,1449874,9.492245533060114,4.7104594187389774e-08,4.6011740236919455e-08,0.0149042769936613,0.00302839564222,5.684341886080803e-14,0.2022278730000124,0.1834173940000028,1.839578752106423e-12,1,860163,6,32
nomad-WjYAcipcgiRI,slab,Ga16N14H2,NOMAD surfaces/adsorbates,4db48bc75b5bc11c7aeb8b50780ec275fba42aa32ed4fb82bceb16f56d46acf0,nomad_exact_bytes_decompress_to_baderkit_grid,1720320,13762560,2.0,4.641588833612773e-06,0.0480240373933299,1138364,12.089770934428708,9.903367462923464e-08,9.681140772522425e-08,0.0403690104896838,0.0062665908067147,5.684341886080803e-14,0.1889904209999997,0.1777169759999992,1.651802432326078e-12,1,860163,6,32
nomad-WjYAcipcgiRI,slab,Ga16N14H2,NOMAD surfaces/adsorbates,4db48bc75b5bc11c7aeb8b50780ec275fba42aa32ed4fb82bceb16f56d46acf0,nomad_exact_bytes_decompress_to_baderkit_grid,1720320,13762560,2.0,1e-05,0.1034646521155786,829091,16.59957712723935,1.954258478333677e-07,1.9166892119421346e-07,0.0974426377491113,0.0118392607524904,5.684341886080803e-14,0.1511297409999912,0.1725854860000026,1.7830397123969618e-12,1,860163,6,32
nomad-WjYAcipcgiRI,slab,Ga16N14H2,NOMAD surfaces/adsorbates,4db48bc75b5bc11c7aeb8b50780ec275fba42aa32ed4fb82bceb16f56d46acf0,nomad_exact_bytes_decompress_to_baderkit_grid,1720320,13762560,2.0,2.1544346900318823e-05,0.2229078357098831,586940,23.44798446178485,3.583451144981794e-07,3.532550232169007e-07,0.1971809049288424,0.020282092597804,5.684341886080803e-14,0.120868602999991,0.1753139759999982,2.068412721867837e-12,1,860163,6,32
nomad-WjYAcipcgiRI,slab,Ga16N14H2,NOMAD surfaces/adsorbates,4db48bc75b5bc11c7aeb8b50780ec275fba42aa32ed4fb82bceb16f56d46acf0,nomad_exact_bytes_decompress_to_baderkit_grid,1720320,13762560,2.0,4.641588833612772e-05,0.4802403739332997,399062,34.48727265437451,6.232923301908017e-07,6.174288726827807e-07,0.2702661501225805,0.0324861892644862,5.684341886080803e-14,0.0894927030000047,0.170674039000005,1.7417964455216804e-12,1,860163,6,32
nomad-WjYAcipcgiRI,slab,Ga16N14H2,NOMAD surfaces/adsorbates,4db48bc75b5bc11c7aeb8b50780ec275fba42aa32ed4fb82bceb16f56d46acf0,nomad_exact_bytes_decompress_to_baderkit_grid,1720320,13762560,2.0,0.0001,1.034646521155786,273123,50.38960468360409,1.0423377145752611e-06,1.037080429356118e-06,0.4061325159860871,0.0495981502399298,5.684341886080803e-14,0.0684642909999979,0.163751407999996,1.7426625614533334e-12,1,860163,6,32
nomad-WjYAcipcgiRI,slab,Ga16N14H2,NOMAD surfaces/adsorbates,4db48bc75b5bc11c7aeb8b50780ec275fba42aa32ed4fb82bceb16f56d46acf0,nomad_exact_bytes_decompress_to_baderkit_grid,1720320,13762560,2.0,0.0002154434690031,2.229078357098831,187659,73.33812926638211,1.707257677410466e-06,1.703321012149989e-06,0.6067988360000243,0.0735871021174549,5.684341886080803e-14,0.0534298870000071,0.1670309019999933,1.9513595386720087e-12,1,860163,6,32
nomad-WjYAcipcgiRI,slab,Ga16N14H2,NOMAD surfaces/adsorbates,4db48bc75b5bc11c7aeb8b50780ec275fba42aa32ed4fb82bceb16f56d46acf0,nomad_exact_bytes_decompress_to_baderkit_grid,1720320,13762560,2.0,0.0004641588833612,4.802403739333002,134941,101.98946206119712,2.786054497097983e-06,2.78359577766376e-06,0.8214882105996821,0.1081841159103461,5.684341886080803e-14,0.0499399379999943,0.1688419789999926,1.963651295313118e-12,1,860163,6,32
nomad-WjYAcipcgiRI,slab,Ga16N14H2,NOMAD surfaces/adsorbates,4db48bc75b5bc11c7aeb8b50780ec275fba42aa32ed4fb82bceb16f56d46acf0,nomad_exact_bytes_decompress_to_baderkit_grid,1720320,13762560,2.0,0.001,10.34646521155786,103119,133.4628923864661,4.555807558914849e-06,4.554304371305618e-06,1.4487058127477468,0.1586652845602729,5.684341886080803e-14,0.0476592999999923,0.1731846920000066,1.891874916629104e-12,1,860163,6,32
nomad-WjYAcipcgiRI,slab,Ga16N14H2,NOMAD surfaces/adsorbates,4db48bc75b5bc11c7aeb8b50780ec275fba42aa32ed4fb82bceb16f56d46acf0,nomad_exact_bytes_decompress_to_baderkit_grid,1720320,13762560,2.0,0.0021544346900318,22.290783570988307,74698,184.24268387373155,7.471907482858509e-06,7.470991047044913e-06,2.3070433088378195,0.2334104768953653,5.684341886080803e-14,0.0407350819999976,0.1630768119999999,1.6809580781198492e-12,1,860163,6,32
nomad-WjYAcipcgiRI,slab,Ga16N14H2,NOMAD surfaces/adsorbates,4db48bc75b5bc11c7aeb8b50780ec275fba42aa32ed4fb82bceb16f56d46acf0,nomad_exact_bytes_decompress_to_baderkit_grid,1720320,13762560,2.0,0.0046415888336127,48.02403739332998,58486,235.3137502992169,1.2256895167362127e-05,1.2256336521829624e-05,3.530460002064501,0.343866419670538,5.684341886080803e-14,0.038275788000007,0.1638980620000012,1.8792503367461738e-12,1,860163,6,32
nomad-WjYAcipcgiRI,slab,Ga16N14H2,NOMAD surfaces/adsorbates,4db48bc75b5bc11c7aeb8b50780ec275fba42aa32ed4fb82bceb16f56d46acf0,nomad_exact_bytes_decompress_to_baderkit_grid,1720320,13762560,2.0,0.01,103.4646521155786,44069,312.29571807846787,2.0329154321605165e-05,2.0328817506787524e-05,5.785124844122038,0.5110767076043756,5.684341886080803e-14,0.0368900990000042,0.1672958949999952,1.8422580273418525e-12,1,860163,6,32
nomad-WjYAcipcgiRI,slab,Ga16N14H2,NOMAD surfaces/adsorbates,4db48bc75b5bc11c7aeb8b50780ec275fba42aa32ed4fb82bceb16f56d46acf0,nomad_exact_bytes_decompress_to_baderkit_grid,1720320,13762560,2.0,0.0215443469003188,222.9078357098831,34256,401.7561886968706,3.4071839546279576e-05,3.407163858490025e-05,6.741798010367347,0.7680404053528959,5.684341886080803e-14,0.0366371039999933,0.1629410769999992,1.729754439921672e-12,1,860163,6,32
nomad-WjYAcipcgiRI,slab,Ga16N14H2,NOMAD surfaces/adsorbates,4db48bc75b5bc11c7aeb8b50780ec275fba42aa32ed4fb82bceb16f56d46acf0,nomad_exact_bytes_decompress_to_baderkit_grid,1720320,13762560,2.0,0.0464158883361277,480.2403739332997,26319,522.9134845548843,5.634672938249428e-05,5.634660786504112e-05,16.443430528806857,1.144964542238497,5.684341886080803e-14,0.0343246959999987,0.1665798330000001,1.7922256113394476e-12,1,860163,6,32
nomad-WjYAcipcgiRI,slab,Ga16N14H2,NOMAD surfaces/adsorbates,4db48bc75b5bc11c7aeb8b50780ec275fba42aa32ed4fb82bceb16f56d46acf0,nomad_exact_bytes_decompress_to_baderkit_grid,1720320,13762560,2.0,0.1,1034.646521155786,21826,630.5580500320718,9.447715015451356e-05,9.44770776808388e-05,19.821220266178443,1.7172586049547909,5.684341886080803e-14,0.0354359719999877,0.167932640999993,1.9637634045903653e-12,1,860163,6,32
nomad-WjYAcipcgiRI,slab,Ga16N14H2,NOMAD surfaces/adsorbates,4db48bc75b5bc11c7aeb8b50780ec275fba42aa32ed4fb82bceb16f56d46acf0,nomad_exact_bytes_decompress_to_baderkit_grid,1720320,13762560,2.0,0.2154434690031882,2229.078357098831,18197,756.309281749739,0.0001650696147757,0.0001650695732956,50.64968973182704,2.722078003560373,5.684341886080803e-14,0.0349098749999967,0.1620661259999991,1.977386147720323e-12,1,860163,6,32
nomad-WjYAcipcgiRI,slab,Ga16N14H2,NOMAD surfaces/adsorbates,4db48bc75b5bc11c7aeb8b50780ec275fba42aa32ed4fb82bceb16f56d46acf0,nomad_exact_bytes_decompress_to_baderkit_grid,1720320,13762560,2.0,0.4641588833612772,4802.403739332997,14235,966.8113804004216,0.0002707330978929,0.0002707330726019,112.44473787593552,4.0466944367393936,5.684341886080803e-14,0.0348552020000028,0.1648269749999968,2.1472968763224903e-12,1,860163,6,32
nomad-WjYAcipcgiRI,slab,Ga16N14H2,NOMAD surfaces/adsorbates,4db48bc75b5bc11c7aeb8b50780ec275fba42aa32ed4fb82bceb16f56d46acf0,nomad_exact_bytes_decompress_to_baderkit_grid,1720320,13762560,2.0,1.0,10346.46521155786,12258,1122.7410670582476,0.0004525413647727,0.0004525413496424,160.9818763659789,6.158926072603843,0.0,0.0350512690000073,0.1628056330000049,1.982288783330449e-12,1,860163,6,32
nomad-WjYAcipcgiRI,slab,Ga16N14H2,NOMAD surfaces/adsorbates,4db48bc75b5bc11c7aeb8b50780ec275fba42aa32ed4fb82bceb16f56d46acf0,nomad_exact_bytes_decompress_to_baderkit_grid,1720320,13762560,2.0,2.154434690031882,22290.783570988307,10766,1278.3355006501952,0.0007180720878805,0.0007180720783451,294.4421611509076,8.726186855063846,5.684341886080803e-14,0.0348693189999949,0.1613426890000084,1.736710431050365e-12,1,860163,6,32
nomad-WjYAcipcgiRI,slab,Ga16N14H2,NOMAD surfaces/adsorbates,4db48bc75b5bc11c7aeb8b50780ec275fba42aa32ed4fb82bceb16f56d46acf0,nomad_exact_bytes_decompress_to_baderkit_grid,1720320,13762560,2.0,4.641588833612772,48024.03739332997,9151,1503.9405529450332,0.0012345410337573,0.001234541028211,355.86205918765654,13.510338045626192,5.684341886080803e-14,0.0347504149999906,0.161080517000002,1.915990354350183e-12,1,860163,6,32
nomad-WjYAcipcgiRI,slab,Ga16N14H2,NOMAD surfaces/adsorbates,4db48bc75b5bc11c7aeb8b50780ec275fba42aa32ed4fb82bceb16f56d46acf0,nomad_exact_bytes_decompress_to_baderkit_grid,1720320,13762560,2.0,10.0,103464.6521155786,8296,1658.9392478302796,0.0021257218581667,0.0021257218549456,471.6840580881708,20.90629105303598,5.684341886080803e-14,0.0344191639999991,0.1610847839999962,1.7649703451856118e-12,1,860163,6,32
nomad---3hBedCnC_e,slab,Ru16O35C4H1,NOMAD surfaces/adsorbates,634dc8cb48b7deedeb5cbba8421bf41d8ed5e55585ceb0ba9abe6a1850c9b0d6,nomad_exact_bytes_decompress_to_baderkit_grid,3870720,30965760,0.0,1e-07,0.0009429509383553,4812663,6.434225708303282,8.1066005619498e-09,8.075373498555787e-09,0.0020110934600692,0.0003849249254101,2.842170943040401e-13,0.690110752999999,0.4398511790000015,1.5682687581319813e-12,1,1935363,6,32
nomad---3hBedCnC_e,slab,Ru16O35C4H1,NOMAD surfaces/adsorbates,634dc8cb48b7deedeb5cbba8421bf41d8ed5e55585ceb0ba9abe6a1850c9b0d6,nomad_exact_bytes_decompress_to_baderkit_grid,3870720,30965760,0.0,2.1544346900318827e-07,0.0020315262125908,4019493,7.703896984022612,1.7379976996277826e-08,1.7312803910589156e-08,0.0045850162622561,0.0008293579820819,2.842170943040401e-13,0.609146217000017,0.4254484619999914,1.7968672079959816e-12,1,1935363,6,32
nomad---3hBedCnC_e,slab,Ru16O35C4H1,NOMAD surfaces/adsorbates,634dc8cb48b7deedeb5cbba8421bf41d8ed5e55585ceb0ba9abe6a1850c9b0d6,nomad_exact_bytes_decompress_to_baderkit_grid,3870720,30965760,0.0,4.641588833612782e-07,0.0043767905461148,3206001,9.658686943641005,3.759451330031715e-08,3.745054885220893e-08,0.0091155409368184,0.0017869836899488,2.842170943040401e-13,0.5073810949999995,0.4109010519999856,1.6871527350055897e-12,1,1935363,6,32
nomad---3hBedCnC_e,slab,Ru16O35C4H1,NOMAD surfaces/adsorbates,634dc8cb48b7deedeb5cbba8421bf41d8ed5e55585ceb0ba9abe6a1850c9b0d6,nomad_exact_bytes_decompress_to_baderkit_grid,3870720,30965760,0.0,1e-06,0.0094295093835533,2526009,12.258768674220876,8.039998365517512e-08,8.008827194352396e-08,0.0231033873428714,0.0038436722536131,2.842170943040401e-13,0.4813225949999946,0.4175956050000025,1.4857286007363993e-12,1,1935363,6,32
nomad---3hBedCnC_e,slab,Ru16O35C4H1,NOMAD surfaces/adsorbates,634dc8cb48b7deedeb5cbba8421bf41d8ed5e55585ceb0ba9abe6a1850c9b0d6,nomad_exact_bytes_decompress_to_baderkit_grid,3870720,30965760,0.0,2.1544346900318822e-06,0.0203152621259084,1866304,16.592023593155243,1.734716544363355e-07,1.7285897868943304e-07,0.0547795283921459,0.0081202965973317,2.842170943040401e-13,0.3903525220000006,0.4144489910000004,1.6343992986927204e-12,1,1935363,6,32
nomad---3hBedCnC_e,slab,Ru16O35C4H1,NOMAD surfaces/adsorbates,634dc8cb48b7deedeb5cbba8421bf41d8ed5e55585ceb0ba9abe6a1850c9b0d6,nomad_exact_bytes_decompress_to_baderkit_grid,3870720,30965760,0.0,4.641588833612773e-06,0.043767905461148,1306111,23.70836781866166,3.634375318776137e-07,3.624231394831588e-07,0.1312436872658509,0.0161437158401006,2.842170943040401e-13,0.296880533999996,0.411713729000013,1.5594023814144534e-12,1,1935363,6,32
nomad---3hBedCnC_e,slab,Ru16O35C4H1,NOMAD surfaces/adsorbates,634dc8cb48b7deedeb5cbba8421bf41d8ed5e55585ceb0ba9abe6a1850c9b0d6,nomad_exact_bytes_decompress_to_baderkit_grid,3870720,30965760,0.0,1e-05,0.0942950938355334,893114,34.671676852003216,7.378783593978752e-07,7.366103037860176e-07,0.3719162731645156,0.0298212482989248,2.842170943040401e-13,0.2424582259999965,0.4374627290000035,1.5226420991562722e-12,1,1935363,6,32
nomad---3hBedCnC_e,slab,Ru16O35C4H1,NOMAD surfaces/adsorbates,634dc8cb48b7deedeb5cbba8421bf41d8ed5e55585ceb0ba9abe6a1850c9b0d6,nomad_exact_bytes_decompress_to_baderkit_grid,3870720,30965760,0.0,2.1544346900318823e-05,0.2031526212590847,579257,53.45772256528622,1.4763689465353864e-06,1.4751137365758942e-06,0.4549491995442167,0.0524423945298172,2.842170943040401e-13,0.1765540799999883,0.4393867299999954,1.6164612195269545e-12,1,1935363,6,32
nomad---3hBedCnC_e,slab,Ru16O35C4H1,NOMAD surfaces/adsorbates,634dc8cb48b7deedeb5cbba8421bf41d8ed5e55585ceb0ba9abe6a1850c9b0d6,nomad_exact_bytes_decompress_to_baderkit_grid,3870720,30965760,0.0,4.641588833612772e-05,0.4376790546114805,379080,81.68660968660969,2.9569451736558126e-06,2.955958141079821e-06,0.7995194977859228,0.0907391115868593,2.842170943040401e-13,0.1313609310000174,0.3996622119999813,1.5445879846477797e-12,1,1935363,6,32
nomad---3hBedCnC_e,slab,Ru16O35C4H1,NOMAD surfaces/adsorbates,634dc8cb48b7deedeb5cbba8421bf41d8ed5e55585ceb0ba9abe6a1850c9b0d6,nomad_exact_bytes_decompress_to_baderkit_grid,3870720,30965760,0.0,0.0001,0.9429509383553344,263706,117.42531455484516,5.99510765486741e-06,5.994560878061295e-06,1.5897702499014486,0.1557930900791427,2.842170943040401e-13,0.1162745100000108,0.42783497100001,1.823941496786587e-12,1,1935363,6,32
nomad---3hBedCnC_e,slab,Ru16O35C4H1,NOMAD surfaces/adsorbates,634dc8cb48b7deedeb5cbba8421bf41d8ed5e55585ceb0ba9abe6a1850c9b0d6,nomad_exact_bytes_decompress_to_baderkit_grid,3870720,30965760,0.0,0.0002154434690031,2.031526212590847,185129,167.26585245963625,1.185792886495928e-05,1.1857652436033385e-05,2.1444071763521606,0.2670746111600713,2.842170943040401e-13,0.1059731389999854,0.4135451249999846,1.5885311213722501e-12,1,1935363,6,32
nomad---3hBedCnC_e,slab,Ru16O35C4H1,NOMAD surfaces/adsorbates,634dc8cb48b7deedeb5cbba8421bf41d8ed5e55585ceb0ba9abe6a1850c9b0d6,nomad_exact_bytes_decompress_to_baderkit_grid,3870720,30965760,0.0,0.0004641588833612,4.37679054611481,130974,236.426771725686,2.372598688611722e-05,2.372584873186928e-05,4.38608663829109,0.4587472533920104,2.842170943040401e-13,0.0976887420000025,0.4015527709999844,1.5834872469178652e-12,1,1935363,6,32
nomad---3hBedCnC_e,slab,Ru16O35C4H1,NOMAD surfaces/adsorbates,634dc8cb48b7deedeb5cbba8421bf41d8ed5e55585ceb0ba9abe6a1850c9b0d6,nomad_exact_bytes_decompress_to_baderkit_grid,3870720,30965760,0.0,0.001,9.429509383553343,87797,352.6972447805734,4.705653600276594e-05,4.705646634530642e-05,7.807602505221439,0.798756782613332,2.842170943040401e-13,0.087492487999981,0.417719409,1.9822891542151294e-12,1,1935363,6,32
nomad---3hBedCnC_e,slab,Ru16O35C4H1,NOMAD surfaces/adsorbates,634dc8cb48b7deedeb5cbba8421bf41d8ed5e55585ceb0ba9abe6a1850c9b0d6,nomad_exact_bytes_decompress_to_baderkit_grid,3870720,30965760,0.0,0.0021544346900318,20.31526212590847,67520,458.6161137440759,9.735926595909904e-05,9.735923229166292e-05,9.664464408082308,1.4484663088050522,2.842170943040401e-13,0.0883552169999859,0.4129289619999952,1.5726949613557544e-12,1,1935363,6,32
nomad---3hBedCnC_e,slab,Ru16O35C4H1,NOMAD surfaces/adsorbates,634dc8cb48b7deedeb5cbba8421bf41d8ed5e55585ceb0ba9abe6a1850c9b0d6,nomad_exact_bytes_decompress_to_baderkit_grid,3870720,30965760,0.0,0.0046415888336127,43.76790546114805,52338,591.6496618135963,0.0002045295863236,0.0002045295702974,23.23668185191377,2.771228562430789,2.842170943040401e-13,0.085088015999986,0.4121207649999974,1.6358303278813664e-12,1,1935363,6,32
nomad---3hBedCnC_e,slab,Ru16O35C4H1,NOMAD surfaces/adsorbates,634dc8cb48b7deedeb5cbba8421bf41d8ed5e55585ceb0ba9abe6a1850c9b0d6,nomad_exact_bytes_decompress_to_baderkit_grid,3870720,30965760,0.0,0.01,94.29509383553342,37658,822.2890222529078,0.0004264814918707,0.000426481484185,82.33516840667403,5.362716420605478,2.842170943040401e-13,0.0850214020000237,0.4107618150000007,1.5635952281930434e-12,1,1935363,6,32
nomad---3hBedCnC_e,slab,Ru16O35C4H1,NOMAD surfaces/adsorbates,634dc8cb48b7deedeb5cbba8421bf41d8ed5e55585ceb0ba9abe6a1850c9b0d6,nomad_exact_bytes_decompress_to_baderkit_grid,3870720,30965760,0.0,0.0215443469003188,203.1526212590847,28062,1103.4765875561257,0.0008731883175165,0.0008731883137626,251.97559973541505,9.95342185327698,2.842170943040401e-13,0.0847159669999939,0.4199924870000018,1.7223594241858941e-12,1,1935363,6,32
nomad---3hBedCnC_e,slab,Ru16O35C4H1,NOMAD surfaces/adsorbates,634dc8cb48b7deedeb5cbba8421bf41d8ed5e55585ceb0ba9abe6a1850c9b0d6,nomad_exact_bytes_decompress_to_baderkit_grid,3870720,30965760,0.0,0.0464158883361277,437.6790546114805,19723,1570.032956446788,0.0017465367152473,0.0017465367133705,458.91468466068727,17.21889672177728,2.842170943040401e-13,0.0825841879999984,0.4058269240000243,1.7138812799519009e-12,1,1935363,6,32
nomad---3hBedCnC_e,slab,Ru16O35C4H1,NOMAD surfaces/adsorbates,634dc8cb48b7deedeb5cbba8421bf41d8ed5e55585ceb0ba9abe6a1850c9b0d6,nomad_exact_bytes_decompress_to_baderkit_grid,3870720,30965760,0.0,0.1,942.9509383553344,15390,2012.0701754385964,0.0034629760331878,0.0034629760322412,520.7046424082819,29.489337484262126,2.842170943040401e-13,0.0846628280000061,0.4043098869999824,1.8670246212512495e-12,1,1935363,6,32
nomad---3hBedCnC_e,slab,Ru16O35C4H1,NOMAD surfaces/adsorbates,634dc8cb48b7deedeb5cbba8421bf41d8ed5e55585ceb0ba9abe6a1850c9b0d6,nomad_exact_bytes_decompress_to_baderkit_grid,3870720,30965760,0.0,0.2154434690031882,2031.526212590847,11910,2599.9798488664987,0.0066625035234026,0.0066625035229106,703.2741293636409,51.653903685810974,2.842170943040401e-13,0.0809615320000034,0.4020672890000014,1.6191988189104697e-12,1,1935363,6,32
nomad---3hBedCnC_e,slab,Ru16O35C4H1,NOMAD surfaces/adsorbates,634dc8cb48b7deedeb5cbba8421bf41d8ed5e55585ceb0ba9abe6a1850c9b0d6,nomad_exact_bytes_decompress_to_baderkit_grid,3870720,30965760,0.0,0.4641588833612772,4376.790546114806,10057,3079.0255543402604,0.0150559070581996,0.015055907057982,1375.055417049849,90.71322842956288,2.842170943040401e-13,0.080287898000023,0.4122257420000039,1.477512837835559e-12,1,1935363,6,32
nomad---3hBedCnC_e,slab,Ru16O35C4H1,NOMAD surfaces/adsorbates,634dc8cb48b7deedeb5cbba8421bf41d8ed5e55585ceb0ba9abe6a1850c9b0d6,nomad_exact_bytes_decompress_to_baderkit_grid,3870720,30965760,0.0,1.0,9429.509383553344,8916,3473.055181695828,0.0285169605252612,0.0285169605251464,2553.193397569914,157.48819725653894,2.842170943040401e-13,0.0798436839999965,0.404376410999987,1.5364023065535344e-12,1,1935363,6,32
nomad---3hBedCnC_e,slab,Ru16O35C4H1,NOMAD surfaces/adsorbates,634dc8cb48b7deedeb5cbba8421bf41d8ed5e55585ceb0ba9abe6a1850c9b0d6,nomad_exact_bytes_decompress_to_baderkit_grid,3870720,30965760,0.0,2.154434690031882,20315.26212590847,8115,3815.866913123845,0.0562901936113888,0.0562901936113307,4542.646891954779,260.8559463638851,2.842170943040401e-13,0.0805859069999996,0.4121282289999897,1.708937278151424e-12,1,1935363,6,32
nomad---3hBedCnC_e,slab,Ru16O35C4H1,NOMAD surfaces/adsorbates,634dc8cb48b7deedeb5cbba8421bf41d8ed5e55585ceb0ba9abe6a1850c9b0d6,nomad_exact_bytes_decompress_to_baderkit_grid,3870720,30965760,0.0,4.641588833612772,43767.90546114805,7725,4008.512621359224,0.0930549726717133,0.0930549726716784,6941.19461100804,381.1725627776024,2.842170943040401e-13,0.0784736740000084,0.4083884340000168,1.5960361847069697e-12,1,1935363,6,32
nomad---3hBedCnC_e,slab,Ru16O35C4H1,NOMAD surfaces/adsorbates,634dc8cb48b7deedeb5cbba8421bf41d8ed5e55585ceb0ba9abe6a1850c9b0d6,nomad_exact_bytes_decompress_to_baderkit_grid,3870720,30965760,0.0,10.0,94295.09383553342,7486,4136.489446967673,0.1932557762374513,0.193255776237435,8602.276578247169,533.0301396946186,2.842170943040401e-13,0.0818007179999824,0.4053811089999897,1.144000804067713e-12,1,1935363,6,32
nomad---3hBedCnC_e,slab,Ru16O35C4H1,NOMAD surfaces/adsorbates,634dc8cb48b7deedeb5cbba8421bf41d8ed5e55585ceb0ba9abe6a1850c9b0d6,nomad_exact_bytes_decompress_to_baderkit_grid,3870720,30965760,1.0,1e-07,0.0009429509383553,5367312,5.769323639095323,3.3733151499875193e-09,3.3340528149097653e-09,0.0012013949370743,0.0002223830514898,2.842170943040401e-13,0.6947797870000159,0.4329677750000087,1.637471070139015e-12,1,1935363,6,32
nomad---3hBedCnC_e,slab,Ru16O35C4H1,NOMAD surfaces/adsorbates,634dc8cb48b7deedeb5cbba8421bf41d8ed5e55585ceb0ba9abe6a1850c9b0d6,nomad_exact_bytes_decompress_to_baderkit_grid,3870720,30965760,1.0,2.1544346900318827e-07,0.0020315262125908,4614657,6.710305879721938,7.2633958476270205e-09,7.179544534648387e-09,0.0025234534847413,0.0004788085798871,2.842170943040401e-13,0.6357725789999904,0.4376873839999859,1.5690229495373292e-12,1,1935363,6,32
nomad---3hBedCnC_e,slab,Ru16O35C4H1,NOMAD surfaces/adsorbates,634dc8cb48b7deedeb5cbba8421bf41d8ed5e55585ceb0ba9abe6a1850c9b0d6,nomad_exact_bytes_decompress_to_baderkit_grid,3870720,30965760,1.0,4.641588833612782e-07,0.0043767905461148,3885427,7.969718643536476,1.5647111741483914e-08,1.5465011091556754e-08,0.0053492196827846,0.0010314632780566,2.842170943040401e-13,0.6077518879999957,0.4275447569999926,1.8272419021643133e-12,1,1935363,6,32
nomad---3hBedCnC_e,slab,Ru16O35C4H1,NOMAD surfaces/adsorbates,634dc8cb48b7deedeb5cbba8421bf41d8ed5e55585ceb0ba9abe6a1850c9b0d6,nomad_exact_bytes_decompress_to_baderkit_grid,3870720,30965760,1.0,1e-06,0.0094295093835533,3111236,9.952880462941415,3.3701642133053634e-08,3.33137969939795e-08,0.0117781463313804,0.0022205708065739,2.842170943040401e-13,0.5158314279999843,0.432859953000019,1.6958614565800724e-12,1,1935363,6,32
nomad---3hBedCnC_e,slab,Ru16O35C4H1,NOMAD surfaces/adsorbates,634dc8cb48b7deedeb5cbba8421bf41d8ed5e55585ceb0ba9abe6a1850c9b0d6,nomad_exact_bytes_decompress_to_baderkit_grid,3870720,30965760,1.0,2.1544346900318822e-06,0.0203152621259084,2465970,12.557233056363216,7.198361594378254e-08,7.118753309305168e-08,0.0431739068317256,0.0047013242330572,2.842170943040401e-13,0.4868467679999924,0.4189727890000085,1.780119609265226e-12,1,1935363,6,32
nomad---3hBedCnC_e,slab,Ru16O35C4H1,NOMAD surfaces/adsorbates,634dc8cb48b7deedeb5cbba8421bf41d8ed5e55585ceb0ba9abe6a1850c9b0d6,nomad_exact_bytes_decompress_to_baderkit_grid,3870720,30965760,1.0,4.641588833612773e-06,0.043767905461148,1814780,17.063093047091108,1.479290923515563e-07,1.4649407462095148e-07,0.0937196573127039,0.0093267569830172,2.842170943040401e-13,0.3648828809999997,0.4197367879999945,1.6811748115578638e-12,1,1935363,6,32
nomad---3hBedCnC_e,slab,Ru16O35C4H1,NOMAD surfaces/adsorbates,634dc8cb48b7deedeb5cbba8421bf41d8ed5e55585ceb0ba9abe6a1850c9b0d6,nomad_exact_bytes_decompress_to_baderkit_grid,3870720,30965760,1.0,1e-05,0.0942950938355334,1347748,22.975927250494895,2.877876798333641e-07,2.857057733641362e-07,0.1777470662075302,0.0169785183808325,2.842170943040401e-13,0.3211360429999956,0.4103634439999837,1.7513592334393125e-12,1,1935363,6,32
nomad---3hBedCnC_e,slab,Ru16O35C4H1,NOMAD surfaces/adsorbates,634dc8cb48b7deedeb5cbba8421bf41d8ed5e55585ceb0ba9abe6a1850c9b0d6,nomad_exact_bytes_decompress_to_baderkit_grid,3870720,30965760,1.0,2.1544346900318823e-05,0.2031526212590847,915751,33.81460680905617,5.315647430413655e-07,5.291536502020884e-07,0.3952083851950192,0.0286636491048092,2.842170943040401e-13,0.2198670999999876,0.3996443860000056,1.9256068603208437e-12,1,1935363,6,32
nomad---3hBedCnC_e,slab,Ru16O35C4H1,NOMAD surfaces/adsorbates,634dc8cb48b7deedeb5cbba8421bf41d8ed5e55585ceb0ba9abe6a1850c9b0d6,nomad_exact_bytes_decompress_to_baderkit_grid,3870720,30965760,1.0,4.641588833612772e-05,0.4376790546114805,640036,48.38127855308139,9.54220468136323e-07,9.5182584758173e-07,0.4678134036366828,0.0461746479442789,2.842170943040401e-13,0.1751953659999969,0.406433308000004,1.7183138597925217e-12,1,1935363,6,32
nomad---3hBedCnC_e,slab,Ru16O35C4H1,NOMAD surfaces/adsorbates,634dc8cb48b7deedeb5cbba8421bf41d8ed5e55585ceb0ba9abe6a1850c9b0d6,nomad_exact_bytes_decompress_to_baderkit_grid,3870720,30965760,1.0,0.0001,0.9429509383553344,453949,68.21418265047396,1.7023648341190152e-06,1.7005073651559513e-06,0.6926747317520494,0.0730405137820246,2.842170943040401e-13,0.1465173399999741,0.4028235029999791,1.6788869003255937e-12,1,1935363,6,32
nomad---3hBedCnC_e,slab,Ru16O35C4H1,NOMAD surfaces/adsorbates,634dc8cb48b7deedeb5cbba8421bf41d8ed5e55585ceb0ba9abe6a1850c9b0d6,nomad_exact_bytes_decompress_to_baderkit_grid,3870720,30965760,1.0,0.0002154434690031,2.031526212590847,325214,95.2165650925237,3.031283367652036e-06,3.030201838547536e-06,1.3149452717952954,0.1147343891229168,2.842170943040401e-13,0.1245242610000048,0.4192808119999824,1.8427839166950745e-12,1,1935363,6,32
nomad---3hBedCnC_e,slab,Ru16O35C4H1,NOMAD surfaces/adsorbates,634dc8cb48b7deedeb5cbba8421bf41d8ed5e55585ceb0ba9abe6a1850c9b0d6,nomad_exact_bytes_decompress_to_baderkit_grid,3870720,30965760,1.0,0.0004641588833612,4.37679054611481,237698,130.27354037476124,5.393923847815424e-06,5.39331612306984e-06,2.113880233908276,0.1800796447856841,2.842170943040401e-13,0.1123272780000093,0.4160708170000191,1.6961905390744688e-12,1,1935363,6,32
nomad---3hBedCnC_e,slab,Ru16O35C4H1,NOMAD surfaces/adsorbates,634dc8cb48b7deedeb5cbba8421bf41d8ed5e55585ceb0ba9abe6a1850c9b0d6,nomad_exact_bytes_decompress_to_baderkit_grid,3870720,30965760,1.0,0.001,9.429509383553343,181243,170.8521708424601,9.611877101218829e-06,9.611536075792902e-06,2.7945608912914395,0.2832455739024906,2.842170943040401e-13,0.1048011929999859,0.403115831000008,1.9497842649257865e-12,1,1935363,6,32
nomad---3hBedCnC_e,slab,Ru16O35C4H1,NOMAD surfaces/adsorbates,634dc8cb48b7deedeb5cbba8421bf41d8ed5e55585ceb0ba9abe6a1850c9b0d6,nomad_exact_bytes_decompress_to_baderkit_grid,3870720,30965760,1.0,0.0021544346900318,20.31526212590847,132392,233.8944951356577,1.7150401231365515e-05,1.715021010728903e-05,4.250327142502101,0.4457289238031121,2.842170943040401e-13,0.097673565000008,0.4008664300000077,2.050664468417557e-12,1,1935363,6,32
nomad---3hBedCnC_e,slab,Ru16O35C4H1,NOMAD surfaces/adsorbates,634dc8cb48b7deedeb5cbba8421bf41d8ed5e55585ceb0ba9abe6a1850c9b0d6,nomad_exact_bytes_decompress_to_baderkit_grid,3870720,30965760,1.0,0.0046415888336127,43.76790546114805,98856,313.2410779315368,3.0859606587525364e-05,3.085950036964595e-05,9.36912048935119,0.7091930248328393,1.7053025658242404e-13,0.0884678359999782,0.4047018960000059,1.8985381012674457e-12,1,1935363,6,32
nomad---3hBedCnC_e,slab,Ru16O35C4H1,NOMAD surfaces/adsorbates,634dc8cb48b7deedeb5cbba8421bf41d8ed5e55585ceb0ba9abe6a1850c9b0d6,nomad_exact_bytes_decompress_to_baderkit_grid,3870720,30965760,1.0,0.01,94.29509383553342,75157,412.0143166970475,5.752397032467757e-05,5.7523913342554695e-05,10.401076405567435,1.1732794002137643,2.842170943040401e-13,0.0865967520000197,0.3995019919999834,1.5283033823454745e-12,1,1935363,6,32
nomad---3hBedCnC_e,slab,Ru16O35C4H1,NOMAD surfaces/adsorbates,634dc8cb48b7deedeb5cbba8421bf41d8ed5e55585ceb0ba9abe6a1850c9b0d6,nomad_exact_bytes_decompress_to_baderkit_grid,3870720,30965760,1.0,0.0215443469003188,203.1526212590847,59112,523.8489646772229,0.0001123002006251,0.000112300171437,18.704537539582816,2.096800227241204,2.842170943040401e-13,0.0856784780000055,0.4008526080000081,1.7209579104725389e-12,1,1935363,6,32
nomad---3hBedCnC_e,slab,Ru16O35C4H1,NOMAD surfaces/adsorbates,634dc8cb48b7deedeb5cbba8421bf41d8ed5e55585ceb0ba9abe6a1850c9b0d6,nomad_exact_bytes_decompress_to_baderkit_grid,3870720,30965760,1.0,0.0464158883361277,437.6790546114805,46545,665.2864969384467,0.0002210046008385,0.000221004586007,62.83970366038693,3.846970200542048,2.842170943040401e-13,0.086299394000008,0.4189423669999996,1.64959521037455e-12,1,1935363,6,32
nomad---3hBedCnC_e,slab,Ru16O35C4H1,NOMAD surfaces/adsorbates,634dc8cb48b7deedeb5cbba8421bf41d8ed5e55585ceb0ba9abe6a1850c9b0d6,nomad_exact_bytes_decompress_to_baderkit_grid,3870720,30965760,1.0,0.1,942.9509383553344,35965,860.9970804949256,0.0004235270636588,0.0004235270559194,181.7414260535752,6.875735581132475,2.842170943040401e-13,0.0850379960000111,0.4046429610000075,1.62029124807758e-12,1,1935363,6,32
nomad---3hBedCnC_e,slab,Ru16O35C4H1,NOMAD surfaces/adsorbates,634dc8cb48b7deedeb5cbba8421bf41d8ed5e55585ceb0ba9abe6a1850c9b0d6,nomad_exact_bytes_decompress_to_baderkit_grid,3870720,30965760,1.0,0.2154434690031882,2031.526212590847,26331,1176.0191409365386,0.0007711219325898,0.0007711219283391,383.516072357028,11.47638580737153,2.842170943040401e-13,0.0822037369999861,0.3942882469999915,1.832194859665284e-12,1,1935363,6,32
nomad---3hBedCnC_e,slab,Ru16O35C4H1,NOMAD surfaces/adsorbates,634dc8cb48b7deedeb5cbba8421bf41d8ed5e55585ceb0ba9abe6a1850c9b0d6,nomad_exact_bytes_decompress_to_baderkit_grid,3870720,30965760,1.0,0.4641588833612772,4376.790546114806,20825,1486.9512605042016,0.0013485705012357,0.0013485704988051,503.4332463278442,17.923462150216356,2.842170943040401e-13,0.0807134700000062,0.4026509429999976,1.7501724654852518e-12,1,1935363,6,32
nomad---3hBedCnC_e,slab,Ru16O35C4H1,NOMAD surfaces/adsorbates,634dc8cb48b7deedeb5cbba8421bf41d8ed5e55585ceb0ba9abe6a1850c9b0d6,nomad_exact_bytes_decompress_to_baderkit_grid,3870720,30965760,1.0,1.0,9429.509383553344,15652,1978.3899821109123,0.0023763291766075,0.0023763291752281,540.5096070580548,27.601343091761677,2.842170943040401e-13,0.086949503999989,0.4421438910000006,1.9589871206812745e-12,1,1935363,6,32
nomad---3hBedCnC_e,slab,Ru16O35C4H1,NOMAD surfaces/adsorbates,634dc8cb48b7deedeb5cbba8421bf41d8ed5e55585ceb0ba9abe6a1850c9b0d6,nomad_exact_bytes_decompress_to_baderkit_grid,3870720,30965760,1.0,2.154434690031882,20315.26212590847,13241,2338.6269919190395,0.0043458202286938,0.0043458202279396,692.9445178071655,43.983308940988245,2.842170943040401e-13,0.0905611620000002,0.4705473780000204,1.6864885855995057e-12,1,1935363,6,32
nomad---3hBedCnC_e,slab,Ru16O35C4H1,NOMAD surfaces/adsorbates,634dc8cb48b7deedeb5cbba8421bf41d8ed5e55585ceb0ba9abe6a1850c9b0d6,nomad_exact_bytes_decompress_to_baderkit_grid,3870720,30965760,1.0,4.641588833612772,43767.90546114805,11356,2726.819302571328,0.0079299184326271,0.0079299184322138,1109.2356642568377,71.91557050383054,2.842170943040401e-13,0.0906998229999942,0.4685593369999878,1.6839951171594101e-12,1,1935363,6,32
nomad---3hBedCnC_e,slab,Ru16O35C4H1,NOMAD surfaces/adsorbates,634dc8cb48b7deedeb5cbba8421bf41d8ed5e55585ceb0ba9abe6a1850c9b0d6,nomad_exact_bytes_decompress_to_baderkit_grid,3870720,30965760,1.0,10.0,94295.09383553342,9616,3220.232945091514,0.0143269166086506,0.0143269166084218,1905.9790922898155,116.71683735282812,2.842170943040401e-13,0.0917494230000102,0.4742954379999844,1.7622941705825045e-12,1,1935363,6,32
nomad---3hBedCnC_e,slab,Ru16O35C4H1,NOMAD surfaces/adsorbates,634dc8cb48b7deedeb5cbba8421bf41d8ed5e55585ceb0ba9abe6a1850c9b0d6,nomad_exact_bytes_decompress_to_baderkit_grid,3870720,30965760,2.0,1e-07,0.0009429509383553,5939422,5.21359822555124,1.9464066217164684e-09,1.908919639162252e-09,0.0007434841406848,0.0001444034573543,2.842170943040401e-13,0.7667253930000015,0.4911157540000204,1.6560340948617054e-12,1,1935363,6,32
nomad---3hBedCnC_e,slab,Ru16O35C4H1,NOMAD surfaces/adsorbates,634dc8cb48b7deedeb5cbba8421bf41d8ed5e55585ceb0ba9abe6a1850c9b0d6,nomad_exact_bytes_decompress_to_baderkit_grid,3870720,30965760,2.0,2.1544346900318827e-07,0.0020315262125908,5201926,5.9527490394903735,4.193682066149019e-09,4.112222169304294e-09,0.0016779732895599,0.0003111411098868,2.842170943040401e-13,0.6860729750000019,0.4657917389999966,1.544955778044598e-12,1,1935363,6,32
nomad---3hBedCnC_e,slab,Ru16O35C4H1,NOMAD surfaces/adsorbates,634dc8cb48b7deedeb5cbba8421bf41d8ed5e55585ceb0ba9abe6a1850c9b0d6,nomad_exact_bytes_decompress_to_baderkit_grid,3870720,30965760,2.0,4.641588833612782e-07,0.0043767905461148,4534437,6.829019787903107,9.034879925881164e-09,8.860141898396673e-09,0.0036144789506096,0.0006703508155316,2.842170943040401e-13,0.6994235200000105,0.4350117350000175,1.4729143255611765e-12,1,1935363,6,32
nomad---3hBedCnC_e,slab,Ru16O35C4H1,NOMAD surfaces/adsorbates,634dc8cb48b7deedeb5cbba8421bf41d8ed5e55585ceb0ba9abe6a1850c9b0d6,nomad_exact_bytes_decompress_to_baderkit_grid,3870720,30965760,2.0,1e-06,0.0094295093835533,3720535,8.322932051438839,1.9465920334914476e-08,1.909031383546157e-08,0.0078054396921345,0.0014439730930112,2.842170943040401e-13,0.572113139999999,0.4335652000000038,1.5825565049809665e-12,1,1935363,6,32
nomad---3hBedCnC_e,slab,Ru16O35C4H1,NOMAD surfaces/adsorbates,634dc8cb48b7deedeb5cbba8421bf41d8ed5e55585ceb0ba9abe6a1850c9b0d6,nomad_exact_bytes_decompress_to_baderkit_grid,3870720,30965760,2.0,2.1544346900318822e-06,0.0203152621259084,3017819,10.260973239283071,4.152548765848082e-08,4.074558050057261e-08,0.0253186744275808,0.0030584148796032,2.842170943040401e-13,0.5020152880000239,0.4267943229999957,1.8270446047570944e-12,1,1935363,6,32
nomad---3hBedCnC_e,slab,Ru16O35C4H1,NOMAD surfaces/adsorbates,634dc8cb48b7deedeb5cbba8421bf41d8ed5e55585ceb0ba9abe6a1850c9b0d6,nomad_exact_bytes_decompress_to_baderkit_grid,3870720,30965760,2.0,4.641588833612773e-06,0.043767905461148,2390664,12.95278633885816,8.505382099279949e-08,8.359187661563503e-08,0.0744950429927939,0.0060946204248763,2.842170943040401e-13,0.4538833879999799,0.4854865590000088,1.5977202792588025e-12,1,1935363,6,32
nomad---3hBedCnC_e,slab,Ru16O35C4H1,NOMAD surfaces/adsorbates,634dc8cb48b7deedeb5cbba8421bf41d8ed5e55585ceb0ba9abe6a1850c9b0d6,nomad_exact_bytes_decompress_to_baderkit_grid,3870720,30965760,2.0,1e-05,0.0942950938355334,1820193,17.012349789280588,1.6262822071327704e-07,1.603156235159248e-07,0.1283481015163943,0.0110559902189068,2.842170943040401e-13,0.3789166130000012,0.4370471480000049,1.6513464167116981e-12,1,1935363,6,32
nomad---3hBedCnC_e,slab,Ru16O35C4H1,NOMAD surfaces/adsorbates,634dc8cb48b7deedeb5cbba8421bf41d8ed5e55585ceb0ba9abe6a1850c9b0d6,nomad_exact_bytes_decompress_to_baderkit_grid,3870720,30965760,2.0,2.1544346900318823e-05,0.2031526212590847,1367568,22.64293987575024,2.918922709429646e-07,2.888815005575668e-07,0.2008049955402384,0.0185011199513672,2.842170943040401e-13,0.3209029719999989,0.4736909430000082,1.7232346823872578e-12,1,1935363,6,32
nomad---3hBedCnC_e,slab,Ru16O35C4H1,NOMAD surfaces/adsorbates,634dc8cb48b7deedeb5cbba8421bf41d8ed5e55585ceb0ba9abe6a1850c9b0d6,nomad_exact_bytes_decompress_to_baderkit_grid,3870720,30965760,2.0,4.641588833612772e-05,0.4376790546114805,978332,31.65158657797149,4.96996224083922e-07,4.936527457624665e-07,0.3574526455217892,0.0290255901812802,2.842170943040401e-13,0.2355512569999973,0.451578985999987,1.7088427550232936e-12,1,1935363,6,32
nomad---3hBedCnC_e,slab,Ru16O35C4H1,NOMAD surfaces/adsorbates,634dc8cb48b7deedeb5cbba8421bf41d8ed5e55585ceb0ba9abe6a1850c9b0d6,nomad_exact_bytes_decompress_to_baderkit_grid,3870720,30965760,2.0,0.0001,0.9429509383553344,723263,42.81396946892071,8.225080632052937e-07,8.192852056578066e-07,0.4340635540745552,0.0437785956604833,2.842170943040401e-13,0.1959477350000042,0.4654529020000097,1.7121366657149757e-12,1,1935363,6,32
nomad---3hBedCnC_e,slab,Ru16O35C4H1,NOMAD surfaces/adsorbates,634dc8cb48b7deedeb5cbba8421bf41d8ed5e55585ceb0ba9abe6a1850c9b0d6,nomad_exact_bytes_decompress_to_baderkit_grid,3870720,30965760,2.0,0.0002154434690031,2.031526212590847,524410,59.04875955836082,1.3488517288907036e-06,1.346435768233387e-06,0.9366241624302348,0.0648419235745289,2.842170943040401e-13,0.1589825050000115,0.4376701249999826,2.0045359965565416e-12,1,1935363,6,32
nomad---3hBedCnC_e,slab,Ru16O35C4H1,NOMAD surfaces/adsorbates,634dc8cb48b7deedeb5cbba8421bf41d8ed5e55585ceb0ba9abe6a1850c9b0d6,nomad_exact_bytes_decompress_to_baderkit_grid,3870720,30965760,2.0,0.0004641588833612,4.37679054611481,392536,78.88642060855565,2.212915277474799e-06,2.2114335514806543e-06,1.2614201777105336,0.0955746183356589,2.842170943040401e-13,0.1329828629999951,0.4497178029999986,1.6517580777339809e-12,1,1935363,6,32
nomad---3hBedCnC_e,slab,Ru16O35C4H1,NOMAD surfaces/adsorbates,634dc8cb48b7deedeb5cbba8421bf41d8ed5e55585ceb0ba9abe6a1850c9b0d6,nomad_exact_bytes_decompress_to_baderkit_grid,3870720,30965760,2.0,0.001,9.429509383553343,295488,104.7953216374269,3.638059871799319e-06,3.637158775490769e-06,1.3550144888781688,0.141108666592315,2.842170943040401e-13,0.1202140800000108,0.4214181850000216,1.657489123422032e-12,1,1935363,6,32
nomad---3hBedCnC_e,slab,Ru16O35C4H1,NOMAD surfaces/adsorbates,634dc8cb48b7deedeb5cbba8421bf41d8ed5e55585ceb0ba9abe6a1850c9b0d6,nomad_exact_bytes_decompress_to_baderkit_grid,3870720,30965760,2.0,0.0021544346900318,20.31526212590847,232000,133.47310344827585,5.96749696877896e-06,5.966947661888721e-06,2.3484491566196084,0.2077657532957355,2.842170943040401e-13,0.1104308099999968,0.4301430689999961,1.7684784261707106e-12,1,1935363,6,32
nomad---3hBedCnC_e,slab,Ru16O35C4H1,NOMAD surfaces/adsorbates,634dc8cb48b7deedeb5cbba8421bf41d8ed5e55585ceb0ba9abe6a1850c9b0d6,nomad_exact_bytes_decompress_to_baderkit_grid,3870720,30965760,2.0,0.0046415888336127,43.76790546114805,178418,173.557376497887,9.80702685658288e-06,9.806692617446082e-06,4.755327555898475,0.3074492070301994,2.842170943040401e-13,0.1026727109999967,0.4207371270000237,1.850100030982032e-12,1,1935363,6,32
nomad---3hBedCnC_e,slab,Ru16O35C4H1,NOMAD surfaces/adsorbates,634dc8cb48b7deedeb5cbba8421bf41d8ed5e55585ceb0ba9abe6a1850c9b0d6,nomad_exact_bytes_decompress_to_baderkit_grid,3870720,30965760,2.0,0.01,94.29509383553342,139625,221.778048343778,1.616770659343775e-05,1.6167503852445043e-05,4.961906744531916,0.4542792000377844,2.842170943040401e-13,0.1008585569999809,0.4513858850000076,1.5492470677734172e-12,1,1935363,6,32
nomad---3hBedCnC_e,slab,Ru16O35C4H1,NOMAD surfaces/adsorbates,634dc8cb48b7deedeb5cbba8421bf41d8ed5e55585ceb0ba9abe6a1850c9b0d6,nomad_exact_bytes_decompress_to_baderkit_grid,3870720,30965760,2.0,0.0215443469003188,203.1526212590847,107337,288.4910142821208,2.6728160136531384e-05,2.6728037500187013e-05,11.462491154226882,0.6770109730073005,2.842170943040401e-13,0.0950336250000134,0.4101481059999798,1.6468457417126024e-12,1,1935363,6,32
nomad---3hBedCnC_e,slab,Ru16O35C4H1,NOMAD surfaces/adsorbates,634dc8cb48b7deedeb5cbba8421bf41d8ed5e55585ceb0ba9abe6a1850c9b0d6,nomad_exact_bytes_decompress_to_baderkit_grid,3870720,30965760,2.0,0.0464158883361277,437.6790546114805,81054,382.0386409060626,4.609252055412884e-05,4.609244943979585e-05,9.995155558963232,1.0438443328781084,2.842170943040401e-13,0.085080898000001,0.4132904520000124,1.6646044538332284e-12,1,1935363,6,32
nomad---3hBedCnC_e,slab,Ru16O35C4H1,NOMAD surfaces/adsorbates,634dc8cb48b7deedeb5cbba8421bf41d8ed5e55585ceb0ba9abe6a1850c9b0d6,nomad_exact_bytes_decompress_to_baderkit_grid,3870720,30965760,2.0,0.1,942.9509383553344,66926,462.686549323133,8.46399689960858e-05,8.463993026926327e-05,17.040825481876027,1.7519581971448488,2.842170943040401e-13,0.0853026339999871,0.4185454339999808,1.5660125604837076e-12,1,1935363,6,32
nomad---3hBedCnC_e,slab,Ru16O35C4H1,NOMAD surfaces/adsorbates,634dc8cb48b7deedeb5cbba8421bf41d8ed5e55585ceb0ba9abe6a1850c9b0d6,nomad_exact_bytes_decompress_to_baderkit_grid,3870720,30965760,2.0,0.2154434690031882,2031.526212590847,54493,568.252069073092,0.000158325356194,0.0001583253354909,48.46463186963638,3.05730411075171,2.842170943040401e-13,0.0857058400000028,0.4115877560000172,1.6456419875306214e-12,1,1935363,6,32
nomad---3hBedCnC_e,slab,Ru16O35C4H1,NOMAD surfaces/adsorbates,634dc8cb48b7deedeb5cbba8421bf41d8ed5e55585ceb0ba9abe6a1850c9b0d6,nomad_exact_bytes_decompress_to_baderkit_grid,3870720,30965760,2.0,0.4641588833612772,4376.790546114806,43658,709.280315177058,0.000292856456366,0.0002928564451733,129.22758416445504,5.316164118174433,2.842170943040401e-13,0.087074718999986,0.406035447000022,1.5710776265187578e-12,1,1935363,6,32
nomad---3hBedCnC_e,slab,Ru16O35C4H1,NOMAD surfaces/adsorbates,634dc8cb48b7deedeb5cbba8421bf41d8ed5e55585ceb0ba9abe6a1850c9b0d6,nomad_exact_bytes_decompress_to_baderkit_grid,3870720,30965760,2.0,1.0,9429.509383553344,33405,926.9797934440952,0.0005136489324352,0.0005136489260537,291.5831540970503,8.754665424970867,2.842170943040401e-13,0.0840435409999997,0.4216769809999903,1.873158024549039e-12,1,1935363,6,32
nomad---3hBedCnC_e,slab,Ru16O35C4H1,NOMAD surfaces/adsorbates,634dc8cb48b7deedeb5cbba8421bf41d8ed5e55585ceb0ba9abe6a1850c9b0d6,nomad_exact_bytes_decompress_to_baderkit_grid,3870720,30965760,2.0,2.154434690031882,20315.26212590847,25445,1216.968363136176,0.0008405237967996,0.0008405237928998,459.08123333724507,13.226638546162087,2.842170943040401e-13,0.0837579549999816,0.4049541379999937,1.68745439863875e-12,1,1935363,6,32
nomad---3hBedCnC_e,slab,Ru16O35C4H1,NOMAD surfaces/adsorbates,634dc8cb48b7deedeb5cbba8421bf41d8ed5e55585ceb0ba9abe6a1850c9b0d6,nomad_exact_bytes_decompress_to_baderkit_grid,3870720,30965760,2.0,4.641588833612772,43767.90546114805,20849,1485.2395798359637,0.0013401447414099,0.0013401447389641,532.3122071425314,19.08961298712917,2.842170943040401e-13,0.0813033580000137,0.4079390820000128,1.8319698980839624e-12,1,1935363,6,32
nomad---3hBedCnC_e,slab,Ru16O35C4H1,NOMAD surfaces/adsorbates,634dc8cb48b7deedeb5cbba8421bf41d8ed5e55585ceb0ba9abe6a1850c9b0d6,nomad_exact_bytes_decompress_to_baderkit_grid,3870720,30965760,2.0,10.0,94295.09383553342,16259,1904.530413924596,0.002141821139788,0.0021418211382576,552.2702688379868,26.84330569732395,2.842170943040401e-13,0.0808078290000082,0.4071908679999865,1.5183507048917354e-12,1,1935363,6,32
mp-560341,bulk,EuSi2(NO)2,Materials Project,97809dd615a6ffacfd3dcf4e970eb748f59f85af208260e2b415bada13a0fe36,mp_gzip_json_monty_to_baderkit_grid,1306368,10450944,0.0,1e-07,0.0003752762186076,1529613,6.8324105509040525,3.105048577686041e-08,3.090571123906464e-08,0.0007905907910981,0.0001531959496252,2.8421709430404014e-14,0.101840248999963,0.0953767659999584,7.800293603187517e-13,1,653187,6,32
mp-560341,bulk,EuSi2(NO)2,Materials Project,97809dd615a6ffacfd3dcf4e970eb748f59f85af208260e2b415bada13a0fe36,mp_gzip_json_monty_to_baderkit_grid,1306368,10450944,0.0,2.1544346900318827e-07,0.0008085081037122,1278829,8.172276355947512,6.694418108855878e-08,6.663250090695187e-08,0.0016945469266431,0.0003300721643043,2.8421709430404014e-14,0.0776912330000527,0.0939356259999613,7.73408586705937e-13,1,653187,6,32
mp-560341,bulk,EuSi2(NO)2,Materials Project,97809dd615a6ffacfd3dcf4e970eb748f59f85af208260e2b415bada13a0fe36,mp_gzip_json_monty_to_baderkit_grid,1306368,10450944,0.0,4.641588833612782e-07,0.0017418779058094,1054331,9.912393735933025,1.4359410641896184e-07,1.4292144019361418e-07,0.003457743505578,0.0007109167150909,2.8421709430404014e-14,0.0769025870000064,0.090235223000036,7.58612733579543e-13,1,653187,6,32
mp-560341,bulk,EuSi2(NO)2,Materials Project,97809dd615a6ffacfd3dcf4e970eb748f59f85af208260e2b415bada13a0fe36,mp_gzip_json_monty_to_baderkit_grid,1306368,10450944,0.0,1e-06,0.003752762186076,862531,12.11660102651383,3.099024909978712e-07,3.084483660262693e-07,0.0075509376359903,0.0015316391968774,2.8421709430404014e-14,0.1000723870000115,0.0888517099999717,8.143393610576146e-13,1,653187,6,32
mp-560341,bulk,EuSi2(NO)2,Materials Project,97809dd615a6ffacfd3dcf4e970eb748f59f85af208260e2b415bada13a0fe36,mp_gzip_json_monty_to_baderkit_grid,1306368,10450944,0.0,2.1544346900318822e-06,0.008085081037122,660449,15.823998522217462,6.636845656282441e-07,6.606823448329516e-07,0.0172603342511834,0.0032741583291536,2.8421709430404014e-14,0.0943755380000084,0.0833945520000156,7.338844873311177e-13,1,653187,6,32
mp-560341,bulk,EuSi2(NO)2,Materials Project,97809dd615a6ffacfd3dcf4e970eb748f59f85af208260e2b415bada13a0fe36,mp_gzip_json_monty_to_baderkit_grid,1306368,10450944,0.0,4.641588833612773e-06,0.0174187790580946,483547,21.613088283041773,1.4044706446361517e-06,1.399570613603054e-06,0.0464579067852923,0.0065892063106965,2.8421709430404014e-14,0.0834820640000089,0.0854624770000214,7.839287409587278e-13,1,653187,6,32
mp-560341,bulk,EuSi2(NO)2,Materials Project,97809dd615a6ffacfd3dcf4e970eb748f59f85af208260e2b415bada13a0fe36,mp_gzip_json_monty_to_baderkit_grid,1306368,10450944,0.0,1e-05,0.0375276218607599,318372,32.82620330933625,2.877733024579716e-06,2.8726914921717483e-06,0.0890357995384647,0.0121756878162155,2.8421709430404014e-14,0.0586027790000116,0.0850859699999659,6.899991678419526e-13,1,653187,6,32
mp-560341,bulk,EuSi2(NO)2,Materials Project,97809dd615a6ffacfd3dcf4e970eb748f59f85af208260e2b415bada13a0fe36,mp_gzip_json_monty_to_baderkit_grid,1306368,10450944,0.0,2.1544346900318823e-05,0.0808508103712201,206427,50.62779578252845,5.714451561603858e-06,5.711478811497048e-06,0.1821522564910083,0.0211232795245635,2.8421709430404014e-14,0.0424511859999938,0.0852871120000031,7.423718478632027e-13,1,653187,6,32
mp-560341,bulk,EuSi2(NO)2,Materials Project,97809dd615a6ffacfd3dcf4e970eb748f59f85af208260e2b415bada13a0fe36,mp_gzip_json_monty_to_baderkit_grid,1306368,10450944,0.0,4.641588833612772e-05,0.1741877905809462,138209,75.61695692755175,1.1480385290688136e-05,1.1478890826916562e-05,0.2453063740564971,0.0363627957049134,2.8421709430404014e-14,0.0328688569999826,0.0906070030000023,7.568678677051882e-13,1,653187,6,32
mp-560341,bulk,EuSi2(NO)2,Materials Project,97809dd615a6ffacfd3dcf4e970eb748f59f85af208260e2b415bada13a0fe36,mp_gzip_json_monty_to_baderkit_grid,1306368,10450944,0.0,0.0001,0.3752762186076,95417,109.52916147017828,2.2778303877565388e-05,2.2777550696515728e-05,0.7442924149763712,0.0623585189426076,2.8421709430404014e-14,0.0256702460000042,0.0885785590000409,7.766203112635538e-13,1,653187,6,32
mp-560341,bulk,EuSi2(NO)2,Materials Project,97809dd615a6ffacfd3dcf4e970eb748f59f85af208260e2b415bada13a0fe36,mp_gzip_json_monty_to_baderkit_grid,1306368,10450944,0.0,0.0002154434690031,0.8085081037122016,65487,159.58807091483806,4.51884910813156e-05,4.518811142767337e-05,0.7697122770700844,0.107221260082588,2.8421709430404014e-14,0.0231783140000061,0.0878208080000035,7.27960994911101e-13,1,653187,6,32
mp-560341,bulk,EuSi2(NO)2,Materials Project,97809dd615a6ffacfd3dcf4e970eb748f59f85af208260e2b415bada13a0fe36,mp_gzip_json_monty_to_baderkit_grid,1306368,10450944,0.0,0.0004641588833612,1.7418779058094638,47989,217.777907437121,9.054683500422044e-05,9.054664553408602e-05,1.2945113412251883,0.1856581046727941,2.8421709430404014e-14,0.0215941280000038,0.0900157029999491,8.133632436443879e-13,1,653187,6,32
mp-560341,bulk,EuSi2(NO)2,Materials Project,97809dd615a6ffacfd3dcf4e970eb748f59f85af208260e2b415bada13a0fe36,mp_gzip_json_monty_to_baderkit_grid,1306368,10450944,0.0,0.001,3.752762186076,34256,305.0836057916861,0.0001809224902345,0.0001809223954099,2.388927753858752,0.3224487643353804,2.8421709430404014e-14,0.0205842670000038,0.0900514670000234,8.1391955221709e-13,1,653187,6,32
mp-560341,bulk,EuSi2(NO)2,Materials Project,97809dd615a6ffacfd3dcf4e970eb748f59f85af208260e2b415bada13a0fe36,mp_gzip_json_monty_to_baderkit_grid,1306368,10450944,0.0,0.0021544346900318,8.085081037122015,25663,407.2378131940927,0.0003693928201788,0.0003693927737353,5.252530822531753,0.5741726594228478,0.0,0.0188216530000318,0.0871172779999938,7.98820884021927e-13,1,653187,6,32
mp-560341,bulk,EuSi2(NO)2,Materials Project,97809dd615a6ffacfd3dcf4e970eb748f59f85af208260e2b415bada13a0fe36,mp_gzip_json_monty_to_baderkit_grid,1306368,10450944,0.0,0.0046415888336127,17.41877905809462,21202,492.92255447599285,0.0007593113590788,0.0007593113364848,6.206143558495796,1.102959347587839,2.8421709430404014e-14,0.0196512219999931,0.0922386610000103,7.408344005791941e-13,1,653187,6,32
mp-560341,bulk,EuSi2(NO)2,Materials Project,97809dd615a6ffacfd3dcf4e970eb748f59f85af208260e2b415bada13a0fe36,mp_gzip_json_monty_to_baderkit_grid,1306368,10450944,0.0,0.01,37.52762186076,16979,615.5217621768066,0.0015958514202659,0.0015958514095156,14.32135584236994,2.1574791190725837,2.8421709430404014e-14,0.0196286579999878,0.093623655999977,6.920543158240737e-13,1,653187,6,32
mp-560341,bulk,EuSi2(NO)2,Materials Project,97809dd615a6ffacfd3dcf4e970eb748f59f85af208260e2b415bada13a0fe36,mp_gzip_json_monty_to_baderkit_grid,1306368,10450944,0.0,0.0215443469003188,80.85081037122016,12505,835.7412235105958,0.0032720576204562,0.0032720576152131,44.82241623578011,4.047686500421259,0.0,0.0192103589999987,0.0882803799999578,7.920750036226851e-13,1,653187,6,32
mp-560341,bulk,EuSi2(NO)2,Materials Project,97809dd615a6ffacfd3dcf4e970eb748f59f85af208260e2b415bada13a0fe36,mp_gzip_json_monty_to_baderkit_grid,1306368,10450944,0.0,0.0464158883361277,174.1877905809462,9630,1085.2485981308412,0.0065806353098202,0.0065806353072133,122.0191839668928,7.121316661797736,0.0,0.0191190609999694,0.0933692730000075,7.972821337610847e-13,1,653187,6,32
mp-560341,bulk,EuSi2(NO)2,Materials Project,97809dd615a6ffacfd3dcf4e970eb748f59f85af208260e2b415bada13a0fe36,mp_gzip_json_monty_to_baderkit_grid,1306368,10450944,0.0,0.1,375.2762186076,7521,1389.5684084563222,0.0127256867219712,0.0127256867206233,204.1241602568855,11.761242075110095,2.8421709430404014e-14,0.0174977589999798,0.0920805719999862,6.966558518844109e-13,1,653187,6,32
mp-560341,bulk,EuSi2(NO)2,Materials Project,97809dd615a6ffacfd3dcf4e970eb748f59f85af208260e2b415bada13a0fe36,mp_gzip_json_monty_to_baderkit_grid,1306368,10450944,0.0,0.2154434690031882,808.5081037122015,6558,1593.6175663311983,0.024603160775044,0.0246031607743471,265.98864980805274,19.326406378586217,2.8421709430404014e-14,0.0182789259999935,0.0862219090000167,7.6287353034385e-13,1,653187,6,32
mp-560341,bulk,EuSi2(NO)2,Materials Project,97809dd615a6ffacfd3dcf4e970eb748f59f85af208260e2b415bada13a0fe36,mp_gzip_json_monty_to_baderkit_grid,1306368,10450944,0.0,0.4641588833612772,1741.877905809462,5879,1777.6737540398026,0.0487811322161201,0.0487811322157692,286.3277681414613,33.43884750018217,2.8421709430404014e-14,0.0184145200000216,0.0919967460000066,7.771163219955853e-13,1,653187,6,32
mp-560341,bulk,EuSi2(NO)2,Materials Project,97809dd615a6ffacfd3dcf4e970eb748f59f85af208260e2b415bada13a0fe36,mp_gzip_json_monty_to_baderkit_grid,1306368,10450944,0.0,1.0,3752.762186076,5506,1898.1009807482749,0.0935608569477727,0.0935608569475909,431.10658638195264,57.11665750225701,2.8421709430404014e-14,0.0212208560000135,0.0925031780000154,7.765197651511695e-13,1,653187,6,32
mp-560341,bulk,EuSi2(NO)2,Materials Project,97809dd615a6ffacfd3dcf4e970eb748f59f85af208260e2b415bada13a0fe36,mp_gzip_json_monty_to_baderkit_grid,1306368,10450944,0.0,2.154434690031882,8085.081037122015,5204,2008.2521137586475,0.1833852569268404,0.18338525692675,777.3322943270182,97.46936559414348,2.8421709430404014e-14,0.0175333630000409,0.0905014240000241,7.454206827955896e-13,1,653187,6,32
mp-560341,bulk,EuSi2(NO)2,Materials Project,97809dd615a6ffacfd3dcf4e970eb748f59f85af208260e2b415bada13a0fe36,mp_gzip_json_monty_to_baderkit_grid,1306368,10450944,0.0,4.641588833612772,17418.779058094617,5019,2082.276150627615,0.3086504131937739,0.3086504131937236,1056.951185225465,149.2343539850709,2.8421709430404014e-14,0.0207685650000257,0.0958206540000219,6.733203239804721e-13,1,653187,6,32
mp-560341,bulk,EuSi2(NO)2,Materials Project,97809dd615a6ffacfd3dcf4e970eb748f59f85af208260e2b415bada13a0fe36,mp_gzip_json_monty_to_baderkit_grid,1306368,10450944,0.0,10.0,37527.62186076,4903,2131.5406893738527,0.6067412633802631,0.6067412633802453,1933.8728588413296,244.1532281268836,2.8421709430404014e-14,0.0196287780000261,0.0943892989999994,4.664593346758306e-13,1,653187,6,32
mp-560341,bulk,EuSi2(NO)2,Materials Project,97809dd615a6ffacfd3dcf4e970eb748f59f85af208260e2b415bada13a0fe36,mp_gzip_json_monty_to_baderkit_grid,1306368,10450944,1.0,1e-07,0.0003752762186076,1790347,5.837384596393884,1.1843267048722814e-08,1.1694233532681609e-08,0.0004150832626379,8.129230947895602e-05,0.0,0.1286745779999591,0.0941132130000141,7.419627039066395e-13,1,653187,6,32
mp-560341,bulk,EuSi2(NO)2,Materials Project,97809dd615a6ffacfd3dcf4e970eb748f59f85af208260e2b415bada13a0fe36,mp_gzip_json_monty_to_baderkit_grid,1306368,10450944,1.0,2.1544346900318827e-07,0.0008085081037122,1501177,6.961833281485128,2.551723866683332e-08,2.5197268227846774e-08,0.0008989417671614,0.000175208861514,2.8421709430404014e-14,0.0951904160000367,0.1035889120000206,7.326222538393635e-13,1,653187,6,32
mp-560341,bulk,EuSi2(NO)2,Materials Project,97809dd615a6ffacfd3dcf4e970eb748f59f85af208260e2b415bada13a0fe36,mp_gzip_json_monty_to_baderkit_grid,1306368,10450944,1.0,4.641588833612782e-07,0.0017418779058094,1282851,8.14665459979374,5.500738571519992e-08,5.431542615677132e-08,0.001943154537173,0.0003775318405565,0.0,0.0886214740000355,0.1037249070000143,7.082558921751876e-13,1,653187,6,32
mp-560341,bulk,EuSi2(NO)2,Materials Project,97809dd615a6ffacfd3dcf4e970eb748f59f85af208260e2b415bada13a0fe36,mp_gzip_json_monty_to_baderkit_grid,1306368,10450944,1.0,1e-06,0.003752762186076,1061881,9.84191637292691,1.1857228861352477e-07,1.1708573022949461e-07,0.0041735153942568,0.0008139027928973,2.8421709430404014e-14,0.0971377280000069,0.0976333640000461,7.977565315674532e-13,1,653187,6,32
mp-560341,bulk,EuSi2(NO)2,Materials Project,97809dd615a6ffacfd3dcf4e970eb748f59f85af208260e2b415bada13a0fe36,mp_gzip_json_monty_to_baderkit_grid,1306368,10450944,1.0,2.1544346900318822e-06,0.008085081037122,875769,11.933448203807169,2.545792723274223e-07,2.514457727637439e-07,0.0086717506767399,0.0017425849000161,2.8421709430404014e-14,0.1067510940000033,0.1016040829999838,7.985112475771458e-13,1,653187,6,32
mp-560341,bulk,EuSi2(NO)2,Materials Project,97809dd615a6ffacfd3dcf4e970eb748f59f85af208260e2b415bada13a0fe36,mp_gzip_json_monty_to_baderkit_grid,1306368,10450944,1.0,4.641588833612773e-06,0.0174187790580946,684558,15.266703478741029,5.335173237925696e-07,5.276811285941879e-07,0.0259438153429982,0.0035519767943853,2.8421709430404014e-14,0.103571066000029,0.1017922469999916,7.792056199818318e-13,1,653187,6,32
mp-560341,bulk,EuSi2(NO)2,Materials Project,97809dd615a6ffacfd3dcf4e970eb748f59f85af208260e2b415bada13a0fe36,mp_gzip_json_monty_to_baderkit_grid,1306368,10450944,1.0,1e-05,0.0375276218607599,486113,21.499001261023672,1.0457533928344125e-06,1.0373897703466516e-06,0.0537979897627565,0.0064881248958848,2.8421709430404014e-14,0.0783376870000438,0.0947111739999968,7.668987221547503e-13,1,653187,6,32
mp-560341,bulk,EuSi2(NO)2,Materials Project,97809dd615a6ffacfd3dcf4e970eb748f59f85af208260e2b415bada13a0fe36,mp_gzip_json_monty_to_baderkit_grid,1306368,10450944,1.0,2.1544346900318823e-05,0.0808508103712201,338171,30.904317638117995,1.9457513616561407e-06,1.937749736988327e-06,0.0895208898694477,0.0109553650893552,2.8421709430404014e-14,0.0568369800000141,0.0979045520000454,6.797789802992871e-13,1,653187,6,32
mp-560341,bulk,EuSi2(NO)2,Materials Project,97809dd615a6ffacfd3dcf4e970eb748f59f85af208260e2b415bada13a0fe36,mp_gzip_json_monty_to_baderkit_grid,1306368,10450944,1.0,4.641588833612772e-05,0.1741877905809462,241064,43.35339992699034,3.468822521680624e-06,3.463904859878793e-06,0.1728667508655235,0.0173887041404979,2.8421709430404014e-14,0.0464390110000181,0.0981113540000251,7.998306985544545e-13,1,653187,6,32
mp-560341,bulk,EuSi2(NO)2,Materials Project,97809dd615a6ffacfd3dcf4e970eb748f59f85af208260e2b415bada13a0fe36,mp_gzip_json_monty_to_baderkit_grid,1306368,10450944,1.0,0.0001,0.3752762186076,168397,62.06134313556655,6.166129050636621e-06,6.163346141725483e-06,0.1908432700520279,0.0273149959263,2.8421709430404014e-14,0.0364077760000327,0.0957482960000106,7.073471171535303e-13,1,653187,6,32
mp-560341,bulk,EuSi2(NO)2,Materials Project,97809dd615a6ffacfd3dcf4e970eb748f59f85af208260e2b415bada13a0fe36,mp_gzip_json_monty_to_baderkit_grid,1306368,10450944,1.0,0.0002154434690031,0.8085081037122016,120105,87.01506182090671,1.1046646075327146e-05,1.104509292433346e-05,0.4542796056348379,0.0432272755521118,2.8421709430404014e-14,0.0311520010000094,0.0974861619999956,7.069417169728875e-13,1,653187,6,32
mp-560341,bulk,EuSi2(NO)2,Materials Project,97809dd615a6ffacfd3dcf4e970eb748f59f85af208260e2b415bada13a0fe36,mp_gzip_json_monty_to_baderkit_grid,1306368,10450944,1.0,0.0004641588833612,1.7418779058094638,90518,115.45708035970746,1.9550495513934464e-05,1.9549617976676703e-05,0.6637200930044855,0.0674062681954574,2.8421709430404014e-14,0.0278758970000012,0.0959238510000091,7.657942807672068e-13,1,653187,6,32
mp-560341,bulk,EuSi2(NO)2,Materials Project,97809dd615a6ffacfd3dcf4e970eb748f59f85af208260e2b415bada13a0fe36,mp_gzip_json_monty_to_baderkit_grid,1306368,10450944,1.0,0.001,3.752762186076,69876,149.564142194745,3.509957080873581e-05,3.50990820271858e-05,1.147585347885979,0.1069310807447883,2.8421709430404014e-14,0.0253074709999623,0.0924432790000082,8.062227925932169e-13,1,653187,6,32
mp-560341,bulk,EuSi2(NO)2,Materials Project,97809dd615a6ffacfd3dcf4e970eb748f59f85af208260e2b415bada13a0fe36,mp_gzip_json_monty_to_baderkit_grid,1306368,10450944,1.0,0.0021544346900318,8.085081037122015,50099,208.60584043593684,6.280207920951675e-05,6.280180603479621e-05,1.5679505897651325,0.1690425331459776,2.8421709430404014e-14,0.0224151450000249,0.0969630949999782,7.853472140943964e-13,1,653187,6,32
mp-560341,bulk,EuSi2(NO)2,Materials Project,97809dd615a6ffacfd3dcf4e970eb748f59f85af208260e2b415bada13a0fe36,mp_gzip_json_monty_to_baderkit_grid,1306368,10450944,1.0,0.0046415888336127,17.41877905809462,37520,278.54328358208954,0.0001130933035373,0.0001130931518403,2.028585139914412,0.2690363020974466,2.8421709430404014e-14,0.0212132849999875,0.0955056099999751,7.140346618674139e-13,1,653187,6,32
mp-560341,bulk,EuSi2(NO)2,Materials Project,97809dd615a6ffacfd3dcf4e970eb748f59f85af208260e2b415bada13a0fe36,mp_gzip_json_monty_to_baderkit_grid,1306368,10450944,1.0,0.01,37.52762186076,29949,348.9580286487028,0.0002061275887936,0.000206127505564,5.37266716719887,0.4361358706668523,2.8421709430404014e-14,0.0207287250000263,0.0919400810000183,9.26630030935379e-13,1,653187,6,32
mp-560341,bulk,EuSi2(NO)2,Materials Project,97809dd615a6ffacfd3dcf4e970eb748f59f85af208260e2b415bada13a0fe36,mp_gzip_json_monty_to_baderkit_grid,1306368,10450944,1.0,0.0215443469003188,80.85081037122016,23576,443.2874109263658,0.0003982227298919,0.0003982226868108,4.385099142426043,0.7669045517830673,2.8421709430404014e-14,0.0211634089999961,0.094753178000019,7.467550752372972e-13,1,653187,6,32
mp-560341,bulk,EuSi2(NO)2,Materials Project,97809dd615a6ffacfd3dcf4e970eb748f59f85af208260e2b415bada13a0fe36,mp_gzip_json_monty_to_baderkit_grid,1306368,10450944,1.0,0.0464158883361277,174.1877905809462,19598,533.2658434534136,0.0007908886397759,0.000790888618084,9.212812040910649,1.4345802208090073,2.8421709430404014e-14,0.0208821960000022,0.0957775899999546,7.122932871926268e-13,1,653187,6,32
mp-560341,bulk,EuSi2(NO)2,Materials Project,97809dd615a6ffacfd3dcf4e970eb748f59f85af208260e2b415bada13a0fe36,mp_gzip_json_monty_to_baderkit_grid,1306368,10450944,1.0,0.1,375.2762186076,15792,661.7872340425532,0.0015441381220885,0.0015441381109781,29.455056484666784,2.6278527312818127,0.0,0.0201371539999968,0.0924958790000118,7.007267541431794e-13,1,653187,6,32
mp-560341,bulk,EuSi2(NO)2,Materials Project,97809dd615a6ffacfd3dcf4e970eb748f59f85af208260e2b415bada13a0fe36,mp_gzip_json_monty_to_baderkit_grid,1306368,10450944,1.0,0.2154434690031882,808.5081037122015,12538,833.5415536768224,0.0028592574845553,0.0028592574785553,73.30470442384376,4.507884697850425,2.8421709430404014e-14,0.0213926449999917,0.0989875939999933,9.183570785566386e-13,1,653187,6,32
mp-560341,bulk,EuSi2(NO)2,Materials Project,97809dd615a6ffacfd3dcf4e970eb748f59f85af208260e2b415bada13a0fe36,mp_gzip_json_monty_to_baderkit_grid,1306368,10450944,1.0,0.4641588833612772,1741.877905809462,9571,1091.938564413332,0.0049923285877329,0.0049923285842965,142.12771044710962,7.0019204390848,2.8421709430404014e-14,0.0211184220000291,0.0989022059999911,6.983147634520736e-13,1,653187,6,32
mp-560341,bulk,EuSi2(NO)2,Materials Project,97809dd615a6ffacfd3dcf4e970eb748f59f85af208260e2b415bada13a0fe36,mp_gzip_json_monty_to_baderkit_grid,1306368,10450944,1.0,1.0,3752.762186076,8104,1289.6031589338595,0.0085631252275009,0.0085631252254976,222.1679362567941,10.37405976243851,2.8421709430404014e-14,0.0203127089999952,0.091199687000028,7.529958645774782e-13,1,653187,6,32
mp-560341,bulk,EuSi2(NO)2,Materials Project,97809dd615a6ffacfd3dcf4e970eb748f59f85af208260e2b415bada13a0fe36,mp_gzip_json_monty_to_baderkit_grid,1306368,10450944,1.0,2.154434690031882,8085.081037122015,7227,1446.0971357409717,0.0148944384353441,0.0148944384341925,264.951115296275,15.586263952651336,2.8421709430404014e-14,0.0201606800000035,0.0953323400000272,7.213119065205518e-13,1,653187,6,32
mp-560341,bulk,EuSi2(NO)2,Materials Project,97809dd615a6ffacfd3dcf4e970eb748f59f85af208260e2b415bada13a0fe36,mp_gzip_json_monty_to_baderkit_grid,1306368,10450944,1.0,4.641588833612772,17418.779058094617,6209,1683.1927846674182,0.0266760824380734,0.0266760824374308,291.9262957584517,24.820955180946196,2.8421709430404014e-14,0.0200216210000121,0.094729712000003,7.110436731598516e-13,1,653187,6,32
mp-560341,bulk,EuSi2(NO)2,Materials Project,97809dd615a6ffacfd3dcf4e970eb748f59f85af208260e2b415bada13a0fe36,mp_gzip_json_monty_to_baderkit_grid,1306368,10450944,1.0,10.0,37527.62186076,5765,1812.8263660017344,0.0477440936606353,0.0477440936602767,349.4948811638219,39.09871178427554,2.8421709430404014e-14,0.0193284360000234,0.0902959350000287,7.035649187531562e-13,1,653187,6,32
mp-560341,bulk,EuSi2(NO)2,Materials Project,97809dd615a6ffacfd3dcf4e970eb748f59f85af208260e2b415bada13a0fe36,mp_gzip_json_monty_to_baderkit_grid,1306368,10450944,2.0,1e-07,0.0003752762186076,1995810,5.2364423467163705,6.282305994082026e-09,6.165190859708971e-09,0.0002351639573134,4.9037090433896704e-05,2.8421709430404014e-14,0.1356823920000351,0.1041756870000085,7.739228724454458e-13,1,653187,6,32
mp-560341,bulk,EuSi2(NO)2,Materials Project,97809dd615a6ffacfd3dcf4e970eb748f59f85af208260e2b415bada13a0fe36,mp_gzip_json_monty_to_baderkit_grid,1306368,10450944,2.0,2.1544346900318827e-07,0.0008085081037122,1777186,5.880613509221882,1.354370163872013e-08,1.3290961545112468e-08,0.0005427238654673,0.0001056498709871,0.0,0.1342249570000149,0.1374231129999543,7.663426874870659e-13,1,653187,6,32
mp-560341,bulk,EuSi2(NO)2,Materials Project,97809dd615a6ffacfd3dcf4e970eb748f59f85af208260e2b415bada13a0fe36,mp_gzip_json_monty_to_baderkit_grid,1306368,10450944,2.0,4.641588833612782e-07,0.0017418779058094,1509460,6.9236309673658125,2.9189081145520628e-08,2.8649504159108997e-08,0.001133490236441,0.0002277728603967,2.8421709430404014e-14,0.105761745000052,0.0997019999999793,7.555692947902197e-13,1,653187,6,32
mp-560341,bulk,EuSi2(NO)2,Materials Project,97809dd615a6ffacfd3dcf4e970eb748f59f85af208260e2b415bada13a0fe36,mp_gzip_json_monty_to_baderkit_grid,1306368,10450944,2.0,1e-06,0.003752762186076,1274283,8.20143092233044,6.28511595059973e-08,6.16822701173135e-08,0.0023473983004862,0.000490426984294,2.8421709430404014e-14,0.0953575080000064,0.1023628370000437,7.78850675847236e-13,1,653187,6,32
mp-560341,bulk,EuSi2(NO)2,Materials Project,97809dd615a6ffacfd3dcf4e970eb748f59f85af208260e2b415bada13a0fe36,mp_gzip_json_monty_to_baderkit_grid,1306368,10450944,2.0,2.1544346900318822e-06,0.008085081037122,1083364,9.646752153477502,1.351519125656993e-07,1.326712858038239e-07,0.0057929559160481,0.0010529404414148,2.8421709430404014e-14,0.1075596620000283,0.1003003009999474,7.594252743453814e-13,1,653187,6,32
mp-560341,bulk,EuSi2(NO)2,Materials Project,97809dd615a6ffacfd3dcf4e970eb748f59f85af208260e2b415bada13a0fe36,mp_gzip_json_monty_to_baderkit_grid,1306368,10450944,2.0,4.641588833612773e-06,0.0174187790580946,864306,12.091717516712832,2.83418836931572e-07,2.7849873330564546e-07,0.0167367531369109,0.0021623696657966,2.8421709430404014e-14,0.1006466019999834,0.0995981730000039,7.745299818073063e-13,1,653187,6,32
mp-560341,bulk,EuSi2(NO)2,Materials Project,97809dd615a6ffacfd3dcf4e970eb748f59f85af208260e2b415bada13a0fe36,mp_gzip_json_monty_to_baderkit_grid,1306368,10450944,2.0,1e-05,0.0375276218607599,677034,15.436365086539228,5.539254779050204e-07,5.459738614242138e-07,0.0395198078481371,0.0040018889368791,2.8421709430404014e-14,0.0929940280000209,0.1033922970000276,7.889809791112992e-13,1,653187,6,32
mp-560341,bulk,EuSi2(NO)2,Materials Project,97809dd615a6ffacfd3dcf4e970eb748f59f85af208260e2b415bada13a0fe36,mp_gzip_json_monty_to_baderkit_grid,1306368,10450944,2.0,2.1544346900318823e-05,0.0808508103712201,499317,20.930479034360932,9.995895836186434e-07,9.89150079114599e-07,0.0560971301396193,0.0066743289412871,2.8421709430404014e-14,0.0744278790000407,0.1029541679999965,7.820943392037023e-13,1,653187,6,32
mp-560341,bulk,EuSi2(NO)2,Materials Project,97809dd615a6ffacfd3dcf4e970eb748f59f85af208260e2b415bada13a0fe36,mp_gzip_json_monty_to_baderkit_grid,1306368,10450944,2.0,4.641588833612772e-05,0.1741877905809462,371740,28.113584763544413,1.7181391093873757e-06,1.7087262293991605e-06,0.0957799762409195,0.0104907365979853,2.8421709430404014e-14,0.056832202999999,0.0966712850000135,7.066339486195665e-13,1,653187,6,32
mp-560341,bulk,EuSi2(NO)2,Materials Project,97809dd615a6ffacfd3dcf4e970eb748f59f85af208260e2b415bada13a0fe36,mp_gzip_json_monty_to_baderkit_grid,1306368,10450944,2.0,0.0001,0.3752762186076,272428,38.36222414729763,2.8196650119904785e-06,2.8135952128066266e-06,0.1739035140030864,0.0155952334636477,2.8421709430404014e-14,0.0481099779999567,0.1021230659999901,7.908394344953558e-13,1,653187,6,32
mp-560341,bulk,EuSi2(NO)2,Materials Project,97809dd615a6ffacfd3dcf4e970eb748f59f85af208260e2b415bada13a0fe36,mp_gzip_json_monty_to_baderkit_grid,1306368,10450944,2.0,0.0002154434690031,0.8085081037122016,203864,51.264293842954125,4.617374969983573e-06,4.6136579638122034e-06,0.2467248584380286,0.0230023056987397,2.8421709430404014e-14,0.0398083169999949,0.1006981799999948,7.566975981485094e-13,1,653187,6,32
mp-560341,bulk,EuSi2(NO)2,Materials Project,97809dd615a6ffacfd3dcf4e970eb748f59f85af208260e2b415bada13a0fe36,mp_gzip_json_monty_to_baderkit_grid,1306368,10450944,2.0,0.0004641588833612,1.7418779058094638,152376,68.58654906284454,7.615125935130236e-06,7.612872729890561e-06,0.4157764922706519,0.0340529872431491,2.8421709430404014e-14,0.0347007350000012,0.0960349569999721,8.273706454359679e-13,1,653187,6,32
mp-560341,bulk,EuSi2(NO)2,Materials Project,97809dd615a6ffacfd3dcf4e970eb748f59f85af208260e2b415bada13a0fe36,mp_gzip_json_monty_to_baderkit_grid,1306368,10450944,2.0,0.001,3.752762186076,110438,94.6317752947355,1.244994347603696e-05,1.2448565409320736e-05,0.6462327982285387,0.0501173937122211,2.8421709430404014e-14,0.0283490010000377,0.1007405139999946,7.72790274613839e-13,1,653187,6,32
mp-560341,bulk,EuSi2(NO)2,Materials Project,97809dd615a6ffacfd3dcf4e970eb748f59f85af208260e2b415bada13a0fe36,mp_gzip_json_monty_to_baderkit_grid,1306368,10450944,2.0,0.0021544346900318,8.085081037122015,87562,119.35478860692994,2.047670928514732e-05,2.047587144279991e-05,0.6599528860765531,0.0739201676944788,2.8421709430404014e-14,0.0272869809999747,0.0988697170000136,7.466177513102398e-13,1,653187,6,32
mp-560341,bulk,EuSi2(NO)2,Materials Project,97809dd615a6ffacfd3dcf4e970eb748f59f85af208260e2b415bada13a0fe36,mp_gzip_json_monty_to_baderkit_grid,1306368,10450944,2.0,0.0046415888336127,17.41877905809462,70286,148.69168824516973,3.3996032126787875e-05,3.39955274787618e-05,1.138186985532684,0.1103463500663547,2.8421709430404014e-14,0.0259264119999897,0.0957189320000111,7.618157077074471e-13,1,653187,6,32
mp-560341,bulk,EuSi2(NO)2,Materials Project,97809dd615a6ffacfd3dcf4e970eb748f59f85af208260e2b415bada13a0fe36,mp_gzip_json_monty_to_baderkit_grid,1306368,10450944,2.0,0.01,37.52762186076,53451,195.52382555985852,5.579540160234177e-05,5.5795094122694377e-05,2.148759244795201,0.1629101486857096,2.8421709430404014e-14,0.0238919280000118,0.1006026659999861,7.646080751719872e-13,1,653187,6,32
mp-560341,bulk,EuSi2(NO)2,Materials Project,97809dd615a6ffacfd3dcf4e970eb748f59f85af208260e2b415bada13a0fe36,mp_gzip_json_monty_to_baderkit_grid,1306368,10450944,2.0,0.0215443469003188,80.85081037122016,42959,243.27717125631412,9.316667216429048e-05,9.316648802204732e-05,1.9181171950453968,0.2441181027250385,2.8421709430404014e-14,0.0226078549999897,0.0976557989999946,8.201235647414941e-13,1,653187,6,32
mp-560341,bulk,EuSi2(NO)2,Materials Project,97809dd615a6ffacfd3dcf4e970eb748f59f85af208260e2b415bada13a0fe36,mp_gzip_json_monty_to_baderkit_grid,1306368,10450944,2.0,0.0464158883361277,174.1877905809462,33114,315.6050009059612,0.0001559939054613,0.0001559937954832,5.567844491502001,0.3686045627736192,2.8421709430404014e-14,0.0223531110000294,0.0935707369999931,7.251555251019437e-13,1,653187,6,32
mp-560341,bulk,EuSi2(NO)2,Materials Project,97809dd615a6ffacfd3dcf4e970eb748f59f85af208260e2b415bada13a0fe36,mp_gzip_json_monty_to_baderkit_grid,1306368,10450944,2.0,0.1,375.2762186076,28471,367.0733026588458,0.0002768315411478,0.0002768314791754,5.071931272137135,0.5946434906645109,2.8421709430404014e-14,0.0223984489999793,0.1056673030000183,7.130541326850716e-13,1,653187,6,32
mp-560341,bulk,EuSi2(NO)2,Materials Project,97809dd615a6ffacfd3dcf4e970eb748f59f85af208260e2b415bada13a0fe36,mp_gzip_json_monty_to_baderkit_grid,1306368,10450944,2.0,0.2154434690031882,808.5081037122015,22753,459.3215839669494,0.0005309162396649,0.0005309162073511,7.305450332810324,1.0690325814628476,2.8421709430404014e-14,0.0226708700000131,0.0977817579999964,7.803834968919544e-13,1,653187,6,32
mp-560341,bulk,EuSi2(NO)2,Materials Project,97809dd615a6ffacfd3dcf4e970eb748f59f85af208260e2b415bada13a0fe36,mp_gzip_json_monty_to_baderkit_grid,1306368,10450944,2.0,0.4641588833612772,1741.877905809462,18428,567.1230735836771,0.0009957496200313,0.0009957496028022,20.597812472927217,1.8960743532541195,2.8421709430404014e-14,0.0219857079999883,0.0919945830000301,7.487024182046523e-13,1,653187,6,32
mp-560341,bulk,EuSi2(NO)2,Materials Project,97809dd615a6ffacfd3dcf4e970eb748f59f85af208260e2b415bada13a0fe36,mp_gzip_json_monty_to_baderkit_grid,1306368,10450944,2.0,1.0,3752.762186076,15032,695.2464076636509,0.0017853238650885,0.0017853238554791,49.590518335627166,3.198576090426633,2.8421709430404014e-14,0.0209510399999999,0.0979120839999723,7.717812249920847e-13,1,653187,6,32
mp-560341,bulk,EuSi2(NO)2,Materials Project,97809dd615a6ffacfd3dcf4e970eb748f59f85af208260e2b415bada13a0fe36,mp_gzip_json_monty_to_baderkit_grid,1306368,10450944,2.0,2.154434690031882,8085.081037122015,12190,857.3374897456932,0.0029968640688271,0.0029968640631026,110.41159756544494,4.982495644314437,2.8421709430404014e-14,0.0205308970000146,0.0974229079999986,7.625211760048796e-13,1,653187,6,32
mp-560341,bulk,EuSi2(NO)2,Materials Project,97809dd615a6ffacfd3dcf4e970eb748f59f85af208260e2b415bada13a0fe36,mp_gzip_json_monty_to_baderkit_grid,1306368,10450944,2.0,4.641588833612772,17418.779058094617,9534,1096.1762114537446,0.0047017580586456,0.0047017580549969,159.32901117866868,7.063164500153693,2.8421709430404014e-14,0.0194005650000121,0.091404663999981,7.595475648242544e-13,1,653187,6,32
mp-560341,bulk,EuSi2(NO)2,Materials Project,97809dd615a6ffacfd3dcf4e970eb748f59f85af208260e2b415bada13a0fe36,mp_gzip_json_monty_to_baderkit_grid,1306368,10450944,2.0,10.0,37527.62186076,8365,1249.365690376569,0.0073875672220213,0.0073875672196991,231.0699971517497,9.7718640828725,2.8421709430404014e-14,0.0193411550000064,0.0958349269999985,7.732776490134116e-13,1,653187,6,32
nomad-8eTSyDPSGSwy,slab,H3C4O35Ru16,NOMAD surfaces/adsorbates,22799112618fef4a89ae1416bdb66e21809dd302002cb4eb6b6dadc8a0517b1c,nomad_exact_bytes_decompress_to_baderkit_grid,3870720,30965760,0.0,1e-07,0.0009435400798905,4784382,6.472259113089214,8.132592899610299e-09,8.101546480365515e-09,0.0019711757815567,0.000385228309721,2.842170943040401e-13,0.6781681139999876,0.447933718999991,1.998150343039116e-12,1,1935363,6,32
nomad-8eTSyDPSGSwy,slab,H3C4O35Ru16,NOMAD surfaces/adsorbates,22799112618fef4a89ae1416bdb66e21809dd302002cb4eb6b6dadc8a0517b1c,nomad_exact_bytes_decompress_to_baderkit_grid,3870720,30965760,0.0,2.1544346900318827e-07,0.0020327954795516,4020463,7.702038297579159,1.7442601683781992e-08,1.7374766624867266e-08,0.0043202555656307,0.0008294736155967,2.273736754432321e-13,0.6184468060000086,0.4382685130000254,1.7373178867312373e-12,1,1935363,6,32
nomad-8eTSyDPSGSwy,slab,H3C4O35Ru16,NOMAD surfaces/adsorbates,22799112618fef4a89ae1416bdb66e21809dd302002cb4eb6b6dadc8a0517b1c,nomad_exact_bytes_decompress_to_baderkit_grid,3870720,30965760,0.0,4.641588833612782e-07,0.0043795250988861,3208339,9.651648407478138,3.8059653817031864e-08,3.791606719759986e-08,0.0092395758628285,0.0017878592568494,2.842170943040401e-13,0.5246199700000034,0.4235057610000012,1.812117186026324e-12,1,1935363,6,32
nomad-8eTSyDPSGSwy,slab,H3C4O35Ru16,NOMAD surfaces/adsorbates,22799112618fef4a89ae1416bdb66e21809dd302002cb4eb6b6dadc8a0517b1c,nomad_exact_bytes_decompress_to_baderkit_grid,3870720,30965760,0.0,1e-06,0.0094354007989055,2529412,12.242276070485946,8.154699180839022e-08,8.124112299627545e-08,0.0198885818739789,0.0038469949154186,2.273736754432321e-13,0.490066229000007,0.4387835800000061,1.9367636597962014e-12,1,1935363,6,32
nomad-8eTSyDPSGSwy,slab,H3C4O35Ru16,NOMAD surfaces/adsorbates,22799112618fef4a89ae1416bdb66e21809dd302002cb4eb6b6dadc8a0517b1c,nomad_exact_bytes_decompress_to_baderkit_grid,3870720,30965760,0.0,2.1544346900318822e-06,0.0203279547955166,1870140,16.557990310885817,1.7405703750710458e-07,1.734496123038368e-07,0.0592232389992659,0.0081298835628847,2.842170943040401e-13,0.4020563269999968,0.4275636440000028,1.7129647220758149e-12,1,1935363,6,32
nomad-8eTSyDPSGSwy,slab,H3C4O35Ru16,NOMAD surfaces/adsorbates,22799112618fef4a89ae1416bdb66e21809dd302002cb4eb6b6dadc8a0517b1c,nomad_exact_bytes_decompress_to_baderkit_grid,3870720,30965760,0.0,4.641588833612773e-06,0.0437952509888611,1309367,23.64941227325876,3.631418488106195e-07,3.621283128353902e-07,0.1392891119901378,0.0161683973728324,2.842170943040401e-13,0.3154729789999919,0.4137263279999956,1.939543351846521e-12,1,1935363,6,32
nomad-8eTSyDPSGSwy,slab,H3C4O35Ru16,NOMAD surfaces/adsorbates,22799112618fef4a89ae1416bdb66e21809dd302002cb4eb6b6dadc8a0517b1c,nomad_exact_bytes_decompress_to_baderkit_grid,3870720,30965760,0.0,1e-05,0.0943540079890556,895152,34.59273955708081,7.446315293962483e-07,7.433753125329519e-07,0.3881391442378117,0.0298625148391657,2.842170943040401e-13,0.2458577939999884,0.4123655799999994,1.853097136815084e-12,1,1935363,6,32
nomad-8eTSyDPSGSwy,slab,H3C4O35Ru16,NOMAD surfaces/adsorbates,22799112618fef4a89ae1416bdb66e21809dd302002cb4eb6b6dadc8a0517b1c,nomad_exact_bytes_decompress_to_baderkit_grid,3870720,30965760,0.0,2.1544346900318823e-05,0.2032795479551669,580455,53.34739127064113,1.4936306473625651e-06,1.4924192074349669e-06,0.4845857865977905,0.0524706214397059,2.842170943040401e-13,0.1862577029999954,0.4236786129999927,1.6438148201505836e-12,1,1935363,6,32
nomad-8eTSyDPSGSwy,slab,H3C4O35Ru16,NOMAD surfaces/adsorbates,22799112618fef4a89ae1416bdb66e21809dd302002cb4eb6b6dadc8a0517b1c,nomad_exact_bytes_decompress_to_baderkit_grid,3870720,30965760,0.0,4.641588833612772e-05,0.437952509888611,379810,81.52960690871751,2.9888304049990824e-06,2.987888758064688e-06,0.8137142066975684,0.0907678212569724,2.842170943040401e-13,0.1406939160000035,0.4100470859999916,1.8082514311094362e-12,1,1935363,6,32
nomad-8eTSyDPSGSwy,slab,H3C4O35Ru16,NOMAD surfaces/adsorbates,22799112618fef4a89ae1416bdb66e21809dd302002cb4eb6b6dadc8a0517b1c,nomad_exact_bytes_decompress_to_baderkit_grid,3870720,30965760,0.0,0.0001,0.9435400798905568,264008,117.2909911820854,5.983345523176176e-06,5.9828278256918906e-06,1.3959542379816412,0.1561428338788872,2.842170943040401e-13,0.1227434900000048,0.4093436619999977,1.6779901992145477e-12,1,1935363,6,32
nomad-8eTSyDPSGSwy,slab,H3C4O35Ru16,NOMAD surfaces/adsorbates,22799112618fef4a89ae1416bdb66e21809dd302002cb4eb6b6dadc8a0517b1c,nomad_exact_bytes_decompress_to_baderkit_grid,3870720,30965760,0.0,0.0002154434690031,2.0327954795516687,179605,172.4103449235823,1.1951469780116227e-05,1.1951210610109454e-05,2.145547482327629,0.2681979339252022,2.842170943040401e-13,0.1086749849999932,0.4312173060000077,1.5999205043985497e-12,1,1935363,6,32
nomad-8eTSyDPSGSwy,slab,H3C4O35Ru16,NOMAD surfaces/adsorbates,22799112618fef4a89ae1416bdb66e21809dd302002cb4eb6b6dadc8a0517b1c,nomad_exact_bytes_decompress_to_baderkit_grid,3870720,30965760,0.0,0.0004641588833612,4.379525098886115,131081,236.2337791136778,2.355870098224264e-05,2.3558569504808316e-05,4.7492869986344886,0.4605889429081911,2.842170943040401e-13,0.1016555680000124,0.4318885330000057,1.6458413889870445e-12,1,1935363,6,32
nomad-8eTSyDPSGSwy,slab,H3C4O35Ru16,NOMAD surfaces/adsorbates,22799112618fef4a89ae1416bdb66e21809dd302002cb4eb6b6dadc8a0517b1c,nomad_exact_bytes_decompress_to_baderkit_grid,3870720,30965760,0.0,0.001,9.435400798905569,87749,352.8901753866141,4.741898279579316e-05,4.741891747530623e-05,7.771615206351271,0.8006468959019842,2.273736754432321e-13,0.0916531149999855,0.4146756350000089,1.4988638801471045e-12,1,1935363,6,32
nomad-8eTSyDPSGSwy,slab,H3C4O35Ru16,NOMAD surfaces/adsorbates,22799112618fef4a89ae1416bdb66e21809dd302002cb4eb6b6dadc8a0517b1c,nomad_exact_bytes_decompress_to_baderkit_grid,3870720,30965760,0.0,0.0021544346900318,20.327954795516685,67590,458.1411451398136,9.923401696519548e-05,9.92339857518125e-05,10.796239239982995,1.4481699354536466,2.842170943040401e-13,0.0925334439999971,0.4060037339999951,1.751060424321986e-12,1,1935363,6,32
nomad-8eTSyDPSGSwy,slab,H3C4O35Ru16,NOMAD surfaces/adsorbates,22799112618fef4a89ae1416bdb66e21809dd302002cb4eb6b6dadc8a0517b1c,nomad_exact_bytes_decompress_to_baderkit_grid,3870720,30965760,0.0,0.0046415888336127,43.79525098886111,52374,591.242983159583,0.0002033289899012,0.0002033289746677,17.48114246746627,2.774500291672182,2.273736754432321e-13,0.0902264130000105,0.4033940069999744,1.5815623050755797e-12,1,1935363,6,32
nomad-8eTSyDPSGSwy,slab,H3C4O35Ru16,NOMAD surfaces/adsorbates,22799112618fef4a89ae1416bdb66e21809dd302002cb4eb6b6dadc8a0517b1c,nomad_exact_bytes_decompress_to_baderkit_grid,3870720,30965760,0.0,0.01,94.35400798905566,37680,821.8089171974523,0.0004137627149811,0.0004137627074951,82.44999320191164,5.370481444800502,2.842170943040401e-13,0.0888444850000098,0.4078326690000153,2.030291608492307e-12,1,1935363,6,32
nomad-8eTSyDPSGSwy,slab,H3C4O35Ru16,NOMAD surfaces/adsorbates,22799112618fef4a89ae1416bdb66e21809dd302002cb4eb6b6dadc8a0517b1c,nomad_exact_bytes_decompress_to_baderkit_grid,3870720,30965760,0.0,0.0215443469003188,203.2795479551669,28021,1105.0911816137896,0.0008688361537849,0.0008688361502198,301.09972995275166,9.985527687710912,2.273736754432321e-13,0.0851653839999926,0.4012382690000038,1.765658741542545e-12,1,1935363,6,32
nomad-8eTSyDPSGSwy,slab,H3C4O35Ru16,NOMAD surfaces/adsorbates,22799112618fef4a89ae1416bdb66e21809dd302002cb4eb6b6dadc8a0517b1c,nomad_exact_bytes_decompress_to_baderkit_grid,3870720,30965760,0.0,0.0464158883361277,437.9525098886111,19674,1573.9432753888382,0.0017449046418658,0.0017449046400906,478.4853335765656,17.193017714621817,2.842170943040401e-13,0.0877363400000206,0.4080991890000121,1.6665651462406732e-12,1,1935363,6,32
nomad-8eTSyDPSGSwy,slab,H3C4O35Ru16,NOMAD surfaces/adsorbates,22799112618fef4a89ae1416bdb66e21809dd302002cb4eb6b6dadc8a0517b1c,nomad_exact_bytes_decompress_to_baderkit_grid,3870720,30965760,0.0,0.1,943.5400798905566,15334,2019.4182861614715,0.0033662463540381,0.003366246353118,469.8920379850224,29.595329653207965,2.842170943040401e-13,0.086534236999995,0.4440384889999791,1.8795954534424725e-12,1,1935363,6,32
nomad-8eTSyDPSGSwy,slab,H3C4O35Ru16,NOMAD surfaces/adsorbates,22799112618fef4a89ae1416bdb66e21809dd302002cb4eb6b6dadc8a0517b1c,nomad_exact_bytes_decompress_to_baderkit_grid,3870720,30965760,0.0,0.2154434690031882,2032.795479551669,11846,2614.026675671113,0.0069564601988441,0.0069564601983989,683.4715648535991,50.78079406322964,2.842170943040401e-13,0.0863435509999988,0.4059709130000044,1.9828437620711337e-12,1,1935363,6,32
nomad-8eTSyDPSGSwy,slab,H3C4O35Ru16,NOMAD surfaces/adsorbates,22799112618fef4a89ae1416bdb66e21809dd302002cb4eb6b6dadc8a0517b1c,nomad_exact_bytes_decompress_to_baderkit_grid,3870720,30965760,0.0,0.4641588833612772,4379.525098886111,10041,3083.931879294891,0.0138136763767627,0.0138136763765385,1248.789898079363,90.06805301281665,2.842170943040401e-13,0.084852517999991,0.4087310780000166,1.8025246893683057e-12,1,1935363,6,32
nomad-8eTSyDPSGSwy,slab,H3C4O35Ru16,NOMAD surfaces/adsorbates,22799112618fef4a89ae1416bdb66e21809dd302002cb4eb6b6dadc8a0517b1c,nomad_exact_bytes_decompress_to_baderkit_grid,3870720,30965760,0.0,1.0,9435.400798905566,8855,3496.98023715415,0.028365853903689,0.0283658539035799,2672.658772536244,154.35230063913036,2.842170943040401e-13,0.0852055579999842,0.406713314000001,1.6975203388782998e-12,1,1935363,6,32
nomad-8eTSyDPSGSwy,slab,H3C4O35Ru16,NOMAD surfaces/adsorbates,22799112618fef4a89ae1416bdb66e21809dd302002cb4eb6b6dadc8a0517b1c,nomad_exact_bytes_decompress_to_baderkit_grid,3870720,30965760,0.0,2.154434690031882,20327.954795516685,8114,3816.337194971654,0.05553613385656,0.0555361338565044,4617.913951429134,255.3158406587428,2.842170943040401e-13,0.0837654850000149,0.4107535410000196,1.5730527874175346e-12,1,1935363,6,32
nomad-8eTSyDPSGSwy,slab,H3C4O35Ru16,NOMAD surfaces/adsorbates,22799112618fef4a89ae1416bdb66e21809dd302002cb4eb6b6dadc8a0517b1c,nomad_exact_bytes_decompress_to_baderkit_grid,3870720,30965760,0.0,4.641588833612772,43795.25098886111,7723,4009.550692735984,0.0973295816151858,0.0973295816151543,6807.021936263069,380.14160115787183,2.273736754432321e-13,0.0856041739999966,0.4094010919999959,1.5289501725282504e-12,1,1935363,6,32
nomad-8eTSyDPSGSwy,slab,H3C4O35Ru16,NOMAD surfaces/adsorbates,22799112618fef4a89ae1416bdb66e21809dd302002cb4eb6b6dadc8a0517b1c,nomad_exact_bytes_decompress_to_baderkit_grid,3870720,30965760,0.0,10.0,94354.00798905568,7495,4131.522348232154,0.1883695672020841,0.1883695672020683,8704.764075995065,534.3264507570515,2.273736754432321e-13,0.0877837010000064,0.4944590540000035,1.0295879020410892e-12,1,1935363,6,32
nomad-8eTSyDPSGSwy,slab,H3C4O35Ru16,NOMAD surfaces/adsorbates,22799112618fef4a89ae1416bdb66e21809dd302002cb4eb6b6dadc8a0517b1c,nomad_exact_bytes_decompress_to_baderkit_grid,3870720,30965760,1.0,1e-07,0.0009435400798905,5355514,5.782033246482037,3.381455737712346e-09,3.3421966118083383e-09,0.001139106330811,0.0002223712805302,2.842170943040401e-13,0.6944476529999974,0.4390009119999831,1.7839628798095228e-12,1,1935363,6,32
nomad-8eTSyDPSGSwy,slab,H3C4O35Ru16,NOMAD surfaces/adsorbates,22799112618fef4a89ae1416bdb66e21809dd302002cb4eb6b6dadc8a0517b1c,nomad_exact_bytes_decompress_to_baderkit_grid,3870720,30965760,1.0,2.1544346900318827e-07,0.0020327954795516,4657380,6.648751014518893,7.28757204158014e-09,7.202873218919805e-09,0.0025404268796976,0.0004792820814054,2.842170943040401e-13,0.6799191650000012,0.4296619540000108,2.016917549794448e-12,1,1935363,6,32
nomad-8eTSyDPSGSwy,slab,H3C4O35Ru16,NOMAD surfaces/adsorbates,22799112618fef4a89ae1416bdb66e21809dd302002cb4eb6b6dadc8a0517b1c,nomad_exact_bytes_decompress_to_baderkit_grid,3870720,30965760,1.0,4.641588833612782e-07,0.0043795250988861,3887660,7.965140984551118,1.5701092108184857e-08,1.5519623075251782e-08,0.0054913361641411,0.0010325967695428,2.842170943040401e-13,0.6192766759999984,0.4382373659999814,2.019525632239991e-12,1,1935363,6,32
nomad-8eTSyDPSGSwy,slab,H3C4O35Ru16,NOMAD surfaces/adsorbates,22799112618fef4a89ae1416bdb66e21809dd302002cb4eb6b6dadc8a0517b1c,nomad_exact_bytes_decompress_to_baderkit_grid,3870720,30965760,1.0,1e-06,0.0094354007989055,3113194,9.9466207374163,3.3809793391198236e-08,3.3420226980281795e-08,0.0113386227226328,0.0022222249535792,3.979039320256561e-13,0.5260721429999933,0.4168236879999938,1.6799306949001899e-12,1,1935363,6,32
nomad-8eTSyDPSGSwy,slab,H3C4O35Ru16,NOMAD surfaces/adsorbates,22799112618fef4a89ae1416bdb66e21809dd302002cb4eb6b6dadc8a0517b1c,nomad_exact_bytes_decompress_to_baderkit_grid,3870720,30965760,1.0,2.1544346900318822e-06,0.0203279547955166,2468873,12.542467757555777,7.222039750711483e-08,7.142762525974282e-08,0.0377140462082934,0.0047089921264627,3.979039320256561e-13,0.4929505429999778,0.4244130520000055,1.627579917806403e-12,1,1935363,6,32
nomad-8eTSyDPSGSwy,slab,H3C4O35Ru16,NOMAD surfaces/adsorbates,22799112618fef4a89ae1416bdb66e21809dd302002cb4eb6b6dadc8a0517b1c,nomad_exact_bytes_decompress_to_baderkit_grid,3870720,30965760,1.0,4.641588833612773e-06,0.0437952509888611,1817968,17.033171100921468,1.4847957841039632e-07,1.4706828661420213e-07,0.101295234570216,0.009344290153522,2.273736754432321e-13,0.3770690650000006,0.417639443999974,1.571095158501881e-12,1,1935363,6,32
nomad-8eTSyDPSGSwy,slab,H3C4O35Ru16,NOMAD surfaces/adsorbates,22799112618fef4a89ae1416bdb66e21809dd302002cb4eb6b6dadc8a0517b1c,nomad_exact_bytes_decompress_to_baderkit_grid,3870720,30965760,1.0,1e-05,0.0943540079890556,1350177,22.934593020026263,2.889412664121664e-07,2.868721692606015e-07,0.1724008173548554,0.0170160547923143,2.842170943040401e-13,0.3282597850000002,0.4112683810000135,1.5776299815514732e-12,1,1935363,6,32
nomad-8eTSyDPSGSwy,slab,H3C4O35Ru16,NOMAD surfaces/adsorbates,22799112618fef4a89ae1416bdb66e21809dd302002cb4eb6b6dadc8a0517b1c,nomad_exact_bytes_decompress_to_baderkit_grid,3870720,30965760,1.0,2.1544346900318823e-05,0.2032795479551669,929269,33.322708494526346,5.336335822984667e-07,5.312516629970203e-07,0.3539743944475049,0.0287065271243754,3.979039320256561e-13,0.2463545349999947,0.4210418629999992,1.654070636783103e-12,1,1935363,6,32
nomad-8eTSyDPSGSwy,slab,H3C4O35Ru16,NOMAD surfaces/adsorbates,22799112618fef4a89ae1416bdb66e21809dd302002cb4eb6b6dadc8a0517b1c,nomad_exact_bytes_decompress_to_baderkit_grid,3870720,30965760,1.0,4.641588833612772e-05,0.437952509888611,641197,48.29367573460262,9.568398291915398e-07,9.54515300948397e-07,0.457004023866375,0.0461993776657618,2.842170943040401e-13,0.1955834150000157,0.4287840049999829,1.7654892090948588e-12,1,1935363,6,32
nomad-8eTSyDPSGSwy,slab,H3C4O35Ru16,NOMAD surfaces/adsorbates,22799112618fef4a89ae1416bdb66e21809dd302002cb4eb6b6dadc8a0517b1c,nomad_exact_bytes_decompress_to_baderkit_grid,3870720,30965760,1.0,0.0001,0.9435400798905568,454403,68.14602896547778,1.707192692456817e-06,1.7054275745428398e-06,0.7722689465972508,0.0730691358869958,2.273736754432321e-13,0.156823815999985,0.4287155949999999,1.6165578067201666e-12,1,1935363,6,32
nomad-8eTSyDPSGSwy,slab,H3C4O35Ru16,NOMAD surfaces/adsorbates,22799112618fef4a89ae1416bdb66e21809dd302002cb4eb6b6dadc8a0517b1c,nomad_exact_bytes_decompress_to_baderkit_grid,3870720,30965760,1.0,0.0002154434690031,2.0327954795516687,325583,95.10865125021884,3.044503477688812e-06,3.0434859237098285e-06,1.3521620534138492,0.1149277497328403,3.979039320256561e-13,0.1291138499999817,0.4106250960000182,1.601169400519224e-12,1,1935363,6,32
nomad-8eTSyDPSGSwy,slab,H3C4O35Ru16,NOMAD surfaces/adsorbates,22799112618fef4a89ae1416bdb66e21809dd302002cb4eb6b6dadc8a0517b1c,nomad_exact_bytes_decompress_to_baderkit_grid,3870720,30965760,1.0,0.0004641588833612,4.379525098886115,237779,130.22916237346445,5.428981490813095e-06,5.428410924916416e-06,2.2011090012583736,0.1807966152068068,2.273736754432321e-13,0.1192548889999898,0.4088874219999923,1.6623464037977764e-12,1,1935363,6,32
nomad-8eTSyDPSGSwy,slab,H3C4O35Ru16,NOMAD surfaces/adsorbates,22799112618fef4a89ae1416bdb66e21809dd302002cb4eb6b6dadc8a0517b1c,nomad_exact_bytes_decompress_to_baderkit_grid,3870720,30965760,1.0,0.001,9.435400798905569,181341,170.75983919797508,9.668591071423547e-06,9.668270706210718e-06,2.4963155822174485,0.2845341678433401,2.842170943040401e-13,0.1100718240000162,0.409162957999996,1.897972919321949e-12,1,1935363,6,32
nomad-8eTSyDPSGSwy,slab,H3C4O35Ru16,NOMAD surfaces/adsorbates,22799112618fef4a89ae1416bdb66e21809dd302002cb4eb6b6dadc8a0517b1c,nomad_exact_bytes_decompress_to_baderkit_grid,3870720,30965760,1.0,0.0021544346900318,20.327954795516685,132510,233.68621236133123,1.728043548662231e-05,1.7280256240851234e-05,4.619399513123426,0.4481582366068769,2.842170943040401e-13,0.1037011850000055,0.409332495000001,1.7744027343949166e-12,1,1935363,6,32
nomad-8eTSyDPSGSwy,slab,H3C4O35Ru16,NOMAD surfaces/adsorbates,22799112618fef4a89ae1416bdb66e21809dd302002cb4eb6b6dadc8a0517b1c,nomad_exact_bytes_decompress_to_baderkit_grid,3870720,30965760,1.0,0.0046415888336127,43.79525098886111,98824,313.3425078928196,3.1022198791954444e-05,3.102209894623035e-05,9.017325789918686,0.7120084382939686,2.842170943040401e-13,0.0964234879999992,0.4093377349999798,1.5955873728095e-12,1,1935363,6,32
nomad-8eTSyDPSGSwy,slab,H3C4O35Ru16,NOMAD surfaces/adsorbates,22799112618fef4a89ae1416bdb66e21809dd302002cb4eb6b6dadc8a0517b1c,nomad_exact_bytes_decompress_to_baderkit_grid,3870720,30965760,1.0,0.01,94.35400798905566,75060,412.5467625899281,5.768036270098923e-05,5.768030900107809e-05,9.392084961215003,1.1740886818296945,2.842170943040401e-13,0.1106489539999984,0.4174529009999901,1.5623460494501305e-12,1,1935363,6,32
nomad-8eTSyDPSGSwy,slab,H3C4O35Ru16,NOMAD surfaces/adsorbates,22799112618fef4a89ae1416bdb66e21809dd302002cb4eb6b6dadc8a0517b1c,nomad_exact_bytes_decompress_to_baderkit_grid,3870720,30965760,1.0,0.0215443469003188,203.2795479551669,59122,523.7603599336965,0.0001127571247124,0.0001127570972425,17.328963333638967,2.102717126024068,2.273736754432321e-13,0.0926984730000128,0.4214853910000045,1.6200985614426345e-12,1,1935363,6,32
nomad-8eTSyDPSGSwy,slab,H3C4O35Ru16,NOMAD surfaces/adsorbates,22799112618fef4a89ae1416bdb66e21809dd302002cb4eb6b6dadc8a0517b1c,nomad_exact_bytes_decompress_to_baderkit_grid,3870720,30965760,1.0,0.0464158883361277,437.9525098886111,46314,668.6047415468325,0.0002219717993778,0.0002219717854236,60.95015648595109,3.857936264617329,2.842170943040401e-13,0.1008002739999938,0.4070181320000188,1.6324815806674308e-12,1,1935363,6,32
nomad-8eTSyDPSGSwy,slab,H3C4O35Ru16,NOMAD surfaces/adsorbates,22799112618fef4a89ae1416bdb66e21809dd302002cb4eb6b6dadc8a0517b1c,nomad_exact_bytes_decompress_to_baderkit_grid,3870720,30965760,1.0,0.1,943.5400798905566,34094,908.2466123071508,0.0004266643952934,0.0004266643880337,172.7269626020916,6.9025639914211325,3.979039320256561e-13,0.0906202119999761,0.4164563040000075,1.7291356805014837e-12,1,1935363,6,32
nomad-8eTSyDPSGSwy,slab,H3C4O35Ru16,NOMAD surfaces/adsorbates,22799112618fef4a89ae1416bdb66e21809dd302002cb4eb6b6dadc8a0517b1c,nomad_exact_bytes_decompress_to_baderkit_grid,3870720,30965760,1.0,0.2154434690031882,2032.795479551669,26186,1182.5311235011077,0.0007746031106294,0.0007746031066307,433.4931162698085,11.483027086078666,2.273736754432321e-13,0.0908583380000038,0.4187892029999887,1.7864643492866877e-12,1,1935363,6,32
nomad-8eTSyDPSGSwy,slab,H3C4O35Ru16,NOMAD surfaces/adsorbates,22799112618fef4a89ae1416bdb66e21809dd302002cb4eb6b6dadc8a0517b1c,nomad_exact_bytes_decompress_to_baderkit_grid,3870720,30965760,1.0,0.4641588833612772,4379.525098886111,20733,1493.5494139777168,0.0013609062836861,0.0013609062814101,488.6707707117585,18.02272987842323,3.979039320256561e-13,0.0897782540000093,0.4119376619999855,2.062339564209369e-12,1,1935363,6,32
nomad-8eTSyDPSGSwy,slab,H3C4O35Ru16,NOMAD surfaces/adsorbates,22799112618fef4a89ae1416bdb66e21809dd302002cb4eb6b6dadc8a0517b1c,nomad_exact_bytes_decompress_to_baderkit_grid,3870720,30965760,1.0,1.0,9435.400798905566,15560,1990.087403598972,0.0023880944238174,0.0023880944225204,523.7101241857545,27.64336920167138,2.842170943040401e-13,0.0892433719999985,0.4038365419999934,1.7016830639624234e-12,1,1935363,6,32
nomad-8eTSyDPSGSwy,slab,H3C4O35Ru16,NOMAD surfaces/adsorbates,22799112618fef4a89ae1416bdb66e21809dd302002cb4eb6b6dadc8a0517b1c,nomad_exact_bytes_decompress_to_baderkit_grid,3870720,30965760,1.0,2.154434690031882,20327.954795516685,13150,2354.8106463878325,0.0043068802037578,0.0043068802030386,677.3056463688426,43.44724158385304,3.979039320256561e-13,0.0891344770000159,0.4409632629999862,1.7198843853456253e-12,1,1935363,6,32
nomad-8eTSyDPSGSwy,slab,H3C4O35Ru16,NOMAD surfaces/adsorbates,22799112618fef4a89ae1416bdb66e21809dd302002cb4eb6b6dadc8a0517b1c,nomad_exact_bytes_decompress_to_baderkit_grid,3870720,30965760,1.0,4.641588833612772,43795.25098886111,11332,2732.594422873279,0.0079293677703973,0.0079293677700067,1099.5476068783564,71.56257265527744,2.842170943040401e-13,0.088268064999994,0.4126508070000056,1.54202129038909e-12,1,1935363,6,32
nomad-8eTSyDPSGSwy,slab,H3C4O35Ru16,NOMAD surfaces/adsorbates,22799112618fef4a89ae1416bdb66e21809dd302002cb4eb6b6dadc8a0517b1c,nomad_exact_bytes_decompress_to_baderkit_grid,3870720,30965760,1.0,10.0,94354.00798905568,9574,3234.359724253185,0.0142204010820571,0.0142204010818393,2032.558547347256,115.08818004691204,2.842170943040401e-13,0.0889606730000025,0.4085794130000124,1.821244015644046e-12,1,1935363,6,32
nomad-8eTSyDPSGSwy,slab,H3C4O35Ru16,NOMAD surfaces/adsorbates,22799112618fef4a89ae1416bdb66e21809dd302002cb4eb6b6dadc8a0517b1c,nomad_exact_bytes_decompress_to_baderkit_grid,3870720,30965760,2.0,1e-07,0.0009435400798905,5941013,5.2122020268260645,1.952875058376733e-09,1.9149639179869603e-09,0.0007155901460009,0.0001445670974912,2.842170943040401e-13,0.7673497860000111,0.4409844429999907,1.5478997634587354e-12,1,1935363,6,32
nomad-8eTSyDPSGSwy,slab,H3C4O35Ru16,NOMAD surfaces/adsorbates,22799112618fef4a89ae1416bdb66e21809dd302002cb4eb6b6dadc8a0517b1c,nomad_exact_bytes_decompress_to_baderkit_grid,3870720,30965760,2.0,2.1544346900318827e-07,0.0020327954795516,5169718,5.98983542235766,4.204921961085073e-09,4.123883648560184e-09,0.0016271728943877,0.0003112591878321,3.979039320256561e-13,0.6607811709999964,0.4430006270000035,1.6094458988336176e-12,1,1935363,6,32
nomad-8eTSyDPSGSwy,slab,H3C4O35Ru16,NOMAD surfaces/adsorbates,22799112618fef4a89ae1416bdb66e21809dd302002cb4eb6b6dadc8a0517b1c,nomad_exact_bytes_decompress_to_baderkit_grid,3870720,30965760,2.0,4.641588833612782e-07,0.0043795250988861,4488348,6.899144184007122,9.059244134686645e-09,8.884863539681483e-09,0.0034357241434008,0.0006706720081305,2.842170943040401e-13,0.6555185080000001,0.4442899809999971,2.2712336398071706e-12,1,1935363,6,32
nomad-8eTSyDPSGSwy,slab,H3C4O35Ru16,NOMAD surfaces/adsorbates,22799112618fef4a89ae1416bdb66e21809dd302002cb4eb6b6dadc8a0517b1c,nomad_exact_bytes_decompress_to_baderkit_grid,3870720,30965760,2.0,1e-06,0.0094354007989055,3672510,8.431770097290409,1.9515691560046854e-08,1.9138774462822423e-08,0.0077202007371647,0.0014441124181964,2.842170943040401e-13,0.5388384889999998,0.4336851929999739,1.6307171385437318e-12,1,1935363,6,32
nomad-8eTSyDPSGSwy,slab,H3C4O35Ru16,NOMAD surfaces/adsorbates,22799112618fef4a89ae1416bdb66e21809dd302002cb4eb6b6dadc8a0517b1c,nomad_exact_bytes_decompress_to_baderkit_grid,3870720,30965760,2.0,2.1544346900318822e-06,0.0203279547955166,3049471,10.154469414531242,4.167925377615734e-08,4.09064178608334e-08,0.0270153894973645,0.003064154293826,2.842170943040401e-13,0.5328970390000336,0.4302961900000355,1.5510701567815969e-12,1,1935363,6,32
nomad-8eTSyDPSGSwy,slab,H3C4O35Ru16,NOMAD surfaces/adsorbates,22799112618fef4a89ae1416bdb66e21809dd302002cb4eb6b6dadc8a0517b1c,nomad_exact_bytes_decompress_to_baderkit_grid,3870720,30965760,2.0,4.641588833612773e-06,0.0437952509888611,2394090,12.934250592083004,8.541021713134814e-08,8.39821478446549e-08,0.0801948815117157,0.00611112163543,2.842170943040401e-13,0.4618261690000054,0.4317060629999787,2.012632956689522e-12,1,1935363,6,32
nomad-8eTSyDPSGSwy,slab,H3C4O35Ru16,NOMAD surfaces/adsorbates,22799112618fef4a89ae1416bdb66e21809dd302002cb4eb6b6dadc8a0517b1c,nomad_exact_bytes_decompress_to_baderkit_grid,3870720,30965760,2.0,1e-05,0.0943540079890556,1823013,16.98603356092359,1.6333439067786388e-07,1.6105170851864545e-07,0.1354031311489052,0.0110869450673627,2.842170943040401e-13,0.3818020270000488,0.4080381489999922,1.617693632528868e-12,1,1935363,6,32
nomad-8eTSyDPSGSwy,slab,H3C4O35Ru16,NOMAD surfaces/adsorbates,22799112618fef4a89ae1416bdb66e21809dd302002cb4eb6b6dadc8a0517b1c,nomad_exact_bytes_decompress_to_baderkit_grid,3870720,30965760,2.0,2.1544346900318823e-05,0.2032795479551669,1369474,22.61142599275342,2.9286365619051546e-07,2.898946094570404e-07,0.2109825803488547,0.0185235138226105,2.842170943040401e-13,0.3230656040000212,0.4210591219999742,1.6323917426878226e-12,1,1935363,6,32
nomad-8eTSyDPSGSwy,slab,H3C4O35Ru16,NOMAD surfaces/adsorbates,22799112618fef4a89ae1416bdb66e21809dd302002cb4eb6b6dadc8a0517b1c,nomad_exact_bytes_decompress_to_baderkit_grid,3870720,30965760,2.0,4.641588833612772e-05,0.437952509888611,980170,31.59223400022445,4.988898668452394e-07,4.956432091994867e-07,0.3412348672195548,0.0290633538810891,2.842170943040401e-13,0.2381668759999797,0.4157640270000229,1.7861381914384756e-12,1,1935363,6,32
nomad-8eTSyDPSGSwy,slab,H3C4O35Ru16,NOMAD surfaces/adsorbates,22799112618fef4a89ae1416bdb66e21809dd302002cb4eb6b6dadc8a0517b1c,nomad_exact_bytes_decompress_to_baderkit_grid,3870720,30965760,2.0,0.0001,0.9435400798905568,724354,42.74948436814044,8.246999576635321e-07,8.215657507982218e-07,0.5051068350089736,0.0437982763757013,2.842170943040401e-13,0.2004149499999812,0.4109953270000233,1.5018765119538922e-12,1,1935363,6,32
nomad-8eTSyDPSGSwy,slab,H3C4O35Ru16,NOMAD surfaces/adsorbates,22799112618fef4a89ae1416bdb66e21809dd302002cb4eb6b6dadc8a0517b1c,nomad_exact_bytes_decompress_to_baderkit_grid,3870720,30965760,2.0,0.0002154434690031,2.0327954795516687,524568,59.030974058653975,1.352034371501264e-06,1.349749509534922e-06,0.8732450638617593,0.0648522361447793,3.979039320256561e-13,0.1642473919999929,0.4238086560000056,1.5787586248027645e-12,1,1935363,6,32
nomad-8eTSyDPSGSwy,slab,H3C4O35Ru16,NOMAD surfaces/adsorbates,22799112618fef4a89ae1416bdb66e21809dd302002cb4eb6b6dadc8a0517b1c,nomad_exact_bytes_decompress_to_baderkit_grid,3870720,30965760,2.0,0.0004641588833612,4.379525098886115,392873,78.8187531339644,2.220332294274449e-06,2.2189368263108823e-06,1.3224789808864443,0.0956429897438853,2.273736754432321e-13,0.146959728000013,0.4281748029999903,1.887990136775872e-12,1,1935363,6,32
nomad-8eTSyDPSGSwy,slab,H3C4O35Ru16,NOMAD surfaces/adsorbates,22799112618fef4a89ae1416bdb66e21809dd302002cb4eb6b6dadc8a0517b1c,nomad_exact_bytes_decompress_to_baderkit_grid,3870720,30965760,2.0,0.001,9.435400798905569,296106,104.57660432412716,3.6588300877558105e-06,3.657983427139579e-06,1.3454803679576344,0.1415424025039889,2.273736754432321e-13,0.1268956150000235,0.4136631570000304,1.7583498325604996e-12,1,1935363,6,32
nomad-8eTSyDPSGSwy,slab,H3C4O35Ru16,NOMAD surfaces/adsorbates,22799112618fef4a89ae1416bdb66e21809dd302002cb4eb6b6dadc8a0517b1c,nomad_exact_bytes_decompress_to_baderkit_grid,3870720,30965760,2.0,0.0021544346900318,20.327954795516685,232532,133.16773605353242,6.007322885116059e-06,6.006807254124264e-06,2.298254802806696,0.2085807986908423,2.842170943040401e-13,0.1180964970000104,0.4129746880000198,1.632875751396915e-12,1,1935363,6,32
nomad-8eTSyDPSGSwy,slab,H3C4O35Ru16,NOMAD surfaces/adsorbates,22799112618fef4a89ae1416bdb66e21809dd302002cb4eb6b6dadc8a0517b1c,nomad_exact_bytes_decompress_to_baderkit_grid,3870720,30965760,2.0,0.0046415888336127,43.79525098886111,178600,173.38051511758118,9.868975384969476e-06,9.868661524811486e-06,4.8643062521096,0.3086626498303225,2.842170943040401e-13,0.109672310999997,0.4118055779999849,1.6772542992619002e-12,1,1935363,6,32
nomad-8eTSyDPSGSwy,slab,H3C4O35Ru16,NOMAD surfaces/adsorbates,22799112618fef4a89ae1416bdb66e21809dd302002cb4eb6b6dadc8a0517b1c,nomad_exact_bytes_decompress_to_baderkit_grid,3870720,30965760,2.0,0.01,94.35400798905566,139781,221.53053705439223,1.6309062781622297e-05,1.6308872859798122e-05,4.093537686139984,0.457152575636382,2.273736754432321e-13,0.1023933189999866,0.4067402019999804,1.859257217560865e-12,1,1935363,6,32
nomad-8eTSyDPSGSwy,slab,H3C4O35Ru16,NOMAD surfaces/adsorbates,22799112618fef4a89ae1416bdb66e21809dd302002cb4eb6b6dadc8a0517b1c,nomad_exact_bytes_decompress_to_baderkit_grid,3870720,30965760,2.0,0.0215443469003188,203.2795479551669,113073,273.856358281818,2.6886062022762533e-05,2.6885946816766538e-05,12.968944753509732,0.6794887024173543,2.842170943040401e-13,0.0995223229999737,0.4005048559999977,1.7456057189766705e-12,1,1935363,6,32
nomad-8eTSyDPSGSwy,slab,H3C4O35Ru16,NOMAD surfaces/adsorbates,22799112618fef4a89ae1416bdb66e21809dd302002cb4eb6b6dadc8a0517b1c,nomad_exact_bytes_decompress_to_baderkit_grid,3870720,30965760,2.0,0.0464158883361277,437.9525098886111,81026,382.1706612692223,4.6236903191001965e-05,4.623683620054753e-05,10.166245359805544,1.0449133958619587,2.842170943040401e-13,0.0925314419999949,0.4179959370000006,1.866022582530681e-12,1,1935363,6,32
nomad-8eTSyDPSGSwy,slab,H3C4O35Ru16,NOMAD surfaces/adsorbates,22799112618fef4a89ae1416bdb66e21809dd302002cb4eb6b6dadc8a0517b1c,nomad_exact_bytes_decompress_to_baderkit_grid,3870720,30965760,2.0,0.1,943.5400798905566,66744,463.9482200647249,8.480516954462324e-05,8.480513302055777e-05,16.284029312197163,1.7522413220193458,2.842170943040401e-13,0.0923231419999979,0.4042547180000042,1.6484807928780906e-12,1,1935363,6,32
nomad-8eTSyDPSGSwy,slab,H3C4O35Ru16,NOMAD surfaces/adsorbates,22799112618fef4a89ae1416bdb66e21809dd302002cb4eb6b6dadc8a0517b1c,nomad_exact_bytes_decompress_to_baderkit_grid,3870720,30965760,2.0,0.2154434690031882,2032.795479551669,54291,570.3663590650384,0.000159378764385,0.0001593787449506,45.68864843975916,3.071112151603328,2.273736754432321e-13,0.0940921139999773,0.4244521109999937,1.649292356777391e-12,1,1935363,6,32
nomad-8eTSyDPSGSwy,slab,H3C4O35Ru16,NOMAD surfaces/adsorbates,22799112618fef4a89ae1416bdb66e21809dd302002cb4eb6b6dadc8a0517b1c,nomad_exact_bytes_decompress_to_baderkit_grid,3870720,30965760,2.0,0.4641588833612772,4379.525098886111,43539,711.2189071866602,0.000293930373677,0.0002939303631391,122.10428910980954,5.327048541686069,2.842170943040401e-13,0.0932523870000068,0.4184331820000011,1.6604224946189194e-12,1,1935363,6,32
nomad-8eTSyDPSGSwy,slab,H3C4O35Ru16,NOMAD surfaces/adsorbates,22799112618fef4a89ae1416bdb66e21809dd302002cb4eb6b6dadc8a0517b1c,nomad_exact_bytes_decompress_to_baderkit_grid,3870720,30965760,2.0,1.0,9435.400798905566,31517,982.509756639274,0.0005163342811576,0.0005163342751587,309.1500400204768,8.783188949935237,2.842170943040401e-13,0.0914861290000317,0.4125720359999718,1.6198266384840701e-12,1,1935363,6,32
nomad-8eTSyDPSGSwy,slab,H3C4O35Ru16,NOMAD surfaces/adsorbates,22799112618fef4a89ae1416bdb66e21809dd302002cb4eb6b6dadc8a0517b1c,nomad_exact_bytes_decompress_to_baderkit_grid,3870720,30965760,2.0,2.154434690031882,20327.954795516685,25402,1219.028422958822,0.0008417441614223,0.0008417441577425,485.9468976511853,13.20711209278876,2.273736754432321e-13,0.0929079820000424,0.4072018489999891,1.9570626524701694e-12,1,1935363,6,32
nomad-8eTSyDPSGSwy,slab,H3C4O35Ru16,NOMAD surfaces/adsorbates,22799112618fef4a89ae1416bdb66e21809dd302002cb4eb6b6dadc8a0517b1c,nomad_exact_bytes_decompress_to_baderkit_grid,3870720,30965760,2.0,4.641588833612772,43795.25098886111,20764,1491.3195916008476,0.0013533706379315,0.0013533706356428,505.07177121937457,19.26628049065865,2.273736754432321e-13,0.0891646210000089,0.4051085390000253,1.5394651697455508e-12,1,1935363,6,32
nomad-8eTSyDPSGSwy,slab,H3C4O35Ru16,NOMAD surfaces/adsorbates,22799112618fef4a89ae1416bdb66e21809dd302002cb4eb6b6dadc8a0517b1c,nomad_exact_bytes_decompress_to_baderkit_grid,3870720,30965760,2.0,10.0,94354.00798905568,16223,1908.7567034457247,0.0021504867305413,0.0021504867291009,545.4513878521884,26.93657172137362,2.842170943040401e-13,0.0898116129999948,0.4148037360000103,2.156646475806134e-12,1,1935363,6,32
mp-1188002,bulk,Zr2TcOs,Materials Project,4d0a4beffef577b6f75e6e37851be41da2739889ed0d703562db573e4af2e184,mp_gzip_json_monty_to_baderkit_grid,373248,2985984,0.0,1e-07,5.8787935883e-05,145656,20.500247157686605,1.6272255855870615e-08,1.6184163918388763e-08,0.000146929268908,1.6966466922355374e-05,4.263256414560601e-14,0.0270405959999919,0.0363369669999968,1.6532345132900572e-13,1,186627,6,32
mp-1188002,bulk,Zr2TcOs,Materials Project,4d0a4beffef577b6f75e6e37851be41da2739889ed0d703562db573e4af2e184,mp_gzip_json_monty_to_baderkit_grid,373248,2985984,0.0,2.1544346900318827e-07,0.0001266547684217,122789,24.318008942169087,3.41572005196253e-08,3.395109157104582e-08,0.0004948071275521,3.63156055516321e-05,2.131628207280301e-14,0.0248642759999881,0.034790600000008,1.5210600627358652e-13,1,186627,6,32
mp-1188002,bulk,Zr2TcOs,Materials Project,4d0a4beffef577b6f75e6e37851be41da2739889ed0d703562db573e4af2e184,mp_gzip_json_monty_to_baderkit_grid,373248,2985984,0.0,4.641588833612782e-07,0.0002728694267456,102843,29.03439222893148,7.302664319764853e-08,7.257944614692843e-08,0.0005303109828105,7.953563566816778e-05,2.131628207280301e-14,0.0241532600000056,0.032929382000006,1.4035024744149982e-13,1,186627,6,32
mp-1188002,bulk,Zr2TcOs,Materials Project,4d0a4beffef577b6f75e6e37851be41da2739889ed0d703562db573e4af2e184,mp_gzip_json_monty_to_baderkit_grid,373248,2985984,0.0,1e-06,0.0005878793588299,82088,36.3754020076016,1.5871085179155034e-07,1.5784684891567653e-07,0.0017303309448379,0.000165104319362,2.8421709430404014e-14,0.0215717990000001,0.0332707239999905,1.3384712487384805e-13,1,186627,6,32
mp-1188002,bulk,Zr2TcOs,Materials Project,4d0a4beffef577b6f75e6e37851be41da2739889ed0d703562db573e4af2e184,mp_gzip_json_monty_to_baderkit_grid,373248,2985984,0.0,2.1544346900318822e-06,0.001266547684217,64816,46.06862503085658,3.420411889767495e-07,3.4046814460782546e-07,0.0020459935240637,0.0003438032691121,2.8421709430404014e-14,0.0201748829999957,0.033358538999991,1.5246107084723334e-13,1,186627,6,32
mp-1188002,bulk,Zr2TcOs,Materials Project,4d0a4beffef577b6f75e6e37851be41da2739889ed0d703562db573e4af2e184,mp_gzip_json_monty_to_baderkit_grid,373248,2985984,0.0,4.641588833612773e-06,0.0027286942674567,49532,60.28393765646451,7.145446446294929e-07,7.119899030543991e-07,0.0079542394526015,0.0006646302891618,2.8421709430404014e-14,0.0184657320000098,0.0354112260000079,1.3448402057220984e-13,1,186627,6,32
mp-1188002,bulk,Zr2TcOs,Materials Project,4d0a4beffef577b6f75e6e37851be41da2739889ed0d703562db573e4af2e184,mp_gzip_json_monty_to_baderkit_grid,373248,2985984,0.0,1e-05,0.0058787935883,35667,83.71839515518546,1.4943689720799e-06,1.4909373621973862e-06,0.0189994946671276,0.0012813728370651,4.263256414560601e-14,0.0179273500000078,0.0339257250000031,1.487529143187582e-13,1,186627,6,32
mp-1188002,bulk,Zr2TcOs,Materials Project,4d0a4beffef577b6f75e6e37851be41da2739889ed0d703562db573e4af2e184,mp_gzip_json_monty_to_baderkit_grid,373248,2985984,0.0,2.1544346900318823e-05,0.0126654768421705,24337,122.693183218967,2.986800366522618e-06,2.984578188724896e-06,0.023526566288524,0.0023916896807166,2.8421709430404014e-14,0.0126671649999963,0.0328742490000024,1.4921278449004525e-13,1,186627,6,32
mp-1188002,bulk,Zr2TcOs,Materials Project,4d0a4beffef577b6f75e6e37851be41da2739889ed0d703562db573e4af2e184,mp_gzip_json_monty_to_baderkit_grid,373248,2985984,0.0,4.641588833612772e-05,0.0272869426745676,16877,176.9262309652189,6.158630382285467e-06,6.157552981563598e-06,0.0416152944203531,0.0042569742539117,2.131628207280301e-14,0.0108831419999972,0.0334075419999919,1.2742706078523996e-13,1,186627,6,32
mp-1188002,bulk,Zr2TcOs,Materials Project,4d0a4beffef577b6f75e6e37851be41da2739889ed0d703562db573e4af2e184,mp_gzip_json_monty_to_baderkit_grid,373248,2985984,0.0,0.0001,0.058787935883,12379,241.21366830923336,1.253319315952488e-05,1.2532663775475506e-05,0.0584742645963274,0.0073733917771497,4.263256414560601e-14,0.0097591799999889,0.0327283339999979,1.4782143783090904e-13,1,186627,6,32
mp-1188002,bulk,Zr2TcOs,Materials Project,4d0a4beffef577b6f75e6e37851be41da2739889ed0d703562db573e4af2e184,mp_gzip_json_monty_to_baderkit_grid,373248,2985984,0.0,0.0002154434690031,0.1266547684217052,9563,312.2434382515947,2.475484659877497e-05,2.475457857981108e-05,0.1783048979521027,0.012622915629806,4.263256414560601e-14,0.0091659849999956,0.0326727600000111,1.425916233625571e-13,1,186627,6,32
mp-1188002,bulk,Zr2TcOs,Materials Project,4d0a4beffef577b6f75e6e37851be41da2739889ed0d703562db573e4af2e184,mp_gzip_json_monty_to_baderkit_grid,373248,2985984,0.0,0.0004641588833612,0.2728694267456767,7403,403.3478319600162,4.996025949657117e-05,4.996012669619559e-05,0.2638431392940674,0.0213742005206107,2.131628207280301e-14,0.0086049910000127,0.0323139049999952,1.5389512642917225e-13,1,186627,6,32
mp-1188002,bulk,Zr2TcOs,Materials Project,4d0a4beffef577b6f75e6e37851be41da2739889ed0d703562db573e4af2e184,mp_gzip_json_monty_to_baderkit_grid,373248,2985984,0.0,0.001,0.58787935883,6383,467.8026006579978,0.000100849283328,0.0001008492175394,0.8013722874197811,0.0369587835028952,2.8421709430404014e-14,0.0083514740000083,0.032232964000002,1.592527458652459e-13,1,186627,6,32
mp-1188002,bulk,Zr2TcOs,Materials Project,4d0a4beffef577b6f75e6e37851be41da2739889ed0d703562db573e4af2e184,mp_gzip_json_monty_to_baderkit_grid,373248,2985984,0.0,0.0021544346900318,1.2665476842170529,5669,526.7214676309754,0.0001933482485909,0.000193348214276,1.1156485695566971,0.0619471841505826,2.131628207280301e-14,0.008322519999993,0.0321850130000029,1.4540902546586033e-13,1,186627,6,32
mp-1188002,bulk,Zr2TcOs,Materials Project,4d0a4beffef577b6f75e6e37851be41da2739889ed0d703562db573e4af2e184,mp_gzip_json_monty_to_baderkit_grid,373248,2985984,0.0,0.0046415888336127,2.7286942674567647,4998,597.4357743097239,0.0003822401782995,0.0003822401609421,0.5473841338708212,0.1066227451990231,2.8421709430404014e-14,0.0081151800000043,0.0321763569999973,1.4368056662835541e-13,1,186627,6,32
mp-1188002,bulk,Zr2TcOs,Materials Project,4d0a4beffef577b6f75e6e37851be41da2739889ed0d703562db573e4af2e184,mp_gzip_json_monty_to_baderkit_grid,373248,2985984,0.0,0.01,5.8787935883,4745,629.29062170706,0.000762830974232,0.0007628309655345,2.2800741321115083,0.1802410267207005,2.8421709430404014e-14,0.0080679720000063,0.0326701559999946,1.6092389586608246e-13,1,186627,6,32
mp-1188002,bulk,Zr2TcOs,Materials Project,4d0a4beffef577b6f75e6e37851be41da2739889ed0d703562db573e4af2e184,mp_gzip_json_monty_to_baderkit_grid,373248,2985984,0.0,0.0215443469003188,12.665476842170529,4474,667.4081358962897,0.0013215747644651,0.0013215747594448,1.3330904623040851,0.2987576153919782,2.8421709430404014e-14,0.0080390779999959,0.0319200659999978,1.3867847255626192e-13,1,186627,6,32
mp-1188002,bulk,Zr2TcOs,Materials Project,4d0a4beffef577b6f75e6e37851be41da2739889ed0d703562db573e4af2e184,mp_gzip_json_monty_to_baderkit_grid,373248,2985984,0.0,0.0464158883361277,27.286942674567644,4322,690.8801480795928,0.0028511022658549,0.0028511022635278,2.8816107137772637,0.5564594982058588,2.8421709430404014e-14,0.0080631630000027,0.0323965719999961,1.351029574247079e-13,1,186627,6,32
mp-1188002,bulk,Zr2TcOs,Materials Project,4d0a4beffef577b6f75e6e37851be41da2739889ed0d703562db573e4af2e184,mp_gzip_json_monty_to_baderkit_grid,373248,2985984,0.0,0.1,58.787935883,4149,719.6876355748373,0.0069639148792388,0.0069639148782861,6.572657410861325,1.0847046667581512,4.263256414560601e-14,0.008067099999991,0.0320525249999974,1.3547157272857905e-13,1,186627,6,32
mp-1188002,bulk,Zr2TcOs,Materials Project,4d0a4beffef577b6f75e6e37851be41da2739889ed0d703562db573e4af2e184,mp_gzip_json_monty_to_baderkit_grid,373248,2985984,0.0,0.2154434690031882,126.65476842170528,4078,732.2177538008827,0.012562743115988,0.0125627431154599,21.929066280410552,1.9023256167758265,2.8421709430404014e-14,0.0079502910000002,0.032154907000006,1.496885546273375e-13,1,186627,6,32
mp-1188002,bulk,Zr2TcOs,Materials Project,4d0a4beffef577b6f75e6e37851be41da2739889ed0d703562db573e4af2e184,mp_gzip_json_monty_to_baderkit_grid,373248,2985984,0.0,0.4641588833612772,272.86942674567644,3975,751.1909433962264,0.024738914562768,0.0247389145625,27.213055082843425,3.116951617419452,2.8421709430404014e-14,0.0079621530000082,0.0324395920000029,1.3844611778607265e-13,1,186627,6,32
mp-1188002,bulk,Zr2TcOs,Materials Project,4d0a4beffef577b6f75e6e37851be41da2739889ed0d703562db573e4af2e184,mp_gzip_json_monty_to_baderkit_grid,373248,2985984,0.0,1.0,587.87935883,3951,755.7539863325741,0.0412149025435184,0.0412149025433577,45.7739291041089,4.764253504973786,2.8421709430404014e-14,0.008018027999995,0.0323306069999915,1.622664622497383e-13,1,186627,6,32
mp-1188002,bulk,Zr2TcOs,Materials Project,4d0a4beffef577b6f75e6e37851be41da2739889ed0d703562db573e4af2e184,mp_gzip_json_monty_to_baderkit_grid,373248,2985984,0.0,2.154434690031882,1266.5476842170526,3927,760.3728036669213,0.0941398993929509,0.094139899392881,75.41536019271314,9.671544181194385,2.131628207280301e-14,0.0118218960000007,0.0463913309999952,1.1334210539412581e-13,1,186627,6,32
mp-1188002,bulk,Zr2TcOs,Materials Project,4d0a4beffef577b6f75e6e37851be41da2739889ed0d703562db573e4af2e184,mp_gzip_json_monty_to_baderkit_grid,373248,2985984,0.0,4.641588833612772,2728.694267456764,3914,762.8983137455289,0.1315008595355779,0.1315008595355283,92.51368784087587,12.026391194593431,2.131628207280301e-14,0.0079322659999974,0.0327821650000004,1.2290637327551788e-13,1,186627,6,32
mp-1188002,bulk,Zr2TcOs,Materials Project,4d0a4beffef577b6f75e6e37851be41da2739889ed0d703562db573e4af2e184,mp_gzip_json_monty_to_baderkit_grid,373248,2985984,0.0,10.0,5878.7935883,3898,766.0297588506927,0.2427731344565599,0.2427731344565341,84.43544398393283,25.364648378002148,2.131628207280301e-14,0.0080642439999962,0.0326650259999894,1.3763776585720489e-13,1,186627,6,32
mp-1188002,bulk,Zr2TcOs,Materials Project,4d0a4beffef577b6f75e6e37851be41da2739889ed0d703562db573e4af2e184,mp_gzip_json_monty_to_baderkit_grid,373248,2985984,1.0,1e-07,5.8787935883e-05,167143,17.864846269362165,5.798592921836413e-09,5.714165832925834e-09,6.307883268164005e-05,9.07524264473847e-06,2.8421709430404014e-14,0.0340935199999989,0.0332806830000009,1.6291907399279794e-13,1,186627,6,32
mp-1188002,bulk,Zr2TcOs,Materials Project,4d0a4beffef577b6f75e6e37851be41da2739889ed0d703562db573e4af2e184,mp_gzip_json_monty_to_baderkit_grid,373248,2985984,1.0,2.1544346900318827e-07,0.0001266547684217,143080,20.86933184232597,1.2445448149224644e-08,1.2267853555913718e-08,0.0001276076252452,1.9407251196200697e-05,2.131628207280301e-14,0.0291121389999915,0.0345112649999919,1.531115345596151e-13,1,186627,6,32
mp-1188002,bulk,Zr2TcOs,Materials Project,4d0a4beffef577b6f75e6e37851be41da2739889ed0d703562db573e4af2e184,mp_gzip_json_monty_to_baderkit_grid,373248,2985984,1.0,4.641588833612782e-07,0.0002728694267456,120082,24.86620809113772,2.6536626864227985e-08,2.614684653086865e-08,0.000276113023176,4.133904026535171e-05,2.8421709430404014e-14,0.0255950100000035,0.0336777589999996,1.4721265451058998e-13,1,186627,6,32
mp-1188002,bulk,Zr2TcOs,Materials Project,4d0a4beffef577b6f75e6e37851be41da2739889ed0d703562db573e4af2e184,mp_gzip_json_monty_to_baderkit_grid,373248,2985984,1.0,1e-06,0.0005878793588299,99760,29.93167602245389,5.71253004091998e-08,5.6362300865546125e-08,0.0004774734925447,8.646047633254151e-05,2.8421709430404014e-14,0.0236507959999983,0.0330428359999928,1.399528097671506e-13,1,186627,6,32
mp-1188002,bulk,Zr2TcOs,Materials Project,4d0a4beffef577b6f75e6e37851be41da2739889ed0d703562db573e4af2e184,mp_gzip_json_monty_to_baderkit_grid,373248,2985984,1.0,2.1544346900318822e-06,0.001266547684217,81652,36.56963699603194,1.1750520793268223e-07,1.1605715121511454e-07,0.0017151377803656,0.0001697601634335,2.8421709430404014e-14,0.0218719129999982,0.0328132140000008,1.4148033232444926e-13,1,186627,6,32
mp-1188002,bulk,Zr2TcOs,Materials Project,4d0a4beffef577b6f75e6e37851be41da2739889ed0d703562db573e4af2e184,mp_gzip_json_monty_to_baderkit_grid,373248,2985984,1.0,4.641588833612773e-06,0.0027286942674567,64874,46.02743780250948,2.393468054630213e-07,2.3680202740838105e-07,0.0027289745236203,0.0003246538788081,2.131628207280301e-14,0.0193318089999934,0.0326032700000098,1.365475950639387e-13,1,186627,6,32
mp-1188002,bulk,Zr2TcOs,Materials Project,4d0a4beffef577b6f75e6e37851be41da2739889ed0d703562db573e4af2e184,mp_gzip_json_monty_to_baderkit_grid,373248,2985984,1.0,1e-05,0.0058787935883,50567,59.05005240571914,4.73278319077857e-07,4.692063831875537e-07,0.0039923846452438,0.0005922845723887,4.263256414560601e-14,0.0175682349999988,0.0335122469999902,1.2355779144467413e-13,1,186627,6,32
mp-1188002,bulk,Zr2TcOs,Materials Project,4d0a4beffef577b6f75e6e37851be41da2739889ed0d703562db573e4af2e184,mp_gzip_json_monty_to_baderkit_grid,373248,2985984,1.0,2.1544346900318823e-05,0.0126654768421705,38184,78.19987429289755,9.14289334108469e-07,9.087911075811472e-07,0.0155294772123397,0.0010613379769332,2.8421709430404014e-14,0.0155616140000063,0.0333865309999907,1.3705451029347924e-13,1,186627,6,32
mp-1188002,bulk,Zr2TcOs,Materials Project,4d0a4beffef577b6f75e6e37851be41da2739889ed0d703562db573e4af2e184,mp_gzip_json_monty_to_baderkit_grid,373248,2985984,1.0,4.641588833612772e-05,0.0272869426745676,27929,106.9133875183501,1.7414384582959122e-06,1.7376243665374566e-06,0.0152802224411061,0.001839819229133,4.263256414560601e-14,0.013163887999994,0.0325068989999977,1.4204034882156512e-13,1,186627,6,32
mp-1188002,bulk,Zr2TcOs,Materials Project,4d0a4beffef577b6f75e6e37851be41da2739889ed0d703562db573e4af2e184,mp_gzip_json_monty_to_baderkit_grid,373248,2985984,1.0,0.0001,0.058787935883,20476,145.82848212541512,3.214782140760249e-06,3.2127176576387494e-06,0.0313085034601954,0.0030215399618681,2.8421709430404014e-14,0.0117123200000008,0.0327801420000071,1.2135482472652597e-13,1,186627,6,32
mp-1188002,bulk,Zr2TcOs,Materials Project,4d0a4beffef577b6f75e6e37851be41da2739889ed0d703562db573e4af2e184,mp_gzip_json_monty_to_baderkit_grid,373248,2985984,1.0,0.0002154434690031,0.1266547684217052,15049,198.41743637450995,5.773686927297206e-06,5.772537680223119e-06,0.0973816177281605,0.0048014410802216,4.263256414560601e-14,0.0102807089999998,0.0330077799999912,1.348204682007775e-13,1,186627,6,32
mp-1188002,bulk,Zr2TcOs,Materials Project,4d0a4beffef577b6f75e6e37851be41da2739889ed0d703562db573e4af2e184,mp_gzip_json_monty_to_baderkit_grid,373248,2985984,1.0,0.0004641588833612,0.2728694267456767,11989,249.06030527983987,1.0524652062220262e-05,1.052402164412214e-05,0.0612508998675025,0.0077155364872502,4.263256414560601e-14,0.0097086749999988,0.0326935599999984,1.423200252730049e-13,1,186627,6,32
mp-1188002,bulk,Zr2TcOs,Materials Project,4d0a4beffef577b6f75e6e37851be41da2739889ed0d703562db573e4af2e184,mp_gzip_json_monty_to_baderkit_grid,373248,2985984,1.0,0.001,0.58787935883,9328,320.1097770154374,1.8050707494208016e-05,1.805033992966931e-05,0.296464255759588,0.0117660600578784,4.263256414560601e-14,0.0092108300000006,0.0327868850000072,1.378050199432905e-13,1,186627,6,32
mp-1188002,bulk,Zr2TcOs,Materials Project,4d0a4beffef577b6f75e6e37851be41da2739889ed0d703562db573e4af2e184,mp_gzip_json_monty_to_baderkit_grid,373248,2985984,1.0,0.0021544346900318,1.2665476842170529,7781,383.7532450841794,3.2624887414484606e-05,3.2624684049703266e-05,0.3383352475487982,0.0186313366023384,2.131628207280301e-14,0.0088188120000012,0.0324509139999946,1.4370375973319105e-13,1,186627,6,32
mp-1188002,bulk,Zr2TcOs,Materials Project,4d0a4beffef577b6f75e6e37851be41da2739889ed0d703562db573e4af2e184,mp_gzip_json_monty_to_baderkit_grid,373248,2985984,1.0,0.0046415888336127,2.7286942674567647,6736,443.2874109263658,5.839721179067792e-05,5.839709817671157e-05,0.4900818780168947,0.0293084799535382,2.8421709430404014e-14,0.0084871090000007,0.0319446820000024,1.3904277379797358e-13,1,186627,6,32
mp-1188002,bulk,Zr2TcOs,Materials Project,4d0a4beffef577b6f75e6e37851be41da2739889ed0d703562db573e4af2e184,mp_gzip_json_monty_to_baderkit_grid,373248,2985984,1.0,0.01,5.8787935883,5929,503.6235452858829,0.0001021673425926,0.0001021672776528,0.5763221414580357,0.0451718678425918,2.8421709430404014e-14,0.0083496409999952,0.0326095420000029,1.4338141042709518e-13,1,186627,6,32
mp-1188002,bulk,Zr2TcOs,Materials Project,4d0a4beffef577b6f75e6e37851be41da2739889ed0d703562db573e4af2e184,mp_gzip_json_monty_to_baderkit_grid,373248,2985984,1.0,0.0215443469003188,12.665476842170529,5419,551.0212216276066,0.000173524160895,0.0001735241226598,0.8021984015271073,0.0688846552191491,2.131628207280301e-14,0.0084063680000099,0.0330027100000052,1.334154247349231e-13,1,186627,6,32
mp-1188002,bulk,Zr2TcOs,Materials Project,4d0a4beffef577b6f75e6e37851be41da2739889ed0d703562db573e4af2e184,mp_gzip_json_monty_to_baderkit_grid,373248,2985984,1.0,0.0464158883361277,27.286942674567644,4967,601.1644856049929,0.0003319918949377,0.0003319918749531,1.2121862566135633,0.113970572761494,2.8421709430404014e-14,0.0081184869999901,0.0323582089999945,1.3437583607909998e-13,1,186627,6,32
mp-1188002,bulk,Zr2TcOs,Materials Project,4d0a4beffef577b6f75e6e37851be41da2739889ed0d703562db573e4af2e184,mp_gzip_json_monty_to_baderkit_grid,373248,2985984,1.0,0.1,58.787935883,4655,641.457357679914,0.0005686932690741,0.0005686932574074,2.7544960852582108,0.1768781179837779,2.8421709430404014e-14,0.0081518490000007,0.0324774329999968,1.3139634526612138e-13,1,186627,6,32
mp-1188002,bulk,Zr2TcOs,Materials Project,4d0a4beffef577b6f75e6e37851be41da2739889ed0d703562db573e4af2e184,mp_gzip_json_monty_to_baderkit_grid,373248,2985984,1.0,0.2154434690031882,126.65476842170528,4491,664.8817635270541,0.0010454055789245,0.0010454055725779,1.4816547099957944,0.2813325053027158,2.8421709430404014e-14,0.0082960609999958,0.0336820069999959,1.316349743117997e-13,1,186627,6,32
mp-1188002,bulk,Zr2TcOs,Materials Project,4d0a4beffef577b6f75e6e37851be41da2739889ed0d703562db573e4af2e184,mp_gzip_json_monty_to_baderkit_grid,373248,2985984,1.0,0.4641588833612772,272.86942674567644,4365,684.0742268041237,0.0019010103964055,0.0019010103929154,3.2528807189298163,0.4614351542213252,2.8421709430404014e-14,0.0081791510000073,0.0335142220000079,1.566564278959379e-13,1,186627,6,32
mp-1188002,bulk,Zr2TcOs,Materials Project,4d0a4beffef577b6f75e6e37851be41da2739889ed0d703562db573e4af2e184,mp_gzip_json_monty_to_baderkit_grid,373248,2985984,1.0,1.0,587.87935883,4199,711.1178852107645,0.0031159794938269,0.0031159794916977,7.844478804319124,0.725097941850909,2.8421709430404014e-14,0.0082111110000084,0.0325669210000114,1.399062072539014e-13,1,186627,6,32
mp-1188002,bulk,Zr2TcOs,Materials Project,4d0a4beffef577b6f75e6e37851be41da2739889ed0d703562db573e4af2e184,mp_gzip_json_monty_to_baderkit_grid,373248,2985984,1.0,2.154434690031882,1266.5476842170526,4117,725.2815156667476,0.0067592539162195,0.0067592539152379,7.260007696404386,1.3378895436068914,4.263256414560601e-14,0.0080283369999989,0.0329665920000081,1.333146226466082e-13,1,186627,6,32
mp-1188002,bulk,Zr2TcOs,Materials Project,4d0a4beffef577b6f75e6e37851be41da2739889ed0d703562db573e4af2e184,mp_gzip_json_monty_to_baderkit_grid,373248,2985984,1.0,4.641588833612772,2728.694267456764,4066,734.3787506148549,0.0127870738513874,0.0127870738508686,21.328601129964568,2.2280380577210983,2.8421709430404014e-14,0.0081637819999969,0.0325756579999989,1.5277459827139754e-13,1,186627,6,32
mp-1188002,bulk,Zr2TcOs,Materials Project,4d0a4beffef577b6f75e6e37851be41da2739889ed0d703562db573e4af2e184,mp_gzip_json_monty_to_baderkit_grid,373248,2985984,1.0,10.0,5878.7935883,3960,754.0363636363636,0.0203568017274053,0.0203568017270795,28.29091475988764,3.164905513828715,2.131628207280301e-14,0.0080186189999977,0.0322288560000032,1.3059370506660686e-13,1,186627,6,32
mp-1188002,bulk,Zr2TcOs,Materials Project,4d0a4beffef577b6f75e6e37851be41da2739889ed0d703562db573e4af2e184,mp_gzip_json_monty_to_baderkit_grid,373248,2985984,2.0,1e-07,5.8787935883e-05,180019,16.587049144812493,3.019499588963179e-09,2.9580676967705037e-09,3.705476084903125e-05,5.5669249655179495e-06,2.131628207280301e-14,0.034846195,0.0338571359999946,1.5604334639894925e-13,1,186627,6,32
mp-1188002,bulk,Zr2TcOs,Materials Project,4d0a4beffef577b6f75e6e37851be41da2739889ed0d703562db573e4af2e184,mp_gzip_json_monty_to_baderkit_grid,373248,2985984,2.0,2.1544346900318827e-07,0.0001266547684217,161279,18.514400510915863,6.5379457429833135e-09,6.4090248000386866e-09,0.0001342621297908,1.2061868478784748e-05,4.263256414560601e-14,0.0334252739999954,0.0333169010000062,1.4631353316050396e-13,1,186627,6,32
mp-1188002,bulk,Zr2TcOs,Materials Project,4d0a4beffef577b6f75e6e37851be41da2739889ed0d703562db573e4af2e184,mp_gzip_json_monty_to_baderkit_grid,373248,2985984,2.0,4.641588833612782e-07,0.0002728694267456,137998,21.637878809837822,1.3793387123296881e-08,1.3524641644308256e-08,0.000241518880216,2.5301633374055776e-05,4.263256414560601e-14,0.0299477599999988,0.0331136390000068,1.3338799551263174e-13,1,186627,6,32
mp-1188002,bulk,Zr2TcOs,Materials Project,4d0a4beffef577b6f75e6e37851be41da2739889ed0d703562db573e4af2e184,mp_gzip_json_monty_to_baderkit_grid,373248,2985984,2.0,1e-06,0.0005878793588299,115775,25.791267544806736,3.0178212540532635e-08,2.9650659267233157e-08,0.0005189096510775,5.460965556883277e-05,2.8421709430404014e-14,0.0246371199999941,0.0327509669999983,1.380741251274133e-13,1,186627,6,32
mp-1188002,bulk,Zr2TcOs,Materials Project,4d0a4beffef577b6f75e6e37851be41da2739889ed0d703562db573e4af2e184,mp_gzip_json_monty_to_baderkit_grid,373248,2985984,2.0,2.1544346900318822e-06,0.001266547684217,97163,30.731698280209542,5.968772067540758e-08,5.8738535754994964e-08,0.0015595112762412,0.0001018321482357,2.8421709430404014e-14,0.0224571429999969,0.0333408959999985,1.3621448224510011e-13,1,186627,6,32
mp-1188002,bulk,Zr2TcOs,Materials Project,4d0a4beffef577b6f75e6e37851be41da2739889ed0d703562db573e4af2e184,mp_gzip_json_monty_to_baderkit_grid,373248,2985984,2.0,4.641588833612773e-06,0.0027286942674567,80423,37.12848314536886,1.1664360387719061e-07,1.1492345400002157e-07,0.0016263327318029,0.0001862694017561,2.8421709430404014e-14,0.0208128630000032,0.0327619279999993,1.4094129563759338e-13,1,186627,6,32
mp-1188002,bulk,Zr2TcOs,Materials Project,4d0a4beffef577b6f75e6e37851be41da2739889ed0d703562db573e4af2e184,mp_gzip_json_monty_to_baderkit_grid,373248,2985984,2.0,1e-05,0.0058787935883,65533,45.564585781209466,2.2291590184470985e-07,2.1984950547610767e-07,0.0027448620783161,0.0003308631272903,2.8421709430404014e-14,0.0191366719999876,0.0320412530000027,1.6268574529191586e-13,1,186627,6,32
mp-1188002,bulk,Zr2TcOs,Materials Project,4d0a4beffef577b6f75e6e37851be41da2739889ed0d703562db573e4af2e184,mp_gzip_json_monty_to_baderkit_grid,373248,2985984,2.0,2.1544346900318823e-05,0.0126654768421705,52147,57.26089707941013,4.102526810689833e-07,4.053199801435876e-07,0.0068753785458852,0.000563840554636,4.263256414560601e-14,0.0171908060000021,0.0319488500000062,1.3280025666370556e-13,1,186627,6,32
mp-1188002,bulk,Zr2TcOs,Materials Project,4d0a4beffef577b6f75e6e37851be41da2739889ed0d703562db573e4af2e184,mp_gzip_json_monty_to_baderkit_grid,373248,2985984,2.0,4.641588833612772e-05,0.0272869426745676,40643,73.46859237753118,7.554335018562927e-07,7.488972401155637e-07,0.0130581177676276,0.0009577563801591,2.8421709430404014e-14,0.0154252370000023,0.0327324929999974,1.4769370892049502e-13,1,186627,6,32
mp-1188002,bulk,Zr2TcOs,Materials Project,4d0a4beffef577b6f75e6e37851be41da2739889ed0d703562db573e4af2e184,mp_gzip_json_monty_to_baderkit_grid,373248,2985984,2.0,0.0001,0.058787935883,31349,95.2497368337108,1.3344736271846644e-06,1.3294925335646108e-06,0.0206980062049524,0.001555118584717,2.8421709430404014e-14,0.0138997009999997,0.0323442729999925,1.2832829602811286e-13,1,186627,6,32
mp-1188002,bulk,Zr2TcOs,Materials Project,4d0a4beffef577b6f75e6e37851be41da2739889ed0d703562db573e4af2e184,mp_gzip_json_monty_to_baderkit_grid,373248,2985984,2.0,0.0002154434690031,0.1266547684217052,23525,126.92811902231668,2.3120959065089038e-06,2.309224548641368e-06,0.0433318238110018,0.00243289026567,2.131628207280301e-14,0.0119223749999974,0.0321903929999933,1.4471822147555231e-13,1,186627,6,32
mp-1188002,bulk,Zr2TcOs,Materials Project,4d0a4beffef577b6f75e6e37851be41da2739889ed0d703562db573e4af2e184,mp_gzip_json_monty_to_baderkit_grid,373248,2985984,2.0,0.0004641588833612,0.2728694267456767,18369,162.55560999510044,3.787640754216249e-06,3.7858886695401706e-06,0.0589748346527585,0.0036091248710986,2.131628207280301e-14,0.0109670199999953,0.0318138060000023,1.4051998434263912e-13,1,186627,6,32
mp-1188002,bulk,Zr2TcOs,Materials Project,4d0a4beffef577b6f75e6e37851be41da2739889ed0d703562db573e4af2e184,mp_gzip_json_monty_to_baderkit_grid,373248,2985984,2.0,0.001,0.58787935883,14439,206.7999168917515,6.371428468686223e-06,6.370387057843378e-06,0.0936501370937321,0.0054463620038162,2.8421709430404014e-14,0.0099836220000071,0.0318118429999998,1.7030820832500757e-13,1,186627,6,32
mp-1188002,bulk,Zr2TcOs,Materials Project,4d0a4beffef577b6f75e6e37851be41da2739889ed0d703562db573e4af2e184,mp_gzip_json_monty_to_baderkit_grid,373248,2985984,2.0,0.0021544346900318,1.2665476842170529,11505,259.5379400260756,1.0493813488364317e-05,1.049318121752078e-05,0.2215389476770042,0.0080591561192047,2.8421709430404014e-14,0.0093258059999925,0.031834965999991,1.4788154402919782e-13,1,186627,6,32
mp-1188002,bulk,Zr2TcOs,Materials Project,4d0a4beffef577b6f75e6e37851be41da2739889ed0d703562db573e4af2e184,mp_gzip_json_monty_to_baderkit_grid,373248,2985984,2.0,0.0046415888336127,2.7286942674567647,9493,314.5458759085642,1.679943349479959e-05,1.679903855229074e-05,0.3166155546615528,0.0116004237059683,2.8421709430404014e-14,0.0089871699999974,0.0322478519999975,1.4339320829653805e-13,1,186627,6,32
mp-1188002,bulk,Zr2TcOs,Materials Project,4d0a4beffef577b6f75e6e37851be41da2739889ed0d703562db573e4af2e184,mp_gzip_json_monty_to_baderkit_grid,373248,2985984,2.0,0.01,5.8787935883,8046,371.1140939597315,2.7676649709574864e-05,2.7676409985431147e-05,0.4855249150822374,0.017096510096066,4.263256414560601e-14,0.0087359869999943,0.0322040700000059,1.3469134077663706e-13,1,186627,6,32
mp-1188002,bulk,Zr2TcOs,Materials Project,4d0a4beffef577b6f75e6e37851be41da2739889ed0d703562db573e4af2e184,mp_gzip_json_monty_to_baderkit_grid,373248,2985984,2.0,0.0215443469003188,12.665476842170529,7048,423.6640181611805,4.461146413094431e-05,4.461131540810816e-05,0.6673100143517559,0.0249311014720327,2.8421709430404014e-14,0.0086160759999955,0.032309847999997,1.3641336324629414e-13,1,186627,6,32
mp-1188002,bulk,Zr2TcOs,Materials Project,4d0a4beffef577b6f75e6e37851be41da2739889ed0d703562db573e4af2e184,mp_gzip_json_monty_to_baderkit_grid,373248,2985984,2.0,0.0464158883361277,27.286942674567644,6251,477.68101103823386,7.489694546837672e-05,7.489685688350496e-05,0.6098995507117024,0.03743922452122,4.263256414560601e-14,0.0083716870000074,0.0317440740000023,1.419705895306719e-13,1,186627,6,32
mp-1188002,bulk,Zr2TcOs,Materials Project,4d0a4beffef577b6f75e6e37851be41da2739889ed0d703562db573e4af2e184,mp_gzip_json_monty_to_baderkit_grid,373248,2985984,2.0,0.1,58.787935883,5746,519.6630699617125,0.0001247689725877,0.0001247689194116,0.5520277132860087,0.0558952121519548,2.8421709430404014e-14,0.008379411000007,0.0318346050000002,1.290637810034888e-13,1,186627,6,32
mp-1188002,bulk,Zr2TcOs,Materials Project,4d0a4beffef577b6f75e6e37851be41da2739889ed0d703562db573e4af2e184,mp_gzip_json_monty_to_baderkit_grid,373248,2985984,2.0,0.2154434690031882,126.65476842170528,5260,567.677566539924,0.0001980291750027,0.0001980291414989,1.471970751535764,0.0793445765588449,2.131628207280301e-14,0.0083880480000004,0.0319049070000119,1.317985859731977e-13,1,186627,6,32
mp-1188002,bulk,Zr2TcOs,Materials Project,4d0a4beffef577b6f75e6e37851be41da2739889ed0d703562db573e4af2e184,mp_gzip_json_monty_to_baderkit_grid,373248,2985984,2.0,0.4641588833612772,272.86942674567644,4978,599.8360787464845,0.0003340397000513,0.0003340396801892,1.1255534776522609,0.121466680375857,2.8421709430404014e-14,0.0083645039999993,0.0323632780000053,1.539638117583112e-13,1,186627,6,32
mp-1188002,bulk,Zr2TcOs,Materials Project,4d0a4beffef577b6f75e6e37851be41da2739889ed0d703562db573e4af2e184,mp_gzip_json_monty_to_baderkit_grid,373248,2985984,2.0,1.0,587.87935883,4639,643.6697564130201,0.0005497463216707,0.0005497463096019,1.6176883412372265,0.1799016377675961,2.8421709430404014e-14,0.0080988640000043,0.0319127919999999,1.4428644885798538e-13,1,186627,6,32
mp-1188002,bulk,Zr2TcOs,Materials Project,4d0a4beffef577b6f75e6e37851be41da2739889ed0d703562db573e4af2e184,mp_gzip_json_monty_to_baderkit_grid,373248,2985984,2.0,2.154434690031882,1266.5476842170526,4508,662.3744454303461,0.0008881309280126,0.0008881309205422,1.6827957176859627,0.2665181041724322,2.8421709430404014e-14,0.0082169370000002,0.0318540720000015,1.3934975325924806e-13,1,186627,6,32
mp-1188002,bulk,Zr2TcOs,Materials Project,4d0a4beffef577b6f75e6e37851be41da2739889ed0d703562db573e4af2e184,mp_gzip_json_monty_to_baderkit_grid,373248,2985984,2.0,4.641588833612772,2728.694267456764,4380,681.7315068493151,0.0015099963028693,0.0015099962984754,3.787730807928028,0.4205817377411077,4.263256414560601e-14,0.0081012389999983,0.0318221110000109,1.3070335713482106e-13,1,186627,6,32
mp-1188002,bulk,Zr2TcOs,Materials Project,4d0a4beffef577b6f75e6e37851be41da2739889ed0d703562db573e4af2e184,mp_gzip_json_monty_to_baderkit_grid,373248,2985984,2.0,10.0,5878.7935883,4221,707.411513859275,0.0025481163990313,0.0025481163964275,10.550260402778804,0.6465228281913307,2.8421709430404014e-14,0.0083056029999966,0.0318844980000108,1.3697784777645408e-13,1,186627,6,32
mp-32108,bulk,Mo2P3O11,Materials Project,f88e54d4a9f0c98ebd8ecff495999cb7db90953942292e21a71d390faae9efb3,mp_gzip_json_monty_to_baderkit_grid,1756160,14049280,0.0,1e-07,0.0003901085585589,2292831,6.127481702750878,2.5336416788213146e-08,2.5243047398608813e-08,0.0008197444643656,0.0001589382075704,8.526512829121202e-14,0.2796807000000001,0.201688744000009,5.203654296061161e-13,1,878083,6,32
mp-32108,bulk,Mo2P3O11,Materials Project,f88e54d4a9f0c98ebd8ecff495999cb7db90953942292e21a71d390faae9efb3,mp_gzip_json_monty_to_baderkit_grid,1756160,14049280,0.0,2.1544346900318827e-07,0.0008404634114378,1859903,7.553770277267148,5.4529762722631153e-08,5.432851075121858e-08,0.0017421039868814,0.0003423348868615,5.684341886080803e-14,0.1836743719999987,0.1941727349999951,5.626437482413835e-13,1,878083,6,32
mp-32108,bulk,Mo2P3O11,Materials Project,f88e54d4a9f0c98ebd8ecff495999cb7db90953942292e21a71d390faae9efb3,mp_gzip_json_monty_to_baderkit_grid,1756160,14049280,0.0,4.641588833612782e-07,0.0018107235293042,1544772,9.094727247775076,1.1779223512489917e-07,1.1736057207363213e-07,0.0037434790631323,0.0007381343044868,5.684341886080803e-14,0.1485470920000011,0.1873338160000059,4.879537914873667e-13,1,878083,6,32
mp-32108,bulk,Mo2P3O11,Materials Project,f88e54d4a9f0c98ebd8ecff495999cb7db90953942292e21a71d390faae9efb3,mp_gzip_json_monty_to_baderkit_grid,1756160,14049280,0.0,1e-06,0.0039010855855899,1287318,10.913604874630822,2.5326449435852494e-07,2.5233120515849137e-07,0.0088552978748848,0.0015874858917279,5.684341886080803e-14,0.1892562990000215,0.185458312999998,5.037346525097453e-13,1,878083,6,32
mp-32108,bulk,Mo2P3O11,Materials Project,f88e54d4a9f0c98ebd8ecff495999cb7db90953942292e21a71d390faae9efb3,mp_gzip_json_monty_to_baderkit_grid,1756160,14049280,0.0,2.1544346900318822e-06,0.0084046341143784,1019710,13.777721116788106,5.461411516105088e-07,5.441195218844463e-07,0.0168368455384779,0.0034196092456965,5.684341886080803e-14,0.2042710960000135,0.1905253520000087,5.261752763899813e-13,1,878083,6,32
mp-32108,bulk,Mo2P3O11,Materials Project,f88e54d4a9f0c98ebd8ecff495999cb7db90953942292e21a71d390faae9efb3,mp_gzip_json_monty_to_baderkit_grid,1756160,14049280,0.0,4.641588833612773e-06,0.0181072352930422,760946,18.46291326848423,1.1618282454838122e-06,1.157837560783951e-06,0.0379011851152881,0.0071502637663545,5.684341886080803e-14,0.1860854809999921,0.1909761000000003,5.371163756442212e-13,1,878083,6,32
mp-32108,bulk,Mo2P3O11,Materials Project,f88e54d4a9f0c98ebd8ecff495999cb7db90953942292e21a71d390faae9efb3,mp_gzip_json_monty_to_baderkit_grid,1756160,14049280,0.0,1e-05,0.0390108558559,502985,27.93180711154408,2.3953831351773466e-06,2.389514888743076e-06,0.1454738023062418,0.0136483145560984,8.526512829121202e-14,0.1287491189999912,0.1778746269999942,5.644705553994137e-13,1,878083,6,32
mp-32108,bulk,Mo2P3O11,Materials Project,f88e54d4a9f0c98ebd8ecff495999cb7db90953942292e21a71d390faae9efb3,mp_gzip_json_monty_to_baderkit_grid,1756160,14049280,0.0,2.1544346900318823e-05,0.0840463411437843,321582,43.688017364155954,4.8615114041248775e-06,4.856604183685218e-06,0.1449981038173291,0.0242552676029245,8.526512829121202e-14,0.0911594449999881,0.1769545000000221,5.333318704670023e-13,1,878083,6,32
mp-32108,bulk,Mo2P3O11,Materials Project,f88e54d4a9f0c98ebd8ecff495999cb7db90953942292e21a71d390faae9efb3,mp_gzip_json_monty_to_baderkit_grid,1756160,14049280,0.0,4.641588833612772e-05,0.1810723529304228,214051,65.6351990880678,9.658175984808116e-06,9.65558809993608e-06,0.4745446104880102,0.0417181409654719,8.526512829121202e-14,0.0765178160000061,0.1880221230000245,5.442287226343725e-13,1,878083,6,32
mp-32108,bulk,Mo2P3O11,Materials Project,f88e54d4a9f0c98ebd8ecff495999cb7db90953942292e21a71d390faae9efb3,mp_gzip_json_monty_to_baderkit_grid,1756160,14049280,0.0,0.0001,0.390108558559,146056,96.19105000821602,1.928920963281969e-05,1.928791399973001e-05,0.4562529139720936,0.0717678399861365,5.684341886080803e-14,0.0612044369999864,0.1774356140000179,4.943662643166247e-13,1,878083,6,32
mp-32108,bulk,Mo2P3O11,Materials Project,f88e54d4a9f0c98ebd8ecff495999cb7db90953942292e21a71d390faae9efb3,mp_gzip_json_monty_to_baderkit_grid,1756160,14049280,0.0,0.0002154434690031,0.8404634114378435,102499,137.0674835852057,3.854453654357972e-05,3.854388817389243e-05,1.3710314459212896,0.1235823025919408,5.684341886080803e-14,0.054263015999993,0.1791925649999939,4.889125579579244e-13,1,878083,6,32
mp-32108,bulk,Mo2P3O11,Materials Project,f88e54d4a9f0c98ebd8ecff495999cb7db90953942292e21a71d390faae9efb3,mp_gzip_json_monty_to_baderkit_grid,1756160,14049280,0.0,0.0004641588833612,1.8107235293042303,69760,201.39449541284404,7.703576861277161e-05,7.703544420565694e-05,1.3164748026692903,0.2120407009497901,5.684341886080803e-14,0.0519150149999916,0.1907346600000039,5.158578133071111e-13,1,878083,6,32
mp-32108,bulk,Mo2P3O11,Materials Project,f88e54d4a9f0c98ebd8ecff495999cb7db90953942292e21a71d390faae9efb3,mp_gzip_json_monty_to_baderkit_grid,1756160,14049280,0.0,0.001,3.90108558559,48050,292.38876170655567,0.0001535640587927,0.0001535638960534,2.210362170025292,0.3670963248322669,5.684341886080803e-14,0.0439325469999971,0.1805028170000184,5.629109501747324e-13,1,878083,6,32
mp-32108,bulk,Mo2P3O11,Materials Project,f88e54d4a9f0c98ebd8ecff495999cb7db90953942292e21a71d390faae9efb3,mp_gzip_json_monty_to_baderkit_grid,1756160,14049280,0.0,0.0021544346900318,8.404634114378435,35111,400.1389877816069,0.0003061708307074,0.0003061707490834,3.576563844574593,0.6413033008484944,8.526512829121202e-14,0.0434208460000036,0.1840007480000167,5.676046982883549e-13,1,878083,6,32
mp-32108,bulk,Mo2P3O11,Materials Project,f88e54d4a9f0c98ebd8ecff495999cb7db90953942292e21a71d390faae9efb3,mp_gzip_json_monty_to_baderkit_grid,1756160,14049280,0.0,0.0046415888336127,18.10723529304229,27971,502.2802187980408,0.0006285403545052,0.000628540314745,6.992597675506204,1.1538141825805854,8.526512829121202e-14,0.0444225580000079,0.192078304000006,5.696789216306312e-13,1,878083,6,32
mp-32108,bulk,Mo2P3O11,Materials Project,f88e54d4a9f0c98ebd8ecff495999cb7db90953942292e21a71d390faae9efb3,mp_gzip_json_monty_to_baderkit_grid,1756160,14049280,0.0,0.01,39.0108558559,22706,618.7474676297014,0.0012899995053805,0.0012899994860078,10.844873600582105,2.2289137403544355,8.526512829121202e-14,0.04328090300001,0.1800717259999942,5.62523716662858e-13,1,878083,6,32
mp-32108,bulk,Mo2P3O11,Materials Project,f88e54d4a9f0c98ebd8ecff495999cb7db90953942292e21a71d390faae9efb3,mp_gzip_json_monty_to_baderkit_grid,1756160,14049280,0.0,0.0215443469003188,84.04634114378435,16505,851.2135716449561,0.002659285176428,0.0026592851670305,44.76658567199775,4.353463231357719,8.526512829121202e-14,0.0416038319999927,0.1788122699999803,6.019857746921146e-13,1,878083,6,32
mp-32108,bulk,Mo2P3O11,Materials Project,f88e54d4a9f0c98ebd8ecff495999cb7db90953942292e21a71d390faae9efb3,mp_gzip_json_monty_to_baderkit_grid,1756160,14049280,0.0,0.0464158883361277,181.07235293042288,12551,1119.3753485778025,0.0053889839754216,0.0053889839707844,113.8430972350816,7.741648490685539,5.684341886080803e-14,0.0440534839999884,0.1877551219999986,5.154064209345652e-13,1,878083,6,32
mp-32108,bulk,Mo2P3O11,Materials Project,f88e54d4a9f0c98ebd8ecff495999cb7db90953942292e21a71d390faae9efb3,mp_gzip_json_monty_to_baderkit_grid,1756160,14049280,0.0,0.1,390.108558559,9763,1439.0330840930042,0.0101445554101799,0.0101445554077167,180.22407806303863,12.846994447236254,8.526512829121202e-14,0.0402836620000073,0.1807500309999739,5.421464292518247e-13,1,878083,6,32
mp-32108,bulk,Mo2P3O11,Materials Project,f88e54d4a9f0c98ebd8ecff495999cb7db90953942292e21a71d390faae9efb3,mp_gzip_json_monty_to_baderkit_grid,1756160,14049280,0.0,0.2154434690031882,840.4634114378435,7896,1779.290780141844,0.0208743056308793,0.0208743056296826,207.15603176161807,21.436462490097032,5.684341886080803e-14,0.0410016809999831,0.1789267960000131,5.660548268343243e-13,1,878083,6,32
mp-32108,bulk,Mo2P3O11,Materials Project,f88e54d4a9f0c98ebd8ecff495999cb7db90953942292e21a71d390faae9efb3,mp_gzip_json_monty_to_baderkit_grid,1756160,14049280,0.0,0.4641588833612772,1810.7235293042288,6980,2012.7908309455588,0.0423151041585182,0.0423151041579287,304.05144624542027,37.39836987078639,5.684341886080803e-14,0.042883407000005,0.1891148259999795,5.347400379440808e-13,1,878083,6,32
mp-32108,bulk,Mo2P3O11,Materials Project,f88e54d4a9f0c98ebd8ecff495999cb7db90953942292e21a71d390faae9efb3,mp_gzip_json_monty_to_baderkit_grid,1756160,14049280,0.0,1.0,3901.08558559,6356,2210.396475770925,0.0801372472903931,0.0801372472900833,468.4998000390724,65.23309871456955,8.526512829121202e-14,0.0413492950000033,0.1836985500000025,4.694539514219684e-13,1,878083,6,32
mp-32108,bulk,Mo2P3O11,Materials Project,f88e54d4a9f0c98ebd8ecff495999cb7db90953942292e21a71d390faae9efb3,mp_gzip_json_monty_to_baderkit_grid,1756160,14049280,0.0,2.154434690031882,8404.634114378434,5882,2388.5209112546754,0.1469760485479236,0.1469760485477572,693.3223538539469,109.49040281140692,5.684341886080803e-14,0.040925809000015,0.1864717109999958,5.068884097730213e-13,1,878083,6,32
mp-32108,bulk,Mo2P3O11,Materials Project,f88e54d4a9f0c98ebd8ecff495999cb7db90953942292e21a71d390faae9efb3,mp_gzip_json_monty_to_baderkit_grid,1756160,14049280,0.0,4.641588833612772,18107.23529304229,5557,2528.2130646032037,0.2624253729102256,0.262425372910137,1371.138701111798,172.17886902366195,5.684341886080803e-14,0.0448193929999831,0.1916662689999952,4.55303030386243e-13,1,878083,6,32
mp-32108,bulk,Mo2P3O11,Materials Project,f88e54d4a9f0c98ebd8ecff495999cb7db90953942292e21a71d390faae9efb3,mp_gzip_json_monty_to_baderkit_grid,1756160,14049280,0.0,10.0,39010.8558559,5410,2596.909426987061,0.4390437340031143,0.4390437340030684,2291.186563278572,255.31956102495877,8.526512829121202e-14,0.0427051510000069,0.1846129989999951,4.155232781348002e-13,1,878083,6,32
mp-32108,bulk,Mo2P3O11,Materials Project,f88e54d4a9f0c98ebd8ecff495999cb7db90953942292e21a71d390faae9efb3,mp_gzip_json_monty_to_baderkit_grid,1756160,14049280,1.0,1e-07,0.0003901085585589,2571833,5.46274971975241,9.457183202813973e-09,9.368284944024191e-09,0.0004056026440935,8.424426414858818e-05,5.684341886080803e-14,0.2743585970000026,0.2010934909999946,5.525185891888734e-13,1,878083,6,32
mp-32108,bulk,Mo2P3O11,Materials Project,f88e54d4a9f0c98ebd8ecff495999cb7db90953942292e21a71d390faae9efb3,mp_gzip_json_monty_to_baderkit_grid,1756160,14049280,1.0,2.1544346900318827e-07,0.0008404634114378,2219749,6.329220105516434,2.0384778459040773e-08,2.019223263579417e-08,0.0008454857935333,0.0001816266183995,8.526512829121202e-14,0.2488737879999973,0.2022028449999879,6.18126701505751e-13,1,878083,6,32
mp-32108,bulk,Mo2P3O11,Materials Project,f88e54d4a9f0c98ebd8ecff495999cb7db90953942292e21a71d390faae9efb3,mp_gzip_json_monty_to_baderkit_grid,1756160,14049280,1.0,4.641588833612782e-07,0.0018107235293042,1859229,7.556508638795974,4.3905933247569134e-08,4.3492132691919144e-08,0.0019190461632412,0.0003911063309499,5.684341886080803e-14,0.1812125700000137,0.1928935100000046,5.854030806999985e-13,1,878083,6,32
mp-32108,bulk,Mo2P3O11,Materials Project,f88e54d4a9f0c98ebd8ecff495999cb7db90953942292e21a71d390faae9efb3,mp_gzip_json_monty_to_baderkit_grid,1756160,14049280,1.0,1e-06,0.0039010855855899,1537909,9.135312947645147,9.45990686190756e-08,9.368968263349459e-08,0.0040975648273615,0.0008431527536085,5.684341886080803e-14,0.1627623470000117,0.1940195870000138,4.956120315366053e-13,1,878083,6,32
mp-32108,bulk,Mo2P3O11,Materials Project,f88e54d4a9f0c98ebd8ecff495999cb7db90953942292e21a71d390faae9efb3,mp_gzip_json_monty_to_baderkit_grid,1756160,14049280,1.0,2.1544346900318822e-06,0.0084046341143784,1287577,10.91140957006843,2.0366748487568246e-07,2.01745025596264e-07,0.0085172003963407,0.0018146139140023,8.526512829121202e-14,0.2056991019999827,0.2010442459999808,5.244058207719786e-13,1,878083,6,32
mp-32108,bulk,Mo2P3O11,Materials Project,f88e54d4a9f0c98ebd8ecff495999cb7db90953942292e21a71d390faae9efb3,mp_gzip_json_monty_to_baderkit_grid,1756160,14049280,1.0,4.641588833612773e-06,0.0181072352930422,1016656,13.819108921798524,4.3546080544709466e-07,4.3144587548248027e-07,0.0204898871668817,0.0038469119505535,8.526512829121202e-14,0.2008651399999905,0.1904359039999974,5.434711581296029e-13,1,878083,6,32
mp-32108,bulk,Mo2P3O11,Materials Project,f88e54d4a9f0c98ebd8ecff495999cb7db90953942292e21a71d390faae9efb3,mp_gzip_json_monty_to_baderkit_grid,1756160,14049280,1.0,1e-05,0.0390108558559,754383,18.623537380879476,8.803376225104114e-07,8.732964521892924e-07,0.0460196720020462,0.0073899232472358,5.684341886080803e-14,0.1623496319999731,0.1855314980000173,5.338593982136979e-13,1,878083,6,32
mp-32108,bulk,Mo2P3O11,Materials Project,f88e54d4a9f0c98ebd8ecff495999cb7db90953942292e21a71d390faae9efb3,mp_gzip_json_monty_to_baderkit_grid,1756160,14049280,1.0,2.1544346900318823e-05,0.0840463411437843,538611,26.08427974920676,1.6637984358343658e-06,1.6542221904432866e-06,0.1877956771759272,0.0126482765654159,5.684341886080803e-14,0.1335578940000061,0.1901547150000055,5.402797042031999e-13,1,878083,6,32
mp-32108,bulk,Mo2P3O11,Materials Project,f88e54d4a9f0c98ebd8ecff495999cb7db90953942292e21a71d390faae9efb3,mp_gzip_json_monty_to_baderkit_grid,1756160,14049280,1.0,4.641588833612772e-05,0.1810723529304228,366173,38.367875293918445,3.032638842426321e-06,3.024568033454214e-06,0.1328530168699444,0.0204506347570495,8.526512829121202e-14,0.0940795379999883,0.1806564290000096,5.116554508150615e-13,1,878083,6,32
mp-32108,bulk,Mo2P3O11,Materials Project,f88e54d4a9f0c98ebd8ecff495999cb7db90953942292e21a71d390faae9efb3,mp_gzip_json_monty_to_baderkit_grid,1756160,14049280,1.0,0.0001,0.390108558559,258946,54.25563631027318,5.416391160815249e-06,5.411775254854679e-06,0.4587277297396213,0.0322525885791104,8.526512829121202e-14,0.0794755979999877,0.178234357000008,5.317908114426035e-13,1,878083,6,32
mp-32108,bulk,Mo2P3O11,Materials Project,f88e54d4a9f0c98ebd8ecff495999cb7db90953942292e21a71d390faae9efb3,mp_gzip_json_monty_to_baderkit_grid,1756160,14049280,1.0,0.0002154434690031,0.8404634114378435,182120,77.14298264880298,9.652572917048418e-06,9.64998352957349e-06,0.3394322322551488,0.0507335297392404,5.684341886080803e-14,0.0681192199999998,0.1865426189999937,5.172684230111596e-13,1,878083,6,32
mp-32108,bulk,Mo2P3O11,Materials Project,f88e54d4a9f0c98ebd8ecff495999cb7db90953942292e21a71d390faae9efb3,mp_gzip_json_monty_to_baderkit_grid,1756160,14049280,1.0,0.0004641588833612,1.8107235293042303,134243,104.6555872559463,1.723328521428397e-05,1.7231835000340845e-05,0.5837088777234385,0.0800008252721977,8.526512829121202e-14,0.0581818479999753,0.1775229520000039,5.74056882596704e-13,1,878083,6,32
mp-32108,bulk,Mo2P3O11,Materials Project,f88e54d4a9f0c98ebd8ecff495999cb7db90953942292e21a71d390faae9efb3,mp_gzip_json_monty_to_baderkit_grid,1756160,14049280,1.0,0.001,3.90108558559,99169,141.67007835109763,3.072539401879232e-05,3.072458064501751e-05,1.216414442398218,0.1259671843123505,5.684341886080803e-14,0.0526804920000074,0.1814515830000118,6.497461605294353e-13,1,878083,6,32
mp-32108,bulk,Mo2P3O11,Materials Project,f88e54d4a9f0c98ebd8ecff495999cb7db90953942292e21a71d390faae9efb3,mp_gzip_json_monty_to_baderkit_grid,1756160,14049280,1.0,0.0021544346900318,8.404634114378435,71802,195.66697306481717,5.473441043518272e-05,5.473395384849598e-05,1.4234159147240462,0.1978631030860163,8.526512829121202e-14,0.0512599029999876,0.1879829449999874,6.065886897920106e-13,1,878083,6,32
mp-32108,bulk,Mo2P3O11,Materials Project,f88e54d4a9f0c98ebd8ecff495999cb7db90953942292e21a71d390faae9efb3,mp_gzip_json_monty_to_baderkit_grid,1756160,14049280,1.0,0.0046415888336127,18.10723529304229,51917,270.61039736502494,9.789515519225416e-05,9.789489990963833e-05,2.835927460608673,0.3128182292038362,5.684341886080803e-14,0.0466099859999928,0.1855791989999886,5.332493411353114e-13,1,878083,6,32
mp-32108,bulk,Mo2P3O11,Materials Project,f88e54d4a9f0c98ebd8ecff495999cb7db90953942292e21a71d390faae9efb3,mp_gzip_json_monty_to_baderkit_grid,1756160,14049280,1.0,0.01,39.0108558559,41681,337.0667690314532,0.0001770974107739,0.00017709726966,3.896116125543813,0.5015210157885426,5.684341886080803e-14,0.0449733209999863,0.1814240310000059,4.981566065248749e-13,1,878083,6,32
mp-32108,bulk,Mo2P3O11,Materials Project,f88e54d4a9f0c98ebd8ecff495999cb7db90953942292e21a71d390faae9efb3,mp_gzip_json_monty_to_baderkit_grid,1756160,14049280,1.0,0.0215443469003188,84.04634114378435,31256,449.4906577937036,0.0003240053518571,0.000324005274726,6.624711627509896,0.8147979054961879,8.526512829121202e-14,0.0462878820000014,0.1901984879999929,5.357009768120081e-13,1,878083,6,32
mp-32108,bulk,Mo2P3O11,Materials Project,f88e54d4a9f0c98ebd8ecff495999cb7db90953942292e21a71d390faae9efb3,mp_gzip_json_monty_to_baderkit_grid,1756160,14049280,1.0,0.0464158883361277,181.07235293042288,26136,537.5451484542393,0.0006305367380815,0.0006305366984472,6.864250514327148,1.4525996861853538,8.526512829121202e-14,0.0429711190000148,0.1814410830000099,5.437177026800526e-13,1,878083,6,32
mp-32108,bulk,Mo2P3O11,Materials Project,f88e54d4a9f0c98ebd8ecff495999cb7db90953942292e21a71d390faae9efb3,mp_gzip_json_monty_to_baderkit_grid,1756160,14049280,1.0,0.1,390.108558559,21206,662.5143827218711,0.0012531984171728,0.0012531983972312,22.127446365093878,2.720305181752668,5.684341886080803e-14,0.0431658549999838,0.1784770139999807,5.81788869463645e-13,1,878083,6,32
mp-32108,bulk,Mo2P3O11,Materials Project,f88e54d4a9f0c98ebd8ecff495999cb7db90953942292e21a71d390faae9efb3,mp_gzip_json_monty_to_baderkit_grid,1756160,14049280,1.0,0.2154434690031882,840.4634114378435,16625,845.0694736842105,0.0023983586834368,0.0023983586730169,75.45377791484361,4.862457511358151,8.526512829121202e-14,0.045070174000017,0.1885349320000102,4.961393990071395e-13,1,878083,6,32
mp-32108,bulk,Mo2P3O11,Materials Project,f88e54d4a9f0c98ebd8ecff495999cb7db90953942292e21a71d390faae9efb3,mp_gzip_json_monty_to_baderkit_grid,1756160,14049280,1.0,0.4641588833612772,1810.7235293042288,12293,1142.8682990319694,0.0042053982642764,0.0042053982583339,137.01985033821848,7.800829897494852,8.526512829121202e-14,0.0431558569999879,0.1800044539999987,5.350768379580797e-13,1,878083,6,32
mp-32108,bulk,Mo2P3O11,Materials Project,f88e54d4a9f0c98ebd8ecff495999cb7db90953942292e21a71d390faae9efb3,mp_gzip_json_monty_to_baderkit_grid,1756160,14049280,1.0,1.0,3901.08558559,10045,1398.6341463414635,0.0071757297520577,0.0071757297485751,194.0670503361293,11.5678051502025,8.526512829121202e-14,0.042066678999987,0.1811070460000223,5.247795218952003e-13,1,878083,6,32
mp-32108,bulk,Mo2P3O11,Materials Project,f88e54d4a9f0c98ebd8ecff495999cb7db90953942292e21a71d390faae9efb3,mp_gzip_json_monty_to_baderkit_grid,1756160,14049280,1.0,2.154434690031882,8404.634114378434,8820,1592.888888888889,0.0125203177247817,0.012520317722786,213.34618254675436,17.23948288756171,8.526512829121202e-14,0.0440168939999807,0.1867840319999913,5.61658368580275e-13,1,878083,6,32
mp-32108,bulk,Mo2P3O11,Materials Project,f88e54d4a9f0c98ebd8ecff495999cb7db90953942292e21a71d390faae9efb3,mp_gzip_json_monty_to_baderkit_grid,1756160,14049280,1.0,4.641588833612772,18107.23529304229,7475,1879.502341137124,0.0229734816752233,0.0229734816741361,212.8703063926946,27.799763142337472,8.526512829121202e-14,0.0417400770000142,0.1780545179999819,5.315337634071905e-13,1,878083,6,32
mp-32108,bulk,Mo2P3O11,Materials Project,f88e54d4a9f0c98ebd8ecff495999cb7db90953942292e21a71d390faae9efb3,mp_gzip_json_monty_to_baderkit_grid,1756160,14049280,1.0,10.0,39010.8558559,6735,2086.010393466964,0.0423815103380834,0.0423815103374948,368.3045439784496,46.855189469765655,5.684341886080803e-14,0.0433195140000179,0.1801529500000072,5.074042621296899e-13,1,878083,6,32
mp-32108,bulk,Mo2P3O11,Materials Project,f88e54d4a9f0c98ebd8ecff495999cb7db90953942292e21a71d390faae9efb3,mp_gzip_json_monty_to_baderkit_grid,1756160,14049280,2.0,1e-07,0.0003901085585589,2837940,4.950520447930542,5.014943100573268e-09,4.9496212325761324e-09,0.0002589385310045,5.176550591987212e-05,5.684341886080803e-14,0.2964080610000223,0.2124119960000143,5.168346506366561e-13,1,878083,6,32
mp-32108,bulk,Mo2P3O11,Materials Project,f88e54d4a9f0c98ebd8ecff495999cb7db90953942292e21a71d390faae9efb3,mp_gzip_json_monty_to_baderkit_grid,1756160,14049280,2.0,2.1544346900318827e-07,0.0008404634114378,2556990,5.494460283380068,1.0798450059560164e-08,1.0654516479909958e-08,0.000567352678729,0.0001114584997879,5.684341886080803e-14,0.2957897189999983,0.2006893860000218,5.512012908364879e-13,1,878083,6,32
mp-32108,bulk,Mo2P3O11,Materials Project,f88e54d4a9f0c98ebd8ecff495999cb7db90953942292e21a71d390faae9efb3,mp_gzip_json_monty_to_baderkit_grid,1756160,14049280,2.0,4.641588833612782e-07,0.0018107235293042,2176882,6.453854641638821,2.3285008241570672e-08,2.2975954613588952e-08,0.0012752658955648,0.0002403934006706,5.684341886080803e-14,0.2204638919999979,0.1905758789999936,5.377353629683238e-13,1,878083,6,32
mp-32108,bulk,Mo2P3O11,Materials Project,f88e54d4a9f0c98ebd8ecff495999cb7db90953942292e21a71d390faae9efb3,mp_gzip_json_monty_to_baderkit_grid,1756160,14049280,2.0,1e-06,0.0039010855855899,1868861,7.517562836401423,5.0193558691133315e-08,4.952750084450381e-08,0.0025058631749388,0.0005184789159833,8.526512829121202e-14,0.213686650999989,0.2007654290000005,5.888992761971424e-13,1,878083,6,32
mp-32108,bulk,Mo2P3O11,Materials Project,f88e54d4a9f0c98ebd8ecff495999cb7db90953942292e21a71d390faae9efb3,mp_gzip_json_monty_to_baderkit_grid,1756160,14049280,2.0,2.1544346900318822e-06,0.0084046341143784,1574775,8.921452270959344,1.07967913485346e-07,1.0654557149479341e-07,0.005569653304704,0.001114736208898,5.684341886080803e-14,0.1988636270000086,0.1853650209999955,6.001132593890523e-13,1,878083,6,32
mp-32108,bulk,Mo2P3O11,Materials Project,f88e54d4a9f0c98ebd8ecff495999cb7db90953942292e21a71d390faae9efb3,mp_gzip_json_monty_to_baderkit_grid,1756160,14049280,2.0,4.641588833612773e-06,0.0181072352930422,1303443,10.778591775781528,2.3120243666601518e-07,2.2817497874288762e-07,0.0108537688244503,0.0023764714834065,8.526512829121202e-14,0.2060262509999972,0.1842067149999877,5.37910628140437e-13,1,878083,6,32
mp-32108,bulk,Mo2P3O11,Materials Project,f88e54d4a9f0c98ebd8ecff495999cb7db90953942292e21a71d390faae9efb3,mp_gzip_json_monty_to_baderkit_grid,1756160,14049280,2.0,1e-05,0.0390108558559,1043000,13.47006711409396,4.7028189877225513e-07,4.645779971118327e-07,0.0280660067197686,0.0046694130925737,8.526512829121202e-14,0.2019420800000091,0.192044256999992,4.777816378704663e-13,1,878083,6,32
mp-32108,bulk,Mo2P3O11,Materials Project,f88e54d4a9f0c98ebd8ecff495999cb7db90953942292e21a71d390faae9efb3,mp_gzip_json_monty_to_baderkit_grid,1756160,14049280,2.0,2.1544346900318823e-05,0.0840463411437843,780727,17.995125056517836,8.646605123147331e-07,8.557502327788646e-07,0.0567322758523687,0.0079117905821997,8.526512829121202e-14,0.1564303480000148,0.1840720019999935,5.731249056849322e-13,1,878083,6,32
mp-32108,bulk,Mo2P3O11,Materials Project,f88e54d4a9f0c98ebd8ecff495999cb7db90953942292e21a71d390faae9efb3,mp_gzip_json_monty_to_baderkit_grid,1756160,14049280,2.0,4.641588833612772e-05,0.1810723529304228,568509,24.71250235264525,1.496447538163183e-06,1.484668183036623e-06,0.1888514047664102,0.0123684451136573,5.684341886080803e-14,0.1262004219999823,0.1805056419999857,6.297176694155763e-13,1,878083,6,32
mp-32108,bulk,Mo2P3O11,Materials Project,f88e54d4a9f0c98ebd8ecff495999cb7db90953942292e21a71d390faae9efb3,mp_gzip_json_monty_to_baderkit_grid,1756160,14049280,2.0,0.0001,0.390108558559,429196,32.733949058239126,2.513724088735808e-06,2.503868293140584e-06,0.1237842361911134,0.018648779307553,8.526512829121202e-14,0.1097492789999989,0.1885108900000034,5.466674928033084e-13,1,878083,6,32
mp-32108,bulk,Mo2P3O11,Materials Project,f88e54d4a9f0c98ebd8ecff495999cb7db90953942292e21a71d390faae9efb3,mp_gzip_json_monty_to_baderkit_grid,1756160,14049280,2.0,0.0002154434690031,0.8404634114378435,300200,46.799733510992674,4.148903905519858e-06,4.142876032339995e-06,0.4018627199634466,0.0276601992177936,8.526512829121202e-14,0.0777985709999882,0.1789570530000048,6.26262752832675e-13,1,878083,6,32
mp-32108,bulk,Mo2P3O11,Materials Project,f88e54d4a9f0c98ebd8ecff495999cb7db90953942292e21a71d390faae9efb3,mp_gzip_json_monty_to_baderkit_grid,1756160,14049280,2.0,0.0004641588833612,1.8107235293042303,229312,61.267094613452414,6.810098013482743e-06,6.806427341516421e-06,0.3375407077687669,0.0407478622607679,5.684341886080803e-14,0.0707913579999797,0.1795273850000001,5.177123596552453e-13,1,878083,6,32
mp-32108,bulk,Mo2P3O11,Materials Project,f88e54d4a9f0c98ebd8ecff495999cb7db90953942292e21a71d390faae9efb3,mp_gzip_json_monty_to_baderkit_grid,1756160,14049280,2.0,0.001,3.90108558559,165181,85.05385001906998,1.1233748135754425e-05,1.1231523288480091e-05,0.4656828911547563,0.0603345144138371,8.526512829121202e-14,0.0614230909999946,0.1928737049999824,5.45189454694496e-13,1,878083,6,32
mp-32108,bulk,Mo2P3O11,Materials Project,f88e54d4a9f0c98ebd8ecff495999cb7db90953942292e21a71d390faae9efb3,mp_gzip_json_monty_to_baderkit_grid,1756160,14049280,2.0,0.0021544346900318,8.404634114378435,127745,109.97909898626168,1.847410609306157e-05,1.8472753290720097e-05,0.9984632775926912,0.0890815395047733,5.684341886080803e-14,0.0564562909999892,0.1800887090000174,5.732022793566052e-13,1,878083,6,32
mp-32108,bulk,Mo2P3O11,Materials Project,f88e54d4a9f0c98ebd8ecff495999cb7db90953942292e21a71d390faae9efb3,mp_gzip_json_monty_to_baderkit_grid,1756160,14049280,2.0,0.0046415888336127,18.10723529304229,100196,140.2179727733642,3.0307870274651927e-05,3.030704569546947e-05,1.2682613818428763,0.1316606983422089,8.526512829121202e-14,0.0526277189999859,0.1802156570000193,5.225135830840328e-13,1,878083,6,32
mp-32108,bulk,Mo2P3O11,Materials Project,f88e54d4a9f0c98ebd8ecff495999cb7db90953942292e21a71d390faae9efb3,mp_gzip_json_monty_to_baderkit_grid,1756160,14049280,2.0,0.01,39.0108558559,75901,185.1000645577792,5.001599891669649e-05,5.001549925610269e-05,1.1687831749623,0.1950384042923284,5.684341886080803e-14,0.0500959999999963,0.1864856270000245,5.41415229783163e-13,1,878083,6,32
mp-32108,bulk,Mo2P3O11,Materials Project,f88e54d4a9f0c98ebd8ecff495999cb7db90953942292e21a71d390faae9efb3,mp_gzip_json_monty_to_baderkit_grid,1756160,14049280,2.0,0.0215443469003188,84.04634114378435,59072,237.83315276273024,8.194769389483228e-05,8.19473889326778e-05,3.1839538658700803,0.2871453782204543,5.684341886080803e-14,0.0458304990000044,0.1793897020000088,5.260939006663209e-13,1,878083,6,32
mp-32108,bulk,Mo2P3O11,Materials Project,f88e54d4a9f0c98ebd8ecff495999cb7db90953942292e21a71d390faae9efb3,mp_gzip_json_monty_to_baderkit_grid,1756160,14049280,2.0,0.0464158883361277,181.07235293042288,45351,309.78986130405065,0.0001382960184028,0.0001382958376968,2.617456383829449,0.4361298645206004,5.684341886080803e-14,0.0422248879999926,0.1838561789999744,5.673341746947423e-13,1,878083,6,32
mp-32108,bulk,Mo2P3O11,Materials Project,f88e54d4a9f0c98ebd8ecff495999cb7db90953942292e21a71d390faae9efb3,mp_gzip_json_monty_to_baderkit_grid,1756160,14049280,2.0,0.1,390.108558559,37577,373.8797668786758,0.000229717716227,0.0002297176074374,7.060671256651858,0.6519313510751313,8.526512829121202e-14,0.0474203750000015,0.1872874739999872,5.16525176419656e-13,1,878083,6,32
mp-32108,bulk,Mo2P3O11,Materials Project,f88e54d4a9f0c98ebd8ecff495999cb7db90953942292e21a71d390faae9efb3,mp_gzip_json_monty_to_baderkit_grid,1756160,14049280,2.0,0.2154434690031882,840.4634114378435,30131,466.27327337293815,0.0004117816104623,0.0004117815497726,5.735864785914146,1.060350268637543,8.526512829121202e-14,0.0434068469999999,0.1918698990000109,5.689157137427903e-13,1,878083,6,32
mp-32108,bulk,Mo2P3O11,Materials Project,f88e54d4a9f0c98ebd8ecff495999cb7db90953942292e21a71d390faae9efb3,mp_gzip_json_monty_to_baderkit_grid,1756160,14049280,2.0,0.4641588833612772,1810.7235293042288,24588,571.3876687815194,0.0007819823870418,0.0007819823550834,11.194897509572456,1.893966222846415,8.526512829121202e-14,0.0427457159999846,0.1797243900000182,5.533841595198304e-13,1,878083,6,32
mp-32108,bulk,Mo2P3O11,Materials Project,f88e54d4a9f0c98ebd8ecff495999cb7db90953942292e21a71d390faae9efb3,mp_gzip_json_monty_to_baderkit_grid,1756160,14049280,2.0,1.0,3901.08558559,20102,698.8996119789076,0.001476061484509,0.0014760614675783,40.63876784781041,3.386016024740443,8.526512829121202e-14,0.0448983580000117,0.186605902999986,5.184552181690768e-13,1,878083,6,32
mp-32108,bulk,Mo2P3O11,Materials Project,f88e54d4a9f0c98ebd8ecff495999cb7db90953942292e21a71d390faae9efb3,mp_gzip_json_monty_to_baderkit_grid,1756160,14049280,2.0,2.154434690031882,8404.634114378434,16167,869.0097111399765,0.0025517463343118,0.0025517463245182,100.6063254998976,5.476643173341315,5.684341886080803e-14,0.0440513380000027,0.182237960000009,5.268005336034848e-13,1,878083,6,32
mp-32108,bulk,Mo2P3O11,Materials Project,f88e54d4a9f0c98ebd8ecff495999cb7db90953942292e21a71d390faae9efb3,mp_gzip_json_monty_to_baderkit_grid,1756160,14049280,2.0,4.641588833612772,18107.23529304229,12224,1149.3193717277486,0.0041000984038974,0.0041000983978023,151.0116591852684,8.116217632296774,8.526512829121202e-14,0.042533106999997,0.1836023920000116,5.470780790110729e-13,1,878083,6,32
mp-32108,bulk,Mo2P3O11,Materials Project,f88e54d4a9f0c98ebd8ecff495999cb7db90953942292e21a71d390faae9efb3,mp_gzip_json_monty_to_baderkit_grid,1756160,14049280,2.0,10.0,39010.8558559,10359,1356.2390192103485,0.0062531956537657,0.0062531956497694,199.8167367027727,10.974646657499845,5.684341886080803e-14,0.0448981479999872,0.189602160999982,4.887048731939391e-13,1,878083,6,32
mp-22490,bulk,Sc3(NiGe)4,Materials Project,d8090a996437ff8389ccd677261d5ce2862f38c7aacc35076ef7a2f7bacc6b05,mp_gzip_json_monty_to_baderkit_grid,2744000,21952000,0.0,1e-07,0.0005167072873515,1518265,14.458609004356948,1.9752040688968652e-08,1.965832677764865e-08,0.0008546545359422,0.0001491400183931,5.684341886080803e-14,0.4681475390000003,0.3101339179999911,8.199974161070365e-13,1,1372003,6,32
mp-22490,bulk,Sc3(NiGe)4,Materials Project,d8090a996437ff8389ccd677261d5ce2862f38c7aacc35076ef7a2f7bacc6b05,mp_gzip_json_monty_to_baderkit_grid,2744000,21952000,0.0,2.1544346900318827e-07,0.0011132121044625,1224918,17.921199623158447,4.2377002843109256e-08,4.217572624452365e-08,0.0020732985335598,0.0003212801894814,5.684341886080803e-14,0.3940853290000063,0.3138059380000015,8.651393411237784e-13,1,1372003,6,32
mp-22490,bulk,Sc3(NiGe)4,Materials Project,d8090a996437ff8389ccd677261d5ce2862f38c7aacc35076ef7a2f7bacc6b05,mp_gzip_json_monty_to_baderkit_grid,2744000,21952000,0.0,4.641588833612782e-07,0.0023983427752175,978173,22.441837997981956,9.067545398494129e-08,9.02427882666951e-08,0.00426626646178,0.0006837972657006,8.526512829121202e-14,0.3404557389999922,0.3160423900000069,7.276972197069313e-13,1,1372003,6,32
mp-22490,bulk,Sc3(NiGe)4,Materials Project,d8090a996437ff8389ccd677261d5ce2862f38c7aacc35076ef7a2f7bacc6b05,mp_gzip_json_monty_to_baderkit_grid,2744000,21952000,0.0,1e-06,0.0051670728735159,739330,29.69174793394019,1.929410776065085e-07,1.9205616372148307e-07,0.0085729992680398,0.0014086152291623,5.684341886080803e-14,0.2813602779999939,0.3169270920000144,7.463558492327719e-13,1,1372003,6,32
mp-22490,bulk,Sc3(NiGe)4,Materials Project,d8090a996437ff8389ccd677261d5ce2862f38c7aacc35076ef7a2f7bacc6b05,mp_gzip_json_monty_to_baderkit_grid,2744000,21952000,0.0,2.1544346900318822e-06,0.0111321210446255,532320,41.23835287045386,4.101118922413502e-07,4.083681852663726e-07,0.0178505548011145,0.0027593776947249,8.526512829121202e-14,0.2414784169999961,0.323176243000006,7.848013479318986e-13,1,1372003,6,32
mp-22490,bulk,Sc3(NiGe)4,Materials Project,d8090a996437ff8389ccd677261d5ce2862f38c7aacc35076ef7a2f7bacc6b05,mp_gzip_json_monty_to_baderkit_grid,2744000,21952000,0.0,4.641588833612773e-06,0.0239834277521753,357515,61.40161951246801,8.477125775664721e-07,8.446698970154354e-07,0.0359718962898796,0.0051801761827546,8.526512829121202e-14,0.1792695669999773,0.3186854449999998,7.757803330063961e-13,1,1372003,6,32
mp-22490,bulk,Sc3(NiGe)4,Materials Project,d8090a996437ff8389ccd677261d5ce2862f38c7aacc35076ef7a2f7bacc6b05,mp_gzip_json_monty_to_baderkit_grid,2744000,21952000,0.0,1e-05,0.0516707287351599,228438,96.09609609609608,1.7560242094895764e-06,1.751434145431608e-06,0.0658337310938179,0.0093874592020247,8.526512829121202e-14,0.1393123940000009,0.3208105289999992,8.534949503437868e-13,1,1372003,6,32
mp-22490,bulk,Sc3(NiGe)4,Materials Project,d8090a996437ff8389ccd677261d5ce2862f38c7aacc35076ef7a2f7bacc6b05,mp_gzip_json_monty_to_baderkit_grid,2744000,21952000,0.0,2.1544346900318823e-05,0.1113212104462559,144455,151.9642795334187,3.5648351755412904e-06,3.5601562994183023e-06,0.1125035876021485,0.0162641178828329,5.684341886080803e-14,0.1117504100000132,0.3218329489999973,7.393311540839712e-13,1,1372003,6,32
mp-22490,bulk,Sc3(NiGe)4,Materials Project,d8090a996437ff8389ccd677261d5ce2862f38c7aacc35076ef7a2f7bacc6b05,mp_gzip_json_monty_to_baderkit_grid,2744000,21952000,0.0,4.641588833612772e-05,0.2398342775217532,96658,227.11001676012333,7.143906284814882e-06,7.141416301087276e-06,0.1703298268103239,0.0277183659911644,5.684341886080803e-14,0.0989502900000047,0.3120767549999925,7.665417399639527e-13,1,1372003,6,32
mp-22490,bulk,Sc3(NiGe)4,Materials Project,d8090a996437ff8389ccd677261d5ce2862f38c7aacc35076ef7a2f7bacc6b05,mp_gzip_json_monty_to_baderkit_grid,2744000,21952000,0.0,0.0001,0.5167072873516,64078,342.5824776054184,1.4116725276748828e-05,1.4115465359612556e-05,0.3304084753421819,0.0482359779976748,8.526512829121202e-14,0.0827289009999958,0.3048466870000084,8.157102662849497e-13,1,1372003,6,32
mp-22490,bulk,Sc3(NiGe)4,Materials Project,d8090a996437ff8389ccd677261d5ce2862f38c7aacc35076ef7a2f7bacc6b05,mp_gzip_json_monty_to_baderkit_grid,2744000,21952000,0.0,0.0002154434690031,1.113212104462559,43928,499.72682571480607,2.8186439474887628e-05,2.818580848673225e-05,0.510661746951655,0.0828060531431885,8.526512829121202e-14,0.0758117840000238,0.3075424699999871,7.330174722823937e-13,1,1372003,6,32
mp-22490,bulk,Sc3(NiGe)4,Materials Project,d8090a996437ff8389ccd677261d5ce2862f38c7aacc35076ef7a2f7bacc6b05,mp_gzip_json_monty_to_baderkit_grid,2744000,21952000,0.0,0.0004641588833612,2.398342775217535,30991,708.3346778096867,5.736000411063591e-05,5.7359694048621815e-05,1.2088488213348685,0.141628663470995,5.684341886080803e-14,0.0739208999999903,0.3125872669999978,7.126457392096897e-13,1,1372003,6,32
mp-22490,bulk,Sc3(NiGe)4,Materials Project,d8090a996437ff8389ccd677261d5ce2862f38c7aacc35076ef7a2f7bacc6b05,mp_gzip_json_monty_to_baderkit_grid,2744000,21952000,0.0,0.001,5.167072873515999,23209,945.8399758714291,0.0001114996850936,0.0001114995255854,2.169137143435972,0.2408833287254096,5.684341886080803e-14,0.0715160919999959,0.3105374499999982,6.857947279078442e-13,1,1372003,6,32
mp-22490,bulk,Sc3(NiGe)4,Materials Project,d8090a996437ff8389ccd677261d5ce2862f38c7aacc35076ef7a2f7bacc6b05,mp_gzip_json_monty_to_baderkit_grid,2744000,21952000,0.0,0.0021544346900318,11.132121044625588,17926,1224.5899810331362,0.0002259193099204,0.0002259192311972,3.8200809843860952,0.4126279965396968,8.526512829121202e-14,0.0725716309999882,0.3182772229999955,7.259297986168165e-13,1,1372003,6,32
mp-22490,bulk,Sc3(NiGe)4,Materials Project,d8090a996437ff8389ccd677261d5ce2862f38c7aacc35076ef7a2f7bacc6b05,mp_gzip_json_monty_to_baderkit_grid,2744000,21952000,0.0,0.0046415888336127,23.983427752175324,14658,1497.6122254059217,0.0004564323548135,0.000456432315848,6.021175830437954,0.7291566328000845,5.684341886080803e-14,0.0726618359999804,0.3141386650000015,7.689741704832191e-13,1,1372003,6,32
mp-22490,bulk,Sc3(NiGe)4,Materials Project,d8090a996437ff8389ccd677261d5ce2862f38c7aacc35076ef7a2f7bacc6b05,mp_gzip_json_monty_to_baderkit_grid,2744000,21952000,0.0,0.01,51.67072873515999,11560,1898.961937716263,0.0008543823856846,0.0008543823648683,10.80887060330224,1.2399604077105584,5.684341886080803e-14,0.073414299999996,0.3106615739999938,6.925648378258119e-13,1,1372003,6,32
mp-22490,bulk,Sc3(NiGe)4,Materials Project,d8090a996437ff8389ccd677261d5ce2862f38c7aacc35076ef7a2f7bacc6b05,mp_gzip_json_monty_to_baderkit_grid,2744000,21952000,0.0,0.0215443469003188,111.32121044625588,9962,2203.5735796024896,0.0018452002136918,0.0018452002040533,19.95453751106379,2.2365506599087235,8.526512829121202e-14,0.0717810620000136,0.3122091810000142,7.182319300008509e-13,1,1372003,6,32
mp-22490,bulk,Sc3(NiGe)4,Materials Project,d8090a996437ff8389ccd677261d5ce2862f38c7aacc35076ef7a2f7bacc6b05,mp_gzip_json_monty_to_baderkit_grid,2744000,21952000,0.0,0.0464158883361277,239.8342775217532,9091,2414.695853041469,0.0036816886514105,0.0036816886465799,21.561728583402328,3.9521806987731054,8.526512829121202e-14,0.0726289840000049,0.3106564329999912,7.359819273560885e-13,1,1372003,6,32
mp-22490,bulk,Sc3(NiGe)4,Materials Project,d8090a996437ff8389ccd677261d5ce2862f38c7aacc35076ef7a2f7bacc6b05,mp_gzip_json_monty_to_baderkit_grid,2744000,21952000,0.0,0.1,516.7072873515999,8334,2634.029277657788,0.0071529744168084,0.0071529744143222,49.55181607834125,7.464700256472725,5.684341886080803e-14,0.0725849609999897,0.3082608429999993,7.252043055593925e-13,1,1372003,6,32
mp-22490,bulk,Sc3(NiGe)4,Materials Project,d8090a996437ff8389ccd677261d5ce2862f38c7aacc35076ef7a2f7bacc6b05,mp_gzip_json_monty_to_baderkit_grid,2744000,21952000,0.0,0.2154434690031882,1113.212104462559,7468,2939.475093733262,0.0143923816421705,0.014392381640935,190.7271090717268,12.922992888223725,8.526512829121202e-14,0.0703311869999936,0.3112082510000107,7.987465892933289e-13,1,1372003,6,32
mp-22490,bulk,Sc3(NiGe)4,Materials Project,d8090a996437ff8389ccd677261d5ce2862f38c7aacc35076ef7a2f7bacc6b05,mp_gzip_json_monty_to_baderkit_grid,2744000,21952000,0.0,0.4641588833612772,2398.342775217533,7167,3062.927305706711,0.0282906139838749,0.0282906139832467,175.62607460436902,22.067295930016527,8.526512829121202e-14,0.0705659179999997,0.3133618960000035,7.273644020541038e-13,1,1372003,6,32
mp-22490,bulk,Sc3(NiGe)4,Materials Project,d8090a996437ff8389ccd677261d5ce2862f38c7aacc35076ef7a2f7bacc6b05,mp_gzip_json_monty_to_baderkit_grid,2744000,21952000,0.0,1.0,5167.072873515999,6904,3179.606025492468,0.0653615121050545,0.0653615121047835,307.19077499931694,42.74056511149657,5.684341886080803e-14,0.0710173770000039,0.3090262610000138,7.072932038224654e-13,1,1372003,6,32
mp-22490,bulk,Sc3(NiGe)4,Materials Project,d8090a996437ff8389ccd677261d5ce2862f38c7aacc35076ef7a2f7bacc6b05,mp_gzip_json_monty_to_baderkit_grid,2744000,21952000,0.0,2.154434690031882,11132.121044625588,6643,3304.531085353003,0.1206240463565275,0.1206240463563822,443.53986587227655,77.6876720612999,8.526512829121202e-14,0.0731825889999981,0.3186141270000178,7.658824218860576e-13,1,1372003,6,32
mp-22490,bulk,Sc3(NiGe)4,Materials Project,d8090a996437ff8389ccd677261d5ce2862f38c7aacc35076ef7a2f7bacc6b05,mp_gzip_json_monty_to_baderkit_grid,2744000,21952000,0.0,4.641588833612772,23983.42775217532,6507,3373.597664054096,0.2233150556796321,0.2233150556795564,801.4578128294552,132.15815050374434,8.526512829121202e-14,0.0712235379999981,0.3135091150000164,6.703873420410814e-13,1,1372003,6,32
mp-22490,bulk,Sc3(NiGe)4,Materials Project,d8090a996437ff8389ccd677261d5ce2862f38c7aacc35076ef7a2f7bacc6b05,mp_gzip_json_monty_to_baderkit_grid,2744000,21952000,0.0,10.0,51670.72873516,6398,3431.0722100656453,0.4460593808011083,0.4460593808010763,2035.942201083399,230.61232374246785,5.684341886080803e-14,0.0714441530000158,0.3095780790000049,6.078412690236353e-13,1,1372003,6,32
mp-22490,bulk,Sc3(NiGe)4,Materials Project,d8090a996437ff8389ccd677261d5ce2862f38c7aacc35076ef7a2f7bacc6b05,mp_gzip_json_monty_to_baderkit_grid,2744000,21952000,1.0,1e-07,0.0005167072873515,1944913,11.28688018435786,4.540664676327555e-09,4.497593294663064e-09,0.0003387909715932,6.128937312622384e-05,5.684341886080803e-14,0.6244090289999917,0.3234524869999973,6.850741613342507e-13,1,1372003,6,32
mp-22490,bulk,Sc3(NiGe)4,Materials Project,d8090a996437ff8389ccd677261d5ce2862f38c7aacc35076ef7a2f7bacc6b05,mp_gzip_json_monty_to_baderkit_grid,2744000,21952000,1.0,2.1544346900318827e-07,0.0011132121044625,1671304,13.134654138325525,9.778021644566404e-09,9.683338573969553e-09,0.0006581550584172,0.000131871207906,5.684341886080803e-14,0.5469986260000042,0.3192280909999851,7.040172360504316e-13,1,1372003,6,32
mp-22490,bulk,Sc3(NiGe)4,Materials Project,d8090a996437ff8389ccd677261d5ce2862f38c7aacc35076ef7a2f7bacc6b05,mp_gzip_json_monty_to_baderkit_grid,2744000,21952000,1.0,4.641588833612782e-07,0.0023983427752175,1344981,16.32142015389065,2.106328275882976e-08,2.0862562221951635e-08,0.0014355181290426,0.0002841745718376,8.526512829121202e-14,0.4393052470000214,0.3122703779999938,7.302797114127977e-13,1,1372003,6,32
mp-22490,bulk,Sc3(NiGe)4,Materials Project,d8090a996437ff8389ccd677261d5ce2862f38c7aacc35076ef7a2f7bacc6b05,mp_gzip_json_monty_to_baderkit_grid,2744000,21952000,1.0,1e-06,0.0051670728735159,1100350,19.950015904030536,4.477497448237531e-08,4.434819486468501e-08,0.0035838479818721,0.0005985122842782,5.684341886080803e-14,0.3761324449999961,0.3096757029999821,7.152318380828456e-13,1,1372003,6,32
mp-22490,bulk,Sc3(NiGe)4,Materials Project,d8090a996437ff8389ccd677261d5ce2862f38c7aacc35076ef7a2f7bacc6b05,mp_gzip_json_monty_to_baderkit_grid,2744000,21952000,1.0,2.1544346900318822e-06,0.0111321210446255,855251,25.667318716961454,9.20072888558965e-08,9.111862099882818e-08,0.0081522782161442,0.0011937833605885,8.526512829121202e-14,0.3041337600000133,0.3120218309999814,7.41350074289022e-13,1,1372003,6,32
mp-22490,bulk,Sc3(NiGe)4,Materials Project,d8090a996437ff8389ccd677261d5ce2862f38c7aacc35076ef7a2f7bacc6b05,mp_gzip_json_monty_to_baderkit_grid,2744000,21952000,1.0,4.641588833612773e-06,0.0239834277521753,652625,33.636468109557555,1.8064533156535253e-07,1.789377620954522e-07,0.0209787150335643,0.0021766156927724,5.684341886080803e-14,0.2598936700000251,0.3133416809999971,7.754229903396483e-13,1,1372003,6,32
mp-22490,bulk,Sc3(NiGe)4,Materials Project,d8090a996437ff8389ccd677261d5ce2862f38c7aacc35076ef7a2f7bacc6b05,mp_gzip_json_monty_to_baderkit_grid,2744000,21952000,1.0,1e-05,0.0516707287351599,469289,46.77714585255568,3.478814950395326e-07,3.446985590439157e-07,0.0356679656842686,0.0037052204963941,8.526512829121202e-14,0.2286874790000013,0.3181085449999727,7.338983341944059e-13,1,1372003,6,32
mp-22490,bulk,Sc3(NiGe)4,Materials Project,d8090a996437ff8389ccd677261d5ce2862f38c7aacc35076ef7a2f7bacc6b05,mp_gzip_json_monty_to_baderkit_grid,2744000,21952000,1.0,2.1544346900318823e-05,0.1113212104462559,329974,66.52645359937449,6.530535563453986e-07,6.476528058250518e-07,0.0565313600293535,0.0058569646038525,8.526512829121202e-14,0.1605052529999966,0.3128586260000077,7.137823223859985e-13,1,1372003,6,32
mp-22490,bulk,Sc3(NiGe)4,Materials Project,d8090a996437ff8389ccd677261d5ce2862f38c7aacc35076ef7a2f7bacc6b05,mp_gzip_json_monty_to_baderkit_grid,2744000,21952000,1.0,4.641588833612772e-05,0.2398342775217532,234677,93.54133553778172,1.2104399533246443e-06,1.202723491472429e-06,0.072988779716141,0.0089388614624197,5.684341886080803e-14,0.1359119150000083,0.3073917999999764,7.814509599243617e-13,1,1372003,6,32
mp-22490,bulk,Sc3(NiGe)4,Materials Project,d8090a996437ff8389ccd677261d5ce2862f38c7aacc35076ef7a2f7bacc6b05,mp_gzip_json_monty_to_baderkit_grid,2744000,21952000,1.0,0.0001,0.5167072873516,160346,136.90394521846508,2.198766037520136e-06,2.1909921011316453e-06,0.0996757341047072,0.0138294790465452,5.684341886080803e-14,0.1121402320000015,0.3075286959999914,9.115532983611845e-13,1,1372003,6,32
mp-22490,bulk,Sc3(NiGe)4,Materials Project,d8090a996437ff8389ccd677261d5ce2862f38c7aacc35076ef7a2f7bacc6b05,mp_gzip_json_monty_to_baderkit_grid,2744000,21952000,1.0,0.0002154434690031,1.113212104462559,115429,190.17751171715943,3.909316075362815e-06,3.904764007761079e-06,0.1594946096121177,0.0213775075131184,8.526512829121202e-14,0.0985780619999729,0.3080706739999925,7.367606649973407e-13,1,1372003,6,32
mp-22490,bulk,Sc3(NiGe)4,Materials Project,d8090a996437ff8389ccd677261d5ce2862f38c7aacc35076ef7a2f7bacc6b05,mp_gzip_json_monty_to_baderkit_grid,2744000,21952000,1.0,0.0004641588833612,2.398342775217535,84133,260.9202096680256,7.055567575212505e-06,7.0530464047535885e-06,0.32188983645392,0.0338561955321547,8.526512829121202e-14,0.0911080729999866,0.3106485450000207,7.33381819943014e-13,1,1372003,6,32
mp-22490,bulk,Sc3(NiGe)4,Materials Project,d8090a996437ff8389ccd677261d5ce2862f38c7aacc35076ef7a2f7bacc6b05,mp_gzip_json_monty_to_baderkit_grid,2744000,21952000,1.0,0.001,5.167072873515999,60178,364.7844727308984,1.276736097622136e-05,1.2765967886390812e-05,0.6273352446123681,0.0540954053943622,8.526512829121202e-14,0.0851624469999876,0.3115510800000152,8.10323283775979e-13,1,1372003,6,32
mp-22490,bulk,Sc3(NiGe)4,Materials Project,d8090a996437ff8389ccd677261d5ce2862f38c7aacc35076ef7a2f7bacc6b05,mp_gzip_json_monty_to_baderkit_grid,2744000,21952000,1.0,0.0021544346900318,11.132121044625588,42403,517.6992193948541,2.2661713906247373e-05,2.2660929083950622e-05,0.9034173566506284,0.0845494954585047,8.526512829121202e-14,0.079475546999987,0.3075259800000083,6.773547832898343e-13,1,1372003,6,32
mp-22490,bulk,Sc3(NiGe)4,Materials Project,d8090a996437ff8389ccd677261d5ce2862f38c7aacc35076ef7a2f7bacc6b05,mp_gzip_json_monty_to_baderkit_grid,2744000,21952000,1.0,0.0046415888336127,23.983427752175324,31818,689.9239424225282,4.000109985438936e-05,4.000065523638458e-05,1.0555229457149835,0.1312441333026171,8.526512829121202e-14,0.076949012,0.3055694570000185,7.259080703485434e-13,1,1372003,6,32
mp-22490,bulk,Sc3(NiGe)4,Materials Project,d8090a996437ff8389ccd677261d5ce2862f38c7aacc35076ef7a2f7bacc6b05,mp_gzip_json_monty_to_baderkit_grid,2744000,21952000,1.0,0.01,51.67072873515999,24995,878.255651130226,7.08704721304729e-05,7.087022117769586e-05,1.5506754128243363,0.2049237149610478,8.526512829121202e-14,0.0771123179999904,0.3128500900000119,8.2866137138853e-13,1,1372003,6,32
mp-22490,bulk,Sc3(NiGe)4,Materials Project,d8090a996437ff8389ccd677261d5ce2862f38c7aacc35076ef7a2f7bacc6b05,mp_gzip_json_monty_to_baderkit_grid,2744000,21952000,1.0,0.0215443469003188,111.32121044625588,19976,1098.9187024429316,0.0001266681446799,0.0001266680042727,4.045222802734315,0.3222772417601787,8.526512829121202e-14,0.0737763839999843,0.3118807890000141,8.539785753365053e-13,1,1372003,6,32
mp-22490,bulk,Sc3(NiGe)4,Materials Project,d8090a996437ff8389ccd677261d5ce2862f38c7aacc35076ef7a2f7bacc6b05,mp_gzip_json_monty_to_baderkit_grid,2744000,21952000,1.0,0.0464158883361277,239.8342775217532,16575,1324.4042232277527,0.0002286532410898,0.0002286531633078,5.899693643082173,0.511918588748965,5.684341886080803e-14,0.0731577619999939,0.312461600000006,7.084150644539071e-13,1,1372003,6,32
mp-22490,bulk,Sc3(NiGe)4,Materials Project,d8090a996437ff8389ccd677261d5ce2862f38c7aacc35076ef7a2f7bacc6b05,mp_gzip_json_monty_to_baderkit_grid,2744000,21952000,1.0,0.1,516.7072873515999,13899,1579.3942010216565,0.0004133085083788,0.0004133084653477,8.94354250698143,0.8229999454095159,8.526512829121202e-14,0.071710964999994,0.3141614230000016,7.430815650095902e-13,1,1372003,6,32
mp-22490,bulk,Sc3(NiGe)4,Materials Project,d8090a996437ff8389ccd677261d5ce2862f38c7aacc35076ef7a2f7bacc6b05,mp_gzip_json_monty_to_baderkit_grid,2744000,21952000,1.0,0.2154434690031882,1113.212104462559,12006,1828.419123771448,0.0007564717996847,0.0007564717761741,11.147121707706624,1.334780242435383,8.526512829121202e-14,0.0716478069999766,0.3099312149999775,8.531746166659935e-13,1,1372003,6,32
mp-22490,bulk,Sc3(NiGe)4,Materials Project,d8090a996437ff8389ccd677261d5ce2862f38c7aacc35076ef7a2f7bacc6b05,mp_gzip_json_monty_to_baderkit_grid,2744000,21952000,1.0,0.4641588833612772,2398.342775217533,10022,2190.3811614448214,0.0013313676480598,0.0013313676347013,28.906633480748496,2.081294596649235,5.684341886080803e-14,0.0717791940000154,0.3129529909999746,7.384566361307556e-13,1,1372003,6,32
mp-22490,bulk,Sc3(NiGe)4,Materials Project,d8090a996437ff8389ccd677261d5ce2862f38c7aacc35076ef7a2f7bacc6b05,mp_gzip_json_monty_to_baderkit_grid,2744000,21952000,1.0,1.0,5167.072873515999,9236,2376.7864876569943,0.0025008707691646,0.0025008707620531,16.600179739708494,3.5251235412845734,5.684341886080803e-14,0.0705852800000172,0.3119316009999977,6.838815237357534e-13,1,1372003,6,32
mp-22490,bulk,Sc3(NiGe)4,Materials Project,d8090a996437ff8389ccd677261d5ce2862f38c7aacc35076ef7a2f7bacc6b05,mp_gzip_json_monty_to_baderkit_grid,2744000,21952000,1.0,2.154434690031882,11132.121044625588,8547,2568.3865683865683,0.0048817048598483,0.0048817048562051,35.84374457229121,6.379753788434876,8.526512829121202e-14,0.0745365450000008,0.3108626620000052,6.99185252590232e-13,1,1372003,6,32
mp-22490,bulk,Sc3(NiGe)4,Materials Project,d8090a996437ff8389ccd677261d5ce2862f38c7aacc35076ef7a2f7bacc6b05,mp_gzip_json_monty_to_baderkit_grid,2744000,21952000,1.0,4.641588833612772,23983.42775217532,7842,2799.285896454986,0.0086476266288318,0.0086476266267753,192.8607691074385,10.223305000938328,8.526512829121202e-14,0.0708631519999869,0.311655772999984,7.433460166897544e-13,1,1372003,6,32
mp-22490,bulk,Sc3(NiGe)4,Materials Project,d8090a996437ff8389ccd677261d5ce2862f38c7aacc35076ef7a2f7bacc6b05,mp_gzip_json_monty_to_baderkit_grid,2744000,21952000,1.0,10.0,51670.72873516,7507,2924.204076195551,0.0150211972983147,0.015021197297131,155.3942763745763,15.358340451719569,8.526512829121202e-14,0.0723437039999908,0.3129637709999997,7.435387664499211e-13,1,1372003,6,32
mp-22490,bulk,Sc3(NiGe)4,Materials Project,d8090a996437ff8389ccd677261d5ce2862f38c7aacc35076ef7a2f7bacc6b05,mp_gzip_json_monty_to_baderkit_grid,2744000,21952000,2.0,1e-07,0.0005167072873515,2303766,9.528745540996786,1.8634595672212712e-09,1.848164874399731e-09,0.0001661583639602,3.4115560036048285e-05,5.684341886080803e-14,0.6836012910000022,0.3242075080000006,7.681347323927559e-13,1,1372003,6,32
mp-22490,bulk,Sc3(NiGe)4,Materials Project,d8090a996437ff8389ccd677261d5ce2862f38c7aacc35076ef7a2f7bacc6b05,mp_gzip_json_monty_to_baderkit_grid,2744000,21952000,2.0,2.1544346900318827e-07,0.0011132121044625,2031272,10.807021413183463,4.019537881517119e-09,3.986727164487129e-09,0.0004177441478532,7.364014533978676e-05,5.684341886080803e-14,0.6104014980000159,0.3194114559999832,7.19365269190528e-13,1,1372003,6,32
mp-22490,bulk,Sc3(NiGe)4,Materials Project,d8090a996437ff8389ccd677261d5ce2862f38c7aacc35076ef7a2f7bacc6b05,mp_gzip_json_monty_to_baderkit_grid,2744000,21952000,2.0,4.641588833612782e-07,0.0023983427752175,1788093,12.27676636506043,8.659365792595866e-09,8.58944533565358e-09,0.000807631023278,0.0001587418882063,8.526512829121202e-14,0.5617428580000023,0.3171042700000157,6.97983862238834e-13,1,1372003,6,32
mp-22490,bulk,Sc3(NiGe)4,Materials Project,d8090a996437ff8389ccd677261d5ce2862f38c7aacc35076ef7a2f7bacc6b05,mp_gzip_json_monty_to_baderkit_grid,2744000,21952000,2.0,1e-06,0.0051670728735159,1468065,14.953016385514266,1.860596523221475e-08,1.8455020273266774e-08,0.0017007703482292,0.0003406820852607,5.684341886080803e-14,0.4713059870000222,0.3168453640000166,6.864675049145184e-13,1,1372003,6,32
mp-22490,bulk,Sc3(NiGe)4,Materials Project,d8090a996437ff8389ccd677261d5ce2862f38c7aacc35076ef7a2f7bacc6b05,mp_gzip_json_monty_to_baderkit_grid,2744000,21952000,2.0,2.1544346900318822e-06,0.0111321210446255,1227516,17.883269953304072,3.8926781127174746e-08,3.859941821190229e-08,0.0040171370102655,0.0007116483395286,5.684341886080803e-14,0.4170906790000117,0.3146250410000277,7.991802107329015e-13,1,1372003,6,32
mp-22490,bulk,Sc3(NiGe)4,Materials Project,d8090a996437ff8389ccd677261d5ce2862f38c7aacc35076ef7a2f7bacc6b05,mp_gzip_json_monty_to_baderkit_grid,2744000,21952000,2.0,4.641588833612773e-06,0.0239834277521753,972632,22.56968719926961,7.598973562402779e-08,7.531261006108399e-08,0.0131831828225017,0.0013771775142735,8.526512829121202e-14,0.3377176599999814,0.3195565540000018,8.122038699357923e-13,1,1372003,6,32
mp-22490,bulk,Sc3(NiGe)4,Materials Project,d8090a996437ff8389ccd677261d5ce2862f38c7aacc35076ef7a2f7bacc6b05,mp_gzip_json_monty_to_baderkit_grid,2744000,21952000,2.0,1e-05,0.0516707287351599,754738,29.08558996631944,1.3570994833840622e-07,1.343742378297614e-07,0.0321348565868078,0.0023659301150653,5.684341886080803e-14,0.272666963000006,0.3110905510000066,7.463589169429693e-13,1,1372003,6,32
mp-22490,bulk,Sc3(NiGe)4,Materials Project,d8090a996437ff8389ccd677261d5ce2862f38c7aacc35076ef7a2f7bacc6b05,mp_gzip_json_monty_to_baderkit_grid,2744000,21952000,2.0,2.1544346900318823e-05,0.1113212104462559,596696,36.78925281885584,2.2895017409191434e-07,2.264453413879791e-07,0.0515734044132329,0.003514392769946,2.8421709430404014e-14,0.2388042420000147,0.3106587200000206,7.351859317518888e-13,1,1372003,6,32
mp-22490,bulk,Sc3(NiGe)4,Materials Project,d8090a996437ff8389ccd677261d5ce2862f38c7aacc35076ef7a2f7bacc6b05,mp_gzip_json_monty_to_baderkit_grid,2744000,21952000,2.0,4.641588833612772e-05,0.2398342775217532,448547,48.94024483498942,3.805162943971793e-07,3.760821238957894e-07,0.0575685636658818,0.0046115458754457,5.684341886080803e-14,0.1942351099999939,0.3087250579999931,6.940450008459257e-13,1,1372003,6,32
mp-22490,bulk,Sc3(NiGe)4,Materials Project,d8090a996437ff8389ccd677261d5ce2862f38c7aacc35076ef7a2f7bacc6b05,mp_gzip_json_monty_to_baderkit_grid,2744000,21952000,2.0,0.0001,0.5167072873516,339096,64.73682968834784,6.406237077794401e-07,6.335290066625024e-07,0.0695378338611476,0.0062264419402069,8.526512829121202e-14,0.168461853999986,0.3191568940000024,6.929401443731983e-13,1,1372003,6,32
mp-22490,bulk,Sc3(NiGe)4,Materials Project,d8090a996437ff8389ccd677261d5ce2862f38c7aacc35076ef7a2f7bacc6b05,mp_gzip_json_monty_to_baderkit_grid,2744000,21952000,2.0,0.0002154434690031,1.113212104462559,247157,88.81803873651161,1.086008598712326e-06,1.0765802706120414e-06,0.0766840761437208,0.0087314917708704,8.526512829121202e-14,0.1377810909999937,0.3119851619999849,7.390759380698293e-13,1,1372003,6,32
mp-22490,bulk,Sc3(NiGe)4,Materials Project,d8090a996437ff8389ccd677261d5ce2862f38c7aacc35076ef7a2f7bacc6b05,mp_gzip_json_monty_to_baderkit_grid,2744000,21952000,2.0,0.0004641588833612,2.398342775217535,183746,119.469267358201,1.8194991481364883e-06,1.8099301025682528e-06,0.0925948629642903,0.0126609152650383,8.526512829121202e-14,0.1190289449999966,0.3107217790000049,7.570732336947092e-13,1,1372003,6,32
mp-22490,bulk,Sc3(NiGe)4,Materials Project,d8090a996437ff8389ccd677261d5ce2862f38c7aacc35076ef7a2f7bacc6b05,mp_gzip_json_monty_to_baderkit_grid,2744000,21952000,2.0,0.001,5.167072873515999,132712,165.41081439508108,2.9907048600603133e-06,2.9847521403299814e-06,0.1330285821795769,0.0183648124696457,8.526512829121202e-14,0.1020865479999884,0.3094826310000087,7.659740612315389e-13,1,1372003,6,32
mp-22490,bulk,Sc3(NiGe)4,Materials Project,d8090a996437ff8389ccd677261d5ce2862f38c7aacc35076ef7a2f7bacc6b05,mp_gzip_json_monty_to_baderkit_grid,2744000,21952000,2.0,0.0021544346900318,11.132121044625588,100227,219.02281820267996,4.952352944495266e-06,4.948760396914313e-06,0.2211832280763701,0.0270971286737301,8.526512829121202e-14,0.0943067849999863,0.3055651819999809,7.803230611728028e-13,1,1372003,6,32
mp-22490,bulk,Sc3(NiGe)4,Materials Project,d8090a996437ff8389ccd677261d5ce2862f38c7aacc35076ef7a2f7bacc6b05,mp_gzip_json_monty_to_baderkit_grid,2744000,21952000,2.0,0.0046415888336127,23.983427752175324,76489,286.99551569506724,8.296628407582106e-06,8.294484475403914e-06,0.4829540290384102,0.0406527656302189,8.526512829121202e-14,0.0883313900000075,0.3102764520000107,7.401376246356526e-13,1,1372003,6,32
mp-22490,bulk,Sc3(NiGe)4,Materials Project,d8090a996437ff8389ccd677261d5ce2862f38c7aacc35076ef7a2f7bacc6b05,mp_gzip_json_monty_to_baderkit_grid,2744000,21952000,2.0,0.01,51.67072873515999,58240,376.9230769230769,1.3690731219257003e-05,1.3689432095494712e-05,0.6874138473486475,0.0602293829129363,5.684341886080803e-14,0.0831873070000028,0.3111661029999766,7.340364107994375e-13,1,1372003,6,32
mp-22490,bulk,Sc3(NiGe)4,Materials Project,d8090a996437ff8389ccd677261d5ce2862f38c7aacc35076ef7a2f7bacc6b05,mp_gzip_json_monty_to_baderkit_grid,2744000,21952000,2.0,0.0215443469003188,111.32121044625588,45307,484.51674134239744,2.245727568682134e-05,2.2456483719699536e-05,0.8372262427930224,0.0886143014966156,5.684341886080803e-14,0.0804366769999944,0.3093515609999997,6.888957787541648e-13,1,1372003,6,32
mp-22490,bulk,Sc3(NiGe)4,Materials Project,d8090a996437ff8389ccd677261d5ce2862f38c7aacc35076ef7a2f7bacc6b05,mp_gzip_json_monty_to_baderkit_grid,2744000,21952000,2.0,0.0464158883361277,239.8342775217532,33050,664.2057488653555,3.630464829819467e-05,3.630415840967632e-05,1.1842545385034065,0.1285627955184123,5.684341886080803e-14,0.0767773129999795,0.3207239529999981,7.885048881859574e-13,1,1372003,6,32
mp-22490,bulk,Sc3(NiGe)4,Materials Project,d8090a996437ff8389ccd677261d5ce2862f38c7aacc35076ef7a2f7bacc6b05,mp_gzip_json_monty_to_baderkit_grid,2744000,21952000,2.0,0.1,516.7072873515999,26616,824.7670574090772,5.938011809407568e-05,5.9379818580437865e-05,1.9404983241965963,0.1884010178888309,8.526512829121202e-14,0.0736054539999884,0.3078401719999988,7.462824526800024e-13,1,1372003,6,32
mp-22490,bulk,Sc3(NiGe)4,Materials Project,d8090a996437ff8389ccd677261d5ce2862f38c7aacc35076ef7a2f7bacc6b05,mp_gzip_json_monty_to_baderkit_grid,2744000,21952000,2.0,0.2154434690031882,1113.212104462559,21722,1010.5883436147684,9.720027644005478e-05,9.720009346601792e-05,3.8424976636893007,0.2768452030739586,5.684341886080803e-14,0.0709706049999852,0.3082152960000144,7.444510261936137e-13,1,1372003,6,32
mp-22490,bulk,Sc3(NiGe)4,Materials Project,d8090a996437ff8389ccd677261d5ce2862f38c7aacc35076ef7a2f7bacc6b05,mp_gzip_json_monty_to_baderkit_grid,2744000,21952000,2.0,0.4641588833612772,2398.342775217533,18347,1196.489889355208,0.000159686644625,0.0001596865332499,6.273139536363487,0.4088501886553454,5.684341886080803e-14,0.070143139999999,0.3063040769999929,7.55829666874189e-13,1,1372003,6,32
mp-22490,bulk,Sc3(NiGe)4,Materials Project,d8090a996437ff8389ccd677261d5ce2862f38c7aacc35076ef7a2f7bacc6b05,mp_gzip_json_monty_to_baderkit_grid,2744000,21952000,2.0,1.0,5167.072873515999,15770,1392.010145846544,0.0002734625642266,0.0002734624991898,5.924772656232257,0.6295794860481237,8.526512829121202e-14,0.0708290180000119,0.3044052090000093,7.721101341902162e-13,1,1372003,6,32
mp-22490,bulk,Sc3(NiGe)4,Materials Project,d8090a996437ff8389ccd677261d5ce2862f38c7aacc35076ef7a2f7bacc6b05,mp_gzip_json_monty_to_baderkit_grid,2744000,21952000,2.0,2.154434690031882,11132.121044625588,13616,1612.2209165687427,0.0004413610852079,0.0004413610449118,11.779286904876244,0.910236714399695,8.526512829121202e-14,0.0699280460000011,0.3084191490000023,7.193581982051685e-13,1,1372003,6,32
mp-22490,bulk,Sc3(NiGe)4,Materials Project,d8090a996437ff8389ccd677261d5ce2862f38c7aacc35076ef7a2f7bacc6b05,mp_gzip_json_monty_to_baderkit_grid,2744000,21952000,2.0,4.641588833612772,23983.42775217532,11888,1846.56796769852,0.0007773750474606,0.0007773750245822,10.601529881035276,1.454929066973874,5.684341886080803e-14,0.0705985349999878,0.3120429589999958,9.21522505216087e-13,1,1372003,6,32
mp-22490,bulk,Sc3(NiGe)4,Materials Project,d8090a996437ff8389ccd677261d5ce2862f38c7aacc35076ef7a2f7bacc6b05,mp_gzip_json_monty_to_baderkit_grid,2744000,21952000,2.0,10.0,51670.72873516,10239,2143.9593710323275,0.0012261582387809,0.0012261582242762,26.422765502316903,2.054257114060945,5.684341886080803e-14,0.0695426620000034,0.3132745799999838,7.920054662880192e-13,1,1372003,6,32
nomad-Ek0B30z0bVyP,slab,Ru16C4O34H3,NOMAD surfaces/adsorbates,df59e97c71276bc64fbac23d3c1903e4bf28dc541f50d194a9725d26de8e52fe,nomad_exact_bytes_decompress_to_baderkit_grid,3870720,30965760,0.0,1e-07,0.0009432684841392,4808281,6.440089503920424,8.262178623514442e-09,8.230256331937861e-09,0.0019636041453168,0.0003850478240834,2.273736754432321e-13,0.680312081000011,0.4130326140000022,1.7137220741041897e-12,1,1935363,6,32
nomad-Ek0B30z0bVyP,slab,Ru16C4O34H3,NOMAD surfaces/adsorbates,df59e97c71276bc64fbac23d3c1903e4bf28dc541f50d194a9725d26de8e52fe,nomad_exact_bytes_decompress_to_baderkit_grid,3870720,30965760,0.0,2.1544346900318827e-07,0.0020322103442434,3996937,7.747372550530569,1.789759051916217e-08,1.782943237648555e-08,0.0041590687426297,0.000829476513887,2.273736754432321e-13,0.5751342289999855,0.3995342489999984,1.5840817903772444e-12,1,1935363,6,32
nomad-Ek0B30z0bVyP,slab,Ru16C4O34H3,NOMAD surfaces/adsorbates,df59e97c71276bc64fbac23d3c1903e4bf28dc541f50d194a9725d26de8e52fe,nomad_exact_bytes_decompress_to_baderkit_grid,3870720,30965760,0.0,4.641588833612782e-07,0.0043782644630797,3230845,9.584415222642992,3.849233677731509e-08,3.834511466370149e-08,0.0091866009287526,0.0017873880995525,2.273736754432321e-13,0.514583497000018,0.4094714419999832,1.6910209096746785e-12,1,1935363,6,32
nomad-Ek0B30z0bVyP,slab,Ru16C4O34H3,NOMAD surfaces/adsorbates,df59e97c71276bc64fbac23d3c1903e4bf28dc541f50d194a9725d26de8e52fe,nomad_exact_bytes_decompress_to_baderkit_grid,3870720,30965760,0.0,1e-06,0.0094326848413927,2509618,12.338834037690198,8.31401469601499e-08,8.282479733525669e-08,0.0213016930264488,0.0038482115284087,2.273736754432321e-13,0.4545895330000178,0.4100406309999869,1.826648903963279e-12,1,1935363,6,32
nomad-Ek0B30z0bVyP,slab,Ru16C4O34H3,NOMAD surfaces/adsorbates,df59e97c71276bc64fbac23d3c1903e4bf28dc541f50d194a9725d26de8e52fe,nomad_exact_bytes_decompress_to_baderkit_grid,3870720,30965760,0.0,2.1544346900318822e-06,0.0203221034424344,1886370,16.415528236772214,1.771061313924878e-07,1.7646382862226044e-07,0.0586918064655037,0.008127076795287,2.273736754432321e-13,0.3965863409999883,0.4135576070000013,1.6191713915841157e-12,1,1935363,6,32
nomad-Ek0B30z0bVyP,slab,Ru16C4O34H3,NOMAD surfaces/adsorbates,df59e97c71276bc64fbac23d3c1903e4bf28dc541f50d194a9725d26de8e52fe,nomad_exact_bytes_decompress_to_baderkit_grid,3870720,30965760,0.0,4.641588833612773e-06,0.0437826446307971,1318273,23.489641371703737,3.720602962917543e-07,3.709672103748928e-07,0.1384140597058376,0.0161685184312204,2.273736754432321e-13,0.3027020239999842,0.4064112339999894,1.6228607981424814e-12,1,1935363,6,32
nomad-Ek0B30z0bVyP,slab,Ru16C4O34H3,NOMAD surfaces/adsorbates,df59e97c71276bc64fbac23d3c1903e4bf28dc541f50d194a9725d26de8e52fe,nomad_exact_bytes_decompress_to_baderkit_grid,3870720,30965760,0.0,1e-05,0.0943268484139278,882241,35.098980890709,7.560134951839603e-07,7.545779629000838e-07,0.4659160465193963,0.0298837252591403,2.273736754432321e-13,0.2297728970000037,0.4049105249999911,1.7847997864582229e-12,1,1935363,6,32
nomad-Ek0B30z0bVyP,slab,Ru16C4O34H3,NOMAD surfaces/adsorbates,df59e97c71276bc64fbac23d3c1903e4bf28dc541f50d194a9725d26de8e52fe,nomad_exact_bytes_decompress_to_baderkit_grid,3870720,30965760,0.0,2.1544346900318823e-05,0.2032210344243449,582069,53.199466042685664,1.51642996874181e-06,1.515060944646288e-06,0.4922476762594669,0.052548284311887,2.273736754432321e-13,0.175382318000004,0.4099400919999993,1.567531492870128e-12,1,1935363,6,32
nomad-Ek0B30z0bVyP,slab,Ru16C4O34H3,NOMAD surfaces/adsorbates,df59e97c71276bc64fbac23d3c1903e4bf28dc541f50d194a9725d26de8e52fe,nomad_exact_bytes_decompress_to_baderkit_grid,3870720,30965760,0.0,4.641588833612772e-05,0.4378264463079719,381153,81.24233575493305,3.0593707748456243e-06,3.058373702498193e-06,0.806040020299406,0.0909988285753221,2.273736754432321e-13,0.1334641269999963,0.402884599999993,1.764411524905211e-12,1,1935363,6,32
nomad-Ek0B30z0bVyP,slab,Ru16C4O34H3,NOMAD surfaces/adsorbates,df59e97c71276bc64fbac23d3c1903e4bf28dc541f50d194a9725d26de8e52fe,nomad_exact_bytes_decompress_to_baderkit_grid,3870720,30965760,0.0,0.0001,0.943268484139278,265028,116.8395792142717,6.136768680033462e-06,6.136226680888659e-06,1.28721752964384,0.1565447187136345,2.273736754432321e-13,0.1171463880000089,0.4306861980000178,1.6929149166692774e-12,1,1935363,6,32
nomad-Ek0B30z0bVyP,slab,Ru16C4O34H3,NOMAD surfaces/adsorbates,df59e97c71276bc64fbac23d3c1903e4bf28dc541f50d194a9725d26de8e52fe,nomad_exact_bytes_decompress_to_baderkit_grid,3870720,30965760,0.0,0.0002154434690031,2.032210344243449,186161,166.33859938440384,1.1975998589948044e-05,1.197572086654697e-05,2.301353666953446,0.2693902928215206,2.273736754432321e-13,0.1117931930000111,0.4147149659999911,1.6190102295271588e-12,1,1935363,6,32
nomad-Ek0B30z0bVyP,slab,Ru16C4O34H3,NOMAD surfaces/adsorbates,df59e97c71276bc64fbac23d3c1903e4bf28dc541f50d194a9725d26de8e52fe,nomad_exact_bytes_decompress_to_baderkit_grid,3870720,30965760,0.0,0.0004641588833612,4.378264463079724,132094,234.42215392069284,2.4692153997638077e-05,2.469201929956495e-05,4.117891799160134,0.4635870199026952,2.273736754432321e-13,0.1026861340000095,0.411251056999987,1.8747017245617198e-12,1,1935363,6,32
nomad-Ek0B30z0bVyP,slab,Ru16C4O34H3,NOMAD surfaces/adsorbates,df59e97c71276bc64fbac23d3c1903e4bf28dc541f50d194a9725d26de8e52fe,nomad_exact_bytes_decompress_to_baderkit_grid,3870720,30965760,0.0,0.001,9.43268484139278,88731,348.984684045035,4.922689709856038e-05,4.922682953430252e-05,7.559491707246707,0.8085001423968953,2.273736754432321e-13,0.0919650879999949,0.4199425350000183,1.6440604501741514e-12,1,1935363,6,32
nomad-Ek0B30z0bVyP,slab,Ru16C4O34H3,NOMAD surfaces/adsorbates,df59e97c71276bc64fbac23d3c1903e4bf28dc541f50d194a9725d26de8e52fe,nomad_exact_bytes_decompress_to_baderkit_grid,3870720,30965760,0.0,0.0021544346900318,20.32210344243449,68314,453.28571010334633,9.901046777800256e-05,9.90104341858269e-05,10.275346479999826,1.4587759229001471,2.273736754432321e-13,0.0929307629999982,0.4173100630000022,1.626639936429274e-12,1,1935363,6,32
nomad-Ek0B30z0bVyP,slab,Ru16C4O34H3,NOMAD surfaces/adsorbates,df59e97c71276bc64fbac23d3c1903e4bf28dc541f50d194a9725d26de8e52fe,nomad_exact_bytes_decompress_to_baderkit_grid,3870720,30965760,0.0,0.0046415888336127,43.7826446307972,52884,585.5411844792376,0.0002102566508853,0.0002102566350666,19.19699101670085,2.7967974794053814,2.273736754432321e-13,0.0907887170000094,0.4094610639999985,1.5935068276430954e-12,1,1935363,6,32
nomad-Ek0B30z0bVyP,slab,Ru16C4O34H3,NOMAD surfaces/adsorbates,df59e97c71276bc64fbac23d3c1903e4bf28dc541f50d194a9725d26de8e52fe,nomad_exact_bytes_decompress_to_baderkit_grid,3870720,30965760,0.0,0.01,94.3268484139278,38185,810.9404216315307,0.0004301606746913,0.0004301606669594,71.35006871360747,5.413459170385343,2.273736754432321e-13,0.0902256589999979,0.4046692999999948,1.5331192103496909e-12,1,1935363,6,32
nomad-Ek0B30z0bVyP,slab,Ru16C4O34H3,NOMAD surfaces/adsorbates,df59e97c71276bc64fbac23d3c1903e4bf28dc541f50d194a9725d26de8e52fe,nomad_exact_bytes_decompress_to_baderkit_grid,3870720,30965760,0.0,0.0215443469003188,203.22103442434488,28344,1092.497883149873,0.0008962611385176,0.0008962611348067,254.75707677767787,10.057731518288564,2.273736754432321e-13,0.0894070919999876,0.4129065479999951,1.7633113993147088e-12,1,1935363,6,32
nomad-Ek0B30z0bVyP,slab,Ru16C4O34H3,NOMAD surfaces/adsorbates,df59e97c71276bc64fbac23d3c1903e4bf28dc541f50d194a9725d26de8e52fe,nomad_exact_bytes_decompress_to_baderkit_grid,3870720,30965760,0.0,0.0464158883361277,437.82644630797193,19770,1566.300455235205,0.0017448306880014,0.0017448306860953,451.1439036284155,17.321081916063115,2.273736754432321e-13,0.0870686979999959,0.4116889600000206,1.779358269001508e-12,1,1935363,6,32
nomad-Ek0B30z0bVyP,slab,Ru16C4O34H3,NOMAD surfaces/adsorbates,df59e97c71276bc64fbac23d3c1903e4bf28dc541f50d194a9725d26de8e52fe,nomad_exact_bytes_decompress_to_baderkit_grid,3870720,30965760,0.0,0.1,943.268484139278,15437,2005.9441601347407,0.0034742403407454,0.003474240339788,453.7762016950073,29.815580489260743,2.273736754432321e-13,0.0863156629999934,0.4119957270000043,1.6465045822668113e-12,1,1935363,6,32
nomad-Ek0B30z0bVyP,slab,Ru16C4O34H3,NOMAD surfaces/adsorbates,df59e97c71276bc64fbac23d3c1903e4bf28dc541f50d194a9725d26de8e52fe,nomad_exact_bytes_decompress_to_baderkit_grid,3870720,30965760,0.0,0.2154434690031882,2032.2103442434488,11921,2597.580739870816,0.0070992929660433,0.0070992929655748,721.6614966219158,52.094105180189736,2.273736754432321e-13,0.0874411979999933,0.4084076649999986,1.542591573528013e-12,1,1935363,6,32
nomad-Ek0B30z0bVyP,slab,Ru16C4O34H3,NOMAD surfaces/adsorbates,df59e97c71276bc64fbac23d3c1903e4bf28dc541f50d194a9725d26de8e52fe,nomad_exact_bytes_decompress_to_baderkit_grid,3870720,30965760,0.0,0.4641588833612772,4378.26446307972,10087,3069.868147120056,0.0148207633167509,0.0148207633165265,1460.6971369878984,90.6733397322051,2.273736754432321e-13,0.0825965140000164,0.3996030300000086,1.5451231398702002e-12,1,1935363,6,32
nomad-Ek0B30z0bVyP,slab,Ru16C4O34H3,NOMAD surfaces/adsorbates,df59e97c71276bc64fbac23d3c1903e4bf28dc541f50d194a9725d26de8e52fe,nomad_exact_bytes_decompress_to_baderkit_grid,3870720,30965760,0.0,1.0,9432.68484139278,8841,3502.5178147268407,0.0298085522400981,0.0298085522399866,2803.5581198170867,157.79074394323447,2.273736754432321e-13,0.0814221549999842,0.3914995210000143,1.5332301255816572e-12,1,1935363,6,32
nomad-Ek0B30z0bVyP,slab,Ru16C4O34H3,NOMAD surfaces/adsorbates,df59e97c71276bc64fbac23d3c1903e4bf28dc541f50d194a9725d26de8e52fe,nomad_exact_bytes_decompress_to_baderkit_grid,3870720,30965760,0.0,2.154434690031882,20322.103442434487,8071,3836.6695576756288,0.0532070002868034,0.0532070002867411,4524.013896802442,252.3853236031614,2.273736754432321e-13,0.0798895160000086,0.3986476389999893,1.5460358434355086e-12,1,1935363,6,32
nomad-Ek0B30z0bVyP,slab,Ru16C4O34H3,NOMAD surfaces/adsorbates,df59e97c71276bc64fbac23d3c1903e4bf28dc541f50d194a9725d26de8e52fe,nomad_exact_bytes_decompress_to_baderkit_grid,3870720,30965760,0.0,4.641588833612772,43782.64463079719,7707,4017.874659400545,0.0975095411321535,0.0975095411321197,6716.470343593259,380.7638389406658,2.273736754432321e-13,0.0816233939999904,0.3953587299999981,1.3660598179509405e-12,1,1935363,6,32
nomad-Ek0B30z0bVyP,slab,Ru16C4O34H3,NOMAD surfaces/adsorbates,df59e97c71276bc64fbac23d3c1903e4bf28dc541f50d194a9725d26de8e52fe,nomad_exact_bytes_decompress_to_baderkit_grid,3870720,30965760,0.0,10.0,94326.8484139278,7479,4140.361010830325,0.1881464612981281,0.1881464612981111,8530.066181804445,533.2355474047947,2.273736754432321e-13,0.0798134730000015,0.3942015160000096,1.016014548389783e-12,1,1935363,6,32
nomad-Ek0B30z0bVyP,slab,Ru16C4O34H3,NOMAD surfaces/adsorbates,df59e97c71276bc64fbac23d3c1903e4bf28dc541f50d194a9725d26de8e52fe,nomad_exact_bytes_decompress_to_baderkit_grid,3870720,30965760,1.0,1e-07,0.0009432684841392,5377077,5.758846302554344,3.447495809373304e-09,3.4075693433238156e-09,0.0011819699499505,0.0002223167521235,2.273736754432321e-13,0.6966448809999974,0.4345628270000077,1.784590196475675e-12,1,1935363,6,32
nomad-Ek0B30z0bVyP,slab,Ru16C4O34H3,NOMAD surfaces/adsorbates,df59e97c71276bc64fbac23d3c1903e4bf28dc541f50d194a9725d26de8e52fe,nomad_exact_bytes_decompress_to_baderkit_grid,3870720,30965760,1.0,2.1544346900318827e-07,0.0020322103442434,4597589,6.735217088782838,7.428281555511866e-09,7.3414217072039935e-09,0.0024339331972807,0.0004791502956674,2.273736754432321e-13,0.6106521400000133,0.4513062300000001,1.5446306507130305e-12,1,1935363,6,32
nomad-Ek0B30z0bVyP,slab,Ru16C4O34H3,NOMAD surfaces/adsorbates,df59e97c71276bc64fbac23d3c1903e4bf28dc541f50d194a9725d26de8e52fe,nomad_exact_bytes_decompress_to_baderkit_grid,3870720,30965760,1.0,4.641588833612782e-07,0.0043782644630797,3879758,7.981363786091813,1.5994138795836332e-08,1.5808661581344163e-08,0.0054508740569234,0.0010313772474432,2.273736754432321e-13,0.5851439509999921,0.4274888280000084,1.6633184764468368e-12,1,1935363,6,32
nomad-Ek0B30z0bVyP,slab,Ru16C4O34H3,NOMAD surfaces/adsorbates,df59e97c71276bc64fbac23d3c1903e4bf28dc541f50d194a9725d26de8e52fe,nomad_exact_bytes_decompress_to_baderkit_grid,3870720,30965760,1.0,1e-06,0.0094326848413927,3135347,9.876342235803564,3.4458486503690775e-08,3.4059453411788194e-08,0.0120906531345212,0.0022216629967836,2.273736754432321e-13,0.5232795350000004,0.4197978459999945,1.6980694027082377e-12,1,1935363,6,32
nomad-Ek0B30z0bVyP,slab,Ru16C4O34H3,NOMAD surfaces/adsorbates,df59e97c71276bc64fbac23d3c1903e4bf28dc541f50d194a9725d26de8e52fe,nomad_exact_bytes_decompress_to_baderkit_grid,3870720,30965760,1.0,2.1544346900318822e-06,0.0203221034424344,2446858,12.655315510748888,7.364034681331655e-08,7.281233464168566e-08,0.0377309919099388,0.0047102792559927,2.273736754432321e-13,0.4594248190000201,0.4081312380000099,1.5794231260778645e-12,1,1935363,6,32
nomad-Ek0B30z0bVyP,slab,Ru16C4O34H3,NOMAD surfaces/adsorbates,df59e97c71276bc64fbac23d3c1903e4bf28dc541f50d194a9725d26de8e52fe,nomad_exact_bytes_decompress_to_baderkit_grid,3870720,30965760,1.0,4.641588833612773e-06,0.0437826446307971,1831299,16.909177583780693,1.5146038101562833e-07,1.4993210314994992e-07,0.0960186313586746,0.0093518945770903,2.273736754432321e-13,0.3735730450000005,0.406867955999985,1.542479418558633e-12,1,1935363,6,32
nomad-Ek0B30z0bVyP,slab,Ru16C4O34H3,NOMAD surfaces/adsorbates,df59e97c71276bc64fbac23d3c1903e4bf28dc541f50d194a9725d26de8e52fe,nomad_exact_bytes_decompress_to_baderkit_grid,3870720,30965760,1.0,1e-05,0.0943268484139278,1358343,22.79671629330736,2.944515740913798e-07,2.92176025269312e-07,0.1698222470631663,0.0170042427068067,2.273736754432321e-13,0.3290424429999916,0.406203669000007,1.5503114692821499e-12,1,1935363,6,32
nomad-Ek0B30z0bVyP,slab,Ru16C4O34H3,NOMAD surfaces/adsorbates,df59e97c71276bc64fbac23d3c1903e4bf28dc541f50d194a9725d26de8e52fe,nomad_exact_bytes_decompress_to_baderkit_grid,3870720,30965760,1.0,2.1544346900318823e-05,0.2032210344243449,922282,33.57515380328359,5.443855127632684e-07,5.416575949359535e-07,0.4938357378259752,0.0287277694260852,2.273736754432321e-13,0.2276333450000152,0.3998607080000056,1.7492600842032654e-12,1,1935363,6,32
nomad-Ek0B30z0bVyP,slab,Ru16C4O34H3,NOMAD surfaces/adsorbates,df59e97c71276bc64fbac23d3c1903e4bf28dc541f50d194a9725d26de8e52fe,nomad_exact_bytes_decompress_to_baderkit_grid,3870720,30965760,1.0,4.641588833612772e-05,0.4378264463079719,643620,48.11186725086231,9.764665988842144e-07,9.73935660363269e-07,0.452574667654062,0.0462650749592336,2.273736754432321e-13,0.1782191439999962,0.3981179650000115,1.952694517550568e-12,1,1935363,6,32
nomad-Ek0B30z0bVyP,slab,Ru16C4O34H3,NOMAD surfaces/adsorbates,df59e97c71276bc64fbac23d3c1903e4bf28dc541f50d194a9725d26de8e52fe,nomad_exact_bytes_decompress_to_baderkit_grid,3870720,30965760,1.0,0.0001,0.943268484139278,456648,67.81100541335996,1.7440907905021336e-06,1.7422243225856514e-06,0.7164888892689305,0.07326998884315,2.273736754432321e-13,0.1487418810000065,0.3995710640000141,1.7091691895863373e-12,1,1935363,6,32
nomad-Ek0B30z0bVyP,slab,Ru16C4O34H3,NOMAD surfaces/adsorbates,df59e97c71276bc64fbac23d3c1903e4bf28dc541f50d194a9725d26de8e52fe,nomad_exact_bytes_decompress_to_baderkit_grid,3870720,30965760,1.0,0.0002154434690031,2.032210344243449,327265,94.61983407941575,3.114808834056648e-06,3.11374085622541e-06,1.062283530764944,0.1154340619611051,2.273736754432321e-13,0.1264409240000077,0.4047054449999905,1.5139385517031246e-12,1,1935363,6,32
nomad-Ek0B30z0bVyP,slab,Ru16C4O34H3,NOMAD surfaces/adsorbates,df59e97c71276bc64fbac23d3c1903e4bf28dc541f50d194a9725d26de8e52fe,nomad_exact_bytes_decompress_to_baderkit_grid,3870720,30965760,1.0,0.0004641588833612,4.378264463079724,239255,129.42575912729097,5.553104300281205e-06,5.5525053279408725e-06,1.7029124593063898,0.1817371039413393,2.273736754432321e-13,0.1148825920000149,0.3971575799999982,1.5389993164986785e-12,1,1935363,6,32
nomad-Ek0B30z0bVyP,slab,Ru16C4O34H3,NOMAD surfaces/adsorbates,df59e97c71276bc64fbac23d3c1903e4bf28dc541f50d194a9725d26de8e52fe,nomad_exact_bytes_decompress_to_baderkit_grid,3870720,30965760,1.0,0.001,9.43268484139278,182565,169.61498644318462,9.912036735170338e-06,9.911701180240296e-06,4.026894743276671,0.2865396790059435,2.273736754432321e-13,0.1078496850000192,0.4053820479999785,1.9577797383881965e-12,1,1935363,6,32
nomad-Ek0B30z0bVyP,slab,Ru16C4O34H3,NOMAD surfaces/adsorbates,df59e97c71276bc64fbac23d3c1903e4bf28dc541f50d194a9725d26de8e52fe,nomad_exact_bytes_decompress_to_baderkit_grid,3870720,30965760,1.0,0.0021544346900318,20.32210344243449,133403,232.1219162987339,1.7733871151310985e-05,1.7733683600941798e-05,4.445117277666213,0.4520217938700389,2.273736754432321e-13,0.0984202210000262,0.3968823669999892,1.9108291397484802e-12,1,1935363,6,32
nomad-Ek0B30z0bVyP,slab,Ru16C4O34H3,NOMAD surfaces/adsorbates,df59e97c71276bc64fbac23d3c1903e4bf28dc541f50d194a9725d26de8e52fe,nomad_exact_bytes_decompress_to_baderkit_grid,3870720,30965760,1.0,0.0046415888336127,43.7826446307972,99519,311.15425195188857,3.1932578040735617e-05,3.193247388434989e-05,10.068794639364569,0.720863169387833,2.273736754432321e-13,0.0918831210000235,0.3919335009999827,1.791981984607258e-12,1,1935363,6,32
nomad-Ek0B30z0bVyP,slab,Ru16C4O34H3,NOMAD surfaces/adsorbates,df59e97c71276bc64fbac23d3c1903e4bf28dc541f50d194a9725d26de8e52fe,nomad_exact_bytes_decompress_to_baderkit_grid,3870720,30965760,1.0,0.01,94.3268484139278,76047,407.1923941772851,5.9384567353897206e-05,5.938451134644949e-05,10.562704506697628,1.1897932806495144,2.273736754432321e-13,0.0883879949999482,0.4003277190000176,1.5880865558681045e-12,1,1935363,6,32
nomad-Ek0B30z0bVyP,slab,Ru16C4O34H3,NOMAD surfaces/adsorbates,df59e97c71276bc64fbac23d3c1903e4bf28dc541f50d194a9725d26de8e52fe,nomad_exact_bytes_decompress_to_baderkit_grid,3870720,30965760,1.0,0.0215443469003188,203.22103442434488,59836,517.5105287786616,0.0001154354387758,0.0001154354099633,16.542738998636196,2.117814786875308,2.273736754432321e-13,0.0867347899999799,0.3966106980000177,1.5300647444679392e-12,1,1935363,6,32
nomad-Ek0B30z0bVyP,slab,Ru16C4O34H3,NOMAD surfaces/adsorbates,df59e97c71276bc64fbac23d3c1903e4bf28dc541f50d194a9725d26de8e52fe,nomad_exact_bytes_decompress_to_baderkit_grid,3870720,30965760,1.0,0.0464158883361277,437.82644630797193,47176,656.3879938952009,0.0002275798322516,0.000227579817637,54.89357993519661,3.896044702258018,2.273736754432321e-13,0.0917952259999879,0.3976493069999947,1.6216044515494652e-12,1,1935363,6,32
nomad-Ek0B30z0bVyP,slab,Ru16C4O34H3,NOMAD surfaces/adsorbates,df59e97c71276bc64fbac23d3c1903e4bf28dc541f50d194a9725d26de8e52fe,nomad_exact_bytes_decompress_to_baderkit_grid,3870720,30965760,1.0,0.1,943.268484139278,34634,894.0855806432985,0.000439194385784,0.0004391943782111,178.11118013892337,7.018498252500353,2.273736754432321e-13,0.0886583930000028,0.4013469040000359,1.8089163018904425e-12,1,1935363,6,32
nomad-Ek0B30z0bVyP,slab,Ru16C4O34H3,NOMAD surfaces/adsorbates,df59e97c71276bc64fbac23d3c1903e4bf28dc541f50d194a9725d26de8e52fe,nomad_exact_bytes_decompress_to_baderkit_grid,3870720,30965760,1.0,0.2154434690031882,2032.2103442434488,26458,1170.3741779423992,0.000790309301701,0.0007903092974925,407.1375561654804,11.556188328625447,2.273736754432321e-13,0.0855330420000086,0.4012812500000109,1.652987543081155e-12,1,1935363,6,32
nomad-Ek0B30z0bVyP,slab,Ru16C4O34H3,NOMAD surfaces/adsorbates,df59e97c71276bc64fbac23d3c1903e4bf28dc541f50d194a9725d26de8e52fe,nomad_exact_bytes_decompress_to_baderkit_grid,3870720,30965760,1.0,0.4641588833612772,4378.26446307972,19553,1583.6833222523398,0.0013856087534888,0.0013856087510884,478.675126633907,18.047339906242687,2.273736754432321e-13,0.0862391189999698,0.406120100999999,1.6034423496669199e-12,1,1935363,6,32
nomad-Ek0B30z0bVyP,slab,Ru16C4O34H3,NOMAD surfaces/adsorbates,df59e97c71276bc64fbac23d3c1903e4bf28dc541f50d194a9725d26de8e52fe,nomad_exact_bytes_decompress_to_baderkit_grid,3870720,30965760,1.0,1.0,9432.68484139278,15707,1971.4624052970012,0.0024502535677066,0.0024502535663492,505.972785439355,27.80527889591809,2.273736754432321e-13,0.0856788260000485,0.4038747120000039,1.7282285436507748e-12,1,1935363,6,32
nomad-Ek0B30z0bVyP,slab,Ru16C4O34H3,NOMAD surfaces/adsorbates,df59e97c71276bc64fbac23d3c1903e4bf28dc541f50d194a9725d26de8e52fe,nomad_exact_bytes_decompress_to_baderkit_grid,3870720,30965760,1.0,2.154434690031882,20322.103442434487,13287,2330.530593813502,0.0044834422367692,0.0044834422360274,672.191861859289,44.58905634449054,2.273736754432321e-13,0.0841017739999756,0.4033446059999619,1.5247617772329525e-12,1,1935363,6,32
nomad-Ek0B30z0bVyP,slab,Ru16C4O34H3,NOMAD surfaces/adsorbates,df59e97c71276bc64fbac23d3c1903e4bf28dc541f50d194a9725d26de8e52fe,nomad_exact_bytes_decompress_to_baderkit_grid,3870720,30965760,1.0,4.641588833612772,43782.64463079719,11345,2729.463199647422,0.0081635610511376,0.0081635610507302,1332.6683411714675,72.4258721310297,2.273736754432321e-13,0.0837803890000259,0.3994223099999772,1.6262387065895221e-12,1,1935363,6,32
nomad-Ek0B30z0bVyP,slab,Ru16C4O34H3,NOMAD surfaces/adsorbates,df59e97c71276bc64fbac23d3c1903e4bf28dc541f50d194a9725d26de8e52fe,nomad_exact_bytes_decompress_to_baderkit_grid,3870720,30965760,1.0,10.0,94326.8484139278,9602,3224.9281399708398,0.0146729521884436,0.0146729521882169,1976.948635142409,117.318209715395,2.273736754432321e-13,0.0850878880000323,0.4021759600000223,1.8672356203463763e-12,1,1935363,6,32
nomad-Ek0B30z0bVyP,slab,Ru16C4O34H3,NOMAD surfaces/adsorbates,df59e97c71276bc64fbac23d3c1903e4bf28dc541f50d194a9725d26de8e52fe,nomad_exact_bytes_decompress_to_baderkit_grid,3870720,30965760,2.0,1e-07,0.0009432684841392,5946349,5.207524819010791,1.9897799859235413e-09,1.9512086023605744e-09,0.0007690788753336,0.0001444699777992,2.273736754432321e-13,0.7620224490000282,0.4383662739999749,1.5293094148612046e-12,1,1935363,6,32
nomad-Ek0B30z0bVyP,slab,Ru16C4O34H3,NOMAD surfaces/adsorbates,df59e97c71276bc64fbac23d3c1903e4bf28dc541f50d194a9725d26de8e52fe,nomad_exact_bytes_decompress_to_baderkit_grid,3870720,30965760,2.0,2.1544346900318827e-07,0.0020322103442434,5242643,5.906516999154816,4.287339098140209e-09,4.203957362436682e-09,0.0016182235076485,0.0003113022811146,2.273736754432321e-13,0.710627235000004,0.4279781789999788,1.6540767643840368e-12,1,1935363,6,32
nomad-Ek0B30z0bVyP,slab,Ru16C4O34H3,NOMAD surfaces/adsorbates,df59e97c71276bc64fbac23d3c1903e4bf28dc541f50d194a9725d26de8e52fe,nomad_exact_bytes_decompress_to_baderkit_grid,3870720,30965760,2.0,4.641588833612782e-07,0.0043782644630797,4414325,7.014834657620361,9.236790414738825e-09,9.057765867963418e-09,0.0037676353397486,0.000670476067207,1.7053025658242404e-13,0.5710391320000099,0.4342985659999954,1.653860587026128e-12,1,1935363,6,32
nomad-Ek0B30z0bVyP,slab,Ru16C4O34H3,NOMAD surfaces/adsorbates,df59e97c71276bc64fbac23d3c1903e4bf28dc541f50d194a9725d26de8e52fe,nomad_exact_bytes_decompress_to_baderkit_grid,3870720,30965760,2.0,1e-06,0.0094326848413927,3742360,8.27439369809425,1.9893358671262265e-08,1.950941454341717e-08,0.0074462424402357,0.001443926261496,2.273736754432321e-13,0.5812615670000127,0.4317502020000461,1.7396514054953513e-12,1,1935363,6,32
nomad-Ek0B30z0bVyP,slab,Ru16C4O34H3,NOMAD surfaces/adsorbates,df59e97c71276bc64fbac23d3c1903e4bf28dc541f50d194a9725d26de8e52fe,nomad_exact_bytes_decompress_to_baderkit_grid,3870720,30965760,2.0,2.1544346900318822e-06,0.0203221034424344,2948264,10.503048573669115,4.25256171948135e-08,4.172117041392274e-08,0.0218585165584954,0.0030678363795955,2.273736754432321e-13,0.4341084499999965,0.4191951070000073,1.6236243301032694e-12,1,1935363,6,32
nomad-Ek0B30z0bVyP,slab,Ru16C4O34H3,NOMAD surfaces/adsorbates,df59e97c71276bc64fbac23d3c1903e4bf28dc541f50d194a9725d26de8e52fe,nomad_exact_bytes_decompress_to_baderkit_grid,3870720,30965760,2.0,4.641588833612773e-06,0.0437826446307971,2411222,12.842351305686494,8.712851632520332e-08,8.558444981766288e-08,0.0730162540339733,0.0061156729244966,2.273736754432321e-13,0.459290148999969,0.4161077750000004,1.6885612108651633e-12,1,1935363,6,32
nomad-Ek0B30z0bVyP,slab,Ru16C4O34H3,NOMAD surfaces/adsorbates,df59e97c71276bc64fbac23d3c1903e4bf28dc541f50d194a9725d26de8e52fe,nomad_exact_bytes_decompress_to_baderkit_grid,3870720,30965760,2.0,1e-05,0.0943268484139278,1833741,16.88665956642732,1.6645598242953325e-07,1.6398228025277914e-07,0.1157516532960016,0.011082107273237,2.273736754432321e-13,0.3777323140000135,0.4174653150000154,1.896911026217458e-12,1,1935363,6,32
nomad-Ek0B30z0bVyP,slab,Ru16C4O34H3,NOMAD surfaces/adsorbates,df59e97c71276bc64fbac23d3c1903e4bf28dc541f50d194a9725d26de8e52fe,nomad_exact_bytes_decompress_to_baderkit_grid,3870720,30965760,2.0,2.1544346900318823e-05,0.2032210344243449,1376215,22.50067031677463,2.984069802295556e-07,2.950530620483062e-07,0.2106806017022791,0.0185078203823739,2.273736754432321e-13,0.3171135320000076,0.4160173550000081,1.807337326643784e-12,1,1935363,6,32
nomad-Ek0B30z0bVyP,slab,Ru16C4O34H3,NOMAD surfaces/adsorbates,df59e97c71276bc64fbac23d3c1903e4bf28dc541f50d194a9725d26de8e52fe,nomad_exact_bytes_decompress_to_baderkit_grid,3870720,30965760,2.0,4.641588833612772e-05,0.4378264463079719,984558,31.45143302883121,5.09416052355424e-07,5.05734060251169e-07,0.4513644796843437,0.0291015299234007,2.273736754432321e-13,0.2324175759999889,0.4051475880000339,1.762277155736258e-12,1,1935363,6,32
nomad-Ek0B30z0bVyP,slab,Ru16C4O34H3,NOMAD surfaces/adsorbates,df59e97c71276bc64fbac23d3c1903e4bf28dc541f50d194a9725d26de8e52fe,nomad_exact_bytes_decompress_to_baderkit_grid,3870720,30965760,2.0,0.0001,0.943268484139278,726738,42.60924844992281,8.422619052373887e-07,8.389468618179527e-07,0.4520672305716289,0.0438518667658724,2.273736754432321e-13,0.1942092979999756,0.4012996700000144,1.8000704690527989e-12,1,1935363,6,32
nomad-Ek0B30z0bVyP,slab,Ru16C4O34H3,NOMAD surfaces/adsorbates,df59e97c71276bc64fbac23d3c1903e4bf28dc541f50d194a9725d26de8e52fe,nomad_exact_bytes_decompress_to_baderkit_grid,3870720,30965760,2.0,0.0002154434690031,2.032210344243449,516080,60.00186017671679,1.3833102399944336e-06,1.3809103327535156e-06,0.7099215170092066,0.0650427272938421,2.273736754432321e-13,0.1469090630000096,0.4028346730000294,1.6192721025853518e-12,1,1935363,6,32
nomad-Ek0B30z0bVyP,slab,Ru16C4O34H3,NOMAD surfaces/adsorbates,df59e97c71276bc64fbac23d3c1903e4bf28dc541f50d194a9725d26de8e52fe,nomad_exact_bytes_decompress_to_baderkit_grid,3870720,30965760,2.0,0.0004641588833612,4.378264463079724,383086,80.83239794719724,2.272650237533529e-06,2.2711862867609955e-06,1.3386781843830704,0.0960268008427134,2.273736754432321e-13,0.128634427999998,0.4027128750000202,1.7029111307863932e-12,1,1935363,6,32
nomad-Ek0B30z0bVyP,slab,Ru16C4O34H3,NOMAD surfaces/adsorbates,df59e97c71276bc64fbac23d3c1903e4bf28dc541f50d194a9725d26de8e52fe,nomad_exact_bytes_decompress_to_baderkit_grid,3870720,30965760,2.0,0.001,9.43268484139278,297140,104.21269435283033,3.741408086847677e-06,3.740519017374359e-06,1.5785786600918073,0.1420485940900764,2.273736754432321e-13,0.12007831599999,0.4091377930000135,1.5892701618756364e-12,1,1935363,6,32
nomad-Ek0B30z0bVyP,slab,Ru16C4O34H3,NOMAD surfaces/adsorbates,df59e97c71276bc64fbac23d3c1903e4bf28dc541f50d194a9725d26de8e52fe,nomad_exact_bytes_decompress_to_baderkit_grid,3870720,30965760,2.0,0.0021544346900318,20.32210344243449,233848,132.41832301323936,6.164369265102493e-06,6.163829692938511e-06,2.5766998717681417,0.2099926609887117,2.273736754432321e-13,0.1152200700000207,0.3995316099999968,1.742453104443225e-12,1,1935363,6,32
nomad-Ek0B30z0bVyP,slab,Ru16C4O34H3,NOMAD surfaces/adsorbates,df59e97c71276bc64fbac23d3c1903e4bf28dc541f50d194a9725d26de8e52fe,nomad_exact_bytes_decompress_to_baderkit_grid,3870720,30965760,2.0,0.0046415888336127,43.7826446307972,179738,172.28276713883542,1.0124077369717724e-05,1.0123748842945545e-05,5.222001194189033,0.3107532955785338,2.273736754432321e-13,0.1048421529999927,0.4132450409999819,1.5769634984357905e-12,1,1935363,6,32
nomad-Ek0B30z0bVyP,slab,Ru16C4O34H3,NOMAD surfaces/adsorbates,df59e97c71276bc64fbac23d3c1903e4bf28dc541f50d194a9725d26de8e52fe,nomad_exact_bytes_decompress_to_baderkit_grid,3870720,30965760,2.0,0.01,94.3268484139278,140696,220.08983908568828,1.6784074943011765e-05,1.678387677920829e-05,4.075402758451673,0.4619061287845483,2.273736754432321e-13,0.0987981000000104,0.4091613810000467,1.7308875079143299e-12,1,1935363,6,32
nomad-Ek0B30z0bVyP,slab,Ru16C4O34H3,NOMAD surfaces/adsorbates,df59e97c71276bc64fbac23d3c1903e4bf28dc541f50d194a9725d26de8e52fe,nomad_exact_bytes_decompress_to_baderkit_grid,3870720,30965760,2.0,0.0215443469003188,203.22103442434488,108156,286.30644624431375,2.770956134065897e-05,2.770944131047679e-05,12.51135134659944,0.686988110543502,2.273736754432321e-13,0.0957975940000324,0.4062591500000394,1.6535910090391545e-12,1,1935363,6,32
nomad-Ek0B30z0bVyP,slab,Ru16C4O34H3,NOMAD surfaces/adsorbates,df59e97c71276bc64fbac23d3c1903e4bf28dc541f50d194a9725d26de8e52fe,nomad_exact_bytes_decompress_to_baderkit_grid,3870720,30965760,2.0,0.0464158883361277,437.82644630797193,81684,379.0921110621419,4.7706618632445245e-05,4.7706548915097567e-05,11.21907863053184,1.0607063209344498,2.273736754432321e-13,0.0887603159999912,0.4012309740000432,1.7880346728041954e-12,1,1935363,6,32
nomad-Ek0B30z0bVyP,slab,Ru16C4O34H3,NOMAD surfaces/adsorbates,df59e97c71276bc64fbac23d3c1903e4bf28dc541f50d194a9725d26de8e52fe,nomad_exact_bytes_decompress_to_baderkit_grid,3870720,30965760,2.0,0.1,943.268484139278,67689,457.4710809732748,8.732501420022099e-05,8.732497611288456e-05,18.112362937514263,1.771642153894488,1.7053025658242404e-13,0.088278841000033,0.4080787380000288,1.630302051022346e-12,1,1935363,6,32
nomad-Ek0B30z0bVyP,slab,Ru16C4O34H3,NOMAD surfaces/adsorbates,df59e97c71276bc64fbac23d3c1903e4bf28dc541f50d194a9725d26de8e52fe,nomad_exact_bytes_decompress_to_baderkit_grid,3870720,30965760,2.0,0.2154434690031882,2032.2103442434488,54985,563.1674092934437,0.0001642567862855,0.0001642567660368,45.69257417380141,3.11006334125942,2.273736754432321e-13,0.0913705890000073,0.4150352350000048,1.795251366772023e-12,1,1935363,6,32
nomad-Ek0B30z0bVyP,slab,Ru16C4O34H3,NOMAD surfaces/adsorbates,df59e97c71276bc64fbac23d3c1903e4bf28dc541f50d194a9725d26de8e52fe,nomad_exact_bytes_decompress_to_baderkit_grid,3870720,30965760,2.0,0.4641588833612772,4378.26446307972,44191,700.7254870901314,0.0003040463672665,0.0003040463563275,121.27180866651725,5.42841048894277,2.273736754432321e-13,0.0905332460000067,0.4135455159999992,1.7594804287834025e-12,1,1935363,6,32
nomad-Ek0B30z0bVyP,slab,Ru16C4O34H3,NOMAD surfaces/adsorbates,df59e97c71276bc64fbac23d3c1903e4bf28dc541f50d194a9725d26de8e52fe,nomad_exact_bytes_decompress_to_baderkit_grid,3870720,30965760,2.0,1.0,9432.68484139278,33687,919.2198771039272,0.0005314982528023,0.0005314982465445,280.18261114283814,8.901197862973909,2.273736754432321e-13,0.0882152120000228,0.4049682549999716,1.8215721008131637e-12,1,1935363,6,32
nomad-Ek0B30z0bVyP,slab,Ru16C4O34H3,NOMAD surfaces/adsorbates,df59e97c71276bc64fbac23d3c1903e4bf28dc541f50d194a9725d26de8e52fe,nomad_exact_bytes_decompress_to_baderkit_grid,3870720,30965760,2.0,2.154434690031882,20322.103442434487,25599,1209.6472518457751,0.0008586347376658,0.0008586347337923,470.3330756513242,13.253736380622902,2.273736754432321e-13,0.088058277000016,0.406510561999994,1.810078421267813e-12,1,1935363,6,32
nomad-Ek0B30z0bVyP,slab,Ru16C4O34H3,NOMAD surfaces/adsorbates,df59e97c71276bc64fbac23d3c1903e4bf28dc541f50d194a9725d26de8e52fe,nomad_exact_bytes_decompress_to_baderkit_grid,3870720,30965760,2.0,4.641588833612772,43782.64463079719,20950,1478.0792362768495,0.0013780030874525,0.0013780030850389,512.0889428447135,19.19639356527749,2.273736754432321e-13,0.0869616069999779,0.4160415950000242,1.6899222847559677e-12,1,1935363,6,32
nomad-Ek0B30z0bVyP,slab,Ru16C4O34H3,NOMAD surfaces/adsorbates,df59e97c71276bc64fbac23d3c1903e4bf28dc541f50d194a9725d26de8e52fe,nomad_exact_bytes_decompress_to_baderkit_grid,3870720,30965760,2.0,10.0,94326.8484139278,16432,1884.4790652385589,0.0022183257767498,0.0022183257752505,577.8052540720182,27.130839474946598,2.273736754432321e-13,0.0862171879999778,0.4099238279999895,1.832803150370343e-12,1,1935363,6,32
