material_id,system_type,npoints,raw_bytes,shape,arm,config,tol,tol_rel,error
mp-1102404,bulk,896000,7168000,80x80x140,Q,Q_hpez_b4,4.358571639883091e-05,1.3335214321633222e-08,RuntimeError: hpez rc=-6 stderr='double free or corruption (!prev)\n' stdout='====================================== BEGIN TUNING ================================\nABS QoI eb: 4.35857e-05\n64 14000 2 4.10367\nPointwise QoI eb rate: 2\nPredictor tuning started.\n'
mp-1102404,bulk,896000,7168000,80x80x140,Q,Q_hpez_b4,1.5916375946719927e-05,4.869675251658619e-09,RuntimeError: hpez rc=-6 stderr='corrupted double-linked list\n' stdout='====================================== BEGIN TUNING ================================\nABS QoI eb: 1.59164e-05\n64 14000 2 4.10367\nPointwise QoI eb rate: 2\nPredictor tuning started.\n'
mp-1102404,bulk,896000,7168000,80x80x140,Q,Q_hpez_b4,9.618208530275895e-06,2.9427271762092754e-09,RuntimeError: hpez rc=-6 stderr='corrupted double-linked list\n' stdout='====================================== BEGIN TUNING ================================\nABS QoI eb: 9.61821e-06\n64 14000 2 4.10367\nPointwise QoI eb rate: 2\nPredictor tuning started.\n'
mp-1102404,bulk,896000,7168000,80x80x140,Q,Q_hpez_b4,8.480211593860622e-06,2.594552721404013e-09,RuntimeError: hpez rc=-6 stderr='malloc(): unsorted double linked list corrupted\n' stdout='====================================== BEGIN TUNING ================================\nABS QoI eb: 8.48021e-06\n64 14000 2 4.10367\nPointwise QoI eb rate: 2\nPredictor tuning started.\n'
mp-1102404,bulk,896000,7168000,80x80x140,Q,Q_hpez_b4,7.96274739524561e-06,2.436232598151698e-09,RuntimeError: hpez rc=-6 stderr='free(): invalid next size (normal)\n' stdout='====================================== BEGIN TUNING ================================\nABS QoI eb: 7.96275e-06\n64 14000 2 4.10367\nPointwise QoI eb rate: 2\nPredictor tuning started.\n'
mp-1102404,bulk,896000,7168000,80x80x140,Q,Q_hpez_b4,7.715979474312993e-06,2.360733022023851e-09,RuntimeError: hpez rc=-6 stderr='Fatal glibc error: malloc.c:4179 (_int_malloc): assertion failed: chunk_main_arena (bck->bk)\n' stdout='====================================== BEGIN TUNING ================================\nABS QoI eb: 7.71598e-06\n64 14000 2 4.10367\nPointwise QoI eb rate: 2\nPredictor tuning started.\n'
mp-1102404,bulk,896000,7168000,80x80x140,Q,Q_hpez_b4,7.655491787481056e-06,2.342226586100146e-09,RuntimeError: hpez rc=-6 stderr='free(): invalid next size (normal)\n' stdout='====================================== BEGIN TUNING ================================\nABS QoI eb: 7.65549e-06\n64 14000 2 4.10367\nPointwise QoI eb rate: 2\nPredictor tuning started.\n'
mp-1102404,bulk,896000,7168000,80x80x140,Q,Q_hpez_b4,7.640444102043812e-06,2.337622689986246e-09,RuntimeError: hpez rc=-6 stderr='free(): invalid next size (normal)\n' stdout='====================================== BEGIN TUNING ================================\nABS QoI eb: 7.64044e-06\n64 14000 2 4.10367\nPointwise QoI eb rate: 2\nPredictor tuning started.\n'
mp-1102404,bulk,896000,7168000,80x80x140,Q,Q_hpez_b4,7.632931354647893e-06,2.3353241365851242e-09,RuntimeError: hpez rc=-6 stderr='free(): invalid next size (normal)\n' stdout='====================================== BEGIN TUNING ================================\nABS QoI eb: 7.63293e-06\n64 14000 2 4.10367\nPointwise QoI eb rate: 2\nPredictor tuning started.\n'
mp-1102404,bulk,896000,7168000,80x80x140,Q,Q_hpez_b4,7.631054322330407e-06,2.3347498514681083e-09,RuntimeError: hpez rc=-6 stderr='corrupted double-linked list\n' stdout='====================================== BEGIN TUNING ================================\nABS QoI eb: 7.63105e-06\n64 14000 2 4.10367\nPointwise QoI eb rate: 2\nPredictor tuning started.\n'
mp-1102404,bulk,896000,7168000,80x80x140,Q,Q_hpez_b4,7.63011597927333e-06,2.334462761870708e-09,RuntimeError: hpez rc=-6 stderr='corrupted double-linked list\n' stdout='====================================== BEGIN TUNING ================================\nABS QoI eb: 7.63012e-06\n64 14000 2 4.10367\nPointwise QoI eb rate: 2\nPredictor tuning started.\n'
mp-1102404,bulk,896000,7168000,80x80x140,Q,Q_hpez_b4,7.629646851013983e-06,2.33431923031038e-09,RuntimeError: hpez rc=-6 stderr='double free or corruption (out)\n' stdout='====================================== BEGIN TUNING ================================\nABS QoI eb: 7.62965e-06\n64 14000 2 4.10367\nPointwise QoI eb rate: 2\nPredictor tuning started.\n'
mp-1102404,bulk,896000,7168000,80x80x140,Q,Q_hpez_b4,7.629412297700834e-06,2.334247467839573e-09,RuntimeError: hpez rc=-6 stderr='double free or corruption (!prev)\n' stdout='====================================== BEGIN TUNING ================================\nABS QoI eb: 7.62941e-06\n64 14000 2 4.10367\nPointwise QoI eb rate: 2\nPredictor tuning started.\n'
mp-1102404,bulk,896000,7168000,80x80x140,Q,Q_hpez_b4,7.629397638358183e-06,2.334242982758399e-09,RuntimeError: hpez rc=-6 stderr='double free or corruption (!prev)\n' stdout='====================================== BEGIN TUNING ================================\nABS QoI eb: 7.6294e-06\n64 14000 2 4.10367\nPointwise QoI eb rate: 2\nPredictor tuning started.\n'
mp-1102404,bulk,896000,7168000,80x80x140,Q,Q_hpez_b4,7.62939580594232e-06,2.334242422123854e-09,RuntimeError: hpez rc=-6 stderr='double free or corruption (!prev)\n' stdout='====================================== BEGIN TUNING ================================\nABS QoI eb: 7.6294e-06\n64 14000 2 4.10367\nPointwise QoI eb rate: 2\nPredictor tuning started.\n'
mp-1102404,bulk,896000,7168000,80x80x140,Q,Q_hpez_b4,7.62939488973456e-06,2.334242141806635e-09,RuntimeError: hpez rc=-6 stderr='double free or corruption (!prev)\n' stdout='====================================== BEGIN TUNING ================================\nABS QoI eb: 7.62939e-06\n64 14000 2 4.10367\nPointwise QoI eb rate: 2\nPredictor tuning started.\n'
mp-1102404,bulk,896000,7168000,80x80x140,Q,Q_hpez_b4,7.629394660682628e-06,2.334242071727332e-09,RuntimeError: hpez rc=-6 stderr='double free or corruption (!prev)\n' stdout='====================================== BEGIN TUNING ================================\nABS QoI eb: 7.62939e-06\n64 14000 2 4.10367\nPointwise QoI eb rate: 2\nPredictor tuning started.\n'
mp-1102404,bulk,896000,7168000,80x80x140,Q,Q_hpez_b4,7.62939454615667e-06,2.334242036687684e-09,RuntimeError: hpez rc=-6 stderr='double free or corruption (!prev)\n' stdout='====================================== BEGIN TUNING ================================\nABS QoI eb: 7.62939e-06\n64 14000 2 4.10367\nPointwise QoI eb rate: 2\nPredictor tuning started.\n'
mp-1102404,bulk,896000,7168000,80x80x140,Q,Q_hpez_b4,7.629394531840919e-06,2.3342420323077253e-09,RuntimeError: hpez rc=-6 stderr='double free or corruption (!prev)\n' stdout='====================================== BEGIN TUNING ================================\nABS QoI eb: 7.62939e-06\n64 14000 2 4.10367\nPointwise QoI eb rate: 2\nPredictor tuning started.\n'
mp-1102404,bulk,896000,7168000,80x80x140,Q,Q_hpez_b8,5.812248695403344e-06,1.7782794100389195e-09,RuntimeError: hpez rc=-6 stderr='double free or corruption (!prev)\n' stdout='====================================== BEGIN TUNING ================================\nABS QoI eb: 5.81225e-06\n512 1800 2 11.6069\nPointwise QoI eb rate: 3\nPredictor tuning started.\n'
mp-1102404,bulk,896000,7168000,80x80x140,Q,Q_hpez_b8,5.124561254625529e-06,1.5678788438269666e-09,RuntimeError: hpez rc=-6 stderr='double free or corruption (out)\n' stdout='====================================== BEGIN TUNING ================================\nABS QoI eb: 5.12456e-06\n512 1800 2 11.6069\nPointwise QoI eb rate: 3\nPredictor tuning started.\n'
mp-1102404,bulk,896000,7168000,80x80x140,Q,Q_hpez_b8,5.104435310740948e-06,1.561721235387766e-09,RuntimeError: hpez rc=-6 stderr='double free or corruption (!prev)\n' stdout='====================================== BEGIN TUNING ================================\nABS QoI eb: 5.10444e-06\n512 1800 2 11.6069\nPointwise QoI eb rate: 3\nPredictor tuning started.\n'
mp-1102404,bulk,896000,7168000,80x80x140,Q,Q_hpez_b8,5.09440199883584e-06,1.5586515057684084e-09,RuntimeError: hpez rc=-6 stderr='free(): invalid next size (normal)\n' stdout='====================================== BEGIN TUNING ================================\nABS QoI eb: 5.0944e-06\n512 1800 2 11.6069\nPointwise QoI eb rate: 3\nPredictor tuning started.\n'
mp-1102404,bulk,896000,7168000,80x80x140,Q,Q_hpez_b8,5.089392740887041e-06,1.5571189044058811e-09,RuntimeError: hpez rc=-6 stderr='double free or corruption (out)\n' stdout='====================================== BEGIN TUNING ================================\nABS QoI eb: 5.08939e-06\n512 1800 2 11.6069\nPointwise QoI eb rate: 3\nPredictor tuning started.\n'
mp-1102404,bulk,896000,7168000,80x80x140,Q,Q_hpez_b8,5.0868899592918e-06,1.5563531689372383e-09,RuntimeError: hpez rc=-6 stderr='free(): invalid next size (normal)\n' stdout='====================================== BEGIN TUNING ================================\nABS QoI eb: 5.08689e-06\n512 1800 2 11.6069\nPointwise QoI eb rate: 3\nPredictor tuning started.\n'
mp-1102404,bulk,896000,7168000,80x80x140,Q,Q_hpez_b8,5.086264456225801e-06,1.556161793915027e-09,RuntimeError: hpez rc=-6 stderr='double free or corruption (!prev)\n' stdout='====================================== BEGIN TUNING ================================\nABS QoI eb: 5.08626e-06\n512 1800 2 11.6069\nPointwise QoI eb rate: 3\nPredictor tuning started.\n'
mp-1102404,bulk,896000,7168000,80x80x140,Q,Q_hpez_b8,5.086263234615387e-06,1.5561614201587135e-09,RuntimeError: hpez rc=-6 stderr='double free or corruption (!prev)\n' stdout='====================================== BEGIN TUNING ================================\nABS QoI eb: 5.08626e-06\n512 1800 2 11.6069\nPointwise QoI eb rate: 3\nPredictor tuning started.\n'
mp-1102404,bulk,896000,7168000,80x80x140,Q,Q_hpez_b8,5.086263081914109e-06,1.5561613734391815e-09,RuntimeError: hpez rc=-6 stderr='double free or corruption (!prev)\n' stdout='====================================== BEGIN TUNING ================================\nABS QoI eb: 5.08626e-06\n512 1800 2 11.6069\nPointwise QoI eb rate: 3\nPredictor tuning started.\n'
mp-1102404,bulk,896000,7168000,80x80x140,Q,Q_hpez_b8,5.0862630437387895e-06,1.5561613617592984e-09,RuntimeError: hpez rc=-6 stderr='double free or corruption (!prev)\n' stdout='====================================== BEGIN TUNING ================================\nABS QoI eb: 5.08626e-06\n512 1800 2 11.6069\nPointwise QoI eb rate: 3\nPredictor tuning started.\n'
mp-1102404,bulk,896000,7168000,80x80x140,Q,Q_hpez_b8,5.08626302465113e-06,1.5561613559193571e-09,RuntimeError: hpez rc=-6 stderr='double free or corruption (!prev)\n' stdout='====================================== BEGIN TUNING ================================\nABS QoI eb: 5.08626e-06\n512 1800 2 11.6069\nPointwise QoI eb rate: 3\nPredictor tuning started.\n'
mp-1102404,bulk,896000,7168000,80x80x140,Q,Q_hpez_b16,5.812248695403344e-06,1.7782794100389195e-09,RuntimeError: hpez rc=-6 stderr='double free or corruption (out)\n' stdout='====================================== BEGIN TUNING ================================\nABS QoI eb: 5.81225e-06\n4096 225 2 32.8294\nPointwise QoI eb rate: 4\nPredictor tuning started.\n'
mp-1102404,bulk,896000,7168000,80x80x140,Q,Q_hpez_b16,4.518238882857502e-06,1.3823722273578959e-09,RuntimeError: hpez rc=-6 stderr='double free or corruption (!prev)\n' stdout='====================================== BEGIN TUNING ================================\nABS QoI eb: 4.51824e-06\n4096 225 2 32.8294\nPointwise QoI eb rate: 4\nPredictor tuning started.\n'
mp-1102404,bulk,896000,7168000,80x80x140,Q,Q_hpez_b16,3.98365471466243e-06,1.218814184842286e-09,RuntimeError: hpez rc=-6 stderr='free(): invalid next size (normal)\n' stdout='====================================== BEGIN TUNING ================================\nABS QoI eb: 3.98365e-06\n4096 225 2 32.8294\nPointwise QoI eb rate: 4\nPredictor tuning started.\n'
mp-1102404,bulk,896000,7168000,80x80x140,Q,Q_hpez_b16,3.860200064796536e-06,1.1810427690899444e-09,RuntimeError: hpez rc=-6 stderr='double free or corruption (!prev)\n' stdout='====================================== BEGIN TUNING ================================\nABS QoI eb: 3.8602e-06\n4096 225 2 32.8294\nPointwise QoI eb rate: 4\nPredictor tuning started.\n'
mp-1102404,bulk,896000,7168000,80x80x140,Q,Q_hpez_b16,3.82993889401383e-06,1.1717842497548863e-09,RuntimeError: hpez rc=-6 stderr='free(): invalid next size (normal)\n' stdout='====================================== BEGIN TUNING ================================\nABS QoI eb: 3.82994e-06\n4096 225 2 32.8294\nPointwise QoI eb rate: 4\nPredictor tuning started.\n'
mp-1102404,bulk,896000,7168000,80x80x140,Q,Q_hpez_b16,3.81489738481287e-06,1.1671822432837711e-09,RuntimeError: hpez rc=-6 stderr='corrupted double-linked list (not small)\n' stdout='====================================== BEGIN TUNING ================================\nABS QoI eb: 3.8149e-06\n4096 225 2 32.8294\nPointwise QoI eb rate: 4\nPredictor tuning started.\n'
mp-1102404,bulk,896000,7168000,80x80x140,Q,Q_hpez_b16,3.814780105882612e-06,1.1671463613527252e-09,RuntimeError: hpez rc=-11 stderr='' stdout='====================================== BEGIN TUNING ================================\nABS QoI eb: 3.81478e-06\n4096 225 2 32.8294\nPointwise QoI eb rate: 4\nPredictor tuning started.\n'
mp-1102404,bulk,896000,7168000,80x80x140,Q,Q_hpez_b16,3.814721467769527e-06,1.1671284208008656e-09,RuntimeError: hpez rc=-6 stderr='double free or corruption (!prev)\n' stdout='====================================== BEGIN TUNING ================================\nABS QoI eb: 3.81472e-06\n4096 225 2 32.8294\nPointwise QoI eb rate: 4\nPredictor tuning started.\n'
mp-1102404,bulk,896000,7168000,80x80x140,Q,Q_hpez_b16,3.814706808382091e-06,1.1671239357059894e-09,RuntimeError: hpez rc=-6 stderr='double free or corruption (!prev)\n' stdout='====================================== BEGIN TUNING ================================\nABS QoI eb: 3.81471e-06\n4096 225 2 32.8294\nPointwise QoI eb rate: 4\nPredictor tuning started.\n'
mp-1102404,bulk,896000,7168000,80x80x140,Q,Q_hpez_b16,3.814699478709499e-06,1.167121693165015e-09,RuntimeError: hpez rc=-6 stderr='double free or corruption (!prev)\n' stdout='====================================== BEGIN TUNING ================================\nABS QoI eb: 3.8147e-06\n4096 225 2 32.8294\nPointwise QoI eb rate: 4\nPredictor tuning started.\n'
mp-1102404,bulk,896000,7168000,80x80x140,Q,Q_hpez_b16,3.8146976462935454e-06,1.1671211325304432e-09,RuntimeError: hpez rc=-6 stderr='double free or corruption (!prev)\n' stdout='====================================== BEGIN TUNING ================================\nABS QoI eb: 3.8147e-06\n4096 225 2 32.8294\nPointwise QoI eb rate: 4\nPredictor tuning started.\n'
mp-1102404,bulk,896000,7168000,80x80x140,Q,Q_hpez_b16,3.814697417241617e-06,1.1671210624511415e-09,RuntimeError: hpez rc=-6 stderr='double free or corruption (!prev)\n' stdout='====================================== BEGIN TUNING ================================\nABS QoI eb: 3.8147e-06\n4096 225 2 32.8294\nPointwise QoI eb rate: 4\nPredictor tuning started.\n'
mp-1102404,bulk,896000,7168000,80x80x140,Q,Q_hpez_b16,3.814697302715659e-06,1.1671210274114928e-09,RuntimeError: hpez rc=-6 stderr='double free or corruption (!prev)\n' stdout='====================================== BEGIN TUNING ================================\nABS QoI eb: 3.8147e-06\n4096 225 2 32.8294\nPointwise QoI eb rate: 4\nPredictor tuning started.\n'
mp-1102404,bulk,896000,7168000,80x80x140,Q,Q_hpez_b16,3.81469727408417e-06,1.1671210186515806e-09,RuntimeError: hpez rc=-6 stderr='double free or corruption (!prev)\n' stdout='====================================== BEGIN TUNING ================================\nABS QoI eb: 3.8147e-06\n4096 225 2 32.8294\nPointwise QoI eb rate: 4\nPredictor tuning started.\n'
mp-1102404,bulk,896000,7168000,80x80x140,Q,Q_hpez_b16,3.814697266926294e-06,1.1671210164616015e-09,RuntimeError: hpez rc=-6 stderr='double free or corruption (!prev)\n' stdout='====================================== BEGIN TUNING ================================\nABS QoI eb: 3.8147e-06\n4096 225 2 32.8294\nPointwise QoI eb rate: 4\nPredictor tuning started.\n'
mp-1102404,bulk,896000,7168000,80x80x140,Q,Q_sz3_b4,5.812248695403344e-06,1.7782794100389195e-09,RuntimeError: hpez rc=-11 stderr='' stdout='====================================== BEGIN TUNING ================================\nABS QoI eb: 5.81225e-06\n64 14000 2 3.2383\nPointwise QoI eb rate: 2\n'
mp-1102404,bulk,896000,7168000,80x80x140,Q,Q_sz3_b4,7.750758204383675e-07,2.371373705661649e-10,RuntimeError: hpez rc=-6 stderr='double free or corruption (out)\n' stdout='====================================== BEGIN TUNING ================================\nABS QoI eb: 7.75076e-07\n64 14000 2 3.2383\nPointwise QoI eb rate: 2\n'
mp-1102404,bulk,896000,7168000,80x80x140,Q,Q_sz3_b4,4.683755204517648e-07,1.4330125702369597e-10,RuntimeError: hpez rc=-6 stderr='free(): invalid next size (normal)\n' stdout='====================================== BEGIN TUNING ================================\nABS QoI eb: 4.68376e-07\n64 14000 2 3.2383\nPointwise QoI eb rate: 2\n'
mp-1102404,bulk,896000,7168000,80x80x140,Q,Q_sz3_b4,3.640987506190882e-07,1.1139738599947991e-10,RuntimeError: hpez rc=-6 stderr='corrupted size vs. prev_size in fastbins\n' stdout='====================================== BEGIN TUNING ================================\nABS QoI eb: 3.64099e-07\n64 14000 2 3.2383\nPointwise QoI eb rate: 2\n'
mp-1102404,bulk,896000,7168000,80x80x140,Q,Q_sz3_b4,3.2101970305499137e-07,9.821718891880346e-11,RuntimeError: hpez rc=-6 stderr='corrupted size vs. prev_size in fastbins\n' stdout='====================================== BEGIN TUNING ================================\nABS QoI eb: 3.2102e-07\n64 14000 2 3.2383\nPointwise QoI eb rate: 2\n'
mp-1102404,bulk,896000,7168000,80x80x140,Q,Q_sz3_b4,3.110712065412654e-07,9.517340888833191e-11,RuntimeError: hpez rc=-6 stderr='corrupted size vs. prev_size in fastbins\n' stdout='====================================== BEGIN TUNING ================================\nABS QoI eb: 3.11071e-07\n64 14000 2 3.2383\nPointwise QoI eb rate: 2\n'
mp-1102404,bulk,896000,7168000,80x80x140,Q,Q_sz3_b4,3.104597629143162e-07,9.498633540452468e-11,RuntimeError: hpez rc=-6 stderr='double free or corruption (!prev)\n' stdout='====================================== BEGIN TUNING ================================\nABS QoI eb: 3.1046e-07\n64 14000 2 3.2383\nPointwise QoI eb rate: 2\n'
mp-1102404,bulk,896000,7168000,80x80x140,Q,Q_sz3_b4,3.104406746791485e-07,9.498049528698128e-11,RuntimeError: hpez rc=-6 stderr='double free or corruption (!prev)\n' stdout='====================================== BEGIN TUNING ================================\nABS QoI eb: 3.10441e-07\n64 14000 2 3.2383\nPointwise QoI eb rate: 2\n'
mp-1102404,bulk,896000,7168000,80x80x140,Q,Q_sz3_b4,3.104311310016751e-07,9.4977575362863e-11,RuntimeError: hpez rc=-6 stderr='corrupted size vs. prev_size in fastbins\n' stdout='====================================== BEGIN TUNING ================================\nABS QoI eb: 3.10431e-07\n64 14000 2 3.2383\nPointwise QoI eb rate: 2\n'
mp-1102404,bulk,896000,7168000,80x80x140,Q,Q_sz3_b4,3.104263592729621e-07,9.497611543446606e-11,RuntimeError: hpez rc=-6 stderr='corrupted size vs. prev_size in fastbins\n' stdout='====================================== BEGIN TUNING ================================\nABS QoI eb: 3.10426e-07\n64 14000 2 3.2383\nPointwise QoI eb rate: 2\n'
mp-1102404,bulk,896000,7168000,80x80x140,Q,Q_sz3_b4,3.1042621015762184e-07,9.497606981206529e-11,RuntimeError: hpez rc=-6 stderr='corrupted size vs. prev_size in fastbins\n' stdout='====================================== BEGIN TUNING ================================\nABS QoI eb: 3.10426e-07\n64 14000 2 3.2383\nPointwise QoI eb rate: 2\n'
mp-1102404,bulk,896000,7168000,80x80x140,Q,Q_sz3_b4,3.104262008379157e-07,9.497606696066604e-11,RuntimeError: hpez rc=-6 stderr='corrupted size vs. prev_size in fastbins\n' stdout='====================================== BEGIN TUNING ================================\nABS QoI eb: 3.10426e-07\n64 14000 2 3.2383\nPointwise QoI eb rate: 2\n'
mp-1102404,bulk,896000,7168000,80x80x140,Q,Q_sz3_b4,3.104261961780626e-07,9.497606553496641e-11,RuntimeError: hpez rc=-6 stderr='corrupted size vs. prev_size in fastbins\n' stdout='====================================== BEGIN TUNING ================================\nABS QoI eb: 3.10426e-07\n64 14000 2 3.2383\nPointwise QoI eb rate: 2\n'
mp-1102404,bulk,896000,7168000,80x80x140,Q,Q_sz3_b4,3.104261938481361e-07,9.497606482211662e-11,RuntimeError: hpez rc=-6 stderr='corrupted size vs. prev_size in fastbins\n' stdout='====================================== BEGIN TUNING ================================\nABS QoI eb: 3.10426e-07\n64 14000 2 3.2383\nPointwise QoI eb rate: 2\n'
mp-1102404,bulk,896000,7168000,80x80x140,Q,Q_sz3_b4,3.1042619268317285e-07,9.497606446569172e-11,RuntimeError: hpez rc=-6 stderr='corrupted size vs. prev_size in fastbins\n' stdout='====================================== BEGIN TUNING ================================\nABS QoI eb: 3.10426e-07\n64 14000 2 3.2383\nPointwise QoI eb rate: 2\n'
mp-1102404,bulk,896000,7168000,80x80x140,Q,Q_sz3_b4,3.104261923919325e-07,9.497606437658564e-11,RuntimeError: hpez rc=-6 stderr='corrupted size vs. prev_size in fastbins\n' stdout='====================================== BEGIN TUNING ================================\nABS QoI eb: 3.10426e-07\n64 14000 2 3.2383\nPointwise QoI eb rate: 2\n'
mp-1102404,bulk,896000,7168000,80x80x140,Q,Q_sz3_b8,5.812248695403344e-06,1.7782794100389195e-09,RuntimeError: hpez rc=-11 stderr='' stdout='====================================== BEGIN TUNING ================================\nABS QoI eb: 5.81225e-06\n512 1800 2 9.15929\nPointwise QoI eb rate: 2\n'
mp-1102404,bulk,896000,7168000,80x80x140,Q,Q_sz3_b8,7.750758204383675e-07,2.371373705661649e-10,RuntimeError: hpez rc=-6 stderr='double free or corruption (out)\n' stdout='====================================== BEGIN TUNING ================================\nABS QoI eb: 7.75076e-07\n512 1800 2 9.15929\nPointwise QoI eb rate: 2\n'
mp-1102404,bulk,896000,7168000,80x80x140,Q,Q_sz3_b8,4.683755204517648e-07,1.4330125702369597e-10,RuntimeError: hpez rc=-6 stderr='free(): invalid next size (normal)\n' stdout='====================================== BEGIN TUNING ================================\nABS QoI eb: 4.68376e-07\n512 1800 2 9.15929\nPointwise QoI eb rate: 2\n'
mp-1102404,bulk,896000,7168000,80x80x140,Q,Q_sz3_b8,3.640987506190882e-07,1.1139738599947991e-10,RuntimeError: hpez rc=-6 stderr='corrupted size vs. prev_size in fastbins\n' stdout='====================================== BEGIN TUNING ================================\nABS QoI eb: 3.64099e-07\n512 1800 2 9.15929\nPointwise QoI eb rate: 2\n'
mp-1102404,bulk,896000,7168000,80x80x140,Q,Q_sz3_b8,3.2101970305499137e-07,9.821718891880346e-11,RuntimeError: hpez rc=-6 stderr='corrupted size vs. prev_size in fastbins\n' stdout='====================================== BEGIN TUNING ================================\nABS QoI eb: 3.2102e-07\n512 1800 2 9.15929\nPointwise QoI eb rate: 2\n'
mp-1102404,bulk,896000,7168000,80x80x140,Q,Q_sz3_b8,3.110712065412654e-07,9.517340888833191e-11,RuntimeError: hpez rc=-6 stderr='corrupted size vs. prev_size in fastbins\n' stdout='====================================== BEGIN TUNING ================================\nABS QoI eb: 3.11071e-07\n512 1800 2 9.15929\nPointwise QoI eb rate: 2\n'
mp-1102404,bulk,896000,7168000,80x80x140,Q,Q_sz3_b8,3.104597629143162e-07,9.498633540452468e-11,RuntimeError: hpez rc=-6 stderr='double free or corruption (!prev)\n' stdout='====================================== BEGIN TUNING ================================\nABS QoI eb: 3.1046e-07\n512 1800 2 9.15929\nPointwise QoI eb rate: 2\n'
mp-1102404,bulk,896000,7168000,80x80x140,Q,Q_sz3_b8,3.104406746791485e-07,9.498049528698128e-11,RuntimeError: hpez rc=-6 stderr='double free or corruption (!prev)\n' stdout='====================================== BEGIN TUNING ================================\nABS QoI eb: 3.10441e-07\n512 1800 2 9.15929\nPointwise QoI eb rate: 2\n'
mp-1102404,bulk,896000,7168000,80x80x140,Q,Q_sz3_b8,3.104311310016751e-07,9.4977575362863e-11,RuntimeError: hpez rc=-6 stderr='corrupted size vs. prev_size in fastbins\n' stdout='====================================== BEGIN TUNING ================================\nABS QoI eb: 3.10431e-07\n512 1800 2 9.15929\nPointwise QoI eb rate: 2\n'
mp-1102404,bulk,896000,7168000,80x80x140,Q,Q_sz3_b8,3.104263592729621e-07,9.497611543446606e-11,RuntimeError: hpez rc=-6 stderr='corrupted size vs. prev_size in fastbins\n' stdout='====================================== BEGIN TUNING ================================\nABS QoI eb: 3.10426e-07\n512 1800 2 9.15929\nPointwise QoI eb rate: 2\n'
mp-1102404,bulk,896000,7168000,80x80x140,Q,Q_sz3_b8,3.1042621015762184e-07,9.497606981206529e-11,RuntimeError: hpez rc=-6 stderr='corrupted size vs. prev_size in fastbins\n' stdout='====================================== BEGIN TUNING ================================\nABS QoI eb: 3.10426e-07\n512 1800 2 9.15929\nPointwise QoI eb rate: 2\n'
mp-1102404,bulk,896000,7168000,80x80x140,Q,Q_sz3_b8,3.104262008379157e-07,9.497606696066604e-11,RuntimeError: hpez rc=-6 stderr='corrupted size vs. prev_size in fastbins\n' stdout='====================================== BEGIN TUNING ================================\nABS QoI eb: 3.10426e-07\n512 1800 2 9.15929\nPointwise QoI eb rate: 2\n'
mp-1102404,bulk,896000,7168000,80x80x140,Q,Q_sz3_b8,3.104261961780626e-07,9.497606553496641e-11,RuntimeError: hpez rc=-6 stderr='corrupted size vs. prev_size in fastbins\n' stdout='====================================== BEGIN TUNING ================================\nABS QoI eb: 3.10426e-07\n512 1800 2 9.15929\nPointwise QoI eb rate: 2\n'
mp-1102404,bulk,896000,7168000,80x80x140,Q,Q_sz3_b8,3.104261938481361e-07,9.497606482211662e-11,RuntimeError: hpez rc=-6 stderr='corrupted size vs. prev_size in fastbins\n' stdout='====================================== BEGIN TUNING ================================\nABS QoI eb: 3.10426e-07\n512 1800 2 9.15929\nPointwise QoI eb rate: 2\n'
mp-1102404,bulk,896000,7168000,80x80x140,Q,Q_sz3_b8,3.1042619268317285e-07,9.497606446569172e-11,RuntimeError: hpez rc=-6 stderr='corrupted size vs. prev_size in fastbins\n' stdout='====================================== BEGIN TUNING ================================\nABS QoI eb: 3.10426e-07\n512 1800 2 9.15929\nPointwise QoI eb rate: 2\n'
mp-1102404,bulk,896000,7168000,80x80x140,Q,Q_sz3_b8,3.104261923919325e-07,9.497606437658564e-11,RuntimeError: hpez rc=-6 stderr='corrupted size vs. prev_size in fastbins\n' stdout='====================================== BEGIN TUNING ================================\nABS QoI eb: 3.10426e-07\n512 1800 2 9.15929\nPointwise QoI eb rate: 2\n'
mp-1102404,bulk,896000,7168000,80x80x140,Q,Q_sz3_b16,5.812248695403344e-06,1.7782794100389195e-09,RuntimeError: hpez rc=-11 stderr='' stdout='====================================== BEGIN TUNING ================================\nABS QoI eb: 5.81225e-06\n4096 225 2 25.9064\nPointwise QoI eb rate: 2\n'
mp-1102404,bulk,896000,7168000,80x80x140,Q,Q_sz3_b16,7.750758204383675e-07,2.371373705661649e-10,RuntimeError: hpez rc=-6 stderr='double free or corruption (out)\n' stdout='====================================== BEGIN TUNING ================================\nABS QoI eb: 7.75076e-07\n4096 225 2 25.9064\nPointwise QoI eb rate: 2\n'
mp-1102404,bulk,896000,7168000,80x80x140,Q,Q_sz3_b16,4.683755204517648e-07,1.4330125702369597e-10,RuntimeError: hpez rc=-6 stderr='free(): invalid next size (normal)\n' stdout='====================================== BEGIN TUNING ================================\nABS QoI eb: 4.68376e-07\n4096 225 2 25.9064\nPointwise QoI eb rate: 2\n'
mp-1102404,bulk,896000,7168000,80x80x140,Q,Q_sz3_b16,3.640987506190882e-07,1.1139738599947991e-10,RuntimeError: hpez rc=-6 stderr='corrupted size vs. prev_size in fastbins\n' stdout='====================================== BEGIN TUNING ================================\nABS QoI eb: 3.64099e-07\n4096 225 2 25.9064\nPointwise QoI eb rate: 2\n'
mp-1102404,bulk,896000,7168000,80x80x140,Q,Q_sz3_b16,3.2101970305499137e-07,9.821718891880346e-11,RuntimeError: hpez rc=-6 stderr='corrupted size vs. prev_size in fastbins\n' stdout='====================================== BEGIN TUNING ================================\nABS QoI eb: 3.2102e-07\n4096 225 2 25.9064\nPointwise QoI eb rate: 2\n'
mp-1102404,bulk,896000,7168000,80x80x140,Q,Q_sz3_b16,3.110712065412654e-07,9.517340888833191e-11,RuntimeError: hpez rc=-6 stderr='corrupted size vs. prev_size in fastbins\n' stdout='====================================== BEGIN TUNING ================================\nABS QoI eb: 3.11071e-07\n4096 225 2 25.9064\nPointwise QoI eb rate: 2\n'
mp-1102404,bulk,896000,7168000,80x80x140,Q,Q_sz3_b16,3.104597629143162e-07,9.498633540452468e-11,RuntimeError: hpez rc=-6 stderr='double free or corruption (!prev)\n' stdout='====================================== BEGIN TUNING ================================\nABS QoI eb: 3.1046e-07\n4096 225 2 25.9064\nPointwise QoI eb rate: 2\n'
mp-1102404,bulk,896000,7168000,80x80x140,Q,Q_sz3_b16,3.104406746791485e-07,9.498049528698128e-11,RuntimeError: hpez rc=-6 stderr='double free or corruption (!prev)\n' stdout='====================================== BEGIN TUNING ================================\nABS QoI eb: 3.10441e-07\n4096 225 2 25.9064\nPointwise QoI eb rate: 2\n'
mp-1102404,bulk,896000,7168000,80x80x140,Q,Q_sz3_b16,3.104311310016751e-07,9.4977575362863e-11,RuntimeError: hpez rc=-6 stderr='corrupted size vs. prev_size in fastbins\n' stdout='====================================== BEGIN TUNING ================================\nABS QoI eb: 3.10431e-07\n4096 225 2 25.9064\nPointwise QoI eb rate: 2\n'
mp-1102404,bulk,896000,7168000,80x80x140,Q,Q_sz3_b16,3.104263592729621e-07,9.497611543446606e-11,RuntimeError: hpez rc=-6 stderr='corrupted size vs. prev_size in fastbins\n' stdout='====================================== BEGIN TUNING ================================\nABS QoI eb: 3.10426e-07\n4096 225 2 25.9064\nPointwise QoI eb rate: 2\n'
mp-1102404,bulk,896000,7168000,80x80x140,Q,Q_sz3_b16,3.1042621015762184e-07,9.497606981206529e-11,RuntimeError: hpez rc=-6 stderr='corrupted size vs. prev_size in fastbins\n' stdout='====================================== BEGIN TUNING ================================\nABS QoI eb: 3.10426e-07\n4096 225 2 25.9064\nPointwise QoI eb rate: 2\n'
mp-1102404,bulk,896000,7168000,80x80x140,Q,Q_sz3_b16,3.104262008379157e-07,9.497606696066604e-11,RuntimeError: hpez rc=-6 stderr='corrupted size vs. prev_size in fastbins\n' stdout='====================================== BEGIN TUNING ================================\nABS QoI eb: 3.10426e-07\n4096 225 2 25.9064\nPointwise QoI eb rate: 2\n'
mp-1102404,bulk,896000,7168000,80x80x140,Q,Q_sz3_b16,3.104261961780626e-07,9.497606553496641e-11,RuntimeError: hpez rc=-6 stderr='corrupted size vs. prev_size in fastbins\n' stdout='====================================== BEGIN TUNING ================================\nABS QoI eb: 3.10426e-07\n4096 225 2 25.9064\nPointwise QoI eb rate: 2\n'
mp-1102404,bulk,896000,7168000,80x80x140,Q,Q_sz3_b16,3.104261938481361e-07,9.497606482211662e-11,RuntimeError: hpez rc=-6 stderr='corrupted size vs. prev_size in fastbins\n' stdout='====================================== BEGIN TUNING ================================\nABS QoI eb: 3.10426e-07\n4096 225 2 25.9064\nPointwise QoI eb rate: 2\n'
mp-1102404,bulk,896000,7168000,80x80x140,Q,Q_sz3_b16,3.1042619268317285e-07,9.497606446569172e-11,RuntimeError: hpez rc=-6 stderr='corrupted size vs. prev_size in fastbins\n' stdout='====================================== BEGIN TUNING ================================\nABS QoI eb: 3.10426e-07\n4096 225 2 25.9064\nPointwise QoI eb rate: 2\n'
mp-1102404,bulk,896000,7168000,80x80x140,Q,Q_sz3_b16,3.104261923919325e-07,9.497606437658564e-11,RuntimeError: hpez rc=-6 stderr='corrupted size vs. prev_size in fastbins\n' stdout='====================================== BEGIN TUNING ================================\nABS QoI eb: 3.10426e-07\n4096 225 2 25.9064\nPointwise QoI eb rate: 2\n'
mp-12129,bulk,373248,2985984,72x72x72,Q,Q_hpez_b4,1.5455076112477066e-05,1.7154378963428778e-08,RuntimeError: hpez rc=-6 stderr='malloc(): invalid size (unsorted)\n' stdout='====================================== BEGIN TUNING ================================\nABS QoI eb: 1.54551e-05\n64 5832 2 4.10367\nPointwise QoI eb rate: 2\nPredictor tuning started.\n'
mp-12129,bulk,373248,2985984,72x72x72,Q,Q_hpez_b4,1.5394378624610982e-05,1.7087007719094217e-08,RuntimeError: hpez rc=-6 stderr='corrupted double-linked list\n' stdout='====================================== BEGIN TUNING ================================\nABS QoI eb: 1.53944e-05\n64 5832 2 4.10367\nPointwise QoI eb rate: 2\nPredictor tuning started.\n'
mp-12129,bulk,373248,2985984,72x72x72,Q,Q_hpez_b4,1.5364119331873736e-05,1.7053421383381448e-08,RuntimeError: hpez rc=-6 stderr='double free or corruption (!prev)\n' stdout='====================================== BEGIN TUNING ================================\nABS QoI eb: 1.53641e-05\n64 5832 2 4.10367\nPointwise QoI eb rate: 2\nPredictor tuning started.\n'
mp-12129,bulk,373248,2985984,72x72x72,Q,Q_hpez_b4,1.5349011997017344e-05,1.703665298021294e-08,RuntimeError: hpez rc=-6 stderr='corrupted double-linked list\n' stdout='====================================== BEGIN TUNING ================================\nABS QoI eb: 1.5349e-05\n64 5832 2 4.10367\nPointwise QoI eb rate: 2\nPredictor tuning started.\n'
mp-12129,bulk,373248,2985984,72x72x72,Q,Q_hpez_b4,1.534146390106816e-05,1.7028274962698033e-08,RuntimeError: hpez rc=-6 stderr='double free or corruption (!prev)\n' stdout='====================================== BEGIN TUNING ================================\nABS QoI eb: 1.53415e-05\n64 5832 2 4.10367\nPointwise QoI eb rate: 2\nPredictor tuning started.\n'
mp-12129,bulk,373248,2985984,72x72x72,Q,Q_hpez_b4,1.5337691245164202e-05,1.7024087499070928e-08,RuntimeError: hpez rc=-6 stderr='corrupted size vs. prev_size while consolidating\n' stdout='====================================== BEGIN TUNING ================================\nABS QoI eb: 1.53377e-05\n64 5832 2 4.10367\nPointwise QoI eb rate: 2\nPredictor tuning started.\n'
mp-12129,bulk,373248,2985984,72x72x72,Q,Q_hpez_b4,1.5335805265130017e-05,1.7021994153429123e-08,RuntimeError: hpez rc=-6 stderr='double free or corruption (!prev)\n' stdout='====================================== BEGIN TUNING ================================\nABS QoI eb: 1.53358e-05\n64 5832 2 4.10367\nPointwise QoI eb rate: 2\nPredictor tuning started.\n'
mp-12129,bulk,373248,2985984,72x72x72,Q,Q_hpez_b4,1.5335333806358075e-05,1.7021470857239527e-08,RuntimeError: hpez rc=-6 stderr='free(): invalid next size (normal)\n' stdout='====================================== BEGIN TUNING ================================\nABS QoI eb: 1.53353e-05\n64 5832 2 4.10367\nPointwise QoI eb rate: 2\nPredictor tuning started.\n'
mp-12129,bulk,373248,2985984,72x72x72,Q,Q_hpez_b4,1.533509808240729e-05,1.7021209215177518e-08,RuntimeError: hpez rc=-6 stderr='free(): invalid next size (normal)\n' stdout='====================================== BEGIN TUNING ================================\nABS QoI eb: 1.53351e-05\n64 5832 2 4.10367\nPointwise QoI eb rate: 2\nPredictor tuning started.\n'
mp-12129,bulk,373248,2985984,72x72x72,Q,Q_hpez_b4,1.5334980221790668e-05,1.7021078395654687e-08,RuntimeError: hpez rc=-6 stderr='double free or corruption (!prev)\n' stdout='====================================== BEGIN TUNING ================================\nABS QoI eb: 1.5335e-05\n64 5832 2 4.10367\nPointwise QoI eb rate: 2\nPredictor tuning started.\n'
mp-12129,bulk,373248,2985984,72x72x72,Q,Q_hpez_b4,1.5334921291822046e-05,1.7021012986270312e-08,RuntimeError: hpez rc=-6 stderr='free(): invalid next size (normal)\n' stdout='====================================== BEGIN TUNING ================================\nABS QoI eb: 1.53349e-05\n64 5832 2 4.10367\nPointwise QoI eb rate: 2\nPredictor tuning started.\n'
mp-12129,bulk,373248,2985984,72x72x72,Q,Q_hpez_b4,1.5334891826922684e-05,1.7020980281672407e-08,RuntimeError: hpez rc=-6 stderr='free(): invalid next size (normal)\n' stdout='====================================== BEGIN TUNING ================================\nABS QoI eb: 1.53349e-05\n64 5832 2 4.10367\nPointwise QoI eb rate: 2\nPredictor tuning started.\n'
mp-12129,bulk,373248,2985984,72x72x72,Q,Q_hpez_b4,1.533488446070669e-05,1.702097210553275e-08,RuntimeError: hpez rc=-6 stderr='corrupted size vs. prev_size while consolidating\n' stdout='====================================== BEGIN TUNING ================================\nABS QoI eb: 1.53349e-05\n64 5832 2 4.10367\nPointwise QoI eb rate: 2\nPredictor tuning started.\n'
mp-12129,bulk,373248,2985984,72x72x72,Q,Q_hpez_b4,1.5334884000318316e-05,1.7020971594524162e-08,RuntimeError: hpez rc=-6 stderr='corrupted size vs. prev_size while consolidating\n' stdout='====================================== BEGIN TUNING ================================\nABS QoI eb: 1.53349e-05\n64 5832 2 4.10367\nPointwise QoI eb rate: 2\nPredictor tuning started.\n'
mp-12129,bulk,373248,2985984,72x72x72,Q,Q_hpez_b4,1.5334883770124132e-05,1.7020971339019873e-08,RuntimeError: hpez rc=-6 stderr='corrupted size vs. prev_size while consolidating\n' stdout='====================================== BEGIN TUNING ================================\nABS QoI eb: 1.53349e-05\n64 5832 2 4.10367\nPointwise QoI eb rate: 2\nPredictor tuning started.\n'
mp-12129,bulk,373248,2985984,72x72x72,Q,Q_hpez_b4,1.533488371257559e-05,1.70209712751438e-08,RuntimeError: hpez rc=-6 stderr='corrupted size vs. prev_size while consolidating\n' stdout='====================================== BEGIN TUNING ================================\nABS QoI eb: 1.53349e-05\n64 5832 2 4.10367\nPointwise QoI eb rate: 2\nPredictor tuning started.\n'
mp-12129,bulk,373248,2985984,72x72x72,Q,Q_hpez_b4,1.5334883698188474e-05,1.7020971259174805e-08,RuntimeError: hpez rc=-6 stderr='corrupted size vs. prev_size while consolidating\n' stdout='====================================== BEGIN TUNING ================================\nABS QoI eb: 1.53349e-05\n64 5832 2 4.10367\nPointwise QoI eb rate: 2\nPredictor tuning started.\n'
mp-12129,bulk,373248,2985984,72x72x72,Q,Q_hpez_b8,1.6021240809704624e-06,1.7782794100389224e-09,RuntimeError: hpez rc=-6 stderr='double free or corruption (!prev)\n' stdout='terp best interpParadigm = MD\nLevel: 2\n\tinterp best interpAlgo = CUBIC\n\tinterp best interpParadigm = MD\n\tinterp best cubic spline = 0\n\tinterp best adj = 0\nLevel: 1\n\tinterp best interpAlgo = CUBIC\n\tinterp best interpParadigm = MD\n\tinterp best cubic spline = 0\n\tinterp best adj = 1\nB-M tuning started.\n'
mp-12129,bulk,373248,2985984,72x72x72,Q,Q_hpez_b8,1.602124056920744e-06,1.7782793833449107e-09,RuntimeError: hpez rc=-6 stderr='double free or corruption (!prev)\n' stdout='terp best interpParadigm = MD\nLevel: 2\n\tinterp best interpAlgo = CUBIC\n\tinterp best interpParadigm = MD\n\tinterp best cubic spline = 0\n\tinterp best adj = 0\nLevel: 1\n\tinterp best interpAlgo = CUBIC\n\tinterp best interpParadigm = MD\n\tinterp best cubic spline = 0\n\tinterp best adj = 1\nB-M tuning started.\n'
mp-12129,bulk,373248,2985984,72x72x72,Q,Q_hpez_b8,1.6021240448958848e-06,1.778279369997905e-09,RuntimeError: hpez rc=-6 stderr='double free or corruption (!prev)\n' stdout='terp best interpParadigm = MD\nLevel: 2\n\tinterp best interpAlgo = CUBIC\n\tinterp best interpParadigm = MD\n\tinterp best cubic spline = 0\n\tinterp best adj = 0\nLevel: 1\n\tinterp best interpAlgo = CUBIC\n\tinterp best interpParadigm = MD\n\tinterp best cubic spline = 0\n\tinterp best adj = 1\nB-M tuning started.\n'
mp-12129,bulk,373248,2985984,72x72x72,Q,Q_hpez_b8,1.6021240418896687e-06,1.778279366661152e-09,RuntimeError: hpez rc=-6 stderr='double free or corruption (!prev)\n' stdout='terp best interpParadigm = MD\nLevel: 2\n\tinterp best interpAlgo = CUBIC\n\tinterp best interpParadigm = MD\n\tinterp best cubic spline = 0\n\tinterp best adj = 0\nLevel: 1\n\tinterp best interpAlgo = CUBIC\n\tinterp best interpParadigm = MD\n\tinterp best cubic spline = 0\n\tinterp best adj = 1\nB-M tuning started.\n'
mp-1780344,bulk,627200,5017600,56x100x112,Q,Q_hpez_b4,2.359703148316257e-06,1.7782794100389265e-09,RuntimeError: hpez rc=-6 stderr='corrupted double-linked list\n' stdout='====================================== BEGIN TUNING ================================\nABS QoI eb: 2.3597e-06\n64 9800 2 4.10367\nPointwise QoI eb rate: 2\nPredictor tuning started.\n'
mp-1780344,bulk,627200,5017600,56x100x112,Q,Q_hpez_b4,2.0805103084874505e-06,1.567878843826976e-09,RuntimeError: hpez rc=-6 stderr='double free or corruption (out)\n' stdout='====================================== BEGIN TUNING ================================\nABS QoI eb: 2.08051e-06\n64 9800 2 4.10367\nPointwise QoI eb rate: 2\nPredictor tuning started.\n'
mp-1780344,bulk,627200,5017600,56x100x112,Q,Q_hpez_b4,1.9535571555412265e-06,1.4722065648435451e-09,RuntimeError: hpez rc=-6 stderr='double free or corruption (!prev)\n' stdout='====================================== BEGIN TUNING ================================\nABS QoI eb: 1.95356e-06\n64 9800 2 4.10367\nPointwise QoI eb rate: 2\nPredictor tuning started.\n'
mp-1780344,bulk,627200,5017600,56x100x112,Q,Q_hpez_b4,1.923048265432273e-06,1.4492149732348275e-09,RuntimeError: hpez rc=-6 stderr='double free or corruption (out)\n' stdout='====================================== BEGIN TUNING ================================\nABS QoI eb: 1.92305e-06\n64 9800 2 4.10367\nPointwise QoI eb rate: 2\nPredictor tuning started.\n'
mp-1780344,bulk,627200,5017600,56x100x112,Q,Q_hpez_b4,1.9079729607830798e-06,1.4378541781802235e-09,RuntimeError: hpez rc=-6 stderr='double free or corruption (!prev)\n' stdout='====================================== BEGIN TUNING ================================\nABS QoI eb: 1.90797e-06\n64 9800 2 4.10367\nPointwise QoI eb rate: 2\nPredictor tuning started.\n'
mp-1780344,bulk,627200,5017600,56x100x112,Q,Q_hpez_b4,1.907503766610899e-06,1.437500592036859e-09,RuntimeError: hpez rc=-6 stderr='malloc(): unsorted double linked list corrupted\n' stdout='====================================== BEGIN TUNING ================================\nABS QoI eb: 1.9075e-06\n64 9800 2 4.10367\nPointwise QoI eb rate: 2\nPredictor tuning started.\n'
mp-1780344,bulk,627200,5017600,56x100x112,Q,Q_hpez_b4,1.9073864860971878e-06,1.437412209087978e-09,RuntimeError: hpez rc=-6 stderr='double free or corruption (out)\n' stdout='====================================== BEGIN TUNING ================================\nABS QoI eb: 1.90739e-06\n64 9800 2 4.10367\nPointwise QoI eb rate: 2\nPredictor tuning started.\n'
mp-1780344,bulk,627200,5017600,56x100x112,Q,Q_hpez_b4,1.9073571670954715e-06,1.4373901141998514e-09,RuntimeError: hpez rc=-6 stderr='double free or corruption (out)\n' stdout='====================================== BEGIN TUNING ================================\nABS QoI eb: 1.90736e-06\n64 9800 2 4.10367\nPointwise QoI eb rate: 2\nPredictor tuning started.\n'
mp-1780344,bulk,627200,5017600,56x100x112,Q,Q_hpez_b4,1.9073498374154605e-06,1.4373845905308866e-09,RuntimeError: hpez rc=-6 stderr='double free or corruption (out)\n' stdout='====================================== BEGIN TUNING ================================\nABS QoI eb: 1.90735e-06\n64 9800 2 4.10367\nPointwise QoI eb rate: 2\nPredictor tuning started.\n'
mp-1780344,bulk,627200,5017600,56x100x112,Q,Q_hpez_b4,1.9073489212074403e-06,1.4373839000737591e-09,RuntimeError: hpez rc=-6 stderr='double free or corruption (out)\n' stdout='====================================== BEGIN TUNING ================================\nABS QoI eb: 1.90735e-06\n64 9800 2 4.10367\nPointwise QoI eb rate: 2\nPredictor tuning started.\n'
mp-1780344,bulk,627200,5017600,56x100x112,Q,Q_hpez_b4,1.907348692155504e-06,1.4373837274595291e-09,RuntimeError: hpez rc=-6 stderr='double free or corruption (out)\n' stdout='====================================== BEGIN TUNING ================================\nABS QoI eb: 1.90735e-06\n64 9800 2 4.10367\nPointwise QoI eb rate: 2\nPredictor tuning started.\n'
mp-1780344,bulk,627200,5017600,56x100x112,Q,Q_hpez_b4,1.907348634892521e-06,1.437383684305973e-09,RuntimeError: hpez rc=-6 stderr='double free or corruption (out)\n' stdout='====================================== BEGIN TUNING ================================\nABS QoI eb: 1.90735e-06\n64 9800 2 4.10367\nPointwise QoI eb rate: 2\nPredictor tuning started.\n'
mp-1780344,bulk,627200,5017600,56x100x112,Q,Q_hpez_b4,1.9073486331030526e-06,1.4373836829574235e-09,RuntimeError: hpez rc=-6 stderr='double free or corruption (out)\n' stdout='====================================== BEGIN TUNING ================================\nABS QoI eb: 1.90735e-06\n64 9800 2 4.10367\nPointwise QoI eb rate: 2\nPredictor tuning started.\n'
mp-1780344,bulk,627200,5017600,56x100x112,Q,Q_hpez_b8,2.359703148316257e-06,1.7782794100389265e-09,RuntimeError: hpez rc=-6 stderr='free(): invalid next size (normal)\n' stdout='====================================== BEGIN TUNING ================================\nABS QoI eb: 2.3597e-06\n512 1274 2 11.6069\nPointwise QoI eb rate: 3\nPredictor tuning started.\n'
mp-1780344,bulk,627200,5017600,56x100x112,Q,Q_hpez_b8,1.4259600945610722e-06,1.0746078283213202e-09,RuntimeError: hpez rc=-6 stderr='double free or corruption (out)\n' stdout='====================================== BEGIN TUNING ================================\nABS QoI eb: 1.42596e-06\n512 1274 2 11.6069\nPointwise QoI eb rate: 3\nPredictor tuning started.\n'
mp-1780344,bulk,627200,5017600,56x100x112,Q,Q_hpez_b8,1.3389477258929091e-06,1.0090350448414502e-09,RuntimeError: hpez rc=-6 stderr='double free or corruption (!prev)\n' stdout='====================================== BEGIN TUNING ================================\nABS QoI eb: 1.33895e-06\n512 1274 2 11.6069\nPointwise QoI eb rate: 3\nPredictor tuning started.\n'
mp-1780344,bulk,627200,5017600,56x100x112,Q,Q_hpez_b8,1.2974533358092389e-06,9.777647473167103e-10,RuntimeError: hpez rc=-6 stderr='double free or corruption (!prev)\n' stdout='====================================== BEGIN TUNING ================================\nABS QoI eb: 1.29745e-06\n512 1274 2 11.6069\nPointwise QoI eb rate: 3\nPredictor tuning started.\n'
mp-1780344,bulk,627200,5017600,56x100x112,Q,Q_hpez_b8,1.2771908821966478e-06,9.624949011575228e-10,RuntimeError: hpez rc=-6 stderr='free(): invalid next size (normal)\n' stdout='====================================== BEGIN TUNING ================================\nABS QoI eb: 1.27719e-06\n512 1274 2 11.6069\nPointwise QoI eb rate: 3\nPredictor tuning started.\n'
mp-1780344,bulk,627200,5017600,56x100x112,Q,Q_hpez_b8,1.2721749070237904e-06,9.587148471377944e-10,RuntimeError: hpez rc=-6 stderr='double free or corruption (!prev)\n' stdout='====================================== BEGIN TUNING ================================\nABS QoI eb: 1.27217e-06\n512 1274 2 11.6069\nPointwise QoI eb rate: 3\nPredictor tuning started.\n'
mp-1780344,bulk,627200,5017600,56x100x112,Q,Q_hpez_b8,1.2718620634643468e-06,9.584790872877815e-10,RuntimeError: hpez rc=-6 stderr='double free or corruption (out)\n' stdout='====================================== BEGIN TUNING ================================\nABS QoI eb: 1.27186e-06\n512 1274 2 11.6069\nPointwise QoI eb rate: 3\nPredictor tuning started.\n'
mp-1780344,bulk,627200,5017600,56x100x112,Q,Q_hpez_b8,1.2717056705353488e-06,9.583612291047675e-10,RuntimeError: hpez rc=-6 stderr='double free or corruption (!prev)\n' stdout='====================================== BEGIN TUNING ================================\nABS QoI eb: 1.27171e-06\n512 1274 2 11.6069\nPointwise QoI eb rate: 3\nPredictor tuning started.\n'
mp-1780344,bulk,627200,5017600,56x100x112,Q,Q_hpez_b8,1.2716274812824932e-06,9.583023054479767e-10,RuntimeError: hpez rc=-6 stderr='double free or corruption (out)\n' stdout='====================================== BEGIN TUNING ================================\nABS QoI eb: 1.27163e-06\n512 1274 2 11.6069\nPointwise QoI eb rate: 3\nPredictor tuning started.\n'
mp-1780344,bulk,627200,5017600,56x100x112,Q,Q_hpez_b8,1.2715883884588475e-06,9.582728449781635e-10,RuntimeError: hpez rc=-6 stderr='double free or corruption (out)\n' stdout='====================================== BEGIN TUNING ================================\nABS QoI eb: 1.27159e-06\n512 1274 2 11.6069\nPointwise QoI eb rate: 3\nPredictor tuning started.\n'
mp-1780344,bulk,627200,5017600,56x100x112,Q,Q_hpez_b8,1.2715688424977042e-06,9.582581150828903e-10,RuntimeError: hpez rc=-6 stderr='double free or corruption (out)\n' stdout='====================================== BEGIN TUNING ================================\nABS QoI eb: 1.27157e-06\n512 1274 2 11.6069\nPointwise QoI eb rate: 3\nPredictor tuning started.\n'
mp-1780344,bulk,627200,5017600,56x100x112,Q,Q_hpez_b8,1.2715663992736863e-06,9.58256273861901e-10,RuntimeError: hpez rc=-6 stderr='double free or corruption (out)\n' stdout='====================================== BEGIN TUNING ================================\nABS QoI eb: 1.27157e-06\n512 1274 2 11.6069\nPointwise QoI eb rate: 3\nPredictor tuning started.\n'
mp-1780344,bulk,627200,5017600,56x100x112,Q,Q_hpez_b8,1.271565788468414e-06,9.582558135572051e-10,RuntimeError: hpez rc=-6 stderr='double free or corruption (out)\n' stdout='====================================== BEGIN TUNING ================================\nABS QoI eb: 1.27157e-06\n512 1274 2 11.6069\nPointwise QoI eb rate: 3\nPredictor tuning started.\n'
mp-1780344,bulk,627200,5017600,56x100x112,Q,Q_hpez_b8,1.271565769380754e-06,9.582557991726871e-10,RuntimeError: hpez rc=-6 stderr='double free or corruption (out)\n' stdout='====================================== BEGIN TUNING ================================\nABS QoI eb: 1.27157e-06\n512 1274 2 11.6069\nPointwise QoI eb rate: 3\nPredictor tuning started.\n'
mp-1780344,bulk,627200,5017600,56x100x112,Q,Q_hpez_b8,1.2715657598369245e-06,9.582557919804286e-10,RuntimeError: hpez rc=-6 stderr='double free or corruption (out)\n' stdout='====================================== BEGIN TUNING ================================\nABS QoI eb: 1.27157e-06\n512 1274 2 11.6069\nPointwise QoI eb rate: 3\nPredictor tuning started.\n'
mp-1780344,bulk,627200,5017600,56x100x112,Q,Q_hpez_b8,1.271565757450966e-06,9.58255790182363e-10,RuntimeError: hpez rc=-6 stderr='double free or corruption (out)\n' stdout='====================================== BEGIN TUNING ================================\nABS QoI eb: 1.27157e-06\n512 1274 2 11.6069\nPointwise QoI eb rate: 3\nPredictor tuning started.\n'
mp-1780344,bulk,627200,5017600,56x100x112,Q,Q_hpez_b8,1.2715657562579869e-06,9.5825578928333e-10,RuntimeError: hpez rc=-6 stderr='double free or corruption (out)\n' stdout='====================================== BEGIN TUNING ================================\nABS QoI eb: 1.27157e-06\n512 1274 2 11.6069\nPointwise QoI eb rate: 3\nPredictor tuning started.\n'
mp-1780344,bulk,627200,5017600,56x100x112,Q,Q_hpez_b16,2.359703148316257e-06,1.7782794100389265e-09,RuntimeError: hpez rc=-6 stderr='free(): invalid next size (normal)\n' stdout='====================================== BEGIN TUNING ================================\nABS QoI eb: 2.3597e-06\n4096 196 2 32.8294\nPointwise QoI eb rate: 4\nPredictor tuning started.\n'
mp-1780344,bulk,627200,5017600,56x100x112,Q,Q_hpez_b16,1.4259600945610722e-06,1.0746078283213202e-09,RuntimeError: hpez rc=-6 stderr='free(): invalid next size (normal)\n' stdout='====================================== BEGIN TUNING ================================\nABS QoI eb: 1.42596e-06\n4096 196 2 32.8294\nPointwise QoI eb rate: 4\nPredictor tuning started.\n'
mp-1780344,bulk,627200,5017600,56x100x112,Q,Q_hpez_b16,1.1084915120277545e-06,8.353625469578275e-10,RuntimeError: hpez rc=-6 stderr='free(): invalid next size (normal)\n' stdout='====================================== BEGIN TUNING ================================\nABS QoI eb: 1.10849e-06\n4096 196 2 32.8294\nPointwise QoI eb rate: 4\nPredictor tuning started.\n'
mp-1780344,bulk,627200,5017600,56x100x112,Q,Q_hpez_b16,9.773381958193198e-07,7.36525012271229e-10,RuntimeError: hpez rc=-6 stderr='double free or corruption (!prev)\n' stdout='====================================== BEGIN TUNING ================================\nABS QoI eb: 9.77338e-07\n4096 196 2 32.8294\nPointwise QoI eb rate: 4\nPredictor tuning started.\n'
mp-1780344,bulk,627200,5017600,56x100x112,Q,Q_hpez_b16,9.620750111559186e-07,7.250226302712238e-10,RuntimeError: hpez rc=-6 stderr='free(): invalid next size (normal)\n' stdout='====================================== BEGIN TUNING ================================\nABS QoI eb: 9.62075e-07\n4096 196 2 32.8294\nPointwise QoI eb rate: 4\nPredictor tuning started.\n'
mp-1780344,bulk,627200,5017600,56x100x112,Q,Q_hpez_b16,9.545330403436094e-07,7.193389783185562e-10,RuntimeError: hpez rc=-6 stderr='corrupted double-linked list (not small)\n' stdout='====================================== BEGIN TUNING ================================\nABS QoI eb: 9.54533e-07\n4096 196 2 32.8294\nPointwise QoI eb rate: 4\nPredictor tuning started.\n'
mp-1780344,bulk,627200,5017600,56x100x112,Q,Q_hpez_b16,9.540636350830916e-07,7.189852330983836e-10,RuntimeError: hpez rc=-6 stderr='double free or corruption (!prev)\n' stdout='====================================== BEGIN TUNING ================================\nABS QoI eb: 9.54064e-07\n4096 196 2 32.8294\nPointwise QoI eb rate: 4\nPredictor tuning started.\n'
mp-1780344,bulk,627200,5017600,56x100x112,Q,Q_hpez_b16,9.53829019023706e-07,7.188084257283688e-10,RuntimeError: hpez rc=-6 stderr='double free or corruption (out)\n' stdout='====================================== BEGIN TUNING ================================\nABS QoI eb: 9.53829e-07\n4096 196 2 32.8294\nPointwise QoI eb rate: 4\nPredictor tuning started.\n'
mp-1780344,bulk,627200,5017600,56x100x112,Q,Q_hpez_b16,9.537117326305244e-07,7.187200383487013e-10,RuntimeError: hpez rc=-6 stderr='double free or corruption (out)\n' stdout='====================================== BEGIN TUNING ================================\nABS QoI eb: 9.53712e-07\n4096 196 2 32.8294\nPointwise QoI eb rate: 4\nPredictor tuning started.\n'
mp-1780344,bulk,627200,5017600,56x100x112,Q,Q_hpez_b16,9.53682413285731e-07,7.186979432020304e-10,RuntimeError: hpez rc=-6 stderr='free(): invalid next size (normal)\n' stdout='====================================== BEGIN TUNING ================================\nABS QoI eb: 9.53682e-07\n4096 196 2 32.8294\nPointwise QoI eb rate: 4\nPredictor tuning started.\n'
mp-1780344,bulk,627200,5017600,56x100x112,Q,Q_hpez_b16,9.536750835903688e-07,7.186924195214972e-10,RuntimeError: hpez rc=-6 stderr='double free or corruption (out)\n' stdout='====================================== BEGIN TUNING ================================\nABS QoI eb: 9.53675e-07\n4096 196 2 32.8294\nPointwise QoI eb rate: 4\nPredictor tuning started.\n'
mp-1780344,bulk,627200,5017600,56x100x112,Q,Q_hpez_b16,9.536746254862795e-07,7.186920742928739e-10,RuntimeError: hpez rc=-6 stderr='double free or corruption (out)\n' stdout='====================================== BEGIN TUNING ================================\nABS QoI eb: 9.53675e-07\n4096 196 2 32.8294\nPointwise QoI eb rate: 4\nPredictor tuning started.\n'
mp-1780344,bulk,627200,5017600,56x100x112,Q,Q_hpez_b16,9.536743964343176e-07,7.186919016786242e-10,RuntimeError: hpez rc=-6 stderr='double free or corruption (out)\n' stdout='====================================== BEGIN TUNING ================================\nABS QoI eb: 9.53674e-07\n4096 196 2 32.8294\nPointwise QoI eb rate: 4\nPredictor tuning started.\n'
mp-1780344,bulk,627200,5017600,56x100x112,Q,Q_hpez_b16,9.536743391713364e-07,7.18691858525069e-10,RuntimeError: hpez rc=-6 stderr='double free or corruption (out)\n' stdout='====================================== BEGIN TUNING ================================\nABS QoI eb: 9.53674e-07\n4096 196 2 32.8294\nPointwise QoI eb rate: 4\nPredictor tuning started.\n'
mp-1780344,bulk,627200,5017600,56x100x112,Q,Q_hpez_b16,9.536743248555917e-07,7.186918477366805e-10,RuntimeError: hpez rc=-6 stderr='double free or corruption (out)\n' stdout='====================================== BEGIN TUNING ================================\nABS QoI eb: 9.53674e-07\n4096 196 2 32.8294\nPointwise QoI eb rate: 4\nPredictor tuning started.\n'
mp-1780344,bulk,627200,5017600,56x100x112,Q,Q_hpez_b16,9.536743176977194e-07,7.186918423424864e-10,RuntimeError: hpez rc=-6 stderr='double free or corruption (out)\n' stdout='====================================== BEGIN TUNING ================================\nABS QoI eb: 9.53674e-07\n4096 196 2 32.8294\nPointwise QoI eb rate: 4\nPredictor tuning started.\n'
mp-1780344,bulk,627200,5017600,56x100x112,Q,Q_hpez_b16,9.53674316802985e-07,7.186918416682118e-10,RuntimeError: hpez rc=-6 stderr='double free or corruption (out)\n' stdout='====================================== BEGIN TUNING ================================\nABS QoI eb: 9.53674e-07\n4096 196 2 32.8294\nPointwise QoI eb rate: 4\nPredictor tuning started.\n'
mp-1780344,bulk,627200,5017600,56x100x112,Q,Q_sz3_b4,2.359703148316257e-06,1.7782794100389265e-09,RuntimeError: hpez rc=-11 stderr='' stdout='====================================== BEGIN TUNING ================================\nABS QoI eb: 2.3597e-06\n64 9800 2 3.2383\nPointwise QoI eb rate: 2\n'
mp-1780344,bulk,627200,5017600,56x100x112,Q,Q_sz3_b4,3.1467147218229985e-07,2.3713737056616593e-10,RuntimeError: hpez rc=-6 stderr='malloc(): unsorted double linked list corrupted\n' stdout='====================================== BEGIN TUNING ================================\nABS QoI eb: 3.14671e-07\n64 9800 2 3.2383\nPointwise QoI eb rate: 2\n'
mp-1780344,bulk,627200,5017600,56x100x112,Q,Q_sz3_b4,2.4461459848827343e-07,1.8434229924091123e-10,RuntimeError: hpez rc=-6 stderr='malloc(): unsorted double linked list corrupted\n' stdout='====================================== BEGIN TUNING ================================\nABS QoI eb: 2.44615e-07\n64 9800 2 3.2383\nPointwise QoI eb rate: 2\n'
mp-1780344,bulk,627200,5017600,56x100x112,Q,Q_sz3_b4,2.407944287619073e-07,1.8146340781251343e-10,RuntimeError: hpez rc=-6 stderr='malloc(): unsorted double linked list corrupted\n' stdout='====================================== BEGIN TUNING ================================\nABS QoI eb: 2.40794e-07\n64 9800 2 3.2383\nPointwise QoI eb rate: 2\n'
mp-1780344,bulk,627200,5017600,56x100x112,Q,Q_sz3_b4,2.389067749590017e-07,1.8004086621299743e-10,RuntimeError: hpez rc=-6 stderr='malloc(): unsorted double linked list corrupted\n' stdout='====================================== BEGIN TUNING ================================\nABS QoI eb: 2.38907e-07\n64 9800 2 3.2383\nPointwise QoI eb rate: 2\n'
mp-1780344,bulk,627200,5017600,56x100x112,Q,Q_sz3_b4,2.384371782174461e-07,1.7968697669213734e-10,RuntimeError: hpez rc=-6 stderr='malloc(): unsorted double linked list corrupted\n' stdout='====================================== BEGIN TUNING ================================\nABS QoI eb: 2.38437e-07\n64 9800 2 3.2383\nPointwise QoI eb rate: 2\n'
mp-1780344,bulk,627200,5017600,56x100x112,Q,Q_sz3_b4,2.384225182019648e-07,1.7967592886025227e-10,RuntimeError: hpez rc=-6 stderr='malloc(): invalid size (unsorted)\n' stdout='====================================== BEGIN TUNING ================================\nABS QoI eb: 2.38423e-07\n64 9800 2 3.2383\nPointwise QoI eb rate: 2\n'
mp-1780344,bulk,627200,5017600,56x100x112,Q,Q_sz3_b4,2.38418853338933e-07,1.7967316700841735e-10,RuntimeError: hpez rc=-6 stderr='malloc(): unsorted double linked list corrupted\n' stdout='====================================== BEGIN TUNING ================================\nABS QoI eb: 2.38419e-07\n64 9800 2 3.2383\nPointwise QoI eb rate: 2\n'
mp-1780344,bulk,627200,5017600,56x100x112,Q,Q_sz3_b4,2.3841862428686414e-07,1.7967299439408742e-10,RuntimeError: hpez rc=-6 stderr='malloc(): unsorted double linked list corrupted\n' stdout='====================================== BEGIN TUNING ================================\nABS QoI eb: 2.38419e-07\n64 9800 2 3.2383\nPointwise QoI eb rate: 2\n'
mp-1780344,bulk,627200,5017600,56x100x112,Q,Q_sz3_b4,2.38418595655371e-07,1.7967297281730782e-10,RuntimeError: hpez rc=-6 stderr='malloc(): unsorted double linked list corrupted\n' stdout='====================================== BEGIN TUNING ================================\nABS QoI eb: 2.38419e-07\n64 9800 2 3.2383\nPointwise QoI eb rate: 2\n'
mp-1780344,bulk,627200,5017600,56x100x112,Q,Q_sz3_b4,2.384185813396255e-07,1.7967296202891883e-10,RuntimeError: hpez rc=-6 stderr='malloc(): unsorted double linked list corrupted\n' stdout='====================================== BEGIN TUNING ================================\nABS QoI eb: 2.38419e-07\n64 9800 2 3.2383\nPointwise QoI eb rate: 2\n'
mp-1780344,bulk,627200,5017600,56x100x112,Q,Q_sz3_b4,2.3841857955015745e-07,1.7967296068037028e-10,RuntimeError: hpez rc=-6 stderr='malloc(): unsorted double linked list corrupted\n' stdout='====================================== BEGIN TUNING ================================\nABS QoI eb: 2.38419e-07\n64 9800 2 3.2383\nPointwise QoI eb rate: 2\n'
mp-1780344,bulk,627200,5017600,56x100x112,Q,Q_sz3_b4,2.384185791027902e-07,1.7967296034323303e-10,RuntimeError: hpez rc=-6 stderr='malloc(): unsorted double linked list corrupted\n' stdout='====================================== BEGIN TUNING ================================\nABS QoI eb: 2.38419e-07\n64 9800 2 3.2383\nPointwise QoI eb rate: 2\n'
mp-1780344,bulk,627200,5017600,56x100x112,Q,Q_sz3_b8,2.359703148316257e-06,1.7782794100389265e-09,RuntimeError: hpez rc=-11 stderr='' stdout='====================================== BEGIN TUNING ================================\nABS QoI eb: 2.3597e-06\n512 1274 2 9.15929\nPointwise QoI eb rate: 2\n'
mp-1780344,bulk,627200,5017600,56x100x112,Q,Q_sz3_b8,3.1467147218229985e-07,2.3713737056616593e-10,RuntimeError: hpez rc=-6 stderr='malloc(): unsorted double linked list corrupted\n' stdout='====================================== BEGIN TUNING ================================\nABS QoI eb: 3.14671e-07\n512 1274 2 9.15929\nPointwise QoI eb rate: 2\n'
mp-1780344,bulk,627200,5017600,56x100x112,Q,Q_sz3_b8,2.4461459848827343e-07,1.8434229924091123e-10,RuntimeError: hpez rc=-6 stderr='malloc(): unsorted double linked list corrupted\n' stdout='====================================== BEGIN TUNING ================================\nABS QoI eb: 2.44615e-07\n512 1274 2 9.15929\nPointwise QoI eb rate: 2\n'
mp-1780344,bulk,627200,5017600,56x100x112,Q,Q_sz3_b8,2.407944287619073e-07,1.8146340781251343e-10,RuntimeError: hpez rc=-6 stderr='malloc(): unsorted double linked list corrupted\n' stdout='====================================== BEGIN TUNING ================================\nABS QoI eb: 2.40794e-07\n512 1274 2 9.15929\nPointwise QoI eb rate: 2\n'
mp-1780344,bulk,627200,5017600,56x100x112,Q,Q_sz3_b8,2.389067749590017e-07,1.8004086621299743e-10,RuntimeError: hpez rc=-6 stderr='malloc(): unsorted double linked list corrupted\n' stdout='====================================== BEGIN TUNING ================================\nABS QoI eb: 2.38907e-07\n512 1274 2 9.15929\nPointwise QoI eb rate: 2\n'
mp-1780344,bulk,627200,5017600,56x100x112,Q,Q_sz3_b8,2.384371782174461e-07,1.7968697669213734e-10,RuntimeError: hpez rc=-6 stderr='malloc(): unsorted double linked list corrupted\n' stdout='====================================== BEGIN TUNING ================================\nABS QoI eb: 2.38437e-07\n512 1274 2 9.15929\nPointwise QoI eb rate: 2\n'
mp-1780344,bulk,627200,5017600,56x100x112,Q,Q_sz3_b8,2.384225182019648e-07,1.7967592886025227e-10,RuntimeError: hpez rc=-6 stderr='malloc(): invalid size (unsorted)\n' stdout='====================================== BEGIN TUNING ================================\nABS QoI eb: 2.38423e-07\n512 1274 2 9.15929\nPointwise QoI eb rate: 2\n'
mp-1780344,bulk,627200,5017600,56x100x112,Q,Q_sz3_b8,2.38418853338933e-07,1.7967316700841735e-10,RuntimeError: hpez rc=-6 stderr='malloc(): unsorted double linked list corrupted\n' stdout='====================================== BEGIN TUNING ================================\nABS QoI eb: 2.38419e-07\n512 1274 2 9.15929\nPointwise QoI eb rate: 2\n'
mp-1780344,bulk,627200,5017600,56x100x112,Q,Q_sz3_b8,2.3841862428686414e-07,1.7967299439408742e-10,RuntimeError: hpez rc=-6 stderr='malloc(): unsorted double linked list corrupted\n' stdout='====================================== BEGIN TUNING ================================\nABS QoI eb: 2.38419e-07\n512 1274 2 9.15929\nPointwise QoI eb rate: 2\n'
mp-1780344,bulk,627200,5017600,56x100x112,Q,Q_sz3_b8,2.38418595655371e-07,1.7967297281730782e-10,RuntimeError: hpez rc=-6 stderr='malloc(): unsorted double linked list corrupted\n' stdout='====================================== BEGIN TUNING ================================\nABS QoI eb: 2.38419e-07\n512 1274 2 9.15929\nPointwise QoI eb rate: 2\n'
mp-1780344,bulk,627200,5017600,56x100x112,Q,Q_sz3_b8,2.384185813396255e-07,1.7967296202891883e-10,RuntimeError: hpez rc=-6 stderr='malloc(): unsorted double linked list corrupted\n' stdout='====================================== BEGIN TUNING ================================\nABS QoI eb: 2.38419e-07\n512 1274 2 9.15929\nPointwise QoI eb rate: 2\n'
mp-1780344,bulk,627200,5017600,56x100x112,Q,Q_sz3_b8,2.3841857955015745e-07,1.7967296068037028e-10,RuntimeError: hpez rc=-6 stderr='malloc(): unsorted double linked list corrupted\n' stdout='====================================== BEGIN TUNING ================================\nABS QoI eb: 2.38419e-07\n512 1274 2 9.15929\nPointwise QoI eb rate: 2\n'
mp-1780344,bulk,627200,5017600,56x100x112,Q,Q_sz3_b8,2.384185791027902e-07,1.7967296034323303e-10,RuntimeError: hpez rc=-6 stderr='malloc(): unsorted double linked list corrupted\n' stdout='====================================== BEGIN TUNING ================================\nABS QoI eb: 2.38419e-07\n512 1274 2 9.15929\nPointwise QoI eb rate: 2\n'
mp-1780344,bulk,627200,5017600,56x100x112,Q,Q_sz3_b16,2.359703148316257e-06,1.7782794100389265e-09,RuntimeError: hpez rc=-11 stderr='' stdout='====================================== BEGIN TUNING ================================\nABS QoI eb: 2.3597e-06\n4096 196 2 25.9064\nPointwise QoI eb rate: 2\n'
mp-1780344,bulk,627200,5017600,56x100x112,Q,Q_sz3_b16,3.1467147218229985e-07,2.3713737056616593e-10,RuntimeError: hpez rc=-6 stderr='malloc(): unsorted double linked list corrupted\n' stdout='====================================== BEGIN TUNING ================================\nABS QoI eb: 3.14671e-07\n4096 196 2 25.9064\nPointwise QoI eb rate: 2\n'
mp-1780344,bulk,627200,5017600,56x100x112,Q,Q_sz3_b16,2.4461459848827343e-07,1.8434229924091123e-10,RuntimeError: hpez rc=-6 stderr='malloc(): unsorted double linked list corrupted\n' stdout='====================================== BEGIN TUNING ================================\nABS QoI eb: 2.44615e-07\n4096 196 2 25.9064\nPointwise QoI eb rate: 2\n'
mp-1780344,bulk,627200,5017600,56x100x112,Q,Q_sz3_b16,2.407944287619073e-07,1.8146340781251343e-10,RuntimeError: hpez rc=-6 stderr='malloc(): unsorted double linked list corrupted\n' stdout='====================================== BEGIN TUNING ================================\nABS QoI eb: 2.40794e-07\n4096 196 2 25.9064\nPointwise QoI eb rate: 2\n'
mp-1780344,bulk,627200,5017600,56x100x112,Q,Q_sz3_b16,2.389067749590017e-07,1.8004086621299743e-10,RuntimeError: hpez rc=-6 stderr='malloc(): unsorted double linked list corrupted\n' stdout='====================================== BEGIN TUNING ================================\nABS QoI eb: 2.38907e-07\n4096 196 2 25.9064\nPointwise QoI eb rate: 2\n'
mp-1780344,bulk,627200,5017600,56x100x112,Q,Q_sz3_b16,2.384371782174461e-07,1.7968697669213734e-10,RuntimeError: hpez rc=-6 stderr='malloc(): unsorted double linked list corrupted\n' stdout='====================================== BEGIN TUNING ================================\nABS QoI eb: 2.38437e-07\n4096 196 2 25.9064\nPointwise QoI eb rate: 2\n'
mp-1780344,bulk,627200,5017600,56x100x112,Q,Q_sz3_b16,2.384225182019648e-07,1.7967592886025227e-10,RuntimeError: hpez rc=-6 stderr='malloc(): invalid size (unsorted)\n' stdout='====================================== BEGIN TUNING ================================\nABS QoI eb: 2.38423e-07\n4096 196 2 25.9064\nPointwise QoI eb rate: 2\n'
mp-1780344,bulk,627200,5017600,56x100x112,Q,Q_sz3_b16,2.38418853338933e-07,1.7967316700841735e-10,RuntimeError: hpez rc=-6 stderr='malloc(): unsorted double linked list corrupted\n' stdout='====================================== BEGIN TUNING ================================\nABS QoI eb: 2.38419e-07\n4096 196 2 25.9064\nPointwise QoI eb rate: 2\n'
mp-1780344,bulk,627200,5017600,56x100x112,Q,Q_sz3_b16,2.3841862428686414e-07,1.7967299439408742e-10,RuntimeError: hpez rc=-6 stderr='malloc(): unsorted double linked list corrupted\n' stdout='====================================== BEGIN TUNING ================================\nABS QoI eb: 2.38419e-07\n4096 196 2 25.9064\nPointwise QoI eb rate: 2\n'
mp-1780344,bulk,627200,5017600,56x100x112,Q,Q_sz3_b16,2.38418595655371e-07,1.7967297281730782e-10,RuntimeError: hpez rc=-6 stderr='malloc(): unsorted double linked list corrupted\n' stdout='====================================== BEGIN TUNING ================================\nABS QoI eb: 2.38419e-07\n4096 196 2 25.9064\nPointwise QoI eb rate: 2\n'
mp-1780344,bulk,627200,5017600,56x100x112,Q,Q_sz3_b16,2.384185813396255e-07,1.7967296202891883e-10,RuntimeError: hpez rc=-6 stderr='malloc(): unsorted double linked list corrupted\n' stdout='====================================== BEGIN TUNING ================================\nABS QoI eb: 2.38419e-07\n4096 196 2 25.9064\nPointwise QoI eb rate: 2\n'
mp-1780344,bulk,627200,5017600,56x100x112,Q,Q_sz3_b16,2.3841857955015745e-07,1.7967296068037028e-10,RuntimeError: hpez rc=-6 stderr='malloc(): unsorted double linked list corrupted\n' stdout='====================================== BEGIN TUNING ================================\nABS QoI eb: 2.38419e-07\n4096 196 2 25.9064\nPointwise QoI eb rate: 2\n'
mp-1780344,bulk,627200,5017600,56x100x112,Q,Q_sz3_b16,2.384185791027902e-07,1.7967296034323303e-10,RuntimeError: hpez rc=-6 stderr='malloc(): unsorted double linked list corrupted\n' stdout='====================================== BEGIN TUNING ================================\nABS QoI eb: 2.38419e-07\n4096 196 2 25.9064\nPointwise QoI eb rate: 2\n'
mp-1782164,bulk,331776,2654208,72x72x64,Q,Q_sz3_b4,1.1142520458479297e-07,3.162277660168378e-11,RuntimeError: hpez rc=-6 stderr='corrupted double-linked list\n' stdout='====================================== BEGIN TUNING ================================\nABS QoI eb: 1.11425e-07\n64 5184 2 3.2383\nPointwise QoI eb rate: 2\n'
mp-1782164,bulk,331776,2654208,72x72x64,Q,Q_sz3_b4,4.0689601838443534e-08,1.1547819846894585e-11,RuntimeError: hpez rc=-6 stderr='free(): invalid next size (normal)\n' stdout='====================================== BEGIN TUNING ================================\nABS QoI eb: 4.06896e-08\n64 5184 2 3.2383\nPointwise QoI eb rate: 2\n'
mp-1782164,bulk,331776,2654208,72x72x64,Q,Q_sz3_b4,2.4588579511198288e-08,6.978305848598656e-12,RuntimeError: hpez rc=-6 stderr='double free or corruption (!prev)\n' stdout='====================================== BEGIN TUNING ================================\nABS QoI eb: 2.45886e-08\n64 5184 2 3.2383\nPointwise QoI eb rate: 2\n'
mp-1782164,bulk,331776,2654208,72x72x64,Q,Q_sz3_b4,2.1679334191088263e-08,6.152654101490363e-12,RuntimeError: hpez rc=-6 stderr='free(): invalid next size (normal)\n' stdout='====================================== BEGIN TUNING ================================\nABS QoI eb: 2.16793e-08\n64 5184 2 3.2383\nPointwise QoI eb rate: 2\n'
mp-1782164,bulk,331776,2654208,72x72x64,Q,Q_sz3_b4,2.0356456905594536e-08,5.777217924132701e-12,RuntimeError: hpez rc=-6 stderr='Fatal glibc error: malloc.c:4192 (_int_malloc): assertion failed: chunk_main_arena (fwd)\n' stdout='====================================== BEGIN TUNING ================================\nABS QoI eb: 2.03565e-08\n64 5184 2 3.2383\nPointwise QoI eb rate: 2\n'
mp-1782164,bulk,331776,2654208,72x72x64,Q,Q_sz3_b4,2.0316444118874183e-08,5.765862186260075e-12,RuntimeError: hpez rc=-6 stderr='double free or corruption (!prev)\n' stdout='====================================== BEGIN TUNING ================================\nABS QoI eb: 2.03164e-08\n64 5184 2 3.2383\nPointwise QoI eb rate: 2\n'
mp-1782164,bulk,331776,2654208,72x72x64,Q,Q_sz3_b4,2.0296467228707825e-08,5.760192690410541e-12,RuntimeError: hpez rc=-6 stderr='free(): invalid next size (normal)\n' stdout='====================================== BEGIN TUNING ================================\nABS QoI eb: 2.02965e-08\n64 5184 2 3.2383\nPointwise QoI eb rate: 2\n'
mp-1782164,bulk,331776,2654208,72x72x64,Q,Q_sz3_b4,2.0286486150961524e-08,5.757360033356049e-12,RuntimeError: hpez rc=-6 stderr='malloc(): unsorted double linked list corrupted\n' stdout='====================================== BEGIN TUNING ================================\nABS QoI eb: 2.02865e-08\n64 5184 2 3.2383\nPointwise QoI eb rate: 2\n'
mp-1782164,bulk,331776,2654208,72x72x64,Q,Q_sz3_b4,2.028586249659964e-08,5.7571830385492076e-12,RuntimeError: hpez rc=-6 stderr='corrupted double-linked list\n' stdout='====================================== BEGIN TUNING ================================\nABS QoI eb: 2.02859e-08\n64 5184 2 3.2383\nPointwise QoI eb rate: 2\n'
mp-1782164,bulk,331776,2654208,72x72x64,Q,Q_sz3_b4,2.0285843007709783e-08,5.757177507549176e-12,RuntimeError: hpez rc=-6 stderr='malloc(): invalid size (unsorted)\n' stdout='====================================== BEGIN TUNING ================================\nABS QoI eb: 2.02858e-08\n64 5184 2 3.2383\nPointwise QoI eb rate: 2\n'
mp-1782164,bulk,331776,2654208,72x72x64,Q,Q_sz3_b4,2.0285833263271872e-08,5.757174742051153e-12,RuntimeError: hpez rc=-6 stderr='malloc(): mismatching next->prev_size (unsorted)\n' stdout='====================================== BEGIN TUNING ================================\nABS QoI eb: 2.02858e-08\n64 5184 2 3.2383\nPointwise QoI eb rate: 2\n'
mp-1782164,bulk,331776,2654208,72x72x64,Q,Q_sz3_b4,2.028582839105468e-08,5.757173359302639e-12,RuntimeError: hpez rc=-6 stderr='malloc(): mismatching next->prev_size (unsorted)\n' stdout='====================================== BEGIN TUNING ================================\nABS QoI eb: 2.02858e-08\n64 5184 2 3.2383\nPointwise QoI eb rate: 2\n'
mp-1782164,bulk,331776,2654208,72x72x64,Q,Q_sz3_b4,2.028582808654107e-08,5.757173272880849e-12,RuntimeError: hpez rc=-6 stderr='malloc(): mismatching next->prev_size (unsorted)\n' stdout='====================================== BEGIN TUNING ================================\nABS QoI eb: 2.02858e-08\n64 5184 2 3.2383\nPointwise QoI eb rate: 2\n'
mp-1782164,bulk,331776,2654208,72x72x64,Q,Q_sz3_b4,2.0285827934284307e-08,5.757173229669965e-12,RuntimeError: hpez rc=-6 stderr='malloc(): mismatching next->prev_size (unsorted)\n' stdout='====================================== BEGIN TUNING ================================\nABS QoI eb: 2.02858e-08\n64 5184 2 3.2383\nPointwise QoI eb rate: 2\n'
mp-1782164,bulk,331776,2654208,72x72x64,Q,Q_sz3_b8,1.1142520458479297e-07,3.162277660168378e-11,RuntimeError: hpez rc=-6 stderr='corrupted double-linked list\n' stdout='====================================== BEGIN TUNING ================================\nABS QoI eb: 1.11425e-07\n512 648 2 9.15929\nPointwise QoI eb rate: 2\n'
mp-1782164,bulk,331776,2654208,72x72x64,Q,Q_sz3_b8,4.0689601838443534e-08,1.1547819846894585e-11,RuntimeError: hpez rc=-6 stderr='free(): invalid next size (normal)\n' stdout='====================================== BEGIN TUNING ================================\nABS QoI eb: 4.06896e-08\n512 648 2 9.15929\nPointwise QoI eb rate: 2\n'
mp-1782164,bulk,331776,2654208,72x72x64,Q,Q_sz3_b8,2.4588579511198288e-08,6.978305848598656e-12,RuntimeError: hpez rc=-6 stderr='double free or corruption (!prev)\n' stdout='====================================== BEGIN TUNING ================================\nABS QoI eb: 2.45886e-08\n512 648 2 9.15929\nPointwise QoI eb rate: 2\n'
mp-1782164,bulk,331776,2654208,72x72x64,Q,Q_sz3_b8,2.1679334191088263e-08,6.152654101490363e-12,RuntimeError: hpez rc=-6 stderr='free(): invalid next size (normal)\n' stdout='====================================== BEGIN TUNING ================================\nABS QoI eb: 2.16793e-08\n512 648 2 9.15929\nPointwise QoI eb rate: 2\n'
mp-1782164,bulk,331776,2654208,72x72x64,Q,Q_sz3_b8,2.0356456905594536e-08,5.777217924132701e-12,RuntimeError: hpez rc=-6 stderr='Fatal glibc error: malloc.c:4192 (_int_malloc): assertion failed: chunk_main_arena (fwd)\n' stdout='====================================== BEGIN TUNING ================================\nABS QoI eb: 2.03565e-08\n512 648 2 9.15929\nPointwise QoI eb rate: 2\n'
mp-1782164,bulk,331776,2654208,72x72x64,Q,Q_sz3_b8,2.0316444118874183e-08,5.765862186260075e-12,RuntimeError: hpez rc=-6 stderr='double free or corruption (!prev)\n' stdout='====================================== BEGIN TUNING ================================\nABS QoI eb: 2.03164e-08\n512 648 2 9.15929\nPointwise QoI eb rate: 2\n'
mp-1782164,bulk,331776,2654208,72x72x64,Q,Q_sz3_b8,2.0296467228707825e-08,5.760192690410541e-12,RuntimeError: hpez rc=-6 stderr='free(): invalid next size (normal)\n' stdout='====================================== BEGIN TUNING ================================\nABS QoI eb: 2.02965e-08\n512 648 2 9.15929\nPointwise QoI eb rate: 2\n'
mp-1782164,bulk,331776,2654208,72x72x64,Q,Q_sz3_b8,2.0286486150961524e-08,5.757360033356049e-12,RuntimeError: hpez rc=-6 stderr='malloc(): unsorted double linked list corrupted\n' stdout='====================================== BEGIN TUNING ================================\nABS QoI eb: 2.02865e-08\n512 648 2 9.15929\nPointwise QoI eb rate: 2\n'
mp-1782164,bulk,331776,2654208,72x72x64,Q,Q_sz3_b8,2.028586249659964e-08,5.7571830385492076e-12,RuntimeError: hpez rc=-6 stderr='corrupted double-linked list\n' stdout='====================================== BEGIN TUNING ================================\nABS QoI eb: 2.02859e-08\n512 648 2 9.15929\nPointwise QoI eb rate: 2\n'
mp-1782164,bulk,331776,2654208,72x72x64,Q,Q_sz3_b8,2.0285843007709783e-08,5.757177507549176e-12,RuntimeError: hpez rc=-6 stderr='malloc(): invalid size (unsorted)\n' stdout='====================================== BEGIN TUNING ================================\nABS QoI eb: 2.02858e-08\n512 648 2 9.15929\nPointwise QoI eb rate: 2\n'
mp-1782164,bulk,331776,2654208,72x72x64,Q,Q_sz3_b8,2.0285833263271872e-08,5.757174742051153e-12,RuntimeError: hpez rc=-6 stderr='malloc(): mismatching next->prev_size (unsorted)\n' stdout='====================================== BEGIN TUNING ================================\nABS QoI eb: 2.02858e-08\n512 648 2 9.15929\nPointwise QoI eb rate: 2\n'
mp-1782164,bulk,331776,2654208,72x72x64,Q,Q_sz3_b8,2.028582839105468e-08,5.757173359302639e-12,RuntimeError: hpez rc=-6 stderr='malloc(): mismatching next->prev_size (unsorted)\n' stdout='====================================== BEGIN TUNING ================================\nABS QoI eb: 2.02858e-08\n512 648 2 9.15929\nPointwise QoI eb rate: 2\n'
mp-1782164,bulk,331776,2654208,72x72x64,Q,Q_sz3_b8,2.028582808654107e-08,5.757173272880849e-12,RuntimeError: hpez rc=-6 stderr='malloc(): mismatching next->prev_size (unsorted)\n' stdout='====================================== BEGIN TUNING ================================\nABS QoI eb: 2.02858e-08\n512 648 2 9.15929\nPointwise QoI eb rate: 2\n'
mp-1782164,bulk,331776,2654208,72x72x64,Q,Q_sz3_b8,2.0285827934284307e-08,5.757173229669965e-12,RuntimeError: hpez rc=-6 stderr='malloc(): mismatching next->prev_size (unsorted)\n' stdout='====================================== BEGIN TUNING ================================\nABS QoI eb: 2.02858e-08\n512 648 2 9.15929\nPointwise QoI eb rate: 2\n'
mp-1782164,bulk,331776,2654208,72x72x64,Q,Q_sz3_b16,1.1142520458479297e-07,3.162277660168378e-11,RuntimeError: hpez rc=-6 stderr='corrupted double-linked list\n' stdout='====================================== BEGIN TUNING ================================\nABS QoI eb: 1.11425e-07\n4096 100 2 25.9064\nPointwise QoI eb rate: 2\n'
mp-1782164,bulk,331776,2654208,72x72x64,Q,Q_sz3_b16,4.0689601838443534e-08,1.1547819846894585e-11,RuntimeError: hpez rc=-6 stderr='free(): invalid next size (normal)\n' stdout='====================================== BEGIN TUNING ================================\nABS QoI eb: 4.06896e-08\n4096 100 2 25.9064\nPointwise QoI eb rate: 2\n'
mp-1782164,bulk,331776,2654208,72x72x64,Q,Q_sz3_b16,2.4588579511198288e-08,6.978305848598656e-12,RuntimeError: hpez rc=-6 stderr='double free or corruption (!prev)\n' stdout='====================================== BEGIN TUNING ================================\nABS QoI eb: 2.45886e-08\n4096 100 2 25.9064\nPointwise QoI eb rate: 2\n'
mp-1782164,bulk,331776,2654208,72x72x64,Q,Q_sz3_b16,2.1679334191088263e-08,6.152654101490363e-12,RuntimeError: hpez rc=-6 stderr='free(): invalid next size (normal)\n' stdout='====================================== BEGIN TUNING ================================\nABS QoI eb: 2.16793e-08\n4096 100 2 25.9064\nPointwise QoI eb rate: 2\n'
mp-1782164,bulk,331776,2654208,72x72x64,Q,Q_sz3_b16,2.0356456905594536e-08,5.777217924132701e-12,RuntimeError: hpez rc=-6 stderr='Fatal glibc error: malloc.c:4192 (_int_malloc): assertion failed: chunk_main_arena (fwd)\n' stdout='====================================== BEGIN TUNING ================================\nABS QoI eb: 2.03565e-08\n4096 100 2 25.9064\nPointwise QoI eb rate: 2\n'
mp-1782164,bulk,331776,2654208,72x72x64,Q,Q_sz3_b16,2.0316444118874183e-08,5.765862186260075e-12,RuntimeError: hpez rc=-6 stderr='double free or corruption (!prev)\n' stdout='====================================== BEGIN TUNING ================================\nABS QoI eb: 2.03164e-08\n4096 100 2 25.9064\nPointwise QoI eb rate: 2\n'
mp-1782164,bulk,331776,2654208,72x72x64,Q,Q_sz3_b16,2.0296467228707825e-08,5.760192690410541e-12,RuntimeError: hpez rc=-6 stderr='free(): invalid next size (normal)\n' stdout='====================================== BEGIN TUNING ================================\nABS QoI eb: 2.02965e-08\n4096 100 2 25.9064\nPointwise QoI eb rate: 2\n'
mp-1782164,bulk,331776,2654208,72x72x64,Q,Q_sz3_b16,2.0286486150961524e-08,5.757360033356049e-12,RuntimeError: hpez rc=-6 stderr='malloc(): unsorted double linked list corrupted\n' stdout='====================================== BEGIN TUNING ================================\nABS QoI eb: 2.02865e-08\n4096 100 2 25.9064\nPointwise QoI eb rate: 2\n'
mp-1782164,bulk,331776,2654208,72x72x64,Q,Q_sz3_b16,2.028586249659964e-08,5.7571830385492076e-12,RuntimeError: hpez rc=-6 stderr='corrupted double-linked list\n' stdout='====================================== BEGIN TUNING ================================\nABS QoI eb: 2.02859e-08\n4096 100 2 25.9064\nPointwise QoI eb rate: 2\n'
mp-1782164,bulk,331776,2654208,72x72x64,Q,Q_sz3_b16,2.0285843007709783e-08,5.757177507549176e-12,RuntimeError: hpez rc=-6 stderr='malloc(): invalid size (unsorted)\n' stdout='====================================== BEGIN TUNING ================================\nABS QoI eb: 2.02858e-08\n4096 100 2 25.9064\nPointwise QoI eb rate: 2\n'
mp-1782164,bulk,331776,2654208,72x72x64,Q,Q_sz3_b16,2.0285833263271872e-08,5.757174742051153e-12,RuntimeError: hpez rc=-6 stderr='malloc(): mismatching next->prev_size (unsorted)\n' stdout='====================================== BEGIN TUNING ================================\nABS QoI eb: 2.02858e-08\n4096 100 2 25.9064\nPointwise QoI eb rate: 2\n'
mp-1782164,bulk,331776,2654208,72x72x64,Q,Q_sz3_b16,2.028582839105468e-08,5.757173359302639e-12,RuntimeError: hpez rc=-6 stderr='malloc(): mismatching next->prev_size (unsorted)\n' stdout='====================================== BEGIN TUNING ================================\nABS QoI eb: 2.02858e-08\n4096 100 2 25.9064\nPointwise QoI eb rate: 2\n'
mp-1782164,bulk,331776,2654208,72x72x64,Q,Q_sz3_b16,2.028582808654107e-08,5.757173272880849e-12,RuntimeError: hpez rc=-6 stderr='malloc(): mismatching next->prev_size (unsorted)\n' stdout='====================================== BEGIN TUNING ================================\nABS QoI eb: 2.02858e-08\n4096 100 2 25.9064\nPointwise QoI eb rate: 2\n'
mp-1782164,bulk,331776,2654208,72x72x64,Q,Q_sz3_b16,2.0285827934284307e-08,5.757173229669965e-12,RuntimeError: hpez rc=-6 stderr='malloc(): mismatching next->prev_size (unsorted)\n' stdout='====================================== BEGIN TUNING ================================\nABS QoI eb: 2.02858e-08\n4096 100 2 25.9064\nPointwise QoI eb rate: 2\n'
mp-1791699,bulk,373248,2985984,72x72x72,Q,Q_hpez_b4,4.9840024538088525e-06,1.3335214321633272e-08,RuntimeError: hpez rc=-6 stderr='free(): invalid next size (normal)\n' stdout='====================================== BEGIN TUNING ================================\nABS QoI eb: 4.984e-06\n64 5832 2 4.10367\nPointwise QoI eb rate: 2\nPredictor tuning started.\n'
mp-1791699,bulk,373248,2985984,72x72x72,Q,Q_hpez_b4,3.0118146917746867e-06,8.05842187761484e-09,RuntimeError: hpez rc=-6 stderr='free(): invalid next size (normal)\n' stdout='====================================== BEGIN TUNING ================================\nABS QoI eb: 3.01181e-06\n64 5832 2 4.10367\nPointwise QoI eb rate: 2\nPredictor tuning started.\n'
mp-1791699,bulk,373248,2985984,72x72x72,Q,Q_hpez_b4,2.341279418945021e-06,6.264335366568879e-09,RuntimeError: hpez rc=-6 stderr='double free or corruption (!prev)\n' stdout='====================================== BEGIN TUNING ================================\nABS QoI eb: 2.34128e-06\n64 5832 2 4.10367\nPointwise QoI eb rate: 2\nPredictor tuning started.\n'
mp-1791699,bulk,373248,2985984,72x72x72,Q,Q_hpez_b4,2.064266418273972e-06,5.5231584173071174e-09,RuntimeError: hpez rc=-6 stderr='free(): invalid next size (normal)\n' stdout='====================================== BEGIN TUNING ================================\nABS QoI eb: 2.06427e-06\n64 5832 2 4.10367\nPointwise QoI eb rate: 2\nPredictor tuning started.\n'
mp-1791699,bulk,373248,2985984,72x72x72,Q,Q_hpez_b4,1.938304470740334e-06,5.186134191837944e-09,RuntimeError: hpez rc=-6 stderr='double free or corruption (!prev)\n' stdout='====================================== BEGIN TUNING ================================\nABS QoI eb: 1.9383e-06\n64 5832 2 4.10367\nPointwise QoI eb rate: 2\nPredictor tuning started.\n'
mp-1791699,bulk,373248,2985984,72x72x72,Q,Q_hpez_b4,1.9080337832778383e-06,5.105141835049061e-09,RuntimeError: hpez rc=-6 stderr='free(): invalid next size (normal)\n' stdout='====================================== BEGIN TUNING ================================\nABS QoI eb: 1.90803e-06\n64 5832 2 4.10367\nPointwise QoI eb rate: 2\nPredictor tuning started.\n'
mp-1791699,bulk,373248,2985984,72x72x72,Q,Q_hpez_b4,1.9075645741486502e-06,5.103886417469038e-09,RuntimeError: hpez rc=-6 stderr='double free or corruption (!prev)\n' stdout='====================================== BEGIN TUNING ================================\nABS QoI eb: 1.90756e-06\n64 5832 2 4.10367\nPointwise QoI eb rate: 2\nPredictor tuning started.\n'
mp-1791699,bulk,373248,2985984,72x72x72,Q,Q_hpez_b4,1.907447289896265e-06,5.103572611314928e-09,RuntimeError: hpez rc=-6 stderr='double free or corruption (!prev)\n' stdout='====================================== BEGIN TUNING ================================\nABS QoI eb: 1.90745e-06\n64 5832 2 4.10367\nPointwise QoI eb rate: 2\nPredictor tuning started.\n'
mp-1791699,bulk,373248,2985984,72x72x72,Q,Q_hpez_b4,1.907388650474257e-06,5.1034157154731955e-09,RuntimeError: hpez rc=-11 stderr='' stdout='====================================== BEGIN TUNING ================================\nABS QoI eb: 1.90739e-06\n64 5832 2 4.10367\nPointwise QoI eb rate: 2\nPredictor tuning started.\n'
mp-1791699,bulk,373248,2985984,72x72x72,Q,Q_hpez_b4,1.907359331439272e-06,5.10333726936109e-09,RuntimeError: hpez rc=-6 stderr='double free or corruption (!prev)\n' stdout='====================================== BEGIN TUNING ================================\nABS QoI eb: 1.90736e-06\n64 5832 2 4.10367\nPointwise QoI eb rate: 2\nPredictor tuning started.\n'
mp-1791699,bulk,373248,2985984,72x72x72,Q,Q_hpez_b4,1.9073520017509434e-06,5.103317658021474e-09,RuntimeError: hpez rc=-6 stderr='double free or corruption (!prev)\n' stdout='====================================== BEGIN TUNING ================================\nABS QoI eb: 1.90735e-06\n64 5832 2 4.10367\nPointwise QoI eb rate: 2\nPredictor tuning started.\n'
mp-1791699,bulk,373248,2985984,72x72x72,Q,Q_hpez_b4,1.907350169333264e-06,5.103312755198349e-09,RuntimeError: hpez rc=-6 stderr='double free or corruption (!prev)\n' stdout='====================================== BEGIN TUNING ================================\nABS QoI eb: 1.90735e-06\n64 5832 2 4.10367\nPointwise QoI eb rate: 2\nPredictor tuning started.\n'
mp-1791699,bulk,373248,2985984,72x72x72,Q,Q_hpez_b4,1.9073492531250845e-06,5.103310303788554e-09,RuntimeError: hpez rc=-6 stderr='double free or corruption (!prev)\n' stdout='====================================== BEGIN TUNING ================================\nABS QoI eb: 1.90735e-06\n64 5832 2 4.10367\nPointwise QoI eb rate: 2\nPredictor tuning started.\n'
mp-1791699,bulk,373248,2985984,72x72x72,Q,Q_hpez_b4,1.90734879502116e-06,5.103309078084097e-09,RuntimeError: hpez rc=-6 stderr='double free or corruption (!prev)\n' stdout='====================================== BEGIN TUNING ================================\nABS QoI eb: 1.90735e-06\n64 5832 2 4.10367\nPointwise QoI eb rate: 2\nPredictor tuning started.\n'
mp-1791699,bulk,373248,2985984,72x72x72,Q,Q_hpez_b4,1.907348680495194e-06,5.103308771658025e-09,RuntimeError: hpez rc=-6 stderr='double free or corruption (!prev)\n' stdout='====================================== BEGIN TUNING ================================\nABS QoI eb: 1.90735e-06\n64 5832 2 4.10367\nPointwise QoI eb rate: 2\nPredictor tuning started.\n'
mp-1791699,bulk,373248,2985984,72x72x72,Q,Q_hpez_b4,1.907348651863701e-06,5.103308695051503e-09,RuntimeError: hpez rc=-6 stderr='double free or corruption (!prev)\n' stdout='====================================== BEGIN TUNING ================================\nABS QoI eb: 1.90735e-06\n64 5832 2 4.10367\nPointwise QoI eb rate: 2\nPredictor tuning started.\n'
mp-1791699,bulk,373248,2985984,72x72x72,Q,Q_hpez_b4,1.9073486375479563e-06,5.103308656748246e-09,RuntimeError: hpez rc=-6 stderr='double free or corruption (!prev)\n' stdout='====================================== BEGIN TUNING ================================\nABS QoI eb: 1.90735e-06\n64 5832 2 4.10367\nPointwise QoI eb rate: 2\nPredictor tuning started.\n'
mp-1791699,bulk,373248,2985984,72x72x72,Q,Q_hpez_b4,1.9073486339690185e-06,5.103308647172427e-09,RuntimeError: hpez rc=-6 stderr='double free or corruption (!prev)\n' stdout='====================================== BEGIN TUNING ================================\nABS QoI eb: 1.90735e-06\n64 5832 2 4.10367\nPointwise QoI eb rate: 2\nPredictor tuning started.\n'
mp-1791699,bulk,373248,2985984,72x72x72,Q,Q_hpez_b8,6.646274090108698e-07,1.778279410038926e-09,RuntimeError: hpez rc=-6 stderr='double free or corruption (!prev)\n' stdout='====================================== BEGIN TUNING ================================\nABS QoI eb: 6.64627e-07\n512 729 2 11.6069\nPointwise QoI eb rate: 3\nPredictor tuning started.\n'
mp-1791699,bulk,373248,2985984,72x72x72,Q,Q_hpez_b8,6.44030407024549e-07,1.7231699997976066e-09,RuntimeError: hpez rc=-6 stderr='double free or corruption (!prev)\n' stdout='====================================== BEGIN TUNING ================================\nABS QoI eb: 6.4403e-07\n512 729 2 11.6069\nPointwise QoI eb rate: 3\nPredictor tuning started.\n'
mp-1791699,bulk,373248,2985984,72x72x72,Q,Q_hpez_b8,6.389816754020722e-07,1.7096615958868735e-09,RuntimeError: hpez rc=-6 stderr='double free or corruption (!prev)\n' stdout='====================================== BEGIN TUNING ================================\nABS QoI eb: 6.38982e-07\n512 729 2 11.6069\nPointwise QoI eb rate: 3\nPredictor tuning started.\n'
mp-1791699,bulk,373248,2985984,72x72x72,Q,Q_hpez_b8,6.36472170938482e-07,1.7029471570050275e-09,RuntimeError: hpez rc=-6 stderr='double free or corruption (!prev)\n' stdout='====================================== BEGIN TUNING ================================\nABS QoI eb: 6.36472e-07\n512 729 2 11.6069\nPointwise QoI eb rate: 3\nPredictor tuning started.\n'
mp-1791699,bulk,373248,2985984,72x72x72,Q,Q_hpez_b8,6.358463362905309e-07,1.7012726716415711e-09,RuntimeError: hpez rc=-6 stderr='free(): invalid next size (normal)\n' stdout='====================================== BEGIN TUNING ================================\nABS QoI eb: 6.35846e-07\n512 729 2 11.6069\nPointwise QoI eb rate: 3\nPredictor tuning started.\n'
mp-1791699,bulk,373248,2985984,72x72x72,Q,Q_hpez_b8,6.358072420636858e-07,1.7011680709920831e-09,RuntimeError: hpez rc=-6 stderr='double free or corruption (!prev)\n' stdout='====================================== BEGIN TUNING ================================\nABS QoI eb: 6.35807e-07\n512 729 2 11.6069\nPointwise QoI eb rate: 3\nPredictor tuning started.\n'
mp-1791699,bulk,373248,2985984,72x72x72,Q,Q_hpez_b8,6.357876958516446e-07,1.7011157730790783e-09,RuntimeError: hpez rc=-6 stderr='free(): invalid next size (normal)\n' stdout='====================================== BEGIN TUNING ================================\nABS QoI eb: 6.35788e-07\n512 729 2 11.6069\nPointwise QoI eb rate: 3\nPredictor tuning started.\n'
mp-1791699,bulk,373248,2985984,72x72x72,Q,Q_hpez_b8,6.357852526173903e-07,1.7011092359529995e-09,RuntimeError: hpez rc=-6 stderr='free(): invalid next size (normal)\n' stdout='====================================== BEGIN TUNING ================================\nABS QoI eb: 6.35785e-07\n512 729 2 11.6069\nPointwise QoI eb rate: 3\nPredictor tuning started.\n'
mp-1791699,bulk,373248,2985984,72x72x72,Q,Q_hpez_b8,6.357840310037841e-07,1.7011059673993807e-09,RuntimeError: hpez rc=-6 stderr='free(): invalid next size (normal)\n' stdout='====================================== BEGIN TUNING ================================\nABS QoI eb: 6.35784e-07\n512 729 2 11.6069\nPointwise QoI eb rate: 3\nPredictor tuning started.\n'
mp-1791699,bulk,373248,2985984,72x72x72,Q,Q_hpez_b8,6.357834201978607e-07,1.7011043331249247e-09,RuntimeError: hpez rc=-6 stderr='free(): invalid next size (normal)\n' stdout='====================================== BEGIN TUNING ================================\nABS QoI eb: 6.35783e-07\n512 729 2 11.6069\nPointwise QoI eb rate: 3\nPredictor tuning started.\n'
mp-1791699,bulk,373248,2985984,72x72x72,Q,Q_hpez_b8,6.357831147951195e-07,1.701103515988287e-09,RuntimeError: hpez rc=-6 stderr='free(): invalid next size (normal)\n' stdout='====================================== BEGIN TUNING ================================\nABS QoI eb: 6.35783e-07\n512 729 2 11.6069\nPointwise QoI eb rate: 3\nPredictor tuning started.\n'
mp-1791699,bulk,373248,2985984,72x72x72,Q,Q_hpez_b8,6.35782962093804e-07,1.7011031074201151e-09,RuntimeError: hpez rc=-6 stderr='free(): invalid next size (normal)\n' stdout='====================================== BEGIN TUNING ================================\nABS QoI eb: 6.35783e-07\n512 729 2 11.6069\nPointwise QoI eb rate: 3\nPredictor tuning started.\n'
mp-1791699,bulk,373248,2985984,72x72x72,Q,Q_hpez_b8,6.357828857431599e-07,1.701102903136066e-09,RuntimeError: hpez rc=-6 stderr='free(): invalid next size (normal)\n' stdout='====================================== BEGIN TUNING ================================\nABS QoI eb: 6.35783e-07\n512 729 2 11.6069\nPointwise QoI eb rate: 3\nPredictor tuning started.\n'
mp-1791699,bulk,373248,2985984,72x72x72,Q,Q_hpez_b8,6.357828809712439e-07,1.701102890368311e-09,RuntimeError: hpez rc=-6 stderr='free(): invalid next size (normal)\n' stdout='====================================== BEGIN TUNING ================================\nABS QoI eb: 6.35783e-07\n512 729 2 11.6069\nPointwise QoI eb rate: 3\nPredictor tuning started.\n'
mp-1791699,bulk,373248,2985984,72x72x72,Q,Q_hpez_b8,6.357828785852865e-07,1.701102883984435e-09,RuntimeError: hpez rc=-6 stderr='free(): invalid next size (normal)\n' stdout='====================================== BEGIN TUNING ================================\nABS QoI eb: 6.35783e-07\n512 729 2 11.6069\nPointwise QoI eb rate: 3\nPredictor tuning started.\n'
mp-1791699,bulk,373248,2985984,72x72x72,Q,Q_hpez_b8,6.357828779887979e-07,1.7011028823884682e-09,RuntimeError: hpez rc=-6 stderr='free(): invalid next size (normal)\n' stdout='====================================== BEGIN TUNING ================================\nABS QoI eb: 6.35783e-07\n512 729 2 11.6069\nPointwise QoI eb rate: 3\nPredictor tuning started.\n'
mp-1791699,bulk,373248,2985984,72x72x72,Q,Q_hpez_b16,6.646274090108698e-07,1.778279410038926e-09,RuntimeError: hpez rc=-6 stderr='corrupted double-linked list\n' stdout='====================================== BEGIN TUNING ================================\nABS QoI eb: 6.64627e-07\n4096 125 2 32.8294\nPointwise QoI eb rate: 4\nPredictor tuning started.\n'
mp-1791699,bulk,373248,2985984,72x72x72,Q,Q_hpez_b16,2.427047340351882e-07,6.493816315762117e-10,RuntimeError: hpez rc=-6 stderr='double free or corruption (!prev)\n' stdout='terp best interpParadigm = MD\nLevel: 2\n\tinterp best interpAlgo = CUBIC\n\tinterp best interpParadigm = MD\n\tinterp best cubic spline = 0\n\tinterp best adj = 0\nLevel: 1\n\tinterp best interpAlgo = CUBIC\n\tinterp best interpParadigm = MD\n\tinterp best cubic spline = 0\n\tinterp best adj = 1\nB-M tuning started.\n'
mp-1791699,bulk,373248,2985984,72x72x72,Q,Q_hpez_b16,2.3891439084579173e-07,6.39240176139223e-10,RuntimeError: hpez rc=-6 stderr='free(): invalid next size (normal)\n' stdout='terp best interpParadigm = MD\nLevel: 2\n\tinterp best interpAlgo = CUBIC\n\tinterp best interpParadigm = MD\n\tinterp best cubic spline = 0\n\tinterp best adj = 0\nLevel: 1\n\tinterp best interpAlgo = CUBIC\n\tinterp best interpParadigm = MD\n\tinterp best cubic spline = 0\n\tinterp best adj = 1\nB-M tuning started.\n'
mp-1791699,bulk,373248,2985984,72x72x72,Q,Q_hpez_b16,2.3844477913439817e-07,6.37983681408849e-10,RuntimeError: hpez rc=-6 stderr='free(): invalid next size (normal)\n' stdout='terp best interpParadigm = MD\nLevel: 2\n\tinterp best interpAlgo = CUBIC\n\tinterp best interpParadigm = MD\n\tinterp best cubic spline = 0\n\tinterp best adj = 0\nLevel: 1\n\tinterp best interpAlgo = CUBIC\n\tinterp best interpParadigm = MD\n\tinterp best cubic spline = 0\n\tinterp best adj = 1\nB-M tuning started.\n'
mp-1791699,bulk,373248,2985984,72x72x72,Q,Q_hpez_b16,2.384301186515843e-07,6.379444557699787e-10,RuntimeError: hpez rc=-6 stderr='corrupted double-linked list\n' stdout='terp best interpParadigm = MD\nLevel: 2\n\tinterp best interpAlgo = CUBIC\n\tinterp best interpParadigm = MD\n\tinterp best cubic spline = 0\n\tinterp best adj = 0\nLevel: 1\n\tinterp best interpAlgo = CUBIC\n\tinterp best interpParadigm = MD\n\tinterp best cubic spline = 0\n\tinterp best adj = 1\nB-M tuning started.\n'
mp-1791699,bulk,373248,2985984,72x72x72,Q,Q_hpez_b16,2.384227887481991e-07,6.379248438549558e-10,RuntimeError: hpez rc=-6 stderr='munmap_chunk(): invalid pointer\n' stdout='terp best interpParadigm = MD\nLevel: 2\n\tinterp best interpAlgo = CUBIC\n\tinterp best interpParadigm = MD\n\tinterp best cubic spline = 0\n\tinterp best adj = 0\nLevel: 1\n\tinterp best interpAlgo = CUBIC\n\tinterp best interpParadigm = MD\n\tinterp best cubic spline = 0\n\tinterp best adj = 1\nB-M tuning started.\n'
mp-1791699,bulk,373248,2985984,72x72x72,Q,Q_hpez_b16,2.3841912388100864e-07,6.379150381235384e-10,RuntimeError: hpez rc=-6 stderr='corrupted double-linked list\n' stdout='terp best interpParadigm = MD\nLevel: 2\n\tinterp best interpAlgo = CUBIC\n\tinterp best interpParadigm = MD\n\tinterp best cubic spline = 0\n\tinterp best adj = 0\nLevel: 1\n\tinterp best interpAlgo = CUBIC\n\tinterp best interpParadigm = MD\n\tinterp best cubic spline = 0\n\tinterp best adj = 1\nB-M tuning started.\n'
mp-1791699,bulk,373248,2985984,72x72x72,Q,Q_hpez_b16,2.384186657765709e-07,6.379138124177095e-10,RuntimeError: hpez rc=-6 stderr='corrupted double-linked list\n' stdout='terp best interpParadigm = MD\nLevel: 2\n\tinterp best interpAlgo = CUBIC\n\tinterp best interpParadigm = MD\n\tinterp best cubic spline = 0\n\tinterp best adj = 0\nLevel: 1\n\tinterp best interpAlgo = CUBIC\n\tinterp best interpParadigm = MD\n\tinterp best cubic spline = 0\n\tinterp best adj = 1\nB-M tuning started.\n'
mp-1791699,bulk,373248,2985984,72x72x72,Q,Q_hpez_b16,2.3841860851357764e-07,6.379136592046455e-10,RuntimeError: hpez rc=-6 stderr='corrupted double-linked list\n' stdout='terp best interpParadigm = MD\nLevel: 2\n\tinterp best interpAlgo = CUBIC\n\tinterp best interpParadigm = MD\n\tinterp best cubic spline = 0\n\tinterp best adj = 0\nLevel: 1\n\tinterp best interpAlgo = CUBIC\n\tinterp best interpParadigm = MD\n\tinterp best cubic spline = 0\n\tinterp best adj = 1\nB-M tuning started.\n'
mp-1791699,bulk,373248,2985984,72x72x72,Q,Q_hpez_b16,2.384185798820864e-07,6.379135825981276e-10,RuntimeError: hpez rc=-6 stderr='corrupted double-linked list\n' stdout='terp best interpParadigm = MD\nLevel: 2\n\tinterp best interpAlgo = CUBIC\n\tinterp best interpParadigm = MD\n\tinterp best cubic spline = 0\n\tinterp best adj = 0\nLevel: 1\n\tinterp best interpAlgo = CUBIC\n\tinterp best interpParadigm = MD\n\tinterp best cubic spline = 0\n\tinterp best adj = 1\nB-M tuning started.\n'
mp-1791699,bulk,373248,2985984,72x72x72,Q,Q_hpez_b16,2.384185794347196e-07,6.379135814011516e-10,RuntimeError: hpez rc=-6 stderr='corrupted double-linked list\n' stdout='terp best interpParadigm = MD\nLevel: 2\n\tinterp best interpAlgo = CUBIC\n\tinterp best interpParadigm = MD\n\tinterp best cubic spline = 0\n\tinterp best adj = 0\nLevel: 1\n\tinterp best interpAlgo = CUBIC\n\tinterp best interpParadigm = MD\n\tinterp best cubic spline = 0\n\tinterp best adj = 1\nB-M tuning started.\n'
mp-1791699,bulk,373248,2985984,72x72x72,Q,Q_hpez_b16,2.38418579211036e-07,6.379135808026628e-10,RuntimeError: hpez rc=-6 stderr='corrupted double-linked list\n' stdout='terp best interpParadigm = MD\nLevel: 2\n\tinterp best interpAlgo = CUBIC\n\tinterp best interpParadigm = MD\n\tinterp best cubic spline = 0\n\tinterp best adj = 0\nLevel: 1\n\tinterp best interpAlgo = CUBIC\n\tinterp best interpParadigm = MD\n\tinterp best cubic spline = 0\n\tinterp best adj = 1\nB-M tuning started.\n'
mp-1791699,bulk,373248,2985984,72x72x72,Q,Q_sz3_b4,3.7374745794100045e-05,1.0000000000000013e-07,RuntimeError: hpez rc=-6 stderr='malloc(): unsorted double linked list corrupted\n' stdout='====================================== BEGIN TUNING ================================\nABS QoI eb: 3.73747e-05\n64 5832 2 3.2383\nPointwise QoI eb rate: 2\n'
mp-1791699,bulk,373248,2985984,72x72x72,Q,Q_sz3_b4,4.9840024538088525e-06,1.3335214321633272e-08,RuntimeError: hpez rc=-6 stderr='free(): corrupted unsorted chunks\n' stdout='====================================== BEGIN TUNING ================================\nABS QoI eb: 4.984e-06\n64 5832 2 3.2383\nPointwise QoI eb rate: 2\n'
mp-1791699,bulk,373248,2985984,72x72x72,Q,Q_sz3_b4,3.0118146917746867e-06,8.05842187761484e-09,RuntimeError: hpez rc=-6 stderr='double free or corruption (out)\n' stdout='====================================== BEGIN TUNING ================================\nABS QoI eb: 3.01181e-06\n64 5832 2 3.2383\nPointwise QoI eb rate: 2\n'
mp-1791699,bulk,373248,2985984,72x72x72,Q,Q_sz3_b4,2.341279418945021e-06,6.264335366568879e-09,RuntimeError: hpez rc=-6 stderr='corrupted double-linked list\n' stdout='====================================== BEGIN TUNING ================================\nABS QoI eb: 2.34128e-06\n64 5832 2 3.2383\nPointwise QoI eb rate: 2\n'
mp-1791699,bulk,373248,2985984,72x72x72,Q,Q_sz3_b4,2.064266418273972e-06,5.5231584173071174e-09,RuntimeError: hpez rc=-6 stderr='corrupted double-linked list\n' stdout='====================================== BEGIN TUNING ================================\nABS QoI eb: 2.06427e-06\n64 5832 2 3.2383\nPointwise QoI eb rate: 2\n'
mp-1791699,bulk,373248,2985984,72x72x72,Q,Q_sz3_b4,1.938304470740334e-06,5.186134191837944e-09,RuntimeError: hpez rc=-6 stderr='double free or corruption (!prev)\n' stdout='====================================== BEGIN TUNING ================================\nABS QoI eb: 1.9383e-06\n64 5832 2 3.2383\nPointwise QoI eb rate: 2\n'
mp-1791699,bulk,373248,2985984,72x72x72,Q,Q_sz3_b4,1.9080337832778383e-06,5.105141835049061e-09,RuntimeError: hpez rc=-6 stderr='double free or corruption (!prev)\n' stdout='====================================== BEGIN TUNING ================================\nABS QoI eb: 1.90803e-06\n64 5832 2 3.2383\nPointwise QoI eb rate: 2\n'
mp-1791699,bulk,373248,2985984,72x72x72,Q,Q_sz3_b4,1.9075645741486502e-06,5.103886417469038e-09,RuntimeError: hpez rc=-6 stderr='corrupted double-linked list\n' stdout='====================================== BEGIN TUNING ================================\nABS QoI eb: 1.90756e-06\n64 5832 2 3.2383\nPointwise QoI eb rate: 2\n'
mp-1791699,bulk,373248,2985984,72x72x72,Q,Q_sz3_b4,1.907447289896265e-06,5.103572611314928e-09,RuntimeError: hpez rc=-6 stderr='free(): corrupted unsorted chunks\n' stdout='====================================== BEGIN TUNING ================================\nABS QoI eb: 1.90745e-06\n64 5832 2 3.2383\nPointwise QoI eb rate: 2\n'
mp-1791699,bulk,373248,2985984,72x72x72,Q,Q_sz3_b4,1.907388650474257e-06,5.1034157154731955e-09,RuntimeError: hpez rc=-6 stderr='double free or corruption (!prev)\n' stdout='====================================== BEGIN TUNING ================================\nABS QoI eb: 1.90739e-06\n64 5832 2 3.2383\nPointwise QoI eb rate: 2\n'
mp-1791699,bulk,373248,2985984,72x72x72,Q,Q_sz3_b4,1.907359331439272e-06,5.10333726936109e-09,RuntimeError: hpez rc=-6 stderr='corrupted double-linked list\n' stdout='====================================== BEGIN TUNING ================================\nABS QoI eb: 1.90736e-06\n64 5832 2 3.2383\nPointwise QoI eb rate: 2\n'
mp-1791699,bulk,373248,2985984,72x72x72,Q,Q_sz3_b4,1.9073520017509434e-06,5.103317658021474e-09,RuntimeError: hpez rc=-6 stderr='malloc(): invalid size (unsorted)\n' stdout='====================================== BEGIN TUNING ================================\nABS QoI eb: 1.90735e-06\n64 5832 2 3.2383\nPointwise QoI eb rate: 2\n'
mp-1791699,bulk,373248,2985984,72x72x72,Q,Q_sz3_b4,1.907350169333264e-06,5.103312755198349e-09,RuntimeError: hpez rc=-6 stderr='malloc(): invalid size (unsorted)\n' stdout='====================================== BEGIN TUNING ================================\nABS QoI eb: 1.90735e-06\n64 5832 2 3.2383\nPointwise QoI eb rate: 2\n'
mp-1791699,bulk,373248,2985984,72x72x72,Q,Q_sz3_b4,1.9073492531250845e-06,5.103310303788554e-09,RuntimeError: hpez rc=-6 stderr='malloc(): invalid size (unsorted)\n' stdout='====================================== BEGIN TUNING ================================\nABS QoI eb: 1.90735e-06\n64 5832 2 3.2383\nPointwise QoI eb rate: 2\n'
mp-1791699,bulk,373248,2985984,72x72x72,Q,Q_sz3_b4,1.90734879502116e-06,5.103309078084097e-09,RuntimeError: hpez rc=-6 stderr='malloc(): invalid size (unsorted)\n' stdout='====================================== BEGIN TUNING ================================\nABS QoI eb: 1.90735e-06\n64 5832 2 3.2383\nPointwise QoI eb rate: 2\n'
mp-1791699,bulk,373248,2985984,72x72x72,Q,Q_sz3_b4,1.907348680495194e-06,5.103308771658025e-09,RuntimeError: hpez rc=-6 stderr='malloc(): invalid size (unsorted)\n' stdout='====================================== BEGIN TUNING ================================\nABS QoI eb: 1.90735e-06\n64 5832 2 3.2383\nPointwise QoI eb rate: 2\n'
mp-1791699,bulk,373248,2985984,72x72x72,Q,Q_sz3_b4,1.907348651863701e-06,5.103308695051503e-09,RuntimeError: hpez rc=-6 stderr='malloc(): invalid size (unsorted)\n' stdout='====================================== BEGIN TUNING ================================\nABS QoI eb: 1.90735e-06\n64 5832 2 3.2383\nPointwise QoI eb rate: 2\n'
mp-1791699,bulk,373248,2985984,72x72x72,Q,Q_sz3_b4,1.9073486375479563e-06,5.103308656748246e-09,RuntimeError: hpez rc=-6 stderr='malloc(): invalid size (unsorted)\n' stdout='====================================== BEGIN TUNING ================================\nABS QoI eb: 1.90735e-06\n64 5832 2 3.2383\nPointwise QoI eb rate: 2\n'
mp-1791699,bulk,373248,2985984,72x72x72,Q,Q_sz3_b4,1.9073486339690185e-06,5.103308647172427e-09,RuntimeError: hpez rc=-6 stderr='malloc(): invalid size (unsorted)\n' stdout='====================================== BEGIN TUNING ================================\nABS QoI eb: 1.90735e-06\n64 5832 2 3.2383\nPointwise QoI eb rate: 2\n'
mp-1791699,bulk,373248,2985984,72x72x72,Q,Q_sz3_b8,3.7374745794100045e-05,1.0000000000000013e-07,RuntimeError: hpez rc=-6 stderr='malloc(): unsorted double linked list corrupted\n' stdout='====================================== BEGIN TUNING ================================\nABS QoI eb: 3.73747e-05\n512 729 2 9.15929\nPointwise QoI eb rate: 2\n'
mp-1791699,bulk,373248,2985984,72x72x72,Q,Q_sz3_b8,4.9840024538088525e-06,1.3335214321633272e-08,RuntimeError: hpez rc=-6 stderr='free(): corrupted unsorted chunks\n' stdout='====================================== BEGIN TUNING ================================\nABS QoI eb: 4.984e-06\n512 729 2 9.15929\nPointwise QoI eb rate: 2\n'
mp-1791699,bulk,373248,2985984,72x72x72,Q,Q_sz3_b8,3.0118146917746867e-06,8.05842187761484e-09,RuntimeError: hpez rc=-6 stderr='double free or corruption (out)\n' stdout='====================================== BEGIN TUNING ================================\nABS QoI eb: 3.01181e-06\n512 729 2 9.15929\nPointwise QoI eb rate: 2\n'
mp-1791699,bulk,373248,2985984,72x72x72,Q,Q_sz3_b8,2.341279418945021e-06,6.264335366568879e-09,RuntimeError: hpez rc=-6 stderr='corrupted double-linked list\n' stdout='====================================== BEGIN TUNING ================================\nABS QoI eb: 2.34128e-06\n512 729 2 9.15929\nPointwise QoI eb rate: 2\n'
mp-1791699,bulk,373248,2985984,72x72x72,Q,Q_sz3_b8,2.064266418273972e-06,5.5231584173071174e-09,RuntimeError: hpez rc=-6 stderr='corrupted double-linked list\n' stdout='====================================== BEGIN TUNING ================================\nABS QoI eb: 2.06427e-06\n512 729 2 9.15929\nPointwise QoI eb rate: 2\n'
mp-1791699,bulk,373248,2985984,72x72x72,Q,Q_sz3_b8,1.938304470740334e-06,5.186134191837944e-09,RuntimeError: hpez rc=-6 stderr='double free or corruption (!prev)\n' stdout='====================================== BEGIN TUNING ================================\nABS QoI eb: 1.9383e-06\n512 729 2 9.15929\nPointwise QoI eb rate: 2\n'
mp-1791699,bulk,373248,2985984,72x72x72,Q,Q_sz3_b8,1.9080337832778383e-06,5.105141835049061e-09,RuntimeError: hpez rc=-6 stderr='double free or corruption (!prev)\n' stdout='====================================== BEGIN TUNING ================================\nABS QoI eb: 1.90803e-06\n512 729 2 9.15929\nPointwise QoI eb rate: 2\n'
mp-1791699,bulk,373248,2985984,72x72x72,Q,Q_sz3_b8,1.9075645741486502e-06,5.103886417469038e-09,RuntimeError: hpez rc=-6 stderr='corrupted double-linked list\n' stdout='====================================== BEGIN TUNING ================================\nABS QoI eb: 1.90756e-06\n512 729 2 9.15929\nPointwise QoI eb rate: 2\n'
mp-1791699,bulk,373248,2985984,72x72x72,Q,Q_sz3_b8,1.907447289896265e-06,5.103572611314928e-09,RuntimeError: hpez rc=-6 stderr='free(): corrupted unsorted chunks\n' stdout='====================================== BEGIN TUNING ================================\nABS QoI eb: 1.90745e-06\n512 729 2 9.15929\nPointwise QoI eb rate: 2\n'
mp-1791699,bulk,373248,2985984,72x72x72,Q,Q_sz3_b8,1.907388650474257e-06,5.1034157154731955e-09,RuntimeError: hpez rc=-6 stderr='double free or corruption (!prev)\n' stdout='====================================== BEGIN TUNING ================================\nABS QoI eb: 1.90739e-06\n512 729 2 9.15929\nPointwise QoI eb rate: 2\n'
mp-1791699,bulk,373248,2985984,72x72x72,Q,Q_sz3_b8,1.907359331439272e-06,5.10333726936109e-09,RuntimeError: hpez rc=-6 stderr='corrupted double-linked list\n' stdout='====================================== BEGIN TUNING ================================\nABS QoI eb: 1.90736e-06\n512 729 2 9.15929\nPointwise QoI eb rate: 2\n'
mp-1791699,bulk,373248,2985984,72x72x72,Q,Q_sz3_b8,1.9073520017509434e-06,5.103317658021474e-09,RuntimeError: hpez rc=-6 stderr='malloc(): invalid size (unsorted)\n' stdout='====================================== BEGIN TUNING ================================\nABS QoI eb: 1.90735e-06\n512 729 2 9.15929\nPointwise QoI eb rate: 2\n'
mp-1791699,bulk,373248,2985984,72x72x72,Q,Q_sz3_b8,1.907350169333264e-06,5.103312755198349e-09,RuntimeError: hpez rc=-6 stderr='malloc(): invalid size (unsorted)\n' stdout='====================================== BEGIN TUNING ================================\nABS QoI eb: 1.90735e-06\n512 729 2 9.15929\nPointwise QoI eb rate: 2\n'
mp-1791699,bulk,373248,2985984,72x72x72,Q,Q_sz3_b8,1.9073492531250845e-06,5.103310303788554e-09,RuntimeError: hpez rc=-6 stderr='malloc(): invalid size (unsorted)\n' stdout='====================================== BEGIN TUNING ================================\nABS QoI eb: 1.90735e-06\n512 729 2 9.15929\nPointwise QoI eb rate: 2\n'
mp-1791699,bulk,373248,2985984,72x72x72,Q,Q_sz3_b8,1.90734879502116e-06,5.103309078084097e-09,RuntimeError: hpez rc=-6 stderr='malloc(): invalid size (unsorted)\n' stdout='====================================== BEGIN TUNING ================================\nABS QoI eb: 1.90735e-06\n512 729 2 9.15929\nPointwise QoI eb rate: 2\n'
mp-1791699,bulk,373248,2985984,72x72x72,Q,Q_sz3_b8,1.907348680495194e-06,5.103308771658025e-09,RuntimeError: hpez rc=-6 stderr='malloc(): invalid size (unsorted)\n' stdout='====================================== BEGIN TUNING ================================\nABS QoI eb: 1.90735e-06\n512 729 2 9.15929\nPointwise QoI eb rate: 2\n'
mp-1791699,bulk,373248,2985984,72x72x72,Q,Q_sz3_b8,1.907348651863701e-06,5.103308695051503e-09,RuntimeError: hpez rc=-6 stderr='malloc(): invalid size (unsorted)\n' stdout='====================================== BEGIN TUNING ================================\nABS QoI eb: 1.90735e-06\n512 729 2 9.15929\nPointwise QoI eb rate: 2\n'
mp-1791699,bulk,373248,2985984,72x72x72,Q,Q_sz3_b8,1.9073486375479563e-06,5.103308656748246e-09,RuntimeError: hpez rc=-6 stderr='malloc(): invalid size (unsorted)\n' stdout='====================================== BEGIN TUNING ================================\nABS QoI eb: 1.90735e-06\n512 729 2 9.15929\nPointwise QoI eb rate: 2\n'
mp-1791699,bulk,373248,2985984,72x72x72,Q,Q_sz3_b8,1.9073486339690185e-06,5.103308647172427e-09,RuntimeError: hpez rc=-6 stderr='malloc(): invalid size (unsorted)\n' stdout='====================================== BEGIN TUNING ================================\nABS QoI eb: 1.90735e-06\n512 729 2 9.15929\nPointwise QoI eb rate: 2\n'
mp-1791699,bulk,373248,2985984,72x72x72,Q,Q_sz3_b16,3.7374745794100045e-05,1.0000000000000013e-07,RuntimeError: hpez rc=-6 stderr='malloc(): unsorted double linked list corrupted\n' stdout='====================================== BEGIN TUNING ================================\nABS QoI eb: 3.73747e-05\n4096 125 2 25.9064\nPointwise QoI eb rate: 2\n'
mp-1791699,bulk,373248,2985984,72x72x72,Q,Q_sz3_b16,4.9840024538088525e-06,1.3335214321633272e-08,RuntimeError: hpez rc=-6 stderr='free(): corrupted unsorted chunks\n' stdout='====================================== BEGIN TUNING ================================\nABS QoI eb: 4.984e-06\n4096 125 2 25.9064\nPointwise QoI eb rate: 2\n'
mp-1791699,bulk,373248,2985984,72x72x72,Q,Q_sz3_b16,3.0118146917746867e-06,8.05842187761484e-09,RuntimeError: hpez rc=-6 stderr='double free or corruption (out)\n' stdout='====================================== BEGIN TUNING ================================\nABS QoI eb: 3.01181e-06\n4096 125 2 25.9064\nPointwise QoI eb rate: 2\n'
mp-1791699,bulk,373248,2985984,72x72x72,Q,Q_sz3_b16,2.341279418945021e-06,6.264335366568879e-09,RuntimeError: hpez rc=-6 stderr='corrupted double-linked list\n' stdout='====================================== BEGIN TUNING ================================\nABS QoI eb: 2.34128e-06\n4096 125 2 25.9064\nPointwise QoI eb rate: 2\n'
mp-1791699,bulk,373248,2985984,72x72x72,Q,Q_sz3_b16,2.064266418273972e-06,5.5231584173071174e-09,RuntimeError: hpez rc=-6 stderr='corrupted double-linked list\n' stdout='====================================== BEGIN TUNING ================================\nABS QoI eb: 2.06427e-06\n4096 125 2 25.9064\nPointwise QoI eb rate: 2\n'
mp-1791699,bulk,373248,2985984,72x72x72,Q,Q_sz3_b16,1.938304470740334e-06,5.186134191837944e-09,RuntimeError: hpez rc=-6 stderr='double free or corruption (!prev)\n' stdout='====================================== BEGIN TUNING ================================\nABS QoI eb: 1.9383e-06\n4096 125 2 25.9064\nPointwise QoI eb rate: 2\n'
mp-1791699,bulk,373248,2985984,72x72x72,Q,Q_sz3_b16,1.9080337832778383e-06,5.105141835049061e-09,RuntimeError: hpez rc=-6 stderr='double free or corruption (!prev)\n' stdout='====================================== BEGIN TUNING ================================\nABS QoI eb: 1.90803e-06\n4096 125 2 25.9064\nPointwise QoI eb rate: 2\n'
mp-1791699,bulk,373248,2985984,72x72x72,Q,Q_sz3_b16,1.9075645741486502e-06,5.103886417469038e-09,RuntimeError: hpez rc=-6 stderr='corrupted double-linked list\n' stdout='====================================== BEGIN TUNING ================================\nABS QoI eb: 1.90756e-06\n4096 125 2 25.9064\nPointwise QoI eb rate: 2\n'
mp-1791699,bulk,373248,2985984,72x72x72,Q,Q_sz3_b16,1.907447289896265e-06,5.103572611314928e-09,RuntimeError: hpez rc=-6 stderr='free(): corrupted unsorted chunks\n' stdout='====================================== BEGIN TUNING ================================\nABS QoI eb: 1.90745e-06\n4096 125 2 25.9064\nPointwise QoI eb rate: 2\n'
mp-1791699,bulk,373248,2985984,72x72x72,Q,Q_sz3_b16,1.907388650474257e-06,5.1034157154731955e-09,RuntimeError: hpez rc=-6 stderr='double free or corruption (!prev)\n' stdout='====================================== BEGIN TUNING ================================\nABS QoI eb: 1.90739e-06\n4096 125 2 25.9064\nPointwise QoI eb rate: 2\n'
mp-1791699,bulk,373248,2985984,72x72x72,Q,Q_sz3_b16,1.907359331439272e-06,5.10333726936109e-09,RuntimeError: hpez rc=-6 stderr='corrupted double-linked list\n' stdout='====================================== BEGIN TUNING ================================\nABS QoI eb: 1.90736e-06\n4096 125 2 25.9064\nPointwise QoI eb rate: 2\n'
mp-1791699,bulk,373248,2985984,72x72x72,Q,Q_sz3_b16,1.9073520017509434e-06,5.103317658021474e-09,RuntimeError: hpez rc=-6 stderr='malloc(): invalid size (unsorted)\n' stdout='====================================== BEGIN TUNING ================================\nABS QoI eb: 1.90735e-06\n4096 125 2 25.9064\nPointwise QoI eb rate: 2\n'
mp-1791699,bulk,373248,2985984,72x72x72,Q,Q_sz3_b16,1.907350169333264e-06,5.103312755198349e-09,RuntimeError: hpez rc=-6 stderr='malloc(): invalid size (unsorted)\n' stdout='====================================== BEGIN TUNING ================================\nABS QoI eb: 1.90735e-06\n4096 125 2 25.9064\nPointwise QoI eb rate: 2\n'
mp-1791699,bulk,373248,2985984,72x72x72,Q,Q_sz3_b16,1.9073492531250845e-06,5.103310303788554e-09,RuntimeError: hpez rc=-6 stderr='malloc(): invalid size (unsorted)\n' stdout='====================================== BEGIN TUNING ================================\nABS QoI eb: 1.90735e-06\n4096 125 2 25.9064\nPointwise QoI eb rate: 2\n'
mp-1791699,bulk,373248,2985984,72x72x72,Q,Q_sz3_b16,1.90734879502116e-06,5.103309078084097e-09,RuntimeError: hpez rc=-6 stderr='malloc(): invalid size (unsorted)\n' stdout='====================================== BEGIN TUNING ================================\nABS QoI eb: 1.90735e-06\n4096 125 2 25.9064\nPointwise QoI eb rate: 2\n'
mp-1791699,bulk,373248,2985984,72x72x72,Q,Q_sz3_b16,1.907348680495194e-06,5.103308771658025e-09,RuntimeError: hpez rc=-6 stderr='malloc(): invalid size (unsorted)\n' stdout='====================================== BEGIN TUNING ================================\nABS QoI eb: 1.90735e-06\n4096 125 2 25.9064\nPointwise QoI eb rate: 2\n'
mp-1791699,bulk,373248,2985984,72x72x72,Q,Q_sz3_b16,1.907348651863701e-06,5.103308695051503e-09,RuntimeError: hpez rc=-6 stderr='malloc(): invalid size (unsorted)\n' stdout='====================================== BEGIN TUNING ================================\nABS QoI eb: 1.90735e-06\n4096 125 2 25.9064\nPointwise QoI eb rate: 2\n'
mp-1791699,bulk,373248,2985984,72x72x72,Q,Q_sz3_b16,1.9073486375479563e-06,5.103308656748246e-09,RuntimeError: hpez rc=-6 stderr='malloc(): invalid size (unsorted)\n' stdout='====================================== BEGIN TUNING ================================\nABS QoI eb: 1.90735e-06\n4096 125 2 25.9064\nPointwise QoI eb rate: 2\n'
mp-1791699,bulk,373248,2985984,72x72x72,Q,Q_sz3_b16,1.9073486339690185e-06,5.103308647172427e-09,RuntimeError: hpez rc=-6 stderr='malloc(): invalid size (unsorted)\n' stdout='====================================== BEGIN TUNING ================================\nABS QoI eb: 1.90735e-06\n4096 125 2 25.9064\nPointwise QoI eb rate: 2\n'
mp-1809898,bulk,1097600,8780800,140x140x56,Q,Q_hpez_b4,3.6857803450122724e-07,3.1622776601683826e-11,RuntimeError: hpez rc=-6 stderr='double free or corruption (!prev)\n' stdout='====================================== BEGIN TUNING ================================\nABS QoI eb: 3.68578e-07\n64 17150 2 4.10367\nPointwise QoI eb rate: 2\nPredictor tuning started.\n'
mp-1809898,bulk,1097600,8780800,140x140x56,Q,Q_hpez_b4,2.2273037577015769e-07,1.910952974970443e-11,RuntimeError: hpez rc=-6 stderr='free(): invalid next size (normal)\n' stdout='====================================== BEGIN TUNING ================================\nABS QoI eb: 2.2273e-07\n64 17150 2 4.10367\nPointwise QoI eb rate: 2\nPredictor tuning started.\n'
mp-1809898,bulk,1097600,8780800,140x140x56,Q,Q_hpez_b4,2.1582789487642042e-07,1.851731971310953e-11,RuntimeError: hpez rc=-6 stderr='free(): invalid size\n' stdout='terpAlgo = CUBIC\n\tinterp best interpParadigm = 1D\n\tinterp best direction = 5\n\tinterp best cubic spline = 0\n\tinterp best adj = 1\nLevel: 1\n\tinterp best interpAlgo = CUBIC\n\tinterp best interpParadigm = 1D\n\tinterp best direction = 5\n\tinterp best cubic spline = 0\n\tinterp best adj = 1\nB-M tuning started.\n'
mp-1809898,bulk,1097600,8780800,140x140x56,Q,Q_hpez_b4,2.1245728987080027e-07,1.822813294903804e-11,RuntimeError: hpez rc=-6 stderr='munmap_chunk(): invalid pointer\n' stdout='terpAlgo = CUBIC\n\tinterp best interpParadigm = 1D\n\tinterp best direction = 5\n\tinterp best cubic spline = 0\n\tinterp best adj = 1\nLevel: 1\n\tinterp best interpAlgo = CUBIC\n\tinterp best interpParadigm = 1D\n\tinterp best direction = 5\n\tinterp best cubic spline = 0\n\tinterp best adj = 1\nB-M tuning started.\n'
mp-1809898,bulk,1097600,8780800,140x140x56,Q,Q_hpez_b4,2.107917786991273e-07,1.808523759777085e-11,RuntimeError: hpez rc=-6 stderr='free(): invalid next size (normal)\n' stdout='terpAlgo = CUBIC\n\tinterp best interpParadigm = 1D\n\tinterp best direction = 5\n\tinterp best cubic spline = 0\n\tinterp best adj = 1\nLevel: 1\n\tinterp best interpAlgo = CUBIC\n\tinterp best interpParadigm = 1D\n\tinterp best direction = 5\n\tinterp best cubic spline = 0\n\tinterp best adj = 1\nB-M tuning started.\n
mp-1809898,bulk,1097600,8780800,140x140x56,Q,Q_hpez_b4,2.0996392567939762e-07,1.801421054609815e-11,RuntimeError: hpez rc=-6 stderr='malloc(): invalid size (unsorted)\n' stdout='terpAlgo = CUBIC\n\tinterp best interpParadigm = 1D\n\tinterp best direction = 5\n\tinterp best cubic spline = 0\n\tinterp best adj = 1\nLevel: 1\n\tinterp best interpAlgo = CUBIC\n\tinterp best interpParadigm = 1D\n\tinterp best direction = 5\n\tinterp best cubic spline = 0\n\tinterp best adj = 1\nB-M tuning started.\n'
mp-1809898,bulk,1097600,8780800,140x140x56,Q,Q_hpez_b4,2.0955121919436735e-07,1.7978801694358414e-11,RuntimeError: hpez rc=-6 stderr='free(): corrupted unsorted chunks\n' stdout='terpAlgo = CUBIC\n\tinterp best interpParadigm = 1D\n\tinterp best direction = 5\n\tinterp best cubic spline = 0\n\tinterp best adj = 1\nLevel: 1\n\tinterp best interpAlgo = CUBIC\n\tinterp best interpParadigm = 1D\n\tinterp best direction = 5\n\tinterp best cubic spline = 0\n\tinterp best adj = 1\nB-M tuning started.\n'
mp-1809898,bulk,1097600,8780800,140x140x56,Q,Q_hpez_b4,2.093451702585606e-07,1.7961123376997885e-11,RuntimeError: hpez rc=-6 stderr='double free or corruption (!prev)\n' stdout='terpAlgo = CUBIC\n\tinterp best interpParadigm = 1D\n\tinterp best direction = 5\n\tinterp best cubic spline = 0\n\tinterp best adj = 1\nLevel: 1\n\tinterp best interpAlgo = CUBIC\n\tinterp best interpParadigm = 1D\n\tinterp best direction = 5\n\tinterp best cubic spline = 0\n\tinterp best adj = 1\nB-M tuning started.\n'
mp-1809898,bulk,1097600,8780800,140x140x56,Q,Q_hpez_b4,2.092422217800585e-07,1.7952290737956983e-11,RuntimeError: hpez rc=-6 stderr='free(): invalid next size (normal)\n' stdout='terpAlgo = CUBIC\n\tinterp best interpParadigm = 1D\n\tinterp best direction = 5\n\tinterp best cubic spline = 0\n\tinterp best adj = 1\nLevel: 1\n\tinterp best interpAlgo = CUBIC\n\tinterp best interpParadigm = 1D\n\tinterp best direction = 5\n\tinterp best cubic spline = 0\n\tinterp best adj = 1\nB-M tuning started.\n
mp-1809898,bulk,1097600,8780800,140x140x56,Q,Q_hpez_b4,2.0919076652725785e-07,1.794787604741119e-11,RuntimeError: hpez rc=-6 stderr='double free or corruption (!prev)\n' stdout='terpAlgo = CUBIC\n\tinterp best interpParadigm = 1D\n\tinterp best direction = 5\n\tinterp best cubic spline = 0\n\tinterp best adj = 1\nLevel: 1\n\tinterp best interpAlgo = CUBIC\n\tinterp best interpParadigm = 1D\n\tinterp best direction = 5\n\tinterp best cubic spline = 0\n\tinterp best adj = 1\nB-M tuning started.\n'
mp-1809898,bulk,1097600,8780800,140x140x56,Q,Q_hpez_b4,2.091779046912862e-07,1.7946772544414414e-11,RuntimeError: hpez rc=-6 stderr='double free or corruption (!prev)\n' stdout='terpAlgo = CUBIC\n\tinterp best interpParadigm = 1D\n\tinterp best direction = 5\n\tinterp best cubic spline = 0\n\tinterp best adj = 1\nLevel: 1\n\tinterp best interpAlgo = CUBIC\n\tinterp best interpParadigm = 1D\n\tinterp best direction = 5\n\tinterp best cubic spline = 0\n\tinterp best adj = 1\nB-M tuning started.\n'
mp-1809898,bulk,1097600,8780800,140x140x56,Q,Q_hpez_b4,2.091746893558571e-07,1.7946496679266583e-11,RuntimeError: hpez rc=-6 stderr='malloc(): unsorted double linked list corrupted\n' stdout='terpAlgo = CUBIC\n\tinterp best interpParadigm = 1D\n\tinterp best direction = 5\n\tinterp best cubic spline = 0\n\tinterp best adj = 1\nLevel: 1\n\tinterp best interpAlgo = CUBIC\n\tinterp best interpParadigm = 1D\n\tinterp best direction = 5\n\tinterp best cubic spline = 0\n\tinterp best adj = 1\nB-M tuni
mp-1809898,bulk,1097600,8780800,140x140x56,Q,Q_hpez_b4,2.0917308170667632e-07,1.794635874828281e-11,RuntimeError: hpez rc=-6 stderr='malloc(): invalid size (unsorted)\n' stdout='terpAlgo = CUBIC\n\tinterp best interpParadigm = 1D\n\tinterp best direction = 5\n\tinterp best cubic spline = 0\n\tinterp best adj = 1\nLevel: 1\n\tinterp best interpAlgo = CUBIC\n\tinterp best interpParadigm = 1D\n\tinterp best direction = 5\n\tinterp best cubic spline = 0\n\tinterp best adj = 1\nB-M tuning started.\n'
mp-1809898,bulk,1097600,8780800,140x140x56,Q,Q_hpez_b4,2.091722778867194e-07,1.7946289783188456e-11,RuntimeError: hpez rc=-6 stderr='malloc(): invalid size (unsorted)\n' stdout='terpAlgo = CUBIC\n\tinterp best interpParadigm = 1D\n\tinterp best direction = 5\n\tinterp best cubic spline = 0\n\tinterp best adj = 1\nLevel: 1\n\tinterp best interpAlgo = CUBIC\n\tinterp best interpParadigm = 1D\n\tinterp best direction = 5\n\tinterp best cubic spline = 0\n\tinterp best adj = 1\nB-M tuning started.\n'
mp-1809898,bulk,1097600,8780800,140x140x56,Q,Q_hpez_b4,2.091718759778993e-07,1.7946255300740663e-11,RuntimeError: hpez rc=-6 stderr='malloc(): invalid size (unsorted)\n' stdout='terpAlgo = CUBIC\n\tinterp best interpParadigm = 1D\n\tinterp best direction = 5\n\tinterp best cubic spline = 0\n\tinterp best adj = 1\nLevel: 1\n\tinterp best interpAlgo = CUBIC\n\tinterp best interpParadigm = 1D\n\tinterp best direction = 5\n\tinterp best cubic spline = 0\n\tinterp best adj = 1\nB-M tuning started.\n'
mp-1809898,bulk,1097600,8780800,140x140x56,Q,Q_hpez_b4,2.0917182573935078e-07,1.7946250990439318e-11,RuntimeError: hpez rc=-6 stderr='malloc(): invalid size (unsorted)\n' stdout='terpAlgo = CUBIC\n\tinterp best interpParadigm = 1D\n\tinterp best direction = 5\n\tinterp best cubic spline = 0\n\tinterp best adj = 1\nLevel: 1\n\tinterp best interpAlgo = CUBIC\n\tinterp best interpParadigm = 1D\n\tinterp best direction = 5\n\tinterp best cubic spline = 0\n\tinterp best adj = 1\nB-M tuning started.\n'
mp-1809898,bulk,1097600,8780800,140x140x56,Q,Q_hpez_b4,2.091718194595332e-07,1.7946250451651736e-11,RuntimeError: hpez rc=-6 stderr='malloc(): invalid size (unsorted)\n' stdout='terpAlgo = CUBIC\n\tinterp best interpParadigm = 1D\n\tinterp best direction = 5\n\tinterp best cubic spline = 0\n\tinterp best adj = 1\nLevel: 1\n\tinterp best interpAlgo = CUBIC\n\tinterp best interpParadigm = 1D\n\tinterp best direction = 5\n\tinterp best cubic spline = 0\n\tinterp best adj = 1\nB-M tuning started.\n'
mp-1809898,bulk,1097600,8780800,140x140x56,Q,Q_hpez_b8,3.6857803450122724e-07,3.1622776601683826e-11,RuntimeError: hpez rc=-6 stderr='double free or corruption (!prev)\n' stdout='====================================== BEGIN TUNING ================================\nABS QoI eb: 3.68578e-07\n512 2268 2 11.6069\nPointwise QoI eb rate: 3\nPredictor tuning started.\n'
mp-1809898,bulk,1097600,8780800,140x140x56,Q,Q_hpez_b8,2.2273037577015769e-07,1.910952974970443e-11,RuntimeError: hpez rc=-6 stderr='double free or corruption (!prev)\n' stdout='====================================== BEGIN TUNING ================================\nABS QoI eb: 2.2273e-07\n512 2268 2 11.6069\nPointwise QoI eb rate: 3\nPredictor tuning started.\n'
mp-1809898,bulk,1097600,8780800,140x140x56,Q,Q_hpez_b8,1.731428052956624e-07,1.485508017172776e-11,RuntimeError: hpez rc=-6 stderr='free(): invalid next size (normal)\n' stdout='====================================== BEGIN TUNING ================================\nABS QoI eb: 1.73143e-07\n512 2268 2 11.6069\nPointwise QoI eb rate: 3\nPredictor tuning started.\n'
mp-1809898,bulk,1097600,8780800,140x140x56,Q,Q_hpez_b8,1.526570795632051e-07,1.30974726430059e-11,RuntimeError: hpez rc=-6 stderr='free(): invalid next size (normal)\n' stdout='====================================== BEGIN TUNING ================================\nABS QoI eb: 1.52657e-07\n512 2268 2 11.6069\nPointwise QoI eb rate: 3\nPredictor tuning started.\n'
mp-1809898,bulk,1097600,8780800,140x140x56,Q,Q_hpez_b8,1.4792619105581034e-07,1.2691578052463446e-11,RuntimeError: hpez rc=-6 stderr='free(): invalid next size (normal)\n' stdout='====================================== BEGIN TUNING ================================\nABS QoI eb: 1.47926e-07\n512 2268 2 11.6069\nPointwise QoI eb rate: 3\nPredictor tuning started.\n'
mp-1809898,bulk,1097600,8780800,140x140x56,Q,Q_hpez_b8,1.4734523318013598e-07,1.2641733787754884e-11,RuntimeError: hpez rc=-6 stderr='free(): invalid next size (normal)\n' stdout='====================================== BEGIN TUNING ================================\nABS QoI eb: 1.47345e-07\n512 2268 2 11.6069\nPointwise QoI eb rate: 3\nPredictor tuning started.\n'
mp-1809898,bulk,1097600,8780800,140x140x56,Q,Q_hpez_b8,1.4705561041243922e-07,1.26168851119676e-11,RuntimeError: hpez rc=-6 stderr='double free or corruption (!prev)\n' stdout='====================================== BEGIN TUNING ================================\nABS QoI eb: 1.47056e-07\n512 2268 2 11.6069\nPointwise QoI eb rate: 3\nPredictor tuning started.\n'
mp-1809898,bulk,1097600,8780800,140x140x56,Q,Q_hpez_b8,1.4698329371495578e-07,1.261068057844952e-11,RuntimeError: hpez rc=-6 stderr='double free or corruption (!prev)\n' stdout='====================================== BEGIN TUNING ================================\nABS QoI eb: 1.46983e-07\n512 2268 2 11.6069\nPointwise QoI eb rate: 3\nPredictor tuning started.\n'
mp-1809898,bulk,1097600,8780800,140x140x56,Q,Q_hpez_b8,1.4694714870334586e-07,1.2607579455972288e-11,RuntimeError: hpez rc=-6 stderr='double free or corruption (!prev)\n' stdout='====================================== BEGIN TUNING ================================\nABS QoI eb: 1.46947e-07\n512 2268 2 11.6069\nPointwise QoI eb rate: 3\nPredictor tuning started.\n'
mp-1809898,bulk,1097600,8780800,140x140x56,Q,Q_hpez_b8,1.469290795308671e-07,1.2606029180722038e-11,RuntimeError: hpez rc=-6 stderr='double free or corruption (!prev)\n' stdout='====================================== BEGIN TUNING ================================\nABS QoI eb: 1.46929e-07\n512 2268 2 11.6069\nPointwise QoI eb rate: 3\nPredictor tuning started.\n'
mp-1809898,bulk,1097600,8780800,140x140x56,Q,Q_hpez_b8,1.4692004577783986e-07,1.260525411458376e-11,RuntimeError: hpez rc=-6 stderr='double free or corruption (!prev)\n' stdout='====================================== BEGIN TUNING ================================\nABS QoI eb: 1.4692e-07\n512 2268 2 11.6069\nPointwise QoI eb rate: 3\nPredictor tuning started.\n'
mp-1809898,bulk,1097600,8780800,140x140x56,Q,Q_hpez_b8,1.4691552910961417e-07,1.2604866599385038e-11,RuntimeError: hpez rc=-6 stderr='malloc(): invalid size (unsorted)\n' stdout='terpAlgo = CUBIC\n\tinterp best interpParadigm = 1D\n\tinterp best direction = 5\n\tinterp best cubic spline = 0\n\tinterp best adj = 1\nLevel: 1\n\tinterp best interpAlgo = CUBIC\n\tinterp best interpParadigm = 1D\n\tinterp best direction = 5\n\tinterp best cubic spline = 0\n\tinterp best adj = 1\nB-M tuning started.\n'
mp-1809898,bulk,1097600,8780800,140x140x56,Q,Q_hpez_b8,1.469132708275715e-07,1.2604672846253124e-11,RuntimeError: hpez rc=-6 stderr='malloc(): unsorted double linked list corrupted\n' stdout='terpAlgo = CUBIC\n\tinterp best interpParadigm = 1D\n\tinterp best direction = 5\n\tinterp best cubic spline = 0\n\tinterp best adj = 1\nLevel: 1\n\tinterp best interpAlgo = CUBIC\n\tinterp best interpParadigm = 1D\n\tinterp best direction = 5\n\tinterp best cubic spline = 0\n\tinterp best adj = 1\nB-M tuni
mp-1809898,bulk,1097600,8780800,140x140x56,Q,Q_hpez_b8,1.4691214169956744e-07,1.2604575970804006e-11,RuntimeError: hpez rc=-6 stderr='double free or corruption (out)\n' stdout='terpAlgo = CUBIC\n\tinterp best interpParadigm = 1D\n\tinterp best direction = 5\n\tinterp best cubic spline = 0\n\tinterp best adj = 1\nLevel: 1\n\tinterp best interpAlgo = CUBIC\n\tinterp best interpParadigm = 1D\n\tinterp best direction = 5\n\tinterp best cubic spline = 0\n\tinterp best adj = 1\nB-M tuning started.\n'
mp-1809898,bulk,1097600,8780800,140x140x56,Q,Q_hpez_b8,1.4691185941892238e-07,1.2604551752058064e-11,RuntimeError: hpez rc=-6 stderr='free(): invalid size\n' stdout='terpAlgo = CUBIC\n\tinterp best interpParadigm = 1D\n\tinterp best direction = 5\n\tinterp best cubic spline = 0\n\tinterp best adj = 1\nLevel: 1\n\tinterp best interpAlgo = CUBIC\n\tinterp best interpParadigm = 1D\n\tinterp best direction = 5\n\tinterp best cubic spline = 0\n\tinterp best adj = 1\nB-M tuning started.\n'
mp-1809898,bulk,1097600,8780800,140x140x56,Q,Q_hpez_b8,1.469117182788031e-07,1.2604539642702532e-11,RuntimeError: hpez rc=-11 stderr='' stdout='terpAlgo = CUBIC\n\tinterp best interpParadigm = 1D\n\tinterp best direction = 5\n\tinterp best cubic spline = 0\n\tinterp best adj = 1\nLevel: 1\n\tinterp best interpAlgo = CUBIC\n\tinterp best interpParadigm = 1D\n\tinterp best direction = 5\n\tinterp best cubic spline = 0\n\tinterp best adj = 1\nB-M tuning started.\n'
mp-1809898,bulk,1097600,8780800,140x140x56,Q,Q_hpez_b8,1.469117094575503e-07,1.2604538885868209e-11,RuntimeError: hpez rc=-11 stderr='' stdout='terpAlgo = CUBIC\n\tinterp best interpParadigm = 1D\n\tinterp best direction = 5\n\tinterp best cubic spline = 0\n\tinterp best adj = 1\nLevel: 1\n\tinterp best interpAlgo = CUBIC\n\tinterp best interpParadigm = 1D\n\tinterp best direction = 5\n\tinterp best cubic spline = 0\n\tinterp best adj = 1\nB-M tuning started.\n'
mp-1809898,bulk,1097600,8780800,140x140x56,Q,Q_hpez_b8,1.469117050469241e-07,1.2604538507451068e-11,RuntimeError: hpez rc=-6 stderr='free(): invalid size\n' stdout='terpAlgo = CUBIC\n\tinterp best interpParadigm = 1D\n\tinterp best direction = 5\n\tinterp best cubic spline = 0\n\tinterp best adj = 1\nLevel: 1\n\tinterp best interpAlgo = CUBIC\n\tinterp best interpParadigm = 1D\n\tinterp best direction = 5\n\tinterp best cubic spline = 0\n\tinterp best adj = 1\nB-M tuning started.\n'
mp-1809898,bulk,1097600,8780800,140x140x56,Q,Q_hpez_b8,1.469117039442676e-07,1.2604538412846784e-11,RuntimeError: hpez rc=-6 stderr='free(): invalid size\n' stdout='terpAlgo = CUBIC\n\tinterp best interpParadigm = 1D\n\tinterp best direction = 5\n\tinterp best cubic spline = 0\n\tinterp best adj = 1\nLevel: 1\n\tinterp best interpAlgo = CUBIC\n\tinterp best interpParadigm = 1D\n\tinterp best direction = 5\n\tinterp best cubic spline = 0\n\tinterp best adj = 1\nB-M tuning started.\n'
mp-1809898,bulk,1097600,8780800,140x140x56,Q,Q_hpez_b8,1.4691170339293935e-07,1.260453836554464e-11,RuntimeError: hpez rc=-6 stderr='free(): invalid size\n' stdout='terpAlgo = CUBIC\n\tinterp best interpParadigm = 1D\n\tinterp best direction = 5\n\tinterp best cubic spline = 0\n\tinterp best adj = 1\nLevel: 1\n\tinterp best interpAlgo = CUBIC\n\tinterp best interpParadigm = 1D\n\tinterp best direction = 5\n\tinterp best cubic spline = 0\n\tinterp best adj = 1\nB-M tuning started.\n'
mp-1809898,bulk,1097600,8780800,140x140x56,Q,Q_hpez_b8,1.469117031172753e-07,1.260453834189358e-11,RuntimeError: hpez rc=-6 stderr='free(): invalid size\n' stdout='terpAlgo = CUBIC\n\tinterp best interpParadigm = 1D\n\tinterp best direction = 5\n\tinterp best cubic spline = 0\n\tinterp best adj = 1\nLevel: 1\n\tinterp best interpAlgo = CUBIC\n\tinterp best interpParadigm = 1D\n\tinterp best direction = 5\n\tinterp best cubic spline = 0\n\tinterp best adj = 1\nB-M tuning started.\n'
mp-1809898,bulk,1097600,8780800,140x140x56,Q,Q_hpez_b16,3.6857803450122724e-07,3.1622776601683826e-11,RuntimeError: hpez rc=-6 stderr='double free or corruption (out)\n' stdout='====================================== BEGIN TUNING ================================\nABS QoI eb: 3.68578e-07\n4096 324 2 32.8294\nPointwise QoI eb rate: 4\nPredictor tuning started.\n'
mp-1809898,bulk,1097600,8780800,140x140x56,Q,Q_hpez_b16,1.3459516207428897e-07,1.154781984689458e-11,RuntimeError: hpez rc=-6 stderr='corrupted double-linked list\n' stdout='====================================== BEGIN TUNING ================================\nABS QoI eb: 1.34595e-07\n4096 324 2 32.8294\nPointwise QoI eb rate: 4\nPredictor tuning started.\n'
mp-1809898,bulk,1097600,8780800,140x140x56,Q,Q_hpez_b16,1.186702752708143e-07,1.0181517217181831e-11,RuntimeError: hpez rc=-6 stderr='free(): invalid next size (normal)\n' stdout='====================================== BEGIN TUNING ================================\nABS QoI eb: 1.1867e-07\n4096 324 2 32.8294\nPointwise QoI eb rate: 4\nPredictor tuning started.\n'
mp-1809898,bulk,1097600,8780800,140x140x56,Q,Q_hpez_b16,1.1142899146406449e-07,9.560239010953086e-12,RuntimeError: hpez rc=-11 stderr='' stdout='====================================== BEGIN TUNING ================================\nABS QoI eb: 1.11429e-07\n4096 324 2 32.8294\nPointwise QoI eb rate: 4\nPredictor tuning started.\n'
mp-1809898,bulk,1097600,8780800,140x140x56,Q,Q_hpez_b16,1.0968879418041429e-07,9.410935838239074e-12,RuntimeError: hpez rc=-6 stderr='double free or corruption (!prev)\n' stdout='terpAlgo = CUBIC\n\tinterp best interpParadigm = 1D\n\tinterp best direction = 5\n\tinterp best cubic spline = 0\n\tinterp best adj = 1\nLevel: 1\n\tinterp best interpAlgo = CUBIC\n\tinterp best interpParadigm = 1D\n\tinterp best direction = 5\n\tinterp best cubic spline = 0\n\tinterp best adj = 1\nB-M tuning started.\n'
mp-1809898,bulk,1097600,8780800,140x140x56,Q,Q_hpez_b16,1.0947318915899449e-07,9.392437640331578e-12,RuntimeError: hpez rc=-6 stderr='Fatal glibc error: malloc.c:4179 (_int_malloc): assertion failed: chunk_main_arena (bck->bk)\n' stdout='terpAlgo = CUBIC\n\tinterp best interpParadigm = 1D\n\tinterp best direction = 5\n\tinterp best cubic spline = 0\n\tinterp best adj = 1\nLevel: 1\n\tinterp best interpAlgo = CUBIC\n\tinterp best interpParadigm = 1D\n\tinterp best direction = 5\n\tinterp best cubi
mp-1809898,bulk,1097600,8780800,140x140x56,Q,Q_hpez_b16,1.0936554562338433e-07,9.383202180915712e-12,RuntimeError: hpez rc=-6 stderr='corrupted double-linked list\n' stdout='terpAlgo = CUBIC\n\tinterp best interpParadigm = 1D\n\tinterp best direction = 5\n\tinterp best cubic spline = 0\n\tinterp best adj = 1\nLevel: 1\n\tinterp best interpAlgo = CUBIC\n\tinterp best interpParadigm = 1D\n\tinterp best direction = 5\n\tinterp best cubic spline = 0\n\tinterp best adj = 1\nB-M tuning started.\n'
mp-1809898,bulk,1097600,8780800,140x140x56,Q,Q_hpez_b16,1.0931176355375905e-07,9.37858785718034e-12,RuntimeError: hpez rc=-6 stderr='malloc(): invalid size (unsorted)\n' stdout='terpAlgo = CUBIC\n\tinterp best interpParadigm = 1D\n\tinterp best direction = 5\n\tinterp best cubic spline = 0\n\tinterp best adj = 1\nLevel: 1\n\tinterp best interpAlgo = CUBIC\n\tinterp best interpParadigm = 1D\n\tinterp best direction = 5\n\tinterp best cubic spline = 0\n\tinterp best adj = 1\nB-M tuning started.\n'
mp-1809898,bulk,1097600,8780800,140x140x56,Q,Q_hpez_b16,1.0930840305270201e-07,9.378299537301648e-12,RuntimeError: hpez rc=-6 stderr='double free or corruption (!prev)\n' stdout='terpAlgo = CUBIC\n\tinterp best interpParadigm = 1D\n\tinterp best direction = 5\n\tinterp best cubic spline = 0\n\tinterp best adj = 1\nLevel: 1\n\tinterp best interpAlgo = CUBIC\n\tinterp best interpParadigm = 1D\n\tinterp best direction = 5\n\tinterp best cubic spline = 0\n\tinterp best adj = 1\nB-M tuning started.\n'
mp-1809898,bulk,1097600,8780800,140x140x56,Q,Q_hpez_b16,1.0930756294358005e-07,9.378227458716926e-12,RuntimeError: hpez rc=-6 stderr='malloc(): unsorted double linked list corrupted\n' stdout='terpAlgo = CUBIC\n\tinterp best interpParadigm = 1D\n\tinterp best direction = 5\n\tinterp best cubic spline = 0\n\tinterp best adj = 1\nLevel: 1\n\tinterp best interpAlgo = CUBIC\n\tinterp best interpParadigm = 1D\n\tinterp best direction = 5\n\tinterp best cubic spline = 0\n\tinterp best adj = 1\nB-M tuni
mp-1809898,bulk,1097600,8780800,140x140x56,Q,Q_hpez_b16,1.0930714289144033e-07,9.378191419632308e-12,RuntimeError: hpez rc=-6 stderr='double free or corruption (!prev)\n' stdout='terpAlgo = CUBIC\n\tinterp best interpParadigm = 1D\n\tinterp best direction = 5\n\tinterp best cubic spline = 0\n\tinterp best adj = 1\nLevel: 1\n\tinterp best interpAlgo = CUBIC\n\tinterp best interpParadigm = 1D\n\tinterp best direction = 5\n\tinterp best cubic spline = 0\n\tinterp best adj = 1\nB-M tuning started.\n'
mp-1809898,bulk,1097600,8780800,140x140x56,Q,Q_hpez_b16,1.0930693286597561e-07,9.378173400141916e-12,RuntimeError: hpez rc=-6 stderr='malloc(): unsorted double linked list corrupted\n' stdout='terpAlgo = CUBIC\n\tinterp best interpParadigm = 1D\n\tinterp best direction = 5\n\tinterp best cubic spline = 0\n\tinterp best adj = 1\nLevel: 1\n\tinterp best interpAlgo = CUBIC\n\tinterp best interpParadigm = 1D\n\tinterp best direction = 5\n\tinterp best cubic spline = 0\n\tinterp best adj = 1\nB-M tuni
mp-1809898,bulk,1097600,8780800,140x140x56,Q,Q_hpez_b16,1.093068278533948e-07,9.378164390409719e-12,RuntimeError: hpez rc=-6 stderr='malloc(): unsorted double linked list corrupted\n' stdout='terpAlgo = CUBIC\n\tinterp best interpParadigm = 1D\n\tinterp best direction = 5\n\tinterp best cubic spline = 0\n\tinterp best adj = 1\nLevel: 1\n\tinterp best interpAlgo = CUBIC\n\tinterp best interpParadigm = 1D\n\tinterp best direction = 5\n\tinterp best cubic spline = 0\n\tinterp best adj = 1\nB-M tuni
mp-1809898,bulk,1097600,8780800,140x140x56,Q,Q_hpez_b16,1.0930680160026535e-07,9.378162137978022e-12,RuntimeError: hpez rc=-6 stderr='malloc(): unsorted double linked list corrupted\n' stdout='terpAlgo = CUBIC\n\tinterp best interpParadigm = 1D\n\tinterp best direction = 5\n\tinterp best cubic spline = 0\n\tinterp best adj = 1\nLevel: 1\n\tinterp best interpAlgo = CUBIC\n\tinterp best interpParadigm = 1D\n\tinterp best direction = 5\n\tinterp best cubic spline = 0\n\tinterp best adj = 1\nB-M tuni
mp-1809898,bulk,1097600,8780800,140x140x56,Q,Q_hpez_b16,1.0930679503698369e-07,9.378161574870155e-12,RuntimeError: hpez rc=-6 stderr='malloc(): unsorted double linked list corrupted\n' stdout='terpAlgo = CUBIC\n\tinterp best interpParadigm = 1D\n\tinterp best direction = 5\n\tinterp best cubic spline = 0\n\tinterp best adj = 1\nLevel: 1\n\tinterp best interpAlgo = CUBIC\n\tinterp best interpParadigm = 1D\n\tinterp best direction = 5\n\tinterp best cubic spline = 0\n\tinterp best adj = 1\nB-M tuni
mp-1809898,bulk,1097600,8780800,140x140x56,Q,Q_hpez_b16,1.0930679175534319e-07,9.378161293316254e-12,RuntimeError: hpez rc=-6 stderr='malloc(): unsorted double linked list corrupted\n' stdout='terpAlgo = CUBIC\n\tinterp best interpParadigm = 1D\n\tinterp best direction = 5\n\tinterp best cubic spline = 0\n\tinterp best adj = 1\nLevel: 1\n\tinterp best interpAlgo = CUBIC\n\tinterp best interpParadigm = 1D\n\tinterp best direction = 5\n\tinterp best cubic spline = 0\n\tinterp best adj = 1\nB-M tuni
mp-1809898,bulk,1097600,8780800,140x140x56,Q,Q_hpez_b16,1.0930679093493308e-07,9.37816122292778e-12,RuntimeError: hpez rc=-6 stderr='malloc(): unsorted double linked list corrupted\n' stdout='terpAlgo = CUBIC\n\tinterp best interpParadigm = 1D\n\tinterp best direction = 5\n\tinterp best cubic spline = 0\n\tinterp best adj = 1\nLevel: 1\n\tinterp best interpAlgo = CUBIC\n\tinterp best interpParadigm = 1D\n\tinterp best direction = 5\n\tinterp best cubic spline = 0\n\tinterp best adj = 1\nB-M tuni
mp-1809898,bulk,1097600,8780800,140x140x56,Q,Q_hpez_b16,1.0930679052472824e-07,9.37816118773356e-12,RuntimeError: hpez rc=-6 stderr='malloc(): unsorted double linked list corrupted\n' stdout='terpAlgo = CUBIC\n\tinterp best interpParadigm = 1D\n\tinterp best direction = 5\n\tinterp best cubic spline = 0\n\tinterp best adj = 1\nLevel: 1\n\tinterp best interpAlgo = CUBIC\n\tinterp best interpParadigm = 1D\n\tinterp best direction = 5\n\tinterp best cubic spline = 0\n\tinterp best adj = 1\nB-M tuni
mp-1809898,bulk,1097600,8780800,140x140x56,Q,Q_hpez_b16,1.0930679042217692e-07,9.378161178934995e-12,RuntimeError: hpez rc=-6 stderr='malloc(): unsorted double linked list corrupted\n' stdout='terpAlgo = CUBIC\n\tinterp best interpParadigm = 1D\n\tinterp best direction = 5\n\tinterp best cubic spline = 0\n\tinterp best adj = 1\nLevel: 1\n\tinterp best interpAlgo = CUBIC\n\tinterp best interpParadigm = 1D\n\tinterp best direction = 5\n\tinterp best cubic spline = 0\n\tinterp best adj = 1\nB-M tuni
mp-1809898,bulk,1097600,8780800,140x140x56,Q,Q_sz3_b4,2.072666603574742e-05,1.778279410038923e-09,RuntimeError: hpez rc=-11 stderr='' stdout='====================================== BEGIN TUNING ================================\nABS QoI eb: 2.07267e-05\n64 17150 2 3.2383\nPointwise QoI eb rate: 2\n'
mp-1809898,bulk,1097600,8780800,140x140x56,Q,Q_sz3_b4,2.763945337596086e-06,2.371373705661659e-10,RuntimeError: hpez rc=-6 stderr='double free or corruption (out)\n' stdout='====================================== BEGIN TUNING ================================\nABS QoI eb: 2.76395e-06\n64 17150 2 3.2383\nPointwise QoI eb rate: 2\n'
mp-1809898,bulk,1097600,8780800,140x140x56,Q,Q_sz3_b4,1.009321326436729e-06,8.659643233600672e-11,RuntimeError: hpez rc=-6 stderr='double free or corruption (out)\n' stdout='====================================== BEGIN TUNING ================================\nABS QoI eb: 1.00932e-06\n64 17150 2 3.2383\nPointwise QoI eb rate: 2\n'
mp-1809898,bulk,1097600,8780800,140x140x56,Q,Q_sz3_b4,7.846111034461286e-07,6.73170382414499e-11,RuntimeError: hpez rc=-6 stderr='free(): corrupted unsorted chunks\n' stdout='====================================== BEGIN TUNING ================================\nABS QoI eb: 7.84611e-07\n64 17150 2 3.2383\nPointwise QoI eb rate: 2\n'
mp-1809898,bulk,1097600,8780800,140x140x56,Q,Q_sz3_b4,6.917783239125472e-07,5.935229272296993e-11,RuntimeError: hpez rc=-6 stderr='malloc(): invalid size (unsorted)\n' stdout='====================================== BEGIN TUNING ================================\nABS QoI eb: 6.91778e-07\n64 17150 2 3.2383\nPointwise QoI eb rate: 2\n'
mp-1809898,bulk,1097600,8780800,140x140x56,Q,Q_sz3_b4,6.890614685495506e-07,5.911919551651434e-11,RuntimeError: hpez rc=-6 stderr='malloc(): invalid size (unsorted)\n' stdout='====================================== BEGIN TUNING ================================\nABS QoI eb: 6.89061e-07\n64 17150 2 3.2383\nPointwise QoI eb rate: 2\n'
mp-1809898,bulk,1097600,8780800,140x140x56,Q,Q_sz3_b4,6.883839235424365e-07,5.906106439530807e-11,RuntimeError: hpez rc=-6 stderr='malloc(): invalid size (unsorted)\n' stdout='====================================== BEGIN TUNING ================================\nABS QoI eb: 6.88384e-07\n64 17150 2 3.2383\nPointwise QoI eb rate: 2\n'
mp-1809898,bulk,1097600,8780800,140x140x56,Q,Q_sz3_b4,6.882146414132923e-07,5.904654054838425e-11,RuntimeError: hpez rc=-6 stderr='corrupted double-linked list\n' stdout='====================================== BEGIN TUNING ================================\nABS QoI eb: 6.88215e-07\n64 17150 2 3.2383\nPointwise QoI eb rate: 2\n'
mp-1809898,bulk,1097600,8780800,140x140x56,Q,Q_sz3_b4,6.882040626625255e-07,5.904563292654869e-11,RuntimeError: hpez rc=-6 stderr='corrupted double-linked list\n' stdout='====================================== BEGIN TUNING ================================\nABS QoI eb: 6.88204e-07\n64 17150 2 3.2383\nPointwise QoI eb rate: 2\n'
mp-1809898,bulk,1097600,8780800,140x140x56,Q,Q_sz3_b4,6.882014180002416e-07,5.904540602326969e-11,RuntimeError: hpez rc=-6 stderr='malloc(): invalid size (unsorted)\n' stdout='====================================== BEGIN TUNING ================================\nABS QoI eb: 6.88201e-07\n64 17150 2 3.2383\nPointwise QoI eb rate: 2\n'
mp-1809898,bulk,1097600,8780800,140x140x56,Q,Q_sz3_b4,6.882000956729108e-07,5.904529257195718e-11,RuntimeError: hpez rc=-6 stderr='malloc(): invalid size (unsorted)\n' stdout='====================================== BEGIN TUNING ================================\nABS QoI eb: 6.882e-07\n64 17150 2 3.2383\nPointwise QoI eb rate: 2\n'
mp-1809898,bulk,1097600,8780800,140x140x56,Q,Q_sz3_b4,6.881997650914741e-07,5.904526420916302e-11,RuntimeError: hpez rc=-6 stderr='malloc(): invalid size (unsorted)\n' stdout='====================================== BEGIN TUNING ================================\nABS QoI eb: 6.882e-07\n64 17150 2 3.2383\nPointwise QoI eb rate: 2\n'
mp-1809898,bulk,1097600,8780800,140x140x56,Q,Q_sz3_b4,6.8819968244614e-07,5.904525711846665e-11,RuntimeError: hpez rc=-6 stderr='malloc(): invalid size (unsorted)\n' stdout='====================================== BEGIN TUNING ================================\nABS QoI eb: 6.882e-07\n64 17150 2 3.2383\nPointwise QoI eb rate: 2\n'
mp-1809898,bulk,1097600,8780800,140x140x56,Q,Q_sz3_b4,6.881996772808058e-07,5.904525667529806e-11,RuntimeError: hpez rc=-6 stderr='malloc(): invalid size (unsorted)\n' stdout='====================================== BEGIN TUNING ================================\nABS QoI eb: 6.882e-07\n64 17150 2 3.2383\nPointwise QoI eb rate: 2\n'
mp-1809898,bulk,1097600,8780800,140x140x56,Q,Q_sz3_b4,6.88199676635139e-07,5.904525661990198e-11,RuntimeError: hpez rc=-6 stderr='malloc(): invalid size (unsorted)\n' stdout='====================================== BEGIN TUNING ================================\nABS QoI eb: 6.882e-07\n64 17150 2 3.2383\nPointwise QoI eb rate: 2\n'
mp-1809898,bulk,1097600,8780800,140x140x56,Q,Q_sz3_b8,2.072666603574742e-05,1.778279410038923e-09,RuntimeError: hpez rc=-11 stderr='' stdout='====================================== BEGIN TUNING ================================\nABS QoI eb: 2.07267e-05\n512 2268 2 9.15929\nPointwise QoI eb rate: 2\n'
mp-1809898,bulk,1097600,8780800,140x140x56,Q,Q_sz3_b8,2.763945337596086e-06,2.371373705661659e-10,RuntimeError: hpez rc=-6 stderr='double free or corruption (out)\n' stdout='====================================== BEGIN TUNING ================================\nABS QoI eb: 2.76395e-06\n512 2268 2 9.15929\nPointwise QoI eb rate: 2\n'
mp-1809898,bulk,1097600,8780800,140x140x56,Q,Q_sz3_b8,1.009321326436729e-06,8.659643233600672e-11,RuntimeError: hpez rc=-6 stderr='double free or corruption (out)\n' stdout='====================================== BEGIN TUNING ================================\nABS QoI eb: 1.00932e-06\n512 2268 2 9.15929\nPointwise QoI eb rate: 2\n'
mp-1809898,bulk,1097600,8780800,140x140x56,Q,Q_sz3_b8,7.846111034461286e-07,6.73170382414499e-11,RuntimeError: hpez rc=-6 stderr='free(): corrupted unsorted chunks\n' stdout='====================================== BEGIN TUNING ================================\nABS QoI eb: 7.84611e-07\n512 2268 2 9.15929\nPointwise QoI eb rate: 2\n'
mp-1809898,bulk,1097600,8780800,140x140x56,Q,Q_sz3_b8,6.917783239125472e-07,5.935229272296993e-11,RuntimeError: hpez rc=-6 stderr='malloc(): invalid size (unsorted)\n' stdout='====================================== BEGIN TUNING ================================\nABS QoI eb: 6.91778e-07\n512 2268 2 9.15929\nPointwise QoI eb rate: 2\n'
mp-1809898,bulk,1097600,8780800,140x140x56,Q,Q_sz3_b8,6.890614685495506e-07,5.911919551651434e-11,RuntimeError: hpez rc=-6 stderr='malloc(): invalid size (unsorted)\n' stdout='====================================== BEGIN TUNING ================================\nABS QoI eb: 6.89061e-07\n512 2268 2 9.15929\nPointwise QoI eb rate: 2\n'
mp-1809898,bulk,1097600,8780800,140x140x56,Q,Q_sz3_b8,6.883839235424365e-07,5.906106439530807e-11,RuntimeError: hpez rc=-6 stderr='malloc(): invalid size (unsorted)\n' stdout='====================================== BEGIN TUNING ================================\nABS QoI eb: 6.88384e-07\n512 2268 2 9.15929\nPointwise QoI eb rate: 2\n'
mp-1809898,bulk,1097600,8780800,140x140x56,Q,Q_sz3_b8,6.882146414132923e-07,5.904654054838425e-11,RuntimeError: hpez rc=-6 stderr='corrupted double-linked list\n' stdout='====================================== BEGIN TUNING ================================\nABS QoI eb: 6.88215e-07\n512 2268 2 9.15929\nPointwise QoI eb rate: 2\n'
mp-1809898,bulk,1097600,8780800,140x140x56,Q,Q_sz3_b8,6.882040626625255e-07,5.904563292654869e-11,RuntimeError: hpez rc=-6 stderr='corrupted double-linked list\n' stdout='====================================== BEGIN TUNING ================================\nABS QoI eb: 6.88204e-07\n512 2268 2 9.15929\nPointwise QoI eb rate: 2\n'
mp-1809898,bulk,1097600,8780800,140x140x56,Q,Q_sz3_b8,6.882014180002416e-07,5.904540602326969e-11,RuntimeError: hpez rc=-6 stderr='malloc(): invalid size (unsorted)\n' stdout='====================================== BEGIN TUNING ================================\nABS QoI eb: 6.88201e-07\n512 2268 2 9.15929\nPointwise QoI eb rate: 2\n'
mp-1809898,bulk,1097600,8780800,140x140x56,Q,Q_sz3_b8,6.882000956729108e-07,5.904529257195718e-11,RuntimeError: hpez rc=-6 stderr='malloc(): invalid size (unsorted)\n' stdout='====================================== BEGIN TUNING ================================\nABS QoI eb: 6.882e-07\n512 2268 2 9.15929\nPointwise QoI eb rate: 2\n'
mp-1809898,bulk,1097600,8780800,140x140x56,Q,Q_sz3_b8,6.881997650914741e-07,5.904526420916302e-11,RuntimeError: hpez rc=-6 stderr='malloc(): invalid size (unsorted)\n' stdout='====================================== BEGIN TUNING ================================\nABS QoI eb: 6.882e-07\n512 2268 2 9.15929\nPointwise QoI eb rate: 2\n'
mp-1809898,bulk,1097600,8780800,140x140x56,Q,Q_sz3_b8,6.8819968244614e-07,5.904525711846665e-11,RuntimeError: hpez rc=-6 stderr='malloc(): invalid size (unsorted)\n' stdout='====================================== BEGIN TUNING ================================\nABS QoI eb: 6.882e-07\n512 2268 2 9.15929\nPointwise QoI eb rate: 2\n'
mp-1809898,bulk,1097600,8780800,140x140x56,Q,Q_sz3_b8,6.881996772808058e-07,5.904525667529806e-11,RuntimeError: hpez rc=-6 stderr='malloc(): invalid size (unsorted)\n' stdout='====================================== BEGIN TUNING ================================\nABS QoI eb: 6.882e-07\n512 2268 2 9.15929\nPointwise QoI eb rate: 2\n'
mp-1809898,bulk,1097600,8780800,140x140x56,Q,Q_sz3_b8,6.88199676635139e-07,5.904525661990198e-11,RuntimeError: hpez rc=-6 stderr='malloc(): invalid size (unsorted)\n' stdout='====================================== BEGIN TUNING ================================\nABS QoI eb: 6.882e-07\n512 2268 2 9.15929\nPointwise QoI eb rate: 2\n'
mp-1809898,bulk,1097600,8780800,140x140x56,Q,Q_sz3_b16,2.072666603574742e-05,1.778279410038923e-09,RuntimeError: hpez rc=-11 stderr='' stdout='====================================== BEGIN TUNING ================================\nABS QoI eb: 2.07267e-05\n4096 324 2 25.9064\nPointwise QoI eb rate: 2\n'
mp-1809898,bulk,1097600,8780800,140x140x56,Q,Q_sz3_b16,2.763945337596086e-06,2.371373705661659e-10,RuntimeError: hpez rc=-6 stderr='double free or corruption (out)\n' stdout='====================================== BEGIN TUNING ================================\nABS QoI eb: 2.76395e-06\n4096 324 2 25.9064\nPointwise QoI eb rate: 2\n'
mp-1809898,bulk,1097600,8780800,140x140x56,Q,Q_sz3_b16,1.009321326436729e-06,8.659643233600672e-11,RuntimeError: hpez rc=-6 stderr='double free or corruption (out)\n' stdout='====================================== BEGIN TUNING ================================\nABS QoI eb: 1.00932e-06\n4096 324 2 25.9064\nPointwise QoI eb rate: 2\n'
mp-1809898,bulk,1097600,8780800,140x140x56,Q,Q_sz3_b16,7.846111034461286e-07,6.73170382414499e-11,RuntimeError: hpez rc=-6 stderr='free(): corrupted unsorted chunks\n' stdout='====================================== BEGIN TUNING ================================\nABS QoI eb: 7.84611e-07\n4096 324 2 25.9064\nPointwise QoI eb rate: 2\n'
mp-1809898,bulk,1097600,8780800,140x140x56,Q,Q_sz3_b16,6.917783239125472e-07,5.935229272296993e-11,RuntimeError: hpez rc=-6 stderr='malloc(): invalid size (unsorted)\n' stdout='====================================== BEGIN TUNING ================================\nABS QoI eb: 6.91778e-07\n4096 324 2 25.9064\nPointwise QoI eb rate: 2\n'
mp-1809898,bulk,1097600,8780800,140x140x56,Q,Q_sz3_b16,6.890614685495506e-07,5.911919551651434e-11,RuntimeError: hpez rc=-6 stderr='malloc(): invalid size (unsorted)\n' stdout='====================================== BEGIN TUNING ================================\nABS QoI eb: 6.89061e-07\n4096 324 2 25.9064\nPointwise QoI eb rate: 2\n'
mp-1809898,bulk,1097600,8780800,140x140x56,Q,Q_sz3_b16,6.883839235424365e-07,5.906106439530807e-11,RuntimeError: hpez rc=-6 stderr='malloc(): invalid size (unsorted)\n' stdout='====================================== BEGIN TUNING ================================\nABS QoI eb: 6.88384e-07\n4096 324 2 25.9064\nPointwise QoI eb rate: 2\n'
mp-1809898,bulk,1097600,8780800,140x140x56,Q,Q_sz3_b16,6.882146414132923e-07,5.904654054838425e-11,RuntimeError: hpez rc=-6 stderr='corrupted double-linked list\n' stdout='====================================== BEGIN TUNING ================================\nABS QoI eb: 6.88215e-07\n4096 324 2 25.9064\nPointwise QoI eb rate: 2\n'
mp-1809898,bulk,1097600,8780800,140x140x56,Q,Q_sz3_b16,6.882040626625255e-07,5.904563292654869e-11,RuntimeError: hpez rc=-6 stderr='corrupted double-linked list\n' stdout='====================================== BEGIN TUNING ================================\nABS QoI eb: 6.88204e-07\n4096 324 2 25.9064\nPointwise QoI eb rate: 2\n'
mp-1809898,bulk,1097600,8780800,140x140x56,Q,Q_sz3_b16,6.882014180002416e-07,5.904540602326969e-11,RuntimeError: hpez rc=-6 stderr='malloc(): invalid size (unsorted)\n' stdout='====================================== BEGIN TUNING ================================\nABS QoI eb: 6.88201e-07\n4096 324 2 25.9064\nPointwise QoI eb rate: 2\n'
mp-1809898,bulk,1097600,8780800,140x140x56,Q,Q_sz3_b16,6.882000956729108e-07,5.904529257195718e-11,RuntimeError: hpez rc=-6 stderr='malloc(): invalid size (unsorted)\n' stdout='====================================== BEGIN TUNING ================================\nABS QoI eb: 6.882e-07\n4096 324 2 25.9064\nPointwise QoI eb rate: 2\n'
mp-1809898,bulk,1097600,8780800,140x140x56,Q,Q_sz3_b16,6.881997650914741e-07,5.904526420916302e-11,RuntimeError: hpez rc=-6 stderr='malloc(): invalid size (unsorted)\n' stdout='====================================== BEGIN TUNING ================================\nABS QoI eb: 6.882e-07\n4096 324 2 25.9064\nPointwise QoI eb rate: 2\n'
mp-1809898,bulk,1097600,8780800,140x140x56,Q,Q_sz3_b16,6.8819968244614e-07,5.904525711846665e-11,RuntimeError: hpez rc=-6 stderr='malloc(): invalid size (unsorted)\n' stdout='====================================== BEGIN TUNING ================================\nABS QoI eb: 6.882e-07\n4096 324 2 25.9064\nPointwise QoI eb rate: 2\n'
mp-1809898,bulk,1097600,8780800,140x140x56,Q,Q_sz3_b16,6.881996772808058e-07,5.904525667529806e-11,RuntimeError: hpez rc=-6 stderr='malloc(): invalid size (unsorted)\n' stdout='====================================== BEGIN TUNING ================================\nABS QoI eb: 6.882e-07\n4096 324 2 25.9064\nPointwise QoI eb rate: 2\n'
mp-1809898,bulk,1097600,8780800,140x140x56,Q,Q_sz3_b16,6.88199676635139e-07,5.904525661990198e-11,RuntimeError: hpez rc=-6 stderr='malloc(): invalid size (unsorted)\n' stdout='====================================== BEGIN TUNING ================================\nABS QoI eb: 6.882e-07\n4096 324 2 25.9064\nPointwise QoI eb rate: 2\n'
mp-1822131,bulk,1756160,14049280,112x112x140,Q,Q_sz3_b4,3.2995205691346624e-05,1.7782794100389234e-09,RuntimeError: hpez rc=-11 stderr='' stdout='====================================== BEGIN TUNING ================================\nABS QoI eb: 3.29952e-05\n64 27440 2 3.2383\nPointwise QoI eb rate: 2\n'
mp-1822131,bulk,1756160,14049280,112x112x140,Q,Q_sz3_b4,4.399981394804806e-06,2.3713737056616593e-10,RuntimeError: hpez rc=-6 stderr='munmap_chunk(): invalid pointer\n' stdout='====================================== BEGIN TUNING ================================\nABS QoI eb: 4.39998e-06\n64 27440 2 3.2383\nPointwise QoI eb rate: 2\n'
mp-1822131,bulk,1756160,14049280,112x112x140,Q,Q_sz3_b4,3.879389089926954e-06,2.0908000412787206e-10,RuntimeError: hpez rc=-6 stderr='corrupted size vs. prev_size while consolidating\n' stdout='====================================== BEGIN TUNING ================================\nABS QoI eb: 3.87939e-06\n64 27440 2 3.2383\nPointwise QoI eb rate: 2\n'
mp-1822131,bulk,1756160,14049280,112x112x140,Q,Q_sz3_b4,3.818804297156115e-06,2.0581478158149127e-10,RuntimeError: hpez rc=-6 stderr='corrupted double-linked list\n' stdout='====================================== BEGIN TUNING ================================\nABS QoI eb: 3.8188e-06\n64 27440 2 3.2383\nPointwise QoI eb rate: 2\n'
mp-1822131,bulk,1756160,14049280,112x112x140,Q,Q_sz3_b4,3.815049317516737e-06,2.056124066352556e-10,RuntimeError: hpez rc=-6 stderr='corrupted size vs. prev_size while consolidating\n' stdout='====================================== BEGIN TUNING ================================\nABS QoI eb: 3.81505e-06\n64 27440 2 3.2383\nPointwise QoI eb rate: 2\n'
mp-1822131,bulk,1756160,14049280,112x112x140,Q,Q_sz3_b4,3.814814753920257e-06,2.05599764810323e-10,RuntimeError: hpez rc=-6 stderr='corrupted double-linked list\n' stdout='====================================== BEGIN TUNING ================================\nABS QoI eb: 3.81481e-06\n64 27440 2 3.2383\nPointwise QoI eb rate: 2\n'
mp-1822131,bulk,1756160,14049280,112x112x140,Q,Q_sz3_b4,3.814697477530268e-06,2.0559344418933483e-10,RuntimeError: hpez rc=-6 stderr='double free or corruption (!prev)\n' stdout='====================================== BEGIN TUNING ================================\nABS QoI eb: 3.8147e-06\n64 27440 2 3.2383\nPointwise QoI eb rate: 2\n'
mp-1822131,bulk,1756160,14049280,112x112x140,Q,Q_sz3_b4,3.814697363004307e-06,2.0559343801694846e-10,RuntimeError: hpez rc=-6 stderr='double free or corruption (!prev)\n' stdout='====================================== BEGIN TUNING ================================\nABS QoI eb: 3.8147e-06\n64 27440 2 3.2383\nPointwise QoI eb rate: 2\n'
mp-1822131,bulk,1756160,14049280,112x112x140,Q,Q_sz3_b4,3.814697305741328e-06,2.055934349307553e-10,RuntimeError: hpez rc=-6 stderr='double free or corruption (!prev)\n' stdout='====================================== BEGIN TUNING ================================\nABS QoI eb: 3.8147e-06\n64 27440 2 3.2383\nPointwise QoI eb rate: 2\n'
mp-1822131,bulk,1756160,14049280,112x112x140,Q,Q_sz3_b4,3.814697277109839e-06,2.0559343338765878e-10,RuntimeError: hpez rc=-6 stderr='double free or corruption (!prev)\n' stdout='====================================== BEGIN TUNING ================================\nABS QoI eb: 3.8147e-06\n64 27440 2 3.2383\nPointwise QoI eb rate: 2\n'
mp-1822131,bulk,1756160,14049280,112x112x140,Q,Q_sz3_b4,3.814697269951964e-06,2.055934330018845e-10,RuntimeError: hpez rc=-6 stderr='double free or corruption (!prev)\n' stdout='====================================== BEGIN TUNING ================================\nABS QoI eb: 3.8147e-06\n64 27440 2 3.2383\nPointwise QoI eb rate: 2\n'
mp-1822131,bulk,1756160,14049280,112x112x140,Q,Q_sz3_b4,3.814697266373026e-06,2.0559343280899732e-10,RuntimeError: hpez rc=-6 stderr='double free or corruption (!prev)\n' stdout='====================================== BEGIN TUNING ================================\nABS QoI eb: 3.8147e-06\n64 27440 2 3.2383\nPointwise QoI eb rate: 2\n'
mp-1822131,bulk,1756160,14049280,112x112x140,Q,Q_sz3_b8,3.2995205691346624e-05,1.7782794100389234e-09,RuntimeError: hpez rc=-11 stderr='' stdout='====================================== BEGIN TUNING ================================\nABS QoI eb: 3.29952e-05\n512 3528 2 9.15929\nPointwise QoI eb rate: 2\n'
mp-1822131,bulk,1756160,14049280,112x112x140,Q,Q_sz3_b8,4.399981394804806e-06,2.3713737056616593e-10,RuntimeError: hpez rc=-6 stderr='munmap_chunk(): invalid pointer\n' stdout='====================================== BEGIN TUNING ================================\nABS QoI eb: 4.39998e-06\n512 3528 2 9.15929\nPointwise QoI eb rate: 2\n'
mp-1822131,bulk,1756160,14049280,112x112x140,Q,Q_sz3_b8,3.879389089926954e-06,2.0908000412787206e-10,RuntimeError: hpez rc=-6 stderr='corrupted size vs. prev_size while consolidating\n' stdout='====================================== BEGIN TUNING ================================\nABS QoI eb: 3.87939e-06\n512 3528 2 9.15929\nPointwise QoI eb rate: 2\n'
mp-1822131,bulk,1756160,14049280,112x112x140,Q,Q_sz3_b8,3.818804297156115e-06,2.0581478158149127e-10,RuntimeError: hpez rc=-6 stderr='corrupted double-linked list\n' stdout='====================================== BEGIN TUNING ================================\nABS QoI eb: 3.8188e-06\n512 3528 2 9.15929\nPointwise QoI eb rate: 2\n'
mp-1822131,bulk,1756160,14049280,112x112x140,Q,Q_sz3_b8,3.815049317516737e-06,2.056124066352556e-10,RuntimeError: hpez rc=-6 stderr='corrupted size vs. prev_size while consolidating\n' stdout='====================================== BEGIN TUNING ================================\nABS QoI eb: 3.81505e-06\n512 3528 2 9.15929\nPointwise QoI eb rate: 2\n'
mp-1822131,bulk,1756160,14049280,112x112x140,Q,Q_sz3_b8,3.814814753920257e-06,2.05599764810323e-10,RuntimeError: hpez rc=-6 stderr='corrupted double-linked list\n' stdout='====================================== BEGIN TUNING ================================\nABS QoI eb: 3.81481e-06\n512 3528 2 9.15929\nPointwise QoI eb rate: 2\n'
mp-1822131,bulk,1756160,14049280,112x112x140,Q,Q_sz3_b8,3.814697477530268e-06,2.0559344418933483e-10,RuntimeError: hpez rc=-6 stderr='double free or corruption (!prev)\n' stdout='====================================== BEGIN TUNING ================================\nABS QoI eb: 3.8147e-06\n512 3528 2 9.15929\nPointwise QoI eb rate: 2\n'
mp-1822131,bulk,1756160,14049280,112x112x140,Q,Q_sz3_b8,3.814697363004307e-06,2.0559343801694846e-10,RuntimeError: hpez rc=-6 stderr='double free or corruption (!prev)\n' stdout='====================================== BEGIN TUNING ================================\nABS QoI eb: 3.8147e-06\n512 3528 2 9.15929\nPointwise QoI eb rate: 2\n'
mp-1822131,bulk,1756160,14049280,112x112x140,Q,Q_sz3_b8,3.814697305741328e-06,2.055934349307553e-10,RuntimeError: hpez rc=-6 stderr='double free or corruption (!prev)\n' stdout='====================================== BEGIN TUNING ================================\nABS QoI eb: 3.8147e-06\n512 3528 2 9.15929\nPointwise QoI eb rate: 2\n'
mp-1822131,bulk,1756160,14049280,112x112x140,Q,Q_sz3_b8,3.814697277109839e-06,2.0559343338765878e-10,RuntimeError: hpez rc=-6 stderr='double free or corruption (!prev)\n' stdout='====================================== BEGIN TUNING ================================\nABS QoI eb: 3.8147e-06\n512 3528 2 9.15929\nPointwise QoI eb rate: 2\n'
mp-1822131,bulk,1756160,14049280,112x112x140,Q,Q_sz3_b8,3.814697269951964e-06,2.055934330018845e-10,RuntimeError: hpez rc=-6 stderr='double free or corruption (!prev)\n' stdout='====================================== BEGIN TUNING ================================\nABS QoI eb: 3.8147e-06\n512 3528 2 9.15929\nPointwise QoI eb rate: 2\n'
mp-1822131,bulk,1756160,14049280,112x112x140,Q,Q_sz3_b8,3.814697266373026e-06,2.0559343280899732e-10,RuntimeError: hpez rc=-6 stderr='double free or corruption (!prev)\n' stdout='====================================== BEGIN TUNING ================================\nABS QoI eb: 3.8147e-06\n512 3528 2 9.15929\nPointwise QoI eb rate: 2\n'
mp-1822131,bulk,1756160,14049280,112x112x140,Q,Q_sz3_b16,3.2995205691346624e-05,1.7782794100389234e-09,RuntimeError: hpez rc=-11 stderr='' stdout='====================================== BEGIN TUNING ================================\nABS QoI eb: 3.29952e-05\n4096 441 2 25.9064\nPointwise QoI eb rate: 2\n'
mp-1822131,bulk,1756160,14049280,112x112x140,Q,Q_sz3_b16,4.399981394804806e-06,2.3713737056616593e-10,RuntimeError: hpez rc=-6 stderr='munmap_chunk(): invalid pointer\n' stdout='====================================== BEGIN TUNING ================================\nABS QoI eb: 4.39998e-06\n4096 441 2 25.9064\nPointwise QoI eb rate: 2\n'
mp-1822131,bulk,1756160,14049280,112x112x140,Q,Q_sz3_b16,3.879389089926954e-06,2.0908000412787206e-10,RuntimeError: hpez rc=-6 stderr='corrupted size vs. prev_size while consolidating\n' stdout='====================================== BEGIN TUNING ================================\nABS QoI eb: 3.87939e-06\n4096 441 2 25.9064\nPointwise QoI eb rate: 2\n'
mp-1822131,bulk,1756160,14049280,112x112x140,Q,Q_sz3_b16,3.818804297156115e-06,2.0581478158149127e-10,RuntimeError: hpez rc=-6 stderr='corrupted double-linked list\n' stdout='====================================== BEGIN TUNING ================================\nABS QoI eb: 3.8188e-06\n4096 441 2 25.9064\nPointwise QoI eb rate: 2\n'
mp-1822131,bulk,1756160,14049280,112x112x140,Q,Q_sz3_b16,3.815049317516737e-06,2.056124066352556e-10,RuntimeError: hpez rc=-6 stderr='corrupted size vs. prev_size while consolidating\n' stdout='====================================== BEGIN TUNING ================================\nABS QoI eb: 3.81505e-06\n4096 441 2 25.9064\nPointwise QoI eb rate: 2\n'
mp-1822131,bulk,1756160,14049280,112x112x140,Q,Q_sz3_b16,3.814814753920257e-06,2.05599764810323e-10,RuntimeError: hpez rc=-6 stderr='corrupted double-linked list\n' stdout='====================================== BEGIN TUNING ================================\nABS QoI eb: 3.81481e-06\n4096 441 2 25.9064\nPointwise QoI eb rate: 2\n'
mp-1822131,bulk,1756160,14049280,112x112x140,Q,Q_sz3_b16,3.814697477530268e-06,2.0559344418933483e-10,RuntimeError: hpez rc=-6 stderr='double free or corruption (!prev)\n' stdout='====================================== BEGIN TUNING ================================\nABS QoI eb: 3.8147e-06\n4096 441 2 25.9064\nPointwise QoI eb rate: 2\n'
mp-1822131,bulk,1756160,14049280,112x112x140,Q,Q_sz3_b16,3.814697363004307e-06,2.0559343801694846e-10,RuntimeError: hpez rc=-6 stderr='double free or corruption (!prev)\n' stdout='====================================== BEGIN TUNING ================================\nABS QoI eb: 3.8147e-06\n4096 441 2 25.9064\nPointwise QoI eb rate: 2\n'
mp-1822131,bulk,1756160,14049280,112x112x140,Q,Q_sz3_b16,3.814697305741328e-06,2.055934349307553e-10,RuntimeError: hpez rc=-6 stderr='double free or corruption (!prev)\n' stdout='====================================== BEGIN TUNING ================================\nABS QoI eb: 3.8147e-06\n4096 441 2 25.9064\nPointwise QoI eb rate: 2\n'
mp-1822131,bulk,1756160,14049280,112x112x140,Q,Q_sz3_b16,3.814697277109839e-06,2.0559343338765878e-10,RuntimeError: hpez rc=-6 stderr='double free or corruption (!prev)\n' stdout='====================================== BEGIN TUNING ================================\nABS QoI eb: 3.8147e-06\n4096 441 2 25.9064\nPointwise QoI eb rate: 2\n'
mp-1822131,bulk,1756160,14049280,112x112x140,Q,Q_sz3_b16,3.814697269951964e-06,2.055934330018845e-10,RuntimeError: hpez rc=-6 stderr='double free or corruption (!prev)\n' stdout='====================================== BEGIN TUNING ================================\nABS QoI eb: 3.8147e-06\n4096 441 2 25.9064\nPointwise QoI eb rate: 2\n'
mp-1822131,bulk,1756160,14049280,112x112x140,Q,Q_sz3_b16,3.814697266373026e-06,2.0559343280899732e-10,RuntimeError: hpez rc=-6 stderr='double free or corruption (!prev)\n' stdout='====================================== BEGIN TUNING ================================\nABS QoI eb: 3.8147e-06\n4096 441 2 25.9064\nPointwise QoI eb rate: 2\n'
mp-1834316,bulk,573440,4587520,64x64x140,Q,Q_hpez_b4,2.485513847003124e-06,1.778279410038922e-09,RuntimeError: hpez rc=-6 stderr='free(): invalid next size (normal)\n' stdout='====================================== BEGIN TUNING ================================\nABS QoI eb: 2.48551e-06\n64 8960 2 4.10367\nPointwise QoI eb rate: 2\nPredictor tuning started.\n'
mp-1834316,bulk,573440,4587520,64x64x140,Q,Q_hpez_b4,1.932151546834478e-06,1.3823722273578981e-09,RuntimeError: hpez rc=-6 stderr='double free or corruption (!prev)\n' stdout='====================================== BEGIN TUNING ================================\nABS QoI eb: 1.93215e-06\n64 8960 2 4.10367\nPointwise QoI eb rate: 2\nPredictor tuning started.\n'
mp-1834316,bulk,573440,4587520,64x64x140,Q,Q_hpez_b4,1.917004879056804e-06,1.3715354309859068e-09,RuntimeError: hpez rc=-6 stderr='corrupted double-linked list\n' stdout='====================================== BEGIN TUNING ================================\nABS QoI eb: 1.917e-06\n64 8960 2 4.10367\nPointwise QoI eb rate: 2\nPredictor tuning started.\n'
mp-1834316,bulk,573440,4587520,64x64x140,Q,Q_hpez_b4,1.909476130602962e-06,1.366148931781739e-09,RuntimeError: hpez rc=-6 stderr='double free or corruption (!prev)\n' stdout='====================================== BEGIN TUNING ================================\nABS QoI eb: 1.90948e-06\n64 8960 2 4.10367\nPointwise QoI eb rate: 2\nPredictor tuning started.\n'
mp-1834316,bulk,573440,4587520,64x64x140,Q,Q_hpez_b4,1.907598568037728e-06,1.3648056156481994e-09,RuntimeError: hpez rc=-6 stderr='free(): invalid next size (normal)\n' stdout='====================================== BEGIN TUNING ================================\nABS QoI eb: 1.9076e-06\n64 8960 2 4.10367\nPointwise QoI eb rate: 2\nPredictor tuning started.\n'
mp-1834316,bulk,573440,4587520,64x64x140,Q,Q_hpez_b4,1.907364002564017e-06,1.3646377940314703e-09,RuntimeError: hpez rc=-6 stderr='double free or corruption (!prev)\n' stdout='====================================== BEGIN TUNING ================================\nABS QoI eb: 1.90736e-06\n64 8960 2 4.10367\nPointwise QoI eb rate: 2\nPredictor tuning started.\n'
mp-1834316,bulk,573440,4587520,64x64x140,Q,Q_hpez_b4,1.907349343179626e-06,1.3646273058656296e-09,RuntimeError: hpez rc=-6 stderr='free(): invalid next size (normal)\n' stdout='====================================== BEGIN TUNING ================================\nABS QoI eb: 1.90735e-06\n64 8960 2 4.10367\nPointwise QoI eb rate: 2\nPredictor tuning started.\n'
mp-1834316,bulk,573440,4587520,64x64x140,Q,Q_hpez_b4,1.90734888507568e-06,1.3646269781117463e-09,RuntimeError: hpez rc=-6 stderr='free(): invalid next size (normal)\n' stdout='====================================== BEGIN TUNING ================================\nABS QoI eb: 1.90735e-06\n64 8960 2 4.10367\nPointwise QoI eb rate: 2\nPredictor tuning started.\n'
mp-1834316,bulk,573440,4587520,64x64x140,Q,Q_hpez_b4,1.907348656023748e-06,1.3646268142348342e-09,RuntimeError: hpez rc=-6 stderr='free(): invalid next size (normal)\n' stdout='====================================== BEGIN TUNING ================================\nABS QoI eb: 1.90735e-06\n64 8960 2 4.10367\nPointwise QoI eb rate: 2\nPredictor tuning started.\n'
mp-1834316,bulk,573440,4587520,64x64x140,Q,Q_hpez_b4,1.907348641708e-06,1.3646268039925259e-09,RuntimeError: hpez rc=-6 stderr='free(): invalid next size (normal)\n' stdout='====================================== BEGIN TUNING ================================\nABS QoI eb: 1.90735e-06\n64 8960 2 4.10367\nPointwise QoI eb rate: 2\nPredictor tuning started.\n'
mp-1834316,bulk,573440,4587520,64x64x140,Q,Q_hpez_b4,1.907348634550127e-06,1.3646267988713723e-09,RuntimeError: hpez rc=-6 stderr='free(): invalid next size (normal)\n' stdout='====================================== BEGIN TUNING ================================\nABS QoI eb: 1.90735e-06\n64 8960 2 4.10367\nPointwise QoI eb rate: 2\nPredictor tuning started.\n'
mp-1834316,bulk,573440,4587520,64x64x140,Q,Q_hpez_b8,6.806379919869296e-06,4.869675251658625e-09,RuntimeError: hpez rc=-6 stderr='free(): invalid next size (normal)\n' stdout='====================================== BEGIN TUNING ================================\nABS QoI eb: 6.80638e-06\n512 1152 2 11.6069\nPointwise QoI eb rate: 3\nPredictor tuning started.\n'
mp-1834316,bulk,573440,4587520,64x64x140,Q,Q_hpez_b8,4.113070816166328e-06,2.942727176209279e-09,RuntimeError: hpez rc=-6 stderr='free(): invalid next size (normal)\n' stdout='====================================== BEGIN TUNING ================================\nABS QoI eb: 4.11307e-06\n512 1152 2 11.6069\nPointwise QoI eb rate: 3\nPredictor tuning started.\n'
mp-1834316,bulk,573440,4587520,64x64x140,Q,Q_hpez_b8,3.1973574193833674e-06,2.2875732003183963e-09,RuntimeError: hpez rc=-6 stderr='free(): invalid next size (normal)\n' stdout='====================================== BEGIN TUNING ================================\nABS QoI eb: 3.19736e-06\n512 1152 2 11.6069\nPointwise QoI eb rate: 3\nPredictor tuning started.\n'
mp-1834316,bulk,573440,4587520,64x64x140,Q,Q_hpez_b8,2.819055895099552e-06,2.0169145547303304e-09,RuntimeError: hpez rc=-6 stderr='double free or corruption (!prev)\n' stdout='====================================== BEGIN TUNING ================================\nABS QoI eb: 2.81906e-06\n512 1152 2 11.6069\nPointwise QoI eb rate: 3\nPredictor tuning started.\n'
mp-1834316,bulk,573440,4587520,64x64x140,Q,Q_hpez_b8,2.6470365435229115e-06,1.8938420273308882e-09,RuntimeError: hpez rc=-6 stderr='double free or corruption (!prev)\n' stdout='====================================== BEGIN TUNING ================================\nABS QoI eb: 2.64704e-06\n512 1152 2 11.6069\nPointwise QoI eb rate: 3\nPredictor tuning started.\n'
mp-1834316,bulk,573440,4587520,64x64x140,Q,Q_hpez_b8,2.5650040901428345e-06,1.8351512970512486e-09,RuntimeError: hpez rc=-6 stderr='double free or corruption (!prev)\n' stdout='====================================== BEGIN TUNING ================================\nABS QoI eb: 2.565e-06\n512 1152 2 11.6069\nPointwise QoI eb rate: 3\nPredictor tuning started.\n'
mp-1834316,bulk,573440,4587520,64x64x140,Q,Q_hpez_b8,2.5448963170929314e-06,1.8207650409298062e-09,RuntimeError: hpez rc=-6 stderr='corrupted double-linked list\n' stdout='====================================== BEGIN TUNING ================================\nABS QoI eb: 2.5449e-06\n512 1152 2 11.6069\nPointwise QoI eb rate: 3\nPredictor tuning started.\n'
mp-1834316,bulk,573440,4587520,64x64x140,Q,Q_hpez_b8,2.543644827968689e-06,1.8198696537066726e-09,RuntimeError: hpez rc=-6 stderr='double free or corruption (!prev)\n' stdout='====================================== BEGIN TUNING ================================\nABS QoI eb: 2.54364e-06\n512 1152 2 11.6069\nPointwise QoI eb rate: 3\nPredictor tuning started.\n'
mp-1834316,bulk,573440,4587520,64x64x140,Q,Q_hpez_b8,2.543332051861586e-06,1.8196458757092643e-09,RuntimeError: hpez rc=-6 stderr='double free or corruption (!prev)\n' stdout='====================================== BEGIN TUNING ================================\nABS QoI eb: 2.54333e-06\n512 1152 2 11.6069\nPointwise QoI eb rate: 3\nPredictor tuning started.\n'
mp-1834316,bulk,573440,4587520,64x64x140,Q,Q_hpez_b8,2.5431756782308784e-06,1.8195339970294915e-09,RuntimeError: hpez rc=-6 stderr='free(): invalid next size (normal)\n' stdout='====================================== BEGIN TUNING ================================\nABS QoI eb: 2.54318e-06\n512 1152 2 11.6069\nPointwise QoI eb rate: 3\nPredictor tuning started.\n'
mp-1834316,bulk,573440,4587520,64x64x140,Q,Q_hpez_b8,2.5431365863254845e-06,1.8195060284343675e-09,RuntimeError: hpez rc=-6 stderr='double free or corruption (!prev)\n' stdout='====================================== BEGIN TUNING ================================\nABS QoI eb: 2.54314e-06\n512 1152 2 11.6069\nPointwise QoI eb rate: 3\nPredictor tuning started.\n'
mp-1834316,bulk,573440,4587520,64x64x140,Q,Q_hpez_b8,2.54313169987956e-06,1.819502532390205e-09,RuntimeError: hpez rc=-6 stderr='free(): invalid next size (normal)\n' stdout='====================================== BEGIN TUNING ================================\nABS QoI eb: 2.54313e-06\n512 1152 2 11.6069\nPointwise QoI eb rate: 3\nPredictor tuning started.\n'
mp-1834316,bulk,573440,4587520,64x64x140,Q,Q_hpez_b8,2.543131547178274e-06,1.8195024231389314e-09,RuntimeError: hpez rc=-6 stderr='free(): invalid next size (normal)\n' stdout='====================================== BEGIN TUNING ================================\nABS QoI eb: 2.54313e-06\n512 1152 2 11.6069\nPointwise QoI eb rate: 3\nPredictor tuning started.\n'
mp-1834316,bulk,573440,4587520,64x64x140,Q,Q_hpez_b8,2.5431315280906146e-06,1.8195024094825234e-09,RuntimeError: hpez rc=-6 stderr='free(): invalid next size (normal)\n' stdout='====================================== BEGIN TUNING ================================\nABS QoI eb: 2.54313e-06\n512 1152 2 11.6069\nPointwise QoI eb rate: 3\nPredictor tuning started.\n'
mp-1834316,bulk,573440,4587520,64x64x140,Q,Q_hpez_b8,2.543131518546785e-06,1.8195024026543195e-09,RuntimeError: hpez rc=-6 stderr='free(): invalid next size (normal)\n' stdout='====================================== BEGIN TUNING ================================\nABS QoI eb: 2.54313e-06\n512 1152 2 11.6069\nPointwise QoI eb rate: 3\nPredictor tuning started.\n'
mp-1834316,bulk,573440,4587520,64x64x140,Q,Q_hpez_b8,2.543131513774872e-06,1.8195023992402186e-09,RuntimeError: hpez rc=-6 stderr='free(): invalid next size (normal)\n' stdout='====================================== BEGIN TUNING ================================\nABS QoI eb: 2.54313e-06\n512 1152 2 11.6069\nPointwise QoI eb rate: 3\nPredictor tuning started.\n'
mp-1834316,bulk,573440,4587520,64x64x140,Q,Q_hpez_b8,2.5431315113889134e-06,1.8195023975331666e-09,RuntimeError: hpez rc=-6 stderr='free(): invalid next size (normal)\n' stdout='====================================== BEGIN TUNING ================================\nABS QoI eb: 2.54313e-06\n512 1152 2 11.6069\nPointwise QoI eb rate: 3\nPredictor tuning started.\n'
mp-1834316,bulk,573440,4587520,64x64x140,Q,Q_hpez_b16,2.485513847003124e-06,1.778279410038922e-09,RuntimeError: hpez rc=-6 stderr='double free or corruption (!prev)\n' stdout='====================================== BEGIN TUNING ================================\nABS QoI eb: 2.48551e-06\n4096 144 2 32.8294\nPointwise QoI eb rate: 4\nPredictor tuning started.\n'
mp-1834316,bulk,573440,4587520,64x64x140,Q,Q_hpez_b16,1.501987045630883e-06,1.0746078283213171e-09,RuntimeError: hpez rc=-6 stderr='double free or corruption (!prev)\n' stdout='====================================== BEGIN TUNING ================================\nABS QoI eb: 1.50199e-06\n4096 144 2 32.8294\nPointwise QoI eb rate: 4\nPredictor tuning started.\n'
mp-1834316,bulk,573440,4587520,64x64x140,Q,Q_hpez_b16,1.167592205145102e-06,8.353625469578269e-10,RuntimeError: hpez rc=-6 stderr='corrupted double-linked list\n' stdout='====================================== BEGIN TUNING ================================\nABS QoI eb: 1.16759e-06\n4096 144 2 32.8294\nPointwise QoI eb rate: 4\nPredictor tuning started.\n'
mp-1834316,bulk,573440,4587520,64x64x140,Q,Q_hpez_b16,1.0294462761755846e-06,7.365250122712282e-10,RuntimeError: hpez rc=-6 stderr='free(): invalid next size (normal)\n' stdout='====================================== BEGIN TUNING ================================\nABS QoI eb: 1.02945e-06\n4096 144 2 32.8294\nPointwise QoI eb rate: 4\nPredictor tuning started.\n'
mp-1834316,bulk,573440,4587520,64x64x140,Q,Q_hpez_b16,9.66629259592642e-07,6.915821094890897e-10,RuntimeError: hpez rc=-6 stderr='corrupted double-linked list\n' stdout='====================================== BEGIN TUNING ================================\nABS QoI eb: 9.66629e-07\n4096 144 2 32.8294\nPointwise QoI eb rate: 4\nPredictor tuning started.\n'
mp-1834316,bulk,573440,4587520,64x64x140,Q,Q_hpez_b16,9.59051586773334e-07,6.861606069829442e-10,RuntimeError: hpez rc=-6 stderr='corrupted double-linked list\n' stdout='====================================== BEGIN TUNING ================================\nABS QoI eb: 9.59052e-07\n4096 144 2 32.8294\nPointwise QoI eb rate: 4\nPredictor tuning started.\n'
mp-1834316,bulk,573440,4587520,64x64x140,Q,Q_hpez_b16,9.552850558531704e-07,6.83465814358603e-10,RuntimeError: hpez rc=-6 stderr='corrupted double-linked list\n' stdout='====================================== BEGIN TUNING ================================\nABS QoI eb: 9.55285e-07\n4096 144 2 32.8294\nPointwise QoI eb rate: 4\nPredictor tuning started.\n'
mp-1834316,bulk,573440,4587520,64x64x140,Q,Q_hpez_b16,9.543457367219956e-07,6.827937714840731e-10,RuntimeError: hpez rc=-6 stderr='double free or corruption (!prev)\n' stdout='====================================== BEGIN TUNING ================================\nABS QoI eb: 9.54346e-07\n4096 144 2 32.8294\nPointwise QoI eb rate: 4\nPredictor tuning started.\n'
mp-1834316,bulk,573440,4587520,64x64x140,Q,Q_hpez_b16,9.538764235707082e-07,6.824579978915013e-10,RuntimeError: hpez rc=-6 stderr='free(): invalid next size (normal)\n' stdout='====================================== BEGIN TUNING ================================\nABS QoI eb: 9.53876e-07\n4096 144 2 32.8294\nPointwise QoI eb rate: 4\nPredictor tuning started.\n'
mp-1834316,bulk,573440,4587520,64x64x140,Q,Q_hpez_b16,9.53759131348484e-07,6.823740802967592e-10,RuntimeError: hpez rc=-6 stderr='free(): invalid next size (normal)\n' stdout='====================================== BEGIN TUNING ================================\nABS QoI eb: 9.53759e-07\n4096 144 2 32.8294\nPointwise QoI eb rate: 4\nPredictor tuning started.\n'
mp-1834316,bulk,573440,4587520,64x64x140,Q,Q_hpez_b16,9.537004906459928e-07,6.823321253690263e-10,RuntimeError: hpez rc=-6 stderr='double free or corruption (!prev)\n' stdout='====================================== BEGIN TUNING ================================\nABS QoI eb: 9.537e-07\n4096 144 2 32.8294\nPointwise QoI eb rate: 4\nPredictor tuning started.\n'
mp-1834316,bulk,573440,4587520,64x64x140,Q,Q_hpez_b16,9.536858310337316e-07,6.823216370401544e-10,RuntimeError: hpez rc=-6 stderr='free(): invalid next size (normal)\n' stdout='====================================== BEGIN TUNING ================================\nABS QoI eb: 9.53686e-07\n4096 144 2 32.8294\nPointwise QoI eb rate: 4\nPredictor tuning started.\n'
mp-1834316,bulk,573440,4587520,64x64x140,Q,Q_hpez_b16,9.53678501312102e-07,6.82316392936175e-10,RuntimeError: hpez rc=-6 stderr='double free or corruption (!prev)\n' stdout='====================================== BEGIN TUNING ================================\nABS QoI eb: 9.53679e-07\n4096 144 2 32.8294\nPointwise QoI eb rate: 4\nPredictor tuning started.\n'
mp-1834316,bulk,573440,4587520,64x64x140,Q,Q_hpez_b16,9.536748364724124e-07,6.823137708992997e-10,RuntimeError: hpez rc=-6 stderr='free(): invalid next size (normal)\n' stdout='====================================== BEGIN TUNING ================================\nABS QoI eb: 9.53675e-07\n4096 144 2 32.8294\nPointwise QoI eb rate: 4\nPredictor tuning started.\n'
mp-1834316,bulk,573440,4587520,64x64x140,Q,Q_hpez_b16,9.53674378368442e-07,6.823134431453992e-10,RuntimeError: hpez rc=-6 stderr='free(): invalid next size (normal)\n' stdout='====================================== BEGIN TUNING ================================\nABS QoI eb: 9.53674e-07\n4096 144 2 32.8294\nPointwise QoI eb rate: 4\nPredictor tuning started.\n'
mp-1834316,bulk,573440,4587520,64x64x140,Q,Q_hpez_b16,9.536743211054615e-07,6.823134021761732e-10,RuntimeError: hpez rc=-6 stderr='free(): invalid next size (normal)\n' stdout='====================================== BEGIN TUNING ================================\nABS QoI eb: 9.53674e-07\n4096 144 2 32.8294\nPointwise QoI eb rate: 4\nPredictor tuning started.\n'
mp-1834316,bulk,573440,4587520,64x64x140,Q,Q_hpez_b16,9.536743175265256e-07,6.823133996155966e-10,RuntimeError: hpez rc=-6 stderr='free(): invalid next size (normal)\n' stdout='====================================== BEGIN TUNING ================================\nABS QoI eb: 9.53674e-07\n4096 144 2 32.8294\nPointwise QoI eb rate: 4\nPredictor tuning started.\n'
mp-1834316,bulk,573440,4587520,64x64x140,Q,Q_hpez_b16,9.536743166317929e-07,6.823133989754533e-10,RuntimeError: hpez rc=-6 stderr='free(): invalid next size (normal)\n' stdout='====================================== BEGIN TUNING ================================\nABS QoI eb: 9.53674e-07\n4096 144 2 32.8294\nPointwise QoI eb rate: 4\nPredictor tuning started.\n'
mp-1834845,bulk,691200,5529600,80x80x108,Q,Q_hpez_b4,2.5959662142191146e-06,1.7782794100389232e-09,RuntimeError: hpez rc=-6 stderr='free(): invalid next size (normal)\n' stdout='====================================== BEGIN TUNING ================================\nABS QoI eb: 2.59597e-06\n64 10800 2 4.10367\nPointwise QoI eb rate: 2\nPredictor tuning started.\n'
mp-1834845,bulk,691200,5529600,80x80x108,Q,Q_hpez_b4,3.461776583833074e-07,2.3713737056616547e-10,RuntimeError: hpez rc=-6 stderr='free(): corrupted unsorted chunks\n' stdout='====================================== BEGIN TUNING ================================\nABS QoI eb: 3.46178e-07\n64 10800 2 4.10367\nPointwise QoI eb rate: 2\nPredictor tuning started.\n'
mp-1834845,bulk,691200,5529600,80x80x108,Q,Q_hpez_b4,2.6910640587712865e-07,1.8434229924091118e-10,RuntimeError: hpez rc=-6 stderr='double free or corruption (!prev)\n' stdout='====================================== BEGIN TUNING ================================\nABS QoI eb: 2.69106e-07\n64 10800 2 4.10367\nPointwise QoI eb rate: 2\nPredictor tuning started.\n'
mp-1834845,bulk,691200,5529600,80x80x108,Q,Q_hpez_b4,2.3726656122269825e-07,1.6253148373118653e-10,RuntimeError: hpez rc=-6 stderr='malloc(): unsorted double linked list corrupted\n' stdout='====================================== BEGIN TUNING ================================\nABS QoI eb: 2.37267e-07\n64 10800 2 4.10367\nPointwise QoI eb rate: 2\nPredictor tuning started.\n'
mp-1834845,bulk,691200,5529600,80x80x108,Q,Q_hpez_b4,2.227885084521601e-07,1.5261378025789634e-10,RuntimeError: hpez rc=-6 stderr='free(): invalid next size (normal)\n' stdout='====================================== BEGIN TUNING ================================\nABS QoI eb: 2.22789e-07\n64 10800 2 4.10367\nPointwise QoI eb rate: 2\nPredictor tuning started.\n'
mp-1834845,bulk,691200,5529600,80x80x108,Q,Q_hpez_b4,2.193091988744368e-07,1.5023039616401749e-10,RuntimeError: hpez rc=-6 stderr='double free or corruption (!prev)\n' stdout='====================================== BEGIN TUNING ================================\nABS QoI eb: 2.19309e-07\n64 10800 2 4.10367\nPointwise QoI eb rate: 2\nPredictor tuning started.\n'
mp-1834845,bulk,691200,5529600,80x80x108,Q,Q_hpez_b4,2.1844789496750479e-07,1.4964038886920222e-10,RuntimeError: hpez rc=-6 stderr='double free or corruption (!prev)\n' stdout='====================================== BEGIN TUNING ================================\nABS QoI eb: 2.18448e-07\n64 10800 2 4.10367\nPointwise QoI eb rate: 2\nPredictor tuning started.\n'
mp-1834845,bulk,691200,5529600,80x80x108,Q,Q_hpez_b4,2.1823309804835415e-07,1.494932494586147e-10,RuntimeError: hpez rc=-6 stderr='free(): invalid next size (normal)\n' stdout='====================================== BEGIN TUNING ================================\nABS QoI eb: 2.18233e-07\n64 10800 2 4.10367\nPointwise QoI eb rate: 2\nPredictor tuning started.\n'
mp-1834845,bulk,691200,5529600,80x80x108,Q,Q_hpez_b4,2.1817943182777045e-07,1.4945648721781363e-10,RuntimeError: hpez rc=-6 stderr='corrupted double-linked list\n' stdout='====================================== BEGIN TUNING ================================\nABS QoI eb: 2.18179e-07\n64 10800 2 4.10367\nPointwise QoI eb rate: 2\nPredictor tuning started.\n'
mp-1834845,bulk,691200,5529600,80x80x108,Q,Q_hpez_b4,2.1816601733481167e-07,1.4944729807024536e-10,RuntimeError: hpez rc=-6 stderr='malloc(): invalid size (unsorted)\n' stdout='====================================== BEGIN TUNING ================================\nABS QoI eb: 2.18166e-07\n64 10800 2 4.10367\nPointwise QoI eb rate: 2\nPredictor tuning started.\n'
mp-1834845,bulk,691200,5529600,80x80x108,Q,Q_hpez_b4,2.181593103976255e-07,1.4944270370833215e-10,RuntimeError: hpez rc=-6 stderr='double free or corruption (!prev)\n' stdout='====================================== BEGIN TUNING ================================\nABS QoI eb: 2.18159e-07\n64 10800 2 4.10367\nPointwise QoI eb rate: 2\nPredictor tuning started.\n'
mp-1834845,bulk,691200,5529600,80x80x108,Q,Q_hpez_b4,2.1815763369554598e-07,1.49441555139923e-10,RuntimeError: hpez rc=-6 stderr='double free or corruption (!prev)\n' stdout='====================================== BEGIN TUNING ================================\nABS QoI eb: 2.18158e-07\n64 10800 2 4.10367\nPointwise QoI eb rate: 2\nPredictor tuning started.\n'
mp-1834845,bulk,691200,5529600,80x80x108,Q,Q_hpez_b4,2.181576074971782e-07,1.4944153719361168e-10,RuntimeError: hpez rc=-6 stderr='double free or corruption (!prev)\n' stdout='====================================== BEGIN TUNING ================================\nABS QoI eb: 2.18158e-07\n64 10800 2 4.10367\nPointwise QoI eb rate: 2\nPredictor tuning started.\n'
mp-1834845,bulk,691200,5529600,80x80x108,Q,Q_hpez_b4,2.1815759439799534e-07,1.494415282204567e-10,RuntimeError: hpez rc=-6 stderr='double free or corruption (!prev)\n' stdout='====================================== BEGIN TUNING ================================\nABS QoI eb: 2.18158e-07\n64 10800 2 4.10367\nPointwise QoI eb rate: 2\nPredictor tuning started.\n'
mp-1834845,bulk,691200,5529600,80x80x108,Q,Q_hpez_b4,2.181575878484044e-07,1.494415237338795e-10,RuntimeError: hpez rc=-6 stderr='double free or corruption (!prev)\n' stdout='====================================== BEGIN TUNING ================================\nABS QoI eb: 2.18158e-07\n64 10800 2 4.10367\nPointwise QoI eb rate: 2\nPredictor tuning started.\n'
mp-1834845,bulk,691200,5529600,80x80x108,Q,Q_hpez_b4,2.1815758457360898e-07,1.49441521490591e-10,RuntimeError: hpez rc=-6 stderr='double free or corruption (!prev)\n' stdout='====================================== BEGIN TUNING ================================\nABS QoI eb: 2.18158e-07\n64 10800 2 4.10367\nPointwise QoI eb rate: 2\nPredictor tuning started.\n'
mp-1834845,bulk,691200,5529600,80x80x108,Q,Q_hpez_b4,2.181575829362113e-07,1.4944152036894675e-10,RuntimeError: hpez rc=-6 stderr='double free or corruption (!prev)\n' stdout='====================================== BEGIN TUNING ================================\nABS QoI eb: 2.18158e-07\n64 10800 2 4.10367\nPointwise QoI eb rate: 2\nPredictor tuning started.\n'
mp-1834845,bulk,691200,5529600,80x80x108,Q,Q_hpez_b4,2.181575825268617e-07,1.4944152008853555e-10,RuntimeError: hpez rc=-6 stderr='double free or corruption (!prev)\n' stdout='====================================== BEGIN TUNING ================================\nABS QoI eb: 2.18158e-07\n64 10800 2 4.10367\nPointwise QoI eb rate: 2\nPredictor tuning started.\n'
mp-1834845,bulk,691200,5529600,80x80x108,Q,Q_hpez_b8,2.5959662142191146e-06,1.7782794100389232e-09,RuntimeError: hpez rc=-6 stderr='free(): invalid next size (normal)\n' stdout='====================================== BEGIN TUNING ================================\nABS QoI eb: 2.59597e-06\n512 1400 2 11.6069\nPointwise QoI eb rate: 3\nPredictor tuning started.\n'
mp-1834845,bulk,691200,5529600,80x80x108,Q,Q_hpez_b8,3.461776583833074e-07,2.3713737056616547e-10,RuntimeError: hpez rc=-6 stderr='corrupted double-linked list\n' stdout='====================================== BEGIN TUNING ================================\nABS QoI eb: 3.46178e-07\n512 1400 2 11.6069\nPointwise QoI eb rate: 3\nPredictor tuning started.\n'
mp-1834845,bulk,691200,5529600,80x80x108,Q,Q_hpez_b8,2.0919390934212225e-07,1.4330125702369628e-10,RuntimeError: hpez rc=-6 stderr='free(): invalid next size (normal)\n' stdout='====================================== BEGIN TUNING ================================\nABS QoI eb: 2.09194e-07\n512 1400 2 11.6069\nPointwise QoI eb rate: 3\nPredictor tuning started.\n'
mp-1834845,bulk,691200,5529600,80x80x108,Q,Q_hpez_b8,1.6262002966150648e-07,1.1139738599948016e-10,RuntimeError: hpez rc=-6 stderr='malloc(): invalid size (unsorted)\n' stdout='====================================== BEGIN TUNING ================================\nABS QoI eb: 1.6262e-07\n512 1400 2 11.6069\nPointwise QoI eb rate: 3\nPredictor tuning started.\n'
mp-1834845,bulk,691200,5529600,80x80x108,Q,Q_hpez_b8,1.5269692309793177e-07,1.0459989534302528e-10,RuntimeError: hpez rc=-6 stderr='free(): invalid next size (normal)\n' stdout='====================================== BEGIN TUNING ================================\nABS QoI eb: 1.52697e-07\n512 1400 2 11.6069\nPointwise QoI eb rate: 3\nPredictor tuning started.\n'
mp-1834845,bulk,691200,5529600,80x80x108,Q,Q_hpez_b8,1.4796479982749087e-07,1.0135831333340639e-10,RuntimeError: hpez rc=-6 stderr='Fatal glibc error: malloc.c:4179 (_int_malloc): assertion failed: chunk_main_arena (bck->bk)\n' stdout='====================================== BEGIN TUNING ================================\nABS QoI eb: 1.47965e-07\n512 1400 2 11.6069\nPointwise QoI eb rate: 3\nPredictor tuning started.\n'
mp-1834845,bulk,691200,5529600,80x80x108,Q,Q_hpez_b8,1.4680486303606847e-07,1.005637376174996e-10,RuntimeError: hpez rc=-6 stderr='free(): corrupted unsorted chunks\n' stdout='====================================== BEGIN TUNING ================================\nABS QoI eb: 1.46805e-07\n512 1400 2 11.6069\nPointwise QoI eb rate: 3\nPredictor tuning started.\n'
mp-1834845,bulk,691200,5529600,80x80x108,Q,Q_hpez_b8,1.4622830900760756e-07,1.0016878865708123e-10,RuntimeError: hpez rc=-6 stderr='malloc(): invalid size (unsorted)\n' stdout='====================================== BEGIN TUNING ================================\nABS QoI eb: 1.46228e-07\n512 1400 2 11.6069\nPointwise QoI eb rate: 3\nPredictor tuning started.\n'
mp-1834845,bulk,691200,5529600,80x80x108,Q,Q_hpez_b8,1.4608452464991392e-07,1.0007029401513567e-10,RuntimeError: hpez rc=-6 stderr='double free or corruption (!prev)\n' stdout='====================================== BEGIN TUNING ================================\nABS QoI eb: 1.46085e-07\n512 1400 2 11.6069\nPointwise QoI eb rate: 3\nPredictor tuning started.\n'
mp-1834845,bulk,691200,5529600,80x80x108,Q,Q_hpez_b8,1.460126854977286e-07,1.0002108301829524e-10,RuntimeError: hpez rc=-6 stderr='double free or corruption (!prev)\n' stdout='====================================== BEGIN TUNING ================================\nABS QoI eb: 1.46013e-07\n512 1400 2 11.6069\nPointwise QoI eb rate: 3\nPredictor tuning started.\n'
mp-1834845,bulk,691200,5529600,80x80x108,Q,Q_hpez_b8,1.4597677917069564e-07,9.999648659569812e-11,RuntimeError: hpez rc=-6 stderr='double free or corruption (!prev)\n' stdout='====================================== BEGIN TUNING ================================\nABS QoI eb: 1.45977e-07\n512 1400 2 11.6069\nPointwise QoI eb rate: 3\nPredictor tuning started.\n'
mp-1834845,bulk,691200,5529600,80x80x108,Q,Q_hpez_b8,1.4595882931849366e-07,9.998419065270424e-11,RuntimeError: hpez rc=-6 stderr='double free or corruption (!prev)\n' stdout='====================================== BEGIN TUNING ================================\nABS QoI eb: 1.45959e-07\n512 1400 2 11.6069\nPointwise QoI eb rate: 3\nPredictor tuning started.\n'
mp-1834845,bulk,691200,5529600,80x80x108,Q,Q_hpez_b8,1.4594985522010266e-07,9.997804324820224e-11,RuntimeError: hpez rc=-6 stderr='double free or corruption (!prev)\n' stdout='====================================== BEGIN TUNING ================================\nABS QoI eb: 1.4595e-07\n512 1400 2 11.6069\nPointwise QoI eb rate: 3\nPredictor tuning started.\n'
mp-1834845,bulk,691200,5529600,80x80x108,Q,Q_hpez_b8,1.4594536837781993e-07,9.997496968768986e-11,RuntimeError: hpez rc=-6 stderr='double free or corruption (!prev)\n' stdout='====================================== BEGIN TUNING ================================\nABS QoI eb: 1.45945e-07\n512 1400 2 11.6069\nPointwise QoI eb rate: 3\nPredictor tuning started.\n'
mp-1834845,bulk,691200,5529600,80x80x108,Q,Q_hpez_b8,1.459448075322333e-07,9.997458549926958e-11,RuntimeError: hpez rc=-6 stderr='free(): invalid next size (normal)\n' stdout='====================================== BEGIN TUNING ================================\nABS QoI eb: 1.45945e-07\n512 1400 2 11.6069\nPointwise QoI eb rate: 3\nPredictor tuning started.\n'
mp-1834845,bulk,691200,5529600,80x80x108,Q,Q_hpez_b8,1.459446673211735e-07,9.997448945239528e-11,RuntimeError: hpez rc=-6 stderr='double free or corruption (!prev)\n' stdout='====================================== BEGIN TUNING ================================\nABS QoI eb: 1.45945e-07\n512 1400 2 11.6069\nPointwise QoI eb rate: 3\nPredictor tuning started.\n'
mp-1834845,bulk,691200,5529600,80x80x108,Q,Q_hpez_b8,1.4594459721569413e-07,9.997444142899274e-11,RuntimeError: hpez rc=-6 stderr='double free or corruption (!prev)\n' stdout='====================================== BEGIN TUNING ================================\nABS QoI eb: 1.45945e-07\n512 1400 2 11.6069\nPointwise QoI eb rate: 3\nPredictor tuning started.\n'
mp-1834845,bulk,691200,5529600,80x80x108,Q,Q_hpez_b8,1.4594459283410286e-07,9.997443842753088e-11,RuntimeError: hpez rc=-6 stderr='double free or corruption (!prev)\n' stdout='====================================== BEGIN TUNING ================================\nABS QoI eb: 1.45945e-07\n512 1400 2 11.6069\nPointwise QoI eb rate: 3\nPredictor tuning started.\n'
mp-1834845,bulk,691200,5529600,80x80x108,Q,Q_hpez_b8,1.4594459228640394e-07,9.997443805234816e-11,RuntimeError: hpez rc=-6 stderr='double free or corruption (!prev)\n' stdout='====================================== BEGIN TUNING ================================\nABS QoI eb: 1.45945e-07\n512 1400 2 11.6069\nPointwise QoI eb rate: 3\nPredictor tuning started.\n'
mp-1834845,bulk,691200,5529600,80x80x108,Q,Q_hpez_b8,1.459445921494794e-07,9.997443795855258e-11,RuntimeError: hpez rc=-6 stderr='double free or corruption (!prev)\n' stdout='====================================== BEGIN TUNING ================================\nABS QoI eb: 1.45945e-07\n512 1400 2 11.6069\nPointwise QoI eb rate: 3\nPredictor tuning started.\n'
mp-1834845,bulk,691200,5529600,80x80x108,Q,Q_hpez_b16,2.5959662142191146e-06,1.7782794100389232e-09,RuntimeError: hpez rc=-6 stderr='double free or corruption (!prev)\n' stdout='====================================== BEGIN TUNING ================================\nABS QoI eb: 2.59597e-06\n4096 175 2 32.8294\nPointwise QoI eb rate: 4\nPredictor tuning started.\n'
mp-1834845,bulk,691200,5529600,80x80x108,Q,Q_hpez_b16,3.461776583833074e-07,2.3713737056616547e-10,RuntimeError: hpez rc=-6 stderr='double free or corruption (!prev)\n' stdout='====================================== BEGIN TUNING ================================\nABS QoI eb: 3.46178e-07\n4096 175 2 32.8294\nPointwise QoI eb rate: 4\nPredictor tuning started.\n'
mp-1834845,bulk,691200,5529600,80x80x108,Q,Q_hpez_b16,1.264151242752475e-07,8.659643233600641e-11,RuntimeError: hpez rc=-6 stderr='double free or corruption (!prev)\n' stdout='====================================== BEGIN TUNING ================================\nABS QoI eb: 1.26415e-07\n4096 175 2 32.8294\nPointwise QoI eb rate: 4\nPredictor tuning started.\n'
mp-1834845,bulk,691200,5529600,80x80x108,Q,Q_hpez_b16,1.114580744578151e-07,7.635060803383333e-11,RuntimeError: hpez rc=-6 stderr='double free or corruption (!prev)\n' stdout='====================================== BEGIN TUNING ================================\nABS QoI eb: 1.11458e-07\n4096 175 2 32.8294\nPointwise QoI eb rate: 4\nPredictor tuning started.\n'
mp-1834845,bulk,691200,5529600,80x80x108,Q,Q_hpez_b16,1.097174229822525e-07,7.515823324016602e-11,RuntimeError: hpez rc=-6 stderr='free(): corrupted unsorted chunks\n' stdout='====================================== BEGIN TUNING ================================\nABS QoI eb: 1.09717e-07\n4096 175 2 32.8294\nPointwise QoI eb rate: 4\nPredictor tuning started.\n'
mp-1834845,bulk,691200,5529600,80x80x108,Q,Q_hpez_b16,1.0885731790506117e-07,7.456904716337443e-11,RuntimeError: hpez rc=-6 stderr='double free or corruption (!prev)\n' stdout='====================================== BEGIN TUNING ================================\nABS QoI eb: 1.08857e-07\n4096 175 2 32.8294\nPointwise QoI eb rate: 4\nPredictor tuning started.\n'
mp-1834845,bulk,691200,5529600,80x80x108,Q,Q_hpez_b16,1.0880378576367809e-07,7.45323767690236e-11,RuntimeError: hpez rc=-6 stderr='malloc(): invalid size (unsorted)\n' stdout='====================================== BEGIN TUNING ================================\nABS QoI eb: 1.08804e-07\n4096 175 2 32.8294\nPointwise QoI eb rate: 4\nPredictor tuning started.\n'
mp-1834845,bulk,691200,5529600,80x80x108,Q,Q_hpez_b16,1.0879040684215e-07,7.452321198846844e-11,RuntimeError: hpez rc=-6 stderr='corrupted double-linked list\n' stdout='====================================== BEGIN TUNING ================================\nABS QoI eb: 1.0879e-07\n4096 175 2 32.8294\nPointwise QoI eb rate: 4\nPredictor tuning started.\n'
mp-1834845,bulk,691200,5529600,80x80x108,Q,Q_hpez_b16,1.0878371799831929e-07,7.451863002080031e-11,RuntimeError: hpez rc=-6 stderr='double free or corruption (!prev)\n' stdout='====================================== BEGIN TUNING ================================\nABS QoI eb: 1.08784e-07\n4096 175 2 32.8294\nPointwise QoI eb rate: 4\nPredictor tuning started.\n'
mp-1834845,bulk,691200,5529600,80x80x108,Q,Q_hpez_b16,1.0878204585162125e-07,7.451748457290218e-11,RuntimeError: hpez rc=-6 stderr='double free or corruption (!prev)\n' stdout='====================================== BEGIN TUNING ================================\nABS QoI eb: 1.08782e-07\n4096 175 2 32.8294\nPointwise QoI eb rate: 4\nPredictor tuning started.\n'
mp-1834845,bulk,691200,5529600,80x80x108,Q,Q_hpez_b16,1.0878120978791088e-07,7.451691185555576e-11,RuntimeError: hpez rc=-6 stderr='double free or corruption (!prev)\n' stdout='====================================== BEGIN TUNING ================================\nABS QoI eb: 1.08781e-07\n4096 175 2 32.8294\nPointwise QoI eb rate: 4\nPredictor tuning started.\n'
mp-1834845,bulk,691200,5529600,80x80x108,Q,Q_hpez_b16,1.0878100077298752e-07,7.451676867690706e-11,RuntimeError: hpez rc=-6 stderr='double free or corruption (!prev)\n' stdout='====================================== BEGIN TUNING ================================\nABS QoI eb: 1.08781e-07\n4096 175 2 32.8294\nPointwise QoI eb rate: 4\nPredictor tuning started.\n'
mp-1834845,bulk,691200,5529600,80x80x108,Q,Q_hpez_b16,1.0878089626567644e-07,7.451669708768588e-11,RuntimeError: hpez rc=-6 stderr='double free or corruption (!prev)\n' stdout='====================================== BEGIN TUNING ================================\nABS QoI eb: 1.08781e-07\n4096 175 2 32.8294\nPointwise QoI eb rate: 4\nPredictor tuning started.\n'
mp-1834845,bulk,691200,5529600,80x80x108,Q,Q_hpez_b16,1.0878084401205855e-07,7.451666129310107e-11,RuntimeError: hpez rc=-6 stderr='double free or corruption (!prev)\n' stdout='====================================== BEGIN TUNING ================================\nABS QoI eb: 1.08781e-07\n4096 175 2 32.8294\nPointwise QoI eb rate: 4\nPredictor tuning started.\n'
mp-1834845,bulk,691200,5529600,80x80x108,Q,Q_hpez_b16,1.087808407462083e-07,7.451665905594013e-11,RuntimeError: hpez rc=-6 stderr='double free or corruption (!prev)\n' stdout='====================================== BEGIN TUNING ================================\nABS QoI eb: 1.08781e-07\n4096 175 2 32.8294\nPointwise QoI eb rate: 4\nPredictor tuning started.\n'
mp-1834845,bulk,691200,5529600,80x80x108,Q,Q_hpez_b16,1.0878083992974577e-07,7.451665849664989e-11,RuntimeError: hpez rc=-6 stderr='double free or corruption (!prev)\n' stdout='====================================== BEGIN TUNING ================================\nABS QoI eb: 1.08781e-07\n4096 175 2 32.8294\nPointwise QoI eb rate: 4\nPredictor tuning started.\n'
mp-1834845,bulk,691200,5529600,80x80x108,Q,Q_hpez_b16,1.0878083952151469e-07,7.451665821700492e-11,RuntimeError: hpez rc=-6 stderr='double free or corruption (!prev)\n' stdout='====================================== BEGIN TUNING ================================\nABS QoI eb: 1.08781e-07\n4096 175 2 32.8294\nPointwise QoI eb rate: 4\nPredictor tuning started.\n'
mp-1834845,bulk,691200,5529600,80x80x108,Q,Q_hpez_b16,1.0878083941945681e-07,7.45166581470936e-11,RuntimeError: hpez rc=-6 stderr='double free or corruption (!prev)\n' stdout='====================================== BEGIN TUNING ================================\nABS QoI eb: 1.08781e-07\n4096 175 2 32.8294\nPointwise QoI eb rate: 4\nPredictor tuning started.\n'
mp-1834845,bulk,691200,5529600,80x80x108,Q,Q_sz3_b4,0.0001459819081053,1.0000000000000015e-07,RuntimeError: hpez rc=-11 stderr='' stdout='====================================== BEGIN TUNING ================================\nABS QoI eb: 0.000145982\n64 10800 2 3.2383\nPointwise QoI eb rate: 2\n'
mp-1834845,bulk,691200,5529600,80x80x108,Q,Q_sz3_b4,2.5959662142191146e-06,1.7782794100389232e-09,RuntimeError: hpez rc=-6 stderr='double free or corruption (out)\n' stdout='====================================== BEGIN TUNING ================================\nABS QoI eb: 2.59597e-06\n64 10800 2 3.2383\nPointwise QoI eb rate: 2\n'
mp-1834845,bulk,691200,5529600,80x80x108,Q,Q_sz3_b4,1.5687330124327627e-06,1.074607828321318e-09,RuntimeError: hpez rc=-6 stderr='malloc(): invalid size (unsorted)\n' stdout='====================================== BEGIN TUNING ================================\nABS QoI eb: 1.56873e-06\n64 10800 2 3.2383\nPointwise QoI eb rate: 2\n'
mp-1834845,bulk,691200,5529600,80x80x108,Q,Q_sz3_b4,1.2194781856463618e-06,8.353625469578276e-10,RuntimeError: hpez rc=-6 stderr='free(): invalid next size (normal)\n' stdout='====================================== BEGIN TUNING ================================\nABS QoI eb: 1.21948e-06\n64 10800 2 3.2383\nPointwise QoI eb rate: 2\n'
mp-1834845,bulk,691200,5529600,80x80x108,Q,Q_sz3_b4,1.0751932665865928e-06,7.36525012271229e-10,RuntimeError: hpez rc=-6 stderr='free(): corrupted unsorted chunks\n' stdout='====================================== BEGIN TUNING ================================\nABS QoI eb: 1.07519e-06\n64 10800 2 3.2383\nPointwise QoI eb rate: 2\n'
mp-1834845,bulk,691200,5529600,80x80x108,Q,Q_sz3_b4,1.0095847595473012e-06,6.915821094890902e-10,RuntimeError: hpez rc=-6 stderr='corrupted double-linked list\n' stdout='====================================== BEGIN TUNING ================================\nABS QoI eb: 1.00958e-06\n64 10800 2 3.2383\nPointwise QoI eb rate: 2\n'
mp-1834845,bulk,691200,5529600,80x80x108,Q,Q_sz3_b4,9.782974261995804e-07,6.70149773281274e-10,RuntimeError: hpez rc=-6 stderr='malloc(): unsorted double linked list corrupted\n' stdout='====================================== BEGIN TUNING ================================\nABS QoI eb: 9.78297e-07\n64 10800 2 3.2383\nPointwise QoI eb rate: 2\n'
mp-1834845,bulk,691200,5529600,80x80x108,Q,Q_sz3_b4,9.63019261143014e-07,6.59683979776546e-10,RuntimeError: hpez rc=-6 stderr='malloc(): unsorted double linked list corrupted\n' stdout='====================================== BEGIN TUNING ================================\nABS QoI eb: 9.63019e-07\n64 10800 2 3.2383\nPointwise QoI eb rate: 2\n'
mp-1834845,bulk,691200,5529600,80x80x108,Q,Q_sz3_b4,9.554698880951625e-07,6.545125354888028e-10,RuntimeError: hpez rc=-6 stderr='double free or corruption (!prev)\n' stdout='====================================== BEGIN TUNING ================================\nABS QoI eb: 9.5547e-07\n64 10800 2 3.2383\nPointwise QoI eb rate: 2\n'
mp-1834845,bulk,691200,5529600,80x80x108,Q,Q_sz3_b4,9.545303872208945e-07,6.53868961989551e-10,RuntimeError: hpez rc=-11 stderr='' stdout='====================================== BEGIN TUNING ================================\nABS QoI eb: 9.5453e-07\n64 10800 2 3.2383\nPointwise QoI eb rate: 2\n'
mp-1834845,bulk,691200,5529600,80x80x108,Q,Q_sz3_b4,9.54060983265086e-07,6.535474125853127e-10,RuntimeError: hpez rc=-6 stderr='corrupted double-linked list\n' stdout='====================================== BEGIN TUNING ================================\nABS QoI eb: 9.54061e-07\n64 10800 2 3.2383\nPointwise QoI eb rate: 2\n'
mp-1834845,bulk,691200,5529600,80x80x108,Q,Q_sz3_b4,9.538263678578166e-07,6.533866971854975e-10,RuntimeError: hpez rc=-6 stderr='corrupted double-linked list\n' stdout='====================================== BEGIN TUNING ================================\nABS QoI eb: 9.53826e-07\n64 10800 2 3.2383\nPointwise QoI eb rate: 2\n'
mp-1834845,bulk,691200,5529600,80x80x108,Q,Q_sz3_b4,9.537090817906306e-07,6.533063543069121e-10,RuntimeError: hpez rc=-6 stderr='malloc(): unsorted double linked list corrupted\n' stdout='====================================== BEGIN TUNING ================================\nABS QoI eb: 9.53709e-07\n64 10800 2 3.2383\nPointwise QoI eb rate: 2\n'
mp-1834845,bulk,691200,5529600,80x80x108,Q,Q_sz3_b4,9.536797625273302e-07,6.532862701309474e-10,RuntimeError: hpez rc=-6 stderr='malloc(): invalid size (unsorted)\n' stdout='====================================== BEGIN TUNING ================================\nABS QoI eb: 9.5368e-07\n64 10800 2 3.2383\nPointwise QoI eb rate: 2\n'
mp-1834845,bulk,691200,5529600,80x80x108,Q,Q_sz3_b4,9.53676097682794e-07,6.532837596523656e-10,RuntimeError: hpez rc=-6 stderr='malloc(): invalid size (unsorted)\n' stdout='====================================== BEGIN TUNING ================================\nABS QoI eb: 9.53676e-07\n64 10800 2 3.2383\nPointwise QoI eb rate: 2\n'
mp-1834845,bulk,691200,5529600,80x80x108,Q,Q_sz3_b4,9.536751814738613e-07,6.532831320342281e-10,RuntimeError: hpez rc=-6 stderr='malloc(): invalid size (unsorted)\n' stdout='====================================== BEGIN TUNING ================================\nABS QoI eb: 9.53675e-07\n64 10800 2 3.2383\nPointwise QoI eb rate: 2\n'
mp-1834845,bulk,691200,5529600,80x80x108,Q,Q_sz3_b4,9.53674723369725e-07,6.532828182253854e-10,RuntimeError: hpez rc=-6 stderr='malloc(): invalid size (unsorted)\n' stdout='====================================== BEGIN TUNING ================================\nABS QoI eb: 9.53675e-07\n64 10800 2 3.2383\nPointwise QoI eb rate: 2\n'
mp-1834845,bulk,691200,5529600,80x80x108,Q,Q_sz3_b4,9.536744943177393e-07,6.532826613210208e-10,RuntimeError: hpez rc=-6 stderr='malloc(): invalid size (unsorted)\n' stdout='====================================== BEGIN TUNING ================================\nABS QoI eb: 9.53674e-07\n64 10800 2 3.2383\nPointwise QoI eb rate: 2\n'
mp-1834845,bulk,691200,5529600,80x80x108,Q,Q_sz3_b4,9.536743797917655e-07,6.532825828688512e-10,RuntimeError: hpez rc=-6 stderr='malloc(): invalid size (unsorted)\n' stdout='====================================== BEGIN TUNING ================================\nABS QoI eb: 9.53674e-07\n64 10800 2 3.2383\nPointwise QoI eb rate: 2\n'
mp-1834845,bulk,691200,5529600,80x80x108,Q,Q_sz3_b4,9.536743225287854e-07,6.532825436427714e-10,RuntimeError: hpez rc=-6 stderr='malloc(): invalid size (unsorted)\n' stdout='====================================== BEGIN TUNING ================================\nABS QoI eb: 9.53674e-07\n64 10800 2 3.2383\nPointwise QoI eb rate: 2\n'
mp-1834845,bulk,691200,5529600,80x80x108,Q,Q_sz3_b4,9.536743189498493e-07,6.532825411911413e-10,RuntimeError: hpez rc=-6 stderr='malloc(): invalid size (unsorted)\n' stdout='====================================== BEGIN TUNING ================================\nABS QoI eb: 9.53674e-07\n64 10800 2 3.2383\nPointwise QoI eb rate: 2\n'
mp-1834845,bulk,691200,5529600,80x80x108,Q,Q_sz3_b4,9.53674317160382e-07,6.532825399653271e-10,RuntimeError: hpez rc=-6 stderr='malloc(): invalid size (unsorted)\n' stdout='====================================== BEGIN TUNING ================================\nABS QoI eb: 9.53674e-07\n64 10800 2 3.2383\nPointwise QoI eb rate: 2\n'
mp-1834845,bulk,691200,5529600,80x80x108,Q,Q_sz3_b8,0.0001459819081053,1.0000000000000015e-07,RuntimeError: hpez rc=-11 stderr='' stdout='====================================== BEGIN TUNING ================================\nABS QoI eb: 0.000145982\n512 1400 2 9.15929\nPointwise QoI eb rate: 2\n'
mp-1834845,bulk,691200,5529600,80x80x108,Q,Q_sz3_b8,2.5959662142191146e-06,1.7782794100389232e-09,RuntimeError: hpez rc=-6 stderr='double free or corruption (out)\n' stdout='====================================== BEGIN TUNING ================================\nABS QoI eb: 2.59597e-06\n512 1400 2 9.15929\nPointwise QoI eb rate: 2\n'
mp-1834845,bulk,691200,5529600,80x80x108,Q,Q_sz3_b8,1.5687330124327627e-06,1.074607828321318e-09,RuntimeError: hpez rc=-6 stderr='malloc(): invalid size (unsorted)\n' stdout='====================================== BEGIN TUNING ================================\nABS QoI eb: 1.56873e-06\n512 1400 2 9.15929\nPointwise QoI eb rate: 2\n'
mp-1834845,bulk,691200,5529600,80x80x108,Q,Q_sz3_b8,1.2194781856463618e-06,8.353625469578276e-10,RuntimeError: hpez rc=-6 stderr='free(): invalid next size (normal)\n' stdout='====================================== BEGIN TUNING ================================\nABS QoI eb: 1.21948e-06\n512 1400 2 9.15929\nPointwise QoI eb rate: 2\n'
mp-1834845,bulk,691200,5529600,80x80x108,Q,Q_sz3_b8,1.0751932665865928e-06,7.36525012271229e-10,RuntimeError: hpez rc=-6 stderr='free(): corrupted unsorted chunks\n' stdout='====================================== BEGIN TUNING ================================\nABS QoI eb: 1.07519e-06\n512 1400 2 9.15929\nPointwise QoI eb rate: 2\n'
mp-1834845,bulk,691200,5529600,80x80x108,Q,Q_sz3_b8,1.0095847595473012e-06,6.915821094890902e-10,RuntimeError: hpez rc=-6 stderr='corrupted double-linked list\n' stdout='====================================== BEGIN TUNING ================================\nABS QoI eb: 1.00958e-06\n512 1400 2 9.15929\nPointwise QoI eb rate: 2\n'
mp-1834845,bulk,691200,5529600,80x80x108,Q,Q_sz3_b8,9.782974261995804e-07,6.70149773281274e-10,RuntimeError: hpez rc=-6 stderr='malloc(): unsorted double linked list corrupted\n' stdout='====================================== BEGIN TUNING ================================\nABS QoI eb: 9.78297e-07\n512 1400 2 9.15929\nPointwise QoI eb rate: 2\n'
mp-1834845,bulk,691200,5529600,80x80x108,Q,Q_sz3_b8,9.63019261143014e-07,6.59683979776546e-10,RuntimeError: hpez rc=-6 stderr='malloc(): unsorted double linked list corrupted\n' stdout='====================================== BEGIN TUNING ================================\nABS QoI eb: 9.63019e-07\n512 1400 2 9.15929\nPointwise QoI eb rate: 2\n'
mp-1834845,bulk,691200,5529600,80x80x108,Q,Q_sz3_b8,9.554698880951625e-07,6.545125354888028e-10,RuntimeError: hpez rc=-6 stderr='double free or corruption (!prev)\n' stdout='====================================== BEGIN TUNING ================================\nABS QoI eb: 9.5547e-07\n512 1400 2 9.15929\nPointwise QoI eb rate: 2\n'
mp-1834845,bulk,691200,5529600,80x80x108,Q,Q_sz3_b8,9.545303872208945e-07,6.53868961989551e-10,RuntimeError: hpez rc=-11 stderr='' stdout='====================================== BEGIN TUNING ================================\nABS QoI eb: 9.5453e-07\n512 1400 2 9.15929\nPointwise QoI eb rate: 2\n'
mp-1834845,bulk,691200,5529600,80x80x108,Q,Q_sz3_b8,9.54060983265086e-07,6.535474125853127e-10,RuntimeError: hpez rc=-6 stderr='corrupted double-linked list\n' stdout='====================================== BEGIN TUNING ================================\nABS QoI eb: 9.54061e-07\n512 1400 2 9.15929\nPointwise QoI eb rate: 2\n'
mp-1834845,bulk,691200,5529600,80x80x108,Q,Q_sz3_b8,9.538263678578166e-07,6.533866971854975e-10,RuntimeError: hpez rc=-6 stderr='corrupted double-linked list\n' stdout='====================================== BEGIN TUNING ================================\nABS QoI eb: 9.53826e-07\n512 1400 2 9.15929\nPointwise QoI eb rate: 2\n'
mp-1834845,bulk,691200,5529600,80x80x108,Q,Q_sz3_b8,9.537090817906306e-07,6.533063543069121e-10,RuntimeError: hpez rc=-6 stderr='malloc(): unsorted double linked list corrupted\n' stdout='====================================== BEGIN TUNING ================================\nABS QoI eb: 9.53709e-07\n512 1400 2 9.15929\nPointwise QoI eb rate: 2\n'
mp-1834845,bulk,691200,5529600,80x80x108,Q,Q_sz3_b8,9.536797625273302e-07,6.532862701309474e-10,RuntimeError: hpez rc=-6 stderr='malloc(): invalid size (unsorted)\n' stdout='====================================== BEGIN TUNING ================================\nABS QoI eb: 9.5368e-07\n512 1400 2 9.15929\nPointwise QoI eb rate: 2\n'
mp-1834845,bulk,691200,5529600,80x80x108,Q,Q_sz3_b8,9.53676097682794e-07,6.532837596523656e-10,RuntimeError: hpez rc=-6 stderr='malloc(): invalid size (unsorted)\n' stdout='====================================== BEGIN TUNING ================================\nABS QoI eb: 9.53676e-07\n512 1400 2 9.15929\nPointwise QoI eb rate: 2\n'
mp-1834845,bulk,691200,5529600,80x80x108,Q,Q_sz3_b8,9.536751814738613e-07,6.532831320342281e-10,RuntimeError: hpez rc=-6 stderr='malloc(): invalid size (unsorted)\n' stdout='====================================== BEGIN TUNING ================================\nABS QoI eb: 9.53675e-07\n512 1400 2 9.15929\nPointwise QoI eb rate: 2\n'
mp-1834845,bulk,691200,5529600,80x80x108,Q,Q_sz3_b8,9.53674723369725e-07,6.532828182253854e-10,RuntimeError: hpez rc=-6 stderr='malloc(): invalid size (unsorted)\n' stdout='====================================== BEGIN TUNING ================================\nABS QoI eb: 9.53675e-07\n512 1400 2 9.15929\nPointwise QoI eb rate: 2\n'
mp-1834845,bulk,691200,5529600,80x80x108,Q,Q_sz3_b8,9.536744943177393e-07,6.532826613210208e-10,RuntimeError: hpez rc=-6 stderr='malloc(): invalid size (unsorted)\n' stdout='====================================== BEGIN TUNING ================================\nABS QoI eb: 9.53674e-07\n512 1400 2 9.15929\nPointwise QoI eb rate: 2\n'
mp-1834845,bulk,691200,5529600,80x80x108,Q,Q_sz3_b8,9.536743797917655e-07,6.532825828688512e-10,RuntimeError: hpez rc=-6 stderr='malloc(): invalid size (unsorted)\n' stdout='====================================== BEGIN TUNING ================================\nABS QoI eb: 9.53674e-07\n512 1400 2 9.15929\nPointwise QoI eb rate: 2\n'
mp-1834845,bulk,691200,5529600,80x80x108,Q,Q_sz3_b8,9.536743225287854e-07,6.532825436427714e-10,RuntimeError: hpez rc=-6 stderr='malloc(): invalid size (unsorted)\n' stdout='====================================== BEGIN TUNING ================================\nABS QoI eb: 9.53674e-07\n512 1400 2 9.15929\nPointwise QoI eb rate: 2\n'
mp-1834845,bulk,691200,5529600,80x80x108,Q,Q_sz3_b8,9.536743189498493e-07,6.532825411911413e-10,RuntimeError: hpez rc=-6 stderr='malloc(): invalid size (unsorted)\n' stdout='====================================== BEGIN TUNING ================================\nABS QoI eb: 9.53674e-07\n512 1400 2 9.15929\nPointwise QoI eb rate: 2\n'
mp-1834845,bulk,691200,5529600,80x80x108,Q,Q_sz3_b8,9.53674317160382e-07,6.532825399653271e-10,RuntimeError: hpez rc=-6 stderr='malloc(): invalid size (unsorted)\n' stdout='====================================== BEGIN TUNING ================================\nABS QoI eb: 9.53674e-07\n512 1400 2 9.15929\nPointwise QoI eb rate: 2\n'
mp-1834845,bulk,691200,5529600,80x80x108,Q,Q_sz3_b16,0.0001459819081053,1.0000000000000015e-07,RuntimeError: hpez rc=-11 stderr='' stdout='====================================== BEGIN TUNING ================================\nABS QoI eb: 0.000145982\n4096 175 2 25.9064\nPointwise QoI eb rate: 2\n'
mp-1834845,bulk,691200,5529600,80x80x108,Q,Q_sz3_b16,2.5959662142191146e-06,1.7782794100389232e-09,RuntimeError: hpez rc=-6 stderr='double free or corruption (out)\n' stdout='====================================== BEGIN TUNING ================================\nABS QoI eb: 2.59597e-06\n4096 175 2 25.9064\nPointwise QoI eb rate: 2\n'
mp-1834845,bulk,691200,5529600,80x80x108,Q,Q_sz3_b16,1.5687330124327627e-06,1.074607828321318e-09,RuntimeError: hpez rc=-6 stderr='malloc(): invalid size (unsorted)\n' stdout='====================================== BEGIN TUNING ================================\nABS QoI eb: 1.56873e-06\n4096 175 2 25.9064\nPointwise QoI eb rate: 2\n'
mp-1834845,bulk,691200,5529600,80x80x108,Q,Q_sz3_b16,1.2194781856463618e-06,8.353625469578276e-10,RuntimeError: hpez rc=-6 stderr='free(): invalid next size (normal)\n' stdout='====================================== BEGIN TUNING ================================\nABS QoI eb: 1.21948e-06\n4096 175 2 25.9064\nPointwise QoI eb rate: 2\n'
mp-1834845,bulk,691200,5529600,80x80x108,Q,Q_sz3_b16,1.0751932665865928e-06,7.36525012271229e-10,RuntimeError: hpez rc=-6 stderr='free(): corrupted unsorted chunks\n' stdout='====================================== BEGIN TUNING ================================\nABS QoI eb: 1.07519e-06\n4096 175 2 25.9064\nPointwise QoI eb rate: 2\n'
mp-1834845,bulk,691200,5529600,80x80x108,Q,Q_sz3_b16,1.0095847595473012e-06,6.915821094890902e-10,RuntimeError: hpez rc=-6 stderr='corrupted double-linked list\n' stdout='====================================== BEGIN TUNING ================================\nABS QoI eb: 1.00958e-06\n4096 175 2 25.9064\nPointwise QoI eb rate: 2\n'
mp-1834845,bulk,691200,5529600,80x80x108,Q,Q_sz3_b16,9.782974261995804e-07,6.70149773281274e-10,RuntimeError: hpez rc=-6 stderr='malloc(): unsorted double linked list corrupted\n' stdout='====================================== BEGIN TUNING ================================\nABS QoI eb: 9.78297e-07\n4096 175 2 25.9064\nPointwise QoI eb rate: 2\n'
mp-1834845,bulk,691200,5529600,80x80x108,Q,Q_sz3_b16,9.63019261143014e-07,6.59683979776546e-10,RuntimeError: hpez rc=-6 stderr='malloc(): unsorted double linked list corrupted\n' stdout='====================================== BEGIN TUNING ================================\nABS QoI eb: 9.63019e-07\n4096 175 2 25.9064\nPointwise QoI eb rate: 2\n'
mp-1834845,bulk,691200,5529600,80x80x108,Q,Q_sz3_b16,9.554698880951625e-07,6.545125354888028e-10,RuntimeError: hpez rc=-6 stderr='double free or corruption (!prev)\n' stdout='====================================== BEGIN TUNING ================================\nABS QoI eb: 9.5547e-07\n4096 175 2 25.9064\nPointwise QoI eb rate: 2\n'
mp-1834845,bulk,691200,5529600,80x80x108,Q,Q_sz3_b16,9.545303872208945e-07,6.53868961989551e-10,RuntimeError: hpez rc=-11 stderr='' stdout='====================================== BEGIN TUNING ================================\nABS QoI eb: 9.5453e-07\n4096 175 2 25.9064\nPointwise QoI eb rate: 2\n'
mp-1834845,bulk,691200,5529600,80x80x108,Q,Q_sz3_b16,9.54060983265086e-07,6.535474125853127e-10,RuntimeError: hpez rc=-6 stderr='corrupted double-linked list\n' stdout='====================================== BEGIN TUNING ================================\nABS QoI eb: 9.54061e-07\n4096 175 2 25.9064\nPointwise QoI eb rate: 2\n'
mp-1834845,bulk,691200,5529600,80x80x108,Q,Q_sz3_b16,9.538263678578166e-07,6.533866971854975e-10,RuntimeError: hpez rc=-6 stderr='corrupted double-linked list\n' stdout='====================================== BEGIN TUNING ================================\nABS QoI eb: 9.53826e-07\n4096 175 2 25.9064\nPointwise QoI eb rate: 2\n'
mp-1834845,bulk,691200,5529600,80x80x108,Q,Q_sz3_b16,9.537090817906306e-07,6.533063543069121e-10,RuntimeError: hpez rc=-6 stderr='malloc(): unsorted double linked list corrupted\n' stdout='====================================== BEGIN TUNING ================================\nABS QoI eb: 9.53709e-07\n4096 175 2 25.9064\nPointwise QoI eb rate: 2\n'
mp-1834845,bulk,691200,5529600,80x80x108,Q,Q_sz3_b16,9.536797625273302e-07,6.532862701309474e-10,RuntimeError: hpez rc=-6 stderr='malloc(): invalid size (unsorted)\n' stdout='====================================== BEGIN TUNING ================================\nABS QoI eb: 9.5368e-07\n4096 175 2 25.9064\nPointwise QoI eb rate: 2\n'
mp-1834845,bulk,691200,5529600,80x80x108,Q,Q_sz3_b16,9.53676097682794e-07,6.532837596523656e-10,RuntimeError: hpez rc=-6 stderr='malloc(): invalid size (unsorted)\n' stdout='====================================== BEGIN TUNING ================================\nABS QoI eb: 9.53676e-07\n4096 175 2 25.9064\nPointwise QoI eb rate: 2\n'
mp-1834845,bulk,691200,5529600,80x80x108,Q,Q_sz3_b16,9.536751814738613e-07,6.532831320342281e-10,RuntimeError: hpez rc=-6 stderr='malloc(): invalid size (unsorted)\n' stdout='====================================== BEGIN TUNING ================================\nABS QoI eb: 9.53675e-07\n4096 175 2 25.9064\nPointwise QoI eb rate: 2\n'
mp-1834845,bulk,691200,5529600,80x80x108,Q,Q_sz3_b16,9.53674723369725e-07,6.532828182253854e-10,RuntimeError: hpez rc=-6 stderr='malloc(): invalid size (unsorted)\n' stdout='====================================== BEGIN TUNING ================================\nABS QoI eb: 9.53675e-07\n4096 175 2 25.9064\nPointwise QoI eb rate: 2\n'
mp-1834845,bulk,691200,5529600,80x80x108,Q,Q_sz3_b16,9.536744943177393e-07,6.532826613210208e-10,RuntimeError: hpez rc=-6 stderr='malloc(): invalid size (unsorted)\n' stdout='====================================== BEGIN TUNING ================================\nABS QoI eb: 9.53674e-07\n4096 175 2 25.9064\nPointwise QoI eb rate: 2\n'
mp-1834845,bulk,691200,5529600,80x80x108,Q,Q_sz3_b16,9.536743797917655e-07,6.532825828688512e-10,RuntimeError: hpez rc=-6 stderr='malloc(): invalid size (unsorted)\n' stdout='====================================== BEGIN TUNING ================================\nABS QoI eb: 9.53674e-07\n4096 175 2 25.9064\nPointwise QoI eb rate: 2\n'
mp-1834845,bulk,691200,5529600,80x80x108,Q,Q_sz3_b16,9.536743225287854e-07,6.532825436427714e-10,RuntimeError: hpez rc=-6 stderr='malloc(): invalid size (unsorted)\n' stdout='====================================== BEGIN TUNING ================================\nABS QoI eb: 9.53674e-07\n4096 175 2 25.9064\nPointwise QoI eb rate: 2\n'
mp-1834845,bulk,691200,5529600,80x80x108,Q,Q_sz3_b16,9.536743189498493e-07,6.532825411911413e-10,RuntimeError: hpez rc=-6 stderr='malloc(): invalid size (unsorted)\n' stdout='====================================== BEGIN TUNING ================================\nABS QoI eb: 9.53674e-07\n4096 175 2 25.9064\nPointwise QoI eb rate: 2\n'
mp-1834845,bulk,691200,5529600,80x80x108,Q,Q_sz3_b16,9.53674317160382e-07,6.532825399653271e-10,RuntimeError: hpez rc=-6 stderr='malloc(): invalid size (unsorted)\n' stdout='====================================== BEGIN TUNING ================================\nABS QoI eb: 9.53674e-07\n4096 175 2 25.9064\nPointwise QoI eb rate: 2\n'
mp-1883986,bulk,2592000,20736000,120x120x180,Q,Q_sz3_b4,1.694181793604645e-05,1.77827941003892e-09,RuntimeError: hpez rc=-6 stderr='munmap_chunk(): invalid pointer\n' stdout='====================================== BEGIN TUNING ================================\nABS QoI eb: 1.69418e-05\n64 40500 2 3.2383\nPointwise QoI eb rate: 2\n'
mp-1883986,bulk,2592000,20736000,120x120x180,Q,Q_sz3_b4,6.186713578906122e-06,6.493816315762108e-10,RuntimeError: hpez rc=-6 stderr='munmap_chunk(): invalid pointer\n' stdout='====================================== BEGIN TUNING ================================\nABS QoI eb: 6.18671e-06\n64 40500 2 3.2383\nPointwise QoI eb rate: 2\n'
mp-1883986,bulk,2592000,20736000,120x120x180,Q,Q_sz3_b4,4.809334788344999e-06,5.048065716667461e-10,RuntimeError: hpez rc=-6 stderr='munmap_chunk(): invalid pointer\n' stdout='====================================== BEGIN TUNING ================================\nABS QoI eb: 4.80933e-06\n64 40500 2 3.2383\nPointwise QoI eb rate: 2\n'
mp-1883986,bulk,2592000,20736000,120x120x180,Q,Q_sz3_b4,4.240309045338459e-06,4.450794062355987e-10,RuntimeError: hpez rc=-6 stderr='double free or corruption (out)\n' stdout='====================================== BEGIN TUNING ================================\nABS QoI eb: 4.24031e-06\n64 40500 2 3.2383\nPointwise QoI eb rate: 2\n'
mp-1883986,bulk,2592000,20736000,120x120x180,Q,Q_sz3_b4,4.108900601080305e-06,4.3128626245305767e-10,RuntimeError: hpez rc=-11 stderr='' stdout='====================================== BEGIN TUNING ================================\nABS QoI eb: 4.1089e-06\n64 40500 2 3.2383\nPointwise QoI eb rate: 2\n'
mp-1883986,bulk,2592000,20736000,120x120x180,Q,Q_sz3_b4,4.076689798341767e-06,4.2790529073520576e-10,RuntimeError: hpez rc=-6 stderr='munmap_chunk(): invalid pointer\n' stdout='twise QoI eb rate: 2\ninterp best interpAlgo = CUBIC\ninterp best direction = 5\nInterp ratio = 1.0478\nchoose interp\nsz3 tuning time = 0.073173s\nTuning time = 0.0734529s\n====================================== END TUNING ======================================\nGlobal correction done. 0 blocks corrected.\n'
mp-1883986,bulk,2592000,20736000,120x120x180,Q,Q_sz3_b4,4.0606792120613806e-06,4.2622475703849515e-10,RuntimeError: hpez rc=-6 stderr='munmap_chunk(): invalid pointer\n' stdout='intwise QoI eb rate: 2\ninterp best interpAlgo = CUBIC\ninterp best direction = 5\nInterp ratio = 1.0456\nchoose interp\nsz3 tuning time = 0.130431s\nTuning time = 0.13071s\n====================================== END TUNING ======================================\nGlobal correction done. 0 blocks corrected.\n'
mp-1883986,bulk,2592000,20736000,120x120x180,Q,Q_sz3_b4,4.0526975140672005e-06,4.2538696682886246e-10,RuntimeError: hpez rc=-11 stderr='' stdout='====================================== BEGIN TUNING ================================\nABS QoI eb: 4.0527e-06\n64 40500 2 3.2383\nPointwise QoI eb rate: 2\n'
mp-1883986,bulk,2592000,20736000,120x120x180,Q,Q_sz3_b4,4.0487125503283564e-06,4.2496868946374805e-10,RuntimeError: hpez rc=-6 stderr='munmap_chunk(): invalid pointer\n' stdout='====================================== BEGIN TUNING ================================\nABS QoI eb: 4.04871e-06\n64 40500 2 3.2383\nPointwise QoI eb rate: 2\n'
mp-1883986,bulk,2592000,20736000,120x120x180,Q,Q_sz3_b4,4.046721538085591e-06,4.2475970503894715e-10,RuntimeError: hpez rc=-6 stderr='double free or corruption (out)\n' stdout='====================================== BEGIN TUNING ================================\nABS QoI eb: 4.04672e-06\n64 40500 2 3.2383\nPointwise QoI eb rate: 2\n'
mp-1883986,bulk,2592000,20736000,120x120x180,Q,Q_sz3_b4,4.046223938029445e-06,4.24707474992702e-10,RuntimeError: hpez rc=-6 stderr='munmap_chunk(): invalid pointer\n' stdout='wise QoI eb rate: 2\ninterp best interpAlgo = CUBIC\ninterp best direction = 5\nInterp ratio = 1.0480\nchoose interp\nsz3 tuning time = 0.0648271s\nTuning time = 0.0651596s\n====================================== END TUNING ======================================\nGlobal correction done. 0 blocks corrected.\n'
mp-1883986,bulk,2592000,20736000,120x120x180,Q,Q_sz3_b4,4.045975160946884e-06,4.246813623780299e-10,RuntimeError: hpez rc=-6 stderr='munmap_chunk(): invalid pointer\n' stdout='====================================== BEGIN TUNING ================================\nABS QoI eb: 4.04598e-06\n64 40500 2 3.2383\nPointwise QoI eb rate: 2\n'
mp-1883986,bulk,2592000,20736000,120x120x180,Q,Q_sz3_b4,4.045850778141566e-06,4.246683066727629e-10,RuntimeError: hpez rc=-11 stderr='' stdout='wise QoI eb rate: 2\ninterp best interpAlgo = CUBIC\ninterp best direction = 5\nInterp ratio = 1.0446\nchoose interp\nsz3 tuning time = 0.0646446s\nTuning time = 0.0649655s\n====================================== END TUNING ======================================\nGlobal correction done. 0 blocks corrected.\n'
mp-1883986,bulk,2592000,20736000,120x120x180,Q,Q_sz3_b4,4.045819683037713e-06,4.2466504280915967e-10,RuntimeError: hpez rc=-6 stderr='munmap_chunk(): invalid pointer\n' stdout='====================================== BEGIN TUNING ================================\nABS QoI eb: 4.04582e-06\n64 40500 2 3.2383\nPointwise QoI eb rate: 2\n'
mp-1883986,bulk,2592000,20736000,120x120x180,Q,Q_sz3_b4,4.045817739601659e-06,4.2466483881851747e-10,RuntimeError: hpez rc=-6 stderr='free(): invalid size\n' stdout='====================================== BEGIN TUNING ================================\nABS QoI eb: 4.04582e-06\n64 40500 2 3.2383\nPointwise QoI eb rate: 2\n'
mp-1883986,bulk,2592000,20736000,120x120x180,Q,Q_sz3_b4,4.045816767883982e-06,4.2466473682323316e-10,RuntimeError: hpez rc=-6 stderr='munmap_chunk(): invalid pointer\n' stdout='ntwise QoI eb rate: 2\ninterp best interpAlgo = CUBIC\ninterp best direction = 5\nInterp ratio = 1.0415\nchoose interp\nsz3 tuning time = 0.109379s\nTuning time = 0.109625s\n====================================== END TUNING ======================================\nGlobal correction done. 0 blocks corrected.\n'
mp-1883986,bulk,2592000,20736000,120x120x180,Q,Q_sz3_b4,4.045816282025231e-06,4.246646858256003e-10,RuntimeError: hpez rc=-6 stderr='munmap_chunk(): invalid pointer\n' stdout='ntwise QoI eb rate: 2\ninterp best interpAlgo = CUBIC\ninterp best direction = 0\nInterp ratio = 1.0172\nchoose interp\nsz3 tuning time = 0.137686s\nTuning time = 0.137952s\n====================================== END TUNING ======================================\nGlobal correction done. 0 blocks corrected.\n'
mp-1883986,bulk,2592000,20736000,120x120x180,Q,Q_sz3_b4,4.045816039095874e-06,4.2466466032678565e-10,RuntimeError: hpez rc=-6 stderr='munmap_chunk(): invalid pointer\n' stdout='wise QoI eb rate: 2\ninterp best interpAlgo = CUBIC\ninterp best direction = 0\nInterp ratio = 1.0171\nchoose interp\nsz3 tuning time = 0.0638795s\nTuning time = 0.0642023s\n====================================== END TUNING ======================================\nGlobal correction done. 0 blocks corrected.\n'
mp-1883986,bulk,2592000,20736000,120x120x180,Q,Q_sz3_b4,4.045815917631204e-06,4.2466464757737926e-10,RuntimeError: hpez rc=-6 stderr='munmap_chunk(): invalid pointer\n' stdout='====================================== BEGIN TUNING ================================\nABS QoI eb: 4.04582e-06\n64 40500 2 3.2383\nPointwise QoI eb rate: 2\n'
mp-1883986,bulk,2592000,20736000,120x120x180,Q,Q_sz3_b8,1.694181793604645e-05,1.77827941003892e-09,RuntimeError: hpez rc=-6 stderr='munmap_chunk(): invalid pointer\n' stdout='====================================== BEGIN TUNING ================================\nABS QoI eb: 1.69418e-05\n512 5175 2 9.15929\nPointwise QoI eb rate: 2\n'
mp-1883986,bulk,2592000,20736000,120x120x180,Q,Q_sz3_b8,6.186713578906122e-06,6.493816315762108e-10,RuntimeError: hpez rc=-6 stderr='munmap_chunk(): invalid pointer\n' stdout='====================================== BEGIN TUNING ================================\nABS QoI eb: 6.18671e-06\n512 5175 2 9.15929\nPointwise QoI eb rate: 2\n'
mp-1883986,bulk,2592000,20736000,120x120x180,Q,Q_sz3_b8,4.809334788344999e-06,5.048065716667461e-10,RuntimeError: hpez rc=-6 stderr='munmap_chunk(): invalid pointer\n' stdout='====================================== BEGIN TUNING ================================\nABS QoI eb: 4.80933e-06\n512 5175 2 9.15929\nPointwise QoI eb rate: 2\n'
mp-1883986,bulk,2592000,20736000,120x120x180,Q,Q_sz3_b8,4.240309045338459e-06,4.450794062355987e-10,RuntimeError: hpez rc=-6 stderr='double free or corruption (out)\n' stdout='====================================== BEGIN TUNING ================================\nABS QoI eb: 4.24031e-06\n512 5175 2 9.15929\nPointwise QoI eb rate: 2\n'
mp-1883986,bulk,2592000,20736000,120x120x180,Q,Q_sz3_b8,4.108900601080305e-06,4.3128626245305767e-10,RuntimeError: hpez rc=-11 stderr='' stdout='wise QoI eb rate: 2\ninterp best interpAlgo = CUBIC\ninterp best direction = 5\nInterp ratio = 1.0440\nchoose interp\nsz3 tuning time = 0.0748209s\nTuning time = 0.0751995s\n====================================== END TUNING ======================================\nGlobal correction done. 0 blocks corrected.\n'
mp-1883986,bulk,2592000,20736000,120x120x180,Q,Q_sz3_b8,4.076689798341767e-06,4.2790529073520576e-10,RuntimeError: hpez rc=-6 stderr='munmap_chunk(): invalid pointer\n' stdout='twise QoI eb rate: 2\ninterp best interpAlgo = CUBIC\ninterp best direction = 5\nInterp ratio = 1.0478\nchoose interp\nsz3 tuning time = 0.071403s\nTuning time = 0.0717158s\n====================================== END TUNING ======================================\nGlobal correction done. 0 blocks corrected.\n'
mp-1883986,bulk,2592000,20736000,120x120x180,Q,Q_sz3_b8,4.0606792120613806e-06,4.2622475703849515e-10,RuntimeError: hpez rc=-6 stderr='munmap_chunk(): invalid pointer\n' stdout='====================================== BEGIN TUNING ================================\nABS QoI eb: 4.06068e-06\n512 5175 2 9.15929\nPointwise QoI eb rate: 2\n'
mp-1883986,bulk,2592000,20736000,120x120x180,Q,Q_sz3_b8,4.0526975140672005e-06,4.2538696682886246e-10,RuntimeError: hpez rc=-11 stderr='' stdout='====================================== BEGIN TUNING ================================\nABS QoI eb: 4.0527e-06\n512 5175 2 9.15929\nPointwise QoI eb rate: 2\n'
mp-1883986,bulk,2592000,20736000,120x120x180,Q,Q_sz3_b8,4.0487125503283564e-06,4.2496868946374805e-10,RuntimeError: hpez rc=-6 stderr='munmap_chunk(): invalid pointer\n' stdout='====================================== BEGIN TUNING ================================\nABS QoI eb: 4.04871e-06\n512 5175 2 9.15929\nPointwise QoI eb rate: 2\n'
mp-1883986,bulk,2592000,20736000,120x120x180,Q,Q_sz3_b8,4.046721538085591e-06,4.2475970503894715e-10,RuntimeError: hpez rc=-6 stderr='double free or corruption (out)\n' stdout='====================================== BEGIN TUNING ================================\nABS QoI eb: 4.04672e-06\n512 5175 2 9.15929\nPointwise QoI eb rate: 2\n'
mp-1883986,bulk,2592000,20736000,120x120x180,Q,Q_sz3_b8,4.046223938029445e-06,4.24707474992702e-10,RuntimeError: hpez rc=-6 stderr='munmap_chunk(): invalid pointer\n' stdout='wise QoI eb rate: 2\ninterp best interpAlgo = CUBIC\ninterp best direction = 5\nInterp ratio = 1.0480\nchoose interp\nsz3 tuning time = 0.0699073s\nTuning time = 0.0702117s\n====================================== END TUNING ======================================\nGlobal correction done. 0 blocks corrected.\n'
mp-1883986,bulk,2592000,20736000,120x120x180,Q,Q_sz3_b8,4.045975160946884e-06,4.246813623780299e-10,RuntimeError: hpez rc=-6 stderr='munmap_chunk(): invalid pointer\n' stdout='====================================== BEGIN TUNING ================================\nABS QoI eb: 4.04598e-06\n512 5175 2 9.15929\nPointwise QoI eb rate: 2\n'
mp-1883986,bulk,2592000,20736000,120x120x180,Q,Q_sz3_b8,4.045850778141566e-06,4.246683066727629e-10,RuntimeError: hpez rc=-11 stderr='' stdout='====================================== BEGIN TUNING ================================\nABS QoI eb: 4.04585e-06\n512 5175 2 9.15929\nPointwise QoI eb rate: 2\n'
mp-1883986,bulk,2592000,20736000,120x120x180,Q,Q_sz3_b8,4.045819683037713e-06,4.2466504280915967e-10,RuntimeError: hpez rc=-6 stderr='munmap_chunk(): invalid pointer\n' stdout='wise QoI eb rate: 2\ninterp best interpAlgo = CUBIC\ninterp best direction = 5\nInterp ratio = 1.0432\nchoose interp\nsz3 tuning time = 0.0639609s\nTuning time = 0.0642975s\n====================================== END TUNING ======================================\nGlobal correction done. 0 blocks corrected.\n'
mp-1883986,bulk,2592000,20736000,120x120x180,Q,Q_sz3_b8,4.045817739601659e-06,4.2466483881851747e-10,RuntimeError: hpez rc=-6 stderr='free(): invalid size\n' stdout='wise QoI eb rate: 2\ninterp best interpAlgo = CUBIC\ninterp best direction = 5\nInterp ratio = 1.0441\nchoose interp\nsz3 tuning time = 0.0630965s\nTuning time = 0.0633763s\n====================================== END TUNING ======================================\nGlobal correction done. 0 blocks corrected.\n'
mp-1883986,bulk,2592000,20736000,120x120x180,Q,Q_sz3_b8,4.045816767883982e-06,4.2466473682323316e-10,RuntimeError: hpez rc=-6 stderr='munmap_chunk(): invalid pointer\n' stdout='====================================== BEGIN TUNING ================================\nABS QoI eb: 4.04582e-06\n512 5175 2 9.15929\nPointwise QoI eb rate: 2\n'
mp-1883986,bulk,2592000,20736000,120x120x180,Q,Q_sz3_b8,4.045816282025231e-06,4.246646858256003e-10,RuntimeError: hpez rc=-6 stderr='munmap_chunk(): invalid pointer\n' stdout='====================================== BEGIN TUNING ================================\nABS QoI eb: 4.04582e-06\n512 5175 2 9.15929\nPointwise QoI eb rate: 2\n'
mp-1883986,bulk,2592000,20736000,120x120x180,Q,Q_sz3_b8,4.045816039095874e-06,4.2466466032678565e-10,RuntimeError: hpez rc=-6 stderr='munmap_chunk(): invalid pointer\n' stdout='====================================== BEGIN TUNING ================================\nABS QoI eb: 4.04582e-06\n512 5175 2 9.15929\nPointwise QoI eb rate: 2\n'
mp-1883986,bulk,2592000,20736000,120x120x180,Q,Q_sz3_b8,4.045815917631204e-06,4.2466464757737926e-10,RuntimeError: hpez rc=-6 stderr='munmap_chunk(): invalid pointer\n' stdout='====================================== BEGIN TUNING ================================\nABS QoI eb: 4.04582e-06\n512 5175 2 9.15929\nPointwise QoI eb rate: 2\n'
mp-1883986,bulk,2592000,20736000,120x120x180,Q,Q_sz3_b16,1.694181793604645e-05,1.77827941003892e-09,RuntimeError: hpez rc=-6 stderr='munmap_chunk(): invalid pointer\n' stdout='====================================== BEGIN TUNING ================================\nABS QoI eb: 1.69418e-05\n4096 768 2 25.9064\nPointwise QoI eb rate: 2\n'
mp-1883986,bulk,2592000,20736000,120x120x180,Q,Q_sz3_b16,6.186713578906122e-06,6.493816315762108e-10,RuntimeError: hpez rc=-6 stderr='munmap_chunk(): invalid pointer\n' stdout='====================================== BEGIN TUNING ================================\nABS QoI eb: 6.18671e-06\n4096 768 2 25.9064\nPointwise QoI eb rate: 2\n'
mp-1883986,bulk,2592000,20736000,120x120x180,Q,Q_sz3_b16,4.809334788344999e-06,5.048065716667461e-10,RuntimeError: hpez rc=-6 stderr='munmap_chunk(): invalid pointer\n' stdout='====================================== BEGIN TUNING ================================\nABS QoI eb: 4.80933e-06\n4096 768 2 25.9064\nPointwise QoI eb rate: 2\n'
mp-1883986,bulk,2592000,20736000,120x120x180,Q,Q_sz3_b16,4.240309045338459e-06,4.450794062355987e-10,RuntimeError: hpez rc=-6 stderr='double free or corruption (out)\n' stdout='wise QoI eb rate: 2\ninterp best interpAlgo = CUBIC\ninterp best direction = 5\nInterp ratio = 1.0497\nchoose interp\nsz3 tuning time = 0.0721652s\nTuning time = 0.0724712s\n====================================== END TUNING ======================================\nGlobal correction done. 0 blocks corrected.\n'
mp-1883986,bulk,2592000,20736000,120x120x180,Q,Q_sz3_b16,4.108900601080305e-06,4.3128626245305767e-10,RuntimeError: hpez rc=-11 stderr='' stdout='====================================== BEGIN TUNING ================================\nABS QoI eb: 4.1089e-06\n4096 768 2 25.9064\nPointwise QoI eb rate: 2\n'
mp-1883986,bulk,2592000,20736000,120x120x180,Q,Q_sz3_b16,4.076689798341767e-06,4.2790529073520576e-10,RuntimeError: hpez rc=-6 stderr='munmap_chunk(): invalid pointer\n' stdout='wise QoI eb rate: 2\ninterp best interpAlgo = CUBIC\ninterp best direction = 5\nInterp ratio = 1.0478\nchoose interp\nsz3 tuning time = 0.0662424s\nTuning time = 0.0665843s\n====================================== END TUNING ======================================\nGlobal correction done. 0 blocks corrected.\n'
mp-1883986,bulk,2592000,20736000,120x120x180,Q,Q_sz3_b16,4.0606792120613806e-06,4.2622475703849515e-10,RuntimeError: hpez rc=-6 stderr='munmap_chunk(): invalid pointer\n' stdout='intwise QoI eb rate: 2\ninterp best interpAlgo = CUBIC\ninterp best direction = 5\nInterp ratio = 1.0456\nchoose interp\nsz3 tuning time = 0.17122s\nTuning time = 0.171483s\n====================================== END TUNING ======================================\nGlobal correction done. 0 blocks corrected.\n'
mp-1883986,bulk,2592000,20736000,120x120x180,Q,Q_sz3_b16,4.0526975140672005e-06,4.2538696682886246e-10,RuntimeError: hpez rc=-11 stderr='' stdout='====================================== BEGIN TUNING ================================\nABS QoI eb: 4.0527e-06\n4096 768 2 25.9064\nPointwise QoI eb rate: 2\n'
mp-1883986,bulk,2592000,20736000,120x120x180,Q,Q_sz3_b16,4.0487125503283564e-06,4.2496868946374805e-10,RuntimeError: hpez rc=-6 stderr='munmap_chunk(): invalid pointer\n' stdout='wise QoI eb rate: 2\ninterp best interpAlgo = CUBIC\ninterp best direction = 5\nInterp ratio = 1.0475\nchoose interp\nsz3 tuning time = 0.0651256s\nTuning time = 0.0654045s\n====================================== END TUNING ======================================\nGlobal correction done. 0 blocks corrected.\n'
mp-1883986,bulk,2592000,20736000,120x120x180,Q,Q_sz3_b16,4.046721538085591e-06,4.2475970503894715e-10,RuntimeError: hpez rc=-6 stderr='double free or corruption (out)\n' stdout='ntwise QoI eb rate: 2\ninterp best interpAlgo = CUBIC\ninterp best direction = 5\nInterp ratio = 1.0437\nchoose interp\nsz3 tuning time = 0.184287s\nTuning time = 0.184598s\n====================================== END TUNING ======================================\nGlobal correction done. 0 blocks corrected.\n'
mp-1883986,bulk,2592000,20736000,120x120x180,Q,Q_sz3_b16,4.046223938029445e-06,4.24707474992702e-10,RuntimeError: hpez rc=-6 stderr='munmap_chunk(): invalid pointer\n' stdout='wise QoI eb rate: 2\ninterp best interpAlgo = CUBIC\ninterp best direction = 5\nInterp ratio = 1.0480\nchoose interp\nsz3 tuning time = 0.0699568s\nTuning time = 0.0702577s\n====================================== END TUNING ======================================\nGlobal correction done. 0 blocks corrected.\n'
mp-1883986,bulk,2592000,20736000,120x120x180,Q,Q_sz3_b16,4.045975160946884e-06,4.246813623780299e-10,RuntimeError: hpez rc=-6 stderr='munmap_chunk(): invalid pointer\n' stdout='ntwise QoI eb rate: 2\ninterp best interpAlgo = CUBIC\ninterp best direction = 5\nInterp ratio = 1.0501\nchoose interp\nsz3 tuning time = 0.134051s\nTuning time = 0.134424s\n====================================== END TUNING ======================================\nGlobal correction done. 0 blocks corrected.\n'
mp-1883986,bulk,2592000,20736000,120x120x180,Q,Q_sz3_b16,4.045850778141566e-06,4.246683066727629e-10,RuntimeError: hpez rc=-11 stderr='' stdout='ntwise QoI eb rate: 2\ninterp best interpAlgo = CUBIC\ninterp best direction = 5\nInterp ratio = 1.0446\nchoose interp\nsz3 tuning time = 0.161067s\nTuning time = 0.161318s\n====================================== END TUNING ======================================\nGlobal correction done. 0 blocks corrected.\n'
mp-1883986,bulk,2592000,20736000,120x120x180,Q,Q_sz3_b16,4.045819683037713e-06,4.2466504280915967e-10,RuntimeError: hpez rc=-6 stderr='munmap_chunk(): invalid pointer\n' stdout='====================================== BEGIN TUNING ================================\nABS QoI eb: 4.04582e-06\n4096 768 2 25.9064\nPointwise QoI eb rate: 2\n'
mp-1883986,bulk,2592000,20736000,120x120x180,Q,Q_sz3_b16,4.045817739601659e-06,4.2466483881851747e-10,RuntimeError: hpez rc=-6 stderr='free(): invalid size\n' stdout='====================================== BEGIN TUNING ================================\nABS QoI eb: 4.04582e-06\n4096 768 2 25.9064\nPointwise QoI eb rate: 2\n'
mp-1883986,bulk,2592000,20736000,120x120x180,Q,Q_sz3_b16,4.045816767883982e-06,4.2466473682323316e-10,RuntimeError: hpez rc=-6 stderr='munmap_chunk(): invalid pointer\n' stdout='====================================== BEGIN TUNING ================================\nABS QoI eb: 4.04582e-06\n4096 768 2 25.9064\nPointwise QoI eb rate: 2\n'
mp-1883986,bulk,2592000,20736000,120x120x180,Q,Q_sz3_b16,4.045816282025231e-06,4.246646858256003e-10,RuntimeError: hpez rc=-6 stderr='munmap_chunk(): invalid pointer\n' stdout='====================================== BEGIN TUNING ================================\nABS QoI eb: 4.04582e-06\n4096 768 2 25.9064\nPointwise QoI eb rate: 2\n'
mp-1883986,bulk,2592000,20736000,120x120x180,Q,Q_sz3_b16,4.045816039095874e-06,4.2466466032678565e-10,RuntimeError: hpez rc=-6 stderr='munmap_chunk(): invalid pointer\n' stdout='====================================== BEGIN TUNING ================================\nABS QoI eb: 4.04582e-06\n4096 768 2 25.9064\nPointwise QoI eb rate: 2\n'
mp-1883986,bulk,2592000,20736000,120x120x180,Q,Q_sz3_b16,4.045815917631204e-06,4.2466464757737926e-10,RuntimeError: hpez rc=-6 stderr='munmap_chunk(): invalid pointer\n' stdout='====================================== BEGIN TUNING ================================\nABS QoI eb: 4.04582e-06\n4096 768 2 25.9064\nPointwise QoI eb rate: 2\n'
mp-1886370,bulk,2322432,18579456,96x112x216,Q,Q_hpez_b4,3.658629727133398e-05,1.7782794100389226e-09,RuntimeError: hpez rc=-6 stderr='free(): invalid next size (normal)\n' stdout='terp best interpParadigm = MD\nLevel: 2\n\tinterp best interpAlgo = CUBIC\n\tinterp best interpParadigm = MD\n\tinterp best cubic spline = 1\n\tinterp best adj = 1\nLevel: 1\n\tinterp best interpAlgo = CUBIC\n\tinterp best interpParadigm = MD\n\tinterp best cubic spline = 1\n\tinterp best adj = 1\nB-M tuning started.\n'
mp-1886370,bulk,2322432,18579456,96x112x216,Q,Q_hpez_b4,3.2257518780152435e-05,1.56787884382697e-09,RuntimeError: hpez rc=-6 stderr='malloc(): invalid size (unsorted)\n' stdout='====================================== BEGIN TUNING ================================\nABS QoI eb: 3.22575e-05\n64 36288 2 4.10367\nPointwise QoI eb rate: 2\nPredictor tuning started.\n'
mp-1886370,bulk,2322432,18579456,96x112x216,Q,Q_hpez_b4,3.1257848635074684e-05,1.519289809997213e-09,RuntimeError: hpez rc=-6 stderr='double free or corruption (!prev)\n' stdout='====================================== BEGIN TUNING ================================\nABS QoI eb: 3.12578e-05\n64 36288 2 4.10367\nPointwise QoI eb rate: 2\nPredictor tuning started.\n'
mp-1886370,bulk,2322432,18579456,96x112x216,Q,Q_hpez_b4,3.07696918046769e-05,1.4955629148176239e-09,RuntimeError: hpez rc=-6 stderr='corrupted double-linked list\n' stdout='====================================== BEGIN TUNING ================================\nABS QoI eb: 3.07697e-05\n64 36288 2 4.10367\nPointwise QoI eb rate: 2\nPredictor tuning started.\n'
mp-1886370,bulk,2322432,18579456,96x112x216,Q,Q_hpez_b4,3.052847972162348e-05,1.4838387854922279e-09,RuntimeError: hpez rc=-6 stderr='malloc(): invalid size (unsorted)\n' stdout='====================================== BEGIN TUNING ================================\nABS QoI eb: 3.05285e-05\n64 36288 2 4.10367\nPointwise QoI eb rate: 2\nPredictor tuning started.\n'
mp-1886370,bulk,2322432,18579456,96x112x216,Q,Q_hpez_b4,3.05209723905106e-05,1.483473891164623e-09,RuntimeError: hpez rc=-6 stderr='corrupted double-linked list\n' stdout='====================================== BEGIN TUNING ================================\nABS QoI eb: 3.0521e-05\n64 36288 2 4.10367\nPointwise QoI eb rate: 2\nPredictor tuning started.\n'
mp-1886370,bulk,2322432,18579456,96x112x216,Q,Q_hpez_b4,3.051909584621041e-05,1.483382681604215e-09,RuntimeError: hpez rc=-6 stderr='double free or corruption (!prev)\n' stdout='====================================== BEGIN TUNING ================================\nABS QoI eb: 3.05191e-05\n64 36288 2 4.10367\nPointwise QoI eb rate: 2\nPredictor tuning started.\n'
mp-1886370,bulk,2322432,18579456,96x112x216,Q,Q_hpez_b4,3.051815761732716e-05,1.4833370789269995e-09,RuntimeError: hpez rc=-6 stderr='double free or corruption (!prev)\n' stdout='====================================== BEGIN TUNING ================================\nABS QoI eb: 3.05182e-05\n64 36288 2 4.10367\nPointwise QoI eb rate: 2\nPredictor tuning started.\n'
mp-1886370,bulk,2322432,18579456,96x112x216,Q,Q_hpez_b4,3.051768851370182e-05,1.483314278114118e-09,RuntimeError: hpez rc=-6 stderr='free(): invalid next size (normal)\n' stdout='====================================== BEGIN TUNING ================================\nABS QoI eb: 3.05177e-05\n64 36288 2 4.10367\nPointwise QoI eb rate: 2\nPredictor tuning started.\n'
mp-1886370,bulk,2322432,18579456,96x112x216,Q,Q_hpez_b4,3.0517629876255665e-05,1.4833114280371512e-09,RuntimeError: hpez rc=-6 stderr='double free or corruption (!prev)\n' stdout='====================================== BEGIN TUNING ================================\nABS QoI eb: 3.05176e-05\n64 36288 2 4.10367\nPointwise QoI eb rate: 2\nPredictor tuning started.\n'
mp-1886370,bulk,2322432,18579456,96x112x216,Q,Q_hpez_b4,3.051760055757481e-05,1.4833100030007196e-09,RuntimeError: hpez rc=-6 stderr='double free or corruption (!prev)\n' stdout='====================================== BEGIN TUNING ================================\nABS QoI eb: 3.05176e-05\n64 36288 2 4.10367\nPointwise QoI eb rate: 2\nPredictor tuning started.\n'
mp-1886370,bulk,2322432,18579456,96x112x216,Q,Q_hpez_b4,3.0517585898244965e-05,1.4833092904830187e-09,RuntimeError: hpez rc=-6 stderr='double free or corruption (!prev)\n' stdout='====================================== BEGIN TUNING ================================\nABS QoI eb: 3.05176e-05\n64 36288 2 4.10367\nPointwise QoI eb rate: 2\nPredictor tuning started.\n'
mp-1886370,bulk,2322432,18579456,96x112x216,Q,Q_hpez_b4,3.051757856858269e-05,1.483308934224297e-09,RuntimeError: hpez rc=-6 stderr='double free or corruption (!prev)\n' stdout='====================================== BEGIN TUNING ================================\nABS QoI eb: 3.05176e-05\n64 36288 2 4.10367\nPointwise QoI eb rate: 2\nPredictor tuning started.\n'
mp-1886370,bulk,2322432,18579456,96x112x216,Q,Q_hpez_b4,3.051757833953077e-05,1.483308923091213e-09,RuntimeError: hpez rc=-6 stderr='double free or corruption (!prev)\n' stdout='====================================== BEGIN TUNING ================================\nABS QoI eb: 3.05176e-05\n64 36288 2 4.10367\nPointwise QoI eb rate: 2\nPredictor tuning started.\n'
mp-1886370,bulk,2322432,18579456,96x112x216,Q,Q_hpez_b4,3.0517578225004816e-05,1.4833089175246712e-09,RuntimeError: hpez rc=-6 stderr='double free or corruption (!prev)\n' stdout='====================================== BEGIN TUNING ================================\nABS QoI eb: 3.05176e-05\n64 36288 2 4.10367\nPointwise QoI eb rate: 2\nPredictor tuning started.\n'
mp-1886370,bulk,2322432,18579456,96x112x216,Q,Q_hpez_b4,3.0517578167741865e-05,1.483308914741402e-09,RuntimeError: hpez rc=-6 stderr='double free or corruption (!prev)\n' stdout='====================================== BEGIN TUNING ================================\nABS QoI eb: 3.05176e-05\n64 36288 2 4.10367\nPointwise QoI eb rate: 2\nPredictor tuning started.\n'
mp-1886370,bulk,2322432,18579456,96x112x216,Q,Q_hpez_b4,3.051757813911036e-05,1.4833089133497655e-09,RuntimeError: hpez rc=-6 stderr='double free or corruption (!prev)\n' stdout='====================================== BEGIN TUNING ================================\nABS QoI eb: 3.05176e-05\n64 36288 2 4.10367\nPointwise QoI eb rate: 2\nPredictor tuning started.\n'
mp-1895096,bulk,4741632,37933056,168x168x168,Q,Q_sz3_b4,2.6967562637271223e-05,1.3335214321633229e-08,RuntimeError: hpez rc=-6 stderr='munmap_chunk(): invalid pointer\n' stdout='====================================== BEGIN TUNING ================================\nABS QoI eb: 2.69676e-05\n64 74088 2 3.2383\nPointwise QoI eb rate: 2\n'
mp-1895096,bulk,4741632,37933056,168x168x168,Q,Q_sz3_b4,9.847856150255677e-06,4.869675251658621e-09,RuntimeError: hpez rc=-11 stderr='' stdout='====================================== BEGIN TUNING ================================\nABS QoI eb: 9.84786e-06\n64 74088 2 3.2383\nPointwise QoI eb rate: 2\n'
mp-1895096,bulk,4741632,37933056,168x168x168,Q,Q_sz3_b4,5.951023923183903e-06,2.9427271762092766e-09,RuntimeError: hpez rc=-6 stderr='munmap_chunk(): invalid pointer\n' stdout='====================================== BEGIN TUNING ================================\nABS QoI eb: 5.95102e-06\n64 74088 2 3.2383\nPointwise QoI eb rate: 2\n'
mp-1895096,bulk,4741632,37933056,168x168x168,Q,Q_sz3_b4,4.626117891997537e-06,2.2875732003183934e-09,RuntimeError: hpez rc=-6 stderr='munmap_chunk(): invalid pointer\n' stdout='====================================== BEGIN TUNING ================================\nABS QoI eb: 4.62612e-06\n64 74088 2 3.2383\nPointwise QoI eb rate: 2\n'
mp-1895096,bulk,4741632,37933056,168x168x168,Q,Q_sz3_b4,4.078769810281727e-06,2.0169145547303283e-09,RuntimeError: hpez rc=-11 stderr='' stdout='====================================== BEGIN TUNING ================================\nABS QoI eb: 4.07877e-06\n64 74088 2 3.2383\nPointwise QoI eb rate: 2\n'
mp-1895096,bulk,4741632,37933056,168x168x168,Q,Q_sz3_b4,3.829882464977684e-06,1.8938420273308853e-09,RuntimeError: hpez rc=-6 stderr='free(): invalid size\n' stdout='====================================== BEGIN TUNING ================================\nABS QoI eb: 3.82988e-06\n64 74088 2 3.2383\nPointwise QoI eb rate: 2\n'
mp-1895096,bulk,4741632,37933056,168x168x168,Q,Q_sz3_b4,3.814841177393287e-06,1.886404247494823e-09,RuntimeError: hpez rc=-11 stderr='' stdout='====================================== BEGIN TUNING ================================\nABS QoI eb: 3.81484e-06\n64 74088 2 3.2383\nPointwise QoI eb rate: 2\n'
mp-1895096,bulk,4741632,37933056,168x168x168,Q,Q_sz3_b4,3.814723900190978e-06,1.886346254985493e-09,RuntimeError: hpez rc=-6 stderr='munmap_chunk(): invalid pointer\n' stdout='====================================== BEGIN TUNING ================================\nABS QoI eb: 3.81472e-06\n64 74088 2 3.2383\nPointwise QoI eb rate: 2\n'
mp-1895096,bulk,4741632,37933056,168x168x168,Q,Q_sz3_b4,3.814709240794195e-06,1.8863390060471837e-09,RuntimeError: hpez rc=-6 stderr='munmap_chunk(): invalid pointer\n' stdout='====================================== BEGIN TUNING ================================\nABS QoI eb: 3.81471e-06\n64 74088 2 3.2383\nPointwise QoI eb rate: 2\n'
mp-1895096,bulk,4741632,37933056,168x168x168,Q,Q_sz3_b4,3.814701911116928e-06,1.8863353815884747e-09,RuntimeError: hpez rc=-6 stderr='free(): invalid size\n' stdout='====================================== BEGIN TUNING ================================\nABS QoI eb: 3.8147e-06\n64 74088 2 3.2383\nPointwise QoI eb rate: 2\n'
mp-1895096,bulk,4741632,37933056,168x168x168,Q,Q_sz3_b4,3.814698246283573e-06,1.88633356936173e-09,RuntimeError: hpez rc=-6 stderr='free(): invalid size\n' stdout='====================================== BEGIN TUNING ================================\nABS QoI eb: 3.8147e-06\n64 74088 2 3.2383\nPointwise QoI eb rate: 2\n'
mp-1895096,bulk,4741632,37933056,168x168x168,Q,Q_sz3_b4,3.814697330075786e-06,1.886333116305317e-09,RuntimeError: hpez rc=-11 stderr='' stdout='====================================== BEGIN TUNING ================================\nABS QoI eb: 3.8147e-06\n64 74088 2 3.2383\nPointwise QoI eb rate: 2\n'
mp-1895096,bulk,4741632,37933056,168x168x168,Q,Q_sz3_b4,3.814697272812807e-06,1.886333087989295e-09,RuntimeError: hpez rc=-11 stderr='' stdout='====================================== BEGIN TUNING ================================\nABS QoI eb: 3.8147e-06\n64 74088 2 3.2383\nPointwise QoI eb rate: 2\n'
mp-1895096,bulk,4741632,37933056,168x168x168,Q,Q_sz3_b4,3.814697265654932e-06,1.886333084449791e-09,RuntimeError: hpez rc=-11 stderr='' stdout='====================================== BEGIN TUNING ================================\nABS QoI eb: 3.8147e-06\n64 74088 2 3.2383\nPointwise QoI eb rate: 2\n'
mp-1895096,bulk,4741632,37933056,168x168x168,Q,Q_sz3_b8,2.6967562637271223e-05,1.3335214321633229e-08,RuntimeError: hpez rc=-6 stderr='munmap_chunk(): invalid pointer\n' stdout='====================================== BEGIN TUNING ================================\nABS QoI eb: 2.69676e-05\n512 9261 2 9.15929\nPointwise QoI eb rate: 2\n'
mp-1895096,bulk,4741632,37933056,168x168x168,Q,Q_sz3_b8,9.847856150255677e-06,4.869675251658621e-09,RuntimeError: hpez rc=-11 stderr='' stdout='====================================== BEGIN TUNING ================================\nABS QoI eb: 9.84786e-06\n512 9261 2 9.15929\nPointwise QoI eb rate: 2\n'
mp-1895096,bulk,4741632,37933056,168x168x168,Q,Q_sz3_b8,5.951023923183903e-06,2.9427271762092766e-09,RuntimeError: hpez rc=-6 stderr='munmap_chunk(): invalid pointer\n' stdout='====================================== BEGIN TUNING ================================\nABS QoI eb: 5.95102e-06\n512 9261 2 9.15929\nPointwise QoI eb rate: 2\n'
mp-1895096,bulk,4741632,37933056,168x168x168,Q,Q_sz3_b8,4.626117891997537e-06,2.2875732003183934e-09,RuntimeError: hpez rc=-6 stderr='munmap_chunk(): invalid pointer\n' stdout='====================================== BEGIN TUNING ================================\nABS QoI eb: 4.62612e-06\n512 9261 2 9.15929\nPointwise QoI eb rate: 2\n'
mp-1895096,bulk,4741632,37933056,168x168x168,Q,Q_sz3_b8,4.078769810281727e-06,2.0169145547303283e-09,RuntimeError: hpez rc=-11 stderr='' stdout='====================================== BEGIN TUNING ================================\nABS QoI eb: 4.07877e-06\n512 9261 2 9.15929\nPointwise QoI eb rate: 2\n'
mp-1895096,bulk,4741632,37933056,168x168x168,Q,Q_sz3_b8,3.829882464977684e-06,1.8938420273308853e-09,RuntimeError: hpez rc=-6 stderr='free(): invalid size\n' stdout='====================================== BEGIN TUNING ================================\nABS QoI eb: 3.82988e-06\n512 9261 2 9.15929\nPointwise QoI eb rate: 2\n'
mp-1895096,bulk,4741632,37933056,168x168x168,Q,Q_sz3_b8,3.814841177393287e-06,1.886404247494823e-09,RuntimeError: hpez rc=-11 stderr='' stdout='====================================== BEGIN TUNING ================================\nABS QoI eb: 3.81484e-06\n512 9261 2 9.15929\nPointwise QoI eb rate: 2\n'
mp-1895096,bulk,4741632,37933056,168x168x168,Q,Q_sz3_b8,3.814723900190978e-06,1.886346254985493e-09,RuntimeError: hpez rc=-6 stderr='munmap_chunk(): invalid pointer\n' stdout='====================================== BEGIN TUNING ================================\nABS QoI eb: 3.81472e-06\n512 9261 2 9.15929\nPointwise QoI eb rate: 2\n'
mp-1895096,bulk,4741632,37933056,168x168x168,Q,Q_sz3_b8,3.814709240794195e-06,1.8863390060471837e-09,RuntimeError: hpez rc=-6 stderr='munmap_chunk(): invalid pointer\n' stdout='====================================== BEGIN TUNING ================================\nABS QoI eb: 3.81471e-06\n512 9261 2 9.15929\nPointwise QoI eb rate: 2\n'
mp-1895096,bulk,4741632,37933056,168x168x168,Q,Q_sz3_b8,3.814701911116928e-06,1.8863353815884747e-09,RuntimeError: hpez rc=-6 stderr='free(): invalid size\n' stdout='====================================== BEGIN TUNING ================================\nABS QoI eb: 3.8147e-06\n512 9261 2 9.15929\nPointwise QoI eb rate: 2\n'
mp-1895096,bulk,4741632,37933056,168x168x168,Q,Q_sz3_b8,3.814698246283573e-06,1.88633356936173e-09,RuntimeError: hpez rc=-11 stderr='' stdout='====================================== BEGIN TUNING ================================\nABS QoI eb: 3.8147e-06\n512 9261 2 9.15929\nPointwise QoI eb rate: 2\n'
mp-1895096,bulk,4741632,37933056,168x168x168,Q,Q_sz3_b8,3.814697330075786e-06,1.886333116305317e-09,RuntimeError: hpez rc=-11 stderr='' stdout='====================================== BEGIN TUNING ================================\nABS QoI eb: 3.8147e-06\n512 9261 2 9.15929\nPointwise QoI eb rate: 2\n'
mp-1895096,bulk,4741632,37933056,168x168x168,Q,Q_sz3_b8,3.814697272812807e-06,1.886333087989295e-09,RuntimeError: hpez rc=-11 stderr='' stdout='====================================== BEGIN TUNING ================================\nABS QoI eb: 3.8147e-06\n512 9261 2 9.15929\nPointwise QoI eb rate: 2\n'
mp-1895096,bulk,4741632,37933056,168x168x168,Q,Q_sz3_b8,3.814697265654932e-06,1.886333084449791e-09,RuntimeError: hpez rc=-11 stderr='' stdout='====================================== BEGIN TUNING ================================\nABS QoI eb: 3.8147e-06\n512 9261 2 9.15929\nPointwise QoI eb rate: 2\n'
mp-1895096,bulk,4741632,37933056,168x168x168,Q,Q_sz3_b16,2.6967562637271223e-05,1.3335214321633229e-08,RuntimeError: hpez rc=-6 stderr='munmap_chunk(): invalid pointer\n' stdout='====================================== BEGIN TUNING ================================\nABS QoI eb: 2.69676e-05\n4096 1331 2 25.9064\nPointwise QoI eb rate: 2\n'
mp-1895096,bulk,4741632,37933056,168x168x168,Q,Q_sz3_b16,9.847856150255677e-06,4.869675251658621e-09,RuntimeError: hpez rc=-11 stderr='' stdout='====================================== BEGIN TUNING ================================\nABS QoI eb: 9.84786e-06\n4096 1331 2 25.9064\nPointwise QoI eb rate: 2\n'
mp-1895096,bulk,4741632,37933056,168x168x168,Q,Q_sz3_b16,5.951023923183903e-06,2.9427271762092766e-09,RuntimeError: hpez rc=-6 stderr='munmap_chunk(): invalid pointer\n' stdout='====================================== BEGIN TUNING ================================\nABS QoI eb: 5.95102e-06\n4096 1331 2 25.9064\nPointwise QoI eb rate: 2\n'
mp-1895096,bulk,4741632,37933056,168x168x168,Q,Q_sz3_b16,4.626117891997537e-06,2.2875732003183934e-09,RuntimeError: hpez rc=-6 stderr='munmap_chunk(): invalid pointer\n' stdout='====================================== BEGIN TUNING ================================\nABS QoI eb: 4.62612e-06\n4096 1331 2 25.9064\nPointwise QoI eb rate: 2\n'
mp-1895096,bulk,4741632,37933056,168x168x168,Q,Q_sz3_b16,4.078769810281727e-06,2.0169145547303283e-09,RuntimeError: hpez rc=-11 stderr='' stdout='====================================== BEGIN TUNING ================================\nABS QoI eb: 4.07877e-06\n4096 1331 2 25.9064\nPointwise QoI eb rate: 2\n'
mp-1895096,bulk,4741632,37933056,168x168x168,Q,Q_sz3_b16,3.829882464977684e-06,1.8938420273308853e-09,RuntimeError: hpez rc=-6 stderr='free(): invalid size\n' stdout='====================================== BEGIN TUNING ================================\nABS QoI eb: 3.82988e-06\n4096 1331 2 25.9064\nPointwise QoI eb rate: 2\n'
mp-1895096,bulk,4741632,37933056,168x168x168,Q,Q_sz3_b16,3.814841177393287e-06,1.886404247494823e-09,RuntimeError: hpez rc=-11 stderr='' stdout='====================================== BEGIN TUNING ================================\nABS QoI eb: 3.81484e-06\n4096 1331 2 25.9064\nPointwise QoI eb rate: 2\n'
mp-1895096,bulk,4741632,37933056,168x168x168,Q,Q_sz3_b16,3.814723900190978e-06,1.886346254985493e-09,RuntimeError: hpez rc=-6 stderr='munmap_chunk(): invalid pointer\n' stdout='====================================== BEGIN TUNING ================================\nABS QoI eb: 3.81472e-06\n4096 1331 2 25.9064\nPointwise QoI eb rate: 2\n'
mp-1895096,bulk,4741632,37933056,168x168x168,Q,Q_sz3_b16,3.814709240794195e-06,1.8863390060471837e-09,RuntimeError: hpez rc=-6 stderr='munmap_chunk(): invalid pointer\n' stdout='====================================== BEGIN TUNING ================================\nABS QoI eb: 3.81471e-06\n4096 1331 2 25.9064\nPointwise QoI eb rate: 2\n'
mp-1895096,bulk,4741632,37933056,168x168x168,Q,Q_sz3_b16,3.814701911116928e-06,1.8863353815884747e-09,RuntimeError: hpez rc=-6 stderr='free(): invalid size\n' stdout='====================================== BEGIN TUNING ================================\nABS QoI eb: 3.8147e-06\n4096 1331 2 25.9064\nPointwise QoI eb rate: 2\n'
mp-1895096,bulk,4741632,37933056,168x168x168,Q,Q_sz3_b16,3.814698246283573e-06,1.88633356936173e-09,RuntimeError: hpez rc=-11 stderr='' stdout='====================================== BEGIN TUNING ================================\nABS QoI eb: 3.8147e-06\n4096 1331 2 25.9064\nPointwise QoI eb rate: 2\n'
mp-1895096,bulk,4741632,37933056,168x168x168,Q,Q_sz3_b16,3.814697330075786e-06,1.886333116305317e-09,RuntimeError: hpez rc=-11 stderr='' stdout='====================================== BEGIN TUNING ================================\nABS QoI eb: 3.8147e-06\n4096 1331 2 25.9064\nPointwise QoI eb rate: 2\n'
mp-1895096,bulk,4741632,37933056,168x168x168,Q,Q_sz3_b16,3.814697272812807e-06,1.886333087989295e-09,RuntimeError: hpez rc=-11 stderr='' stdout='====================================== BEGIN TUNING ================================\nABS QoI eb: 3.8147e-06\n4096 1331 2 25.9064\nPointwise QoI eb rate: 2\n'
mp-1895096,bulk,4741632,37933056,168x168x168,Q,Q_sz3_b16,3.814697265654932e-06,1.886333084449791e-09,RuntimeError: hpez rc=-11 stderr='' stdout='====================================== BEGIN TUNING ================================\nABS QoI eb: 3.8147e-06\n4096 1331 2 25.9064\nPointwise QoI eb rate: 2\n'
mp-1920594,bulk,3010560,24084480,84x160x224,Q,Q_sz3_b4,3.2180328359889206e-05,1.7782794100389195e-09,RuntimeError: hpez rc=-6 stderr='double free or corruption (out)\n' stdout='====================================== BEGIN TUNING ================================\nABS QoI eb: 3.21803e-05\n64 47040 2 3.2383\nPointwise QoI eb rate: 2\n'
mp-1920594,bulk,3010560,24084480,84x160x224,Q,Q_sz3_b4,1.9446456264558863e-05,1.0746078283213159e-09,RuntimeError: hpez rc=-11 stderr='' stdout='====================================== BEGIN TUNING ================================\nABS QoI eb: 1.94465e-05\n64 47040 2 3.2383\nPointwise QoI eb rate: 2\n'
mp-1920594,bulk,3010560,24084480,84x160x224,Q,Q_sz3_b4,1.9142759085543067e-05,1.0578255744458751e-09,RuntimeError: hpez rc=-6 stderr='free(): invalid size\n' stdout='====================================== BEGIN TUNING ================================\nABS QoI eb: 1.91428e-05\n64 47040 2 3.2383\nPointwise QoI eb rate: 2\n'
mp-1920594,bulk,3010560,24084480,84x160x224,Q,Q_sz3_b4,1.9105131951308367e-05,1.055746305480064e-09,RuntimeError: hpez rc=-6 stderr='munmap_chunk(): invalid pointer\n' stdout='====================================== BEGIN TUNING ================================\nABS QoI eb: 1.91051e-05\n64 47040 2 3.2383\nPointwise QoI eb rate: 2\n'
mp-1920594,bulk,3010560,24084480,84x160x224,Q,Q_sz3_b4,1.908634612833801e-05,1.054708204133949e-09,RuntimeError: hpez rc=-6 stderr='munmap_chunk(): invalid pointer\n' stdout='ntwise QoI eb rate: 2\ninterp best interpAlgo = CUBIC\ninterp best direction = 0\nInterp ratio = 1.1050\nchoose interp\nsz3 tuning time = 0.185658s\nTuning time = 0.185908s\n====================================== END TUNING ======================================\nGlobal correction done. 0 blocks corrected.\n'
mp-1920594,bulk,3010560,24084480,84x160x224,Q,Q_sz3_b4,1.907696014493244e-05,1.054189536305379e-09,RuntimeError: hpez rc=-6 stderr='free(): invalid size\n' stdout='twise QoI eb rate: 2\ninterp best interpAlgo = CUBIC\ninterp best direction = 0\nInterp ratio = 1.1015\nchoose interp\nsz3 tuning time = 0.093307s\nTuning time = 0.0935438s\n====================================== END TUNING ======================================\nGlobal correction done. 0 blocks corrected.\n'
mp-1920594,bulk,3010560,24084480,84x160x224,Q,Q_sz3_b4,1.9074614370371502e-05,1.0540599092066234e-09,RuntimeError: hpez rc=-11 stderr='' stdout='twise QoI eb rate: 2\ninterp best interpAlgo = CUBIC\ninterp best direction = 0\nInterp ratio = 1.1059\nchoose interp\nsz3 tuning time = 0.069813s\nTuning time = 0.0702011s\n====================================== END TUNING ======================================\nGlobal correction done. 0 blocks corrected.\n'
mp-1920594,bulk,3010560,24084480,84x160x224,Q,Q_sz3_b4,1.907402797180222e-05,1.054027504922547e-09,RuntimeError: hpez rc=-6 stderr='munmap_chunk(): invalid pointer\n' stdout='twise QoI eb rate: 2\ninterp best interpAlgo = CUBIC\ninterp best direction = 0\nInterp ratio = 1.1054\nchoose interp\nsz3 tuning time = 0.064357s\nTuning time = 0.0646578s\n====================================== END TUNING ======================================\nGlobal correction done. 0 blocks corrected.\n'
mp-1920594,bulk,3010560,24084480,84x160x224,Q,Q_sz3_b4,1.907373477927784e-05,1.0540113031540802e-09,RuntimeError: hpez rc=-6 stderr='munmap_chunk(): invalid pointer\n' stdout='twise QoI eb rate: 2\ninterp best interpAlgo = CUBIC\ninterp best direction = 0\nInterp ratio = 1.1059\nchoose interp\nsz3 tuning time = 0.063483s\nTuning time = 0.0637791s\n====================================== END TUNING ======================================\nGlobal correction done. 0 blocks corrected.\n'
mp-1920594,bulk,3010560,24084480,84x160x224,Q,Q_sz3_b4,1.907358818470568e-05,1.054003202363237e-09,RuntimeError: hpez rc=-6 stderr='munmap_chunk(): invalid pointer\n' stdout='====================================== BEGIN TUNING ================================\nABS QoI eb: 1.90736e-05\n64 47040 2 3.2383\nPointwise QoI eb rate: 2\n'
mp-1920594,bulk,3010560,24084480,84x160x224,Q,Q_sz3_b4,1.907351488784211e-05,1.0539991519911638e-09,RuntimeError: hpez rc=-6 stderr='free(): invalid size\n' stdout='====================================== BEGIN TUNING ================================\nABS QoI eb: 1.90735e-05\n64 47040 2 3.2383\nPointwise QoI eb rate: 2\n'
mp-1920594,bulk,3010560,24084480,84x160x224,Q,Q_sz3_b4,1.9073496563670244e-05,1.0539981394005783e-09,RuntimeError: hpez rc=-6 stderr='munmap_chunk(): invalid pointer\n' stdout='====================================== BEGIN TUNING ================================\nABS QoI eb: 1.90735e-05\n64 47040 2 3.2383\nPointwise QoI eb rate: 2\n'
mp-1920594,bulk,3010560,24084480,84x160x224,Q,Q_sz3_b4,1.9073487401590915e-05,1.0539976331056503e-09,RuntimeError: hpez rc=-6 stderr='munmap_chunk(): invalid pointer\n' stdout='ntwise QoI eb rate: 2\ninterp best interpAlgo = CUBIC\ninterp best direction = 0\nInterp ratio = 1.1039\nchoose interp\nsz3 tuning time = 0.104094s\nTuning time = 0.104342s\n====================================== END TUNING ======================================\nGlobal correction done. 0 blocks corrected.\n'
mp-1920594,bulk,3010560,24084480,84x160x224,Q,Q_sz3_b4,1.907348682896111e-05,1.053997601462226e-09,RuntimeError: hpez rc=-6 stderr='munmap_chunk(): invalid pointer\n' stdout='intwise QoI eb rate: 2\ninterp best interpAlgo = CUBIC\ninterp best direction = 0\nInterp ratio = 1.1039\nchoose interp\nsz3 tuning time = 0.06065s\nTuning time = 0.060899s\n====================================== END TUNING ======================================\nGlobal correction done. 0 blocks corrected.\n'
mp-1920594,bulk,3010560,24084480,84x160x224,Q,Q_sz3_b4,1.907348654264621e-05,1.053997585640514e-09,RuntimeError: hpez rc=-6 stderr='munmap_chunk(): invalid pointer\n' stdout='====================================== BEGIN TUNING ================================\nABS QoI eb: 1.90735e-05\n64 47040 2 3.2383\nPointwise QoI eb rate: 2\n'
mp-1920594,bulk,3010560,24084480,84x160x224,Q,Q_sz3_b4,1.907348639948877e-05,1.053997577729658e-09,RuntimeError: hpez rc=-6 stderr='munmap_chunk(): invalid pointer\n' stdout='====================================== BEGIN TUNING ================================\nABS QoI eb: 1.90735e-05\n64 47040 2 3.2383\nPointwise QoI eb rate: 2\n'
mp-1920594,bulk,3010560,24084480,84x160x224,Q,Q_sz3_b4,1.907348636369939e-05,1.053997575751943e-09,RuntimeError: hpez rc=-6 stderr='munmap_chunk(): invalid pointer\n' stdout='====================================== BEGIN TUNING ================================\nABS QoI eb: 1.90735e-05\n64 47040 2 3.2383\nPointwise QoI eb rate: 2\n'
mp-1920594,bulk,3010560,24084480,84x160x224,Q,Q_sz3_b4,1.9073486345804705e-05,1.0539975747630859e-09,RuntimeError: hpez rc=-6 stderr='munmap_chunk(): invalid pointer\n' stdout='====================================== BEGIN TUNING ================================\nABS QoI eb: 1.90735e-05\n64 47040 2 3.2383\nPointwise QoI eb rate: 2\n'
mp-1920594,bulk,3010560,24084480,84x160x224,Q,Q_sz3_b8,3.2180328359889206e-05,1.7782794100389195e-09,RuntimeError: hpez rc=-6 stderr='double free or corruption (out)\n' stdout='wise QoI eb rate: 2\ninterp best interpAlgo = CUBIC\ninterp best direction = 0\nInterp ratio = 1.1625\nchoose interp\nsz3 tuning time = 0.0649428s\nTuning time = 0.0652335s\n====================================== END TUNING ======================================\nGlobal correction done. 0 blocks corrected.\n'
mp-1920594,bulk,3010560,24084480,84x160x224,Q,Q_sz3_b8,1.9446456264558863e-05,1.0746078283213159e-09,RuntimeError: hpez rc=-11 stderr='' stdout='====================================== BEGIN TUNING ================================\nABS QoI eb: 1.94465e-05\n512 6160 2 9.15929\nPointwise QoI eb rate: 2\n'
mp-1920594,bulk,3010560,24084480,84x160x224,Q,Q_sz3_b8,1.9142759085543067e-05,1.0578255744458751e-09,RuntimeError: hpez rc=-6 stderr='free(): invalid size\n' stdout='====================================== BEGIN TUNING ================================\nABS QoI eb: 1.91428e-05\n512 6160 2 9.15929\nPointwise QoI eb rate: 2\n'
mp-1920594,bulk,3010560,24084480,84x160x224,Q,Q_sz3_b8,1.9105131951308367e-05,1.055746305480064e-09,RuntimeError: hpez rc=-6 stderr='munmap_chunk(): invalid pointer\n' stdout='====================================== BEGIN TUNING ================================\nABS QoI eb: 1.91051e-05\n512 6160 2 9.15929\nPointwise QoI eb rate: 2\n'
mp-1920594,bulk,3010560,24084480,84x160x224,Q,Q_sz3_b8,1.908634612833801e-05,1.054708204133949e-09,RuntimeError: hpez rc=-6 stderr='munmap_chunk(): invalid pointer\n' stdout='====================================== BEGIN TUNING ================================\nABS QoI eb: 1.90863e-05\n512 6160 2 9.15929\nPointwise QoI eb rate: 2\n'
mp-1920594,bulk,3010560,24084480,84x160x224,Q,Q_sz3_b8,1.907696014493244e-05,1.054189536305379e-09,RuntimeError: hpez rc=-6 stderr='free(): invalid size\n' stdout='wise QoI eb rate: 2\ninterp best interpAlgo = CUBIC\ninterp best direction = 0\nInterp ratio = 1.1015\nchoose interp\nsz3 tuning time = 0.0861383s\nTuning time = 0.0864028s\n====================================== END TUNING ======================================\nGlobal correction done. 0 blocks corrected.\n'
mp-1920594,bulk,3010560,24084480,84x160x224,Q,Q_sz3_b8,1.9074614370371502e-05,1.0540599092066234e-09,RuntimeError: hpez rc=-11 stderr='' stdout='====================================== BEGIN TUNING ================================\nABS QoI eb: 1.90746e-05\n512 6160 2 9.15929\nPointwise QoI eb rate: 2\n'
mp-1920594,bulk,3010560,24084480,84x160x224,Q,Q_sz3_b8,1.907402797180222e-05,1.054027504922547e-09,RuntimeError: hpez rc=-6 stderr='munmap_chunk(): invalid pointer\n' stdout='====================================== BEGIN TUNING ================================\nABS QoI eb: 1.9074e-05\n512 6160 2 9.15929\nPointwise QoI eb rate: 2\n'
mp-1920594,bulk,3010560,24084480,84x160x224,Q,Q_sz3_b8,1.907373477927784e-05,1.0540113031540802e-09,RuntimeError: hpez rc=-6 stderr='munmap_chunk(): invalid pointer\n' stdout='wise QoI eb rate: 2\ninterp best interpAlgo = CUBIC\ninterp best direction = 0\nInterp ratio = 1.1059\nchoose interp\nsz3 tuning time = 0.0918189s\nTuning time = 0.0921118s\n====================================== END TUNING ======================================\nGlobal correction done. 0 blocks corrected.\n'
mp-1920594,bulk,3010560,24084480,84x160x224,Q,Q_sz3_b8,1.907358818470568e-05,1.054003202363237e-09,RuntimeError: hpez rc=-6 stderr='munmap_chunk(): invalid pointer\n' stdout='====================================== BEGIN TUNING ================================\nABS QoI eb: 1.90736e-05\n512 6160 2 9.15929\nPointwise QoI eb rate: 2\n'
mp-1920594,bulk,3010560,24084480,84x160x224,Q,Q_sz3_b8,1.907351488784211e-05,1.0539991519911638e-09,RuntimeError: hpez rc=-6 stderr='free(): invalid size\n' stdout='====================================== BEGIN TUNING ================================\nABS QoI eb: 1.90735e-05\n512 6160 2 9.15929\nPointwise QoI eb rate: 2\n'
mp-1920594,bulk,3010560,24084480,84x160x224,Q,Q_sz3_b8,1.9073496563670244e-05,1.0539981394005783e-09,RuntimeError: hpez rc=-6 stderr='munmap_chunk(): invalid pointer\n' stdout='====================================== BEGIN TUNING ================================\nABS QoI eb: 1.90735e-05\n512 6160 2 9.15929\nPointwise QoI eb rate: 2\n'
mp-1920594,bulk,3010560,24084480,84x160x224,Q,Q_sz3_b8,1.9073487401590915e-05,1.0539976331056503e-09,RuntimeError: hpez rc=-6 stderr='munmap_chunk(): invalid pointer\n' stdout='====================================== BEGIN TUNING ================================\nABS QoI eb: 1.90735e-05\n512 6160 2 9.15929\nPointwise QoI eb rate: 2\n'
mp-1920594,bulk,3010560,24084480,84x160x224,Q,Q_sz3_b8,1.907348682896111e-05,1.053997601462226e-09,RuntimeError: hpez rc=-6 stderr='munmap_chunk(): invalid pointer\n' stdout='wise QoI eb rate: 2\ninterp best interpAlgo = CUBIC\ninterp best direction = 0\nInterp ratio = 1.1039\nchoose interp\nsz3 tuning time = 0.0632958s\nTuning time = 0.0635621s\n====================================== END TUNING ======================================\nGlobal correction done. 0 blocks corrected.\n'
mp-1920594,bulk,3010560,24084480,84x160x224,Q,Q_sz3_b8,1.907348654264621e-05,1.053997585640514e-09,RuntimeError: hpez rc=-6 stderr='munmap_chunk(): invalid pointer\n' stdout='ntwise QoI eb rate: 2\ninterp best interpAlgo = CUBIC\ninterp best direction = 0\nInterp ratio = 1.1039\nchoose interp\nsz3 tuning time = 0.161794s\nTuning time = 0.162086s\n====================================== END TUNING ======================================\nGlobal correction done. 0 blocks corrected.\n'
mp-1920594,bulk,3010560,24084480,84x160x224,Q,Q_sz3_b8,1.907348639948877e-05,1.053997577729658e-09,RuntimeError: hpez rc=-6 stderr='munmap_chunk(): invalid pointer\n' stdout='====================================== BEGIN TUNING ================================\nABS QoI eb: 1.90735e-05\n512 6160 2 9.15929\nPointwise QoI eb rate: 2\n'
mp-1920594,bulk,3010560,24084480,84x160x224,Q,Q_sz3_b8,1.907348636369939e-05,1.053997575751943e-09,RuntimeError: hpez rc=-6 stderr='munmap_chunk(): invalid pointer\n' stdout='====================================== BEGIN TUNING ================================\nABS QoI eb: 1.90735e-05\n512 6160 2 9.15929\nPointwise QoI eb rate: 2\n'
mp-1920594,bulk,3010560,24084480,84x160x224,Q,Q_sz3_b8,1.9073486345804705e-05,1.0539975747630859e-09,RuntimeError: hpez rc=-6 stderr='munmap_chunk(): invalid pointer\n' stdout='ntwise QoI eb rate: 2\ninterp best interpAlgo = CUBIC\ninterp best direction = 0\nInterp ratio = 1.1039\nchoose interp\nsz3 tuning time = 0.141924s\nTuning time = 0.142141s\n====================================== END TUNING ======================================\nGlobal correction done. 0 blocks corrected.\n'
mp-1920594,bulk,3010560,24084480,84x160x224,Q,Q_sz3_b16,3.2180328359889206e-05,1.7782794100389195e-09,RuntimeError: hpez rc=-6 stderr='double free or corruption (out)\n' stdout='====================================== BEGIN TUNING ================================\nABS QoI eb: 3.21803e-05\n4096 840 2 25.9064\nPointwise QoI eb rate: 2\n'
mp-1920594,bulk,3010560,24084480,84x160x224,Q,Q_sz3_b16,1.9446456264558863e-05,1.0746078283213159e-09,RuntimeError: hpez rc=-11 stderr='' stdout='====================================== BEGIN TUNING ================================\nABS QoI eb: 1.94465e-05\n4096 840 2 25.9064\nPointwise QoI eb rate: 2\n'
mp-1920594,bulk,3010560,24084480,84x160x224,Q,Q_sz3_b16,1.9142759085543067e-05,1.0578255744458751e-09,RuntimeError: hpez rc=-6 stderr='free(): invalid size\n' stdout='====================================== BEGIN TUNING ================================\nABS QoI eb: 1.91428e-05\n4096 840 2 25.9064\nPointwise QoI eb rate: 2\n'
mp-1920594,bulk,3010560,24084480,84x160x224,Q,Q_sz3_b16,1.9105131951308367e-05,1.055746305480064e-09,RuntimeError: hpez rc=-6 stderr='munmap_chunk(): invalid pointer\n' stdout='====================================== BEGIN TUNING ================================\nABS QoI eb: 1.91051e-05\n4096 840 2 25.9064\nPointwise QoI eb rate: 2\n'
mp-1920594,bulk,3010560,24084480,84x160x224,Q,Q_sz3_b16,1.908634612833801e-05,1.054708204133949e-09,RuntimeError: hpez rc=-6 stderr='munmap_chunk(): invalid pointer\n' stdout='====================================== BEGIN TUNING ================================\nABS QoI eb: 1.90863e-05\n4096 840 2 25.9064\nPointwise QoI eb rate: 2\n'
mp-1920594,bulk,3010560,24084480,84x160x224,Q,Q_sz3_b16,1.907696014493244e-05,1.054189536305379e-09,RuntimeError: hpez rc=-6 stderr='free(): invalid size\n' stdout='====================================== BEGIN TUNING ================================\nABS QoI eb: 1.9077e-05\n4096 840 2 25.9064\nPointwise QoI eb rate: 2\n'
mp-1920594,bulk,3010560,24084480,84x160x224,Q,Q_sz3_b16,1.9074614370371502e-05,1.0540599092066234e-09,RuntimeError: hpez rc=-11 stderr='' stdout='====================================== BEGIN TUNING ================================\nABS QoI eb: 1.90746e-05\n4096 840 2 25.9064\nPointwise QoI eb rate: 2\n'
mp-1920594,bulk,3010560,24084480,84x160x224,Q,Q_sz3_b16,1.907402797180222e-05,1.054027504922547e-09,RuntimeError: hpez rc=-6 stderr='munmap_chunk(): invalid pointer\n' stdout='====================================== BEGIN TUNING ================================\nABS QoI eb: 1.9074e-05\n4096 840 2 25.9064\nPointwise QoI eb rate: 2\n'
mp-1920594,bulk,3010560,24084480,84x160x224,Q,Q_sz3_b16,1.907373477927784e-05,1.0540113031540802e-09,RuntimeError: hpez rc=-6 stderr='munmap_chunk(): invalid pointer\n' stdout='====================================== BEGIN TUNING ================================\nABS QoI eb: 1.90737e-05\n4096 840 2 25.9064\nPointwise QoI eb rate: 2\n'
mp-1920594,bulk,3010560,24084480,84x160x224,Q,Q_sz3_b16,1.907358818470568e-05,1.054003202363237e-09,RuntimeError: hpez rc=-6 stderr='munmap_chunk(): invalid pointer\n' stdout='====================================== BEGIN TUNING ================================\nABS QoI eb: 1.90736e-05\n4096 840 2 25.9064\nPointwise QoI eb rate: 2\n'
mp-1920594,bulk,3010560,24084480,84x160x224,Q,Q_sz3_b16,1.907351488784211e-05,1.0539991519911638e-09,RuntimeError: hpez rc=-6 stderr='free(): invalid size\n' stdout='====================================== BEGIN TUNING ================================\nABS QoI eb: 1.90735e-05\n4096 840 2 25.9064\nPointwise QoI eb rate: 2\n'
mp-1920594,bulk,3010560,24084480,84x160x224,Q,Q_sz3_b16,1.9073496563670244e-05,1.0539981394005783e-09,RuntimeError: hpez rc=-6 stderr='munmap_chunk(): invalid pointer\n' stdout='====================================== BEGIN TUNING ================================\nABS QoI eb: 1.90735e-05\n4096 840 2 25.9064\nPointwise QoI eb rate: 2\n'
mp-1920594,bulk,3010560,24084480,84x160x224,Q,Q_sz3_b16,1.9073487401590915e-05,1.0539976331056503e-09,RuntimeError: hpez rc=-6 stderr='munmap_chunk(): invalid pointer\n' stdout='====================================== BEGIN TUNING ================================\nABS QoI eb: 1.90735e-05\n4096 840 2 25.9064\nPointwise QoI eb rate: 2\n'
mp-1920594,bulk,3010560,24084480,84x160x224,Q,Q_sz3_b16,1.907348682896111e-05,1.053997601462226e-09,RuntimeError: hpez rc=-6 stderr='munmap_chunk(): invalid pointer\n' stdout='twise QoI eb rate: 2\ninterp best interpAlgo = CUBIC\ninterp best direction = 0\nInterp ratio = 1.1039\nchoose interp\nsz3 tuning time = 0.068509s\nTuning time = 0.0688108s\n====================================== END TUNING ======================================\nGlobal correction done. 0 blocks corrected.\n'
mp-1920594,bulk,3010560,24084480,84x160x224,Q,Q_sz3_b16,1.907348654264621e-05,1.053997585640514e-09,RuntimeError: hpez rc=-6 stderr='munmap_chunk(): invalid pointer\n' stdout='====================================== BEGIN TUNING ================================\nABS QoI eb: 1.90735e-05\n4096 840 2 25.9064\nPointwise QoI eb rate: 2\n'
mp-1920594,bulk,3010560,24084480,84x160x224,Q,Q_sz3_b16,1.907348639948877e-05,1.053997577729658e-09,RuntimeError: hpez rc=-6 stderr='munmap_chunk(): invalid pointer\n' stdout='ntwise QoI eb rate: 2\ninterp best interpAlgo = CUBIC\ninterp best direction = 0\nInterp ratio = 1.1039\nchoose interp\nsz3 tuning time = 0.146218s\nTuning time = 0.146582s\n====================================== END TUNING ======================================\nGlobal correction done. 0 blocks corrected.\n'
mp-1920594,bulk,3010560,24084480,84x160x224,Q,Q_sz3_b16,1.907348636369939e-05,1.053997575751943e-09,RuntimeError: hpez rc=-6 stderr='munmap_chunk(): invalid pointer\n' stdout='====================================== BEGIN TUNING ================================\nABS QoI eb: 1.90735e-05\n4096 840 2 25.9064\nPointwise QoI eb rate: 2\n'
mp-1920594,bulk,3010560,24084480,84x160x224,Q,Q_sz3_b16,1.9073486345804705e-05,1.0539975747630859e-09,RuntimeError: hpez rc=-6 stderr='munmap_chunk(): invalid pointer\n' stdout='ntwise QoI eb rate: 2\ninterp best interpAlgo = CUBIC\ninterp best direction = 0\nInterp ratio = 1.1039\nchoose interp\nsz3 tuning time = 0.106328s\nTuning time = 0.106602s\n====================================== END TUNING ======================================\nGlobal correction done. 0 blocks corrected.\n'
mp-1928140,bulk,2073600,16588800,240x80x108,Q,Q_hpez_b8,4.1164133005660413e-08,3.1622776601683736e-11,RuntimeError: hpez rc=-6 stderr='corrupted double-linked list\n' stdout='====================================== BEGIN TUNING ================================\nABS QoI eb: 4.11641e-08\n512 4200 2 11.6069\nPointwise QoI eb rate: 3\nPredictor tuning started.\n'
mp-1928140,bulk,2073600,16588800,240x80x108,Q,Q_hpez_b8,3.629371902958815e-08,2.7881266654131267e-11,RuntimeError: hpez rc=-6 stderr='corrupted double-linked list\n' stdout='line = 0\n\tinterp best adj = 0\nLevel: 2\n\tinterp best interpAlgo = CUBIC\n\tinterp best interpParadigm = MD\n\tinterp best cubic spline = 0\n\tinterp best adj = 1\nLevel: 1\n\tinterp best interpAlgo = CUBIC\n\tinterp best interpParadigm = MD\n\tinterp best cubic spline = 0\n\tinterp best adj = 1\nB-M tuning started.\n'
mp-1928140,bulk,2073600,16588800,240x80x108,Q,Q_hpez_b8,3.62934400877725e-08,2.788105236771061e-11,RuntimeError: hpez rc=-6 stderr='double free or corruption (!prev)\n' stdout='line = 0\n\tinterp best adj = 0\nLevel: 2\n\tinterp best interpAlgo = CUBIC\n\tinterp best interpParadigm = MD\n\tinterp best cubic spline = 0\n\tinterp best adj = 1\nLevel: 1\n\tinterp best interpAlgo = CUBIC\n\tinterp best interpParadigm = MD\n\tinterp best cubic spline = 0\n\tinterp best adj = 1\nB-M tuning started.\n
mp-1928140,bulk,2073600,16588800,240x80x108,Q,Q_hpez_b8,3.62934052201963e-08,2.788102558202384e-11,RuntimeError: hpez rc=-6 stderr='corrupted double-linked list\n' stdout='line = 0\n\tinterp best adj = 0\nLevel: 2\n\tinterp best interpAlgo = CUBIC\n\tinterp best interpParadigm = MD\n\tinterp best cubic spline = 0\n\tinterp best adj = 1\nLevel: 1\n\tinterp best interpAlgo = CUBIC\n\tinterp best interpParadigm = MD\n\tinterp best cubic spline = 0\n\tinterp best adj = 1\nB-M tuning started.\n'
mp-1928140,bulk,2073600,16588800,240x80x108,Q,Q_hpez_b8,3.629340515209557e-08,2.788102552970805e-11,RuntimeError: hpez rc=-6 stderr='corrupted double-linked list\n' stdout='line = 0\n\tinterp best adj = 0\nLevel: 2\n\tinterp best interpAlgo = CUBIC\n\tinterp best interpParadigm = MD\n\tinterp best cubic spline = 0\n\tinterp best adj = 1\nLevel: 1\n\tinterp best interpAlgo = CUBIC\n\tinterp best interpParadigm = MD\n\tinterp best cubic spline = 0\n\tinterp best adj = 1\nB-M tuning started.\n'
mp-1928140,bulk,2073600,16588800,240x80x108,Q,Q_hpez_b16,4.1164133005660413e-08,3.1622776601683736e-11,RuntimeError: hpez rc=-6 stderr='free(): invalid next size (normal)\n' stdout='====================================== BEGIN TUNING ================================\nABS QoI eb: 4.11641e-08\n4096 525 2 32.8294\nPointwise QoI eb rate: 4\nPredictor tuning started.\n'
mp-1928140,bulk,2073600,16588800,240x80x108,Q,Q_hpez_b16,3.1999557498698175e-08,2.4582440689201908e-11,RuntimeError: hpez rc=-6 stderr='Fatal glibc error: malloc.c:4179 (_int_malloc): assertion failed: chunk_main_arena (bck->bk)\n' stdout='====================================== BEGIN TUNING ================================\nABS QoI eb: 3.19996e-08\n4096 525 2 32.8294\nPointwise QoI eb rate: 4\nPredictor tuning started.\n'
mp-1928140,bulk,2073600,16588800,240x80x108,Q,Q_hpez_b16,3.0046938133741974e-08,2.308241526761364e-11,RuntimeError: hpez rc=-6 stderr='corrupted double-linked list\n' stdout='====================================== BEGIN TUNING ================================\nABS QoI eb: 3.00469e-08\n4096 525 2 32.8294\nPointwise QoI eb rate: 4\nPredictor tuning started.\n'
mp-1928140,bulk,2073600,16588800,240x80x108,Q,Q_hpez_b16,2.9811391915644353e-08,2.2901465861166813e-11,RuntimeError: hpez rc=-11 stderr='' stdout='====================================== BEGIN TUNING ================================\nABS QoI eb: 2.98114e-08\n4096 525 2 32.8294\nPointwise QoI eb rate: 4\nPredictor tuning started.\n'
mp-1928140,bulk,2073600,16588800,240x80x108,Q,Q_hpez_b16,2.9694312155835905e-08,2.2811523797076887e-11,RuntimeError: hpez rc=-6 stderr='free(): invalid next size (normal)\n' stdout='====================================== BEGIN TUNING ================================\nABS QoI eb: 2.96943e-08\n4096 525 2 32.8294\nPointwise QoI eb rate: 4\nPredictor tuning started.\n'
mp-1928140,bulk,2073600,16588800,240x80x108,Q,Q_hpez_b16,2.9635944818896505e-08,2.276668531458981e-11,RuntimeError: hpez rc=-6 stderr='double free or corruption (!prev)\n' stdout='====================================== BEGIN TUNING ================================\nABS QoI eb: 2.96359e-08\n4096 525 2 32.8294\nPointwise QoI eb rate: 4\nPredictor tuning started.\n'
mp-1928140,bulk,2073600,16588800,240x80x108,Q,Q_hpez_b16,2.9632300671982316e-08,2.276388583758503e-11,RuntimeError: hpez rc=-6 stderr='double free or corruption (!prev)\n' stdout='====================================== BEGIN TUNING ================================\nABS QoI eb: 2.96323e-08\n4096 525 2 32.8294\nPointwise QoI eb rate: 4\nPredictor tuning started.\n'
mp-1928140,bulk,2073600,16588800,240x80x108,Q,Q_hpez_b16,2.9630478766565454e-08,2.2762486228173143e-11,RuntimeError: hpez rc=-6 stderr='Fatal glibc error: malloc.c:4179 (_int_malloc): assertion failed: chunk_main_arena (bck->bk)\n' stdout='====================================== BEGIN TUNING ================================\nABS QoI eb: 2.96305e-08\n4096 525 2 32.8294\nPointwise QoI eb rate: 4\nPredictor tuning started.\n'
mp-1928140,bulk,2073600,16588800,240x80x108,Q,Q_hpez_b16,2.9630251036264712e-08,2.276231128304738e-11,RuntimeError: hpez rc=-6 stderr='free(): invalid next size (normal)\n' stdout='====================================== BEGIN TUNING ================================\nABS QoI eb: 2.96303e-08\n4096 525 2 32.8294\nPointwise QoI eb rate: 4\nPredictor tuning started.\n'
mp-1928140,bulk,2073600,16588800,240x80x108,Q,Q_hpez_b16,2.9630137171770693e-08,2.2762223810988712e-11,RuntimeError: hpez rc=-6 stderr='double free or corruption (!prev)\n' stdout='====================================== BEGIN TUNING ================================\nABS QoI eb: 2.96301e-08\n4096 525 2 32.8294\nPointwise QoI eb rate: 4\nPredictor tuning started.\n'
mp-1928140,bulk,2073600,16588800,240x80x108,Q,Q_hpez_b16,2.9630080239687716e-08,2.276218007508539e-11,RuntimeError: hpez rc=-6 stderr='free(): invalid next size (normal)\n' stdout='====================================== BEGIN TUNING ================================\nABS QoI eb: 2.96301e-08\n4096 525 2 32.8294\nPointwise QoI eb rate: 4\nPredictor tuning started.\n'
mp-1928140,bulk,2073600,16588800,240x80x108,Q,Q_hpez_b16,2.9630073123185045e-08,2.2762174608103396e-11,RuntimeError: hpez rc=-6 stderr='double free or corruption (!prev)\n' stdout='====================================== BEGIN TUNING ================================\nABS QoI eb: 2.96301e-08\n4096 525 2 32.8294\nPointwise QoI eb rate: 4\nPredictor tuning started.\n'
mp-1928140,bulk,2073600,16588800,240x80x108,Q,Q_hpez_b16,2.9630072233622243e-08,2.2762173924730663e-11,RuntimeError: hpez rc=-6 stderr='free(): invalid next size (normal)\n' stdout='====================================== BEGIN TUNING ================================\nABS QoI eb: 2.96301e-08\n4096 525 2 32.8294\nPointwise QoI eb rate: 4\nPredictor tuning started.\n'
mp-1928140,bulk,2073600,16588800,240x80x108,Q,Q_hpez_b16,2.96300717888409e-08,2.276217358304435e-11,RuntimeError: hpez rc=-6 stderr='double free or corruption (!prev)\n' stdout='====================================== BEGIN TUNING ================================\nABS QoI eb: 2.96301e-08\n4096 525 2 32.8294\nPointwise QoI eb rate: 4\nPredictor tuning started.\n'
mp-1928140,bulk,2073600,16588800,240x80x108,Q,Q_hpez_b16,2.9630071566450237e-08,2.2762173412201197e-11,RuntimeError: hpez rc=-6 stderr='double free or corruption (!prev)\n' stdout='====================================== BEGIN TUNING ================================\nABS QoI eb: 2.96301e-08\n4096 525 2 32.8294\nPointwise QoI eb rate: 4\nPredictor tuning started.\n'
mp-1928140,bulk,2073600,16588800,240x80x108,Q,Q_hpez_b16,2.9630071510852645e-08,2.2762173369490463e-11,RuntimeError: hpez rc=-6 stderr='double free or corruption (!prev)\n' stdout='====================================== BEGIN TUNING ================================\nABS QoI eb: 2.96301e-08\n4096 525 2 32.8294\nPointwise QoI eb rate: 4\nPredictor tuning started.\n'
mp-1928140,bulk,2073600,16588800,240x80x108,Q,Q_sz3_b4,2.3148293104714887e-06,1.7782794100389212e-09,RuntimeError: hpez rc=-11 stderr='' stdout='====================================== BEGIN TUNING ================================\nABS QoI eb: 2.31483e-06\n64 32400 2 3.2383\nPointwise QoI eb rate: 2\n'
mp-1928140,bulk,2073600,16588800,240x80x108,Q,Q_sz3_b4,2.0409458055184814e-06,1.5678788438269682e-09,RuntimeError: hpez rc=-6 stderr='munmap_chunk(): invalid pointer\n' stdout='====================================== BEGIN TUNING ================================\nABS QoI eb: 2.04095e-06\n64 32400 2 3.2383\nPointwise QoI eb rate: 2\n'
mp-1928140,bulk,2073600,16588800,240x80x108,Q,Q_sz3_b4,1.916406886414873e-06,1.4722065648435383e-09,RuntimeError: hpez rc=-6 stderr='double free or corruption (out)\n' stdout='====================================== BEGIN TUNING ================================\nABS QoI eb: 1.91641e-06\n64 32400 2 3.2383\nPointwise QoI eb rate: 2\n'
mp-1928140,bulk,2073600,16588800,240x80x108,Q,Q_sz3_b4,1.908880486487231e-06,1.4664246948963676e-09,RuntimeError: hpez rc=-6 stderr='free(): invalid size\n' stdout='====================================== BEGIN TUNING ================================\nABS QoI eb: 1.90888e-06\n64 32400 2 3.2383\nPointwise QoI eb rate: 2\n'
mp-1928140,bulk,2073600,16588800,240x80x108,Q,Q_sz3_b4,1.907941767234792e-06,1.4657035596010487e-09,RuntimeError: hpez rc=-11 stderr='' stdout='====================================== BEGIN TUNING ================================\nABS QoI eb: 1.90794e-06\n64 32400 2 3.2383\nPointwise QoI eb rate: 2\n'
mp-1928140,bulk,2073600,16588800,240x80x108,Q,Q_sz3_b4,1.907472580733491e-06,1.4653431249500112e-09,RuntimeError: hpez rc=-6 stderr='munmap_chunk(): invalid pointer\n' stdout='====================================== BEGIN TUNING ================================\nABS QoI eb: 1.90747e-06\n64 32400 2 3.2383\nPointwise QoI eb rate: 2\n'
mp-1928140,bulk,2073600,16588800,240x80x108,Q,Q_sz3_b4,1.9073553021372045e-06,1.465253030137374e-09,RuntimeError: hpez rc=-6 stderr='corrupted size vs. prev_size while consolidating\n' stdout='====================================== BEGIN TUNING ================================\nABS QoI eb: 1.90736e-06\n64 32400 2 3.2383\nPointwise QoI eb rate: 2\ninterp best interpAlgo = CUBIC\n'
mp-1928140,bulk,2073600,16588800,240x80x108,Q,Q_sz3_b4,1.907351637297261e-06,1.4652502147637383e-09,RuntimeError: hpez rc=-6 stderr='free(): invalid size\n' stdout='====================================== BEGIN TUNING ================================\nABS QoI eb: 1.90735e-06\n64 32400 2 3.2383\nPointwise QoI eb rate: 2\n'
mp-1928140,bulk,2073600,16588800,240x80x108,Q,Q_sz3_b4,1.907349804879929e-06,1.4652488070789475e-09,RuntimeError: hpez rc=-6 stderr='munmap_chunk(): invalid pointer\n' stdout='====================================== BEGIN TUNING ================================\nABS QoI eb: 1.90735e-06\n64 32400 2 3.2383\nPointwise QoI eb rate: 2\n'
mp-1928140,bulk,2073600,16588800,240x80x108,Q,Q_sz3_b4,1.9073488886719244e-06,1.4652481032370606e-09,RuntimeError: hpez rc=-6 stderr='corrupted size vs. prev_size while consolidating\n' stdout='====================================== BEGIN TUNING ================================\nABS QoI eb: 1.90735e-06\n64 32400 2 3.2383\nPointwise QoI eb rate: 2\ninterp best interpAlgo = CUBIC\n'
mp-1928140,bulk,2073600,16588800,240x80x108,Q,Q_sz3_b4,1.907348659619992e-06,1.465247927276642e-09,RuntimeError: hpez rc=-6 stderr='free(): invalid size\n' stdout='====================================== BEGIN TUNING ================================\nABS QoI eb: 1.90735e-06\n64 32400 2 3.2383\nPointwise QoI eb rate: 2\n'
mp-1928140,bulk,2073600,16588800,240x80x108,Q,Q_sz3_b4,1.907348645304244e-06,1.465247916279114e-09,RuntimeError: hpez rc=-6 stderr='corrupted size vs. prev_size while consolidating\n' stdout='====================================== BEGIN TUNING ================================\nABS QoI eb: 1.90735e-06\n64 32400 2 3.2383\nPointwise QoI eb rate: 2\ninterp best interpAlgo = CUBIC\n'
mp-1928140,bulk,2073600,16588800,240x80x108,Q,Q_sz3_b4,1.907348638146372e-06,1.4652479107803515e-09,RuntimeError: hpez rc=-6 stderr='free(): invalid size\n' stdout='====================================== BEGIN TUNING ================================\nABS QoI eb: 1.90735e-06\n64 32400 2 3.2383\nPointwise QoI eb rate: 2\n'
mp-1928140,bulk,2073600,16588800,240x80x108,Q,Q_sz3_b4,1.907348634567437e-06,1.465247908030971e-09,RuntimeError: hpez rc=-6 stderr='corrupted size vs. prev_size while consolidating\n' stdout='====================================== BEGIN TUNING ================================\nABS QoI eb: 1.90735e-06\n64 32400 2 3.2383\nPointwise QoI eb rate: 2\ninterp best interpAlgo = CUBIC\n'
mp-1928140,bulk,2073600,16588800,240x80x108,Q,Q_sz3_b8,2.3148293104714887e-06,1.7782794100389212e-09,RuntimeError: hpez rc=-11 stderr='' stdout='wise QoI eb rate: 2\ninterp best interpAlgo = CUBIC\ninterp best direction = 0\nInterp ratio = 0.9323\nchoose interp\nsz3 tuning time = 0.0528995s\nTuning time = 0.0534628s\n====================================== END TUNING ======================================\nGlobal correction done. 0 blocks corrected.\n'
mp-1928140,bulk,2073600,16588800,240x80x108,Q,Q_sz3_b8,2.0409458055184814e-06,1.5678788438269682e-09,RuntimeError: hpez rc=-6 stderr='corrupted size vs. prev_size while consolidating\n' stdout='====================================== BEGIN TUNING ================================\nABS QoI eb: 2.04095e-06\n512 4200 2 9.15929\nPointwise QoI eb rate: 2\ninterp best interpAlgo = CUBIC\n'
mp-1928140,bulk,2073600,16588800,240x80x108,Q,Q_sz3_b8,1.916406886414873e-06,1.4722065648435383e-09,RuntimeError: hpez rc=-6 stderr='double free or corruption (out)\n' stdout='====================================== BEGIN TUNING ================================\nABS QoI eb: 1.91641e-06\n512 4200 2 9.15929\nPointwise QoI eb rate: 2\n'
mp-1928140,bulk,2073600,16588800,240x80x108,Q,Q_sz3_b8,1.908880486487231e-06,1.4664246948963676e-09,RuntimeError: hpez rc=-11 stderr='' stdout='====================================== BEGIN TUNING ================================\nABS QoI eb: 1.90888e-06\n512 4200 2 9.15929\nPointwise QoI eb rate: 2\n'
mp-1928140,bulk,2073600,16588800,240x80x108,Q,Q_sz3_b8,1.907941767234792e-06,1.4657035596010487e-09,RuntimeError: hpez rc=-6 stderr='free(): invalid next size (normal)\n' stdout='====================================== BEGIN TUNING ================================\nABS QoI eb: 1.90794e-06\n512 4200 2 9.15929\nPointwise QoI eb rate: 2\ninterp best interpAlgo = CUBIC\n'
mp-1928140,bulk,2073600,16588800,240x80x108,Q,Q_sz3_b8,1.907472580733491e-06,1.4653431249500112e-09,RuntimeError: hpez rc=-6 stderr='corrupted size vs. prev_size while consolidating\n' stdout='====================================== BEGIN TUNING ================================\nABS QoI eb: 1.90747e-06\n512 4200 2 9.15929\nPointwise QoI eb rate: 2\ninterp best interpAlgo = CUBIC\n'
mp-1928140,bulk,2073600,16588800,240x80x108,Q,Q_sz3_b8,1.9073553021372045e-06,1.465253030137374e-09,RuntimeError: hpez rc=-6 stderr='free(): invalid size\n' stdout='====================================== BEGIN TUNING ================================\nABS QoI eb: 1.90736e-06\n512 4200 2 9.15929\nPointwise QoI eb rate: 2\n'
mp-1928140,bulk,2073600,16588800,240x80x108,Q,Q_sz3_b8,1.907351637297261e-06,1.4652502147637383e-09,RuntimeError: hpez rc=-6 stderr='free(): invalid size\n' stdout='====================================== BEGIN TUNING ================================\nABS QoI eb: 1.90735e-06\n512 4200 2 9.15929\nPointwise QoI eb rate: 2\n'
mp-1928140,bulk,2073600,16588800,240x80x108,Q,Q_sz3_b8,1.907349804879929e-06,1.4652488070789475e-09,RuntimeError: hpez rc=-6 stderr='munmap_chunk(): invalid pointer\n' stdout='====================================== BEGIN TUNING ================================\nABS QoI eb: 1.90735e-06\n512 4200 2 9.15929\nPointwise QoI eb rate: 2\n'
mp-1928140,bulk,2073600,16588800,240x80x108,Q,Q_sz3_b8,1.9073488886719244e-06,1.4652481032370606e-09,RuntimeError: hpez rc=-6 stderr='free(): invalid size\n' stdout='====================================== BEGIN TUNING ================================\nABS QoI eb: 1.90735e-06\n512 4200 2 9.15929\nPointwise QoI eb rate: 2\n'
mp-1928140,bulk,2073600,16588800,240x80x108,Q,Q_sz3_b8,1.907348659619992e-06,1.465247927276642e-09,RuntimeError: hpez rc=-6 stderr='free(): invalid size\n' stdout='====================================== BEGIN TUNING ================================\nABS QoI eb: 1.90735e-06\n512 4200 2 9.15929\nPointwise QoI eb rate: 2\n'
mp-1928140,bulk,2073600,16588800,240x80x108,Q,Q_sz3_b8,1.907348645304244e-06,1.465247916279114e-09,RuntimeError: hpez rc=-6 stderr='corrupted size vs. prev_size while consolidating\n' stdout='====================================== BEGIN TUNING ================================\nABS QoI eb: 1.90735e-06\n512 4200 2 9.15929\nPointwise QoI eb rate: 2\ninterp best interpAlgo = CUBIC\n'
mp-1928140,bulk,2073600,16588800,240x80x108,Q,Q_sz3_b8,1.907348638146372e-06,1.4652479107803515e-09,RuntimeError: hpez rc=-6 stderr='free(): invalid size\n' stdout='====================================== BEGIN TUNING ================================\nABS QoI eb: 1.90735e-06\n512 4200 2 9.15929\nPointwise QoI eb rate: 2\n'
mp-1928140,bulk,2073600,16588800,240x80x108,Q,Q_sz3_b8,1.907348634567437e-06,1.465247908030971e-09,RuntimeError: hpez rc=-6 stderr='free(): invalid size\n' stdout='====================================== BEGIN TUNING ================================\nABS QoI eb: 1.90735e-06\n512 4200 2 9.15929\nPointwise QoI eb rate: 2\n'
mp-1928140,bulk,2073600,16588800,240x80x108,Q,Q_sz3_b16,2.3148293104714887e-06,1.7782794100389212e-09,RuntimeError: hpez rc=-11 stderr='' stdout='twise QoI eb rate: 2\ninterp best interpAlgo = CUBIC\ninterp best direction = 0\nInterp ratio = 0.9323\nchoose interp\nsz3 tuning time = 0.061571s\nTuning time = 0.0619063s\n====================================== END TUNING ======================================\nGlobal correction done. 0 blocks corrected.\n'
mp-1928140,bulk,2073600,16588800,240x80x108,Q,Q_sz3_b16,2.0409458055184814e-06,1.5678788438269682e-09,RuntimeError: hpez rc=-6 stderr='corrupted size vs. prev_size while consolidating\n' stdout='====================================== BEGIN TUNING ================================\nABS QoI eb: 2.04095e-06\n4096 525 2 25.9064\nPointwise QoI eb rate: 2\ninterp best interpAlgo = CUBIC\n'
mp-1928140,bulk,2073600,16588800,240x80x108,Q,Q_sz3_b16,1.916406886414873e-06,1.4722065648435383e-09,RuntimeError: hpez rc=-6 stderr='munmap_chunk(): invalid pointer\n' stdout='====================================== BEGIN TUNING ================================\nABS QoI eb: 1.91641e-06\n4096 525 2 25.9064\nPointwise QoI eb rate: 2\ninterp best interpAlgo = CUBIC\n'
mp-1928140,bulk,2073600,16588800,240x80x108,Q,Q_sz3_b16,1.908880486487231e-06,1.4664246948963676e-09,RuntimeError: hpez rc=-6 stderr='free(): invalid size\n' stdout='====================================== BEGIN TUNING ================================\nABS QoI eb: 1.90888e-06\n4096 525 2 25.9064\nPointwise QoI eb rate: 2\n'
mp-1928140,bulk,2073600,16588800,240x80x108,Q,Q_sz3_b16,1.907941767234792e-06,1.4657035596010487e-09,RuntimeError: hpez rc=-11 stderr='' stdout='====================================== BEGIN TUNING ================================\nABS QoI eb: 1.90794e-06\n4096 525 2 25.9064\nPointwise QoI eb rate: 2\n'
mp-1928140,bulk,2073600,16588800,240x80x108,Q,Q_sz3_b16,1.907472580733491e-06,1.4653431249500112e-09,RuntimeError: hpez rc=-6 stderr='munmap_chunk(): invalid pointer\n' stdout='====================================== BEGIN TUNING ================================\nABS QoI eb: 1.90747e-06\n4096 525 2 25.9064\nPointwise QoI eb rate: 2\n'
mp-1928140,bulk,2073600,16588800,240x80x108,Q,Q_sz3_b16,1.9073553021372045e-06,1.465253030137374e-09,RuntimeError: hpez rc=-6 stderr='free(): invalid size\n' stdout='====================================== BEGIN TUNING ================================\nABS QoI eb: 1.90736e-06\n4096 525 2 25.9064\nPointwise QoI eb rate: 2\n'
mp-1928140,bulk,2073600,16588800,240x80x108,Q,Q_sz3_b16,1.907351637297261e-06,1.4652502147637383e-09,RuntimeError: hpez rc=-6 stderr='free(): invalid size\n' stdout='====================================== BEGIN TUNING ================================\nABS QoI eb: 1.90735e-06\n4096 525 2 25.9064\nPointwise QoI eb rate: 2\n'
mp-1928140,bulk,2073600,16588800,240x80x108,Q,Q_sz3_b16,1.907349804879929e-06,1.4652488070789475e-09,RuntimeError: hpez rc=-6 stderr='munmap_chunk(): invalid pointer\n' stdout='====================================== BEGIN TUNING ================================\nABS QoI eb: 1.90735e-06\n4096 525 2 25.9064\nPointwise QoI eb rate: 2\n'
mp-1928140,bulk,2073600,16588800,240x80x108,Q,Q_sz3_b16,1.9073488886719244e-06,1.4652481032370606e-09,RuntimeError: hpez rc=-6 stderr='corrupted size vs. prev_size while consolidating\n' stdout='====================================== BEGIN TUNING ================================\nABS QoI eb: 1.90735e-06\n4096 525 2 25.9064\nPointwise QoI eb rate: 2\ninterp best interpAlgo = CUBIC\n'
mp-1928140,bulk,2073600,16588800,240x80x108,Q,Q_sz3_b16,1.907348659619992e-06,1.465247927276642e-09,RuntimeError: hpez rc=-6 stderr='free(): invalid size\n' stdout='====================================== BEGIN TUNING ================================\nABS QoI eb: 1.90735e-06\n4096 525 2 25.9064\nPointwise QoI eb rate: 2\n'
mp-1928140,bulk,2073600,16588800,240x80x108,Q,Q_sz3_b16,1.907348645304244e-06,1.465247916279114e-09,RuntimeError: hpez rc=-6 stderr='corrupted size vs. prev_size while consolidating\n' stdout='====================================== BEGIN TUNING ================================\nABS QoI eb: 1.90735e-06\n4096 525 2 25.9064\nPointwise QoI eb rate: 2\ninterp best interpAlgo = CUBIC\n'
mp-1928140,bulk,2073600,16588800,240x80x108,Q,Q_sz3_b16,1.907348638146372e-06,1.4652479107803515e-09,RuntimeError: hpez rc=-6 stderr='free(): invalid size\n' stdout='====================================== BEGIN TUNING ================================\nABS QoI eb: 1.90735e-06\n4096 525 2 25.9064\nPointwise QoI eb rate: 2\n'
mp-1928140,bulk,2073600,16588800,240x80x108,Q,Q_sz3_b16,1.907348634567437e-06,1.465247908030971e-09,RuntimeError: hpez rc=-6 stderr='free(): invalid size\n' stdout='====================================== BEGIN TUNING ================================\nABS QoI eb: 1.90735e-06\n4096 525 2 25.9064\nPointwise QoI eb rate: 2\n'
mp-1932586,bulk,483840,3870720,48x72x140,Q,Q_hpez_b4,5.102850095102431e-06,1.7782794100389226e-09,RuntimeError: hpez rc=-6 stderr='double free or corruption (out)\n' stdout='====================================== BEGIN TUNING ================================\nABS QoI eb: 5.10285e-06\n64 7560 2 4.10367\nPointwise QoI eb rate: 2\nPredictor tuning started.\n'
mp-1932586,bulk,483840,3870720,48x72x140,Q,Q_hpez_b4,3.966777218483245e-06,1.382372227357901e-09,RuntimeError: hpez rc=-6 stderr='double free or corruption (out)\n' stdout='====================================== BEGIN TUNING ================================\nABS QoI eb: 3.96678e-06\n64 7560 2 4.10367\nPointwise QoI eb rate: 2\nPredictor tuning started.\n'
mp-1932586,bulk,483840,3870720,48x72x140,Q,Q_hpez_b4,3.843845607266695e-06,1.339532098999219e-09,RuntimeError: hpez rc=-6 stderr='double free or corruption (out)\n' stdout='====================================== BEGIN TUNING ================================\nABS QoI eb: 3.84385e-06\n64 7560 2 4.10367\nPointwise QoI eb rate: 2\nPredictor tuning started.\n'
mp-1932586,bulk,483840,3870720,48x72x140,Q,Q_hpez_b4,3.8287494815402144e-06,1.3342712880699452e-09,RuntimeError: hpez rc=-6 stderr='free(): invalid next size (normal)\n' stdout='====================================== BEGIN TUNING ================================\nABS QoI eb: 3.82875e-06\n64 7560 2 4.10367\nPointwise QoI eb rate: 2\nPredictor tuning started.\n'
mp-1932586,bulk,483840,3870720,48x72x140,Q,Q_hpez_b4,3.821223666162763e-06,1.3316486355757403e-09,RuntimeError: hpez rc=-6 stderr='double free or corruption (out)\n' stdout='====================================== BEGIN TUNING ================================\nABS QoI eb: 3.82122e-06\n64 7560 2 4.10367\nPointwise QoI eb rate: 2\nPredictor tuning started.\n'
mp-1932586,bulk,483840,3870720,48x72x140,Q,Q_hpez_b4,3.817466307589908e-06,1.3303392431260862e-09,RuntimeError: hpez rc=-6 stderr='double free or corruption (out)\n' stdout='====================================== BEGIN TUNING ================================\nABS QoI eb: 3.81747e-06\n64 7560 2 4.10367\nPointwise QoI eb rate: 2\nPredictor tuning started.\n'
mp-1932586,bulk,483840,3870720,48x72x140,Q,Q_hpez_b4,3.815589013990948e-06,1.329685029796004e-09,RuntimeError: hpez rc=-11 stderr='' stdout='====================================== BEGIN TUNING ================================\nABS QoI eb: 3.81559e-06\n64 7560 2 4.10367\nPointwise QoI eb rate: 2\nPredictor tuning started.\n'
mp-1932586,bulk,483840,3870720,48x72x140,Q,Q_hpez_b4,3.815119834856747e-06,1.329521526738219e-09,RuntimeError: hpez rc=-6 stderr='double free or corruption (!prev)\n' stdout='====================================== BEGIN TUNING ================================\nABS QoI eb: 3.81512e-06\n64 7560 2 4.10367\nPointwise QoI eb rate: 2\nPredictor tuning started.\n'
mp-1932586,bulk,483840,3870720,48x72x140,Q,Q_hpez_b4,3.814885266924604e-06,1.329439782748838e-09,RuntimeError: hpez rc=-6 stderr='double free or corruption (out)\n' stdout='====================================== BEGIN TUNING ================================\nABS QoI eb: 3.81489e-06\n64 7560 2 4.10367\nPointwise QoI eb rate: 2\nPredictor tuning started.\n'
mp-1932586,bulk,483840,3870720,48x72x140,Q,Q_hpez_b4,3.814767988366879e-06,1.3293989126388884e-09,RuntimeError: hpez rc=-6 stderr='double free or corruption (out)\n' stdout='====================================== BEGIN TUNING ================================\nABS QoI eb: 3.81477e-06\n64 7560 2 4.10367\nPointwise QoI eb rate: 2\nPredictor tuning started.\n'
mp-1932586,bulk,483840,3870720,48x72x140,Q,Q_hpez_b4,3.814738669290798e-06,1.329388695307722e-09,RuntimeError: hpez rc=-6 stderr='double free or corruption (out)\n' stdout='====================================== BEGIN TUNING ================================\nABS QoI eb: 3.81474e-06\n64 7560 2 4.10367\nPointwise QoI eb rate: 2\nPredictor tuning started.\n'
mp-1932586,bulk,483840,3870720,48x72x140,Q,Q_hpez_b4,3.814724009837259e-06,1.3293835866715862e-09,RuntimeError: hpez rc=-6 stderr='double free or corruption (out)\n' stdout='====================================== BEGIN TUNING ================================\nABS QoI eb: 3.81472e-06\n64 7560 2 4.10367\nPointwise QoI eb rate: 2\nPredictor tuning started.\n'
mp-1932586,bulk,483840,3870720,48x72x140,Q,Q_hpez_b4,3.814716680131616e-06,1.3293810323608806e-09,RuntimeError: hpez rc=-6 stderr='double free or corruption (out)\n' stdout='====================================== BEGIN TUNING ================================\nABS QoI eb: 3.81472e-06\n64 7560 2 4.10367\nPointwise QoI eb rate: 2\nPredictor tuning started.\n'
mp-1932586,bulk,483840,3870720,48x72x140,Q,Q_hpez_b4,3.814713015284072e-06,1.329379755207367e-09,RuntimeError: hpez rc=-6 stderr='double free or corruption (out)\n' stdout='====================================== BEGIN TUNING ================================\nABS QoI eb: 3.81471e-06\n64 7560 2 4.10367\nPointwise QoI eb rate: 2\nPredictor tuning started.\n'
mp-1932586,bulk,483840,3870720,48x72x140,Q,Q_hpez_b4,3.814711182861623e-06,1.3293791166310714e-09,RuntimeError: hpez rc=-6 stderr='corrupted size vs. prev_size\n' stdout='====================================== BEGIN TUNING ================================\nABS QoI eb: 3.81471e-06\n64 7560 2 4.10367\nPointwise QoI eb rate: 2\nPredictor tuning started.\n'
mp-1932586,bulk,483840,3870720,48x72x140,Q,Q_hpez_b4,3.814710266650729e-06,1.3293787973430384e-09,RuntimeError: hpez rc=-6 stderr='double free or corruption (out)\n' stdout='====================================== BEGIN TUNING ================================\nABS QoI eb: 3.81471e-06\n64 7560 2 4.10367\nPointwise QoI eb rate: 2\nPredictor tuning started.\n'
mp-1932586,bulk,483840,3870720,48x72x140,Q,Q_hpez_b4,3.814709808545365e-06,1.329378637699051e-09,RuntimeError: hpez rc=-6 stderr='double free or corruption (out)\n' stdout='====================================== BEGIN TUNING ================================\nABS QoI eb: 3.81471e-06\n64 7560 2 4.10367\nPointwise QoI eb rate: 2\nPredictor tuning started.\n'
mp-1932586,bulk,483840,3870720,48x72x140,Q,Q_hpez_b4,3.814709694019027e-06,1.3293785977880555e-09,RuntimeError: hpez rc=-6 stderr='double free or corruption (out)\n' stdout='====================================== BEGIN TUNING ================================\nABS QoI eb: 3.81471e-06\n64 7560 2 4.10367\nPointwise QoI eb rate: 2\nPredictor tuning started.\n'
mp-1932586,bulk,483840,3870720,48x72x140,Q,Q_hpez_b4,3.8147096367558624e-06,1.329378577832559e-09,RuntimeError: hpez rc=-6 stderr='double free or corruption (out)\n' stdout='====================================== BEGIN TUNING ================================\nABS QoI eb: 3.81471e-06\n64 7560 2 4.10367\nPointwise QoI eb rate: 2\nPredictor tuning started.\n'
mp-1932586,bulk,483840,3870720,48x72x140,Q,Q_hpez_b4,3.814709608124281e-06,1.3293785678548114e-09,RuntimeError: hpez rc=-6 stderr='double free or corruption (out)\n' stdout='====================================== BEGIN TUNING ================================\nABS QoI eb: 3.81471e-06\n64 7560 2 4.10367\nPointwise QoI eb rate: 2\nPredictor tuning started.\n'
mp-1932586,bulk,483840,3870720,48x72x140,Q,Q_hpez_b4,3.814709600966383e-06,1.3293785653603734e-09,RuntimeError: hpez rc=-6 stderr='double free or corruption (out)\n' stdout='====================================== BEGIN TUNING ================================\nABS QoI eb: 3.81471e-06\n64 7560 2 4.10367\nPointwise QoI eb rate: 2\nPredictor tuning started.\n'
mp-1932586,bulk,483840,3870720,48x72x140,Q,Q_hpez_b8,5.102850095102431e-06,1.7782794100389226e-09,RuntimeError: hpez rc=-6 stderr='free(): corrupted unsorted chunks\n' stdout='====================================== BEGIN TUNING ================================\nABS QoI eb: 5.10285e-06\n512 972 2 11.6069\nPointwise QoI eb rate: 3\nPredictor tuning started.\n'
mp-1932586,bulk,483840,3870720,48x72x140,Q,Q_hpez_b8,3.083633892396712e-06,1.0746078283213175e-09,RuntimeError: hpez rc=-6 stderr='corrupted double-linked list (not small)\n' stdout='====================================== BEGIN TUNING ================================\nABS QoI eb: 3.08363e-06\n512 972 2 11.6069\nPointwise QoI eb rate: 3\nPredictor tuning started.\n'
mp-1932586,bulk,483840,3870720,48x72x140,Q,Q_hpez_b8,2.718787787061423e-06,9.47463525655375e-10,RuntimeError: hpez rc=-6 stderr='double free or corruption (out)\n' stdout='====================================== BEGIN TUNING ================================\nABS QoI eb: 2.71879e-06\n512 972 2 11.6069\nPointwise QoI eb rate: 3\nPredictor tuning started.\n'
mp-1932586,bulk,483840,3870720,48x72x140,Q,Q_hpez_b8,2.5528868153858407e-06,8.896491128198327e-10,RuntimeError: hpez rc=-6 stderr='double free or corruption (!prev)\n' stdout='====================================== BEGIN TUNING ================================\nABS QoI eb: 2.55289e-06\n512 972 2 11.6069\nPointwise QoI eb rate: 3\nPredictor tuning started.\n'
mp-1932586,bulk,483840,3870720,48x72x140,Q,Q_hpez_b8,2.5478688441279217e-06,8.879004126225276e-10,RuntimeError: hpez rc=-6 stderr='free(): invalid next size (normal)\n' stdout='====================================== BEGIN TUNING ================================\nABS QoI eb: 2.54787e-06\n512 972 2 11.6069\nPointwise QoI eb rate: 3\nPredictor tuning started.\n'
mp-1932586,bulk,483840,3870720,48x72x140,Q,Q_hpez_b8,2.5453635584706725e-06,8.87027351917721e-10,RuntimeError: hpez rc=-6 stderr='double free or corruption (out)\n' stdout='====================================== BEGIN TUNING ================================\nABS QoI eb: 2.54536e-06\n512 972 2 11.6069\nPointwise QoI eb rate: 3\nPredictor tuning started.\n'
mp-1932586,bulk,483840,3870720,48x72x140,Q,Q_hpez_b8,2.544111839573807e-06,8.865911435439755e-10,RuntimeError: hpez rc=-6 stderr='double free or corruption (out)\n' stdout='====================================== BEGIN TUNING ================================\nABS QoI eb: 2.54411e-06\n512 972 2 11.6069\nPointwise QoI eb rate: 3\nPredictor tuning started.\n'
mp-1932586,bulk,483840,3870720,48x72x140,Q,Q_hpez_b8,2.543486210975793e-06,8.86373119805585e-10,RuntimeError: hpez rc=-6 stderr='free(): invalid next size (normal)\n' stdout='====================================== BEGIN TUNING ================================\nABS QoI eb: 2.54349e-06\n512 972 2 11.6069\nPointwise QoI eb rate: 3\nPredictor tuning started.\n'
mp-1932586,bulk,483840,3870720,48x72x140,Q,Q_hpez_b8,2.5431734543728306e-06,8.862641280427395e-10,RuntimeError: hpez rc=-6 stderr='double free or corruption (out)\n' stdout='====================================== BEGIN TUNING ================================\nABS QoI eb: 2.54317e-06\n512 972 2 11.6069\nPointwise QoI eb rate: 3\nPredictor tuning started.\n'
mp-1932586,bulk,483840,3870720,48x72x140,Q,Q_hpez_b8,2.5431343625016152e-06,8.86250505014748e-10,RuntimeError: hpez rc=-6 stderr='double free or corruption (out)\n' stdout='====================================== BEGIN TUNING ================================\nABS QoI eb: 2.54313e-06\n512 972 2 11.6069\nPointwise QoI eb rate: 3\nPredictor tuning started.\n'
mp-1932586,bulk,483840,3870720,48x72x140,Q,Q_hpez_b8,2.5431319192796184e-06,8.862496535824522e-10,RuntimeError: hpez rc=-6 stderr='double free or corruption (out)\n' stdout='====================================== BEGIN TUNING ================================\nABS QoI eb: 2.54313e-06\n512 972 2 11.6069\nPointwise QoI eb rate: 3\nPredictor tuning started.\n'
mp-1932586,bulk,483840,3870720,48x72x140,Q,Q_hpez_b8,2.5431316138770336e-06,8.862495471534729e-10,RuntimeError: hpez rc=-6 stderr='double free or corruption (out)\n' stdout='====================================== BEGIN TUNING ================================\nABS QoI eb: 2.54313e-06\n512 972 2 11.6069\nPointwise QoI eb rate: 3\nPredictor tuning started.\n'
mp-1932586,bulk,483840,3870720,48x72x140,Q,Q_hpez_b8,2.5431315375263897e-06,8.862495205462288e-10,RuntimeError: hpez rc=-6 stderr='double free or corruption (out)\n' stdout='====================================== BEGIN TUNING ================================\nABS QoI eb: 2.54313e-06\n512 972 2 11.6069\nPointwise QoI eb rate: 3\nPredictor tuning started.\n'
mp-1932586,bulk,483840,3870720,48x72x140,Q,Q_hpez_b8,2.5431315184387305e-06,8.862495138944182e-10,RuntimeError: hpez rc=-6 stderr='double free or corruption (out)\n' stdout='====================================== BEGIN TUNING ================================\nABS QoI eb: 2.54313e-06\n512 972 2 11.6069\nPointwise QoI eb rate: 3\nPredictor tuning started.\n'
mp-1932586,bulk,483840,3870720,48x72x140,Q,Q_hpez_b8,2.5431315136668133e-06,8.862495122314648e-10,RuntimeError: hpez rc=-6 stderr='double free or corruption (out)\n' stdout='====================================== BEGIN TUNING ================================\nABS QoI eb: 2.54313e-06\n512 972 2 11.6069\nPointwise QoI eb rate: 3\nPredictor tuning started.\n'
mp-1932586,bulk,483840,3870720,48x72x140,Q,Q_hpez_b8,2.543131511280855e-06,8.862495113999882e-10,RuntimeError: hpez rc=-6 stderr='double free or corruption (out)\n' stdout='====================================== BEGIN TUNING ================================\nABS QoI eb: 2.54313e-06\n512 972 2 11.6069\nPointwise QoI eb rate: 3\nPredictor tuning started.\n'
mp-1932586,bulk,483840,3870720,48x72x140,Q,Q_hpez_b16,5.102850095102431e-06,1.7782794100389226e-09,RuntimeError: hpez rc=-6 stderr='double free or corruption (!prev)\n' stdout='====================================== BEGIN TUNING ================================\nABS QoI eb: 5.10285e-06\n4096 135 2 32.8294\nPointwise QoI eb rate: 4\nPredictor tuning started.\n'
mp-1932586,bulk,483840,3870720,48x72x140,Q,Q_hpez_b16,3.083633892396712e-06,1.0746078283213175e-09,RuntimeError: hpez rc=-6 stderr='free(): invalid next size (normal)\n' stdout='====================================== BEGIN TUNING ================================\nABS QoI eb: 3.08363e-06\n4096 135 2 32.8294\nPointwise QoI eb rate: 4\nPredictor tuning started.\n'
mp-1932586,bulk,483840,3870720,48x72x140,Q,Q_hpez_b16,2.3971091540082826e-06,8.353625469578257e-10,RuntimeError: hpez rc=-6 stderr='free(): invalid next size (normal)\n' stdout='====================================== BEGIN TUNING ================================\nABS QoI eb: 2.39711e-06\n4096 135 2 32.8294\nPointwise QoI eb rate: 4\nPredictor tuning started.\n'
mp-1932586,bulk,483840,3870720,48x72x140,Q,Q_hpez_b16,2.113490550301816e-06,7.365250122712274e-10,RuntimeError: hpez rc=-6 stderr='double free or corruption (out)\n' stdout='====================================== BEGIN TUNING ================================\nABS QoI eb: 2.11349e-06\n4096 135 2 32.8294\nPointwise QoI eb rate: 4\nPredictor tuning started.\n'
mp-1932586,bulk,483840,3870720,48x72x140,Q,Q_hpez_b16,1.9845249364385844e-06,6.915821094890888e-10,RuntimeError: hpez rc=-6 stderr='double free or corruption (out)\n' stdout='====================================== BEGIN TUNING ================================\nABS QoI eb: 1.98452e-06\n4096 135 2 32.8294\nPointwise QoI eb rate: 4\nPredictor tuning started.\n'
mp-1932586,bulk,483840,3870720,48x72x140,Q,Q_hpez_b16,1.9230239157109542e-06,6.701497732812728e-10,RuntimeError: hpez rc=-6 stderr='double free or corruption (out)\n' stdout='====================================== BEGIN TUNING ================================\nABS QoI eb: 1.92302e-06\n4096 135 2 32.8294\nPointwise QoI eb rate: 4\nPredictor tuning started.\n'
mp-1932586,bulk,483840,3870720,48x72x140,Q,Q_hpez_b16,1.907948801945931e-06,6.648962847576602e-10,RuntimeError: hpez rc=-6 stderr='free(): invalid next size (normal)\n' stdout='====================================== BEGIN TUNING ================================\nABS QoI eb: 1.90795e-06\n4096 135 2 32.8294\nPointwise QoI eb rate: 4\nPredictor tuning started.\n'
mp-1932586,bulk,483840,3870720,48x72x140,Q,Q_hpez_b16,1.907479613714705e-06,6.647327785296754e-10,RuntimeError: hpez rc=-6 stderr='double free or corruption (out)\n' stdout='====================================== BEGIN TUNING ================================\nABS QoI eb: 1.90748e-06\n4096 135 2 32.8294\nPointwise QoI eb rate: 4\nPredictor tuning started.\n'
mp-1932586,bulk,483840,3870720,48x72x140,Q,Q_hpez_b16,1.9073623346860074e-06,6.646919082555981e-10,RuntimeError: hpez rc=-6 stderr='double free or corruption (out)\n' stdout='====================================== BEGIN TUNING ================================\nABS QoI eb: 1.90736e-06\n4096 135 2 32.8294\nPointwise QoI eb rate: 4\nPredictor tuning started.\n'
mp-1932586,bulk,483840,3870720,48x72x140,Q,Q_hpez_b16,1.907355004986141e-06,6.646893539469057e-10,RuntimeError: hpez rc=-6 stderr='double free or corruption (out)\n' stdout='====================================== BEGIN TUNING ================================\nABS QoI eb: 1.90736e-06\n4096 135 2 32.8294\nPointwise QoI eb rate: 4\nPredictor tuning started.\n'
mp-1932586,bulk,483840,3870720,48x72x140,Q,Q_hpez_b16,1.907351340146769e-06,6.646880767962401e-10,RuntimeError: hpez rc=-6 stderr='double free or corruption (out)\n' stdout='====================================== BEGIN TUNING ================================\nABS QoI eb: 1.90735e-06\n4096 135 2 32.8294\nPointwise QoI eb rate: 4\nPredictor tuning started.\n'
mp-1932586,bulk,483840,3870720,48x72x140,Q,Q_hpez_b16,1.907349507729722e-06,6.646874382218268e-10,RuntimeError: hpez rc=-6 stderr='double free or corruption (out)\n' stdout='====================================== BEGIN TUNING ================================\nABS QoI eb: 1.90735e-06\n4096 135 2 32.8294\nPointwise QoI eb rate: 4\nPredictor tuning started.\n'
mp-1932586,bulk,483840,3870720,48x72x140,Q,Q_hpez_b16,1.907349049625736e-06,6.646872785783195e-10,RuntimeError: hpez rc=-6 stderr='double free or corruption (out)\n' stdout='====================================== BEGIN TUNING ================================\nABS QoI eb: 1.90735e-06\n4096 135 2 32.8294\nPointwise QoI eb rate: 4\nPredictor tuning started.\n'
mp-1932586,bulk,483840,3870720,48x72x140,Q,Q_hpez_b16,1.9073488205737844e-06,6.646871987565804e-10,RuntimeError: hpez rc=-6 stderr='double free or corruption (out)\n' stdout='====================================== BEGIN TUNING ================================\nABS QoI eb: 1.90735e-06\n4096 135 2 32.8294\nPointwise QoI eb rate: 4\nPredictor tuning started.\n'
mp-1932586,bulk,483840,3870720,48x72x140,Q,Q_hpez_b16,1.9073487060478173e-06,6.646871588457139e-10,RuntimeError: hpez rc=-6 stderr='double free or corruption (out)\n' stdout='====================================== BEGIN TUNING ================================\nABS QoI eb: 1.90735e-06\n4096 135 2 32.8294\nPointwise QoI eb rate: 4\nPredictor tuning started.\n'
mp-1932586,bulk,483840,3870720,48x72x140,Q,Q_hpez_b16,1.907348648784838e-06,6.646871388902821e-10,RuntimeError: hpez rc=-6 stderr='double free or corruption (out)\n' stdout='====================================== BEGIN TUNING ================================\nABS QoI eb: 1.90735e-06\n4096 135 2 32.8294\nPointwise QoI eb rate: 4\nPredictor tuning started.\n'
mp-1932586,bulk,483840,3870720,48x72x140,Q,Q_hpez_b16,1.907348634469093e-06,6.646871339014241e-10,RuntimeError: hpez rc=-6 stderr='double free or corruption (out)\n' stdout='====================================== BEGIN TUNING ================================\nABS QoI eb: 1.90735e-06\n4096 135 2 32.8294\nPointwise QoI eb rate: 4\nPredictor tuning started.\n'
mp-1932586,bulk,483840,3870720,48x72x140,Q,Q_sz3_b4,0.0002869543484727,9.999999999999993e-08,RuntimeError: hpez rc=-6 stderr='corrupted double-linked list\n' stdout='====================================== BEGIN TUNING ================================\nABS QoI eb: 0.000286954\n64 7560 2 3.2383\nPointwise QoI eb rate: 2\n'
mp-1932586,bulk,483840,3870720,48x72x140,Q,Q_sz3_b4,5.102850095102431e-06,1.7782794100389226e-09,RuntimeError: hpez rc=-11 stderr='' stdout='====================================== BEGIN TUNING ================================\nABS QoI eb: 5.10285e-06\n64 7560 2 3.2383\nPointwise QoI eb rate: 2\n'
mp-1932586,bulk,483840,3870720,48x72x140,Q,Q_sz3_b4,3.083633892396712e-06,1.0746078283213175e-09,RuntimeError: hpez rc=-6 stderr='corrupted double-linked list\n' stdout='====================================== BEGIN TUNING ================================\nABS QoI eb: 3.08363e-06\n64 7560 2 3.2383\nPointwise QoI eb rate: 2\n'
mp-1932586,bulk,483840,3870720,48x72x140,Q,Q_sz3_b4,2.3971091540082826e-06,8.353625469578257e-10,RuntimeError: hpez rc=-6 stderr='double free or corruption (!prev)\n' stdout='====================================== BEGIN TUNING ================================\nABS QoI eb: 2.39711e-06\n64 7560 2 3.2383\nPointwise QoI eb rate: 2\n'
mp-1932586,bulk,483840,3870720,48x72x140,Q,Q_sz3_b4,2.113490550301816e-06,7.365250122712274e-10,RuntimeError: hpez rc=-6 stderr='corrupted size vs. prev_size while consolidating\n' stdout='====================================== BEGIN TUNING ================================\nABS QoI eb: 2.11349e-06\n64 7560 2 3.2383\nPointwise QoI eb rate: 2\n'
mp-1932586,bulk,483840,3870720,48x72x140,Q,Q_sz3_b4,1.9845249364385844e-06,6.915821094890888e-10,RuntimeError: hpez rc=-6 stderr='corrupted size vs. prev_size while consolidating\n' stdout='====================================== BEGIN TUNING ================================\nABS QoI eb: 1.98452e-06\n64 7560 2 3.2383\nPointwise QoI eb rate: 2\n'
mp-1932586,bulk,483840,3870720,48x72x140,Q,Q_sz3_b4,1.9230239157109542e-06,6.701497732812728e-10,RuntimeError: hpez rc=-6 stderr='malloc(): invalid size (unsorted)\n' stdout='====================================== BEGIN TUNING ================================\nABS QoI eb: 1.92302e-06\n64 7560 2 3.2383\nPointwise QoI eb rate: 2\n'
mp-1932586,bulk,483840,3870720,48x72x140,Q,Q_sz3_b4,1.907948801945931e-06,6.648962847576602e-10,RuntimeError: hpez rc=-6 stderr='corrupted size vs. prev_size while consolidating\n' stdout='====================================== BEGIN TUNING ================================\nABS QoI eb: 1.90795e-06\n64 7560 2 3.2383\nPointwise QoI eb rate: 2\n'
mp-1932586,bulk,483840,3870720,48x72x140,Q,Q_sz3_b4,1.907479613714705e-06,6.647327785296754e-10,RuntimeError: hpez rc=-6 stderr='corrupted size vs. prev_size while consolidating\n' stdout='====================================== BEGIN TUNING ================================\nABS QoI eb: 1.90748e-06\n64 7560 2 3.2383\nPointwise QoI eb rate: 2\n'
mp-1932586,bulk,483840,3870720,48x72x140,Q,Q_sz3_b4,1.9073623346860074e-06,6.646919082555981e-10,RuntimeError: hpez rc=-6 stderr='corrupted size vs. prev_size while consolidating\n' stdout='====================================== BEGIN TUNING ================================\nABS QoI eb: 1.90736e-06\n64 7560 2 3.2383\nPointwise QoI eb rate: 2\n'
mp-1932586,bulk,483840,3870720,48x72x140,Q,Q_sz3_b4,1.907355004986141e-06,6.646893539469057e-10,RuntimeError: hpez rc=-6 stderr='corrupted size vs. prev_size while consolidating\n' stdout='====================================== BEGIN TUNING ================================\nABS QoI eb: 1.90736e-06\n64 7560 2 3.2383\nPointwise QoI eb rate: 2\n'
mp-1932586,bulk,483840,3870720,48x72x140,Q,Q_sz3_b4,1.907351340146769e-06,6.646880767962401e-10,RuntimeError: hpez rc=-6 stderr='corrupted size vs. prev_size while consolidating\n' stdout='====================================== BEGIN TUNING ================================\nABS QoI eb: 1.90735e-06\n64 7560 2 3.2383\nPointwise QoI eb rate: 2\n'
mp-1932586,bulk,483840,3870720,48x72x140,Q,Q_sz3_b4,1.907349507729722e-06,6.646874382218268e-10,RuntimeError: hpez rc=-6 stderr='corrupted size vs. prev_size while consolidating\n' stdout='====================================== BEGIN TUNING ================================\nABS QoI eb: 1.90735e-06\n64 7560 2 3.2383\nPointwise QoI eb rate: 2\n'
mp-1932586,bulk,483840,3870720,48x72x140,Q,Q_sz3_b4,1.907349049625736e-06,6.646872785783195e-10,RuntimeError: hpez rc=-6 stderr='corrupted size vs. prev_size while consolidating\n' stdout='====================================== BEGIN TUNING ================================\nABS QoI eb: 1.90735e-06\n64 7560 2 3.2383\nPointwise QoI eb rate: 2\n'
mp-1932586,bulk,483840,3870720,48x72x140,Q,Q_sz3_b4,1.9073488205737844e-06,6.646871987565804e-10,RuntimeError: hpez rc=-6 stderr='corrupted size vs. prev_size while consolidating\n' stdout='====================================== BEGIN TUNING ================================\nABS QoI eb: 1.90735e-06\n64 7560 2 3.2383\nPointwise QoI eb rate: 2\n'
mp-1932586,bulk,483840,3870720,48x72x140,Q,Q_sz3_b4,1.9073487060478173e-06,6.646871588457139e-10,RuntimeError: hpez rc=-6 stderr='corrupted size vs. prev_size while consolidating\n' stdout='====================================== BEGIN TUNING ================================\nABS QoI eb: 1.90735e-06\n64 7560 2 3.2383\nPointwise QoI eb rate: 2\n'
mp-1932586,bulk,483840,3870720,48x72x140,Q,Q_sz3_b4,1.907348648784838e-06,6.646871388902821e-10,RuntimeError: hpez rc=-6 stderr='corrupted size vs. prev_size while consolidating\n' stdout='====================================== BEGIN TUNING ================================\nABS QoI eb: 1.90735e-06\n64 7560 2 3.2383\nPointwise QoI eb rate: 2\n'
mp-1932586,bulk,483840,3870720,48x72x140,Q,Q_sz3_b4,1.907348634469093e-06,6.646871339014241e-10,RuntimeError: hpez rc=-6 stderr='corrupted size vs. prev_size while consolidating\n' stdout='====================================== BEGIN TUNING ================================\nABS QoI eb: 1.90735e-06\n64 7560 2 3.2383\nPointwise QoI eb rate: 2\n'
mp-1932586,bulk,483840,3870720,48x72x140,Q,Q_sz3_b8,0.0002869543484727,9.999999999999993e-08,RuntimeError: hpez rc=-6 stderr='corrupted double-linked list\n' stdout='====================================== BEGIN TUNING ================================\nABS QoI eb: 0.000286954\n512 972 2 9.15929\nPointwise QoI eb rate: 2\n'
mp-1932586,bulk,483840,3870720,48x72x140,Q,Q_sz3_b8,5.102850095102431e-06,1.7782794100389226e-09,RuntimeError: hpez rc=-11 stderr='' stdout='====================================== BEGIN TUNING ================================\nABS QoI eb: 5.10285e-06\n512 972 2 9.15929\nPointwise QoI eb rate: 2\n'
mp-1932586,bulk,483840,3870720,48x72x140,Q,Q_sz3_b8,3.083633892396712e-06,1.0746078283213175e-09,RuntimeError: hpez rc=-6 stderr='corrupted double-linked list\n' stdout='====================================== BEGIN TUNING ================================\nABS QoI eb: 3.08363e-06\n512 972 2 9.15929\nPointwise QoI eb rate: 2\n'
mp-1932586,bulk,483840,3870720,48x72x140,Q,Q_sz3_b8,2.3971091540082826e-06,8.353625469578257e-10,RuntimeError: hpez rc=-6 stderr='double free or corruption (!prev)\n' stdout='====================================== BEGIN TUNING ================================\nABS QoI eb: 2.39711e-06\n512 972 2 9.15929\nPointwise QoI eb rate: 2\n'
mp-1932586,bulk,483840,3870720,48x72x140,Q,Q_sz3_b8,2.113490550301816e-06,7.365250122712274e-10,RuntimeError: hpez rc=-6 stderr='corrupted size vs. prev_size while consolidating\n' stdout='====================================== BEGIN TUNING ================================\nABS QoI eb: 2.11349e-06\n512 972 2 9.15929\nPointwise QoI eb rate: 2\n'
mp-1932586,bulk,483840,3870720,48x72x140,Q,Q_sz3_b8,1.9845249364385844e-06,6.915821094890888e-10,RuntimeError: hpez rc=-6 stderr='corrupted size vs. prev_size while consolidating\n' stdout='====================================== BEGIN TUNING ================================\nABS QoI eb: 1.98452e-06\n512 972 2 9.15929\nPointwise QoI eb rate: 2\n'
mp-1932586,bulk,483840,3870720,48x72x140,Q,Q_sz3_b8,1.9230239157109542e-06,6.701497732812728e-10,RuntimeError: hpez rc=-6 stderr='malloc(): invalid size (unsorted)\n' stdout='====================================== BEGIN TUNING ================================\nABS QoI eb: 1.92302e-06\n512 972 2 9.15929\nPointwise QoI eb rate: 2\n'
mp-1932586,bulk,483840,3870720,48x72x140,Q,Q_sz3_b8,1.907948801945931e-06,6.648962847576602e-10,RuntimeError: hpez rc=-6 stderr='corrupted size vs. prev_size while consolidating\n' stdout='====================================== BEGIN TUNING ================================\nABS QoI eb: 1.90795e-06\n512 972 2 9.15929\nPointwise QoI eb rate: 2\n'
mp-1932586,bulk,483840,3870720,48x72x140,Q,Q_sz3_b8,1.907479613714705e-06,6.647327785296754e-10,RuntimeError: hpez rc=-6 stderr='corrupted size vs. prev_size while consolidating\n' stdout='====================================== BEGIN TUNING ================================\nABS QoI eb: 1.90748e-06\n512 972 2 9.15929\nPointwise QoI eb rate: 2\n'
mp-1932586,bulk,483840,3870720,48x72x140,Q,Q_sz3_b8,1.9073623346860074e-06,6.646919082555981e-10,RuntimeError: hpez rc=-6 stderr='corrupted size vs. prev_size while consolidating\n' stdout='====================================== BEGIN TUNING ================================\nABS QoI eb: 1.90736e-06\n512 972 2 9.15929\nPointwise QoI eb rate: 2\n'
mp-1932586,bulk,483840,3870720,48x72x140,Q,Q_sz3_b8,1.907355004986141e-06,6.646893539469057e-10,RuntimeError: hpez rc=-6 stderr='corrupted size vs. prev_size while consolidating\n' stdout='====================================== BEGIN TUNING ================================\nABS QoI eb: 1.90736e-06\n512 972 2 9.15929\nPointwise QoI eb rate: 2\n'
mp-1932586,bulk,483840,3870720,48x72x140,Q,Q_sz3_b8,1.907351340146769e-06,6.646880767962401e-10,RuntimeError: hpez rc=-6 stderr='corrupted size vs. prev_size while consolidating\n' stdout='====================================== BEGIN TUNING ================================\nABS QoI eb: 1.90735e-06\n512 972 2 9.15929\nPointwise QoI eb rate: 2\n'
mp-1932586,bulk,483840,3870720,48x72x140,Q,Q_sz3_b8,1.907349507729722e-06,6.646874382218268e-10,RuntimeError: hpez rc=-6 stderr='corrupted size vs. prev_size while consolidating\n' stdout='====================================== BEGIN TUNING ================================\nABS QoI eb: 1.90735e-06\n512 972 2 9.15929\nPointwise QoI eb rate: 2\n'
mp-1932586,bulk,483840,3870720,48x72x140,Q,Q_sz3_b8,1.907349049625736e-06,6.646872785783195e-10,RuntimeError: hpez rc=-6 stderr='corrupted size vs. prev_size while consolidating\n' stdout='====================================== BEGIN TUNING ================================\nABS QoI eb: 1.90735e-06\n512 972 2 9.15929\nPointwise QoI eb rate: 2\n'
mp-1932586,bulk,483840,3870720,48x72x140,Q,Q_sz3_b8,1.9073488205737844e-06,6.646871987565804e-10,RuntimeError: hpez rc=-6 stderr='corrupted size vs. prev_size while consolidating\n' stdout='====================================== BEGIN TUNING ================================\nABS QoI eb: 1.90735e-06\n512 972 2 9.15929\nPointwise QoI eb rate: 2\n'
mp-1932586,bulk,483840,3870720,48x72x140,Q,Q_sz3_b8,1.9073487060478173e-06,6.646871588457139e-10,RuntimeError: hpez rc=-6 stderr='corrupted size vs. prev_size while consolidating\n' stdout='====================================== BEGIN TUNING ================================\nABS QoI eb: 1.90735e-06\n512 972 2 9.15929\nPointwise QoI eb rate: 2\n'
mp-1932586,bulk,483840,3870720,48x72x140,Q,Q_sz3_b8,1.907348648784838e-06,6.646871388902821e-10,RuntimeError: hpez rc=-6 stderr='corrupted size vs. prev_size while consolidating\n' stdout='====================================== BEGIN TUNING ================================\nABS QoI eb: 1.90735e-06\n512 972 2 9.15929\nPointwise QoI eb rate: 2\n'
mp-1932586,bulk,483840,3870720,48x72x140,Q,Q_sz3_b8,1.907348634469093e-06,6.646871339014241e-10,RuntimeError: hpez rc=-6 stderr='corrupted size vs. prev_size while consolidating\n' stdout='====================================== BEGIN TUNING ================================\nABS QoI eb: 1.90735e-06\n512 972 2 9.15929\nPointwise QoI eb rate: 2\n'
mp-1932586,bulk,483840,3870720,48x72x140,Q,Q_sz3_b16,0.0002869543484727,9.999999999999993e-08,RuntimeError: hpez rc=-6 stderr='corrupted double-linked list\n' stdout='====================================== BEGIN TUNING ================================\nABS QoI eb: 0.000286954\n4096 135 2 25.9064\nPointwise QoI eb rate: 2\n'
mp-1932586,bulk,483840,3870720,48x72x140,Q,Q_sz3_b16,5.102850095102431e-06,1.7782794100389226e-09,RuntimeError: hpez rc=-11 stderr='' stdout='====================================== BEGIN TUNING ================================\nABS QoI eb: 5.10285e-06\n4096 135 2 25.9064\nPointwise QoI eb rate: 2\n'
mp-1932586,bulk,483840,3870720,48x72x140,Q,Q_sz3_b16,3.083633892396712e-06,1.0746078283213175e-09,RuntimeError: hpez rc=-6 stderr='corrupted double-linked list\n' stdout='====================================== BEGIN TUNING ================================\nABS QoI eb: 3.08363e-06\n4096 135 2 25.9064\nPointwise QoI eb rate: 2\n'
mp-1932586,bulk,483840,3870720,48x72x140,Q,Q_sz3_b16,2.3971091540082826e-06,8.353625469578257e-10,RuntimeError: hpez rc=-6 stderr='double free or corruption (!prev)\n' stdout='====================================== BEGIN TUNING ================================\nABS QoI eb: 2.39711e-06\n4096 135 2 25.9064\nPointwise QoI eb rate: 2\n'
mp-1932586,bulk,483840,3870720,48x72x140,Q,Q_sz3_b16,2.113490550301816e-06,7.365250122712274e-10,RuntimeError: hpez rc=-6 stderr='corrupted size vs. prev_size while consolidating\n' stdout='====================================== BEGIN TUNING ================================\nABS QoI eb: 2.11349e-06\n4096 135 2 25.9064\nPointwise QoI eb rate: 2\n'
mp-1932586,bulk,483840,3870720,48x72x140,Q,Q_sz3_b16,1.9845249364385844e-06,6.915821094890888e-10,RuntimeError: hpez rc=-6 stderr='corrupted size vs. prev_size while consolidating\n' stdout='====================================== BEGIN TUNING ================================\nABS QoI eb: 1.98452e-06\n4096 135 2 25.9064\nPointwise QoI eb rate: 2\n'
mp-1932586,bulk,483840,3870720,48x72x140,Q,Q_sz3_b16,1.9230239157109542e-06,6.701497732812728e-10,RuntimeError: hpez rc=-6 stderr='malloc(): invalid size (unsorted)\n' stdout='====================================== BEGIN TUNING ================================\nABS QoI eb: 1.92302e-06\n4096 135 2 25.9064\nPointwise QoI eb rate: 2\n'
mp-1932586,bulk,483840,3870720,48x72x140,Q,Q_sz3_b16,1.907948801945931e-06,6.648962847576602e-10,RuntimeError: hpez rc=-6 stderr='corrupted size vs. prev_size while consolidating\n' stdout='====================================== BEGIN TUNING ================================\nABS QoI eb: 1.90795e-06\n4096 135 2 25.9064\nPointwise QoI eb rate: 2\n'
mp-1932586,bulk,483840,3870720,48x72x140,Q,Q_sz3_b16,1.907479613714705e-06,6.647327785296754e-10,RuntimeError: hpez rc=-6 stderr='corrupted size vs. prev_size while consolidating\n' stdout='====================================== BEGIN TUNING ================================\nABS QoI eb: 1.90748e-06\n4096 135 2 25.9064\nPointwise QoI eb rate: 2\n'
mp-1932586,bulk,483840,3870720,48x72x140,Q,Q_sz3_b16,1.9073623346860074e-06,6.646919082555981e-10,RuntimeError: hpez rc=-6 stderr='corrupted size vs. prev_size while consolidating\n' stdout='====================================== BEGIN TUNING ================================\nABS QoI eb: 1.90736e-06\n4096 135 2 25.9064\nPointwise QoI eb rate: 2\n'
mp-1932586,bulk,483840,3870720,48x72x140,Q,Q_sz3_b16,1.907355004986141e-06,6.646893539469057e-10,RuntimeError: hpez rc=-6 stderr='corrupted size vs. prev_size while consolidating\n' stdout='====================================== BEGIN TUNING ================================\nABS QoI eb: 1.90736e-06\n4096 135 2 25.9064\nPointwise QoI eb rate: 2\n'
mp-1932586,bulk,483840,3870720,48x72x140,Q,Q_sz3_b16,1.907351340146769e-06,6.646880767962401e-10,RuntimeError: hpez rc=-6 stderr='corrupted size vs. prev_size while consolidating\n' stdout='====================================== BEGIN TUNING ================================\nABS QoI eb: 1.90735e-06\n4096 135 2 25.9064\nPointwise QoI eb rate: 2\n'
mp-1932586,bulk,483840,3870720,48x72x140,Q,Q_sz3_b16,1.907349507729722e-06,6.646874382218268e-10,RuntimeError: hpez rc=-6 stderr='corrupted size vs. prev_size while consolidating\n' stdout='====================================== BEGIN TUNING ================================\nABS QoI eb: 1.90735e-06\n4096 135 2 25.9064\nPointwise QoI eb rate: 2\n'
mp-1932586,bulk,483840,3870720,48x72x140,Q,Q_sz3_b16,1.907349049625736e-06,6.646872785783195e-10,RuntimeError: hpez rc=-6 stderr='corrupted size vs. prev_size while consolidating\n' stdout='====================================== BEGIN TUNING ================================\nABS QoI eb: 1.90735e-06\n4096 135 2 25.9064\nPointwise QoI eb rate: 2\n'
mp-1932586,bulk,483840,3870720,48x72x140,Q,Q_sz3_b16,1.9073488205737844e-06,6.646871987565804e-10,RuntimeError: hpez rc=-6 stderr='corrupted size vs. prev_size while consolidating\n' stdout='====================================== BEGIN TUNING ================================\nABS QoI eb: 1.90735e-06\n4096 135 2 25.9064\nPointwise QoI eb rate: 2\n'
mp-1932586,bulk,483840,3870720,48x72x140,Q,Q_sz3_b16,1.9073487060478173e-06,6.646871588457139e-10,RuntimeError: hpez rc=-6 stderr='corrupted size vs. prev_size while consolidating\n' stdout='====================================== BEGIN TUNING ================================\nABS QoI eb: 1.90735e-06\n4096 135 2 25.9064\nPointwise QoI eb rate: 2\n'
mp-1932586,bulk,483840,3870720,48x72x140,Q,Q_sz3_b16,1.907348648784838e-06,6.646871388902821e-10,RuntimeError: hpez rc=-6 stderr='corrupted size vs. prev_size while consolidating\n' stdout='====================================== BEGIN TUNING ================================\nABS QoI eb: 1.90735e-06\n4096 135 2 25.9064\nPointwise QoI eb rate: 2\n'
mp-1932586,bulk,483840,3870720,48x72x140,Q,Q_sz3_b16,1.907348634469093e-06,6.646871339014241e-10,RuntimeError: hpez rc=-6 stderr='corrupted size vs. prev_size while consolidating\n' stdout='====================================== BEGIN TUNING ================================\nABS QoI eb: 1.90735e-06\n4096 135 2 25.9064\nPointwise QoI eb rate: 2\n'
mp-1934284,bulk,870912,6967296,72x108x112,Q,Q_hpez_b16,9.567990768362462e-08,3.162277660168369e-11,RuntimeError: hpez rc=-6 stderr='free(): invalid next size (normal)\n' stdout='====================================== BEGIN TUNING ================================\nABS QoI eb: 9.56799e-08\n4096 245 2 32.8294\nPointwise QoI eb rate: 4\nPredictor tuning started.\n'
mp-1934284,bulk,870912,6967296,72x108x112,Q,Q_hpez_b16,7.437821432972408e-08,2.458244068920188e-11,RuntimeError: hpez rc=-6 stderr='double free or corruption (out)\n' stdout='line = 0\n\tinterp best adj = 0\nLevel: 2\n\tinterp best interpAlgo = CUBIC\n\tinterp best interpParadigm = MD\n\tinterp best cubic spline = 0\n\tinterp best adj = 1\nLevel: 1\n\tinterp best interpAlgo = CUBIC\n\tinterp best interpParadigm = MD\n\tinterp best cubic spline = 0\n\tinterp best adj = 1\nB-M tuning started.\n'
mp-1934284,bulk,870912,6967296,72x108x112,Q,Q_hpez_b16,6.983964089360733e-08,2.3082415267613605e-11,RuntimeError: hpez rc=-6 stderr='free(): invalid next size (normal)\n' stdout='line = 0\n\tinterp best adj = 0\nLevel: 2\n\tinterp best interpAlgo = CUBIC\n\tinterp best interpParadigm = MD\n\tinterp best cubic spline = 0\n\tinterp best adj = 1\nLevel: 1\n\tinterp best interpAlgo = CUBIC\n\tinterp best interpParadigm = MD\n\tinterp best cubic spline = 0\n\tinterp best adj = 1\nB-M tuning started.\
mp-1934284,bulk,870912,6967296,72x108x112,Q,Q_hpez_b16,6.87489485003859e-08,2.2721934966921382e-11,RuntimeError: hpez rc=-6 stderr='corrupted double-linked list\n' stdout='line = 0\n\tinterp best adj = 0\nLevel: 2\n\tinterp best interpAlgo = CUBIC\n\tinterp best interpParadigm = MD\n\tinterp best cubic spline = 0\n\tinterp best adj = 1\nLevel: 1\n\tinterp best interpAlgo = CUBIC\n\tinterp best interpParadigm = MD\n\tinterp best cubic spline = 0\n\tinterp best adj = 1\nB-M tuning started.\n'
mp-1934284,bulk,870912,6967296,72x108x112,Q,Q_hpez_b16,6.861381511119388e-08,2.26772725808332e-11,RuntimeError: hpez rc=-6 stderr='munmap_chunk(): invalid pointer\n' stdout='line = 0\n\tinterp best adj = 0\nLevel: 2\n\tinterp best interpAlgo = CUBIC\n\tinterp best interpParadigm = MD\n\tinterp best cubic spline = 0\n\tinterp best adj = 1\nLevel: 1\n\tinterp best interpAlgo = CUBIC\n\tinterp best interpParadigm = MD\n\tinterp best cubic spline = 0\n\tinterp best adj = 1\nB-M tuning started.\n'
mp-1934284,bulk,870912,6967296,72x108x112,Q,Q_hpez_b16,6.854634805641053e-08,2.2654974319337776e-11,RuntimeError: hpez rc=-6 stderr='free(): invalid next size (normal)\n' stdout='line = 0\n\tinterp best adj = 0\nLevel: 2\n\tinterp best interpAlgo = CUBIC\n\tinterp best interpParadigm = MD\n\tinterp best cubic spline = 0\n\tinterp best adj = 1\nLevel: 1\n\tinterp best interpAlgo = CUBIC\n\tinterp best interpParadigm = MD\n\tinterp best cubic spline = 0\n\tinterp best adj = 1\nB-M tuning started.\
mp-1934284,bulk,870912,6967296,72x108x112,Q,Q_hpez_b16,6.85126394103951e-08,2.2643833412032397e-11,RuntimeError: hpez rc=-11 stderr='' stdout='line = 0\n\tinterp best adj = 0\nLevel: 2\n\tinterp best interpAlgo = CUBIC\n\tinterp best interpParadigm = MD\n\tinterp best cubic spline = 0\n\tinterp best adj = 1\nLevel: 1\n\tinterp best interpAlgo = CUBIC\n\tinterp best interpParadigm = MD\n\tinterp best cubic spline = 0\n\tinterp best adj = 1\nB-M tuning started.\n'
mp-1934284,bulk,870912,6967296,72x108x112,Q,Q_hpez_b16,6.850421483932023e-08,2.2641049041358184e-11,RuntimeError: hpez rc=-6 stderr='double free or corruption (out)\n' stdout='line = 0\n\tinterp best adj = 0\nLevel: 2\n\tinterp best interpAlgo = CUBIC\n\tinterp best interpParadigm = MD\n\tinterp best cubic spline = 0\n\tinterp best adj = 1\nLevel: 1\n\tinterp best interpAlgo = CUBIC\n\tinterp best interpParadigm = MD\n\tinterp best cubic spline = 0\n\tinterp best adj = 1\nB-M tuning started.\n'
mp-1934284,bulk,870912,6967296,72x108x112,Q,Q_hpez_b16,6.850419838609353e-08,2.264104360346924e-11,RuntimeError: hpez rc=-6 stderr='double free or corruption (out)\n' stdout='line = 0\n\tinterp best adj = 0\nLevel: 2\n\tinterp best interpAlgo = CUBIC\n\tinterp best interpParadigm = MD\n\tinterp best cubic spline = 0\n\tinterp best adj = 1\nLevel: 1\n\tinterp best interpAlgo = CUBIC\n\tinterp best interpParadigm = MD\n\tinterp best cubic spline = 0\n\tinterp best adj = 1\nB-M tuning started.\n'
mp-1934284,bulk,870912,6967296,72x108x112,Q,Q_hpez_b16,6.850419015948152e-08,2.2641040884525207e-11,RuntimeError: hpez rc=-6 stderr='double free or corruption (out)\n' stdout='line = 0\n\tinterp best adj = 0\nLevel: 2\n\tinterp best interpAlgo = CUBIC\n\tinterp best interpParadigm = MD\n\tinterp best cubic spline = 0\n\tinterp best adj = 1\nLevel: 1\n\tinterp best interpAlgo = CUBIC\n\tinterp best interpParadigm = MD\n\tinterp best cubic spline = 0\n\tinterp best adj = 1\nB-M tuning started.\n'
mp-1934284,bulk,870912,6967296,72x108x112,Q,Q_hpez_b16,6.850418810282875e-08,2.264104020478928e-11,RuntimeError: hpez rc=-6 stderr='munmap_chunk(): invalid pointer\n' stdout='line = 0\n\tinterp best adj = 0\nLevel: 2\n\tinterp best interpAlgo = CUBIC\n\tinterp best interpParadigm = MD\n\tinterp best cubic spline = 0\n\tinterp best adj = 1\nLevel: 1\n\tinterp best interpAlgo = CUBIC\n\tinterp best interpParadigm = MD\n\tinterp best cubic spline = 0\n\tinterp best adj = 1\nB-M tuning started.\n'
mp-1934284,bulk,870912,6967296,72x108x112,Q,Q_hpez_b16,6.850418707450239e-08,2.2641039864921317e-11,RuntimeError: hpez rc=-6 stderr='munmap_chunk(): invalid pointer\n' stdout='line = 0\n\tinterp best adj = 0\nLevel: 2\n\tinterp best interpAlgo = CUBIC\n\tinterp best interpParadigm = MD\n\tinterp best cubic spline = 0\n\tinterp best adj = 1\nLevel: 1\n\tinterp best interpAlgo = CUBIC\n\tinterp best interpParadigm = MD\n\tinterp best cubic spline = 0\n\tinterp best adj = 1\nB-M tuning started.\n'
mp-1934284,bulk,870912,6967296,72x108x112,Q,Q_hpez_b16,6.85041865603392e-08,2.264103969498734e-11,RuntimeError: hpez rc=-6 stderr='munmap_chunk(): invalid pointer\n' stdout='line = 0\n\tinterp best adj = 0\nLevel: 2\n\tinterp best interpAlgo = CUBIC\n\tinterp best interpParadigm = MD\n\tinterp best cubic spline = 0\n\tinterp best adj = 1\nLevel: 1\n\tinterp best interpAlgo = CUBIC\n\tinterp best interpParadigm = MD\n\tinterp best cubic spline = 0\n\tinterp best adj = 1\nB-M tuning started.\n'
mp-1934284,bulk,870912,6967296,72x108x112,Q,Q_hpez_b16,6.850418630325774e-08,2.2641039610020383e-11,RuntimeError: hpez rc=-6 stderr='munmap_chunk(): invalid pointer\n' stdout='line = 0\n\tinterp best adj = 0\nLevel: 2\n\tinterp best interpAlgo = CUBIC\n\tinterp best interpParadigm = MD\n\tinterp best cubic spline = 0\n\tinterp best adj = 1\nLevel: 1\n\tinterp best interpAlgo = CUBIC\n\tinterp best interpParadigm = MD\n\tinterp best cubic spline = 0\n\tinterp best adj = 1\nB-M tuning started.\n'
mp-1934284,bulk,870912,6967296,72x108x112,Q,Q_hpez_b16,6.85041862389873e-08,2.2641039588778627e-11,RuntimeError: hpez rc=-6 stderr='munmap_chunk(): invalid pointer\n' stdout='line = 0\n\tinterp best adj = 0\nLevel: 2\n\tinterp best interpAlgo = CUBIC\n\tinterp best interpParadigm = MD\n\tinterp best cubic spline = 0\n\tinterp best adj = 1\nLevel: 1\n\tinterp best interpAlgo = CUBIC\n\tinterp best interpParadigm = MD\n\tinterp best cubic spline = 0\n\tinterp best adj = 1\nB-M tuning started.\n'
mp-1934284,bulk,870912,6967296,72x108x112,Q,Q_sz3_b4,0.0003025664345948,9.999999999999989e-08,RuntimeError: hpez rc=-6 stderr='free(): invalid size\n' stdout='====================================== BEGIN TUNING ================================\nABS QoI eb: 0.000302566\n64 13608 2 3.2383\nPointwise QoI eb rate: 2\n'
mp-1934284,bulk,870912,6967296,72x108x112,Q,Q_sz3_b4,5.380476608089979e-06,1.778279410038919e-09,RuntimeError: hpez rc=-11 stderr='' stdout='====================================== BEGIN TUNING ================================\nABS QoI eb: 5.38048e-06\n64 13608 2 3.2383\nPointwise QoI eb rate: 2\n'
mp-1934284,bulk,870912,6967296,72x108x112,Q,Q_sz3_b4,7.174980872141409e-07,2.371373705661649e-10,RuntimeError: hpez rc=-6 stderr='corrupted size vs. prev_size while consolidating\n' stdout='====================================== BEGIN TUNING ================================\nABS QoI eb: 7.17498e-07\n64 13608 2 3.2383\nPointwise QoI eb rate: 2\n'
mp-1934284,bulk,870912,6967296,72x108x112,Q,Q_sz3_b4,5.57757922263485e-07,1.8434229924091074e-10,RuntimeError: hpez rc=-6 stderr='malloc(): invalid size (unsorted)\n' stdout='====================================== BEGIN TUNING ================================\nABS QoI eb: 5.57758e-07\n64 13608 2 3.2383\nPointwise QoI eb rate: 2\n'
mp-1934284,bulk,870912,6967296,72x108x112,Q,Q_sz3_b4,4.917657154196397e-07,1.6253148373118614e-10,RuntimeError: hpez rc=-6 stderr='corrupted double-linked list\n' stdout='====================================== BEGIN TUNING ================================\nABS QoI eb: 4.91766e-07\n64 13608 2 3.2383\nPointwise QoI eb rate: 2\n'
mp-1934284,bulk,870912,6967296,72x108x112,Q,Q_sz3_b4,4.617580736268112e-07,1.5261378025789598e-10,RuntimeError: hpez rc=-6 stderr='free(): invalid next size (normal)\n' stdout='====================================== BEGIN TUNING ================================\nABS QoI eb: 4.61758e-07\n64 13608 2 3.2383\nPointwise QoI eb rate: 2\n'
mp-1934284,bulk,870912,6967296,72x108x112,Q,Q_sz3_b4,4.581382249941591e-07,1.5141739882930206e-10,RuntimeError: hpez rc=-6 stderr='corrupted size vs. prev_size in fastbins\n' stdout='====================================== BEGIN TUNING ================================\nABS QoI eb: 4.58138e-07\n64 13608 2 3.2383\nPointwise QoI eb rate: 2\n'
mp-1934284,bulk,870912,6967296,72x108x112,Q,Q_sz3_b4,4.5633895599346333e-07,1.5082272975997694e-10,RuntimeError: hpez rc=-6 stderr='corrupted size vs. prev_size while consolidating\n' stdout='====================================== BEGIN TUNING ================================\nABS QoI eb: 4.56339e-07\n64 13608 2 3.2383\nPointwise QoI eb rate: 2\n'
mp-1934284,bulk,870912,6967296,72x108x112,Q,Q_sz3_b4,4.562267365946082e-07,1.507856405835105e-10,RuntimeError: hpez rc=-6 stderr='corrupted size vs. prev_size in fastbins\n' stdout='====================================== BEGIN TUNING ================================\nABS QoI eb: 4.56227e-07\n64 13608 2 3.2383\nPointwise QoI eb rate: 2\n'
mp-1934284,bulk,870912,6967296,72x108x112,Q,Q_sz3_b4,4.5617063724415685e-07,1.507670994156752e-10,RuntimeError: hpez rc=-6 stderr='corrupted size vs. prev_size while consolidating\n' stdout='====================================== BEGIN TUNING ================================\nABS QoI eb: 4.56171e-07\n64 13608 2 3.2383\nPointwise QoI eb rate: 2\n'
mp-1934284,bulk,870912,6967296,72x108x112,Q,Q_sz3_b4,4.561688842506127e-07,1.5076652004091858e-10,RuntimeError: hpez rc=-6 stderr='free(): invalid next size (normal)\n' stdout='====================================== BEGIN TUNING ================================\nABS QoI eb: 4.56169e-07\n64 13608 2 3.2383\nPointwise QoI eb rate: 2\n'
mp-1934284,bulk,870912,6967296,72x108x112,Q,Q_sz3_b4,4.561688825387083e-07,1.5076651947512404e-10,RuntimeError: hpez rc=-6 stderr='free(): invalid next size (normal)\n' stdout='====================================== BEGIN TUNING ================================\nABS QoI eb: 4.56169e-07\n64 13608 2 3.2383\nPointwise QoI eb rate: 2\n'
mp-1934284,bulk,870912,6967296,72x108x112,Q,Q_sz3_b4,4.561688816827565e-07,1.5076651919222687e-10,RuntimeError: hpez rc=-6 stderr='free(): invalid next size (normal)\n' stdout='====================================== BEGIN TUNING ================================\nABS QoI eb: 4.56169e-07\n64 13608 2 3.2383\nPointwise QoI eb rate: 2\n'
mp-1934284,bulk,870912,6967296,72x108x112,Q,Q_sz3_b4,4.561688812547802e-07,1.507665190507782e-10,RuntimeError: hpez rc=-6 stderr='free(): invalid next size (normal)\n' stdout='====================================== BEGIN TUNING ================================\nABS QoI eb: 4.56169e-07\n64 13608 2 3.2383\nPointwise QoI eb rate: 2\n'
mp-1934284,bulk,870912,6967296,72x108x112,Q,Q_sz3_b8,0.0003025664345948,9.999999999999989e-08,RuntimeError: hpez rc=-6 stderr='free(): invalid size\n' stdout='====================================== BEGIN TUNING ================================\nABS QoI eb: 0.000302566\n512 1764 2 9.15929\nPointwise QoI eb rate: 2\n'
mp-1934284,bulk,870912,6967296,72x108x112,Q,Q_sz3_b8,5.380476608089979e-06,1.778279410038919e-09,RuntimeError: hpez rc=-11 stderr='' stdout='====================================== BEGIN TUNING ================================\nABS QoI eb: 5.38048e-06\n512 1764 2 9.15929\nPointwise QoI eb rate: 2\n'
mp-1934284,bulk,870912,6967296,72x108x112,Q,Q_sz3_b8,7.174980872141409e-07,2.371373705661649e-10,RuntimeError: hpez rc=-6 stderr='corrupted size vs. prev_size while consolidating\n' stdout='====================================== BEGIN TUNING ================================\nABS QoI eb: 7.17498e-07\n512 1764 2 9.15929\nPointwise QoI eb rate: 2\n'
mp-1934284,bulk,870912,6967296,72x108x112,Q,Q_sz3_b8,5.57757922263485e-07,1.8434229924091074e-10,RuntimeError: hpez rc=-6 stderr='malloc(): invalid size (unsorted)\n' stdout='====================================== BEGIN TUNING ================================\nABS QoI eb: 5.57758e-07\n512 1764 2 9.15929\nPointwise QoI eb rate: 2\n'
mp-1934284,bulk,870912,6967296,72x108x112,Q,Q_sz3_b8,4.917657154196397e-07,1.6253148373118614e-10,RuntimeError: hpez rc=-6 stderr='corrupted double-linked list\n' stdout='====================================== BEGIN TUNING ================================\nABS QoI eb: 4.91766e-07\n512 1764 2 9.15929\nPointwise QoI eb rate: 2\n'
mp-1934284,bulk,870912,6967296,72x108x112,Q,Q_sz3_b8,4.617580736268112e-07,1.5261378025789598e-10,RuntimeError: hpez rc=-6 stderr='free(): invalid next size (normal)\n' stdout='====================================== BEGIN TUNING ================================\nABS QoI eb: 4.61758e-07\n512 1764 2 9.15929\nPointwise QoI eb rate: 2\n'
mp-1934284,bulk,870912,6967296,72x108x112,Q,Q_sz3_b8,4.581382249941591e-07,1.5141739882930206e-10,RuntimeError: hpez rc=-6 stderr='corrupted size vs. prev_size in fastbins\n' stdout='====================================== BEGIN TUNING ================================\nABS QoI eb: 4.58138e-07\n512 1764 2 9.15929\nPointwise QoI eb rate: 2\n'
mp-1934284,bulk,870912,6967296,72x108x112,Q,Q_sz3_b8,4.5633895599346333e-07,1.5082272975997694e-10,RuntimeError: hpez rc=-6 stderr='corrupted size vs. prev_size while consolidating\n' stdout='====================================== BEGIN TUNING ================================\nABS QoI eb: 4.56339e-07\n512 1764 2 9.15929\nPointwise QoI eb rate: 2\n'
mp-1934284,bulk,870912,6967296,72x108x112,Q,Q_sz3_b8,4.562267365946082e-07,1.507856405835105e-10,RuntimeError: hpez rc=-6 stderr='corrupted size vs. prev_size in fastbins\n' stdout='====================================== BEGIN TUNING ================================\nABS QoI eb: 4.56227e-07\n512 1764 2 9.15929\nPointwise QoI eb rate: 2\n'
mp-1934284,bulk,870912,6967296,72x108x112,Q,Q_sz3_b8,4.5617063724415685e-07,1.507670994156752e-10,RuntimeError: hpez rc=-6 stderr='corrupted size vs. prev_size while consolidating\n' stdout='====================================== BEGIN TUNING ================================\nABS QoI eb: 4.56171e-07\n512 1764 2 9.15929\nPointwise QoI eb rate: 2\n'
mp-1934284,bulk,870912,6967296,72x108x112,Q,Q_sz3_b8,4.561688842506127e-07,1.5076652004091858e-10,RuntimeError: hpez rc=-6 stderr='free(): invalid next size (normal)\n' stdout='====================================== BEGIN TUNING ================================\nABS QoI eb: 4.56169e-07\n512 1764 2 9.15929\nPointwise QoI eb rate: 2\n'
mp-1934284,bulk,870912,6967296,72x108x112,Q,Q_sz3_b8,4.561688825387083e-07,1.5076651947512404e-10,RuntimeError: hpez rc=-6 stderr='free(): invalid next size (normal)\n' stdout='====================================== BEGIN TUNING ================================\nABS QoI eb: 4.56169e-07\n512 1764 2 9.15929\nPointwise QoI eb rate: 2\n'
mp-1934284,bulk,870912,6967296,72x108x112,Q,Q_sz3_b8,4.561688816827565e-07,1.5076651919222687e-10,RuntimeError: hpez rc=-6 stderr='free(): invalid next size (normal)\n' stdout='====================================== BEGIN TUNING ================================\nABS QoI eb: 4.56169e-07\n512 1764 2 9.15929\nPointwise QoI eb rate: 2\n'
mp-1934284,bulk,870912,6967296,72x108x112,Q,Q_sz3_b8,4.561688812547802e-07,1.507665190507782e-10,RuntimeError: hpez rc=-6 stderr='free(): invalid next size (normal)\n' stdout='====================================== BEGIN TUNING ================================\nABS QoI eb: 4.56169e-07\n512 1764 2 9.15929\nPointwise QoI eb rate: 2\n'
mp-1934284,bulk,870912,6967296,72x108x112,Q,Q_sz3_b16,0.0003025664345948,9.999999999999989e-08,RuntimeError: hpez rc=-11 stderr='' stdout='====================================== BEGIN TUNING ================================\nABS QoI eb: 0.000302566\n4096 245 2 25.9064\nPointwise QoI eb rate: 2\n'
mp-1934284,bulk,870912,6967296,72x108x112,Q,Q_sz3_b16,5.380476608089979e-06,1.778279410038919e-09,RuntimeError: hpez rc=-11 stderr='' stdout='====================================== BEGIN TUNING ================================\nABS QoI eb: 5.38048e-06\n4096 245 2 25.9064\nPointwise QoI eb rate: 2\n'
mp-1934284,bulk,870912,6967296,72x108x112,Q,Q_sz3_b16,7.174980872141409e-07,2.371373705661649e-10,RuntimeError: hpez rc=-6 stderr='corrupted size vs. prev_size while consolidating\n' stdout='====================================== BEGIN TUNING ================================\nABS QoI eb: 7.17498e-07\n4096 245 2 25.9064\nPointwise QoI eb rate: 2\n'
mp-1934284,bulk,870912,6967296,72x108x112,Q,Q_sz3_b16,5.57757922263485e-07,1.8434229924091074e-10,RuntimeError: hpez rc=-6 stderr='malloc(): invalid size (unsorted)\n' stdout='====================================== BEGIN TUNING ================================\nABS QoI eb: 5.57758e-07\n4096 245 2 25.9064\nPointwise QoI eb rate: 2\n'
mp-1934284,bulk,870912,6967296,72x108x112,Q,Q_sz3_b16,4.917657154196397e-07,1.6253148373118614e-10,RuntimeError: hpez rc=-6 stderr='corrupted double-linked list\n' stdout='====================================== BEGIN TUNING ================================\nABS QoI eb: 4.91766e-07\n4096 245 2 25.9064\nPointwise QoI eb rate: 2\n'
mp-1934284,bulk,870912,6967296,72x108x112,Q,Q_sz3_b16,4.617580736268112e-07,1.5261378025789598e-10,RuntimeError: hpez rc=-6 stderr='free(): invalid next size (normal)\n' stdout='====================================== BEGIN TUNING ================================\nABS QoI eb: 4.61758e-07\n4096 245 2 25.9064\nPointwise QoI eb rate: 2\n'
mp-1934284,bulk,870912,6967296,72x108x112,Q,Q_sz3_b16,4.581382249941591e-07,1.5141739882930206e-10,RuntimeError: hpez rc=-6 stderr='corrupted size vs. prev_size in fastbins\n' stdout='====================================== BEGIN TUNING ================================\nABS QoI eb: 4.58138e-07\n4096 245 2 25.9064\nPointwise QoI eb rate: 2\n'
mp-1934284,bulk,870912,6967296,72x108x112,Q,Q_sz3_b16,4.5633895599346333e-07,1.5082272975997694e-10,RuntimeError: hpez rc=-6 stderr='corrupted size vs. prev_size while consolidating\n' stdout='====================================== BEGIN TUNING ================================\nABS QoI eb: 4.56339e-07\n4096 245 2 25.9064\nPointwise QoI eb rate: 2\n'
mp-1934284,bulk,870912,6967296,72x108x112,Q,Q_sz3_b16,4.562267365946082e-07,1.507856405835105e-10,RuntimeError: hpez rc=-6 stderr='corrupted size vs. prev_size in fastbins\n' stdout='====================================== BEGIN TUNING ================================\nABS QoI eb: 4.56227e-07\n4096 245 2 25.9064\nPointwise QoI eb rate: 2\n'
mp-1934284,bulk,870912,6967296,72x108x112,Q,Q_sz3_b16,4.5617063724415685e-07,1.507670994156752e-10,RuntimeError: hpez rc=-6 stderr='corrupted size vs. prev_size while consolidating\n' stdout='====================================== BEGIN TUNING ================================\nABS QoI eb: 4.56171e-07\n4096 245 2 25.9064\nPointwise QoI eb rate: 2\n'
mp-1934284,bulk,870912,6967296,72x108x112,Q,Q_sz3_b16,4.561688842506127e-07,1.5076652004091858e-10,RuntimeError: hpez rc=-6 stderr='free(): invalid next size (normal)\n' stdout='====================================== BEGIN TUNING ================================\nABS QoI eb: 4.56169e-07\n4096 245 2 25.9064\nPointwise QoI eb rate: 2\n'
mp-1934284,bulk,870912,6967296,72x108x112,Q,Q_sz3_b16,4.561688825387083e-07,1.5076651947512404e-10,RuntimeError: hpez rc=-6 stderr='free(): invalid next size (normal)\n' stdout='====================================== BEGIN TUNING ================================\nABS QoI eb: 4.56169e-07\n4096 245 2 25.9064\nPointwise QoI eb rate: 2\n'
mp-1934284,bulk,870912,6967296,72x108x112,Q,Q_sz3_b16,4.561688816827565e-07,1.5076651919222687e-10,RuntimeError: hpez rc=-6 stderr='free(): invalid next size (normal)\n' stdout='====================================== BEGIN TUNING ================================\nABS QoI eb: 4.56169e-07\n4096 245 2 25.9064\nPointwise QoI eb rate: 2\n'
mp-1934284,bulk,870912,6967296,72x108x112,Q,Q_sz3_b16,4.561688812547802e-07,1.507665190507782e-10,RuntimeError: hpez rc=-6 stderr='free(): invalid next size (normal)\n' stdout='====================================== BEGIN TUNING ================================\nABS QoI eb: 4.56169e-07\n4096 245 2 25.9064\nPointwise QoI eb rate: 2\n'
mp-2215963,bulk,691200,5529600,64x100x108,Q,Q_hpez_b4,1.1715298663077349e-07,3.1622776601683775e-11,RuntimeError: hpez rc=-6 stderr='double free or corruption (!prev)\n' stdout='====================================== BEGIN TUNING ================================\nABS QoI eb: 1.17153e-07\n64 10800 2 4.10367\nPointwise QoI eb rate: 2\nPredictor tuning started.\n'
mp-2215963,bulk,691200,5529600,64x100x108,Q,Q_hpez_b4,7.079512692659267e-08,1.9109529749704397e-11,RuntimeError: hpez rc=-6 stderr='double free or corruption (!prev)\n' stdout='====================================== BEGIN TUNING ================================\nABS QoI eb: 7.07951e-08\n64 10800 2 4.10367\nPointwise QoI eb rate: 2\nPredictor tuning started.\n'
mp-2215963,bulk,691200,5529600,64x100x108,Q,Q_hpez_b4,6.647519419667849e-08,1.7943462442492498e-11,RuntimeError: hpez rc=-6 stderr='free(): invalid next size (normal)\n' stdout='====================================== BEGIN TUNING ================================\nABS QoI eb: 6.64752e-08\n64 10800 2 4.10367\nPointwise QoI eb rate: 2\nPredictor tuning started.\n'
mp-2215963,bulk,691200,5529600,64x100x108,Q,Q_hpez_b4,6.441510806669505e-08,1.7387389180152114e-11,RuntimeError: hpez rc=-6 stderr='double free or corruption (!prev)\n' stdout='====================================== BEGIN TUNING ================================\nABS QoI eb: 6.44151e-08\n64 10800 2 4.10367\nPointwise QoI eb rate: 2\nPredictor tuning started.\n'
mp-2215963,bulk,691200,5529600,64x100x108,Q,Q_hpez_b4,6.441486052934958e-08,1.7387322363091773e-11,RuntimeError: hpez rc=-6 stderr='free(): invalid next size (normal)\n' stdout='====================================== BEGIN TUNING ================================\nABS QoI eb: 6.44149e-08\n64 10800 2 4.10367\nPointwise QoI eb rate: 2\nPredictor tuning started.\n'
mp-2215963,bulk,691200,5529600,64x100x108,Q,Q_hpez_b4,6.441482958724806e-08,1.7387314010977228e-11,RuntimeError: hpez rc=-6 stderr='double free or corruption (!prev)\n' stdout='====================================== BEGIN TUNING ================================\nABS QoI eb: 6.44148e-08\n64 10800 2 4.10367\nPointwise QoI eb rate: 2\nPredictor tuning started.\n'
mp-2215963,bulk,691200,5529600,64x100x108,Q,Q_hpez_b4,6.4414814116203e-08,1.7387309834921496e-11,RuntimeError: hpez rc=-6 stderr='double free or corruption (!prev)\n' stdout='====================================== BEGIN TUNING ================================\nABS QoI eb: 6.44148e-08\n64 10800 2 4.10367\nPointwise QoI eb rate: 2\nPredictor tuning started.\n'
mp-2215963,bulk,691200,5529600,64x100x108,Q,Q_hpez_b4,6.441480638068176e-08,1.7387307746893968e-11,RuntimeError: hpez rc=-6 stderr='double free or corruption (!prev)\n' stdout='====================================== BEGIN TUNING ================================\nABS QoI eb: 6.44148e-08\n64 10800 2 4.10367\nPointwise QoI eb rate: 2\nPredictor tuning started.\n'
mp-2215963,bulk,691200,5529600,64x100x108,Q,Q_hpez_b4,6.441480251292159e-08,1.7387306702880337e-11,RuntimeError: hpez rc=-6 stderr='double free or corruption (!prev)\n' stdout='====================================== BEGIN TUNING ================================\nABS QoI eb: 6.44148e-08\n64 10800 2 4.10367\nPointwise QoI eb rate: 2\nPredictor tuning started.\n'
mp-2215963,bulk,691200,5529600,64x100x108,Q,Q_hpez_b4,6.44148005790416e-08,1.7387306180873542e-11,RuntimeError: hpez rc=-6 stderr='double free or corruption (!prev)\n' stdout='====================================== BEGIN TUNING ================================\nABS QoI eb: 6.44148e-08\n64 10800 2 4.10367\nPointwise QoI eb rate: 2\nPredictor tuning started.\n'
mp-2215963,bulk,691200,5529600,64x100x108,Q,Q_hpez_b4,6.441479961210162e-08,1.7387305919870148e-11,RuntimeError: hpez rc=-6 stderr='double free or corruption (!prev)\n' stdout='====================================== BEGIN TUNING ================================\nABS QoI eb: 6.44148e-08\n64 10800 2 4.10367\nPointwise QoI eb rate: 2\nPredictor tuning started.\n'
mp-2215963,bulk,691200,5529600,64x100x108,Q,Q_hpez_b4,6.441479955166784e-08,1.738730590355743e-11,RuntimeError: hpez rc=-6 stderr='double free or corruption (!prev)\n' stdout='====================================== BEGIN TUNING ================================\nABS QoI eb: 6.44148e-08\n64 10800 2 4.10367\nPointwise QoI eb rate: 2\nPredictor tuning started.\n'
mp-2215963,bulk,691200,5529600,64x100x108,Q,Q_hpez_b8,1.1715298663077349e-07,3.1622776601683775e-11,RuntimeError: hpez rc=-6 stderr='free(): invalid next size (normal)\n' stdout='====================================== BEGIN TUNING ================================\nABS QoI eb: 1.17153e-07\n512 1456 2 11.6069\nPointwise QoI eb rate: 3\nPredictor tuning started.\n'
mp-2215963,bulk,691200,5529600,64x100x108,Q,Q_hpez_b8,7.079512692659267e-08,1.9109529749704397e-11,RuntimeError: hpez rc=-6 stderr='double free or corruption (!prev)\n' stdout='====================================== BEGIN TUNING ================================\nABS QoI eb: 7.07951e-08\n512 1456 2 11.6069\nPointwise QoI eb rate: 3\nPredictor tuning started.\n'
mp-2215963,bulk,691200,5529600,64x100x108,Q,Q_hpez_b8,5.5033655984048654e-08,1.4855080171727737e-11,RuntimeError: hpez rc=-6 stderr='free(): invalid next size (normal)\n' stdout='====================================== BEGIN TUNING ================================\nABS QoI eb: 5.50337e-08\n512 1456 2 11.6069\nPointwise QoI eb rate: 3\nPredictor tuning started.\n'
mp-2215963,bulk,691200,5529600,64x100x108,Q,Q_hpez_b8,4.852224258388774e-08,1.309747264300588e-11,RuntimeError: hpez rc=-6 stderr='free(): invalid next size (normal)\n' stdout='====================================== BEGIN TUNING ================================\nABS QoI eb: 4.85222e-08\n512 1456 2 11.6069\nPointwise QoI eb rate: 3\nPredictor tuning started.\n'
mp-2215963,bulk,691200,5529600,64x100x108,Q,Q_hpez_b8,4.5561405687806873e-08,1.229826225655728e-11,RuntimeError: hpez rc=-6 stderr='free(): invalid next size (normal)\n' stdout='====================================== BEGIN TUNING ================================\nABS QoI eb: 4.55614e-08\n512 1456 2 11.6069\nPointwise QoI eb rate: 3\nPredictor tuning started.\n'
mp-2215963,bulk,691200,5529600,64x100x108,Q,Q_hpez_b8,4.4149444112451614e-08,1.1917135434683389e-11,RuntimeError: hpez rc=-6 stderr='free(): invalid next size (normal)\n' stdout='====================================== BEGIN TUNING ================================\nABS QoI eb: 4.41494e-08\n512 1456 2 11.6069\nPointwise QoI eb rate: 3\nPredictor tuning started.\n'
mp-2215963,bulk,691200,5529600,64x100x108,Q,Q_hpez_b8,4.345995799479299e-08,1.1731024383691596e-11,RuntimeError: hpez rc=-6 stderr='free(): invalid next size (normal)\n' stdout='====================================== BEGIN TUNING ================================\nABS QoI eb: 4.346e-08\n512 1456 2 11.6069\nPointwise QoI eb rate: 3\nPredictor tuning started.\n'
mp-2215963,bulk,691200,5529600,64x100x108,Q,Q_hpez_b8,4.3374532813083535e-08,1.1707965804349779e-11,RuntimeError: hpez rc=-6 stderr='double free or corruption (!prev)\n' stdout='====================================== BEGIN TUNING ================================\nABS QoI eb: 4.33745e-08\n512 1456 2 11.6069\nPointwise QoI eb rate: 3\nPredictor tuning started.\n'
mp-2215963,bulk,691200,5529600,64x100x108,Q,Q_hpez_b8,4.3373866090313424e-08,1.1707785837745252e-11,RuntimeError: hpez rc=-6 stderr='free(): invalid next size (normal)\n' stdout='====================================== BEGIN TUNING ================================\nABS QoI eb: 4.33739e-08\n512 1456 2 11.6069\nPointwise QoI eb rate: 3\nPredictor tuning started.\n'
mp-2215963,bulk,691200,5529600,64x100x108,Q,Q_hpez_b8,4.3373532732771457e-08,1.170769585548034e-11,RuntimeError: hpez rc=-6 stderr='double free or corruption (!prev)\n' stdout='====================================== BEGIN TUNING ================================\nABS QoI eb: 4.33735e-08\n512 1456 2 11.6069\nPointwise QoI eb rate: 3\nPredictor tuning started.\n'
mp-2215963,bulk,691200,5529600,64x100x108,Q,Q_hpez_b8,4.3373366054961246e-08,1.1707650864607225e-11,RuntimeError: hpez rc=-6 stderr='free(): invalid next size (normal)\n' stdout='====================================== BEGIN TUNING ================================\nABS QoI eb: 4.33734e-08\n512 1456 2 11.6069\nPointwise QoI eb rate: 3\nPredictor tuning started.\n'
mp-2215963,bulk,691200,5529600,64x100x108,Q,Q_hpez_b8,4.337328271629626e-08,1.170762836923548e-11,RuntimeError: hpez rc=-6 stderr='double free or corruption (!prev)\n' stdout='====================================== BEGIN TUNING ================================\nABS QoI eb: 4.33733e-08\n512 1456 2 11.6069\nPointwise QoI eb rate: 3\nPredictor tuning started.\n'
mp-2215963,bulk,691200,5529600,64x100x108,Q,Q_hpez_b8,4.3373241047023896e-08,1.170761712156584e-11,RuntimeError: hpez rc=-6 stderr='double free or corruption (!prev)\n' stdout='====================================== BEGIN TUNING ================================\nABS QoI eb: 4.33732e-08\n512 1456 2 11.6069\nPointwise QoI eb rate: 3\nPredictor tuning started.\n'
mp-2215963,bulk,691200,5529600,64x100x108,Q,Q_hpez_b8,4.337322021240272e-08,1.170761149773507e-11,RuntimeError: hpez rc=-6 stderr='free(): invalid next size (normal)\n' stdout='====================================== BEGIN TUNING ================================\nABS QoI eb: 4.33732e-08\n512 1456 2 11.6069\nPointwise QoI eb rate: 3\nPredictor tuning started.\n'
mp-2215963,bulk,691200,5529600,64x100x108,Q,Q_hpez_b8,4.3373219886861854e-08,1.1707611409862738e-11,RuntimeError: hpez rc=-6 stderr='free(): invalid next size (normal)\n' stdout='====================================== BEGIN TUNING ================================\nABS QoI eb: 4.33732e-08\n512 1456 2 11.6069\nPointwise QoI eb rate: 3\nPredictor tuning started.\n'
mp-2215963,bulk,691200,5529600,64x100x108,Q,Q_hpez_b8,4.3373219846169226e-08,1.1707611398878687e-11,RuntimeError: hpez rc=-6 stderr='free(): invalid next size (normal)\n' stdout='====================================== BEGIN TUNING ================================\nABS QoI eb: 4.33732e-08\n512 1456 2 11.6069\nPointwise QoI eb rate: 3\nPredictor tuning started.\n'
mp-2215963,bulk,691200,5529600,64x100x108,Q,Q_sz3_b4,0.0003704702724444,9.999999999999998e-08,RuntimeError: hpez rc=-6 stderr='double free or corruption (!prev)\n' stdout='====================================== BEGIN TUNING ================================\nABS QoI eb: 0.00037047\n64 10800 2 3.2383\nPointwise QoI eb rate: 2\n'
mp-2215963,bulk,691200,5529600,64x100x108,Q,Q_sz3_b4,6.587996575195637e-06,1.7782794100389205e-09,RuntimeError: hpez rc=-11 stderr='' stdout='====================================== BEGIN TUNING ================================\nABS QoI eb: 6.588e-06\n64 10800 2 3.2383\nPointwise QoI eb rate: 2\n'
mp-2215963,bulk,691200,5529600,64x100x108,Q,Q_sz3_b4,8.78523462804197e-07,2.3713737056616547e-10,RuntimeError: hpez rc=-6 stderr='munmap_chunk(): invalid pointer\n' stdout='====================================== BEGIN TUNING ================================\nABS QoI eb: 8.78523e-07\n64 10800 2 3.2383\nPointwise QoI eb rate: 2\n'
mp-2215963,bulk,691200,5529600,64x100x108,Q,Q_sz3_b4,5.30888557312081e-07,1.433012570236963e-10,RuntimeError: hpez rc=-6 stderr='corrupted size vs. prev_size in fastbins\n' stdout='====================================== BEGIN TUNING ================================\nABS QoI eb: 5.30889e-07\n64 10800 2 3.2383\nPointwise QoI eb rate: 2\n'
mp-2215963,bulk,691200,5529600,64x100x108,Q,Q_sz3_b4,4.984936319233961e-07,1.3455698580999512e-10,RuntimeError: hpez rc=-6 stderr='corrupted double-linked list\n' stdout='====================================== BEGIN TUNING ================================\nABS QoI eb: 4.98494e-07\n64 10800 2 3.2383\nPointwise QoI eb rate: 2\n'
mp-2215963,bulk,691200,5529600,64x100x108,Q,Q_sz3_b4,4.830451653273908e-07,1.303870246160589e-10,RuntimeError: hpez rc=-6 stderr='corrupted size vs. prev_size in fastbins\n' stdout='====================================== BEGIN TUNING ================================\nABS QoI eb: 4.83045e-07\n64 10800 2 3.2383\nPointwise QoI eb rate: 2\n'
mp-2215963,bulk,691200,5529600,64x100x108,Q,Q_sz3_b4,4.792584413238766e-07,1.2936488484259534e-10,RuntimeError: hpez rc=-6 stderr='corrupted size vs. prev_size in fastbins\n' stdout='====================================== BEGIN TUNING ================================\nABS QoI eb: 4.79258e-07\n64 10800 2 3.2383\nPointwise QoI eb rate: 2\n'
mp-2215963,bulk,691200,5529600,64x100x108,Q,Q_sz3_b4,4.77376225848826e-07,1.2885682370650713e-10,RuntimeError: hpez rc=-6 stderr='corrupted size vs. prev_size in fastbins\n' stdout='====================================== BEGIN TUNING ================================\nABS QoI eb: 4.77376e-07\n64 10800 2 3.2383\nPointwise QoI eb rate: 2\n'
mp-2215963,bulk,691200,5529600,64x100x108,Q,Q_sz3_b4,4.769068281345414e-07,1.2873012050001568e-10,RuntimeError: hpez rc=-11 stderr='' stdout='====================================== BEGIN TUNING ================================\nABS QoI eb: 4.76907e-07\n64 10800 2 3.2383\nPointwise QoI eb rate: 2\n'
mp-2215963,bulk,691200,5529600,64x100x108,Q,Q_sz3_b4,4.768481858824806e-07,1.2871429136164144e-10,RuntimeError: hpez rc=-6 stderr='corrupted size vs. prev_size in fastbins\n' stdout='====================================== BEGIN TUNING ================================\nABS QoI eb: 4.76848e-07\n64 10800 2 3.2383\nPointwise QoI eb rate: 2\n'
mp-2215963,bulk,691200,5529600,64x100x108,Q,Q_sz3_b4,4.768408561080055e-07,1.2871231285620651e-10,RuntimeError: hpez rc=-6 stderr='corrupted size vs. prev_size in fastbins\n' stdout='====================================== BEGIN TUNING ================================\nABS QoI eb: 4.76841e-07\n64 10800 2 3.2383\nPointwise QoI eb rate: 2\n'
mp-2215963,bulk,691200,5529600,64x100x108,Q,Q_sz3_b4,4.768371912630186e-07,1.2871132361489366e-10,RuntimeError: hpez rc=-6 stderr='double free or corruption (out)\n' stdout='====================================== BEGIN TUNING ================================\nABS QoI eb: 4.76837e-07\n64 10800 2 3.2383\nPointwise QoI eb rate: 2\n'
mp-2215963,bulk,691200,5529600,64x100x108,Q,Q_sz3_b4,4.768371626315284e-07,1.2871131588647595e-10,RuntimeError: hpez rc=-6 stderr='double free or corruption (out)\n' stdout='====================================== BEGIN TUNING ================================\nABS QoI eb: 4.76837e-07\n64 10800 2 3.2383\nPointwise QoI eb rate: 2\n'
mp-2215963,bulk,691200,5529600,64x100x108,Q,Q_sz3_b4,4.768371590525923e-07,1.2871131492042376e-10,RuntimeError: hpez rc=-6 stderr='double free or corruption (out)\n' stdout='====================================== BEGIN TUNING ================================\nABS QoI eb: 4.76837e-07\n64 10800 2 3.2383\nPointwise QoI eb rate: 2\n'
mp-2215963,bulk,691200,5529600,64x100x108,Q,Q_sz3_b4,4.768371586052251e-07,1.287113147996672e-10,RuntimeError: hpez rc=-6 stderr='double free or corruption (out)\n' stdout='====================================== BEGIN TUNING ================================\nABS QoI eb: 4.76837e-07\n64 10800 2 3.2383\nPointwise QoI eb rate: 2\n'
mp-2215963,bulk,691200,5529600,64x100x108,Q,Q_sz3_b8,0.0003704702724444,9.999999999999998e-08,RuntimeError: hpez rc=-6 stderr='double free or corruption (!prev)\n' stdout='====================================== BEGIN TUNING ================================\nABS QoI eb: 0.00037047\n512 1456 2 9.15929\nPointwise QoI eb rate: 2\n'
mp-2215963,bulk,691200,5529600,64x100x108,Q,Q_sz3_b8,6.587996575195637e-06,1.7782794100389205e-09,RuntimeError: hpez rc=-11 stderr='' stdout='====================================== BEGIN TUNING ================================\nABS QoI eb: 6.588e-06\n512 1456 2 9.15929\nPointwise QoI eb rate: 2\n'
mp-2215963,bulk,691200,5529600,64x100x108,Q,Q_sz3_b8,8.78523462804197e-07,2.3713737056616547e-10,RuntimeError: hpez rc=-6 stderr='munmap_chunk(): invalid pointer\n' stdout='====================================== BEGIN TUNING ================================\nABS QoI eb: 8.78523e-07\n512 1456 2 9.15929\nPointwise QoI eb rate: 2\n'
mp-2215963,bulk,691200,5529600,64x100x108,Q,Q_sz3_b8,5.30888557312081e-07,1.433012570236963e-10,RuntimeError: hpez rc=-6 stderr='corrupted size vs. prev_size in fastbins\n' stdout='====================================== BEGIN TUNING ================================\nABS QoI eb: 5.30889e-07\n512 1456 2 9.15929\nPointwise QoI eb rate: 2\n'
mp-2215963,bulk,691200,5529600,64x100x108,Q,Q_sz3_b8,4.984936319233961e-07,1.3455698580999512e-10,RuntimeError: hpez rc=-6 stderr='corrupted double-linked list\n' stdout='====================================== BEGIN TUNING ================================\nABS QoI eb: 4.98494e-07\n512 1456 2 9.15929\nPointwise QoI eb rate: 2\n'
mp-2215963,bulk,691200,5529600,64x100x108,Q,Q_sz3_b8,4.830451653273908e-07,1.303870246160589e-10,RuntimeError: hpez rc=-6 stderr='corrupted size vs. prev_size in fastbins\n' stdout='====================================== BEGIN TUNING ================================\nABS QoI eb: 4.83045e-07\n512 1456 2 9.15929\nPointwise QoI eb rate: 2\n'
mp-2215963,bulk,691200,5529600,64x100x108,Q,Q_sz3_b8,4.792584413238766e-07,1.2936488484259534e-10,RuntimeError: hpez rc=-6 stderr='corrupted size vs. prev_size in fastbins\n' stdout='====================================== BEGIN TUNING ================================\nABS QoI eb: 4.79258e-07\n512 1456 2 9.15929\nPointwise QoI eb rate: 2\n'
mp-2215963,bulk,691200,5529600,64x100x108,Q,Q_sz3_b8,4.77376225848826e-07,1.2885682370650713e-10,RuntimeError: hpez rc=-6 stderr='corrupted size vs. prev_size in fastbins\n' stdout='====================================== BEGIN TUNING ================================\nABS QoI eb: 4.77376e-07\n512 1456 2 9.15929\nPointwise QoI eb rate: 2\n'
mp-2215963,bulk,691200,5529600,64x100x108,Q,Q_sz3_b8,4.769068281345414e-07,1.2873012050001568e-10,RuntimeError: hpez rc=-11 stderr='' stdout='====================================== BEGIN TUNING ================================\nABS QoI eb: 4.76907e-07\n512 1456 2 9.15929\nPointwise QoI eb rate: 2\n'
mp-2215963,bulk,691200,5529600,64x100x108,Q,Q_sz3_b8,4.768481858824806e-07,1.2871429136164144e-10,RuntimeError: hpez rc=-6 stderr='corrupted size vs. prev_size in fastbins\n' stdout='====================================== BEGIN TUNING ================================\nABS QoI eb: 4.76848e-07\n512 1456 2 9.15929\nPointwise QoI eb rate: 2\n'
mp-2215963,bulk,691200,5529600,64x100x108,Q,Q_sz3_b8,4.768408561080055e-07,1.2871231285620651e-10,RuntimeError: hpez rc=-6 stderr='corrupted size vs. prev_size in fastbins\n' stdout='====================================== BEGIN TUNING ================================\nABS QoI eb: 4.76841e-07\n512 1456 2 9.15929\nPointwise QoI eb rate: 2\n'
mp-2215963,bulk,691200,5529600,64x100x108,Q,Q_sz3_b8,4.768371912630186e-07,1.2871132361489366e-10,RuntimeError: hpez rc=-6 stderr='double free or corruption (out)\n' stdout='====================================== BEGIN TUNING ================================\nABS QoI eb: 4.76837e-07\n512 1456 2 9.15929\nPointwise QoI eb rate: 2\n'
mp-2215963,bulk,691200,5529600,64x100x108,Q,Q_sz3_b8,4.768371626315284e-07,1.2871131588647595e-10,RuntimeError: hpez rc=-6 stderr='double free or corruption (out)\n' stdout='====================================== BEGIN TUNING ================================\nABS QoI eb: 4.76837e-07\n512 1456 2 9.15929\nPointwise QoI eb rate: 2\n'
mp-2215963,bulk,691200,5529600,64x100x108,Q,Q_sz3_b8,4.768371590525923e-07,1.2871131492042376e-10,RuntimeError: hpez rc=-6 stderr='double free or corruption (out)\n' stdout='====================================== BEGIN TUNING ================================\nABS QoI eb: 4.76837e-07\n512 1456 2 9.15929\nPointwise QoI eb rate: 2\n'
mp-2215963,bulk,691200,5529600,64x100x108,Q,Q_sz3_b8,4.768371586052251e-07,1.287113147996672e-10,RuntimeError: hpez rc=-6 stderr='double free or corruption (out)\n' stdout='====================================== BEGIN TUNING ================================\nABS QoI eb: 4.76837e-07\n512 1456 2 9.15929\nPointwise QoI eb rate: 2\n'
mp-2215963,bulk,691200,5529600,64x100x108,Q,Q_sz3_b16,0.0003704702724444,9.999999999999998e-08,RuntimeError: hpez rc=-6 stderr='double free or corruption (!prev)\n' stdout='====================================== BEGIN TUNING ================================\nABS QoI eb: 0.00037047\n4096 196 2 25.9064\nPointwise QoI eb rate: 2\n'
mp-2215963,bulk,691200,5529600,64x100x108,Q,Q_sz3_b16,6.587996575195637e-06,1.7782794100389205e-09,RuntimeError: hpez rc=-11 stderr='' stdout='====================================== BEGIN TUNING ================================\nABS QoI eb: 6.588e-06\n4096 196 2 25.9064\nPointwise QoI eb rate: 2\n'
mp-2215963,bulk,691200,5529600,64x100x108,Q,Q_sz3_b16,8.78523462804197e-07,2.3713737056616547e-10,RuntimeError: hpez rc=-6 stderr='munmap_chunk(): invalid pointer\n' stdout='====================================== BEGIN TUNING ================================\nABS QoI eb: 8.78523e-07\n4096 196 2 25.9064\nPointwise QoI eb rate: 2\n'
mp-2215963,bulk,691200,5529600,64x100x108,Q,Q_sz3_b16,5.30888557312081e-07,1.433012570236963e-10,RuntimeError: hpez rc=-6 stderr='corrupted size vs. prev_size in fastbins\n' stdout='====================================== BEGIN TUNING ================================\nABS QoI eb: 5.30889e-07\n4096 196 2 25.9064\nPointwise QoI eb rate: 2\n'
mp-2215963,bulk,691200,5529600,64x100x108,Q,Q_sz3_b16,4.984936319233961e-07,1.3455698580999512e-10,RuntimeError: hpez rc=-6 stderr='corrupted double-linked list\n' stdout='====================================== BEGIN TUNING ================================\nABS QoI eb: 4.98494e-07\n4096 196 2 25.9064\nPointwise QoI eb rate: 2\n'
mp-2215963,bulk,691200,5529600,64x100x108,Q,Q_sz3_b16,4.830451653273908e-07,1.303870246160589e-10,RuntimeError: hpez rc=-6 stderr='corrupted size vs. prev_size in fastbins\n' stdout='====================================== BEGIN TUNING ================================\nABS QoI eb: 4.83045e-07\n4096 196 2 25.9064\nPointwise QoI eb rate: 2\n'
mp-2215963,bulk,691200,5529600,64x100x108,Q,Q_sz3_b16,4.792584413238766e-07,1.2936488484259534e-10,RuntimeError: hpez rc=-6 stderr='corrupted size vs. prev_size in fastbins\n' stdout='====================================== BEGIN TUNING ================================\nABS QoI eb: 4.79258e-07\n4096 196 2 25.9064\nPointwise QoI eb rate: 2\n'
mp-2215963,bulk,691200,5529600,64x100x108,Q,Q_sz3_b16,4.77376225848826e-07,1.2885682370650713e-10,RuntimeError: hpez rc=-6 stderr='corrupted size vs. prev_size in fastbins\n' stdout='====================================== BEGIN TUNING ================================\nABS QoI eb: 4.77376e-07\n4096 196 2 25.9064\nPointwise QoI eb rate: 2\n'
mp-2215963,bulk,691200,5529600,64x100x108,Q,Q_sz3_b16,4.769068281345414e-07,1.2873012050001568e-10,RuntimeError: hpez rc=-11 stderr='' stdout='====================================== BEGIN TUNING ================================\nABS QoI eb: 4.76907e-07\n4096 196 2 25.9064\nPointwise QoI eb rate: 2\n'
mp-2215963,bulk,691200,5529600,64x100x108,Q,Q_sz3_b16,4.768481858824806e-07,1.2871429136164144e-10,RuntimeError: hpez rc=-6 stderr='corrupted size vs. prev_size in fastbins\n' stdout='====================================== BEGIN TUNING ================================\nABS QoI eb: 4.76848e-07\n4096 196 2 25.9064\nPointwise QoI eb rate: 2\n'
mp-2215963,bulk,691200,5529600,64x100x108,Q,Q_sz3_b16,4.768408561080055e-07,1.2871231285620651e-10,RuntimeError: hpez rc=-6 stderr='corrupted size vs. prev_size in fastbins\n' stdout='====================================== BEGIN TUNING ================================\nABS QoI eb: 4.76841e-07\n4096 196 2 25.9064\nPointwise QoI eb rate: 2\n'
mp-2215963,bulk,691200,5529600,64x100x108,Q,Q_sz3_b16,4.768371912630186e-07,1.2871132361489366e-10,RuntimeError: hpez rc=-6 stderr='double free or corruption (out)\n' stdout='====================================== BEGIN TUNING ================================\nABS QoI eb: 4.76837e-07\n4096 196 2 25.9064\nPointwise QoI eb rate: 2\n'
mp-2215963,bulk,691200,5529600,64x100x108,Q,Q_sz3_b16,4.768371626315284e-07,1.2871131588647595e-10,RuntimeError: hpez rc=-6 stderr='double free or corruption (out)\n' stdout='====================================== BEGIN TUNING ================================\nABS QoI eb: 4.76837e-07\n4096 196 2 25.9064\nPointwise QoI eb rate: 2\n'
mp-2215963,bulk,691200,5529600,64x100x108,Q,Q_sz3_b16,4.768371590525923e-07,1.2871131492042376e-10,RuntimeError: hpez rc=-6 stderr='double free or corruption (out)\n' stdout='====================================== BEGIN TUNING ================================\nABS QoI eb: 4.76837e-07\n4096 196 2 25.9064\nPointwise QoI eb rate: 2\n'
mp-2215963,bulk,691200,5529600,64x100x108,Q,Q_sz3_b16,4.768371586052251e-07,1.287113147996672e-10,RuntimeError: hpez rc=-6 stderr='double free or corruption (out)\n' stdout='====================================== BEGIN TUNING ================================\nABS QoI eb: 4.76837e-07\n4096 196 2 25.9064\nPointwise QoI eb rate: 2\n'
mp-2355601,bulk,3225600,25804800,72x200x224,Q,Q_sz3_b4,9.428480115207072e-06,1.3335214321633222e-08,RuntimeError: hpez rc=-11 stderr='' stdout='====================================== BEGIN TUNING ================================\nABS QoI eb: 9.42848e-06\n64 50400 2 3.2383\nPointwise QoI eb rate: 2\n'
mp-2355601,bulk,3225600,25804800,72x200x224,Q,Q_sz3_b4,5.69759649905165e-06,8.058421877614809e-09,RuntimeError: hpez rc=-6 stderr='munmap_chunk(): invalid pointer\n' stdout='wise QoI eb rate: 2\ninterp best interpAlgo = CUBIC\ninterp best direction = 5\nInterp ratio = 1.2069\nchoose interp\nsz3 tuning time = 0.0562794s\nTuning time = 0.0565608s\n====================================== END TUNING ======================================\nGlobal correction done. 0 blocks corrected.\n'
mp-2355601,bulk,3225600,25804800,72x200x224,Q,Q_sz3_b4,4.4291122747736265e-06,6.2643353665688455e-09,RuntimeError: hpez rc=-6 stderr='free(): invalid pointer\n' stdout='wise QoI eb rate: 2\ninterp best interpAlgo = CUBIC\ninterp best direction = 5\nInterp ratio = 1.2216\nchoose interp\nsz3 tuning time = 0.0988115s\nTuning time = 0.0990414s\n====================================== END TUNING ======================================\nGlobal correction done. 0 blocks corrected.\n'
mp-2355601,bulk,3225600,25804800,72x200x224,Q,Q_sz3_b4,3.905073293515734e-06,5.523158417307087e-09,RuntimeError: hpez rc=-6 stderr='double free or corruption (out)\n' stdout='ntwise QoI eb rate: 2\ninterp best interpAlgo = CUBIC\ninterp best direction = 5\nInterp ratio = 1.2105\nchoose interp\nsz3 tuning time = 0.126584s\nTuning time = 0.126817s\n====================================== END TUNING ======================================\nGlobal correction done. 0 blocks corrected.\n'
mp-2355601,bulk,3225600,25804800,72x200x224,Q,Q_sz3_b4,3.844087388065595e-06,5.43690272075375e-09,RuntimeError: hpez rc=-11 stderr='' stdout='====================================== BEGIN TUNING ================================\nABS QoI eb: 3.84409e-06\n64 50400 2 3.2383\nPointwise QoI eb rate: 2\n'
mp-2355601,bulk,3225600,25804800,72x200x224,Q,Q_sz3_b4,3.828990312781383e-06,5.415550102719367e-09,RuntimeError: hpez rc=-11 stderr='' stdout='====================================== BEGIN TUNING ================================\nABS QoI eb: 3.82899e-06\n64 50400 2 3.2383\nPointwise QoI eb rate: 2\n'
mp-2355601,bulk,3225600,25804800,72x200x224,Q,Q_sz3_b4,3.82146402402444e-06,5.404905261515485e-09,RuntimeError: hpez rc=-11 stderr='' stdout='====================================== BEGIN TUNING ================================\nABS QoI eb: 3.82146e-06\n64 50400 2 3.2383\nPointwise QoI eb rate: 2\n'
mp-2355601,bulk,3225600,25804800,72x200x224,Q,Q_sz3_b4,3.817706429110892e-06,5.399590689824845e-09,RuntimeError: hpez rc=-11 stderr='' stdout='====================================== BEGIN TUNING ================================\nABS QoI eb: 3.81771e-06\n64 50400 2 3.2383\nPointwise QoI eb rate: 2\n'
mp-2355601,bulk,3225600,25804800,72x200x224,Q,Q_sz3_b4,3.815829017428737e-06,5.396935363956247e-09,RuntimeError: hpez rc=-11 stderr='' stdout='====================================== BEGIN TUNING ================================\nABS QoI eb: 3.81583e-06\n64 50400 2 3.2383\nPointwise QoI eb rate: 2\n'
mp-2355601,bulk,3225600,25804800,72x200x224,Q,Q_sz3_b4,3.814890657832551e-06,5.395608190735006e-09,RuntimeError: hpez rc=-11 stderr='' stdout='====================================== BEGIN TUNING ================================\nABS QoI eb: 3.81489e-06\n64 50400 2 3.2383\nPointwise QoI eb rate: 2\n'
mp-2355601,bulk,3225600,25804800,72x200x224,Q,Q_sz3_b4,3.814773379109097e-06,5.395442317031768e-09,RuntimeError: hpez rc=-11 stderr='' stdout='====================================== BEGIN TUNING ================================\nABS QoI eb: 3.81477e-06\n64 50400 2 3.2383\nPointwise QoI eb rate: 2\n'
mp-2355601,bulk,3225600,25804800,72x200x224,Q,Q_sz3_b4,3.814714741099411e-06,5.395359382092413e-09,RuntimeError: hpez rc=-6 stderr='double free or corruption (out)\n' stdout='twise QoI eb rate: 2\ninterp best interpAlgo = CUBIC\ninterp best direction = 5\nInterp ratio = 1.2046\nchoose interp\nsz3 tuning time = 0.114493s\nTuning time = 0.11473s\n====================================== END TUNING ======================================\nGlobal correction done. 131 blocks corrected.\n'
mp-2355601,bulk,3225600,25804800,72x200x224,Q,Q_sz3_b4,3.814700081737825e-06,5.395338648556766e-09,RuntimeError: hpez rc=-11 stderr='' stdout='====================================== BEGIN TUNING ================================\nABS QoI eb: 3.8147e-06\n64 50400 2 3.2383\nPointwise QoI eb rate: 2\n'
mp-2355601,bulk,3225600,25804800,72x200x224,Q,Q_sz3_b4,3.81469824932159e-06,5.395336056870415e-09,RuntimeError: hpez rc=-6 stderr='double free or corruption (out)\n' stdout='se QoI eb rate: 2\ninterp best interpAlgo = CUBIC\ninterp best direction = 5\nInterp ratio = 1.2097\nchoose interp\nsz3 tuning time = 0.0689212s\nTuning time = 0.0691489s\n====================================== END TUNING ======================================\nGlobal correction done. 131 blocks corrected.\n'
mp-2355601,bulk,3225600,25804800,72x200x224,Q,Q_sz3_b4,3.814697333113802e-06,5.395334761027706e-09,RuntimeError: hpez rc=-11 stderr='' stdout='====================================== BEGIN TUNING ================================\nABS QoI eb: 3.8147e-06\n64 50400 2 3.2383\nPointwise QoI eb rate: 2\n'
mp-2355601,bulk,3225600,25804800,72x200x224,Q,Q_sz3_b4,3.814697275850823e-06,5.395334680037548e-09,RuntimeError: hpez rc=-11 stderr='' stdout='====================================== BEGIN TUNING ================================\nABS QoI eb: 3.8147e-06\n64 50400 2 3.2383\nPointwise QoI eb rate: 2\n'
mp-2355601,bulk,3225600,25804800,72x200x224,Q,Q_sz3_b4,3.814697268692947e-06,5.395334669913773e-09,RuntimeError: hpez rc=-11 stderr='' stdout='====================================== BEGIN TUNING ================================\nABS QoI eb: 3.8147e-06\n64 50400 2 3.2383\nPointwise QoI eb rate: 2\n'
mp-2355601,bulk,3225600,25804800,72x200x224,Q,Q_sz3_b8,9.428480115207072e-06,1.3335214321633222e-08,RuntimeError: hpez rc=-11 stderr='' stdout='====================================== BEGIN TUNING ================================\nABS QoI eb: 9.42848e-06\n512 6300 2 9.15929\nPointwise QoI eb rate: 2\n'
mp-2355601,bulk,3225600,25804800,72x200x224,Q,Q_sz3_b8,5.69759649905165e-06,8.058421877614809e-09,RuntimeError: hpez rc=-6 stderr='munmap_chunk(): invalid pointer\n' stdout='wise QoI eb rate: 2\ninterp best interpAlgo = CUBIC\ninterp best direction = 5\nInterp ratio = 1.2069\nchoose interp\nsz3 tuning time = 0.0574971s\nTuning time = 0.0577903s\n====================================== END TUNING ======================================\nGlobal correction done. 0 blocks corrected.\n'
mp-2355601,bulk,3225600,25804800,72x200x224,Q,Q_sz3_b8,4.4291122747736265e-06,6.2643353665688455e-09,RuntimeError: hpez rc=-6 stderr='free(): invalid pointer\n' stdout='ntwise QoI eb rate: 2\ninterp best interpAlgo = CUBIC\ninterp best direction = 5\nInterp ratio = 1.2216\nchoose interp\nsz3 tuning time = 0.124823s\nTuning time = 0.125029s\n====================================== END TUNING ======================================\nGlobal correction done. 0 blocks corrected.\n'
mp-2355601,bulk,3225600,25804800,72x200x224,Q,Q_sz3_b8,3.905073293515734e-06,5.523158417307087e-09,RuntimeError: hpez rc=-11 stderr='' stdout='====================================== BEGIN TUNING ================================\nABS QoI eb: 3.90507e-06\n512 6300 2 9.15929\nPointwise QoI eb rate: 2\n'
mp-2355601,bulk,3225600,25804800,72x200x224,Q,Q_sz3_b8,3.844087388065595e-06,5.43690272075375e-09,RuntimeError: hpez rc=-11 stderr='' stdout='====================================== BEGIN TUNING ================================\nABS QoI eb: 3.84409e-06\n512 6300 2 9.15929\nPointwise QoI eb rate: 2\n'
mp-2355601,bulk,3225600,25804800,72x200x224,Q,Q_sz3_b8,3.828990312781383e-06,5.415550102719367e-09,RuntimeError: hpez rc=-6 stderr='double free or corruption (out)\n' stdout='wise QoI eb rate: 2\ninterp best interpAlgo = CUBIC\ninterp best direction = 5\nInterp ratio = 1.2134\nchoose interp\nsz3 tuning time = 0.0595659s\nTuning time = 0.0597628s\n====================================== END TUNING ======================================\nGlobal correction done. 0 blocks corrected.\n'
mp-2355601,bulk,3225600,25804800,72x200x224,Q,Q_sz3_b8,3.82146402402444e-06,5.404905261515485e-09,RuntimeError: hpez rc=-6 stderr='double free or corruption (out)\n' stdout='wise QoI eb rate: 2\ninterp best interpAlgo = CUBIC\ninterp best direction = 5\nInterp ratio = 1.2072\nchoose interp\nsz3 tuning time = 0.0924183s\nTuning time = 0.0927191s\n====================================== END TUNING ======================================\nGlobal correction done. 0 blocks corrected.\n'
mp-2355601,bulk,3225600,25804800,72x200x224,Q,Q_sz3_b8,3.817706429110892e-06,5.399590689824845e-09,RuntimeError: hpez rc=-11 stderr='' stdout='====================================== BEGIN TUNING ================================\nABS QoI eb: 3.81771e-06\n512 6300 2 9.15929\nPointwise QoI eb rate: 2\n'
mp-2355601,bulk,3225600,25804800,72x200x224,Q,Q_sz3_b8,3.815829017428737e-06,5.396935363956247e-09,RuntimeError: hpez rc=-11 stderr='' stdout='====================================== BEGIN TUNING ================================\nABS QoI eb: 3.81583e-06\n512 6300 2 9.15929\nPointwise QoI eb rate: 2\n'
mp-2355601,bulk,3225600,25804800,72x200x224,Q,Q_sz3_b8,3.814890657832551e-06,5.395608190735006e-09,RuntimeError: hpez rc=-11 stderr='' stdout='====================================== BEGIN TUNING ================================\nABS QoI eb: 3.81489e-06\n512 6300 2 9.15929\nPointwise QoI eb rate: 2\n'
mp-2355601,bulk,3225600,25804800,72x200x224,Q,Q_sz3_b8,3.814773379109097e-06,5.395442317031768e-09,RuntimeError: hpez rc=-11 stderr='' stdout='====================================== BEGIN TUNING ================================\nABS QoI eb: 3.81477e-06\n512 6300 2 9.15929\nPointwise QoI eb rate: 2\n'
mp-2355601,bulk,3225600,25804800,72x200x224,Q,Q_sz3_b8,3.814714741099411e-06,5.395359382092413e-09,RuntimeError: hpez rc=-6 stderr='double free or corruption (out)\n' stdout='wise QoI eb rate: 2\ninterp best interpAlgo = CUBIC\ninterp best direction = 5\nInterp ratio = 1.2046\nchoose interp\nsz3 tuning time = 0.0644197s\nTuning time = 0.0646646s\n====================================== END TUNING ======================================\nGlobal correction done. 0 blocks corrected.\n'
mp-2355601,bulk,3225600,25804800,72x200x224,Q,Q_sz3_b8,3.814700081737825e-06,5.395338648556766e-09,RuntimeError: hpez rc=-11 stderr='' stdout='====================================== BEGIN TUNING ================================\nABS QoI eb: 3.8147e-06\n512 6300 2 9.15929\nPointwise QoI eb rate: 2\n'
mp-2355601,bulk,3225600,25804800,72x200x224,Q,Q_sz3_b8,3.81469824932159e-06,5.395336056870415e-09,RuntimeError: hpez rc=-11 stderr='' stdout='====================================== BEGIN TUNING ================================\nABS QoI eb: 3.8147e-06\n512 6300 2 9.15929\nPointwise QoI eb rate: 2\n'
mp-2355601,bulk,3225600,25804800,72x200x224,Q,Q_sz3_b8,3.814697333113802e-06,5.395334761027706e-09,RuntimeError: hpez rc=-6 stderr='double free or corruption (out)\n' stdout='intwise QoI eb rate: 2\ninterp best interpAlgo = CUBIC\ninterp best direction = 5\nInterp ratio = 1.2097\nchoose interp\nsz3 tuning time = 0.06945s\nTuning time = 0.069719s\n====================================== END TUNING ======================================\nGlobal correction done. 0 blocks corrected.\n'
mp-2355601,bulk,3225600,25804800,72x200x224,Q,Q_sz3_b8,3.814697275850823e-06,5.395334680037548e-09,RuntimeError: hpez rc=-6 stderr='double free or corruption (out)\n' stdout='twise QoI eb rate: 2\ninterp best interpAlgo = CUBIC\ninterp best direction = 5\nInterp ratio = 1.2097\nchoose interp\nsz3 tuning time = 0.068802s\nTuning time = 0.0690737s\n====================================== END TUNING ======================================\nGlobal correction done. 0 blocks corrected.\n'
mp-2355601,bulk,3225600,25804800,72x200x224,Q,Q_sz3_b8,3.814697268692947e-06,5.395334669913773e-09,RuntimeError: hpez rc=-6 stderr='double free or corruption (out)\n' stdout='wise QoI eb rate: 2\ninterp best interpAlgo = CUBIC\ninterp best direction = 5\nInterp ratio = 1.2097\nchoose interp\nsz3 tuning time = 0.0649598s\nTuning time = 0.0652014s\n====================================== END TUNING ======================================\nGlobal correction done. 0 blocks corrected.\n'
mp-2355601,bulk,3225600,25804800,72x200x224,Q,Q_sz3_b16,9.428480115207072e-06,1.3335214321633222e-08,RuntimeError: hpez rc=-11 stderr='' stdout='====================================== BEGIN TUNING ================================\nABS QoI eb: 9.42848e-06\n4096 910 2 25.9064\nPointwise QoI eb rate: 2\n'
mp-2355601,bulk,3225600,25804800,72x200x224,Q,Q_sz3_b16,5.69759649905165e-06,8.058421877614809e-09,RuntimeError: hpez rc=-6 stderr='munmap_chunk(): invalid pointer\n' stdout='wise QoI eb rate: 2\ninterp best interpAlgo = CUBIC\ninterp best direction = 5\nInterp ratio = 1.2069\nchoose interp\nsz3 tuning time = 0.0610481s\nTuning time = 0.0613186s\n====================================== END TUNING ======================================\nGlobal correction done. 0 blocks corrected.\n'
mp-2355601,bulk,3225600,25804800,72x200x224,Q,Q_sz3_b16,4.4291122747736265e-06,6.2643353665688455e-09,RuntimeError: hpez rc=-11 stderr='' stdout='====================================== BEGIN TUNING ================================\nABS QoI eb: 4.42911e-06\n4096 910 2 25.9064\nPointwise QoI eb rate: 2\n'
mp-2355601,bulk,3225600,25804800,72x200x224,Q,Q_sz3_b16,3.905073293515734e-06,5.523158417307087e-09,RuntimeError: hpez rc=-11 stderr='' stdout='====================================== BEGIN TUNING ================================\nABS QoI eb: 3.90507e-06\n4096 910 2 25.9064\nPointwise QoI eb rate: 2\n'
mp-2355601,bulk,3225600,25804800,72x200x224,Q,Q_sz3_b16,3.844087388065595e-06,5.43690272075375e-09,RuntimeError: hpez rc=-6 stderr='double free or corruption (out)\n' stdout='wise QoI eb rate: 2\ninterp best interpAlgo = CUBIC\ninterp best direction = 5\nInterp ratio = 1.2098\nchoose interp\nsz3 tuning time = 0.0610301s\nTuning time = 0.0612981s\n====================================== END TUNING ======================================\nGlobal correction done. 0 blocks corrected.\n'
mp-2355601,bulk,3225600,25804800,72x200x224,Q,Q_sz3_b16,3.828990312781383e-06,5.415550102719367e-09,RuntimeError: hpez rc=-11 stderr='' stdout='====================================== BEGIN TUNING ================================\nABS QoI eb: 3.82899e-06\n4096 910 2 25.9064\nPointwise QoI eb rate: 2\n'
mp-2355601,bulk,3225600,25804800,72x200x224,Q,Q_sz3_b16,3.82146402402444e-06,5.404905261515485e-09,RuntimeError: hpez rc=-11 stderr='' stdout='====================================== BEGIN TUNING ================================\nABS QoI eb: 3.82146e-06\n4096 910 2 25.9064\nPointwise QoI eb rate: 2\n'
mp-2355601,bulk,3225600,25804800,72x200x224,Q,Q_sz3_b16,3.817706429110892e-06,5.399590689824845e-09,RuntimeError: hpez rc=-11 stderr='' stdout='====================================== BEGIN TUNING ================================\nABS QoI eb: 3.81771e-06\n4096 910 2 25.9064\nPointwise QoI eb rate: 2\n'
mp-2355601,bulk,3225600,25804800,72x200x224,Q,Q_sz3_b16,3.815829017428737e-06,5.396935363956247e-09,RuntimeError: hpez rc=-6 stderr='free(): invalid pointer\n' stdout='intwise QoI eb rate: 2\ninterp best interpAlgo = CUBIC\ninterp best direction = 5\nInterp ratio = 1.2076\nchoose interp\nsz3 tuning time = 0.10838s\nTuning time = 0.108599s\n====================================== END TUNING ======================================\nGlobal correction done. 0 blocks corrected.\n'
mp-2355601,bulk,3225600,25804800,72x200x224,Q,Q_sz3_b16,3.814890657832551e-06,5.395608190735006e-09,RuntimeError: hpez rc=-11 stderr='' stdout='====================================== BEGIN TUNING ================================\nABS QoI eb: 3.81489e-06\n4096 910 2 25.9064\nPointwise QoI eb rate: 2\n'
mp-2355601,bulk,3225600,25804800,72x200x224,Q,Q_sz3_b16,3.814773379109097e-06,5.395442317031768e-09,RuntimeError: hpez rc=-11 stderr='' stdout='====================================== BEGIN TUNING ================================\nABS QoI eb: 3.81477e-06\n4096 910 2 25.9064\nPointwise QoI eb rate: 2\n'
mp-2355601,bulk,3225600,25804800,72x200x224,Q,Q_sz3_b16,3.814714741099411e-06,5.395359382092413e-09,RuntimeError: hpez rc=-6 stderr='double free or corruption (out)\n' stdout='wise QoI eb rate: 2\ninterp best interpAlgo = CUBIC\ninterp best direction = 5\nInterp ratio = 1.2046\nchoose interp\nsz3 tuning time = 0.0643088s\nTuning time = 0.0645586s\n====================================== END TUNING ======================================\nGlobal correction done. 0 blocks corrected.\n'
mp-2355601,bulk,3225600,25804800,72x200x224,Q,Q_sz3_b16,3.814700081737825e-06,5.395338648556766e-09,RuntimeError: hpez rc=-6 stderr='double free or corruption (out)\n' stdout='wise QoI eb rate: 2\ninterp best interpAlgo = CUBIC\ninterp best direction = 5\nInterp ratio = 1.2075\nchoose interp\nsz3 tuning time = 0.0692074s\nTuning time = 0.0694774s\n====================================== END TUNING ======================================\nGlobal correction done. 0 blocks corrected.\n'
mp-2355601,bulk,3225600,25804800,72x200x224,Q,Q_sz3_b16,3.81469824932159e-06,5.395336056870415e-09,RuntimeError: hpez rc=-6 stderr='double free or corruption (out)\n' stdout='wise QoI eb rate: 2\ninterp best interpAlgo = CUBIC\ninterp best direction = 5\nInterp ratio = 1.2097\nchoose interp\nsz3 tuning time = 0.0653264s\nTuning time = 0.0656293s\n====================================== END TUNING ======================================\nGlobal correction done. 0 blocks corrected.\n'
mp-2355601,bulk,3225600,25804800,72x200x224,Q,Q_sz3_b16,3.814697333113802e-06,5.395334761027706e-09,RuntimeError: hpez rc=-6 stderr='double free or corruption (out)\n' stdout='wise QoI eb rate: 2\ninterp best interpAlgo = CUBIC\ninterp best direction = 5\nInterp ratio = 1.2097\nchoose interp\nsz3 tuning time = 0.0614384s\nTuning time = 0.0616876s\n====================================== END TUNING ======================================\nGlobal correction done. 0 blocks corrected.\n'
mp-2355601,bulk,3225600,25804800,72x200x224,Q,Q_sz3_b16,3.814697275850823e-06,5.395334680037548e-09,RuntimeError: hpez rc=-6 stderr='double free or corruption (out)\n' stdout='wise QoI eb rate: 2\ninterp best interpAlgo = CUBIC\ninterp best direction = 5\nInterp ratio = 1.2097\nchoose interp\nsz3 tuning time = 0.0673486s\nTuning time = 0.0676078s\n====================================== END TUNING ======================================\nGlobal correction done. 0 blocks corrected.\n'
mp-2355601,bulk,3225600,25804800,72x200x224,Q,Q_sz3_b16,3.814697268692947e-06,5.395334669913773e-09,RuntimeError: hpez rc=-11 stderr='' stdout='====================================== BEGIN TUNING ================================\nABS QoI eb: 3.8147e-06\n4096 910 2 25.9064\nPointwise QoI eb rate: 2\n'
mp-2361109,bulk,774144,6193152,64x72x168,Q,Q_hpez_b4,2.5656928087520907e-06,1.778279410038922e-09,RuntimeError: hpez rc=-6 stderr='malloc(): unsorted double linked list corrupted\n' stdout='====================================== BEGIN TUNING ================================\nABS QoI eb: 2.56569e-06\n64 12096 2 4.10367\nPointwise QoI eb rate: 2\nPredictor tuning started.\n'
mp-2361109,bulk,774144,6193152,64x72x168,Q,Q_hpez_b4,1.994479867858977e-06,1.3823722273578983e-09,RuntimeError: hpez rc=-6 stderr='free(): corrupted unsorted chunks\n' stdout='====================================== BEGIN TUNING ================================\nABS QoI eb: 1.99448e-06\n64 12096 2 4.10367\nPointwise QoI eb rate: 2\nPredictor tuning started.\n'
mp-2361109,bulk,774144,6193152,64x72x168,Q,Q_hpez_b4,1.9326703408322426e-06,1.3395320989992164e-09,RuntimeError: hpez rc=-6 stderr='double free or corruption (out)\n' stdout='====================================== BEGIN TUNING ================================\nABS QoI eb: 1.93267e-06\n64 12096 2 4.10367\nPointwise QoI eb rate: 2\nPredictor tuning started.\n'
mp-2361109,bulk,774144,6193152,64x72x168,Q,Q_hpez_b4,1.9175196060856253e-06,1.329031138184669e-09,RuntimeError: hpez rc=-6 stderr='double free or corruption (!prev)\n' stdout='====================================== BEGIN TUNING ================================\nABS QoI eb: 1.91752e-06\n64 12096 2 4.10367\nPointwise QoI eb rate: 2\nPredictor tuning started.\n'
mp-2361109,bulk,774144,6193152,64x72x168,Q,Q_hpez_b4,1.909988836118766e-06,1.323811568200249e-09,RuntimeError: hpez rc=-6 stderr='double free or corruption (!prev)\n' stdout='====================================== BEGIN TUNING ================================\nABS QoI eb: 1.90999e-06\n64 12096 2 4.10367\nPointwise QoI eb rate: 2\nPredictor tuning started.\n'
mp-2361109,bulk,774144,6193152,64x72x168,Q,Q_hpez_b4,1.908110769416992e-06,1.322509881835049e-09,RuntimeError: hpez rc=-6 stderr='double free or corruption (!prev)\n' stdout='====================================== BEGIN TUNING ================================\nABS QoI eb: 1.90811e-06\n64 12096 2 4.10367\nPointwise QoI eb rate: 2\nPredictor tuning started.\n'
mp-2361109,bulk,774144,6193152,64x72x168,Q,Q_hpez_b4,1.907641541355963e-06,1.3221846602821434e-09,RuntimeError: hpez rc=-6 stderr='double free or corruption (out)\n' stdout='====================================== BEGIN TUNING ================================\nABS QoI eb: 1.90764e-06\n64 12096 2 4.10367\nPointwise QoI eb rate: 2\nPredictor tuning started.\n'
mp-2361109,bulk,774144,6193152,64x72x168,Q,Q_hpez_b4,1.907406970598091e-06,1.3220220794979211e-09,RuntimeError: hpez rc=-6 stderr='corrupted double-linked list\n' stdout='====================================== BEGIN TUNING ================================\nABS QoI eb: 1.90741e-06\n64 12096 2 4.10367\nPointwise QoI eb rate: 2\nPredictor tuning started.\n'
mp-2361109,bulk,774144,6193152,64x72x168,Q,Q_hpez_b4,1.907377651281502e-06,1.3220017583055987e-09,RuntimeError: hpez rc=-6 stderr='corrupted double-linked list\n' stdout='====================================== BEGIN TUNING ================================\nABS QoI eb: 1.90738e-06\n64 12096 2 4.10367\nPointwise QoI eb rate: 2\nPredictor tuning started.\n'
mp-2361109,bulk,774144,6193152,64x72x168,Q,Q_hpez_b4,1.9073629917922115e-06,1.3219915978265743e-09,RuntimeError: hpez rc=-6 stderr='corrupted double-linked list (not small)\n' stdout='====================================== BEGIN TUNING ================================\nABS QoI eb: 1.90736e-06\n64 12096 2 4.10367\nPointwise QoI eb rate: 2\nPredictor tuning started.\n'
mp-2361109,bulk,774144,6193152,64x72x168,Q,Q_hpez_b4,1.907355662089817e-06,1.3219865176163456e-09,RuntimeError: hpez rc=-6 stderr='corrupted double-linked list (not small)\n' stdout='====================================== BEGIN TUNING ================================\nABS QoI eb: 1.90736e-06\n64 12096 2 4.10367\nPointwise QoI eb rate: 2\nPredictor tuning started.\n'
mp-2361109,bulk,774144,6193152,64x72x168,Q,Q_hpez_b4,1.9073519972491823e-06,1.3219839775185522e-09,RuntimeError: hpez rc=-6 stderr='corrupted double-linked list (not small)\n' stdout='====================================== BEGIN TUNING ================================\nABS QoI eb: 1.90735e-06\n64 12096 2 4.10367\nPointwise QoI eb rate: 2\nPredictor tuning started.\n'
mp-2361109,bulk,774144,6193152,64x72x168,Q,Q_hpez_b4,1.907350164831504e-06,1.3219827074714847e-09,RuntimeError: hpez rc=-6 stderr='corrupted double-linked list (not small)\n' stdout='====================================== BEGIN TUNING ================================\nABS QoI eb: 1.90735e-06\n64 12096 2 4.10367\nPointwise QoI eb rate: 2\nPredictor tuning started.\n'
mp-2361109,bulk,774144,6193152,64x72x168,Q,Q_hpez_b4,1.9073492486233263e-06,1.3219820724484095e-09,RuntimeError: hpez rc=-6 stderr='corrupted double-linked list (not small)\n' stdout='====================================== BEGIN TUNING ================================\nABS QoI eb: 1.90735e-06\n64 12096 2 4.10367\nPointwise QoI eb rate: 2\nPredictor tuning started.\n'
mp-2361109,bulk,774144,6193152,64x72x168,Q,Q_hpez_b4,1.907348790519403e-06,1.3219817549369867e-09,RuntimeError: hpez rc=-6 stderr='corrupted double-linked list (not small)\n' stdout='====================================== BEGIN TUNING ================================\nABS QoI eb: 1.90735e-06\n64 12096 2 4.10367\nPointwise QoI eb rate: 2\nPredictor tuning started.\n'
mp-2361109,bulk,774144,6193152,64x72x168,Q,Q_hpez_b4,1.907348675993441e-06,1.321981675559144e-09,RuntimeError: hpez rc=-6 stderr='corrupted double-linked list (not small)\n' stdout='====================================== BEGIN TUNING ================================\nABS QoI eb: 1.90735e-06\n64 12096 2 4.10367\nPointwise QoI eb rate: 2\nPredictor tuning started.\n'
mp-2361109,bulk,774144,6193152,64x72x168,Q,Q_hpez_b4,1.9073486473619515e-06,1.321981655714684e-09,RuntimeError: hpez rc=-6 stderr='corrupted double-linked list (not small)\n' stdout='====================================== BEGIN TUNING ================================\nABS QoI eb: 1.90735e-06\n64 12096 2 4.10367\nPointwise QoI eb rate: 2\nPredictor tuning started.\n'
mp-2361109,bulk,774144,6193152,64x72x168,Q,Q_hpez_b4,1.9073486330462066e-06,1.321981645792454e-09,RuntimeError: hpez rc=-6 stderr='corrupted double-linked list (not small)\n' stdout='====================================== BEGIN TUNING ================================\nABS QoI eb: 1.90735e-06\n64 12096 2 4.10367\nPointwise QoI eb rate: 2\nPredictor tuning started.\n'
mp-2361109,bulk,774144,6193152,64x72x168,Q,Q_hpez_b8,2.5656928087520907e-06,1.778279410038922e-09,RuntimeError: hpez rc=-6 stderr='double free or corruption (out)\n' stdout='====================================== BEGIN TUNING ================================\nABS QoI eb: 2.56569e-06\n512 1512 2 11.6069\nPointwise QoI eb rate: 3\nPredictor tuning started.\n'
mp-2361109,bulk,774144,6193152,64x72x168,Q,Q_hpez_b8,1.5504389027888252e-06,1.0746078283213175e-09,RuntimeError: hpez rc=-6 stderr='free(): invalid next size (normal)\n' stdout='====================================== BEGIN TUNING ================================\nABS QoI eb: 1.55044e-06\n512 1512 2 11.6069\nPointwise QoI eb rate: 3\nPredictor tuning started.\n'
mp-2361109,bulk,774144,6193152,64x72x168,Q,Q_hpez_b8,1.3669957266590045e-06,9.474635256553767e-10,RuntimeError: hpez rc=-6 stderr='double free or corruption (out)\n' stdout='====================================== BEGIN TUNING ================================\nABS QoI eb: 1.367e-06\n512 1512 2 11.6069\nPointwise QoI eb rate: 3\nPredictor tuning started.\n'
mp-2361109,bulk,774144,6193152,64x72x168,Q,Q_hpez_b8,1.2835813754513224e-06,8.89649112819834e-10,RuntimeError: hpez rc=-6 stderr='free(): corrupted unsorted chunks\n' stdout='====================================== BEGIN TUNING ================================\nABS QoI eb: 1.28358e-06\n512 1512 2 11.6069\nPointwise QoI eb rate: 3\nPredictor tuning started.\n'
mp-2361109,bulk,774144,6193152,64x72x168,Q,Q_hpez_b8,1.2735190277584475e-06,8.826749085589602e-10,RuntimeError: hpez rc=-6 stderr='malloc(): invalid size (unsorted)\n' stdout='====================================== BEGIN TUNING ================================\nABS QoI eb: 1.27352e-06\n512 1512 2 11.6069\nPointwise QoI eb rate: 3\nPredictor tuning started.\n'
mp-2361109,bulk,774144,6193152,64x72x168,Q,Q_hpez_b8,1.2722667933815365e-06,8.818069860230246e-10,RuntimeError: hpez rc=-6 stderr='malloc(): unsorted double linked list corrupted\n' stdout='====================================== BEGIN TUNING ================================\nABS QoI eb: 1.27227e-06\n512 1512 2 11.6069\nPointwise QoI eb rate: 3\nPredictor tuning started.\n'
mp-2361109,bulk,774144,6193152,64x72x168,Q,Q_hpez_b8,1.2716411380083263e-06,8.813733448387938e-10,RuntimeError: hpez rc=-6 stderr='corrupted double-linked list\n' stdout='====================================== BEGIN TUNING ================================\nABS QoI eb: 1.27164e-06\n512 1512 2 11.6069\nPointwise QoI eb rate: 3\nPredictor tuning started.\n'
mp-2361109,bulk,774144,6193152,64x72x168,Q,Q_hpez_b8,1.2716020447648407e-06,8.813462493464086e-10,RuntimeError: hpez rc=-6 stderr='corrupted double-linked list\n' stdout='====================================== BEGIN TUNING ================================\nABS QoI eb: 1.2716e-06\n512 1512 2 11.6069\nPointwise QoI eb rate: 3\nPredictor tuning started.\n'
mp-2361109,bulk,774144,6193152,64x72x168,Q,Q_hpez_b8,1.2715824985937822e-06,8.81332701912585e-10,RuntimeError: hpez rc=-6 stderr='corrupted double-linked list\n' stdout='====================================== BEGIN TUNING ================================\nABS QoI eb: 1.27158e-06\n512 1512 2 11.6069\nPointwise QoI eb rate: 3\nPredictor tuning started.\n'
mp-2361109,bulk,774144,6193152,64x72x168,Q,Q_hpez_b8,1.2715727256209218e-06,8.81325928273764e-10,RuntimeError: hpez rc=-6 stderr='corrupted double-linked list\n' stdout='====================================== BEGIN TUNING ================================\nABS QoI eb: 1.27157e-06\n512 1512 2 11.6069\nPointwise QoI eb rate: 3\nPredictor tuning started.\n'
mp-2361109,bulk,774144,6193152,64x72x168,Q,Q_hpez_b8,1.2715678391626589e-06,8.813225414738761e-10,RuntimeError: hpez rc=-6 stderr='corrupted double-linked list\n' stdout='====================================== BEGIN TUNING ================================\nABS QoI eb: 1.27157e-06\n512 1512 2 11.6069\nPointwise QoI eb rate: 3\nPredictor tuning started.\n'
mp-2361109,bulk,774144,6193152,64x72x168,Q,Q_hpez_b8,1.271566617551028e-06,8.813216947759383e-10,RuntimeError: hpez rc=-6 stderr='corrupted double-linked list\n' stdout='====================================== BEGIN TUNING ================================\nABS QoI eb: 1.27157e-06\n512 1512 2 11.6069\nPointwise QoI eb rate: 3\nPredictor tuning started.\n'
mp-2361109,bulk,774144,6193152,64x72x168,Q,Q_hpez_b8,1.271566006745653e-06,8.813212714272745e-10,RuntimeError: hpez rc=-6 stderr='corrupted double-linked list\n' stdout='====================================== BEGIN TUNING ================================\nABS QoI eb: 1.27157e-06\n512 1512 2 11.6069\nPointwise QoI eb rate: 3\nPredictor tuning started.\n'
mp-2361109,bulk,774144,6193152,64x72x168,Q,Q_hpez_b8,1.271565854044355e-06,8.813211655901404e-10,RuntimeError: hpez rc=-6 stderr='corrupted double-linked list\n' stdout='====================================== BEGIN TUNING ================================\nABS QoI eb: 1.27157e-06\n512 1512 2 11.6069\nPointwise QoI eb rate: 3\nPredictor tuning started.\n'
mp-2361109,bulk,774144,6193152,64x72x168,Q,Q_hpez_b8,1.2715657776937118e-06,8.813211126715773e-10,RuntimeError: hpez rc=-6 stderr='corrupted double-linked list\n' stdout='====================================== BEGIN TUNING ================================\nABS QoI eb: 1.27157e-06\n512 1512 2 11.6069\nPointwise QoI eb rate: 3\nPredictor tuning started.\n'
mp-2361109,bulk,774144,6193152,64x72x168,Q,Q_hpez_b8,1.2715657586060522e-06,8.813210994419373e-10,RuntimeError: hpez rc=-6 stderr='corrupted double-linked list\n' stdout='====================================== BEGIN TUNING ================================\nABS QoI eb: 1.27157e-06\n512 1512 2 11.6069\nPointwise QoI eb rate: 3\nPredictor tuning started.\n'
mp-2361109,bulk,774144,6193152,64x72x168,Q,Q_hpez_b8,1.2715657562200938e-06,8.813210977882316e-10,RuntimeError: hpez rc=-6 stderr='corrupted double-linked list\n' stdout='====================================== BEGIN TUNING ================================\nABS QoI eb: 1.27157e-06\n512 1512 2 11.6069\nPointwise QoI eb rate: 3\nPredictor tuning started.\n'
mp-2361109,bulk,774144,6193152,64x72x168,Q,Q_hpez_b16,2.5656928087520907e-06,1.778279410038922e-09,RuntimeError: hpez rc=-6 stderr='corrupted double-linked list\n' stdout='====================================== BEGIN TUNING ================================\nABS QoI eb: 2.56569e-06\n4096 220 2 32.8294\nPointwise QoI eb rate: 4\nPredictor tuning started.\n'
mp-2361109,bulk,774144,6193152,64x72x168,Q,Q_hpez_b16,1.5504389027888252e-06,1.0746078283213175e-09,RuntimeError: hpez rc=-6 stderr='malloc(): unsorted double linked list corrupted\n' stdout='====================================== BEGIN TUNING ================================\nABS QoI eb: 1.55044e-06\n4096 220 2 32.8294\nPointwise QoI eb rate: 4\nPredictor tuning started.\n'
mp-2361109,bulk,774144,6193152,64x72x168,Q,Q_hpez_b16,1.2052569845498107e-06,8.35362546957827e-10,RuntimeError: hpez rc=-6 stderr='double free or corruption (out)\n' stdout='====================================== BEGIN TUNING ================================\nABS QoI eb: 1.20526e-06\n4096 220 2 32.8294\nPointwise QoI eb rate: 4\nPredictor tuning started.\n'
mp-2361109,bulk,774144,6193152,64x72x168,Q,Q_hpez_b16,1.0626546743905537e-06,7.365250122712284e-10,RuntimeError: hpez rc=-11 stderr='' stdout='====================================== BEGIN TUNING ================================\nABS QoI eb: 1.06265e-06\n4096 220 2 32.8294\nPointwise QoI eb rate: 4\nPredictor tuning started.\n'
mp-2361109,bulk,774144,6193152,64x72x168,Q,Q_hpez_b16,9.97811274741646e-07,6.915821094890898e-10,RuntimeError: hpez rc=-6 stderr='double free or corruption (out)\n' stdout='====================================== BEGIN TUNING ================================\nABS QoI eb: 9.97811e-07\n4096 220 2 32.8294\nPointwise QoI eb rate: 4\nPredictor tuning started.\n'
mp-2361109,bulk,774144,6193152,64x72x168,Q,Q_hpez_b16,9.668888052058e-07,6.701497732812737e-10,RuntimeError: hpez rc=-6 stderr='double free or corruption (!prev)\n' stdout='====================================== BEGIN TUNING ================================\nABS QoI eb: 9.66889e-07\n4096 220 2 32.8294\nPointwise QoI eb rate: 4\nPredictor tuning started.\n'
mp-2361109,bulk,774144,6193152,64x72x168,Q,Q_hpez_b16,9.59309097736995e-07,6.648962847576615e-10,RuntimeError: hpez rc=-6 stderr='free(): invalid next size (normal)\n' stdout='====================================== BEGIN TUNING ================================\nABS QoI eb: 9.59309e-07\n4096 220 2 32.8294\nPointwise QoI eb rate: 4\nPredictor tuning started.\n'
mp-2361109,bulk,774144,6193152,64x72x168,Q,Q_hpez_b16,9.55541555481235e-07,6.622850045619125e-10,RuntimeError: hpez rc=-6 stderr='malloc(): invalid size (unsorted)\n' stdout='====================================== BEGIN TUNING ================================\nABS QoI eb: 9.55542e-07\n4096 220 2 32.8294\nPointwise QoI eb rate: 4\nPredictor tuning started.\n'
mp-2361109,bulk,774144,6193152,64x72x168,Q,Q_hpez_b16,9.546019841373764e-07,6.616337884968611e-10,RuntimeError: hpez rc=-6 stderr='free(): invalid next size (normal)\n' stdout='====================================== BEGIN TUNING ================================\nABS QoI eb: 9.54602e-07\n4096 220 2 32.8294\nPointwise QoI eb rate: 4\nPredictor tuning started.\n'
mp-2361109,bulk,774144,6193152,64x72x168,Q,Q_hpez_b16,9.541325449727614e-07,6.613084206282476e-10,RuntimeError: hpez rc=-6 stderr='corrupted double-linked list\n' stdout='====================================== BEGIN TUNING ================================\nABS QoI eb: 9.54133e-07\n4096 220 2 32.8294\nPointwise QoI eb rate: 4\nPredictor tuning started.\n'
mp-2361109,bulk,774144,6193152,64x72x168,Q,Q_hpez_b16,9.538979119675825e-07,6.611457967004717e-10,RuntimeError: hpez rc=-6 stderr='malloc(): invalid size (unsorted)\n' stdout='====================================== BEGIN TUNING ================================\nABS QoI eb: 9.53898e-07\n4096 220 2 32.8294\nPointwise QoI eb rate: 4\nPredictor tuning started.\n'
mp-2361109,bulk,774144,6193152,64x72x168,Q,Q_hpez_b16,9.537806171030642e-07,6.610644997339118e-10,RuntimeError: hpez rc=-6 stderr='corrupted double-linked list\n' stdout='====================================== BEGIN TUNING ================================\nABS QoI eb: 9.53781e-07\n4096 220 2 32.8294\nPointwise QoI eb rate: 4\nPredictor tuning started.\n'
mp-2361109,bulk,774144,6193152,64x72x168,Q,Q_hpez_b16,9.53721975079548e-07,6.610238549994268e-10,RuntimeError: hpez rc=-6 stderr='corrupted double-linked list\n' stdout='====================================== BEGIN TUNING ================================\nABS QoI eb: 9.53722e-07\n4096 220 2 32.8294\nPointwise QoI eb rate: 4\nPredictor tuning started.\n'
mp-2361109,bulk,774144,6193152,64x72x168,Q,Q_hpez_b16,9.536926554198791e-07,6.610035335693162e-10,RuntimeError: hpez rc=-6 stderr='corrupted double-linked list\n' stdout='====================================== BEGIN TUNING ================================\nABS QoI eb: 9.53693e-07\n4096 220 2 32.8294\nPointwise QoI eb rate: 4\nPredictor tuning started.\n'
mp-2361109,bulk,774144,6193152,64x72x168,Q,Q_hpez_b16,9.536779959280542e-07,6.60993373088535e-10,RuntimeError: hpez rc=-6 stderr='corrupted double-linked list\n' stdout='====================================== BEGIN TUNING ================================\nABS QoI eb: 9.53678e-07\n4096 220 2 32.8294\nPointwise QoI eb rate: 4\nPredictor tuning started.\n'
mp-2361109,bulk,774144,6193152,64x72x168,Q,Q_hpez_b16,9.536743310903069e-07,6.609908329927426e-10,RuntimeError: hpez rc=-6 stderr='corrupted double-linked list\n' stdout='====================================== BEGIN TUNING ================================\nABS QoI eb: 9.53674e-07\n4096 220 2 32.8294\nPointwise QoI eb rate: 4\nPredictor tuning started.\n'
mp-2361109,bulk,774144,6193152,64x72x168,Q,Q_hpez_b16,9.53674316774562e-07,6.609908230705128e-10,RuntimeError: hpez rc=-6 stderr='corrupted double-linked list\n' stdout='====================================== BEGIN TUNING ================================\nABS QoI eb: 9.53674e-07\n4096 220 2 32.8294\nPointwise QoI eb rate: 4\nPredictor tuning started.\n'
mp-2361109,bulk,774144,6193152,64x72x168,Q,Q_sz3_b4,2.5656928087520907e-06,1.778279410038922e-09,RuntimeError: hpez rc=-11 stderr='' stdout='====================================== BEGIN TUNING ================================\nABS QoI eb: 2.56569e-06\n64 12096 2 3.2383\nPointwise QoI eb rate: 2\n'
mp-2361109,bulk,774144,6193152,64x72x168,Q,Q_sz3_b4,3.421406348818228e-07,2.3713737056616536e-10,RuntimeError: hpez rc=-6 stderr='free(): invalid next size (normal)\n' stdout='====================================== BEGIN TUNING ================================\nABS QoI eb: 3.42141e-07\n64 12096 2 3.2383\nPointwise QoI eb rate: 2\n'
mp-2361109,bulk,774144,6193152,64x72x168,Q,Q_sz3_b4,1.249409077413856e-07,8.659643233600636e-11,RuntimeError: hpez rc=-6 stderr='malloc(): invalid size (unsorted)\n' stdout='====================================== BEGIN TUNING ================================\nABS QoI eb: 1.24941e-07\n64 12096 2 3.2383\nPointwise QoI eb rate: 2\n'
mp-2361109,bulk,774144,6193152,64x72x168,Q,Q_sz3_b4,1.210689516799409e-07,8.391278302414996e-11,RuntimeError: hpez rc=-6 stderr='malloc(): unsorted double linked list corrupted\n' stdout='====================================== BEGIN TUNING ================================\nABS QoI eb: 1.21069e-07\n64 12096 2 3.2383\nPointwise QoI eb rate: 2\n'
mp-2361109,bulk,774144,6193152,64x72x168,Q,Q_sz3_b4,1.2011985884491352e-07,8.325496762201476e-11,RuntimeError: hpez rc=-6 stderr='malloc(): unsorted double linked list corrupted\n' stdout='====================================== BEGIN TUNING ================================\nABS QoI eb: 1.2012e-07\n64 12096 2 3.2383\nPointwise QoI eb rate: 2\n'
mp-2361109,bulk,774144,6193152,64x72x168,Q,Q_sz3_b4,1.1964810615850461e-07,8.292799625349791e-11,RuntimeError: hpez rc=-6 stderr='corrupted size vs. prev_size while consolidating\n' stdout='====================================== BEGIN TUNING ================================\nABS QoI eb: 1.19648e-07\n64 12096 2 3.2383\nPointwise QoI eb rate: 2\n'
mp-2361109,bulk,774144,6193152,64x72x168,Q,Q_sz3_b4,1.194129250473996e-07,8.276499243399095e-11,RuntimeError: hpez rc=-6 stderr='corrupted size vs. prev_size while consolidating\n' stdout='====================================== BEGIN TUNING ================================\nABS QoI eb: 1.19413e-07\n64 12096 2 3.2383\nPointwise QoI eb rate: 2\n'
mp-2361109,bulk,774144,6193152,64x72x168,Q,Q_sz3_b4,1.192955079012616e-07,8.268361071414887e-11,RuntimeError: hpez rc=-6 stderr='corrupted size vs. prev_size while consolidating\n' stdout='====================================== BEGIN TUNING ================================\nABS QoI eb: 1.19296e-07\n64 12096 2 3.2383\nPointwise QoI eb rate: 2\n'
mp-2361109,bulk,774144,6193152,64x72x168,Q,Q_sz3_b4,1.1923684263081162e-07,8.264294986723465e-11,RuntimeError: hpez rc=-6 stderr='free(): corrupted unsorted chunks\n' stdout='====================================== BEGIN TUNING ================================\nABS QoI eb: 1.19237e-07\n64 12096 2 3.2383\nPointwise QoI eb rate: 2\n'
mp-2361109,bulk,774144,6193152,64x72x168,Q,Q_sz3_b4,1.192221808214854e-07,8.263278778019531e-11,RuntimeError: hpez rc=-6 stderr='double free or corruption (!prev)\n' stdout='====================================== BEGIN TUNING ================================\nABS QoI eb: 1.19222e-07\n64 12096 2 3.2383\nPointwise QoI eb rate: 2\n'
mp-2361109,bulk,774144,6193152,64x72x168,Q,Q_sz3_b4,1.1921485059291288e-07,8.262770720527344e-11,RuntimeError: hpez rc=-6 stderr='corrupted double-linked list\n' stdout='====================================== BEGIN TUNING ================================\nABS QoI eb: 1.19215e-07\n64 12096 2 3.2383\nPointwise QoI eb rate: 2\n'
mp-2361109,bulk,774144,6193152,64x72x168,Q,Q_sz3_b4,1.1921118564763724e-07,8.262516703495359e-11,RuntimeError: hpez rc=-6 stderr='corrupted size vs. prev_size while consolidating\n' stdout='====================================== BEGIN TUNING ================================\nABS QoI eb: 1.19211e-07\n64 12096 2 3.2383\nPointwise QoI eb rate: 2\n'
mp-2361109,bulk,774144,6193152,64x72x168,Q,Q_sz3_b4,1.1920935321725045e-07,8.262389697907783e-11,RuntimeError: hpez rc=-6 stderr='double free or corruption (!prev)\n' stdout='====================================== BEGIN TUNING ================================\nABS QoI eb: 1.19209e-07\n64 12096 2 3.2383\nPointwise QoI eb rate: 2\n'
mp-2361109,bulk,774144,6193152,64x72x168,Q,Q_sz3_b4,1.1920929595425478e-07,8.262385729014631e-11,RuntimeError: hpez rc=-6 stderr='double free or corruption (!prev)\n' stdout='====================================== BEGIN TUNING ================================\nABS QoI eb: 1.19209e-07\n64 12096 2 3.2383\nPointwise QoI eb rate: 2\n'
mp-2361109,bulk,774144,6193152,64x72x168,Q,Q_sz3_b4,1.192092923753185e-07,8.262385480958877e-11,RuntimeError: hpez rc=-6 stderr='double free or corruption (!prev)\n' stdout='====================================== BEGIN TUNING ================================\nABS QoI eb: 1.19209e-07\n64 12096 2 3.2383\nPointwise QoI eb rate: 2\n'
mp-2361109,bulk,774144,6193152,64x72x168,Q,Q_sz3_b4,1.192092905858504e-07,8.262385356931002e-11,RuntimeError: hpez rc=-6 stderr='double free or corruption (!prev)\n' stdout='====================================== BEGIN TUNING ================================\nABS QoI eb: 1.19209e-07\n64 12096 2 3.2383\nPointwise QoI eb rate: 2\n'
mp-2361109,bulk,774144,6193152,64x72x168,Q,Q_sz3_b4,1.1920928969111637e-07,8.262385294917066e-11,RuntimeError: hpez rc=-6 stderr='double free or corruption (!prev)\n' stdout='====================================== BEGIN TUNING ================================\nABS QoI eb: 1.19209e-07\n64 12096 2 3.2383\nPointwise QoI eb rate: 2\n'
mp-2361109,bulk,774144,6193152,64x72x168,Q,Q_sz3_b4,1.1920928957927456e-07,8.26238528716532e-11,RuntimeError: hpez rc=-6 stderr='double free or corruption (!prev)\n' stdout='====================================== BEGIN TUNING ================================\nABS QoI eb: 1.19209e-07\n64 12096 2 3.2383\nPointwise QoI eb rate: 2\n'
mp-2361109,bulk,774144,6193152,64x72x168,Q,Q_sz3_b8,2.5656928087520907e-06,1.778279410038922e-09,RuntimeError: hpez rc=-11 stderr='' stdout='====================================== BEGIN TUNING ================================\nABS QoI eb: 2.56569e-06\n512 1512 2 9.15929\nPointwise QoI eb rate: 2\n'
mp-2361109,bulk,774144,6193152,64x72x168,Q,Q_sz3_b8,3.421406348818228e-07,2.3713737056616536e-10,RuntimeError: hpez rc=-6 stderr='free(): invalid next size (normal)\n' stdout='====================================== BEGIN TUNING ================================\nABS QoI eb: 3.42141e-07\n512 1512 2 9.15929\nPointwise QoI eb rate: 2\n'
mp-2361109,bulk,774144,6193152,64x72x168,Q,Q_sz3_b8,1.249409077413856e-07,8.659643233600636e-11,RuntimeError: hpez rc=-6 stderr='malloc(): invalid size (unsorted)\n' stdout='====================================== BEGIN TUNING ================================\nABS QoI eb: 1.24941e-07\n512 1512 2 9.15929\nPointwise QoI eb rate: 2\n'
mp-2361109,bulk,774144,6193152,64x72x168,Q,Q_sz3_b8,1.210689516799409e-07,8.391278302414996e-11,RuntimeError: hpez rc=-6 stderr='malloc(): unsorted double linked list corrupted\n' stdout='====================================== BEGIN TUNING ================================\nABS QoI eb: 1.21069e-07\n512 1512 2 9.15929\nPointwise QoI eb rate: 2\n'
mp-2361109,bulk,774144,6193152,64x72x168,Q,Q_sz3_b8,1.2011985884491352e-07,8.325496762201476e-11,RuntimeError: hpez rc=-6 stderr='malloc(): unsorted double linked list corrupted\n' stdout='====================================== BEGIN TUNING ================================\nABS QoI eb: 1.2012e-07\n512 1512 2 9.15929\nPointwise QoI eb rate: 2\n'
mp-2361109,bulk,774144,6193152,64x72x168,Q,Q_sz3_b8,1.1964810615850461e-07,8.292799625349791e-11,RuntimeError: hpez rc=-6 stderr='corrupted size vs. prev_size while consolidating\n' stdout='====================================== BEGIN TUNING ================================\nABS QoI eb: 1.19648e-07\n512 1512 2 9.15929\nPointwise QoI eb rate: 2\n'
mp-2361109,bulk,774144,6193152,64x72x168,Q,Q_sz3_b8,1.194129250473996e-07,8.276499243399095e-11,RuntimeError: hpez rc=-6 stderr='corrupted size vs. prev_size while consolidating\n' stdout='====================================== BEGIN TUNING ================================\nABS QoI eb: 1.19413e-07\n512 1512 2 9.15929\nPointwise QoI eb rate: 2\n'
mp-2361109,bulk,774144,6193152,64x72x168,Q,Q_sz3_b8,1.192955079012616e-07,8.268361071414887e-11,RuntimeError: hpez rc=-6 stderr='corrupted size vs. prev_size while consolidating\n' stdout='====================================== BEGIN TUNING ================================\nABS QoI eb: 1.19296e-07\n512 1512 2 9.15929\nPointwise QoI eb rate: 2\n'
mp-2361109,bulk,774144,6193152,64x72x168,Q,Q_sz3_b8,1.1923684263081162e-07,8.264294986723465e-11,RuntimeError: hpez rc=-6 stderr='free(): corrupted unsorted chunks\n' stdout='====================================== BEGIN TUNING ================================\nABS QoI eb: 1.19237e-07\n512 1512 2 9.15929\nPointwise QoI eb rate: 2\n'
mp-2361109,bulk,774144,6193152,64x72x168,Q,Q_sz3_b8,1.192221808214854e-07,8.263278778019531e-11,RuntimeError: hpez rc=-6 stderr='double free or corruption (!prev)\n' stdout='====================================== BEGIN TUNING ================================\nABS QoI eb: 1.19222e-07\n512 1512 2 9.15929\nPointwise QoI eb rate: 2\n'
mp-2361109,bulk,774144,6193152,64x72x168,Q,Q_sz3_b8,1.1921485059291288e-07,8.262770720527344e-11,RuntimeError: hpez rc=-6 stderr='corrupted double-linked list\n' stdout='====================================== BEGIN TUNING ================================\nABS QoI eb: 1.19215e-07\n512 1512 2 9.15929\nPointwise QoI eb rate: 2\n'
mp-2361109,bulk,774144,6193152,64x72x168,Q,Q_sz3_b8,1.1921118564763724e-07,8.262516703495359e-11,RuntimeError: hpez rc=-6 stderr='corrupted size vs. prev_size while consolidating\n' stdout='====================================== BEGIN TUNING ================================\nABS QoI eb: 1.19211e-07\n512 1512 2 9.15929\nPointwise QoI eb rate: 2\n'
mp-2361109,bulk,774144,6193152,64x72x168,Q,Q_sz3_b8,1.1920935321725045e-07,8.262389697907783e-11,RuntimeError: hpez rc=-6 stderr='double free or corruption (!prev)\n' stdout='====================================== BEGIN TUNING ================================\nABS QoI eb: 1.19209e-07\n512 1512 2 9.15929\nPointwise QoI eb rate: 2\n'
mp-2361109,bulk,774144,6193152,64x72x168,Q,Q_sz3_b8,1.1920929595425478e-07,8.262385729014631e-11,RuntimeError: hpez rc=-6 stderr='double free or corruption (!prev)\n' stdout='====================================== BEGIN TUNING ================================\nABS QoI eb: 1.19209e-07\n512 1512 2 9.15929\nPointwise QoI eb rate: 2\n'
mp-2361109,bulk,774144,6193152,64x72x168,Q,Q_sz3_b8,1.192092923753185e-07,8.262385480958877e-11,RuntimeError: hpez rc=-6 stderr='double free or corruption (!prev)\n' stdout='====================================== BEGIN TUNING ================================\nABS QoI eb: 1.19209e-07\n512 1512 2 9.15929\nPointwise QoI eb rate: 2\n'
mp-2361109,bulk,774144,6193152,64x72x168,Q,Q_sz3_b8,1.192092905858504e-07,8.262385356931002e-11,RuntimeError: hpez rc=-6 stderr='double free or corruption (!prev)\n' stdout='====================================== BEGIN TUNING ================================\nABS QoI eb: 1.19209e-07\n512 1512 2 9.15929\nPointwise QoI eb rate: 2\n'
mp-2361109,bulk,774144,6193152,64x72x168,Q,Q_sz3_b8,1.1920928969111637e-07,8.262385294917066e-11,RuntimeError: hpez rc=-6 stderr='double free or corruption (!prev)\n' stdout='====================================== BEGIN TUNING ================================\nABS QoI eb: 1.19209e-07\n512 1512 2 9.15929\nPointwise QoI eb rate: 2\n'
mp-2361109,bulk,774144,6193152,64x72x168,Q,Q_sz3_b8,1.1920928957927456e-07,8.26238528716532e-11,RuntimeError: hpez rc=-6 stderr='double free or corruption (!prev)\n' stdout='====================================== BEGIN TUNING ================================\nABS QoI eb: 1.19209e-07\n512 1512 2 9.15929\nPointwise QoI eb rate: 2\n'
mp-2361109,bulk,774144,6193152,64x72x168,Q,Q_sz3_b16,2.5656928087520907e-06,1.778279410038922e-09,RuntimeError: hpez rc=-11 stderr='' stdout='====================================== BEGIN TUNING ================================\nABS QoI eb: 2.56569e-06\n4096 220 2 25.9064\nPointwise QoI eb rate: 2\n'
mp-2361109,bulk,774144,6193152,64x72x168,Q,Q_sz3_b16,3.421406348818228e-07,2.3713737056616536e-10,RuntimeError: hpez rc=-6 stderr='free(): invalid next size (normal)\n' stdout='====================================== BEGIN TUNING ================================\nABS QoI eb: 3.42141e-07\n4096 220 2 25.9064\nPointwise QoI eb rate: 2\n'
mp-2361109,bulk,774144,6193152,64x72x168,Q,Q_sz3_b16,1.249409077413856e-07,8.659643233600636e-11,RuntimeError: hpez rc=-6 stderr='malloc(): invalid size (unsorted)\n' stdout='====================================== BEGIN TUNING ================================\nABS QoI eb: 1.24941e-07\n4096 220 2 25.9064\nPointwise QoI eb rate: 2\n'
mp-2361109,bulk,774144,6193152,64x72x168,Q,Q_sz3_b16,1.210689516799409e-07,8.391278302414996e-11,RuntimeError: hpez rc=-6 stderr='malloc(): unsorted double linked list corrupted\n' stdout='====================================== BEGIN TUNING ================================\nABS QoI eb: 1.21069e-07\n4096 220 2 25.9064\nPointwise QoI eb rate: 2\n'
mp-2361109,bulk,774144,6193152,64x72x168,Q,Q_sz3_b16,1.2011985884491352e-07,8.325496762201476e-11,RuntimeError: hpez rc=-6 stderr='malloc(): unsorted double linked list corrupted\n' stdout='====================================== BEGIN TUNING ================================\nABS QoI eb: 1.2012e-07\n4096 220 2 25.9064\nPointwise QoI eb rate: 2\n'
mp-2361109,bulk,774144,6193152,64x72x168,Q,Q_sz3_b16,1.1964810615850461e-07,8.292799625349791e-11,RuntimeError: hpez rc=-6 stderr='corrupted size vs. prev_size while consolidating\n' stdout='====================================== BEGIN TUNING ================================\nABS QoI eb: 1.19648e-07\n4096 220 2 25.9064\nPointwise QoI eb rate: 2\n'
mp-2361109,bulk,774144,6193152,64x72x168,Q,Q_sz3_b16,1.194129250473996e-07,8.276499243399095e-11,RuntimeError: hpez rc=-6 stderr='corrupted size vs. prev_size while consolidating\n' stdout='====================================== BEGIN TUNING ================================\nABS QoI eb: 1.19413e-07\n4096 220 2 25.9064\nPointwise QoI eb rate: 2\n'
mp-2361109,bulk,774144,6193152,64x72x168,Q,Q_sz3_b16,1.192955079012616e-07,8.268361071414887e-11,RuntimeError: hpez rc=-6 stderr='corrupted size vs. prev_size while consolidating\n' stdout='====================================== BEGIN TUNING ================================\nABS QoI eb: 1.19296e-07\n4096 220 2 25.9064\nPointwise QoI eb rate: 2\n'
mp-2361109,bulk,774144,6193152,64x72x168,Q,Q_sz3_b16,1.1923684263081162e-07,8.264294986723465e-11,RuntimeError: hpez rc=-6 stderr='free(): corrupted unsorted chunks\n' stdout='====================================== BEGIN TUNING ================================\nABS QoI eb: 1.19237e-07\n4096 220 2 25.9064\nPointwise QoI eb rate: 2\n'
mp-2361109,bulk,774144,6193152,64x72x168,Q,Q_sz3_b16,1.192221808214854e-07,8.263278778019531e-11,RuntimeError: hpez rc=-6 stderr='double free or corruption (!prev)\n' stdout='====================================== BEGIN TUNING ================================\nABS QoI eb: 1.19222e-07\n4096 220 2 25.9064\nPointwise QoI eb rate: 2\n'
mp-2361109,bulk,774144,6193152,64x72x168,Q,Q_sz3_b16,1.1921485059291288e-07,8.262770720527344e-11,RuntimeError: hpez rc=-6 stderr='corrupted double-linked list\n' stdout='====================================== BEGIN TUNING ================================\nABS QoI eb: 1.19215e-07\n4096 220 2 25.9064\nPointwise QoI eb rate: 2\n'
mp-2361109,bulk,774144,6193152,64x72x168,Q,Q_sz3_b16,1.1921118564763724e-07,8.262516703495359e-11,RuntimeError: hpez rc=-6 stderr='corrupted size vs. prev_size while consolidating\n' stdout='====================================== BEGIN TUNING ================================\nABS QoI eb: 1.19211e-07\n4096 220 2 25.9064\nPointwise QoI eb rate: 2\n'
mp-2361109,bulk,774144,6193152,64x72x168,Q,Q_sz3_b16,1.1920935321725045e-07,8.262389697907783e-11,RuntimeError: hpez rc=-6 stderr='double free or corruption (!prev)\n' stdout='====================================== BEGIN TUNING ================================\nABS QoI eb: 1.19209e-07\n4096 220 2 25.9064\nPointwise QoI eb rate: 2\n'
mp-2361109,bulk,774144,6193152,64x72x168,Q,Q_sz3_b16,1.1920929595425478e-07,8.262385729014631e-11,RuntimeError: hpez rc=-6 stderr='double free or corruption (!prev)\n' stdout='====================================== BEGIN TUNING ================================\nABS QoI eb: 1.19209e-07\n4096 220 2 25.9064\nPointwise QoI eb rate: 2\n'
mp-2361109,bulk,774144,6193152,64x72x168,Q,Q_sz3_b16,1.192092923753185e-07,8.262385480958877e-11,RuntimeError: hpez rc=-6 stderr='double free or corruption (!prev)\n' stdout='====================================== BEGIN TUNING ================================\nABS QoI eb: 1.19209e-07\n4096 220 2 25.9064\nPointwise QoI eb rate: 2\n'
mp-2361109,bulk,774144,6193152,64x72x168,Q,Q_sz3_b16,1.192092905858504e-07,8.262385356931002e-11,RuntimeError: hpez rc=-6 stderr='double free or corruption (!prev)\n' stdout='====================================== BEGIN TUNING ================================\nABS QoI eb: 1.19209e-07\n4096 220 2 25.9064\nPointwise QoI eb rate: 2\n'
mp-2361109,bulk,774144,6193152,64x72x168,Q,Q_sz3_b16,1.1920928969111637e-07,8.262385294917066e-11,RuntimeError: hpez rc=-6 stderr='double free or corruption (!prev)\n' stdout='====================================== BEGIN TUNING ================================\nABS QoI eb: 1.19209e-07\n4096 220 2 25.9064\nPointwise QoI eb rate: 2\n'
mp-2361109,bulk,774144,6193152,64x72x168,Q,Q_sz3_b16,1.1920928957927456e-07,8.26238528716532e-11,RuntimeError: hpez rc=-6 stderr='double free or corruption (!prev)\n' stdout='====================================== BEGIN TUNING ================================\nABS QoI eb: 1.19209e-07\n4096 220 2 25.9064\nPointwise QoI eb rate: 2\n'
mp-2382672,bulk,800000,6400000,100x100x80,Q,Q_hpez_b4,1.483973042148085e-07,3.1622776601683775e-11,RuntimeError: hpez rc=-6 stderr='corrupted double-linked list\n' stdout='line = 0\n\tinterp best adj = 0\nLevel: 2\n\tinterp best interpAlgo = CUBIC\n\tinterp best interpParadigm = MD\n\tinterp best cubic spline = 0\n\tinterp best adj = 1\nLevel: 1\n\tinterp best interpAlgo = CUBIC\n\tinterp best interpParadigm = MD\n\tinterp best cubic spline = 0\n\tinterp best adj = 1\nB-M tuning started.\n'
mp-2382672,bulk,800000,6400000,100x100x80,Q,Q_hpez_b4,1.4379842741821962e-07,3.064277730636851e-11,RuntimeError: hpez rc=-6 stderr='free(): invalid next size (normal)\n' stdout='line = 0\n\tinterp best adj = 0\nLevel: 2\n\tinterp best interpAlgo = CUBIC\n\tinterp best interpParadigm = MD\n\tinterp best cubic spline = 0\n\tinterp best adj = 1\nLevel: 1\n\tinterp best interpAlgo = CUBIC\n\tinterp best interpParadigm = MD\n\tinterp best cubic spline = 0\n\tinterp best adj = 1\nB-M tuning started.\
mp-2382672,bulk,800000,6400000,100x100x80,Q,Q_hpez_b4,1.4267115196685866e-07,3.0402560140999046e-11,RuntimeError: hpez rc=-6 stderr='corrupted size vs. prev_size in fastbins\n' stdout='line = 0\n\tinterp best adj = 0\nLevel: 2\n\tinterp best interpAlgo = CUBIC\n\tinterp best interpParadigm = MD\n\tinterp best cubic spline = 0\n\tinterp best adj = 1\nLevel: 1\n\tinterp best interpAlgo = CUBIC\n\tinterp best interpParadigm = MD\n\tinterp best cubic spline = 0\n\tinterp best adj = 1\nB-M tuning sta
mp-2382672,bulk,800000,6400000,100x100x80,Q,Q_hpez_b4,1.421108324671467e-07,3.0283158656863535e-11,RuntimeError: hpez rc=-6 stderr='double free or corruption (!prev)\n' stdout='line = 0\n\tinterp best adj = 0\nLevel: 2\n\tinterp best interpAlgo = CUBIC\n\tinterp best interpParadigm = MD\n\tinterp best cubic spline = 0\n\tinterp best adj = 1\nLevel: 1\n\tinterp best interpAlgo = CUBIC\n\tinterp best interpParadigm = MD\n\tinterp best cubic spline = 0\n\tinterp best adj = 1\nB-M tuning started.\n
mp-2382672,bulk,800000,6400000,100x100x80,Q,Q_hpez_b4,1.420409474348668e-07,3.026826648092219e-11,RuntimeError: hpez rc=-6 stderr='malloc(): unsorted double linked list corrupted\n' stdout='line = 0\n\tinterp best adj = 0\nLevel: 2\n\tinterp best interpAlgo = CUBIC\n\tinterp best interpParadigm = MD\n\tinterp best cubic spline = 0\n\tinterp best adj = 1\nLevel: 1\n\tinterp best interpAlgo = CUBIC\n\tinterp best interpParadigm = MD\n\tinterp best cubic spline = 0\n\tinterp best adj = 1\nB-M tun
mp-2382672,bulk,800000,6400000,100x100x80,Q,Q_hpez_b4,1.420322142226054e-07,3.0266405473932746e-11,RuntimeError: hpez rc=-6 stderr='double free or corruption (!prev)\n' stdout='line = 0\n\tinterp best adj = 0\nLevel: 2\n\tinterp best interpAlgo = CUBIC\n\tinterp best interpParadigm = MD\n\tinterp best cubic spline = 0\n\tinterp best adj = 1\nLevel: 1\n\tinterp best interpAlgo = CUBIC\n\tinterp best interpParadigm = MD\n\tinterp best cubic spline = 0\n\tinterp best adj = 1\nB-M tuning started.\n
mp-2382672,bulk,800000,6400000,100x100x80,Q,Q_hpez_b4,1.420300310034399e-07,3.026594024006406e-11,RuntimeError: hpez rc=-6 stderr='malloc(): invalid next size (unsorted)\n' stdout='line = 0\n\tinterp best adj = 0\nLevel: 2\n\tinterp best interpAlgo = CUBIC\n\tinterp best interpParadigm = MD\n\tinterp best cubic spline = 0\n\tinterp best adj = 1\nLevel: 1\n\tinterp best interpAlgo = CUBIC\n\tinterp best interpParadigm = MD\n\tinterp best cubic spline = 0\n\tinterp best adj = 1\nB-M tuning start
mp-2382672,bulk,800000,6400000,100x100x80,Q,Q_hpez_b4,1.4202893940644177e-07,3.026570762581144e-11,RuntimeError: hpez rc=-6 stderr='malloc(): invalid next size (unsorted)\n' stdout='line = 0\n\tinterp best adj = 0\nLevel: 2\n\tinterp best interpAlgo = CUBIC\n\tinterp best interpParadigm = MD\n\tinterp best cubic spline = 0\n\tinterp best adj = 1\nLevel: 1\n\tinterp best interpAlgo = CUBIC\n\tinterp best interpParadigm = MD\n\tinterp best cubic spline = 0\n\tinterp best adj = 1\nB-M tuning start
mp-2382672,bulk,800000,6400000,100x100x80,Q,Q_hpez_b4,1.4202887118190804e-07,3.026569308748002e-11,RuntimeError: hpez rc=-6 stderr='malloc(): invalid next size (unsorted)\n' stdout='line = 0\n\tinterp best adj = 0\nLevel: 2\n\tinterp best interpAlgo = CUBIC\n\tinterp best interpParadigm = MD\n\tinterp best cubic spline = 0\n\tinterp best adj = 1\nLevel: 1\n\tinterp best interpAlgo = CUBIC\n\tinterp best interpParadigm = MD\n\tinterp best cubic spline = 0\n\tinterp best adj = 1\nB-M tuning start
mp-2382672,bulk,800000,6400000,100x100x80,Q,Q_hpez_b4,1.4202886265384372e-07,3.0265691270189115e-11,RuntimeError: hpez rc=-6 stderr='malloc(): invalid next size (unsorted)\n' stdout='line = 0\n\tinterp best adj = 0\nLevel: 2\n\tinterp best interpAlgo = CUBIC\n\tinterp best interpParadigm = MD\n\tinterp best cubic spline = 0\n\tinterp best adj = 1\nLevel: 1\n\tinterp best interpAlgo = CUBIC\n\tinterp best interpParadigm = MD\n\tinterp best cubic spline = 0\n\tinterp best adj = 1\nB-M tuning start
mp-2382672,bulk,800000,6400000,100x100x80,Q,Q_hpez_b4,1.4202886052182773e-07,3.02656908158664e-11,RuntimeError: hpez rc=-6 stderr='malloc(): invalid next size (unsorted)\n' stdout='line = 0\n\tinterp best adj = 0\nLevel: 2\n\tinterp best interpAlgo = CUBIC\n\tinterp best interpParadigm = MD\n\tinterp best cubic spline = 0\n\tinterp best adj = 1\nLevel: 1\n\tinterp best interpAlgo = CUBIC\n\tinterp best interpParadigm = MD\n\tinterp best cubic spline = 0\n\tinterp best adj = 1\nB-M tuning start
mp-2382672,bulk,800000,6400000,100x100x80,Q,Q_hpez_b4,1.4202885998882377e-07,3.0265690702285726e-11,RuntimeError: hpez rc=-6 stderr='malloc(): invalid next size (unsorted)\n' stdout='line = 0\n\tinterp best adj = 0\nLevel: 2\n\tinterp best interpAlgo = CUBIC\n\tinterp best interpParadigm = MD\n\tinterp best cubic spline = 0\n\tinterp best adj = 1\nLevel: 1\n\tinterp best interpAlgo = CUBIC\n\tinterp best interpParadigm = MD\n\tinterp best cubic spline = 0\n\tinterp best adj = 1\nB-M tuning start
mp-2382672,bulk,800000,6400000,100x100x80,Q,Q_hpez_b4,1.4202885985557294e-07,3.02656906738906e-11,RuntimeError: hpez rc=-6 stderr='malloc(): invalid next size (unsorted)\n' stdout='line = 0\n\tinterp best adj = 0\nLevel: 2\n\tinterp best interpAlgo = CUBIC\n\tinterp best interpParadigm = MD\n\tinterp best cubic spline = 0\n\tinterp best adj = 1\nLevel: 1\n\tinterp best interpAlgo = CUBIC\n\tinterp best interpParadigm = MD\n\tinterp best cubic spline = 0\n\tinterp best adj = 1\nB-M tuning start
mp-2382672,bulk,800000,6400000,100x100x80,Q,Q_hpez_b8,1.483973042148085e-07,3.1622776601683775e-11,RuntimeError: hpez rc=-6 stderr='free(): invalid next size (normal)\n' stdout='====================================== BEGIN TUNING ================================\nABS QoI eb: 1.48397e-07\n512 1690 2 11.6069\nPointwise QoI eb rate: 3\nPredictor tuning started.\n'
mp-2382672,bulk,800000,6400000,100x100x80,Q,Q_hpez_b8,1.1535887487829756e-07,2.4582440689201985e-11,RuntimeError: hpez rc=-6 stderr='corrupted double-linked list\n' stdout='line = 0\n\tinterp best adj = 0\nLevel: 2\n\tinterp best interpAlgo = CUBIC\n\tinterp best interpParadigm = MD\n\tinterp best cubic spline = 0\n\tinterp best adj = 1\nLevel: 1\n\tinterp best interpAlgo = CUBIC\n\tinterp best interpParadigm = MD\n\tinterp best cubic spline = 0\n\tinterp best adj = 1\nB-M tuning started.\n'
mp-2382672,bulk,800000,6400000,100x100x80,Q,Q_hpez_b8,1.017099665824767e-07,2.1673921695684172e-11,RuntimeError: hpez rc=-6 stderr='corrupted double-linked list\n' stdout='line = 0\n\tinterp best adj = 0\nLevel: 2\n\tinterp best interpAlgo = CUBIC\n\tinterp best interpParadigm = MD\n\tinterp best cubic spline = 0\n\tinterp best adj = 1\nLevel: 1\n\tinterp best interpAlgo = CUBIC\n\tinterp best interpParadigm = MD\n\tinterp best cubic spline = 0\n\tinterp best adj = 1\nB-M tuning started.\n'
mp-2382672,bulk,800000,6400000,100x100x80,Q,Q_hpez_b8,9.550360418618194e-08,2.0351374681736904e-11,RuntimeError: hpez rc=-6 stderr='double free or corruption (!prev)\n' stdout='line = 0\n\tinterp best adj = 0\nLevel: 2\n\tinterp best interpAlgo = CUBIC\n\tinterp best interpParadigm = MD\n\tinterp best cubic spline = 0\n\tinterp best adj = 1\nLevel: 1\n\tinterp best interpAlgo = CUBIC\n\tinterp best interpParadigm = MD\n\tinterp best cubic spline = 0\n\tinterp best adj = 1\nB-M tuning started.\n
mp-2382672,bulk,800000,6400000,100x100x80,Q,Q_hpez_b8,9.47549251467199e-08,2.019183465412965e-11,RuntimeError: hpez rc=-11 stderr='' stdout='line = 0\n\tinterp best adj = 0\nLevel: 2\n\tinterp best interpAlgo = CUBIC\n\tinterp best interpParadigm = MD\n\tinterp best cubic spline = 0\n\tinterp best adj = 1\nLevel: 1\n\tinterp best interpAlgo = CUBIC\n\tinterp best interpParadigm = MD\n\tinterp best cubic spline = 0\n\tinterp best adj = 1\nB-M tuning started.\n'
mp-2382672,bulk,800000,6400000,100x100x80,Q,Q_hpez_b8,9.47083280584642e-08,2.018190503094684e-11,RuntimeError: hpez rc=-6 stderr='free(): invalid next size (normal)\n' stdout='line = 0\n\tinterp best adj = 0\nLevel: 2\n\tinterp best interpAlgo = CUBIC\n\tinterp best interpParadigm = MD\n\tinterp best cubic spline = 0\n\tinterp best adj = 1\nLevel: 1\n\tinterp best interpAlgo = CUBIC\n\tinterp best interpParadigm = MD\n\tinterp best cubic spline = 0\n\tinterp best adj = 1\nB-M tuning started.\
mp-2382672,bulk,800000,6400000,100x100x80,Q,Q_hpez_b8,9.469668236727565e-08,2.0179423388219053e-11,RuntimeError: hpez rc=-6 stderr='free(): invalid next size (normal)\n' stdout='line = 0\n\tinterp best adj = 0\nLevel: 2\n\tinterp best interpAlgo = CUBIC\n\tinterp best interpParadigm = MD\n\tinterp best cubic spline = 0\n\tinterp best adj = 1\nLevel: 1\n\tinterp best interpAlgo = CUBIC\n\tinterp best interpParadigm = MD\n\tinterp best cubic spline = 0\n\tinterp best adj = 1\nB-M tuning started.\
mp-2382672,bulk,800000,6400000,100x100x80,Q,Q_hpez_b8,9.469086005869138e-08,2.0178182681289504e-11,RuntimeError: hpez rc=-6 stderr='double free or corruption (!prev)\n' stdout='line = 0\n\tinterp best adj = 0\nLevel: 2\n\tinterp best interpAlgo = CUBIC\n\tinterp best interpParadigm = MD\n\tinterp best cubic spline = 0\n\tinterp best adj = 1\nLevel: 1\n\tinterp best interpAlgo = CUBIC\n\tinterp best interpParadigm = MD\n\tinterp best cubic spline = 0\n\tinterp best adj = 1\nB-M tuning started.\n
mp-2382672,bulk,800000,6400000,100x100x80,Q,Q_hpez_b8,9.468794903864219e-08,2.0177562356431276e-11,RuntimeError: hpez rc=-6 stderr='malloc(): unsorted double linked list corrupted\n' stdout='line = 0\n\tinterp best adj = 0\nLevel: 2\n\tinterp best interpAlgo = CUBIC\n\tinterp best interpParadigm = MD\n\tinterp best cubic spline = 0\n\tinterp best adj = 1\nLevel: 1\n\tinterp best interpAlgo = CUBIC\n\tinterp best interpParadigm = MD\n\tinterp best cubic spline = 0\n\tinterp best adj = 1\nB-M tun
mp-2382672,bulk,800000,6400000,100x100x80,Q,Q_hpez_b8,9.468649356217712e-08,2.0177252201153534e-11,RuntimeError: hpez rc=-6 stderr='malloc(): unsorted double linked list corrupted\n' stdout='line = 0\n\tinterp best adj = 0\nLevel: 2\n\tinterp best interpAlgo = CUBIC\n\tinterp best interpParadigm = MD\n\tinterp best cubic spline = 0\n\tinterp best adj = 1\nLevel: 1\n\tinterp best interpAlgo = CUBIC\n\tinterp best interpParadigm = MD\n\tinterp best cubic spline = 0\n\tinterp best adj = 1\nB-M tun
mp-2382672,bulk,800000,6400000,100x100x80,Q,Q_hpez_b8,9.468612969655657e-08,2.0177174663079025e-11,RuntimeError: hpez rc=-6 stderr='malloc(): unsorted double linked list corrupted\n' stdout='line = 0\n\tinterp best adj = 0\nLevel: 2\n\tinterp best interpAlgo = CUBIC\n\tinterp best interpParadigm = MD\n\tinterp best cubic spline = 0\n\tinterp best adj = 1\nLevel: 1\n\tinterp best interpAlgo = CUBIC\n\tinterp best interpParadigm = MD\n\tinterp best cubic spline = 0\n\tinterp best adj = 1\nB-M tun
mp-2382672,bulk,800000,6400000,100x100x80,Q,Q_hpez_b8,9.46859477642705e-08,2.0177135894153467e-11,RuntimeError: hpez rc=-6 stderr='double free or corruption (!prev)\n' stdout='line = 0\n\tinterp best adj = 0\nLevel: 2\n\tinterp best interpAlgo = CUBIC\n\tinterp best interpParadigm = MD\n\tinterp best cubic spline = 0\n\tinterp best adj = 1\nLevel: 1\n\tinterp best interpAlgo = CUBIC\n\tinterp best interpParadigm = MD\n\tinterp best cubic spline = 0\n\tinterp best adj = 1\nB-M tuning started.\n
mp-2382672,bulk,800000,6400000,100x100x80,Q,Q_hpez_b8,9.468592502275935e-08,2.0177131048043018e-11,RuntimeError: hpez rc=-6 stderr='Fatal glibc error: malloc.c:4179 (_int_malloc): assertion failed: chunk_main_arena (bck->bk)\n' stdout='line = 0\n\tinterp best adj = 0\nLevel: 2\n\tinterp best interpAlgo = CUBIC\n\tinterp best interpParadigm = MD\n\tinterp best cubic spline = 0\n\tinterp best adj = 1\nLevel: 1\n\tinterp best interpAlgo = CUBIC\n\tinterp best interpParadigm = MD\n\tinterp best cub
mp-2382672,bulk,800000,6400000,100x100x80,Q,Q_hpez_b8,9.468591365200564e-08,2.01771286249882e-11,RuntimeError: hpez rc=-6 stderr='Fatal glibc error: malloc.c:4179 (_int_malloc): assertion failed: chunk_main_arena (bck->bk)\n' stdout='line = 0\n\tinterp best adj = 0\nLevel: 2\n\tinterp best interpAlgo = CUBIC\n\tinterp best interpParadigm = MD\n\tinterp best cubic spline = 0\n\tinterp best adj = 1\nLevel: 1\n\tinterp best interpAlgo = CUBIC\n\tinterp best interpParadigm = MD\n\tinterp best cub
mp-2382672,bulk,800000,6400000,100x100x80,Q,Q_hpez_b8,9.468590796662948e-08,2.017712741346093e-11,RuntimeError: hpez rc=-6 stderr='Fatal glibc error: malloc.c:4179 (_int_malloc): assertion failed: chunk_main_arena (bck->bk)\n' stdout='line = 0\n\tinterp best adj = 0\nLevel: 2\n\tinterp best interpAlgo = CUBIC\n\tinterp best interpParadigm = MD\n\tinterp best cubic spline = 0\n\tinterp best adj = 1\nLevel: 1\n\tinterp best interpAlgo = CUBIC\n\tinterp best interpParadigm = MD\n\tinterp best cub
mp-2382672,bulk,800000,6400000,100x100x80,Q,Q_hpez_b8,9.46859065452855e-08,2.0177127110579127e-11,RuntimeError: hpez rc=-6 stderr='Fatal glibc error: malloc.c:4179 (_int_malloc): assertion failed: chunk_main_arena (bck->bk)\n' stdout='line = 0\n\tinterp best adj = 0\nLevel: 2\n\tinterp best interpAlgo = CUBIC\n\tinterp best interpParadigm = MD\n\tinterp best cubic spline = 0\n\tinterp best adj = 1\nLevel: 1\n\tinterp best interpAlgo = CUBIC\n\tinterp best interpParadigm = MD\n\tinterp best cub
mp-2382672,bulk,800000,6400000,100x100x80,Q,Q_hpez_b16,1.483973042148085e-07,3.1622776601683775e-11,RuntimeError: hpez rc=-6 stderr='free(): corrupted unsorted chunks\n' stdout='====================================== BEGIN TUNING ================================\nABS QoI eb: 1.48397e-07\n4096 245 2 32.8294\nPointwise QoI eb rate: 4\nPredictor tuning started.\n'
mp-2382672,bulk,800000,6400000,100x100x80,Q,Q_hpez_b16,8.967595525807885e-08,1.9109529749704397e-11,RuntimeError: hpez rc=-6 stderr='double free or corruption (!prev)\n' stdout='====================================== BEGIN TUNING ================================\nABS QoI eb: 8.9676e-08\n4096 245 2 32.8294\nPointwise QoI eb rate: 4\nPredictor tuning started.\n'
mp-2382672,bulk,800000,6400000,100x100x80,Q,Q_hpez_b16,7.906577124797181e-08,1.6848548794358374e-11,RuntimeError: hpez rc=-6 stderr='free(): invalid next size (normal)\n' stdout='line = 0\n\tinterp best adj = 0\nLevel: 2\n\tinterp best interpAlgo = CUBIC\n\tinterp best interpParadigm = MD\n\tinterp best cubic spline = 0\n\tinterp best adj = 1\nLevel: 1\n\tinterp best interpAlgo = CUBIC\n\tinterp best interpParadigm = MD\n\tinterp best cubic spline = 0\n\tinterp best adj = 1\nB-M tuning started.\
mp-2382672,bulk,800000,6400000,100x100x80,Q,Q_hpez_b16,7.424116215610334e-08,1.5820446994869053e-11,RuntimeError: hpez rc=-6 stderr='double free or corruption (!prev)\n' stdout='line = 0\n\tinterp best adj = 0\nLevel: 2\n\tinterp best interpAlgo = CUBIC\n\tinterp best interpParadigm = MD\n\tinterp best cubic spline = 0\n\tinterp best adj = 1\nLevel: 1\n\tinterp best interpAlgo = CUBIC\n\tinterp best interpParadigm = MD\n\tinterp best cubic spline = 0\n\tinterp best adj = 1\nB-M tuning started.\n
mp-2382672,bulk,800000,6400000,100x100x80,Q,Q_hpez_b16,7.19404063586982e-08,1.5330166615576883e-11,RuntimeError: hpez rc=-6 stderr='double free or corruption (!prev)\n' stdout='line = 0\n\tinterp best adj = 0\nLevel: 2\n\tinterp best interpAlgo = CUBIC\n\tinterp best interpParadigm = MD\n\tinterp best cubic spline = 0\n\tinterp best adj = 1\nLevel: 1\n\tinterp best interpAlgo = CUBIC\n\tinterp best interpParadigm = MD\n\tinterp best cubic spline = 0\n\tinterp best adj = 1\nB-M tuning started.\n
mp-2382672,bulk,800000,6400000,100x100x80,Q,Q_hpez_b16,7.137644571249979e-08,1.5209989220028927e-11,RuntimeError: hpez rc=-6 stderr='corrupted double-linked list\n' stdout='line = 0\n\tinterp best adj = 0\nLevel: 2\n\tinterp best interpAlgo = CUBIC\n\tinterp best interpParadigm = MD\n\tinterp best cubic spline = 0\n\tinterp best adj = 1\nLevel: 1\n\tinterp best interpAlgo = CUBIC\n\tinterp best interpParadigm = MD\n\tinterp best cubic spline = 0\n\tinterp best adj = 1\nB-M tuning started.\n'
mp-2382672,bulk,800000,6400000,100x100x80,Q,Q_hpez_b16,7.10961254529274e-08,1.5150254274085758e-11,RuntimeError: hpez rc=-6 stderr='double free or corruption (!prev)\n' stdout='line = 0\n\tinterp best adj = 0\nLevel: 2\n\tinterp best interpAlgo = CUBIC\n\tinterp best interpParadigm = MD\n\tinterp best cubic spline = 0\n\tinterp best adj = 1\nLevel: 1\n\tinterp best interpAlgo = CUBIC\n\tinterp best interpParadigm = MD\n\tinterp best cubic spline = 0\n\tinterp best adj = 1\nB-M tuning started.\n
mp-2382672,bulk,800000,6400000,100x100x80,Q,Q_hpez_b16,7.102621757529334e-08,1.5135357229905494e-11,RuntimeError: hpez rc=-6 stderr='corrupted double-linked list\n' stdout='line = 0\n\tinterp best adj = 0\nLevel: 2\n\tinterp best interpAlgo = CUBIC\n\tinterp best interpParadigm = MD\n\tinterp best cubic spline = 0\n\tinterp best adj = 1\nLevel: 1\n\tinterp best interpAlgo = CUBIC\n\tinterp best interpParadigm = MD\n\tinterp best cubic spline = 0\n\tinterp best adj = 1\nB-M tuning started.\n'
mp-2382672,bulk,800000,6400000,100x100x80,Q,Q_hpez_b16,7.101748392522102e-08,1.5133496129620584e-11,RuntimeError: hpez rc=-6 stderr='double free or corruption (!prev)\n' stdout='line = 0\n\tinterp best adj = 0\nLevel: 2\n\tinterp best interpAlgo = CUBIC\n\tinterp best interpParadigm = MD\n\tinterp best cubic spline = 0\n\tinterp best adj = 1\nLevel: 1\n\tinterp best interpAlgo = CUBIC\n\tinterp best interpParadigm = MD\n\tinterp best cubic spline = 0\n\tinterp best adj = 1\nB-M tuning started.\n
mp-2382672,bulk,800000,6400000,100x100x80,Q,Q_hpez_b16,7.101530068050846e-08,1.5133030890307933e-11,RuntimeError: hpez rc=-6 stderr='malloc(): unsorted double linked list corrupted\n' stdout='line = 0\n\tinterp best adj = 0\nLevel: 2\n\tinterp best interpAlgo = CUBIC\n\tinterp best interpParadigm = MD\n\tinterp best cubic spline = 0\n\tinterp best adj = 1\nLevel: 1\n\tinterp best interpAlgo = CUBIC\n\tinterp best interpParadigm = MD\n\tinterp best cubic spline = 0\n\tinterp best adj = 1\nB-M tun
mp-2382672,bulk,800000,6400000,100x100x80,Q,Q_hpez_b16,7.101475487981762e-08,1.5132914582714564e-11,RuntimeError: hpez rc=-6 stderr='malloc(): unsorted double linked list corrupted\n' stdout='line = 0\n\tinterp best adj = 0\nLevel: 2\n\tinterp best interpAlgo = CUBIC\n\tinterp best interpParadigm = MD\n\tinterp best cubic spline = 0\n\tinterp best adj = 1\nLevel: 1\n\tinterp best interpAlgo = CUBIC\n\tinterp best interpParadigm = MD\n\tinterp best cubic spline = 0\n\tinterp best adj = 1\nB-M tun
mp-2382672,bulk,800000,6400000,100x100x80,Q,Q_hpez_b16,7.101448198104526e-08,1.5132856429253092e-11,RuntimeError: hpez rc=-6 stderr='malloc(): invalid next size (unsorted)\n' stdout='line = 0\n\tinterp best adj = 0\nLevel: 2\n\tinterp best interpAlgo = CUBIC\n\tinterp best interpParadigm = MD\n\tinterp best cubic spline = 0\n\tinterp best adj = 1\nLevel: 1\n\tinterp best interpAlgo = CUBIC\n\tinterp best interpParadigm = MD\n\tinterp best cubic spline = 0\n\tinterp best adj = 1\nB-M tuning start
mp-2382672,bulk,800000,6400000,100x100x80,Q,Q_hpez_b16,7.101444786877223e-08,1.5132849160086074e-11,RuntimeError: hpez rc=-6 stderr='malloc(): invalid next size (unsorted)\n' stdout='line = 0\n\tinterp best adj = 0\nLevel: 2\n\tinterp best interpAlgo = CUBIC\n\tinterp best interpParadigm = MD\n\tinterp best cubic spline = 0\n\tinterp best adj = 1\nLevel: 1\n\tinterp best interpAlgo = CUBIC\n\tinterp best interpParadigm = MD\n\tinterp best cubic spline = 0\n\tinterp best adj = 1\nB-M tuning start
mp-2382672,bulk,800000,6400000,100x100x80,Q,Q_hpez_b16,7.101443081264198e-08,1.5132845525503902e-11,RuntimeError: hpez rc=-6 stderr='malloc(): invalid next size (unsorted)\n' stdout='line = 0\n\tinterp best adj = 0\nLevel: 2\n\tinterp best interpAlgo = CUBIC\n\tinterp best interpParadigm = MD\n\tinterp best cubic spline = 0\n\tinterp best adj = 1\nLevel: 1\n\tinterp best interpAlgo = CUBIC\n\tinterp best interpParadigm = MD\n\tinterp best cubic spline = 0\n\tinterp best adj = 1\nB-M tuning start
mp-2382672,bulk,800000,6400000,100x100x80,Q,Q_hpez_b16,7.101443027963799e-08,1.5132845411923222e-11,RuntimeError: hpez rc=-6 stderr='malloc(): invalid next size (unsorted)\n' stdout='line = 0\n\tinterp best adj = 0\nLevel: 2\n\tinterp best interpAlgo = CUBIC\n\tinterp best interpParadigm = MD\n\tinterp best cubic spline = 0\n\tinterp best adj = 1\nLevel: 1\n\tinterp best interpAlgo = CUBIC\n\tinterp best interpParadigm = MD\n\tinterp best cubic spline = 0\n\tinterp best adj = 1\nB-M tuning start
mp-2382672,bulk,800000,6400000,100x100x80,Q,Q_hpez_b16,7.101443001313585e-08,1.513284535513286e-11,RuntimeError: hpez rc=-6 stderr='malloc(): invalid next size (unsorted)\n' stdout='line = 0\n\tinterp best adj = 0\nLevel: 2\n\tinterp best interpAlgo = CUBIC\n\tinterp best interpParadigm = MD\n\tinterp best cubic spline = 0\n\tinterp best adj = 1\nLevel: 1\n\tinterp best interpAlgo = CUBIC\n\tinterp best interpParadigm = MD\n\tinterp best cubic spline = 0\n\tinterp best adj = 1\nB-M tuning start
mp-2382672,bulk,800000,6400000,100x100x80,Q,Q_hpez_b16,7.101442994651032e-08,1.5132845340935267e-11,RuntimeError: hpez rc=-6 stderr='malloc(): invalid next size (unsorted)\n' stdout='line = 0\n\tinterp best adj = 0\nLevel: 2\n\tinterp best interpAlgo = CUBIC\n\tinterp best interpParadigm = MD\n\tinterp best cubic spline = 0\n\tinterp best adj = 1\nLevel: 1\n\tinterp best interpAlgo = CUBIC\n\tinterp best interpParadigm = MD\n\tinterp best cubic spline = 0\n\tinterp best adj = 1\nB-M tuning start
mp-2382672,bulk,800000,6400000,100x100x80,Q,Q_sz3_b4,8.344993670683073e-06,1.7782794100389203e-09,RuntimeError: hpez rc=-6 stderr='munmap_chunk(): invalid pointer\n' stdout='====================================== BEGIN TUNING ================================\nABS QoI eb: 8.34499e-06\n64 12500 2 3.2383\nPointwise QoI eb rate: 2\n'
mp-2382672,bulk,800000,6400000,100x100x80,Q,Q_sz3_b4,1.1128227911123178e-06,2.3713737056616547e-10,RuntimeError: hpez rc=-6 stderr='double free or corruption (!prev)\n' stdout='====================================== BEGIN TUNING ================================\nABS QoI eb: 1.11282e-06\n64 12500 2 3.2383\nPointwise QoI eb rate: 2\n'
mp-2382672,bulk,800000,6400000,100x100x80,Q,Q_sz3_b4,9.811570112456589e-07,2.090800041278717e-10,RuntimeError: hpez rc=-6 stderr='corrupted size vs. prev_size while consolidating\n' stdout='====================================== BEGIN TUNING ================================\nABS QoI eb: 9.81157e-07\n64 12500 2 3.2383\nPointwise QoI eb rate: 2\n'
mp-2382672,bulk,800000,6400000,100x100x80,Q,Q_sz3_b4,9.658341877742205e-07,2.0581478158149088e-10,RuntimeError: hpez rc=-6 stderr='corrupted size vs. prev_size while consolidating\n' stdout='====================================== BEGIN TUNING ================================\nABS QoI eb: 9.65834e-07\n64 12500 2 3.2383\nPointwise QoI eb rate: 2\n'
mp-2382672,bulk,800000,6400000,100x100x80,Q,Q_sz3_b4,9.582627477417312e-07,2.0420134286056998e-10,RuntimeError: hpez rc=-6 stderr='corrupted size vs. prev_size in fastbins\n' stdout='====================================== BEGIN TUNING ================================\nABS QoI eb: 9.58263e-07\n64 12500 2 3.2383\nPointwise QoI eb rate: 2\n'
mp-2382672,bulk,800000,6400000,100x100x80,Q,Q_sz3_b4,9.544993148682676e-07,2.0339937278676926e-10,RuntimeError: hpez rc=-6 stderr='corrupted double-linked list\n' stdout='====================================== BEGIN TUNING ================================\nABS QoI eb: 9.54499e-07\n64 12500 2 3.2383\nPointwise QoI eb rate: 2\n'
mp-2382672,bulk,800000,6400000,100x100x80,Q,Q_sz3_b4,9.540299261927324e-07,2.032993482391244e-10,RuntimeError: hpez rc=-6 stderr='free(): invalid next size (normal)\n' stdout='====================================== BEGIN TUNING ================================\nABS QoI eb: 9.5403e-07\n64 12500 2 3.2383\nPointwise QoI eb rate: 2\n'
mp-2382672,bulk,800000,6400000,100x100x80,Q,Q_sz3_b4,9.53795318422782e-07,2.0324935441250194e-10,RuntimeError: hpez rc=-6 stderr='corrupted size vs. prev_size while consolidating\n' stdout='====================================== BEGIN TUNING ================================\nABS QoI eb: 9.53795e-07\n64 12500 2 3.2383\nPointwise QoI eb rate: 2\n'
mp-2382672,bulk,800000,6400000,100x100x80,Q,Q_sz3_b4,9.53678036173551e-07,2.032243621096673e-10,RuntimeError: hpez rc=-6 stderr='corrupted double-linked list\n' stdout='====================================== BEGIN TUNING ================================\nABS QoI eb: 9.53678e-07\n64 12500 2 3.2383\nPointwise QoI eb rate: 2\n'
mp-2382672,bulk,800000,6400000,100x100x80,Q,Q_sz3_b4,9.536743713356488e-07,2.0322358114972415e-10,RuntimeError: hpez rc=-6 stderr='corrupted double-linked list\n' stdout='====================================== BEGIN TUNING ================================\nABS QoI eb: 9.53674e-07\n64 12500 2 3.2383\nPointwise QoI eb rate: 2\n'
mp-2382672,bulk,800000,6400000,100x100x80,Q,Q_sz3_b4,9.536743427041586e-07,2.0322357504848648e-10,RuntimeError: hpez rc=-6 stderr='corrupted double-linked list\n' stdout='====================================== BEGIN TUNING ================================\nABS QoI eb: 9.53674e-07\n64 12500 2 3.2383\nPointwise QoI eb rate: 2\n'
mp-2382672,bulk,800000,6400000,100x100x80,Q,Q_sz3_b4,9.536743283884136e-07,2.032235719978677e-10,RuntimeError: hpez rc=-6 stderr='corrupted double-linked list\n' stdout='====================================== BEGIN TUNING ================================\nABS QoI eb: 9.53674e-07\n64 12500 2 3.2383\nPointwise QoI eb rate: 2\n'
mp-2382672,bulk,800000,6400000,100x100x80,Q,Q_sz3_b4,9.536743212305414e-07,2.0322357047255839e-10,RuntimeError: hpez rc=-6 stderr='corrupted double-linked list\n' stdout='====================================== BEGIN TUNING ================================\nABS QoI eb: 9.53674e-07\n64 12500 2 3.2383\nPointwise QoI eb rate: 2\n'
mp-2382672,bulk,800000,6400000,100x100x80,Q,Q_sz3_b4,9.536743176516053e-07,2.0322356970990368e-10,RuntimeError: hpez rc=-6 stderr='corrupted double-linked list\n' stdout='====================================== BEGIN TUNING ================================\nABS QoI eb: 9.53674e-07\n64 12500 2 3.2383\nPointwise QoI eb rate: 2\n'
mp-2382672,bulk,800000,6400000,100x100x80,Q,Q_sz3_b4,9.536743167568723e-07,2.0322356951924028e-10,RuntimeError: hpez rc=-6 stderr='corrupted double-linked list\n' stdout='====================================== BEGIN TUNING ================================\nABS QoI eb: 9.53674e-07\n64 12500 2 3.2383\nPointwise QoI eb rate: 2\n'
mp-2382672,bulk,800000,6400000,100x100x80,Q,Q_sz3_b8,8.344993670683073e-06,1.7782794100389203e-09,RuntimeError: hpez rc=-6 stderr='munmap_chunk(): invalid pointer\n' stdout='====================================== BEGIN TUNING ================================\nABS QoI eb: 8.34499e-06\n512 1690 2 9.15929\nPointwise QoI eb rate: 2\n'
mp-2382672,bulk,800000,6400000,100x100x80,Q,Q_sz3_b8,1.1128227911123178e-06,2.3713737056616547e-10,RuntimeError: hpez rc=-6 stderr='double free or corruption (!prev)\n' stdout='====================================== BEGIN TUNING ================================\nABS QoI eb: 1.11282e-06\n512 1690 2 9.15929\nPointwise QoI eb rate: 2\n'
mp-2382672,bulk,800000,6400000,100x100x80,Q,Q_sz3_b8,9.811570112456589e-07,2.090800041278717e-10,RuntimeError: hpez rc=-6 stderr='corrupted size vs. prev_size while consolidating\n' stdout='====================================== BEGIN TUNING ================================\nABS QoI eb: 9.81157e-07\n512 1690 2 9.15929\nPointwise QoI eb rate: 2\n'
mp-2382672,bulk,800000,6400000,100x100x80,Q,Q_sz3_b8,9.658341877742205e-07,2.0581478158149088e-10,RuntimeError: hpez rc=-6 stderr='corrupted size vs. prev_size while consolidating\n' stdout='====================================== BEGIN TUNING ================================\nABS QoI eb: 9.65834e-07\n512 1690 2 9.15929\nPointwise QoI eb rate: 2\n'
mp-2382672,bulk,800000,6400000,100x100x80,Q,Q_sz3_b8,9.582627477417312e-07,2.0420134286056998e-10,RuntimeError: hpez rc=-6 stderr='corrupted size vs. prev_size in fastbins\n' stdout='====================================== BEGIN TUNING ================================\nABS QoI eb: 9.58263e-07\n512 1690 2 9.15929\nPointwise QoI eb rate: 2\n'
mp-2382672,bulk,800000,6400000,100x100x80,Q,Q_sz3_b8,9.544993148682676e-07,2.0339937278676926e-10,RuntimeError: hpez rc=-6 stderr='corrupted double-linked list\n' stdout='====================================== BEGIN TUNING ================================\nABS QoI eb: 9.54499e-07\n512 1690 2 9.15929\nPointwise QoI eb rate: 2\n'
mp-2382672,bulk,800000,6400000,100x100x80,Q,Q_sz3_b8,9.540299261927324e-07,2.032993482391244e-10,RuntimeError: hpez rc=-6 stderr='free(): invalid next size (normal)\n' stdout='====================================== BEGIN TUNING ================================\nABS QoI eb: 9.5403e-07\n512 1690 2 9.15929\nPointwise QoI eb rate: 2\n'
mp-2382672,bulk,800000,6400000,100x100x80,Q,Q_sz3_b8,9.53795318422782e-07,2.0324935441250194e-10,RuntimeError: hpez rc=-6 stderr='corrupted size vs. prev_size while consolidating\n' stdout='====================================== BEGIN TUNING ================================\nABS QoI eb: 9.53795e-07\n512 1690 2 9.15929\nPointwise QoI eb rate: 2\n'
mp-2382672,bulk,800000,6400000,100x100x80,Q,Q_sz3_b8,9.53678036173551e-07,2.032243621096673e-10,RuntimeError: hpez rc=-6 stderr='corrupted double-linked list\n' stdout='====================================== BEGIN TUNING ================================\nABS QoI eb: 9.53678e-07\n512 1690 2 9.15929\nPointwise QoI eb rate: 2\n'
mp-2382672,bulk,800000,6400000,100x100x80,Q,Q_sz3_b8,9.536743713356488e-07,2.0322358114972415e-10,RuntimeError: hpez rc=-6 stderr='corrupted double-linked list\n' stdout='====================================== BEGIN TUNING ================================\nABS QoI eb: 9.53674e-07\n512 1690 2 9.15929\nPointwise QoI eb rate: 2\n'
mp-2382672,bulk,800000,6400000,100x100x80,Q,Q_sz3_b8,9.536743427041586e-07,2.0322357504848648e-10,RuntimeError: hpez rc=-6 stderr='corrupted double-linked list\n' stdout='====================================== BEGIN TUNING ================================\nABS QoI eb: 9.53674e-07\n512 1690 2 9.15929\nPointwise QoI eb rate: 2\n'
mp-2382672,bulk,800000,6400000,100x100x80,Q,Q_sz3_b8,9.536743283884136e-07,2.032235719978677e-10,RuntimeError: hpez rc=-6 stderr='corrupted double-linked list\n' stdout='====================================== BEGIN TUNING ================================\nABS QoI eb: 9.53674e-07\n512 1690 2 9.15929\nPointwise QoI eb rate: 2\n'
mp-2382672,bulk,800000,6400000,100x100x80,Q,Q_sz3_b8,9.536743212305414e-07,2.0322357047255839e-10,RuntimeError: hpez rc=-6 stderr='corrupted double-linked list\n' stdout='====================================== BEGIN TUNING ================================\nABS QoI eb: 9.53674e-07\n512 1690 2 9.15929\nPointwise QoI eb rate: 2\n'
mp-2382672,bulk,800000,6400000,100x100x80,Q,Q_sz3_b8,9.536743176516053e-07,2.0322356970990368e-10,RuntimeError: hpez rc=-6 stderr='corrupted double-linked list\n' stdout='====================================== BEGIN TUNING ================================\nABS QoI eb: 9.53674e-07\n512 1690 2 9.15929\nPointwise QoI eb rate: 2\n'
mp-2382672,bulk,800000,6400000,100x100x80,Q,Q_sz3_b8,9.536743167568723e-07,2.0322356951924028e-10,RuntimeError: hpez rc=-6 stderr='corrupted double-linked list\n' stdout='====================================== BEGIN TUNING ================================\nABS QoI eb: 9.53674e-07\n512 1690 2 9.15929\nPointwise QoI eb rate: 2\n'
mp-2382672,bulk,800000,6400000,100x100x80,Q,Q_sz3_b16,8.344993670683073e-06,1.7782794100389203e-09,RuntimeError: hpez rc=-11 stderr='' stdout='====================================== BEGIN TUNING ================================\nABS QoI eb: 8.34499e-06\n4096 245 2 25.9064\nPointwise QoI eb rate: 2\n'
mp-2382672,bulk,800000,6400000,100x100x80,Q,Q_sz3_b16,1.1128227911123178e-06,2.3713737056616547e-10,RuntimeError: hpez rc=-6 stderr='double free or corruption (!prev)\n' stdout='====================================== BEGIN TUNING ================================\nABS QoI eb: 1.11282e-06\n4096 245 2 25.9064\nPointwise QoI eb rate: 2\n'
mp-2382672,bulk,800000,6400000,100x100x80,Q,Q_sz3_b16,9.811570112456589e-07,2.090800041278717e-10,RuntimeError: hpez rc=-6 stderr='corrupted size vs. prev_size while consolidating\n' stdout='====================================== BEGIN TUNING ================================\nABS QoI eb: 9.81157e-07\n4096 245 2 25.9064\nPointwise QoI eb rate: 2\n'
mp-2382672,bulk,800000,6400000,100x100x80,Q,Q_sz3_b16,9.658341877742205e-07,2.0581478158149088e-10,RuntimeError: hpez rc=-6 stderr='corrupted size vs. prev_size while consolidating\n' stdout='====================================== BEGIN TUNING ================================\nABS QoI eb: 9.65834e-07\n4096 245 2 25.9064\nPointwise QoI eb rate: 2\n'
mp-2382672,bulk,800000,6400000,100x100x80,Q,Q_sz3_b16,9.582627477417312e-07,2.0420134286056998e-10,RuntimeError: hpez rc=-6 stderr='corrupted size vs. prev_size in fastbins\n' stdout='====================================== BEGIN TUNING ================================\nABS QoI eb: 9.58263e-07\n4096 245 2 25.9064\nPointwise QoI eb rate: 2\n'
mp-2382672,bulk,800000,6400000,100x100x80,Q,Q_sz3_b16,9.544993148682676e-07,2.0339937278676926e-10,RuntimeError: hpez rc=-6 stderr='corrupted double-linked list\n' stdout='====================================== BEGIN TUNING ================================\nABS QoI eb: 9.54499e-07\n4096 245 2 25.9064\nPointwise QoI eb rate: 2\n'
mp-2382672,bulk,800000,6400000,100x100x80,Q,Q_sz3_b16,9.540299261927324e-07,2.032993482391244e-10,RuntimeError: hpez rc=-6 stderr='free(): invalid next size (normal)\n' stdout='====================================== BEGIN TUNING ================================\nABS QoI eb: 9.5403e-07\n4096 245 2 25.9064\nPointwise QoI eb rate: 2\n'
mp-2382672,bulk,800000,6400000,100x100x80,Q,Q_sz3_b16,9.53795318422782e-07,2.0324935441250194e-10,RuntimeError: hpez rc=-6 stderr='corrupted size vs. prev_size while consolidating\n' stdout='====================================== BEGIN TUNING ================================\nABS QoI eb: 9.53795e-07\n4096 245 2 25.9064\nPointwise QoI eb rate: 2\n'
mp-2382672,bulk,800000,6400000,100x100x80,Q,Q_sz3_b16,9.53678036173551e-07,2.032243621096673e-10,RuntimeError: hpez rc=-6 stderr='corrupted double-linked list\n' stdout='====================================== BEGIN TUNING ================================\nABS QoI eb: 9.53678e-07\n4096 245 2 25.9064\nPointwise QoI eb rate: 2\n'
mp-2382672,bulk,800000,6400000,100x100x80,Q,Q_sz3_b16,9.536743713356488e-07,2.0322358114972415e-10,RuntimeError: hpez rc=-6 stderr='corrupted double-linked list\n' stdout='====================================== BEGIN TUNING ================================\nABS QoI eb: 9.53674e-07\n4096 245 2 25.9064\nPointwise QoI eb rate: 2\n'
mp-2382672,bulk,800000,6400000,100x100x80,Q,Q_sz3_b16,9.536743427041586e-07,2.0322357504848648e-10,RuntimeError: hpez rc=-6 stderr='corrupted double-linked list\n' stdout='====================================== BEGIN TUNING ================================\nABS QoI eb: 9.53674e-07\n4096 245 2 25.9064\nPointwise QoI eb rate: 2\n'
mp-2382672,bulk,800000,6400000,100x100x80,Q,Q_sz3_b16,9.536743283884136e-07,2.032235719978677e-10,RuntimeError: hpez rc=-6 stderr='corrupted double-linked list\n' stdout='====================================== BEGIN TUNING ================================\nABS QoI eb: 9.53674e-07\n4096 245 2 25.9064\nPointwise QoI eb rate: 2\n'
mp-2382672,bulk,800000,6400000,100x100x80,Q,Q_sz3_b16,9.536743212305414e-07,2.0322357047255839e-10,RuntimeError: hpez rc=-6 stderr='corrupted double-linked list\n' stdout='====================================== BEGIN TUNING ================================\nABS QoI eb: 9.53674e-07\n4096 245 2 25.9064\nPointwise QoI eb rate: 2\n'
mp-2382672,bulk,800000,6400000,100x100x80,Q,Q_sz3_b16,9.536743176516053e-07,2.0322356970990368e-10,RuntimeError: hpez rc=-6 stderr='corrupted double-linked list\n' stdout='====================================== BEGIN TUNING ================================\nABS QoI eb: 9.53674e-07\n4096 245 2 25.9064\nPointwise QoI eb rate: 2\n'
mp-2382672,bulk,800000,6400000,100x100x80,Q,Q_sz3_b16,9.536743167568723e-07,2.0322356951924028e-10,RuntimeError: hpez rc=-6 stderr='corrupted double-linked list\n' stdout='====================================== BEGIN TUNING ================================\nABS QoI eb: 9.53674e-07\n4096 245 2 25.9064\nPointwise QoI eb rate: 2\n'
mp-2391409,bulk,512000,4096000,80x80x80,Q,Q_hpez_b4,2.4682342923219208e-05,1.3335214321633243e-08,RuntimeError: hpez rc=-6 stderr='malloc(): invalid size (unsorted)\n' stdout='====================================== BEGIN TUNING ================================\nABS QoI eb: 2.46823e-05\n64 8000 2 4.10367\nPointwise QoI eb rate: 2\nPredictor tuning started.\n'
mp-2391409,bulk,512000,4096000,80x80x80,Q,Q_hpez_b4,9.013353035591183e-06,4.869675251658627e-09,RuntimeError: hpez rc=-6 stderr='double free or corruption (out)\n' stdout='====================================== BEGIN TUNING ================================\nABS QoI eb: 9.01335e-06\n64 8000 2 4.10367\nPointwise QoI eb rate: 2\nPredictor tuning started.\n'
mp-2391409,bulk,512000,4096000,80x80x80,Q,Q_hpez_b4,5.446736703349671e-06,2.9427271762092803e-09,RuntimeError: hpez rc=-6 stderr='free(): invalid next size (normal)\n' stdout='====================================== BEGIN TUNING ================================\nABS QoI eb: 5.44674e-06\n64 8000 2 4.10367\nPointwise QoI eb rate: 2\nPredictor tuning started.\n'
mp-2391409,bulk,512000,4096000,80x80x80,Q,Q_hpez_b4,4.234102642102072e-06,2.287573200318397e-09,RuntimeError: hpez rc=-6 stderr='double free or corruption (out)\n' stdout='====================================== BEGIN TUNING ================================\nABS QoI eb: 4.2341e-06\n64 8000 2 4.10367\nPointwise QoI eb rate: 2\nPredictor tuning started.\n'
mp-2391409,bulk,512000,4096000,80x80x80,Q,Q_hpez_b4,3.975736856496526e-06,2.1479850285170084e-09,RuntimeError: hpez rc=-6 stderr='free(): invalid next size (normal)\n' stdout='====================================== BEGIN TUNING ================================\nABS QoI eb: 3.97574e-06\n64 8000 2 4.10367\nPointwise QoI eb rate: 2\nPredictor tuning started.\n'
mp-2391409,bulk,512000,4096000,80x80x80,Q,Q_hpez_b4,3.852527583420928e-06,2.081418330696353e-09,RuntimeError: hpez rc=-6 stderr='double free or corruption (out)\n' stdout='====================================== BEGIN TUNING ================================\nABS QoI eb: 3.85253e-06\n64 8000 2 4.10367\nPointwise QoI eb rate: 2\nPredictor tuning started.\n'
mp-2391409,bulk,512000,4096000,80x80x80,Q,Q_hpez_b4,3.822326559331486e-06,2.0651015195160555e-09,RuntimeError: hpez rc=-6 stderr='double free or corruption (out)\n' stdout='====================================== BEGIN TUNING ================================\nABS QoI eb: 3.82233e-06\n64 8000 2 4.10367\nPointwise QoI eb rate: 2\nPredictor tuning started.\n'
mp-2391409,bulk,512000,4096000,80x80x80,Q,Q_hpez_b4,3.814813368892526e-06,2.0610423422712355e-09,RuntimeError: hpez rc=-6 stderr='double free or corruption (out)\n' stdout='====================================== BEGIN TUNING ================================\nABS QoI eb: 3.81481e-06\n64 8000 2 4.10367\nPointwise QoI eb rate: 2\nPredictor tuning started.\n'
mp-2391409,bulk,512000,4096000,80x80x80,Q,Q_hpez_b4,3.814754730268151e-06,2.06101066137992e-09,RuntimeError: hpez rc=-6 stderr='double free or corruption (out)\n' stdout='====================================== BEGIN TUNING ================================\nABS QoI eb: 3.81475e-06\n64 8000 2 4.10367\nPointwise QoI eb rate: 2\nPredictor tuning started.\n'
mp-2391409,bulk,512000,4096000,80x80x80,Q,Q_hpez_b4,3.814725411293969e-06,2.060994821116877e-09,RuntimeError: hpez rc=-6 stderr='double free or corruption (out)\n' stdout='====================================== BEGIN TUNING ================================\nABS QoI eb: 3.81473e-06\n64 8000 2 4.10367\nPointwise QoI eb rate: 2\nPredictor tuning started.\n'
mp-2391409,bulk,512000,4096000,80x80x80,Q,Q_hpez_b4,3.814710751891378e-06,2.0609869010310093e-09,RuntimeError: hpez rc=-6 stderr='double free or corruption (out)\n' stdout='====================================== BEGIN TUNING ================================\nABS QoI eb: 3.81471e-06\n64 8000 2 4.10367\nPointwise QoI eb rate: 2\nPredictor tuning started.\n'
mp-2391409,bulk,512000,4096000,80x80x80,Q,Q_hpez_b4,3.8147034222112085e-06,2.060982940999489e-09,RuntimeError: hpez rc=-6 stderr='double free or corruption (out)\n' stdout='====================================== BEGIN TUNING ================================\nABS QoI eb: 3.8147e-06\n64 8000 2 4.10367\nPointwise QoI eb rate: 2\nPredictor tuning started.\n'
mp-2391409,bulk,512000,4096000,80x80x80,Q,Q_hpez_b4,3.814699757376402e-06,2.060980960986581e-09,RuntimeError: hpez rc=-6 stderr='double free or corruption (out)\n' stdout='====================================== BEGIN TUNING ================================\nABS QoI eb: 3.8147e-06\n64 8000 2 4.10367\nPointwise QoI eb rate: 2\nPredictor tuning started.\n'
mp-2391409,bulk,512000,4096000,80x80x80,Q,Q_hpez_b4,3.814697924960322e-06,2.060979970980841e-09,RuntimeError: hpez rc=-6 stderr='double free or corruption (out)\n' stdout='====================================== BEGIN TUNING ================================\nABS QoI eb: 3.8147e-06\n64 8000 2 4.10367\nPointwise QoI eb rate: 2\nPredictor tuning started.\n'
mp-2391409,bulk,512000,4096000,80x80x80,Q,Q_hpez_b4,3.814697466856439e-06,2.060979723479481e-09,RuntimeError: hpez rc=-6 stderr='double free or corruption (out)\n' stdout='====================================== BEGIN TUNING ================================\nABS QoI eb: 3.8147e-06\n64 8000 2 4.10367\nPointwise QoI eb rate: 2\nPredictor tuning started.\n'
mp-2391409,bulk,512000,4096000,80x80x80,Q,Q_hpez_b4,3.814697352330472e-06,2.060979661604143e-09,RuntimeError: hpez rc=-6 stderr='double free or corruption (out)\n' stdout='====================================== BEGIN TUNING ================================\nABS QoI eb: 3.8147e-06\n64 8000 2 4.10367\nPointwise QoI eb rate: 2\nPredictor tuning started.\n'
mp-2391409,bulk,512000,4096000,80x80x80,Q,Q_hpez_b4,3.814697295067493e-06,2.060979630666476e-09,RuntimeError: hpez rc=-6 stderr='double free or corruption (out)\n' stdout='====================================== BEGIN TUNING ================================\nABS QoI eb: 3.8147e-06\n64 8000 2 4.10367\nPointwise QoI eb rate: 2\nPredictor tuning started.\n'
mp-2391409,bulk,512000,4096000,80x80x80,Q,Q_hpez_b4,3.814697266436004e-06,2.060979615197643e-09,RuntimeError: hpez rc=-6 stderr='double free or corruption (out)\n' stdout='====================================== BEGIN TUNING ================================\nABS QoI eb: 3.8147e-06\n64 8000 2 4.10367\nPointwise QoI eb rate: 2\nPredictor tuning started.\n'
mp-2391409,bulk,512000,4096000,80x80x80,Q,Q_hpez_b8,3.291443328411755e-06,1.7782794100389224e-09,RuntimeError: hpez rc=-6 stderr='double free or corruption (!prev)\n' stdout='====================================== BEGIN TUNING ================================\nABS QoI eb: 3.29144e-06\n512 1000 2 11.6069\nPointwise QoI eb rate: 3\nPredictor tuning started.\n'
mp-2391409,bulk,512000,4096000,80x80x80,Q,Q_hpez_b8,1.989007322032609e-06,1.0746078283213175e-09,RuntimeError: hpez rc=-6 stderr='double free or corruption (!prev)\n' stdout='====================================== BEGIN TUNING ================================\nABS QoI eb: 1.98901e-06\n512 1000 2 11.6069\nPointwise QoI eb rate: 3\nPredictor tuning started.\n'
mp-2391409,bulk,512000,4096000,80x80x80,Q,Q_hpez_b8,1.5461847370370271e-06,8.353625469578271e-10,RuntimeError: hpez rc=-6 stderr='free(): corrupted unsorted chunks\n' stdout='====================================== BEGIN TUNING ================================\nABS QoI eb: 1.54618e-06\n512 1000 2 11.6069\nPointwise QoI eb rate: 3\nPredictor tuning started.\n'
mp-2391409,bulk,512000,4096000,80x80x80,Q,Q_hpez_b8,1.3632449007523854e-06,7.365250122712285e-10,RuntimeError: hpez rc=-6 stderr='malloc(): invalid size (unsorted)\n' stdout='====================================== BEGIN TUNING ================================\nABS QoI eb: 1.36324e-06\n512 1000 2 11.6069\nPointwise QoI eb rate: 3\nPredictor tuning started.\n'
mp-2391409,bulk,512000,4096000,80x80x80,Q,Q_hpez_b8,1.2800594256877608e-06,6.9158210948909e-10,RuntimeError: hpez rc=-6 stderr='free(): invalid next size (normal)\n' stdout='====================================== BEGIN TUNING ================================\nABS QoI eb: 1.28006e-06\n512 1000 2 11.6069\nPointwise QoI eb rate: 3\nPredictor tuning started.\n'
mp-2391409,bulk,512000,4096000,80x80x80,Q,Q_hpez_b8,1.275032184741608e-06,6.88866024728742e-10,RuntimeError: hpez rc=-6 stderr='malloc(): invalid size (unsorted)\n' stdout='====================================== BEGIN TUNING ================================\nABS QoI eb: 1.27503e-06\n512 1000 2 11.6069\nPointwise QoI eb rate: 3\nPredictor tuning started.\n'
mp-2391409,bulk,512000,4096000,80x80x80,Q,Q_hpez_b8,1.2725259730218426e-06,6.875119851012066e-10,RuntimeError: hpez rc=-6 stderr='corrupted double-linked list\n' stdout='====================================== BEGIN TUNING ================================\nABS QoI eb: 1.27253e-06\n512 1000 2 11.6069\nPointwise QoI eb rate: 3\nPredictor tuning started.\n'
mp-2391409,bulk,512000,4096000,80x80x80,Q,Q_hpez_b8,1.271900190193341e-06,6.871738912596768e-10,RuntimeError: hpez rc=-6 stderr='malloc(): invalid size (unsorted)\n' stdout='====================================== BEGIN TUNING ================================\nABS QoI eb: 1.2719e-06\n512 1000 2 11.6069\nPointwise QoI eb rate: 3\nPredictor tuning started.\n'
mp-2391409,bulk,512000,4096000,80x80x80,Q,Q_hpez_b8,1.2715874141901696e-06,6.870049066924526e-10,RuntimeError: hpez rc=-6 stderr='corrupted double-linked list\n' stdout='====================================== BEGIN TUNING ================================\nABS QoI eb: 1.27159e-06\n512 1000 2 11.6069\nPointwise QoI eb rate: 3\nPredictor tuning started.\n'
mp-2391409,bulk,512000,4096000,80x80x80,Q,Q_hpez_b8,1.271567868244004e-06,6.869943465368772e-10,RuntimeError: hpez rc=-6 stderr='malloc(): invalid size (unsorted)\n' stdout='====================================== BEGIN TUNING ================================\nABS QoI eb: 1.27157e-06\n512 1000 2 11.6069\nPointwise QoI eb rate: 3\nPredictor tuning started.\n'
mp-2391409,bulk,512000,4096000,80x80x80,Q,Q_hpez_b8,1.2715666466323456e-06,6.86993686532544e-10,RuntimeError: hpez rc=-6 stderr='malloc(): invalid size (unsorted)\n' stdout='====================================== BEGIN TUNING ================================\nABS QoI eb: 1.27157e-06\n512 1000 2 11.6069\nPointwise QoI eb rate: 3\nPredictor tuning started.\n'
mp-2391409,bulk,512000,4096000,80x80x80,Q,Q_hpez_b8,1.2715660358269563e-06,6.869933565306152e-10,RuntimeError: hpez rc=-6 stderr='malloc(): invalid size (unsorted)\n' stdout='====================================== BEGIN TUNING ================================\nABS QoI eb: 1.27157e-06\n512 1000 2 11.6069\nPointwise QoI eb rate: 3\nPredictor tuning started.\n'
mp-2391409,bulk,512000,4096000,80x80x80,Q,Q_hpez_b8,1.271565883125655e-06,6.869932740301578e-10,RuntimeError: hpez rc=-6 stderr='malloc(): invalid size (unsorted)\n' stdout='====================================== BEGIN TUNING ================================\nABS QoI eb: 1.27157e-06\n512 1000 2 11.6069\nPointwise QoI eb rate: 3\nPredictor tuning started.\n'
mp-2391409,bulk,512000,4096000,80x80x80,Q,Q_hpez_b8,1.27156580677501e-06,6.869932327799322e-10,RuntimeError: hpez rc=-6 stderr='malloc(): invalid size (unsorted)\n' stdout='====================================== BEGIN TUNING ================================\nABS QoI eb: 1.27157e-06\n512 1000 2 11.6069\nPointwise QoI eb rate: 3\nPredictor tuning started.\n'
mp-2391409,bulk,512000,4096000,80x80x80,Q,Q_hpez_b8,1.2715657685996904e-06,6.869932121548209e-10,RuntimeError: hpez rc=-6 stderr='malloc(): invalid size (unsorted)\n' stdout='====================================== BEGIN TUNING ================================\nABS QoI eb: 1.27157e-06\n512 1000 2 11.6069\nPointwise QoI eb rate: 3\nPredictor tuning started.\n'
mp-2391409,bulk,512000,4096000,80x80x80,Q,Q_hpez_b8,1.2715657590558606e-06,6.86993206998543e-10,RuntimeError: hpez rc=-6 stderr='malloc(): invalid size (unsorted)\n' stdout='====================================== BEGIN TUNING ================================\nABS QoI eb: 1.27157e-06\n512 1000 2 11.6069\nPointwise QoI eb rate: 3\nPredictor tuning started.\n'
mp-2391409,bulk,512000,4096000,80x80x80,Q,Q_hpez_b8,1.2715657566699022e-06,6.869932057094732e-10,RuntimeError: hpez rc=-6 stderr='malloc(): invalid size (unsorted)\n' stdout='====================================== BEGIN TUNING ================================\nABS QoI eb: 1.27157e-06\n512 1000 2 11.6069\nPointwise QoI eb rate: 3\nPredictor tuning started.\n'
mp-2391409,bulk,512000,4096000,80x80x80,Q,Q_hpez_b8,1.2715657554769228e-06,6.869932050649381e-10,RuntimeError: hpez rc=-6 stderr='malloc(): invalid size (unsorted)\n' stdout='====================================== BEGIN TUNING ================================\nABS QoI eb: 1.27157e-06\n512 1000 2 11.6069\nPointwise QoI eb rate: 3\nPredictor tuning started.\n'
mp-2391409,bulk,512000,4096000,80x80x80,Q,Q_hpez_b16,3.291443328411755e-06,1.7782794100389224e-09,RuntimeError: hpez rc=-6 stderr='double free or corruption (!prev)\n' stdout='====================================== BEGIN TUNING ================================\nABS QoI eb: 3.29144e-06\n4096 125 2 32.8294\nPointwise QoI eb rate: 4\nPredictor tuning started.\n'
mp-2391409,bulk,512000,4096000,80x80x80,Q,Q_hpez_b16,1.2019499448615214e-06,6.493816315762116e-10,RuntimeError: hpez rc=-6 stderr='malloc(): invalid size (unsorted)\n' stdout='====================================== BEGIN TUNING ================================\nABS QoI eb: 1.20195e-06\n4096 125 2 32.8294\nPointwise QoI eb rate: 4\nPredictor tuning started.\n'
mp-2391409,bulk,512000,4096000,80x80x80,Q,Q_hpez_b16,1.0597389134962345e-06,5.72548788435838e-10,RuntimeError: hpez rc=-6 stderr='malloc(): invalid size (unsorted)\n' stdout='====================================== BEGIN TUNING ================================\nABS QoI eb: 1.05974e-06\n4096 125 2 32.8294\nPointwise QoI eb rate: 4\nPredictor tuning started.\n'
mp-2391409,bulk,512000,4096000,80x80x80,Q,Q_hpez_b16,9.950734341571951e-07,5.376117474555823e-10,RuntimeError: hpez rc=-6 stderr='malloc(): invalid size (unsorted)\n' stdout='====================================== BEGIN TUNING ================================\nABS QoI eb: 9.95073e-07\n4096 125 2 32.8294\nPointwise QoI eb rate: 4\nPredictor tuning started.\n'
mp-2391409,bulk,512000,4096000,80x80x80,Q,Q_hpez_b16,9.642358111190886e-07,5.209509987713058e-10,RuntimeError: hpez rc=-6 stderr='malloc(): invalid size (unsorted)\n' stdout='====================================== BEGIN TUNING ================================\nABS QoI eb: 9.64236e-07\n4096 125 2 32.8294\nPointwise QoI eb rate: 4\nPredictor tuning started.\n'
mp-2391409,bulk,512000,4096000,80x80x80,Q,Q_hpez_b16,9.56676901201135e-07,5.168671205062887e-10,RuntimeError: hpez rc=-6 stderr='free(): invalid next size (normal)\n' stdout='====================================== BEGIN TUNING ================================\nABS QoI eb: 9.56677e-07\n4096 125 2 32.8294\nPointwise QoI eb rate: 4\nPredictor tuning started.\n'
mp-2391409,bulk,512000,4096000,80x80x80,Q,Q_hpez_b16,9.547964507383844e-07,5.158511630657816e-10,RuntimeError: hpez rc=-6 stderr='malloc(): invalid size (unsorted)\n' stdout='====================================== BEGIN TUNING ================================\nABS QoI eb: 9.54796e-07\n4096 125 2 32.8294\nPointwise QoI eb rate: 4\nPredictor tuning started.\n'
mp-2391409,bulk,512000,4096000,80x80x80,Q,Q_hpez_b16,9.538576120461415e-07,5.153439334557951e-10,RuntimeError: hpez rc=-6 stderr='malloc(): unsorted double linked list corrupted\n' stdout='====================================== BEGIN TUNING ================================\nABS QoI eb: 9.53858e-07\n4096 125 2 32.8294\nPointwise QoI eb rate: 4\nPredictor tuning started.\n'
mp-2391409,bulk,512000,4096000,80x80x80,Q,Q_hpez_b16,9.53740322137053e-07,5.15280564833119e-10,RuntimeError: hpez rc=-6 stderr='malloc(): invalid size (unsorted)\n' stdout='====================================== BEGIN TUNING ================================\nABS QoI eb: 9.5374e-07\n4096 125 2 32.8294\nPointwise QoI eb rate: 4\nPredictor tuning started.\n'
mp-2391409,bulk,512000,4096000,80x80x80,Q,Q_hpez_b16,9.536816825910229e-07,5.152488834438575e-10,RuntimeError: hpez rc=-6 stderr='malloc(): invalid size (unsorted)\n' stdout='====================================== BEGIN TUNING ================================\nABS QoI eb: 9.53682e-07\n4096 125 2 32.8294\nPointwise QoI eb rate: 4\nPredictor tuning started.\n'
mp-2391409,bulk,512000,4096000,80x80x80,Q,Q_hpez_b16,9.536743529012767e-07,5.152449234071633e-10,RuntimeError: hpez rc=-6 stderr='malloc(): invalid size (unsorted)\n' stdout='====================================== BEGIN TUNING ================================\nABS QoI eb: 9.53674e-07\n4096 125 2 32.8294\nPointwise QoI eb rate: 4\nPredictor tuning started.\n'
mp-2391409,bulk,512000,4096000,80x80x80,Q,Q_hpez_b16,9.53674324269787e-07,5.1524490793833e-10,RuntimeError: hpez rc=-6 stderr='malloc(): invalid size (unsorted)\n' stdout='====================================== BEGIN TUNING ================================\nABS QoI eb: 9.53674e-07\n4096 125 2 32.8294\nPointwise QoI eb rate: 4\nPredictor tuning started.\n'
mp-2391409,bulk,512000,4096000,80x80x80,Q,Q_hpez_b16,9.536743171119148e-07,5.152449040711217e-10,RuntimeError: hpez rc=-6 stderr='malloc(): invalid size (unsorted)\n' stdout='====================================== BEGIN TUNING ================================\nABS QoI eb: 9.53674e-07\n4096 125 2 32.8294\nPointwise QoI eb rate: 4\nPredictor tuning started.\n'
mp-2391409,bulk,512000,4096000,80x80x80,Q,Q_sz3_b4,0.0001850914603088,1.0000000000000009e-07,RuntimeError: hpez rc=-6 stderr='free(): invalid next size (normal)\n' stdout='====================================== BEGIN TUNING ================================\nABS QoI eb: 0.000185091\n64 8000 2 3.2383\nPointwise QoI eb rate: 2\n'
mp-2391409,bulk,512000,4096000,80x80x80,Q,Q_sz3_b4,3.291443328411755e-06,1.7782794100389224e-09,RuntimeError: hpez rc=-11 stderr='' stdout='====================================== BEGIN TUNING ================================\nABS QoI eb: 3.29144e-06\n64 8000 2 3.2383\nPointwise QoI eb rate: 2\n'
mp-2391409,bulk,512000,4096000,80x80x80,Q,Q_sz3_b4,4.389210221188059e-07,2.3713737056616536e-10,RuntimeError: hpez rc=-6 stderr='double free or corruption (out)\n' stdout='====================================== BEGIN TUNING ================================\nABS QoI eb: 4.38921e-07\n64 8000 2 3.2383\nPointwise QoI eb rate: 2\n'
mp-2391409,bulk,512000,4096000,80x80x80,Q,Q_sz3_b4,2.6523838926602615e-07,1.4330125702369622e-10,RuntimeError: hpez rc=-6 stderr='double free or corruption (out)\n' stdout='====================================== BEGIN TUNING ================================\nABS QoI eb: 2.65238e-07\n64 8000 2 3.2383\nPointwise QoI eb rate: 2\n'
mp-2391409,bulk,512000,4096000,80x80x80,Q,Q_sz3_b4,2.0618704849226845e-07,1.1139738599948012e-10,RuntimeError: hpez rc=-6 stderr='double free or corruption (!prev)\n' stdout='====================================== BEGIN TUNING ================================\nABS QoI eb: 2.06187e-07\n64 8000 2 3.2383\nPointwise QoI eb rate: 2\n'
mp-2391409,bulk,512000,4096000,80x80x80,Q,Q_sz3_b4,1.9360547377188187e-07,1.045998953430252e-10,RuntimeError: hpez rc=-6 stderr='double free or corruption (!prev)\n' stdout='====================================== BEGIN TUNING ================================\nABS QoI eb: 1.93605e-07\n64 8000 2 3.2383\nPointwise QoI eb rate: 2\n'
mp-2391409,bulk,512000,4096000,80x80x80,Q,Q_sz3_b4,1.8760558229317093e-07,1.0135831333340634e-10,RuntimeError: hpez rc=-6 stderr='corrupted size vs. prev_size while consolidating\n' stdout='====================================== BEGIN TUNING ================================\nABS QoI eb: 1.87606e-07\n64 8000 2 3.2383\nPointwise QoI eb rate: 2\n'
mp-2391409,bulk,512000,4096000,80x80x80,Q,Q_sz3_b4,1.874211122111955e-07,1.0125864904761612e-10,RuntimeError: hpez rc=-6 stderr='malloc(): invalid size (unsorted)\n' stdout='====================================== BEGIN TUNING ================================\nABS QoI eb: 1.87421e-07\n64 8000 2 3.2383\nPointwise QoI eb rate: 2\n'
mp-2391409,bulk,512000,4096000,80x80x80,Q,Q_sz3_b4,1.873750230393883e-07,1.0123374829221104e-10,RuntimeError: hpez rc=-6 stderr='free(): invalid next size (normal)\n' stdout='====================================== BEGIN TUNING ================================\nABS QoI eb: 1.87375e-07\n64 8000 2 3.2383\nPointwise QoI eb rate: 2\n'
mp-2391409,bulk,512000,4096000,80x80x80,Q,Q_sz3_b4,1.8735198270387047e-07,1.0122130021087901e-10,RuntimeError: hpez rc=-6 stderr='free(): invalid next size (normal)\n' stdout='====================================== BEGIN TUNING ================================\nABS QoI eb: 1.87352e-07\n64 8000 2 3.2383\nPointwise QoI eb rate: 2\n'
mp-2391409,bulk,512000,4096000,80x80x80,Q,Q_sz3_b4,1.873462230626808e-07,1.0121818842971955e-10,RuntimeError: hpez rc=-6 stderr='malloc(): unsorted double linked list corrupted\n' stdout='====================================== BEGIN TUNING ================================\nABS QoI eb: 1.87346e-07\n64 8000 2 3.2383\nPointwise QoI eb rate: 2\n'
mp-2391409,bulk,512000,4096000,80x80x80,Q,Q_sz3_b4,1.873433433084855e-07,1.0121663257501373e-10,RuntimeError: hpez rc=-6 stderr='corrupted size vs. prev_size while consolidating\n' stdout='====================================== BEGIN TUNING ================================\nABS QoI eb: 1.87343e-07\n64 8000 2 3.2383\nPointwise QoI eb rate: 2\n'
mp-2391409,bulk,512000,4096000,80x80x80,Q,Q_sz3_b4,1.8734316332531824e-07,1.0121653533488879e-10,RuntimeError: hpez rc=-6 stderr='corrupted size vs. prev_size while consolidating\n' stdout='====================================== BEGIN TUNING ================================\nABS QoI eb: 1.87343e-07\n64 8000 2 3.2383\nPointwise QoI eb rate: 2\n'
mp-2391409,bulk,512000,4096000,80x80x80,Q,Q_sz3_b4,1.873431626222593e-07,1.0121653495504472e-10,RuntimeError: hpez rc=-6 stderr='corrupted size vs. prev_size while consolidating\n' stdout='====================================== BEGIN TUNING ================================\nABS QoI eb: 1.87343e-07\n64 8000 2 3.2383\nPointwise QoI eb rate: 2\n'
mp-2391409,bulk,512000,4096000,80x80x80,Q,Q_sz3_b4,1.8734316244649485e-07,1.0121653486008386e-10,RuntimeError: hpez rc=-6 stderr='corrupted size vs. prev_size while consolidating\n' stdout='====================================== BEGIN TUNING ================================\nABS QoI eb: 1.87343e-07\n64 8000 2 3.2383\nPointwise QoI eb rate: 2\n'
mp-2391409,bulk,512000,4096000,80x80x80,Q,Q_sz3_b8,0.0001850914603088,1.0000000000000009e-07,RuntimeError: hpez rc=-6 stderr='free(): invalid next size (normal)\n' stdout='====================================== BEGIN TUNING ================================\nABS QoI eb: 0.000185091\n512 1000 2 9.15929\nPointwise QoI eb rate: 2\n'
mp-2391409,bulk,512000,4096000,80x80x80,Q,Q_sz3_b8,3.291443328411755e-06,1.7782794100389224e-09,RuntimeError: hpez rc=-11 stderr='' stdout='====================================== BEGIN TUNING ================================\nABS QoI eb: 3.29144e-06\n512 1000 2 9.15929\nPointwise QoI eb rate: 2\n'
mp-2391409,bulk,512000,4096000,80x80x80,Q,Q_sz3_b8,4.389210221188059e-07,2.3713737056616536e-10,RuntimeError: hpez rc=-6 stderr='double free or corruption (out)\n' stdout='====================================== BEGIN TUNING ================================\nABS QoI eb: 4.38921e-07\n512 1000 2 9.15929\nPointwise QoI eb rate: 2\n'
mp-2391409,bulk,512000,4096000,80x80x80,Q,Q_sz3_b8,2.6523838926602615e-07,1.4330125702369622e-10,RuntimeError: hpez rc=-6 stderr='double free or corruption (out)\n' stdout='====================================== BEGIN TUNING ================================\nABS QoI eb: 2.65238e-07\n512 1000 2 9.15929\nPointwise QoI eb rate: 2\n'
mp-2391409,bulk,512000,4096000,80x80x80,Q,Q_sz3_b8,2.0618704849226845e-07,1.1139738599948012e-10,RuntimeError: hpez rc=-6 stderr='double free or corruption (!prev)\n' stdout='====================================== BEGIN TUNING ================================\nABS QoI eb: 2.06187e-07\n512 1000 2 9.15929\nPointwise QoI eb rate: 2\n'
mp-2391409,bulk,512000,4096000,80x80x80,Q,Q_sz3_b8,1.9360547377188187e-07,1.045998953430252e-10,RuntimeError: hpez rc=-6 stderr='double free or corruption (!prev)\n' stdout='====================================== BEGIN TUNING ================================\nABS QoI eb: 1.93605e-07\n512 1000 2 9.15929\nPointwise QoI eb rate: 2\n'
mp-2391409,bulk,512000,4096000,80x80x80,Q,Q_sz3_b8,1.8760558229317093e-07,1.0135831333340634e-10,RuntimeError: hpez rc=-6 stderr='corrupted size vs. prev_size while consolidating\n' stdout='====================================== BEGIN TUNING ================================\nABS QoI eb: 1.87606e-07\n512 1000 2 9.15929\nPointwise QoI eb rate: 2\n'
mp-2391409,bulk,512000,4096000,80x80x80,Q,Q_sz3_b8,1.874211122111955e-07,1.0125864904761612e-10,RuntimeError: hpez rc=-6 stderr='malloc(): invalid size (unsorted)\n' stdout='====================================== BEGIN TUNING ================================\nABS QoI eb: 1.87421e-07\n512 1000 2 9.15929\nPointwise QoI eb rate: 2\n'
mp-2391409,bulk,512000,4096000,80x80x80,Q,Q_sz3_b8,1.873750230393883e-07,1.0123374829221104e-10,RuntimeError: hpez rc=-6 stderr='free(): invalid next size (normal)\n' stdout='====================================== BEGIN TUNING ================================\nABS QoI eb: 1.87375e-07\n512 1000 2 9.15929\nPointwise QoI eb rate: 2\n'
mp-2391409,bulk,512000,4096000,80x80x80,Q,Q_sz3_b8,1.8735198270387047e-07,1.0122130021087901e-10,RuntimeError: hpez rc=-6 stderr='free(): invalid next size (normal)\n' stdout='====================================== BEGIN TUNING ================================\nABS QoI eb: 1.87352e-07\n512 1000 2 9.15929\nPointwise QoI eb rate: 2\n'
mp-2391409,bulk,512000,4096000,80x80x80,Q,Q_sz3_b8,1.873462230626808e-07,1.0121818842971955e-10,RuntimeError: hpez rc=-6 stderr='malloc(): unsorted double linked list corrupted\n' stdout='====================================== BEGIN TUNING ================================\nABS QoI eb: 1.87346e-07\n512 1000 2 9.15929\nPointwise QoI eb rate: 2\n'
mp-2391409,bulk,512000,4096000,80x80x80,Q,Q_sz3_b8,1.873433433084855e-07,1.0121663257501373e-10,RuntimeError: hpez rc=-6 stderr='corrupted size vs. prev_size while consolidating\n' stdout='====================================== BEGIN TUNING ================================\nABS QoI eb: 1.87343e-07\n512 1000 2 9.15929\nPointwise QoI eb rate: 2\n'
mp-2391409,bulk,512000,4096000,80x80x80,Q,Q_sz3_b8,1.8734316332531824e-07,1.0121653533488879e-10,RuntimeError: hpez rc=-6 stderr='corrupted size vs. prev_size while consolidating\n' stdout='====================================== BEGIN TUNING ================================\nABS QoI eb: 1.87343e-07\n512 1000 2 9.15929\nPointwise QoI eb rate: 2\n'
mp-2391409,bulk,512000,4096000,80x80x80,Q,Q_sz3_b8,1.873431626222593e-07,1.0121653495504472e-10,RuntimeError: hpez rc=-6 stderr='corrupted size vs. prev_size while consolidating\n' stdout='====================================== BEGIN TUNING ================================\nABS QoI eb: 1.87343e-07\n512 1000 2 9.15929\nPointwise QoI eb rate: 2\n'
mp-2391409,bulk,512000,4096000,80x80x80,Q,Q_sz3_b8,1.8734316244649485e-07,1.0121653486008386e-10,RuntimeError: hpez rc=-6 stderr='corrupted size vs. prev_size while consolidating\n' stdout='====================================== BEGIN TUNING ================================\nABS QoI eb: 1.87343e-07\n512 1000 2 9.15929\nPointwise QoI eb rate: 2\n'
mp-2391409,bulk,512000,4096000,80x80x80,Q,Q_sz3_b16,0.0001850914603088,1.0000000000000009e-07,RuntimeError: hpez rc=-6 stderr='free(): invalid next size (normal)\n' stdout='====================================== BEGIN TUNING ================================\nABS QoI eb: 0.000185091\n4096 125 2 25.9064\nPointwise QoI eb rate: 2\n'
mp-2391409,bulk,512000,4096000,80x80x80,Q,Q_sz3_b16,3.291443328411755e-06,1.7782794100389224e-09,RuntimeError: hpez rc=-11 stderr='' stdout='====================================== BEGIN TUNING ================================\nABS QoI eb: 3.29144e-06\n4096 125 2 25.9064\nPointwise QoI eb rate: 2\n'
mp-2391409,bulk,512000,4096000,80x80x80,Q,Q_sz3_b16,4.389210221188059e-07,2.3713737056616536e-10,RuntimeError: hpez rc=-6 stderr='double free or corruption (out)\n' stdout='====================================== BEGIN TUNING ================================\nABS QoI eb: 4.38921e-07\n4096 125 2 25.9064\nPointwise QoI eb rate: 2\n'
mp-2391409,bulk,512000,4096000,80x80x80,Q,Q_sz3_b16,2.6523838926602615e-07,1.4330125702369622e-10,RuntimeError: hpez rc=-6 stderr='double free or corruption (out)\n' stdout='====================================== BEGIN TUNING ================================\nABS QoI eb: 2.65238e-07\n4096 125 2 25.9064\nPointwise QoI eb rate: 2\n'
mp-2391409,bulk,512000,4096000,80x80x80,Q,Q_sz3_b16,2.0618704849226845e-07,1.1139738599948012e-10,RuntimeError: hpez rc=-6 stderr='double free or corruption (!prev)\n' stdout='====================================== BEGIN TUNING ================================\nABS QoI eb: 2.06187e-07\n4096 125 2 25.9064\nPointwise QoI eb rate: 2\n'
mp-2391409,bulk,512000,4096000,80x80x80,Q,Q_sz3_b16,1.9360547377188187e-07,1.045998953430252e-10,RuntimeError: hpez rc=-6 stderr='double free or corruption (!prev)\n' stdout='====================================== BEGIN TUNING ================================\nABS QoI eb: 1.93605e-07\n4096 125 2 25.9064\nPointwise QoI eb rate: 2\n'
mp-2391409,bulk,512000,4096000,80x80x80,Q,Q_sz3_b16,1.8760558229317093e-07,1.0135831333340634e-10,RuntimeError: hpez rc=-6 stderr='corrupted size vs. prev_size while consolidating\n' stdout='====================================== BEGIN TUNING ================================\nABS QoI eb: 1.87606e-07\n4096 125 2 25.9064\nPointwise QoI eb rate: 2\n'
mp-2391409,bulk,512000,4096000,80x80x80,Q,Q_sz3_b16,1.874211122111955e-07,1.0125864904761612e-10,RuntimeError: hpez rc=-6 stderr='malloc(): invalid size (unsorted)\n' stdout='====================================== BEGIN TUNING ================================\nABS QoI eb: 1.87421e-07\n4096 125 2 25.9064\nPointwise QoI eb rate: 2\n'
mp-2391409,bulk,512000,4096000,80x80x80,Q,Q_sz3_b16,1.873750230393883e-07,1.0123374829221104e-10,RuntimeError: hpez rc=-6 stderr='free(): invalid next size (normal)\n' stdout='====================================== BEGIN TUNING ================================\nABS QoI eb: 1.87375e-07\n4096 125 2 25.9064\nPointwise QoI eb rate: 2\n'
mp-2391409,bulk,512000,4096000,80x80x80,Q,Q_sz3_b16,1.8735198270387047e-07,1.0122130021087901e-10,RuntimeError: hpez rc=-6 stderr='free(): invalid next size (normal)\n' stdout='====================================== BEGIN TUNING ================================\nABS QoI eb: 1.87352e-07\n4096 125 2 25.9064\nPointwise QoI eb rate: 2\n'
mp-2391409,bulk,512000,4096000,80x80x80,Q,Q_sz3_b16,1.873462230626808e-07,1.0121818842971955e-10,RuntimeError: hpez rc=-6 stderr='malloc(): unsorted double linked list corrupted\n' stdout='====================================== BEGIN TUNING ================================\nABS QoI eb: 1.87346e-07\n4096 125 2 25.9064\nPointwise QoI eb rate: 2\n'
mp-2391409,bulk,512000,4096000,80x80x80,Q,Q_sz3_b16,1.873433433084855e-07,1.0121663257501373e-10,RuntimeError: hpez rc=-6 stderr='corrupted size vs. prev_size while consolidating\n' stdout='====================================== BEGIN TUNING ================================\nABS QoI eb: 1.87343e-07\n4096 125 2 25.9064\nPointwise QoI eb rate: 2\n'
mp-2391409,bulk,512000,4096000,80x80x80,Q,Q_sz3_b16,1.8734316332531824e-07,1.0121653533488879e-10,RuntimeError: hpez rc=-6 stderr='corrupted size vs. prev_size while consolidating\n' stdout='====================================== BEGIN TUNING ================================\nABS QoI eb: 1.87343e-07\n4096 125 2 25.9064\nPointwise QoI eb rate: 2\n'
mp-2391409,bulk,512000,4096000,80x80x80,Q,Q_sz3_b16,1.873431626222593e-07,1.0121653495504472e-10,RuntimeError: hpez rc=-6 stderr='corrupted size vs. prev_size while consolidating\n' stdout='====================================== BEGIN TUNING ================================\nABS QoI eb: 1.87343e-07\n4096 125 2 25.9064\nPointwise QoI eb rate: 2\n'
mp-2391409,bulk,512000,4096000,80x80x80,Q,Q_sz3_b16,1.8734316244649485e-07,1.0121653486008386e-10,RuntimeError: hpez rc=-6 stderr='corrupted size vs. prev_size while consolidating\n' stdout='====================================== BEGIN TUNING ================================\nABS QoI eb: 1.87343e-07\n4096 125 2 25.9064\nPointwise QoI eb rate: 2\n'
mp-2475284,bulk,175616,1404928,56x56x56,Q,Q_hpez_b8,4.003765210808482e-07,1.778279410038922e-09,RuntimeError: hpez rc=-6 stderr='malloc(): invalid size (unsorted)\n' stdout='====================================== BEGIN TUNING ================================\nABS QoI eb: 4.00377e-07\n512 343 2 11.6069\nPointwise QoI eb rate: 3\nPredictor tuning started.\n'
mp-2475284,bulk,175616,1404928,56x56x56,Q,Q_hpez_b8,3.530051989714961e-07,1.567878843826969e-09,RuntimeError: hpez rc=-6 stderr='double free or corruption (!prev)\n' stdout='====================================== BEGIN TUNING ================================\nABS QoI eb: 3.53005e-07\n512 343 2 11.6069\nPointwise QoI eb rate: 3\nPredictor tuning started.\n'
mp-2475284,bulk,175616,1404928,56x56x56,Q,Q_hpez_b8,3.314647514990577e-07,1.4722065648435387e-09,RuntimeError: hpez rc=-6 stderr='malloc(): unsorted double linked list corrupted\n' stdout='====================================== BEGIN TUNING ================================\nABS QoI eb: 3.31465e-07\n512 343 2 11.6069\nPointwise QoI eb rate: 3\nPredictor tuning started.\n'
mp-2475284,bulk,175616,1404928,56x56x56,Q,Q_hpez_b8,3.211925598132198e-07,1.4265824435249714e-09,RuntimeError: hpez rc=-6 stderr='malloc(): unsorted double linked list corrupted\n' stdout='====================================== BEGIN TUNING ================================\nABS QoI eb: 3.21193e-07\n512 343 2 11.6069\nPointwise QoI eb rate: 3\nPredictor tuning started.\n'
mp-2475284,bulk,175616,1404928,56x56x56,Q,Q_hpez_b8,3.186746429323613e-07,1.4153990711001036e-09,RuntimeError: hpez rc=-6 stderr='free(): invalid next size (normal)\n' stdout='====================================== BEGIN TUNING ================================\nABS QoI eb: 3.18675e-07\n512 343 2 11.6069\nPointwise QoI eb rate: 3\nPredictor tuning started.\n'
mp-2475284,bulk,175616,1404928,56x56x56,Q,Q_hpez_b8,3.1804825394040735e-07,1.412616953297442e-09,RuntimeError: hpez rc=-6 stderr='malloc(): invalid size (unsorted)\n' stdout='====================================== BEGIN TUNING ================================\nABS QoI eb: 3.18048e-07\n512 343 2 11.6069\nPointwise QoI eb rate: 3\nPredictor tuning started.\n'
mp-2475284,bulk,175616,1404928,56x56x56,Q,Q_hpez_b8,3.178918491674045e-07,1.4119222787278343e-09,RuntimeError: hpez rc=-6 stderr='double free or corruption (!prev)\n' stdout='====================================== BEGIN TUNING ================================\nABS QoI eb: 3.17892e-07\n512 343 2 11.6069\nPointwise QoI eb rate: 3\nPredictor tuning started.\n'
mp-2475284,bulk,175616,1404928,56x56x56,Q,Q_hpez_b8,3.178915437646031e-07,1.4119209222758826e-09,RuntimeError: hpez rc=-6 stderr='free(): invalid next size (normal)\n' stdout='====================================== BEGIN TUNING ================================\nABS QoI eb: 3.17892e-07\n512 343 2 11.6069\nPointwise QoI eb rate: 3\nPredictor tuning started.\n'
mp-2475284,bulk,175616,1404928,56x56x56,Q,Q_hpez_b8,3.178914674139486e-07,1.4119205831630983e-09,RuntimeError: hpez rc=-6 stderr='free(): invalid next size (normal)\n' stdout='====================================== BEGIN TUNING ================================\nABS QoI eb: 3.17891e-07\n512 343 2 11.6069\nPointwise QoI eb rate: 3\nPredictor tuning started.\n'
mp-2475284,bulk,175616,1404928,56x56x56,Q,Q_hpez_b8,3.1789144832628816e-07,1.4119204983849162e-09,RuntimeError: hpez rc=-6 stderr='free(): invalid next size (normal)\n' stdout='====================================== BEGIN TUNING ================================\nABS QoI eb: 3.17891e-07\n512 343 2 11.6069\nPointwise QoI eb rate: 3\nPredictor tuning started.\n'
mp-2475284,bulk,175616,1404928,56x56x56,Q,Q_hpez_b8,3.178914435543732e-07,1.4119204771903715e-09,RuntimeError: hpez rc=-6 stderr='free(): invalid next size (normal)\n' stdout='====================================== BEGIN TUNING ================================\nABS QoI eb: 3.17891e-07\n512 343 2 11.6069\nPointwise QoI eb rate: 3\nPredictor tuning started.\n'
mp-2475284,bulk,175616,1404928,56x56x56,Q,Q_hpez_b8,3.178914411684158e-07,1.4119204665930991e-09,RuntimeError: hpez rc=-6 stderr='free(): invalid next size (normal)\n' stdout='====================================== BEGIN TUNING ================================\nABS QoI eb: 3.17891e-07\n512 343 2 11.6069\nPointwise QoI eb rate: 3\nPredictor tuning started.\n'
mp-2475284,bulk,175616,1404928,56x56x56,Q,Q_hpez_b8,3.178914399754371e-07,1.411920461294463e-09,RuntimeError: hpez rc=-6 stderr='free(): invalid next size (normal)\n' stdout='====================================== BEGIN TUNING ================================\nABS QoI eb: 3.17891e-07\n512 343 2 11.6069\nPointwise QoI eb rate: 3\nPredictor tuning started.\n'
mp-2475284,bulk,175616,1404928,56x56x56,Q,Q_hpez_b8,3.17891439378948e-07,1.4119204586451462e-09,RuntimeError: hpez rc=-6 stderr='free(): invalid next size (normal)\n' stdout='====================================== BEGIN TUNING ================================\nABS QoI eb: 3.17891e-07\n512 343 2 11.6069\nPointwise QoI eb rate: 3\nPredictor tuning started.\n'
mp-2475284,bulk,175616,1404928,56x56x56,Q,Q_hpez_b8,3.178914390807032e-07,1.411920457320487e-09,RuntimeError: hpez rc=-6 stderr='free(): invalid next size (normal)\n' stdout='====================================== BEGIN TUNING ================================\nABS QoI eb: 3.17891e-07\n512 343 2 11.6069\nPointwise QoI eb rate: 3\nPredictor tuning started.\n'
mp-2475284,bulk,175616,1404928,56x56x56,Q,Q_sz3_b4,3.002400347112021e-06,1.3335214321633238e-08,RuntimeError: hpez rc=-6 stderr='malloc(): invalid size (unsorted)\n' stdout='====================================== BEGIN TUNING ================================\nABS QoI eb: 3.0024e-06\n64 2744 2 3.2383\nPointwise QoI eb rate: 2\n'
mp-2475284,bulk,175616,1404928,56x56x56,Q,Q_sz3_b4,1.0963989264262527e-06,4.869675251658625e-09,RuntimeError: hpez rc=-6 stderr='malloc(): unsorted double linked list corrupted\n' stdout='====================================== BEGIN TUNING ================================\nABS QoI eb: 1.0964e-06\n64 2744 2 3.2383\nPointwise QoI eb rate: 2\n'
mp-2475284,bulk,175616,1404928,56x56x56,Q,Q_sz3_b4,6.625499135003489e-07,2.942727176209279e-09,RuntimeError: hpez rc=-6 stderr='free(): invalid next size (normal)\n' stdout='====================================== BEGIN TUNING ================================\nABS QoI eb: 6.6255e-07\n64 2744 2 3.2383\nPointwise QoI eb rate: 2\n'
mp-2475284,bulk,175616,1404928,56x56x56,Q,Q_sz3_b4,5.150431335428976e-07,2.2875732003183963e-09,RuntimeError: hpez rc=-6 stderr='malloc(): unsorted double linked list corrupted\n' stdout='====================================== BEGIN TUNING ================================\nABS QoI eb: 5.15043e-07\n64 2744 2 3.2383\nPointwise QoI eb rate: 2\n'
mp-2475284,bulk,175616,1404928,56x56x56,Q,Q_sz3_b4,4.836150990650919e-07,2.1479850285170092e-09,RuntimeError: hpez rc=-6 stderr='malloc(): unsorted double linked list corrupted\n' stdout='====================================== BEGIN TUNING ================================\nABS QoI eb: 4.83615e-07\n64 2744 2 3.2383\nPointwise QoI eb rate: 2\n'
mp-2475284,bulk,175616,1404928,56x56x56,Q,Q_sz3_b4,4.798239071941393e-07,2.1311463826707892e-09,RuntimeError: hpez rc=-6 stderr='corrupted double-linked list\n' stdout='====================================== BEGIN TUNING ================================\nABS QoI eb: 4.79824e-07\n64 2744 2 3.2383\nPointwise QoI eb rate: 2\n'
mp-2475284,bulk,175616,1404928,56x56x56,Q,Q_sz3_b4,4.779394709368981e-07,2.1227766256562253e-09,RuntimeError: hpez rc=-6 stderr='malloc(): unsorted double linked list corrupted\n' stdout='====================================== BEGIN TUNING ================================\nABS QoI eb: 4.77939e-07\n64 2744 2 3.2383\nPointwise QoI eb rate: 2\n'
mp-2475284,bulk,175616,1404928,56x56x56,Q,Q_sz3_b4,4.770000299425962e-07,2.11860408184021e-09,RuntimeError: hpez rc=-6 stderr='free(): invalid next size (normal)\n' stdout='====================================== BEGIN TUNING ================================\nABS QoI eb: 4.77e-07\n64 2744 2 3.2383\nPointwise QoI eb rate: 2\n'
mp-2475284,bulk,175616,1404928,56x56x56,Q,Q_sz3_b4,4.768827297298684e-07,2.118083090867703e-09,RuntimeError: hpez rc=-6 stderr='malloc(): invalid size (unsorted)\n' stdout='====================================== BEGIN TUNING ================================\nABS QoI eb: 4.76883e-07\n64 2744 2 3.2383\nPointwise QoI eb rate: 2\n'
mp-2475284,bulk,175616,1404928,56x56x56,Q,Q_sz3_b4,4.768534091840847e-07,2.1179528631442653e-09,RuntimeError: hpez rc=-6 stderr='corrupted double-linked list\n' stdout='====================================== BEGIN TUNING ================================\nABS QoI eb: 4.76853e-07\n64 2744 2 3.2383\nPointwise QoI eb rate: 2\n'
mp-2475284,bulk,175616,1404928,56x56x56,Q,Q_sz3_b4,4.76838749587226e-07,2.11788775228516e-09,RuntimeError: hpez rc=-6 stderr='malloc(): unsorted double linked list corrupted\n' stdout='====================================== BEGIN TUNING ================================\nABS QoI eb: 4.76839e-07\n64 2744 2 3.2383\nPointwise QoI eb rate: 2\n'
mp-2475284,bulk,175616,1404928,56x56x56,Q,Q_sz3_b4,4.768378333773862e-07,2.117883682922928e-09,RuntimeError: hpez rc=-6 stderr='malloc(): unsorted double linked list corrupted\n' stdout='====================================== BEGIN TUNING ================================\nABS QoI eb: 4.76838e-07\n64 2744 2 3.2383\nPointwise QoI eb rate: 2\n'
mp-2475284,bulk,175616,1404928,56x56x56,Q,Q_sz3_b4,4.76837375273126e-07,2.117881648244742e-09,RuntimeError: hpez rc=-6 stderr='malloc(): unsorted double linked list corrupted\n' stdout='====================================== BEGIN TUNING ================================\nABS QoI eb: 4.76837e-07\n64 2744 2 3.2383\nPointwise QoI eb rate: 2\n'
mp-2475284,bulk,175616,1404928,56x56x56,Q,Q_sz3_b4,4.7683726074713e-07,2.1178811395755023e-09,RuntimeError: hpez rc=-6 stderr='malloc(): unsorted double linked list corrupted\n' stdout='====================================== BEGIN TUNING ================================\nABS QoI eb: 4.76837e-07\n64 2744 2 3.2383\nPointwise QoI eb rate: 2\n'
mp-2475284,bulk,175616,1404928,56x56x56,Q,Q_sz3_b4,4.768372034841422e-07,2.117880885240928e-09,RuntimeError: hpez rc=-6 stderr='malloc(): unsorted double linked list corrupted\n' stdout='====================================== BEGIN TUNING ================================\nABS QoI eb: 4.76837e-07\n64 2744 2 3.2383\nPointwise QoI eb rate: 2\n'
mp-2475284,bulk,175616,1404928,56x56x56,Q,Q_sz3_b4,4.768371748526505e-07,2.11788075807365e-09,RuntimeError: hpez rc=-6 stderr='malloc(): unsorted double linked list corrupted\n' stdout='====================================== BEGIN TUNING ================================\nABS QoI eb: 4.76837e-07\n64 2744 2 3.2383\nPointwise QoI eb rate: 2\n'
mp-2475284,bulk,175616,1404928,56x56x56,Q,Q_sz3_b4,4.768371605369058e-07,2.1178806944900167e-09,RuntimeError: hpez rc=-6 stderr='malloc(): unsorted double linked list corrupted\n' stdout='====================================== BEGIN TUNING ================================\nABS QoI eb: 4.76837e-07\n64 2744 2 3.2383\nPointwise QoI eb rate: 2\n'
mp-2475284,bulk,175616,1404928,56x56x56,Q,Q_sz3_b4,4.768371587474377e-07,2.117880686542062e-09,RuntimeError: hpez rc=-6 stderr='malloc(): unsorted double linked list corrupted\n' stdout='====================================== BEGIN TUNING ================================\nABS QoI eb: 4.76837e-07\n64 2744 2 3.2383\nPointwise QoI eb rate: 2\n'
mp-2475284,bulk,175616,1404928,56x56x56,Q,Q_sz3_b4,4.768371583000713e-07,2.1178806845550767e-09,RuntimeError: hpez rc=-6 stderr='malloc(): unsorted double linked list corrupted\n' stdout='====================================== BEGIN TUNING ================================\nABS QoI eb: 4.76837e-07\n64 2744 2 3.2383\nPointwise QoI eb rate: 2\n'
mp-2475284,bulk,175616,1404928,56x56x56,Q,Q_sz3_b8,3.002400347112021e-06,1.3335214321633238e-08,RuntimeError: hpez rc=-6 stderr='malloc(): invalid size (unsorted)\n' stdout='====================================== BEGIN TUNING ================================\nABS QoI eb: 3.0024e-06\n512 343 2 9.15929\nPointwise QoI eb rate: 2\n'
mp-2475284,bulk,175616,1404928,56x56x56,Q,Q_sz3_b8,1.0963989264262527e-06,4.869675251658625e-09,RuntimeError: hpez rc=-6 stderr='malloc(): unsorted double linked list corrupted\n' stdout='====================================== BEGIN TUNING ================================\nABS QoI eb: 1.0964e-06\n512 343 2 9.15929\nPointwise QoI eb rate: 2\n'
mp-2475284,bulk,175616,1404928,56x56x56,Q,Q_sz3_b8,6.625499135003489e-07,2.942727176209279e-09,RuntimeError: hpez rc=-6 stderr='free(): invalid next size (normal)\n' stdout='====================================== BEGIN TUNING ================================\nABS QoI eb: 6.6255e-07\n512 343 2 9.15929\nPointwise QoI eb rate: 2\n'
mp-2475284,bulk,175616,1404928,56x56x56,Q,Q_sz3_b8,5.150431335428976e-07,2.2875732003183963e-09,RuntimeError: hpez rc=-6 stderr='malloc(): unsorted double linked list corrupted\n' stdout='====================================== BEGIN TUNING ================================\nABS QoI eb: 5.15043e-07\n512 343 2 9.15929\nPointwise QoI eb rate: 2\n'
mp-2475284,bulk,175616,1404928,56x56x56,Q,Q_sz3_b8,4.836150990650919e-07,2.1479850285170092e-09,RuntimeError: hpez rc=-6 stderr='malloc(): unsorted double linked list corrupted\n' stdout='====================================== BEGIN TUNING ================================\nABS QoI eb: 4.83615e-07\n512 343 2 9.15929\nPointwise QoI eb rate: 2\n'
mp-2475284,bulk,175616,1404928,56x56x56,Q,Q_sz3_b8,4.798239071941393e-07,2.1311463826707892e-09,RuntimeError: hpez rc=-6 stderr='corrupted double-linked list\n' stdout='====================================== BEGIN TUNING ================================\nABS QoI eb: 4.79824e-07\n512 343 2 9.15929\nPointwise QoI eb rate: 2\n'
mp-2475284,bulk,175616,1404928,56x56x56,Q,Q_sz3_b8,4.779394709368981e-07,2.1227766256562253e-09,RuntimeError: hpez rc=-6 stderr='malloc(): unsorted double linked list corrupted\n' stdout='====================================== BEGIN TUNING ================================\nABS QoI eb: 4.77939e-07\n512 343 2 9.15929\nPointwise QoI eb rate: 2\n'
mp-2475284,bulk,175616,1404928,56x56x56,Q,Q_sz3_b8,4.770000299425962e-07,2.11860408184021e-09,RuntimeError: hpez rc=-6 stderr='free(): invalid next size (normal)\n' stdout='====================================== BEGIN TUNING ================================\nABS QoI eb: 4.77e-07\n512 343 2 9.15929\nPointwise QoI eb rate: 2\n'
mp-2475284,bulk,175616,1404928,56x56x56,Q,Q_sz3_b8,4.768827297298684e-07,2.118083090867703e-09,RuntimeError: hpez rc=-6 stderr='malloc(): invalid size (unsorted)\n' stdout='====================================== BEGIN TUNING ================================\nABS QoI eb: 4.76883e-07\n512 343 2 9.15929\nPointwise QoI eb rate: 2\n'
mp-2475284,bulk,175616,1404928,56x56x56,Q,Q_sz3_b8,4.768534091840847e-07,2.1179528631442653e-09,RuntimeError: hpez rc=-6 stderr='corrupted double-linked list\n' stdout='====================================== BEGIN TUNING ================================\nABS QoI eb: 4.76853e-07\n512 343 2 9.15929\nPointwise QoI eb rate: 2\n'
mp-2475284,bulk,175616,1404928,56x56x56,Q,Q_sz3_b8,4.76838749587226e-07,2.11788775228516e-09,RuntimeError: hpez rc=-6 stderr='malloc(): unsorted double linked list corrupted\n' stdout='====================================== BEGIN TUNING ================================\nABS QoI eb: 4.76839e-07\n512 343 2 9.15929\nPointwise QoI eb rate: 2\n'
mp-2475284,bulk,175616,1404928,56x56x56,Q,Q_sz3_b8,4.768378333773862e-07,2.117883682922928e-09,RuntimeError: hpez rc=-6 stderr='malloc(): unsorted double linked list corrupted\n' stdout='====================================== BEGIN TUNING ================================\nABS QoI eb: 4.76838e-07\n512 343 2 9.15929\nPointwise QoI eb rate: 2\n'
mp-2475284,bulk,175616,1404928,56x56x56,Q,Q_sz3_b8,4.76837375273126e-07,2.117881648244742e-09,RuntimeError: hpez rc=-6 stderr='malloc(): unsorted double linked list corrupted\n' stdout='====================================== BEGIN TUNING ================================\nABS QoI eb: 4.76837e-07\n512 343 2 9.15929\nPointwise QoI eb rate: 2\n'
mp-2475284,bulk,175616,1404928,56x56x56,Q,Q_sz3_b8,4.7683726074713e-07,2.1178811395755023e-09,RuntimeError: hpez rc=-6 stderr='malloc(): unsorted double linked list corrupted\n' stdout='====================================== BEGIN TUNING ================================\nABS QoI eb: 4.76837e-07\n512 343 2 9.15929\nPointwise QoI eb rate: 2\n'
mp-2475284,bulk,175616,1404928,56x56x56,Q,Q_sz3_b8,4.768372034841422e-07,2.117880885240928e-09,RuntimeError: hpez rc=-6 stderr='malloc(): unsorted double linked list corrupted\n' stdout='====================================== BEGIN TUNING ================================\nABS QoI eb: 4.76837e-07\n512 343 2 9.15929\nPointwise QoI eb rate: 2\n'
mp-2475284,bulk,175616,1404928,56x56x56,Q,Q_sz3_b8,4.768371748526505e-07,2.11788075807365e-09,RuntimeError: hpez rc=-6 stderr='malloc(): unsorted double linked list corrupted\n' stdout='====================================== BEGIN TUNING ================================\nABS QoI eb: 4.76837e-07\n512 343 2 9.15929\nPointwise QoI eb rate: 2\n'
mp-2475284,bulk,175616,1404928,56x56x56,Q,Q_sz3_b8,4.768371605369058e-07,2.1178806944900167e-09,RuntimeError: hpez rc=-6 stderr='malloc(): unsorted double linked list corrupted\n' stdout='====================================== BEGIN TUNING ================================\nABS QoI eb: 4.76837e-07\n512 343 2 9.15929\nPointwise QoI eb rate: 2\n'
mp-2475284,bulk,175616,1404928,56x56x56,Q,Q_sz3_b8,4.768371587474377e-07,2.117880686542062e-09,RuntimeError: hpez rc=-6 stderr='malloc(): unsorted double linked list corrupted\n' stdout='====================================== BEGIN TUNING ================================\nABS QoI eb: 4.76837e-07\n512 343 2 9.15929\nPointwise QoI eb rate: 2\n'
mp-2475284,bulk,175616,1404928,56x56x56,Q,Q_sz3_b8,4.768371583000713e-07,2.1178806845550767e-09,RuntimeError: hpez rc=-6 stderr='malloc(): unsorted double linked list corrupted\n' stdout='====================================== BEGIN TUNING ================================\nABS QoI eb: 4.76837e-07\n512 343 2 9.15929\nPointwise QoI eb rate: 2\n'
mp-2475284,bulk,175616,1404928,56x56x56,Q,Q_sz3_b16,3.002400347112021e-06,1.3335214321633238e-08,RuntimeError: hpez rc=-6 stderr='malloc(): invalid size (unsorted)\n' stdout='====================================== BEGIN TUNING ================================\nABS QoI eb: 3.0024e-06\n4096 64 2 25.9064\nPointwise QoI eb rate: 2\n'
mp-2475284,bulk,175616,1404928,56x56x56,Q,Q_sz3_b16,1.0963989264262527e-06,4.869675251658625e-09,RuntimeError: hpez rc=-6 stderr='malloc(): unsorted double linked list corrupted\n' stdout='====================================== BEGIN TUNING ================================\nABS QoI eb: 1.0964e-06\n4096 64 2 25.9064\nPointwise QoI eb rate: 2\n'
mp-2475284,bulk,175616,1404928,56x56x56,Q,Q_sz3_b16,6.625499135003489e-07,2.942727176209279e-09,RuntimeError: hpez rc=-6 stderr='free(): invalid next size (normal)\n' stdout='====================================== BEGIN TUNING ================================\nABS QoI eb: 6.6255e-07\n4096 64 2 25.9064\nPointwise QoI eb rate: 2\n'
mp-2475284,bulk,175616,1404928,56x56x56,Q,Q_sz3_b16,5.150431335428976e-07,2.2875732003183963e-09,RuntimeError: hpez rc=-6 stderr='malloc(): unsorted double linked list corrupted\n' stdout='====================================== BEGIN TUNING ================================\nABS QoI eb: 5.15043e-07\n4096 64 2 25.9064\nPointwise QoI eb rate: 2\n'
mp-2475284,bulk,175616,1404928,56x56x56,Q,Q_sz3_b16,4.836150990650919e-07,2.1479850285170092e-09,RuntimeError: hpez rc=-6 stderr='malloc(): unsorted double linked list corrupted\n' stdout='====================================== BEGIN TUNING ================================\nABS QoI eb: 4.83615e-07\n4096 64 2 25.9064\nPointwise QoI eb rate: 2\n'
mp-2475284,bulk,175616,1404928,56x56x56,Q,Q_sz3_b16,4.798239071941393e-07,2.1311463826707892e-09,RuntimeError: hpez rc=-6 stderr='corrupted double-linked list\n' stdout='====================================== BEGIN TUNING ================================\nABS QoI eb: 4.79824e-07\n4096 64 2 25.9064\nPointwise QoI eb rate: 2\n'
mp-2475284,bulk,175616,1404928,56x56x56,Q,Q_sz3_b16,4.779394709368981e-07,2.1227766256562253e-09,RuntimeError: hpez rc=-6 stderr='malloc(): unsorted double linked list corrupted\n' stdout='====================================== BEGIN TUNING ================================\nABS QoI eb: 4.77939e-07\n4096 64 2 25.9064\nPointwise QoI eb rate: 2\n'
mp-2475284,bulk,175616,1404928,56x56x56,Q,Q_sz3_b16,4.770000299425962e-07,2.11860408184021e-09,RuntimeError: hpez rc=-6 stderr='free(): invalid next size (normal)\n' stdout='====================================== BEGIN TUNING ================================\nABS QoI eb: 4.77e-07\n4096 64 2 25.9064\nPointwise QoI eb rate: 2\n'
mp-2475284,bulk,175616,1404928,56x56x56,Q,Q_sz3_b16,4.768827297298684e-07,2.118083090867703e-09,RuntimeError: hpez rc=-6 stderr='malloc(): invalid size (unsorted)\n' stdout='====================================== BEGIN TUNING ================================\nABS QoI eb: 4.76883e-07\n4096 64 2 25.9064\nPointwise QoI eb rate: 2\n'
mp-2475284,bulk,175616,1404928,56x56x56,Q,Q_sz3_b16,4.768534091840847e-07,2.1179528631442653e-09,RuntimeError: hpez rc=-6 stderr='corrupted double-linked list\n' stdout='====================================== BEGIN TUNING ================================\nABS QoI eb: 4.76853e-07\n4096 64 2 25.9064\nPointwise QoI eb rate: 2\n'
mp-2475284,bulk,175616,1404928,56x56x56,Q,Q_sz3_b16,4.76838749587226e-07,2.11788775228516e-09,RuntimeError: hpez rc=-6 stderr='malloc(): unsorted double linked list corrupted\n' stdout='====================================== BEGIN TUNING ================================\nABS QoI eb: 4.76839e-07\n4096 64 2 25.9064\nPointwise QoI eb rate: 2\n'
mp-2475284,bulk,175616,1404928,56x56x56,Q,Q_sz3_b16,4.768378333773862e-07,2.117883682922928e-09,RuntimeError: hpez rc=-6 stderr='malloc(): unsorted double linked list corrupted\n' stdout='====================================== BEGIN TUNING ================================\nABS QoI eb: 4.76838e-07\n4096 64 2 25.9064\nPointwise QoI eb rate: 2\n'
mp-2475284,bulk,175616,1404928,56x56x56,Q,Q_sz3_b16,4.76837375273126e-07,2.117881648244742e-09,RuntimeError: hpez rc=-6 stderr='malloc(): unsorted double linked list corrupted\n' stdout='====================================== BEGIN TUNING ================================\nABS QoI eb: 4.76837e-07\n4096 64 2 25.9064\nPointwise QoI eb rate: 2\n'
mp-2475284,bulk,175616,1404928,56x56x56,Q,Q_sz3_b16,4.7683726074713e-07,2.1178811395755023e-09,RuntimeError: hpez rc=-6 stderr='malloc(): unsorted double linked list corrupted\n' stdout='====================================== BEGIN TUNING ================================\nABS QoI eb: 4.76837e-07\n4096 64 2 25.9064\nPointwise QoI eb rate: 2\n'
mp-2475284,bulk,175616,1404928,56x56x56,Q,Q_sz3_b16,4.768372034841422e-07,2.117880885240928e-09,RuntimeError: hpez rc=-6 stderr='malloc(): unsorted double linked list corrupted\n' stdout='====================================== BEGIN TUNING ================================\nABS QoI eb: 4.76837e-07\n4096 64 2 25.9064\nPointwise QoI eb rate: 2\n'
mp-2475284,bulk,175616,1404928,56x56x56,Q,Q_sz3_b16,4.768371748526505e-07,2.11788075807365e-09,RuntimeError: hpez rc=-6 stderr='malloc(): unsorted double linked list corrupted\n' stdout='====================================== BEGIN TUNING ================================\nABS QoI eb: 4.76837e-07\n4096 64 2 25.9064\nPointwise QoI eb rate: 2\n'
mp-2475284,bulk,175616,1404928,56x56x56,Q,Q_sz3_b16,4.768371605369058e-07,2.1178806944900167e-09,RuntimeError: hpez rc=-6 stderr='malloc(): unsorted double linked list corrupted\n' stdout='====================================== BEGIN TUNING ================================\nABS QoI eb: 4.76837e-07\n4096 64 2 25.9064\nPointwise QoI eb rate: 2\n'
mp-2475284,bulk,175616,1404928,56x56x56,Q,Q_sz3_b16,4.768371587474377e-07,2.117880686542062e-09,RuntimeError: hpez rc=-6 stderr='malloc(): unsorted double linked list corrupted\n' stdout='====================================== BEGIN TUNING ================================\nABS QoI eb: 4.76837e-07\n4096 64 2 25.9064\nPointwise QoI eb rate: 2\n'
mp-2475284,bulk,175616,1404928,56x56x56,Q,Q_sz3_b16,4.768371583000713e-07,2.1178806845550767e-09,RuntimeError: hpez rc=-6 stderr='malloc(): unsorted double linked list corrupted\n' stdout='====================================== BEGIN TUNING ================================\nABS QoI eb: 4.76837e-07\n4096 64 2 25.9064\nPointwise QoI eb rate: 2\n'
mp-2529022,bulk,1024000,8192000,80x80x160,Q,Q_hpez_b8,1.2179496198129544e-05,1.778279410038919e-09,RuntimeError: hpez rc=-6 stderr='munmap_chunk(): invalid pointer\n' stdout='====================================== BEGIN TUNING ================================\nABS QoI eb: 1.21795e-05\n512 2000 2 11.6069\nPointwise QoI eb rate: 3\nPredictor tuning started.\n'
mp-2529022,bulk,1024000,8192000,80x80x160,Q,Q_hpez_b8,1.624161921315749e-06,2.3713737056616536e-10,RuntimeError: hpez rc=-6 stderr='double free or corruption (out)\n' stdout='====================================== BEGIN TUNING ================================\nABS QoI eb: 1.62416e-06\n512 2000 2 11.6069\nPointwise QoI eb rate: 3\nPredictor tuning started.\n'
mp-2529022,bulk,1024000,8192000,80x80x160,Q,Q_hpez_b8,5.931019121370194e-07,8.659643233600653e-11,RuntimeError: hpez rc=-6 stderr='double free or corruption (!prev)\n' stdout='====================================== BEGIN TUNING ================================\nABS QoI eb: 5.93102e-07\n512 2000 2 11.6069\nPointwise QoI eb rate: 3\nPredictor tuning started.\n'
mp-2529022,bulk,1024000,8192000,80x80x160,Q,Q_hpez_b8,4.610566858630696e-07,6.731703824144976e-11,RuntimeError: hpez rc=-6 stderr='corrupted double-linked list\n' stdout='====================================== BEGIN TUNING ================================\nABS QoI eb: 4.61057e-07\n512 2000 2 11.6069\nPointwise QoI eb rate: 3\nPredictor tuning started.\n'
mp-2529022,bulk,1024000,8192000,80x80x160,Q,Q_hpez_b8,4.467684014110927e-07,6.523086311298825e-11,RuntimeError: hpez rc=-6 stderr='double free or corruption (!prev)\n' stdout='====================================== BEGIN TUNING ================================\nABS QoI eb: 4.46768e-07\n512 2000 2 11.6069\nPointwise QoI eb rate: 3\nPredictor tuning started.\n'
mp-2529022,bulk,1024000,8192000,80x80x160,Q,Q_hpez_b8,4.397911762891437e-07,6.421214644591677e-11,RuntimeError: hpez rc=-6 stderr='double free or corruption (!prev)\n' stdout='====================================== BEGIN TUNING ================================\nABS QoI eb: 4.39791e-07\n512 2000 2 11.6069\nPointwise QoI eb rate: 3\nPredictor tuning started.\n'
mp-2529022,bulk,1024000,8192000,80x80x160,Q,Q_hpez_b8,4.363435322108531e-07,6.37087697562875e-11,RuntimeError: hpez rc=-6 stderr='corrupted double-linked list\n' stdout='line = 0\n\tinterp best adj = 1\nLevel: 2\n\tinterp best interpAlgo = CUBIC\n\tinterp best interpParadigm = MD\n\tinterp best cubic spline = 1\n\tinterp best adj = 1\nLevel: 1\n\tinterp best interpAlgo = CUBIC\n\tinterp best interpParadigm = MD\n\tinterp best cubic spline = 0\n\tinterp best adj = 1\nB-M tuning started.\n'
mp-2529022,bulk,1024000,8192000,80x80x160,Q,Q_hpez_b8,4.363301179830193e-07,6.37068111986616e-11,RuntimeError: hpez rc=-6 stderr='malloc(): invalid size (unsorted)\n' stdout='line = 0\n\tinterp best adj = 1\nLevel: 2\n\tinterp best interpAlgo = CUBIC\n\tinterp best interpParadigm = MD\n\tinterp best cubic spline = 1\n\tinterp best adj = 1\nLevel: 1\n\tinterp best interpAlgo = CUBIC\n\tinterp best interpParadigm = MD\n\tinterp best cubic spline = 0\n\tinterp best adj = 1\nB-M tuning started.\n
mp-2529022,bulk,1024000,8192000,80x80x160,Q,Q_hpez_b8,4.363292796074723e-07,6.370668879080919e-11,RuntimeError: hpez rc=-6 stderr='free(): invalid next size (normal)\n' stdout='line = 0\n\tinterp best adj = 1\nLevel: 2\n\tinterp best interpAlgo = CUBIC\n\tinterp best interpParadigm = MD\n\tinterp best cubic spline = 1\n\tinterp best adj = 1\nLevel: 1\n\tinterp best interpAlgo = CUBIC\n\tinterp best interpParadigm = MD\n\tinterp best cubic spline = 0\n\tinterp best adj = 1\nB-M tuning started.\
mp-2529022,bulk,1024000,8192000,80x80x160,Q,Q_hpez_b8,4.3632886042030244e-07,6.37066275869711e-11,RuntimeError: hpez rc=-6 stderr='corrupted double-linked list\n' stdout='line = 0\n\tinterp best adj = 1\nLevel: 2\n\tinterp best interpAlgo = CUBIC\n\tinterp best interpParadigm = MD\n\tinterp best cubic spline = 1\n\tinterp best adj = 1\nLevel: 1\n\tinterp best interpAlgo = CUBIC\n\tinterp best interpParadigm = MD\n\tinterp best cubic spline = 0\n\tinterp best adj = 1\nB-M tuning started.\n'
mp-2529022,bulk,1024000,8192000,80x80x160,Q,Q_hpez_b8,4.3632880802193467e-07,6.37066199364955e-11,RuntimeError: hpez rc=-6 stderr='corrupted double-linked list\n' stdout='line = 0\n\tinterp best adj = 1\nLevel: 2\n\tinterp best interpAlgo = CUBIC\n\tinterp best interpParadigm = MD\n\tinterp best cubic spline = 1\n\tinterp best adj = 1\nLevel: 1\n\tinterp best interpAlgo = CUBIC\n\tinterp best interpParadigm = MD\n\tinterp best cubic spline = 0\n\tinterp best adj = 1\nB-M tuning started.\n'
mp-2529022,bulk,1024000,8192000,80x80x160,Q,Q_hpez_b8,4.363287949223431e-07,6.370661802387665e-11,RuntimeError: hpez rc=-6 stderr='corrupted double-linked list\n' stdout='line = 0\n\tinterp best adj = 1\nLevel: 2\n\tinterp best interpAlgo = CUBIC\n\tinterp best interpParadigm = MD\n\tinterp best cubic spline = 1\n\tinterp best adj = 1\nLevel: 1\n\tinterp best interpAlgo = CUBIC\n\tinterp best interpParadigm = MD\n\tinterp best cubic spline = 0\n\tinterp best adj = 1\nB-M tuning started.\n'
mp-2529022,bulk,1024000,8192000,80x80x160,Q,Q_hpez_b8,4.3632879164744557e-07,6.370661754572199e-11,RuntimeError: hpez rc=-6 stderr='corrupted double-linked list\n' stdout='line = 0\n\tinterp best adj = 1\nLevel: 2\n\tinterp best interpAlgo = CUBIC\n\tinterp best interpParadigm = MD\n\tinterp best cubic spline = 1\n\tinterp best adj = 1\nLevel: 1\n\tinterp best interpAlgo = CUBIC\n\tinterp best interpParadigm = MD\n\tinterp best cubic spline = 0\n\tinterp best adj = 1\nB-M tuning started.\n'
mp-2529022,bulk,1024000,8192000,80x80x160,Q,Q_hpez_b8,4.363287900099967e-07,6.370661730664465e-11,RuntimeError: hpez rc=-6 stderr='corrupted double-linked list\n' stdout='line = 0\n\tinterp best adj = 1\nLevel: 2\n\tinterp best interpAlgo = CUBIC\n\tinterp best interpParadigm = MD\n\tinterp best cubic spline = 1\n\tinterp best adj = 1\nLevel: 1\n\tinterp best interpAlgo = CUBIC\n\tinterp best interpParadigm = MD\n\tinterp best cubic spline = 0\n\tinterp best adj = 1\nB-M tuning started.\n'
mp-2529022,bulk,1024000,8192000,80x80x160,Q,Q_hpez_b8,4.363287891912727e-07,6.370661718710604e-11,RuntimeError: hpez rc=-6 stderr='corrupted double-linked list\n' stdout='line = 0\n\tinterp best adj = 1\nLevel: 2\n\tinterp best interpAlgo = CUBIC\n\tinterp best interpParadigm = MD\n\tinterp best cubic spline = 1\n\tinterp best adj = 1\nLevel: 1\n\tinterp best interpAlgo = CUBIC\n\tinterp best interpParadigm = MD\n\tinterp best cubic spline = 0\n\tinterp best adj = 1\nB-M tuning started.\n'
mp-2529022,bulk,1024000,8192000,80x80x160,Q,Q_hpez_b8,4.363287887819103e-07,6.370661712733667e-11,RuntimeError: hpez rc=-6 stderr='corrupted double-linked list\n' stdout='line = 0\n\tinterp best adj = 1\nLevel: 2\n\tinterp best interpAlgo = CUBIC\n\tinterp best interpParadigm = MD\n\tinterp best cubic spline = 1\n\tinterp best adj = 1\nLevel: 1\n\tinterp best interpAlgo = CUBIC\n\tinterp best interpParadigm = MD\n\tinterp best cubic spline = 0\n\tinterp best adj = 1\nB-M tuning started.\n'
mp-2616186,bulk,627200,5017600,56x56x200,Q,Q_sz3_b4,7.457525681833287e-06,1.7782794100389195e-09,RuntimeError: hpez rc=-6 stderr='free(): invalid next size (normal)\n' stdout='====================================== BEGIN TUNING ================================\nABS QoI eb: 7.45753e-06\n64 9800 2 3.2383\nPointwise QoI eb rate: 2\n'
mp-2616186,bulk,627200,5017600,56x56x200,Q,Q_sz3_b4,9.944770327633106e-07,2.3713737056616536e-10,RuntimeError: hpez rc=-6 stderr='free(): invalid pointer\n' stdout='====================================== BEGIN TUNING ================================\nABS QoI eb: 9.94477e-07\n64 9800 2 3.2383\nPointwise QoI eb rate: 2\n'
mp-2616186,bulk,627200,5017600,56x56x200,Q,Q_sz3_b4,6.009588810735981e-07,1.4330125702369622e-10,RuntimeError: hpez rc=-6 stderr='malloc(): unsorted double linked list corrupted\n' stdout='====================================== BEGIN TUNING ================================\nABS QoI eb: 6.00959e-07\n64 9800 2 3.2383\nPointwise QoI eb rate: 2\n'
mp-2616186,bulk,627200,5017600,56x56x200,Q,Q_sz3_b4,5.298552692709863e-07,1.26346291765447e-10,RuntimeError: hpez rc=-6 stderr='corrupted size vs. prev_size while consolidating\n' stdout='====================================== BEGIN TUNING ================================\nABS QoI eb: 5.29855e-07\n64 9800 2 3.2383\nPointwise QoI eb rate: 2\n'
mp-2616186,bulk,627200,5017600,56x56x200,Q,Q_sz3_b4,4.975233953241441e-07,1.1863661590503357e-10,RuntimeError: hpez rc=-6 stderr='double free or corruption (out)\n' stdout='====================================== BEGIN TUNING ================================\nABS QoI eb: 4.97523e-07\n64 9800 2 3.2383\nPointwise QoI eb rate: 2\n'
mp-2616186,bulk,627200,5017600,56x56x200,Q,Q_sz3_b4,4.821049966502416e-07,1.149600317312286e-10,RuntimeError: hpez rc=-6 stderr='double free or corruption (out)\n' stdout='====================================== BEGIN TUNING ================================\nABS QoI eb: 4.82105e-07\n64 9800 2 3.2383\nPointwise QoI eb rate: 2\n'
mp-2616186,bulk,627200,5017600,56x56x200,Q,Q_sz3_b4,4.783256428877579e-07,1.1405882840108791e-10,RuntimeError: hpez rc=-6 stderr='double free or corruption (out)\n' stdout='====================================== BEGIN TUNING ================================\nABS QoI eb: 4.78326e-07\n64 9800 2 3.2383\nPointwise QoI eb rate: 2\n'
mp-2616186,bulk,627200,5017600,56x56x200,Q,Q_sz3_b4,4.773854428313079e-07,1.1383463361141722e-10,RuntimeError: hpez rc=-6 stderr='double free or corruption (out)\n' stdout='====================================== BEGIN TUNING ================================\nABS QoI eb: 4.77385e-07\n64 9800 2 3.2383\nPointwise QoI eb rate: 2\n'
mp-2616186,bulk,627200,5017600,56x56x200,Q,Q_sz3_b4,4.769160360540864e-07,1.137227015252966e-10,RuntimeError: hpez rc=-6 stderr='double free or corruption (out)\n' stdout='====================================== BEGIN TUNING ================================\nABS QoI eb: 4.76916e-07\n64 9800 2 3.2383\nPointwise QoI eb rate: 2\n'
mp-2616186,bulk,627200,5017600,56x56x200,Q,Q_sz3_b4,4.768573926697853e-07,1.1370871775543958e-10,RuntimeError: hpez rc=-6 stderr='double free or corruption (out)\n' stdout='====================================== BEGIN TUNING ================================\nABS QoI eb: 4.76857e-07\n64 9800 2 3.2383\nPointwise QoI eb rate: 2\n'
mp-2616186,bulk,627200,5017600,56x56x200,Q,Q_sz3_b4,4.768427329504658e-07,1.1370522208165512e-10,RuntimeError: hpez rc=-6 stderr='double free or corruption (!prev)\n' stdout='====================================== BEGIN TUNING ================================\nABS QoI eb: 4.76843e-07\n64 9800 2 3.2383\nPointwise QoI eb rate: 2\n'
mp-2616186,bulk,627200,5017600,56x56x200,Q,Q_sz3_b4,4.76839068091054e-07,1.1370434818000052e-10,RuntimeError: hpez rc=-6 stderr='double free or corruption (out)\n' stdout='====================================== BEGIN TUNING ================================\nABS QoI eb: 4.76839e-07\n64 9800 2 3.2383\nPointwise QoI eb rate: 2\n'
mp-2616186,bulk,627200,5017600,56x56x200,Q,Q_sz3_b4,4.768372356719108e-07,1.1370391123169191e-10,RuntimeError: hpez rc=-6 stderr='double free or corruption (out)\n' stdout='====================================== BEGIN TUNING ================================\nABS QoI eb: 4.76837e-07\n64 9800 2 3.2383\nPointwise QoI eb rate: 2\n'
mp-2616186,bulk,627200,5017600,56x56x200,Q,Q_sz3_b4,4.768371784089261e-07,1.1370389757708435e-10,RuntimeError: hpez rc=-6 stderr='double free or corruption (out)\n' stdout='====================================== BEGIN TUNING ================================\nABS QoI eb: 4.76837e-07\n64 9800 2 3.2383\nPointwise QoI eb rate: 2\n'
mp-2616186,bulk,627200,5017600,56x56x200,Q,Q_sz3_b4,4.768371640931804e-07,1.1370389416343255e-10,RuntimeError: hpez rc=-6 stderr='double free or corruption (out)\n' stdout='====================================== BEGIN TUNING ================================\nABS QoI eb: 4.76837e-07\n64 9800 2 3.2383\nPointwise QoI eb rate: 2\n'
mp-2616186,bulk,627200,5017600,56x56x200,Q,Q_sz3_b4,4.768371605142442e-07,1.1370389331001968e-10,RuntimeError: hpez rc=-6 stderr='double free or corruption (out)\n' stdout='====================================== BEGIN TUNING ================================\nABS QoI eb: 4.76837e-07\n64 9800 2 3.2383\nPointwise QoI eb rate: 2\n'
mp-2616186,bulk,627200,5017600,56x56x200,Q,Q_sz3_b4,4.768371587247762e-07,1.1370389288331323e-10,RuntimeError: hpez rc=-6 stderr='double free or corruption (out)\n' stdout='====================================== BEGIN TUNING ================================\nABS QoI eb: 4.76837e-07\n64 9800 2 3.2383\nPointwise QoI eb rate: 2\n'
mp-2616186,bulk,627200,5017600,56x56x200,Q,Q_sz3_b4,4.768371582774098e-07,1.1370389277663679e-10,RuntimeError: hpez rc=-6 stderr='double free or corruption (out)\n' stdout='====================================== BEGIN TUNING ================================\nABS QoI eb: 4.76837e-07\n64 9800 2 3.2383\nPointwise QoI eb rate: 2\n'
mp-2616186,bulk,627200,5017600,56x56x200,Q,Q_sz3_b8,7.457525681833287e-06,1.7782794100389195e-09,RuntimeError: hpez rc=-6 stderr='free(): invalid next size (normal)\n' stdout='====================================== BEGIN TUNING ================================\nABS QoI eb: 7.45753e-06\n512 1225 2 9.15929\nPointwise QoI eb rate: 2\n'
mp-2616186,bulk,627200,5017600,56x56x200,Q,Q_sz3_b8,9.944770327633106e-07,2.3713737056616536e-10,RuntimeError: hpez rc=-6 stderr='free(): invalid pointer\n' stdout='====================================== BEGIN TUNING ================================\nABS QoI eb: 9.94477e-07\n512 1225 2 9.15929\nPointwise QoI eb rate: 2\n'
mp-2616186,bulk,627200,5017600,56x56x200,Q,Q_sz3_b8,6.009588810735981e-07,1.4330125702369622e-10,RuntimeError: hpez rc=-6 stderr='malloc(): unsorted double linked list corrupted\n' stdout='====================================== BEGIN TUNING ================================\nABS QoI eb: 6.00959e-07\n512 1225 2 9.15929\nPointwise QoI eb rate: 2\n'
mp-2616186,bulk,627200,5017600,56x56x200,Q,Q_sz3_b8,5.298552692709863e-07,1.26346291765447e-10,RuntimeError: hpez rc=-6 stderr='corrupted size vs. prev_size while consolidating\n' stdout='====================================== BEGIN TUNING ================================\nABS QoI eb: 5.29855e-07\n512 1225 2 9.15929\nPointwise QoI eb rate: 2\n'
mp-2616186,bulk,627200,5017600,56x56x200,Q,Q_sz3_b8,4.975233953241441e-07,1.1863661590503357e-10,RuntimeError: hpez rc=-6 stderr='double free or corruption (out)\n' stdout='====================================== BEGIN TUNING ================================\nABS QoI eb: 4.97523e-07\n512 1225 2 9.15929\nPointwise QoI eb rate: 2\n'
mp-2616186,bulk,627200,5017600,56x56x200,Q,Q_sz3_b8,4.821049966502416e-07,1.149600317312286e-10,RuntimeError: hpez rc=-6 stderr='double free or corruption (out)\n' stdout='====================================== BEGIN TUNING ================================\nABS QoI eb: 4.82105e-07\n512 1225 2 9.15929\nPointwise QoI eb rate: 2\n'
mp-2616186,bulk,627200,5017600,56x56x200,Q,Q_sz3_b8,4.783256428877579e-07,1.1405882840108791e-10,RuntimeError: hpez rc=-6 stderr='double free or corruption (out)\n' stdout='====================================== BEGIN TUNING ================================\nABS QoI eb: 4.78326e-07\n512 1225 2 9.15929\nPointwise QoI eb rate: 2\n'
mp-2616186,bulk,627200,5017600,56x56x200,Q,Q_sz3_b8,4.773854428313079e-07,1.1383463361141722e-10,RuntimeError: hpez rc=-6 stderr='double free or corruption (out)\n' stdout='====================================== BEGIN TUNING ================================\nABS QoI eb: 4.77385e-07\n512 1225 2 9.15929\nPointwise QoI eb rate: 2\n'
mp-2616186,bulk,627200,5017600,56x56x200,Q,Q_sz3_b8,4.769160360540864e-07,1.137227015252966e-10,RuntimeError: hpez rc=-6 stderr='double free or corruption (out)\n' stdout='====================================== BEGIN TUNING ================================\nABS QoI eb: 4.76916e-07\n512 1225 2 9.15929\nPointwise QoI eb rate: 2\n'
mp-2616186,bulk,627200,5017600,56x56x200,Q,Q_sz3_b8,4.768573926697853e-07,1.1370871775543958e-10,RuntimeError: hpez rc=-6 stderr='double free or corruption (out)\n' stdout='====================================== BEGIN TUNING ================================\nABS QoI eb: 4.76857e-07\n512 1225 2 9.15929\nPointwise QoI eb rate: 2\n'
mp-2616186,bulk,627200,5017600,56x56x200,Q,Q_sz3_b8,4.768427329504658e-07,1.1370522208165512e-10,RuntimeError: hpez rc=-6 stderr='double free or corruption (!prev)\n' stdout='====================================== BEGIN TUNING ================================\nABS QoI eb: 4.76843e-07\n512 1225 2 9.15929\nPointwise QoI eb rate: 2\n'
mp-2616186,bulk,627200,5017600,56x56x200,Q,Q_sz3_b8,4.76839068091054e-07,1.1370434818000052e-10,RuntimeError: hpez rc=-6 stderr='double free or corruption (out)\n' stdout='====================================== BEGIN TUNING ================================\nABS QoI eb: 4.76839e-07\n512 1225 2 9.15929\nPointwise QoI eb rate: 2\n'
mp-2616186,bulk,627200,5017600,56x56x200,Q,Q_sz3_b8,4.768372356719108e-07,1.1370391123169191e-10,RuntimeError: hpez rc=-6 stderr='double free or corruption (out)\n' stdout='====================================== BEGIN TUNING ================================\nABS QoI eb: 4.76837e-07\n512 1225 2 9.15929\nPointwise QoI eb rate: 2\n'
mp-2616186,bulk,627200,5017600,56x56x200,Q,Q_sz3_b8,4.768371784089261e-07,1.1370389757708435e-10,RuntimeError: hpez rc=-6 stderr='double free or corruption (out)\n' stdout='====================================== BEGIN TUNING ================================\nABS QoI eb: 4.76837e-07\n512 1225 2 9.15929\nPointwise QoI eb rate: 2\n'
mp-2616186,bulk,627200,5017600,56x56x200,Q,Q_sz3_b8,4.768371640931804e-07,1.1370389416343255e-10,RuntimeError: hpez rc=-6 stderr='double free or corruption (out)\n' stdout='====================================== BEGIN TUNING ================================\nABS QoI eb: 4.76837e-07\n512 1225 2 9.15929\nPointwise QoI eb rate: 2\n'
mp-2616186,bulk,627200,5017600,56x56x200,Q,Q_sz3_b8,4.768371605142442e-07,1.1370389331001968e-10,RuntimeError: hpez rc=-6 stderr='double free or corruption (out)\n' stdout='====================================== BEGIN TUNING ================================\nABS QoI eb: 4.76837e-07\n512 1225 2 9.15929\nPointwise QoI eb rate: 2\n'
mp-2616186,bulk,627200,5017600,56x56x200,Q,Q_sz3_b8,4.768371587247762e-07,1.1370389288331323e-10,RuntimeError: hpez rc=-6 stderr='double free or corruption (out)\n' stdout='====================================== BEGIN TUNING ================================\nABS QoI eb: 4.76837e-07\n512 1225 2 9.15929\nPointwise QoI eb rate: 2\n'
mp-2616186,bulk,627200,5017600,56x56x200,Q,Q_sz3_b8,4.768371582774098e-07,1.1370389277663679e-10,RuntimeError: hpez rc=-6 stderr='double free or corruption (out)\n' stdout='====================================== BEGIN TUNING ================================\nABS QoI eb: 4.76837e-07\n512 1225 2 9.15929\nPointwise QoI eb rate: 2\n'
mp-2616186,bulk,627200,5017600,56x56x200,Q,Q_sz3_b16,7.457525681833287e-06,1.7782794100389195e-09,RuntimeError: hpez rc=-6 stderr='free(): invalid next size (normal)\n' stdout='====================================== BEGIN TUNING ================================\nABS QoI eb: 7.45753e-06\n4096 208 2 25.9064\nPointwise QoI eb rate: 2\n'
mp-2616186,bulk,627200,5017600,56x56x200,Q,Q_sz3_b16,9.944770327633106e-07,2.3713737056616536e-10,RuntimeError: hpez rc=-6 stderr='free(): invalid pointer\n' stdout='====================================== BEGIN TUNING ================================\nABS QoI eb: 9.94477e-07\n4096 208 2 25.9064\nPointwise QoI eb rate: 2\n'
mp-2616186,bulk,627200,5017600,56x56x200,Q,Q_sz3_b16,6.009588810735981e-07,1.4330125702369622e-10,RuntimeError: hpez rc=-6 stderr='malloc(): unsorted double linked list corrupted\n' stdout='====================================== BEGIN TUNING ================================\nABS QoI eb: 6.00959e-07\n4096 208 2 25.9064\nPointwise QoI eb rate: 2\n'
mp-2616186,bulk,627200,5017600,56x56x200,Q,Q_sz3_b16,5.298552692709863e-07,1.26346291765447e-10,RuntimeError: hpez rc=-6 stderr='corrupted size vs. prev_size while consolidating\n' stdout='====================================== BEGIN TUNING ================================\nABS QoI eb: 5.29855e-07\n4096 208 2 25.9064\nPointwise QoI eb rate: 2\n'
mp-2616186,bulk,627200,5017600,56x56x200,Q,Q_sz3_b16,4.975233953241441e-07,1.1863661590503357e-10,RuntimeError: hpez rc=-6 stderr='double free or corruption (out)\n' stdout='====================================== BEGIN TUNING ================================\nABS QoI eb: 4.97523e-07\n4096 208 2 25.9064\nPointwise QoI eb rate: 2\n'
mp-2616186,bulk,627200,5017600,56x56x200,Q,Q_sz3_b16,4.821049966502416e-07,1.149600317312286e-10,RuntimeError: hpez rc=-6 stderr='double free or corruption (out)\n' stdout='====================================== BEGIN TUNING ================================\nABS QoI eb: 4.82105e-07\n4096 208 2 25.9064\nPointwise QoI eb rate: 2\n'
mp-2616186,bulk,627200,5017600,56x56x200,Q,Q_sz3_b16,4.783256428877579e-07,1.1405882840108791e-10,RuntimeError: hpez rc=-6 stderr='double free or corruption (out)\n' stdout='====================================== BEGIN TUNING ================================\nABS QoI eb: 4.78326e-07\n4096 208 2 25.9064\nPointwise QoI eb rate: 2\n'
mp-2616186,bulk,627200,5017600,56x56x200,Q,Q_sz3_b16,4.773854428313079e-07,1.1383463361141722e-10,RuntimeError: hpez rc=-6 stderr='double free or corruption (out)\n' stdout='====================================== BEGIN TUNING ================================\nABS QoI eb: 4.77385e-07\n4096 208 2 25.9064\nPointwise QoI eb rate: 2\n'
mp-2616186,bulk,627200,5017600,56x56x200,Q,Q_sz3_b16,4.769160360540864e-07,1.137227015252966e-10,RuntimeError: hpez rc=-6 stderr='double free or corruption (out)\n' stdout='====================================== BEGIN TUNING ================================\nABS QoI eb: 4.76916e-07\n4096 208 2 25.9064\nPointwise QoI eb rate: 2\n'
mp-2616186,bulk,627200,5017600,56x56x200,Q,Q_sz3_b16,4.768573926697853e-07,1.1370871775543958e-10,RuntimeError: hpez rc=-6 stderr='double free or corruption (out)\n' stdout='====================================== BEGIN TUNING ================================\nABS QoI eb: 4.76857e-07\n4096 208 2 25.9064\nPointwise QoI eb rate: 2\n'
mp-2616186,bulk,627200,5017600,56x56x200,Q,Q_sz3_b16,4.768427329504658e-07,1.1370522208165512e-10,RuntimeError: hpez rc=-6 stderr='double free or corruption (!prev)\n' stdout='====================================== BEGIN TUNING ================================\nABS QoI eb: 4.76843e-07\n4096 208 2 25.9064\nPointwise QoI eb rate: 2\n'
mp-2616186,bulk,627200,5017600,56x56x200,Q,Q_sz3_b16,4.76839068091054e-07,1.1370434818000052e-10,RuntimeError: hpez rc=-6 stderr='double free or corruption (out)\n' stdout='====================================== BEGIN TUNING ================================\nABS QoI eb: 4.76839e-07\n4096 208 2 25.9064\nPointwise QoI eb rate: 2\n'
mp-2616186,bulk,627200,5017600,56x56x200,Q,Q_sz3_b16,4.768372356719108e-07,1.1370391123169191e-10,RuntimeError: hpez rc=-6 stderr='double free or corruption (out)\n' stdout='====================================== BEGIN TUNING ================================\nABS QoI eb: 4.76837e-07\n4096 208 2 25.9064\nPointwise QoI eb rate: 2\n'
mp-2616186,bulk,627200,5017600,56x56x200,Q,Q_sz3_b16,4.768371784089261e-07,1.1370389757708435e-10,RuntimeError: hpez rc=-6 stderr='double free or corruption (out)\n' stdout='====================================== BEGIN TUNING ================================\nABS QoI eb: 4.76837e-07\n4096 208 2 25.9064\nPointwise QoI eb rate: 2\n'
mp-2616186,bulk,627200,5017600,56x56x200,Q,Q_sz3_b16,4.768371640931804e-07,1.1370389416343255e-10,RuntimeError: hpez rc=-6 stderr='double free or corruption (out)\n' stdout='====================================== BEGIN TUNING ================================\nABS QoI eb: 4.76837e-07\n4096 208 2 25.9064\nPointwise QoI eb rate: 2\n'
mp-2616186,bulk,627200,5017600,56x56x200,Q,Q_sz3_b16,4.768371605142442e-07,1.1370389331001968e-10,RuntimeError: hpez rc=-6 stderr='double free or corruption (out)\n' stdout='====================================== BEGIN TUNING ================================\nABS QoI eb: 4.76837e-07\n4096 208 2 25.9064\nPointwise QoI eb rate: 2\n'
mp-2616186,bulk,627200,5017600,56x56x200,Q,Q_sz3_b16,4.768371587247762e-07,1.1370389288331323e-10,RuntimeError: hpez rc=-6 stderr='double free or corruption (out)\n' stdout='====================================== BEGIN TUNING ================================\nABS QoI eb: 4.76837e-07\n4096 208 2 25.9064\nPointwise QoI eb rate: 2\n'
mp-2616186,bulk,627200,5017600,56x56x200,Q,Q_sz3_b16,4.768371582774098e-07,1.1370389277663679e-10,RuntimeError: hpez rc=-6 stderr='double free or corruption (out)\n' stdout='====================================== BEGIN TUNING ================================\nABS QoI eb: 4.76837e-07\n4096 208 2 25.9064\nPointwise QoI eb rate: 2\n'
mp-2675028,bulk,921600,7372800,64x72x200,Q,Q_hpez_b4,2.074409462621605e-07,3.162277660168377e-11,RuntimeError: hpez rc=-6 stderr='malloc(): invalid size (unsorted)\n' stdout='====================================== BEGIN TUNING ================================\nABS QoI eb: 2.07441e-07\n64 14400 2 4.10367\nPointwise QoI eb rate: 2\nPredictor tuning started.\n'
mp-2675028,bulk,921600,7372800,64x72x200,Q,Q_hpez_b4,1.2535581501380613e-07,1.91095297497044e-11,RuntimeError: hpez rc=-6 stderr='double free or corruption (out)\n' stdout='====================================== BEGIN TUNING ================================\nABS QoI eb: 1.25356e-07\n64 14400 2 4.10367\nPointwise QoI eb rate: 2\nPredictor tuning started.\n'
mp-2675028,bulk,921600,7372800,64x72x200,Q,Q_hpez_b4,9.744722692881373e-08,1.4855080171727734e-11,RuntimeError: hpez rc=-6 stderr='double free or corruption (!prev)\n' stdout='====================================== BEGIN TUNING ================================\nABS QoI eb: 9.74472e-08\n64 14400 2 4.10367\nPointwise QoI eb rate: 2\nPredictor tuning started.\n'
mp-2675028,bulk,921600,7372800,64x72x200,Q,Q_hpez_b4,9.442730825046549e-08,1.439471679872244e-11,RuntimeError: hpez rc=-6 stderr='corrupted double-linked list\n' stdout='====================================== BEGIN TUNING ================================\nABS QoI eb: 9.44273e-08\n64 14400 2 4.10367\nPointwise QoI eb rate: 2\nPredictor tuning started.\n'
mp-2675028,bulk,921600,7372800,64x72x200,Q,Q_hpez_b4,9.368706659108165e-08,1.4281872651760386e-11,RuntimeError: hpez rc=-6 stderr='double free or corruption (!prev)\n' stdout='====================================== BEGIN TUNING ================================\nABS QoI eb: 9.36871e-08\n64 14400 2 4.10367\nPointwise QoI eb rate: 2\nPredictor tuning started.\n'
mp-2675028,bulk,921600,7372800,64x72x200,Q,Q_hpez_b4,9.331912472225883e-08,1.4225782744103072e-11,RuntimeError: hpez rc=-6 stderr='double free or corruption (!prev)\n' stdout='====================================== BEGIN TUNING ================================\nABS QoI eb: 9.33191e-08\n64 14400 2 4.10367\nPointwise QoI eb rate: 2\nPredictor tuning started.\n'
mp-2675028,bulk,921600,7372800,64x72x200,Q,Q_hpez_b4,9.313569603170828e-08,1.4197820451180012e-11,RuntimeError: hpez rc=-6 stderr='corrupted double-linked list\n' stdout='====================================== BEGIN TUNING ================================\nABS QoI eb: 9.31357e-08\n64 14400 2 4.10367\nPointwise QoI eb rate: 2\nPredictor tuning started.\n'
mp-2675028,bulk,921600,7372800,64x72x200,Q,Q_hpez_b4,9.31342644153832e-08,1.4197602212283384e-11,RuntimeError: hpez rc=-6 stderr='corrupted double-linked list\n' stdout='====================================== BEGIN TUNING ================================\nABS QoI eb: 9.31343e-08\n64 14400 2 4.10367\nPointwise QoI eb rate: 2\nPredictor tuning started.\n'
mp-2675028,bulk,921600,7372800,64x72x200,Q,Q_hpez_b4,9.313390651474033e-08,1.4197547653083388e-11,RuntimeError: hpez rc=-6 stderr='corrupted double-linked list\n' stdout='====================================== BEGIN TUNING ================================\nABS QoI eb: 9.31339e-08\n64 14400 2 4.10367\nPointwise QoI eb rate: 2\nPredictor tuning started.\n'
mp-2675028,bulk,921600,7372800,64x72x200,Q,Q_hpez_b4,9.31337275649345e-08,1.4197520373561988e-11,RuntimeError: hpez rc=-6 stderr='corrupted double-linked list\n' stdout='====================================== BEGIN TUNING ================================\nABS QoI eb: 9.31337e-08\n64 14400 2 4.10367\nPointwise QoI eb rate: 2\nPredictor tuning started.\n'
mp-2675028,bulk,921600,7372800,64x72x200,Q,Q_hpez_b4,9.313368282753685e-08,1.4197513553689839e-11,RuntimeError: hpez rc=-6 stderr='corrupted double-linked list\n' stdout='====================================== BEGIN TUNING ================================\nABS QoI eb: 9.31337e-08\n64 14400 2 4.10367\nPointwise QoI eb rate: 2\nPredictor tuning started.\n'
mp-2675028,bulk,921600,7372800,64x72x200,Q,Q_hpez_b4,9.313368003145025e-08,1.4197513127447947e-11,RuntimeError: hpez rc=-6 stderr='corrupted double-linked list\n' stdout='====================================== BEGIN TUNING ================================\nABS QoI eb: 9.31337e-08\n64 14400 2 4.10367\nPointwise QoI eb rate: 2\nPredictor tuning started.\n'
mp-2675028,bulk,921600,7372800,64x72x200,Q,Q_hpez_b4,9.313367863340699e-08,1.4197512914327003e-11,RuntimeError: hpez rc=-6 stderr='corrupted double-linked list\n' stdout='====================================== BEGIN TUNING ================================\nABS QoI eb: 9.31337e-08\n64 14400 2 4.10367\nPointwise QoI eb rate: 2\nPredictor tuning started.\n'
mp-2675028,bulk,921600,7372800,64x72x200,Q,Q_hpez_b8,2.074409462621605e-07,3.162277660168377e-11,RuntimeError: hpez rc=-6 stderr='malloc(): invalid size (unsorted)\n' stdout='====================================== BEGIN TUNING ================================\nABS QoI eb: 2.07441e-07\n512 1800 2 11.6069\nPointwise QoI eb rate: 3\nPredictor tuning started.\n'
mp-2675028,bulk,921600,7372800,64x72x200,Q,Q_hpez_b8,7.575206650820206e-08,1.1547819846894559e-11,RuntimeError: hpez rc=-6 stderr='free(): invalid next size (normal)\n' stdout='====================================== BEGIN TUNING ================================\nABS QoI eb: 7.57521e-08\n512 1800 2 11.6069\nPointwise QoI eb rate: 3\nPredictor tuning started.\n'
mp-2675028,bulk,921600,7372800,64x72x200,Q,Q_hpez_b8,6.678931431353858e-08,1.0181517217181794e-11,RuntimeError: hpez rc=-6 stderr='malloc(): unsorted double linked list corrupted\n' stdout='====================================== BEGIN TUNING ================================\nABS QoI eb: 6.67893e-08\n512 1800 2 11.6069\nPointwise QoI eb rate: 3\nPredictor tuning started.\n'
mp-2675028,bulk,921600,7372800,64x72x200,Q,Q_hpez_b8,6.271381706623837e-08,9.560239010953036e-12,RuntimeError: hpez rc=-6 stderr='double free or corruption (!prev)\n' stdout='====================================== BEGIN TUNING ================================\nABS QoI eb: 6.27138e-08\n512 1800 2 11.6069\nPointwise QoI eb rate: 3\nPredictor tuning started.\n'
mp-2675028,bulk,921600,7372800,64x72x200,Q,Q_hpez_b8,6.222218619301398e-08,9.485293666002584e-12,RuntimeError: hpez rc=-6 stderr='malloc(): invalid size (unsorted)\n' stdout='====================================== BEGIN TUNING ================================\nABS QoI eb: 6.22222e-08\n512 1800 2 11.6069\nPointwise QoI eb rate: 3\nPredictor tuning started.\n'
mp-2675028,bulk,921600,7372800,64x72x200,Q,Q_hpez_b8,6.209988185110609e-08,9.466649309855646e-12,RuntimeError: hpez rc=-6 stderr='double free or corruption (!prev)\n' stdout='====================================== BEGIN TUNING ================================\nABS QoI eb: 6.20999e-08\n512 1800 2 11.6069\nPointwise QoI eb rate: 3\nPredictor tuning started.\n'
mp-2675028,bulk,921600,7372800,64x72x200,Q,Q_hpez_b8,6.209224581674953e-08,9.465485255155111e-12,RuntimeError: hpez rc=-6 stderr='double free or corruption (!prev)\n' stdout='====================================== BEGIN TUNING ================================\nABS QoI eb: 6.20922e-08\n512 1800 2 11.6069\nPointwise QoI eb rate: 3\nPredictor tuning started.\n'
mp-2675028,bulk,921600,7372800,64x72x200,Q,Q_hpez_b8,6.209033695487669e-08,9.465194263845749e-12,RuntimeError: hpez rc=-6 stderr='double free or corruption (!prev)\n' stdout='====================================== BEGIN TUNING ================================\nABS QoI eb: 6.20903e-08\n512 1800 2 11.6069\nPointwise QoI eb rate: 3\nPredictor tuning started.\n'
mp-2675028,bulk,921600,7372800,64x72x200,Q,Q_hpez_b8,6.208938254594647e-08,9.465048771545743e-12,RuntimeError: hpez rc=-6 stderr='corrupted double-linked list\n' stdout='====================================== BEGIN TUNING ================================\nABS QoI eb: 6.20894e-08\n512 1800 2 11.6069\nPointwise QoI eb rate: 3\nPredictor tuning started.\n'
mp-2675028,bulk,921600,7372800,64x72x200,Q,Q_hpez_b8,6.208914394600619e-08,9.465012398820179e-12,RuntimeError: hpez rc=-6 stderr='corrupted double-linked list\n' stdout='====================================== BEGIN TUNING ================================\nABS QoI eb: 6.20891e-08\n512 1800 2 11.6069\nPointwise QoI eb rate: 3\nPredictor tuning started.\n'
mp-2675028,bulk,921600,7372800,64x72x200,Q,Q_hpez_b8,6.20891290335404e-08,9.465010125529478e-12,RuntimeError: hpez rc=-6 stderr='corrupted double-linked list\n' stdout='====================================== BEGIN TUNING ================================\nABS QoI eb: 6.20891e-08\n512 1800 2 11.6069\nPointwise QoI eb rate: 3\nPredictor tuning started.\n'
mp-2675028,bulk,921600,7372800,64x72x200,Q,Q_hpez_b8,6.208912157730871e-08,9.465008988884311e-12,RuntimeError: hpez rc=-6 stderr='corrupted double-linked list\n' stdout='====================================== BEGIN TUNING ================================\nABS QoI eb: 6.20891e-08\n512 1800 2 11.6069\nPointwise QoI eb rate: 3\nPredictor tuning started.\n'
mp-2675028,bulk,921600,7372800,64x72x200,Q,Q_hpez_b8,6.208911971325078e-08,9.465008704723015e-12,RuntimeError: hpez rc=-6 stderr='corrupted double-linked list\n' stdout='====================================== BEGIN TUNING ================================\nABS QoI eb: 6.20891e-08\n512 1800 2 11.6069\nPointwise QoI eb rate: 3\nPredictor tuning started.\n'
mp-2675028,bulk,921600,7372800,64x72x200,Q,Q_hpez_b8,6.208911924723636e-08,9.465008633682704e-12,RuntimeError: hpez rc=-6 stderr='corrupted double-linked list\n' stdout='====================================== BEGIN TUNING ================================\nABS QoI eb: 6.20891e-08\n512 1800 2 11.6069\nPointwise QoI eb rate: 3\nPredictor tuning started.\n'
mp-2675028,bulk,921600,7372800,64x72x200,Q,Q_hpez_b8,6.208911913073292e-08,9.46500861592265e-12,RuntimeError: hpez rc=-6 stderr='corrupted double-linked list\n' stdout='====================================== BEGIN TUNING ================================\nABS QoI eb: 6.20891e-08\n512 1800 2 11.6069\nPointwise QoI eb rate: 3\nPredictor tuning started.\n'
mp-2675028,bulk,921600,7372800,64x72x200,Q,Q_hpez_b8,6.208911907248109e-08,9.465008607042606e-12,RuntimeError: hpez rc=-6 stderr='corrupted double-linked list\n' stdout='====================================== BEGIN TUNING ================================\nABS QoI eb: 6.20891e-08\n512 1800 2 11.6069\nPointwise QoI eb rate: 3\nPredictor tuning started.\n'
mp-2675028,bulk,921600,7372800,64x72x200,Q,Q_hpez_b16,2.074409462621605e-07,3.162277660168377e-11,RuntimeError: hpez rc=-11 stderr='' stdout='====================================== BEGIN TUNING ================================\nABS QoI eb: 2.07441e-07\n4096 260 2 32.8294\nPointwise QoI eb rate: 4\nPredictor tuning started.\n'
mp-2675028,bulk,921600,7372800,64x72x200,Q,Q_hpez_b16,7.575206650820206e-08,1.1547819846894559e-11,RuntimeError: hpez rc=-6 stderr='corrupted double-linked list\n' stdout='====================================== BEGIN TUNING ================================\nABS QoI eb: 7.57521e-08\n4096 260 2 32.8294\nPointwise QoI eb rate: 4\nPredictor tuning started.\n'
mp-2675028,bulk,921600,7372800,64x72x200,Q,Q_hpez_b16,5.888700747179821e-08,8.976871324473119e-12,RuntimeError: hpez rc=-6 stderr='double free or corruption (!prev)\n' stdout='====================================== BEGIN TUNING ================================\nABS QoI eb: 5.8887e-08\n4096 260 2 32.8294\nPointwise QoI eb rate: 4\nPredictor tuning started.\n'
mp-2675028,bulk,921600,7372800,64x72x200,Q,Q_hpez_b16,5.1919677340970986e-08,7.914755439411137e-12,RuntimeError: hpez rc=-6 stderr='free(): invalid next size (normal)\n' stdout='====================================== BEGIN TUNING ================================\nABS QoI eb: 5.19197e-08\n4096 260 2 32.8294\nPointwise QoI eb rate: 4\nPredictor tuning started.\n'
mp-2675028,bulk,921600,7372800,64x72x200,Q,Q_hpez_b16,4.8751528300085424e-08,7.431795487839425e-12,RuntimeError: hpez rc=-6 stderr='double free or corruption (!prev)\n' stdout='====================================== BEGIN TUNING ================================\nABS QoI eb: 4.87515e-08\n4096 260 2 32.8294\nPointwise QoI eb rate: 4\nPredictor tuning started.\n'
mp-2675028,bulk,921600,7372800,64x72x200,Q,Q_hpez_b16,4.7240703871813075e-08,7.201481925158103e-12,RuntimeError: hpez rc=-6 stderr='double free or corruption (!prev)\n' stdout='====================================== BEGIN TUNING ================================\nABS QoI eb: 4.72407e-08\n4096 260 2 32.8294\nPointwise QoI eb rate: 4\nPredictor tuning started.\n'
mp-2675028,bulk,921600,7372800,64x72x200,Q,Q_hpez_b16,4.6870370991712595e-08,7.145027526223403e-12,RuntimeError: hpez rc=-6 stderr='free(): invalid next size (normal)\n' stdout='====================================== BEGIN TUNING ================================\nABS QoI eb: 4.68704e-08\n4096 260 2 32.8294\nPointwise QoI eb rate: 4\nPredictor tuning started.\n'
mp-2675028,bulk,921600,7372800,64x72x200,Q,Q_hpez_b16,4.6686294656284323e-08,7.116966504820482e-12,RuntimeError: hpez rc=-6 stderr='free(): corrupted unsorted chunks\n' stdout='====================================== BEGIN TUNING ================================\nABS QoI eb: 4.66863e-08\n4096 260 2 32.8294\nPointwise QoI eb rate: 4\nPredictor tuning started.\n'
mp-2675028,bulk,921600,7372800,64x72x200,Q,Q_hpez_b16,4.659452776583237e-08,7.10297734825095e-12,RuntimeError: hpez rc=-6 stderr='Fatal glibc error: malloc.c:4179 (_int_malloc): assertion failed: chunk_main_arena (bck->bk)\n' stdout='====================================== BEGIN TUNING ================================\nABS QoI eb: 4.65945e-08\n4096 260 2 32.8294\nPointwise QoI eb rate: 4\nPredictor tuning started.\n'
mp-2675028,bulk,921600,7372800,64x72x200,Q,Q_hpez_b16,4.657161424108218e-08,7.0994843576558494e-12,RuntimeError: hpez rc=-6 stderr='Fatal glibc error: malloc.c:4179 (_int_malloc): assertion failed: chunk_main_arena (bck->bk)\n' stdout='====================================== BEGIN TUNING ================================\nABS QoI eb: 4.65716e-08\n4096 260 2 32.8294\nPointwise QoI eb rate: 4\nPredictor tuning started.\n'
mp-2675028,bulk,921600,7372800,64x72x200,Q,Q_hpez_b16,4.6568750842887023e-08,7.0990478546265356e-12,RuntimeError: hpez rc=-6 stderr='free(): invalid next size (normal)\n' stdout='====================================== BEGIN TUNING ================================\nABS QoI eb: 4.65688e-08\n4096 260 2 32.8294\nPointwise QoI eb rate: 4\nPredictor tuning started.\n'
mp-2675028,bulk,921600,7372800,64x72x200,Q,Q_hpez_b16,4.656731920980981e-08,7.098829613176177e-12,RuntimeError: hpez rc=-6 stderr='corrupted double-linked list\n' stdout='====================================== BEGIN TUNING ================================\nABS QoI eb: 4.65673e-08\n4096 260 2 32.8294\nPointwise QoI eb rate: 4\nPredictor tuning started.\n'
mp-2675028,bulk,921600,7372800,64x72x200,Q,Q_hpez_b16,4.65669613084174e-08,7.0987750538619146e-12,RuntimeError: hpez rc=-6 stderr='corrupted double-linked list\n' stdout='====================================== BEGIN TUNING ================================\nABS QoI eb: 4.6567e-08\n4096 260 2 32.8294\nPointwise QoI eb rate: 4\nPredictor tuning started.\n'
mp-2675028,bulk,921600,7372800,64x72x200,Q,Q_hpez_b16,4.6566871833499185e-08,7.0987614140988815e-12,RuntimeError: hpez rc=-6 stderr='corrupted double-linked list\n' stdout='====================================== BEGIN TUNING ================================\nABS QoI eb: 4.65669e-08\n4096 260 2 32.8294\nPointwise QoI eb rate: 4\nPredictor tuning started.\n'
mp-2675028,bulk,921600,7372800,64x72x200,Q,Q_hpez_b16,4.656684946479648e-08,7.098758004162219e-12,RuntimeError: hpez rc=-6 stderr='corrupted double-linked list\n' stdout='====================================== BEGIN TUNING ================================\nABS QoI eb: 4.65668e-08\n4096 260 2 32.8294\nPointwise QoI eb rate: 4\nPredictor tuning started.\n'
mp-2675028,bulk,921600,7372800,64x72x200,Q,Q_hpez_b16,4.6566843872622576e-08,7.098757151678322e-12,RuntimeError: hpez rc=-6 stderr='corrupted double-linked list\n' stdout='====================================== BEGIN TUNING ================================\nABS QoI eb: 4.65668e-08\n4096 260 2 32.8294\nPointwise QoI eb rate: 4\nPredictor tuning started.\n'
mp-2675028,bulk,921600,7372800,64x72x200,Q,Q_hpez_b16,4.6566841076535874e-08,7.098756725436411e-12,RuntimeError: hpez rc=-6 stderr='corrupted double-linked list\n' stdout='====================================== BEGIN TUNING ================================\nABS QoI eb: 4.65668e-08\n4096 260 2 32.8294\nPointwise QoI eb rate: 4\nPredictor tuning started.\n'
mp-2675028,bulk,921600,7372800,64x72x200,Q,Q_hpez_b16,4.656683967849258e-08,7.098756512315467e-12,RuntimeError: hpez rc=-6 stderr='corrupted double-linked list\n' stdout='====================================== BEGIN TUNING ================================\nABS QoI eb: 4.65668e-08\n4096 260 2 32.8294\nPointwise QoI eb rate: 4\nPredictor tuning started.\n'
mp-2675028,bulk,921600,7372800,64x72x200,Q,Q_hpez_b16,4.656683932898176e-08,7.0987564590352295e-12,RuntimeError: hpez rc=-6 stderr='corrupted double-linked list\n' stdout='====================================== BEGIN TUNING ================================\nABS QoI eb: 4.65668e-08\n4096 260 2 32.8294\nPointwise QoI eb rate: 4\nPredictor tuning started.\n'
mp-2675028,bulk,921600,7372800,64x72x200,Q,Q_hpez_b16,4.6566839285292894e-08,7.098756452375199e-12,RuntimeError: hpez rc=-6 stderr='corrupted double-linked list\n' stdout='====================================== BEGIN TUNING ================================\nABS QoI eb: 4.65668e-08\n4096 260 2 32.8294\nPointwise QoI eb rate: 4\nPredictor tuning started.\n'
mp-2675028,bulk,921600,7372800,64x72x200,Q,Q_sz3_b4,2.074409462621605e-07,3.162277660168377e-11,RuntimeError: hpez rc=-6 stderr='malloc(): invalid size (unsorted)\n' stdout='====================================== BEGIN TUNING ================================\nABS QoI eb: 2.07441e-07\n64 14400 2 3.2383\nPointwise QoI eb rate: 2\n'
mp-2675028,bulk,921600,7372800,64x72x200,Q,Q_sz3_b4,1.2535581501380613e-07,1.91095297497044e-11,RuntimeError: hpez rc=-6 stderr='free(): corrupted unsorted chunks\n' stdout='====================================== BEGIN TUNING ================================\nABS QoI eb: 1.25356e-07\n64 14400 2 3.2383\nPointwise QoI eb rate: 2\n'
mp-2675028,bulk,921600,7372800,64x72x200,Q,Q_sz3_b4,9.744722692881373e-08,1.4855080171727734e-11,RuntimeError: hpez rc=-6 stderr='corrupted double-linked list\n' stdout='====================================== BEGIN TUNING ================================\nABS QoI eb: 9.74472e-08\n64 14400 2 3.2383\nPointwise QoI eb rate: 2\n'
mp-2675028,bulk,921600,7372800,64x72x200,Q,Q_sz3_b4,9.150097775426734e-08,1.3948620224196506e-11,RuntimeError: hpez rc=-6 stderr='double free or corruption (!prev)\n' stdout='====================================== BEGIN TUNING ================================\nABS QoI eb: 9.1501e-08\n64 14400 2 3.2383\nPointwise QoI eb rate: 2\n'
mp-2675028,bulk,921600,7372800,64x72x200,Q,Q_sz3_b4,9.11416214206875e-08,1.3893839115346211e-11,RuntimeError: hpez rc=-6 stderr='corrupted double-linked list\n' stdout='====================================== BEGIN TUNING ================================\nABS QoI eb: 9.11416e-08\n64 14400 2 3.2383\nPointwise QoI eb rate: 2\n'
mp-2675028,bulk,921600,7372800,64x72x200,Q,Q_sz3_b4,9.096247284507014e-08,1.3866529293021652e-11,RuntimeError: hpez rc=-6 stderr='double free or corruption (!prev)\n' stdout='====================================== BEGIN TUNING ================================\nABS QoI eb: 9.09625e-08\n64 14400 2 3.2383\nPointwise QoI eb rate: 2\n'
mp-2675028,bulk,921600,7372800,64x72x200,Q,Q_sz3_b4,9.094010404686203e-08,1.3863119341797802e-11,RuntimeError: hpez rc=-6 stderr='free(): invalid next size (normal)\n' stdout='====================================== BEGIN TUNING ================================\nABS QoI eb: 9.09401e-08\n64 14400 2 3.2383\nPointwise QoI eb rate: 2\n'
mp-2675028,bulk,921600,7372800,64x72x200,Q,Q_sz3_b4,9.093730833388653e-08,1.3862693156859584e-11,RuntimeError: hpez rc=-6 stderr='double free or corruption (!prev)\n' stdout='====================================== BEGIN TUNING ================================\nABS QoI eb: 9.09373e-08\n64 14400 2 3.2383\nPointwise QoI eb rate: 2\n'
mp-2675028,bulk,921600,7372800,64x72x200,Q,Q_sz3_b4,9.093660941907189e-08,1.3862586612672211e-11,RuntimeError: hpez rc=-6 stderr='malloc(): invalid size (unsorted)\n' stdout='====================================== BEGIN TUNING ================================\nABS QoI eb: 9.09366e-08\n64 14400 2 3.2383\nPointwise QoI eb rate: 2\n'
mp-2675028,bulk,921600,7372800,64x72x200,Q,Q_sz3_b4,9.093643469120768e-08,1.386255997675334e-11,RuntimeError: hpez rc=-6 stderr='malloc(): invalid size (unsorted)\n' stdout='====================================== BEGIN TUNING ================================\nABS QoI eb: 9.09364e-08\n64 14400 2 3.2383\nPointwise QoI eb rate: 2\n'
mp-2675028,bulk,921600,7372800,64x72x200,Q,Q_sz3_b4,9.093634732740149e-08,1.3862546658813095e-11,RuntimeError: hpez rc=-6 stderr='malloc(): invalid size (unsorted)\n' stdout='====================================== BEGIN TUNING ================================\nABS QoI eb: 9.09363e-08\n64 14400 2 3.2383\nPointwise QoI eb rate: 2\n'
mp-2675028,bulk,921600,7372800,64x72x200,Q,Q_sz3_b4,9.093632548646304e-08,1.3862543329330035e-11,RuntimeError: hpez rc=-6 stderr='malloc(): invalid size (unsorted)\n' stdout='====================================== BEGIN TUNING ================================\nABS QoI eb: 9.09363e-08\n64 14400 2 3.2383\nPointwise QoI eb rate: 2\n'
mp-2675028,bulk,921600,7372800,64x72x200,Q,Q_sz3_b4,9.093631456599565e-08,1.3862541664588779e-11,RuntimeError: hpez rc=-6 stderr='malloc(): invalid size (unsorted)\n' stdout='====================================== BEGIN TUNING ================================\nABS QoI eb: 9.09363e-08\n64 14400 2 3.2383\nPointwise QoI eb rate: 2\n'
mp-2675028,bulk,921600,7372800,64x72x200,Q,Q_sz3_b4,9.09363091057626e-08,1.3862540832218251e-11,RuntimeError: hpez rc=-6 stderr='malloc(): invalid size (unsorted)\n' stdout='====================================== BEGIN TUNING ================================\nABS QoI eb: 9.09363e-08\n64 14400 2 3.2383\nPointwise QoI eb rate: 2\n'
mp-2675028,bulk,921600,7372800,64x72x200,Q,Q_sz3_b4,9.09363063756462e-08,1.3862540416033008e-11,RuntimeError: hpez rc=-6 stderr='malloc(): invalid size (unsorted)\n' stdout='====================================== BEGIN TUNING ================================\nABS QoI eb: 9.09363e-08\n64 14400 2 3.2383\nPointwise QoI eb rate: 2\n'
mp-2675028,bulk,921600,7372800,64x72x200,Q,Q_sz3_b4,9.093630603438149e-08,1.3862540364009826e-11,RuntimeError: hpez rc=-6 stderr='malloc(): invalid size (unsorted)\n' stdout='====================================== BEGIN TUNING ================================\nABS QoI eb: 9.09363e-08\n64 14400 2 3.2383\nPointwise QoI eb rate: 2\n'
mp-2675028,bulk,921600,7372800,64x72x200,Q,Q_sz3_b4,9.093630586374913e-08,1.3862540337998235e-11,RuntimeError: hpez rc=-6 stderr='malloc(): invalid size (unsorted)\n' stdout='====================================== BEGIN TUNING ================================\nABS QoI eb: 9.09363e-08\n64 14400 2 3.2383\nPointwise QoI eb rate: 2\n'
mp-2675028,bulk,921600,7372800,64x72x200,Q,Q_sz3_b8,2.074409462621605e-07,3.162277660168377e-11,RuntimeError: hpez rc=-6 stderr='malloc(): invalid size (unsorted)\n' stdout='====================================== BEGIN TUNING ================================\nABS QoI eb: 2.07441e-07\n512 1800 2 9.15929\nPointwise QoI eb rate: 2\n'
mp-2675028,bulk,921600,7372800,64x72x200,Q,Q_sz3_b8,1.2535581501380613e-07,1.91095297497044e-11,RuntimeError: hpez rc=-6 stderr='free(): corrupted unsorted chunks\n' stdout='====================================== BEGIN TUNING ================================\nABS QoI eb: 1.25356e-07\n512 1800 2 9.15929\nPointwise QoI eb rate: 2\n'
mp-2675028,bulk,921600,7372800,64x72x200,Q,Q_sz3_b8,9.744722692881373e-08,1.4855080171727734e-11,RuntimeError: hpez rc=-6 stderr='corrupted double-linked list\n' stdout='====================================== BEGIN TUNING ================================\nABS QoI eb: 9.74472e-08\n512 1800 2 9.15929\nPointwise QoI eb rate: 2\n'
mp-2675028,bulk,921600,7372800,64x72x200,Q,Q_sz3_b8,9.150097775426734e-08,1.3948620224196506e-11,RuntimeError: hpez rc=-6 stderr='double free or corruption (!prev)\n' stdout='====================================== BEGIN TUNING ================================\nABS QoI eb: 9.1501e-08\n512 1800 2 9.15929\nPointwise QoI eb rate: 2\n'
mp-2675028,bulk,921600,7372800,64x72x200,Q,Q_sz3_b8,9.11416214206875e-08,1.3893839115346211e-11,RuntimeError: hpez rc=-6 stderr='corrupted double-linked list\n' stdout='====================================== BEGIN TUNING ================================\nABS QoI eb: 9.11416e-08\n512 1800 2 9.15929\nPointwise QoI eb rate: 2\n'
mp-2675028,bulk,921600,7372800,64x72x200,Q,Q_sz3_b8,9.096247284507014e-08,1.3866529293021652e-11,RuntimeError: hpez rc=-6 stderr='double free or corruption (!prev)\n' stdout='====================================== BEGIN TUNING ================================\nABS QoI eb: 9.09625e-08\n512 1800 2 9.15929\nPointwise QoI eb rate: 2\n'
mp-2675028,bulk,921600,7372800,64x72x200,Q,Q_sz3_b8,9.094010404686203e-08,1.3863119341797802e-11,RuntimeError: hpez rc=-6 stderr='free(): invalid next size (normal)\n' stdout='====================================== BEGIN TUNING ================================\nABS QoI eb: 9.09401e-08\n512 1800 2 9.15929\nPointwise QoI eb rate: 2\n'
mp-2675028,bulk,921600,7372800,64x72x200,Q,Q_sz3_b8,9.093730833388653e-08,1.3862693156859584e-11,RuntimeError: hpez rc=-6 stderr='double free or corruption (!prev)\n' stdout='====================================== BEGIN TUNING ================================\nABS QoI eb: 9.09373e-08\n512 1800 2 9.15929\nPointwise QoI eb rate: 2\n'
mp-2675028,bulk,921600,7372800,64x72x200,Q,Q_sz3_b8,9.093660941907189e-08,1.3862586612672211e-11,RuntimeError: hpez rc=-6 stderr='malloc(): invalid size (unsorted)\n' stdout='====================================== BEGIN TUNING ================================\nABS QoI eb: 9.09366e-08\n512 1800 2 9.15929\nPointwise QoI eb rate: 2\n'
mp-2675028,bulk,921600,7372800,64x72x200,Q,Q_sz3_b8,9.093643469120768e-08,1.386255997675334e-11,RuntimeError: hpez rc=-6 stderr='malloc(): invalid size (unsorted)\n' stdout='====================================== BEGIN TUNING ================================\nABS QoI eb: 9.09364e-08\n512 1800 2 9.15929\nPointwise QoI eb rate: 2\n'
mp-2675028,bulk,921600,7372800,64x72x200,Q,Q_sz3_b8,9.093634732740149e-08,1.3862546658813095e-11,RuntimeError: hpez rc=-6 stderr='malloc(): invalid size (unsorted)\n' stdout='====================================== BEGIN TUNING ================================\nABS QoI eb: 9.09363e-08\n512 1800 2 9.15929\nPointwise QoI eb rate: 2\n'
mp-2675028,bulk,921600,7372800,64x72x200,Q,Q_sz3_b8,9.093632548646304e-08,1.3862543329330035e-11,RuntimeError: hpez rc=-6 stderr='malloc(): invalid size (unsorted)\n' stdout='====================================== BEGIN TUNING ================================\nABS QoI eb: 9.09363e-08\n512 1800 2 9.15929\nPointwise QoI eb rate: 2\n'
mp-2675028,bulk,921600,7372800,64x72x200,Q,Q_sz3_b8,9.093631456599565e-08,1.3862541664588779e-11,RuntimeError: hpez rc=-6 stderr='malloc(): invalid size (unsorted)\n' stdout='====================================== BEGIN TUNING ================================\nABS QoI eb: 9.09363e-08\n512 1800 2 9.15929\nPointwise QoI eb rate: 2\n'
mp-2675028,bulk,921600,7372800,64x72x200,Q,Q_sz3_b8,9.09363091057626e-08,1.3862540832218251e-11,RuntimeError: hpez rc=-6 stderr='malloc(): invalid size (unsorted)\n' stdout='====================================== BEGIN TUNING ================================\nABS QoI eb: 9.09363e-08\n512 1800 2 9.15929\nPointwise QoI eb rate: 2\n'
mp-2675028,bulk,921600,7372800,64x72x200,Q,Q_sz3_b8,9.09363063756462e-08,1.3862540416033008e-11,RuntimeError: hpez rc=-6 stderr='malloc(): invalid size (unsorted)\n' stdout='====================================== BEGIN TUNING ================================\nABS QoI eb: 9.09363e-08\n512 1800 2 9.15929\nPointwise QoI eb rate: 2\n'
mp-2675028,bulk,921600,7372800,64x72x200,Q,Q_sz3_b8,9.093630603438149e-08,1.3862540364009826e-11,RuntimeError: hpez rc=-6 stderr='malloc(): invalid size (unsorted)\n' stdout='====================================== BEGIN TUNING ================================\nABS QoI eb: 9.09363e-08\n512 1800 2 9.15929\nPointwise QoI eb rate: 2\n'
mp-2675028,bulk,921600,7372800,64x72x200,Q,Q_sz3_b8,9.093630586374913e-08,1.3862540337998235e-11,RuntimeError: hpez rc=-6 stderr='malloc(): invalid size (unsorted)\n' stdout='====================================== BEGIN TUNING ================================\nABS QoI eb: 9.09363e-08\n512 1800 2 9.15929\nPointwise QoI eb rate: 2\n'
mp-2675028,bulk,921600,7372800,64x72x200,Q,Q_sz3_b16,2.074409462621605e-07,3.162277660168377e-11,RuntimeError: hpez rc=-6 stderr='malloc(): invalid size (unsorted)\n' stdout='====================================== BEGIN TUNING ================================\nABS QoI eb: 2.07441e-07\n4096 260 2 25.9064\nPointwise QoI eb rate: 2\n'
mp-2675028,bulk,921600,7372800,64x72x200,Q,Q_sz3_b16,1.2535581501380613e-07,1.91095297497044e-11,RuntimeError: hpez rc=-6 stderr='free(): corrupted unsorted chunks\n' stdout='====================================== BEGIN TUNING ================================\nABS QoI eb: 1.25356e-07\n4096 260 2 25.9064\nPointwise QoI eb rate: 2\n'
mp-2675028,bulk,921600,7372800,64x72x200,Q,Q_sz3_b16,9.744722692881373e-08,1.4855080171727734e-11,RuntimeError: hpez rc=-6 stderr='corrupted double-linked list\n' stdout='====================================== BEGIN TUNING ================================\nABS QoI eb: 9.74472e-08\n4096 260 2 25.9064\nPointwise QoI eb rate: 2\n'
mp-2675028,bulk,921600,7372800,64x72x200,Q,Q_sz3_b16,9.150097775426734e-08,1.3948620224196506e-11,RuntimeError: hpez rc=-6 stderr='double free or corruption (!prev)\n' stdout='====================================== BEGIN TUNING ================================\nABS QoI eb: 9.1501e-08\n4096 260 2 25.9064\nPointwise QoI eb rate: 2\n'
mp-2675028,bulk,921600,7372800,64x72x200,Q,Q_sz3_b16,9.11416214206875e-08,1.3893839115346211e-11,RuntimeError: hpez rc=-6 stderr='corrupted double-linked list\n' stdout='====================================== BEGIN TUNING ================================\nABS QoI eb: 9.11416e-08\n4096 260 2 25.9064\nPointwise QoI eb rate: 2\n'
mp-2675028,bulk,921600,7372800,64x72x200,Q,Q_sz3_b16,9.096247284507014e-08,1.3866529293021652e-11,RuntimeError: hpez rc=-6 stderr='double free or corruption (!prev)\n' stdout='====================================== BEGIN TUNING ================================\nABS QoI eb: 9.09625e-08\n4096 260 2 25.9064\nPointwise QoI eb rate: 2\n'
mp-2675028,bulk,921600,7372800,64x72x200,Q,Q_sz3_b16,9.094010404686203e-08,1.3863119341797802e-11,RuntimeError: hpez rc=-6 stderr='free(): invalid next size (normal)\n' stdout='====================================== BEGIN TUNING ================================\nABS QoI eb: 9.09401e-08\n4096 260 2 25.9064\nPointwise QoI eb rate: 2\n'
mp-2675028,bulk,921600,7372800,64x72x200,Q,Q_sz3_b16,9.093730833388653e-08,1.3862693156859584e-11,RuntimeError: hpez rc=-6 stderr='double free or corruption (!prev)\n' stdout='====================================== BEGIN TUNING ================================\nABS QoI eb: 9.09373e-08\n4096 260 2 25.9064\nPointwise QoI eb rate: 2\n'
mp-2675028,bulk,921600,7372800,64x72x200,Q,Q_sz3_b16,9.093660941907189e-08,1.3862586612672211e-11,RuntimeError: hpez rc=-6 stderr='malloc(): invalid size (unsorted)\n' stdout='====================================== BEGIN TUNING ================================\nABS QoI eb: 9.09366e-08\n4096 260 2 25.9064\nPointwise QoI eb rate: 2\n'
mp-2675028,bulk,921600,7372800,64x72x200,Q,Q_sz3_b16,9.093643469120768e-08,1.386255997675334e-11,RuntimeError: hpez rc=-6 stderr='malloc(): invalid size (unsorted)\n' stdout='====================================== BEGIN TUNING ================================\nABS QoI eb: 9.09364e-08\n4096 260 2 25.9064\nPointwise QoI eb rate: 2\n'
mp-2675028,bulk,921600,7372800,64x72x200,Q,Q_sz3_b16,9.093634732740149e-08,1.3862546658813095e-11,RuntimeError: hpez rc=-6 stderr='malloc(): invalid size (unsorted)\n' stdout='====================================== BEGIN TUNING ================================\nABS QoI eb: 9.09363e-08\n4096 260 2 25.9064\nPointwise QoI eb rate: 2\n'
mp-2675028,bulk,921600,7372800,64x72x200,Q,Q_sz3_b16,9.093632548646304e-08,1.3862543329330035e-11,RuntimeError: hpez rc=-6 stderr='malloc(): invalid size (unsorted)\n' stdout='====================================== BEGIN TUNING ================================\nABS QoI eb: 9.09363e-08\n4096 260 2 25.9064\nPointwise QoI eb rate: 2\n'
mp-2675028,bulk,921600,7372800,64x72x200,Q,Q_sz3_b16,9.093631456599565e-08,1.3862541664588779e-11,RuntimeError: hpez rc=-6 stderr='malloc(): invalid size (unsorted)\n' stdout='====================================== BEGIN TUNING ================================\nABS QoI eb: 9.09363e-08\n4096 260 2 25.9064\nPointwise QoI eb rate: 2\n'
mp-2675028,bulk,921600,7372800,64x72x200,Q,Q_sz3_b16,9.09363091057626e-08,1.3862540832218251e-11,RuntimeError: hpez rc=-6 stderr='malloc(): invalid size (unsorted)\n' stdout='====================================== BEGIN TUNING ================================\nABS QoI eb: 9.09363e-08\n4096 260 2 25.9064\nPointwise QoI eb rate: 2\n'
mp-2675028,bulk,921600,7372800,64x72x200,Q,Q_sz3_b16,9.09363063756462e-08,1.3862540416033008e-11,RuntimeError: hpez rc=-6 stderr='malloc(): invalid size (unsorted)\n' stdout='====================================== BEGIN TUNING ================================\nABS QoI eb: 9.09363e-08\n4096 260 2 25.9064\nPointwise QoI eb rate: 2\n'
mp-2675028,bulk,921600,7372800,64x72x200,Q,Q_sz3_b16,9.093630603438149e-08,1.3862540364009826e-11,RuntimeError: hpez rc=-6 stderr='malloc(): invalid size (unsorted)\n' stdout='====================================== BEGIN TUNING ================================\nABS QoI eb: 9.09363e-08\n4096 260 2 25.9064\nPointwise QoI eb rate: 2\n'
mp-2675028,bulk,921600,7372800,64x72x200,Q,Q_sz3_b16,9.093630586374913e-08,1.3862540337998235e-11,RuntimeError: hpez rc=-6 stderr='malloc(): invalid size (unsorted)\n' stdout='====================================== BEGIN TUNING ================================\nABS QoI eb: 9.09363e-08\n4096 260 2 25.9064\nPointwise QoI eb rate: 2\n'
mp-2675688,bulk,884736,7077888,96x96x96,Q,Q_hpez_b4,1.542834517319746e-06,1.7782794100389201e-09,RuntimeError: hpez rc=-6 stderr='corrupted double-linked list\n' stdout='====================================== BEGIN TUNING ================================\nABS QoI eb: 1.54283e-06\n64 13824 2 4.10367\nPointwise QoI eb rate: 2\nPredictor tuning started.\n'
mp-2675688,bulk,884736,7077888,96x96x96,Q,Q_hpez_b4,5.634032483608774e-07,6.493816315762107e-10,RuntimeError: hpez rc=-6 stderr='free(): invalid next size (normal)\n' stdout='====================================== BEGIN TUNING ================================\nABS QoI eb: 5.63403e-07\n64 13824 2 4.10367\nPointwise QoI eb rate: 2\nPredictor tuning started.\n'
mp-2675688,bulk,884736,7077888,96x96x96,Q,Q_hpez_b4,4.967431038461369e-07,5.725487884358372e-10,RuntimeError: hpez rc=-6 stderr='free(): invalid next size (normal)\n' stdout='====================================== BEGIN TUNING ================================\nABS QoI eb: 4.96743e-07\n64 13824 2 4.10367\nPointwise QoI eb rate: 2\nPredictor tuning started.\n'
mp-2675688,bulk,884736,7077888,96x96x96,Q,Q_hpez_b4,4.813488866382784e-07,5.548053304129e-10,RuntimeError: hpez rc=-6 stderr='malloc(): invalid size (unsorted)\n' stdout='====================================== BEGIN TUNING ================================\nABS QoI eb: 4.81349e-07\n64 13824 2 4.10367\nPointwise QoI eb rate: 2\nPredictor tuning started.\n'
mp-2675688,bulk,884736,7077888,96x96x96,Q,Q_hpez_b4,4.77575460230288e-07,5.504560587241361e-10,RuntimeError: hpez rc=-6 stderr='free(): corrupted unsorted chunks\n' stdout='====================================== BEGIN TUNING ================================\nABS QoI eb: 4.77575e-07\n64 13824 2 4.10367\nPointwise QoI eb rate: 2\nPredictor tuning started.\n'
mp-2675688,bulk,884736,7077888,96x96x96,Q,Q_hpez_b4,4.771058666114773e-07,5.499148025790068e-10,RuntimeError: hpez rc=-6 stderr='free(): invalid next size (normal)\n' stdout='====================================== BEGIN TUNING ================================\nABS QoI eb: 4.77106e-07\n64 13824 2 4.10367\nPointwise QoI eb rate: 2\nPredictor tuning started.\n'
mp-2675688,bulk,884736,7077888,96x96x96,Q,Q_hpez_b4,4.768712429849011e-07,5.49644374117908e-10,RuntimeError: hpez rc=-6 stderr='corrupted double-linked list\n' stdout='====================================== BEGIN TUNING ================================\nABS QoI eb: 4.76871e-07\n64 13824 2 4.10367\nPointwise QoI eb rate: 2\nPredictor tuning started.\n'
mp-2675688,bulk,884736,7077888,96x96x96,Q,Q_hpez_b4,4.768419231453659e-07,5.49610579912265e-10,RuntimeError: hpez rc=-6 stderr='free(): invalid next size (normal)\n' stdout='====================================== BEGIN TUNING ================================\nABS QoI eb: 4.76842e-07\n64 13824 2 4.10367\nPointwise QoI eb rate: 2\nPredictor tuning started.\n'
mp-2675688,bulk,884736,7077888,96x96x96,Q,Q_hpez_b4,4.768382582921781e-07,5.496063557826571e-10,RuntimeError: hpez rc=-6 stderr='free(): invalid next size (normal)\n' stdout='====================================== BEGIN TUNING ================================\nABS QoI eb: 4.76838e-07\n64 13824 2 4.10367\nPointwise QoI eb rate: 2\nPredictor tuning started.\n'
mp-2675688,bulk,884736,7077888,96x96x96,Q,Q_hpez_b4,4.768373420832823e-07,5.49605299755328e-10,RuntimeError: hpez rc=-6 stderr='free(): invalid next size (normal)\n' stdout='====================================== BEGIN TUNING ================================\nABS QoI eb: 4.76837e-07\n64 13824 2 4.10367\nPointwise QoI eb rate: 2\nPredictor tuning started.\n'
mp-2675688,bulk,884736,7077888,96x96x96,Q,Q_hpez_b4,4.768372275572932e-07,5.496051677520536e-10,RuntimeError: hpez rc=-6 stderr='free(): invalid next size (normal)\n' stdout='====================================== BEGIN TUNING ================================\nABS QoI eb: 4.76837e-07\n64 13824 2 4.10367\nPointwise QoI eb rate: 2\nPredictor tuning started.\n'
mp-2675688,bulk,884736,7077888,96x96x96,Q,Q_hpez_b4,4.768371702943095e-07,5.496051017504288e-10,RuntimeError: hpez rc=-6 stderr='free(): invalid next size (normal)\n' stdout='====================================== BEGIN TUNING ================================\nABS QoI eb: 4.76837e-07\n64 13824 2 4.10367\nPointwise QoI eb rate: 2\nPredictor tuning started.\n'
mp-2675688,bulk,884736,7077888,96x96x96,Q,Q_hpez_b4,4.768371631364363e-07,5.496050935002254e-10,RuntimeError: hpez rc=-6 stderr='free(): invalid next size (normal)\n' stdout='====================================== BEGIN TUNING ================================\nABS QoI eb: 4.76837e-07\n64 13824 2 4.10367\nPointwise QoI eb rate: 2\nPredictor tuning started.\n'
mp-2675688,bulk,884736,7077888,96x96x96,Q,Q_hpez_b4,4.768371595575002e-07,5.496050893751243e-10,RuntimeError: hpez rc=-6 stderr='free(): invalid next size (normal)\n' stdout='====================================== BEGIN TUNING ================================\nABS QoI eb: 4.76837e-07\n64 13824 2 4.10367\nPointwise QoI eb rate: 2\nPredictor tuning started.\n'
mp-2675688,bulk,884736,7077888,96x96x96,Q,Q_hpez_b4,4.768371586627657e-07,5.496050883438484e-10,RuntimeError: hpez rc=-6 stderr='free(): invalid next size (normal)\n' stdout='====================================== BEGIN TUNING ================================\nABS QoI eb: 4.76837e-07\n64 13824 2 4.10367\nPointwise QoI eb rate: 2\nPredictor tuning started.\n'
mp-2675688,bulk,884736,7077888,96x96x96,Q,Q_hpez_b4,4.768371582153985e-07,5.496050878282106e-10,RuntimeError: hpez rc=-6 stderr='free(): invalid next size (normal)\n' stdout='====================================== BEGIN TUNING ================================\nABS QoI eb: 4.76837e-07\n64 13824 2 4.10367\nPointwise QoI eb rate: 2\nPredictor tuning started.\n'
mp-2675688,bulk,884736,7077888,96x96x96,Q,Q_hpez_b8,1.542834517319746e-06,1.7782794100389201e-09,RuntimeError: hpez rc=-6 stderr='double free or corruption (out)\n' stdout='====================================== BEGIN TUNING ================================\nABS QoI eb: 1.54283e-06\n512 1728 2 11.6069\nPointwise QoI eb rate: 3\nPredictor tuning started.\n'
mp-2675688,bulk,884736,7077888,96x96x96,Q,Q_hpez_b8,5.634032483608774e-07,6.493816315762107e-10,RuntimeError: hpez rc=-6 stderr='corrupted double-linked list\n' stdout='line = 0\n\tinterp best adj = 1\nLevel: 2\n\tinterp best interpAlgo = CUBIC\n\tinterp best interpParadigm = MD\n\tinterp best cubic spline = 1\n\tinterp best adj = 1\nLevel: 1\n\tinterp best interpAlgo = CUBIC\n\tinterp best interpParadigm = MD\n\tinterp best cubic spline = 0\n\tinterp best adj = 1\nB-M tuning started.\n'
mp-2675688,bulk,884736,7077888,96x96x96,Q,Q_hpez_b8,3.40462549232916e-07,3.9241897584845255e-10,RuntimeError: hpez rc=-6 stderr='Fatal glibc error: malloc.c:4179 (_int_malloc): assertion failed: chunk_main_arena (bck->bk)\n' stdout='====================================== BEGIN TUNING ================================\nABS QoI eb: 3.40463e-07\n512 1728 2 11.6069\nPointwise QoI eb rate: 3\nPredictor tuning started.\n'
mp-2675688,bulk,884736,7077888,96x96x96,Q,Q_hpez_b8,3.196874567429148e-07,3.684734918695207e-10,RuntimeError: hpez rc=-6 stderr='double free or corruption (!prev)\n' stdout='====================================== BEGIN TUNING ================================\nABS QoI eb: 3.19687e-07\n512 1728 2 11.6069\nPointwise QoI eb rate: 3\nPredictor tuning started.\n'
mp-2675688,bulk,884736,7077888,96x96x96,Q,Q_hpez_b8,3.184319323193937e-07,3.6702636762768864e-10,RuntimeError: hpez rc=-6 stderr='corrupted double-linked list\n' stdout='====================================== BEGIN TUNING ================================\nABS QoI eb: 3.18432e-07\n512 1728 2 11.6069\nPointwise QoI eb rate: 3\nPredictor tuning started.\n'
mp-2675688,bulk,884736,7077888,96x96x96,Q,Q_hpez_b8,3.181188224218061e-07,3.666654754660803e-10,RuntimeError: hpez rc=-6 stderr='double free or corruption (!prev)\n' stdout='====================================== BEGIN TUNING ================================\nABS QoI eb: 3.18119e-07\n512 1728 2 11.6069\nPointwise QoI eb rate: 3\nPredictor tuning started.\n'
mp-2675688,bulk,884736,7077888,96x96x96,Q,Q_hpez_b8,3.179623829457448e-07,3.664851624797723e-10,RuntimeError: hpez rc=-6 stderr='free(): invalid next size (normal)\n' stdout='====================================== BEGIN TUNING ================================\nABS QoI eb: 3.17962e-07\n512 1728 2 11.6069\nPointwise QoI eb rate: 3\nPredictor tuning started.\n'
mp-2675688,bulk,884736,7077888,96x96x96,Q,Q_hpez_b8,3.179232850987304e-07,3.6644009808981855e-10,RuntimeError: hpez rc=-6 stderr='corrupted double-linked list\n' stdout='====================================== BEGIN TUNING ================================\nABS QoI eb: 3.17923e-07\n512 1728 2 11.6069\nPointwise QoI eb rate: 3\nPredictor tuning started.\n'
mp-2675688,bulk,884736,7077888,96x96x96,Q,Q_hpez_b8,3.179037379781172e-07,3.6641756797286703e-10,RuntimeError: hpez rc=-6 stderr='free(): invalid next size (normal)\n' stdout='====================================== BEGIN TUNING ================================\nABS QoI eb: 3.17904e-07\n512 1728 2 11.6069\nPointwise QoI eb rate: 3\nPredictor tuning started.\n'
mp-2675688,bulk,884736,7077888,96x96x96,Q,Q_hpez_b8,3.1789396486850134e-07,3.6640630343385987e-10,RuntimeError: hpez rc=-6 stderr='double free or corruption (!prev)\n' stdout='====================================== BEGIN TUNING ================================\nABS QoI eb: 3.17894e-07\n512 1728 2 11.6069\nPointwise QoI eb rate: 3\nPredictor tuning started.\n'
mp-2675688,bulk,884736,7077888,96x96x96,Q,Q_hpez_b8,3.178915216380428e-07,3.6640348735321765e-10,RuntimeError: hpez rc=-6 stderr='free(): invalid next size (normal)\n' stdout='====================================== BEGIN TUNING ================================\nABS QoI eb: 3.17892e-07\n512 1728 2 11.6069\nPointwise QoI eb rate: 3\nPredictor tuning started.\n'
mp-2675688,bulk,884736,7077888,96x96x96,Q,Q_hpez_b8,3.178914452873936e-07,3.6640339935104646e-10,RuntimeError: hpez rc=-6 stderr='free(): invalid next size (normal)\n' stdout='====================================== BEGIN TUNING ================================\nABS QoI eb: 3.17891e-07\n512 1728 2 11.6069\nPointwise QoI eb rate: 3\nPredictor tuning started.\n'
mp-2675688,bulk,884736,7077888,96x96x96,Q,Q_hpez_b8,3.178914405154787e-07,3.664033938509115e-10,RuntimeError: hpez rc=-6 stderr='free(): invalid next size (normal)\n' stdout='====================================== BEGIN TUNING ================================\nABS QoI eb: 3.17891e-07\n512 1728 2 11.6069\nPointwise QoI eb rate: 3\nPredictor tuning started.\n'
mp-2675688,bulk,884736,7077888,96x96x96,Q,Q_hpez_b8,3.178914393225e-07,3.664033924758777e-10,RuntimeError: hpez rc=-6 stderr='free(): invalid next size (normal)\n' stdout='====================================== BEGIN TUNING ================================\nABS QoI eb: 3.17891e-07\n512 1728 2 11.6069\nPointwise QoI eb rate: 3\nPredictor tuning started.\n'
mp-2675688,bulk,884736,7077888,96x96x96,Q,Q_hpez_b8,3.1789143902425577e-07,3.664033921321199e-10,RuntimeError: hpez rc=-6 stderr='free(): invalid next size (normal)\n' stdout='====================================== BEGIN TUNING ================================\nABS QoI eb: 3.17891e-07\n512 1728 2 11.6069\nPointwise QoI eb rate: 3\nPredictor tuning started.\n'
mp-2675688,bulk,884736,7077888,96x96x96,Q,Q_hpez_b16,1.542834517319746e-06,1.7782794100389201e-09,RuntimeError: hpez rc=-6 stderr='double free or corruption (!prev)\n' stdout='====================================== BEGIN TUNING ================================\nABS QoI eb: 1.54283e-06\n4096 216 2 32.8294\nPointwise QoI eb rate: 4\nPredictor tuning started.\n'
mp-2675688,bulk,884736,7077888,96x96x96,Q,Q_hpez_b16,5.634032483608774e-07,6.493816315762107e-10,RuntimeError: hpez rc=-6 stderr='malloc(): invalid size (unsorted)\n' stdout='====================================== BEGIN TUNING ================================\nABS QoI eb: 5.63403e-07\n4096 216 2 32.8294\nPointwise QoI eb rate: 4\nPredictor tuning started.\n'
mp-2675688,bulk,884736,7077888,96x96x96,Q,Q_hpez_b16,3.40462549232916e-07,3.9241897584845255e-10,RuntimeError: hpez rc=-6 stderr='corrupted double-linked list\n' stdout='line = 0\n\tinterp best adj = 1\nLevel: 2\n\tinterp best interpAlgo = CUBIC\n\tinterp best interpParadigm = MD\n\tinterp best cubic spline = 1\n\tinterp best adj = 1\nLevel: 1\n\tinterp best interpAlgo = CUBIC\n\tinterp best interpParadigm = MD\n\tinterp best cubic spline = 0\n\tinterp best adj = 1\nB-M tuning started.\n'
mp-2675688,bulk,884736,7077888,96x96x96,Q,Q_hpez_b16,2.646636798796163e-07,3.0505278902670157e-10,RuntimeError: hpez rc=-6 stderr='double free or corruption (!prev)\n' stdout='====================================== BEGIN TUNING ================================\nABS QoI eb: 2.64664e-07\n4096 216 2 32.8294\nPointwise QoI eb rate: 4\nPredictor tuning started.\n'
mp-2675688,bulk,884736,7077888,96x96x96,Q,Q_hpez_b16,2.485138494779131e-07,2.8643840714933703e-10,RuntimeError: hpez rc=-11 stderr='' stdout='====================================== BEGIN TUNING ================================\nABS QoI eb: 2.48514e-07\n4096 216 2 32.8294\nPointwise QoI eb rate: 4\nPredictor tuning started.\n'
mp-2675688,bulk,884736,7077888,96x96x96,Q,Q_hpez_b16,2.408123310302424e-07,2.7756159532811855e-10,RuntimeError: hpez rc=-6 stderr='corrupted double-linked list\n' stdout='====================================== BEGIN TUNING ================================\nABS QoI eb: 2.40812e-07\n4096 216 2 32.8294\nPointwise QoI eb rate: 4\nPredictor tuning started.\n'
mp-2675688,bulk,884736,7077888,96x96x96,Q,Q_hpez_b16,2.389245368865283e-07,2.753857135867697e-10,RuntimeError: hpez rc=-6 stderr='free(): corrupted unsorted chunks\n' stdout='====================================== BEGIN TUNING ================================\nABS QoI eb: 2.38925e-07\n4096 216 2 32.8294\nPointwise QoI eb rate: 4\nPredictor tuning started.\n'
mp-2675688,bulk,884736,7077888,96x96x96,Q,Q_hpez_b16,2.384549052320098e-07,2.74844413601478e-10,RuntimeError: hpez rc=-6 stderr='double free or corruption (!prev)\n' stdout='====================================== BEGIN TUNING ================================\nABS QoI eb: 2.38455e-07\n4096 216 2 32.8294\nPointwise QoI eb rate: 4\nPredictor tuning started.\n'
mp-2675688,bulk,884736,7077888,96x96x96,Q,Q_hpez_b16,2.384255839226202e-07,2.7481061770167306e-10,RuntimeError: hpez rc=-6 stderr='double free or corruption (!prev)\n' stdout='====================================== BEGIN TUNING ================================\nABS QoI eb: 2.38426e-07\n4096 216 2 32.8294\nPointwise QoI eb rate: 4\nPredictor tuning started.\n'
mp-2675688,bulk,884736,7077888,96x96x96,Q,Q_hpez_b16,2.384219190124643e-07,2.7480639350640347e-10,RuntimeError: hpez rc=-6 stderr='free(): invalid next size (normal)\n' stdout='====================================== BEGIN TUNING ================================\nABS QoI eb: 2.38422e-07\n4096 216 2 32.8294\nPointwise QoI eb rate: 4\nPredictor tuning started.\n'
mp-2675688,bulk,884736,7077888,96x96x96,Q,Q_hpez_b16,2.3842008657851184e-07,2.74804281433118e-10,RuntimeError: hpez rc=-6 stderr='double free or corruption (!prev)\n' stdout='====================================== BEGIN TUNING ================================\nABS QoI eb: 2.3842e-07\n4096 216 2 32.8294\nPointwise QoI eb rate: 4\nPredictor tuning started.\n'
mp-2675688,bulk,884736,7077888,96x96x96,Q,Q_hpez_b16,2.3841917036681693e-07,2.7480322540256245e-10,RuntimeError: hpez rc=-6 stderr='free(): invalid next size (normal)\n' stdout='====================================== BEGIN TUNING ================================\nABS QoI eb: 2.38419e-07\n4096 216 2 32.8294\nPointwise QoI eb rate: 4\nPredictor tuning started.\n'
mp-2675688,bulk,884736,7077888,96x96x96,Q,Q_hpez_b16,2.384187122622898e-07,2.748026973888066e-10,RuntimeError: hpez rc=-6 stderr='free(): invalid next size (normal)\n' stdout='====================================== BEGIN TUNING ================================\nABS QoI eb: 2.38419e-07\n4096 216 2 32.8294\nPointwise QoI eb rate: 4\nPredictor tuning started.\n'
mp-2675688,bulk,884736,7077888,96x96x96,Q,Q_hpez_b16,2.384185977362953e-07,2.748025653855258e-10,RuntimeError: hpez rc=-6 stderr='free(): invalid next size (normal)\n' stdout='====================================== BEGIN TUNING ================================\nABS QoI eb: 2.38419e-07\n4096 216 2 32.8294\nPointwise QoI eb rate: 4\nPredictor tuning started.\n'
mp-2675688,bulk,884736,7077888,96x96x96,Q,Q_hpez_b16,2.3841858342055004e-07,2.7480254888512045e-10,RuntimeError: hpez rc=-6 stderr='free(): invalid next size (normal)\n' stdout='====================================== BEGIN TUNING ================================\nABS QoI eb: 2.38419e-07\n4096 216 2 32.8294\nPointwise QoI eb rate: 4\nPredictor tuning started.\n'
mp-2675688,bulk,884736,7077888,96x96x96,Q,Q_hpez_b16,2.3841857984161386e-07,2.7480254476001923e-10,RuntimeError: hpez rc=-6 stderr='free(): invalid next size (normal)\n' stdout='====================================== BEGIN TUNING ================================\nABS QoI eb: 2.38419e-07\n4096 216 2 32.8294\nPointwise QoI eb rate: 4\nPredictor tuning started.\n'
mp-2675688,bulk,884736,7077888,96x96x96,Q,Q_hpez_b16,2.3841857939424664e-07,2.748025442443813e-10,RuntimeError: hpez rc=-6 stderr='free(): invalid next size (normal)\n' stdout='====================================== BEGIN TUNING ================================\nABS QoI eb: 2.38419e-07\n4096 216 2 32.8294\nPointwise QoI eb rate: 4\nPredictor tuning started.\n'
mp-2675688,bulk,884736,7077888,96x96x96,Q,Q_hpez_b16,2.38418579170563e-07,2.7480254398656244e-10,RuntimeError: hpez rc=-6 stderr='free(): invalid next size (normal)\n' stdout='====================================== BEGIN TUNING ================================\nABS QoI eb: 2.38419e-07\n4096 216 2 32.8294\nPointwise QoI eb rate: 4\nPredictor tuning started.\n'
mp-2675688,bulk,884736,7077888,96x96x96,Q,Q_sz3_b4,8.675996070189995e-05,9.999999999999994e-08,RuntimeError: hpez rc=-11 stderr='' stdout='====================================== BEGIN TUNING ================================\nABS QoI eb: 8.676e-05\n64 13824 2 3.2383\nPointwise QoI eb rate: 2\n'
mp-2675688,bulk,884736,7077888,96x96x96,Q,Q_sz3_b4,1.542834517319746e-06,1.7782794100389201e-09,RuntimeError: hpez rc=-6 stderr='corrupted double-linked list\n' stdout='====================================== BEGIN TUNING ================================\nABS QoI eb: 1.54283e-06\n64 13824 2 3.2383\nPointwise QoI eb rate: 2\n'
mp-2675688,bulk,884736,7077888,96x96x96,Q,Q_sz3_b4,1.1993456012096909e-06,1.3823722273578963e-09,RuntimeError: hpez rc=-6 stderr='corrupted size vs. prev_size in fastbins\n' stdout='====================================== BEGIN TUNING ================================\nABS QoI eb: 1.19935e-06\n64 13824 2 3.2383\nPointwise QoI eb rate: 2\n'
mp-2675688,bulk,884736,7077888,96x96x96,Q,Q_sz3_b4,1.1261612940113046e-06,1.2980195990183776e-09,RuntimeError: hpez rc=-6 stderr='corrupted double-linked list\n' stdout='====================================== BEGIN TUNING ================================\nABS QoI eb: 1.12616e-06\n64 13824 2 3.2383\nPointwise QoI eb rate: 2\n'
mp-2675688,bulk,884736,7077888,96x96x96,Q,Q_sz3_b4,1.1239477039018367e-06,1.2954682030846321e-09,RuntimeError: hpez rc=-6 stderr='corrupted double-linked list\n' stdout='====================================== BEGIN TUNING ================================\nABS QoI eb: 1.12395e-06\n64 13824 2 3.2383\nPointwise QoI eb rate: 2\n'
mp-2675688,bulk,884736,7077888,96x96x96,Q,Q_sz3_b4,1.1239131511023554e-06,1.2954283773410492e-09,RuntimeError: hpez rc=-6 stderr='free(): invalid next size (normal)\n' stdout='====================================== BEGIN TUNING ================================\nABS QoI eb: 1.12391e-06\n64 13824 2 3.2383\nPointwise QoI eb rate: 2\n'
mp-2675688,bulk,884736,7077888,96x96x96,Q,Q_sz3_b4,1.1239126112232923e-06,1.295427755073521e-09,RuntimeError: hpez rc=-6 stderr='corrupted double-linked list\n' stdout='====================================== BEGIN TUNING ================================\nABS QoI eb: 1.12391e-06\n64 13824 2 3.2383\nPointwise QoI eb rate: 2\n'
mp-2675688,bulk,884736,7077888,96x96x96,Q,Q_sz3_b4,1.1239123412838582e-06,1.295427443939869e-09,RuntimeError: hpez rc=-6 stderr='corrupted double-linked list\n' stdout='====================================== BEGIN TUNING ================================\nABS QoI eb: 1.12391e-06\n64 13824 2 3.2383\nPointwise QoI eb rate: 2\n'
mp-2675688,bulk,884736,7077888,96x96x96,Q,Q_sz3_b4,1.1239122063141651e-06,1.295427288373071e-09,RuntimeError: hpez rc=-6 stderr='corrupted double-linked list\n' stdout='====================================== BEGIN TUNING ================================\nABS QoI eb: 1.12391e-06\n64 13824 2 3.2383\nPointwise QoI eb rate: 2\n'
mp-2675688,bulk,884736,7077888,96x96x96,Q,Q_sz3_b4,1.1239121388293242e-06,1.2954272105896782e-09,RuntimeError: hpez rc=-6 stderr='corrupted double-linked list\n' stdout='====================================== BEGIN TUNING ================================\nABS QoI eb: 1.12391e-06\n64 13824 2 3.2383\nPointwise QoI eb rate: 2\n'
mp-2675688,bulk,884736,7077888,96x96x96,Q,Q_sz3_b4,1.1239121303937197e-06,1.2954272008667543e-09,RuntimeError: hpez rc=-6 stderr='corrupted double-linked list\n' stdout='====================================== BEGIN TUNING ================================\nABS QoI eb: 1.12391e-06\n64 13824 2 3.2383\nPointwise QoI eb rate: 2\n'
mp-2675688,bulk,884736,7077888,96x96x96,Q,Q_sz3_b4,1.1239121261759172e-06,1.2954271960052926e-09,RuntimeError: hpez rc=-6 stderr='corrupted double-linked list\n' stdout='====================================== BEGIN TUNING ================================\nABS QoI eb: 1.12391e-06\n64 13824 2 3.2383\nPointwise QoI eb rate: 2\n'
mp-2675688,bulk,884736,7077888,96x96x96,Q,Q_sz3_b4,1.1239121240670171e-06,1.295427193574563e-09,RuntimeError: hpez rc=-6 stderr='corrupted double-linked list\n' stdout='====================================== BEGIN TUNING ================================\nABS QoI eb: 1.12391e-06\n64 13824 2 3.2383\nPointwise QoI eb rate: 2\n'
mp-2675688,bulk,884736,7077888,96x96x96,Q,Q_sz3_b4,1.123912123012566e-06,1.2954271923591971e-09,RuntimeError: hpez rc=-6 stderr='corrupted double-linked list\n' stdout='====================================== BEGIN TUNING ================================\nABS QoI eb: 1.12391e-06\n64 13824 2 3.2383\nPointwise QoI eb rate: 2\n'
mp-2675688,bulk,884736,7077888,96x96x96,Q,Q_sz3_b8,8.675996070189995e-05,9.999999999999994e-08,RuntimeError: hpez rc=-11 stderr='' stdout='====================================== BEGIN TUNING ================================\nABS QoI eb: 8.676e-05\n512 1728 2 9.15929\nPointwise QoI eb rate: 2\n'
mp-2675688,bulk,884736,7077888,96x96x96,Q,Q_sz3_b8,1.542834517319746e-06,1.7782794100389201e-09,RuntimeError: hpez rc=-6 stderr='corrupted double-linked list\n' stdout='====================================== BEGIN TUNING ================================\nABS QoI eb: 1.54283e-06\n512 1728 2 9.15929\nPointwise QoI eb rate: 2\n'
mp-2675688,bulk,884736,7077888,96x96x96,Q,Q_sz3_b8,1.1993456012096909e-06,1.3823722273578963e-09,RuntimeError: hpez rc=-6 stderr='corrupted size vs. prev_size in fastbins\n' stdout='====================================== BEGIN TUNING ================================\nABS QoI eb: 1.19935e-06\n512 1728 2 9.15929\nPointwise QoI eb rate: 2\n'
mp-2675688,bulk,884736,7077888,96x96x96,Q,Q_sz3_b8,1.1261612940113046e-06,1.2980195990183776e-09,RuntimeError: hpez rc=-6 stderr='corrupted double-linked list\n' stdout='====================================== BEGIN TUNING ================================\nABS QoI eb: 1.12616e-06\n512 1728 2 9.15929\nPointwise QoI eb rate: 2\n'
mp-2675688,bulk,884736,7077888,96x96x96,Q,Q_sz3_b8,1.1239477039018367e-06,1.2954682030846321e-09,RuntimeError: hpez rc=-6 stderr='corrupted double-linked list\n' stdout='====================================== BEGIN TUNING ================================\nABS QoI eb: 1.12395e-06\n512 1728 2 9.15929\nPointwise QoI eb rate: 2\n'
mp-2675688,bulk,884736,7077888,96x96x96,Q,Q_sz3_b8,1.1239131511023554e-06,1.2954283773410492e-09,RuntimeError: hpez rc=-6 stderr='free(): invalid next size (normal)\n' stdout='====================================== BEGIN TUNING ================================\nABS QoI eb: 1.12391e-06\n512 1728 2 9.15929\nPointwise QoI eb rate: 2\n'
mp-2675688,bulk,884736,7077888,96x96x96,Q,Q_sz3_b8,1.1239126112232923e-06,1.295427755073521e-09,RuntimeError: hpez rc=-6 stderr='corrupted double-linked list\n' stdout='====================================== BEGIN TUNING ================================\nABS QoI eb: 1.12391e-06\n512 1728 2 9.15929\nPointwise QoI eb rate: 2\n'
mp-2675688,bulk,884736,7077888,96x96x96,Q,Q_sz3_b8,1.1239123412838582e-06,1.295427443939869e-09,RuntimeError: hpez rc=-6 stderr='corrupted double-linked list\n' stdout='====================================== BEGIN TUNING ================================\nABS QoI eb: 1.12391e-06\n512 1728 2 9.15929\nPointwise QoI eb rate: 2\n'
mp-2675688,bulk,884736,7077888,96x96x96,Q,Q_sz3_b8,1.1239122063141651e-06,1.295427288373071e-09,RuntimeError: hpez rc=-6 stderr='corrupted double-linked list\n' stdout='====================================== BEGIN TUNING ================================\nABS QoI eb: 1.12391e-06\n512 1728 2 9.15929\nPointwise QoI eb rate: 2\n'
mp-2675688,bulk,884736,7077888,96x96x96,Q,Q_sz3_b8,1.1239121388293242e-06,1.2954272105896782e-09,RuntimeError: hpez rc=-6 stderr='corrupted double-linked list\n' stdout='====================================== BEGIN TUNING ================================\nABS QoI eb: 1.12391e-06\n512 1728 2 9.15929\nPointwise QoI eb rate: 2\n'
mp-2675688,bulk,884736,7077888,96x96x96,Q,Q_sz3_b8,1.1239121303937197e-06,1.2954272008667543e-09,RuntimeError: hpez rc=-6 stderr='corrupted double-linked list\n' stdout='====================================== BEGIN TUNING ================================\nABS QoI eb: 1.12391e-06\n512 1728 2 9.15929\nPointwise QoI eb rate: 2\n'
mp-2675688,bulk,884736,7077888,96x96x96,Q,Q_sz3_b8,1.1239121261759172e-06,1.2954271960052926e-09,RuntimeError: hpez rc=-6 stderr='corrupted double-linked list\n' stdout='====================================== BEGIN TUNING ================================\nABS QoI eb: 1.12391e-06\n512 1728 2 9.15929\nPointwise QoI eb rate: 2\n'
mp-2675688,bulk,884736,7077888,96x96x96,Q,Q_sz3_b8,1.1239121240670171e-06,1.295427193574563e-09,RuntimeError: hpez rc=-6 stderr='corrupted double-linked list\n' stdout='====================================== BEGIN TUNING ================================\nABS QoI eb: 1.12391e-06\n512 1728 2 9.15929\nPointwise QoI eb rate: 2\n'
mp-2675688,bulk,884736,7077888,96x96x96,Q,Q_sz3_b8,1.123912123012566e-06,1.2954271923591971e-09,RuntimeError: hpez rc=-6 stderr='corrupted double-linked list\n' stdout='====================================== BEGIN TUNING ================================\nABS QoI eb: 1.12391e-06\n512 1728 2 9.15929\nPointwise QoI eb rate: 2\n'
mp-2675688,bulk,884736,7077888,96x96x96,Q,Q_sz3_b16,8.675996070189995e-05,9.999999999999994e-08,RuntimeError: hpez rc=-11 stderr='' stdout='====================================== BEGIN TUNING ================================\nABS QoI eb: 8.676e-05\n4096 216 2 25.9064\nPointwise QoI eb rate: 2\n'
mp-2675688,bulk,884736,7077888,96x96x96,Q,Q_sz3_b16,1.542834517319746e-06,1.7782794100389201e-09,RuntimeError: hpez rc=-6 stderr='corrupted double-linked list\n' stdout='====================================== BEGIN TUNING ================================\nABS QoI eb: 1.54283e-06\n4096 216 2 25.9064\nPointwise QoI eb rate: 2\n'
mp-2675688,bulk,884736,7077888,96x96x96,Q,Q_sz3_b16,1.1993456012096909e-06,1.3823722273578963e-09,RuntimeError: hpez rc=-6 stderr='corrupted size vs. prev_size in fastbins\n' stdout='====================================== BEGIN TUNING ================================\nABS QoI eb: 1.19935e-06\n4096 216 2 25.9064\nPointwise QoI eb rate: 2\n'
mp-2675688,bulk,884736,7077888,96x96x96,Q,Q_sz3_b16,1.1261612940113046e-06,1.2980195990183776e-09,RuntimeError: hpez rc=-6 stderr='corrupted double-linked list\n' stdout='====================================== BEGIN TUNING ================================\nABS QoI eb: 1.12616e-06\n4096 216 2 25.9064\nPointwise QoI eb rate: 2\n'
mp-2675688,bulk,884736,7077888,96x96x96,Q,Q_sz3_b16,1.1239477039018367e-06,1.2954682030846321e-09,RuntimeError: hpez rc=-6 stderr='corrupted double-linked list\n' stdout='====================================== BEGIN TUNING ================================\nABS QoI eb: 1.12395e-06\n4096 216 2 25.9064\nPointwise QoI eb rate: 2\n'
mp-2675688,bulk,884736,7077888,96x96x96,Q,Q_sz3_b16,1.1239131511023554e-06,1.2954283773410492e-09,RuntimeError: hpez rc=-6 stderr='free(): invalid next size (normal)\n' stdout='====================================== BEGIN TUNING ================================\nABS QoI eb: 1.12391e-06\n4096 216 2 25.9064\nPointwise QoI eb rate: 2\n'
mp-2675688,bulk,884736,7077888,96x96x96,Q,Q_sz3_b16,1.1239126112232923e-06,1.295427755073521e-09,RuntimeError: hpez rc=-6 stderr='corrupted double-linked list\n' stdout='====================================== BEGIN TUNING ================================\nABS QoI eb: 1.12391e-06\n4096 216 2 25.9064\nPointwise QoI eb rate: 2\n'
mp-2675688,bulk,884736,7077888,96x96x96,Q,Q_sz3_b16,1.1239123412838582e-06,1.295427443939869e-09,RuntimeError: hpez rc=-6 stderr='corrupted double-linked list\n' stdout='====================================== BEGIN TUNING ================================\nABS QoI eb: 1.12391e-06\n4096 216 2 25.9064\nPointwise QoI eb rate: 2\n'
mp-2675688,bulk,884736,7077888,96x96x96,Q,Q_sz3_b16,1.1239122063141651e-06,1.295427288373071e-09,RuntimeError: hpez rc=-6 stderr='corrupted double-linked list\n' stdout='====================================== BEGIN TUNING ================================\nABS QoI eb: 1.12391e-06\n4096 216 2 25.9064\nPointwise QoI eb rate: 2\n'
mp-2675688,bulk,884736,7077888,96x96x96,Q,Q_sz3_b16,1.1239121388293242e-06,1.2954272105896782e-09,RuntimeError: hpez rc=-6 stderr='corrupted double-linked list\n' stdout='====================================== BEGIN TUNING ================================\nABS QoI eb: 1.12391e-06\n4096 216 2 25.9064\nPointwise QoI eb rate: 2\n'
mp-2675688,bulk,884736,7077888,96x96x96,Q,Q_sz3_b16,1.1239121303937197e-06,1.2954272008667543e-09,RuntimeError: hpez rc=-6 stderr='corrupted double-linked list\n' stdout='====================================== BEGIN TUNING ================================\nABS QoI eb: 1.12391e-06\n4096 216 2 25.9064\nPointwise QoI eb rate: 2\n'
mp-2675688,bulk,884736,7077888,96x96x96,Q,Q_sz3_b16,1.1239121261759172e-06,1.2954271960052926e-09,RuntimeError: hpez rc=-6 stderr='corrupted double-linked list\n' stdout='====================================== BEGIN TUNING ================================\nABS QoI eb: 1.12391e-06\n4096 216 2 25.9064\nPointwise QoI eb rate: 2\n'
mp-2675688,bulk,884736,7077888,96x96x96,Q,Q_sz3_b16,1.1239121240670171e-06,1.295427193574563e-09,RuntimeError: hpez rc=-6 stderr='corrupted double-linked list\n' stdout='====================================== BEGIN TUNING ================================\nABS QoI eb: 1.12391e-06\n4096 216 2 25.9064\nPointwise QoI eb rate: 2\n'
mp-2675688,bulk,884736,7077888,96x96x96,Q,Q_sz3_b16,1.123912123012566e-06,1.2954271923591971e-09,RuntimeError: hpez rc=-6 stderr='corrupted double-linked list\n' stdout='====================================== BEGIN TUNING ================================\nABS QoI eb: 1.12391e-06\n4096 216 2 25.9064\nPointwise QoI eb rate: 2\n'
mp-2679086,bulk,1053696,8429568,112x112x84,Q,Q_hpez_b16,5.6384232304751415e-08,3.162277660168373e-11,RuntimeError: hpez rc=-6 stderr='double free or corruption (!prev)\n' stdout='====================================== BEGIN TUNING ================================\nABS QoI eb: 5.63842e-08\n4096 294 2 32.8294\nPointwise QoI eb rate: 4\nPredictor tuning started.\n'
mp-2679086,bulk,1053696,8429568,112x112x84,Q,Q_hpez_b16,5.463686809883272e-08,3.0642777306368516e-11,RuntimeError: hpez rc=-6 stderr='double free or corruption (!prev)\n' stdout='====================================== BEGIN TUNING ================================\nABS QoI eb: 5.46369e-08\n4096 294 2 32.8294\nPointwise QoI eb rate: 4\nPredictor tuning started.\n'
mp-2679086,bulk,1053696,8429568,112x112x84,Q,Q_hpez_b16,5.420855465164922e-08,3.040256014099906e-11,RuntimeError: hpez rc=-6 stderr='double free or corruption (!prev)\n' stdout='====================================== BEGIN TUNING ================================\nABS QoI eb: 5.42086e-08\n4096 294 2 32.8294\nPointwise QoI eb rate: 4\nPredictor tuning started.\n'
mp-2679086,bulk,1053696,8429568,112x112x84,Q,Q_hpez_b16,5.415525209850476e-08,3.037266570666011e-11,RuntimeError: hpez rc=-6 stderr='double free or corruption (!prev)\n' stdout='====================================== BEGIN TUNING ================================\nABS QoI eb: 5.41553e-08\n4096 294 2 32.8294\nPointwise QoI eb rate: 4\nPredictor tuning started.\n'
mp-2679086,bulk,1053696,8429568,112x112x84,Q,Q_hpez_b16,5.4128620479540006e-08,3.035772951434819e-11,RuntimeError: hpez rc=-6 stderr='double free or corruption (!prev)\n' stdout='====================================== BEGIN TUNING ================================\nABS QoI eb: 5.41286e-08\n4096 294 2 32.8294\nPointwise QoI eb rate: 4\nPredictor tuning started.\n'
mp-2679086,bulk,1053696,8429568,112x112x84,Q,Q_hpez_b16,5.41153095816398e-08,3.0350264172825205e-11,RuntimeError: hpez rc=-6 stderr='double free or corruption (!prev)\n' stdout='====================================== BEGIN TUNING ================================\nABS QoI eb: 5.41153e-08\n4096 294 2 32.8294\nPointwise QoI eb rate: 4\nPredictor tuning started.\n'
mp-2679086,bulk,1053696,8429568,112x112x84,Q,Q_hpez_b16,5.410865536023307e-08,3.034653219052445e-11,RuntimeError: hpez rc=-6 stderr='double free or corruption (!prev)\n' stdout='====================================== BEGIN TUNING ================================\nABS QoI eb: 5.41087e-08\n4096 294 2 32.8294\nPointwise QoI eb rate: 4\nPredictor tuning started.\n'
mp-2679086,bulk,1053696,8429568,112x112x84,Q,Q_hpez_b16,5.410532855637141e-08,3.0344666371464506e-11,RuntimeError: hpez rc=-6 stderr='double free or corruption (!prev)\n' stdout='====================================== BEGIN TUNING ================================\nABS QoI eb: 5.41053e-08\n4096 294 2 32.8294\nPointwise QoI eb rate: 4\nPredictor tuning started.\n'
mp-2679086,bulk,1053696,8429568,112x112x84,Q,Q_hpez_b16,5.410491272027099e-08,3.034443315214823e-11,RuntimeError: hpez rc=-6 stderr='double free or corruption (!prev)\n' stdout='====================================== BEGIN TUNING ================================\nABS QoI eb: 5.41049e-08\n4096 294 2 32.8294\nPointwise QoI eb rate: 4\nPredictor tuning started.\n'
mp-2679086,bulk,1053696,8429568,112x112x84,Q,Q_hpez_b16,5.4104860740983213e-08,3.034440399985976e-11,RuntimeError: hpez rc=-6 stderr='double free or corruption (!prev)\n' stdout='====================================== BEGIN TUNING ================================\nABS QoI eb: 5.41049e-08\n4096 294 2 32.8294\nPointwise QoI eb rate: 4\nPredictor tuning started.\n'
mp-2679086,bulk,1053696,8429568,112x112x84,Q,Q_hpez_b16,5.4104847746169066e-08,3.0344396711792006e-11,RuntimeError: hpez rc=-6 stderr='double free or corruption (!prev)\n' stdout='====================================== BEGIN TUNING ================================\nABS QoI eb: 5.41048e-08\n4096 294 2 32.8294\nPointwise QoI eb rate: 4\nPredictor tuning started.\n'
mp-2679086,bulk,1053696,8429568,112x112x84,Q,Q_hpez_b16,5.41048469339931e-08,3.0344396256287734e-11,RuntimeError: hpez rc=-6 stderr='double free or corruption (!prev)\n' stdout='====================================== BEGIN TUNING ================================\nABS QoI eb: 5.41048e-08\n4096 294 2 32.8294\nPointwise QoI eb rate: 4\nPredictor tuning started.\n'
mp-2679086,bulk,1053696,8429568,112x112x84,Q,Q_hpez_b16,5.410484652790522e-08,3.0344396028535657e-11,RuntimeError: hpez rc=-6 stderr='double free or corruption (!prev)\n' stdout='====================================== BEGIN TUNING ================================\nABS QoI eb: 5.41048e-08\n4096 294 2 32.8294\nPointwise QoI eb rate: 4\nPredictor tuning started.\n'
mp-2679086,bulk,1053696,8429568,112x112x84,Q,Q_hpez_b16,5.410484642638339e-08,3.0344395971597707e-11,RuntimeError: hpez rc=-6 stderr='double free or corruption (!prev)\n' stdout='====================================== BEGIN TUNING ================================\nABS QoI eb: 5.41048e-08\n4096 294 2 32.8294\nPointwise QoI eb rate: 4\nPredictor tuning started.\n'
mp-2679086,bulk,1053696,8429568,112x112x84,Q,Q_sz3_b4,3.170718391409443e-06,1.778279410038921e-09,RuntimeError: hpez rc=-6 stderr='free(): invalid next size (normal)\n' stdout='====================================== BEGIN TUNING ================================\nABS QoI eb: 3.17072e-06\n64 16464 2 3.2383\nPointwise QoI eb rate: 2\n'
mp-2679086,bulk,1053696,8429568,112x112x84,Q,Q_sz3_b4,1.157864321353807e-06,6.493816315762111e-10,RuntimeError: hpez rc=-6 stderr='malloc(): unsorted double linked list corrupted\n' stdout='====================================== BEGIN TUNING ================================\nABS QoI eb: 1.15786e-06\n64 16464 2 3.2383\nPointwise QoI eb rate: 2\n'
mp-2679086,bulk,1053696,8429568,112x112x84,Q,Q_sz3_b4,1.0208693657612393e-06,5.725487884358375e-10,RuntimeError: hpez rc=-6 stderr='free(): invalid next size (normal)\n' stdout='====================================== BEGIN TUNING ================================\nABS QoI eb: 1.02087e-06\n64 16464 2 3.2383\nPointwise QoI eb rate: 2\n'
mp-2679086,bulk,1053696,8429568,112x112x84,Q,Q_sz3_b4,9.58575713958176e-07,5.37611747455582e-10,RuntimeError: hpez rc=-6 stderr='malloc(): unsorted double linked list corrupted\n' stdout='====================================== BEGIN TUNING ================================\nABS QoI eb: 9.58576e-07\n64 16464 2 3.2383\nPointwise QoI eb rate: 2\n'
mp-2679086,bulk,1053696,8429568,112x112x84,Q,Q_sz3_b4,9.548110519569498e-07,5.355003581437231e-10,RuntimeError: hpez rc=-6 stderr='Fatal glibc error: malloc.c:4179 (_int_malloc): assertion failed: chunk_main_arena (bck->bk)\n' stdout='====================================== BEGIN TUNING ================================\nABS QoI eb: 9.54811e-07\n64 16464 2 3.2383\nPointwise QoI eb rate: 2\n'
mp-2679086,bulk,1053696,8429568,112x112x84,Q,Q_sz3_b4,9.538721989075209e-07,5.349738077407053e-10,RuntimeError: hpez rc=-6 stderr='malloc(): unsorted double linked list corrupted\n' stdout='====================================== BEGIN TUNING ================================\nABS QoI eb: 9.53872e-07\n64 16464 2 3.2383\nPointwise QoI eb rate: 2\n'
mp-2679086,bulk,1053696,8429568,112x112x84,Q,Q_sz3_b4,9.537549072047784e-07,5.349080253550731e-10,RuntimeError: hpez rc=-6 stderr='corrupted size vs. prev_size while consolidating\n' stdout='====================================== BEGIN TUNING ================================\nABS QoI eb: 9.53755e-07\n64 16464 2 3.2383\nPointwise QoI eb rate: 2\n'
mp-2679086,bulk,1053696,8429568,112x112x84,Q,Q_sz3_b4,9.53696266762002e-07,5.348751371956366e-10,RuntimeError: hpez rc=-6 stderr='corrupted double-linked list\n' stdout='====================================== BEGIN TUNING ================================\nABS QoI eb: 9.53696e-07\n64 16464 2 3.2383\nPointwise QoI eb rate: 2\n'
mp-2679086,bulk,1053696,8429568,112x112x84,Q,Q_sz3_b4,9.536816072146656e-07,5.348669154717336e-10,RuntimeError: hpez rc=-6 stderr='malloc(): invalid size (unsorted)\n' stdout='====================================== BEGIN TUNING ================================\nABS QoI eb: 9.53682e-07\n64 16464 2 3.2383\nPointwise QoI eb rate: 2\n'
mp-2679086,bulk,1053696,8429568,112x112x84,Q,Q_sz3_b4,9.536779423630403e-07,5.348648600605045e-10,RuntimeError: hpez rc=-6 stderr='malloc(): invalid size (unsorted)\n' stdout='====================================== BEGIN TUNING ================================\nABS QoI eb: 9.53678e-07\n64 16464 2 3.2383\nPointwise QoI eb rate: 2\n'
mp-2679086,bulk,1053696,8429568,112x112x84,Q,Q_sz3_b4,9.536761099425091e-07,5.34863832357852e-10,RuntimeError: hpez rc=-6 stderr='malloc(): invalid size (unsorted)\n' stdout='====================================== BEGIN TUNING ================================\nABS QoI eb: 9.53676e-07\n64 16464 2 3.2383\nPointwise QoI eb rate: 2\n'
mp-2679086,bulk,1053696,8429568,112x112x84,Q,Q_sz3_b4,9.536751937335631e-07,5.348633185072658e-10,RuntimeError: hpez rc=-6 stderr='malloc(): invalid size (unsorted)\n' stdout='====================================== BEGIN TUNING ================================\nABS QoI eb: 9.53675e-07\n64 16464 2 3.2383\nPointwise QoI eb rate: 2\n'
mp-2679086,bulk,1053696,8429568,112x112x84,Q,Q_sz3_b4,9.536747356294209e-07,5.348630615821581e-10,RuntimeError: hpez rc=-6 stderr='malloc(): invalid size (unsorted)\n' stdout='====================================== BEGIN TUNING ================================\nABS QoI eb: 9.53675e-07\n64 16464 2 3.2383\nPointwise QoI eb rate: 2\n'
mp-2679086,bulk,1053696,8429568,112x112x84,Q,Q_sz3_b4,9.536745065774324e-07,5.348629331196509e-10,RuntimeError: hpez rc=-6 stderr='malloc(): invalid size (unsorted)\n' stdout='====================================== BEGIN TUNING ================================\nABS QoI eb: 9.53675e-07\n64 16464 2 3.2383\nPointwise QoI eb rate: 2\n'
mp-2679086,bulk,1053696,8429568,112x112x84,Q,Q_sz3_b4,9.536743920514589e-07,5.348628688884086e-10,RuntimeError: hpez rc=-6 stderr='malloc(): invalid size (unsorted)\n' stdout='====================================== BEGIN TUNING ================================\nABS QoI eb: 9.53674e-07\n64 16464 2 3.2383\nPointwise QoI eb rate: 2\n'
mp-2679086,bulk,1053696,8429568,112x112x84,Q,Q_sz3_b4,9.536743347884762e-07,5.348628367727901e-10,RuntimeError: hpez rc=-6 stderr='malloc(): invalid size (unsorted)\n' stdout='====================================== BEGIN TUNING ================================\nABS QoI eb: 9.53674e-07\n64 16464 2 3.2383\nPointwise QoI eb rate: 2\n'
mp-2679086,bulk,1053696,8429568,112x112x84,Q,Q_sz3_b4,9.536743204727315e-07,5.348628287438858e-10,RuntimeError: hpez rc=-6 stderr='malloc(): invalid size (unsorted)\n' stdout='====================================== BEGIN TUNING ================================\nABS QoI eb: 9.53674e-07\n64 16464 2 3.2383\nPointwise QoI eb rate: 2\n'
mp-2679086,bulk,1053696,8429568,112x112x84,Q,Q_sz3_b4,9.536743168937954e-07,5.348628267366597e-10,RuntimeError: hpez rc=-6 stderr='malloc(): invalid size (unsorted)\n' stdout='====================================== BEGIN TUNING ================================\nABS QoI eb: 9.53674e-07\n64 16464 2 3.2383\nPointwise QoI eb rate: 2\n'
mp-2679086,bulk,1053696,8429568,112x112x84,Q,Q_sz3_b8,3.170718391409443e-06,1.778279410038921e-09,RuntimeError: hpez rc=-6 stderr='free(): invalid next size (normal)\n' stdout='====================================== BEGIN TUNING ================================\nABS QoI eb: 3.17072e-06\n512 2156 2 9.15929\nPointwise QoI eb rate: 2\n'
mp-2679086,bulk,1053696,8429568,112x112x84,Q,Q_sz3_b8,1.157864321353807e-06,6.493816315762111e-10,RuntimeError: hpez rc=-6 stderr='malloc(): unsorted double linked list corrupted\n' stdout='====================================== BEGIN TUNING ================================\nABS QoI eb: 1.15786e-06\n512 2156 2 9.15929\nPointwise QoI eb rate: 2\n'
mp-2679086,bulk,1053696,8429568,112x112x84,Q,Q_sz3_b8,1.0208693657612393e-06,5.725487884358375e-10,RuntimeError: hpez rc=-6 stderr='free(): invalid next size (normal)\n' stdout='====================================== BEGIN TUNING ================================\nABS QoI eb: 1.02087e-06\n512 2156 2 9.15929\nPointwise QoI eb rate: 2\n'
mp-2679086,bulk,1053696,8429568,112x112x84,Q,Q_sz3_b8,9.58575713958176e-07,5.37611747455582e-10,RuntimeError: hpez rc=-6 stderr='malloc(): unsorted double linked list corrupted\n' stdout='====================================== BEGIN TUNING ================================\nABS QoI eb: 9.58576e-07\n512 2156 2 9.15929\nPointwise QoI eb rate: 2\n'
mp-2679086,bulk,1053696,8429568,112x112x84,Q,Q_sz3_b8,9.548110519569498e-07,5.355003581437231e-10,RuntimeError: hpez rc=-6 stderr='Fatal glibc error: malloc.c:4179 (_int_malloc): assertion failed: chunk_main_arena (bck->bk)\n' stdout='====================================== BEGIN TUNING ================================\nABS QoI eb: 9.54811e-07\n512 2156 2 9.15929\nPointwise QoI eb rate: 2\n'
mp-2679086,bulk,1053696,8429568,112x112x84,Q,Q_sz3_b8,9.538721989075209e-07,5.349738077407053e-10,RuntimeError: hpez rc=-6 stderr='malloc(): unsorted double linked list corrupted\n' stdout='====================================== BEGIN TUNING ================================\nABS QoI eb: 9.53872e-07\n512 2156 2 9.15929\nPointwise QoI eb rate: 2\n'
mp-2679086,bulk,1053696,8429568,112x112x84,Q,Q_sz3_b8,9.537549072047784e-07,5.349080253550731e-10,RuntimeError: hpez rc=-6 stderr='corrupted size vs. prev_size while consolidating\n' stdout='====================================== BEGIN TUNING ================================\nABS QoI eb: 9.53755e-07\n512 2156 2 9.15929\nPointwise QoI eb rate: 2\n'
mp-2679086,bulk,1053696,8429568,112x112x84,Q,Q_sz3_b8,9.53696266762002e-07,5.348751371956366e-10,RuntimeError: hpez rc=-6 stderr='corrupted double-linked list\n' stdout='====================================== BEGIN TUNING ================================\nABS QoI eb: 9.53696e-07\n512 2156 2 9.15929\nPointwise QoI eb rate: 2\n'
mp-2679086,bulk,1053696,8429568,112x112x84,Q,Q_sz3_b8,9.536816072146656e-07,5.348669154717336e-10,RuntimeError: hpez rc=-6 stderr='malloc(): invalid size (unsorted)\n' stdout='====================================== BEGIN TUNING ================================\nABS QoI eb: 9.53682e-07\n512 2156 2 9.15929\nPointwise QoI eb rate: 2\n'
mp-2679086,bulk,1053696,8429568,112x112x84,Q,Q_sz3_b8,9.536779423630403e-07,5.348648600605045e-10,RuntimeError: hpez rc=-6 stderr='malloc(): invalid size (unsorted)\n' stdout='====================================== BEGIN TUNING ================================\nABS QoI eb: 9.53678e-07\n512 2156 2 9.15929\nPointwise QoI eb rate: 2\n'
mp-2679086,bulk,1053696,8429568,112x112x84,Q,Q_sz3_b8,9.536761099425091e-07,5.34863832357852e-10,RuntimeError: hpez rc=-6 stderr='malloc(): invalid size (unsorted)\n' stdout='====================================== BEGIN TUNING ================================\nABS QoI eb: 9.53676e-07\n512 2156 2 9.15929\nPointwise QoI eb rate: 2\n'
mp-2679086,bulk,1053696,8429568,112x112x84,Q,Q_sz3_b8,9.536751937335631e-07,5.348633185072658e-10,RuntimeError: hpez rc=-6 stderr='malloc(): invalid size (unsorted)\n' stdout='====================================== BEGIN TUNING ================================\nABS QoI eb: 9.53675e-07\n512 2156 2 9.15929\nPointwise QoI eb rate: 2\n'
mp-2679086,bulk,1053696,8429568,112x112x84,Q,Q_sz3_b8,9.536747356294209e-07,5.348630615821581e-10,RuntimeError: hpez rc=-6 stderr='malloc(): invalid size (unsorted)\n' stdout='====================================== BEGIN TUNING ================================\nABS QoI eb: 9.53675e-07\n512 2156 2 9.15929\nPointwise QoI eb rate: 2\n'
mp-2679086,bulk,1053696,8429568,112x112x84,Q,Q_sz3_b8,9.536745065774324e-07,5.348629331196509e-10,RuntimeError: hpez rc=-6 stderr='malloc(): invalid size (unsorted)\n' stdout='====================================== BEGIN TUNING ================================\nABS QoI eb: 9.53675e-07\n512 2156 2 9.15929\nPointwise QoI eb rate: 2\n'
mp-2679086,bulk,1053696,8429568,112x112x84,Q,Q_sz3_b8,9.536743920514589e-07,5.348628688884086e-10,RuntimeError: hpez rc=-6 stderr='malloc(): invalid size (unsorted)\n' stdout='====================================== BEGIN TUNING ================================\nABS QoI eb: 9.53674e-07\n512 2156 2 9.15929\nPointwise QoI eb rate: 2\n'
mp-2679086,bulk,1053696,8429568,112x112x84,Q,Q_sz3_b8,9.536743347884762e-07,5.348628367727901e-10,RuntimeError: hpez rc=-6 stderr='malloc(): invalid size (unsorted)\n' stdout='====================================== BEGIN TUNING ================================\nABS QoI eb: 9.53674e-07\n512 2156 2 9.15929\nPointwise QoI eb rate: 2\n'
mp-2679086,bulk,1053696,8429568,112x112x84,Q,Q_sz3_b8,9.536743204727315e-07,5.348628287438858e-10,RuntimeError: hpez rc=-6 stderr='malloc(): invalid size (unsorted)\n' stdout='====================================== BEGIN TUNING ================================\nABS QoI eb: 9.53674e-07\n512 2156 2 9.15929\nPointwise QoI eb rate: 2\n'
mp-2679086,bulk,1053696,8429568,112x112x84,Q,Q_sz3_b8,9.536743168937954e-07,5.348628267366597e-10,RuntimeError: hpez rc=-6 stderr='malloc(): invalid size (unsorted)\n' stdout='====================================== BEGIN TUNING ================================\nABS QoI eb: 9.53674e-07\n512 2156 2 9.15929\nPointwise QoI eb rate: 2\n'
mp-2679086,bulk,1053696,8429568,112x112x84,Q,Q_sz3_b16,3.170718391409443e-06,1.778279410038921e-09,RuntimeError: hpez rc=-6 stderr='free(): invalid next size (normal)\n' stdout='====================================== BEGIN TUNING ================================\nABS QoI eb: 3.17072e-06\n4096 294 2 25.9064\nPointwise QoI eb rate: 2\n'
mp-2679086,bulk,1053696,8429568,112x112x84,Q,Q_sz3_b16,1.157864321353807e-06,6.493816315762111e-10,RuntimeError: hpez rc=-6 stderr='malloc(): unsorted double linked list corrupted\n' stdout='====================================== BEGIN TUNING ================================\nABS QoI eb: 1.15786e-06\n4096 294 2 25.9064\nPointwise QoI eb rate: 2\n'
mp-2679086,bulk,1053696,8429568,112x112x84,Q,Q_sz3_b16,1.0208693657612393e-06,5.725487884358375e-10,RuntimeError: hpez rc=-6 stderr='free(): invalid next size (normal)\n' stdout='====================================== BEGIN TUNING ================================\nABS QoI eb: 1.02087e-06\n4096 294 2 25.9064\nPointwise QoI eb rate: 2\n'
mp-2679086,bulk,1053696,8429568,112x112x84,Q,Q_sz3_b16,9.58575713958176e-07,5.37611747455582e-10,RuntimeError: hpez rc=-6 stderr='malloc(): unsorted double linked list corrupted\n' stdout='====================================== BEGIN TUNING ================================\nABS QoI eb: 9.58576e-07\n4096 294 2 25.9064\nPointwise QoI eb rate: 2\n'
mp-2679086,bulk,1053696,8429568,112x112x84,Q,Q_sz3_b16,9.548110519569498e-07,5.355003581437231e-10,RuntimeError: hpez rc=-6 stderr='Fatal glibc error: malloc.c:4179 (_int_malloc): assertion failed: chunk_main_arena (bck->bk)\n' stdout='====================================== BEGIN TUNING ================================\nABS QoI eb: 9.54811e-07\n4096 294 2 25.9064\nPointwise QoI eb rate: 2\n'
mp-2679086,bulk,1053696,8429568,112x112x84,Q,Q_sz3_b16,9.538721989075209e-07,5.349738077407053e-10,RuntimeError: hpez rc=-6 stderr='malloc(): unsorted double linked list corrupted\n' stdout='====================================== BEGIN TUNING ================================\nABS QoI eb: 9.53872e-07\n4096 294 2 25.9064\nPointwise QoI eb rate: 2\n'
mp-2679086,bulk,1053696,8429568,112x112x84,Q,Q_sz3_b16,9.537549072047784e-07,5.349080253550731e-10,RuntimeError: hpez rc=-6 stderr='corrupted size vs. prev_size while consolidating\n' stdout='====================================== BEGIN TUNING ================================\nABS QoI eb: 9.53755e-07\n4096 294 2 25.9064\nPointwise QoI eb rate: 2\n'
mp-2679086,bulk,1053696,8429568,112x112x84,Q,Q_sz3_b16,9.53696266762002e-07,5.348751371956366e-10,RuntimeError: hpez rc=-6 stderr='corrupted double-linked list\n' stdout='====================================== BEGIN TUNING ================================\nABS QoI eb: 9.53696e-07\n4096 294 2 25.9064\nPointwise QoI eb rate: 2\n'
mp-2679086,bulk,1053696,8429568,112x112x84,Q,Q_sz3_b16,9.536816072146656e-07,5.348669154717336e-10,RuntimeError: hpez rc=-6 stderr='malloc(): invalid size (unsorted)\n' stdout='====================================== BEGIN TUNING ================================\nABS QoI eb: 9.53682e-07\n4096 294 2 25.9064\nPointwise QoI eb rate: 2\n'
mp-2679086,bulk,1053696,8429568,112x112x84,Q,Q_sz3_b16,9.536779423630403e-07,5.348648600605045e-10,RuntimeError: hpez rc=-6 stderr='malloc(): invalid size (unsorted)\n' stdout='====================================== BEGIN TUNING ================================\nABS QoI eb: 9.53678e-07\n4096 294 2 25.9064\nPointwise QoI eb rate: 2\n'
mp-2679086,bulk,1053696,8429568,112x112x84,Q,Q_sz3_b16,9.536761099425091e-07,5.34863832357852e-10,RuntimeError: hpez rc=-6 stderr='malloc(): invalid size (unsorted)\n' stdout='====================================== BEGIN TUNING ================================\nABS QoI eb: 9.53676e-07\n4096 294 2 25.9064\nPointwise QoI eb rate: 2\n'
mp-2679086,bulk,1053696,8429568,112x112x84,Q,Q_sz3_b16,9.536751937335631e-07,5.348633185072658e-10,RuntimeError: hpez rc=-6 stderr='malloc(): invalid size (unsorted)\n' stdout='====================================== BEGIN TUNING ================================\nABS QoI eb: 9.53675e-07\n4096 294 2 25.9064\nPointwise QoI eb rate: 2\n'
mp-2679086,bulk,1053696,8429568,112x112x84,Q,Q_sz3_b16,9.536747356294209e-07,5.348630615821581e-10,RuntimeError: hpez rc=-6 stderr='malloc(): invalid size (unsorted)\n' stdout='====================================== BEGIN TUNING ================================\nABS QoI eb: 9.53675e-07\n4096 294 2 25.9064\nPointwise QoI eb rate: 2\n'
mp-2679086,bulk,1053696,8429568,112x112x84,Q,Q_sz3_b16,9.536745065774324e-07,5.348629331196509e-10,RuntimeError: hpez rc=-6 stderr='malloc(): invalid size (unsorted)\n' stdout='====================================== BEGIN TUNING ================================\nABS QoI eb: 9.53675e-07\n4096 294 2 25.9064\nPointwise QoI eb rate: 2\n'
mp-2679086,bulk,1053696,8429568,112x112x84,Q,Q_sz3_b16,9.536743920514589e-07,5.348628688884086e-10,RuntimeError: hpez rc=-6 stderr='malloc(): invalid size (unsorted)\n' stdout='====================================== BEGIN TUNING ================================\nABS QoI eb: 9.53674e-07\n4096 294 2 25.9064\nPointwise QoI eb rate: 2\n'
mp-2679086,bulk,1053696,8429568,112x112x84,Q,Q_sz3_b16,9.536743347884762e-07,5.348628367727901e-10,RuntimeError: hpez rc=-6 stderr='malloc(): invalid size (unsorted)\n' stdout='====================================== BEGIN TUNING ================================\nABS QoI eb: 9.53674e-07\n4096 294 2 25.9064\nPointwise QoI eb rate: 2\n'
mp-2679086,bulk,1053696,8429568,112x112x84,Q,Q_sz3_b16,9.536743204727315e-07,5.348628287438858e-10,RuntimeError: hpez rc=-6 stderr='malloc(): invalid size (unsorted)\n' stdout='====================================== BEGIN TUNING ================================\nABS QoI eb: 9.53674e-07\n4096 294 2 25.9064\nPointwise QoI eb rate: 2\n'
mp-2679086,bulk,1053696,8429568,112x112x84,Q,Q_sz3_b16,9.536743168937954e-07,5.348628267366597e-10,RuntimeError: hpez rc=-6 stderr='malloc(): invalid size (unsorted)\n' stdout='====================================== BEGIN TUNING ================================\nABS QoI eb: 9.53674e-07\n4096 294 2 25.9064\nPointwise QoI eb rate: 2\n'
mp-29506,bulk,884736,7077888,96x96x96,Q,Q_sz3_b4,0.0001934679744309,9.999999999999998e-08,RuntimeError: hpez rc=-11 stderr='' stdout='====================================== BEGIN TUNING ================================\nABS QoI eb: 0.000193468\n64 13824 2 3.2383\nPointwise QoI eb rate: 2\n'
mp-29506,bulk,884736,7077888,96x96x96,Q,Q_sz3_b4,3.440401154325843e-06,1.7782794100389239e-09,RuntimeError: hpez rc=-6 stderr='free(): invalid next size (normal)\n' stdout='====================================== BEGIN TUNING ================================\nABS QoI eb: 3.4404e-06\n64 13824 2 3.2383\nPointwise QoI eb rate: 2\n'
mp-29506,bulk,884736,7077888,96x96x96,Q,Q_sz3_b4,2.079021998530213e-06,1.0746078283213186e-09,RuntimeError: hpez rc=-11 stderr='' stdout='====================================== BEGIN TUNING ================================\nABS QoI eb: 2.07902e-06\n64 13824 2 3.2383\nPointwise QoI eb rate: 2\n'
mp-29506,bulk,884736,7077888,96x96x96,Q,Q_sz3_b4,1.9521596625536823e-06,1.009035044841448e-09,RuntimeError: hpez rc=-6 stderr='free(): invalid next size (normal)\n' stdout='====================================== BEGIN TUNING ================================\nABS QoI eb: 1.95216e-06\n64 13824 2 3.2383\nPointwise QoI eb rate: 2\n'
mp-29506,bulk,884736,7077888,96x96x96,Q,Q_sz3_b4,1.92167259722721e-06,9.93276847436355e-10,RuntimeError: hpez rc=-6 stderr='corrupted double-linked list\n' stdout='====================================== BEGIN TUNING ================================\nABS QoI eb: 1.92167e-06\n64 13824 2 3.2383\nPointwise QoI eb rate: 2\n'
mp-29506,bulk,884736,7077888,96x96x96,Q,Q_sz3_b4,1.914125517012017e-06,9.89375901950473e-10,RuntimeError: hpez rc=-6 stderr='Fatal glibc error: malloc.c:4192 (_int_malloc): assertion failed: chunk_main_arena (fwd)\n' stdout='====================================== BEGIN TUNING ================================\nABS QoI eb: 1.91413e-06\n64 13824 2 3.2383\nPointwise QoI eb rate: 2\n'
mp-29506,bulk,884736,7077888,96x96x96,Q,Q_sz3_b4,1.9103630991991595e-06,9.87431178114953e-10,RuntimeError: hpez rc=-6 stderr='double free or corruption (!prev)\n' stdout='====================================== BEGIN TUNING ================================\nABS QoI eb: 1.91036e-06\n64 13824 2 3.2383\nPointwise QoI eb rate: 2\n'
mp-29506,bulk,884736,7077888,96x96x96,Q,Q_sz3_b4,1.908484664489464e-06,9.864602501279206e-10,RuntimeError: hpez rc=-6 stderr='corrupted size vs. prev_size in fastbins\n' stdout='====================================== BEGIN TUNING ================================\nABS QoI eb: 1.90848e-06\n64 13824 2 3.2383\nPointwise QoI eb rate: 2\n'
mp-29506,bulk,884736,7077888,96x96x96,Q,Q_sz3_b4,1.9075461398881472e-06,9.859751442058284e-10,RuntimeError: hpez rc=-6 stderr='corrupted double-linked list\n' stdout='====================================== BEGIN TUNING ================================\nABS QoI eb: 1.90755e-06\n64 13824 2 3.2383\nPointwise QoI eb rate: 2\n'
mp-29506,bulk,884736,7077888,96x96x96,Q,Q_sz3_b4,1.9074288567691705e-06,9.85914522741567e-10,RuntimeError: hpez rc=-6 stderr='Fatal glibc error: malloc.c:4179 (_int_malloc): assertion failed: chunk_main_arena (bck->bk)\n' stdout='====================================== BEGIN TUNING ================================\nABS QoI eb: 1.90743e-06\n64 13824 2 3.2383\nPointwise QoI eb rate: 2\n'
mp-29506,bulk,884736,7077888,96x96x96,Q,Q_sz3_b4,1.907370217913836e-06,9.858842134071632e-10,RuntimeError: hpez rc=-6 stderr='corrupted size vs. prev_size in fastbins\n' stdout='====================================== BEGIN TUNING ================================\nABS QoI eb: 1.90737e-06\n64 13824 2 3.2383\nPointwise QoI eb rate: 2\n'
mp-29506,bulk,884736,7077888,96x96x96,Q,Q_sz3_b4,1.9073555584816755e-06,9.858766362191541e-10,RuntimeError: hpez rc=-6 stderr='corrupted double-linked list\n' stdout='====================================== BEGIN TUNING ================================\nABS QoI eb: 1.90736e-06\n64 13824 2 3.2383\nPointwise QoI eb rate: 2\n'
mp-29506,bulk,884736,7077888,96x96x96,Q,Q_sz3_b4,1.90735189364124e-06,9.85874741931251e-10,RuntimeError: hpez rc=-6 stderr='corrupted double-linked list\n' stdout='====================================== BEGIN TUNING ================================\nABS QoI eb: 1.90735e-06\n64 13824 2 3.2383\nPointwise QoI eb rate: 2\n'
mp-29506,bulk,884736,7077888,96x96x96,Q,Q_sz3_b4,1.907350061223661e-06,9.858737947886635e-10,RuntimeError: hpez rc=-6 stderr='corrupted double-linked list\n' stdout='====================================== BEGIN TUNING ================================\nABS QoI eb: 1.90735e-06\n64 13824 2 3.2383\nPointwise QoI eb rate: 2\n'
mp-29506,bulk,884736,7077888,96x96x96,Q,Q_sz3_b4,1.907349145015533e-06,9.85873321217712e-10,RuntimeError: hpez rc=-6 stderr='corrupted double-linked list\n' stdout='====================================== BEGIN TUNING ================================\nABS QoI eb: 1.90735e-06\n64 13824 2 3.2383\nPointwise QoI eb rate: 2\n'
mp-29506,bulk,884736,7077888,96x96x96,Q,Q_sz3_b4,1.9073486869116346e-06,9.858730844323215e-10,RuntimeError: hpez rc=-6 stderr='corrupted double-linked list\n' stdout='====================================== BEGIN TUNING ================================\nABS QoI eb: 1.90735e-06\n64 13824 2 3.2383\nPointwise QoI eb rate: 2\n'
mp-29506,bulk,884736,7077888,96x96x96,Q,Q_sz3_b4,1.907348658280145e-06,9.858730696332367e-10,RuntimeError: hpez rc=-6 stderr='corrupted double-linked list\n' stdout='====================================== BEGIN TUNING ================================\nABS QoI eb: 1.90735e-06\n64 13824 2 3.2383\nPointwise QoI eb rate: 2\n'
mp-29506,bulk,884736,7077888,96x96x96,Q,Q_sz3_b4,1.9073486439644007e-06,9.858730622336946e-10,RuntimeError: hpez rc=-6 stderr='corrupted double-linked list\n' stdout='====================================== BEGIN TUNING ================================\nABS QoI eb: 1.90735e-06\n64 13824 2 3.2383\nPointwise QoI eb rate: 2\n'
mp-29506,bulk,884736,7077888,96x96x96,Q,Q_sz3_b4,1.907348636806528e-06,9.85873058533923e-10,RuntimeError: hpez rc=-6 stderr='corrupted double-linked list\n' stdout='====================================== BEGIN TUNING ================================\nABS QoI eb: 1.90735e-06\n64 13824 2 3.2383\nPointwise QoI eb rate: 2\n'
mp-29506,bulk,884736,7077888,96x96x96,Q,Q_sz3_b4,1.9073486332275936e-06,9.858730566840383e-10,RuntimeError: hpez rc=-6 stderr='corrupted double-linked list\n' stdout='====================================== BEGIN TUNING ================================\nABS QoI eb: 1.90735e-06\n64 13824 2 3.2383\nPointwise QoI eb rate: 2\n'
mp-29506,bulk,884736,7077888,96x96x96,Q,Q_sz3_b8,0.0001934679744309,9.999999999999998e-08,RuntimeError: hpez rc=-11 stderr='' stdout='====================================== BEGIN TUNING ================================\nABS QoI eb: 0.000193468\n512 1728 2 9.15929\nPointwise QoI eb rate: 2\n'
mp-29506,bulk,884736,7077888,96x96x96,Q,Q_sz3_b8,3.440401154325843e-06,1.7782794100389239e-09,RuntimeError: hpez rc=-6 stderr='free(): invalid next size (normal)\n' stdout='====================================== BEGIN TUNING ================================\nABS QoI eb: 3.4404e-06\n512 1728 2 9.15929\nPointwise QoI eb rate: 2\n'
mp-29506,bulk,884736,7077888,96x96x96,Q,Q_sz3_b8,2.079021998530213e-06,1.0746078283213186e-09,RuntimeError: hpez rc=-11 stderr='' stdout='====================================== BEGIN TUNING ================================\nABS QoI eb: 2.07902e-06\n512 1728 2 9.15929\nPointwise QoI eb rate: 2\n'
mp-29506,bulk,884736,7077888,96x96x96,Q,Q_sz3_b8,1.9521596625536823e-06,1.009035044841448e-09,RuntimeError: hpez rc=-6 stderr='free(): invalid next size (normal)\n' stdout='====================================== BEGIN TUNING ================================\nABS QoI eb: 1.95216e-06\n512 1728 2 9.15929\nPointwise QoI eb rate: 2\n'
mp-29506,bulk,884736,7077888,96x96x96,Q,Q_sz3_b8,1.92167259722721e-06,9.93276847436355e-10,RuntimeError: hpez rc=-6 stderr='corrupted double-linked list\n' stdout='====================================== BEGIN TUNING ================================\nABS QoI eb: 1.92167e-06\n512 1728 2 9.15929\nPointwise QoI eb rate: 2\n'
mp-29506,bulk,884736,7077888,96x96x96,Q,Q_sz3_b8,1.914125517012017e-06,9.89375901950473e-10,RuntimeError: hpez rc=-6 stderr='Fatal glibc error: malloc.c:4192 (_int_malloc): assertion failed: chunk_main_arena (fwd)\n' stdout='====================================== BEGIN TUNING ================================\nABS QoI eb: 1.91413e-06\n512 1728 2 9.15929\nPointwise QoI eb rate: 2\n'
mp-29506,bulk,884736,7077888,96x96x96,Q,Q_sz3_b8,1.9103630991991595e-06,9.87431178114953e-10,RuntimeError: hpez rc=-6 stderr='double free or corruption (!prev)\n' stdout='====================================== BEGIN TUNING ================================\nABS QoI eb: 1.91036e-06\n512 1728 2 9.15929\nPointwise QoI eb rate: 2\n'
mp-29506,bulk,884736,7077888,96x96x96,Q,Q_sz3_b8,1.908484664489464e-06,9.864602501279206e-10,RuntimeError: hpez rc=-6 stderr='corrupted size vs. prev_size in fastbins\n' stdout='====================================== BEGIN TUNING ================================\nABS QoI eb: 1.90848e-06\n512 1728 2 9.15929\nPointwise QoI eb rate: 2\n'
mp-29506,bulk,884736,7077888,96x96x96,Q,Q_sz3_b8,1.9075461398881472e-06,9.859751442058284e-10,RuntimeError: hpez rc=-6 stderr='corrupted double-linked list\n' stdout='====================================== BEGIN TUNING ================================\nABS QoI eb: 1.90755e-06\n512 1728 2 9.15929\nPointwise QoI eb rate: 2\n'
mp-29506,bulk,884736,7077888,96x96x96,Q,Q_sz3_b8,1.9074288567691705e-06,9.85914522741567e-10,RuntimeError: hpez rc=-6 stderr='Fatal glibc error: malloc.c:4179 (_int_malloc): assertion failed: chunk_main_arena (bck->bk)\n' stdout='====================================== BEGIN TUNING ================================\nABS QoI eb: 1.90743e-06\n512 1728 2 9.15929\nPointwise QoI eb rate: 2\n'
mp-29506,bulk,884736,7077888,96x96x96,Q,Q_sz3_b8,1.907370217913836e-06,9.858842134071632e-10,RuntimeError: hpez rc=-6 stderr='corrupted size vs. prev_size in fastbins\n' stdout='====================================== BEGIN TUNING ================================\nABS QoI eb: 1.90737e-06\n512 1728 2 9.15929\nPointwise QoI eb rate: 2\n'
mp-29506,bulk,884736,7077888,96x96x96,Q,Q_sz3_b8,1.9073555584816755e-06,9.858766362191541e-10,RuntimeError: hpez rc=-6 stderr='corrupted double-linked list\n' stdout='====================================== BEGIN TUNING ================================\nABS QoI eb: 1.90736e-06\n512 1728 2 9.15929\nPointwise QoI eb rate: 2\n'
mp-29506,bulk,884736,7077888,96x96x96,Q,Q_sz3_b8,1.90735189364124e-06,9.85874741931251e-10,RuntimeError: hpez rc=-6 stderr='corrupted double-linked list\n' stdout='====================================== BEGIN TUNING ================================\nABS QoI eb: 1.90735e-06\n512 1728 2 9.15929\nPointwise QoI eb rate: 2\n'
mp-29506,bulk,884736,7077888,96x96x96,Q,Q_sz3_b8,1.907350061223661e-06,9.858737947886635e-10,RuntimeError: hpez rc=-6 stderr='corrupted double-linked list\n' stdout='====================================== BEGIN TUNING ================================\nABS QoI eb: 1.90735e-06\n512 1728 2 9.15929\nPointwise QoI eb rate: 2\n'
mp-29506,bulk,884736,7077888,96x96x96,Q,Q_sz3_b8,1.907349145015533e-06,9.85873321217712e-10,RuntimeError: hpez rc=-6 stderr='corrupted double-linked list\n' stdout='====================================== BEGIN TUNING ================================\nABS QoI eb: 1.90735e-06\n512 1728 2 9.15929\nPointwise QoI eb rate: 2\n'
mp-29506,bulk,884736,7077888,96x96x96,Q,Q_sz3_b8,1.9073486869116346e-06,9.858730844323215e-10,RuntimeError: hpez rc=-6 stderr='corrupted double-linked list\n' stdout='====================================== BEGIN TUNING ================================\nABS QoI eb: 1.90735e-06\n512 1728 2 9.15929\nPointwise QoI eb rate: 2\n'
mp-29506,bulk,884736,7077888,96x96x96,Q,Q_sz3_b8,1.907348658280145e-06,9.858730696332367e-10,RuntimeError: hpez rc=-6 stderr='corrupted double-linked list\n' stdout='====================================== BEGIN TUNING ================================\nABS QoI eb: 1.90735e-06\n512 1728 2 9.15929\nPointwise QoI eb rate: 2\n'
mp-29506,bulk,884736,7077888,96x96x96,Q,Q_sz3_b8,1.9073486439644007e-06,9.858730622336946e-10,RuntimeError: hpez rc=-6 stderr='corrupted double-linked list\n' stdout='====================================== BEGIN TUNING ================================\nABS QoI eb: 1.90735e-06\n512 1728 2 9.15929\nPointwise QoI eb rate: 2\n'
mp-29506,bulk,884736,7077888,96x96x96,Q,Q_sz3_b8,1.907348636806528e-06,9.85873058533923e-10,RuntimeError: hpez rc=-6 stderr='corrupted double-linked list\n' stdout='====================================== BEGIN TUNING ================================\nABS QoI eb: 1.90735e-06\n512 1728 2 9.15929\nPointwise QoI eb rate: 2\n'
mp-29506,bulk,884736,7077888,96x96x96,Q,Q_sz3_b8,1.9073486332275936e-06,9.858730566840383e-10,RuntimeError: hpez rc=-6 stderr='corrupted double-linked list\n' stdout='====================================== BEGIN TUNING ================================\nABS QoI eb: 1.90735e-06\n512 1728 2 9.15929\nPointwise QoI eb rate: 2\n'
mp-29506,bulk,884736,7077888,96x96x96,Q,Q_sz3_b16,0.0001934679744309,9.999999999999998e-08,RuntimeError: hpez rc=-11 stderr='' stdout='====================================== BEGIN TUNING ================================\nABS QoI eb: 0.000193468\n4096 216 2 25.9064\nPointwise QoI eb rate: 2\n'
mp-29506,bulk,884736,7077888,96x96x96,Q,Q_sz3_b16,3.440401154325843e-06,1.7782794100389239e-09,RuntimeError: hpez rc=-6 stderr='free(): invalid next size (normal)\n' stdout='====================================== BEGIN TUNING ================================\nABS QoI eb: 3.4404e-06\n4096 216 2 25.9064\nPointwise QoI eb rate: 2\n'
mp-29506,bulk,884736,7077888,96x96x96,Q,Q_sz3_b16,2.079021998530213e-06,1.0746078283213186e-09,RuntimeError: hpez rc=-11 stderr='' stdout='====================================== BEGIN TUNING ================================\nABS QoI eb: 2.07902e-06\n4096 216 2 25.9064\nPointwise QoI eb rate: 2\n'
mp-29506,bulk,884736,7077888,96x96x96,Q,Q_sz3_b16,1.9521596625536823e-06,1.009035044841448e-09,RuntimeError: hpez rc=-6 stderr='free(): invalid next size (normal)\n' stdout='====================================== BEGIN TUNING ================================\nABS QoI eb: 1.95216e-06\n4096 216 2 25.9064\nPointwise QoI eb rate: 2\n'
mp-29506,bulk,884736,7077888,96x96x96,Q,Q_sz3_b16,1.92167259722721e-06,9.93276847436355e-10,RuntimeError: hpez rc=-6 stderr='corrupted double-linked list\n' stdout='====================================== BEGIN TUNING ================================\nABS QoI eb: 1.92167e-06\n4096 216 2 25.9064\nPointwise QoI eb rate: 2\n'
mp-29506,bulk,884736,7077888,96x96x96,Q,Q_sz3_b16,1.914125517012017e-06,9.89375901950473e-10,RuntimeError: hpez rc=-6 stderr='Fatal glibc error: malloc.c:4192 (_int_malloc): assertion failed: chunk_main_arena (fwd)\n' stdout='====================================== BEGIN TUNING ================================\nABS QoI eb: 1.91413e-06\n4096 216 2 25.9064\nPointwise QoI eb rate: 2\n'
mp-29506,bulk,884736,7077888,96x96x96,Q,Q_sz3_b16,1.9103630991991595e-06,9.87431178114953e-10,RuntimeError: hpez rc=-6 stderr='double free or corruption (!prev)\n' stdout='====================================== BEGIN TUNING ================================\nABS QoI eb: 1.91036e-06\n4096 216 2 25.9064\nPointwise QoI eb rate: 2\n'
mp-29506,bulk,884736,7077888,96x96x96,Q,Q_sz3_b16,1.908484664489464e-06,9.864602501279206e-10,RuntimeError: hpez rc=-6 stderr='corrupted size vs. prev_size in fastbins\n' stdout='====================================== BEGIN TUNING ================================\nABS QoI eb: 1.90848e-06\n4096 216 2 25.9064\nPointwise QoI eb rate: 2\n'
mp-29506,bulk,884736,7077888,96x96x96,Q,Q_sz3_b16,1.9075461398881472e-06,9.859751442058284e-10,RuntimeError: hpez rc=-6 stderr='corrupted double-linked list\n' stdout='====================================== BEGIN TUNING ================================\nABS QoI eb: 1.90755e-06\n4096 216 2 25.9064\nPointwise QoI eb rate: 2\n'
mp-29506,bulk,884736,7077888,96x96x96,Q,Q_sz3_b16,1.9074288567691705e-06,9.85914522741567e-10,RuntimeError: hpez rc=-6 stderr='Fatal glibc error: malloc.c:4179 (_int_malloc): assertion failed: chunk_main_arena (bck->bk)\n' stdout='====================================== BEGIN TUNING ================================\nABS QoI eb: 1.90743e-06\n4096 216 2 25.9064\nPointwise QoI eb rate: 2\n'
mp-29506,bulk,884736,7077888,96x96x96,Q,Q_sz3_b16,1.907370217913836e-06,9.858842134071632e-10,RuntimeError: hpez rc=-6 stderr='corrupted size vs. prev_size in fastbins\n' stdout='====================================== BEGIN TUNING ================================\nABS QoI eb: 1.90737e-06\n4096 216 2 25.9064\nPointwise QoI eb rate: 2\n'
mp-29506,bulk,884736,7077888,96x96x96,Q,Q_sz3_b16,1.9073555584816755e-06,9.858766362191541e-10,RuntimeError: hpez rc=-6 stderr='corrupted double-linked list\n' stdout='====================================== BEGIN TUNING ================================\nABS QoI eb: 1.90736e-06\n4096 216 2 25.9064\nPointwise QoI eb rate: 2\n'
mp-29506,bulk,884736,7077888,96x96x96,Q,Q_sz3_b16,1.90735189364124e-06,9.85874741931251e-10,RuntimeError: hpez rc=-6 stderr='corrupted double-linked list\n' stdout='====================================== BEGIN TUNING ================================\nABS QoI eb: 1.90735e-06\n4096 216 2 25.9064\nPointwise QoI eb rate: 2\n'
mp-29506,bulk,884736,7077888,96x96x96,Q,Q_sz3_b16,1.907350061223661e-06,9.858737947886635e-10,RuntimeError: hpez rc=-6 stderr='corrupted double-linked list\n' stdout='====================================== BEGIN TUNING ================================\nABS QoI eb: 1.90735e-06\n4096 216 2 25.9064\nPointwise QoI eb rate: 2\n'
mp-29506,bulk,884736,7077888,96x96x96,Q,Q_sz3_b16,1.907349145015533e-06,9.85873321217712e-10,RuntimeError: hpez rc=-6 stderr='corrupted double-linked list\n' stdout='====================================== BEGIN TUNING ================================\nABS QoI eb: 1.90735e-06\n4096 216 2 25.9064\nPointwise QoI eb rate: 2\n'
mp-29506,bulk,884736,7077888,96x96x96,Q,Q_sz3_b16,1.9073486869116346e-06,9.858730844323215e-10,RuntimeError: hpez rc=-6 stderr='corrupted double-linked list\n' stdout='====================================== BEGIN TUNING ================================\nABS QoI eb: 1.90735e-06\n4096 216 2 25.9064\nPointwise QoI eb rate: 2\n'
mp-29506,bulk,884736,7077888,96x96x96,Q,Q_sz3_b16,1.907348658280145e-06,9.858730696332367e-10,RuntimeError: hpez rc=-6 stderr='corrupted double-linked list\n' stdout='====================================== BEGIN TUNING ================================\nABS QoI eb: 1.90735e-06\n4096 216 2 25.9064\nPointwise QoI eb rate: 2\n'
mp-29506,bulk,884736,7077888,96x96x96,Q,Q_sz3_b16,1.9073486439644007e-06,9.858730622336946e-10,RuntimeError: hpez rc=-6 stderr='corrupted double-linked list\n' stdout='====================================== BEGIN TUNING ================================\nABS QoI eb: 1.90735e-06\n4096 216 2 25.9064\nPointwise QoI eb rate: 2\n'
mp-29506,bulk,884736,7077888,96x96x96,Q,Q_sz3_b16,1.907348636806528e-06,9.85873058533923e-10,RuntimeError: hpez rc=-6 stderr='corrupted double-linked list\n' stdout='====================================== BEGIN TUNING ================================\nABS QoI eb: 1.90735e-06\n4096 216 2 25.9064\nPointwise QoI eb rate: 2\n'
mp-29506,bulk,884736,7077888,96x96x96,Q,Q_sz3_b16,1.9073486332275936e-06,9.858730566840383e-10,RuntimeError: hpez rc=-6 stderr='corrupted double-linked list\n' stdout='====================================== BEGIN TUNING ================================\nABS QoI eb: 1.90735e-06\n4096 216 2 25.9064\nPointwise QoI eb rate: 2\n'
