material_id,system_type,npoints,raw_bytes,shape,arm,config,tol,tol_rel,error
nomad-BLbUQWtMdS99,slab,1935360,15482880,56x72x480,Q,Q_sz3_b4,6.15622149749384e-05,1.7782794100389232e-09,RuntimeError: hpez rc=-11 stderr='' stdout='====================================== BEGIN TUNING ================================\nABS QoI eb: 6.15622e-05\n64 30240 2 3.2383\nPointwise QoI eb rate: 2\n'
nomad-BLbUQWtMdS99,slab,1935360,15482880,56x72x480,Q,Q_sz3_b4,5.427836249660064e-05,1.5678788438269703e-09,RuntimeError: hpez rc=-11 stderr='' stdout='====================================== BEGIN TUNING ================================\nABS QoI eb: 5.42784e-05\n64 30240 2 3.2383\nPointwise QoI eb rate: 2\n'
nomad-BLbUQWtMdS99,slab,1935360,15482880,56x72x480,Q,Q_sz3_b4,5.343069208572701e-05,1.5433931290298427e-09,RuntimeError: hpez rc=-6 stderr='munmap_chunk(): invalid pointer\n' stdout='====================================== BEGIN TUNING ================================\nABS QoI eb: 5.34307e-05\n64 30240 2 3.2383\nPointwise QoI eb rate: 2\n'
nomad-BLbUQWtMdS99,slab,1935360,15482880,56x72x480,Q,Q_sz3_b4,5.341755281705944e-05,1.5430135895518686e-09,RuntimeError: hpez rc=-11 stderr='' stdout='====================================== BEGIN TUNING ================================\nABS QoI eb: 5.34176e-05\n64 30240 2 3.2383\nPointwise QoI eb rate: 2\n'
nomad-BLbUQWtMdS99,slab,1935360,15482880,56x72x480,Q,Q_sz3_b4,5.3410984394441096e-05,1.5428238548143612e-09,RuntimeError: hpez rc=-6 stderr='free(): invalid size\n' stdout='====================================== BEGIN TUNING ================================\nABS QoI eb: 5.3411e-05\n64 30240 2 3.2383\nPointwise QoI eb rate: 2\n'
nomad-BLbUQWtMdS99,slab,1935360,15482880,56x72x480,Q,Q_sz3_b4,5.3407700486017375e-05,1.5427289961947235e-09,RuntimeError: hpez rc=-11 stderr='' stdout='wise QoI eb rate: 2\ninterp best interpAlgo = CUBIC\ninterp best direction = 5\nInterp ratio = 1.2310\nchoose interp\nsz3 tuning time = 0.0378371s\nTuning time = 0.0380564s\n====================================== END TUNING ======================================\nGlobal correction done. 0 blocks corrected.\n'
nomad-BLbUQWtMdS99,slab,1935360,15482880,56x72x480,Q,Q_sz3_b4,5.340605860752139e-05,1.5426815690720254e-09,RuntimeError: hpez rc=-6 stderr='munmap_chunk(): invalid pointer\n' stdout='====================================== BEGIN TUNING ================================\nABS QoI eb: 5.34061e-05\n64 30240 2 3.2383\nPointwise QoI eb rate: 2\n'
nomad-BLbUQWtMdS99,slab,1935360,15482880,56x72x480,Q,Q_sz3_b4,5.340585337625847e-05,1.5426756407842062e-09,RuntimeError: hpez rc=-6 stderr='munmap_chunk(): invalid pointer\n' stdout='====================================== BEGIN TUNING ================================\nABS QoI eb: 5.34059e-05\n64 30240 2 3.2383\nPointwise QoI eb rate: 2\n'
nomad-BLbUQWtMdS99,slab,1935360,15482880,56x72x480,Q,Q_sz3_b4,5.340580206856601e-05,1.5426741587158124e-09,RuntimeError: hpez rc=-6 stderr='munmap_chunk(): invalid pointer\n' stdout='====================================== BEGIN TUNING ================================\nABS QoI eb: 5.34058e-05\n64 30240 2 3.2383\nPointwise QoI eb rate: 2\n'
nomad-BLbUQWtMdS99,slab,1935360,15482880,56x72x480,Q,Q_sz3_b4,5.340577641473827e-05,1.5426734176821495e-09,RuntimeError: hpez rc=-6 stderr='munmap_chunk(): invalid pointer\n' stdout='====================================== BEGIN TUNING ================================\nABS QoI eb: 5.34058e-05\n64 30240 2 3.2383\nPointwise QoI eb rate: 2\n'
nomad-BLbUQWtMdS99,slab,1935360,15482880,56x72x480,Q,Q_sz3_b4,5.3405763587829015e-05,1.5426730471654511e-09,RuntimeError: hpez rc=-11 stderr='' stdout='====================================== BEGIN TUNING ================================\nABS QoI eb: 5.34058e-05\n64 30240 2 3.2383\nPointwise QoI eb rate: 2\n'
nomad-BLbUQWtMdS99,slab,1935360,15482880,56x72x480,Q,Q_sz3_b4,5.34057619844656e-05,1.542673000850871e-09,RuntimeError: hpez rc=-11 stderr='' stdout='====================================== BEGIN TUNING ================================\nABS QoI eb: 5.34058e-05\n64 30240 2 3.2383\nPointwise QoI eb rate: 2\n'
nomad-BLbUQWtMdS99,slab,1935360,15482880,56x72x480,Q,Q_sz3_b4,5.3405761784045175e-05,1.5426729950615487e-09,RuntimeError: hpez rc=-11 stderr='' stdout='====================================== BEGIN TUNING ================================\nABS QoI eb: 5.34058e-05\n64 30240 2 3.2383\nPointwise QoI eb rate: 2\n'
nomad-BLbUQWtMdS99,slab,1935360,15482880,56x72x480,Q,Q_sz3_b4,5.340576173394014e-05,1.54267299361422e-09,RuntimeError: hpez rc=-11 stderr='' stdout='====================================== BEGIN TUNING ================================\nABS QoI eb: 5.34058e-05\n64 30240 2 3.2383\nPointwise QoI eb rate: 2\n'
nomad-BLbUQWtMdS99,slab,1935360,15482880,56x72x480,Q,Q_sz3_b8,6.15622149749384e-05,1.7782794100389232e-09,RuntimeError: hpez rc=-11 stderr='' stdout='====================================== BEGIN TUNING ================================\nABS QoI eb: 6.15622e-05\n512 3780 2 9.15929\nPointwise QoI eb rate: 2\n'
nomad-BLbUQWtMdS99,slab,1935360,15482880,56x72x480,Q,Q_sz3_b8,5.427836249660064e-05,1.5678788438269703e-09,RuntimeError: hpez rc=-11 stderr='' stdout='====================================== BEGIN TUNING ================================\nABS QoI eb: 5.42784e-05\n512 3780 2 9.15929\nPointwise QoI eb rate: 2\n'
nomad-BLbUQWtMdS99,slab,1935360,15482880,56x72x480,Q,Q_sz3_b8,5.343069208572701e-05,1.5433931290298427e-09,RuntimeError: hpez rc=-6 stderr='munmap_chunk(): invalid pointer\n' stdout='wise QoI eb rate: 2\ninterp best interpAlgo = CUBIC\ninterp best direction = 5\nInterp ratio = 1.2339\nchoose interp\nsz3 tuning time = 0.0302446s\nTuning time = 0.0304127s\n====================================== END TUNING ======================================\nGlobal correction done. 0 blocks corrected.\n'
nomad-BLbUQWtMdS99,slab,1935360,15482880,56x72x480,Q,Q_sz3_b8,5.341755281705944e-05,1.5430135895518686e-09,RuntimeError: hpez rc=-11 stderr='' stdout='wise QoI eb rate: 2\ninterp best interpAlgo = CUBIC\ninterp best direction = 5\nInterp ratio = 1.2385\nchoose interp\nsz3 tuning time = 0.0305676s\nTuning time = 0.0307569s\n====================================== END TUNING ======================================\nGlobal correction done. 0 blocks corrected.\n'
nomad-BLbUQWtMdS99,slab,1935360,15482880,56x72x480,Q,Q_sz3_b8,5.3410984394441096e-05,1.5428238548143612e-09,RuntimeError: hpez rc=-6 stderr='free(): invalid size\n' stdout='wise QoI eb rate: 2\ninterp best interpAlgo = CUBIC\ninterp best direction = 5\nInterp ratio = 1.2345\nchoose interp\nsz3 tuning time = 0.0317298s\nTuning time = 0.0319652s\n====================================== END TUNING ======================================\nGlobal correction done. 1 blocks corrected.\n'
nomad-BLbUQWtMdS99,slab,1935360,15482880,56x72x480,Q,Q_sz3_b8,5.3407700486017375e-05,1.5427289961947235e-09,RuntimeError: hpez rc=-11 stderr='' stdout='====================================== BEGIN TUNING ================================\nABS QoI eb: 5.34077e-05\n512 3780 2 9.15929\nPointwise QoI eb rate: 2\n'
nomad-BLbUQWtMdS99,slab,1935360,15482880,56x72x480,Q,Q_sz3_b8,5.340605860752139e-05,1.5426815690720254e-09,RuntimeError: hpez rc=-6 stderr='munmap_chunk(): invalid pointer\n' stdout='====================================== BEGIN TUNING ================================\nABS QoI eb: 5.34061e-05\n512 3780 2 9.15929\nPointwise QoI eb rate: 2\n'
nomad-BLbUQWtMdS99,slab,1935360,15482880,56x72x480,Q,Q_sz3_b8,5.340585337625847e-05,1.5426756407842062e-09,RuntimeError: hpez rc=-6 stderr='munmap_chunk(): invalid pointer\n' stdout='====================================== BEGIN TUNING ================================\nABS QoI eb: 5.34059e-05\n512 3780 2 9.15929\nPointwise QoI eb rate: 2\n'
nomad-BLbUQWtMdS99,slab,1935360,15482880,56x72x480,Q,Q_sz3_b8,5.340580206856601e-05,1.5426741587158124e-09,RuntimeError: hpez rc=-6 stderr='munmap_chunk(): invalid pointer\n' stdout='====================================== BEGIN TUNING ================================\nABS QoI eb: 5.34058e-05\n512 3780 2 9.15929\nPointwise QoI eb rate: 2\n'
nomad-BLbUQWtMdS99,slab,1935360,15482880,56x72x480,Q,Q_sz3_b8,5.340577641473827e-05,1.5426734176821495e-09,RuntimeError: hpez rc=-6 stderr='munmap_chunk(): invalid pointer\n' stdout='wise QoI eb rate: 2\ninterp best interpAlgo = CUBIC\ninterp best direction = 5\nInterp ratio = 1.2294\nchoose interp\nsz3 tuning time = 0.0327214s\nTuning time = 0.0329523s\n====================================== END TUNING ======================================\nGlobal correction done. 0 blocks corrected.\n'
nomad-BLbUQWtMdS99,slab,1935360,15482880,56x72x480,Q,Q_sz3_b8,5.3405763587829015e-05,1.5426730471654511e-09,RuntimeError: hpez rc=-11 stderr='' stdout='====================================== BEGIN TUNING ================================\nABS QoI eb: 5.34058e-05\n512 3780 2 9.15929\nPointwise QoI eb rate: 2\n'
nomad-BLbUQWtMdS99,slab,1935360,15482880,56x72x480,Q,Q_sz3_b8,5.34057619844656e-05,1.542673000850871e-09,RuntimeError: hpez rc=-11 stderr='' stdout='wise QoI eb rate: 2\ninterp best interpAlgo = CUBIC\ninterp best direction = 5\nInterp ratio = 1.2332\nchoose interp\nsz3 tuning time = 0.0297015s\nTuning time = 0.0298577s\n====================================== END TUNING ======================================\nGlobal correction done. 0 blocks corrected.\n'
nomad-BLbUQWtMdS99,slab,1935360,15482880,56x72x480,Q,Q_sz3_b8,5.3405761784045175e-05,1.5426729950615487e-09,RuntimeError: hpez rc=-11 stderr='' stdout='====================================== BEGIN TUNING ================================\nABS QoI eb: 5.34058e-05\n512 3780 2 9.15929\nPointwise QoI eb rate: 2\n'
nomad-BLbUQWtMdS99,slab,1935360,15482880,56x72x480,Q,Q_sz3_b8,5.340576173394014e-05,1.54267299361422e-09,RuntimeError: hpez rc=-11 stderr='' stdout='====================================== BEGIN TUNING ================================\nABS QoI eb: 5.34058e-05\n512 3780 2 9.15929\nPointwise QoI eb rate: 2\n'
nomad-BLbUQWtMdS99,slab,1935360,15482880,56x72x480,Q,Q_sz3_b16,6.15622149749384e-05,1.7782794100389232e-09,RuntimeError: hpez rc=-11 stderr='' stdout='wise QoI eb rate: 2\ninterp best interpAlgo = CUBIC\ninterp best direction = 5\nInterp ratio = 1.2472\nchoose interp\nsz3 tuning time = 0.0312875s\nTuning time = 0.0314609s\n====================================== END TUNING ======================================\nGlobal correction done. 0 blocks corrected.\n'
nomad-BLbUQWtMdS99,slab,1935360,15482880,56x72x480,Q,Q_sz3_b16,5.427836249660064e-05,1.5678788438269703e-09,RuntimeError: hpez rc=-11 stderr='' stdout='wise QoI eb rate: 2\ninterp best interpAlgo = CUBIC\ninterp best direction = 5\nInterp ratio = 1.2430\nchoose interp\nsz3 tuning time = 0.0322864s\nTuning time = 0.0324657s\n====================================== END TUNING ======================================\nGlobal correction done. 0 blocks corrected.\n'
nomad-BLbUQWtMdS99,slab,1935360,15482880,56x72x480,Q,Q_sz3_b16,5.343069208572701e-05,1.5433931290298427e-09,RuntimeError: hpez rc=-6 stderr='munmap_chunk(): invalid pointer\n' stdout='====================================== BEGIN TUNING ================================\nABS QoI eb: 5.34307e-05\n4096 600 2 25.9064\nPointwise QoI eb rate: 2\n'
nomad-BLbUQWtMdS99,slab,1935360,15482880,56x72x480,Q,Q_sz3_b16,5.341755281705944e-05,1.5430135895518686e-09,RuntimeError: hpez rc=-11 stderr='' stdout='====================================== BEGIN TUNING ================================\nABS QoI eb: 5.34176e-05\n4096 600 2 25.9064\nPointwise QoI eb rate: 2\n'
nomad-BLbUQWtMdS99,slab,1935360,15482880,56x72x480,Q,Q_sz3_b16,5.3410984394441096e-05,1.5428238548143612e-09,RuntimeError: hpez rc=-6 stderr='free(): invalid size\n' stdout='====================================== BEGIN TUNING ================================\nABS QoI eb: 5.3411e-05\n4096 600 2 25.9064\nPointwise QoI eb rate: 2\n'
nomad-BLbUQWtMdS99,slab,1935360,15482880,56x72x480,Q,Q_sz3_b16,5.3407700486017375e-05,1.5427289961947235e-09,RuntimeError: hpez rc=-11 stderr='' stdout='twise QoI eb rate: 2\ninterp best interpAlgo = CUBIC\ninterp best direction = 5\nInterp ratio = 1.2310\nchoose interp\nsz3 tuning time = 0.033261s\nTuning time = 0.0334329s\n====================================== END TUNING ======================================\nGlobal correction done. 0 blocks corrected.\n'
nomad-BLbUQWtMdS99,slab,1935360,15482880,56x72x480,Q,Q_sz3_b16,5.340605860752139e-05,1.5426815690720254e-09,RuntimeError: hpez rc=-6 stderr='munmap_chunk(): invalid pointer\n' stdout='====================================== BEGIN TUNING ================================\nABS QoI eb: 5.34061e-05\n4096 600 2 25.9064\nPointwise QoI eb rate: 2\n'
nomad-BLbUQWtMdS99,slab,1935360,15482880,56x72x480,Q,Q_sz3_b16,5.340585337625847e-05,1.5426756407842062e-09,RuntimeError: hpez rc=-6 stderr='munmap_chunk(): invalid pointer\n' stdout='wise QoI eb rate: 2\ninterp best interpAlgo = CUBIC\ninterp best direction = 5\nInterp ratio = 1.2361\nchoose interp\nsz3 tuning time = 0.0303114s\nTuning time = 0.0304674s\n====================================== END TUNING ======================================\nGlobal correction done. 0 blocks corrected.\n'
nomad-BLbUQWtMdS99,slab,1935360,15482880,56x72x480,Q,Q_sz3_b16,5.340580206856601e-05,1.5426741587158124e-09,RuntimeError: hpez rc=-6 stderr='munmap_chunk(): invalid pointer\n' stdout='====================================== BEGIN TUNING ================================\nABS QoI eb: 5.34058e-05\n4096 600 2 25.9064\nPointwise QoI eb rate: 2\n'
nomad-BLbUQWtMdS99,slab,1935360,15482880,56x72x480,Q,Q_sz3_b16,5.340577641473827e-05,1.5426734176821495e-09,RuntimeError: hpez rc=-6 stderr='munmap_chunk(): invalid pointer\n' stdout='====================================== BEGIN TUNING ================================\nABS QoI eb: 5.34058e-05\n4096 600 2 25.9064\nPointwise QoI eb rate: 2\n'
nomad-BLbUQWtMdS99,slab,1935360,15482880,56x72x480,Q,Q_sz3_b16,5.3405763587829015e-05,1.5426730471654511e-09,RuntimeError: hpez rc=-11 stderr='' stdout='====================================== BEGIN TUNING ================================\nABS QoI eb: 5.34058e-05\n4096 600 2 25.9064\nPointwise QoI eb rate: 2\n'
nomad-BLbUQWtMdS99,slab,1935360,15482880,56x72x480,Q,Q_sz3_b16,5.34057619844656e-05,1.542673000850871e-09,RuntimeError: hpez rc=-11 stderr='' stdout='====================================== BEGIN TUNING ================================\nABS QoI eb: 5.34058e-05\n4096 600 2 25.9064\nPointwise QoI eb rate: 2\n'
nomad-BLbUQWtMdS99,slab,1935360,15482880,56x72x480,Q,Q_sz3_b16,5.3405761784045175e-05,1.5426729950615487e-09,RuntimeError: hpez rc=-11 stderr='' stdout='====================================== BEGIN TUNING ================================\nABS QoI eb: 5.34058e-05\n4096 600 2 25.9064\nPointwise QoI eb rate: 2\n'
nomad-BLbUQWtMdS99,slab,1935360,15482880,56x72x480,Q,Q_sz3_b16,5.340576173394014e-05,1.54267299361422e-09,RuntimeError: hpez rc=-11 stderr='' stdout='wise QoI eb rate: 2\ninterp best interpAlgo = CUBIC\ninterp best direction = 5\nInterp ratio = 1.2332\nchoose interp\nsz3 tuning time = 0.0305508s\nTuning time = 0.0307491s\n====================================== END TUNING ======================================\nGlobal correction done. 0 blocks corrected.\n'
nomad-CVWFkEoST7FX,slab,1146880,9175040,64x64x280,Q,Q_hpez_b16,8.723286230827404e-08,3.1622776601683703e-11,RuntimeError: hpez rc=-6 stderr='double free or corruption (!prev)\n' stdout='====================================== BEGIN TUNING ================================\nABS QoI eb: 8.72329e-08\n4096 288 2 32.8294\nPointwise QoI eb rate: 4\nPredictor tuning started.\n'
nomad-CVWFkEoST7FX,slab,1146880,9175040,64x64x280,Q,Q_hpez_b16,7.691173756357012e-08,2.7881266654131238e-11,RuntimeError: hpez rc=-6 stderr='free(): invalid next size (normal)\n' stdout=' 0\nLevel: 2\n\tinterp best interpAlgo = CUBIC\n\tinterp best interpParadigm = MD\n\tinterp best cubic spline = 0\n\tinterp best adj = 1\nLevel: 1\n\tinterp best interpAlgo = CUBIC\n\tinterp best interpParadigm = 1D\n\tinterp best direction = 5\n\tinterp best cubic spline = 0\n\tinterp best adj = 1\nB-M tuning started.\
nomad-CVWFkEoST7FX,slab,1146880,9175040,64x64x280,Q,Q_hpez_b16,7.57105995560334e-08,2.7445842229493018e-11,RuntimeError: hpez rc=-6 stderr='double free or corruption (!prev)\n' stdout=' 0\nLevel: 2\n\tinterp best interpAlgo = CUBIC\n\tinterp best interpParadigm = MD\n\tinterp best cubic spline = 0\n\tinterp best adj = 1\nLevel: 1\n\tinterp best interpAlgo = CUBIC\n\tinterp best interpParadigm = 1D\n\tinterp best direction = 5\n\tinterp best cubic spline = 0\n\tinterp best adj = 1\nB-M tuning started.\n
nomad-CVWFkEoST7FX,slab,1146880,9175040,64x64x280,Q,Q_hpez_b16,7.569198138228889e-08,2.7439092957103293e-11,RuntimeError: hpez rc=-6 stderr='free(): corrupted unsorted chunks\n' stdout=' 0\nLevel: 2\n\tinterp best interpAlgo = CUBIC\n\tinterp best interpParadigm = MD\n\tinterp best cubic spline = 0\n\tinterp best adj = 1\nLevel: 1\n\tinterp best interpAlgo = CUBIC\n\tinterp best interpParadigm = 1D\n\tinterp best direction = 5\n\tinterp best cubic spline = 0\n\tinterp best adj = 1\nB-M tuning started.\n
nomad-CVWFkEoST7FX,slab,1146880,9175040,64x64x280,Q,Q_hpez_b16,7.56826740124015e-08,2.7435718943332456e-11,RuntimeError: hpez rc=-6 stderr='malloc(): invalid size (unsorted)\n' stdout=' 0\nLevel: 2\n\tinterp best interpAlgo = CUBIC\n\tinterp best interpParadigm = MD\n\tinterp best cubic spline = 0\n\tinterp best adj = 1\nLevel: 1\n\tinterp best interpAlgo = CUBIC\n\tinterp best interpParadigm = 1D\n\tinterp best direction = 5\n\tinterp best cubic spline = 0\n\tinterp best adj = 1\nB-M tuning started.\n
nomad-CVWFkEoST7FX,slab,1146880,9175040,64x64x280,Q,Q_hpez_b16,7.567802075664253e-08,2.743403209203075e-11,RuntimeError: hpez rc=-6 stderr='corrupted double-linked list\n' stdout=' 0\nLevel: 2\n\tinterp best interpAlgo = CUBIC\n\tinterp best interpParadigm = MD\n\tinterp best cubic spline = 0\n\tinterp best adj = 1\nLevel: 1\n\tinterp best interpAlgo = CUBIC\n\tinterp best interpParadigm = 1D\n\tinterp best direction = 5\n\tinterp best cubic spline = 0\n\tinterp best adj = 1\nB-M tuning started.\n'
nomad-CVWFkEoST7FX,slab,1146880,9175040,64x64x280,Q,Q_hpez_b16,7.567772993765718e-08,2.7433926667268083e-11,RuntimeError: hpez rc=-6 stderr='double free or corruption (!prev)\n' stdout=' 0\nLevel: 2\n\tinterp best interpAlgo = CUBIC\n\tinterp best interpParadigm = MD\n\tinterp best cubic spline = 0\n\tinterp best adj = 1\nLevel: 1\n\tinterp best interpAlgo = CUBIC\n\tinterp best interpParadigm = 1D\n\tinterp best direction = 5\n\tinterp best cubic spline = 0\n\tinterp best adj = 1\nB-M tuning started.\n
nomad-CVWFkEoST7FX,slab,1146880,9175040,64x64x280,Q,Q_hpez_b16,7.567765723308528e-08,2.7433900311140648e-11,RuntimeError: hpez rc=-6 stderr='free(): invalid next size (normal)\n' stdout=' 0\nLevel: 2\n\tinterp best interpAlgo = CUBIC\n\tinterp best interpParadigm = MD\n\tinterp best cubic spline = 0\n\tinterp best adj = 1\nLevel: 1\n\tinterp best interpAlgo = CUBIC\n\tinterp best interpParadigm = 1D\n\tinterp best direction = 5\n\tinterp best cubic spline = 0\n\tinterp best adj = 1\nB-M tuning started.\
nomad-CVWFkEoST7FX,slab,1146880,9175040,64x64x280,Q,Q_hpez_b16,7.56776560970769e-08,2.7433899899326366e-11,RuntimeError: hpez rc=-6 stderr='free(): invalid next size (normal)\n' stdout=' 0\nLevel: 2\n\tinterp best interpAlgo = CUBIC\n\tinterp best interpParadigm = MD\n\tinterp best cubic spline = 0\n\tinterp best adj = 1\nLevel: 1\n\tinterp best interpAlgo = CUBIC\n\tinterp best interpParadigm = 1D\n\tinterp best direction = 5\n\tinterp best cubic spline = 0\n\tinterp best adj = 1\nB-M tuning started.\
nomad-CVWFkEoST7FX,slab,1146880,9175040,64x64x280,Q,Q_hpez_b16,7.567765581307467e-08,2.7433899796372743e-11,RuntimeError: hpez rc=-6 stderr='free(): invalid next size (normal)\n' stdout=' 0\nLevel: 2\n\tinterp best interpAlgo = CUBIC\n\tinterp best interpParadigm = MD\n\tinterp best cubic spline = 0\n\tinterp best adj = 1\nLevel: 1\n\tinterp best interpAlgo = CUBIC\n\tinterp best interpParadigm = 1D\n\tinterp best direction = 5\n\tinterp best cubic spline = 0\n\tinterp best adj = 1\nB-M tuning started.\
nomad-CVWFkEoST7FX,slab,1146880,9175040,64x64x280,Q,Q_hpez_b16,7.567765567107358e-08,2.7433899744895937e-11,RuntimeError: hpez rc=-6 stderr='free(): invalid next size (normal)\n' stdout=' 0\nLevel: 2\n\tinterp best interpAlgo = CUBIC\n\tinterp best interpParadigm = MD\n\tinterp best cubic spline = 0\n\tinterp best adj = 1\nLevel: 1\n\tinterp best interpAlgo = CUBIC\n\tinterp best interpParadigm = 1D\n\tinterp best direction = 5\n\tinterp best cubic spline = 0\n\tinterp best adj = 1\nB-M tuning started.\
nomad-CVWFkEoST7FX,slab,1146880,9175040,64x64x280,Q,Q_sz3_b4,4.905464339058212e-06,1.778279410038919e-09,RuntimeError: hpez rc=-6 stderr='free(): invalid size\n' stdout='====================================== BEGIN TUNING ================================\nABS QoI eb: 4.90546e-06\n64 17920 2 3.2383\nPointwise QoI eb rate: 2\n'
nomad-CVWFkEoST7FX,slab,1146880,9175040,64x64x280,Q,Q_sz3_b4,4.325064842419042e-06,1.567878843826967e-09,RuntimeError: hpez rc=-6 stderr='double free or corruption (out)\n' stdout='====================================== BEGIN TUNING ================================\nABS QoI eb: 4.32506e-06\n64 17920 2 3.2383\nPointwise QoI eb rate: 2\n'
nomad-CVWFkEoST7FX,slab,1146880,9175040,64x64x280,Q,Q_sz3_b4,4.061148525253016e-06,1.4722065648435366e-09,RuntimeError: hpez rc=-11 stderr='' stdout='====================================== BEGIN TUNING ================================\nABS QoI eb: 4.06115e-06\n64 17920 2 3.2383\nPointwise QoI eb rate: 2\n'
nomad-CVWFkEoST7FX,slab,1146880,9175040,64x64x280,Q,Q_sz3_b4,3.93529231904288e-06,1.4265824435249698e-09,RuntimeError: hpez rc=-11 stderr='' stdout='====================================== BEGIN TUNING ================================\nABS QoI eb: 3.93529e-06\n64 17920 2 3.2383\nPointwise QoI eb rate: 2\n'
nomad-CVWFkEoST7FX,slab,1146880,9175040,64x64x280,Q,Q_sz3_b4,3.873834480162796e-06,1.404303368209762e-09,RuntimeError: hpez rc=-6 stderr='munmap_chunk(): invalid pointer\n' stdout='====================================== BEGIN TUNING ================================\nABS QoI eb: 3.87383e-06\n64 17920 2 3.2383\nPointwise QoI eb rate: 2\n'
nomad-CVWFkEoST7FX,slab,1146880,9175040,64x64x280,Q,Q_sz3_b4,3.843466425445314e-06,1.3932946475883416e-09,RuntimeError: hpez rc=-11 stderr='' stdout='====================================== BEGIN TUNING ================================\nABS QoI eb: 3.84347e-06\n64 17920 2 3.2383\nPointwise QoI eb rate: 2\n'
nomad-CVWFkEoST7FX,slab,1146880,9175040,64x64x280,Q,Q_sz3_b4,3.828371788898436e-06,1.3878226923323202e-09,RuntimeError: hpez rc=-6 stderr='munmap_chunk(): invalid pointer\n' stdout='====================================== BEGIN TUNING ================================\nABS QoI eb: 3.82837e-06\n64 17920 2 3.2383\nPointwise QoI eb rate: 2\n'
nomad-CVWFkEoST7FX,slab,1146880,9175040,64x64x280,Q,Q_sz3_b4,3.820846715916141e-06,1.385094778842682e-09,RuntimeError: hpez rc=-11 stderr='' stdout='====================================== BEGIN TUNING ================================\nABS QoI eb: 3.82085e-06\n64 17920 2 3.2383\nPointwise QoI eb rate: 2\n'
nomad-CVWFkEoST7FX,slab,1146880,9175040,64x64x280,Q,Q_sz3_b4,3.817089727993472e-06,1.3837328335088935e-09,RuntimeError: hpez rc=-11 stderr='' stdout='====================================== BEGIN TUNING ================================\nABS QoI eb: 3.81709e-06\n64 17920 2 3.2383\nPointwise QoI eb rate: 2\n'
nomad-CVWFkEoST7FX,slab,1146880,9175040,64x64x280,Q,Q_sz3_b4,3.815212619582903e-06,1.383052363117875e-09,RuntimeError: hpez rc=-6 stderr='free(): invalid size\n' stdout='====================================== BEGIN TUNING ================================\nABS QoI eb: 3.81521e-06\n64 17920 2 3.2383\nPointwise QoI eb rate: 2\n'
nomad-CVWFkEoST7FX,slab,1146880,9175040,64x64x280,Q,Q_sz3_b4,3.814743486731577e-06,1.3828822978126514e-09,RuntimeError: hpez rc=-6 stderr='munmap_chunk(): invalid pointer\n' stdout='====================================== BEGIN TUNING ================================\nABS QoI eb: 3.81474e-06\n64 17920 2 3.2383\nPointwise QoI eb rate: 2\n'
nomad-CVWFkEoST7FX,slab,1146880,9175040,64x64x280,Q,Q_sz3_b4,3.814714167843808e-06,1.3828716694254403e-09,RuntimeError: hpez rc=-6 stderr='munmap_chunk(): invalid pointer\n' stdout='====================================== BEGIN TUNING ================================\nABS QoI eb: 3.81471e-06\n64 17920 2 3.2383\nPointwise QoI eb rate: 2\n'
nomad-CVWFkEoST7FX,slab,1146880,9175040,64x64x280,Q,Q_sz3_b4,3.8146995084844245e-06,1.3828663552624675e-09,RuntimeError: hpez rc=-11 stderr='' stdout='====================================== BEGIN TUNING ================================\nABS QoI eb: 3.8147e-06\n64 17920 2 3.2383\nPointwise QoI eb rate: 2\n'
nomad-CVWFkEoST7FX,slab,1146880,9175040,64x64x280,Q,Q_sz3_b4,3.8146976760684645e-06,1.3828656909935323e-09,RuntimeError: hpez rc=-11 stderr='' stdout='====================================== BEGIN TUNING ================================\nABS QoI eb: 3.8147e-06\n64 17920 2 3.2383\nPointwise QoI eb rate: 2\n'
nomad-CVWFkEoST7FX,slab,1146880,9175040,64x64x280,Q,Q_sz3_b4,3.814697447016535e-06,1.382865607959939e-09,RuntimeError: hpez rc=-6 stderr='munmap_chunk(): invalid pointer\n' stdout='====================================== BEGIN TUNING ================================\nABS QoI eb: 3.8147e-06\n64 17920 2 3.2383\nPointwise QoI eb rate: 2\n'
nomad-CVWFkEoST7FX,slab,1146880,9175040,64x64x280,Q,Q_sz3_b4,3.814697332490575e-06,1.3828655664431444e-09,RuntimeError: hpez rc=-11 stderr='' stdout='====================================== BEGIN TUNING ================================\nABS QoI eb: 3.8147e-06\n64 17920 2 3.2383\nPointwise QoI eb rate: 2\n'
nomad-CVWFkEoST7FX,slab,1146880,9175040,64x64x280,Q,Q_sz3_b4,3.8146972752275965e-06,1.3828655456847475e-09,RuntimeError: hpez rc=-6 stderr='double free or corruption (out)\n' stdout='====================================== BEGIN TUNING ================================\nABS QoI eb: 3.8147e-06\n64 17920 2 3.2383\nPointwise QoI eb rate: 2\n'
nomad-CVWFkEoST7FX,slab,1146880,9175040,64x64x280,Q,Q_sz3_b4,3.814697268069721e-06,1.3828655430899466e-09,RuntimeError: hpez rc=-6 stderr='double free or corruption (out)\n' stdout='====================================== BEGIN TUNING ================================\nABS QoI eb: 3.8147e-06\n64 17920 2 3.2383\nPointwise QoI eb rate: 2\n'
nomad-CVWFkEoST7FX,slab,1146880,9175040,64x64x280,Q,Q_sz3_b8,4.905464339058212e-06,1.778279410038919e-09,RuntimeError: hpez rc=-6 stderr='free(): invalid size\n' stdout='====================================== BEGIN TUNING ================================\nABS QoI eb: 4.90546e-06\n512 2240 2 9.15929\nPointwise QoI eb rate: 2\n'
nomad-CVWFkEoST7FX,slab,1146880,9175040,64x64x280,Q,Q_sz3_b8,4.325064842419042e-06,1.567878843826967e-09,RuntimeError: hpez rc=-6 stderr='double free or corruption (out)\n' stdout='====================================== BEGIN TUNING ================================\nABS QoI eb: 4.32506e-06\n512 2240 2 9.15929\nPointwise QoI eb rate: 2\n'
nomad-CVWFkEoST7FX,slab,1146880,9175040,64x64x280,Q,Q_sz3_b8,4.061148525253016e-06,1.4722065648435366e-09,RuntimeError: hpez rc=-11 stderr='' stdout='====================================== BEGIN TUNING ================================\nABS QoI eb: 4.06115e-06\n512 2240 2 9.15929\nPointwise QoI eb rate: 2\n'
nomad-CVWFkEoST7FX,slab,1146880,9175040,64x64x280,Q,Q_sz3_b8,3.93529231904288e-06,1.4265824435249698e-09,RuntimeError: hpez rc=-11 stderr='' stdout='====================================== BEGIN TUNING ================================\nABS QoI eb: 3.93529e-06\n512 2240 2 9.15929\nPointwise QoI eb rate: 2\n'
nomad-CVWFkEoST7FX,slab,1146880,9175040,64x64x280,Q,Q_sz3_b8,3.873834480162796e-06,1.404303368209762e-09,RuntimeError: hpez rc=-11 stderr='' stdout='====================================== BEGIN TUNING ================================\nABS QoI eb: 3.87383e-06\n512 2240 2 9.15929\nPointwise QoI eb rate: 2\n'
nomad-CVWFkEoST7FX,slab,1146880,9175040,64x64x280,Q,Q_sz3_b8,3.843466425445314e-06,1.3932946475883416e-09,RuntimeError: hpez rc=-6 stderr='double free or corruption (out)\n' stdout='====================================== BEGIN TUNING ================================\nABS QoI eb: 3.84347e-06\n512 2240 2 9.15929\nPointwise QoI eb rate: 2\n'
nomad-CVWFkEoST7FX,slab,1146880,9175040,64x64x280,Q,Q_sz3_b8,3.828371788898436e-06,1.3878226923323202e-09,RuntimeError: hpez rc=-6 stderr='munmap_chunk(): invalid pointer\n' stdout='====================================== BEGIN TUNING ================================\nABS QoI eb: 3.82837e-06\n512 2240 2 9.15929\nPointwise QoI eb rate: 2\n'
nomad-CVWFkEoST7FX,slab,1146880,9175040,64x64x280,Q,Q_sz3_b8,3.820846715916141e-06,1.385094778842682e-09,RuntimeError: hpez rc=-6 stderr='munmap_chunk(): invalid pointer\n' stdout='====================================== BEGIN TUNING ================================\nABS QoI eb: 3.82085e-06\n512 2240 2 9.15929\nPointwise QoI eb rate: 2\n'
nomad-CVWFkEoST7FX,slab,1146880,9175040,64x64x280,Q,Q_sz3_b8,3.817089727993472e-06,1.3837328335088935e-09,RuntimeError: hpez rc=-11 stderr='' stdout='====================================== BEGIN TUNING ================================\nABS QoI eb: 3.81709e-06\n512 2240 2 9.15929\nPointwise QoI eb rate: 2\n'
nomad-CVWFkEoST7FX,slab,1146880,9175040,64x64x280,Q,Q_sz3_b8,3.815212619582903e-06,1.383052363117875e-09,RuntimeError: hpez rc=-6 stderr='free(): invalid size\n' stdout='====================================== BEGIN TUNING ================================\nABS QoI eb: 3.81521e-06\n512 2240 2 9.15929\nPointwise QoI eb rate: 2\n'
nomad-CVWFkEoST7FX,slab,1146880,9175040,64x64x280,Q,Q_sz3_b8,3.814743486731577e-06,1.3828822978126514e-09,RuntimeError: hpez rc=-11 stderr='' stdout='====================================== BEGIN TUNING ================================\nABS QoI eb: 3.81474e-06\n512 2240 2 9.15929\nPointwise QoI eb rate: 2\n'
nomad-CVWFkEoST7FX,slab,1146880,9175040,64x64x280,Q,Q_sz3_b8,3.814714167843808e-06,1.3828716694254403e-09,RuntimeError: hpez rc=-6 stderr='munmap_chunk(): invalid pointer\n' stdout='====================================== BEGIN TUNING ================================\nABS QoI eb: 3.81471e-06\n512 2240 2 9.15929\nPointwise QoI eb rate: 2\n'
nomad-CVWFkEoST7FX,slab,1146880,9175040,64x64x280,Q,Q_sz3_b8,3.8146995084844245e-06,1.3828663552624675e-09,RuntimeError: hpez rc=-6 stderr='munmap_chunk(): invalid pointer\n' stdout='====================================== BEGIN TUNING ================================\nABS QoI eb: 3.8147e-06\n512 2240 2 9.15929\nPointwise QoI eb rate: 2\n'
nomad-CVWFkEoST7FX,slab,1146880,9175040,64x64x280,Q,Q_sz3_b8,3.8146976760684645e-06,1.3828656909935323e-09,RuntimeError: hpez rc=-11 stderr='' stdout='====================================== BEGIN TUNING ================================\nABS QoI eb: 3.8147e-06\n512 2240 2 9.15929\nPointwise QoI eb rate: 2\n'
nomad-CVWFkEoST7FX,slab,1146880,9175040,64x64x280,Q,Q_sz3_b8,3.814697447016535e-06,1.382865607959939e-09,RuntimeError: hpez rc=-6 stderr='munmap_chunk(): invalid pointer\n' stdout='====================================== BEGIN TUNING ================================\nABS QoI eb: 3.8147e-06\n512 2240 2 9.15929\nPointwise QoI eb rate: 2\n'
nomad-CVWFkEoST7FX,slab,1146880,9175040,64x64x280,Q,Q_sz3_b8,3.814697332490575e-06,1.3828655664431444e-09,RuntimeError: hpez rc=-6 stderr='double free or corruption (out)\n' stdout='====================================== BEGIN TUNING ================================\nABS QoI eb: 3.8147e-06\n512 2240 2 9.15929\nPointwise QoI eb rate: 2\n'
nomad-CVWFkEoST7FX,slab,1146880,9175040,64x64x280,Q,Q_sz3_b8,3.8146972752275965e-06,1.3828655456847475e-09,RuntimeError: hpez rc=-6 stderr='double free or corruption (out)\n' stdout='====================================== BEGIN TUNING ================================\nABS QoI eb: 3.8147e-06\n512 2240 2 9.15929\nPointwise QoI eb rate: 2\n'
nomad-CVWFkEoST7FX,slab,1146880,9175040,64x64x280,Q,Q_sz3_b8,3.814697268069721e-06,1.3828655430899466e-09,RuntimeError: hpez rc=-6 stderr='double free or corruption (out)\n' stdout='====================================== BEGIN TUNING ================================\nABS QoI eb: 3.8147e-06\n512 2240 2 9.15929\nPointwise QoI eb rate: 2\n'
nomad-CVWFkEoST7FX,slab,1146880,9175040,64x64x280,Q,Q_sz3_b16,4.905464339058212e-06,1.778279410038919e-09,RuntimeError: hpez rc=-6 stderr='free(): invalid size\n' stdout='====================================== BEGIN TUNING ================================\nABS QoI eb: 4.90546e-06\n4096 288 2 25.9064\nPointwise QoI eb rate: 2\n'
nomad-CVWFkEoST7FX,slab,1146880,9175040,64x64x280,Q,Q_sz3_b16,4.325064842419042e-06,1.567878843826967e-09,RuntimeError: hpez rc=-6 stderr='double free or corruption (out)\n' stdout='====================================== BEGIN TUNING ================================\nABS QoI eb: 4.32506e-06\n4096 288 2 25.9064\nPointwise QoI eb rate: 2\n'
nomad-CVWFkEoST7FX,slab,1146880,9175040,64x64x280,Q,Q_sz3_b16,4.061148525253016e-06,1.4722065648435366e-09,RuntimeError: hpez rc=-11 stderr='' stdout='====================================== BEGIN TUNING ================================\nABS QoI eb: 4.06115e-06\n4096 288 2 25.9064\nPointwise QoI eb rate: 2\n'
nomad-CVWFkEoST7FX,slab,1146880,9175040,64x64x280,Q,Q_sz3_b16,3.93529231904288e-06,1.4265824435249698e-09,RuntimeError: hpez rc=-11 stderr='' stdout='====================================== BEGIN TUNING ================================\nABS QoI eb: 3.93529e-06\n4096 288 2 25.9064\nPointwise QoI eb rate: 2\n'
nomad-CVWFkEoST7FX,slab,1146880,9175040,64x64x280,Q,Q_sz3_b16,3.873834480162796e-06,1.404303368209762e-09,RuntimeError: hpez rc=-6 stderr='munmap_chunk(): invalid pointer\n' stdout='====================================== BEGIN TUNING ================================\nABS QoI eb: 3.87383e-06\n4096 288 2 25.9064\nPointwise QoI eb rate: 2\n'
nomad-CVWFkEoST7FX,slab,1146880,9175040,64x64x280,Q,Q_sz3_b16,3.843466425445314e-06,1.3932946475883416e-09,RuntimeError: hpez rc=-6 stderr='double free or corruption (out)\n' stdout='====================================== BEGIN TUNING ================================\nABS QoI eb: 3.84347e-06\n4096 288 2 25.9064\nPointwise QoI eb rate: 2\n'
nomad-CVWFkEoST7FX,slab,1146880,9175040,64x64x280,Q,Q_sz3_b16,3.828371788898436e-06,1.3878226923323202e-09,RuntimeError: hpez rc=-6 stderr='munmap_chunk(): invalid pointer\n' stdout='====================================== BEGIN TUNING ================================\nABS QoI eb: 3.82837e-06\n4096 288 2 25.9064\nPointwise QoI eb rate: 2\n'
nomad-CVWFkEoST7FX,slab,1146880,9175040,64x64x280,Q,Q_sz3_b16,3.820846715916141e-06,1.385094778842682e-09,RuntimeError: hpez rc=-6 stderr='munmap_chunk(): invalid pointer\n' stdout='====================================== BEGIN TUNING ================================\nABS QoI eb: 3.82085e-06\n4096 288 2 25.9064\nPointwise QoI eb rate: 2\n'
nomad-CVWFkEoST7FX,slab,1146880,9175040,64x64x280,Q,Q_sz3_b16,3.817089727993472e-06,1.3837328335088935e-09,RuntimeError: hpez rc=-11 stderr='' stdout='====================================== BEGIN TUNING ================================\nABS QoI eb: 3.81709e-06\n4096 288 2 25.9064\nPointwise QoI eb rate: 2\n'
nomad-CVWFkEoST7FX,slab,1146880,9175040,64x64x280,Q,Q_sz3_b16,3.815212619582903e-06,1.383052363117875e-09,RuntimeError: hpez rc=-11 stderr='' stdout='====================================== BEGIN TUNING ================================\nABS QoI eb: 3.81521e-06\n4096 288 2 25.9064\nPointwise QoI eb rate: 2\n'
nomad-CVWFkEoST7FX,slab,1146880,9175040,64x64x280,Q,Q_sz3_b16,3.814743486731577e-06,1.3828822978126514e-09,RuntimeError: hpez rc=-6 stderr='munmap_chunk(): invalid pointer\n' stdout='====================================== BEGIN TUNING ================================\nABS QoI eb: 3.81474e-06\n4096 288 2 25.9064\nPointwise QoI eb rate: 2\n'
nomad-CVWFkEoST7FX,slab,1146880,9175040,64x64x280,Q,Q_sz3_b16,3.814714167843808e-06,1.3828716694254403e-09,RuntimeError: hpez rc=-6 stderr='munmap_chunk(): invalid pointer\n' stdout='====================================== BEGIN TUNING ================================\nABS QoI eb: 3.81471e-06\n4096 288 2 25.9064\nPointwise QoI eb rate: 2\n'
nomad-CVWFkEoST7FX,slab,1146880,9175040,64x64x280,Q,Q_sz3_b16,3.8146995084844245e-06,1.3828663552624675e-09,RuntimeError: hpez rc=-6 stderr='munmap_chunk(): invalid pointer\n' stdout='====================================== BEGIN TUNING ================================\nABS QoI eb: 3.8147e-06\n4096 288 2 25.9064\nPointwise QoI eb rate: 2\n'
nomad-CVWFkEoST7FX,slab,1146880,9175040,64x64x280,Q,Q_sz3_b16,3.8146976760684645e-06,1.3828656909935323e-09,RuntimeError: hpez rc=-11 stderr='' stdout='====================================== BEGIN TUNING ================================\nABS QoI eb: 3.8147e-06\n4096 288 2 25.9064\nPointwise QoI eb rate: 2\n'
nomad-CVWFkEoST7FX,slab,1146880,9175040,64x64x280,Q,Q_sz3_b16,3.814697447016535e-06,1.382865607959939e-09,RuntimeError: hpez rc=-11 stderr='' stdout='====================================== BEGIN TUNING ================================\nABS QoI eb: 3.8147e-06\n4096 288 2 25.9064\nPointwise QoI eb rate: 2\n'
nomad-CVWFkEoST7FX,slab,1146880,9175040,64x64x280,Q,Q_sz3_b16,3.814697332490575e-06,1.3828655664431444e-09,RuntimeError: hpez rc=-11 stderr='' stdout='====================================== BEGIN TUNING ================================\nABS QoI eb: 3.8147e-06\n4096 288 2 25.9064\nPointwise QoI eb rate: 2\n'
nomad-CVWFkEoST7FX,slab,1146880,9175040,64x64x280,Q,Q_sz3_b16,3.8146972752275965e-06,1.3828655456847475e-09,RuntimeError: hpez rc=-6 stderr='double free or corruption (out)\n' stdout='====================================== BEGIN TUNING ================================\nABS QoI eb: 3.8147e-06\n4096 288 2 25.9064\nPointwise QoI eb rate: 2\n'
nomad-CVWFkEoST7FX,slab,1146880,9175040,64x64x280,Q,Q_sz3_b16,3.814697268069721e-06,1.3828655430899466e-09,RuntimeError: hpez rc=-6 stderr='double free or corruption (out)\n' stdout='====================================== BEGIN TUNING ================================\nABS QoI eb: 3.8147e-06\n4096 288 2 25.9064\nPointwise QoI eb rate: 2\n'
nomad-DcwYU1UzKNe8,slab,1658880,13271040,96x80x216,Q,Q_hpez_b4,1.2475365517365536e-07,3.162277660168377e-11,RuntimeError: hpez rc=-6 stderr='double free or corruption (out)\n' stdout='====================================== BEGIN TUNING ================================\nABS QoI eb: 1.24754e-07\n64 25920 2 4.10367\nPointwise QoI eb rate: 2\nPredictor tuning started.\n'
nomad-DcwYU1UzKNe8,slab,1658880,13271040,96x80x216,Q,Q_hpez_b4,4.5556807149890524e-08,1.1547819846894559e-11,RuntimeError: hpez rc=-6 stderr='double free or corruption (out)\n' stdout='====================================== BEGIN TUNING ================================\nABS QoI eb: 4.55568e-08\n64 25920 2 4.10367\nPointwise QoI eb rate: 2\nPredictor tuning started.\n'
nomad-DcwYU1UzKNe8,slab,1658880,13271040,96x80x216,Q,Q_hpez_b4,2.752981411145356e-08,6.97830584859864e-12,RuntimeError: hpez rc=-6 stderr='corrupted double-linked list\n' stdout='====================================== BEGIN TUNING ================================\nABS QoI eb: 2.75298e-08\n64 25920 2 4.10367\nPointwise QoI eb rate: 2\nPredictor tuning started.\n'
nomad-DcwYU1UzKNe8,slab,1658880,13271040,96x80x216,Q,Q_hpez_b4,2.140071477921796e-08,5.424690937011304e-12,RuntimeError: hpez rc=-6 stderr='free(): invalid next size (normal)\n' stdout='====================================== BEGIN TUNING ================================\nABS QoI eb: 2.14007e-08\n64 25920 2 4.10367\nPointwise QoI eb rate: 2\nPredictor tuning started.\n'
nomad-DcwYU1UzKNe8,slab,1658880,13271040,96x80x216,Q,Q_hpez_b4,2.10664977569004e-08,5.339973016574292e-12,RuntimeError: hpez rc=-6 stderr='corrupted double-linked list\n' stdout='====================================== BEGIN TUNING ================================\nABS QoI eb: 2.10665e-08\n64 25920 2 4.10367\nPointwise QoI eb rate: 2\nPredictor tuning started.\n'
nomad-DcwYU1UzKNe8,slab,1658880,13271040,96x80x216,Q,Q_hpez_b4,2.1025089309172862e-08,5.3294767301922395e-12,RuntimeError: hpez rc=-6 stderr='double free or corruption (!prev)\n' stdout='====================================== BEGIN TUNING ================================\nABS QoI eb: 2.10251e-08\n64 25920 2 4.10367\nPointwise QoI eb rate: 2\nPredictor tuning started.\n'
nomad-DcwYU1UzKNe8,slab,1658880,13271040,96x80x216,Q,Q_hpez_b4,2.1004415617585493e-08,5.324236326376501e-12,RuntimeError: hpez rc=-6 stderr='malloc(): invalid size (unsorted)\n' stdout='====================================== BEGIN TUNING ================================\nABS QoI eb: 2.10044e-08\n64 25920 2 4.10367\nPointwise QoI eb rate: 2\nPredictor tuning started.\n'
nomad-DcwYU1UzKNe8,slab,1658880,13271040,96x80x216,Q,Q_hpez_b4,2.1001832835871357e-08,5.323581638311102e-12,RuntimeError: hpez rc=-6 stderr='Fatal glibc error: malloc.c:4179 (_int_malloc): assertion failed: chunk_main_arena (bck->bk)\n' stdout='====================================== BEGIN TUNING ================================\nABS QoI eb: 2.10018e-08\n64 25920 2 4.10367\nPointwise QoI eb rate: 2\nPredictor tuning started.\n'
nomad-DcwYU1UzKNe8,slab,1658880,13271040,96x80x216,Q,Q_hpez_b4,2.100151001048833e-08,5.323499807963491e-12,RuntimeError: hpez rc=-6 stderr='Fatal glibc error: malloc.c:4179 (_int_malloc): assertion failed: chunk_main_arena (bck->bk)\n' stdout='====================================== BEGIN TUNING ================================\nABS QoI eb: 2.10015e-08\n64 25920 2 4.10367\nPointwise QoI eb rate: 2\nPredictor tuning started.\n'
nomad-DcwYU1UzKNe8,slab,1658880,13271040,96x80x216,Q,Q_hpez_b4,2.1001348599657666e-08,5.3234588932613745e-12,RuntimeError: hpez rc=-6 stderr='double free or corruption (!prev)\n' stdout='====================================== BEGIN TUNING ================================\nABS QoI eb: 2.10013e-08\n64 25920 2 4.10367\nPointwise QoI eb rate: 2\nPredictor tuning started.\n'
nomad-DcwYU1UzKNe8,slab,1658880,13271040,96x80x216,Q,Q_hpez_b4,2.100134796914905e-08,5.323458733438939e-12,RuntimeError: hpez rc=-6 stderr='double free or corruption (!prev)\n' stdout='====================================== BEGIN TUNING ================================\nABS QoI eb: 2.10013e-08\n64 25920 2 4.10367\nPointwise QoI eb rate: 2\nPredictor tuning started.\n'
nomad-DcwYU1UzKNe8,slab,1658880,13271040,96x80x216,Q,Q_hpez_b4,2.10013478115219e-08,5.323458693483331e-12,RuntimeError: hpez rc=-6 stderr='double free or corruption (!prev)\n' stdout='====================================== BEGIN TUNING ================================\nABS QoI eb: 2.10013e-08\n64 25920 2 4.10367\nPointwise QoI eb rate: 2\nPredictor tuning started.\n'
nomad-DcwYU1UzKNe8,slab,1658880,13271040,96x80x216,Q,Q_hpez_b4,2.1001347732708363e-08,5.323458673505536e-12,RuntimeError: hpez rc=-6 stderr='double free or corruption (!prev)\n' stdout='====================================== BEGIN TUNING ================================\nABS QoI eb: 2.10013e-08\n64 25920 2 4.10367\nPointwise QoI eb rate: 2\nPredictor tuning started.\n'
nomad-DcwYU1UzKNe8,slab,1658880,13271040,96x80x216,Q,Q_hpez_b4,2.100134769330156e-08,5.32345866351663e-12,RuntimeError: hpez rc=-6 stderr='double free or corruption (!prev)\n' stdout='====================================== BEGIN TUNING ================================\nABS QoI eb: 2.10013e-08\n64 25920 2 4.10367\nPointwise QoI eb rate: 2\nPredictor tuning started.\n'
nomad-DcwYU1UzKNe8,slab,1658880,13271040,96x80x216,Q,Q_hpez_b4,2.1001347673598152e-08,5.323458658522176e-12,RuntimeError: hpez rc=-6 stderr='double free or corruption (!prev)\n' stdout='====================================== BEGIN TUNING ================================\nABS QoI eb: 2.10013e-08\n64 25920 2 4.10367\nPointwise QoI eb rate: 2\nPredictor tuning started.\n'
nomad-DcwYU1UzKNe8,slab,1658880,13271040,96x80x216,Q,Q_hpez_b8,1.2475365517365536e-07,3.162277660168377e-11,RuntimeError: hpez rc=-6 stderr='corrupted double-linked list\n' stdout='line = 0\n\tinterp best adj = 0\nLevel: 2\n\tinterp best interpAlgo = CUBIC\n\tinterp best interpParadigm = MD\n\tinterp best cubic spline = 0\n\tinterp best adj = 1\nLevel: 1\n\tinterp best interpAlgo = CUBIC\n\tinterp best interpParadigm = MD\n\tinterp best cubic spline = 0\n\tinterp best adj = 1\nB-M tuning started.\n'
nomad-DcwYU1UzKNe8,slab,1658880,13271040,96x80x216,Q,Q_hpez_b8,1.6636167291478233e-08,4.216965034285817e-12,RuntimeError: hpez rc=-6 stderr='malloc(): invalid size (unsorted)\n' stdout='====================================== BEGIN TUNING ================================\nABS QoI eb: 1.66362e-08\n512 3240 2 11.6069\nPointwise QoI eb rate: 3\nPredictor tuning started.\n'
nomad-DcwYU1UzKNe8,slab,1658880,13271040,96x80x216,Q,Q_hpez_b8,1.4667826996941965e-08,3.718026663914469e-12,RuntimeError: hpez rc=-6 stderr='free(): invalid next size (normal)\n' stdout='====================================== BEGIN TUNING ================================\nABS QoI eb: 1.46678e-08\n512 3240 2 11.6069\nPointwise QoI eb rate: 3\nPredictor tuning started.\n'
nomad-DcwYU1UzKNe8,slab,1658880,13271040,96x80x216,Q,Q_hpez_b8,1.4213266655771824e-08,3.602803906707079e-12,RuntimeError: hpez rc=-6 stderr='free(): corrupted unsorted chunks\n' stdout='line = 0\n\tinterp best adj = 0\nLevel: 2\n\tinterp best interpAlgo = CUBIC\n\tinterp best interpParadigm = MD\n\tinterp best cubic spline = 0\n\tinterp best adj = 1\nLevel: 1\n\tinterp best interpAlgo = CUBIC\n\tinterp best interpParadigm = MD\n\tinterp best cubic spline = 0\n\tinterp best adj = 1\nB-M tuning started.\n
nomad-DcwYU1UzKNe8,slab,1658880,13271040,96x80x216,Q,Q_hpez_b8,1.3991296702520002e-08,3.5465385713612106e-12,RuntimeError: hpez rc=-6 stderr='corrupted double-linked list\n' stdout='====================================== BEGIN TUNING ================================\nABS QoI eb: 1.39913e-08\n512 3240 2 11.6069\nPointwise QoI eb rate: 3\nPredictor tuning started.\n'
nomad-DcwYU1UzKNe8,slab,1658880,13271040,96x80x216,Q,Q_hpez_b8,1.3881615076728729e-08,3.518736279357189e-12,RuntimeError: hpez rc=-6 stderr='double free or corruption (!prev)\n' stdout='====================================== BEGIN TUNING ================================\nABS QoI eb: 1.38816e-08\n512 3240 2 11.6069\nPointwise QoI eb rate: 3\nPredictor tuning started.\n'
nomad-DcwYU1UzKNe8,slab,1658880,13271040,96x80x216,Q,Q_hpez_b8,1.3880761582766751e-08,3.518519934201988e-12,RuntimeError: hpez rc=-6 stderr='malloc(): invalid size (unsorted)\n' stdout='====================================== BEGIN TUNING ================================\nABS QoI eb: 1.38808e-08\n512 3240 2 11.6069\nPointwise QoI eb rate: 3\nPredictor tuning started.\n'
nomad-DcwYU1UzKNe8,slab,1658880,13271040,96x80x216,Q,Q_hpez_b8,1.3880548217475747e-08,3.518465849991609e-12,RuntimeError: hpez rc=-6 stderr='malloc(): invalid size (unsorted)\n' stdout='====================================== BEGIN TUNING ================================\nABS QoI eb: 1.38805e-08\n512 3240 2 11.6069\nPointwise QoI eb rate: 3\nPredictor tuning started.\n'
nomad-DcwYU1UzKNe8,slab,1658880,13271040,96x80x216,Q,Q_hpez_b8,1.3880441536060136e-08,3.5184388081981747e-12,RuntimeError: hpez rc=-6 stderr='malloc(): invalid size (unsorted)\n' stdout='====================================== BEGIN TUNING ================================\nABS QoI eb: 1.38804e-08\n512 3240 2 11.6069\nPointwise QoI eb rate: 3\nPredictor tuning started.\n'
nomad-DcwYU1UzKNe8,slab,1658880,13271040,96x80x216,Q,Q_hpez_b8,1.3880388195659802e-08,3.5184252873793957e-12,RuntimeError: hpez rc=-6 stderr='malloc(): invalid size (unsorted)\n' stdout='====================================== BEGIN TUNING ================================\nABS QoI eb: 1.38804e-08\n512 3240 2 11.6069\nPointwise QoI eb rate: 3\nPredictor tuning started.\n'
nomad-DcwYU1UzKNe8,slab,1658880,13271040,96x80x216,Q,Q_hpez_b8,1.3880381528124131e-08,3.5184235972806905e-12,RuntimeError: hpez rc=-6 stderr='malloc(): invalid size (unsorted)\n' stdout='====================================== BEGIN TUNING ================================\nABS QoI eb: 1.38804e-08\n512 3240 2 11.6069\nPointwise QoI eb rate: 3\nPredictor tuning started.\n'
nomad-DcwYU1UzKNe8,slab,1658880,13271040,96x80x216,Q,Q_hpez_b8,1.3880381111403264e-08,3.5184234916495506e-12,RuntimeError: hpez rc=-6 stderr='malloc(): invalid size (unsorted)\n' stdout='====================================== BEGIN TUNING ================================\nABS QoI eb: 1.38804e-08\n512 3240 2 11.6069\nPointwise QoI eb rate: 3\nPredictor tuning started.\n'
nomad-DcwYU1UzKNe8,slab,1658880,13271040,96x80x216,Q,Q_hpez_b8,1.3880381007223052e-08,3.5184234652417667e-12,RuntimeError: hpez rc=-6 stderr='malloc(): invalid size (unsorted)\n' stdout='====================================== BEGIN TUNING ================================\nABS QoI eb: 1.38804e-08\n512 3240 2 11.6069\nPointwise QoI eb rate: 3\nPredictor tuning started.\n'
nomad-DcwYU1UzKNe8,slab,1658880,13271040,96x80x216,Q,Q_hpez_b8,1.3880380981178036e-08,3.51842345863983e-12,RuntimeError: hpez rc=-6 stderr='malloc(): invalid size (unsorted)\n' stdout='====================================== BEGIN TUNING ================================\nABS QoI eb: 1.38804e-08\n512 3240 2 11.6069\nPointwise QoI eb rate: 3\nPredictor tuning started.\n'
nomad-DcwYU1UzKNe8,slab,1658880,13271040,96x80x216,Q,Q_hpez_b8,1.3880380968155503e-08,3.5184234553388558e-12,RuntimeError: hpez rc=-6 stderr='malloc(): invalid size (unsorted)\n' stdout='====================================== BEGIN TUNING ================================\nABS QoI eb: 1.38804e-08\n512 3240 2 11.6069\nPointwise QoI eb rate: 3\nPredictor tuning started.\n'
nomad-DcwYU1UzKNe8,slab,1658880,13271040,96x80x216,Q,Q_hpez_b16,1.2475365517365536e-07,3.162277660168377e-11,RuntimeError: hpez rc=-6 stderr='double free or corruption (!prev)\n' stdout='====================================== BEGIN TUNING ================================\nABS QoI eb: 1.24754e-07\n4096 420 2 32.8294\nPointwise QoI eb rate: 4\nPredictor tuning started.\n'
nomad-DcwYU1UzKNe8,slab,1658880,13271040,96x80x216,Q,Q_hpez_b16,1.6636167291478233e-08,4.216965034285817e-12,RuntimeError: hpez rc=-11 stderr='' stdout='====================================== BEGIN TUNING ================================\nABS QoI eb: 1.66362e-08\n4096 420 2 32.8294\nPointwise QoI eb rate: 4\nPredictor tuning started.\n'
nomad-DcwYU1UzKNe8,slab,1658880,13271040,96x80x216,Q,Q_hpez_b16,1.2932374689597343e-08,3.278121151393464e-12,RuntimeError: hpez rc=-6 stderr='malloc(): invalid size (unsorted)\n' stdout='====================================== BEGIN TUNING ================================\nABS QoI eb: 1.29324e-08\n4096 420 2 32.8294\nPointwise QoI eb rate: 4\nPredictor tuning started.\n'
nomad-DcwYU1UzKNe8,slab,1658880,13271040,96x80x216,Q,Q_hpez_b16,1.1402255777014953e-08,2.8902639100224536e-12,RuntimeError: hpez rc=-6 stderr='corrupted double-linked list\n' stdout='====================================== BEGIN TUNING ================================\nABS QoI eb: 1.14023e-08\n4096 420 2 32.8294\nPointwise QoI eb rate: 4\nPredictor tuning started.\n'
nomad-DcwYU1UzKNe8,slab,1658880,13271040,96x80x216,Q,Q_hpez_b16,1.1048896463655878e-08,2.800693767881736e-12,RuntimeError: hpez rc=-6 stderr='double free or corruption (!prev)\n' stdout='====================================== BEGIN TUNING ================================\nABS QoI eb: 1.10489e-08\n4096 420 2 32.8294\nPointwise QoI eb rate: 4\nPredictor tuning started.\n'
nomad-DcwYU1UzKNe8,slab,1658880,13271040,96x80x216,Q,Q_hpez_b16,1.0876344784234176e-08,2.7569550637691996e-12,RuntimeError: hpez rc=-6 stderr='malloc(): invalid size (unsorted)\n' stdout='====================================== BEGIN TUNING ================================\nABS QoI eb: 1.08763e-08\n4096 420 2 32.8294\nPointwise QoI eb rate: 4\nPredictor tuning started.\n'
nomad-DcwYU1UzKNe8,slab,1658880,13271040,96x80x216,Q,Q_hpez_b16,1.0791082123884304e-08,2.735342534204787e-12,RuntimeError: hpez rc=-6 stderr='free(): invalid next size (normal)\n' stdout='====================================== BEGIN TUNING ================================\nABS QoI eb: 1.07911e-08\n4096 420 2 32.8294\nPointwise QoI eb rate: 4\nPredictor tuning started.\n'
nomad-DcwYU1UzKNe8,slab,1658880,13271040,96x80x216,Q,Q_hpez_b16,1.0748701771208596e-08,2.7245998876418545e-12,RuntimeError: hpez rc=-6 stderr='malloc(): invalid size (unsorted)\n' stdout='====================================== BEGIN TUNING ================================\nABS QoI eb: 1.07487e-08\n4096 420 2 32.8294\nPointwise QoI eb rate: 4\nPredictor tuning started.\n'
nomad-DcwYU1UzKNe8,slab,1658880,13271040,96x80x216,Q,Q_hpez_b16,1.0727574051709734e-08,2.7192443960301213e-12,RuntimeError: hpez rc=-6 stderr='corrupted double-linked list\n' stdout='====================================== BEGIN TUNING ================================\nABS QoI eb: 1.07276e-08\n4096 420 2 32.8294\nPointwise QoI eb rate: 4\nPredictor tuning started.\n'
nomad-DcwYU1UzKNe8,slab,1658880,13271040,96x80x216,Q,Q_hpez_b16,1.0717025770360472e-08,2.716570599064613e-12,RuntimeError: hpez rc=-6 stderr='free(): corrupted unsorted chunks\n' stdout='====================================== BEGIN TUNING ================================\nABS QoI eb: 1.0717e-08\n4096 420 2 32.8294\nPointwise QoI eb rate: 4\nPredictor tuning started.\n'
nomad-DcwYU1UzKNe8,slab,1658880,13271040,96x80x216,Q,Q_hpez_b16,1.0711755519817964e-08,2.715234686659413e-12,RuntimeError: hpez rc=-6 stderr='corrupted double-linked list\n' stdout='====================================== BEGIN TUNING ================================\nABS QoI eb: 1.07118e-08\n4096 420 2 32.8294\nPointwise QoI eb rate: 4\nPredictor tuning started.\n'
nomad-DcwYU1UzKNe8,slab,1658880,13271040,96x80x216,Q,Q_hpez_b16,1.0710438362188513e-08,2.714900811219792e-12,RuntimeError: hpez rc=-6 stderr='malloc(): invalid size (unsorted)\n' stdout='====================================== BEGIN TUNING ================================\nABS QoI eb: 1.07104e-08\n4096 420 2 32.8294\nPointwise QoI eb rate: 4\nPredictor tuning started.\n'
nomad-DcwYU1UzKNe8,slab,1658880,13271040,96x80x216,Q,Q_hpez_b16,1.0709779844111025e-08,2.7147338888957638e-12,RuntimeError: hpez rc=-6 stderr='malloc(): unsorted double linked list corrupted\n' stdout='====================================== BEGIN TUNING ================================\nABS QoI eb: 1.07098e-08\n4096 420 2 32.8294\nPointwise QoI eb rate: 4\nPredictor tuning started.\n'
nomad-DcwYU1UzKNe8,slab,1658880,13271040,96x80x216,Q,Q_hpez_b16,1.0709450600255496e-08,2.714650431582418e-12,RuntimeError: hpez rc=-6 stderr='malloc(): invalid size (unsorted)\n' stdout='====================================== BEGIN TUNING ================================\nABS QoI eb: 1.07095e-08\n4096 420 2 32.8294\nPointwise QoI eb rate: 4\nPredictor tuning started.\n'
nomad-DcwYU1UzKNe8,slab,1658880,13271040,96x80x216,Q,Q_hpez_b16,1.0709285982123405e-08,2.7146087038878785e-12,RuntimeError: hpez rc=-6 stderr='malloc(): invalid size (unsorted)\n' stdout='====================================== BEGIN TUNING ================================\nABS QoI eb: 1.07093e-08\n4096 420 2 32.8294\nPointwise QoI eb rate: 4\nPredictor tuning started.\n'
nomad-DcwYU1UzKNe8,slab,1658880,13271040,96x80x216,Q,Q_hpez_b16,1.0709284696054228e-08,2.7146083778927958e-12,RuntimeError: hpez rc=-6 stderr='malloc(): invalid size (unsorted)\n' stdout='====================================== BEGIN TUNING ================================\nABS QoI eb: 1.07093e-08\n4096 420 2 32.8294\nPointwise QoI eb rate: 4\nPredictor tuning started.\n'
nomad-DcwYU1UzKNe8,slab,1658880,13271040,96x80x216,Q,Q_hpez_b16,1.070928437453696e-08,2.7146082963940306e-12,RuntimeError: hpez rc=-6 stderr='malloc(): invalid size (unsorted)\n' stdout='====================================== BEGIN TUNING ================================\nABS QoI eb: 1.07093e-08\n4096 420 2 32.8294\nPointwise QoI eb rate: 4\nPredictor tuning started.\n'
nomad-DcwYU1UzKNe8,slab,1658880,13271040,96x80x216,Q,Q_hpez_b16,1.0709284213778327e-08,2.714608255644649e-12,RuntimeError: hpez rc=-6 stderr='malloc(): invalid size (unsorted)\n' stdout='====================================== BEGIN TUNING ================================\nABS QoI eb: 1.07093e-08\n4096 420 2 32.8294\nPointwise QoI eb rate: 4\nPredictor tuning started.\n'
nomad-IZPVe_A6_quS,slab,2419200,19353600,60x84x480,Q,Q_hpez_b8,1.0720142644156646e-05,1.7782794100389212e-09,RuntimeError: hpez rc=-6 stderr='double free or corruption (!prev)\n' stdout='line = 1\n\tinterp best adj = 1\nLevel: 2\n\tinterp best interpAlgo = CUBIC\n\tinterp best interpParadigm = MD\n\tinterp best cubic spline = 1\n\tinterp best adj = 1\nLevel: 1\n\tinterp best interpAlgo = CUBIC\n\tinterp best interpParadigm = MD\n\tinterp best cubic spline = 0\n\tinterp best adj = 1\nB-M tuning started.\n
nomad-IZPVe_A6_quS,slab,2419200,19353600,60x84x480,Q,Q_hpez_b8,1.0387922220590405e-05,1.723169999797605e-09,RuntimeError: hpez rc=-6 stderr='malloc(): invalid size (unsorted)\n' stdout='line = 1\n\tinterp best adj = 1\nLevel: 2\n\tinterp best interpAlgo = CUBIC\n\tinterp best interpParadigm = MD\n\tinterp best cubic spline = 1\n\tinterp best adj = 1\nLevel: 1\n\tinterp best interpAlgo = CUBIC\n\tinterp best interpParadigm = MD\n\tinterp best cubic spline = 0\n\tinterp best adj = 1\nB-M tuning started.\n
nomad-IZPVe_A6_quS,slab,2419200,19353600,60x84x480,Q,Q_hpez_b8,1.0225693039534995e-05,1.6962590880724183e-09,RuntimeError: hpez rc=-6 stderr='double free or corruption (out)\n' stdout='line = 1\n\tinterp best adj = 1\nLevel: 2\n\tinterp best interpAlgo = CUBIC\n\tinterp best interpParadigm = MD\n\tinterp best cubic spline = 1\n\tinterp best adj = 1\nLevel: 1\n\tinterp best interpAlgo = CUBIC\n\tinterp best interpParadigm = MD\n\tinterp best cubic spline = 0\n\tinterp best adj = 1\nB-M tuning started.\n'
nomad-IZPVe_A6_quS,slab,2419200,19353600,60x84x480,Q,Q_hpez_b8,1.0185533167485684e-05,1.6895972855250411e-09,RuntimeError: hpez rc=-6 stderr='munmap_chunk(): invalid pointer\n' stdout='line = 1\n\tinterp best adj = 1\nLevel: 2\n\tinterp best interpAlgo = CUBIC\n\tinterp best interpParadigm = MD\n\tinterp best cubic spline = 1\n\tinterp best adj = 1\nLevel: 1\n\tinterp best interpAlgo = CUBIC\n\tinterp best interpParadigm = MD\n\tinterp best cubic spline = 0\n\tinterp best adj = 1\nB-M tuning started.\n'
nomad-IZPVe_A6_quS,slab,2419200,19353600,60x84x480,Q,Q_hpez_b8,1.0175517867752043e-05,1.6879359269132311e-09,RuntimeError: hpez rc=-6 stderr='corrupted double-linked list\n' stdout='line = 1\n\tinterp best adj = 1\nLevel: 2\n\tinterp best interpAlgo = CUBIC\n\tinterp best interpParadigm = MD\n\tinterp best cubic spline = 1\n\tinterp best adj = 1\nLevel: 1\n\tinterp best interpAlgo = CUBIC\n\tinterp best interpParadigm = MD\n\tinterp best cubic spline = 0\n\tinterp best adj = 1\nB-M tuning started.\n'
nomad-IZPVe_A6_quS,slab,2419200,19353600,60x84x480,Q,Q_hpez_b8,1.0173015581933202e-05,1.6875208425717831e-09,RuntimeError: hpez rc=-6 stderr='malloc(): invalid size (unsorted)\n' stdout='line = 1\n\tinterp best adj = 1\nLevel: 2\n\tinterp best interpAlgo = CUBIC\n\tinterp best interpParadigm = MD\n\tinterp best cubic spline = 1\n\tinterp best adj = 1\nLevel: 1\n\tinterp best interpAlgo = CUBIC\n\tinterp best interpParadigm = MD\n\tinterp best cubic spline = 0\n\tinterp best adj = 1\nB-M tuning started.\n
nomad-IZPVe_A6_quS,slab,2419200,19353600,60x84x480,Q,Q_hpez_b8,1.0172702839475256e-05,1.6874689642067212e-09,RuntimeError: hpez rc=-6 stderr='double free or corruption (!prev)\n' stdout='line = 1\n\tinterp best adj = 1\nLevel: 2\n\tinterp best interpAlgo = CUBIC\n\tinterp best interpParadigm = MD\n\tinterp best cubic spline = 1\n\tinterp best adj = 1\nLevel: 1\n\tinterp best interpAlgo = CUBIC\n\tinterp best interpParadigm = MD\n\tinterp best cubic spline = 0\n\tinterp best adj = 1\nB-M tuning started.\n
nomad-IZPVe_A6_quS,slab,2419200,19353600,60x84x480,Q,Q_hpez_b8,1.0172546471851716e-05,1.6874430256222671e-09,RuntimeError: hpez rc=-6 stderr='free(): invalid next size (normal)\n' stdout='line = 1\n\tinterp best adj = 1\nLevel: 2\n\tinterp best interpAlgo = CUBIC\n\tinterp best interpParadigm = MD\n\tinterp best cubic spline = 1\n\tinterp best adj = 1\nLevel: 1\n\tinterp best interpAlgo = CUBIC\n\tinterp best interpParadigm = MD\n\tinterp best cubic spline = 0\n\tinterp best adj = 1\nB-M tuning started.\
nomad-IZPVe_A6_quS,slab,2419200,19353600,60x84x480,Q,Q_hpez_b8,1.0172526926067776e-05,1.6874397833272442e-09,RuntimeError: hpez rc=-6 stderr='double free or corruption (!prev)\n' stdout='line = 1\n\tinterp best adj = 1\nLevel: 2\n\tinterp best interpAlgo = CUBIC\n\tinterp best interpParadigm = MD\n\tinterp best cubic spline = 1\n\tinterp best adj = 1\nLevel: 1\n\tinterp best interpAlgo = CUBIC\n\tinterp best interpParadigm = MD\n\tinterp best cubic spline = 0\n\tinterp best adj = 1\nB-M tuning started.\n
nomad-IZPVe_A6_quS,slab,2419200,19353600,60x84x480,Q,Q_hpez_b8,1.0172526315262625e-05,1.687439682005624e-09,RuntimeError: hpez rc=-6 stderr='double free or corruption (!prev)\n' stdout='line = 1\n\tinterp best adj = 1\nLevel: 2\n\tinterp best interpAlgo = CUBIC\n\tinterp best interpParadigm = MD\n\tinterp best cubic spline = 1\n\tinterp best adj = 1\nLevel: 1\n\tinterp best interpAlgo = CUBIC\n\tinterp best interpParadigm = MD\n\tinterp best cubic spline = 0\n\tinterp best adj = 1\nB-M tuning started.\n
nomad-IZPVe_A6_quS,slab,2419200,19353600,60x84x480,Q,Q_hpez_b8,1.0172526162561346e-05,1.6874396566752206e-09,RuntimeError: hpez rc=-6 stderr='double free or corruption (!prev)\n' stdout='line = 1\n\tinterp best adj = 1\nLevel: 2\n\tinterp best interpAlgo = CUBIC\n\tinterp best interpParadigm = MD\n\tinterp best cubic spline = 1\n\tinterp best adj = 1\nLevel: 1\n\tinterp best interpAlgo = CUBIC\n\tinterp best interpParadigm = MD\n\tinterp best cubic spline = 0\n\tinterp best adj = 1\nB-M tuning started.\n
nomad-IZPVe_A6_quS,slab,2419200,19353600,60x84x480,Q,Q_hpez_b8,1.0172526086210707e-05,1.687439644010019e-09,RuntimeError: hpez rc=-6 stderr='double free or corruption (!prev)\n' stdout='line = 1\n\tinterp best adj = 1\nLevel: 2\n\tinterp best interpAlgo = CUBIC\n\tinterp best interpParadigm = MD\n\tinterp best cubic spline = 1\n\tinterp best adj = 1\nLevel: 1\n\tinterp best interpAlgo = CUBIC\n\tinterp best interpParadigm = MD\n\tinterp best cubic spline = 0\n\tinterp best adj = 1\nB-M tuning started.\n
nomad-IZPVe_A6_quS,slab,2419200,19353600,60x84x480,Q,Q_hpez_b8,1.017252604803539e-05,1.6874396376774183e-09,RuntimeError: hpez rc=-6 stderr='double free or corruption (!prev)\n' stdout='line = 1\n\tinterp best adj = 1\nLevel: 2\n\tinterp best interpAlgo = CUBIC\n\tinterp best interpParadigm = MD\n\tinterp best cubic spline = 1\n\tinterp best adj = 1\nLevel: 1\n\tinterp best interpAlgo = CUBIC\n\tinterp best interpParadigm = MD\n\tinterp best cubic spline = 0\n\tinterp best adj = 1\nB-M tuning started.\n
nomad-ZzgnSZOSnag2,slab,1658880,13271040,64x72x360,Q,Q_sz3_b4,1.0453994045627146e-05,1.7782794100389187e-09,RuntimeError: hpez rc=-6 stderr='free(): invalid size\n' stdout='====================================== BEGIN TUNING ================================\nABS QoI eb: 1.0454e-05\n64 25920 2 3.2383\nPointwise QoI eb rate: 2\n'
nomad-ZzgnSZOSnag2,slab,1658880,13271040,64x72x360,Q,Q_sz3_b4,3.817528151939165e-06,6.493816315762101e-10,RuntimeError: hpez rc=-6 stderr='free(): invalid size\n' stdout='====================================== BEGIN TUNING ================================\nABS QoI eb: 3.81753e-06\n64 25920 2 3.2383\nPointwise QoI eb rate: 2\n'
nomad-ZzgnSZOSnag2,slab,1658880,13271040,64x72x360,Q,Q_sz3_b4,3.815650827927364e-06,6.490622888808168e-10,RuntimeError: hpez rc=-6 stderr='munmap_chunk(): invalid pointer\n' stdout='ise QoI eb rate: 2\ninterp best interpAlgo = CUBIC\ninterp best direction = 0\nInterp ratio = 1.2939\nchoose interp\nsz3 tuning time = 0.0248536s\nTuning time = 0.0250158s\n====================================== END TUNING ======================================\nGlobal correction done. 24 blocks corrected.\n'
nomad-ZzgnSZOSnag2,slab,1658880,13271040,64x72x360,Q,Q_sz3_b4,3.814712512150176e-06,6.489026764284463e-10,RuntimeError: hpez rc=-6 stderr='munmap_chunk(): invalid pointer\n' stdout='====================================== BEGIN TUNING ================================\nABS QoI eb: 3.81471e-06\n64 25920 2 3.2383\nPointwise QoI eb rate: 2\n'
nomad-ZzgnSZOSnag2,slab,1658880,13271040,64x72x360,Q,Q_sz3_b4,3.814697852797155e-06,6.489001827953403e-10,RuntimeError: hpez rc=-11 stderr='' stdout='====================================== BEGIN TUNING ================================\nABS QoI eb: 3.8147e-06\n64 25920 2 3.2383\nPointwise QoI eb rate: 2\n'
nomad-ZzgnSZOSnag2,slab,1658880,13271040,64x72x360,Q,Q_sz3_b4,3.814697394693281e-06,6.489001048694602e-10,RuntimeError: hpez rc=-6 stderr='free(): invalid size\n' stdout='====================================== BEGIN TUNING ================================\nABS QoI eb: 3.8147e-06\n64 25920 2 3.2383\nPointwise QoI eb rate: 2\n'
nomad-ZzgnSZOSnag2,slab,1658880,13271040,64x72x360,Q,Q_sz3_b4,3.8146972801673165e-06,6.48900085387991e-10,RuntimeError: hpez rc=-6 stderr='munmap_chunk(): invalid pointer\n' stdout='====================================== BEGIN TUNING ================================\nABS QoI eb: 3.8147e-06\n64 25920 2 3.2383\nPointwise QoI eb rate: 2\n'
nomad-ZzgnSZOSnag2,slab,1658880,13271040,64x72x360,Q,Q_sz3_b4,3.814697265851572e-06,6.489000829528075e-10,RuntimeError: hpez rc=-6 stderr='munmap_chunk(): invalid pointer\n' stdout='====================================== BEGIN TUNING ================================\nABS QoI eb: 3.8147e-06\n64 25920 2 3.2383\nPointwise QoI eb rate: 2\n'
nomad-ZzgnSZOSnag2,slab,1658880,13271040,64x72x360,Q,Q_sz3_b8,1.0453994045627146e-05,1.7782794100389187e-09,RuntimeError: hpez rc=-6 stderr='free(): invalid size\n' stdout='====================================== BEGIN TUNING ================================\nABS QoI eb: 1.0454e-05\n512 3240 2 9.15929\nPointwise QoI eb rate: 2\n'
nomad-ZzgnSZOSnag2,slab,1658880,13271040,64x72x360,Q,Q_sz3_b8,3.817528151939165e-06,6.493816315762101e-10,RuntimeError: hpez rc=-6 stderr='free(): invalid size\n' stdout='twise QoI eb rate: 2\ninterp best interpAlgo = CUBIC\ninterp best direction = 0\nInterp ratio = 1.2951\nchoose interp\nsz3 tuning time = 0.0290642s\nTuning time = 0.029202s\n====================================== END TUNING ======================================\nGlobal correction done. 0 blocks corrected.\n'
nomad-ZzgnSZOSnag2,slab,1658880,13271040,64x72x360,Q,Q_sz3_b8,3.815650827927364e-06,6.490622888808168e-10,RuntimeError: hpez rc=-6 stderr='munmap_chunk(): invalid pointer\n' stdout='====================================== BEGIN TUNING ================================\nABS QoI eb: 3.81565e-06\n512 3240 2 9.15929\nPointwise QoI eb rate: 2\n'
nomad-ZzgnSZOSnag2,slab,1658880,13271040,64x72x360,Q,Q_sz3_b8,3.814712512150176e-06,6.489026764284463e-10,RuntimeError: hpez rc=-6 stderr='munmap_chunk(): invalid pointer\n' stdout='====================================== BEGIN TUNING ================================\nABS QoI eb: 3.81471e-06\n512 3240 2 9.15929\nPointwise QoI eb rate: 2\n'
nomad-ZzgnSZOSnag2,slab,1658880,13271040,64x72x360,Q,Q_sz3_b8,3.814697852797155e-06,6.489001827953403e-10,RuntimeError: hpez rc=-11 stderr='' stdout='wise QoI eb rate: 2\ninterp best interpAlgo = CUBIC\ninterp best direction = 0\nInterp ratio = 1.2962\nchoose interp\nsz3 tuning time = 0.0262832s\nTuning time = 0.0264223s\n====================================== END TUNING ======================================\nGlobal correction done. 0 blocks corrected.\n'
nomad-ZzgnSZOSnag2,slab,1658880,13271040,64x72x360,Q,Q_sz3_b8,3.814697394693281e-06,6.489001048694602e-10,RuntimeError: hpez rc=-6 stderr='free(): invalid size\n' stdout='====================================== BEGIN TUNING ================================\nABS QoI eb: 3.8147e-06\n512 3240 2 9.15929\nPointwise QoI eb rate: 2\n'
nomad-ZzgnSZOSnag2,slab,1658880,13271040,64x72x360,Q,Q_sz3_b8,3.8146972801673165e-06,6.48900085387991e-10,RuntimeError: hpez rc=-6 stderr='munmap_chunk(): invalid pointer\n' stdout='====================================== BEGIN TUNING ================================\nABS QoI eb: 3.8147e-06\n512 3240 2 9.15929\nPointwise QoI eb rate: 2\n'
nomad-ZzgnSZOSnag2,slab,1658880,13271040,64x72x360,Q,Q_sz3_b8,3.814697265851572e-06,6.489000829528075e-10,RuntimeError: hpez rc=-6 stderr='munmap_chunk(): invalid pointer\n' stdout='wise QoI eb rate: 2\ninterp best interpAlgo = CUBIC\ninterp best direction = 0\nInterp ratio = 1.2983\nchoose interp\nsz3 tuning time = 0.0266727s\nTuning time = 0.0268211s\n====================================== END TUNING ======================================\nGlobal correction done. 0 blocks corrected.\n'
nomad-ZzgnSZOSnag2,slab,1658880,13271040,64x72x360,Q,Q_sz3_b16,1.0453994045627146e-05,1.7782794100389187e-09,RuntimeError: hpez rc=-6 stderr='free(): invalid size\n' stdout='====================================== BEGIN TUNING ================================\nABS QoI eb: 1.0454e-05\n4096 460 2 25.9064\nPointwise QoI eb rate: 2\n'
nomad-ZzgnSZOSnag2,slab,1658880,13271040,64x72x360,Q,Q_sz3_b16,3.817528151939165e-06,6.493816315762101e-10,RuntimeError: hpez rc=-6 stderr='free(): invalid size\n' stdout='====================================== BEGIN TUNING ================================\nABS QoI eb: 3.81753e-06\n4096 460 2 25.9064\nPointwise QoI eb rate: 2\n'
nomad-ZzgnSZOSnag2,slab,1658880,13271040,64x72x360,Q,Q_sz3_b16,3.815650827927364e-06,6.490622888808168e-10,RuntimeError: hpez rc=-6 stderr='munmap_chunk(): invalid pointer\n' stdout='wise QoI eb rate: 2\ninterp best interpAlgo = CUBIC\ninterp best direction = 0\nInterp ratio = 1.2939\nchoose interp\nsz3 tuning time = 0.0260943s\nTuning time = 0.0262396s\n====================================== END TUNING ======================================\nGlobal correction done. 0 blocks corrected.\n'
nomad-ZzgnSZOSnag2,slab,1658880,13271040,64x72x360,Q,Q_sz3_b16,3.814712512150176e-06,6.489026764284463e-10,RuntimeError: hpez rc=-6 stderr='munmap_chunk(): invalid pointer\n' stdout='====================================== BEGIN TUNING ================================\nABS QoI eb: 3.81471e-06\n4096 460 2 25.9064\nPointwise QoI eb rate: 2\n'
nomad-ZzgnSZOSnag2,slab,1658880,13271040,64x72x360,Q,Q_sz3_b16,3.814697852797155e-06,6.489001827953403e-10,RuntimeError: hpez rc=-11 stderr='' stdout='====================================== BEGIN TUNING ================================\nABS QoI eb: 3.8147e-06\n4096 460 2 25.9064\nPointwise QoI eb rate: 2\n'
nomad-ZzgnSZOSnag2,slab,1658880,13271040,64x72x360,Q,Q_sz3_b16,3.814697394693281e-06,6.489001048694602e-10,RuntimeError: hpez rc=-6 stderr='free(): invalid size\n' stdout='====================================== BEGIN TUNING ================================\nABS QoI eb: 3.8147e-06\n4096 460 2 25.9064\nPointwise QoI eb rate: 2\n'
nomad-ZzgnSZOSnag2,slab,1658880,13271040,64x72x360,Q,Q_sz3_b16,3.8146972801673165e-06,6.48900085387991e-10,RuntimeError: hpez rc=-6 stderr='munmap_chunk(): invalid pointer\n' stdout='====================================== BEGIN TUNING ================================\nABS QoI eb: 3.8147e-06\n4096 460 2 25.9064\nPointwise QoI eb rate: 2\n'
nomad-ZzgnSZOSnag2,slab,1658880,13271040,64x72x360,Q,Q_sz3_b16,3.814697265851572e-06,6.489000829528075e-10,RuntimeError: hpez rc=-6 stderr='munmap_chunk(): invalid pointer\n' stdout='====================================== BEGIN TUNING ================================\nABS QoI eb: 3.8147e-06\n4096 460 2 25.9064\nPointwise QoI eb rate: 2\n'
nomad-bEMTXRvdLPTu,slab,884736,7077888,64x64x216,Q,Q_hpez_b4,4.479640168814388e-06,1.778279410038924e-09,RuntimeError: hpez rc=-6 stderr='free(): corrupted unsorted chunks\n' stdout='====================================== BEGIN TUNING ================================\nABS QoI eb: 4.47964e-06\n64 13824 2 4.10367\nPointwise QoI eb rate: 2\nPredictor tuning started.\n'
nomad-bEMTXRvdLPTu,slab,884736,7077888,64x64x216,Q,Q_hpez_b4,2.707030383580275e-06,1.0746078283213186e-09,RuntimeError: hpez rc=-6 stderr='free(): invalid next size (normal)\n' stdout='====================================== BEGIN TUNING ================================\nABS QoI eb: 2.70703e-06\n64 13824 2 4.10367\nPointwise QoI eb rate: 2\nPredictor tuning started.\n'
nomad-bEMTXRvdLPTu,slab,884736,7077888,64x64x216,Q,Q_hpez_b4,2.1043507559891675e-06,8.353625469578277e-10,RuntimeError: hpez rc=-6 stderr='double free or corruption (!prev)\n' stdout='====================================== BEGIN TUNING ================================\nABS QoI eb: 2.10435e-06\n64 13824 2 4.10367\nPointwise QoI eb rate: 2\nPredictor tuning started.\n'
nomad-bEMTXRvdLPTu,slab,884736,7077888,64x64x216,Q,Q_hpez_b4,1.975942854193277e-06,7.843885581451576e-10,RuntimeError: hpez rc=-6 stderr='double free or corruption (!prev)\n' stdout='====================================== BEGIN TUNING ================================\nABS QoI eb: 1.97594e-06\n64 13824 2 4.10367\nPointwise QoI eb rate: 2\nPredictor tuning started.\n'
nomad-bEMTXRvdLPTu,slab,884736,7077888,64x64x216,Q,Q_hpez_b4,1.9147077947586317e-06,7.600801223642631e-10,RuntimeError: hpez rc=-6 stderr='free(): invalid next size (normal)\n' stdout='====================================== BEGIN TUNING ================================\nABS QoI eb: 1.91471e-06\n64 13824 2 4.10367\nPointwise QoI eb rate: 2\nPredictor tuning started.\n'
nomad-bEMTXRvdLPTu,slab,884736,7077888,64x64x216,Q,Q_hpez_b4,1.9109442324167768e-06,7.585861038340451e-10,RuntimeError: hpez rc=-6 stderr='double free or corruption (!prev)\n' stdout='====================================== BEGIN TUNING ================================\nABS QoI eb: 1.91094e-06\n64 13824 2 4.10367\nPointwise QoI eb rate: 2\nPredictor tuning started.\n'
nomad-bEMTXRvdLPTu,slab,884736,7077888,64x64x216,Q,Q_hpez_b4,1.909065226286489e-06,7.578401961747447e-10,RuntimeError: hpez rc=-6 stderr='double free or corruption (!prev)\n' stdout='====================================== BEGIN TUNING ================================\nABS QoI eb: 1.90907e-06\n64 13824 2 4.10367\nPointwise QoI eb rate: 2\nPredictor tuning started.\n'
nomad-bEMTXRvdLPTu,slab,884736,7077888,64x64x216,Q,Q_hpez_b4,1.9081264161856168e-06,7.574675174306037e-10,RuntimeError: hpez rc=-6 stderr='free(): corrupted unsorted chunks\n' stdout='====================================== BEGIN TUNING ================================\nABS QoI eb: 1.90813e-06\n64 13824 2 4.10367\nPointwise QoI eb rate: 2\nPredictor tuning started.\n'
nomad-bEMTXRvdLPTu,slab,884736,7077888,64x64x216,Q,Q_hpez_b4,1.9076571842768503e-06,7.572812467904525e-10,RuntimeError: hpez rc=-6 stderr='double free or corruption (!prev)\n' stdout='====================================== BEGIN TUNING ================================\nABS QoI eb: 1.90766e-06\n64 13824 2 4.10367\nPointwise QoI eb rate: 2\nPredictor tuning started.\n'
nomad-bEMTXRvdLPTu,slab,884736,7077888,64x64x216,Q,Q_hpez_b4,1.9074226115954694e-06,7.57188128648428e-10,RuntimeError: hpez rc=-6 stderr='free(): invalid next size (normal)\n' stdout='====================================== BEGIN TUNING ================================\nABS QoI eb: 1.90742e-06\n64 13824 2 4.10367\nPointwise QoI eb rate: 2\nPredictor tuning started.\n'
nomad-bEMTXRvdLPTu,slab,884736,7077888,64x64x216,Q,Q_hpez_b4,1.907363972932126e-06,7.571648509020632e-10,RuntimeError: hpez rc=-6 stderr='free(): corrupted unsorted chunks\n' stdout='====================================== BEGIN TUNING ================================\nABS QoI eb: 1.90736e-06\n64 13824 2 4.10367\nPointwise QoI eb rate: 2\nPredictor tuning started.\n'
nomad-bEMTXRvdLPTu,slab,884736,7077888,64x64x216,Q,Q_hpez_b4,1.907349313547963e-06,7.571590315772875e-10,RuntimeError: hpez rc=-6 stderr='free(): corrupted unsorted chunks\n' stdout='====================================== BEGIN TUNING ================================\nABS QoI eb: 1.90735e-06\n64 13824 2 4.10367\nPointwise QoI eb rate: 2\nPredictor tuning started.\n'
nomad-bEMTXRvdLPTu,slab,884736,7077888,64x64x216,Q,Q_hpez_b4,1.907348855444024e-06,7.571588497241092e-10,RuntimeError: hpez rc=-6 stderr='free(): corrupted unsorted chunks\n' stdout='====================================== BEGIN TUNING ================================\nABS QoI eb: 1.90735e-06\n64 13824 2 4.10367\nPointwise QoI eb rate: 2\nPredictor tuning started.\n'
nomad-bEMTXRvdLPTu,slab,884736,7077888,64x64x216,Q,Q_hpez_b4,1.907348740918058e-06,7.57158804260822e-10,RuntimeError: hpez rc=-6 stderr='free(): corrupted unsorted chunks\n' stdout='====================================== BEGIN TUNING ================================\nABS QoI eb: 1.90735e-06\n64 13824 2 4.10367\nPointwise QoI eb rate: 2\nPredictor tuning started.\n'
nomad-bEMTXRvdLPTu,slab,884736,7077888,64x64x216,Q,Q_hpez_b4,1.907348683655077e-06,7.571587815291795e-10,RuntimeError: hpez rc=-6 stderr='free(): corrupted unsorted chunks\n' stdout='====================================== BEGIN TUNING ================================\nABS QoI eb: 1.90735e-06\n64 13824 2 4.10367\nPointwise QoI eb rate: 2\nPredictor tuning started.\n'
nomad-bEMTXRvdLPTu,slab,884736,7077888,64x64x216,Q,Q_hpez_b4,1.907348655023588e-06,7.571587701633586e-10,RuntimeError: hpez rc=-6 stderr='free(): corrupted unsorted chunks\n' stdout='====================================== BEGIN TUNING ================================\nABS QoI eb: 1.90735e-06\n64 13824 2 4.10367\nPointwise QoI eb rate: 2\nPredictor tuning started.\n'
nomad-bEMTXRvdLPTu,slab,884736,7077888,64x64x216,Q,Q_hpez_b4,1.907348640707844e-06,7.57158764480448e-10,RuntimeError: hpez rc=-6 stderr='free(): corrupted unsorted chunks\n' stdout='====================================== BEGIN TUNING ================================\nABS QoI eb: 1.90735e-06\n64 13824 2 4.10367\nPointwise QoI eb rate: 2\nPredictor tuning started.\n'
nomad-bEMTXRvdLPTu,slab,884736,7077888,64x64x216,Q,Q_hpez_b4,1.9073486335499675e-06,7.571587616389913e-10,RuntimeError: hpez rc=-6 stderr='free(): corrupted unsorted chunks\n' stdout='====================================== BEGIN TUNING ================================\nABS QoI eb: 1.90735e-06\n64 13824 2 4.10367\nPointwise QoI eb rate: 2\nPredictor tuning started.\n'
nomad-bEMTXRvdLPTu,slab,884736,7077888,64x64x216,Q,Q_hpez_b8,4.479640168814388e-06,1.778279410038924e-09,RuntimeError: hpez rc=-6 stderr='corrupted double-linked list\n' stdout='====================================== BEGIN TUNING ================================\nABS QoI eb: 4.47964e-06\n512 1728 2 11.6069\nPointwise QoI eb rate: 3\nPredictor tuning started.\n'
nomad-bEMTXRvdLPTu,slab,884736,7077888,64x64x216,Q,Q_hpez_b8,1.635848689062509e-06,6.493816315762121e-10,RuntimeError: hpez rc=-6 stderr='Fatal glibc error: malloc.c:4179 (_int_malloc): assertion failed: chunk_main_arena (bck->bk)\n' stdout='====================================== BEGIN TUNING ================================\nABS QoI eb: 1.63585e-06\n512 1728 2 11.6069\nPointwise QoI eb rate: 3\nPredictor tuning started.\n'
nomad-bEMTXRvdLPTu,slab,884736,7077888,64x64x216,Q,Q_hpez_b8,1.271651565639138e-06,5.048065716667474e-10,RuntimeError: hpez rc=-6 stderr='Fatal glibc error: malloc.c:4179 (_int_malloc): assertion failed: chunk_main_arena (bck->bk)\n' stdout='====================================== BEGIN TUNING ================================\nABS QoI eb: 1.27165e-06\n512 1728 2 11.6069\nPointwise QoI eb rate: 3\nPredictor tuning started.\n'
nomad-bEMTXRvdLPTu,slab,884736,7077888,64x64x216,Q,Q_hpez_b8,1.2715733797128576e-06,5.047755342580226e-10,RuntimeError: hpez rc=-6 stderr='free(): corrupted unsorted chunks\n' stdout='====================================== BEGIN TUNING ================================\nABS QoI eb: 1.27157e-06\n512 1728 2 11.6069\nPointwise QoI eb rate: 3\nPredictor tuning started.\n'
nomad-bEMTXRvdLPTu,slab,884736,7077888,64x64x216,Q,Q_hpez_b8,1.2715684932520831e-06,5.047735944833407e-10,RuntimeError: hpez rc=-6 stderr='free(): corrupted unsorted chunks\n' stdout='====================================== BEGIN TUNING ================================\nABS QoI eb: 1.27157e-06\n512 1728 2 11.6069\nPointwise QoI eb rate: 3\nPredictor tuning started.\n'
nomad-bEMTXRvdLPTu,slab,884736,7077888,64x64x216,Q,Q_hpez_b8,1.2715660500287363e-06,5.047726245987947e-10,RuntimeError: hpez rc=-6 stderr='free(): corrupted unsorted chunks\n' stdout='====================================== BEGIN TUNING ================================\nABS QoI eb: 1.27157e-06\n512 1728 2 11.6069\nPointwise QoI eb rate: 3\nPredictor tuning started.\n'
nomad-bEMTXRvdLPTu,slab,884736,7077888,64x64x216,Q,Q_hpez_b8,1.2715658973274332e-06,5.047725639810725e-10,RuntimeError: hpez rc=-6 stderr='free(): corrupted unsorted chunks\n' stdout='====================================== BEGIN TUNING ================================\nABS QoI eb: 1.27157e-06\n512 1728 2 11.6069\nPointwise QoI eb rate: 3\nPredictor tuning started.\n'
nomad-bEMTXRvdLPTu,slab,884736,7077888,64x64x216,Q,Q_hpez_b8,1.2715658209767875e-06,5.047725336722136e-10,RuntimeError: hpez rc=-6 stderr='free(): corrupted unsorted chunks\n' stdout='====================================== BEGIN TUNING ================================\nABS QoI eb: 1.27157e-06\n512 1728 2 11.6069\nPointwise QoI eb rate: 3\nPredictor tuning started.\n'
nomad-bEMTXRvdLPTu,slab,884736,7077888,64x64x216,Q,Q_hpez_b8,1.2715657828014651e-06,5.047725185177844e-10,RuntimeError: hpez rc=-6 stderr='free(): corrupted unsorted chunks\n' stdout='====================================== BEGIN TUNING ================================\nABS QoI eb: 1.27157e-06\n512 1728 2 11.6069\nPointwise QoI eb rate: 3\nPredictor tuning started.\n'
nomad-bEMTXRvdLPTu,slab,884736,7077888,64x64x216,Q,Q_hpez_b8,1.2715657637138055e-06,5.047725109405706e-10,RuntimeError: hpez rc=-6 stderr='free(): corrupted unsorted chunks\n' stdout='====================================== BEGIN TUNING ================================\nABS QoI eb: 1.27157e-06\n512 1728 2 11.6069\nPointwise QoI eb rate: 3\nPredictor tuning started.\n'
nomad-bEMTXRvdLPTu,slab,884736,7077888,64x64x216,Q,Q_hpez_b8,1.2715657589418906e-06,5.047725090462671e-10,RuntimeError: hpez rc=-6 stderr='free(): corrupted unsorted chunks\n' stdout='====================================== BEGIN TUNING ================================\nABS QoI eb: 1.27157e-06\n512 1728 2 11.6069\nPointwise QoI eb rate: 3\nPredictor tuning started.\n'
nomad-bEMTXRvdLPTu,slab,884736,7077888,64x64x216,Q,Q_hpez_b8,1.2715657565559343e-06,5.047725080991157e-10,RuntimeError: hpez rc=-6 stderr='free(): corrupted unsorted chunks\n' stdout='====================================== BEGIN TUNING ================================\nABS QoI eb: 1.27157e-06\n512 1728 2 11.6069\nPointwise QoI eb rate: 3\nPredictor tuning started.\n'
nomad-bEMTXRvdLPTu,slab,884736,7077888,64x64x216,Q,Q_hpez_b8,1.271565755362955e-06,5.047725076255396e-10,RuntimeError: hpez rc=-6 stderr='free(): corrupted unsorted chunks\n' stdout='====================================== BEGIN TUNING ================================\nABS QoI eb: 1.27157e-06\n512 1728 2 11.6069\nPointwise QoI eb rate: 3\nPredictor tuning started.\n'
nomad-bEMTXRvdLPTu,slab,884736,7077888,64x64x216,Q,Q_hpez_b16,4.479640168814388e-06,1.778279410038924e-09,RuntimeError: hpez rc=-6 stderr='free(): corrupted unsorted chunks\n' stdout='====================================== BEGIN TUNING ================================\nABS QoI eb: 4.47964e-06\n4096 224 2 32.8294\nPointwise QoI eb rate: 4\nPredictor tuning started.\n'
nomad-bEMTXRvdLPTu,slab,884736,7077888,64x64x216,Q,Q_hpez_b16,1.635848689062509e-06,6.493816315762121e-10,RuntimeError: hpez rc=-6 stderr='double free or corruption (!prev)\n' stdout='====================================== BEGIN TUNING ================================\nABS QoI eb: 1.63585e-06\n4096 224 2 32.8294\nPointwise QoI eb rate: 4\nPredictor tuning started.\n'
nomad-bEMTXRvdLPTu,slab,884736,7077888,64x64x216,Q,Q_hpez_b16,9.885374577762544e-07,3.924189758484536e-10,RuntimeError: hpez rc=-6 stderr='malloc(): unsorted double linked list corrupted\n' stdout='====================================== BEGIN TUNING ================================\nABS QoI eb: 9.88537e-07\n4096 224 2 32.8294\nPointwise QoI eb rate: 4\nPredictor tuning started.\n'
nomad-bEMTXRvdLPTu,slab,884736,7077888,64x64x216,Q,Q_hpez_b16,9.5790238659905e-07,3.802577945377864e-10,RuntimeError: hpez rc=-6 stderr='malloc(): invalid size (unsorted)\n' stdout='====================================== BEGIN TUNING ================================\nABS QoI eb: 9.57902e-07\n4096 224 2 32.8294\nPointwise QoI eb rate: 4\nPredictor tuning started.\n'
nomad-bEMTXRvdLPTu,slab,884736,7077888,64x64x216,Q,Q_hpez_b16,9.541403689897948e-07,3.787643892189139e-10,RuntimeError: hpez rc=-6 stderr='free(): invalid next size (normal)\n' stdout='====================================== BEGIN TUNING ================================\nABS QoI eb: 9.5414e-07\n4096 224 2 32.8294\nPointwise QoI eb rate: 4\nPredictor tuning started.\n'
nomad-bEMTXRvdLPTu,slab,884736,7077888,64x64x216,Q,Q_hpez_b16,9.539057340605933e-07,3.786712463664187e-10,RuntimeError: hpez rc=-11 stderr='' stdout='====================================== BEGIN TUNING ================================\nABS QoI eb: 9.53906e-07\n4096 224 2 32.8294\nPointwise QoI eb rate: 4\nPredictor tuning started.\n'
nomad-bEMTXRvdLPTu,slab,884736,7077888,64x64x216,Q,Q_hpez_b16,9.53788438234241e-07,3.7862468352989053e-10,RuntimeError: hpez rc=-6 stderr='corrupted double-linked list\n' stdout='====================================== BEGIN TUNING ================================\nABS QoI eb: 9.53788e-07\n4096 224 2 32.8294\nPointwise QoI eb rate: 4\nPredictor tuning started.\n'
nomad-bEMTXRvdLPTu,slab,884736,7077888,64x64x216,Q,Q_hpez_b16,9.537297957298526e-07,3.786014042587488e-10,RuntimeError: hpez rc=-6 stderr='free(): corrupted unsorted chunks\n' stdout='====================================== BEGIN TUNING ================================\nABS QoI eb: 9.5373e-07\n4096 224 2 32.8294\nPointwise QoI eb rate: 4\nPredictor tuning started.\n'
nomad-bEMTXRvdLPTu,slab,884736,7077888,64x64x216,Q,Q_hpez_b16,9.537004758297586e-07,3.7858976515992014e-10,RuntimeError: hpez rc=-6 stderr='Fatal glibc error: malloc.c:4179 (_int_malloc): assertion failed: chunk_main_arena (bck->bk)\n' stdout='====================================== BEGIN TUNING ================================\nABS QoI eb: 9.537e-07\n4096 224 2 32.8294\nPointwise QoI eb rate: 4\nPredictor tuning started.\n'
nomad-bEMTXRvdLPTu,slab,884736,7077888,64x64x216,Q,Q_hpez_b16,9.536858162177235e-07,3.785839457446863e-10,RuntimeError: hpez rc=-6 stderr='free(): corrupted unsorted chunks\n' stdout='====================================== BEGIN TUNING ================================\nABS QoI eb: 9.53686e-07\n4096 224 2 32.8294\nPointwise QoI eb rate: 4\nPredictor tuning started.\n'
nomad-bEMTXRvdLPTu,slab,884736,7077888,64x64x216,Q,Q_hpez_b16,9.536784864962075e-07,3.785810360706137e-10,RuntimeError: hpez rc=-6 stderr='free(): corrupted unsorted chunks\n' stdout='====================================== BEGIN TUNING ================================\nABS QoI eb: 9.53678e-07\n4096 224 2 32.8294\nPointwise QoI eb rate: 4\nPredictor tuning started.\n'
nomad-bEMTXRvdLPTu,slab,884736,7077888,64x64x216,Q,Q_hpez_b16,9.53674821656575e-07,3.7857958124196365e-10,RuntimeError: hpez rc=-6 stderr='free(): corrupted unsorted chunks\n' stdout='====================================== BEGIN TUNING ================================\nABS QoI eb: 9.53675e-07\n4096 224 2 32.8294\nPointwise QoI eb rate: 4\nPredictor tuning started.\n'
nomad-bEMTXRvdLPTu,slab,884736,7077888,64x64x216,Q,Q_hpez_b16,9.536743635526116e-07,3.785793993887757e-10,RuntimeError: hpez rc=-6 stderr='free(): corrupted unsorted chunks\n' stdout='====================================== BEGIN TUNING ================================\nABS QoI eb: 9.53674e-07\n4096 224 2 32.8294\nPointwise QoI eb rate: 4\nPredictor tuning started.\n'
nomad-bEMTXRvdLPTu,slab,884736,7077888,64x64x216,Q,Q_hpez_b16,9.536743349211216e-07,3.7857938802295445e-10,RuntimeError: hpez rc=-6 stderr='free(): corrupted unsorted chunks\n' stdout='====================================== BEGIN TUNING ================================\nABS QoI eb: 9.53674e-07\n4096 224 2 32.8294\nPointwise QoI eb rate: 4\nPredictor tuning started.\n'
nomad-bEMTXRvdLPTu,slab,884736,7077888,64x64x216,Q,Q_hpez_b16,9.536743206053769e-07,3.78579382340044e-10,RuntimeError: hpez rc=-6 stderr='free(): corrupted unsorted chunks\n' stdout='====================================== BEGIN TUNING ================================\nABS QoI eb: 9.53674e-07\n4096 224 2 32.8294\nPointwise QoI eb rate: 4\nPredictor tuning started.\n'
nomad-bEMTXRvdLPTu,slab,884736,7077888,64x64x216,Q,Q_hpez_b16,9.536743170264407e-07,3.7857938091931636e-10,RuntimeError: hpez rc=-6 stderr='free(): corrupted unsorted chunks\n' stdout='====================================== BEGIN TUNING ================================\nABS QoI eb: 9.53674e-07\n4096 224 2 32.8294\nPointwise QoI eb rate: 4\nPredictor tuning started.\n'
nomad-bEMTXRvdLPTu,slab,884736,7077888,64x64x216,Q,Q_sz3_b4,4.479640168814388e-06,1.778279410038924e-09,RuntimeError: hpez rc=-11 stderr='' stdout='====================================== BEGIN TUNING ================================\nABS QoI eb: 4.47964e-06\n64 13824 2 3.2383\nPointwise QoI eb rate: 2\n'
nomad-bEMTXRvdLPTu,slab,884736,7077888,64x64x216,Q,Q_sz3_b4,5.973696173493713e-07,2.3713737056616557e-10,RuntimeError: hpez rc=-11 stderr='' stdout='====================================== BEGIN TUNING ================================\nABS QoI eb: 5.9737e-07\n64 13824 2 3.2383\nPointwise QoI eb rate: 2\n'
nomad-bEMTXRvdLPTu,slab,884736,7077888,64x64x216,Q,Q_sz3_b4,2.181439286641128e-07,8.659643233600645e-11,RuntimeError: hpez rc=-6 stderr='corrupted double-linked list\n' stdout='====================================== BEGIN TUNING ================================\nABS QoI eb: 2.18144e-07\n64 13824 2 3.2383\nPointwise QoI eb rate: 2\n'
nomad-bEMTXRvdLPTu,slab,884736,7077888,64x64x216,Q,Q_sz3_b4,1.3182358864408816e-07,5.232991146814944e-11,RuntimeError: hpez rc=-6 stderr='corrupted double-linked list\n' stdout='====================================== BEGIN TUNING ================================\nABS QoI eb: 1.31824e-07\n64 13824 2 3.2383\nPointwise QoI eb rate: 2\n'
nomad-bEMTXRvdLPTu,slab,884736,7077888,64x64x216,Q,Q_sz3_b4,1.237796870384192e-07,4.9136729859206496e-11,RuntimeError: hpez rc=-6 stderr='Fatal glibc error: malloc.c:4179 (_int_malloc): assertion failed: chunk_main_arena (bck->bk)\n' stdout='====================================== BEGIN TUNING ================================\nABS QoI eb: 1.2378e-07\n64 13824 2 3.2383\nPointwise QoI eb rate: 2\n'
nomad-bEMTXRvdLPTu,slab,884736,7077888,64x64x216,Q,Q_sz3_b4,1.1994371755351545e-07,4.761396791952433e-11,RuntimeError: hpez rc=-6 stderr='malloc(): unsorted double linked list corrupted\n' stdout='====================================== BEGIN TUNING ================================\nABS QoI eb: 1.19944e-07\n64 13824 2 3.2383\nPointwise QoI eb rate: 2\n'
nomad-bEMTXRvdLPTu,slab,884736,7077888,64x64x216,Q,Q_sz3_b4,1.194726566355469e-07,4.7426971218956906e-11,RuntimeError: hpez rc=-6 stderr='malloc(): unsorted double linked list corrupted\n' stdout='====================================== BEGIN TUNING ================================\nABS QoI eb: 1.19473e-07\n64 13824 2 3.2383\nPointwise QoI eb rate: 2\n'
nomad-bEMTXRvdLPTu,slab,884736,7077888,64x64x216,Q,Q_sz3_b4,1.1923782038918798e-07,4.733374844974029e-11,RuntimeError: hpez rc=-6 stderr='malloc(): unsorted double linked list corrupted\n' stdout='====================================== BEGIN TUNING ================================\nABS QoI eb: 1.19238e-07\n64 13824 2 3.2383\nPointwise QoI eb rate: 2\n'
nomad-bEMTXRvdLPTu,slab,884736,7077888,64x64x216,Q,Q_sz3_b4,1.192231584596331e-07,4.7327928114522224e-11,RuntimeError: hpez rc=-6 stderr='malloc(): unsorted double linked list corrupted\n' stdout='====================================== BEGIN TUNING ================================\nABS QoI eb: 1.19223e-07\n64 13824 2 3.2383\nPointwise QoI eb rate: 2\n'
nomad-bEMTXRvdLPTu,slab,884736,7077888,64x64x216,Q,Q_sz3_b4,1.192158281709515e-07,4.732501821530244e-11,RuntimeError: hpez rc=-6 stderr='malloc(): unsorted double linked list corrupted\n' stdout='====================================== BEGIN TUNING ================================\nABS QoI eb: 1.19216e-07\n64 13824 2 3.2383\nPointwise QoI eb rate: 2\n'
nomad-bEMTXRvdLPTu,slab,884736,7077888,64x64x216,Q,Q_sz3_b4,1.192121631956226e-07,4.7323563332785074e-11,RuntimeError: hpez rc=-6 stderr='malloc(): invalid size (unsorted)\n' stdout='====================================== BEGIN TUNING ================================\nABS QoI eb: 1.19212e-07\n64 13824 2 3.2383\nPointwise QoI eb rate: 2\n'
nomad-bEMTXRvdLPTu,slab,884736,7077888,64x64x216,Q,Q_sz3_b4,1.1921033075020964e-07,4.7322835908298925e-11,RuntimeError: hpez rc=-6 stderr='Fatal glibc error: malloc.c:4179 (_int_malloc): assertion failed: chunk_main_arena (bck->bk)\n' stdout='====================================== BEGIN TUNING ================================\nABS QoI eb: 1.1921e-07\n64 13824 2 3.2383\nPointwise QoI eb rate: 2\n'
nomad-bEMTXRvdLPTu,slab,884736,7077888,64x64x216,Q,Q_sz3_b4,1.1920941453806578e-07,4.7322472200248894e-11,RuntimeError: hpez rc=-6 stderr='free(): invalid next size (normal)\n' stdout='====================================== BEGIN TUNING ================================\nABS QoI eb: 1.19209e-07\n64 13824 2 3.2383\nPointwise QoI eb rate: 2\n'
nomad-bEMTXRvdLPTu,slab,884736,7077888,64x64x216,Q,Q_sz3_b4,1.1920930001204306e-07,4.7322426736939236e-11,RuntimeError: hpez rc=-6 stderr='free(): invalid next size (normal)\n' stdout='====================================== BEGIN TUNING ================================\nABS QoI eb: 1.19209e-07\n64 13824 2 3.2383\nPointwise QoI eb rate: 2\n'
nomad-bEMTXRvdLPTu,slab,884736,7077888,64x64x216,Q,Q_sz3_b4,1.1920929285417038e-07,4.7322423895483876e-11,RuntimeError: hpez rc=-6 stderr='free(): invalid next size (normal)\n' stdout='====================================== BEGIN TUNING ================================\nABS QoI eb: 1.19209e-07\n64 13824 2 3.2383\nPointwise QoI eb rate: 2\n'
nomad-bEMTXRvdLPTu,slab,884736,7077888,64x64x216,Q,Q_sz3_b4,1.192092910647023e-07,4.7322423185120056e-11,RuntimeError: hpez rc=-6 stderr='free(): invalid next size (normal)\n' stdout='====================================== BEGIN TUNING ================================\nABS QoI eb: 1.19209e-07\n64 13824 2 3.2383\nPointwise QoI eb rate: 2\n'
nomad-bEMTXRvdLPTu,slab,884736,7077888,64x64x216,Q,Q_sz3_b4,1.1920929016996824e-07,4.7322422829938155e-11,RuntimeError: hpez rc=-6 stderr='free(): invalid next size (normal)\n' stdout='====================================== BEGIN TUNING ================================\nABS QoI eb: 1.19209e-07\n64 13824 2 3.2383\nPointwise QoI eb rate: 2\n'
nomad-bEMTXRvdLPTu,slab,884736,7077888,64x64x216,Q,Q_sz3_b4,1.1920928972260122e-07,4.7322422652347214e-11,RuntimeError: hpez rc=-6 stderr='free(): invalid next size (normal)\n' stdout='====================================== BEGIN TUNING ================================\nABS QoI eb: 1.19209e-07\n64 13824 2 3.2383\nPointwise QoI eb rate: 2\n'
nomad-bEMTXRvdLPTu,slab,884736,7077888,64x64x216,Q,Q_sz3_b4,1.1920928961075965e-07,4.7322422607949536e-11,RuntimeError: hpez rc=-6 stderr='free(): invalid next size (normal)\n' stdout='====================================== BEGIN TUNING ================================\nABS QoI eb: 1.19209e-07\n64 13824 2 3.2383\nPointwise QoI eb rate: 2\n'
nomad-bEMTXRvdLPTu,slab,884736,7077888,64x64x216,Q,Q_sz3_b8,4.479640168814388e-06,1.778279410038924e-09,RuntimeError: hpez rc=-11 stderr='' stdout='====================================== BEGIN TUNING ================================\nABS QoI eb: 4.47964e-06\n512 1728 2 9.15929\nPointwise QoI eb rate: 2\n'
nomad-bEMTXRvdLPTu,slab,884736,7077888,64x64x216,Q,Q_sz3_b8,5.973696173493713e-07,2.3713737056616557e-10,RuntimeError: hpez rc=-11 stderr='' stdout='====================================== BEGIN TUNING ================================\nABS QoI eb: 5.9737e-07\n512 1728 2 9.15929\nPointwise QoI eb rate: 2\n'
nomad-bEMTXRvdLPTu,slab,884736,7077888,64x64x216,Q,Q_sz3_b8,2.181439286641128e-07,8.659643233600645e-11,RuntimeError: hpez rc=-6 stderr='corrupted double-linked list\n' stdout='====================================== BEGIN TUNING ================================\nABS QoI eb: 2.18144e-07\n512 1728 2 9.15929\nPointwise QoI eb rate: 2\n'
nomad-bEMTXRvdLPTu,slab,884736,7077888,64x64x216,Q,Q_sz3_b8,1.3182358864408816e-07,5.232991146814944e-11,RuntimeError: hpez rc=-6 stderr='corrupted double-linked list\n' stdout='====================================== BEGIN TUNING ================================\nABS QoI eb: 1.31824e-07\n512 1728 2 9.15929\nPointwise QoI eb rate: 2\n'
nomad-bEMTXRvdLPTu,slab,884736,7077888,64x64x216,Q,Q_sz3_b8,1.237796870384192e-07,4.9136729859206496e-11,RuntimeError: hpez rc=-6 stderr='Fatal glibc error: malloc.c:4179 (_int_malloc): assertion failed: chunk_main_arena (bck->bk)\n' stdout='====================================== BEGIN TUNING ================================\nABS QoI eb: 1.2378e-07\n512 1728 2 9.15929\nPointwise QoI eb rate: 2\n'
nomad-bEMTXRvdLPTu,slab,884736,7077888,64x64x216,Q,Q_sz3_b8,1.1994371755351545e-07,4.761396791952433e-11,RuntimeError: hpez rc=-6 stderr='malloc(): unsorted double linked list corrupted\n' stdout='====================================== BEGIN TUNING ================================\nABS QoI eb: 1.19944e-07\n512 1728 2 9.15929\nPointwise QoI eb rate: 2\n'
nomad-bEMTXRvdLPTu,slab,884736,7077888,64x64x216,Q,Q_sz3_b8,1.194726566355469e-07,4.7426971218956906e-11,RuntimeError: hpez rc=-6 stderr='malloc(): unsorted double linked list corrupted\n' stdout='====================================== BEGIN TUNING ================================\nABS QoI eb: 1.19473e-07\n512 1728 2 9.15929\nPointwise QoI eb rate: 2\n'
nomad-bEMTXRvdLPTu,slab,884736,7077888,64x64x216,Q,Q_sz3_b8,1.1923782038918798e-07,4.733374844974029e-11,RuntimeError: hpez rc=-6 stderr='malloc(): unsorted double linked list corrupted\n' stdout='====================================== BEGIN TUNING ================================\nABS QoI eb: 1.19238e-07\n512 1728 2 9.15929\nPointwise QoI eb rate: 2\n'
nomad-bEMTXRvdLPTu,slab,884736,7077888,64x64x216,Q,Q_sz3_b8,1.192231584596331e-07,4.7327928114522224e-11,RuntimeError: hpez rc=-6 stderr='malloc(): unsorted double linked list corrupted\n' stdout='====================================== BEGIN TUNING ================================\nABS QoI eb: 1.19223e-07\n512 1728 2 9.15929\nPointwise QoI eb rate: 2\n'
nomad-bEMTXRvdLPTu,slab,884736,7077888,64x64x216,Q,Q_sz3_b8,1.192158281709515e-07,4.732501821530244e-11,RuntimeError: hpez rc=-6 stderr='malloc(): unsorted double linked list corrupted\n' stdout='====================================== BEGIN TUNING ================================\nABS QoI eb: 1.19216e-07\n512 1728 2 9.15929\nPointwise QoI eb rate: 2\n'
nomad-bEMTXRvdLPTu,slab,884736,7077888,64x64x216,Q,Q_sz3_b8,1.192121631956226e-07,4.7323563332785074e-11,RuntimeError: hpez rc=-6 stderr='malloc(): invalid size (unsorted)\n' stdout='====================================== BEGIN TUNING ================================\nABS QoI eb: 1.19212e-07\n512 1728 2 9.15929\nPointwise QoI eb rate: 2\n'
nomad-bEMTXRvdLPTu,slab,884736,7077888,64x64x216,Q,Q_sz3_b8,1.1921033075020964e-07,4.7322835908298925e-11,RuntimeError: hpez rc=-6 stderr='Fatal glibc error: malloc.c:4179 (_int_malloc): assertion failed: chunk_main_arena (bck->bk)\n' stdout='====================================== BEGIN TUNING ================================\nABS QoI eb: 1.1921e-07\n512 1728 2 9.15929\nPointwise QoI eb rate: 2\n'
nomad-bEMTXRvdLPTu,slab,884736,7077888,64x64x216,Q,Q_sz3_b8,1.1920941453806578e-07,4.7322472200248894e-11,RuntimeError: hpez rc=-6 stderr='free(): invalid next size (normal)\n' stdout='====================================== BEGIN TUNING ================================\nABS QoI eb: 1.19209e-07\n512 1728 2 9.15929\nPointwise QoI eb rate: 2\n'
nomad-bEMTXRvdLPTu,slab,884736,7077888,64x64x216,Q,Q_sz3_b8,1.1920930001204306e-07,4.7322426736939236e-11,RuntimeError: hpez rc=-6 stderr='free(): invalid next size (normal)\n' stdout='====================================== BEGIN TUNING ================================\nABS QoI eb: 1.19209e-07\n512 1728 2 9.15929\nPointwise QoI eb rate: 2\n'
nomad-bEMTXRvdLPTu,slab,884736,7077888,64x64x216,Q,Q_sz3_b8,1.1920929285417038e-07,4.7322423895483876e-11,RuntimeError: hpez rc=-6 stderr='free(): invalid next size (normal)\n' stdout='====================================== BEGIN TUNING ================================\nABS QoI eb: 1.19209e-07\n512 1728 2 9.15929\nPointwise QoI eb rate: 2\n'
nomad-bEMTXRvdLPTu,slab,884736,7077888,64x64x216,Q,Q_sz3_b8,1.192092910647023e-07,4.7322423185120056e-11,RuntimeError: hpez rc=-6 stderr='free(): invalid next size (normal)\n' stdout='====================================== BEGIN TUNING ================================\nABS QoI eb: 1.19209e-07\n512 1728 2 9.15929\nPointwise QoI eb rate: 2\n'
nomad-bEMTXRvdLPTu,slab,884736,7077888,64x64x216,Q,Q_sz3_b8,1.1920929016996824e-07,4.7322422829938155e-11,RuntimeError: hpez rc=-6 stderr='free(): invalid next size (normal)\n' stdout='====================================== BEGIN TUNING ================================\nABS QoI eb: 1.19209e-07\n512 1728 2 9.15929\nPointwise QoI eb rate: 2\n'
nomad-bEMTXRvdLPTu,slab,884736,7077888,64x64x216,Q,Q_sz3_b8,1.1920928972260122e-07,4.7322422652347214e-11,RuntimeError: hpez rc=-6 stderr='free(): invalid next size (normal)\n' stdout='====================================== BEGIN TUNING ================================\nABS QoI eb: 1.19209e-07\n512 1728 2 9.15929\nPointwise QoI eb rate: 2\n'
nomad-bEMTXRvdLPTu,slab,884736,7077888,64x64x216,Q,Q_sz3_b8,1.1920928961075965e-07,4.7322422607949536e-11,RuntimeError: hpez rc=-6 stderr='free(): invalid next size (normal)\n' stdout='====================================== BEGIN TUNING ================================\nABS QoI eb: 1.19209e-07\n512 1728 2 9.15929\nPointwise QoI eb rate: 2\n'
nomad-bEMTXRvdLPTu,slab,884736,7077888,64x64x216,Q,Q_sz3_b16,4.479640168814388e-06,1.778279410038924e-09,RuntimeError: hpez rc=-11 stderr='' stdout='====================================== BEGIN TUNING ================================\nABS QoI eb: 4.47964e-06\n4096 224 2 25.9064\nPointwise QoI eb rate: 2\n'
nomad-bEMTXRvdLPTu,slab,884736,7077888,64x64x216,Q,Q_sz3_b16,5.973696173493713e-07,2.3713737056616557e-10,RuntimeError: hpez rc=-11 stderr='' stdout='====================================== BEGIN TUNING ================================\nABS QoI eb: 5.9737e-07\n4096 224 2 25.9064\nPointwise QoI eb rate: 2\n'
nomad-bEMTXRvdLPTu,slab,884736,7077888,64x64x216,Q,Q_sz3_b16,2.181439286641128e-07,8.659643233600645e-11,RuntimeError: hpez rc=-6 stderr='corrupted double-linked list\n' stdout='====================================== BEGIN TUNING ================================\nABS QoI eb: 2.18144e-07\n4096 224 2 25.9064\nPointwise QoI eb rate: 2\n'
nomad-bEMTXRvdLPTu,slab,884736,7077888,64x64x216,Q,Q_sz3_b16,1.3182358864408816e-07,5.232991146814944e-11,RuntimeError: hpez rc=-6 stderr='corrupted double-linked list\n' stdout='====================================== BEGIN TUNING ================================\nABS QoI eb: 1.31824e-07\n4096 224 2 25.9064\nPointwise QoI eb rate: 2\n'
nomad-bEMTXRvdLPTu,slab,884736,7077888,64x64x216,Q,Q_sz3_b16,1.237796870384192e-07,4.9136729859206496e-11,RuntimeError: hpez rc=-6 stderr='Fatal glibc error: malloc.c:4179 (_int_malloc): assertion failed: chunk_main_arena (bck->bk)\n' stdout='====================================== BEGIN TUNING ================================\nABS QoI eb: 1.2378e-07\n4096 224 2 25.9064\nPointwise QoI eb rate: 2\n'
nomad-bEMTXRvdLPTu,slab,884736,7077888,64x64x216,Q,Q_sz3_b16,1.1994371755351545e-07,4.761396791952433e-11,RuntimeError: hpez rc=-6 stderr='malloc(): unsorted double linked list corrupted\n' stdout='====================================== BEGIN TUNING ================================\nABS QoI eb: 1.19944e-07\n4096 224 2 25.9064\nPointwise QoI eb rate: 2\n'
nomad-bEMTXRvdLPTu,slab,884736,7077888,64x64x216,Q,Q_sz3_b16,1.194726566355469e-07,4.7426971218956906e-11,RuntimeError: hpez rc=-6 stderr='malloc(): unsorted double linked list corrupted\n' stdout='====================================== BEGIN TUNING ================================\nABS QoI eb: 1.19473e-07\n4096 224 2 25.9064\nPointwise QoI eb rate: 2\n'
nomad-bEMTXRvdLPTu,slab,884736,7077888,64x64x216,Q,Q_sz3_b16,1.1923782038918798e-07,4.733374844974029e-11,RuntimeError: hpez rc=-6 stderr='malloc(): unsorted double linked list corrupted\n' stdout='====================================== BEGIN TUNING ================================\nABS QoI eb: 1.19238e-07\n4096 224 2 25.9064\nPointwise QoI eb rate: 2\n'
nomad-bEMTXRvdLPTu,slab,884736,7077888,64x64x216,Q,Q_sz3_b16,1.192231584596331e-07,4.7327928114522224e-11,RuntimeError: hpez rc=-6 stderr='malloc(): unsorted double linked list corrupted\n' stdout='====================================== BEGIN TUNING ================================\nABS QoI eb: 1.19223e-07\n4096 224 2 25.9064\nPointwise QoI eb rate: 2\n'
nomad-bEMTXRvdLPTu,slab,884736,7077888,64x64x216,Q,Q_sz3_b16,1.192158281709515e-07,4.732501821530244e-11,RuntimeError: hpez rc=-6 stderr='malloc(): unsorted double linked list corrupted\n' stdout='====================================== BEGIN TUNING ================================\nABS QoI eb: 1.19216e-07\n4096 224 2 25.9064\nPointwise QoI eb rate: 2\n'
nomad-bEMTXRvdLPTu,slab,884736,7077888,64x64x216,Q,Q_sz3_b16,1.192121631956226e-07,4.7323563332785074e-11,RuntimeError: hpez rc=-6 stderr='malloc(): invalid size (unsorted)\n' stdout='====================================== BEGIN TUNING ================================\nABS QoI eb: 1.19212e-07\n4096 224 2 25.9064\nPointwise QoI eb rate: 2\n'
nomad-bEMTXRvdLPTu,slab,884736,7077888,64x64x216,Q,Q_sz3_b16,1.1921033075020964e-07,4.7322835908298925e-11,RuntimeError: hpez rc=-6 stderr='Fatal glibc error: malloc.c:4179 (_int_malloc): assertion failed: chunk_main_arena (bck->bk)\n' stdout='====================================== BEGIN TUNING ================================\nABS QoI eb: 1.1921e-07\n4096 224 2 25.9064\nPointwise QoI eb rate: 2\n'
nomad-bEMTXRvdLPTu,slab,884736,7077888,64x64x216,Q,Q_sz3_b16,1.1920941453806578e-07,4.7322472200248894e-11,RuntimeError: hpez rc=-6 stderr='free(): invalid next size (normal)\n' stdout='====================================== BEGIN TUNING ================================\nABS QoI eb: 1.19209e-07\n4096 224 2 25.9064\nPointwise QoI eb rate: 2\n'
nomad-bEMTXRvdLPTu,slab,884736,7077888,64x64x216,Q,Q_sz3_b16,1.1920930001204306e-07,4.7322426736939236e-11,RuntimeError: hpez rc=-6 stderr='free(): invalid next size (normal)\n' stdout='====================================== BEGIN TUNING ================================\nABS QoI eb: 1.19209e-07\n4096 224 2 25.9064\nPointwise QoI eb rate: 2\n'
nomad-bEMTXRvdLPTu,slab,884736,7077888,64x64x216,Q,Q_sz3_b16,1.1920929285417038e-07,4.7322423895483876e-11,RuntimeError: hpez rc=-6 stderr='free(): invalid next size (normal)\n' stdout='====================================== BEGIN TUNING ================================\nABS QoI eb: 1.19209e-07\n4096 224 2 25.9064\nPointwise QoI eb rate: 2\n'
nomad-bEMTXRvdLPTu,slab,884736,7077888,64x64x216,Q,Q_sz3_b16,1.192092910647023e-07,4.7322423185120056e-11,RuntimeError: hpez rc=-6 stderr='free(): invalid next size (normal)\n' stdout='====================================== BEGIN TUNING ================================\nABS QoI eb: 1.19209e-07\n4096 224 2 25.9064\nPointwise QoI eb rate: 2\n'
nomad-bEMTXRvdLPTu,slab,884736,7077888,64x64x216,Q,Q_sz3_b16,1.1920929016996824e-07,4.7322422829938155e-11,RuntimeError: hpez rc=-6 stderr='free(): invalid next size (normal)\n' stdout='====================================== BEGIN TUNING ================================\nABS QoI eb: 1.19209e-07\n4096 224 2 25.9064\nPointwise QoI eb rate: 2\n'
nomad-bEMTXRvdLPTu,slab,884736,7077888,64x64x216,Q,Q_sz3_b16,1.1920928972260122e-07,4.7322422652347214e-11,RuntimeError: hpez rc=-6 stderr='free(): invalid next size (normal)\n' stdout='====================================== BEGIN TUNING ================================\nABS QoI eb: 1.19209e-07\n4096 224 2 25.9064\nPointwise QoI eb rate: 2\n'
nomad-bEMTXRvdLPTu,slab,884736,7077888,64x64x216,Q,Q_sz3_b16,1.1920928961075965e-07,4.7322422607949536e-11,RuntimeError: hpez rc=-6 stderr='free(): invalid next size (normal)\n' stdout='====================================== BEGIN TUNING ================================\nABS QoI eb: 1.19209e-07\n4096 224 2 25.9064\nPointwise QoI eb rate: 2\n'
nomad-deLeLsqokf9I,slab,677376,5419008,56x56x216,Q,Q_hpez_b4,2.2748422660447092e-08,3.162277660168379e-11,RuntimeError: hpez rc=-6 stderr='free(): corrupted unsorted chunks\n' stdout='====================================== BEGIN TUNING ================================\nABS QoI eb: 2.27484e-08\n64 10584 2 4.10367\nPointwise QoI eb rate: 2\nPredictor tuning started.\n'
nomad-deLeLsqokf9I,slab,677376,5419008,56x56x216,Q,Q_hpez_b4,3.033550916561606e-09,4.216965034285827e-12,RuntimeError: hpez rc=-6 stderr='corrupted double-linked list\n' stdout='====================================== BEGIN TUNING ================================\nABS QoI eb: 3.03355e-09\n64 10584 2 4.10367\nPointwise QoI eb rate: 2\nPredictor tuning started.\n'
nomad-deLeLsqokf9I,slab,677376,5419008,56x56x216,Q,Q_hpez_b4,1.107774308438498e-09,1.5399265260594945e-12,RuntimeError: hpez rc=-6 stderr='double free or corruption (out)\n' stdout='====================================== BEGIN TUNING ================================\nABS QoI eb: 1.10777e-09\n64 10584 2 4.10367\nPointwise QoI eb rate: 2\nPredictor tuning started.\n'
nomad-deLeLsqokf9I,slab,677376,5419008,56x56x216,Q,Q_hpez_b4,6.694240157879297e-10,9.305720409297024e-13,RuntimeError: hpez rc=-6 stderr='double free or corruption (!prev)\n' stdout='====================================== BEGIN TUNING ================================\nABS QoI eb: 6.69424e-10\n64 10584 2 4.10367\nPointwise QoI eb rate: 2\nPredictor tuning started.\n'
nomad-deLeLsqokf9I,slab,677376,5419008,56x56x216,Q,Q_hpez_b4,6.486783655244321e-10,9.017333353398024e-13,RuntimeError: hpez rc=-6 stderr='Fatal glibc error: malloc.c:4179 (_int_malloc): assertion failed: chunk_main_arena (bck->bk)\n' stdout='====================================== BEGIN TUNING ================================\nABS QoI eb: 6.48678e-10\n64 10584 2 4.10367\nPointwise QoI eb rate: 2\nPredictor tuning started.\n'
nomad-deLeLsqokf9I,slab,677376,5419008,56x56x216,Q,Q_hpez_b4,6.46130778768218e-10,8.981919132347328e-13,RuntimeError: hpez rc=-6 stderr='free(): invalid next size (normal)\n' stdout='====================================== BEGIN TUNING ================================\nABS QoI eb: 6.46131e-10\n64 10584 2 4.10367\nPointwise QoI eb rate: 2\nPredictor tuning started.\n'
nomad-deLeLsqokf9I,slab,677376,5419008,56x56x216,Q,Q_hpez_b4,6.448607398236115e-10,8.964264212522684e-13,RuntimeError: hpez rc=-6 stderr='double free or corruption (!prev)\n' stdout='====================================== BEGIN TUNING ================================\nABS QoI eb: 6.44861e-10\n64 10584 2 4.10367\nPointwise QoI eb rate: 2\nPredictor tuning started.\n'
nomad-deLeLsqokf9I,slab,677376,5419008,56x56x216,Q,Q_hpez_b4,6.447021605841702e-10,8.962059788973251e-13,RuntimeError: hpez rc=-6 stderr='double free or corruption (!prev)\n' stdout='====================================== BEGIN TUNING ================================\nABS QoI eb: 6.44702e-10\n64 10584 2 4.10367\nPointwise QoI eb rate: 2\nPredictor tuning started.\n'
nomad-deLeLsqokf9I,slab,677376,5419008,56x56x216,Q,Q_hpez_b4,6.446625218679025e-10,8.961508767793445e-13,RuntimeError: hpez rc=-6 stderr='double free or corruption (!prev)\n' stdout='====================================== BEGIN TUNING ================================\nABS QoI eb: 6.44663e-10\n64 10584 2 4.10367\nPointwise QoI eb rate: 2\nPredictor tuning started.\n'
nomad-deLeLsqokf9I,slab,677376,5419008,56x56x216,Q,Q_hpez_b4,6.44660044529058e-10,8.961474330094611e-13,RuntimeError: hpez rc=-6 stderr='free(): invalid next size (normal)\n' stdout='====================================== BEGIN TUNING ================================\nABS QoI eb: 6.4466e-10\n64 10584 2 4.10367\nPointwise QoI eb rate: 2\nPredictor tuning started.\n'
nomad-deLeLsqokf9I,slab,677376,5419008,56x56x216,Q,Q_hpez_b4,6.446588058632045e-10,8.961457111294808e-13,RuntimeError: hpez rc=-6 stderr='double free or corruption (!prev)\n' stdout='====================================== BEGIN TUNING ================================\nABS QoI eb: 6.44659e-10\n64 10584 2 4.10367\nPointwise QoI eb rate: 2\nPredictor tuning started.\n'
nomad-deLeLsqokf9I,slab,677376,5419008,56x56x216,Q,Q_hpez_b4,6.446584961971136e-10,8.961452806600034e-13,RuntimeError: hpez rc=-6 stderr='free(): invalid next size (normal)\n' stdout='====================================== BEGIN TUNING ================================\nABS QoI eb: 6.44658e-10\n64 10584 2 4.10367\nPointwise QoI eb rate: 2\nPredictor tuning started.\n'
nomad-deLeLsqokf9I,slab,677376,5419008,56x56x216,Q,Q_hpez_b4,6.44658341364124e-10,8.961450654253423e-13,RuntimeError: hpez rc=-6 stderr='double free or corruption (!prev)\n' stdout='====================================== BEGIN TUNING ================================\nABS QoI eb: 6.44658e-10\n64 10584 2 4.10367\nPointwise QoI eb rate: 2\nPredictor tuning started.\n'
nomad-deLeLsqokf9I,slab,677376,5419008,56x56x216,Q,Q_hpez_b4,6.446582639476421e-10,8.961449578080294e-13,RuntimeError: hpez rc=-6 stderr='double free or corruption (!prev)\n' stdout='====================================== BEGIN TUNING ================================\nABS QoI eb: 6.44658e-10\n64 10584 2 4.10367\nPointwise QoI eb rate: 2\nPredictor tuning started.\n'
nomad-deLeLsqokf9I,slab,677376,5419008,56x56x216,Q,Q_hpez_b4,6.446582591091121e-10,8.96144951081948e-13,RuntimeError: hpez rc=-6 stderr='double free or corruption (!prev)\n' stdout='====================================== BEGIN TUNING ================================\nABS QoI eb: 6.44658e-10\n64 10584 2 4.10367\nPointwise QoI eb rate: 2\nPredictor tuning started.\n'
nomad-deLeLsqokf9I,slab,677376,5419008,56x56x216,Q,Q_hpez_b4,6.446582566898485e-10,8.961449477189089e-13,RuntimeError: hpez rc=-6 stderr='double free or corruption (!prev)\n' stdout='====================================== BEGIN TUNING ================================\nABS QoI eb: 6.44658e-10\n64 10584 2 4.10367\nPointwise QoI eb rate: 2\nPredictor tuning started.\n'
nomad-deLeLsqokf9I,slab,677376,5419008,56x56x216,Q,Q_hpez_b8,2.2748422660447092e-08,3.162277660168379e-11,RuntimeError: hpez rc=-6 stderr='free(): invalid next size (normal)\n' stdout='====================================== BEGIN TUNING ================================\nABS QoI eb: 2.27484e-08\n512 1323 2 11.6069\nPointwise QoI eb rate: 3\nPredictor tuning started.\n'
nomad-deLeLsqokf9I,slab,677376,5419008,56x56x216,Q,Q_hpez_b8,3.033550916561606e-09,4.216965034285827e-12,RuntimeError: hpez rc=-6 stderr='corrupted double-linked list\n' stdout='====================================== BEGIN TUNING ================================\nABS QoI eb: 3.03355e-09\n512 1323 2 11.6069\nPointwise QoI eb rate: 3\nPredictor tuning started.\n'
nomad-deLeLsqokf9I,slab,677376,5419008,56x56x216,Q,Q_hpez_b8,1.107774308438498e-09,1.5399265260594945e-12,RuntimeError: hpez rc=-6 stderr='free(): invalid next size (normal)\n' stdout='====================================== BEGIN TUNING ================================\nABS QoI eb: 1.10777e-09\n512 1323 2 11.6069\nPointwise QoI eb rate: 3\nPredictor tuning started.\n'
nomad-deLeLsqokf9I,slab,677376,5419008,56x56x216,Q,Q_hpez_b8,6.694240157879297e-10,9.305720409297024e-13,RuntimeError: hpez rc=-6 stderr='double free or corruption (out)\n' stdout='====================================== BEGIN TUNING ================================\nABS QoI eb: 6.69424e-10\n512 1323 2 11.6069\nPointwise QoI eb rate: 3\nPredictor tuning started.\n'
nomad-deLeLsqokf9I,slab,677376,5419008,56x56x216,Q,Q_hpez_b8,5.203868202755465e-10,7.233941627366769e-13,RuntimeError: hpez rc=-6 stderr='free(): invalid next size (normal)\n' stdout='====================================== BEGIN TUNING ================================\nABS QoI eb: 5.20387e-10\n512 1323 2 11.6069\nPointwise QoI eb rate: 3\nPredictor tuning started.\n'
nomad-deLeLsqokf9I,slab,677376,5419008,56x56x216,Q,Q_hpez_b8,4.588162476101314e-10,6.378043838892195e-13,RuntimeError: hpez rc=-6 stderr='double free or corruption (!prev)\n' stdout='====================================== BEGIN TUNING ================================\nABS QoI eb: 4.58816e-10\n512 1323 2 11.6069\nPointwise QoI eb rate: 3\nPredictor tuning started.\n'
nomad-deLeLsqokf9I,slab,677376,5419008,56x56x216,Q,Q_hpez_b8,4.308191888984108e-10,5.988854334916465e-13,RuntimeError: hpez rc=-6 stderr='double free or corruption (!prev)\n' stdout='====================================== BEGIN TUNING ================================\nABS QoI eb: 4.30819e-10\n512 1323 2 11.6069\nPointwise QoI eb rate: 3\nPredictor tuning started.\n'
nomad-deLeLsqokf9I,slab,677376,5419008,56x56x216,Q,Q_hpez_b8,4.2997236784303895e-10,5.977082603110994e-13,RuntimeError: hpez rc=-6 stderr='double free or corruption (!prev)\n' stdout='====================================== BEGIN TUNING ================================\nABS QoI eb: 4.29972e-10\n512 1323 2 11.6069\nPointwise QoI eb rate: 3\nPredictor tuning started.\n'
nomad-deLeLsqokf9I,slab,677376,5419008,56x56x216,Q,Q_hpez_b8,4.2991949682822774e-10,5.976347638619156e-13,RuntimeError: hpez rc=-6 stderr='free(): invalid next size (normal)\n' stdout='====================================== BEGIN TUNING ================================\nABS QoI eb: 4.29919e-10\n512 1323 2 11.6069\nPointwise QoI eb rate: 3\nPredictor tuning started.\n'
nomad-deLeLsqokf9I,slab,677376,5419008,56x56x216,Q,Q_hpez_b8,4.298930637588282e-10,5.975980190264166e-13,RuntimeError: hpez rc=-6 stderr='free(): invalid next size (normal)\n' stdout='====================================== BEGIN TUNING ================================\nABS QoI eb: 4.29893e-10\n512 1323 2 11.6069\nPointwise QoI eb rate: 3\nPredictor tuning started.\n'
nomad-deLeLsqokf9I,slab,677376,5419008,56x56x216,Q,Q_hpez_b8,4.2987984783358644e-10,5.9757964745588e-13,RuntimeError: hpez rc=-6 stderr='free(): invalid next size (normal)\n' stdout='====================================== BEGIN TUNING ================================\nABS QoI eb: 4.2988e-10\n512 1323 2 11.6069\nPointwise QoI eb rate: 3\nPredictor tuning started.\n'
nomad-deLeLsqokf9I,slab,677376,5419008,56x56x216,Q,Q_hpez_b8,4.2987324002332463e-10,5.975704618824071e-13,RuntimeError: hpez rc=-6 stderr='double free or corruption (!prev)\n' stdout='====================================== BEGIN TUNING ================================\nABS QoI eb: 4.29873e-10\n512 1323 2 11.6069\nPointwise QoI eb rate: 3\nPredictor tuning started.\n'
nomad-deLeLsqokf9I,slab,677376,5419008,56x56x216,Q,Q_hpez_b8,4.298699361562828e-10,5.975658691486186e-13,RuntimeError: hpez rc=-6 stderr='double free or corruption (!prev)\n' stdout='====================================== BEGIN TUNING ================================\nABS QoI eb: 4.2987e-10\n512 1323 2 11.6069\nPointwise QoI eb rate: 3\nPredictor tuning started.\n'
nomad-deLeLsqokf9I,slab,677376,5419008,56x56x216,Q,Q_hpez_b8,4.298691101934905e-10,5.97564720970688e-13,RuntimeError: hpez rc=-6 stderr='double free or corruption (!prev)\n' stdout='====================================== BEGIN TUNING ================================\nABS QoI eb: 4.29869e-10\n512 1323 2 11.6069\nPointwise QoI eb rate: 3\nPredictor tuning started.\n'
nomad-deLeLsqokf9I,slab,677376,5419008,56x56x216,Q,Q_hpez_b8,4.2986908438217936e-10,5.975646850901638e-13,RuntimeError: hpez rc=-6 stderr='double free or corruption (!prev)\n' stdout='====================================== BEGIN TUNING ================================\nABS QoI eb: 4.29869e-10\n512 1323 2 11.6069\nPointwise QoI eb rate: 3\nPredictor tuning started.\n'
nomad-deLeLsqokf9I,slab,677376,5419008,56x56x216,Q,Q_hpez_b8,4.298690714765242e-10,5.975646671499024e-13,RuntimeError: hpez rc=-6 stderr='double free or corruption (!prev)\n' stdout='====================================== BEGIN TUNING ================================\nABS QoI eb: 4.29869e-10\n512 1323 2 11.6069\nPointwise QoI eb rate: 3\nPredictor tuning started.\n'
nomad-deLeLsqokf9I,slab,677376,5419008,56x56x216,Q,Q_hpez_b8,4.298690698633167e-10,5.975646649073687e-13,RuntimeError: hpez rc=-6 stderr='double free or corruption (!prev)\n' stdout='====================================== BEGIN TUNING ================================\nABS QoI eb: 4.29869e-10\n512 1323 2 11.6069\nPointwise QoI eb rate: 3\nPredictor tuning started.\n'
nomad-deLeLsqokf9I,slab,677376,5419008,56x56x216,Q,Q_hpez_b8,4.2986906946001477e-10,5.975646643467353e-13,RuntimeError: hpez rc=-6 stderr='double free or corruption (!prev)\n' stdout='====================================== BEGIN TUNING ================================\nABS QoI eb: 4.29869e-10\n512 1323 2 11.6069\nPointwise QoI eb rate: 3\nPredictor tuning started.\n'
nomad-deLeLsqokf9I,slab,677376,5419008,56x56x216,Q,Q_sz3_b4,7.19368287832e-05,1e-07,RuntimeError: hpez rc=-6 stderr='double free or corruption (!prev)\n' stdout='====================================== BEGIN TUNING ================================\nABS QoI eb: 7.19368e-05\n64 10584 2 3.2383\nPointwise QoI eb rate: 2\n'
nomad-deLeLsqokf9I,slab,677376,5419008,56x56x216,Q,Q_sz3_b4,1.2792378144866e-06,1.7782794100389243e-09,RuntimeError: hpez rc=-6 stderr='munmap_chunk(): invalid pointer\n' stdout='====================================== BEGIN TUNING ================================\nABS QoI eb: 1.27924e-06\n64 10584 2 3.2383\nPointwise QoI eb rate: 2\n'
nomad-deLeLsqokf9I,slab,677376,5419008,56x56x216,Q,Q_sz3_b4,1.7058910424516508e-07,2.3713737056616557e-10,RuntimeError: hpez rc=-6 stderr='corrupted double-linked list\n' stdout='====================================== BEGIN TUNING ================================\nABS QoI eb: 1.70589e-07\n64 10584 2 3.2383\nPointwise QoI eb rate: 2\n'
nomad-deLeLsqokf9I,slab,677376,5419008,56x56x216,Q,Q_sz3_b4,6.229472726191261e-08,8.659643233600648e-11,RuntimeError: hpez rc=-6 stderr='corrupted size vs. prev_size while consolidating\n' stdout='====================================== BEGIN TUNING ================================\nABS QoI eb: 6.22947e-08\n64 10584 2 3.2383\nPointwise QoI eb rate: 2\n'
nomad-deLeLsqokf9I,slab,677376,5419008,56x56x216,Q,Q_sz3_b4,4.8425742541673126e-08,6.731703824144995e-11,RuntimeError: hpez rc=-6 stderr='double free or corruption (!prev)\n' stdout='====================================== BEGIN TUNING ================================\nABS QoI eb: 4.84257e-08\n64 10584 2 3.2383\nPointwise QoI eb rate: 2\n'
nomad-deLeLsqokf9I,slab,677376,5419008,56x56x216,Q,Q_sz3_b4,4.5470794097367256e-08,6.320933917507692e-11,RuntimeError: hpez rc=-6 stderr='malloc(): invalid size (unsorted)\n' stdout='====================================== BEGIN TUNING ================================\nABS QoI eb: 4.54708e-08\n64 10584 2 3.2383\nPointwise QoI eb rate: 2\n'
nomad-deLeLsqokf9I,slab,677376,5419008,56x56x216,Q,Q_sz3_b4,4.4760672329827126e-08,6.222219284189581e-11,RuntimeError: hpez rc=-6 stderr='corrupted size vs. prev_size while consolidating\n' stdout='====================================== BEGIN TUNING ================================\nABS QoI eb: 4.47607e-08\n64 10584 2 3.2383\nPointwise QoI eb rate: 2\n'
nomad-deLeLsqokf9I,slab,677376,5419008,56x56x216,Q,Q_sz3_b4,4.471665975411884e-08,6.216101058455595e-11,RuntimeError: hpez rc=-6 stderr='corrupted size vs. prev_size while consolidating\n' stdout='====================================== BEGIN TUNING ================================\nABS QoI eb: 4.47167e-08\n64 10584 2 3.2383\nPointwise QoI eb rate: 2\n'
nomad-deLeLsqokf9I,slab,677376,5419008,56x56x216,Q,Q_sz3_b4,4.470566337388333e-08,6.214572442248638e-11,RuntimeError: hpez rc=-6 stderr='corrupted size vs. prev_size while consolidating\n' stdout='====================================== BEGIN TUNING ================================\nABS QoI eb: 4.47057e-08\n64 10584 2 3.2383\nPointwise QoI eb rate: 2\n'
nomad-deLeLsqokf9I,slab,677376,5419008,56x56x216,Q,Q_sz3_b4,4.4704289016502767e-08,6.214381391655523e-11,RuntimeError: hpez rc=-6 stderr='corrupted size vs. prev_size while consolidating\n' stdout='====================================== BEGIN TUNING ================================\nABS QoI eb: 4.47043e-08\n64 10584 2 3.2383\nPointwise QoI eb rate: 2\n'
nomad-deLeLsqokf9I,slab,677376,5419008,56x56x216,Q,Q_sz3_b4,4.470360185365668e-08,6.214285868561484e-11,RuntimeError: hpez rc=-6 stderr='corrupted size vs. prev_size while consolidating\n' stdout='====================================== BEGIN TUNING ================================\nABS QoI eb: 4.47036e-08\n64 10584 2 3.2383\nPointwise QoI eb rate: 2\n'
nomad-deLeLsqokf9I,slab,677376,5419008,56x56x216,Q,Q_sz3_b4,4.4703515959043686e-08,6.214273928277981e-11,RuntimeError: hpez rc=-6 stderr='corrupted size vs. prev_size while consolidating\n' stdout='====================================== BEGIN TUNING ================================\nABS QoI eb: 4.47035e-08\n64 10584 2 3.2383\nPointwise QoI eb rate: 2\n'
nomad-deLeLsqokf9I,slab,677376,5419008,56x56x216,Q,Q_sz3_b4,4.4703494485416224e-08,6.21427094321069e-11,RuntimeError: hpez rc=-6 stderr='corrupted size vs. prev_size while consolidating\n' stdout='====================================== BEGIN TUNING ================================\nABS QoI eb: 4.47035e-08\n64 10584 2 3.2383\nPointwise QoI eb rate: 2\n'
nomad-deLeLsqokf9I,slab,677376,5419008,56x56x216,Q,Q_sz3_b4,4.4703483748606354e-08,6.214269450677583e-11,RuntimeError: hpez rc=-6 stderr='corrupted size vs. prev_size while consolidating\n' stdout='====================================== BEGIN TUNING ================================\nABS QoI eb: 4.47035e-08\n64 10584 2 3.2383\nPointwise QoI eb rate: 2\n'
nomad-deLeLsqokf9I,slab,677376,5419008,56x56x216,Q,Q_sz3_b4,4.4703483664725164e-08,6.214269439017186e-11,RuntimeError: hpez rc=-6 stderr='corrupted size vs. prev_size while consolidating\n' stdout='====================================== BEGIN TUNING ================================\nABS QoI eb: 4.47035e-08\n64 10584 2 3.2383\nPointwise QoI eb rate: 2\n'
nomad-deLeLsqokf9I,slab,677376,5419008,56x56x216,Q,Q_sz3_b4,4.470348362278449e-08,6.214269433186977e-11,RuntimeError: hpez rc=-6 stderr='corrupted size vs. prev_size while consolidating\n' stdout='====================================== BEGIN TUNING ================================\nABS QoI eb: 4.47035e-08\n64 10584 2 3.2383\nPointwise QoI eb rate: 2\n'
nomad-deLeLsqokf9I,slab,677376,5419008,56x56x216,Q,Q_sz3_b8,7.19368287832e-05,1e-07,RuntimeError: hpez rc=-6 stderr='double free or corruption (!prev)\n' stdout='====================================== BEGIN TUNING ================================\nABS QoI eb: 7.19368e-05\n512 1323 2 9.15929\nPointwise QoI eb rate: 2\n'
nomad-deLeLsqokf9I,slab,677376,5419008,56x56x216,Q,Q_sz3_b8,1.2792378144866e-06,1.7782794100389243e-09,RuntimeError: hpez rc=-11 stderr='' stdout='====================================== BEGIN TUNING ================================\nABS QoI eb: 1.27924e-06\n512 1323 2 9.15929\nPointwise QoI eb rate: 2\n'
nomad-deLeLsqokf9I,slab,677376,5419008,56x56x216,Q,Q_sz3_b8,1.7058910424516508e-07,2.3713737056616557e-10,RuntimeError: hpez rc=-6 stderr='corrupted double-linked list\n' stdout='====================================== BEGIN TUNING ================================\nABS QoI eb: 1.70589e-07\n512 1323 2 9.15929\nPointwise QoI eb rate: 2\n'
nomad-deLeLsqokf9I,slab,677376,5419008,56x56x216,Q,Q_sz3_b8,6.229472726191261e-08,8.659643233600648e-11,RuntimeError: hpez rc=-6 stderr='corrupted size vs. prev_size while consolidating\n' stdout='====================================== BEGIN TUNING ================================\nABS QoI eb: 6.22947e-08\n512 1323 2 9.15929\nPointwise QoI eb rate: 2\n'
nomad-deLeLsqokf9I,slab,677376,5419008,56x56x216,Q,Q_sz3_b8,4.8425742541673126e-08,6.731703824144995e-11,RuntimeError: hpez rc=-6 stderr='double free or corruption (!prev)\n' stdout='====================================== BEGIN TUNING ================================\nABS QoI eb: 4.84257e-08\n512 1323 2 9.15929\nPointwise QoI eb rate: 2\n'
nomad-deLeLsqokf9I,slab,677376,5419008,56x56x216,Q,Q_sz3_b8,4.5470794097367256e-08,6.320933917507692e-11,RuntimeError: hpez rc=-6 stderr='malloc(): invalid size (unsorted)\n' stdout='====================================== BEGIN TUNING ================================\nABS QoI eb: 4.54708e-08\n512 1323 2 9.15929\nPointwise QoI eb rate: 2\n'
nomad-deLeLsqokf9I,slab,677376,5419008,56x56x216,Q,Q_sz3_b8,4.4760672329827126e-08,6.222219284189581e-11,RuntimeError: hpez rc=-6 stderr='corrupted size vs. prev_size while consolidating\n' stdout='====================================== BEGIN TUNING ================================\nABS QoI eb: 4.47607e-08\n512 1323 2 9.15929\nPointwise QoI eb rate: 2\n'
nomad-deLeLsqokf9I,slab,677376,5419008,56x56x216,Q,Q_sz3_b8,4.471665975411884e-08,6.216101058455595e-11,RuntimeError: hpez rc=-6 stderr='corrupted size vs. prev_size while consolidating\n' stdout='====================================== BEGIN TUNING ================================\nABS QoI eb: 4.47167e-08\n512 1323 2 9.15929\nPointwise QoI eb rate: 2\n'
nomad-deLeLsqokf9I,slab,677376,5419008,56x56x216,Q,Q_sz3_b8,4.470566337388333e-08,6.214572442248638e-11,RuntimeError: hpez rc=-6 stderr='corrupted size vs. prev_size while consolidating\n' stdout='====================================== BEGIN TUNING ================================\nABS QoI eb: 4.47057e-08\n512 1323 2 9.15929\nPointwise QoI eb rate: 2\n'
nomad-deLeLsqokf9I,slab,677376,5419008,56x56x216,Q,Q_sz3_b8,4.4704289016502767e-08,6.214381391655523e-11,RuntimeError: hpez rc=-6 stderr='corrupted size vs. prev_size while consolidating\n' stdout='====================================== BEGIN TUNING ================================\nABS QoI eb: 4.47043e-08\n512 1323 2 9.15929\nPointwise QoI eb rate: 2\n'
nomad-deLeLsqokf9I,slab,677376,5419008,56x56x216,Q,Q_sz3_b8,4.470360185365668e-08,6.214285868561484e-11,RuntimeError: hpez rc=-6 stderr='corrupted size vs. prev_size while consolidating\n' stdout='====================================== BEGIN TUNING ================================\nABS QoI eb: 4.47036e-08\n512 1323 2 9.15929\nPointwise QoI eb rate: 2\n'
nomad-deLeLsqokf9I,slab,677376,5419008,56x56x216,Q,Q_sz3_b8,4.4703515959043686e-08,6.214273928277981e-11,RuntimeError: hpez rc=-6 stderr='corrupted size vs. prev_size while consolidating\n' stdout='====================================== BEGIN TUNING ================================\nABS QoI eb: 4.47035e-08\n512 1323 2 9.15929\nPointwise QoI eb rate: 2\n'
nomad-deLeLsqokf9I,slab,677376,5419008,56x56x216,Q,Q_sz3_b8,4.4703494485416224e-08,6.21427094321069e-11,RuntimeError: hpez rc=-6 stderr='corrupted size vs. prev_size while consolidating\n' stdout='====================================== BEGIN TUNING ================================\nABS QoI eb: 4.47035e-08\n512 1323 2 9.15929\nPointwise QoI eb rate: 2\n'
nomad-deLeLsqokf9I,slab,677376,5419008,56x56x216,Q,Q_sz3_b8,4.4703483748606354e-08,6.214269450677583e-11,RuntimeError: hpez rc=-6 stderr='corrupted size vs. prev_size while consolidating\n' stdout='====================================== BEGIN TUNING ================================\nABS QoI eb: 4.47035e-08\n512 1323 2 9.15929\nPointwise QoI eb rate: 2\n'
nomad-deLeLsqokf9I,slab,677376,5419008,56x56x216,Q,Q_sz3_b8,4.4703483664725164e-08,6.214269439017186e-11,RuntimeError: hpez rc=-6 stderr='corrupted size vs. prev_size while consolidating\n' stdout='====================================== BEGIN TUNING ================================\nABS QoI eb: 4.47035e-08\n512 1323 2 9.15929\nPointwise QoI eb rate: 2\n'
nomad-deLeLsqokf9I,slab,677376,5419008,56x56x216,Q,Q_sz3_b8,4.470348362278449e-08,6.214269433186977e-11,RuntimeError: hpez rc=-6 stderr='corrupted size vs. prev_size while consolidating\n' stdout='====================================== BEGIN TUNING ================================\nABS QoI eb: 4.47035e-08\n512 1323 2 9.15929\nPointwise QoI eb rate: 2\n'
nomad-deLeLsqokf9I,slab,677376,5419008,56x56x216,Q,Q_sz3_b16,7.19368287832e-05,1e-07,RuntimeError: hpez rc=-6 stderr='double free or corruption (!prev)\n' stdout='====================================== BEGIN TUNING ================================\nABS QoI eb: 7.19368e-05\n4096 224 2 25.9064\nPointwise QoI eb rate: 2\n'
nomad-deLeLsqokf9I,slab,677376,5419008,56x56x216,Q,Q_sz3_b16,1.2792378144866e-06,1.7782794100389243e-09,RuntimeError: hpez rc=-6 stderr='munmap_chunk(): invalid pointer\n' stdout='====================================== BEGIN TUNING ================================\nABS QoI eb: 1.27924e-06\n4096 224 2 25.9064\nPointwise QoI eb rate: 2\n'
nomad-deLeLsqokf9I,slab,677376,5419008,56x56x216,Q,Q_sz3_b16,1.7058910424516508e-07,2.3713737056616557e-10,RuntimeError: hpez rc=-6 stderr='corrupted double-linked list\n' stdout='====================================== BEGIN TUNING ================================\nABS QoI eb: 1.70589e-07\n4096 224 2 25.9064\nPointwise QoI eb rate: 2\n'
nomad-deLeLsqokf9I,slab,677376,5419008,56x56x216,Q,Q_sz3_b16,6.229472726191261e-08,8.659643233600648e-11,RuntimeError: hpez rc=-6 stderr='corrupted size vs. prev_size while consolidating\n' stdout='====================================== BEGIN TUNING ================================\nABS QoI eb: 6.22947e-08\n4096 224 2 25.9064\nPointwise QoI eb rate: 2\n'
nomad-deLeLsqokf9I,slab,677376,5419008,56x56x216,Q,Q_sz3_b16,4.8425742541673126e-08,6.731703824144995e-11,RuntimeError: hpez rc=-6 stderr='double free or corruption (!prev)\n' stdout='====================================== BEGIN TUNING ================================\nABS QoI eb: 4.84257e-08\n4096 224 2 25.9064\nPointwise QoI eb rate: 2\n'
nomad-deLeLsqokf9I,slab,677376,5419008,56x56x216,Q,Q_sz3_b16,4.5470794097367256e-08,6.320933917507692e-11,RuntimeError: hpez rc=-6 stderr='malloc(): invalid size (unsorted)\n' stdout='====================================== BEGIN TUNING ================================\nABS QoI eb: 4.54708e-08\n4096 224 2 25.9064\nPointwise QoI eb rate: 2\n'
nomad-deLeLsqokf9I,slab,677376,5419008,56x56x216,Q,Q_sz3_b16,4.4760672329827126e-08,6.222219284189581e-11,RuntimeError: hpez rc=-6 stderr='corrupted size vs. prev_size while consolidating\n' stdout='====================================== BEGIN TUNING ================================\nABS QoI eb: 4.47607e-08\n4096 224 2 25.9064\nPointwise QoI eb rate: 2\n'
nomad-deLeLsqokf9I,slab,677376,5419008,56x56x216,Q,Q_sz3_b16,4.471665975411884e-08,6.216101058455595e-11,RuntimeError: hpez rc=-6 stderr='corrupted size vs. prev_size while consolidating\n' stdout='====================================== BEGIN TUNING ================================\nABS QoI eb: 4.47167e-08\n4096 224 2 25.9064\nPointwise QoI eb rate: 2\n'
nomad-deLeLsqokf9I,slab,677376,5419008,56x56x216,Q,Q_sz3_b16,4.470566337388333e-08,6.214572442248638e-11,RuntimeError: hpez rc=-6 stderr='corrupted size vs. prev_size while consolidating\n' stdout='====================================== BEGIN TUNING ================================\nABS QoI eb: 4.47057e-08\n4096 224 2 25.9064\nPointwise QoI eb rate: 2\n'
nomad-deLeLsqokf9I,slab,677376,5419008,56x56x216,Q,Q_sz3_b16,4.4704289016502767e-08,6.214381391655523e-11,RuntimeError: hpez rc=-6 stderr='corrupted size vs. prev_size while consolidating\n' stdout='====================================== BEGIN TUNING ================================\nABS QoI eb: 4.47043e-08\n4096 224 2 25.9064\nPointwise QoI eb rate: 2\n'
nomad-deLeLsqokf9I,slab,677376,5419008,56x56x216,Q,Q_sz3_b16,4.470360185365668e-08,6.214285868561484e-11,RuntimeError: hpez rc=-6 stderr='corrupted size vs. prev_size while consolidating\n' stdout='====================================== BEGIN TUNING ================================\nABS QoI eb: 4.47036e-08\n4096 224 2 25.9064\nPointwise QoI eb rate: 2\n'
nomad-deLeLsqokf9I,slab,677376,5419008,56x56x216,Q,Q_sz3_b16,4.4703515959043686e-08,6.214273928277981e-11,RuntimeError: hpez rc=-6 stderr='corrupted size vs. prev_size while consolidating\n' stdout='====================================== BEGIN TUNING ================================\nABS QoI eb: 4.47035e-08\n4096 224 2 25.9064\nPointwise QoI eb rate: 2\n'
nomad-deLeLsqokf9I,slab,677376,5419008,56x56x216,Q,Q_sz3_b16,4.4703494485416224e-08,6.21427094321069e-11,RuntimeError: hpez rc=-6 stderr='corrupted size vs. prev_size while consolidating\n' stdout='====================================== BEGIN TUNING ================================\nABS QoI eb: 4.47035e-08\n4096 224 2 25.9064\nPointwise QoI eb rate: 2\n'
nomad-deLeLsqokf9I,slab,677376,5419008,56x56x216,Q,Q_sz3_b16,4.4703483748606354e-08,6.214269450677583e-11,RuntimeError: hpez rc=-6 stderr='corrupted size vs. prev_size while consolidating\n' stdout='====================================== BEGIN TUNING ================================\nABS QoI eb: 4.47035e-08\n4096 224 2 25.9064\nPointwise QoI eb rate: 2\n'
nomad-deLeLsqokf9I,slab,677376,5419008,56x56x216,Q,Q_sz3_b16,4.4703483664725164e-08,6.214269439017186e-11,RuntimeError: hpez rc=-6 stderr='corrupted size vs. prev_size while consolidating\n' stdout='====================================== BEGIN TUNING ================================\nABS QoI eb: 4.47035e-08\n4096 224 2 25.9064\nPointwise QoI eb rate: 2\n'
nomad-deLeLsqokf9I,slab,677376,5419008,56x56x216,Q,Q_sz3_b16,4.470348362278449e-08,6.214269433186977e-11,RuntimeError: hpez rc=-6 stderr='corrupted size vs. prev_size while consolidating\n' stdout='====================================== BEGIN TUNING ================================\nABS QoI eb: 4.47035e-08\n4096 224 2 25.9064\nPointwise QoI eb rate: 2\n'
nomad-uxkQqRHBpSox,slab,1024000,8192000,80x40x320,Q,Q_hpez_b4,3.453073465210408e-11,1e-14,RuntimeError: hpez rc=-6 stderr='free(): invalid next size (normal)\n' stdout='====================================== BEGIN TUNING ================================\nABS QoI eb: 3.45307e-11\n64 16000 2 4.10367\nPointwise QoI eb rate: 2\nPredictor tuning started.\n'
nomad-uxkQqRHBpSox,slab,1024000,8192000,80x40x320,Q,Q_hpez_b8,3.453073465210408e-11,1e-14,RuntimeError: hpez rc=-6 stderr='double free or corruption (out)\n' stdout='====================================== BEGIN TUNING ================================\nABS QoI eb: 3.45307e-11\n512 2000 2 11.6069\nPointwise QoI eb rate: 3\nPredictor tuning started.\n'
nomad-uxkQqRHBpSox,slab,1024000,8192000,80x40x320,Q,Q_hpez_b16,3.453073465210408e-11,1e-14,RuntimeError: hpez rc=-6 stderr='double free or corruption (!prev)\n' stdout='====================================== BEGIN TUNING ================================\nABS QoI eb: 3.45307e-11\n4096 300 2 32.8294\nPointwise QoI eb rate: 4\nPredictor tuning started.\n'
nomad-vGEh154443lz,slab,1548288,12386304,56x64x432,Q,Q_sz3_b4,0.0003918217468006,1.3335214321633262e-08,RuntimeError: hpez rc=-11 stderr='' stdout='ise QoI eb rate: 2\ninterp best interpAlgo = CUBIC\ninterp best direction = 0\nInterp ratio = 1.3882\nchoose interp\nsz3 tuning time = 0.0138794s\nTuning time = 0.0139824s\n====================================== END TUNING ======================================\nGlobal correction done. 20 blocks corrected.\n'
nomad-vGEh154443lz,slab,1548288,12386304,56x64x432,Q,Q_sz3_b4,0.0001430831644273,4.8696752516586334e-09,RuntimeError: hpez rc=-6 stderr='double free or corruption (out)\n' stdout='====================================== BEGIN TUNING ================================\nABS QoI eb: 0.000143083\n64 24192 2 3.2383\nPointwise QoI eb rate: 2\n'
nomad-vGEh154443lz,slab,1548288,12386304,56x64x432,Q,Q_sz3_b4,8.646463976731274e-05,2.9427271762092836e-09,RuntimeError: hpez rc=-6 stderr='free(): invalid size\n' stdout='====================================== BEGIN TUNING ================================\nABS QoI eb: 8.64646e-05\n64 24192 2 3.2383\nPointwise QoI eb rate: 2\n'
nomad-vGEh154443lz,slab,1548288,12386304,56x64x432,Q,Q_sz3_b4,6.721458730730199e-05,2.2875732003184e-09,RuntimeError: hpez rc=-6 stderr='munmap_chunk(): invalid pointer\n' stdout='====================================== BEGIN TUNING ================================\nABS QoI eb: 6.72146e-05\n64 24192 2 3.2383\nPointwise QoI eb rate: 2\n'
nomad-vGEh154443lz,slab,1548288,12386304,56x64x432,Q,Q_sz3_b4,6.311313981731341e-05,2.1479850285170117e-09,RuntimeError: hpez rc=-11 stderr='' stdout='====================================== BEGIN TUNING ================================\nABS QoI eb: 6.31131e-05\n64 24192 2 3.2383\nPointwise QoI eb rate: 2\n'
nomad-vGEh154443lz,slab,1548288,12386304,56x64x432,Q,Q_sz3_b4,6.115724475707992e-05,2.0814183306963556e-09,RuntimeError: hpez rc=-6 stderr='double free or corruption (out)\n' stdout='====================================== BEGIN TUNING ================================\nABS QoI eb: 6.11572e-05\n64 24192 2 3.2383\nPointwise QoI eb rate: 2\n'
nomad-vGEh154443lz,slab,1548288,12386304,56x64x432,Q,Q_sz3_b4,6.103703367112236e-05,2.0773270810192517e-09,RuntimeError: hpez rc=-6 stderr='munmap_chunk(): invalid pointer\n' stdout='wise QoI eb rate: 2\ninterp best interpAlgo = CUBIC\ninterp best direction = 0\nInterp ratio = 1.0553\nchoose interp\nsz3 tuning time = 0.0158364s\nTuning time = 0.0159359s\n====================================== END TUNING ======================================\nGlobal correction done. 0 blocks corrected.\n'
nomad-vGEh154443lz,slab,1548288,12386304,56x64x432,Q,Q_sz3_b4,6.103515724895606e-05,2.0772632190923684e-09,RuntimeError: hpez rc=-6 stderr='double free or corruption (out)\n' stdout='====================================== BEGIN TUNING ================================\nABS QoI eb: 6.10352e-05\n64 24192 2 3.2383\nPointwise QoI eb rate: 2\n'
nomad-vGEh154443lz,slab,1548288,12386304,56x64x432,Q,Q_sz3_b4,6.10351563327484e-05,2.077263187910266e-09,RuntimeError: hpez rc=-6 stderr='double free or corruption (out)\n' stdout='====================================== BEGIN TUNING ================================\nABS QoI eb: 6.10352e-05\n64 24192 2 3.2383\nPointwise QoI eb rate: 2\n'
nomad-vGEh154443lz,slab,1548288,12386304,56x64x432,Q,Q_sz3_b4,6.103515627548539e-05,2.0772631859613844e-09,RuntimeError: hpez rc=-6 stderr='double free or corruption (out)\n' stdout='====================================== BEGIN TUNING ================================\nABS QoI eb: 6.10352e-05\n64 24192 2 3.2383\nPointwise QoI eb rate: 2\n'
nomad-vGEh154443lz,slab,1548288,12386304,56x64x432,Q,Q_sz3_b8,0.0003918217468006,1.3335214321633262e-08,RuntimeError: hpez rc=-11 stderr='' stdout='====================================== BEGIN TUNING ================================\nABS QoI eb: 0.000391822\n512 3024 2 9.15929\nPointwise QoI eb rate: 2\n'
nomad-vGEh154443lz,slab,1548288,12386304,56x64x432,Q,Q_sz3_b8,0.0001430831644273,4.8696752516586334e-09,RuntimeError: hpez rc=-6 stderr='double free or corruption (out)\n' stdout='====================================== BEGIN TUNING ================================\nABS QoI eb: 0.000143083\n512 3024 2 9.15929\nPointwise QoI eb rate: 2\n'
nomad-vGEh154443lz,slab,1548288,12386304,56x64x432,Q,Q_sz3_b8,8.646463976731274e-05,2.9427271762092836e-09,RuntimeError: hpez rc=-6 stderr='free(): invalid size\n' stdout='====================================== BEGIN TUNING ================================\nABS QoI eb: 8.64646e-05\n512 3024 2 9.15929\nPointwise QoI eb rate: 2\n'
nomad-vGEh154443lz,slab,1548288,12386304,56x64x432,Q,Q_sz3_b8,6.721458730730199e-05,2.2875732003184e-09,RuntimeError: hpez rc=-6 stderr='munmap_chunk(): invalid pointer\n' stdout='====================================== BEGIN TUNING ================================\nABS QoI eb: 6.72146e-05\n512 3024 2 9.15929\nPointwise QoI eb rate: 2\n'
nomad-vGEh154443lz,slab,1548288,12386304,56x64x432,Q,Q_sz3_b8,6.311313981731341e-05,2.1479850285170117e-09,RuntimeError: hpez rc=-11 stderr='' stdout='wise QoI eb rate: 2\ninterp best interpAlgo = CUBIC\ninterp best direction = 0\nInterp ratio = 1.0585\nchoose interp\nsz3 tuning time = 0.0149757s\nTuning time = 0.0150853s\n====================================== END TUNING ======================================\nGlobal correction done. 0 blocks corrected.\n'
nomad-vGEh154443lz,slab,1548288,12386304,56x64x432,Q,Q_sz3_b8,6.115724475707992e-05,2.0814183306963556e-09,RuntimeError: hpez rc=-6 stderr='double free or corruption (out)\n' stdout='====================================== BEGIN TUNING ================================\nABS QoI eb: 6.11572e-05\n512 3024 2 9.15929\nPointwise QoI eb rate: 2\n'
nomad-vGEh154443lz,slab,1548288,12386304,56x64x432,Q,Q_sz3_b8,6.103703367112236e-05,2.0773270810192517e-09,RuntimeError: hpez rc=-6 stderr='munmap_chunk(): invalid pointer\n' stdout='wise QoI eb rate: 2\ninterp best interpAlgo = CUBIC\ninterp best direction = 0\nInterp ratio = 1.0553\nchoose interp\nsz3 tuning time = 0.0158338s\nTuning time = 0.0159328s\n====================================== END TUNING ======================================\nGlobal correction done. 0 blocks corrected.\n'
nomad-vGEh154443lz,slab,1548288,12386304,56x64x432,Q,Q_sz3_b8,6.103515724895606e-05,2.0772632190923684e-09,RuntimeError: hpez rc=-6 stderr='double free or corruption (out)\n' stdout='====================================== BEGIN TUNING ================================\nABS QoI eb: 6.10352e-05\n512 3024 2 9.15929\nPointwise QoI eb rate: 2\n'
nomad-vGEh154443lz,slab,1548288,12386304,56x64x432,Q,Q_sz3_b8,6.10351563327484e-05,2.077263187910266e-09,RuntimeError: hpez rc=-6 stderr='double free or corruption (out)\n' stdout='====================================== BEGIN TUNING ================================\nABS QoI eb: 6.10352e-05\n512 3024 2 9.15929\nPointwise QoI eb rate: 2\n'
nomad-vGEh154443lz,slab,1548288,12386304,56x64x432,Q,Q_sz3_b8,6.103515627548539e-05,2.0772631859613844e-09,RuntimeError: hpez rc=-6 stderr='double free or corruption (out)\n' stdout='====================================== BEGIN TUNING ================================\nABS QoI eb: 6.10352e-05\n512 3024 2 9.15929\nPointwise QoI eb rate: 2\n'
nomad-vGEh154443lz,slab,1548288,12386304,56x64x432,Q,Q_sz3_b16,0.0003918217468006,1.3335214321633262e-08,RuntimeError: hpez rc=-11 stderr='' stdout='====================================== BEGIN TUNING ================================\nABS QoI eb: 0.000391822\n4096 432 2 25.9064\nPointwise QoI eb rate: 2\n'
nomad-vGEh154443lz,slab,1548288,12386304,56x64x432,Q,Q_sz3_b16,0.0001430831644273,4.8696752516586334e-09,RuntimeError: hpez rc=-6 stderr='double free or corruption (out)\n' stdout='====================================== BEGIN TUNING ================================\nABS QoI eb: 0.000143083\n4096 432 2 25.9064\nPointwise QoI eb rate: 2\n'
nomad-vGEh154443lz,slab,1548288,12386304,56x64x432,Q,Q_sz3_b16,8.646463976731274e-05,2.9427271762092836e-09,RuntimeError: hpez rc=-6 stderr='free(): invalid size\n' stdout='====================================== BEGIN TUNING ================================\nABS QoI eb: 8.64646e-05\n4096 432 2 25.9064\nPointwise QoI eb rate: 2\n'
nomad-vGEh154443lz,slab,1548288,12386304,56x64x432,Q,Q_sz3_b16,6.721458730730199e-05,2.2875732003184e-09,RuntimeError: hpez rc=-6 stderr='munmap_chunk(): invalid pointer\n' stdout='====================================== BEGIN TUNING ================================\nABS QoI eb: 6.72146e-05\n4096 432 2 25.9064\nPointwise QoI eb rate: 2\n'
nomad-vGEh154443lz,slab,1548288,12386304,56x64x432,Q,Q_sz3_b16,6.311313981731341e-05,2.1479850285170117e-09,RuntimeError: hpez rc=-11 stderr='' stdout='====================================== BEGIN TUNING ================================\nABS QoI eb: 6.31131e-05\n4096 432 2 25.9064\nPointwise QoI eb rate: 2\n'
nomad-vGEh154443lz,slab,1548288,12386304,56x64x432,Q,Q_sz3_b16,6.115724475707992e-05,2.0814183306963556e-09,RuntimeError: hpez rc=-11 stderr='' stdout='====================================== BEGIN TUNING ================================\nABS QoI eb: 6.11572e-05\n4096 432 2 25.9064\nPointwise QoI eb rate: 2\n'
nomad-vGEh154443lz,slab,1548288,12386304,56x64x432,Q,Q_sz3_b16,6.103703367112236e-05,2.0773270810192517e-09,RuntimeError: hpez rc=-6 stderr='munmap_chunk(): invalid pointer\n' stdout='====================================== BEGIN TUNING ================================\nABS QoI eb: 6.1037e-05\n4096 432 2 25.9064\nPointwise QoI eb rate: 2\n'
nomad-vGEh154443lz,slab,1548288,12386304,56x64x432,Q,Q_sz3_b16,6.103515724895606e-05,2.0772632190923684e-09,RuntimeError: hpez rc=-6 stderr='double free or corruption (out)\n' stdout='====================================== BEGIN TUNING ================================\nABS QoI eb: 6.10352e-05\n4096 432 2 25.9064\nPointwise QoI eb rate: 2\n'
nomad-vGEh154443lz,slab,1548288,12386304,56x64x432,Q,Q_sz3_b16,6.10351563327484e-05,2.077263187910266e-09,RuntimeError: hpez rc=-6 stderr='double free or corruption (out)\n' stdout='====================================== BEGIN TUNING ================================\nABS QoI eb: 6.10352e-05\n4096 432 2 25.9064\nPointwise QoI eb rate: 2\n'
nomad-vGEh154443lz,slab,1548288,12386304,56x64x432,Q,Q_sz3_b16,6.103515627548539e-05,2.0772631859613844e-09,RuntimeError: hpez rc=-6 stderr='double free or corruption (out)\n' stdout='====================================== BEGIN TUNING ================================\nABS QoI eb: 6.10352e-05\n4096 432 2 25.9064\nPointwise QoI eb rate: 2\n'
nomad-vbsqs8Js2fzW,slab,1568000,12544000,56x56x500,Q,Q_hpez_b4,4.666150182789427e-05,1.7782794100389201e-09,RuntimeError: hpez rc=-6 stderr='free(): invalid next size (normal)\n' stdout='====================================== BEGIN TUNING ================================\nABS QoI eb: 4.66615e-05\n64 24500 2 4.10367\nPointwise QoI eb rate: 2\nPredictor tuning started.\n'
nomad-vbsqs8Js2fzW,slab,1568000,12544000,56x56x500,Q,Q_hpez_b4,1.7039573206401314e-05,6.493816315762107e-10,RuntimeError: hpez rc=-6 stderr='double free or corruption (!prev)\n' stdout='====================================== BEGIN TUNING ================================\nABS QoI eb: 1.70396e-05\n64 24500 2 4.10367\nPointwise QoI eb rate: 2\nPredictor tuning started.\n'
nomad-vbsqs8Js2fzW,slab,1568000,12544000,56x56x500,Q,Q_hpez_b4,1.0296952579826724e-05,3.924189758484533e-10,RuntimeError: hpez rc=-6 stderr='corrupted double-linked list\n' stdout='====================================== BEGIN TUNING ================================\nABS QoI eb: 1.0297e-05\n64 24500 2 4.10367\nPointwise QoI eb rate: 2\nPredictor tuning started.\n'
nomad-vbsqs8Js2fzW,slab,1568000,12544000,56x56x500,Q,Q_hpez_b4,8.004490853584251e-06,3.0505278902670265e-10,RuntimeError: hpez rc=-6 stderr='free(): invalid next size (normal)\n' stdout='====================================== BEGIN TUNING ================================\nABS QoI eb: 8.00449e-06\n64 24500 2 4.10367\nPointwise QoI eb rate: 2\nPredictor tuning started.\n'
nomad-vbsqs8Js2fzW,slab,1568000,12544000,56x56x500,Q,Q_hpez_b4,7.75642929040539e-06,2.955991119493966e-10,RuntimeError: hpez rc=-6 stderr='double free or corruption (!prev)\n' stdout='====================================== BEGIN TUNING ================================\nABS QoI eb: 7.75643e-06\n64 24500 2 4.10367\nPointwise QoI eb rate: 2\nPredictor tuning started.\n'
nomad-vbsqs8Js2fzW,slab,1568000,12544000,56x56x500,Q,Q_hpez_b4,7.635296387696272e-06,2.909827121695443e-10,RuntimeError: hpez rc=-6 stderr='malloc(): invalid size (unsorted)\n' stdout='====================================== BEGIN TUNING ================================\nABS QoI eb: 7.6353e-06\n64 24500 2 4.10367\nPointwise QoI eb rate: 2\nPredictor tuning started.\n'
nomad-vbsqs8Js2fzW,slab,1568000,12544000,56x56x500,Q,Q_hpez_b4,7.631541621608022e-06,2.9083961726340784e-10,RuntimeError: hpez rc=-6 stderr='double free or corruption (!prev)\n' stdout='====================================== BEGIN TUNING ================================\nABS QoI eb: 7.63154e-06\n64 24500 2 4.10367\nPointwise QoI eb rate: 2\nPredictor tuning started.\n'
nomad-vbsqs8Js2fzW,slab,1568000,12544000,56x56x500,Q,Q_hpez_b4,7.629664931043097e-06,2.9076809620086407e-10,RuntimeError: hpez rc=-6 stderr='corrupted double-linked list\n' stdout='====================================== BEGIN TUNING ================================\nABS QoI eb: 7.62966e-06\n64 24500 2 4.10367\nPointwise QoI eb rate: 2\nPredictor tuning started.\n'
nomad-vbsqs8Js2fzW,slab,1568000,12544000,56x56x500,Q,Q_hpez_b4,7.629430377174124e-06,2.9075915730478487e-10,RuntimeError: hpez rc=-11 stderr='' stdout='====================================== BEGIN TUNING ================================\nABS QoI eb: 7.62943e-06\n64 24500 2 4.10367\nPointwise QoI eb rate: 2\nPredictor tuning started.\n'
nomad-vbsqs8Js2fzW,slab,1568000,12544000,56x56x500,Q,Q_hpez_b4,7.629401058447512e-06,2.907580399620972e-10,RuntimeError: hpez rc=-6 stderr='free(): corrupted unsorted chunks\n' stdout='====================================== BEGIN TUNING ================================\nABS QoI eb: 7.6294e-06\n64 24500 2 4.10367\nPointwise QoI eb rate: 2\nPredictor tuning started.\n'
nomad-vbsqs8Js2fzW,slab,1568000,12544000,56x56x500,Q,Q_hpez_b4,7.629397393614612e-06,2.907579002945633e-10,RuntimeError: hpez rc=-6 stderr='free(): corrupted unsorted chunks\n' stdout='====================================== BEGIN TUNING ================================\nABS QoI eb: 7.6294e-06\n64 24500 2 4.10367\nPointwise QoI eb rate: 2\nPredictor tuning started.\n'
nomad-vbsqs8Js2fzW,slab,1568000,12544000,56x56x500,Q,Q_hpez_b4,7.629395561198821e-06,2.907578304608215e-10,RuntimeError: hpez rc=-6 stderr='free(): corrupted unsorted chunks\n' stdout='====================================== BEGIN TUNING ================================\nABS QoI eb: 7.6294e-06\n64 24500 2 4.10367\nPointwise QoI eb rate: 2\nPredictor tuning started.\n'
nomad-vbsqs8Js2fzW,slab,1568000,12544000,56x56x500,Q,Q_hpez_b4,7.629394644991092e-06,2.9075779554395685e-10,RuntimeError: hpez rc=-6 stderr='free(): corrupted unsorted chunks\n' stdout='====================================== BEGIN TUNING ================================\nABS QoI eb: 7.62939e-06\n64 24500 2 4.10367\nPointwise QoI eb rate: 2\nPredictor tuning started.\n'
nomad-vbsqs8Js2fzW,slab,1568000,12544000,56x56x500,Q,Q_hpez_b4,7.629394587728099e-06,2.9075779336165246e-10,RuntimeError: hpez rc=-6 stderr='free(): corrupted unsorted chunks\n' stdout='====================================== BEGIN TUNING ================================\nABS QoI eb: 7.62939e-06\n64 24500 2 4.10367\nPointwise QoI eb rate: 2\nPredictor tuning started.\n'
nomad-vbsqs8Js2fzW,slab,1568000,12544000,56x56x500,Q,Q_hpez_b4,7.62939455909661e-06,2.907577922705006e-10,RuntimeError: hpez rc=-6 stderr='free(): corrupted unsorted chunks\n' stdout='====================================== BEGIN TUNING ================================\nABS QoI eb: 7.62939e-06\n64 24500 2 4.10367\nPointwise QoI eb rate: 2\nPredictor tuning started.\n'
nomad-vbsqs8Js2fzW,slab,1568000,12544000,56x56x500,Q,Q_hpez_b4,7.629394544780872e-06,2.9075779172492487e-10,RuntimeError: hpez rc=-6 stderr='free(): corrupted unsorted chunks\n' stdout='====================================== BEGIN TUNING ================================\nABS QoI eb: 7.62939e-06\n64 24500 2 4.10367\nPointwise QoI eb rate: 2\nPredictor tuning started.\n'
nomad-vbsqs8Js2fzW,slab,1568000,12544000,56x56x500,Q,Q_hpez_b4,7.629394537622996e-06,2.907577914521368e-10,RuntimeError: hpez rc=-6 stderr='free(): corrupted unsorted chunks\n' stdout='====================================== BEGIN TUNING ================================\nABS QoI eb: 7.62939e-06\n64 24500 2 4.10367\nPointwise QoI eb rate: 2\nPredictor tuning started.\n'
nomad-vbsqs8Js2fzW,slab,1568000,12544000,56x56x500,Q,Q_hpez_b8,4.666150182789427e-05,1.7782794100389201e-09,RuntimeError: hpez rc=-6 stderr='corrupted size vs. prev_size in fastbins\n' stdout='====================================== BEGIN TUNING ================================\nABS QoI eb: 4.66615e-05\n512 3087 2 11.6069\nPointwise QoI eb rate: 3\nPredictor tuning started.\n'
nomad-vbsqs8Js2fzW,slab,1568000,12544000,56x56x500,Q,Q_hpez_b8,6.2224112744425205e-06,2.3713737056616536e-10,RuntimeError: hpez rc=-6 stderr='double free or corruption (!prev)\n' stdout='====================================== BEGIN TUNING ================================\nABS QoI eb: 6.22241e-06\n512 3087 2 11.6069\nPointwise QoI eb rate: 3\nPredictor tuning started.\n'
nomad-vbsqs8Js2fzW,slab,1568000,12544000,56x56x500,Q,Q_hpez_b8,5.4861946551893685e-06,2.0908000412787167e-10,RuntimeError: hpez rc=-6 stderr='double free or corruption (!prev)\n' stdout='====================================== BEGIN TUNING ================================\nABS QoI eb: 5.48619e-06\n512 3087 2 11.6069\nPointwise QoI eb rate: 3\nPredictor tuning started.\n'
nomad-vbsqs8Js2fzW,slab,1568000,12544000,56x56x500,Q,Q_hpez_b8,5.151425965838645e-06,1.9632190067904038e-10,RuntimeError: hpez rc=-6 stderr='corrupted double-linked list\n' stdout='====================================== BEGIN TUNING ================================\nABS QoI eb: 5.15143e-06\n512 3087 2 11.6069\nPointwise QoI eb rate: 3\nPredictor tuning started.\n'
nomad-vbsqs8Js2fzW,slab,1568000,12544000,56x56x500,Q,Q_hpez_b8,5.111042519822885e-06,1.9478287926431782e-10,RuntimeError: hpez rc=-6 stderr='free(): invalid next size (normal)\n' stdout='====================================== BEGIN TUNING ================================\nABS QoI eb: 5.11104e-06\n512 3087 2 11.6069\nPointwise QoI eb rate: 3\nPredictor tuning started.\n'
nomad-vbsqs8Js2fzW,slab,1568000,12544000,56x56x500,Q,Q_hpez_b8,5.090969668736792e-06,1.9401789879028948e-10,RuntimeError: hpez rc=-6 stderr='free(): invalid next size (normal)\n' stdout='====================================== BEGIN TUNING ================================\nABS QoI eb: 5.09097e-06\n512 3087 2 11.6069\nPointwise QoI eb rate: 3\nPredictor tuning started.\n'
nomad-vbsqs8Js2fzW,slab,1568000,12544000,56x56x500,Q,Q_hpez_b8,5.08846611166475e-06,1.939224877165205e-10,RuntimeError: hpez rc=-6 stderr='double free or corruption (!prev)\n' stdout='====================================== BEGIN TUNING ================================\nABS QoI eb: 5.08847e-06\n512 3087 2 11.6069\nPointwise QoI eb rate: 3\nPredictor tuning started.\n'
nomad-vbsqs8Js2fzW,slab,1568000,12544000,56x56x500,Q,Q_hpez_b8,5.087214794851565e-06,1.9387479977598807e-10,RuntimeError: hpez rc=-6 stderr='malloc(): invalid next size (unsorted)\n' stdout='====================================== BEGIN TUNING ================================\nABS QoI eb: 5.08721e-06\n512 3087 2 11.6069\nPointwise QoI eb rate: 3\nPredictor tuning started.\n'
nomad-vbsqs8Js2fzW,slab,1568000,12544000,56x56x500,Q,Q_hpez_b8,5.08658925184256e-06,1.9385096020354764e-10,RuntimeError: hpez rc=-6 stderr='double free or corruption (!prev)\n' stdout='====================================== BEGIN TUNING ================================\nABS QoI eb: 5.08659e-06\n512 3087 2 11.6069\nPointwise QoI eb rate: 3\nPredictor tuning started.\n'
nomad-vbsqs8Js2fzW,slab,1568000,12544000,56x56x500,Q,Q_hpez_b8,5.08627650918332e-06,1.9383904151662628e-10,RuntimeError: hpez rc=-6 stderr='free(): invalid next size (normal)\n' stdout='====================================== BEGIN TUNING ================================\nABS QoI eb: 5.08628e-06\n512 3087 2 11.6069\nPointwise QoI eb rate: 3\nPredictor tuning started.\n'
nomad-vbsqs8Js2fzW,slab,1568000,12544000,56x56x500,Q,Q_hpez_b8,5.08626673628506e-06,1.938386690694681e-10,RuntimeError: hpez rc=-6 stderr='free(): invalid next size (normal)\n' stdout='====================================== BEGIN TUNING ================================\nABS QoI eb: 5.08627e-06\n512 3087 2 11.6069\nPointwise QoI eb rate: 3\nPredictor tuning started.\n'
nomad-vbsqs8Js2fzW,slab,1568000,12544000,56x56x500,Q,Q_hpez_b8,5.086264293063432e-06,1.9383857595779048e-10,RuntimeError: hpez rc=-6 stderr='free(): invalid next size (normal)\n' stdout='====================================== BEGIN TUNING ================================\nABS QoI eb: 5.08626e-06\n512 3087 2 11.6069\nPointwise QoI eb rate: 3\nPredictor tuning started.\n'
nomad-vbsqs8Js2fzW,slab,1568000,12544000,56x56x500,Q,Q_hpez_b8,5.086263071453057e-06,1.9383852940196844e-10,RuntimeError: hpez rc=-6 stderr='free(): invalid next size (normal)\n' stdout='====================================== BEGIN TUNING ================================\nABS QoI eb: 5.08626e-06\n512 3087 2 11.6069\nPointwise QoI eb rate: 3\nPredictor tuning started.\n'
nomad-vbsqs8Js2fzW,slab,1568000,12544000,56x56x500,Q,Q_hpez_b8,5.086263033277739e-06,1.938385279470992e-10,RuntimeError: hpez rc=-6 stderr='free(): invalid next size (normal)\n' stdout='====================================== BEGIN TUNING ================================\nABS QoI eb: 5.08626e-06\n512 3087 2 11.6069\nPointwise QoI eb rate: 3\nPredictor tuning started.\n'
nomad-vbsqs8Js2fzW,slab,1568000,12544000,56x56x500,Q,Q_hpez_b8,5.086263023733904e-06,1.9383852758338167e-10,RuntimeError: hpez rc=-6 stderr='free(): invalid next size (normal)\n' stdout='====================================== BEGIN TUNING ================================\nABS QoI eb: 5.08626e-06\n512 3087 2 11.6069\nPointwise QoI eb rate: 3\nPredictor tuning started.\n'
