material_id,base,post,tau_bader,param,stored,attempt,compression_ratio,ctp_decision,bader_error_e,reassigned_frac,unprojected_bader_error_e,unprojected_reassigned_frac,certified
mp-2693954,J,none,0.001,alpha_rel=0.000464159,U,1,164.17313265401515,,2.19999999995224e-05,0.0,2.19999999995224e-05,0.0,True
mp-2693954,J,none,0.0001,alpha_rel=0.000464159,U,1,164.17313265401515,,2.19999999995224e-05,0.0,2.19999999995224e-05,0.0,True
mp-2693954,J,none,1e-05,alpha_rel=0.000464159,U,1,164.17313265401515,,2.19999999995224e-05,0.0,2.19999999995224e-05,0.0,False
mp-2693954,J,none,1e-05,alpha_rel=0.000215443,U,2,129.22442972774098,,9.000000000369823e-06,0.0,9.000000000369823e-06,0.0,True
mp-2693954,J,uniform,0.001,alpha_rel=0.000215443,uniform,1,128.7696143129491,,0.0,0.0,9.000000000369823e-06,0.0,True
mp-2693954,J,uniform,0.0001,alpha_rel=0.000215443,uniform,1,128.7696143129491,,0.0,0.0,9.000000000369823e-06,0.0,True
mp-2693954,J,uniform,1e-05,alpha_rel=0.000215443,uniform,1,128.7696143129491,,0.0,0.0,9.000000000369823e-06,0.0,True
mp-2693954,J,hap:0.0001,0.001,alpha_rel=0.000464159,hap:0.0001,1,163.37891896920644,,0.0,0.0,2.19999999995224e-05,0.0,True
mp-2693954,J,hap:0.0001,0.0001,alpha_rel=0.000464159,hap:0.0001,1,163.37891896920644,,0.0,0.0,2.19999999995224e-05,0.0,True
mp-2693954,J,hap:0.0001,1e-05,alpha_rel=0.000464159,hap:0.0001,1,163.37891896920644,,0.0,0.0,2.19999999995224e-05,0.0,True
mp-2693954,J,hap:0.01,0.001,alpha_rel=0.000464159,hap:0.01,1,163.37891896920644,,0.0,0.0,2.19999999995224e-05,0.0,True
mp-2693954,J,hap:0.01,0.0001,alpha_rel=0.000464159,hap:0.01,1,163.37891896920644,,0.0,0.0,2.19999999995224e-05,0.0,True
mp-2693954,J,hap:0.01,1e-05,alpha_rel=0.000464159,hap:0.01,1,163.37891896920644,,0.0,0.0,2.19999999995224e-05,0.0,True
mp-2693954,J,hap:1,0.001,alpha_rel=0.000464159,hap:1,1,163.37891896920644,,0.0,0.0,2.19999999995224e-05,0.0,True
mp-2693954,J,hap:1,0.0001,alpha_rel=0.000464159,hap:1,1,163.37891896920644,,0.0,0.0,2.19999999995224e-05,0.0,True
mp-2693954,J,hap:1,1e-05,alpha_rel=0.000464159,hap:1,1,163.37891896920644,,0.0,0.0,2.19999999995224e-05,0.0,True
mp-2693954,J,ctp-uniform,0.001,alpha_rel=0.000464159,U,1,164.1654592194438,unprojected,2.19999999995224e-05,0.0,2.19999999995224e-05,0.0,True
mp-2693954,J,ctp-uniform,0.0001,alpha_rel=0.000464159,U,1,164.1654592194438,unprojected,2.19999999995224e-05,0.0,2.19999999995224e-05,0.0,True
mp-2693954,J,ctp-uniform,1e-05,alpha_rel=0.000464159,U,1,164.1654592194438,projected,2.19999999995224e-05,0.0,2.19999999995224e-05,0.0,False
mp-2693954,J,ctp-uniform,1e-05,alpha_rel=0.000215443,U,2,129.21967550862735,unprojected,9.000000000369823e-06,0.0,9.000000000369823e-06,0.0,True
mp-2693954,J,ctp-hap:0.0001,0.001,alpha_rel=0.000464159,U,1,164.1654592194438,unprojected,2.19999999995224e-05,0.0,2.19999999995224e-05,0.0,True
mp-2693954,J,ctp-hap:0.0001,0.0001,alpha_rel=0.000464159,U,1,164.1654592194438,unprojected,2.19999999995224e-05,0.0,2.19999999995224e-05,0.0,True
mp-2693954,J,ctp-hap:0.0001,1e-05,alpha_rel=0.000464159,U,1,164.1654592194438,projected,2.19999999995224e-05,0.0,2.19999999995224e-05,0.0,False
mp-2693954,J,ctp-hap:0.0001,1e-05,alpha_rel=0.000464159,hap:0.0001,2,163.3713195962603,projected,0.0,0.0,2.19999999995224e-05,0.0,True
mp-2693954,J,ctp-hap:0.01,0.001,alpha_rel=0.000464159,U,1,164.1654592194438,unprojected,2.19999999995224e-05,0.0,2.19999999995224e-05,0.0,True
mp-2693954,J,ctp-hap:0.01,0.0001,alpha_rel=0.000464159,U,1,164.1654592194438,unprojected,2.19999999995224e-05,0.0,2.19999999995224e-05,0.0,True
mp-2693954,J,ctp-hap:0.01,1e-05,alpha_rel=0.000464159,U,1,164.1654592194438,projected,2.19999999995224e-05,0.0,2.19999999995224e-05,0.0,False
mp-2693954,J,ctp-hap:0.01,1e-05,alpha_rel=0.000464159,hap:0.01,2,163.3713195962603,projected,0.0,0.0,2.19999999995224e-05,0.0,True
mp-2693954,J,ctp-hap:1,0.001,alpha_rel=0.000464159,U,1,164.1654592194438,unprojected,2.19999999995224e-05,0.0,2.19999999995224e-05,0.0,True
mp-2693954,J,ctp-hap:1,0.0001,alpha_rel=0.000464159,U,1,164.1654592194438,unprojected,2.19999999995224e-05,0.0,2.19999999995224e-05,0.0,True
mp-2693954,J,ctp-hap:1,1e-05,alpha_rel=0.000464159,U,1,164.1654592194438,projected,2.19999999995224e-05,0.0,2.19999999995224e-05,0.0,False
mp-2693954,J,ctp-hap:1,1e-05,alpha_rel=0.000464159,hap:1,2,163.3713195962603,projected,0.0,0.0,2.19999999995224e-05,0.0,True
mp-2693954,T1,none,0.001,q_cut=0.5;alpha_rel=4.64159e-06,U,1,92.51712148351068,,1.4000000000180536e-05,0.0,1.4000000000180536e-05,0.0,True
mp-2693954,T1,none,0.0001,q_cut=0.5;alpha_rel=4.64159e-06,U,1,92.51712148351068,,1.4000000000180536e-05,0.0,1.4000000000180536e-05,0.0,True
mp-2693954,T1,none,1e-05,q_cut=0.5;alpha_rel=4.64159e-06,U,1,92.51712148351068,,1.4000000000180536e-05,0.0,1.4000000000180536e-05,0.0,False
mp-2693954,T1,none,1e-05,q_cut=0.5;alpha_rel=2.15443e-06,U,2,79.06534903090741,,2.9999999995311555e-06,0.0,2.9999999995311555e-06,0.0,True
mp-2693954,T1,uniform,0.001,q_cut=0.5;alpha_rel=4.64159e-06,uniform,1,92.28376248029429,,0.0,0.0,1.4000000000180536e-05,0.0,True
mp-2693954,T1,uniform,0.0001,q_cut=0.5;alpha_rel=4.64159e-06,uniform,1,92.28376248029429,,0.0,0.0,1.4000000000180536e-05,0.0,True
mp-2693954,T1,uniform,1e-05,q_cut=0.5;alpha_rel=4.64159e-06,uniform,1,92.28376248029429,,0.0,0.0,1.4000000000180536e-05,0.0,True
mp-2693954,T1,hap:0.0001,0.001,q_cut=0.5;alpha_rel=4.64159e-06,hap:0.0001,1,92.26436902385204,,0.0,0.0,1.4000000000180536e-05,0.0,True
mp-2693954,T1,hap:0.0001,0.0001,q_cut=0.5;alpha_rel=4.64159e-06,hap:0.0001,1,92.26436902385204,,0.0,0.0,1.4000000000180536e-05,0.0,True
mp-2693954,T1,hap:0.0001,1e-05,q_cut=0.5;alpha_rel=4.64159e-06,hap:0.0001,1,92.26436902385204,,0.0,0.0,1.4000000000180536e-05,0.0,True
mp-2693954,T1,hap:0.01,0.001,q_cut=0.5;alpha_rel=4.64159e-06,hap:0.01,1,92.26436902385204,,0.0,0.0,1.4000000000180536e-05,0.0,True
mp-2693954,T1,hap:0.01,0.0001,q_cut=0.5;alpha_rel=4.64159e-06,hap:0.01,1,92.26436902385204,,0.0,0.0,1.4000000000180536e-05,0.0,True
mp-2693954,T1,hap:0.01,1e-05,q_cut=0.5;alpha_rel=4.64159e-06,hap:0.01,1,92.26436902385204,,0.0,0.0,1.4000000000180536e-05,0.0,True
mp-2693954,T1,hap:1,0.001,q_cut=0.5;alpha_rel=4.64159e-06,hap:1,1,92.26436902385204,,0.0,0.0,1.4000000000180536e-05,0.0,True
mp-2693954,T1,hap:1,0.0001,q_cut=0.5;alpha_rel=4.64159e-06,hap:1,1,92.26436902385204,,0.0,0.0,1.4000000000180536e-05,0.0,True
mp-2693954,T1,hap:1,1e-05,q_cut=0.5;alpha_rel=4.64159e-06,hap:1,1,92.26436902385204,,0.0,0.0,1.4000000000180536e-05,0.0,True
mp-2693954,T1,ctp-uniform,0.001,q_cut=0.5;alpha_rel=4.64159e-06,U,1,92.5146845779007,unprojected,1.4000000000180536e-05,0.0,1.4000000000180536e-05,0.0,True
mp-2693954,T1,ctp-uniform,0.0001,q_cut=0.5;alpha_rel=4.64159e-06,U,1,92.5146845779007,unprojected,1.4000000000180536e-05,0.0,1.4000000000180536e-05,0.0,True
mp-2693954,T1,ctp-uniform,1e-05,q_cut=0.5;alpha_rel=4.64159e-06,U,1,92.5146845779007,projected,1.4000000000180536e-05,0.0,1.4000000000180536e-05,0.0,False
mp-2693954,T1,ctp-uniform,1e-05,q_cut=0.5;alpha_rel=4.64159e-06,uniform,2,92.28133785239484,projected,0.0,0.0,1.4000000000180536e-05,0.0,True
mp-2693954,T1,ctp-hap:0.0001,0.001,q_cut=0.5;alpha_rel=4.64159e-06,U,1,92.5146845779007,unprojected,1.4000000000180536e-05,0.0,1.4000000000180536e-05,0.0,True
mp-2693954,T1,ctp-hap:0.0001,0.0001,q_cut=0.5;alpha_rel=4.64159e-06,U,1,92.5146845779007,unprojected,1.4000000000180536e-05,0.0,1.4000000000180536e-05,0.0,True
mp-2693954,T1,ctp-hap:0.0001,1e-05,q_cut=0.5;alpha_rel=4.64159e-06,U,1,92.5146845779007,projected,1.4000000000180536e-05,0.0,1.4000000000180536e-05,0.0,False
mp-2693954,T1,ctp-hap:0.0001,1e-05,q_cut=0.5;alpha_rel=4.64159e-06,hap:0.0001,2,92.26194541490452,projected,0.0,0.0,1.4000000000180536e-05,0.0,True
mp-2693954,T1,ctp-hap:0.01,0.001,q_cut=0.5;alpha_rel=4.64159e-06,U,1,92.5146845779007,unprojected,1.4000000000180536e-05,0.0,1.4000000000180536e-05,0.0,True
mp-2693954,T1,ctp-hap:0.01,0.0001,q_cut=0.5;alpha_rel=4.64159e-06,U,1,92.5146845779007,unprojected,1.4000000000180536e-05,0.0,1.4000000000180536e-05,0.0,True
mp-2693954,T1,ctp-hap:0.01,1e-05,q_cut=0.5;alpha_rel=4.64159e-06,U,1,92.5146845779007,projected,1.4000000000180536e-05,0.0,1.4000000000180536e-05,0.0,False
mp-2693954,T1,ctp-hap:0.01,1e-05,q_cut=0.5;alpha_rel=4.64159e-06,hap:0.01,2,92.26194541490452,projected,0.0,0.0,1.4000000000180536e-05,0.0,True
mp-2693954,T1,ctp-hap:1,0.001,q_cut=0.5;alpha_rel=4.64159e-06,U,1,92.5146845779007,unprojected,1.4000000000180536e-05,0.0,1.4000000000180536e-05,0.0,True
mp-2693954,T1,ctp-hap:1,0.0001,q_cut=0.5;alpha_rel=4.64159e-06,U,1,92.5146845779007,unprojected,1.4000000000180536e-05,0.0,1.4000000000180536e-05,0.0,True
mp-2693954,T1,ctp-hap:1,1e-05,q_cut=0.5;alpha_rel=4.64159e-06,U,1,92.5146845779007,projected,1.4000000000180536e-05,0.0,1.4000000000180536e-05,0.0,False
mp-2693954,T1,ctp-hap:1,1e-05,q_cut=0.5;alpha_rel=4.64159e-06,hap:1,2,92.26194541490452,projected,0.0,0.0,1.4000000000180536e-05,0.0,True
mp-2693954,R3,none,0.001,tau=1e-06;k=0;margin=0.995,U,1,211.3054987366141,,4.799999999960392e-05,0.0,4.799999999960392e-05,0.0,True
mp-2693954,R3,none,0.0001,tau=1e-06;k=0;margin=0.995,U,1,211.3054987366141,,4.799999999960392e-05,0.0,4.799999999960392e-05,0.0,True
mp-2693954,R3,none,1e-05,tau=1e-06;k=0;margin=0.995,U,1,211.3054987366141,,4.799999999960392e-05,0.0,4.799999999960392e-05,0.0,False
mp-2693954,R3,none,1e-05,tau=1e-06;k=1;margin=0.990025,U,2,211.03887520278795,,5.299999999941463e-05,0.0,5.299999999941463e-05,0.0,False
mp-2693954,R3,none,1e-05,tau=1e-06;k=2;margin=0.985074875,U,3,209.94142259414227,,4.39999999990448e-05,0.0,4.39999999990448e-05,0.0,False
mp-2693954,R3,none,1e-05,tau=1e-06;k=3;margin=0.980149501,U,4,209.66571155682905,,4.900000000063187e-05,0.0,4.900000000063187e-05,0.0,False
mp-2693954,R3,none,1e-05,tau=1e-06;k=4;margin=0.975248753,U,5,208.47103513770185,,3.799999999998249e-05,0.0,3.799999999998249e-05,0.0,False
mp-2693954,R3,hap:0.0001,0.001,tau=1e-06;k=0;margin=0.995,hap:0.0001,1,209.99162979791944,,0.0,0.0,4.799999999960392e-05,0.0,True
mp-2693954,R3,hap:0.0001,0.0001,tau=1e-06;k=0;margin=0.995,hap:0.0001,1,209.99162979791944,,0.0,0.0,4.799999999960392e-05,0.0,True
mp-2693954,R3,hap:0.0001,1e-05,tau=1e-06;k=0;margin=0.995,hap:0.0001,1,209.99162979791944,,0.0,0.0,4.799999999960392e-05,0.0,True
mp-2693954,R3,hap:0.01,0.001,tau=1e-06;k=0;margin=0.995,hap:0.01,1,209.99162979791944,,0.0,0.0,4.799999999960392e-05,0.0,True
mp-2693954,R3,hap:0.01,0.0001,tau=1e-06;k=0;margin=0.995,hap:0.01,1,209.99162979791944,,0.0,0.0,4.799999999960392e-05,0.0,True
mp-2693954,R3,hap:0.01,1e-05,tau=1e-06;k=0;margin=0.995,hap:0.01,1,209.99162979791944,,0.0,0.0,4.799999999960392e-05,0.0,True
mp-2693954,R3,ctp-uniform,0.001,tau=1e-06;k=0;margin=0.995,U,1,211.2927871022078,unprojected,4.799999999960392e-05,0.0,4.799999999960392e-05,0.0,True
mp-2693954,R3,ctp-uniform,0.0001,tau=1e-06;k=0;margin=0.995,U,1,211.2927871022078,unprojected,4.799999999960392e-05,0.0,4.799999999960392e-05,0.0,True
mp-2693954,R3,ctp-uniform,1e-05,tau=1e-06;k=0;margin=0.995,U,1,211.2927871022078,projected,4.799999999960392e-05,0.0,4.799999999960392e-05,0.0,False
mp-2693954,R3,ctp-uniform,1e-05,tau=1e-06;k=1;margin=0.990025,U,2,211.02619562605145,projected,5.299999999941463e-05,0.0,5.299999999941463e-05,0.0,False
mp-2693954,R3,ctp-uniform,1e-05,tau=1e-06;k=2;margin=0.985074875,U,3,209.9288745442592,projected,4.39999999990448e-05,0.0,4.39999999990448e-05,0.0,False
mp-2693954,R3,ctp-uniform,1e-05,tau=1e-06;k=3;margin=0.980149501,U,4,209.65319644242825,projected,4.900000000063187e-05,0.0,4.900000000063187e-05,0.0,False
mp-2693954,R3,ctp-uniform,1e-05,tau=1e-06;k=4;margin=0.975248753,U,5,208.4586622351475,projected,3.799999999998249e-05,0.0,3.799999999998249e-05,0.0,False
mp-2693954,R3,ctp-hap:0.0001,0.001,tau=1e-06;k=0;margin=0.995,U,1,211.2927871022078,unprojected,4.799999999960392e-05,0.0,4.799999999960392e-05,0.0,True
mp-2693954,R3,ctp-hap:0.0001,0.0001,tau=1e-06;k=0;margin=0.995,U,1,211.2927871022078,unprojected,4.799999999960392e-05,0.0,4.799999999960392e-05,0.0,True
mp-2693954,R3,ctp-hap:0.0001,1e-05,tau=1e-06;k=0;margin=0.995,U,1,211.2927871022078,projected,4.799999999960392e-05,0.0,4.799999999960392e-05,0.0,False
mp-2693954,R3,ctp-hap:0.0001,1e-05,tau=1e-06;k=1;margin=0.990025,U,2,211.02619562605145,projected,5.299999999941463e-05,0.0,5.299999999941463e-05,0.0,False
mp-2693954,R3,ctp-hap:0.0001,1e-05,tau=1e-06;k=0;margin=0.995,hap:0.0001,3,209.9790757458002,projected,0.0,0.0,4.799999999960392e-05,0.0,True
mp-2693954,R3,ctp-hap:0.01,0.001,tau=1e-06;k=0;margin=0.995,U,1,211.2927871022078,unprojected,4.799999999960392e-05,0.0,4.799999999960392e-05,0.0,True
mp-2693954,R3,ctp-hap:0.01,0.0001,tau=1e-06;k=0;margin=0.995,U,1,211.2927871022078,unprojected,4.799999999960392e-05,0.0,4.799999999960392e-05,0.0,True
mp-2693954,R3,ctp-hap:0.01,1e-05,tau=1e-06;k=0;margin=0.995,U,1,211.2927871022078,projected,4.799999999960392e-05,0.0,4.799999999960392e-05,0.0,False
mp-2693954,R3,ctp-hap:0.01,1e-05,tau=1e-06;k=1;margin=0.990025,U,2,211.02619562605145,projected,5.299999999941463e-05,0.0,5.299999999941463e-05,0.0,False
mp-2693954,R3,ctp-hap:0.01,1e-05,tau=1e-06;k=0;margin=0.995,hap:0.01,3,209.9790757458002,projected,0.0,0.0,4.799999999960392e-05,0.0,True
mp-2693954,R3,ctp-hap:1,0.001,tau=1e-06;k=0;margin=0.995,U,1,211.2927871022078,unprojected,4.799999999960392e-05,0.0,4.799999999960392e-05,0.0,True
mp-2693954,R3,ctp-hap:1,0.0001,tau=1e-06;k=0;margin=0.995,U,1,211.2927871022078,unprojected,4.799999999960392e-05,0.0,4.799999999960392e-05,0.0,True
mp-2693954,R3,ctp-hap:1,1e-05,tau=1e-06;k=0;margin=0.995,U,1,211.2927871022078,projected,4.799999999960392e-05,0.0,4.799999999960392e-05,0.0,False
mp-2693954,R3,ctp-hap:1,1e-05,tau=1e-06;k=1;margin=0.990025,U,2,211.02619562605145,projected,5.299999999941463e-05,0.0,5.299999999941463e-05,0.0,False
mp-2693954,R3,ctp-hap:1,1e-05,tau=1e-06;k=2;margin=0.985074875,U,3,209.9288745442592,projected,4.39999999990448e-05,0.0,4.39999999990448e-05,0.0,False
mp-2693954,R3,ctp-hap:1,1e-05,tau=1e-06;k=3;margin=0.980149501,U,4,209.65319644242825,projected,4.900000000063187e-05,0.0,4.900000000063187e-05,0.0,False
mp-2693954,R3,ctp-hap:1,1e-05,tau=1e-06;k=4;margin=0.975248753,U,5,208.4586622351475,projected,3.799999999998249e-05,0.0,3.799999999998249e-05,0.0,False
mp-2693954,GF,none,0.001,ZFP;tol_rel=4.64159e-05,U,1,13.118202462053304,,1.100000000064938e-05,0.0,1.100000000064938e-05,0.0,True
mp-2693954,GF,none,0.0001,ZFP;tol_rel=4.64159e-05,U,1,13.118202462053304,,1.100000000064938e-05,0.0,1.100000000064938e-05,0.0,True
mp-2693954,GF,none,1e-05,ZFP;tol_rel=4.64159e-05,U,1,13.118202462053304,,1.100000000064938e-05,0.0,1.100000000064938e-05,0.0,False
mp-2693954,GF,none,1e-05,SZ3;tol_rel=1e-06,U,2,11.350091936416838,,8.999999998593466e-06,0.0,8.999999998593466e-06,0.0,True
mp-2693954,GF,uniform,0.001,SZ3;tol_rel=2.15443e-06,uniform,1,13.75621754149597,,0.0,0.0,2.19999999995224e-05,0.0,True
mp-2693954,GF,uniform,0.0001,SZ3;tol_rel=2.15443e-06,uniform,1,13.75621754149597,,0.0,0.0,2.19999999995224e-05,0.0,True
mp-2693954,GF,uniform,1e-05,SZ3;tol_rel=2.15443e-06,uniform,1,13.75621754149597,,0.0,0.0,2.19999999995224e-05,0.0,True
mp-2693954,GF,hap:0.0001,0.001,ZFP;tol_rel=4.64159e-05,hap:0.0001,1,13.11310892745139,,0.0,0.0,1.100000000064938e-05,0.0,True
mp-2693954,GF,hap:0.0001,0.0001,ZFP;tol_rel=4.64159e-05,hap:0.0001,1,13.11310892745139,,0.0,0.0,1.100000000064938e-05,0.0,True
mp-2693954,GF,hap:0.0001,1e-05,ZFP;tol_rel=4.64159e-05,hap:0.0001,1,13.11310892745139,,0.0,0.0,1.100000000064938e-05,0.0,True
mp-2693954,GF,hap:0.01,0.001,ZFP;tol_rel=4.64159e-05,hap:0.01,1,13.11310892745139,,0.0,0.0,1.100000000064938e-05,0.0,True
mp-2693954,GF,hap:0.01,0.0001,ZFP;tol_rel=4.64159e-05,hap:0.01,1,13.11310892745139,,0.0,0.0,1.100000000064938e-05,0.0,True
mp-2693954,GF,hap:0.01,1e-05,ZFP;tol_rel=4.64159e-05,hap:0.01,1,13.11310892745139,,0.0,0.0,1.100000000064938e-05,0.0,True
mp-2693954,GF,hap:1,0.001,ZFP;tol_rel=4.64159e-05,hap:1,1,13.11310892745139,,0.0,0.0,1.100000000064938e-05,0.0,True
mp-2693954,GF,hap:1,0.0001,ZFP;tol_rel=4.64159e-05,hap:1,1,13.11310892745139,,0.0,0.0,1.100000000064938e-05,0.0,True
mp-2693954,GF,hap:1,1e-05,ZFP;tol_rel=4.64159e-05,hap:1,1,13.11310892745139,,0.0,0.0,1.100000000064938e-05,0.0,True
mp-2693954,GF,ctp-uniform,0.001,SZ3;tol_rel=2.15443e-06,uniform,1,13.75616366463398,unprojected,,,2.19999999995224e-05,0.0,False
mp-2693954,GF,ctp-uniform,0.001,ZFP;tol_rel=4.64159e-05,U,2,13.11815346691815,unprojected,1.100000000064938e-05,0.0,1.100000000064938e-05,0.0,True
mp-2693954,GF,ctp-uniform,0.0001,SZ3;tol_rel=2.15443e-06,uniform,1,13.75616366463398,unprojected,,,2.19999999995224e-05,0.0,False
mp-2693954,GF,ctp-uniform,0.0001,ZFP;tol_rel=4.64159e-05,U,2,13.11815346691815,unprojected,1.100000000064938e-05,0.0,1.100000000064938e-05,0.0,True
mp-2693954,GF,ctp-uniform,1e-05,SZ3;tol_rel=2.15443e-06,uniform,1,13.75616366463398,projected,0.0,0.0,2.19999999995224e-05,0.0,True
mp-2693954,GF,ctp-hap:0.0001,0.001,ZFP;tol_rel=4.64159e-05,U,1,13.11815346691815,unprojected,1.100000000064938e-05,0.0,1.100000000064938e-05,0.0,True
mp-2693954,GF,ctp-hap:0.0001,0.0001,ZFP;tol_rel=4.64159e-05,U,1,13.11815346691815,unprojected,1.100000000064938e-05,0.0,1.100000000064938e-05,0.0,True
mp-2693954,GF,ctp-hap:0.0001,1e-05,ZFP;tol_rel=4.64159e-05,U,1,13.11815346691815,projected,1.100000000064938e-05,0.0,1.100000000064938e-05,0.0,False
mp-2693954,GF,ctp-hap:0.0001,1e-05,ZFP;tol_rel=4.64159e-05,hap:0.0001,2,13.113059970356431,projected,0.0,0.0,1.100000000064938e-05,0.0,True
mp-2693954,GF,ctp-hap:0.01,0.001,ZFP;tol_rel=4.64159e-05,U,1,13.11815346691815,unprojected,1.100000000064938e-05,0.0,1.100000000064938e-05,0.0,True
mp-2693954,GF,ctp-hap:0.01,0.0001,ZFP;tol_rel=4.64159e-05,U,1,13.11815346691815,unprojected,1.100000000064938e-05,0.0,1.100000000064938e-05,0.0,True
mp-2693954,GF,ctp-hap:0.01,1e-05,ZFP;tol_rel=4.64159e-05,U,1,13.11815346691815,projected,1.100000000064938e-05,0.0,1.100000000064938e-05,0.0,False
mp-2693954,GF,ctp-hap:0.01,1e-05,ZFP;tol_rel=4.64159e-05,hap:0.01,2,13.113059970356431,projected,0.0,0.0,1.100000000064938e-05,0.0,True
mp-2693954,GF,ctp-hap:1,0.001,ZFP;tol_rel=4.64159e-05,U,1,13.11815346691815,unprojected,1.100000000064938e-05,0.0,1.100000000064938e-05,0.0,True
mp-2693954,GF,ctp-hap:1,0.0001,ZFP;tol_rel=4.64159e-05,U,1,13.11815346691815,unprojected,1.100000000064938e-05,0.0,1.100000000064938e-05,0.0,True
mp-2693954,GF,ctp-hap:1,1e-05,ZFP;tol_rel=4.64159e-05,U,1,13.11815346691815,projected,1.100000000064938e-05,0.0,1.100000000064938e-05,0.0,False
mp-2693954,GF,ctp-hap:1,1e-05,ZFP;tol_rel=4.64159e-05,hap:1,2,13.113059970356431,projected,0.0,0.0,1.100000000064938e-05,0.0,True
mp-2035886,J,none,0.001,alpha_rel=0.001,U,1,209.50353150287663,,7.999999999341867e-06,0.0,7.999999999341867e-06,0.0,True
mp-2035886,J,none,0.0001,alpha_rel=0.001,U,1,209.50353150287663,,7.999999999341867e-06,0.0,7.999999999341867e-06,0.0,True
mp-2035886,J,none,1e-05,alpha_rel=0.001,U,1,209.50353150287663,,7.999999999341867e-06,0.0,7.999999999341867e-06,0.0,True
mp-2035886,J,uniform,0.001,alpha_rel=0.000464159,uniform,1,156.47897706430032,,0.0,0.0,2.0000000020559128e-06,0.0,True
mp-2035886,J,uniform,0.0001,alpha_rel=0.000464159,uniform,1,156.47897706430032,,0.0,0.0,2.0000000020559128e-06,0.0,True
mp-2035886,J,uniform,1e-05,alpha_rel=0.000464159,uniform,1,156.47897706430032,,0.0,0.0,2.0000000020559128e-06,0.0,True
mp-2035886,J,hap:0.0001,0.001,alpha_rel=0.001,hap:0.0001,1,209.112283486624,,0.0,0.0,7.999999999341867e-06,0.0,True
mp-2035886,J,hap:0.0001,0.0001,alpha_rel=0.001,hap:0.0001,1,209.112283486624,,0.0,0.0,7.999999999341867e-06,0.0,True
mp-2035886,J,hap:0.0001,1e-05,alpha_rel=0.001,hap:0.0001,1,209.112283486624,,0.0,0.0,7.999999999341867e-06,0.0,True
mp-2035886,J,hap:0.01,0.001,alpha_rel=0.001,hap:0.01,1,209.112283486624,,0.0,0.0,7.999999999341867e-06,0.0,True
mp-2035886,J,hap:0.01,0.0001,alpha_rel=0.001,hap:0.01,1,209.112283486624,,0.0,0.0,7.999999999341867e-06,0.0,True
mp-2035886,J,hap:0.01,1e-05,alpha_rel=0.001,hap:0.01,1,209.112283486624,,0.0,0.0,7.999999999341867e-06,0.0,True
mp-2035886,J,hap:1,0.001,alpha_rel=0.001,hap:1,1,209.112283486624,,0.0,0.0,7.999999999341867e-06,0.0,True
mp-2035886,J,hap:1,0.0001,alpha_rel=0.001,hap:1,1,209.112283486624,,0.0,0.0,7.999999999341867e-06,0.0,True
mp-2035886,J,hap:1,1e-05,alpha_rel=0.001,hap:1,1,209.112283486624,,0.0,0.0,7.999999999341867e-06,0.0,True
mp-2035886,J,ctp-uniform,0.001,alpha_rel=0.001,U,1,209.4986318669754,unprojected,7.999999999341867e-06,0.0,7.999999999341867e-06,0.0,True
mp-2035886,J,ctp-uniform,0.0001,alpha_rel=0.001,U,1,209.4986318669754,unprojected,7.999999999341867e-06,0.0,7.999999999341867e-06,0.0,True
mp-2035886,J,ctp-uniform,1e-05,alpha_rel=0.001,U,1,209.4986318669754,unprojected,7.999999999341867e-06,0.0,7.999999999341867e-06,0.0,True
mp-2035886,J,ctp-hap:0.0001,0.001,alpha_rel=0.001,U,1,209.4986318669754,unprojected,7.999999999341867e-06,0.0,7.999999999341867e-06,0.0,True
mp-2035886,J,ctp-hap:0.0001,0.0001,alpha_rel=0.001,U,1,209.4986318669754,unprojected,7.999999999341867e-06,0.0,7.999999999341867e-06,0.0,True
mp-2035886,J,ctp-hap:0.0001,1e-05,alpha_rel=0.001,U,1,209.4986318669754,unprojected,7.999999999341867e-06,0.0,7.999999999341867e-06,0.0,True
mp-2035886,J,ctp-hap:0.01,0.001,alpha_rel=0.001,U,1,209.4986318669754,unprojected,7.999999999341867e-06,0.0,7.999999999341867e-06,0.0,True
mp-2035886,J,ctp-hap:0.01,0.0001,alpha_rel=0.001,U,1,209.4986318669754,unprojected,7.999999999341867e-06,0.0,7.999999999341867e-06,0.0,True
mp-2035886,J,ctp-hap:0.01,1e-05,alpha_rel=0.001,U,1,209.4986318669754,unprojected,7.999999999341867e-06,0.0,7.999999999341867e-06,0.0,True
mp-2035886,J,ctp-hap:1,0.001,alpha_rel=0.001,U,1,209.4986318669754,unprojected,7.999999999341867e-06,0.0,7.999999999341867e-06,0.0,True
mp-2035886,J,ctp-hap:1,0.0001,alpha_rel=0.001,U,1,209.4986318669754,unprojected,7.999999999341867e-06,0.0,7.999999999341867e-06,0.0,True
mp-2035886,J,ctp-hap:1,1e-05,alpha_rel=0.001,U,1,209.4986318669754,unprojected,7.999999999341867e-06,0.0,7.999999999341867e-06,0.0,True
mp-2035886,T1,none,0.001,q_cut=0.3;alpha_rel=4.64159e-06,U,1,151.88633049611718,,7.000000000090267e-06,0.0,7.000000000090267e-06,0.0,True
mp-2035886,T1,none,0.0001,q_cut=0.3;alpha_rel=4.64159e-06,U,1,151.88633049611718,,7.000000000090267e-06,0.0,7.000000000090267e-06,0.0,True
mp-2035886,T1,none,1e-05,q_cut=0.3;alpha_rel=4.64159e-06,U,1,151.88633049611718,,7.000000000090267e-06,0.0,7.000000000090267e-06,0.0,True
mp-2035886,T1,uniform,0.001,q_cut=0.3;alpha_rel=4.64159e-06,uniform,1,151.70113463166808,,0.0,0.0,7.000000000090267e-06,0.0,True
mp-2035886,T1,uniform,0.0001,q_cut=0.3;alpha_rel=4.64159e-06,uniform,1,151.70113463166808,,0.0,0.0,7.000000000090267e-06,0.0,True
mp-2035886,T1,uniform,1e-05,q_cut=0.3;alpha_rel=4.64159e-06,uniform,1,151.70113463166808,,0.0,0.0,7.000000000090267e-06,0.0,True
mp-2035886,T1,hap:0.0001,0.001,q_cut=0.3;alpha_rel=4.64159e-06,hap:0.0001,1,151.68058518744286,,0.0,0.0,7.000000000090267e-06,0.0,True
mp-2035886,T1,hap:0.0001,0.0001,q_cut=0.3;alpha_rel=4.64159e-06,hap:0.0001,1,151.68058518744286,,0.0,0.0,7.000000000090267e-06,0.0,True
mp-2035886,T1,hap:0.0001,1e-05,q_cut=0.3;alpha_rel=4.64159e-06,hap:0.0001,1,151.68058518744286,,0.0,0.0,7.000000000090267e-06,0.0,True
mp-2035886,T1,hap:0.01,0.001,q_cut=0.3;alpha_rel=4.64159e-06,hap:0.01,1,151.68058518744286,,0.0,0.0,7.000000000090267e-06,0.0,True
mp-2035886,T1,hap:0.01,0.0001,q_cut=0.3;alpha_rel=4.64159e-06,hap:0.01,1,151.68058518744286,,0.0,0.0,7.000000000090267e-06,0.0,True
mp-2035886,T1,hap:0.01,1e-05,q_cut=0.3;alpha_rel=4.64159e-06,hap:0.01,1,151.68058518744286,,0.0,0.0,7.000000000090267e-06,0.0,True
mp-2035886,T1,hap:1,0.001,q_cut=0.3;alpha_rel=4.64159e-06,hap:1,1,151.68058518744286,,0.0,0.0,7.000000000090267e-06,0.0,True
mp-2035886,T1,hap:1,0.0001,q_cut=0.3;alpha_rel=4.64159e-06,hap:1,1,151.68058518744286,,0.0,0.0,7.000000000090267e-06,0.0,True
mp-2035886,T1,hap:1,1e-05,q_cut=0.3;alpha_rel=4.64159e-06,hap:1,1,151.68058518744286,,0.0,0.0,7.000000000090267e-06,0.0,True
mp-2035886,T1,ctp-uniform,0.001,q_cut=0.3;alpha_rel=4.64159e-06,U,1,151.88375523491413,unprojected,7.000000000090267e-06,0.0,7.000000000090267e-06,0.0,True
mp-2035886,T1,ctp-uniform,0.0001,q_cut=0.3;alpha_rel=4.64159e-06,U,1,151.88375523491413,unprojected,7.000000000090267e-06,0.0,7.000000000090267e-06,0.0,True
mp-2035886,T1,ctp-uniform,1e-05,q_cut=0.3;alpha_rel=4.64159e-06,U,1,151.88375523491413,unprojected,7.000000000090267e-06,0.0,7.000000000090267e-06,0.0,True
mp-2035886,T1,ctp-hap:0.0001,0.001,q_cut=0.3;alpha_rel=4.64159e-06,U,1,151.88375523491413,unprojected,7.000000000090267e-06,0.0,7.000000000090267e-06,0.0,True
mp-2035886,T1,ctp-hap:0.0001,0.0001,q_cut=0.3;alpha_rel=4.64159e-06,U,1,151.88375523491413,unprojected,7.000000000090267e-06,0.0,7.000000000090267e-06,0.0,True
mp-2035886,T1,ctp-hap:0.0001,1e-05,q_cut=0.3;alpha_rel=4.64159e-06,U,1,151.88375523491413,unprojected,7.000000000090267e-06,0.0,7.000000000090267e-06,0.0,True
mp-2035886,T1,ctp-hap:0.01,0.001,q_cut=0.3;alpha_rel=4.64159e-06,U,1,151.88375523491413,unprojected,7.000000000090267e-06,0.0,7.000000000090267e-06,0.0,True
mp-2035886,T1,ctp-hap:0.01,0.0001,q_cut=0.3;alpha_rel=4.64159e-06,U,1,151.88375523491413,unprojected,7.000000000090267e-06,0.0,7.000000000090267e-06,0.0,True
mp-2035886,T1,ctp-hap:0.01,1e-05,q_cut=0.3;alpha_rel=4.64159e-06,U,1,151.88375523491413,unprojected,7.000000000090267e-06,0.0,7.000000000090267e-06,0.0,True
mp-2035886,T1,ctp-hap:1,0.001,q_cut=0.3;alpha_rel=4.64159e-06,U,1,151.88375523491413,unprojected,7.000000000090267e-06,0.0,7.000000000090267e-06,0.0,True
mp-2035886,T1,ctp-hap:1,0.0001,q_cut=0.3;alpha_rel=4.64159e-06,U,1,151.88375523491413,unprojected,7.000000000090267e-06,0.0,7.000000000090267e-06,0.0,True
mp-2035886,T1,ctp-hap:1,1e-05,q_cut=0.3;alpha_rel=4.64159e-06,U,1,151.88375523491413,unprojected,7.000000000090267e-06,0.0,7.000000000090267e-06,0.0,True
mp-2035886,R3,none,0.001,tau=1e-06;k=0;margin=0.995,U,1,255.19776650903083,,4.999999999810711e-06,0.0,4.999999999810711e-06,0.0,True
mp-2035886,R3,none,0.0001,tau=1e-06;k=0;margin=0.995,U,1,255.19776650903083,,4.999999999810711e-06,0.0,4.999999999810711e-06,0.0,True
mp-2035886,R3,none,1e-05,tau=1e-06;k=0;margin=0.995,U,1,255.19776650903083,,4.999999999810711e-06,0.0,4.999999999810711e-06,0.0,True
mp-2035886,R3,hap:0.0001,0.001,tau=1e-06;k=0;margin=0.995,hap:0.0001,1,254.61747484509124,,0.0,0.0,4.999999999810711e-06,0.0,True
mp-2035886,R3,hap:0.0001,0.0001,tau=1e-06;k=0;margin=0.995,hap:0.0001,1,254.61747484509124,,0.0,0.0,4.999999999810711e-06,0.0,True
mp-2035886,R3,hap:0.0001,1e-05,tau=1e-06;k=0;margin=0.995,hap:0.0001,1,254.61747484509124,,0.0,0.0,4.999999999810711e-06,0.0,True
mp-2035886,R3,hap:0.01,0.001,tau=1e-06;k=0;margin=0.995,hap:0.01,1,254.61747484509124,,0.0,0.0,4.999999999810711e-06,0.0,True
mp-2035886,R3,hap:0.01,0.0001,tau=1e-06;k=0;margin=0.995,hap:0.01,1,254.61747484509124,,0.0,0.0,4.999999999810711e-06,0.0,True
mp-2035886,R3,hap:0.01,1e-05,tau=1e-06;k=0;margin=0.995,hap:0.01,1,254.61747484509124,,0.0,0.0,4.999999999810711e-06,0.0,True
mp-2035886,R3,hap:1,0.001,tau=1e-06;k=0;margin=0.995,hap:1,1,254.61747484509124,,0.0,0.0,4.999999999810711e-06,0.0,True
mp-2035886,R3,hap:1,0.0001,tau=1e-06;k=0;margin=0.995,hap:1,1,254.61747484509124,,0.0,0.0,4.999999999810711e-06,0.0,True
mp-2035886,R3,hap:1,1e-05,tau=1e-06;k=0;margin=0.995,hap:1,1,254.61747484509124,,0.0,0.0,4.999999999810711e-06,0.0,True
mp-2035886,R3,ctp-uniform,0.001,tau=1e-06;k=0;margin=0.995,U,1,255.19049653875737,unprojected,4.999999999810711e-06,0.0,4.999999999810711e-06,0.0,True
mp-2035886,R3,ctp-uniform,0.0001,tau=1e-06;k=0;margin=0.995,U,1,255.19049653875737,unprojected,4.999999999810711e-06,0.0,4.999999999810711e-06,0.0,True
mp-2035886,R3,ctp-uniform,1e-05,tau=1e-06;k=0;margin=0.995,U,1,255.19049653875737,unprojected,4.999999999810711e-06,0.0,4.999999999810711e-06,0.0,True
mp-2035886,R3,ctp-hap:0.0001,0.001,tau=1e-06;k=0;margin=0.995,U,1,255.19049653875737,unprojected,4.999999999810711e-06,0.0,4.999999999810711e-06,0.0,True
mp-2035886,R3,ctp-hap:0.0001,0.0001,tau=1e-06;k=0;margin=0.995,U,1,255.19049653875737,unprojected,4.999999999810711e-06,0.0,4.999999999810711e-06,0.0,True
mp-2035886,R3,ctp-hap:0.0001,1e-05,tau=1e-06;k=0;margin=0.995,U,1,255.19049653875737,unprojected,4.999999999810711e-06,0.0,4.999999999810711e-06,0.0,True
mp-2035886,R3,ctp-hap:0.01,0.001,tau=1e-06;k=0;margin=0.995,U,1,255.19049653875737,unprojected,4.999999999810711e-06,0.0,4.999999999810711e-06,0.0,True
mp-2035886,R3,ctp-hap:0.01,0.0001,tau=1e-06;k=0;margin=0.995,U,1,255.19049653875737,unprojected,4.999999999810711e-06,0.0,4.999999999810711e-06,0.0,True
mp-2035886,R3,ctp-hap:0.01,1e-05,tau=1e-06;k=0;margin=0.995,U,1,255.19049653875737,unprojected,4.999999999810711e-06,0.0,4.999999999810711e-06,0.0,True
mp-2035886,R3,ctp-hap:1,0.001,tau=1e-06;k=0;margin=0.995,U,1,255.19049653875737,unprojected,4.999999999810711e-06,0.0,4.999999999810711e-06,0.0,True
mp-2035886,R3,ctp-hap:1,0.0001,tau=1e-06;k=0;margin=0.995,U,1,255.19049653875737,unprojected,4.999999999810711e-06,0.0,4.999999999810711e-06,0.0,True
mp-2035886,R3,ctp-hap:1,1e-05,tau=1e-06;k=0;margin=0.995,U,1,255.19049653875737,unprojected,4.999999999810711e-06,0.0,4.999999999810711e-06,0.0,True
mp-2035886,GF,none,0.001,ZFP;tol_rel=2.15443e-05,U,1,16.583640645132625,,2.9999999995311555e-06,0.0,2.9999999995311555e-06,0.0,True
mp-2035886,GF,none,0.0001,ZFP;tol_rel=2.15443e-05,U,1,16.583640645132625,,2.9999999995311555e-06,0.0,2.9999999995311555e-06,0.0,True
mp-2035886,GF,none,1e-05,ZFP;tol_rel=2.15443e-05,U,1,16.583640645132625,,2.9999999995311555e-06,0.0,2.9999999995311555e-06,0.0,True
mp-2035886,GF,uniform,0.001,SZ3;tol_rel=1e-06,uniform,1,19.44899009307688,,0.0,0.0,7.999999999341867e-06,0.0,True
mp-2035886,GF,uniform,0.0001,SZ3;tol_rel=1e-06,uniform,1,19.44899009307688,,0.0,0.0,7.999999999341867e-06,0.0,True
mp-2035886,GF,uniform,1e-05,SZ3;tol_rel=1e-06,uniform,1,19.44899009307688,,0.0,0.0,7.999999999341867e-06,0.0,True
mp-2035886,GF,hap:0.0001,0.001,ZFP;tol_rel=2.15443e-05,hap:0.0001,1,16.58118493728806,,0.0,0.0,2.9999999995311555e-06,0.0,True
mp-2035886,GF,hap:0.0001,0.0001,ZFP;tol_rel=2.15443e-05,hap:0.0001,1,16.58118493728806,,0.0,0.0,2.9999999995311555e-06,0.0,True
mp-2035886,GF,hap:0.0001,1e-05,ZFP;tol_rel=2.15443e-05,hap:0.0001,1,16.58118493728806,,0.0,0.0,2.9999999995311555e-06,0.0,True
mp-2035886,GF,hap:0.01,0.001,ZFP;tol_rel=2.15443e-05,hap:0.01,1,16.58118493728806,,0.0,0.0,2.9999999995311555e-06,0.0,True
mp-2035886,GF,hap:0.01,0.0001,ZFP;tol_rel=2.15443e-05,hap:0.01,1,16.58118493728806,,0.0,0.0,2.9999999995311555e-06,0.0,True
mp-2035886,GF,hap:0.01,1e-05,ZFP;tol_rel=2.15443e-05,hap:0.01,1,16.58118493728806,,0.0,0.0,2.9999999995311555e-06,0.0,True
mp-2035886,GF,hap:1,0.001,SZ3;tol_rel=1e-06,hap:1,1,19.448652286716097,,0.0,0.0,7.999999999341867e-06,0.0,True
mp-2035886,GF,hap:1,0.0001,SZ3;tol_rel=1e-06,hap:1,1,19.448652286716097,,0.0,0.0,7.999999999341867e-06,0.0,True
mp-2035886,GF,hap:1,1e-05,SZ3;tol_rel=1e-06,hap:1,1,19.448652286716097,,0.0,0.0,7.999999999341867e-06,0.0,True
mp-2035886,GF,ctp-uniform,0.001,SZ3;tol_rel=1e-06,uniform,1,19.448947866640037,unprojected,,,7.999999999341867e-06,0.0,False
mp-2035886,GF,ctp-uniform,0.001,ZFP;tol_rel=2.15443e-05,U,2,16.583609944295212,unprojected,2.9999999995311555e-06,0.0,2.9999999995311555e-06,0.0,True
mp-2035886,GF,ctp-uniform,0.0001,SZ3;tol_rel=1e-06,uniform,1,19.448947866640037,unprojected,,,7.999999999341867e-06,0.0,False
mp-2035886,GF,ctp-uniform,0.0001,ZFP;tol_rel=2.15443e-05,U,2,16.583609944295212,unprojected,2.9999999995311555e-06,0.0,2.9999999995311555e-06,0.0,True
mp-2035886,GF,ctp-uniform,1e-05,SZ3;tol_rel=1e-06,uniform,1,19.448947866640037,unprojected,,,7.999999999341867e-06,0.0,False
mp-2035886,GF,ctp-uniform,1e-05,ZFP;tol_rel=2.15443e-05,U,2,16.583609944295212,unprojected,2.9999999995311555e-06,0.0,2.9999999995311555e-06,0.0,True
mp-2035886,GF,ctp-hap:0.0001,0.001,ZFP;tol_rel=2.15443e-05,U,1,16.583609944295212,unprojected,2.9999999995311555e-06,0.0,2.9999999995311555e-06,0.0,True
mp-2035886,GF,ctp-hap:0.0001,0.0001,ZFP;tol_rel=2.15443e-05,U,1,16.583609944295212,unprojected,2.9999999995311555e-06,0.0,2.9999999995311555e-06,0.0,True
mp-2035886,GF,ctp-hap:0.0001,1e-05,ZFP;tol_rel=2.15443e-05,U,1,16.583609944295212,unprojected,2.9999999995311555e-06,0.0,2.9999999995311555e-06,0.0,True
mp-2035886,GF,ctp-hap:0.01,0.001,ZFP;tol_rel=2.15443e-05,U,1,16.583609944295212,unprojected,2.9999999995311555e-06,0.0,2.9999999995311555e-06,0.0,True
mp-2035886,GF,ctp-hap:0.01,0.0001,ZFP;tol_rel=2.15443e-05,U,1,16.583609944295212,unprojected,2.9999999995311555e-06,0.0,2.9999999995311555e-06,0.0,True
mp-2035886,GF,ctp-hap:0.01,1e-05,ZFP;tol_rel=2.15443e-05,U,1,16.583609944295212,unprojected,2.9999999995311555e-06,0.0,2.9999999995311555e-06,0.0,True
mp-2035886,GF,ctp-hap:1,0.001,SZ3;tol_rel=1e-06,hap:1,1,19.448610061746084,unprojected,,,7.999999999341867e-06,0.0,False
mp-2035886,GF,ctp-hap:1,0.001,ZFP;tol_rel=2.15443e-05,U,2,16.583609944295212,unprojected,2.9999999995311555e-06,0.0,2.9999999995311555e-06,0.0,True
mp-2035886,GF,ctp-hap:1,0.0001,SZ3;tol_rel=1e-06,hap:1,1,19.448610061746084,unprojected,,,7.999999999341867e-06,0.0,False
mp-2035886,GF,ctp-hap:1,0.0001,ZFP;tol_rel=2.15443e-05,U,2,16.583609944295212,unprojected,2.9999999995311555e-06,0.0,2.9999999995311555e-06,0.0,True
mp-2035886,GF,ctp-hap:1,1e-05,SZ3;tol_rel=1e-06,hap:1,1,19.448610061746084,unprojected,,,7.999999999341867e-06,0.0,False
mp-2035886,GF,ctp-hap:1,1e-05,ZFP;tol_rel=2.15443e-05,U,2,16.583609944295212,unprojected,2.9999999995311555e-06,0.0,2.9999999995311555e-06,0.0,True
mp-2015554,J,none,0.001,alpha_rel=0.00464159,U,1,201.86915887850463,,4.000000000559112e-06,0.0,4.000000000559112e-06,0.0,True
mp-2015554,J,none,0.0001,alpha_rel=0.00464159,U,1,201.86915887850463,,4.000000000559112e-06,0.0,4.000000000559112e-06,0.0,True
mp-2015554,J,none,1e-05,alpha_rel=0.00464159,U,1,201.86915887850463,,4.000000000559112e-06,0.0,4.000000000559112e-06,0.0,True
mp-2015554,J,uniform,0.001,alpha_rel=0.00464159,uniform,1,201.50404569252737,,0.0,0.0,4.000000000559112e-06,0.0,True
mp-2015554,J,uniform,0.0001,alpha_rel=0.00464159,uniform,1,201.50404569252737,,0.0,0.0,4.000000000559112e-06,0.0,True
mp-2015554,J,uniform,1e-05,alpha_rel=0.00464159,uniform,1,201.50404569252737,,0.0,0.0,4.000000000559112e-06,0.0,True
mp-2015554,J,hap:0.0001,0.001,alpha_rel=0.00464159,hap:0.0001,1,201.48486579097656,,0.0,0.0,4.000000000559112e-06,0.0,True
mp-2015554,J,hap:0.0001,0.0001,alpha_rel=0.00464159,hap:0.0001,1,201.48486579097656,,0.0,0.0,4.000000000559112e-06,0.0,True
mp-2015554,J,hap:0.0001,1e-05,alpha_rel=0.00464159,hap:0.0001,1,201.48486579097656,,0.0,0.0,4.000000000559112e-06,0.0,True
mp-2015554,J,hap:0.01,0.001,alpha_rel=0.00464159,hap:0.01,1,201.48486579097656,,0.0,0.0,4.000000000559112e-06,0.0,True
mp-2015554,J,hap:0.01,0.0001,alpha_rel=0.00464159,hap:0.01,1,201.48486579097656,,0.0,0.0,4.000000000559112e-06,0.0,True
mp-2015554,J,hap:0.01,1e-05,alpha_rel=0.00464159,hap:0.01,1,201.48486579097656,,0.0,0.0,4.000000000559112e-06,0.0,True
mp-2015554,J,hap:1,0.001,alpha_rel=0.00464159,hap:1,1,201.48486579097656,,0.0,0.0,4.000000000559112e-06,0.0,True
mp-2015554,J,hap:1,0.0001,alpha_rel=0.00464159,hap:1,1,201.48486579097656,,0.0,0.0,4.000000000559112e-06,0.0,True
mp-2015554,J,hap:1,1e-05,alpha_rel=0.00464159,hap:1,1,201.48486579097656,,0.0,0.0,4.000000000559112e-06,0.0,True
mp-2015554,J,ctp-uniform,0.001,alpha_rel=0.00464159,U,1,201.86675249436755,unprojected,4.000000000559112e-06,0.0,4.000000000559112e-06,0.0,True
mp-2015554,J,ctp-uniform,0.0001,alpha_rel=0.00464159,U,1,201.86675249436755,unprojected,4.000000000559112e-06,0.0,4.000000000559112e-06,0.0,True
mp-2015554,J,ctp-uniform,1e-05,alpha_rel=0.00464159,U,1,201.86675249436755,unprojected,4.000000000559112e-06,0.0,4.000000000559112e-06,0.0,True
mp-2015554,J,ctp-hap:0.0001,0.001,alpha_rel=0.00464159,U,1,201.86675249436755,unprojected,4.000000000559112e-06,0.0,4.000000000559112e-06,0.0,True
mp-2015554,J,ctp-hap:0.0001,0.0001,alpha_rel=0.00464159,U,1,201.86675249436755,unprojected,4.000000000559112e-06,0.0,4.000000000559112e-06,0.0,True
mp-2015554,J,ctp-hap:0.0001,1e-05,alpha_rel=0.00464159,U,1,201.86675249436755,unprojected,4.000000000559112e-06,0.0,4.000000000559112e-06,0.0,True
mp-2015554,J,ctp-hap:0.01,0.001,alpha_rel=0.00464159,U,1,201.86675249436755,unprojected,4.000000000559112e-06,0.0,4.000000000559112e-06,0.0,True
mp-2015554,J,ctp-hap:0.01,0.0001,alpha_rel=0.00464159,U,1,201.86675249436755,unprojected,4.000000000559112e-06,0.0,4.000000000559112e-06,0.0,True
mp-2015554,J,ctp-hap:0.01,1e-05,alpha_rel=0.00464159,U,1,201.86675249436755,unprojected,4.000000000559112e-06,0.0,4.000000000559112e-06,0.0,True
mp-2015554,J,ctp-hap:1,0.001,alpha_rel=0.00464159,U,1,201.86675249436755,unprojected,4.000000000559112e-06,0.0,4.000000000559112e-06,0.0,True
mp-2015554,J,ctp-hap:1,0.0001,alpha_rel=0.00464159,U,1,201.86675249436755,unprojected,4.000000000559112e-06,0.0,4.000000000559112e-06,0.0,True
mp-2015554,J,ctp-hap:1,1e-05,alpha_rel=0.00464159,U,1,201.86675249436755,unprojected,4.000000000559112e-06,0.0,4.000000000559112e-06,0.0,True
mp-2015554,T1,none,0.001,q_cut=0.15;alpha_rel=1e-05,U,1,150.87669280114042,,4.000000000559112e-06,0.0,4.000000000559112e-06,0.0,True
mp-2015554,T1,none,0.0001,q_cut=0.15;alpha_rel=1e-05,U,1,150.87669280114042,,4.000000000559112e-06,0.0,4.000000000559112e-06,0.0,True
mp-2015554,T1,none,1e-05,q_cut=0.15;alpha_rel=1e-05,U,1,150.87669280114042,,4.000000000559112e-06,0.0,4.000000000559112e-06,0.0,True
mp-2015554,T1,uniform,0.001,q_cut=0.15;alpha_rel=1e-05,uniform,1,150.6726457399103,,0.0,0.0,4.000000000559112e-06,0.0,True
mp-2015554,T1,uniform,0.0001,q_cut=0.15;alpha_rel=1e-05,uniform,1,150.6726457399103,,0.0,0.0,4.000000000559112e-06,0.0,True
mp-2015554,T1,uniform,1e-05,q_cut=0.15;alpha_rel=1e-05,uniform,1,150.6726457399103,,0.0,0.0,4.000000000559112e-06,0.0,True
mp-2015554,T1,hap:0.0001,0.001,q_cut=0.15;alpha_rel=1e-05,hap:0.0001,1,150.66192170818505,,0.0,0.0,4.000000000559112e-06,0.0,True
mp-2015554,T1,hap:0.0001,0.0001,q_cut=0.15;alpha_rel=1e-05,hap:0.0001,1,150.66192170818505,,0.0,0.0,4.000000000559112e-06,0.0,True
mp-2015554,T1,hap:0.0001,1e-05,q_cut=0.15;alpha_rel=1e-05,hap:0.0001,1,150.66192170818505,,0.0,0.0,4.000000000559112e-06,0.0,True
mp-2015554,T1,hap:0.01,0.001,q_cut=0.15;alpha_rel=1e-05,hap:0.01,1,150.66192170818505,,0.0,0.0,4.000000000559112e-06,0.0,True
mp-2015554,T1,hap:0.01,0.0001,q_cut=0.15;alpha_rel=1e-05,hap:0.01,1,150.66192170818505,,0.0,0.0,4.000000000559112e-06,0.0,True
mp-2015554,T1,hap:0.01,1e-05,q_cut=0.15;alpha_rel=1e-05,hap:0.01,1,150.66192170818505,,0.0,0.0,4.000000000559112e-06,0.0,True
mp-2015554,T1,hap:1,0.001,q_cut=0.15;alpha_rel=1e-05,hap:1,1,150.66192170818505,,0.0,0.0,4.000000000559112e-06,0.0,True
mp-2015554,T1,hap:1,0.0001,q_cut=0.15;alpha_rel=1e-05,hap:1,1,150.66192170818505,,0.0,0.0,4.000000000559112e-06,0.0,True
mp-2015554,T1,hap:1,1e-05,q_cut=0.15;alpha_rel=1e-05,hap:1,1,150.66192170818505,,0.0,0.0,4.000000000559112e-06,0.0,True
mp-2015554,T1,ctp-uniform,0.001,q_cut=0.15;alpha_rel=1e-05,U,1,150.87534858028707,unprojected,4.000000000559112e-06,0.0,4.000000000559112e-06,0.0,True
mp-2015554,T1,ctp-uniform,0.0001,q_cut=0.15;alpha_rel=1e-05,U,1,150.87534858028707,unprojected,4.000000000559112e-06,0.0,4.000000000559112e-06,0.0,True
mp-2015554,T1,ctp-uniform,1e-05,q_cut=0.15;alpha_rel=1e-05,U,1,150.87534858028707,unprojected,4.000000000559112e-06,0.0,4.000000000559112e-06,0.0,True
mp-2015554,T1,ctp-hap:0.0001,0.001,q_cut=0.15;alpha_rel=1e-05,U,1,150.87534858028707,unprojected,4.000000000559112e-06,0.0,4.000000000559112e-06,0.0,True
mp-2015554,T1,ctp-hap:0.0001,0.0001,q_cut=0.15;alpha_rel=1e-05,U,1,150.87534858028707,unprojected,4.000000000559112e-06,0.0,4.000000000559112e-06,0.0,True
mp-2015554,T1,ctp-hap:0.0001,1e-05,q_cut=0.15;alpha_rel=1e-05,U,1,150.87534858028707,unprojected,4.000000000559112e-06,0.0,4.000000000559112e-06,0.0,True
mp-2015554,T1,ctp-hap:0.01,0.001,q_cut=0.15;alpha_rel=1e-05,U,1,150.87534858028707,unprojected,4.000000000559112e-06,0.0,4.000000000559112e-06,0.0,True
mp-2015554,T1,ctp-hap:0.01,0.0001,q_cut=0.15;alpha_rel=1e-05,U,1,150.87534858028707,unprojected,4.000000000559112e-06,0.0,4.000000000559112e-06,0.0,True
mp-2015554,T1,ctp-hap:0.01,1e-05,q_cut=0.15;alpha_rel=1e-05,U,1,150.87534858028707,unprojected,4.000000000559112e-06,0.0,4.000000000559112e-06,0.0,True
mp-2015554,T1,ctp-hap:1,0.001,q_cut=0.15;alpha_rel=1e-05,U,1,150.87534858028707,unprojected,4.000000000559112e-06,0.0,4.000000000559112e-06,0.0,True
mp-2015554,T1,ctp-hap:1,0.0001,q_cut=0.15;alpha_rel=1e-05,U,1,150.87534858028707,unprojected,4.000000000559112e-06,0.0,4.000000000559112e-06,0.0,True
mp-2015554,T1,ctp-hap:1,1e-05,q_cut=0.15;alpha_rel=1e-05,U,1,150.87534858028707,unprojected,4.000000000559112e-06,0.0,4.000000000559112e-06,0.0,True
mp-2015554,R3,none,0.001,tau=1e-06;k=0;margin=0.995,U,1,244.57185771436,,4.000000000559112e-06,0.0,4.000000000559112e-06,0.0,True
mp-2015554,R3,none,0.0001,tau=1e-06;k=0;margin=0.995,U,1,244.57185771436,,4.000000000559112e-06,0.0,4.000000000559112e-06,0.0,True
mp-2015554,R3,none,1e-05,tau=1e-06;k=0;margin=0.995,U,1,244.57185771436,,4.000000000559112e-06,0.0,4.000000000559112e-06,0.0,True
mp-2015554,R3,hap:0.0001,0.001,tau=1e-06;k=0;margin=0.995,hap:0.0001,1,244.0080114119393,,0.0,0.0,4.000000000559112e-06,0.0,True
mp-2015554,R3,hap:0.0001,0.0001,tau=1e-06;k=0;margin=0.995,hap:0.0001,1,244.0080114119393,,0.0,0.0,4.000000000559112e-06,0.0,True
mp-2015554,R3,hap:0.0001,1e-05,tau=1e-06;k=0;margin=0.995,hap:0.0001,1,244.0080114119393,,0.0,0.0,4.000000000559112e-06,0.0,True
mp-2015554,R3,hap:0.01,0.001,tau=1e-06;k=0;margin=0.995,hap:0.01,1,244.0080114119393,,0.0,0.0,4.000000000559112e-06,0.0,True
mp-2015554,R3,hap:0.01,0.0001,tau=1e-06;k=0;margin=0.995,hap:0.01,1,244.0080114119393,,0.0,0.0,4.000000000559112e-06,0.0,True
mp-2015554,R3,hap:0.01,1e-05,tau=1e-06;k=0;margin=0.995,hap:0.01,1,244.0080114119393,,0.0,0.0,4.000000000559112e-06,0.0,True
mp-2015554,R3,hap:1,0.001,tau=1e-06;k=1;margin=0.990025,hap:1,1,243.84287524478748,,0.0,0.0,4.000000000559112e-06,0.0,True
mp-2015554,R3,hap:1,0.0001,tau=1e-06;k=1;margin=0.990025,hap:1,1,243.84287524478748,,0.0,0.0,4.000000000559112e-06,0.0,True
mp-2015554,R3,hap:1,1e-05,tau=1e-06;k=1;margin=0.990025,hap:1,1,243.84287524478748,,0.0,0.0,4.000000000559112e-06,0.0,True
mp-2015554,R3,ctp-uniform,0.001,tau=1e-06;k=0;margin=0.995,U,1,244.5683255827388,unprojected,4.000000000559112e-06,0.0,4.000000000559112e-06,0.0,True
mp-2015554,R3,ctp-uniform,0.0001,tau=1e-06;k=0;margin=0.995,U,1,244.5683255827388,unprojected,4.000000000559112e-06,0.0,4.000000000559112e-06,0.0,True
mp-2015554,R3,ctp-uniform,1e-05,tau=1e-06;k=0;margin=0.995,U,1,244.5683255827388,unprojected,4.000000000559112e-06,0.0,4.000000000559112e-06,0.0,True
mp-2015554,R3,ctp-hap:0.0001,0.001,tau=1e-06;k=0;margin=0.995,U,1,244.5683255827388,unprojected,4.000000000559112e-06,0.0,4.000000000559112e-06,0.0,True
mp-2015554,R3,ctp-hap:0.0001,0.0001,tau=1e-06;k=0;margin=0.995,U,1,244.5683255827388,unprojected,4.000000000559112e-06,0.0,4.000000000559112e-06,0.0,True
mp-2015554,R3,ctp-hap:0.0001,1e-05,tau=1e-06;k=0;margin=0.995,U,1,244.5683255827388,unprojected,4.000000000559112e-06,0.0,4.000000000559112e-06,0.0,True
mp-2015554,R3,ctp-hap:0.01,0.001,tau=1e-06;k=0;margin=0.995,U,1,244.5683255827388,unprojected,4.000000000559112e-06,0.0,4.000000000559112e-06,0.0,True
mp-2015554,R3,ctp-hap:0.01,0.0001,tau=1e-06;k=0;margin=0.995,U,1,244.5683255827388,unprojected,4.000000000559112e-06,0.0,4.000000000559112e-06,0.0,True
mp-2015554,R3,ctp-hap:0.01,1e-05,tau=1e-06;k=0;margin=0.995,U,1,244.5683255827388,unprojected,4.000000000559112e-06,0.0,4.000000000559112e-06,0.0,True
mp-2015554,R3,ctp-hap:1,0.001,tau=1e-06;k=0;margin=0.995,U,1,244.5683255827388,unprojected,4.000000000559112e-06,0.0,4.000000000559112e-06,0.0,True
mp-2015554,R3,ctp-hap:1,0.0001,tau=1e-06;k=0;margin=0.995,U,1,244.5683255827388,unprojected,4.000000000559112e-06,0.0,4.000000000559112e-06,0.0,True
mp-2015554,R3,ctp-hap:1,1e-05,tau=1e-06;k=0;margin=0.995,U,1,244.5683255827388,unprojected,4.000000000559112e-06,0.0,4.000000000559112e-06,0.0,True
mp-2015554,GF,none,0.001,ZFP;tol_rel=4.64159e-05,U,1,11.931414657242382,,2.000000000279556e-06,0.0,2.000000000279556e-06,0.0,True
mp-2015554,GF,none,0.0001,ZFP;tol_rel=4.64159e-05,U,1,11.931414657242382,,2.000000000279556e-06,0.0,2.000000000279556e-06,0.0,True
mp-2015554,GF,none,1e-05,ZFP;tol_rel=4.64159e-05,U,1,11.931414657242382,,2.000000000279556e-06,0.0,2.000000000279556e-06,0.0,True
mp-2015554,GF,uniform,0.001,ZFP;tol_rel=0.0001,uniform,1,15.972473741398044,,0.0,0.0,4.000000000559112e-06,0.0,True
mp-2015554,GF,uniform,0.0001,ZFP;tol_rel=0.0001,uniform,1,15.972473741398044,,0.0,0.0,4.000000000559112e-06,0.0,True
mp-2015554,GF,uniform,1e-05,ZFP;tol_rel=0.0001,uniform,1,15.972473741398044,,0.0,0.0,4.000000000559112e-06,0.0,True
mp-2015554,GF,hap:0.0001,0.001,ZFP;tol_rel=4.64159e-05,hap:0.0001,1,11.930069772422424,,0.0,0.0,2.000000000279556e-06,0.0,True
mp-2015554,GF,hap:0.0001,0.0001,ZFP;tol_rel=4.64159e-05,hap:0.0001,1,11.930069772422424,,0.0,0.0,2.000000000279556e-06,0.0,True
mp-2015554,GF,hap:0.0001,1e-05,ZFP;tol_rel=4.64159e-05,hap:0.0001,1,11.930069772422424,,0.0,0.0,2.000000000279556e-06,0.0,True
mp-2015554,GF,hap:0.01,0.001,ZFP;tol_rel=4.64159e-05,hap:0.01,1,11.930069772422424,,0.0,0.0,2.000000000279556e-06,0.0,True
mp-2015554,GF,hap:0.01,0.0001,ZFP;tol_rel=4.64159e-05,hap:0.01,1,11.930069772422424,,0.0,0.0,2.000000000279556e-06,0.0,True
mp-2015554,GF,hap:0.01,1e-05,ZFP;tol_rel=4.64159e-05,hap:0.01,1,11.930069772422424,,0.0,0.0,2.000000000279556e-06,0.0,True
mp-2015554,GF,hap:1,0.001,ZFP;tol_rel=4.64159e-05,hap:1,1,11.930069772422424,,0.0,0.0,2.000000000279556e-06,0.0,True
mp-2015554,GF,hap:1,0.0001,ZFP;tol_rel=4.64159e-05,hap:1,1,11.930069772422424,,0.0,0.0,2.000000000279556e-06,0.0,True
mp-2015554,GF,hap:1,1e-05,ZFP;tol_rel=4.64159e-05,hap:1,1,11.930069772422424,,0.0,0.0,2.000000000279556e-06,0.0,True
mp-2015554,GF,ctp-uniform,0.001,ZFP;tol_rel=0.0001,uniform,1,15.972458676224386,unprojected,,,4.000000000559112e-06,0.0,False
mp-2015554,GF,ctp-uniform,0.001,ZFP;tol_rel=4.64159e-05,U,2,11.93140625077062,unprojected,2.000000000279556e-06,0.0,2.000000000279556e-06,0.0,True
mp-2015554,GF,ctp-uniform,0.0001,ZFP;tol_rel=0.0001,uniform,1,15.972458676224386,unprojected,,,4.000000000559112e-06,0.0,False
mp-2015554,GF,ctp-uniform,0.0001,ZFP;tol_rel=4.64159e-05,U,2,11.93140625077062,unprojected,2.000000000279556e-06,0.0,2.000000000279556e-06,0.0,True
mp-2015554,GF,ctp-uniform,1e-05,ZFP;tol_rel=0.0001,uniform,1,15.972458676224386,unprojected,,,4.000000000559112e-06,0.0,False
mp-2015554,GF,ctp-uniform,1e-05,ZFP;tol_rel=4.64159e-05,U,2,11.93140625077062,unprojected,2.000000000279556e-06,0.0,2.000000000279556e-06,0.0,True
mp-2015554,GF,ctp-hap:0.0001,0.001,ZFP;tol_rel=4.64159e-05,U,1,11.93140625077062,unprojected,2.000000000279556e-06,0.0,2.000000000279556e-06,0.0,True
mp-2015554,GF,ctp-hap:0.0001,0.0001,ZFP;tol_rel=4.64159e-05,U,1,11.93140625077062,unprojected,2.000000000279556e-06,0.0,2.000000000279556e-06,0.0,True
mp-2015554,GF,ctp-hap:0.0001,1e-05,ZFP;tol_rel=4.64159e-05,U,1,11.93140625077062,unprojected,2.000000000279556e-06,0.0,2.000000000279556e-06,0.0,True
mp-2015554,GF,ctp-hap:0.01,0.001,ZFP;tol_rel=4.64159e-05,U,1,11.93140625077062,unprojected,2.000000000279556e-06,0.0,2.000000000279556e-06,0.0,True
mp-2015554,GF,ctp-hap:0.01,0.0001,ZFP;tol_rel=4.64159e-05,U,1,11.93140625077062,unprojected,2.000000000279556e-06,0.0,2.000000000279556e-06,0.0,True
mp-2015554,GF,ctp-hap:0.01,1e-05,ZFP;tol_rel=4.64159e-05,U,1,11.93140625077062,unprojected,2.000000000279556e-06,0.0,2.000000000279556e-06,0.0,True
mp-2015554,GF,ctp-hap:1,0.001,ZFP;tol_rel=4.64159e-05,U,1,11.93140625077062,unprojected,2.000000000279556e-06,0.0,2.000000000279556e-06,0.0,True
mp-2015554,GF,ctp-hap:1,0.0001,ZFP;tol_rel=4.64159e-05,U,1,11.93140625077062,unprojected,2.000000000279556e-06,0.0,2.000000000279556e-06,0.0,True
mp-2015554,GF,ctp-hap:1,1e-05,ZFP;tol_rel=4.64159e-05,U,1,11.93140625077062,unprojected,2.000000000279556e-06,0.0,2.000000000279556e-06,0.0,True
mp-2308836,J,none,0.001,alpha_rel=0.01,U,1,492.9577935645633,,3.999999999670933e-06,0.0,3.999999999670933e-06,0.0,True
mp-2308836,J,none,0.0001,alpha_rel=0.01,U,1,492.9577935645633,,3.999999999670933e-06,0.0,3.999999999670933e-06,0.0,True
mp-2308836,J,none,1e-05,alpha_rel=0.01,U,1,492.9577935645633,,3.999999999670933e-06,0.0,3.999999999670933e-06,0.0,True
mp-2308836,J,uniform,0.001,alpha_rel=0.01,uniform,1,490.226347139493,,0.0,0.0,3.999999999670933e-06,0.0,True
mp-2308836,J,uniform,0.0001,alpha_rel=0.01,uniform,1,490.226347139493,,0.0,0.0,3.999999999670933e-06,0.0,True
mp-2308836,J,uniform,1e-05,alpha_rel=0.01,uniform,1,490.226347139493,,0.0,0.0,3.999999999670933e-06,0.0,True
mp-2308836,J,hap:0.0001,0.001,alpha_rel=0.01,hap:0.0001,1,489.9548663990032,,0.0,0.0,3.999999999670933e-06,0.0,True
mp-2308836,J,hap:0.0001,0.0001,alpha_rel=0.01,hap:0.0001,1,489.9548663990032,,0.0,0.0,3.999999999670933e-06,0.0,True
mp-2308836,J,hap:0.0001,1e-05,alpha_rel=0.01,hap:0.0001,1,489.9548663990032,,0.0,0.0,3.999999999670933e-06,0.0,True
mp-2308836,J,hap:0.01,0.001,alpha_rel=0.01,hap:0.01,1,489.9548663990032,,0.0,0.0,3.999999999670933e-06,0.0,True
mp-2308836,J,hap:0.01,0.0001,alpha_rel=0.01,hap:0.01,1,489.9548663990032,,0.0,0.0,3.999999999670933e-06,0.0,True
mp-2308836,J,hap:0.01,1e-05,alpha_rel=0.01,hap:0.01,1,489.9548663990032,,0.0,0.0,3.999999999670933e-06,0.0,True
mp-2308836,J,hap:1,0.001,alpha_rel=0.01,hap:1,1,489.9548663990032,,0.0,0.0,3.999999999670933e-06,0.0,True
mp-2308836,J,hap:1,0.0001,alpha_rel=0.01,hap:1,1,489.9548663990032,,0.0,0.0,3.999999999670933e-06,0.0,True
mp-2308836,J,hap:1,1e-05,alpha_rel=0.01,hap:1,1,489.9548663990032,,0.0,0.0,3.999999999670933e-06,0.0,True
mp-2308836,J,ctp-uniform,0.001,alpha_rel=0.01,U,1,492.9234626366739,unprojected,3.999999999670933e-06,0.0,3.999999999670933e-06,0.0,True
mp-2308836,J,ctp-uniform,0.0001,alpha_rel=0.01,U,1,492.9234626366739,unprojected,3.999999999670933e-06,0.0,3.999999999670933e-06,0.0,True
mp-2308836,J,ctp-uniform,1e-05,alpha_rel=0.01,U,1,492.9234626366739,unprojected,3.999999999670933e-06,0.0,3.999999999670933e-06,0.0,True
mp-2308836,J,ctp-hap:0.0001,0.001,alpha_rel=0.01,U,1,492.9234626366739,unprojected,3.999999999670933e-06,0.0,3.999999999670933e-06,0.0,True
mp-2308836,J,ctp-hap:0.0001,0.0001,alpha_rel=0.01,U,1,492.9234626366739,unprojected,3.999999999670933e-06,0.0,3.999999999670933e-06,0.0,True
mp-2308836,J,ctp-hap:0.0001,1e-05,alpha_rel=0.01,U,1,492.9234626366739,unprojected,3.999999999670933e-06,0.0,3.999999999670933e-06,0.0,True
mp-2308836,J,ctp-hap:0.01,0.001,alpha_rel=0.01,U,1,492.9234626366739,unprojected,3.999999999670933e-06,0.0,3.999999999670933e-06,0.0,True
mp-2308836,J,ctp-hap:0.01,0.0001,alpha_rel=0.01,U,1,492.9234626366739,unprojected,3.999999999670933e-06,0.0,3.999999999670933e-06,0.0,True
mp-2308836,J,ctp-hap:0.01,1e-05,alpha_rel=0.01,U,1,492.9234626366739,unprojected,3.999999999670933e-06,0.0,3.999999999670933e-06,0.0,True
mp-2308836,J,ctp-hap:1,0.001,alpha_rel=0.01,U,1,492.9234626366739,unprojected,3.999999999670933e-06,0.0,3.999999999670933e-06,0.0,True
mp-2308836,J,ctp-hap:1,0.0001,alpha_rel=0.01,U,1,492.9234626366739,unprojected,3.999999999670933e-06,0.0,3.999999999670933e-06,0.0,True
mp-2308836,J,ctp-hap:1,1e-05,alpha_rel=0.01,U,1,492.9234626366739,unprojected,3.999999999670933e-06,0.0,3.999999999670933e-06,0.0,True
mp-2308836,T1,none,0.001,q_cut=0.15;alpha_rel=2.15443e-05,U,1,425.9169575159466,,2.000000000279556e-06,0.0,2.000000000279556e-06,0.0,True
mp-2308836,T1,none,0.0001,q_cut=0.15;alpha_rel=2.15443e-05,U,1,425.9169575159466,,2.000000000279556e-06,0.0,2.000000000279556e-06,0.0,True
mp-2308836,T1,none,1e-05,q_cut=0.15;alpha_rel=2.15443e-05,U,1,425.9169575159466,,2.000000000279556e-06,0.0,2.000000000279556e-06,0.0,True
mp-2308836,T1,uniform,0.001,q_cut=0.15;alpha_rel=2.15443e-05,uniform,1,423.8763923823212,,0.0,0.0,2.000000000279556e-06,0.0,True
mp-2308836,T1,uniform,0.0001,q_cut=0.15;alpha_rel=2.15443e-05,uniform,1,423.8763923823212,,0.0,0.0,2.000000000279556e-06,0.0,True
mp-2308836,T1,uniform,1e-05,q_cut=0.15;alpha_rel=2.15443e-05,uniform,1,423.8763923823212,,0.0,0.0,2.000000000279556e-06,0.0,True
mp-2308836,T1,hap:0.0001,0.001,q_cut=0.15;alpha_rel=2.15443e-05,hap:0.0001,1,423.6734107506285,,0.0,0.0,2.000000000279556e-06,0.0,True
mp-2308836,T1,hap:0.0001,0.0001,q_cut=0.15;alpha_rel=2.15443e-05,hap:0.0001,1,423.6734107506285,,0.0,0.0,2.000000000279556e-06,0.0,True
mp-2308836,T1,hap:0.0001,1e-05,q_cut=0.15;alpha_rel=2.15443e-05,hap:0.0001,1,423.6734107506285,,0.0,0.0,2.000000000279556e-06,0.0,True
mp-2308836,T1,hap:0.01,0.001,q_cut=0.15;alpha_rel=2.15443e-05,hap:0.01,1,423.6734107506285,,0.0,0.0,2.000000000279556e-06,0.0,True
mp-2308836,T1,hap:0.01,0.0001,q_cut=0.15;alpha_rel=2.15443e-05,hap:0.01,1,423.6734107506285,,0.0,0.0,2.000000000279556e-06,0.0,True
mp-2308836,T1,hap:0.01,1e-05,q_cut=0.15;alpha_rel=2.15443e-05,hap:0.01,1,423.6734107506285,,0.0,0.0,2.000000000279556e-06,0.0,True
mp-2308836,T1,hap:1,0.001,q_cut=0.15;alpha_rel=2.15443e-05,hap:1,1,423.6734107506285,,0.0,0.0,2.000000000279556e-06,0.0,True
mp-2308836,T1,hap:1,0.0001,q_cut=0.15;alpha_rel=2.15443e-05,hap:1,1,423.6734107506285,,0.0,0.0,2.000000000279556e-06,0.0,True
mp-2308836,T1,hap:1,1e-05,q_cut=0.15;alpha_rel=2.15443e-05,hap:1,1,423.6734107506285,,0.0,0.0,2.000000000279556e-06,0.0,True
mp-2308836,T1,ctp-uniform,0.001,q_cut=0.15;alpha_rel=2.15443e-05,U,1,425.8913292015163,unprojected,2.000000000279556e-06,0.0,2.000000000279556e-06,0.0,True
mp-2308836,T1,ctp-uniform,0.0001,q_cut=0.15;alpha_rel=2.15443e-05,U,1,425.8913292015163,unprojected,2.000000000279556e-06,0.0,2.000000000279556e-06,0.0,True
mp-2308836,T1,ctp-uniform,1e-05,q_cut=0.15;alpha_rel=2.15443e-05,U,1,425.8913292015163,unprojected,2.000000000279556e-06,0.0,2.000000000279556e-06,0.0,True
mp-2308836,T1,ctp-hap:0.0001,0.001,q_cut=0.15;alpha_rel=2.15443e-05,U,1,425.8913292015163,unprojected,2.000000000279556e-06,0.0,2.000000000279556e-06,0.0,True
mp-2308836,T1,ctp-hap:0.0001,0.0001,q_cut=0.15;alpha_rel=2.15443e-05,U,1,425.8913292015163,unprojected,2.000000000279556e-06,0.0,2.000000000279556e-06,0.0,True
mp-2308836,T1,ctp-hap:0.0001,1e-05,q_cut=0.15;alpha_rel=2.15443e-05,U,1,425.8913292015163,unprojected,2.000000000279556e-06,0.0,2.000000000279556e-06,0.0,True
mp-2308836,T1,ctp-hap:0.01,0.001,q_cut=0.15;alpha_rel=2.15443e-05,U,1,425.8913292015163,unprojected,2.000000000279556e-06,0.0,2.000000000279556e-06,0.0,True
mp-2308836,T1,ctp-hap:0.01,0.0001,q_cut=0.15;alpha_rel=2.15443e-05,U,1,425.8913292015163,unprojected,2.000000000279556e-06,0.0,2.000000000279556e-06,0.0,True
mp-2308836,T1,ctp-hap:0.01,1e-05,q_cut=0.15;alpha_rel=2.15443e-05,U,1,425.8913292015163,unprojected,2.000000000279556e-06,0.0,2.000000000279556e-06,0.0,True
mp-2308836,T1,ctp-hap:1,0.001,q_cut=0.15;alpha_rel=2.15443e-05,U,1,425.8913292015163,unprojected,2.000000000279556e-06,0.0,2.000000000279556e-06,0.0,True
mp-2308836,T1,ctp-hap:1,0.0001,q_cut=0.15;alpha_rel=2.15443e-05,U,1,425.8913292015163,unprojected,2.000000000279556e-06,0.0,2.000000000279556e-06,0.0,True
mp-2308836,T1,ctp-hap:1,1e-05,q_cut=0.15;alpha_rel=2.15443e-05,U,1,425.8913292015163,unprojected,2.000000000279556e-06,0.0,2.000000000279556e-06,0.0,True
mp-2308836,R3,none,0.001,tau=1e-06;k=0;margin=0.995,U,1,694.3190111830488,,4.999999999810711e-06,0.0,4.999999999810711e-06,0.0,True
mp-2308836,R3,none,0.0001,tau=1e-06;k=0;margin=0.995,U,1,694.3190111830488,,4.999999999810711e-06,0.0,4.999999999810711e-06,0.0,True
mp-2308836,R3,none,1e-05,tau=1e-06;k=0;margin=0.995,U,1,694.3190111830488,,4.999999999810711e-06,0.0,4.999999999810711e-06,0.0,True
mp-2308836,R3,hap:0.0001,0.001,tau=1e-06;k=0;margin=0.995,hap:0.0001,1,688.3765804318226,,0.0,0.0,4.999999999810711e-06,0.0,True
mp-2308836,R3,hap:0.0001,0.0001,tau=1e-06;k=0;margin=0.995,hap:0.0001,1,688.3765804318226,,0.0,0.0,4.999999999810711e-06,0.0,True
mp-2308836,R3,hap:0.0001,1e-05,tau=1e-06;k=0;margin=0.995,hap:0.0001,1,688.3765804318226,,0.0,0.0,4.999999999810711e-06,0.0,True
mp-2308836,R3,hap:0.01,0.001,tau=1e-06;k=0;margin=0.995,hap:0.01,1,688.3765804318226,,0.0,0.0,4.999999999810711e-06,0.0,True
mp-2308836,R3,hap:0.01,0.0001,tau=1e-06;k=0;margin=0.995,hap:0.01,1,688.3765804318226,,0.0,0.0,4.999999999810711e-06,0.0,True
mp-2308836,R3,hap:0.01,1e-05,tau=1e-06;k=0;margin=0.995,hap:0.01,1,688.3765804318226,,0.0,0.0,4.999999999810711e-06,0.0,True
mp-2308836,R3,hap:1,0.001,tau=1e-06;k=3;margin=0.980149501,hap:1,1,684.9789993225588,,0.0,0.0,6.000000000838668e-06,0.0,True
mp-2308836,R3,hap:1,0.0001,tau=1e-06;k=3;margin=0.980149501,hap:1,1,684.9789993225588,,0.0,0.0,6.000000000838668e-06,0.0,True
mp-2308836,R3,hap:1,1e-05,tau=1e-06;k=3;margin=0.980149501,hap:1,1,684.9789993225588,,0.0,0.0,6.000000000838668e-06,0.0,True
mp-2308836,R3,ctp-uniform,0.001,tau=1e-06;k=0;margin=0.995,U,1,694.2509073075037,unprojected,4.999999999810711e-06,0.0,4.999999999810711e-06,0.0,True
mp-2308836,R3,ctp-uniform,0.0001,tau=1e-06;k=0;margin=0.995,U,1,694.2509073075037,unprojected,4.999999999810711e-06,0.0,4.999999999810711e-06,0.0,True
mp-2308836,R3,ctp-uniform,1e-05,tau=1e-06;k=0;margin=0.995,U,1,694.2509073075037,unprojected,4.999999999810711e-06,0.0,4.999999999810711e-06,0.0,True
mp-2308836,R3,ctp-hap:0.0001,0.001,tau=1e-06;k=0;margin=0.995,U,1,694.2509073075037,unprojected,4.999999999810711e-06,0.0,4.999999999810711e-06,0.0,True
mp-2308836,R3,ctp-hap:0.0001,0.0001,tau=1e-06;k=0;margin=0.995,U,1,694.2509073075037,unprojected,4.999999999810711e-06,0.0,4.999999999810711e-06,0.0,True
mp-2308836,R3,ctp-hap:0.0001,1e-05,tau=1e-06;k=0;margin=0.995,U,1,694.2509073075037,unprojected,4.999999999810711e-06,0.0,4.999999999810711e-06,0.0,True
mp-2308836,R3,ctp-hap:0.01,0.001,tau=1e-06;k=0;margin=0.995,U,1,694.2509073075037,unprojected,4.999999999810711e-06,0.0,4.999999999810711e-06,0.0,True
mp-2308836,R3,ctp-hap:0.01,0.0001,tau=1e-06;k=0;margin=0.995,U,1,694.2509073075037,unprojected,4.999999999810711e-06,0.0,4.999999999810711e-06,0.0,True
mp-2308836,R3,ctp-hap:0.01,1e-05,tau=1e-06;k=0;margin=0.995,U,1,694.2509073075037,unprojected,4.999999999810711e-06,0.0,4.999999999810711e-06,0.0,True
mp-2308836,R3,ctp-hap:1,0.001,tau=1e-06;k=0;margin=0.995,U,1,694.2509073075037,unprojected,4.999999999810711e-06,0.0,4.999999999810711e-06,0.0,True
mp-2308836,R3,ctp-hap:1,0.0001,tau=1e-06;k=0;margin=0.995,U,1,694.2509073075037,unprojected,4.999999999810711e-06,0.0,4.999999999810711e-06,0.0,True
mp-2308836,R3,ctp-hap:1,1e-05,tau=1e-06;k=0;margin=0.995,U,1,694.2509073075037,unprojected,4.999999999810711e-06,0.0,4.999999999810711e-06,0.0,True
mp-2308836,GF,none,0.001,SPERR;tol_rel=1e-05,U,1,26.22197523729077,,2.9999999995311555e-06,0.0,2.9999999995311555e-06,0.0,True
mp-2308836,GF,none,0.0001,SPERR;tol_rel=1e-05,U,1,26.22197523729077,,2.9999999995311555e-06,0.0,2.9999999995311555e-06,0.0,True
mp-2308836,GF,none,1e-05,SPERR;tol_rel=1e-05,U,1,26.22197523729077,,2.9999999995311555e-06,0.0,2.9999999995311555e-06,0.0,True
mp-2308836,GF,uniform,0.001,SPERR;tol_rel=1e-05,uniform,1,26.214205820697625,,0.0,0.0,2.9999999995311555e-06,0.0,True
mp-2308836,GF,uniform,0.0001,SPERR;tol_rel=1e-05,uniform,1,26.214205820697625,,0.0,0.0,2.9999999995311555e-06,0.0,True
mp-2308836,GF,uniform,1e-05,SPERR;tol_rel=1e-05,uniform,1,26.214205820697625,,0.0,0.0,2.9999999995311555e-06,0.0,True
mp-2308836,GF,hap:0.0001,0.001,SPERR;tol_rel=1e-05,hap:0.0001,1,26.21342913225436,,0.0,0.0,2.9999999995311555e-06,0.0,True
mp-2308836,GF,hap:0.0001,0.0001,SPERR;tol_rel=1e-05,hap:0.0001,1,26.21342913225436,,0.0,0.0,2.9999999995311555e-06,0.0,True
mp-2308836,GF,hap:0.0001,1e-05,SPERR;tol_rel=1e-05,hap:0.0001,1,26.21342913225436,,0.0,0.0,2.9999999995311555e-06,0.0,True
mp-2308836,GF,hap:0.01,0.001,SPERR;tol_rel=1e-05,hap:0.01,1,26.21342913225436,,0.0,0.0,2.9999999995311555e-06,0.0,True
mp-2308836,GF,hap:0.01,0.0001,SPERR;tol_rel=1e-05,hap:0.01,1,26.21342913225436,,0.0,0.0,2.9999999995311555e-06,0.0,True
mp-2308836,GF,hap:0.01,1e-05,SPERR;tol_rel=1e-05,hap:0.01,1,26.21342913225436,,0.0,0.0,2.9999999995311555e-06,0.0,True
mp-2308836,GF,hap:1,0.001,SPERR;tol_rel=1e-05,hap:1,1,26.21342913225436,,0.0,0.0,2.9999999995311555e-06,0.0,True
mp-2308836,GF,hap:1,0.0001,SPERR;tol_rel=1e-05,hap:1,1,26.21342913225436,,0.0,0.0,2.9999999995311555e-06,0.0,True
mp-2308836,GF,hap:1,1e-05,SPERR;tol_rel=1e-05,hap:1,1,26.21342913225436,,0.0,0.0,2.9999999995311555e-06,0.0,True
mp-2308836,GF,ctp-uniform,0.001,SPERR;tol_rel=1e-05,U,1,26.22187809115933,unprojected,2.9999999995311555e-06,0.0,2.9999999995311555e-06,0.0,True
mp-2308836,GF,ctp-uniform,0.0001,SPERR;tol_rel=1e-05,U,1,26.22187809115933,unprojected,2.9999999995311555e-06,0.0,2.9999999995311555e-06,0.0,True
mp-2308836,GF,ctp-uniform,1e-05,SPERR;tol_rel=1e-05,U,1,26.22187809115933,unprojected,2.9999999995311555e-06,0.0,2.9999999995311555e-06,0.0,True
mp-2308836,GF,ctp-hap:0.0001,0.001,SPERR;tol_rel=1e-05,U,1,26.22187809115933,unprojected,2.9999999995311555e-06,0.0,2.9999999995311555e-06,0.0,True
mp-2308836,GF,ctp-hap:0.0001,0.0001,SPERR;tol_rel=1e-05,U,1,26.22187809115933,unprojected,2.9999999995311555e-06,0.0,2.9999999995311555e-06,0.0,True
mp-2308836,GF,ctp-hap:0.0001,1e-05,SPERR;tol_rel=1e-05,U,1,26.22187809115933,unprojected,2.9999999995311555e-06,0.0,2.9999999995311555e-06,0.0,True
mp-2308836,GF,ctp-hap:0.01,0.001,SPERR;tol_rel=1e-05,U,1,26.22187809115933,unprojected,2.9999999995311555e-06,0.0,2.9999999995311555e-06,0.0,True
mp-2308836,GF,ctp-hap:0.01,0.0001,SPERR;tol_rel=1e-05,U,1,26.22187809115933,unprojected,2.9999999995311555e-06,0.0,2.9999999995311555e-06,0.0,True
mp-2308836,GF,ctp-hap:0.01,1e-05,SPERR;tol_rel=1e-05,U,1,26.22187809115933,unprojected,2.9999999995311555e-06,0.0,2.9999999995311555e-06,0.0,True
mp-2308836,GF,ctp-hap:1,0.001,SPERR;tol_rel=1e-05,U,1,26.22187809115933,unprojected,2.9999999995311555e-06,0.0,2.9999999995311555e-06,0.0,True
mp-2308836,GF,ctp-hap:1,0.0001,SPERR;tol_rel=1e-05,U,1,26.22187809115933,unprojected,2.9999999995311555e-06,0.0,2.9999999995311555e-06,0.0,True
mp-2308836,GF,ctp-hap:1,1e-05,SPERR;tol_rel=1e-05,U,1,26.22187809115933,unprojected,2.9999999995311555e-06,0.0,2.9999999995311555e-06,0.0,True
mp-572758,J,none,0.001,alpha_rel=0.01,U,1,302.042897199665,,2.0000000001019203e-05,0.0,2.0000000001019203e-05,0.0,True
mp-572758,J,none,0.0001,alpha_rel=0.01,U,1,302.042897199665,,2.0000000001019203e-05,0.0,2.0000000001019203e-05,0.0,True
mp-572758,J,none,1e-05,alpha_rel=0.01,U,1,302.042897199665,,2.0000000001019203e-05,0.0,2.0000000001019203e-05,0.0,False
mp-572758,J,none,1e-05,alpha_rel=0.00464159,U,2,238.0438526001607,,1.100000000064938e-05,0.0,1.100000000064938e-05,0.0,False
mp-572758,J,none,1e-05,alpha_rel=0.00215443,U,3,179.1756675019442,,8.000000001118224e-06,0.0,8.000000001118224e-06,0.0,True
mp-572758,J,uniform,0.001,alpha_rel=0.00464159,uniform,1,237.2268619151127,,0.0,0.0,1.100000000064938e-05,0.0,True
mp-572758,J,uniform,0.0001,alpha_rel=0.00464159,uniform,1,237.2268619151127,,0.0,0.0,1.100000000064938e-05,0.0,True
mp-572758,J,uniform,1e-05,alpha_rel=0.00464159,uniform,1,237.2268619151127,,0.0,0.0,1.100000000064938e-05,0.0,True
mp-572758,J,hap:0.0001,0.001,alpha_rel=0.01,hap:0.0001,1,300.64156004204574,,0.0,0.0,2.0000000001019203e-05,0.0,True
mp-572758,J,hap:0.0001,0.0001,alpha_rel=0.01,hap:0.0001,1,300.64156004204574,,0.0,0.0,2.0000000001019203e-05,0.0,True
mp-572758,J,hap:0.0001,1e-05,alpha_rel=0.01,hap:0.0001,1,300.64156004204574,,0.0,0.0,2.0000000001019203e-05,0.0,True
mp-572758,J,hap:0.01,0.001,alpha_rel=0.01,hap:0.01,1,300.64156004204574,,0.0,0.0,2.0000000001019203e-05,0.0,True
mp-572758,J,hap:0.01,0.0001,alpha_rel=0.01,hap:0.01,1,300.64156004204574,,0.0,0.0,2.0000000001019203e-05,0.0,True
mp-572758,J,hap:0.01,1e-05,alpha_rel=0.01,hap:0.01,1,300.64156004204574,,0.0,0.0,2.0000000001019203e-05,0.0,True
mp-572758,J,hap:1,0.001,alpha_rel=0.00464159,hap:1,1,237.1725952190324,,0.0,0.0,1.100000000064938e-05,0.0,True
mp-572758,J,hap:1,0.0001,alpha_rel=0.00464159,hap:1,1,237.1725952190324,,0.0,0.0,1.100000000064938e-05,0.0,True
mp-572758,J,hap:1,1e-05,alpha_rel=0.00464159,hap:1,1,237.1725952190324,,0.0,0.0,1.100000000064938e-05,0.0,True
mp-572758,J,ctp-uniform,0.001,alpha_rel=0.01,U,1,302.03189862355254,unprojected,2.0000000001019203e-05,0.0,2.0000000001019203e-05,0.0,True
mp-572758,J,ctp-uniform,0.0001,alpha_rel=0.01,U,1,302.03189862355254,unprojected,2.0000000001019203e-05,0.0,2.0000000001019203e-05,0.0,True
mp-572758,J,ctp-uniform,1e-05,alpha_rel=0.01,U,1,302.03189862355254,projected,2.0000000001019203e-05,0.0,2.0000000001019203e-05,0.0,False
mp-572758,J,ctp-uniform,1e-05,alpha_rel=0.00464159,U,2,238.0370210934137,projected,1.100000000064938e-05,0.0,1.100000000064938e-05,0.0,False
mp-572758,J,ctp-uniform,1e-05,alpha_rel=0.00464159,uniform,3,237.22007722007723,projected,0.0,0.0,1.100000000064938e-05,0.0,True
mp-572758,J,ctp-hap:0.0001,0.001,alpha_rel=0.01,U,1,302.03189862355254,unprojected,2.0000000001019203e-05,0.0,2.0000000001019203e-05,0.0,True
mp-572758,J,ctp-hap:0.0001,0.0001,alpha_rel=0.01,U,1,302.03189862355254,unprojected,2.0000000001019203e-05,0.0,2.0000000001019203e-05,0.0,True
mp-572758,J,ctp-hap:0.0001,1e-05,alpha_rel=0.01,U,1,302.03189862355254,projected,2.0000000001019203e-05,0.0,2.0000000001019203e-05,0.0,False
mp-572758,J,ctp-hap:0.0001,1e-05,alpha_rel=0.01,hap:0.0001,2,300.63066328379847,projected,0.0,0.0,2.0000000001019203e-05,0.0,True
mp-572758,J,ctp-hap:0.01,0.001,alpha_rel=0.01,U,1,302.03189862355254,unprojected,2.0000000001019203e-05,0.0,2.0000000001019203e-05,0.0,True
mp-572758,J,ctp-hap:0.01,0.0001,alpha_rel=0.01,U,1,302.03189862355254,unprojected,2.0000000001019203e-05,0.0,2.0000000001019203e-05,0.0,True
mp-572758,J,ctp-hap:0.01,1e-05,alpha_rel=0.01,U,1,302.03189862355254,projected,2.0000000001019203e-05,0.0,2.0000000001019203e-05,0.0,False
mp-572758,J,ctp-hap:0.01,1e-05,alpha_rel=0.01,hap:0.01,2,300.63066328379847,projected,0.0,0.0,2.0000000001019203e-05,0.0,True
mp-572758,J,ctp-hap:1,0.001,alpha_rel=0.01,U,1,302.03189862355254,unprojected,2.0000000001019203e-05,0.0,2.0000000001019203e-05,0.0,True
mp-572758,J,ctp-hap:1,0.0001,alpha_rel=0.01,U,1,302.03189862355254,unprojected,2.0000000001019203e-05,0.0,2.0000000001019203e-05,0.0,True
mp-572758,J,ctp-hap:1,1e-05,alpha_rel=0.01,U,1,302.03189862355254,projected,2.0000000001019203e-05,0.0,2.0000000001019203e-05,0.0,False
mp-572758,J,ctp-hap:1,1e-05,alpha_rel=0.00464159,U,2,238.0370210934137,projected,1.100000000064938e-05,0.0,1.100000000064938e-05,0.0,False
mp-572758,J,ctp-hap:1,1e-05,alpha_rel=0.00464159,hap:1,3,237.1658136276556,projected,0.0,0.0,1.100000000064938e-05,0.0,True
mp-572758,T1,none,0.001,q_cut=0.2;alpha_rel=2.15443e-05,U,1,210.3629308377083,,2.0000000001019203e-05,0.0,2.0000000001019203e-05,0.0,True
mp-572758,T1,none,0.0001,q_cut=0.2;alpha_rel=2.15443e-05,U,1,210.3629308377083,,2.0000000001019203e-05,0.0,2.0000000001019203e-05,0.0,True
mp-572758,T1,none,1e-05,q_cut=0.2;alpha_rel=2.15443e-05,U,1,210.3629308377083,,2.0000000001019203e-05,0.0,2.0000000001019203e-05,0.0,False
mp-572758,T1,none,1e-05,q_cut=0.2;alpha_rel=1e-05,U,2,185.1841929002009,,2.300000000055036e-05,0.0,2.300000000055036e-05,0.0,False
mp-572758,T1,none,1e-05,q_cut=0.2;alpha_rel=4.64159e-06,U,3,160.2751637649514,,2.300000000055036e-05,0.0,2.300000000055036e-05,0.0,False
mp-572758,T1,none,1e-05,q_cut=0.3;alpha_rel=4.64159e-05,U,4,152.39495103533173,,9.000000000369823e-06,0.0,9.000000000369823e-06,0.0,True
mp-572758,T1,uniform,0.001,q_cut=0.3;alpha_rel=4.64159e-05,uniform,1,152.0596916420701,,0.0,0.0,9.000000000369823e-06,0.0,True
mp-572758,T1,uniform,0.0001,q_cut=0.3;alpha_rel=4.64159e-05,uniform,1,152.0596916420701,,0.0,0.0,9.000000000369823e-06,0.0,True
mp-572758,T1,uniform,1e-05,q_cut=0.3;alpha_rel=4.64159e-05,uniform,1,152.0596916420701,,0.0,0.0,9.000000000369823e-06,0.0,True
mp-572758,T1,hap:0.0001,0.001,q_cut=0.2;alpha_rel=2.15443e-05,hap:0.0001,1,209.6822307050585,,0.0,0.0,2.0000000001019203e-05,0.0,True
mp-572758,T1,hap:0.0001,0.0001,q_cut=0.2;alpha_rel=2.15443e-05,hap:0.0001,1,209.6822307050585,,0.0,0.0,2.0000000001019203e-05,0.0,True
mp-572758,T1,hap:0.0001,1e-05,q_cut=0.2;alpha_rel=2.15443e-05,hap:0.0001,1,209.6822307050585,,0.0,0.0,2.0000000001019203e-05,0.0,True
mp-572758,T1,hap:0.01,0.001,q_cut=0.2;alpha_rel=2.15443e-05,hap:0.01,1,209.6822307050585,,0.0,0.0,2.0000000001019203e-05,0.0,True
mp-572758,T1,hap:0.01,0.0001,q_cut=0.2;alpha_rel=2.15443e-05,hap:0.01,1,209.6822307050585,,0.0,0.0,2.0000000001019203e-05,0.0,True
mp-572758,T1,hap:0.01,1e-05,q_cut=0.2;alpha_rel=2.15443e-05,hap:0.01,1,209.6822307050585,,0.0,0.0,2.0000000001019203e-05,0.0,True
mp-572758,T1,hap:1,0.001,q_cut=0.2;alpha_rel=2.15443e-05,hap:1,1,209.6822307050585,,0.0,0.0,2.0000000001019203e-05,0.0,True
mp-572758,T1,hap:1,0.0001,q_cut=0.2;alpha_rel=2.15443e-05,hap:1,1,209.6822307050585,,0.0,0.0,2.0000000001019203e-05,0.0,True
mp-572758,T1,hap:1,1e-05,q_cut=0.2;alpha_rel=2.15443e-05,hap:1,1,209.6822307050585,,0.0,0.0,2.0000000001019203e-05,0.0,True
mp-572758,T1,ctp-uniform,0.001,q_cut=0.2;alpha_rel=2.15443e-05,U,1,210.3575957392848,unprojected,2.0000000001019203e-05,0.0,2.0000000001019203e-05,0.0,True
mp-572758,T1,ctp-uniform,0.0001,q_cut=0.2;alpha_rel=2.15443e-05,U,1,210.3575957392848,unprojected,2.0000000001019203e-05,0.0,2.0000000001019203e-05,0.0,True
mp-572758,T1,ctp-uniform,1e-05,q_cut=0.2;alpha_rel=2.15443e-05,U,1,210.3575957392848,projected,2.0000000001019203e-05,0.0,2.0000000001019203e-05,0.0,False
mp-572758,T1,ctp-uniform,1e-05,q_cut=0.2;alpha_rel=1e-05,U,2,185.18005849389385,projected,2.300000000055036e-05,0.0,2.300000000055036e-05,0.0,False
mp-572758,T1,ctp-uniform,1e-05,q_cut=0.2;alpha_rel=4.64159e-06,U,3,160.2720667800278,projected,2.300000000055036e-05,0.0,2.300000000055036e-05,0.0,False
mp-572758,T1,ctp-uniform,1e-05,q_cut=0.3;alpha_rel=4.64159e-05,U,4,152.3921510986992,unprojected,9.000000000369823e-06,0.0,9.000000000369823e-06,0.0,True
mp-572758,T1,ctp-hap:0.0001,0.001,q_cut=0.2;alpha_rel=2.15443e-05,U,1,210.3575957392848,unprojected,2.0000000001019203e-05,0.0,2.0000000001019203e-05,0.0,True
mp-572758,T1,ctp-hap:0.0001,0.0001,q_cut=0.2;alpha_rel=2.15443e-05,U,1,210.3575957392848,unprojected,2.0000000001019203e-05,0.0,2.0000000001019203e-05,0.0,True
mp-572758,T1,ctp-hap:0.0001,1e-05,q_cut=0.2;alpha_rel=2.15443e-05,U,1,210.3575957392848,projected,2.0000000001019203e-05,0.0,2.0000000001019203e-05,0.0,False
mp-572758,T1,ctp-hap:0.0001,1e-05,q_cut=0.2;alpha_rel=2.15443e-05,hap:0.0001,2,209.6769300773548,projected,0.0,0.0,2.0000000001019203e-05,0.0,True
mp-572758,T1,ctp-hap:0.01,0.001,q_cut=0.2;alpha_rel=2.15443e-05,U,1,210.3575957392848,unprojected,2.0000000001019203e-05,0.0,2.0000000001019203e-05,0.0,True
mp-572758,T1,ctp-hap:0.01,0.0001,q_cut=0.2;alpha_rel=2.15443e-05,U,1,210.3575957392848,unprojected,2.0000000001019203e-05,0.0,2.0000000001019203e-05,0.0,True
mp-572758,T1,ctp-hap:0.01,1e-05,q_cut=0.2;alpha_rel=2.15443e-05,U,1,210.3575957392848,projected,2.0000000001019203e-05,0.0,2.0000000001019203e-05,0.0,False
mp-572758,T1,ctp-hap:0.01,1e-05,q_cut=0.2;alpha_rel=2.15443e-05,hap:0.01,2,209.6769300773548,projected,0.0,0.0,2.0000000001019203e-05,0.0,True
mp-572758,T1,ctp-hap:1,0.001,q_cut=0.2;alpha_rel=2.15443e-05,U,1,210.3575957392848,unprojected,2.0000000001019203e-05,0.0,2.0000000001019203e-05,0.0,True
mp-572758,T1,ctp-hap:1,0.0001,q_cut=0.2;alpha_rel=2.15443e-05,U,1,210.3575957392848,unprojected,2.0000000001019203e-05,0.0,2.0000000001019203e-05,0.0,True
mp-572758,T1,ctp-hap:1,1e-05,q_cut=0.2;alpha_rel=2.15443e-05,U,1,210.3575957392848,projected,2.0000000001019203e-05,0.0,2.0000000001019203e-05,0.0,False
mp-572758,T1,ctp-hap:1,1e-05,q_cut=0.2;alpha_rel=2.15443e-05,hap:1,2,209.6769300773548,projected,0.0,0.0,2.0000000001019203e-05,0.0,True
mp-572758,R3,none,0.001,tau=1e-06;k=0;margin=0.995,U,1,359.3916547510724,,2.6000000000081517e-05,0.0,2.6000000000081517e-05,0.0,True
mp-572758,R3,none,0.0001,tau=1e-06;k=0;margin=0.995,U,1,359.3916547510724,,2.6000000000081517e-05,0.0,2.6000000000081517e-05,0.0,True
mp-572758,R3,none,1e-05,tau=1e-06;k=0;margin=0.995,U,1,359.3916547510724,,2.6000000000081517e-05,0.0,2.6000000000081517e-05,0.0,False
mp-572758,R3,none,1e-05,tau=1e-06;k=1;margin=0.990025,U,2,358.9406266228146,,2.5000000000829917e-05,0.0,2.5000000000829917e-05,0.0,False
mp-572758,R3,none,1e-05,tau=1e-06;k=2;margin=0.985074875,U,3,357.94924909373384,,2.6000000000081517e-05,0.0,2.6000000000081517e-05,0.0,False
mp-572758,R3,none,1e-05,tau=1e-06;k=3;margin=0.980149501,U,4,356.2580534318358,,2.700000000110947e-05,0.0,2.700000000110947e-05,0.0,False
mp-572758,R3,none,1e-05,tau=1e-06;k=4;margin=0.975248753,U,5,355.6165323272166,,2.700000000110947e-05,0.0,2.700000000110947e-05,0.0,False
mp-572758,R3,hap:0.0001,0.001,tau=1e-06;k=0;margin=0.995,hap:0.0001,1,357.4094023355022,,0.0,0.0,2.6000000000081517e-05,0.0,True
mp-572758,R3,hap:0.0001,0.0001,tau=1e-06;k=0;margin=0.995,hap:0.0001,1,357.4094023355022,,0.0,0.0,2.6000000000081517e-05,0.0,True
mp-572758,R3,hap:0.0001,1e-05,tau=1e-06;k=0;margin=0.995,hap:0.0001,1,357.4094023355022,,0.0,0.0,2.6000000000081517e-05,0.0,True
mp-572758,R3,hap:0.01,0.001,tau=1e-06;k=1;margin=0.990025,hap:0.01,1,356.9633327595111,,0.0,0.0,2.5000000000829917e-05,0.0,True
mp-572758,R3,hap:0.01,0.0001,tau=1e-06;k=1;margin=0.990025,hap:0.01,1,356.9633327595111,,0.0,0.0,2.5000000000829917e-05,0.0,True
mp-572758,R3,hap:0.01,1e-05,tau=1e-06;k=1;margin=0.990025,hap:0.01,1,356.9633327595111,,0.0,0.0,2.5000000000829917e-05,0.0,True
mp-572758,R3,ctp-uniform,0.001,tau=1e-06;k=0;margin=0.995,U,1,359.3760831889081,unprojected,2.6000000000081517e-05,0.0,2.6000000000081517e-05,0.0,True
mp-572758,R3,ctp-uniform,0.0001,tau=1e-06;k=0;margin=0.995,U,1,359.3760831889081,unprojected,2.6000000000081517e-05,0.0,2.6000000000081517e-05,0.0,True
mp-572758,R3,ctp-uniform,1e-05,tau=1e-06;k=0;margin=0.995,U,1,359.3760831889081,projected,2.6000000000081517e-05,0.0,2.6000000000081517e-05,0.0,False
mp-572758,R3,ctp-uniform,1e-05,tau=1e-06;k=1;margin=0.990025,U,2,358.92509411917433,projected,2.5000000000829917e-05,0.0,2.5000000000829917e-05,0.0,False
mp-572758,R3,ctp-uniform,1e-05,tau=1e-06;k=2;margin=0.985074875,U,3,357.9338022698831,projected,2.6000000000081517e-05,0.0,2.6000000000081517e-05,0.0,False
mp-572758,R3,ctp-uniform,1e-05,tau=1e-06;k=3;margin=0.980149501,U,4,356.24275222265175,projected,2.700000000110947e-05,0.0,2.700000000110947e-05,0.0,False
mp-572758,R3,ctp-uniform,1e-05,tau=1e-06;k=4;margin=0.975248753,U,5,355.60128617363347,projected,2.700000000110947e-05,0.0,2.700000000110947e-05,0.0,False
mp-572758,R3,ctp-hap:0.0001,0.001,tau=1e-06;k=0;margin=0.995,U,1,359.3760831889081,unprojected,2.6000000000081517e-05,0.0,2.6000000000081517e-05,0.0,True
mp-572758,R3,ctp-hap:0.0001,0.0001,tau=1e-06;k=0;margin=0.995,U,1,359.3760831889081,unprojected,2.6000000000081517e-05,0.0,2.6000000000081517e-05,0.0,True
mp-572758,R3,ctp-hap:0.0001,1e-05,tau=1e-06;k=0;margin=0.995,U,1,359.3760831889081,projected,2.6000000000081517e-05,0.0,2.6000000000081517e-05,0.0,False
mp-572758,R3,ctp-hap:0.0001,1e-05,tau=1e-06;k=1;margin=0.990025,U,2,358.92509411917433,projected,2.5000000000829917e-05,0.0,2.5000000000829917e-05,0.0,False
mp-572758,R3,ctp-hap:0.0001,1e-05,tau=1e-06;k=2;margin=0.985074875,U,3,357.9338022698831,projected,2.6000000000081517e-05,0.0,2.6000000000081517e-05,0.0,False
mp-572758,R3,ctp-hap:0.0001,1e-05,tau=1e-06;k=0;margin=0.995,hap:0.0001,4,357.39400206825235,projected,0.0,0.0,2.6000000000081517e-05,0.0,True
mp-572758,R3,ctp-hap:0.01,0.001,tau=1e-06;k=0;margin=0.995,U,1,359.3760831889081,unprojected,2.6000000000081517e-05,0.0,2.6000000000081517e-05,0.0,True
mp-572758,R3,ctp-hap:0.01,0.0001,tau=1e-06;k=0;margin=0.995,U,1,359.3760831889081,unprojected,2.6000000000081517e-05,0.0,2.6000000000081517e-05,0.0,True
mp-572758,R3,ctp-hap:0.01,1e-05,tau=1e-06;k=0;margin=0.995,U,1,359.3760831889081,projected,2.6000000000081517e-05,0.0,2.6000000000081517e-05,0.0,False
mp-572758,R3,ctp-hap:0.01,1e-05,tau=1e-06;k=1;margin=0.990025,U,2,358.92509411917433,projected,2.5000000000829917e-05,0.0,2.5000000000829917e-05,0.0,False
mp-572758,R3,ctp-hap:0.01,1e-05,tau=1e-06;k=2;margin=0.985074875,U,3,357.9338022698831,projected,2.6000000000081517e-05,0.0,2.6000000000081517e-05,0.0,False
mp-572758,R3,ctp-hap:0.01,1e-05,tau=1e-06;k=1;margin=0.990025,hap:0.01,4,356.9479709084649,projected,0.0,0.0,2.5000000000829917e-05,0.0,True
mp-572758,R3,ctp-hap:1,0.001,tau=1e-06;k=0;margin=0.995,U,1,359.3760831889081,unprojected,2.6000000000081517e-05,0.0,2.6000000000081517e-05,0.0,True
mp-572758,R3,ctp-hap:1,0.0001,tau=1e-06;k=0;margin=0.995,U,1,359.3760831889081,unprojected,2.6000000000081517e-05,0.0,2.6000000000081517e-05,0.0,True
mp-572758,R3,ctp-hap:1,1e-05,tau=1e-06;k=0;margin=0.995,U,1,359.3760831889081,projected,2.6000000000081517e-05,0.0,2.6000000000081517e-05,0.0,False
mp-572758,R3,ctp-hap:1,1e-05,tau=1e-06;k=1;margin=0.990025,U,2,358.92509411917433,projected,2.5000000000829917e-05,0.0,2.5000000000829917e-05,0.0,False
mp-572758,R3,ctp-hap:1,1e-05,tau=1e-06;k=2;margin=0.985074875,U,3,357.9338022698831,projected,2.6000000000081517e-05,0.0,2.6000000000081517e-05,0.0,False
mp-572758,R3,ctp-hap:1,1e-05,tau=1e-06;k=3;margin=0.980149501,U,4,356.24275222265175,projected,2.700000000110947e-05,0.0,2.700000000110947e-05,0.0,False
mp-572758,R3,ctp-hap:1,1e-05,tau=1e-06;k=4;margin=0.975248753,U,5,355.60128617363347,projected,2.700000000110947e-05,0.0,2.700000000110947e-05,0.0,False
mp-572758,GF,none,0.001,ZFP;tol_rel=0.000464159,U,1,20.04214107595059,,1.100000000064938e-05,0.0,1.100000000064938e-05,0.0,True
mp-572758,GF,none,0.0001,ZFP;tol_rel=0.000464159,U,1,20.04214107595059,,1.100000000064938e-05,0.0,1.100000000064938e-05,0.0,True
mp-572758,GF,none,1e-05,ZFP;tol_rel=0.000464159,U,1,20.04214107595059,,1.100000000064938e-05,0.0,1.100000000064938e-05,0.0,False
mp-572758,GF,none,1e-05,ZFP;tol_rel=0.000215443,U,2,17.033301023509505,,1.00000000005096e-05,0.0,1.00000000005096e-05,0.0,False
mp-572758,GF,none,1e-05,ZFP;tol_rel=0.0001,U,3,14.628777831080509,,2.000000000279556e-06,0.0,2.000000000279556e-06,0.0,True
mp-572758,GF,uniform,0.001,ZFP;tol_rel=0.000464159,uniform,1,20.036331310632708,,0.0,0.0,1.100000000064938e-05,0.0,True
mp-572758,GF,uniform,0.0001,ZFP;tol_rel=0.000464159,uniform,1,20.036331310632708,,0.0,0.0,1.100000000064938e-05,0.0,True
mp-572758,GF,uniform,1e-05,ZFP;tol_rel=0.000464159,uniform,1,20.036331310632708,,0.0,0.0,1.100000000064938e-05,0.0,True
mp-572758,GF,hap:0.0001,0.001,ZFP;tol_rel=0.000464159,hap:0.0001,1,20.035944112702182,,0.0,0.0,1.100000000064938e-05,0.0,True
mp-572758,GF,hap:0.0001,0.0001,ZFP;tol_rel=0.000464159,hap:0.0001,1,20.035944112702182,,0.0,0.0,1.100000000064938e-05,0.0,True
mp-572758,GF,hap:0.0001,1e-05,ZFP;tol_rel=0.000464159,hap:0.0001,1,20.035944112702182,,0.0,0.0,1.100000000064938e-05,0.0,True
mp-572758,GF,hap:0.01,0.001,ZFP;tol_rel=0.000464159,hap:0.01,1,20.035944112702182,,0.0,0.0,1.100000000064938e-05,0.0,True
mp-572758,GF,hap:0.01,0.0001,ZFP;tol_rel=0.000464159,hap:0.01,1,20.035944112702182,,0.0,0.0,1.100000000064938e-05,0.0,True
mp-572758,GF,hap:0.01,1e-05,ZFP;tol_rel=0.000464159,hap:0.01,1,20.035944112702182,,0.0,0.0,1.100000000064938e-05,0.0,True
mp-572758,GF,hap:1,0.001,ZFP;tol_rel=0.000464159,hap:1,1,20.035944112702182,,0.0,0.0,1.100000000064938e-05,0.0,True
mp-572758,GF,hap:1,0.0001,ZFP;tol_rel=0.000464159,hap:1,1,20.035944112702182,,0.0,0.0,1.100000000064938e-05,0.0,True
mp-572758,GF,hap:1,1e-05,ZFP;tol_rel=0.000464159,hap:1,1,20.035944112702182,,0.0,0.0,1.100000000064938e-05,0.0,True
mp-572758,GF,ctp-uniform,0.001,ZFP;tol_rel=0.000464159,U,1,20.042092647318224,unprojected,1.100000000064938e-05,0.0,1.100000000064938e-05,0.0,True
mp-572758,GF,ctp-uniform,0.0001,ZFP;tol_rel=0.000464159,U,1,20.042092647318224,unprojected,1.100000000064938e-05,0.0,1.100000000064938e-05,0.0,True
mp-572758,GF,ctp-uniform,1e-05,ZFP;tol_rel=0.000464159,U,1,20.042092647318224,projected,1.100000000064938e-05,0.0,1.100000000064938e-05,0.0,False
mp-572758,GF,ctp-uniform,1e-05,ZFP;tol_rel=0.000464159,uniform,2,20.036282910072977,projected,0.0,0.0,1.100000000064938e-05,0.0,True
mp-572758,GF,ctp-hap:0.0001,0.001,ZFP;tol_rel=0.000464159,U,1,20.042092647318224,unprojected,1.100000000064938e-05,0.0,1.100000000064938e-05,0.0,True
mp-572758,GF,ctp-hap:0.0001,0.0001,ZFP;tol_rel=0.000464159,U,1,20.042092647318224,unprojected,1.100000000064938e-05,0.0,1.100000000064938e-05,0.0,True
mp-572758,GF,ctp-hap:0.0001,1e-05,ZFP;tol_rel=0.000464159,U,1,20.042092647318224,projected,1.100000000064938e-05,0.0,1.100000000064938e-05,0.0,False
mp-572758,GF,ctp-hap:0.0001,1e-05,ZFP;tol_rel=0.000464159,hap:0.0001,2,20.035895714013098,projected,0.0,0.0,1.100000000064938e-05,0.0,True
mp-572758,GF,ctp-hap:0.01,0.001,ZFP;tol_rel=0.000464159,U,1,20.042092647318224,unprojected,1.100000000064938e-05,0.0,1.100000000064938e-05,0.0,True
mp-572758,GF,ctp-hap:0.01,0.0001,ZFP;tol_rel=0.000464159,U,1,20.042092647318224,unprojected,1.100000000064938e-05,0.0,1.100000000064938e-05,0.0,True
mp-572758,GF,ctp-hap:0.01,1e-05,ZFP;tol_rel=0.000464159,U,1,20.042092647318224,projected,1.100000000064938e-05,0.0,1.100000000064938e-05,0.0,False
mp-572758,GF,ctp-hap:0.01,1e-05,ZFP;tol_rel=0.000464159,hap:0.01,2,20.035895714013098,projected,0.0,0.0,1.100000000064938e-05,0.0,True
mp-572758,GF,ctp-hap:1,0.001,ZFP;tol_rel=0.000464159,U,1,20.042092647318224,unprojected,1.100000000064938e-05,0.0,1.100000000064938e-05,0.0,True
mp-572758,GF,ctp-hap:1,0.0001,ZFP;tol_rel=0.000464159,U,1,20.042092647318224,unprojected,1.100000000064938e-05,0.0,1.100000000064938e-05,0.0,True
mp-572758,GF,ctp-hap:1,1e-05,ZFP;tol_rel=0.000464159,U,1,20.042092647318224,projected,1.100000000064938e-05,0.0,1.100000000064938e-05,0.0,False
mp-572758,GF,ctp-hap:1,1e-05,ZFP;tol_rel=0.000464159,hap:1,2,20.035895714013098,projected,0.0,0.0,1.100000000064938e-05,0.0,True
mp-2301239,J,none,0.001,alpha_rel=0.001,U,1,131.36710378809605,,4.999999999810711e-06,0.0,4.999999999810711e-06,0.0,True
mp-2301239,J,none,0.0001,alpha_rel=0.001,U,1,131.36710378809605,,4.999999999810711e-06,0.0,4.999999999810711e-06,0.0,True
mp-2301239,J,none,1e-05,alpha_rel=0.001,U,1,131.36710378809605,,4.999999999810711e-06,0.0,4.999999999810711e-06,0.0,True
mp-2301239,J,uniform,0.001,alpha_rel=0.001,uniform,1,131.1755915965949,,0.0,0.0,4.999999999810711e-06,0.0,True
mp-2301239,J,uniform,0.0001,alpha_rel=0.001,uniform,1,131.1755915965949,,0.0,0.0,4.999999999810711e-06,0.0,True
mp-2301239,J,uniform,1e-05,alpha_rel=0.001,uniform,1,131.1755915965949,,0.0,0.0,4.999999999810711e-06,0.0,True
mp-2301239,J,hap:0.0001,0.001,alpha_rel=0.001,hap:0.0001,1,131.161933519015,,0.0,0.0,4.999999999810711e-06,0.0,True
mp-2301239,J,hap:0.0001,0.0001,alpha_rel=0.001,hap:0.0001,1,131.161933519015,,0.0,0.0,4.999999999810711e-06,0.0,True
mp-2301239,J,hap:0.0001,1e-05,alpha_rel=0.001,hap:0.0001,1,131.161933519015,,0.0,0.0,4.999999999810711e-06,0.0,True
mp-2301239,J,hap:0.01,0.001,alpha_rel=0.001,hap:0.01,1,131.161933519015,,0.0,0.0,4.999999999810711e-06,0.0,True
mp-2301239,J,hap:0.01,0.0001,alpha_rel=0.001,hap:0.01,1,131.161933519015,,0.0,0.0,4.999999999810711e-06,0.0,True
mp-2301239,J,hap:0.01,1e-05,alpha_rel=0.001,hap:0.01,1,131.161933519015,,0.0,0.0,4.999999999810711e-06,0.0,True
mp-2301239,J,hap:1,0.001,alpha_rel=0.001,hap:1,1,131.161933519015,,0.0,0.0,4.999999999810711e-06,0.0,True
mp-2301239,J,hap:1,0.0001,alpha_rel=0.001,hap:1,1,131.161933519015,,0.0,0.0,4.999999999810711e-06,0.0,True
mp-2301239,J,hap:1,1e-05,alpha_rel=0.001,hap:1,1,131.161933519015,,0.0,0.0,4.999999999810711e-06,0.0,True
mp-2301239,J,ctp-uniform,0.001,alpha_rel=0.001,U,1,131.3653913836929,unprojected,4.999999999810711e-06,0.0,4.999999999810711e-06,0.0,True
mp-2301239,J,ctp-uniform,0.0001,alpha_rel=0.001,U,1,131.3653913836929,unprojected,4.999999999810711e-06,0.0,4.999999999810711e-06,0.0,True
mp-2301239,J,ctp-uniform,1e-05,alpha_rel=0.001,U,1,131.3653913836929,unprojected,4.999999999810711e-06,0.0,4.999999999810711e-06,0.0,True
mp-2301239,J,ctp-hap:0.0001,0.001,alpha_rel=0.001,U,1,131.3653913836929,unprojected,4.999999999810711e-06,0.0,4.999999999810711e-06,0.0,True
mp-2301239,J,ctp-hap:0.0001,0.0001,alpha_rel=0.001,U,1,131.3653913836929,unprojected,4.999999999810711e-06,0.0,4.999999999810711e-06,0.0,True
mp-2301239,J,ctp-hap:0.0001,1e-05,alpha_rel=0.001,U,1,131.3653913836929,unprojected,4.999999999810711e-06,0.0,4.999999999810711e-06,0.0,True
mp-2301239,J,ctp-hap:0.01,0.001,alpha_rel=0.001,U,1,131.3653913836929,unprojected,4.999999999810711e-06,0.0,4.999999999810711e-06,0.0,True
mp-2301239,J,ctp-hap:0.01,0.0001,alpha_rel=0.001,U,1,131.3653913836929,unprojected,4.999999999810711e-06,0.0,4.999999999810711e-06,0.0,True
mp-2301239,J,ctp-hap:0.01,1e-05,alpha_rel=0.001,U,1,131.3653913836929,unprojected,4.999999999810711e-06,0.0,4.999999999810711e-06,0.0,True
mp-2301239,J,ctp-hap:1,0.001,alpha_rel=0.001,U,1,131.3653913836929,unprojected,4.999999999810711e-06,0.0,4.999999999810711e-06,0.0,True
mp-2301239,J,ctp-hap:1,0.0001,alpha_rel=0.001,U,1,131.3653913836929,unprojected,4.999999999810711e-06,0.0,4.999999999810711e-06,0.0,True
mp-2301239,J,ctp-hap:1,1e-05,alpha_rel=0.001,U,1,131.3653913836929,unprojected,4.999999999810711e-06,0.0,4.999999999810711e-06,0.0,True
mp-2301239,T1,none,0.001,q_cut=0.3;alpha_rel=1e-05,U,1,86.93814593074414,,9.999999999621425e-06,0.0,9.999999999621425e-06,0.0,True
mp-2301239,T1,none,0.0001,q_cut=0.3;alpha_rel=1e-05,U,1,86.93814593074414,,9.999999999621425e-06,0.0,9.999999999621425e-06,0.0,True
mp-2301239,T1,none,1e-05,q_cut=0.3;alpha_rel=1e-05,U,1,86.93814593074414,,9.999999999621425e-06,0.0,9.999999999621425e-06,0.0,True
mp-2301239,T1,uniform,0.001,q_cut=0.3;alpha_rel=1e-05,uniform,1,86.85422735499439,,0.0,0.0,9.999999999621425e-06,0.0,True
mp-2301239,T1,uniform,0.0001,q_cut=0.3;alpha_rel=1e-05,uniform,1,86.85422735499439,,0.0,0.0,9.999999999621425e-06,0.0,True
mp-2301239,T1,uniform,1e-05,q_cut=0.3;alpha_rel=1e-05,uniform,1,86.85422735499439,,0.0,0.0,9.999999999621425e-06,0.0,True
mp-2301239,T1,hap:0.0001,0.001,q_cut=0.3;alpha_rel=1e-05,hap:0.0001,1,86.8482393698616,,0.0,0.0,9.999999999621425e-06,0.0,True
mp-2301239,T1,hap:0.0001,0.0001,q_cut=0.3;alpha_rel=1e-05,hap:0.0001,1,86.8482393698616,,0.0,0.0,9.999999999621425e-06,0.0,True
mp-2301239,T1,hap:0.0001,1e-05,q_cut=0.3;alpha_rel=1e-05,hap:0.0001,1,86.8482393698616,,0.0,0.0,9.999999999621425e-06,0.0,True
mp-2301239,T1,hap:0.01,0.001,q_cut=0.3;alpha_rel=1e-05,hap:0.01,1,86.8482393698616,,0.0,0.0,9.999999999621425e-06,0.0,True
mp-2301239,T1,hap:0.01,0.0001,q_cut=0.3;alpha_rel=1e-05,hap:0.01,1,86.8482393698616,,0.0,0.0,9.999999999621425e-06,0.0,True
mp-2301239,T1,hap:0.01,1e-05,q_cut=0.3;alpha_rel=1e-05,hap:0.01,1,86.8482393698616,,0.0,0.0,9.999999999621425e-06,0.0,True
mp-2301239,T1,hap:1,0.001,q_cut=0.3;alpha_rel=1e-05,hap:1,1,86.8482393698616,,0.0,0.0,9.999999999621425e-06,0.0,True
mp-2301239,T1,hap:1,0.0001,q_cut=0.3;alpha_rel=1e-05,hap:1,1,86.8482393698616,,0.0,0.0,9.999999999621425e-06,0.0,True
mp-2301239,T1,hap:1,1e-05,q_cut=0.3;alpha_rel=1e-05,hap:1,1,86.8482393698616,,0.0,0.0,9.999999999621425e-06,0.0,True
mp-2301239,T1,ctp-uniform,0.001,q_cut=0.3;alpha_rel=1e-05,U,1,86.93739594026863,unprojected,9.999999999621425e-06,0.0,9.999999999621425e-06,0.0,True
mp-2301239,T1,ctp-uniform,0.0001,q_cut=0.3;alpha_rel=1e-05,U,1,86.93739594026863,unprojected,9.999999999621425e-06,0.0,9.999999999621425e-06,0.0,True
mp-2301239,T1,ctp-uniform,1e-05,q_cut=0.3;alpha_rel=1e-05,U,1,86.93739594026863,unprojected,9.999999999621425e-06,0.0,9.999999999621425e-06,0.0,True
mp-2301239,T1,ctp-hap:0.0001,0.001,q_cut=0.3;alpha_rel=1e-05,U,1,86.93739594026863,unprojected,9.999999999621425e-06,0.0,9.999999999621425e-06,0.0,True
mp-2301239,T1,ctp-hap:0.0001,0.0001,q_cut=0.3;alpha_rel=1e-05,U,1,86.93739594026863,unprojected,9.999999999621425e-06,0.0,9.999999999621425e-06,0.0,True
mp-2301239,T1,ctp-hap:0.0001,1e-05,q_cut=0.3;alpha_rel=1e-05,U,1,86.93739594026863,unprojected,9.999999999621425e-06,0.0,9.999999999621425e-06,0.0,True
mp-2301239,T1,ctp-hap:0.01,0.001,q_cut=0.3;alpha_rel=1e-05,U,1,86.93739594026863,unprojected,9.999999999621425e-06,0.0,9.999999999621425e-06,0.0,True
mp-2301239,T1,ctp-hap:0.01,0.0001,q_cut=0.3;alpha_rel=1e-05,U,1,86.93739594026863,unprojected,9.999999999621425e-06,0.0,9.999999999621425e-06,0.0,True
mp-2301239,T1,ctp-hap:0.01,1e-05,q_cut=0.3;alpha_rel=1e-05,U,1,86.93739594026863,unprojected,9.999999999621425e-06,0.0,9.999999999621425e-06,0.0,True
mp-2301239,T1,ctp-hap:1,0.001,q_cut=0.3;alpha_rel=1e-05,U,1,86.93739594026863,unprojected,9.999999999621425e-06,0.0,9.999999999621425e-06,0.0,True
mp-2301239,T1,ctp-hap:1,0.0001,q_cut=0.3;alpha_rel=1e-05,U,1,86.93739594026863,unprojected,9.999999999621425e-06,0.0,9.999999999621425e-06,0.0,True
mp-2301239,T1,ctp-hap:1,1e-05,q_cut=0.3;alpha_rel=1e-05,U,1,86.93739594026863,unprojected,9.999999999621425e-06,0.0,9.999999999621425e-06,0.0,True
mp-2301239,R3,none,0.001,tau=1e-06;k=0;margin=0.995,U,1,176.35923910190223,,7.000000000090267e-06,0.0,7.000000000090267e-06,0.0,True
mp-2301239,R3,none,0.0001,tau=1e-06;k=0;margin=0.995,U,1,176.35923910190223,,7.000000000090267e-06,0.0,7.000000000090267e-06,0.0,True
mp-2301239,R3,none,1e-05,tau=1e-06;k=0;margin=0.995,U,1,176.35923910190223,,7.000000000090267e-06,0.0,7.000000000090267e-06,0.0,True
mp-2301239,R3,hap:0.0001,0.001,tau=1e-06;k=0;margin=0.995,hap:0.0001,1,175.98966173619965,,0.0,0.0,7.000000000090267e-06,0.0,True
mp-2301239,R3,hap:0.0001,0.0001,tau=1e-06;k=0;margin=0.995,hap:0.0001,1,175.98966173619965,,0.0,0.0,7.000000000090267e-06,0.0,True
mp-2301239,R3,hap:0.0001,1e-05,tau=1e-06;k=0;margin=0.995,hap:0.0001,1,175.98966173619965,,0.0,0.0,7.000000000090267e-06,0.0,True
mp-2301239,R3,hap:0.01,0.001,tau=1e-06;k=0;margin=0.995,hap:0.01,1,175.98966173619965,,0.0,0.0,7.000000000090267e-06,0.0,True
mp-2301239,R3,hap:0.01,0.0001,tau=1e-06;k=0;margin=0.995,hap:0.01,1,175.98966173619965,,0.0,0.0,7.000000000090267e-06,0.0,True
mp-2301239,R3,hap:0.01,1e-05,tau=1e-06;k=0;margin=0.995,hap:0.01,1,175.98966173619965,,0.0,0.0,7.000000000090267e-06,0.0,True
mp-2301239,R3,hap:1,0.001,tau=1e-06;k=2;margin=0.985074875,hap:1,1,175.50235101529032,,0.0,0.0,7.000000000090267e-06,0.0,True
mp-2301239,R3,hap:1,0.0001,tau=1e-06;k=2;margin=0.985074875,hap:1,1,175.50235101529032,,0.0,0.0,7.000000000090267e-06,0.0,True
mp-2301239,R3,hap:1,1e-05,tau=1e-06;k=2;margin=0.985074875,hap:1,1,175.50235101529032,,0.0,0.0,7.000000000090267e-06,0.0,True
mp-2301239,R3,ctp-uniform,0.001,tau=1e-06;k=0;margin=0.995,U,1,176.35615287694247,unprojected,7.000000000090267e-06,0.0,7.000000000090267e-06,0.0,True
mp-2301239,R3,ctp-uniform,0.0001,tau=1e-06;k=0;margin=0.995,U,1,176.35615287694247,unprojected,7.000000000090267e-06,0.0,7.000000000090267e-06,0.0,True
mp-2301239,R3,ctp-uniform,1e-05,tau=1e-06;k=0;margin=0.995,U,1,176.35615287694247,unprojected,7.000000000090267e-06,0.0,7.000000000090267e-06,0.0,True
mp-2301239,R3,ctp-hap:0.0001,0.001,tau=1e-06;k=0;margin=0.995,U,1,176.35615287694247,unprojected,7.000000000090267e-06,0.0,7.000000000090267e-06,0.0,True
mp-2301239,R3,ctp-hap:0.0001,0.0001,tau=1e-06;k=0;margin=0.995,U,1,176.35615287694247,unprojected,7.000000000090267e-06,0.0,7.000000000090267e-06,0.0,True
mp-2301239,R3,ctp-hap:0.0001,1e-05,tau=1e-06;k=0;margin=0.995,U,1,176.35615287694247,unprojected,7.000000000090267e-06,0.0,7.000000000090267e-06,0.0,True
mp-2301239,R3,ctp-hap:0.01,0.001,tau=1e-06;k=0;margin=0.995,U,1,176.35615287694247,unprojected,7.000000000090267e-06,0.0,7.000000000090267e-06,0.0,True
mp-2301239,R3,ctp-hap:0.01,0.0001,tau=1e-06;k=0;margin=0.995,U,1,176.35615287694247,unprojected,7.000000000090267e-06,0.0,7.000000000090267e-06,0.0,True
mp-2301239,R3,ctp-hap:0.01,1e-05,tau=1e-06;k=0;margin=0.995,U,1,176.35615287694247,unprojected,7.000000000090267e-06,0.0,7.000000000090267e-06,0.0,True
mp-2301239,R3,ctp-hap:1,0.001,tau=1e-06;k=0;margin=0.995,U,1,176.35615287694247,unprojected,7.000000000090267e-06,0.0,7.000000000090267e-06,0.0,True
mp-2301239,R3,ctp-hap:1,0.0001,tau=1e-06;k=0;margin=0.995,U,1,176.35615287694247,unprojected,7.000000000090267e-06,0.0,7.000000000090267e-06,0.0,True
mp-2301239,R3,ctp-hap:1,1e-05,tau=1e-06;k=0;margin=0.995,U,1,176.35615287694247,unprojected,7.000000000090267e-06,0.0,7.000000000090267e-06,0.0,True
mp-2301239,GF,none,0.001,SPERR;tol_rel=4.64159e-06,U,1,24.44992321260041,,2.9999999995311555e-06,0.0,2.9999999995311555e-06,0.0,True
mp-2301239,GF,none,0.0001,SPERR;tol_rel=4.64159e-06,U,1,24.44992321260041,,2.9999999995311555e-06,0.0,2.9999999995311555e-06,0.0,True
mp-2301239,GF,none,1e-05,SPERR;tol_rel=4.64159e-06,U,1,24.44992321260041,,2.9999999995311555e-06,0.0,2.9999999995311555e-06,0.0,True
mp-2301239,GF,uniform,0.001,SPERR;tol_rel=1e-05,uniform,1,31.388922285312045,,0.0,0.0,6.000000000838668e-06,0.0,True
mp-2301239,GF,uniform,0.0001,SPERR;tol_rel=1e-05,uniform,1,31.388922285312045,,0.0,0.0,6.000000000838668e-06,0.0,True
mp-2301239,GF,uniform,1e-05,SPERR;tol_rel=1e-05,uniform,1,31.388922285312045,,0.0,0.0,6.000000000838668e-06,0.0,True
mp-2301239,GF,hap:0.0001,0.001,SPERR;tol_rel=4.64159e-06,hap:0.0001,1,24.44280700562944,,0.0,0.0,2.9999999995311555e-06,0.0,True
mp-2301239,GF,hap:0.0001,0.0001,SPERR;tol_rel=4.64159e-06,hap:0.0001,1,24.44280700562944,,0.0,0.0,2.9999999995311555e-06,0.0,True
mp-2301239,GF,hap:0.0001,1e-05,SPERR;tol_rel=4.64159e-06,hap:0.0001,1,24.44280700562944,,0.0,0.0,2.9999999995311555e-06,0.0,True
mp-2301239,GF,hap:0.01,0.001,SPERR;tol_rel=4.64159e-06,hap:0.01,1,24.44280700562944,,0.0,0.0,2.9999999995311555e-06,0.0,True
mp-2301239,GF,hap:0.01,0.0001,SPERR;tol_rel=4.64159e-06,hap:0.01,1,24.44280700562944,,0.0,0.0,2.9999999995311555e-06,0.0,True
mp-2301239,GF,hap:0.01,1e-05,SPERR;tol_rel=4.64159e-06,hap:0.01,1,24.44280700562944,,0.0,0.0,2.9999999995311555e-06,0.0,True
mp-2301239,GF,hap:1,0.001,SPERR;tol_rel=4.64159e-06,hap:1,1,24.44280700562944,,0.0,0.0,2.9999999995311555e-06,0.0,True
mp-2301239,GF,hap:1,0.0001,SPERR;tol_rel=4.64159e-06,hap:1,1,24.44280700562944,,0.0,0.0,2.9999999995311555e-06,0.0,True
mp-2301239,GF,hap:1,1e-05,SPERR;tol_rel=4.64159e-06,hap:1,1,24.44280700562944,,0.0,0.0,2.9999999995311555e-06,0.0,True
mp-2301239,GF,ctp-uniform,0.001,SPERR;tol_rel=1e-05,uniform,1,31.388824518781536,unprojected,,,6.000000000838668e-06,0.0,False
mp-2301239,GF,ctp-uniform,0.001,SPERR;tol_rel=4.64159e-06,U,2,24.44986389375464,unprojected,2.9999999995311555e-06,0.0,2.9999999995311555e-06,0.0,True
mp-2301239,GF,ctp-uniform,0.0001,SPERR;tol_rel=1e-05,uniform,1,31.388824518781536,unprojected,,,6.000000000838668e-06,0.0,False
mp-2301239,GF,ctp-uniform,0.0001,SPERR;tol_rel=4.64159e-06,U,2,24.44986389375464,unprojected,2.9999999995311555e-06,0.0,2.9999999995311555e-06,0.0,True
mp-2301239,GF,ctp-uniform,1e-05,SPERR;tol_rel=1e-05,uniform,1,31.388824518781536,unprojected,,,6.000000000838668e-06,0.0,False
mp-2301239,GF,ctp-uniform,1e-05,SPERR;tol_rel=4.64159e-06,U,2,24.44986389375464,unprojected,2.9999999995311555e-06,0.0,2.9999999995311555e-06,0.0,True
mp-2301239,GF,ctp-hap:0.0001,0.001,SPERR;tol_rel=4.64159e-06,U,1,24.44986389375464,unprojected,2.9999999995311555e-06,0.0,2.9999999995311555e-06,0.0,True
mp-2301239,GF,ctp-hap:0.0001,0.0001,SPERR;tol_rel=4.64159e-06,U,1,24.44986389375464,unprojected,2.9999999995311555e-06,0.0,2.9999999995311555e-06,0.0,True
mp-2301239,GF,ctp-hap:0.0001,1e-05,SPERR;tol_rel=4.64159e-06,U,1,24.44986389375464,unprojected,2.9999999995311555e-06,0.0,2.9999999995311555e-06,0.0,True
mp-2301239,GF,ctp-hap:0.01,0.001,SPERR;tol_rel=4.64159e-06,U,1,24.44986389375464,unprojected,2.9999999995311555e-06,0.0,2.9999999995311555e-06,0.0,True
mp-2301239,GF,ctp-hap:0.01,0.0001,SPERR;tol_rel=4.64159e-06,U,1,24.44986389375464,unprojected,2.9999999995311555e-06,0.0,2.9999999995311555e-06,0.0,True
mp-2301239,GF,ctp-hap:0.01,1e-05,SPERR;tol_rel=4.64159e-06,U,1,24.44986389375464,unprojected,2.9999999995311555e-06,0.0,2.9999999995311555e-06,0.0,True
mp-2301239,GF,ctp-hap:1,0.001,SPERR;tol_rel=4.64159e-06,U,1,24.44986389375464,unprojected,2.9999999995311555e-06,0.0,2.9999999995311555e-06,0.0,True
mp-2301239,GF,ctp-hap:1,0.0001,SPERR;tol_rel=4.64159e-06,U,1,24.44986389375464,unprojected,2.9999999995311555e-06,0.0,2.9999999995311555e-06,0.0,True
mp-2301239,GF,ctp-hap:1,1e-05,SPERR;tol_rel=4.64159e-06,U,1,24.44986389375464,unprojected,2.9999999995311555e-06,0.0,2.9999999995311555e-06,0.0,True
mp-2309105,J,none,0.001,alpha_rel=0.00464159,U,1,444.3872958724444,,8.999999999481645e-06,0.0,8.999999999481645e-06,0.0,True
mp-2309105,J,none,0.0001,alpha_rel=0.00464159,U,1,444.3872958724444,,8.999999999481645e-06,0.0,8.999999999481645e-06,0.0,True
mp-2309105,J,none,1e-05,alpha_rel=0.00464159,U,1,444.3872958724444,,8.999999999481645e-06,0.0,8.999999999481645e-06,0.0,True
mp-2309105,J,uniform,0.001,alpha_rel=0.00464159,uniform,1,443.24740284724896,,0.0,0.0,8.999999999481645e-06,0.0,True
mp-2309105,J,uniform,0.0001,alpha_rel=0.00464159,uniform,1,443.24740284724896,,0.0,0.0,8.999999999481645e-06,0.0,True
mp-2309105,J,uniform,1e-05,alpha_rel=0.00464159,uniform,1,443.24740284724896,,0.0,0.0,8.999999999481645e-06,0.0,True
mp-2309105,J,hap:0.0001,0.001,alpha_rel=0.00464159,hap:0.0001,1,443.13373509424287,,0.0,0.0,8.999999999481645e-06,0.0,True
mp-2309105,J,hap:0.0001,0.0001,alpha_rel=0.00464159,hap:0.0001,1,443.13373509424287,,0.0,0.0,8.999999999481645e-06,0.0,True
mp-2309105,J,hap:0.0001,1e-05,alpha_rel=0.00464159,hap:0.0001,1,443.13373509424287,,0.0,0.0,8.999999999481645e-06,0.0,True
mp-2309105,J,hap:0.01,0.001,alpha_rel=0.00464159,hap:0.01,1,443.13373509424287,,0.0,0.0,8.999999999481645e-06,0.0,True
mp-2309105,J,hap:0.01,0.0001,alpha_rel=0.00464159,hap:0.01,1,443.13373509424287,,0.0,0.0,8.999999999481645e-06,0.0,True
mp-2309105,J,hap:0.01,1e-05,alpha_rel=0.00464159,hap:0.01,1,443.13373509424287,,0.0,0.0,8.999999999481645e-06,0.0,True
mp-2309105,J,hap:1,0.001,alpha_rel=0.00464159,hap:1,1,443.13373509424287,,0.0,0.0,8.999999999481645e-06,0.0,True
mp-2309105,J,hap:1,0.0001,alpha_rel=0.00464159,hap:1,1,443.13373509424287,,0.0,0.0,8.999999999481645e-06,0.0,True
mp-2309105,J,hap:1,1e-05,alpha_rel=0.00464159,hap:1,1,443.13373509424287,,0.0,0.0,8.999999999481645e-06,0.0,True
mp-2309105,J,ctp-uniform,0.001,alpha_rel=0.00464159,U,1,444.37301102574816,unprojected,8.999999999481645e-06,0.0,8.999999999481645e-06,0.0,True
mp-2309105,J,ctp-uniform,0.0001,alpha_rel=0.00464159,U,1,444.37301102574816,unprojected,8.999999999481645e-06,0.0,8.999999999481645e-06,0.0,True
mp-2309105,J,ctp-uniform,1e-05,alpha_rel=0.00464159,U,1,444.37301102574816,unprojected,8.999999999481645e-06,0.0,8.999999999481645e-06,0.0,True
mp-2309105,J,ctp-hap:0.0001,0.001,alpha_rel=0.00464159,U,1,444.37301102574816,unprojected,8.999999999481645e-06,0.0,8.999999999481645e-06,0.0,True
mp-2309105,J,ctp-hap:0.0001,0.0001,alpha_rel=0.00464159,U,1,444.37301102574816,unprojected,8.999999999481645e-06,0.0,8.999999999481645e-06,0.0,True
mp-2309105,J,ctp-hap:0.0001,1e-05,alpha_rel=0.00464159,U,1,444.37301102574816,unprojected,8.999999999481645e-06,0.0,8.999999999481645e-06,0.0,True
mp-2309105,J,ctp-hap:0.01,0.001,alpha_rel=0.00464159,U,1,444.37301102574816,unprojected,8.999999999481645e-06,0.0,8.999999999481645e-06,0.0,True
mp-2309105,J,ctp-hap:0.01,0.0001,alpha_rel=0.00464159,U,1,444.37301102574816,unprojected,8.999999999481645e-06,0.0,8.999999999481645e-06,0.0,True
mp-2309105,J,ctp-hap:0.01,1e-05,alpha_rel=0.00464159,U,1,444.37301102574816,unprojected,8.999999999481645e-06,0.0,8.999999999481645e-06,0.0,True
mp-2309105,J,ctp-hap:1,0.001,alpha_rel=0.00464159,U,1,444.37301102574816,unprojected,8.999999999481645e-06,0.0,8.999999999481645e-06,0.0,True
mp-2309105,J,ctp-hap:1,0.0001,alpha_rel=0.00464159,U,1,444.37301102574816,unprojected,8.999999999481645e-06,0.0,8.999999999481645e-06,0.0,True
mp-2309105,J,ctp-hap:1,1e-05,alpha_rel=0.00464159,U,1,444.37301102574816,unprojected,8.999999999481645e-06,0.0,8.999999999481645e-06,0.0,True
mp-2309105,T1,none,0.001,q_cut=0.15;alpha_rel=4.64159e-06,U,1,393.3306777442668,,7.000000000090267e-06,0.0,7.000000000090267e-06,0.0,True
mp-2309105,T1,none,0.0001,q_cut=0.15;alpha_rel=4.64159e-06,U,1,393.3306777442668,,7.000000000090267e-06,0.0,7.000000000090267e-06,0.0,True
mp-2309105,T1,none,1e-05,q_cut=0.15;alpha_rel=4.64159e-06,U,1,393.3306777442668,,7.000000000090267e-06,0.0,7.000000000090267e-06,0.0,True
mp-2309105,T1,uniform,0.001,q_cut=0.15;alpha_rel=4.64159e-06,uniform,1,392.43740419008685,,0.0,0.0,7.000000000090267e-06,0.0,True
mp-2309105,T1,uniform,0.0001,q_cut=0.15;alpha_rel=4.64159e-06,uniform,1,392.43740419008685,,0.0,0.0,7.000000000090267e-06,0.0,True
mp-2309105,T1,uniform,1e-05,q_cut=0.15;alpha_rel=4.64159e-06,uniform,1,392.43740419008685,,0.0,0.0,7.000000000090267e-06,0.0,True
mp-2309105,T1,hap:0.0001,0.001,q_cut=0.15;alpha_rel=4.64159e-06,hap:0.0001,1,392.3482999375603,,0.0,0.0,7.000000000090267e-06,0.0,True
mp-2309105,T1,hap:0.0001,0.0001,q_cut=0.15;alpha_rel=4.64159e-06,hap:0.0001,1,392.3482999375603,,0.0,0.0,7.000000000090267e-06,0.0,True
mp-2309105,T1,hap:0.0001,1e-05,q_cut=0.15;alpha_rel=4.64159e-06,hap:0.0001,1,392.3482999375603,,0.0,0.0,7.000000000090267e-06,0.0,True
mp-2309105,T1,hap:0.01,0.001,q_cut=0.15;alpha_rel=4.64159e-06,hap:0.01,1,392.3482999375603,,0.0,0.0,7.000000000090267e-06,0.0,True
mp-2309105,T1,hap:0.01,0.0001,q_cut=0.15;alpha_rel=4.64159e-06,hap:0.01,1,392.3482999375603,,0.0,0.0,7.000000000090267e-06,0.0,True
mp-2309105,T1,hap:0.01,1e-05,q_cut=0.15;alpha_rel=4.64159e-06,hap:0.01,1,392.3482999375603,,0.0,0.0,7.000000000090267e-06,0.0,True
mp-2309105,T1,hap:1,0.001,q_cut=0.15;alpha_rel=4.64159e-06,hap:1,1,392.3482999375603,,0.0,0.0,7.000000000090267e-06,0.0,True
mp-2309105,T1,hap:1,0.0001,q_cut=0.15;alpha_rel=4.64159e-06,hap:1,1,392.3482999375603,,0.0,0.0,7.000000000090267e-06,0.0,True
mp-2309105,T1,hap:1,1e-05,q_cut=0.15;alpha_rel=4.64159e-06,hap:1,1,392.3482999375603,,0.0,0.0,7.000000000090267e-06,0.0,True
mp-2309105,T1,ctp-uniform,0.001,q_cut=0.15;alpha_rel=4.64159e-06,U,1,393.3194867271744,unprojected,7.000000000090267e-06,0.0,7.000000000090267e-06,0.0,True
mp-2309105,T1,ctp-uniform,0.0001,q_cut=0.15;alpha_rel=4.64159e-06,U,1,393.3194867271744,unprojected,7.000000000090267e-06,0.0,7.000000000090267e-06,0.0,True
mp-2309105,T1,ctp-uniform,1e-05,q_cut=0.15;alpha_rel=4.64159e-06,U,1,393.3194867271744,unprojected,7.000000000090267e-06,0.0,7.000000000090267e-06,0.0,True
mp-2309105,T1,ctp-hap:0.0001,0.001,q_cut=0.15;alpha_rel=4.64159e-06,U,1,393.3194867271744,unprojected,7.000000000090267e-06,0.0,7.000000000090267e-06,0.0,True
mp-2309105,T1,ctp-hap:0.0001,0.0001,q_cut=0.15;alpha_rel=4.64159e-06,U,1,393.3194867271744,unprojected,7.000000000090267e-06,0.0,7.000000000090267e-06,0.0,True
mp-2309105,T1,ctp-hap:0.0001,1e-05,q_cut=0.15;alpha_rel=4.64159e-06,U,1,393.3194867271744,unprojected,7.000000000090267e-06,0.0,7.000000000090267e-06,0.0,True
mp-2309105,T1,ctp-hap:0.01,0.001,q_cut=0.15;alpha_rel=4.64159e-06,U,1,393.3194867271744,unprojected,7.000000000090267e-06,0.0,7.000000000090267e-06,0.0,True
mp-2309105,T1,ctp-hap:0.01,0.0001,q_cut=0.15;alpha_rel=4.64159e-06,U,1,393.3194867271744,unprojected,7.000000000090267e-06,0.0,7.000000000090267e-06,0.0,True
mp-2309105,T1,ctp-hap:0.01,1e-05,q_cut=0.15;alpha_rel=4.64159e-06,U,1,393.3194867271744,unprojected,7.000000000090267e-06,0.0,7.000000000090267e-06,0.0,True
mp-2309105,T1,ctp-hap:1,0.001,q_cut=0.15;alpha_rel=4.64159e-06,U,1,393.3194867271744,unprojected,7.000000000090267e-06,0.0,7.000000000090267e-06,0.0,True
mp-2309105,T1,ctp-hap:1,0.0001,q_cut=0.15;alpha_rel=4.64159e-06,U,1,393.3194867271744,unprojected,7.000000000090267e-06,0.0,7.000000000090267e-06,0.0,True
mp-2309105,T1,ctp-hap:1,1e-05,q_cut=0.15;alpha_rel=4.64159e-06,U,1,393.3194867271744,unprojected,7.000000000090267e-06,0.0,7.000000000090267e-06,0.0,True
mp-2309105,R3,none,0.001,tau=1e-06;k=0;margin=0.995,U,1,622.3662884927066,,1.600000000046009e-05,0.0,1.600000000046009e-05,0.0,True
mp-2309105,R3,none,0.0001,tau=1e-06;k=0;margin=0.995,U,1,622.3662884927066,,1.600000000046009e-05,0.0,1.600000000046009e-05,0.0,True
mp-2309105,R3,none,1e-05,tau=1e-06;k=0;margin=0.995,U,1,622.3662884927066,,1.600000000046009e-05,0.0,1.600000000046009e-05,0.0,False
mp-2309105,R3,none,1e-05,tau=1e-06;k=1;margin=0.990025,U,2,621.4430209035738,,1.5000000001208493e-05,0.0,1.5000000001208493e-05,0.0,False
mp-2309105,R3,none,1e-05,tau=1e-06;k=2;margin=0.985074875,U,3,620.7453973955994,,1.600000000046009e-05,0.0,1.600000000046009e-05,0.0,False
mp-2309105,R3,none,1e-05,tau=1e-06;k=3;margin=0.980149501,U,4,619.6880043033889,,1.199999999990098e-05,0.0,1.199999999990098e-05,0.0,False
mp-2309105,R3,none,1e-05,tau=1e-06;k=4;margin=0.975248753,U,5,619.1883902176834,,1.3000000000928937e-05,0.0,1.3000000000928937e-05,0.0,False
mp-2309105,R3,hap:0.0001,0.001,tau=1e-06;k=0;margin=0.995,hap:0.0001,1,619.9103139013453,,0.0,0.0,1.600000000046009e-05,0.0,True
mp-2309105,R3,hap:0.0001,0.0001,tau=1e-06;k=0;margin=0.995,hap:0.0001,1,619.9103139013453,,0.0,0.0,1.600000000046009e-05,0.0,True
mp-2309105,R3,hap:0.0001,1e-05,tau=1e-06;k=0;margin=0.995,hap:0.0001,1,619.9103139013453,,0.0,0.0,1.600000000046009e-05,0.0,True
mp-2309105,R3,hap:0.01,0.001,tau=1e-06;k=0;margin=0.995,hap:0.01,1,619.9103139013453,,0.0,0.0,1.600000000046009e-05,0.0,True
mp-2309105,R3,hap:0.01,0.0001,tau=1e-06;k=0;margin=0.995,hap:0.01,1,619.9103139013453,,0.0,0.0,1.600000000046009e-05,0.0,True
mp-2309105,R3,hap:0.01,1e-05,tau=1e-06;k=0;margin=0.995,hap:0.01,1,619.9103139013453,,0.0,0.0,1.600000000046009e-05,0.0,True
mp-2309105,R3,ctp-uniform,0.001,tau=1e-06;k=0;margin=0.995,U,1,622.3382703822086,unprojected,1.600000000046009e-05,0.0,1.600000000046009e-05,0.0,True
mp-2309105,R3,ctp-uniform,0.0001,tau=1e-06;k=0;margin=0.995,U,1,622.3382703822086,unprojected,1.600000000046009e-05,0.0,1.600000000046009e-05,0.0,True
mp-2309105,R3,ctp-uniform,1e-05,tau=1e-06;k=0;margin=0.995,U,1,622.3382703822086,projected,1.600000000046009e-05,0.0,1.600000000046009e-05,0.0,False
mp-2309105,R3,ctp-uniform,1e-05,tau=1e-06;k=1;margin=0.990025,U,2,621.4150858581318,projected,1.5000000001208493e-05,0.0,1.5000000001208493e-05,0.0,False
mp-2309105,R3,ctp-uniform,1e-05,tau=1e-06;k=2;margin=0.985074875,U,3,620.7175250325536,projected,1.600000000046009e-05,0.0,1.600000000046009e-05,0.0,False
mp-2309105,R3,ctp-uniform,1e-05,tau=1e-06;k=3;margin=0.980149501,U,4,619.6602268142902,projected,1.199999999990098e-05,0.0,1.199999999990098e-05,0.0,False
mp-2309105,R3,ctp-uniform,1e-05,tau=1e-06;k=4;margin=0.975248753,U,5,619.160657499888,projected,1.3000000000928937e-05,0.0,1.3000000000928937e-05,0.0,False
mp-2309105,R3,ctp-hap:0.0001,0.001,tau=1e-06;k=0;margin=0.995,U,1,622.3382703822086,unprojected,1.600000000046009e-05,0.0,1.600000000046009e-05,0.0,True
mp-2309105,R3,ctp-hap:0.0001,0.0001,tau=1e-06;k=0;margin=0.995,U,1,622.3382703822086,unprojected,1.600000000046009e-05,0.0,1.600000000046009e-05,0.0,True
mp-2309105,R3,ctp-hap:0.0001,1e-05,tau=1e-06;k=0;margin=0.995,U,1,622.3382703822086,projected,1.600000000046009e-05,0.0,1.600000000046009e-05,0.0,False
mp-2309105,R3,ctp-hap:0.0001,1e-05,tau=1e-06;k=1;margin=0.990025,U,2,621.4150858581318,projected,1.5000000001208493e-05,0.0,1.5000000001208493e-05,0.0,False
mp-2309105,R3,ctp-hap:0.0001,1e-05,tau=1e-06;k=2;margin=0.985074875,U,3,620.7175250325536,projected,1.600000000046009e-05,0.0,1.600000000046009e-05,0.0,False
mp-2309105,R3,ctp-hap:0.0001,1e-05,tau=1e-06;k=0;margin=0.995,hap:0.0001,4,619.8825164790817,projected,0.0,0.0,1.600000000046009e-05,0.0,True
mp-2309105,R3,ctp-hap:0.01,0.001,tau=1e-06;k=0;margin=0.995,U,1,622.3382703822086,unprojected,1.600000000046009e-05,0.0,1.600000000046009e-05,0.0,True
mp-2309105,R3,ctp-hap:0.01,0.0001,tau=1e-06;k=0;margin=0.995,U,1,622.3382703822086,unprojected,1.600000000046009e-05,0.0,1.600000000046009e-05,0.0,True
mp-2309105,R3,ctp-hap:0.01,1e-05,tau=1e-06;k=0;margin=0.995,U,1,622.3382703822086,projected,1.600000000046009e-05,0.0,1.600000000046009e-05,0.0,False
mp-2309105,R3,ctp-hap:0.01,1e-05,tau=1e-06;k=1;margin=0.990025,U,2,621.4150858581318,projected,1.5000000001208493e-05,0.0,1.5000000001208493e-05,0.0,False
mp-2309105,R3,ctp-hap:0.01,1e-05,tau=1e-06;k=2;margin=0.985074875,U,3,620.7175250325536,projected,1.600000000046009e-05,0.0,1.600000000046009e-05,0.0,False
mp-2309105,R3,ctp-hap:0.01,1e-05,tau=1e-06;k=0;margin=0.995,hap:0.01,4,619.8825164790817,projected,0.0,0.0,1.600000000046009e-05,0.0,True
mp-2309105,R3,ctp-hap:1,0.001,tau=1e-06;k=0;margin=0.995,U,1,622.3382703822086,unprojected,1.600000000046009e-05,0.0,1.600000000046009e-05,0.0,True
mp-2309105,R3,ctp-hap:1,0.0001,tau=1e-06;k=0;margin=0.995,U,1,622.3382703822086,unprojected,1.600000000046009e-05,0.0,1.600000000046009e-05,0.0,True
mp-2309105,R3,ctp-hap:1,1e-05,tau=1e-06;k=0;margin=0.995,U,1,622.3382703822086,projected,1.600000000046009e-05,0.0,1.600000000046009e-05,0.0,False
mp-2309105,R3,ctp-hap:1,1e-05,tau=1e-06;k=1;margin=0.990025,U,2,621.4150858581318,projected,1.5000000001208493e-05,0.0,1.5000000001208493e-05,0.0,False
mp-2309105,R3,ctp-hap:1,1e-05,tau=1e-06;k=2;margin=0.985074875,U,3,620.7175250325536,projected,1.600000000046009e-05,0.0,1.600000000046009e-05,0.0,False
mp-2309105,R3,ctp-hap:1,1e-05,tau=1e-06;k=3;margin=0.980149501,U,4,619.6602268142902,projected,1.199999999990098e-05,0.0,1.199999999990098e-05,0.0,False
mp-2309105,R3,ctp-hap:1,1e-05,tau=1e-06;k=4;margin=0.975248753,U,5,619.160657499888,projected,1.3000000000928937e-05,0.0,1.3000000000928937e-05,0.0,False
mp-2309105,GF,none,0.001,SPERR;tol_rel=4.64159e-06,U,1,28.36617481393932,,4.000000000559112e-06,0.0,4.000000000559112e-06,0.0,True
mp-2309105,GF,none,0.0001,SPERR;tol_rel=4.64159e-06,U,1,28.36617481393932,,4.000000000559112e-06,0.0,4.000000000559112e-06,0.0,True
mp-2309105,GF,none,1e-05,SPERR;tol_rel=4.64159e-06,U,1,28.36617481393932,,4.000000000559112e-06,0.0,4.000000000559112e-06,0.0,True
mp-2309105,GF,uniform,0.001,SPERR;tol_rel=1e-05,uniform,1,36.85476173972391,,0.0,0.0,8.000000001118224e-06,0.0,True
mp-2309105,GF,uniform,0.0001,SPERR;tol_rel=1e-05,uniform,1,36.85476173972391,,0.0,0.0,8.000000001118224e-06,0.0,True
mp-2309105,GF,uniform,1e-05,SPERR;tol_rel=1e-05,uniform,1,36.85476173972391,,0.0,0.0,8.000000001118224e-06,0.0,True
mp-2309105,GF,hap:0.0001,0.001,SPERR;tol_rel=4.64159e-06,hap:0.0001,1,28.36105360985908,,0.0,0.0,4.000000000559112e-06,0.0,True
mp-2309105,GF,hap:0.0001,0.0001,SPERR;tol_rel=4.64159e-06,hap:0.0001,1,28.36105360985908,,0.0,0.0,4.000000000559112e-06,0.0,True
mp-2309105,GF,hap:0.0001,1e-05,SPERR;tol_rel=4.64159e-06,hap:0.0001,1,28.36105360985908,,0.0,0.0,4.000000000559112e-06,0.0,True
mp-2309105,GF,hap:0.01,0.001,SPERR;tol_rel=4.64159e-06,hap:0.01,1,28.36105360985908,,0.0,0.0,4.000000000559112e-06,0.0,True
mp-2309105,GF,hap:0.01,0.0001,SPERR;tol_rel=4.64159e-06,hap:0.01,1,28.36105360985908,,0.0,0.0,4.000000000559112e-06,0.0,True
mp-2309105,GF,hap:0.01,1e-05,SPERR;tol_rel=4.64159e-06,hap:0.01,1,28.36105360985908,,0.0,0.0,4.000000000559112e-06,0.0,True
mp-2309105,GF,hap:1,0.001,SPERR;tol_rel=4.64159e-06,hap:1,1,28.36105360985908,,0.0,0.0,4.000000000559112e-06,0.0,True
mp-2309105,GF,hap:1,0.0001,SPERR;tol_rel=4.64159e-06,hap:1,1,28.36105360985908,,0.0,0.0,4.000000000559112e-06,0.0,True
mp-2309105,GF,hap:1,1e-05,SPERR;tol_rel=4.64159e-06,hap:1,1,28.36105360985908,,0.0,0.0,4.000000000559112e-06,0.0,True
mp-2309105,GF,ctp-uniform,0.001,SPERR;tol_rel=1e-05,uniform,1,36.854663485250406,unprojected,,,8.000000001118224e-06,0.0,False
mp-2309105,GF,ctp-uniform,0.001,SPERR;tol_rel=4.64159e-06,U,2,28.366116608049374,unprojected,4.000000000559112e-06,0.0,4.000000000559112e-06,0.0,True
mp-2309105,GF,ctp-uniform,0.0001,SPERR;tol_rel=1e-05,uniform,1,36.854663485250406,unprojected,,,8.000000001118224e-06,0.0,False
mp-2309105,GF,ctp-uniform,0.0001,SPERR;tol_rel=4.64159e-06,U,2,28.366116608049374,unprojected,4.000000000559112e-06,0.0,4.000000000559112e-06,0.0,True
mp-2309105,GF,ctp-uniform,1e-05,SPERR;tol_rel=1e-05,uniform,1,36.854663485250406,unprojected,,,8.000000001118224e-06,0.0,False
mp-2309105,GF,ctp-uniform,1e-05,SPERR;tol_rel=4.64159e-06,U,2,28.366116608049374,unprojected,4.000000000559112e-06,0.0,4.000000000559112e-06,0.0,True
mp-2309105,GF,ctp-hap:0.0001,0.001,SPERR;tol_rel=4.64159e-06,U,1,28.366116608049374,unprojected,4.000000000559112e-06,0.0,4.000000000559112e-06,0.0,True
mp-2309105,GF,ctp-hap:0.0001,0.0001,SPERR;tol_rel=4.64159e-06,U,1,28.366116608049374,unprojected,4.000000000559112e-06,0.0,4.000000000559112e-06,0.0,True
mp-2309105,GF,ctp-hap:0.0001,1e-05,SPERR;tol_rel=4.64159e-06,U,1,28.366116608049374,unprojected,4.000000000559112e-06,0.0,4.000000000559112e-06,0.0,True
mp-2309105,GF,ctp-hap:0.01,0.001,SPERR;tol_rel=4.64159e-06,U,1,28.366116608049374,unprojected,4.000000000559112e-06,0.0,4.000000000559112e-06,0.0,True
mp-2309105,GF,ctp-hap:0.01,0.0001,SPERR;tol_rel=4.64159e-06,U,1,28.366116608049374,unprojected,4.000000000559112e-06,0.0,4.000000000559112e-06,0.0,True
mp-2309105,GF,ctp-hap:0.01,1e-05,SPERR;tol_rel=4.64159e-06,U,1,28.366116608049374,unprojected,4.000000000559112e-06,0.0,4.000000000559112e-06,0.0,True
mp-2309105,GF,ctp-hap:1,0.001,SPERR;tol_rel=4.64159e-06,U,1,28.366116608049374,unprojected,4.000000000559112e-06,0.0,4.000000000559112e-06,0.0,True
mp-2309105,GF,ctp-hap:1,0.0001,SPERR;tol_rel=4.64159e-06,U,1,28.366116608049374,unprojected,4.000000000559112e-06,0.0,4.000000000559112e-06,0.0,True
mp-2309105,GF,ctp-hap:1,1e-05,SPERR;tol_rel=4.64159e-06,U,1,28.366116608049374,unprojected,4.000000000559112e-06,0.0,4.000000000559112e-06,0.0,True
mp-1546707,J,none,0.001,alpha_rel=0.00215443,U,1,521.873357121285,,1.4999999999432134e-05,0.0,1.4999999999432134e-05,0.0,True
mp-1546707,J,none,0.0001,alpha_rel=0.00215443,U,1,521.873357121285,,1.4999999999432134e-05,0.0,1.4999999999432134e-05,0.0,True
mp-1546707,J,none,1e-05,alpha_rel=0.00215443,U,1,521.873357121285,,1.4999999999432134e-05,0.0,1.4999999999432134e-05,0.0,False
mp-1546707,J,none,1e-05,alpha_rel=0.001,U,2,386.62843694582097,,8.000000000230045e-06,0.0,8.000000000230045e-06,0.0,True
mp-1546707,J,uniform,0.001,alpha_rel=0.001,uniform,1,384.89333267336536,,0.0,0.0,8.000000000230045e-06,0.0,True
mp-1546707,J,uniform,0.0001,alpha_rel=0.001,uniform,1,384.89333267336536,,0.0,0.0,8.000000000230045e-06,0.0,True
mp-1546707,J,uniform,1e-05,alpha_rel=0.001,uniform,1,384.89333267336536,,0.0,0.0,8.000000000230045e-06,0.0,True
mp-1546707,J,hap:0.0001,0.001,alpha_rel=0.00215443,hap:0.0001,1,518.6708614498683,,0.0,0.0,1.4999999999432134e-05,0.0,True
mp-1546707,J,hap:0.0001,0.0001,alpha_rel=0.00215443,hap:0.0001,1,518.6708614498683,,0.0,0.0,1.4999999999432134e-05,0.0,True
mp-1546707,J,hap:0.0001,1e-05,alpha_rel=0.00215443,hap:0.0001,1,518.6708614498683,,0.0,0.0,1.4999999999432134e-05,0.0,True
mp-1546707,J,hap:0.01,0.001,alpha_rel=0.00215443,hap:0.01,1,518.6708614498683,,0.0,0.0,1.4999999999432134e-05,0.0,True
mp-1546707,J,hap:0.01,0.0001,alpha_rel=0.00215443,hap:0.01,1,518.6708614498683,,0.0,0.0,1.4999999999432134e-05,0.0,True
mp-1546707,J,hap:0.01,1e-05,alpha_rel=0.00215443,hap:0.01,1,518.6708614498683,,0.0,0.0,1.4999999999432134e-05,0.0,True
mp-1546707,J,hap:1,0.001,alpha_rel=0.00215443,hap:1,1,518.6708614498683,,0.0,0.0,1.4999999999432134e-05,0.0,True
mp-1546707,J,hap:1,0.0001,alpha_rel=0.00215443,hap:1,1,518.6708614498683,,0.0,0.0,1.4999999999432134e-05,0.0,True
mp-1546707,J,hap:1,1e-05,alpha_rel=0.00215443,hap:1,1,518.6708614498683,,0.0,0.0,1.4999999999432134e-05,0.0,True
mp-1546707,J,ctp-uniform,0.001,alpha_rel=0.00215443,U,1,521.8675197422876,unprojected,1.4999999999432134e-05,0.0,1.4999999999432134e-05,0.0,True
mp-1546707,J,ctp-uniform,0.0001,alpha_rel=0.00215443,U,1,521.8675197422876,unprojected,1.4999999999432134e-05,0.0,1.4999999999432134e-05,0.0,True
mp-1546707,J,ctp-uniform,1e-05,alpha_rel=0.00215443,U,1,521.8675197422876,projected,1.4999999999432134e-05,0.0,1.4999999999432134e-05,0.0,False
mp-1546707,J,ctp-uniform,1e-05,alpha_rel=0.001,U,2,386.6252330640149,unprojected,8.000000000230045e-06,0.0,8.000000000230045e-06,0.0,True
mp-1546707,J,ctp-hap:0.0001,0.001,alpha_rel=0.00215443,U,1,521.8675197422876,unprojected,1.4999999999432134e-05,0.0,1.4999999999432134e-05,0.0,True
mp-1546707,J,ctp-hap:0.0001,0.0001,alpha_rel=0.00215443,U,1,521.8675197422876,unprojected,1.4999999999432134e-05,0.0,1.4999999999432134e-05,0.0,True
mp-1546707,J,ctp-hap:0.0001,1e-05,alpha_rel=0.00215443,U,1,521.8675197422876,projected,1.4999999999432134e-05,0.0,1.4999999999432134e-05,0.0,False
mp-1546707,J,ctp-hap:0.0001,1e-05,alpha_rel=0.00215443,hap:0.0001,2,518.6650954932521,projected,0.0,0.0,1.4999999999432134e-05,0.0,True
mp-1546707,J,ctp-hap:0.01,0.001,alpha_rel=0.00215443,U,1,521.8675197422876,unprojected,1.4999999999432134e-05,0.0,1.4999999999432134e-05,0.0,True
mp-1546707,J,ctp-hap:0.01,0.0001,alpha_rel=0.00215443,U,1,521.8675197422876,unprojected,1.4999999999432134e-05,0.0,1.4999999999432134e-05,0.0,True
mp-1546707,J,ctp-hap:0.01,1e-05,alpha_rel=0.00215443,U,1,521.8675197422876,projected,1.4999999999432134e-05,0.0,1.4999999999432134e-05,0.0,False
mp-1546707,J,ctp-hap:0.01,1e-05,alpha_rel=0.00215443,hap:0.01,2,518.6650954932521,projected,0.0,0.0,1.4999999999432134e-05,0.0,True
mp-1546707,J,ctp-hap:1,0.001,alpha_rel=0.00215443,U,1,521.8675197422876,unprojected,1.4999999999432134e-05,0.0,1.4999999999432134e-05,0.0,True
mp-1546707,J,ctp-hap:1,0.0001,alpha_rel=0.00215443,U,1,521.8675197422876,unprojected,1.4999999999432134e-05,0.0,1.4999999999432134e-05,0.0,True
mp-1546707,J,ctp-hap:1,1e-05,alpha_rel=0.00215443,U,1,521.8675197422876,projected,1.4999999999432134e-05,0.0,1.4999999999432134e-05,0.0,False
mp-1546707,J,ctp-hap:1,1e-05,alpha_rel=0.00215443,hap:1,2,518.6650954932521,projected,0.0,0.0,1.4999999999432134e-05,0.0,True
mp-1546707,T1,none,0.001,q_cut=0.3;alpha_rel=2.15443e-05,U,1,418.8451594369434,,2.700000000110947e-05,0.0,2.700000000110947e-05,0.0,True
mp-1546707,T1,none,0.0001,q_cut=0.3;alpha_rel=2.15443e-05,U,1,418.8451594369434,,2.700000000110947e-05,0.0,2.700000000110947e-05,0.0,True
mp-1546707,T1,none,1e-05,q_cut=0.3;alpha_rel=2.15443e-05,U,1,418.8451594369434,,2.700000000110947e-05,0.0,2.700000000110947e-05,0.0,False
mp-1546707,T1,none,1e-05,q_cut=0.3;alpha_rel=1e-05,U,2,358.1897048097962,,9.000000000369823e-06,0.0,9.000000000369823e-06,0.0,True
mp-1546707,T1,uniform,0.001,q_cut=0.3;alpha_rel=4.64159e-06,uniform,1,315.119750368099,,0.0,0.0,7.000000000090267e-06,0.0,True
mp-1546707,T1,uniform,0.0001,q_cut=0.3;alpha_rel=4.64159e-06,uniform,1,315.119750368099,,0.0,0.0,7.000000000090267e-06,0.0,True
mp-1546707,T1,uniform,1e-05,q_cut=0.3;alpha_rel=4.64159e-06,uniform,1,315.119750368099,,0.0,0.0,7.000000000090267e-06,0.0,True
mp-1546707,T1,hap:0.0001,0.001,q_cut=0.3;alpha_rel=2.15443e-05,hap:0.0001,1,416.7798184806689,,0.0,0.0,2.700000000110947e-05,0.0,True
mp-1546707,T1,hap:0.0001,0.0001,q_cut=0.3;alpha_rel=2.15443e-05,hap:0.0001,1,416.7798184806689,,0.0,0.0,2.700000000110947e-05,0.0,True
mp-1546707,T1,hap:0.0001,1e-05,q_cut=0.3;alpha_rel=2.15443e-05,hap:0.0001,1,416.7798184806689,,0.0,0.0,2.700000000110947e-05,0.0,True
mp-1546707,T1,hap:0.01,0.001,q_cut=0.3;alpha_rel=2.15443e-05,hap:0.01,1,416.7798184806689,,0.0,0.0,2.700000000110947e-05,0.0,True
mp-1546707,T1,hap:0.01,0.0001,q_cut=0.3;alpha_rel=2.15443e-05,hap:0.01,1,416.7798184806689,,0.0,0.0,2.700000000110947e-05,0.0,True
mp-1546707,T1,hap:0.01,1e-05,q_cut=0.3;alpha_rel=2.15443e-05,hap:0.01,1,416.7798184806689,,0.0,0.0,2.700000000110947e-05,0.0,True
mp-1546707,T1,hap:1,0.001,q_cut=0.3;alpha_rel=2.15443e-05,hap:1,1,416.7798184806689,,0.0,0.0,2.700000000110947e-05,0.0,True
mp-1546707,T1,hap:1,0.0001,q_cut=0.3;alpha_rel=2.15443e-05,hap:1,1,416.7798184806689,,0.0,0.0,2.700000000110947e-05,0.0,True
mp-1546707,T1,hap:1,1e-05,q_cut=0.3;alpha_rel=2.15443e-05,hap:1,1,416.7798184806689,,0.0,0.0,2.700000000110947e-05,0.0,True
mp-1546707,T1,ctp-uniform,0.001,q_cut=0.3;alpha_rel=2.15443e-05,U,1,418.8413993697988,unprojected,2.700000000110947e-05,0.0,2.700000000110947e-05,0.0,True
mp-1546707,T1,ctp-uniform,0.0001,q_cut=0.3;alpha_rel=2.15443e-05,U,1,418.8413993697988,unprojected,2.700000000110947e-05,0.0,2.700000000110947e-05,0.0,True
mp-1546707,T1,ctp-uniform,1e-05,q_cut=0.3;alpha_rel=2.15443e-05,U,1,418.8413993697988,projected,2.700000000110947e-05,0.0,2.700000000110947e-05,0.0,False
mp-1546707,T1,ctp-uniform,1e-05,q_cut=0.3;alpha_rel=1e-05,U,2,358.18695491954304,unprojected,9.000000000369823e-06,0.0,9.000000000369823e-06,0.0,True
mp-1546707,T1,ctp-hap:0.0001,0.001,q_cut=0.3;alpha_rel=2.15443e-05,U,1,418.8413993697988,unprojected,2.700000000110947e-05,0.0,2.700000000110947e-05,0.0,True
mp-1546707,T1,ctp-hap:0.0001,0.0001,q_cut=0.3;alpha_rel=2.15443e-05,U,1,418.8413993697988,unprojected,2.700000000110947e-05,0.0,2.700000000110947e-05,0.0,True
mp-1546707,T1,ctp-hap:0.0001,1e-05,q_cut=0.3;alpha_rel=2.15443e-05,U,1,418.8413993697988,projected,2.700000000110947e-05,0.0,2.700000000110947e-05,0.0,False
mp-1546707,T1,ctp-hap:0.0001,1e-05,q_cut=0.3;alpha_rel=2.15443e-05,hap:0.0001,2,416.77609540399305,projected,0.0,0.0,2.700000000110947e-05,0.0,True
mp-1546707,T1,ctp-hap:0.01,0.001,q_cut=0.3;alpha_rel=2.15443e-05,U,1,418.8413993697988,unprojected,2.700000000110947e-05,0.0,2.700000000110947e-05,0.0,True
mp-1546707,T1,ctp-hap:0.01,0.0001,q_cut=0.3;alpha_rel=2.15443e-05,U,1,418.8413993697988,unprojected,2.700000000110947e-05,0.0,2.700000000110947e-05,0.0,True
mp-1546707,T1,ctp-hap:0.01,1e-05,q_cut=0.3;alpha_rel=2.15443e-05,U,1,418.8413993697988,projected,2.700000000110947e-05,0.0,2.700000000110947e-05,0.0,False
mp-1546707,T1,ctp-hap:0.01,1e-05,q_cut=0.3;alpha_rel=2.15443e-05,hap:0.01,2,416.77609540399305,projected,0.0,0.0,2.700000000110947e-05,0.0,True
mp-1546707,T1,ctp-hap:1,0.001,q_cut=0.3;alpha_rel=2.15443e-05,U,1,418.8413993697988,unprojected,2.700000000110947e-05,0.0,2.700000000110947e-05,0.0,True
mp-1546707,T1,ctp-hap:1,0.0001,q_cut=0.3;alpha_rel=2.15443e-05,U,1,418.8413993697988,unprojected,2.700000000110947e-05,0.0,2.700000000110947e-05,0.0,True
mp-1546707,T1,ctp-hap:1,1e-05,q_cut=0.3;alpha_rel=2.15443e-05,U,1,418.8413993697988,projected,2.700000000110947e-05,0.0,2.700000000110947e-05,0.0,False
mp-1546707,T1,ctp-hap:1,1e-05,q_cut=0.3;alpha_rel=2.15443e-05,hap:1,2,416.77609540399305,projected,0.0,0.0,2.700000000110947e-05,0.0,True
mp-1546707,R3,none,0.001,tau=1e-06;k=0;margin=0.995,U,1,651.0926902788244,,1.5000000000320313e-05,0.0,1.5000000000320313e-05,0.0,True
mp-1546707,R3,none,0.0001,tau=1e-06;k=0;margin=0.995,U,1,651.0926902788244,,1.5000000000320313e-05,0.0,1.5000000000320313e-05,0.0,True
mp-1546707,R3,none,1e-05,tau=1e-06;k=0;margin=0.995,U,1,651.0926902788244,,1.5000000000320313e-05,0.0,1.5000000000320313e-05,0.0,False
mp-1546707,R3,none,1e-05,tau=1e-06;k=1;margin=0.990025,U,2,647.4065440013321,,1.8000000000739647e-05,0.0,1.8000000000739647e-05,0.0,False
mp-1546707,R3,none,1e-05,tau=1e-06;k=2;margin=0.985074875,U,3,646.5721531617678,,1.700000000059987e-05,0.0,1.700000000059987e-05,0.0,False
mp-1546707,R3,none,1e-05,tau=1e-06;k=3;margin=0.980149501,U,4,633.8699816588547,,1.5000000001208493e-05,0.0,1.5000000001208493e-05,0.0,False
mp-1546707,R3,none,1e-05,tau=1e-06;k=4;margin=0.975248753,U,5,632.8296666033692,,1.4000000000180536e-05,0.0,1.4000000000180536e-05,0.0,False
mp-1546707,R3,hap:0.0001,0.001,tau=1e-06;k=0;margin=0.995,hap:0.0001,1,646.1154964686332,,0.0,0.0,1.5000000000320313e-05,0.0,True
mp-1546707,R3,hap:0.0001,0.0001,tau=1e-06;k=0;margin=0.995,hap:0.0001,1,646.1154964686332,,0.0,0.0,1.5000000000320313e-05,0.0,True
mp-1546707,R3,hap:0.0001,1e-05,tau=1e-06;k=0;margin=0.995,hap:0.0001,1,646.1154964686332,,0.0,0.0,1.5000000000320313e-05,0.0,True
mp-1546707,R3,hap:0.01,0.001,tau=1e-06;k=0;margin=0.995,hap:0.01,1,646.1154964686332,,0.0,0.0,1.5000000000320313e-05,0.0,True
mp-1546707,R3,hap:0.01,0.0001,tau=1e-06;k=0;margin=0.995,hap:0.01,1,646.1154964686332,,0.0,0.0,1.5000000000320313e-05,0.0,True
mp-1546707,R3,hap:0.01,1e-05,tau=1e-06;k=0;margin=0.995,hap:0.01,1,646.1154964686332,,0.0,0.0,1.5000000000320313e-05,0.0,True
mp-1546707,R3,hap:1,0.001,tau=1e-06;k=3;margin=0.980149501,hap:1,1,629.1516647113557,,0.0,0.0,1.5000000001208493e-05,0.0,True
mp-1546707,R3,hap:1,0.0001,tau=1e-06;k=3;margin=0.980149501,hap:1,1,629.1516647113557,,0.0,0.0,1.5000000001208493e-05,0.0,True
mp-1546707,R3,hap:1,1e-05,tau=1e-06;k=3;margin=0.980149501,hap:1,1,629.1516647113557,,0.0,0.0,1.5000000001208493e-05,0.0,True
mp-1546707,R3,ctp-uniform,0.001,tau=1e-06;k=0;margin=0.995,U,1,651.0836042925522,unprojected,1.5000000000320313e-05,0.0,1.5000000000320313e-05,0.0,True
mp-1546707,R3,ctp-uniform,0.0001,tau=1e-06;k=0;margin=0.995,U,1,651.0836042925522,unprojected,1.5000000000320313e-05,0.0,1.5000000000320313e-05,0.0,True
mp-1546707,R3,ctp-uniform,1e-05,tau=1e-06;k=0;margin=0.995,U,1,651.0836042925522,projected,1.5000000000320313e-05,0.0,1.5000000000320313e-05,0.0,False
mp-1546707,R3,ctp-uniform,1e-05,tau=1e-06;k=1;margin=0.990025,U,2,647.3975606033274,projected,1.8000000000739647e-05,0.0,1.8000000000739647e-05,0.0,False
mp-1546707,R3,ctp-uniform,1e-05,tau=1e-06;k=2;margin=0.985074875,U,3,646.5631929046564,projected,1.700000000059987e-05,0.0,1.700000000059987e-05,0.0,False
mp-1546707,R3,ctp-uniform,1e-05,tau=1e-06;k=3;margin=0.980149501,U,4,633.8613699970111,projected,1.5000000001208493e-05,0.0,1.5000000001208493e-05,0.0,False
mp-1546707,R3,ctp-uniform,1e-05,tau=1e-06;k=4;margin=0.975248753,U,5,632.8210831852646,projected,1.4000000000180536e-05,0.0,1.4000000000180536e-05,0.0,False
mp-1546707,R3,ctp-hap:0.0001,0.001,tau=1e-06;k=0;margin=0.995,U,1,651.0836042925522,unprojected,1.5000000000320313e-05,0.0,1.5000000000320313e-05,0.0,True
mp-1546707,R3,ctp-hap:0.0001,0.0001,tau=1e-06;k=0;margin=0.995,U,1,651.0836042925522,unprojected,1.5000000000320313e-05,0.0,1.5000000000320313e-05,0.0,True
mp-1546707,R3,ctp-hap:0.0001,1e-05,tau=1e-06;k=0;margin=0.995,U,1,651.0836042925522,projected,1.5000000000320313e-05,0.0,1.5000000000320313e-05,0.0,False
mp-1546707,R3,ctp-hap:0.0001,1e-05,tau=1e-06;k=1;margin=0.990025,U,2,647.3975606033274,projected,1.8000000000739647e-05,0.0,1.8000000000739647e-05,0.0,False
mp-1546707,R3,ctp-hap:0.0001,1e-05,tau=1e-06;k=2;margin=0.985074875,U,3,646.5631929046564,projected,1.700000000059987e-05,0.0,1.700000000059987e-05,0.0,False
mp-1546707,R3,ctp-hap:0.0001,1e-05,tau=1e-06;k=0;margin=0.995,hap:0.0001,4,646.1065488637465,projected,0.0,0.0,1.5000000000320313e-05,0.0,True
mp-1546707,R3,ctp-hap:0.01,0.001,tau=1e-06;k=0;margin=0.995,U,1,651.0836042925522,unprojected,1.5000000000320313e-05,0.0,1.5000000000320313e-05,0.0,True
mp-1546707,R3,ctp-hap:0.01,0.0001,tau=1e-06;k=0;margin=0.995,U,1,651.0836042925522,unprojected,1.5000000000320313e-05,0.0,1.5000000000320313e-05,0.0,True
mp-1546707,R3,ctp-hap:0.01,1e-05,tau=1e-06;k=0;margin=0.995,U,1,651.0836042925522,projected,1.5000000000320313e-05,0.0,1.5000000000320313e-05,0.0,False
mp-1546707,R3,ctp-hap:0.01,1e-05,tau=1e-06;k=1;margin=0.990025,U,2,647.3975606033274,projected,1.8000000000739647e-05,0.0,1.8000000000739647e-05,0.0,False
mp-1546707,R3,ctp-hap:0.01,1e-05,tau=1e-06;k=2;margin=0.985074875,U,3,646.5631929046564,projected,1.700000000059987e-05,0.0,1.700000000059987e-05,0.0,False
mp-1546707,R3,ctp-hap:0.01,1e-05,tau=1e-06;k=0;margin=0.995,hap:0.01,4,646.1065488637465,projected,0.0,0.0,1.5000000000320313e-05,0.0,True
mp-1546707,R3,ctp-hap:1,0.001,tau=1e-06;k=0;margin=0.995,U,1,651.0836042925522,unprojected,1.5000000000320313e-05,0.0,1.5000000000320313e-05,0.0,True
mp-1546707,R3,ctp-hap:1,0.0001,tau=1e-06;k=0;margin=0.995,U,1,651.0836042925522,unprojected,1.5000000000320313e-05,0.0,1.5000000000320313e-05,0.0,True
mp-1546707,R3,ctp-hap:1,1e-05,tau=1e-06;k=0;margin=0.995,U,1,651.0836042925522,projected,1.5000000000320313e-05,0.0,1.5000000000320313e-05,0.0,False
mp-1546707,R3,ctp-hap:1,1e-05,tau=1e-06;k=1;margin=0.990025,U,2,647.3975606033274,projected,1.8000000000739647e-05,0.0,1.8000000000739647e-05,0.0,False
mp-1546707,R3,ctp-hap:1,1e-05,tau=1e-06;k=2;margin=0.985074875,U,3,646.5631929046564,projected,1.700000000059987e-05,0.0,1.700000000059987e-05,0.0,False
mp-1546707,R3,ctp-hap:1,1e-05,tau=1e-06;k=3;margin=0.980149501,U,4,633.8613699970111,projected,1.5000000001208493e-05,0.0,1.5000000001208493e-05,0.0,False
mp-1546707,R3,ctp-hap:1,1e-05,tau=1e-06;k=4;margin=0.975248753,U,5,632.8210831852646,projected,1.4000000000180536e-05,0.0,1.4000000000180536e-05,0.0,False
mp-1546707,GF,none,0.001,SPERR;tol_rel=4.64159e-06,U,1,27.263770670175926,,3.000000000419334e-06,0.0,3.000000000419334e-06,0.0,True
mp-1546707,GF,none,0.0001,SPERR;tol_rel=4.64159e-06,U,1,27.263770670175926,,3.000000000419334e-06,0.0,3.000000000419334e-06,0.0,True
mp-1546707,GF,none,1e-05,SPERR;tol_rel=4.64159e-06,U,1,27.263770670175926,,3.000000000419334e-06,0.0,3.000000000419334e-06,0.0,True
mp-1546707,GF,uniform,0.001,SPERR;tol_rel=1e-05,uniform,1,35.436273418921374,,0.0,0.0,5.999999999950489e-06,0.0,True
mp-1546707,GF,uniform,0.0001,SPERR;tol_rel=1e-05,uniform,1,35.436273418921374,,0.0,0.0,5.999999999950489e-06,0.0,True
mp-1546707,GF,uniform,1e-05,SPERR;tol_rel=1e-05,uniform,1,35.436273418921374,,0.0,0.0,5.999999999950489e-06,0.0,True
mp-1546707,GF,hap:0.0001,0.001,SPERR;tol_rel=4.64159e-06,hap:0.0001,1,27.254979162699183,,0.0,0.0,3.000000000419334e-06,0.0,True
mp-1546707,GF,hap:0.0001,0.0001,SPERR;tol_rel=4.64159e-06,hap:0.0001,1,27.254979162699183,,0.0,0.0,3.000000000419334e-06,0.0,True
mp-1546707,GF,hap:0.0001,1e-05,SPERR;tol_rel=4.64159e-06,hap:0.0001,1,27.254979162699183,,0.0,0.0,3.000000000419334e-06,0.0,True
mp-1546707,GF,hap:0.01,0.001,SPERR;tol_rel=4.64159e-06,hap:0.01,1,27.254979162699183,,0.0,0.0,3.000000000419334e-06,0.0,True
mp-1546707,GF,hap:0.01,0.0001,SPERR;tol_rel=4.64159e-06,hap:0.01,1,27.254979162699183,,0.0,0.0,3.000000000419334e-06,0.0,True
mp-1546707,GF,hap:0.01,1e-05,SPERR;tol_rel=4.64159e-06,hap:0.01,1,27.254979162699183,,0.0,0.0,3.000000000419334e-06,0.0,True
mp-1546707,GF,hap:1,0.001,SPERR;tol_rel=4.64159e-06,hap:1,1,27.254979162699183,,0.0,0.0,3.000000000419334e-06,0.0,True
mp-1546707,GF,hap:1,0.0001,SPERR;tol_rel=4.64159e-06,hap:1,1,27.254979162699183,,0.0,0.0,3.000000000419334e-06,0.0,True
mp-1546707,GF,hap:1,1e-05,SPERR;tol_rel=4.64159e-06,hap:1,1,27.254979162699183,,0.0,0.0,3.000000000419334e-06,0.0,True
mp-1546707,GF,ctp-uniform,0.001,SPERR;tol_rel=1e-05,uniform,1,35.436246504301174,unprojected,,,5.999999999950489e-06,0.0,False
mp-1546707,GF,ctp-uniform,0.001,SPERR;tol_rel=4.64159e-06,U,2,27.263754738403875,unprojected,3.000000000419334e-06,0.0,3.000000000419334e-06,0.0,True
mp-1546707,GF,ctp-uniform,0.0001,SPERR;tol_rel=1e-05,uniform,1,35.436246504301174,unprojected,,,5.999999999950489e-06,0.0,False
mp-1546707,GF,ctp-uniform,0.0001,SPERR;tol_rel=4.64159e-06,U,2,27.263754738403875,unprojected,3.000000000419334e-06,0.0,3.000000000419334e-06,0.0,True
mp-1546707,GF,ctp-uniform,1e-05,SPERR;tol_rel=1e-05,uniform,1,35.436246504301174,unprojected,,,5.999999999950489e-06,0.0,False
mp-1546707,GF,ctp-uniform,1e-05,SPERR;tol_rel=4.64159e-06,U,2,27.263754738403875,unprojected,3.000000000419334e-06,0.0,3.000000000419334e-06,0.0,True
mp-1546707,GF,ctp-hap:0.0001,0.001,SPERR;tol_rel=4.64159e-06,U,1,27.263754738403875,unprojected,3.000000000419334e-06,0.0,3.000000000419334e-06,0.0,True
mp-1546707,GF,ctp-hap:0.0001,0.0001,SPERR;tol_rel=4.64159e-06,U,1,27.263754738403875,unprojected,3.000000000419334e-06,0.0,3.000000000419334e-06,0.0,True
mp-1546707,GF,ctp-hap:0.0001,1e-05,SPERR;tol_rel=4.64159e-06,U,1,27.263754738403875,unprojected,3.000000000419334e-06,0.0,3.000000000419334e-06,0.0,True
mp-1546707,GF,ctp-hap:0.01,0.001,SPERR;tol_rel=4.64159e-06,U,1,27.263754738403875,unprojected,3.000000000419334e-06,0.0,3.000000000419334e-06,0.0,True
mp-1546707,GF,ctp-hap:0.01,0.0001,SPERR;tol_rel=4.64159e-06,U,1,27.263754738403875,unprojected,3.000000000419334e-06,0.0,3.000000000419334e-06,0.0,True
mp-1546707,GF,ctp-hap:0.01,1e-05,SPERR;tol_rel=4.64159e-06,U,1,27.263754738403875,unprojected,3.000000000419334e-06,0.0,3.000000000419334e-06,0.0,True
mp-1546707,GF,ctp-hap:1,0.001,SPERR;tol_rel=4.64159e-06,U,1,27.263754738403875,unprojected,3.000000000419334e-06,0.0,3.000000000419334e-06,0.0,True
mp-1546707,GF,ctp-hap:1,0.0001,SPERR;tol_rel=4.64159e-06,U,1,27.263754738403875,unprojected,3.000000000419334e-06,0.0,3.000000000419334e-06,0.0,True
mp-1546707,GF,ctp-hap:1,1e-05,SPERR;tol_rel=4.64159e-06,U,1,27.263754738403875,unprojected,3.000000000419334e-06,0.0,3.000000000419334e-06,0.0,True
mp-13496,J,none,0.001,alpha_rel=0.001,U,1,188.96139878950908,,7.000000000090267e-06,0.0,7.000000000090267e-06,0.0,True
mp-13496,J,none,0.0001,alpha_rel=0.001,U,1,188.96139878950908,,7.000000000090267e-06,0.0,7.000000000090267e-06,0.0,True
mp-13496,J,none,1e-05,alpha_rel=0.001,U,1,188.96139878950908,,7.000000000090267e-06,0.0,7.000000000090267e-06,0.0,True
mp-13496,J,uniform,0.001,alpha_rel=0.000464159,uniform,1,159.74167140420693,,0.0,0.0,2.000000000279556e-06,0.0,True
mp-13496,J,uniform,0.0001,alpha_rel=0.000464159,uniform,1,159.74167140420693,,0.0,0.0,2.000000000279556e-06,0.0,True
mp-13496,J,uniform,1e-05,alpha_rel=0.000464159,uniform,1,159.74167140420693,,0.0,0.0,2.000000000279556e-06,0.0,True
mp-13496,J,hap:0.0001,0.001,alpha_rel=0.001,hap:0.0001,1,187.7492984097287,,0.0,0.0,7.000000000090267e-06,0.0,True
mp-13496,J,hap:0.0001,0.0001,alpha_rel=0.001,hap:0.0001,1,187.7492984097287,,0.0,0.0,7.000000000090267e-06,0.0,True
mp-13496,J,hap:0.0001,1e-05,alpha_rel=0.001,hap:0.0001,1,187.7492984097287,,0.0,0.0,7.000000000090267e-06,0.0,True
mp-13496,J,hap:0.01,0.001,alpha_rel=0.001,hap:0.01,1,187.7492984097287,,0.0,0.0,7.000000000090267e-06,0.0,True
mp-13496,J,hap:0.01,0.0001,alpha_rel=0.001,hap:0.01,1,187.7492984097287,,0.0,0.0,7.000000000090267e-06,0.0,True
mp-13496,J,hap:0.01,1e-05,alpha_rel=0.001,hap:0.01,1,187.7492984097287,,0.0,0.0,7.000000000090267e-06,0.0,True
mp-13496,J,hap:1,0.001,alpha_rel=0.001,hap:1,1,187.7492984097287,,0.0,0.0,7.000000000090267e-06,0.0,True
mp-13496,J,hap:1,0.0001,alpha_rel=0.001,hap:1,1,187.7492984097287,,0.0,0.0,7.000000000090267e-06,0.0,True
mp-13496,J,hap:1,1e-05,alpha_rel=0.001,hap:1,1,187.7492984097287,,0.0,0.0,7.000000000090267e-06,0.0,True
mp-13496,J,ctp-uniform,0.001,alpha_rel=0.001,U,1,188.93598708983325,unprojected,7.000000000090267e-06,0.0,7.000000000090267e-06,0.0,True
mp-13496,J,ctp-uniform,0.0001,alpha_rel=0.001,U,1,188.93598708983325,unprojected,7.000000000090267e-06,0.0,7.000000000090267e-06,0.0,True
mp-13496,J,ctp-uniform,1e-05,alpha_rel=0.001,U,1,188.93598708983325,unprojected,7.000000000090267e-06,0.0,7.000000000090267e-06,0.0,True
mp-13496,J,ctp-hap:0.0001,0.001,alpha_rel=0.001,U,1,188.93598708983325,unprojected,7.000000000090267e-06,0.0,7.000000000090267e-06,0.0,True
mp-13496,J,ctp-hap:0.0001,0.0001,alpha_rel=0.001,U,1,188.93598708983325,unprojected,7.000000000090267e-06,0.0,7.000000000090267e-06,0.0,True
mp-13496,J,ctp-hap:0.0001,1e-05,alpha_rel=0.001,U,1,188.93598708983325,unprojected,7.000000000090267e-06,0.0,7.000000000090267e-06,0.0,True
mp-13496,J,ctp-hap:0.01,0.001,alpha_rel=0.001,U,1,188.93598708983325,unprojected,7.000000000090267e-06,0.0,7.000000000090267e-06,0.0,True
mp-13496,J,ctp-hap:0.01,0.0001,alpha_rel=0.001,U,1,188.93598708983325,unprojected,7.000000000090267e-06,0.0,7.000000000090267e-06,0.0,True
mp-13496,J,ctp-hap:0.01,1e-05,alpha_rel=0.001,U,1,188.93598708983325,unprojected,7.000000000090267e-06,0.0,7.000000000090267e-06,0.0,True
mp-13496,J,ctp-hap:1,0.001,alpha_rel=0.001,U,1,188.93598708983325,unprojected,7.000000000090267e-06,0.0,7.000000000090267e-06,0.0,True
mp-13496,J,ctp-hap:1,0.0001,alpha_rel=0.001,U,1,188.93598708983325,unprojected,7.000000000090267e-06,0.0,7.000000000090267e-06,0.0,True
mp-13496,J,ctp-hap:1,1e-05,alpha_rel=0.001,U,1,188.93598708983325,unprojected,7.000000000090267e-06,0.0,7.000000000090267e-06,0.0,True
mp-13496,T1,none,0.001,q_cut=0.3;alpha_rel=1e-05,U,1,260.6061955110369,,9.999999999621425e-06,0.0,9.999999999621425e-06,0.0,True
mp-13496,T1,none,0.0001,q_cut=0.3;alpha_rel=1e-05,U,1,260.6061955110369,,9.999999999621425e-06,0.0,9.999999999621425e-06,0.0,True
mp-13496,T1,none,1e-05,q_cut=0.3;alpha_rel=1e-05,U,1,260.6061955110369,,9.999999999621425e-06,0.0,9.999999999621425e-06,0.0,True
mp-13496,T1,uniform,0.001,q_cut=0.5;alpha_rel=2.15443e-05,uniform,1,133.72625166571484,,0.0,0.0,2.000000000279556e-06,0.0,True
mp-13496,T1,uniform,0.0001,q_cut=0.5;alpha_rel=2.15443e-05,uniform,1,133.72625166571484,,0.0,0.0,2.000000000279556e-06,0.0,True
mp-13496,T1,uniform,1e-05,q_cut=0.5;alpha_rel=2.15443e-05,uniform,1,133.72625166571484,,0.0,0.0,2.000000000279556e-06,0.0,True
mp-13496,T1,hap:0.0001,0.001,q_cut=0.3;alpha_rel=1e-05,hap:0.0001,1,258.3063063063063,,0.0,0.0,9.999999999621425e-06,0.0,True
mp-13496,T1,hap:0.0001,0.0001,q_cut=0.3;alpha_rel=1e-05,hap:0.0001,1,258.3063063063063,,0.0,0.0,9.999999999621425e-06,0.0,True
mp-13496,T1,hap:0.0001,1e-05,q_cut=0.3;alpha_rel=1e-05,hap:0.0001,1,258.3063063063063,,0.0,0.0,9.999999999621425e-06,0.0,True
mp-13496,T1,hap:0.01,0.001,q_cut=0.3;alpha_rel=1e-05,hap:0.01,1,258.3063063063063,,0.0,0.0,9.999999999621425e-06,0.0,True
mp-13496,T1,hap:0.01,0.0001,q_cut=0.3;alpha_rel=1e-05,hap:0.01,1,258.3063063063063,,0.0,0.0,9.999999999621425e-06,0.0,True
mp-13496,T1,hap:0.01,1e-05,q_cut=0.3;alpha_rel=1e-05,hap:0.01,1,258.3063063063063,,0.0,0.0,9.999999999621425e-06,0.0,True
mp-13496,T1,hap:1,0.001,q_cut=0.3;alpha_rel=1e-05,hap:1,1,258.3063063063063,,0.0,0.0,9.999999999621425e-06,0.0,True
mp-13496,T1,hap:1,0.0001,q_cut=0.3;alpha_rel=1e-05,hap:1,1,258.3063063063063,,0.0,0.0,9.999999999621425e-06,0.0,True
mp-13496,T1,hap:1,1e-05,q_cut=0.3;alpha_rel=1e-05,hap:1,1,258.3063063063063,,0.0,0.0,9.999999999621425e-06,0.0,True
mp-13496,T1,ctp-uniform,0.001,q_cut=0.3;alpha_rel=1e-05,U,1,260.55786350148367,unprojected,9.999999999621425e-06,0.0,9.999999999621425e-06,0.0,True
mp-13496,T1,ctp-uniform,0.0001,q_cut=0.3;alpha_rel=1e-05,U,1,260.55786350148367,unprojected,9.999999999621425e-06,0.0,9.999999999621425e-06,0.0,True
mp-13496,T1,ctp-uniform,1e-05,q_cut=0.3;alpha_rel=1e-05,U,1,260.55786350148367,unprojected,9.999999999621425e-06,0.0,9.999999999621425e-06,0.0,True
mp-13496,T1,ctp-hap:0.0001,0.001,q_cut=0.3;alpha_rel=1e-05,U,1,260.55786350148367,unprojected,9.999999999621425e-06,0.0,9.999999999621425e-06,0.0,True
mp-13496,T1,ctp-hap:0.0001,0.0001,q_cut=0.3;alpha_rel=1e-05,U,1,260.55786350148367,unprojected,9.999999999621425e-06,0.0,9.999999999621425e-06,0.0,True
mp-13496,T1,ctp-hap:0.0001,1e-05,q_cut=0.3;alpha_rel=1e-05,U,1,260.55786350148367,unprojected,9.999999999621425e-06,0.0,9.999999999621425e-06,0.0,True
mp-13496,T1,ctp-hap:0.01,0.001,q_cut=0.3;alpha_rel=1e-05,U,1,260.55786350148367,unprojected,9.999999999621425e-06,0.0,9.999999999621425e-06,0.0,True
mp-13496,T1,ctp-hap:0.01,0.0001,q_cut=0.3;alpha_rel=1e-05,U,1,260.55786350148367,unprojected,9.999999999621425e-06,0.0,9.999999999621425e-06,0.0,True
mp-13496,T1,ctp-hap:0.01,1e-05,q_cut=0.3;alpha_rel=1e-05,U,1,260.55786350148367,unprojected,9.999999999621425e-06,0.0,9.999999999621425e-06,0.0,True
mp-13496,T1,ctp-hap:1,0.001,q_cut=0.3;alpha_rel=1e-05,U,1,260.55786350148367,unprojected,9.999999999621425e-06,0.0,9.999999999621425e-06,0.0,True
mp-13496,T1,ctp-hap:1,0.0001,q_cut=0.3;alpha_rel=1e-05,U,1,260.55786350148367,unprojected,9.999999999621425e-06,0.0,9.999999999621425e-06,0.0,True
mp-13496,T1,ctp-hap:1,1e-05,q_cut=0.3;alpha_rel=1e-05,U,1,260.55786350148367,unprojected,9.999999999621425e-06,0.0,9.999999999621425e-06,0.0,True
mp-13496,R3,none,0.001,tau=1e-06;k=0;margin=0.995,U,1,301.0344975358903,,4.000000000559112e-06,0.0,4.000000000559112e-06,0.0,True
mp-13496,R3,none,0.0001,tau=1e-06;k=0;margin=0.995,U,1,301.0344975358903,,4.000000000559112e-06,0.0,4.000000000559112e-06,0.0,True
mp-13496,R3,none,1e-05,tau=1e-06;k=0;margin=0.995,U,1,301.0344975358903,,4.000000000559112e-06,0.0,4.000000000559112e-06,0.0,True
mp-13496,R3,uniform,0.001,tau=1e-06;k=2;margin=0.985074875,uniform,1,297.9067005937235,,0.0,0.0,0.0,0.0,True
mp-13496,R3,uniform,0.0001,tau=1e-06;k=2;margin=0.985074875,uniform,1,297.9067005937235,,0.0,0.0,0.0,0.0,True
mp-13496,R3,uniform,1e-05,tau=1e-06;k=2;margin=0.985074875,uniform,1,297.9067005937235,,0.0,0.0,0.0,0.0,True
mp-13496,R3,hap:0.0001,0.001,tau=1e-06;k=0;margin=0.995,hap:0.0001,1,297.9698833510074,,0.0,0.0,4.000000000559112e-06,0.0,True
mp-13496,R3,hap:0.0001,0.0001,tau=1e-06;k=0;margin=0.995,hap:0.0001,1,297.9698833510074,,0.0,0.0,4.000000000559112e-06,0.0,True
mp-13496,R3,hap:0.0001,1e-05,tau=1e-06;k=0;margin=0.995,hap:0.0001,1,297.9698833510074,,0.0,0.0,4.000000000559112e-06,0.0,True
mp-13496,R3,hap:0.01,0.001,tau=1e-06;k=0;margin=0.995,hap:0.01,1,297.9698833510074,,0.0,0.0,4.000000000559112e-06,0.0,True
mp-13496,R3,hap:0.01,0.0001,tau=1e-06;k=0;margin=0.995,hap:0.01,1,297.9698833510074,,0.0,0.0,4.000000000559112e-06,0.0,True
mp-13496,R3,hap:0.01,1e-05,tau=1e-06;k=0;margin=0.995,hap:0.01,1,297.9698833510074,,0.0,0.0,4.000000000559112e-06,0.0,True
mp-13496,R3,hap:1,0.001,tau=1e-06;k=1;margin=0.990025,hap:1,1,297.7173129900403,,0.0,0.0,2.9999999995311555e-06,0.0,True
mp-13496,R3,hap:1,0.0001,tau=1e-06;k=1;margin=0.990025,hap:1,1,297.7173129900403,,0.0,0.0,2.9999999995311555e-06,0.0,True
mp-13496,R3,hap:1,1e-05,tau=1e-06;k=1;margin=0.990025,hap:1,1,297.7173129900403,,0.0,0.0,2.9999999995311555e-06,0.0,True
mp-13496,R3,ctp-uniform,0.001,tau=1e-06;k=0;margin=0.995,U,1,300.9700085689803,unprojected,4.000000000559112e-06,0.0,4.000000000559112e-06,0.0,True
mp-13496,R3,ctp-uniform,0.0001,tau=1e-06;k=0;margin=0.995,U,1,300.9700085689803,unprojected,4.000000000559112e-06,0.0,4.000000000559112e-06,0.0,True
mp-13496,R3,ctp-uniform,1e-05,tau=1e-06;k=0;margin=0.995,U,1,300.9700085689803,unprojected,4.000000000559112e-06,0.0,4.000000000559112e-06,0.0,True
mp-13496,R3,ctp-hap:0.0001,0.001,tau=1e-06;k=0;margin=0.995,U,1,300.9700085689803,unprojected,4.000000000559112e-06,0.0,4.000000000559112e-06,0.0,True
mp-13496,R3,ctp-hap:0.0001,0.0001,tau=1e-06;k=0;margin=0.995,U,1,300.9700085689803,unprojected,4.000000000559112e-06,0.0,4.000000000559112e-06,0.0,True
mp-13496,R3,ctp-hap:0.0001,1e-05,tau=1e-06;k=0;margin=0.995,U,1,300.9700085689803,unprojected,4.000000000559112e-06,0.0,4.000000000559112e-06,0.0,True
mp-13496,R3,ctp-hap:0.01,0.001,tau=1e-06;k=0;margin=0.995,U,1,300.9700085689803,unprojected,4.000000000559112e-06,0.0,4.000000000559112e-06,0.0,True
mp-13496,R3,ctp-hap:0.01,0.0001,tau=1e-06;k=0;margin=0.995,U,1,300.9700085689803,unprojected,4.000000000559112e-06,0.0,4.000000000559112e-06,0.0,True
mp-13496,R3,ctp-hap:0.01,1e-05,tau=1e-06;k=0;margin=0.995,U,1,300.9700085689803,unprojected,4.000000000559112e-06,0.0,4.000000000559112e-06,0.0,True
mp-13496,R3,ctp-hap:1,0.001,tau=1e-06;k=0;margin=0.995,U,1,300.9700085689803,unprojected,4.000000000559112e-06,0.0,4.000000000559112e-06,0.0,True
mp-13496,R3,ctp-hap:1,0.0001,tau=1e-06;k=0;margin=0.995,U,1,300.9700085689803,unprojected,4.000000000559112e-06,0.0,4.000000000559112e-06,0.0,True
mp-13496,R3,ctp-hap:1,1e-05,tau=1e-06;k=0;margin=0.995,U,1,300.9700085689803,unprojected,4.000000000559112e-06,0.0,4.000000000559112e-06,0.0,True
mp-13496,GF,none,0.001,SPERR;tol_rel=1e-05,U,1,28.55776892430279,,9.999999999621425e-06,0.0,9.999999999621425e-06,0.0,True
mp-13496,GF,none,0.0001,SPERR;tol_rel=1e-05,U,1,28.55776892430279,,9.999999999621425e-06,0.0,9.999999999621425e-06,0.0,True
mp-13496,GF,none,1e-05,SPERR;tol_rel=1e-05,U,1,28.55776892430279,,9.999999999621425e-06,0.0,9.999999999621425e-06,0.0,True
mp-13496,GF,uniform,0.001,SPERR;tol_rel=1e-05,uniform,1,28.53456820212852,,0.0,0.0,9.999999999621425e-06,0.0,True
mp-13496,GF,uniform,0.0001,SPERR;tol_rel=1e-05,uniform,1,28.53456820212852,,0.0,0.0,9.999999999621425e-06,0.0,True
mp-13496,GF,uniform,1e-05,SPERR;tol_rel=1e-05,uniform,1,28.53456820212852,,0.0,0.0,9.999999999621425e-06,0.0,True
mp-13496,GF,hap:0.0001,0.001,SPERR;tol_rel=1e-05,hap:0.0001,1,28.52993258061896,,0.0,0.0,9.999999999621425e-06,0.0,True
mp-13496,GF,hap:0.0001,0.0001,SPERR;tol_rel=1e-05,hap:0.0001,1,28.52993258061896,,0.0,0.0,9.999999999621425e-06,0.0,True
mp-13496,GF,hap:0.0001,1e-05,SPERR;tol_rel=1e-05,hap:0.0001,1,28.52993258061896,,0.0,0.0,9.999999999621425e-06,0.0,True
mp-13496,GF,hap:0.01,0.001,SPERR;tol_rel=1e-05,hap:0.01,1,28.52993258061896,,0.0,0.0,9.999999999621425e-06,0.0,True
mp-13496,GF,hap:0.01,0.0001,SPERR;tol_rel=1e-05,hap:0.01,1,28.52993258061896,,0.0,0.0,9.999999999621425e-06,0.0,True
mp-13496,GF,hap:0.01,1e-05,SPERR;tol_rel=1e-05,hap:0.01,1,28.52993258061896,,0.0,0.0,9.999999999621425e-06,0.0,True
mp-13496,GF,hap:1,0.001,SPERR;tol_rel=1e-05,hap:1,1,28.52993258061896,,0.0,0.0,9.999999999621425e-06,0.0,True
mp-13496,GF,hap:1,0.0001,SPERR;tol_rel=1e-05,hap:1,1,28.52993258061896,,0.0,0.0,9.999999999621425e-06,0.0,True
mp-13496,GF,hap:1,1e-05,SPERR;tol_rel=1e-05,hap:1,1,28.52993258061896,,0.0,0.0,9.999999999621425e-06,0.0,True
mp-13496,GF,ctp-uniform,0.001,SPERR;tol_rel=1e-05,U,1,28.557188446449988,unprojected,9.999999999621425e-06,0.0,9.999999999621425e-06,0.0,True
mp-13496,GF,ctp-uniform,0.0001,SPERR;tol_rel=1e-05,U,1,28.557188446449988,unprojected,9.999999999621425e-06,0.0,9.999999999621425e-06,0.0,True
mp-13496,GF,ctp-uniform,1e-05,SPERR;tol_rel=1e-05,U,1,28.557188446449988,unprojected,9.999999999621425e-06,0.0,9.999999999621425e-06,0.0,True
mp-13496,GF,ctp-hap:0.0001,0.001,SPERR;tol_rel=1e-05,U,1,28.557188446449988,unprojected,9.999999999621425e-06,0.0,9.999999999621425e-06,0.0,True
mp-13496,GF,ctp-hap:0.0001,0.0001,SPERR;tol_rel=1e-05,U,1,28.557188446449988,unprojected,9.999999999621425e-06,0.0,9.999999999621425e-06,0.0,True
mp-13496,GF,ctp-hap:0.0001,1e-05,SPERR;tol_rel=1e-05,U,1,28.557188446449988,unprojected,9.999999999621425e-06,0.0,9.999999999621425e-06,0.0,True
mp-13496,GF,ctp-hap:0.01,0.001,SPERR;tol_rel=1e-05,U,1,28.557188446449988,unprojected,9.999999999621425e-06,0.0,9.999999999621425e-06,0.0,True
mp-13496,GF,ctp-hap:0.01,0.0001,SPERR;tol_rel=1e-05,U,1,28.557188446449988,unprojected,9.999999999621425e-06,0.0,9.999999999621425e-06,0.0,True
mp-13496,GF,ctp-hap:0.01,1e-05,SPERR;tol_rel=1e-05,U,1,28.557188446449988,unprojected,9.999999999621425e-06,0.0,9.999999999621425e-06,0.0,True
mp-13496,GF,ctp-hap:1,0.001,SPERR;tol_rel=1e-05,U,1,28.557188446449988,unprojected,9.999999999621425e-06,0.0,9.999999999621425e-06,0.0,True
mp-13496,GF,ctp-hap:1,0.0001,SPERR;tol_rel=1e-05,U,1,28.557188446449988,unprojected,9.999999999621425e-06,0.0,9.999999999621425e-06,0.0,True
mp-13496,GF,ctp-hap:1,1e-05,SPERR;tol_rel=1e-05,U,1,28.557188446449988,unprojected,9.999999999621425e-06,0.0,9.999999999621425e-06,0.0,True
mp-2225312,J,none,0.001,alpha_rel=0.00215443,U,1,237.89316261203584,,5.999999999950489e-06,0.0,5.999999999950489e-06,0.0,True
mp-2225312,J,none,0.0001,alpha_rel=0.00215443,U,1,237.89316261203584,,5.999999999950489e-06,0.0,5.999999999950489e-06,0.0,True
mp-2225312,J,none,1e-05,alpha_rel=0.00215443,U,1,237.89316261203584,,5.999999999950489e-06,0.0,5.999999999950489e-06,0.0,True
mp-2225312,J,uniform,0.001,alpha_rel=0.001,uniform,1,192.24634741939488,,0.0,0.0,1.999999999391377e-06,0.0,True
mp-2225312,J,uniform,0.0001,alpha_rel=0.001,uniform,1,192.24634741939488,,0.0,0.0,1.999999999391377e-06,0.0,True
mp-2225312,J,uniform,1e-05,alpha_rel=0.001,uniform,1,192.24634741939488,,0.0,0.0,1.999999999391377e-06,0.0,True
mp-2225312,J,hap:0.0001,0.001,alpha_rel=0.00215443,hap:0.0001,1,236.82577882017029,,0.0,0.0,5.999999999950489e-06,0.0,True
mp-2225312,J,hap:0.0001,0.0001,alpha_rel=0.00215443,hap:0.0001,1,236.82577882017029,,0.0,0.0,5.999999999950489e-06,0.0,True
mp-2225312,J,hap:0.0001,1e-05,alpha_rel=0.00215443,hap:0.0001,1,236.82577882017029,,0.0,0.0,5.999999999950489e-06,0.0,True
mp-2225312,J,hap:0.01,0.001,alpha_rel=0.00215443,hap:0.01,1,236.82577882017029,,0.0,0.0,5.999999999950489e-06,0.0,True
mp-2225312,J,hap:0.01,0.0001,alpha_rel=0.00215443,hap:0.01,1,236.82577882017029,,0.0,0.0,5.999999999950489e-06,0.0,True
mp-2225312,J,hap:0.01,1e-05,alpha_rel=0.00215443,hap:0.01,1,236.82577882017029,,0.0,0.0,5.999999999950489e-06,0.0,True
mp-2225312,J,hap:1,0.001,alpha_rel=0.00215443,hap:1,1,236.82577882017029,,0.0,0.0,5.999999999950489e-06,0.0,True
mp-2225312,J,hap:1,0.0001,alpha_rel=0.00215443,hap:1,1,236.82577882017029,,0.0,0.0,5.999999999950489e-06,0.0,True
mp-2225312,J,hap:1,1e-05,alpha_rel=0.00215443,hap:1,1,236.82577882017029,,0.0,0.0,5.999999999950489e-06,0.0,True
mp-2225312,J,ctp-uniform,0.001,alpha_rel=0.00215443,U,1,237.88097920721088,unprojected,5.999999999950489e-06,0.0,5.999999999950489e-06,0.0,True
mp-2225312,J,ctp-uniform,0.0001,alpha_rel=0.00215443,U,1,237.88097920721088,unprojected,5.999999999950489e-06,0.0,5.999999999950489e-06,0.0,True
mp-2225312,J,ctp-uniform,1e-05,alpha_rel=0.00215443,U,1,237.88097920721088,unprojected,5.999999999950489e-06,0.0,5.999999999950489e-06,0.0,True
mp-2225312,J,ctp-hap:0.0001,0.001,alpha_rel=0.00215443,U,1,237.88097920721088,unprojected,5.999999999950489e-06,0.0,5.999999999950489e-06,0.0,True
mp-2225312,J,ctp-hap:0.0001,0.0001,alpha_rel=0.00215443,U,1,237.88097920721088,unprojected,5.999999999950489e-06,0.0,5.999999999950489e-06,0.0,True
mp-2225312,J,ctp-hap:0.0001,1e-05,alpha_rel=0.00215443,U,1,237.88097920721088,unprojected,5.999999999950489e-06,0.0,5.999999999950489e-06,0.0,True
mp-2225312,J,ctp-hap:0.01,0.001,alpha_rel=0.00215443,U,1,237.88097920721088,unprojected,5.999999999950489e-06,0.0,5.999999999950489e-06,0.0,True
mp-2225312,J,ctp-hap:0.01,0.0001,alpha_rel=0.00215443,U,1,237.88097920721088,unprojected,5.999999999950489e-06,0.0,5.999999999950489e-06,0.0,True
mp-2225312,J,ctp-hap:0.01,1e-05,alpha_rel=0.00215443,U,1,237.88097920721088,unprojected,5.999999999950489e-06,0.0,5.999999999950489e-06,0.0,True
mp-2225312,J,ctp-hap:1,0.001,alpha_rel=0.00215443,U,1,237.88097920721088,unprojected,5.999999999950489e-06,0.0,5.999999999950489e-06,0.0,True
mp-2225312,J,ctp-hap:1,0.0001,alpha_rel=0.00215443,U,1,237.88097920721088,unprojected,5.999999999950489e-06,0.0,5.999999999950489e-06,0.0,True
mp-2225312,J,ctp-hap:1,1e-05,alpha_rel=0.00215443,U,1,237.88097920721088,unprojected,5.999999999950489e-06,0.0,5.999999999950489e-06,0.0,True
mp-2225312,T1,none,0.001,q_cut=0.3;alpha_rel=1e-05,U,1,150.83175840233804,,1.100000000064938e-05,0.0,1.100000000064938e-05,0.0,True
mp-2225312,T1,none,0.0001,q_cut=0.3;alpha_rel=1e-05,U,1,150.83175840233804,,1.100000000064938e-05,0.0,1.100000000064938e-05,0.0,True
mp-2225312,T1,none,1e-05,q_cut=0.3;alpha_rel=1e-05,U,1,150.83175840233804,,1.100000000064938e-05,0.0,1.100000000064938e-05,0.0,False
mp-2225312,T1,none,1e-05,q_cut=0.3;alpha_rel=4.64159e-06,U,2,119.6944802350152,,5.999999999950489e-06,0.0,5.999999999950489e-06,0.0,True
mp-2225312,T1,uniform,0.001,q_cut=0.3;alpha_rel=1e-05,uniform,1,150.44093927125505,,0.0,0.0,1.100000000064938e-05,0.0,True
mp-2225312,T1,uniform,0.0001,q_cut=0.3;alpha_rel=1e-05,uniform,1,150.44093927125505,,0.0,0.0,1.100000000064938e-05,0.0,True
mp-2225312,T1,uniform,1e-05,q_cut=0.3;alpha_rel=1e-05,uniform,1,150.44093927125505,,0.0,0.0,1.100000000064938e-05,0.0,True
mp-2225312,T1,hap:0.0001,0.001,q_cut=0.3;alpha_rel=1e-05,hap:0.0001,1,150.4019687206554,,0.0,0.0,1.100000000064938e-05,0.0,True
mp-2225312,T1,hap:0.0001,0.0001,q_cut=0.3;alpha_rel=1e-05,hap:0.0001,1,150.4019687206554,,0.0,0.0,1.100000000064938e-05,0.0,True
mp-2225312,T1,hap:0.0001,1e-05,q_cut=0.3;alpha_rel=1e-05,hap:0.0001,1,150.4019687206554,,0.0,0.0,1.100000000064938e-05,0.0,True
mp-2225312,T1,hap:0.01,0.001,q_cut=0.3;alpha_rel=1e-05,hap:0.01,1,150.4019687206554,,0.0,0.0,1.100000000064938e-05,0.0,True
mp-2225312,T1,hap:0.01,0.0001,q_cut=0.3;alpha_rel=1e-05,hap:0.01,1,150.4019687206554,,0.0,0.0,1.100000000064938e-05,0.0,True
mp-2225312,T1,hap:0.01,1e-05,q_cut=0.3;alpha_rel=1e-05,hap:0.01,1,150.4019687206554,,0.0,0.0,1.100000000064938e-05,0.0,True
mp-2225312,T1,hap:1,0.001,q_cut=0.3;alpha_rel=1e-05,hap:1,1,150.4019687206554,,0.0,0.0,1.100000000064938e-05,0.0,True
mp-2225312,T1,hap:1,0.0001,q_cut=0.3;alpha_rel=1e-05,hap:1,1,150.4019687206554,,0.0,0.0,1.100000000064938e-05,0.0,True
mp-2225312,T1,hap:1,1e-05,q_cut=0.3;alpha_rel=1e-05,hap:1,1,150.4019687206554,,0.0,0.0,1.100000000064938e-05,0.0,True
mp-2225312,T1,ctp-uniform,0.001,q_cut=0.3;alpha_rel=1e-05,U,1,150.8268606312508,unprojected,1.100000000064938e-05,0.0,1.100000000064938e-05,0.0,True
mp-2225312,T1,ctp-uniform,0.0001,q_cut=0.3;alpha_rel=1e-05,U,1,150.8268606312508,unprojected,1.100000000064938e-05,0.0,1.100000000064938e-05,0.0,True
mp-2225312,T1,ctp-uniform,1e-05,q_cut=0.3;alpha_rel=1e-05,U,1,150.8268606312508,projected,1.100000000064938e-05,0.0,1.100000000064938e-05,0.0,False
mp-2225312,T1,ctp-uniform,1e-05,q_cut=0.3;alpha_rel=1e-05,uniform,2,150.4360668480373,projected,0.0,0.0,1.100000000064938e-05,0.0,True
mp-2225312,T1,ctp-hap:0.0001,0.001,q_cut=0.3;alpha_rel=1e-05,U,1,150.8268606312508,unprojected,1.100000000064938e-05,0.0,1.100000000064938e-05,0.0,True
mp-2225312,T1,ctp-hap:0.0001,0.0001,q_cut=0.3;alpha_rel=1e-05,U,1,150.8268606312508,unprojected,1.100000000064938e-05,0.0,1.100000000064938e-05,0.0,True
mp-2225312,T1,ctp-hap:0.0001,1e-05,q_cut=0.3;alpha_rel=1e-05,U,1,150.8268606312508,projected,1.100000000064938e-05,0.0,1.100000000064938e-05,0.0,False
mp-2225312,T1,ctp-hap:0.0001,1e-05,q_cut=0.3;alpha_rel=1e-05,hap:0.0001,2,150.39709882139618,projected,0.0,0.0,1.100000000064938e-05,0.0,True
mp-2225312,T1,ctp-hap:0.01,0.001,q_cut=0.3;alpha_rel=1e-05,U,1,150.8268606312508,unprojected,1.100000000064938e-05,0.0,1.100000000064938e-05,0.0,True
mp-2225312,T1,ctp-hap:0.01,0.0001,q_cut=0.3;alpha_rel=1e-05,U,1,150.8268606312508,unprojected,1.100000000064938e-05,0.0,1.100000000064938e-05,0.0,True
mp-2225312,T1,ctp-hap:0.01,1e-05,q_cut=0.3;alpha_rel=1e-05,U,1,150.8268606312508,projected,1.100000000064938e-05,0.0,1.100000000064938e-05,0.0,False
mp-2225312,T1,ctp-hap:0.01,1e-05,q_cut=0.3;alpha_rel=1e-05,hap:0.01,2,150.39709882139618,projected,0.0,0.0,1.100000000064938e-05,0.0,True
mp-2225312,T1,ctp-hap:1,0.001,q_cut=0.3;alpha_rel=1e-05,U,1,150.8268606312508,unprojected,1.100000000064938e-05,0.0,1.100000000064938e-05,0.0,True
mp-2225312,T1,ctp-hap:1,0.0001,q_cut=0.3;alpha_rel=1e-05,U,1,150.8268606312508,unprojected,1.100000000064938e-05,0.0,1.100000000064938e-05,0.0,True
mp-2225312,T1,ctp-hap:1,1e-05,q_cut=0.3;alpha_rel=1e-05,U,1,150.8268606312508,projected,1.100000000064938e-05,0.0,1.100000000064938e-05,0.0,False
mp-2225312,T1,ctp-hap:1,1e-05,q_cut=0.3;alpha_rel=1e-05,hap:1,2,150.39709882139618,projected,0.0,0.0,1.100000000064938e-05,0.0,True
mp-2225312,R3,none,0.001,tau=1e-06;k=0;margin=0.995,U,1,311.966149506347,,1.899999999999125e-05,0.0,1.899999999999125e-05,0.0,True
mp-2225312,R3,none,0.0001,tau=1e-06;k=0;margin=0.995,U,1,311.966149506347,,1.899999999999125e-05,0.0,1.899999999999125e-05,0.0,True
mp-2225312,R3,none,1e-05,tau=1e-06;k=0;margin=0.995,U,1,311.966149506347,,1.899999999999125e-05,0.0,1.899999999999125e-05,0.0,False
mp-2225312,R3,none,1e-05,tau=1e-06;k=1;margin=0.990025,U,2,311.234521575985,,1.600000000046009e-05,0.0,1.600000000046009e-05,0.0,False
mp-2225312,R3,none,1e-05,tau=1e-06;k=2;margin=0.985074875,U,3,311.1719702552422,,1.8000000000739647e-05,0.0,1.8000000000739647e-05,0.0,False
mp-2225312,R3,none,1e-05,tau=1e-06;k=3;margin=0.980149501,U,4,310.71402769416017,,1.999999999924285e-05,0.0,1.999999999924285e-05,0.0,False
mp-2225312,R3,none,1e-05,tau=1e-06;k=4;margin=0.975248753,U,5,310.27815631262524,,1.999999999924285e-05,0.0,1.999999999924285e-05,0.0,False
mp-2225312,R3,hap:0.0001,0.001,tau=1e-06;k=0;margin=0.995,hap:0.0001,1,310.1331374774654,,0.0,0.0,1.899999999999125e-05,0.0,True
mp-2225312,R3,hap:0.0001,0.0001,tau=1e-06;k=0;margin=0.995,hap:0.0001,1,310.1331374774654,,0.0,0.0,1.899999999999125e-05,0.0,True
mp-2225312,R3,hap:0.0001,1e-05,tau=1e-06;k=0;margin=0.995,hap:0.0001,1,310.1331374774654,,0.0,0.0,1.899999999999125e-05,0.0,True
mp-2225312,R3,hap:0.01,0.001,tau=1e-06;k=0;margin=0.995,hap:0.01,1,310.1331374774654,,0.0,0.0,1.899999999999125e-05,0.0,True
mp-2225312,R3,hap:0.01,0.0001,tau=1e-06;k=0;margin=0.995,hap:0.01,1,310.1331374774654,,0.0,0.0,1.899999999999125e-05,0.0,True
mp-2225312,R3,hap:0.01,1e-05,tau=1e-06;k=0;margin=0.995,hap:0.01,1,310.1331374774654,,0.0,0.0,1.899999999999125e-05,0.0,True
mp-2225312,R3,ctp-uniform,0.001,tau=1e-06;k=0;margin=0.995,U,1,311.9451981195433,unprojected,1.899999999999125e-05,0.0,1.899999999999125e-05,0.0,True
mp-2225312,R3,ctp-uniform,0.0001,tau=1e-06;k=0;margin=0.995,U,1,311.9451981195433,unprojected,1.899999999999125e-05,0.0,1.899999999999125e-05,0.0,True
mp-2225312,R3,ctp-uniform,1e-05,tau=1e-06;k=0;margin=0.995,U,1,311.9451981195433,projected,1.899999999999125e-05,0.0,1.899999999999125e-05,0.0,False
mp-2225312,R3,ctp-uniform,1e-05,tau=1e-06;k=1;margin=0.990025,U,2,311.21366834170857,projected,1.600000000046009e-05,0.0,1.600000000046009e-05,0.0,False
mp-2225312,R3,ctp-uniform,1e-05,tau=1e-06;k=2;margin=0.985074875,U,3,311.1511254019293,projected,1.8000000000739647e-05,0.0,1.8000000000739647e-05,0.0,False
mp-2225312,R3,ctp-uniform,1e-05,tau=1e-06;k=3;margin=0.980149501,U,4,310.6932441471572,projected,1.999999999924285e-05,0.0,1.999999999924285e-05,0.0,False
mp-2225312,R3,ctp-uniform,1e-05,tau=1e-06;k=4;margin=0.975248753,U,5,310.2574310333311,projected,1.999999999924285e-05,0.0,1.999999999924285e-05,0.0,False
mp-2225312,R3,ctp-hap:0.0001,0.001,tau=1e-06;k=0;margin=0.995,U,1,311.9451981195433,unprojected,1.899999999999125e-05,0.0,1.899999999999125e-05,0.0,True
mp-2225312,R3,ctp-hap:0.0001,0.0001,tau=1e-06;k=0;margin=0.995,U,1,311.9451981195433,unprojected,1.899999999999125e-05,0.0,1.899999999999125e-05,0.0,True
mp-2225312,R3,ctp-hap:0.0001,1e-05,tau=1e-06;k=0;margin=0.995,U,1,311.9451981195433,projected,1.899999999999125e-05,0.0,1.899999999999125e-05,0.0,False
mp-2225312,R3,ctp-hap:0.0001,1e-05,tau=1e-06;k=1;margin=0.990025,U,2,311.21366834170857,projected,1.600000000046009e-05,0.0,1.600000000046009e-05,0.0,False
mp-2225312,R3,ctp-hap:0.0001,1e-05,tau=1e-06;k=2;margin=0.985074875,U,3,311.1511254019293,projected,1.8000000000739647e-05,0.0,1.8000000000739647e-05,0.0,False
mp-2225312,R3,ctp-hap:0.0001,1e-05,tau=1e-06;k=3;margin=0.980149501,U,4,310.6932441471572,projected,1.999999999924285e-05,0.0,1.999999999924285e-05,0.0,False
mp-2225312,R3,ctp-hap:0.0001,1e-05,tau=1e-06;k=4;margin=0.975248753,U,5,310.2574310333311,projected,1.999999999924285e-05,0.0,1.999999999924285e-05,0.0,False
mp-2225312,R3,ctp-hap:0.01,0.001,tau=1e-06;k=0;margin=0.995,U,1,311.9451981195433,unprojected,1.899999999999125e-05,0.0,1.899999999999125e-05,0.0,True
mp-2225312,R3,ctp-hap:0.01,0.0001,tau=1e-06;k=0;margin=0.995,U,1,311.9451981195433,unprojected,1.899999999999125e-05,0.0,1.899999999999125e-05,0.0,True
mp-2225312,R3,ctp-hap:0.01,1e-05,tau=1e-06;k=0;margin=0.995,U,1,311.9451981195433,projected,1.899999999999125e-05,0.0,1.899999999999125e-05,0.0,False
mp-2225312,R3,ctp-hap:0.01,1e-05,tau=1e-06;k=1;margin=0.990025,U,2,311.21366834170857,projected,1.600000000046009e-05,0.0,1.600000000046009e-05,0.0,False
mp-2225312,R3,ctp-hap:0.01,1e-05,tau=1e-06;k=2;margin=0.985074875,U,3,311.1511254019293,projected,1.8000000000739647e-05,0.0,1.8000000000739647e-05,0.0,False
mp-2225312,R3,ctp-hap:0.01,1e-05,tau=1e-06;k=3;margin=0.980149501,U,4,310.6932441471572,projected,1.999999999924285e-05,0.0,1.999999999924285e-05,0.0,False
mp-2225312,R3,ctp-hap:0.01,1e-05,tau=1e-06;k=4;margin=0.975248753,U,5,310.2574310333311,projected,1.999999999924285e-05,0.0,1.999999999924285e-05,0.0,False
mp-2225312,R3,ctp-hap:1,0.001,tau=1e-06;k=0;margin=0.995,U,1,311.9451981195433,unprojected,1.899999999999125e-05,0.0,1.899999999999125e-05,0.0,True
mp-2225312,R3,ctp-hap:1,0.0001,tau=1e-06;k=0;margin=0.995,U,1,311.9451981195433,unprojected,1.899999999999125e-05,0.0,1.899999999999125e-05,0.0,True
mp-2225312,R3,ctp-hap:1,1e-05,tau=1e-06;k=0;margin=0.995,U,1,311.9451981195433,projected,1.899999999999125e-05,0.0,1.899999999999125e-05,0.0,False
mp-2225312,R3,ctp-hap:1,1e-05,tau=1e-06;k=1;margin=0.990025,U,2,311.21366834170857,projected,1.600000000046009e-05,0.0,1.600000000046009e-05,0.0,False
mp-2225312,R3,ctp-hap:1,1e-05,tau=1e-06;k=2;margin=0.985074875,U,3,311.1511254019293,projected,1.8000000000739647e-05,0.0,1.8000000000739647e-05,0.0,False
mp-2225312,R3,ctp-hap:1,1e-05,tau=1e-06;k=3;margin=0.980149501,U,4,310.6932441471572,projected,1.999999999924285e-05,0.0,1.999999999924285e-05,0.0,False
mp-2225312,R3,ctp-hap:1,1e-05,tau=1e-06;k=4;margin=0.975248753,U,5,310.2574310333311,projected,1.999999999924285e-05,0.0,1.999999999924285e-05,0.0,False
mp-2225312,GF,none,0.001,SZ3;tol_rel=1e-06,U,1,12.173319600273611,,7.000000000090267e-06,0.0,7.000000000090267e-06,0.0,True
mp-2225312,GF,none,0.0001,SZ3;tol_rel=1e-06,U,1,12.173319600273611,,7.000000000090267e-06,0.0,7.000000000090267e-06,0.0,True
mp-2225312,GF,none,1e-05,SZ3;tol_rel=1e-06,U,1,12.173319600273611,,7.000000000090267e-06,0.0,7.000000000090267e-06,0.0,True
mp-2225312,GF,uniform,0.001,ZFP;tol_rel=0.0001,uniform,1,19.747899731301658,,0.0,0.0,4.799999999960392e-05,0.0,True
mp-2225312,GF,uniform,0.0001,ZFP;tol_rel=0.0001,uniform,1,19.747899731301658,,0.0,0.0,4.799999999960392e-05,0.0,True
mp-2225312,GF,uniform,1e-05,ZFP;tol_rel=0.0001,uniform,1,19.747899731301658,,0.0,0.0,4.799999999960392e-05,0.0,True
mp-2225312,GF,hap:0.0001,0.001,SZ3;tol_rel=1e-06,hap:0.0001,1,12.170512696220872,,0.0,0.0,7.000000000090267e-06,0.0,True
mp-2225312,GF,hap:0.0001,0.0001,SZ3;tol_rel=1e-06,hap:0.0001,1,12.170512696220872,,0.0,0.0,7.000000000090267e-06,0.0,True
mp-2225312,GF,hap:0.0001,1e-05,SZ3;tol_rel=1e-06,hap:0.0001,1,12.170512696220872,,0.0,0.0,7.000000000090267e-06,0.0,True
mp-2225312,GF,hap:0.01,0.001,SZ3;tol_rel=1e-06,hap:0.01,1,12.170512696220872,,0.0,0.0,7.000000000090267e-06,0.0,True
mp-2225312,GF,hap:0.01,0.0001,SZ3;tol_rel=1e-06,hap:0.01,1,12.170512696220872,,0.0,0.0,7.000000000090267e-06,0.0,True
mp-2225312,GF,hap:0.01,1e-05,SZ3;tol_rel=1e-06,hap:0.01,1,12.170512696220872,,0.0,0.0,7.000000000090267e-06,0.0,True
mp-2225312,GF,hap:1,0.001,ZFP;tol_rel=2.15443e-05,hap:1,1,12.610399200729768,,0.0,0.0,7.000000000090267e-06,0.0,True
mp-2225312,GF,hap:1,0.0001,ZFP;tol_rel=2.15443e-05,hap:1,1,12.610399200729768,,0.0,0.0,7.000000000090267e-06,0.0,True
mp-2225312,GF,hap:1,1e-05,ZFP;tol_rel=2.15443e-05,hap:1,1,12.610399200729768,,0.0,0.0,7.000000000090267e-06,0.0,True
mp-2225312,GF,ctp-uniform,0.001,ZFP;tol_rel=0.0001,uniform,1,19.74781577235565,unprojected,,,4.799999999960392e-05,0.0,False
mp-2225312,GF,ctp-uniform,0.001,ZFP;tol_rel=4.64159e-05,uniform,2,16.8452692239344,unprojected,,,2.300000000055036e-05,0.0,False
mp-2225312,GF,ctp-uniform,0.001,ZFP;tol_rel=2.15443e-05,uniform,3,12.610638858194712,unprojected,,,7.000000000090267e-06,0.0,False
mp-2225312,GF,ctp-uniform,0.001,SZ3;tol_rel=1e-06,U,4,12.173287696363891,unprojected,7.000000000090267e-06,0.0,7.000000000090267e-06,0.0,True
mp-2225312,GF,ctp-uniform,0.0001,ZFP;tol_rel=0.0001,uniform,1,19.74781577235565,unprojected,,,4.799999999960392e-05,0.0,False
mp-2225312,GF,ctp-uniform,0.0001,ZFP;tol_rel=4.64159e-05,uniform,2,16.8452692239344,unprojected,,,2.300000000055036e-05,0.0,False
mp-2225312,GF,ctp-uniform,0.0001,ZFP;tol_rel=2.15443e-05,uniform,3,12.610638858194712,unprojected,,,7.000000000090267e-06,0.0,False
mp-2225312,GF,ctp-uniform,0.0001,SZ3;tol_rel=1e-06,U,4,12.173287696363891,unprojected,7.000000000090267e-06,0.0,7.000000000090267e-06,0.0,True
mp-2225312,GF,ctp-uniform,1e-05,ZFP;tol_rel=0.0001,uniform,1,19.74781577235565,projected,0.0,0.0,4.799999999960392e-05,0.0,True
mp-2225312,GF,ctp-hap:0.0001,0.001,SZ3;tol_rel=1e-06,U,1,12.173287696363891,unprojected,7.000000000090267e-06,0.0,7.000000000090267e-06,0.0,True
mp-2225312,GF,ctp-hap:0.0001,0.0001,SZ3;tol_rel=1e-06,U,1,12.173287696363891,unprojected,7.000000000090267e-06,0.0,7.000000000090267e-06,0.0,True
mp-2225312,GF,ctp-hap:0.0001,1e-05,SZ3;tol_rel=1e-06,U,1,12.173287696363891,unprojected,7.000000000090267e-06,0.0,7.000000000090267e-06,0.0,True
mp-2225312,GF,ctp-hap:0.01,0.001,SZ3;tol_rel=1e-06,U,1,12.173287696363891,unprojected,7.000000000090267e-06,0.0,7.000000000090267e-06,0.0,True
mp-2225312,GF,ctp-hap:0.01,0.0001,SZ3;tol_rel=1e-06,U,1,12.173287696363891,unprojected,7.000000000090267e-06,0.0,7.000000000090267e-06,0.0,True
mp-2225312,GF,ctp-hap:0.01,1e-05,SZ3;tol_rel=1e-06,U,1,12.173287696363891,unprojected,7.000000000090267e-06,0.0,7.000000000090267e-06,0.0,True
mp-2225312,GF,ctp-hap:1,0.001,ZFP;tol_rel=2.15443e-05,hap:1,1,12.61036496469266,unprojected,,,7.000000000090267e-06,0.0,False
mp-2225312,GF,ctp-hap:1,0.001,SZ3;tol_rel=1e-06,U,2,12.173287696363891,unprojected,7.000000000090267e-06,0.0,7.000000000090267e-06,0.0,True
mp-2225312,GF,ctp-hap:1,0.0001,ZFP;tol_rel=2.15443e-05,hap:1,1,12.61036496469266,unprojected,,,7.000000000090267e-06,0.0,False
mp-2225312,GF,ctp-hap:1,0.0001,SZ3;tol_rel=1e-06,U,2,12.173287696363891,unprojected,7.000000000090267e-06,0.0,7.000000000090267e-06,0.0,True
mp-2225312,GF,ctp-hap:1,1e-05,ZFP;tol_rel=2.15443e-05,hap:1,1,12.61036496469266,unprojected,,,7.000000000090267e-06,0.0,False
mp-2225312,GF,ctp-hap:1,1e-05,SZ3;tol_rel=1e-06,U,2,12.173287696363891,unprojected,7.000000000090267e-06,0.0,7.000000000090267e-06,0.0,True
mp-2050262,J,none,0.001,alpha_rel=0.00464159,U,1,297.8345010414694,,4.999999999810711e-06,0.0,4.999999999810711e-06,0.0,True
mp-2050262,J,none,0.0001,alpha_rel=0.00464159,U,1,297.8345010414694,,4.999999999810711e-06,0.0,4.999999999810711e-06,0.0,True
mp-2050262,J,none,1e-05,alpha_rel=0.00464159,U,1,297.8345010414694,,4.999999999810711e-06,0.0,4.999999999810711e-06,0.0,True
mp-2050262,J,uniform,0.001,alpha_rel=0.00464159,uniform,1,296.75559412852346,,0.0,0.0,4.999999999810711e-06,0.0,True
mp-2050262,J,uniform,0.0001,alpha_rel=0.00464159,uniform,1,296.75559412852346,,0.0,0.0,4.999999999810711e-06,0.0,True
mp-2050262,J,uniform,1e-05,alpha_rel=0.00464159,uniform,1,296.75559412852346,,0.0,0.0,4.999999999810711e-06,0.0,True
mp-2050262,J,hap:0.0001,0.001,alpha_rel=0.00464159,hap:0.0001,1,296.66603794937566,,0.0,0.0,4.999999999810711e-06,0.0,True
mp-2050262,J,hap:0.0001,0.0001,alpha_rel=0.00464159,hap:0.0001,1,296.66603794937566,,0.0,0.0,4.999999999810711e-06,0.0,True
mp-2050262,J,hap:0.0001,1e-05,alpha_rel=0.00464159,hap:0.0001,1,296.66603794937566,,0.0,0.0,4.999999999810711e-06,0.0,True
mp-2050262,J,hap:0.01,0.001,alpha_rel=0.00464159,hap:0.01,1,296.66603794937566,,0.0,0.0,4.999999999810711e-06,0.0,True
mp-2050262,J,hap:0.01,0.0001,alpha_rel=0.00464159,hap:0.01,1,296.66603794937566,,0.0,0.0,4.999999999810711e-06,0.0,True
mp-2050262,J,hap:0.01,1e-05,alpha_rel=0.00464159,hap:0.01,1,296.66603794937566,,0.0,0.0,4.999999999810711e-06,0.0,True
mp-2050262,J,hap:1,0.001,alpha_rel=0.00464159,hap:1,1,296.66603794937566,,0.0,0.0,4.999999999810711e-06,0.0,True
mp-2050262,J,hap:1,0.0001,alpha_rel=0.00464159,hap:1,1,296.66603794937566,,0.0,0.0,4.999999999810711e-06,0.0,True
mp-2050262,J,hap:1,1e-05,alpha_rel=0.00464159,hap:1,1,296.66603794937566,,0.0,0.0,4.999999999810711e-06,0.0,True
mp-2050262,J,ctp-uniform,0.001,alpha_rel=0.00464159,U,1,297.8232219950011,unprojected,4.999999999810711e-06,0.0,4.999999999810711e-06,0.0,True
mp-2050262,J,ctp-uniform,0.0001,alpha_rel=0.00464159,U,1,297.8232219950011,unprojected,4.999999999810711e-06,0.0,4.999999999810711e-06,0.0,True
mp-2050262,J,ctp-uniform,1e-05,alpha_rel=0.00464159,U,1,297.8232219950011,unprojected,4.999999999810711e-06,0.0,4.999999999810711e-06,0.0,True
mp-2050262,J,ctp-hap:0.0001,0.001,alpha_rel=0.00464159,U,1,297.8232219950011,unprojected,4.999999999810711e-06,0.0,4.999999999810711e-06,0.0,True
mp-2050262,J,ctp-hap:0.0001,0.0001,alpha_rel=0.00464159,U,1,297.8232219950011,unprojected,4.999999999810711e-06,0.0,4.999999999810711e-06,0.0,True
mp-2050262,J,ctp-hap:0.0001,1e-05,alpha_rel=0.00464159,U,1,297.8232219950011,unprojected,4.999999999810711e-06,0.0,4.999999999810711e-06,0.0,True
mp-2050262,J,ctp-hap:0.01,0.001,alpha_rel=0.00464159,U,1,297.8232219950011,unprojected,4.999999999810711e-06,0.0,4.999999999810711e-06,0.0,True
mp-2050262,J,ctp-hap:0.01,0.0001,alpha_rel=0.00464159,U,1,297.8232219950011,unprojected,4.999999999810711e-06,0.0,4.999999999810711e-06,0.0,True
mp-2050262,J,ctp-hap:0.01,1e-05,alpha_rel=0.00464159,U,1,297.8232219950011,unprojected,4.999999999810711e-06,0.0,4.999999999810711e-06,0.0,True
mp-2050262,J,ctp-hap:1,0.001,alpha_rel=0.00464159,U,1,297.8232219950011,unprojected,4.999999999810711e-06,0.0,4.999999999810711e-06,0.0,True
mp-2050262,J,ctp-hap:1,0.0001,alpha_rel=0.00464159,U,1,297.8232219950011,unprojected,4.999999999810711e-06,0.0,4.999999999810711e-06,0.0,True
mp-2050262,J,ctp-hap:1,1e-05,alpha_rel=0.00464159,U,1,297.8232219950011,unprojected,4.999999999810711e-06,0.0,4.999999999810711e-06,0.0,True
mp-2050262,T1,none,0.001,q_cut=0.2;alpha_rel=4.64159e-06,U,1,240.79363135333745,,1.699999999971169e-05,0.0,1.699999999971169e-05,0.0,True
mp-2050262,T1,none,0.0001,q_cut=0.2;alpha_rel=4.64159e-06,U,1,240.79363135333745,,1.699999999971169e-05,0.0,1.699999999971169e-05,0.0,True
mp-2050262,T1,none,1e-05,q_cut=0.2;alpha_rel=4.64159e-06,U,1,240.79363135333745,,1.699999999971169e-05,0.0,1.699999999971169e-05,0.0,False
mp-2050262,T1,none,1e-05,q_cut=0.2;alpha_rel=2.15443e-06,U,2,222.3129328621908,,1.699999999971169e-05,0.0,1.699999999971169e-05,0.0,False
mp-2050262,T1,none,1e-05,q_cut=0.2;alpha_rel=1e-06,U,3,207.03206444479545,,1.699999999971169e-05,0.0,1.699999999971169e-05,0.0,False
mp-2050262,T1,none,1e-05,q_cut=0.3;alpha_rel=4.64159e-05,U,4,197.20948894127088,,4.000000000559112e-06,0.0,4.000000000559112e-06,0.0,True
mp-2050262,T1,uniform,0.001,q_cut=0.3;alpha_rel=4.64159e-05,uniform,1,196.7358783209086,,0.0,0.0,4.000000000559112e-06,0.0,True
mp-2050262,T1,uniform,0.0001,q_cut=0.3;alpha_rel=4.64159e-05,uniform,1,196.7358783209086,,0.0,0.0,4.000000000559112e-06,0.0,True
mp-2050262,T1,uniform,1e-05,q_cut=0.3;alpha_rel=4.64159e-05,uniform,1,196.7358783209086,,0.0,0.0,4.000000000559112e-06,0.0,True
mp-2050262,T1,hap:0.0001,0.001,q_cut=0.2;alpha_rel=4.64159e-06,hap:0.0001,1,240.0293004517153,,0.0,0.0,1.699999999971169e-05,0.0,True
mp-2050262,T1,hap:0.0001,0.0001,q_cut=0.2;alpha_rel=4.64159e-06,hap:0.0001,1,240.0293004517153,,0.0,0.0,1.699999999971169e-05,0.0,True
mp-2050262,T1,hap:0.0001,1e-05,q_cut=0.2;alpha_rel=4.64159e-06,hap:0.0001,1,240.0293004517153,,0.0,0.0,1.699999999971169e-05,0.0,True
mp-2050262,T1,hap:0.01,0.001,q_cut=0.2;alpha_rel=4.64159e-06,hap:0.01,1,240.0293004517153,,0.0,0.0,1.699999999971169e-05,0.0,True
mp-2050262,T1,hap:0.01,0.0001,q_cut=0.2;alpha_rel=4.64159e-06,hap:0.01,1,240.0293004517153,,0.0,0.0,1.699999999971169e-05,0.0,True
mp-2050262,T1,hap:0.01,1e-05,q_cut=0.2;alpha_rel=4.64159e-06,hap:0.01,1,240.0293004517153,,0.0,0.0,1.699999999971169e-05,0.0,True
mp-2050262,T1,hap:1,0.001,q_cut=0.3;alpha_rel=4.64159e-05,hap:1,1,196.696513431044,,0.0,0.0,4.000000000559112e-06,0.0,True
mp-2050262,T1,hap:1,0.0001,q_cut=0.3;alpha_rel=4.64159e-05,hap:1,1,196.696513431044,,0.0,0.0,4.000000000559112e-06,0.0,True
mp-2050262,T1,hap:1,1e-05,q_cut=0.3;alpha_rel=4.64159e-05,hap:1,1,196.696513431044,,0.0,0.0,4.000000000559112e-06,0.0,True
mp-2050262,T1,ctp-uniform,0.001,q_cut=0.2;alpha_rel=4.64159e-06,U,1,240.78625884081933,unprojected,1.699999999971169e-05,0.0,1.699999999971169e-05,0.0,True
mp-2050262,T1,ctp-uniform,0.0001,q_cut=0.2;alpha_rel=4.64159e-06,U,1,240.78625884081933,unprojected,1.699999999971169e-05,0.0,1.699999999971169e-05,0.0,True
mp-2050262,T1,ctp-uniform,1e-05,q_cut=0.2;alpha_rel=4.64159e-06,U,1,240.78625884081933,projected,1.699999999971169e-05,0.0,1.699999999971169e-05,0.0,False
mp-2050262,T1,ctp-uniform,1e-05,q_cut=0.2;alpha_rel=2.15443e-06,U,2,222.3066485753053,projected,1.699999999971169e-05,0.0,1.699999999971169e-05,0.0,False
mp-2050262,T1,ctp-uniform,1e-05,q_cut=0.2;alpha_rel=1e-06,U,3,207.0266143680733,projected,1.699999999971169e-05,0.0,1.699999999971169e-05,0.0,False
mp-2050262,T1,ctp-uniform,1e-05,q_cut=0.3;alpha_rel=4.64159e-05,U,4,197.2045437448281,unprojected,4.000000000559112e-06,0.0,4.000000000559112e-06,0.0,True
mp-2050262,T1,ctp-hap:0.0001,0.001,q_cut=0.2;alpha_rel=4.64159e-06,U,1,240.78625884081933,unprojected,1.699999999971169e-05,0.0,1.699999999971169e-05,0.0,True
mp-2050262,T1,ctp-hap:0.0001,0.0001,q_cut=0.2;alpha_rel=4.64159e-06,U,1,240.78625884081933,unprojected,1.699999999971169e-05,0.0,1.699999999971169e-05,0.0,True
mp-2050262,T1,ctp-hap:0.0001,1e-05,q_cut=0.2;alpha_rel=4.64159e-06,U,1,240.78625884081933,projected,1.699999999971169e-05,0.0,1.699999999971169e-05,0.0,False
mp-2050262,T1,ctp-hap:0.0001,1e-05,q_cut=0.2;alpha_rel=4.64159e-06,hap:0.0001,2,240.02197466809096,projected,0.0,0.0,1.699999999971169e-05,0.0,True
mp-2050262,T1,ctp-hap:0.01,0.001,q_cut=0.2;alpha_rel=4.64159e-06,U,1,240.78625884081933,unprojected,1.699999999971169e-05,0.0,1.699999999971169e-05,0.0,True
mp-2050262,T1,ctp-hap:0.01,0.0001,q_cut=0.2;alpha_rel=4.64159e-06,U,1,240.78625884081933,unprojected,1.699999999971169e-05,0.0,1.699999999971169e-05,0.0,True
mp-2050262,T1,ctp-hap:0.01,1e-05,q_cut=0.2;alpha_rel=4.64159e-06,U,1,240.78625884081933,projected,1.699999999971169e-05,0.0,1.699999999971169e-05,0.0,False
mp-2050262,T1,ctp-hap:0.01,1e-05,q_cut=0.2;alpha_rel=4.64159e-06,hap:0.01,2,240.02197466809096,projected,0.0,0.0,1.699999999971169e-05,0.0,True
mp-2050262,T1,ctp-hap:1,0.001,q_cut=0.2;alpha_rel=4.64159e-06,U,1,240.78625884081933,unprojected,1.699999999971169e-05,0.0,1.699999999971169e-05,0.0,True
mp-2050262,T1,ctp-hap:1,0.0001,q_cut=0.2;alpha_rel=4.64159e-06,U,1,240.78625884081933,unprojected,1.699999999971169e-05,0.0,1.699999999971169e-05,0.0,True
mp-2050262,T1,ctp-hap:1,1e-05,q_cut=0.2;alpha_rel=4.64159e-06,U,1,240.78625884081933,projected,1.699999999971169e-05,0.0,1.699999999971169e-05,0.0,False
mp-2050262,T1,ctp-hap:1,1e-05,q_cut=0.2;alpha_rel=2.15443e-06,U,2,222.3066485753053,projected,1.699999999971169e-05,0.0,1.699999999971169e-05,0.0,False
mp-2050262,T1,ctp-hap:1,1e-05,q_cut=0.2;alpha_rel=1e-06,U,3,207.0266143680733,projected,1.699999999971169e-05,0.0,1.699999999971169e-05,0.0,False
mp-2050262,T1,ctp-hap:1,1e-05,q_cut=0.3;alpha_rel=4.64159e-05,U,4,197.2045437448281,unprojected,4.000000000559112e-06,0.0,4.000000000559112e-06,0.0,True
mp-2050262,R3,none,0.001,tau=1e-06;k=0;margin=0.995,U,1,434.0132450331126,,9.999999999621425e-06,0.0,9.999999999621425e-06,0.0,True
mp-2050262,R3,none,0.0001,tau=1e-06;k=0;margin=0.995,U,1,434.0132450331126,,9.999999999621425e-06,0.0,9.999999999621425e-06,0.0,True
mp-2050262,R3,none,1e-05,tau=1e-06;k=0;margin=0.995,U,1,434.0132450331126,,9.999999999621425e-06,0.0,9.999999999621425e-06,0.0,True
mp-2050262,R3,hap:0.0001,0.001,tau=1e-06;k=0;margin=0.995,hap:0.0001,1,431.5364354697103,,0.0,0.0,9.999999999621425e-06,0.0,True
mp-2050262,R3,hap:0.0001,0.0001,tau=1e-06;k=0;margin=0.995,hap:0.0001,1,431.5364354697103,,0.0,0.0,9.999999999621425e-06,0.0,True
mp-2050262,R3,hap:0.0001,1e-05,tau=1e-06;k=0;margin=0.995,hap:0.0001,1,431.5364354697103,,0.0,0.0,9.999999999621425e-06,0.0,True
mp-2050262,R3,hap:0.01,0.001,tau=1e-06;k=0;margin=0.995,hap:0.01,1,431.5364354697103,,0.0,0.0,9.999999999621425e-06,0.0,True
mp-2050262,R3,hap:0.01,0.0001,tau=1e-06;k=0;margin=0.995,hap:0.01,1,431.5364354697103,,0.0,0.0,9.999999999621425e-06,0.0,True
mp-2050262,R3,hap:0.01,1e-05,tau=1e-06;k=0;margin=0.995,hap:0.01,1,431.5364354697103,,0.0,0.0,9.999999999621425e-06,0.0,True
mp-2050262,R3,ctp-uniform,0.001,tau=1e-06;k=0;margin=0.995,U,1,433.9892941890624,unprojected,9.999999999621425e-06,0.0,9.999999999621425e-06,0.0,True
mp-2050262,R3,ctp-uniform,0.0001,tau=1e-06;k=0;margin=0.995,U,1,433.9892941890624,unprojected,9.999999999621425e-06,0.0,9.999999999621425e-06,0.0,True
mp-2050262,R3,ctp-uniform,1e-05,tau=1e-06;k=0;margin=0.995,U,1,433.9892941890624,unprojected,9.999999999621425e-06,0.0,9.999999999621425e-06,0.0,True
mp-2050262,R3,ctp-hap:0.0001,0.001,tau=1e-06;k=0;margin=0.995,U,1,433.9892941890624,unprojected,9.999999999621425e-06,0.0,9.999999999621425e-06,0.0,True
mp-2050262,R3,ctp-hap:0.0001,0.0001,tau=1e-06;k=0;margin=0.995,U,1,433.9892941890624,unprojected,9.999999999621425e-06,0.0,9.999999999621425e-06,0.0,True
mp-2050262,R3,ctp-hap:0.0001,1e-05,tau=1e-06;k=0;margin=0.995,U,1,433.9892941890624,unprojected,9.999999999621425e-06,0.0,9.999999999621425e-06,0.0,True
mp-2050262,R3,ctp-hap:0.01,0.001,tau=1e-06;k=0;margin=0.995,U,1,433.9892941890624,unprojected,9.999999999621425e-06,0.0,9.999999999621425e-06,0.0,True
mp-2050262,R3,ctp-hap:0.01,0.0001,tau=1e-06;k=0;margin=0.995,U,1,433.9892941890624,unprojected,9.999999999621425e-06,0.0,9.999999999621425e-06,0.0,True
mp-2050262,R3,ctp-hap:0.01,1e-05,tau=1e-06;k=0;margin=0.995,U,1,433.9892941890624,unprojected,9.999999999621425e-06,0.0,9.999999999621425e-06,0.0,True
mp-2050262,R3,ctp-hap:1,0.001,tau=1e-06;k=0;margin=0.995,U,1,433.9892941890624,unprojected,9.999999999621425e-06,0.0,9.999999999621425e-06,0.0,True
mp-2050262,R3,ctp-hap:1,0.0001,tau=1e-06;k=0;margin=0.995,U,1,433.9892941890624,unprojected,9.999999999621425e-06,0.0,9.999999999621425e-06,0.0,True
mp-2050262,R3,ctp-hap:1,1e-05,tau=1e-06;k=0;margin=0.995,U,1,433.9892941890624,unprojected,9.999999999621425e-06,0.0,9.999999999621425e-06,0.0,True
mp-2050262,GF,none,0.001,SZ3;tol_rel=4.64159e-06,U,1,15.16387658063098,,9.000000000369823e-06,0.0,9.000000000369823e-06,0.0,True
mp-2050262,GF,none,0.0001,SZ3;tol_rel=4.64159e-06,U,1,15.16387658063098,,9.000000000369823e-06,0.0,9.000000000369823e-06,0.0,True
mp-2050262,GF,none,1e-05,SZ3;tol_rel=4.64159e-06,U,1,15.16387658063098,,9.000000000369823e-06,0.0,9.000000000369823e-06,0.0,True
mp-2050262,GF,uniform,0.001,ZFP;tol_rel=0.000215443,uniform,1,17.526118737742912,,0.0,0.0,1.000000000139778e-05,0.0,True
mp-2050262,GF,uniform,0.0001,ZFP;tol_rel=0.000215443,uniform,1,17.526118737742912,,0.0,0.0,1.000000000139778e-05,0.0,True
mp-2050262,GF,uniform,1e-05,ZFP;tol_rel=0.000215443,uniform,1,17.526118737742912,,0.0,0.0,1.000000000139778e-05,0.0,True
mp-2050262,GF,hap:0.0001,0.001,SZ3;tol_rel=4.64159e-06,hap:0.0001,1,15.160836356766383,,0.0,0.0,9.000000000369823e-06,0.0,True
mp-2050262,GF,hap:0.0001,0.0001,SZ3;tol_rel=4.64159e-06,hap:0.0001,1,15.160836356766383,,0.0,0.0,9.000000000369823e-06,0.0,True
mp-2050262,GF,hap:0.0001,1e-05,SZ3;tol_rel=4.64159e-06,hap:0.0001,1,15.160836356766383,,0.0,0.0,9.000000000369823e-06,0.0,True
mp-2050262,GF,hap:0.01,0.001,SZ3;tol_rel=4.64159e-06,hap:0.01,1,15.160836356766383,,0.0,0.0,9.000000000369823e-06,0.0,True
mp-2050262,GF,hap:0.01,0.0001,SZ3;tol_rel=4.64159e-06,hap:0.01,1,15.160836356766383,,0.0,0.0,9.000000000369823e-06,0.0,True
mp-2050262,GF,hap:0.01,1e-05,SZ3;tol_rel=4.64159e-06,hap:0.01,1,15.160836356766383,,0.0,0.0,9.000000000369823e-06,0.0,True
mp-2050262,GF,hap:1,0.001,SZ3;tol_rel=4.64159e-06,hap:1,1,15.160836356766383,,0.0,0.0,9.000000000369823e-06,0.0,True
mp-2050262,GF,hap:1,0.0001,SZ3;tol_rel=4.64159e-06,hap:1,1,15.160836356766383,,0.0,0.0,9.000000000369823e-06,0.0,True
mp-2050262,GF,hap:1,1e-05,SZ3;tol_rel=4.64159e-06,hap:1,1,15.160836356766383,,0.0,0.0,9.000000000369823e-06,0.0,True
mp-2050262,GF,ctp-uniform,0.001,ZFP;tol_rel=0.000215443,uniform,1,17.526079679801036,unprojected,,,1.000000000139778e-05,0.0,False
mp-2050262,GF,ctp-uniform,0.001,SZ3;tol_rel=4.64159e-06,U,2,15.163847341903464,unprojected,9.000000000369823e-06,0.0,9.000000000369823e-06,0.0,True
mp-2050262,GF,ctp-uniform,0.0001,ZFP;tol_rel=0.000215443,uniform,1,17.526079679801036,unprojected,,,1.000000000139778e-05,0.0,False
mp-2050262,GF,ctp-uniform,0.0001,SZ3;tol_rel=4.64159e-06,U,2,15.163847341903464,unprojected,9.000000000369823e-06,0.0,9.000000000369823e-06,0.0,True
mp-2050262,GF,ctp-uniform,1e-05,ZFP;tol_rel=0.000215443,uniform,1,17.526079679801036,projected,0.0,0.0,1.000000000139778e-05,0.0,True
mp-2050262,GF,ctp-hap:0.0001,0.001,SZ3;tol_rel=4.64159e-06,U,1,15.163847341903464,unprojected,9.000000000369823e-06,0.0,9.000000000369823e-06,0.0,True
mp-2050262,GF,ctp-hap:0.0001,0.0001,SZ3;tol_rel=4.64159e-06,U,1,15.163847341903464,unprojected,9.000000000369823e-06,0.0,9.000000000369823e-06,0.0,True
mp-2050262,GF,ctp-hap:0.0001,1e-05,SZ3;tol_rel=4.64159e-06,U,1,15.163847341903464,unprojected,9.000000000369823e-06,0.0,9.000000000369823e-06,0.0,True
mp-2050262,GF,ctp-hap:0.01,0.001,SZ3;tol_rel=4.64159e-06,U,1,15.163847341903464,unprojected,9.000000000369823e-06,0.0,9.000000000369823e-06,0.0,True
mp-2050262,GF,ctp-hap:0.01,0.0001,SZ3;tol_rel=4.64159e-06,U,1,15.163847341903464,unprojected,9.000000000369823e-06,0.0,9.000000000369823e-06,0.0,True
mp-2050262,GF,ctp-hap:0.01,1e-05,SZ3;tol_rel=4.64159e-06,U,1,15.163847341903464,unprojected,9.000000000369823e-06,0.0,9.000000000369823e-06,0.0,True
mp-2050262,GF,ctp-hap:1,0.001,SZ3;tol_rel=4.64159e-06,U,1,15.163847341903464,unprojected,9.000000000369823e-06,0.0,9.000000000369823e-06,0.0,True
mp-2050262,GF,ctp-hap:1,0.0001,SZ3;tol_rel=4.64159e-06,U,1,15.163847341903464,unprojected,9.000000000369823e-06,0.0,9.000000000369823e-06,0.0,True
mp-2050262,GF,ctp-hap:1,1e-05,SZ3;tol_rel=4.64159e-06,U,1,15.163847341903464,unprojected,9.000000000369823e-06,0.0,9.000000000369823e-06,0.0,True
mp-2304404,J,none,0.001,alpha_rel=0.001,U,1,69.76427306172504,,5.00000000069889e-06,0.0,5.00000000069889e-06,0.0,True
mp-2304404,J,none,0.0001,alpha_rel=0.001,U,1,69.76427306172504,,5.00000000069889e-06,0.0,5.00000000069889e-06,0.0,True
mp-2304404,J,none,1e-05,alpha_rel=0.001,U,1,69.76427306172504,,5.00000000069889e-06,0.0,5.00000000069889e-06,0.0,True
mp-2304404,J,uniform,0.001,alpha_rel=0.001,uniform,1,69.64091403699673,,0.0,0.0,5.00000000069889e-06,0.0,True
mp-2304404,J,uniform,0.0001,alpha_rel=0.001,uniform,1,69.64091403699673,,0.0,0.0,5.00000000069889e-06,0.0,True
mp-2304404,J,uniform,1e-05,alpha_rel=0.001,uniform,1,69.64091403699673,,0.0,0.0,5.00000000069889e-06,0.0,True
mp-2304404,J,hap:0.0001,0.001,alpha_rel=0.001,hap:0.0001,1,69.63144294845641,,0.0,0.0,5.00000000069889e-06,0.0,True
mp-2304404,J,hap:0.0001,0.0001,alpha_rel=0.001,hap:0.0001,1,69.63144294845641,,0.0,0.0,5.00000000069889e-06,0.0,True
mp-2304404,J,hap:0.0001,1e-05,alpha_rel=0.001,hap:0.0001,1,69.63144294845641,,0.0,0.0,5.00000000069889e-06,0.0,True
mp-2304404,J,hap:0.01,0.001,alpha_rel=0.001,hap:0.01,1,69.63144294845641,,0.0,0.0,5.00000000069889e-06,0.0,True
mp-2304404,J,hap:0.01,0.0001,alpha_rel=0.001,hap:0.01,1,69.63144294845641,,0.0,0.0,5.00000000069889e-06,0.0,True
mp-2304404,J,hap:0.01,1e-05,alpha_rel=0.001,hap:0.01,1,69.63144294845641,,0.0,0.0,5.00000000069889e-06,0.0,True
mp-2304404,J,hap:1,0.001,alpha_rel=0.001,hap:1,1,69.63144294845641,,0.0,0.0,5.00000000069889e-06,0.0,True
mp-2304404,J,hap:1,0.0001,alpha_rel=0.001,hap:1,1,69.63144294845641,,0.0,0.0,5.00000000069889e-06,0.0,True
mp-2304404,J,hap:1,1e-05,alpha_rel=0.001,hap:1,1,69.63144294845641,,0.0,0.0,5.00000000069889e-06,0.0,True
mp-2304404,J,ctp-uniform,0.001,alpha_rel=0.001,U,1,69.76308483640761,unprojected,5.00000000069889e-06,0.0,5.00000000069889e-06,0.0,True
mp-2304404,J,ctp-uniform,0.0001,alpha_rel=0.001,U,1,69.76308483640761,unprojected,5.00000000069889e-06,0.0,5.00000000069889e-06,0.0,True
mp-2304404,J,ctp-uniform,1e-05,alpha_rel=0.001,U,1,69.76308483640761,unprojected,5.00000000069889e-06,0.0,5.00000000069889e-06,0.0,True
mp-2304404,J,ctp-hap:0.0001,0.001,alpha_rel=0.001,U,1,69.76308483640761,unprojected,5.00000000069889e-06,0.0,5.00000000069889e-06,0.0,True
mp-2304404,J,ctp-hap:0.0001,0.0001,alpha_rel=0.001,U,1,69.76308483640761,unprojected,5.00000000069889e-06,0.0,5.00000000069889e-06,0.0,True
mp-2304404,J,ctp-hap:0.0001,1e-05,alpha_rel=0.001,U,1,69.76308483640761,unprojected,5.00000000069889e-06,0.0,5.00000000069889e-06,0.0,True
mp-2304404,J,ctp-hap:0.01,0.001,alpha_rel=0.001,U,1,69.76308483640761,unprojected,5.00000000069889e-06,0.0,5.00000000069889e-06,0.0,True
mp-2304404,J,ctp-hap:0.01,0.0001,alpha_rel=0.001,U,1,69.76308483640761,unprojected,5.00000000069889e-06,0.0,5.00000000069889e-06,0.0,True
mp-2304404,J,ctp-hap:0.01,1e-05,alpha_rel=0.001,U,1,69.76308483640761,unprojected,5.00000000069889e-06,0.0,5.00000000069889e-06,0.0,True
mp-2304404,J,ctp-hap:1,0.001,alpha_rel=0.001,U,1,69.76308483640761,unprojected,5.00000000069889e-06,0.0,5.00000000069889e-06,0.0,True
mp-2304404,J,ctp-hap:1,0.0001,alpha_rel=0.001,U,1,69.76308483640761,unprojected,5.00000000069889e-06,0.0,5.00000000069889e-06,0.0,True
mp-2304404,J,ctp-hap:1,1e-05,alpha_rel=0.001,U,1,69.76308483640761,unprojected,5.00000000069889e-06,0.0,5.00000000069889e-06,0.0,True
mp-2304404,T1,none,0.001,q_cut=0.3;alpha_rel=1e-05,U,1,45.69235746237855,,7.000000000090267e-06,0.0,7.000000000090267e-06,0.0,True
mp-2304404,T1,none,0.0001,q_cut=0.3;alpha_rel=1e-05,U,1,45.69235746237855,,7.000000000090267e-06,0.0,7.000000000090267e-06,0.0,True
mp-2304404,T1,none,1e-05,q_cut=0.3;alpha_rel=1e-05,U,1,45.69235746237855,,7.000000000090267e-06,0.0,7.000000000090267e-06,0.0,True
mp-2304404,T1,uniform,0.001,q_cut=0.3;alpha_rel=1e-05,uniform,1,45.63940855961759,,0.0,0.0,7.000000000090267e-06,0.0,True
mp-2304404,T1,uniform,0.0001,q_cut=0.3;alpha_rel=1e-05,uniform,1,45.63940855961759,,0.0,0.0,7.000000000090267e-06,0.0,True
mp-2304404,T1,uniform,1e-05,q_cut=0.3;alpha_rel=1e-05,uniform,1,45.63940855961759,,0.0,0.0,7.000000000090267e-06,0.0,True
mp-2304404,T1,hap:0.0001,0.001,q_cut=0.3;alpha_rel=1e-05,hap:0.0001,1,45.63534064954599,,0.0,0.0,7.000000000090267e-06,0.0,True
mp-2304404,T1,hap:0.0001,0.0001,q_cut=0.3;alpha_rel=1e-05,hap:0.0001,1,45.63534064954599,,0.0,0.0,7.000000000090267e-06,0.0,True
mp-2304404,T1,hap:0.0001,1e-05,q_cut=0.3;alpha_rel=1e-05,hap:0.0001,1,45.63534064954599,,0.0,0.0,7.000000000090267e-06,0.0,True
mp-2304404,T1,hap:0.01,0.001,q_cut=0.3;alpha_rel=1e-05,hap:0.01,1,45.63534064954599,,0.0,0.0,7.000000000090267e-06,0.0,True
mp-2304404,T1,hap:0.01,0.0001,q_cut=0.3;alpha_rel=1e-05,hap:0.01,1,45.63534064954599,,0.0,0.0,7.000000000090267e-06,0.0,True
mp-2304404,T1,hap:0.01,1e-05,q_cut=0.3;alpha_rel=1e-05,hap:0.01,1,45.63534064954599,,0.0,0.0,7.000000000090267e-06,0.0,True
mp-2304404,T1,hap:1,0.001,q_cut=0.3;alpha_rel=1e-05,hap:1,1,45.63534064954599,,0.0,0.0,7.000000000090267e-06,0.0,True
mp-2304404,T1,hap:1,0.0001,q_cut=0.3;alpha_rel=1e-05,hap:1,1,45.63534064954599,,0.0,0.0,7.000000000090267e-06,0.0,True
mp-2304404,T1,hap:1,1e-05,q_cut=0.3;alpha_rel=1e-05,hap:1,1,45.63534064954599,,0.0,0.0,7.000000000090267e-06,0.0,True
mp-2304404,T1,ctp-uniform,0.001,q_cut=0.3;alpha_rel=1e-05,U,1,45.691847753335416,unprojected,7.000000000090267e-06,0.0,7.000000000090267e-06,0.0,True
mp-2304404,T1,ctp-uniform,0.0001,q_cut=0.3;alpha_rel=1e-05,U,1,45.691847753335416,unprojected,7.000000000090267e-06,0.0,7.000000000090267e-06,0.0,True
mp-2304404,T1,ctp-uniform,1e-05,q_cut=0.3;alpha_rel=1e-05,U,1,45.691847753335416,unprojected,7.000000000090267e-06,0.0,7.000000000090267e-06,0.0,True
mp-2304404,T1,ctp-hap:0.0001,0.001,q_cut=0.3;alpha_rel=1e-05,U,1,45.691847753335416,unprojected,7.000000000090267e-06,0.0,7.000000000090267e-06,0.0,True
mp-2304404,T1,ctp-hap:0.0001,0.0001,q_cut=0.3;alpha_rel=1e-05,U,1,45.691847753335416,unprojected,7.000000000090267e-06,0.0,7.000000000090267e-06,0.0,True
mp-2304404,T1,ctp-hap:0.0001,1e-05,q_cut=0.3;alpha_rel=1e-05,U,1,45.691847753335416,unprojected,7.000000000090267e-06,0.0,7.000000000090267e-06,0.0,True
mp-2304404,T1,ctp-hap:0.01,0.001,q_cut=0.3;alpha_rel=1e-05,U,1,45.691847753335416,unprojected,7.000000000090267e-06,0.0,7.000000000090267e-06,0.0,True
mp-2304404,T1,ctp-hap:0.01,0.0001,q_cut=0.3;alpha_rel=1e-05,U,1,45.691847753335416,unprojected,7.000000000090267e-06,0.0,7.000000000090267e-06,0.0,True
mp-2304404,T1,ctp-hap:0.01,1e-05,q_cut=0.3;alpha_rel=1e-05,U,1,45.691847753335416,unprojected,7.000000000090267e-06,0.0,7.000000000090267e-06,0.0,True
mp-2304404,T1,ctp-hap:1,0.001,q_cut=0.3;alpha_rel=1e-05,U,1,45.691847753335416,unprojected,7.000000000090267e-06,0.0,7.000000000090267e-06,0.0,True
mp-2304404,T1,ctp-hap:1,0.0001,q_cut=0.3;alpha_rel=1e-05,U,1,45.691847753335416,unprojected,7.000000000090267e-06,0.0,7.000000000090267e-06,0.0,True
mp-2304404,T1,ctp-hap:1,1e-05,q_cut=0.3;alpha_rel=1e-05,U,1,45.691847753335416,unprojected,7.000000000090267e-06,0.0,7.000000000090267e-06,0.0,True
mp-2304404,R3,none,0.001,tau=1e-06;k=0;margin=0.995,U,1,98.72972256369464,,8.000000000230045e-06,0.0,8.000000000230045e-06,0.0,True
mp-2304404,R3,none,0.0001,tau=1e-06;k=0;margin=0.995,U,1,98.72972256369464,,8.000000000230045e-06,0.0,8.000000000230045e-06,0.0,True
mp-2304404,R3,none,1e-05,tau=1e-06;k=0;margin=0.995,U,1,98.72972256369464,,8.000000000230045e-06,0.0,8.000000000230045e-06,0.0,True
mp-2304404,R3,hap:0.0001,0.001,tau=1e-06;k=0;margin=0.995,hap:0.0001,1,98.46390538234093,,0.0,0.0,8.000000000230045e-06,0.0,True
mp-2304404,R3,hap:0.0001,0.0001,tau=1e-06;k=0;margin=0.995,hap:0.0001,1,98.46390538234093,,0.0,0.0,8.000000000230045e-06,0.0,True
mp-2304404,R3,hap:0.0001,1e-05,tau=1e-06;k=0;margin=0.995,hap:0.0001,1,98.46390538234093,,0.0,0.0,8.000000000230045e-06,0.0,True
mp-2304404,R3,hap:0.01,0.001,tau=1e-06;k=0;margin=0.995,hap:0.01,1,98.46390538234093,,0.0,0.0,8.000000000230045e-06,0.0,True
mp-2304404,R3,hap:0.01,0.0001,tau=1e-06;k=0;margin=0.995,hap:0.01,1,98.46390538234093,,0.0,0.0,8.000000000230045e-06,0.0,True
mp-2304404,R3,hap:0.01,1e-05,tau=1e-06;k=0;margin=0.995,hap:0.01,1,98.46390538234093,,0.0,0.0,8.000000000230045e-06,0.0,True
mp-2304404,R3,hap:1,0.001,tau=1e-06;k=3;margin=0.980149501,hap:1,1,97.66798607468168,,0.0,0.0,7.000000000090267e-06,0.0,True
mp-2304404,R3,hap:1,0.0001,tau=1e-06;k=3;margin=0.980149501,hap:1,1,97.66798607468168,,0.0,0.0,7.000000000090267e-06,0.0,True
mp-2304404,R3,hap:1,1e-05,tau=1e-06;k=3;margin=0.980149501,hap:1,1,97.66798607468168,,0.0,0.0,7.000000000090267e-06,0.0,True
mp-2304404,R3,ctp-uniform,0.001,tau=1e-06;k=0;margin=0.995,U,1,98.72734284612416,unprojected,8.000000000230045e-06,0.0,8.000000000230045e-06,0.0,True
mp-2304404,R3,ctp-uniform,0.0001,tau=1e-06;k=0;margin=0.995,U,1,98.72734284612416,unprojected,8.000000000230045e-06,0.0,8.000000000230045e-06,0.0,True
mp-2304404,R3,ctp-uniform,1e-05,tau=1e-06;k=0;margin=0.995,U,1,98.72734284612416,unprojected,8.000000000230045e-06,0.0,8.000000000230045e-06,0.0,True
mp-2304404,R3,ctp-hap:0.0001,0.001,tau=1e-06;k=0;margin=0.995,U,1,98.72734284612416,unprojected,8.000000000230045e-06,0.0,8.000000000230045e-06,0.0,True
mp-2304404,R3,ctp-hap:0.0001,0.0001,tau=1e-06;k=0;margin=0.995,U,1,98.72734284612416,unprojected,8.000000000230045e-06,0.0,8.000000000230045e-06,0.0,True
mp-2304404,R3,ctp-hap:0.0001,1e-05,tau=1e-06;k=0;margin=0.995,U,1,98.72734284612416,unprojected,8.000000000230045e-06,0.0,8.000000000230045e-06,0.0,True
mp-2304404,R3,ctp-hap:0.01,0.001,tau=1e-06;k=0;margin=0.995,U,1,98.72734284612416,unprojected,8.000000000230045e-06,0.0,8.000000000230045e-06,0.0,True
mp-2304404,R3,ctp-hap:0.01,0.0001,tau=1e-06;k=0;margin=0.995,U,1,98.72734284612416,unprojected,8.000000000230045e-06,0.0,8.000000000230045e-06,0.0,True
mp-2304404,R3,ctp-hap:0.01,1e-05,tau=1e-06;k=0;margin=0.995,U,1,98.72734284612416,unprojected,8.000000000230045e-06,0.0,8.000000000230045e-06,0.0,True
mp-2304404,R3,ctp-hap:1,0.001,tau=1e-06;k=0;margin=0.995,U,1,98.72734284612416,unprojected,8.000000000230045e-06,0.0,8.000000000230045e-06,0.0,True
mp-2304404,R3,ctp-hap:1,0.0001,tau=1e-06;k=0;margin=0.995,U,1,98.72734284612416,unprojected,8.000000000230045e-06,0.0,8.000000000230045e-06,0.0,True
mp-2304404,R3,ctp-hap:1,1e-05,tau=1e-06;k=0;margin=0.995,U,1,98.72734284612416,unprojected,8.000000000230045e-06,0.0,8.000000000230045e-06,0.0,True
mp-2304404,GF,none,0.001,SPERR;tol_rel=4.64159e-06,U,1,20.492090333296645,,3.999999999670933e-06,0.0,3.999999999670933e-06,0.0,True
mp-2304404,GF,none,0.0001,SPERR;tol_rel=4.64159e-06,U,1,20.492090333296645,,3.999999999670933e-06,0.0,3.999999999670933e-06,0.0,True
mp-2304404,GF,none,1e-05,SPERR;tol_rel=4.64159e-06,U,1,20.492090333296645,,3.999999999670933e-06,0.0,3.999999999670933e-06,0.0,True
mp-2304404,GF,uniform,0.001,SPERR;tol_rel=4.64159e-06,uniform,1,20.481433700359027,,0.0,0.0,3.999999999670933e-06,0.0,True
mp-2304404,GF,uniform,0.0001,SPERR;tol_rel=4.64159e-06,uniform,1,20.481433700359027,,0.0,0.0,3.999999999670933e-06,0.0,True
mp-2304404,GF,uniform,1e-05,SPERR;tol_rel=4.64159e-06,uniform,1,20.481433700359027,,0.0,0.0,3.999999999670933e-06,0.0,True
mp-2304404,GF,hap:0.0001,0.001,SPERR;tol_rel=4.64159e-06,hap:0.0001,1,20.480614418432552,,0.0,0.0,3.999999999670933e-06,0.0,True
mp-2304404,GF,hap:0.0001,0.0001,SPERR;tol_rel=4.64159e-06,hap:0.0001,1,20.480614418432552,,0.0,0.0,3.999999999670933e-06,0.0,True
mp-2304404,GF,hap:0.0001,1e-05,SPERR;tol_rel=4.64159e-06,hap:0.0001,1,20.480614418432552,,0.0,0.0,3.999999999670933e-06,0.0,True
mp-2304404,GF,hap:0.01,0.001,SPERR;tol_rel=4.64159e-06,hap:0.01,1,20.480614418432552,,0.0,0.0,3.999999999670933e-06,0.0,True
mp-2304404,GF,hap:0.01,0.0001,SPERR;tol_rel=4.64159e-06,hap:0.01,1,20.480614418432552,,0.0,0.0,3.999999999670933e-06,0.0,True
mp-2304404,GF,hap:0.01,1e-05,SPERR;tol_rel=4.64159e-06,hap:0.01,1,20.480614418432552,,0.0,0.0,3.999999999670933e-06,0.0,True
mp-2304404,GF,hap:1,0.001,SPERR;tol_rel=4.64159e-06,hap:1,1,20.480614418432552,,0.0,0.0,3.999999999670933e-06,0.0,True
mp-2304404,GF,hap:1,0.0001,SPERR;tol_rel=4.64159e-06,hap:1,1,20.480614418432552,,0.0,0.0,3.999999999670933e-06,0.0,True
mp-2304404,GF,hap:1,1e-05,SPERR;tol_rel=4.64159e-06,hap:1,1,20.480614418432552,,0.0,0.0,3.999999999670933e-06,0.0,True
mp-2304404,GF,ctp-uniform,0.001,SPERR;tol_rel=4.64159e-06,U,1,20.49198781287053,unprojected,3.999999999670933e-06,0.0,3.999999999670933e-06,0.0,True
mp-2304404,GF,ctp-uniform,0.0001,SPERR;tol_rel=4.64159e-06,U,1,20.49198781287053,unprojected,3.999999999670933e-06,0.0,3.999999999670933e-06,0.0,True
mp-2304404,GF,ctp-uniform,1e-05,SPERR;tol_rel=4.64159e-06,U,1,20.49198781287053,unprojected,3.999999999670933e-06,0.0,3.999999999670933e-06,0.0,True
mp-2304404,GF,ctp-hap:0.0001,0.001,SPERR;tol_rel=4.64159e-06,U,1,20.49198781287053,unprojected,3.999999999670933e-06,0.0,3.999999999670933e-06,0.0,True
mp-2304404,GF,ctp-hap:0.0001,0.0001,SPERR;tol_rel=4.64159e-06,U,1,20.49198781287053,unprojected,3.999999999670933e-06,0.0,3.999999999670933e-06,0.0,True
mp-2304404,GF,ctp-hap:0.0001,1e-05,SPERR;tol_rel=4.64159e-06,U,1,20.49198781287053,unprojected,3.999999999670933e-06,0.0,3.999999999670933e-06,0.0,True
mp-2304404,GF,ctp-hap:0.01,0.001,SPERR;tol_rel=4.64159e-06,U,1,20.49198781287053,unprojected,3.999999999670933e-06,0.0,3.999999999670933e-06,0.0,True
mp-2304404,GF,ctp-hap:0.01,0.0001,SPERR;tol_rel=4.64159e-06,U,1,20.49198781287053,unprojected,3.999999999670933e-06,0.0,3.999999999670933e-06,0.0,True
mp-2304404,GF,ctp-hap:0.01,1e-05,SPERR;tol_rel=4.64159e-06,U,1,20.49198781287053,unprojected,3.999999999670933e-06,0.0,3.999999999670933e-06,0.0,True
mp-2304404,GF,ctp-hap:1,0.001,SPERR;tol_rel=4.64159e-06,U,1,20.49198781287053,unprojected,3.999999999670933e-06,0.0,3.999999999670933e-06,0.0,True
mp-2304404,GF,ctp-hap:1,0.0001,SPERR;tol_rel=4.64159e-06,U,1,20.49198781287053,unprojected,3.999999999670933e-06,0.0,3.999999999670933e-06,0.0,True
mp-2304404,GF,ctp-hap:1,1e-05,SPERR;tol_rel=4.64159e-06,U,1,20.49198781287053,unprojected,3.999999999670933e-06,0.0,3.999999999670933e-06,0.0,True
mp-2711273,J,none,0.001,alpha_rel=0.001,U,1,168.1914616642745,,6.000000000394579e-06,0.0,6.000000000394579e-06,0.0,True
mp-2711273,J,none,0.0001,alpha_rel=0.001,U,1,168.1914616642745,,6.000000000394579e-06,0.0,6.000000000394579e-06,0.0,True
mp-2711273,J,none,1e-05,alpha_rel=0.001,U,1,168.1914616642745,,6.000000000394579e-06,0.0,6.000000000394579e-06,0.0,True
mp-2711273,J,uniform,0.001,alpha_rel=0.001,uniform,1,167.56502943034818,,0.0,0.0,6.000000000394579e-06,0.0,True
mp-2711273,J,uniform,0.0001,alpha_rel=0.001,uniform,1,167.56502943034818,,0.0,0.0,6.000000000394579e-06,0.0,True
mp-2711273,J,uniform,1e-05,alpha_rel=0.001,uniform,1,167.56502943034818,,0.0,0.0,6.000000000394579e-06,0.0,True
mp-2711273,J,hap:0.0001,0.001,alpha_rel=0.001,hap:0.0001,1,167.54274314214464,,0.0,0.0,6.000000000394579e-06,0.0,True
mp-2711273,J,hap:0.0001,0.0001,alpha_rel=0.001,hap:0.0001,1,167.54274314214464,,0.0,0.0,6.000000000394579e-06,0.0,True
mp-2711273,J,hap:0.0001,1e-05,alpha_rel=0.001,hap:0.0001,1,167.54274314214464,,0.0,0.0,6.000000000394579e-06,0.0,True
mp-2711273,J,hap:0.01,0.001,alpha_rel=0.001,hap:0.01,1,167.54274314214464,,0.0,0.0,6.000000000394579e-06,0.0,True
mp-2711273,J,hap:0.01,0.0001,alpha_rel=0.001,hap:0.01,1,167.54274314214464,,0.0,0.0,6.000000000394579e-06,0.0,True
mp-2711273,J,hap:0.01,1e-05,alpha_rel=0.001,hap:0.01,1,167.54274314214464,,0.0,0.0,6.000000000394579e-06,0.0,True
mp-2711273,J,hap:1,0.001,alpha_rel=0.001,hap:1,1,167.54274314214464,,0.0,0.0,6.000000000394579e-06,0.0,True
mp-2711273,J,hap:1,0.0001,alpha_rel=0.001,hap:1,1,167.54274314214464,,0.0,0.0,6.000000000394579e-06,0.0,True
mp-2711273,J,hap:1,1e-05,alpha_rel=0.001,hap:1,1,167.54274314214464,,0.0,0.0,6.000000000394579e-06,0.0,True
mp-2711273,J,ctp-uniform,0.001,alpha_rel=0.001,U,1,168.18865468382316,unprojected,6.000000000394579e-06,0.0,6.000000000394579e-06,0.0,True
mp-2711273,J,ctp-uniform,0.0001,alpha_rel=0.001,U,1,168.18865468382316,unprojected,6.000000000394579e-06,0.0,6.000000000394579e-06,0.0,True
mp-2711273,J,ctp-uniform,1e-05,alpha_rel=0.001,U,1,168.18865468382316,unprojected,6.000000000394579e-06,0.0,6.000000000394579e-06,0.0,True
mp-2711273,J,ctp-hap:0.0001,0.001,alpha_rel=0.001,U,1,168.18865468382316,unprojected,6.000000000394579e-06,0.0,6.000000000394579e-06,0.0,True
mp-2711273,J,ctp-hap:0.0001,0.0001,alpha_rel=0.001,U,1,168.18865468382316,unprojected,6.000000000394579e-06,0.0,6.000000000394579e-06,0.0,True
mp-2711273,J,ctp-hap:0.0001,1e-05,alpha_rel=0.001,U,1,168.18865468382316,unprojected,6.000000000394579e-06,0.0,6.000000000394579e-06,0.0,True
mp-2711273,J,ctp-hap:0.01,0.001,alpha_rel=0.001,U,1,168.18865468382316,unprojected,6.000000000394579e-06,0.0,6.000000000394579e-06,0.0,True
mp-2711273,J,ctp-hap:0.01,0.0001,alpha_rel=0.001,U,1,168.18865468382316,unprojected,6.000000000394579e-06,0.0,6.000000000394579e-06,0.0,True
mp-2711273,J,ctp-hap:0.01,1e-05,alpha_rel=0.001,U,1,168.18865468382316,unprojected,6.000000000394579e-06,0.0,6.000000000394579e-06,0.0,True
mp-2711273,J,ctp-hap:1,0.001,alpha_rel=0.001,U,1,168.18865468382316,unprojected,6.000000000394579e-06,0.0,6.000000000394579e-06,0.0,True
mp-2711273,J,ctp-hap:1,0.0001,alpha_rel=0.001,U,1,168.18865468382316,unprojected,6.000000000394579e-06,0.0,6.000000000394579e-06,0.0,True
mp-2711273,J,ctp-hap:1,1e-05,alpha_rel=0.001,U,1,168.18865468382316,unprojected,6.000000000394579e-06,0.0,6.000000000394579e-06,0.0,True
mp-2711273,T1,none,0.001,q_cut=0.3;alpha_rel=4.64159e-06,U,1,78.57423766344137,,6.000000002615025e-06,0.0,6.000000002615025e-06,0.0,True
mp-2711273,T1,none,0.0001,q_cut=0.3;alpha_rel=4.64159e-06,U,1,78.57423766344137,,6.000000002615025e-06,0.0,6.000000002615025e-06,0.0,True
mp-2711273,T1,none,1e-05,q_cut=0.3;alpha_rel=4.64159e-06,U,1,78.57423766344137,,6.000000002615025e-06,0.0,6.000000002615025e-06,0.0,True
mp-2711273,T1,uniform,0.001,q_cut=0.3;alpha_rel=4.64159e-06,uniform,1,78.4372475307633,,0.0,0.0,6.000000002615025e-06,0.0,True
mp-2711273,T1,uniform,0.0001,q_cut=0.3;alpha_rel=4.64159e-06,uniform,1,78.4372475307633,,0.0,0.0,6.000000002615025e-06,0.0,True
mp-2711273,T1,uniform,1e-05,q_cut=0.3;alpha_rel=4.64159e-06,uniform,1,78.4372475307633,,0.0,0.0,6.000000002615025e-06,0.0,True
mp-2711273,T1,hap:0.0001,0.001,q_cut=0.3;alpha_rel=4.64159e-06,hap:0.0001,1,78.43236385994132,,0.0,0.0,6.000000002615025e-06,0.0,True
mp-2711273,T1,hap:0.0001,0.0001,q_cut=0.3;alpha_rel=4.64159e-06,hap:0.0001,1,78.43236385994132,,0.0,0.0,6.000000002615025e-06,0.0,True
mp-2711273,T1,hap:0.0001,1e-05,q_cut=0.3;alpha_rel=4.64159e-06,hap:0.0001,1,78.43236385994132,,0.0,0.0,6.000000002615025e-06,0.0,True
mp-2711273,T1,hap:0.01,0.001,q_cut=0.3;alpha_rel=4.64159e-06,hap:0.01,1,78.43236385994132,,0.0,0.0,6.000000002615025e-06,0.0,True
mp-2711273,T1,hap:0.01,0.0001,q_cut=0.3;alpha_rel=4.64159e-06,hap:0.01,1,78.43236385994132,,0.0,0.0,6.000000002615025e-06,0.0,True
mp-2711273,T1,hap:0.01,1e-05,q_cut=0.3;alpha_rel=4.64159e-06,hap:0.01,1,78.43236385994132,,0.0,0.0,6.000000002615025e-06,0.0,True
mp-2711273,T1,hap:1,0.001,q_cut=0.3;alpha_rel=4.64159e-06,hap:1,1,78.43236385994132,,0.0,0.0,6.000000002615025e-06,0.0,True
mp-2711273,T1,hap:1,0.0001,q_cut=0.3;alpha_rel=4.64159e-06,hap:1,1,78.43236385994132,,0.0,0.0,6.000000002615025e-06,0.0,True
mp-2711273,T1,hap:1,1e-05,q_cut=0.3;alpha_rel=4.64159e-06,hap:1,1,78.43236385994132,,0.0,0.0,6.000000002615025e-06,0.0,True
mp-2711273,T1,ctp-uniform,0.001,q_cut=0.3;alpha_rel=4.64159e-06,U,1,78.57362503703473,unprojected,6.000000002615025e-06,0.0,6.000000002615025e-06,0.0,True
mp-2711273,T1,ctp-uniform,0.0001,q_cut=0.3;alpha_rel=4.64159e-06,U,1,78.57362503703473,unprojected,6.000000002615025e-06,0.0,6.000000002615025e-06,0.0,True
mp-2711273,T1,ctp-uniform,1e-05,q_cut=0.3;alpha_rel=4.64159e-06,U,1,78.57362503703473,unprojected,6.000000002615025e-06,0.0,6.000000002615025e-06,0.0,True
mp-2711273,T1,ctp-hap:0.0001,0.001,q_cut=0.3;alpha_rel=4.64159e-06,U,1,78.57362503703473,unprojected,6.000000002615025e-06,0.0,6.000000002615025e-06,0.0,True
mp-2711273,T1,ctp-hap:0.0001,0.0001,q_cut=0.3;alpha_rel=4.64159e-06,U,1,78.57362503703473,unprojected,6.000000002615025e-06,0.0,6.000000002615025e-06,0.0,True
mp-2711273,T1,ctp-hap:0.0001,1e-05,q_cut=0.3;alpha_rel=4.64159e-06,U,1,78.57362503703473,unprojected,6.000000002615025e-06,0.0,6.000000002615025e-06,0.0,True
mp-2711273,T1,ctp-hap:0.01,0.001,q_cut=0.3;alpha_rel=4.64159e-06,U,1,78.57362503703473,unprojected,6.000000002615025e-06,0.0,6.000000002615025e-06,0.0,True
mp-2711273,T1,ctp-hap:0.01,0.0001,q_cut=0.3;alpha_rel=4.64159e-06,U,1,78.57362503703473,unprojected,6.000000002615025e-06,0.0,6.000000002615025e-06,0.0,True
mp-2711273,T1,ctp-hap:0.01,1e-05,q_cut=0.3;alpha_rel=4.64159e-06,U,1,78.57362503703473,unprojected,6.000000002615025e-06,0.0,6.000000002615025e-06,0.0,True
mp-2711273,T1,ctp-hap:1,0.001,q_cut=0.3;alpha_rel=4.64159e-06,U,1,78.57362503703473,unprojected,6.000000002615025e-06,0.0,6.000000002615025e-06,0.0,True
mp-2711273,T1,ctp-hap:1,0.0001,q_cut=0.3;alpha_rel=4.64159e-06,U,1,78.57362503703473,unprojected,6.000000002615025e-06,0.0,6.000000002615025e-06,0.0,True
mp-2711273,T1,ctp-hap:1,1e-05,q_cut=0.3;alpha_rel=4.64159e-06,U,1,78.57362503703473,unprojected,6.000000002615025e-06,0.0,6.000000002615025e-06,0.0,True
mp-2711273,R3,none,0.001,tau=1e-06;k=0;margin=0.995,U,1,232.41918819188191,,1.2000000000345068e-05,0.0,1.2000000000345068e-05,0.0,True
mp-2711273,R3,none,0.0001,tau=1e-06;k=0;margin=0.995,U,1,232.41918819188191,,1.2000000000345068e-05,0.0,1.2000000000345068e-05,0.0,True
mp-2711273,R3,none,1e-05,tau=1e-06;k=0;margin=0.995,U,1,232.41918819188191,,1.2000000000345068e-05,0.0,1.2000000000345068e-05,0.0,False
mp-2711273,R3,none,1e-05,tau=1e-06;k=1;margin=0.990025,U,2,231.85772460600484,,1.199999999990098e-05,0.0,1.199999999990098e-05,0.0,False
mp-2711273,R3,none,1e-05,tau=1e-06;k=2;margin=0.985074875,U,3,231.20875490398512,,1.5000000001208493e-05,0.0,1.5000000001208493e-05,0.0,False
mp-2711273,R3,none,1e-05,tau=1e-06;k=3;margin=0.980149501,U,4,230.6795156453865,,1.3000000000040757e-05,0.0,1.3000000000040757e-05,0.0,False
mp-2711273,R3,none,1e-05,tau=1e-06;k=4;margin=0.975248753,U,5,229.94263809980148,,1.4000000000180536e-05,0.0,1.4000000000180536e-05,0.0,False
mp-2711273,R3,hap:0.0001,0.001,tau=1e-06;k=0;margin=0.995,hap:0.0001,1,231.18223527252707,,0.0,0.0,1.2000000000345068e-05,0.0,True
mp-2711273,R3,hap:0.0001,0.0001,tau=1e-06;k=0;margin=0.995,hap:0.0001,1,231.18223527252707,,0.0,0.0,1.2000000000345068e-05,0.0,True
mp-2711273,R3,hap:0.0001,1e-05,tau=1e-06;k=0;margin=0.995,hap:0.0001,1,231.18223527252707,,0.0,0.0,1.2000000000345068e-05,0.0,True
mp-2711273,R3,hap:0.01,0.001,tau=1e-06;k=0;margin=0.995,hap:0.01,1,231.18223527252707,,0.0,0.0,1.2000000000345068e-05,0.0,True
mp-2711273,R3,hap:0.01,0.0001,tau=1e-06;k=0;margin=0.995,hap:0.01,1,231.18223527252707,,0.0,0.0,1.2000000000345068e-05,0.0,True
mp-2711273,R3,hap:0.01,1e-05,tau=1e-06;k=0;margin=0.995,hap:0.01,1,231.18223527252707,,0.0,0.0,1.2000000000345068e-05,0.0,True
mp-2711273,R3,ctp-uniform,0.001,tau=1e-06;k=0;margin=0.995,U,1,232.41382809437053,unprojected,1.2000000000345068e-05,0.0,1.2000000000345068e-05,0.0,True
mp-2711273,R3,ctp-uniform,0.0001,tau=1e-06;k=0;margin=0.995,U,1,232.41382809437053,unprojected,1.2000000000345068e-05,0.0,1.2000000000345068e-05,0.0,True
mp-2711273,R3,ctp-uniform,1e-05,tau=1e-06;k=0;margin=0.995,U,1,232.41382809437053,projected,1.2000000000345068e-05,0.0,1.2000000000345068e-05,0.0,False
mp-2711273,R3,ctp-uniform,1e-05,tau=1e-06;k=1;margin=0.990025,U,2,231.8523903740855,projected,1.199999999990098e-05,0.0,1.199999999990098e-05,0.0,False
mp-2711273,R3,ctp-uniform,1e-05,tau=1e-06;k=2;margin=0.985074875,U,3,231.2034504909608,projected,1.5000000001208493e-05,0.0,1.5000000001208493e-05,0.0,False
mp-2711273,R3,ctp-uniform,1e-05,tau=1e-06;k=3;margin=0.980149501,U,4,230.67423548800585,projected,1.3000000000040757e-05,0.0,1.3000000000040757e-05,0.0,False
mp-2711273,R3,ctp-uniform,1e-05,tau=1e-06;k=4;margin=0.975248753,U,5,229.9373916217943,projected,1.4000000000180536e-05,0.0,1.4000000000180536e-05,0.0,False
mp-2711273,R3,ctp-hap:0.0001,0.001,tau=1e-06;k=0;margin=0.995,U,1,232.41382809437053,unprojected,1.2000000000345068e-05,0.0,1.2000000000345068e-05,0.0,True
mp-2711273,R3,ctp-hap:0.0001,0.0001,tau=1e-06;k=0;margin=0.995,U,1,232.41382809437053,unprojected,1.2000000000345068e-05,0.0,1.2000000000345068e-05,0.0,True
mp-2711273,R3,ctp-hap:0.0001,1e-05,tau=1e-06;k=0;margin=0.995,U,1,232.41382809437053,projected,1.2000000000345068e-05,0.0,1.2000000000345068e-05,0.0,False
mp-2711273,R3,ctp-hap:0.0001,1e-05,tau=1e-06;k=1;margin=0.990025,U,2,231.8523903740855,projected,1.199999999990098e-05,0.0,1.199999999990098e-05,0.0,False
mp-2711273,R3,ctp-hap:0.0001,1e-05,tau=1e-06;k=2;margin=0.985074875,U,3,231.2034504909608,projected,1.5000000001208493e-05,0.0,1.5000000001208493e-05,0.0,False
mp-2711273,R3,ctp-hap:0.0001,1e-05,tau=1e-06;k=0;margin=0.995,hap:0.0001,4,231.1769320762508,projected,0.0,0.0,1.2000000000345068e-05,0.0,True
mp-2711273,R3,ctp-hap:0.01,0.001,tau=1e-06;k=0;margin=0.995,U,1,232.41382809437053,unprojected,1.2000000000345068e-05,0.0,1.2000000000345068e-05,0.0,True
mp-2711273,R3,ctp-hap:0.01,0.0001,tau=1e-06;k=0;margin=0.995,U,1,232.41382809437053,unprojected,1.2000000000345068e-05,0.0,1.2000000000345068e-05,0.0,True
mp-2711273,R3,ctp-hap:0.01,1e-05,tau=1e-06;k=0;margin=0.995,U,1,232.41382809437053,projected,1.2000000000345068e-05,0.0,1.2000000000345068e-05,0.0,False
mp-2711273,R3,ctp-hap:0.01,1e-05,tau=1e-06;k=1;margin=0.990025,U,2,231.8523903740855,projected,1.199999999990098e-05,0.0,1.199999999990098e-05,0.0,False
mp-2711273,R3,ctp-hap:0.01,1e-05,tau=1e-06;k=2;margin=0.985074875,U,3,231.2034504909608,projected,1.5000000001208493e-05,0.0,1.5000000001208493e-05,0.0,False
mp-2711273,R3,ctp-hap:0.01,1e-05,tau=1e-06;k=0;margin=0.995,hap:0.01,4,231.1769320762508,projected,0.0,0.0,1.2000000000345068e-05,0.0,True
mp-2711273,R3,ctp-hap:1,0.001,tau=1e-06;k=0;margin=0.995,U,1,232.41382809437053,unprojected,1.2000000000345068e-05,0.0,1.2000000000345068e-05,0.0,True
mp-2711273,R3,ctp-hap:1,0.0001,tau=1e-06;k=0;margin=0.995,U,1,232.41382809437053,unprojected,1.2000000000345068e-05,0.0,1.2000000000345068e-05,0.0,True
mp-2711273,R3,ctp-hap:1,1e-05,tau=1e-06;k=0;margin=0.995,U,1,232.41382809437053,projected,1.2000000000345068e-05,0.0,1.2000000000345068e-05,0.0,False
mp-2711273,R3,ctp-hap:1,1e-05,tau=1e-06;k=1;margin=0.990025,U,2,231.8523903740855,projected,1.199999999990098e-05,0.0,1.199999999990098e-05,0.0,False
mp-2711273,R3,ctp-hap:1,1e-05,tau=1e-06;k=2;margin=0.985074875,U,3,231.2034504909608,projected,1.5000000001208493e-05,0.0,1.5000000001208493e-05,0.0,False
mp-2711273,R3,ctp-hap:1,1e-05,tau=1e-06;k=3;margin=0.980149501,U,4,230.67423548800585,projected,1.3000000000040757e-05,0.0,1.3000000000040757e-05,0.0,False
mp-2711273,R3,ctp-hap:1,1e-05,tau=1e-06;k=4;margin=0.975248753,U,5,229.9373916217943,projected,1.4000000000180536e-05,0.0,1.4000000000180536e-05,0.0,False
mp-2711273,GF,none,0.001,SPERR;tol_rel=4.64159e-06,U,1,28.79407529314956,,9.00000000214618e-06,0.0,9.00000000214618e-06,0.0,True
mp-2711273,GF,none,0.0001,SPERR;tol_rel=4.64159e-06,U,1,28.79407529314956,,9.00000000214618e-06,0.0,9.00000000214618e-06,0.0,True
mp-2711273,GF,none,1e-05,SPERR;tol_rel=4.64159e-06,U,1,28.79407529314956,,9.00000000214618e-06,0.0,9.00000000214618e-06,0.0,True
mp-2711273,GF,uniform,0.001,SPERR;tol_rel=4.64159e-06,uniform,1,28.775658450784658,,0.0,0.0,9.00000000214618e-06,0.0,True
mp-2711273,GF,uniform,0.0001,SPERR;tol_rel=4.64159e-06,uniform,1,28.775658450784658,,0.0,0.0,9.00000000214618e-06,0.0,True
mp-2711273,GF,uniform,1e-05,SPERR;tol_rel=4.64159e-06,uniform,1,28.775658450784658,,0.0,0.0,9.00000000214618e-06,0.0,True
mp-2711273,GF,hap:0.0001,0.001,SPERR;tol_rel=4.64159e-06,hap:0.0001,1,28.775001142126182,,0.0,0.0,9.00000000214618e-06,0.0,True
mp-2711273,GF,hap:0.0001,0.0001,SPERR;tol_rel=4.64159e-06,hap:0.0001,1,28.775001142126182,,0.0,0.0,9.00000000214618e-06,0.0,True
mp-2711273,GF,hap:0.0001,1e-05,SPERR;tol_rel=4.64159e-06,hap:0.0001,1,28.775001142126182,,0.0,0.0,9.00000000214618e-06,0.0,True
mp-2711273,GF,hap:0.01,0.001,SPERR;tol_rel=4.64159e-06,hap:0.01,1,28.775001142126182,,0.0,0.0,9.00000000214618e-06,0.0,True
mp-2711273,GF,hap:0.01,0.0001,SPERR;tol_rel=4.64159e-06,hap:0.01,1,28.775001142126182,,0.0,0.0,9.00000000214618e-06,0.0,True
mp-2711273,GF,hap:0.01,1e-05,SPERR;tol_rel=4.64159e-06,hap:0.01,1,28.775001142126182,,0.0,0.0,9.00000000214618e-06,0.0,True
mp-2711273,GF,hap:1,0.001,SPERR;tol_rel=4.64159e-06,hap:1,1,28.775001142126182,,0.0,0.0,9.00000000214618e-06,0.0,True
mp-2711273,GF,hap:1,0.0001,SPERR;tol_rel=4.64159e-06,hap:1,1,28.775001142126182,,0.0,0.0,9.00000000214618e-06,0.0,True
mp-2711273,GF,hap:1,1e-05,SPERR;tol_rel=4.64159e-06,hap:1,1,28.775001142126182,,0.0,0.0,9.00000000214618e-06,0.0,True
mp-2711273,GF,ctp-uniform,0.001,SPERR;tol_rel=4.64159e-06,U,1,28.7939930227176,unprojected,9.00000000214618e-06,0.0,9.00000000214618e-06,0.0,True
mp-2711273,GF,ctp-uniform,0.0001,SPERR;tol_rel=4.64159e-06,U,1,28.7939930227176,unprojected,9.00000000214618e-06,0.0,9.00000000214618e-06,0.0,True
mp-2711273,GF,ctp-uniform,1e-05,SPERR;tol_rel=4.64159e-06,U,1,28.7939930227176,unprojected,9.00000000214618e-06,0.0,9.00000000214618e-06,0.0,True
mp-2711273,GF,ctp-hap:0.0001,0.001,SPERR;tol_rel=4.64159e-06,U,1,28.7939930227176,unprojected,9.00000000214618e-06,0.0,9.00000000214618e-06,0.0,True
mp-2711273,GF,ctp-hap:0.0001,0.0001,SPERR;tol_rel=4.64159e-06,U,1,28.7939930227176,unprojected,9.00000000214618e-06,0.0,9.00000000214618e-06,0.0,True
mp-2711273,GF,ctp-hap:0.0001,1e-05,SPERR;tol_rel=4.64159e-06,U,1,28.7939930227176,unprojected,9.00000000214618e-06,0.0,9.00000000214618e-06,0.0,True
mp-2711273,GF,ctp-hap:0.01,0.001,SPERR;tol_rel=4.64159e-06,U,1,28.7939930227176,unprojected,9.00000000214618e-06,0.0,9.00000000214618e-06,0.0,True
mp-2711273,GF,ctp-hap:0.01,0.0001,SPERR;tol_rel=4.64159e-06,U,1,28.7939930227176,unprojected,9.00000000214618e-06,0.0,9.00000000214618e-06,0.0,True
mp-2711273,GF,ctp-hap:0.01,1e-05,SPERR;tol_rel=4.64159e-06,U,1,28.7939930227176,unprojected,9.00000000214618e-06,0.0,9.00000000214618e-06,0.0,True
mp-2711273,GF,ctp-hap:1,0.001,SPERR;tol_rel=4.64159e-06,U,1,28.7939930227176,unprojected,9.00000000214618e-06,0.0,9.00000000214618e-06,0.0,True
mp-2711273,GF,ctp-hap:1,0.0001,SPERR;tol_rel=4.64159e-06,U,1,28.7939930227176,unprojected,9.00000000214618e-06,0.0,9.00000000214618e-06,0.0,True
mp-2711273,GF,ctp-hap:1,1e-05,SPERR;tol_rel=4.64159e-06,U,1,28.7939930227176,unprojected,9.00000000214618e-06,0.0,9.00000000214618e-06,0.0,True
mp-2019859,J,none,0.001,alpha_rel=0.00215443,U,1,347.42358607736816,,9.000000000369823e-06,0.0,9.000000000369823e-06,0.0,True
mp-2019859,J,none,0.0001,alpha_rel=0.00215443,U,1,347.42358607736816,,9.000000000369823e-06,0.0,9.000000000369823e-06,0.0,True
mp-2019859,J,none,1e-05,alpha_rel=0.00215443,U,1,347.42358607736816,,9.000000000369823e-06,0.0,9.000000000369823e-06,0.0,True
mp-2019859,J,uniform,0.001,alpha_rel=0.00215443,uniform,1,346.4440707661635,,0.0,0.0,9.000000000369823e-06,0.0,True
mp-2019859,J,uniform,0.0001,alpha_rel=0.00215443,uniform,1,346.4440707661635,,0.0,0.0,9.000000000369823e-06,0.0,True
mp-2019859,J,uniform,1e-05,alpha_rel=0.00215443,uniform,1,346.4440707661635,,0.0,0.0,9.000000000369823e-06,0.0,True
mp-2019859,J,hap:0.0001,0.001,alpha_rel=0.00215443,hap:0.0001,1,346.41616576554804,,0.0,0.0,9.000000000369823e-06,0.0,True
mp-2019859,J,hap:0.0001,0.0001,alpha_rel=0.00215443,hap:0.0001,1,346.41616576554804,,0.0,0.0,9.000000000369823e-06,0.0,True
mp-2019859,J,hap:0.0001,1e-05,alpha_rel=0.00215443,hap:0.0001,1,346.41616576554804,,0.0,0.0,9.000000000369823e-06,0.0,True
mp-2019859,J,hap:0.01,0.001,alpha_rel=0.00215443,hap:0.01,1,346.41616576554804,,0.0,0.0,9.000000000369823e-06,0.0,True
mp-2019859,J,hap:0.01,0.0001,alpha_rel=0.00215443,hap:0.01,1,346.41616576554804,,0.0,0.0,9.000000000369823e-06,0.0,True
mp-2019859,J,hap:0.01,1e-05,alpha_rel=0.00215443,hap:0.01,1,346.41616576554804,,0.0,0.0,9.000000000369823e-06,0.0,True
mp-2019859,J,hap:1,0.001,alpha_rel=0.00215443,hap:1,1,346.41616576554804,,0.0,0.0,9.000000000369823e-06,0.0,True
mp-2019859,J,hap:1,0.0001,alpha_rel=0.00215443,hap:1,1,346.41616576554804,,0.0,0.0,9.000000000369823e-06,0.0,True
mp-2019859,J,hap:1,1e-05,alpha_rel=0.00215443,hap:1,1,346.41616576554804,,0.0,0.0,9.000000000369823e-06,0.0,True
mp-2019859,J,ctp-uniform,0.001,alpha_rel=0.00215443,U,1,347.42007795302624,unprojected,9.000000000369823e-06,0.0,9.000000000369823e-06,0.0,True
mp-2019859,J,ctp-uniform,0.0001,alpha_rel=0.00215443,U,1,347.42007795302624,unprojected,9.000000000369823e-06,0.0,9.000000000369823e-06,0.0,True
mp-2019859,J,ctp-uniform,1e-05,alpha_rel=0.00215443,U,1,347.42007795302624,unprojected,9.000000000369823e-06,0.0,9.000000000369823e-06,0.0,True
mp-2019859,J,ctp-hap:0.0001,0.001,alpha_rel=0.00215443,U,1,347.42007795302624,unprojected,9.000000000369823e-06,0.0,9.000000000369823e-06,0.0,True
mp-2019859,J,ctp-hap:0.0001,0.0001,alpha_rel=0.00215443,U,1,347.42007795302624,unprojected,9.000000000369823e-06,0.0,9.000000000369823e-06,0.0,True
mp-2019859,J,ctp-hap:0.0001,1e-05,alpha_rel=0.00215443,U,1,347.42007795302624,unprojected,9.000000000369823e-06,0.0,9.000000000369823e-06,0.0,True
mp-2019859,J,ctp-hap:0.01,0.001,alpha_rel=0.00215443,U,1,347.42007795302624,unprojected,9.000000000369823e-06,0.0,9.000000000369823e-06,0.0,True
mp-2019859,J,ctp-hap:0.01,0.0001,alpha_rel=0.00215443,U,1,347.42007795302624,unprojected,9.000000000369823e-06,0.0,9.000000000369823e-06,0.0,True
mp-2019859,J,ctp-hap:0.01,1e-05,alpha_rel=0.00215443,U,1,347.42007795302624,unprojected,9.000000000369823e-06,0.0,9.000000000369823e-06,0.0,True
mp-2019859,J,ctp-hap:1,0.001,alpha_rel=0.00215443,U,1,347.42007795302624,unprojected,9.000000000369823e-06,0.0,9.000000000369823e-06,0.0,True
mp-2019859,J,ctp-hap:1,0.0001,alpha_rel=0.00215443,U,1,347.42007795302624,unprojected,9.000000000369823e-06,0.0,9.000000000369823e-06,0.0,True
mp-2019859,J,ctp-hap:1,1e-05,alpha_rel=0.00215443,U,1,347.42007795302624,unprojected,9.000000000369823e-06,0.0,9.000000000369823e-06,0.0,True
mp-2019859,T1,none,0.001,q_cut=0.3;alpha_rel=2.15443e-05,U,1,256.0514389051372,,8.000000000230045e-06,0.0,8.000000000230045e-06,0.0,True
mp-2019859,T1,none,0.0001,q_cut=0.3;alpha_rel=2.15443e-05,U,1,256.0514389051372,,8.000000000230045e-06,0.0,8.000000000230045e-06,0.0,True
mp-2019859,T1,none,1e-05,q_cut=0.3;alpha_rel=2.15443e-05,U,1,256.0514389051372,,8.000000000230045e-06,0.0,8.000000000230045e-06,0.0,True
mp-2019859,T1,uniform,0.001,q_cut=0.3;alpha_rel=2.15443e-05,uniform,1,255.51900069066411,,0.0,0.0,8.000000000230045e-06,0.0,True
mp-2019859,T1,uniform,0.0001,q_cut=0.3;alpha_rel=2.15443e-05,uniform,1,255.51900069066411,,0.0,0.0,8.000000000230045e-06,0.0,True
mp-2019859,T1,uniform,1e-05,q_cut=0.3;alpha_rel=2.15443e-05,uniform,1,255.51900069066411,,0.0,0.0,8.000000000230045e-06,0.0,True
mp-2019859,T1,hap:0.0001,0.001,q_cut=0.3;alpha_rel=2.15443e-05,hap:0.0001,1,255.50382070532672,,0.0,0.0,8.000000000230045e-06,0.0,True
mp-2019859,T1,hap:0.0001,0.0001,q_cut=0.3;alpha_rel=2.15443e-05,hap:0.0001,1,255.50382070532672,,0.0,0.0,8.000000000230045e-06,0.0,True
mp-2019859,T1,hap:0.0001,1e-05,q_cut=0.3;alpha_rel=2.15443e-05,hap:0.0001,1,255.50382070532672,,0.0,0.0,8.000000000230045e-06,0.0,True
mp-2019859,T1,hap:0.01,0.001,q_cut=0.3;alpha_rel=2.15443e-05,hap:0.01,1,255.50382070532672,,0.0,0.0,8.000000000230045e-06,0.0,True
mp-2019859,T1,hap:0.01,0.0001,q_cut=0.3;alpha_rel=2.15443e-05,hap:0.01,1,255.50382070532672,,0.0,0.0,8.000000000230045e-06,0.0,True
mp-2019859,T1,hap:0.01,1e-05,q_cut=0.3;alpha_rel=2.15443e-05,hap:0.01,1,255.50382070532672,,0.0,0.0,8.000000000230045e-06,0.0,True
mp-2019859,T1,hap:1,0.001,q_cut=0.3;alpha_rel=2.15443e-05,hap:1,1,255.50382070532672,,0.0,0.0,8.000000000230045e-06,0.0,True
mp-2019859,T1,hap:1,0.0001,q_cut=0.3;alpha_rel=2.15443e-05,hap:1,1,255.50382070532672,,0.0,0.0,8.000000000230045e-06,0.0,True
mp-2019859,T1,hap:1,1e-05,q_cut=0.3;alpha_rel=2.15443e-05,hap:1,1,255.50382070532672,,0.0,0.0,8.000000000230045e-06,0.0,True
mp-2019859,T1,ctp-uniform,0.001,q_cut=0.3;alpha_rel=2.15443e-05,U,1,256.0495333918764,unprojected,8.000000000230045e-06,0.0,8.000000000230045e-06,0.0,True
mp-2019859,T1,ctp-uniform,0.0001,q_cut=0.3;alpha_rel=2.15443e-05,U,1,256.0495333918764,unprojected,8.000000000230045e-06,0.0,8.000000000230045e-06,0.0,True
mp-2019859,T1,ctp-uniform,1e-05,q_cut=0.3;alpha_rel=2.15443e-05,U,1,256.0495333918764,unprojected,8.000000000230045e-06,0.0,8.000000000230045e-06,0.0,True
mp-2019859,T1,ctp-hap:0.0001,0.001,q_cut=0.3;alpha_rel=2.15443e-05,U,1,256.0495333918764,unprojected,8.000000000230045e-06,0.0,8.000000000230045e-06,0.0,True
mp-2019859,T1,ctp-hap:0.0001,0.0001,q_cut=0.3;alpha_rel=2.15443e-05,U,1,256.0495333918764,unprojected,8.000000000230045e-06,0.0,8.000000000230045e-06,0.0,True
mp-2019859,T1,ctp-hap:0.0001,1e-05,q_cut=0.3;alpha_rel=2.15443e-05,U,1,256.0495333918764,unprojected,8.000000000230045e-06,0.0,8.000000000230045e-06,0.0,True
mp-2019859,T1,ctp-hap:0.01,0.001,q_cut=0.3;alpha_rel=2.15443e-05,U,1,256.0495333918764,unprojected,8.000000000230045e-06,0.0,8.000000000230045e-06,0.0,True
mp-2019859,T1,ctp-hap:0.01,0.0001,q_cut=0.3;alpha_rel=2.15443e-05,U,1,256.0495333918764,unprojected,8.000000000230045e-06,0.0,8.000000000230045e-06,0.0,True
mp-2019859,T1,ctp-hap:0.01,1e-05,q_cut=0.3;alpha_rel=2.15443e-05,U,1,256.0495333918764,unprojected,8.000000000230045e-06,0.0,8.000000000230045e-06,0.0,True
mp-2019859,T1,ctp-hap:1,0.001,q_cut=0.3;alpha_rel=2.15443e-05,U,1,256.0495333918764,unprojected,8.000000000230045e-06,0.0,8.000000000230045e-06,0.0,True
mp-2019859,T1,ctp-hap:1,0.0001,q_cut=0.3;alpha_rel=2.15443e-05,U,1,256.0495333918764,unprojected,8.000000000230045e-06,0.0,8.000000000230045e-06,0.0,True
mp-2019859,T1,ctp-hap:1,1e-05,q_cut=0.3;alpha_rel=2.15443e-05,U,1,256.0495333918764,unprojected,8.000000000230045e-06,0.0,8.000000000230045e-06,0.0,True
mp-2019859,R3,none,0.001,tau=1e-06;k=0;margin=0.995,U,1,460.5758804867274,,1.899999999999125e-05,0.0,1.899999999999125e-05,0.0,True
mp-2019859,R3,none,0.0001,tau=1e-06;k=0;margin=0.995,U,1,460.5758804867274,,1.899999999999125e-05,0.0,1.899999999999125e-05,0.0,True
mp-2019859,R3,none,1e-05,tau=1e-06;k=0;margin=0.995,U,1,460.5758804867274,,1.899999999999125e-05,0.0,1.899999999999125e-05,0.0,False
mp-2019859,R3,none,1e-05,tau=1e-06;k=1;margin=0.990025,U,2,459.2970324785412,,2.10000000002708e-05,0.0,2.10000000002708e-05,0.0,False
mp-2019859,R3,none,1e-05,tau=1e-06;k=2;margin=0.985074875,U,3,458.7458833882215,,2.200000000041058e-05,0.0,2.200000000041058e-05,0.0,False
mp-2019859,R3,none,1e-05,tau=1e-06;k=3;margin=0.980149501,U,4,456.5908035299582,,2.10000000002708e-05,0.0,2.10000000002708e-05,0.0,False
mp-2019859,R3,none,1e-05,tau=1e-06;k=4;margin=0.975248753,U,5,455.9917300606992,,2.0000000000131024e-05,0.0,2.0000000000131024e-05,0.0,False
mp-2019859,R3,hap:0.0001,0.001,tau=1e-06;k=0;margin=0.995,hap:0.0001,1,458.8070568468216,,0.0,0.0,1.899999999999125e-05,0.0,True
mp-2019859,R3,hap:0.0001,0.0001,tau=1e-06;k=0;margin=0.995,hap:0.0001,1,458.8070568468216,,0.0,0.0,1.899999999999125e-05,0.0,True
mp-2019859,R3,hap:0.0001,1e-05,tau=1e-06;k=0;margin=0.995,hap:0.0001,1,458.8070568468216,,0.0,0.0,1.899999999999125e-05,0.0,True
mp-2019859,R3,hap:0.01,0.001,tau=1e-06;k=0;margin=0.995,hap:0.01,1,458.8070568468216,,0.0,0.0,1.899999999999125e-05,0.0,True
mp-2019859,R3,hap:0.01,0.0001,tau=1e-06;k=0;margin=0.995,hap:0.01,1,458.8070568468216,,0.0,0.0,1.899999999999125e-05,0.0,True
mp-2019859,R3,hap:0.01,1e-05,tau=1e-06;k=0;margin=0.995,hap:0.01,1,458.8070568468216,,0.0,0.0,1.899999999999125e-05,0.0,True
mp-2019859,R3,ctp-uniform,0.001,tau=1e-06;k=0;margin=0.995,U,1,460.5697151424288,unprojected,1.899999999999125e-05,0.0,1.899999999999125e-05,0.0,True
mp-2019859,R3,ctp-uniform,0.0001,tau=1e-06;k=0;margin=0.995,U,1,460.5697151424288,unprojected,1.899999999999125e-05,0.0,1.899999999999125e-05,0.0,True
mp-2019859,R3,ctp-uniform,1e-05,tau=1e-06;k=0;margin=0.995,U,1,460.5697151424288,projected,1.899999999999125e-05,0.0,1.899999999999125e-05,0.0,False
mp-2019859,R3,ctp-uniform,1e-05,tau=1e-06;k=1;margin=0.990025,U,2,459.2909013242205,projected,2.10000000002708e-05,0.0,2.10000000002708e-05,0.0,False
mp-2019859,R3,ctp-uniform,1e-05,tau=1e-06;k=2;margin=0.985074875,U,3,458.7397669395483,projected,2.200000000041058e-05,0.0,2.200000000041058e-05,0.0,False
mp-2019859,R3,ctp-uniform,1e-05,tau=1e-06;k=3;margin=0.980149501,U,4,456.58474441318543,projected,2.10000000002708e-05,0.0,2.10000000002708e-05,0.0,False
mp-2019859,R3,ctp-uniform,1e-05,tau=1e-06;k=4;margin=0.975248753,U,5,455.98568683321184,projected,2.0000000000131024e-05,0.0,2.0000000000131024e-05,0.0,False
mp-2019859,R3,ctp-hap:0.0001,0.001,tau=1e-06;k=0;margin=0.995,U,1,460.5697151424288,unprojected,1.899999999999125e-05,0.0,1.899999999999125e-05,0.0,True
mp-2019859,R3,ctp-hap:0.0001,0.0001,tau=1e-06;k=0;margin=0.995,U,1,460.5697151424288,unprojected,1.899999999999125e-05,0.0,1.899999999999125e-05,0.0,True
mp-2019859,R3,ctp-hap:0.0001,1e-05,tau=1e-06;k=0;margin=0.995,U,1,460.5697151424288,projected,1.899999999999125e-05,0.0,1.899999999999125e-05,0.0,False
mp-2019859,R3,ctp-hap:0.0001,1e-05,tau=1e-06;k=1;margin=0.990025,U,2,459.2909013242205,projected,2.10000000002708e-05,0.0,2.10000000002708e-05,0.0,False
mp-2019859,R3,ctp-hap:0.0001,1e-05,tau=1e-06;k=0;margin=0.995,hap:0.0001,3,458.8009387668018,projected,0.0,0.0,1.899999999999125e-05,0.0,True
mp-2019859,R3,ctp-hap:0.01,0.001,tau=1e-06;k=0;margin=0.995,U,1,460.5697151424288,unprojected,1.899999999999125e-05,0.0,1.899999999999125e-05,0.0,True
mp-2019859,R3,ctp-hap:0.01,0.0001,tau=1e-06;k=0;margin=0.995,U,1,460.5697151424288,unprojected,1.899999999999125e-05,0.0,1.899999999999125e-05,0.0,True
mp-2019859,R3,ctp-hap:0.01,1e-05,tau=1e-06;k=0;margin=0.995,U,1,460.5697151424288,projected,1.899999999999125e-05,0.0,1.899999999999125e-05,0.0,False
mp-2019859,R3,ctp-hap:0.01,1e-05,tau=1e-06;k=1;margin=0.990025,U,2,459.2909013242205,projected,2.10000000002708e-05,0.0,2.10000000002708e-05,0.0,False
mp-2019859,R3,ctp-hap:0.01,1e-05,tau=1e-06;k=0;margin=0.995,hap:0.01,3,458.8009387668018,projected,0.0,0.0,1.899999999999125e-05,0.0,True
mp-2019859,R3,ctp-hap:1,0.001,tau=1e-06;k=0;margin=0.995,U,1,460.5697151424288,unprojected,1.899999999999125e-05,0.0,1.899999999999125e-05,0.0,True
mp-2019859,R3,ctp-hap:1,0.0001,tau=1e-06;k=0;margin=0.995,U,1,460.5697151424288,unprojected,1.899999999999125e-05,0.0,1.899999999999125e-05,0.0,True
mp-2019859,R3,ctp-hap:1,1e-05,tau=1e-06;k=0;margin=0.995,U,1,460.5697151424288,projected,1.899999999999125e-05,0.0,1.899999999999125e-05,0.0,False
mp-2019859,R3,ctp-hap:1,1e-05,tau=1e-06;k=1;margin=0.990025,U,2,459.2909013242205,projected,2.10000000002708e-05,0.0,2.10000000002708e-05,0.0,False
mp-2019859,R3,ctp-hap:1,1e-05,tau=1e-06;k=2;margin=0.985074875,U,3,458.7397669395483,projected,2.200000000041058e-05,0.0,2.200000000041058e-05,0.0,False
mp-2019859,R3,ctp-hap:1,1e-05,tau=1e-06;k=3;margin=0.980149501,U,4,456.58474441318543,projected,2.10000000002708e-05,0.0,2.10000000002708e-05,0.0,False
mp-2019859,R3,ctp-hap:1,1e-05,tau=1e-06;k=4;margin=0.975248753,U,5,455.98568683321184,projected,2.0000000000131024e-05,0.0,2.0000000000131024e-05,0.0,False
mp-2019859,GF,none,0.001,SZ3;tol_rel=2.15443e-06,U,1,17.726221014132484,,1.600000000046009e-05,0.0,1.600000000046009e-05,0.0,True
mp-2019859,GF,none,0.0001,SZ3;tol_rel=2.15443e-06,U,1,17.726221014132484,,1.600000000046009e-05,0.0,1.600000000046009e-05,0.0,True
mp-2019859,GF,none,1e-05,SZ3;tol_rel=2.15443e-06,U,1,17.726221014132484,,1.600000000046009e-05,0.0,1.600000000046009e-05,0.0,False
mp-2019859,GF,none,1e-05,ZFP;tol_rel=4.64159e-05,U,2,15.530783147540271,,5.999999999950489e-06,0.0,5.999999999950489e-06,0.0,True
mp-2019859,GF,uniform,0.001,ZFP;tol_rel=0.0001,uniform,1,18.08510190951562,,0.0,0.0,1.3000000000040757e-05,0.0,True
mp-2019859,GF,uniform,0.0001,ZFP;tol_rel=0.0001,uniform,1,18.08510190951562,,0.0,0.0,1.3000000000040757e-05,0.0,True
mp-2019859,GF,uniform,1e-05,ZFP;tol_rel=0.0001,uniform,1,18.08510190951562,,0.0,0.0,1.3000000000040757e-05,0.0,True
mp-2019859,GF,hap:0.0001,0.001,SZ3;tol_rel=2.15443e-06,hap:0.0001,1,17.72359122371511,,0.0,0.0,1.600000000046009e-05,0.0,True
mp-2019859,GF,hap:0.0001,0.0001,SZ3;tol_rel=2.15443e-06,hap:0.0001,1,17.72359122371511,,0.0,0.0,1.600000000046009e-05,0.0,True
mp-2019859,GF,hap:0.0001,1e-05,SZ3;tol_rel=2.15443e-06,hap:0.0001,1,17.72359122371511,,0.0,0.0,1.600000000046009e-05,0.0,True
mp-2019859,GF,hap:0.01,0.001,SZ3;tol_rel=2.15443e-06,hap:0.01,1,17.72359122371511,,0.0,0.0,1.600000000046009e-05,0.0,True
mp-2019859,GF,hap:0.01,0.0001,SZ3;tol_rel=2.15443e-06,hap:0.01,1,17.72359122371511,,0.0,0.0,1.600000000046009e-05,0.0,True
mp-2019859,GF,hap:0.01,1e-05,SZ3;tol_rel=2.15443e-06,hap:0.01,1,17.72359122371511,,0.0,0.0,1.600000000046009e-05,0.0,True
mp-2019859,GF,hap:1,0.001,ZFP;tol_rel=0.0001,hap:1,1,18.085025860981457,,0.0,0.0,1.3000000000040757e-05,0.0,True
mp-2019859,GF,hap:1,0.0001,ZFP;tol_rel=0.0001,hap:1,1,18.085025860981457,,0.0,0.0,1.3000000000040757e-05,0.0,True
mp-2019859,GF,hap:1,1e-05,ZFP;tol_rel=0.0001,hap:1,1,18.085025860981457,,0.0,0.0,1.3000000000040757e-05,0.0,True
mp-2019859,GF,ctp-uniform,0.001,ZFP;tol_rel=0.0001,uniform,1,18.08509240341387,unprojected,,,1.3000000000040757e-05,0.0,False
mp-2019859,GF,ctp-uniform,0.001,SZ3;tol_rel=2.15443e-06,U,2,17.726211881565593,unprojected,1.600000000046009e-05,0.0,1.600000000046009e-05,0.0,True
mp-2019859,GF,ctp-uniform,0.0001,ZFP;tol_rel=0.0001,uniform,1,18.08509240341387,unprojected,,,1.3000000000040757e-05,0.0,False
mp-2019859,GF,ctp-uniform,0.0001,SZ3;tol_rel=2.15443e-06,U,2,17.726211881565593,unprojected,1.600000000046009e-05,0.0,1.600000000046009e-05,0.0,True
mp-2019859,GF,ctp-uniform,1e-05,ZFP;tol_rel=0.0001,uniform,1,18.08509240341387,projected,0.0,0.0,1.3000000000040757e-05,0.0,True
mp-2019859,GF,ctp-hap:0.0001,0.001,SZ3;tol_rel=2.15443e-06,U,1,17.726211881565593,unprojected,1.600000000046009e-05,0.0,1.600000000046009e-05,0.0,True
mp-2019859,GF,ctp-hap:0.0001,0.0001,SZ3;tol_rel=2.15443e-06,U,1,17.726211881565593,unprojected,1.600000000046009e-05,0.0,1.600000000046009e-05,0.0,True
mp-2019859,GF,ctp-hap:0.0001,1e-05,SZ3;tol_rel=2.15443e-06,U,1,17.726211881565593,projected,1.600000000046009e-05,0.0,1.600000000046009e-05,0.0,False
mp-2019859,GF,ctp-hap:0.0001,1e-05,SZ3;tol_rel=2.15443e-06,hap:0.0001,2,17.723582093857758,projected,0.0,0.0,1.600000000046009e-05,0.0,True
mp-2019859,GF,ctp-hap:0.01,0.001,SZ3;tol_rel=2.15443e-06,U,1,17.726211881565593,unprojected,1.600000000046009e-05,0.0,1.600000000046009e-05,0.0,True
mp-2019859,GF,ctp-hap:0.01,0.0001,SZ3;tol_rel=2.15443e-06,U,1,17.726211881565593,unprojected,1.600000000046009e-05,0.0,1.600000000046009e-05,0.0,True
mp-2019859,GF,ctp-hap:0.01,1e-05,SZ3;tol_rel=2.15443e-06,U,1,17.726211881565593,projected,1.600000000046009e-05,0.0,1.600000000046009e-05,0.0,False
mp-2019859,GF,ctp-hap:0.01,1e-05,SZ3;tol_rel=2.15443e-06,hap:0.01,2,17.723582093857758,projected,0.0,0.0,1.600000000046009e-05,0.0,True
mp-2019859,GF,ctp-hap:1,0.001,ZFP;tol_rel=0.0001,hap:1,1,18.085016354959656,unprojected,,,1.3000000000040757e-05,0.0,False
mp-2019859,GF,ctp-hap:1,0.001,SZ3;tol_rel=2.15443e-06,U,2,17.726211881565593,unprojected,1.600000000046009e-05,0.0,1.600000000046009e-05,0.0,True
mp-2019859,GF,ctp-hap:1,0.0001,ZFP;tol_rel=0.0001,hap:1,1,18.085016354959656,unprojected,,,1.3000000000040757e-05,0.0,False
mp-2019859,GF,ctp-hap:1,0.0001,SZ3;tol_rel=2.15443e-06,U,2,17.726211881565593,unprojected,1.600000000046009e-05,0.0,1.600000000046009e-05,0.0,True
mp-2019859,GF,ctp-hap:1,1e-05,ZFP;tol_rel=0.0001,hap:1,1,18.085016354959656,projected,0.0,0.0,1.3000000000040757e-05,0.0,True
mp-697179,J,none,0.001,alpha_rel=0.001,U,1,174.7523109741645,,1.0000000010279564e-06,0.0,1.0000000010279564e-06,0.0,True
mp-697179,J,none,0.0001,alpha_rel=0.001,U,1,174.7523109741645,,1.0000000010279564e-06,0.0,1.0000000010279564e-06,0.0,True
mp-697179,J,none,1e-05,alpha_rel=0.001,U,1,174.7523109741645,,1.0000000010279564e-06,0.0,1.0000000010279564e-06,0.0,True
mp-697179,J,uniform,0.001,alpha_rel=0.001,uniform,1,173.60018836825995,,0.0,0.0,1.0000000010279564e-06,0.0,True
mp-697179,J,uniform,0.0001,alpha_rel=0.001,uniform,1,173.60018836825995,,0.0,0.0,1.0000000010279564e-06,0.0,True
mp-697179,J,uniform,1e-05,alpha_rel=0.001,uniform,1,173.60018836825995,,0.0,0.0,1.0000000010279564e-06,0.0,True
mp-697179,J,hap:0.0001,0.001,alpha_rel=0.001,hap:0.0001,1,173.43683839096684,,0.0,0.0,1.0000000010279564e-06,0.0,True
mp-697179,J,hap:0.0001,0.0001,alpha_rel=0.001,hap:0.0001,1,173.43683839096684,,0.0,0.0,1.0000000010279564e-06,0.0,True
mp-697179,J,hap:0.0001,1e-05,alpha_rel=0.001,hap:0.0001,1,173.43683839096684,,0.0,0.0,1.0000000010279564e-06,0.0,True
mp-697179,J,hap:0.01,0.001,alpha_rel=0.001,hap:0.01,1,173.43683839096684,,0.0,0.0,1.0000000010279564e-06,0.0,True
mp-697179,J,hap:0.01,0.0001,alpha_rel=0.001,hap:0.01,1,173.43683839096684,,0.0,0.0,1.0000000010279564e-06,0.0,True
mp-697179,J,hap:0.01,1e-05,alpha_rel=0.001,hap:0.01,1,173.43683839096684,,0.0,0.0,1.0000000010279564e-06,0.0,True
mp-697179,J,hap:1,0.001,alpha_rel=0.001,hap:1,1,173.43683839096684,,0.0,0.0,1.0000000010279564e-06,0.0,True
mp-697179,J,hap:1,0.0001,alpha_rel=0.001,hap:1,1,173.43683839096684,,0.0,0.0,1.0000000010279564e-06,0.0,True
mp-697179,J,hap:1,1e-05,alpha_rel=0.001,hap:1,1,173.43683839096684,,0.0,0.0,1.0000000010279564e-06,0.0,True
mp-697179,J,ctp-uniform,0.001,alpha_rel=0.001,U,1,174.7316032705297,unprojected,1.0000000010279564e-06,0.0,1.0000000010279564e-06,0.0,True
mp-697179,J,ctp-uniform,0.0001,alpha_rel=0.001,U,1,174.7316032705297,unprojected,1.0000000010279564e-06,0.0,1.0000000010279564e-06,0.0,True
mp-697179,J,ctp-uniform,1e-05,alpha_rel=0.001,U,1,174.7316032705297,unprojected,1.0000000010279564e-06,0.0,1.0000000010279564e-06,0.0,True
mp-697179,J,ctp-hap:0.0001,0.001,alpha_rel=0.001,U,1,174.7316032705297,unprojected,1.0000000010279564e-06,0.0,1.0000000010279564e-06,0.0,True
mp-697179,J,ctp-hap:0.0001,0.0001,alpha_rel=0.001,U,1,174.7316032705297,unprojected,1.0000000010279564e-06,0.0,1.0000000010279564e-06,0.0,True
mp-697179,J,ctp-hap:0.0001,1e-05,alpha_rel=0.001,U,1,174.7316032705297,unprojected,1.0000000010279564e-06,0.0,1.0000000010279564e-06,0.0,True
mp-697179,J,ctp-hap:0.01,0.001,alpha_rel=0.001,U,1,174.7316032705297,unprojected,1.0000000010279564e-06,0.0,1.0000000010279564e-06,0.0,True
mp-697179,J,ctp-hap:0.01,0.0001,alpha_rel=0.001,U,1,174.7316032705297,unprojected,1.0000000010279564e-06,0.0,1.0000000010279564e-06,0.0,True
mp-697179,J,ctp-hap:0.01,1e-05,alpha_rel=0.001,U,1,174.7316032705297,unprojected,1.0000000010279564e-06,0.0,1.0000000010279564e-06,0.0,True
mp-697179,J,ctp-hap:1,0.001,alpha_rel=0.001,U,1,174.7316032705297,unprojected,1.0000000010279564e-06,0.0,1.0000000010279564e-06,0.0,True
mp-697179,J,ctp-hap:1,0.0001,alpha_rel=0.001,U,1,174.7316032705297,unprojected,1.0000000010279564e-06,0.0,1.0000000010279564e-06,0.0,True
mp-697179,J,ctp-hap:1,1e-05,alpha_rel=0.001,U,1,174.7316032705297,unprojected,1.0000000010279564e-06,0.0,1.0000000010279564e-06,0.0,True
mp-697179,T1,none,0.001,q_cut=0.3;alpha_rel=1e-05,U,1,204.3458980044346,,1.0000000010279564e-06,0.0,1.0000000010279564e-06,0.0,True
mp-697179,T1,none,0.0001,q_cut=0.3;alpha_rel=1e-05,U,1,204.3458980044346,,1.0000000010279564e-06,0.0,1.0000000010279564e-06,0.0,True
mp-697179,T1,none,1e-05,q_cut=0.3;alpha_rel=1e-05,U,1,204.3458980044346,,1.0000000010279564e-06,0.0,1.0000000010279564e-06,0.0,True
mp-697179,T1,uniform,0.001,q_cut=0.3;alpha_rel=1e-05,uniform,1,202.7722772277228,,0.0,0.0,1.0000000010279564e-06,0.0,True
mp-697179,T1,uniform,0.0001,q_cut=0.3;alpha_rel=1e-05,uniform,1,202.7722772277228,,0.0,0.0,1.0000000010279564e-06,0.0,True
mp-697179,T1,uniform,1e-05,q_cut=0.3;alpha_rel=1e-05,uniform,1,202.7722772277228,,0.0,0.0,1.0000000010279564e-06,0.0,True
mp-697179,T1,hap:0.0001,0.001,q_cut=0.3;alpha_rel=1e-05,hap:0.0001,1,202.5494505494505,,0.0,0.0,1.0000000010279564e-06,0.0,True
mp-697179,T1,hap:0.0001,0.0001,q_cut=0.3;alpha_rel=1e-05,hap:0.0001,1,202.5494505494505,,0.0,0.0,1.0000000010279564e-06,0.0,True
mp-697179,T1,hap:0.0001,1e-05,q_cut=0.3;alpha_rel=1e-05,hap:0.0001,1,202.5494505494505,,0.0,0.0,1.0000000010279564e-06,0.0,True
mp-697179,T1,hap:0.01,0.001,q_cut=0.3;alpha_rel=1e-05,hap:0.01,1,202.5494505494505,,0.0,0.0,1.0000000010279564e-06,0.0,True
mp-697179,T1,hap:0.01,0.0001,q_cut=0.3;alpha_rel=1e-05,hap:0.01,1,202.5494505494505,,0.0,0.0,1.0000000010279564e-06,0.0,True
mp-697179,T1,hap:0.01,1e-05,q_cut=0.3;alpha_rel=1e-05,hap:0.01,1,202.5494505494505,,0.0,0.0,1.0000000010279564e-06,0.0,True
mp-697179,T1,hap:1,0.001,q_cut=0.3;alpha_rel=2.15443e-05,hap:1,1,224.0632122777693,,0.0,0.0,2.000000000279556e-06,0.0,True
mp-697179,T1,hap:1,0.0001,q_cut=0.3;alpha_rel=2.15443e-05,hap:1,1,224.0632122777693,,0.0,0.0,2.000000000279556e-06,0.0,True
mp-697179,T1,hap:1,1e-05,q_cut=0.3;alpha_rel=2.15443e-05,hap:1,1,224.0632122777693,,0.0,0.0,2.000000000279556e-06,0.0,True
mp-697179,T1,ctp-uniform,0.001,q_cut=0.3;alpha_rel=1e-05,U,1,204.3175834834419,unprojected,1.0000000010279564e-06,0.0,1.0000000010279564e-06,0.0,True
mp-697179,T1,ctp-uniform,0.0001,q_cut=0.3;alpha_rel=1e-05,U,1,204.3175834834419,unprojected,1.0000000010279564e-06,0.0,1.0000000010279564e-06,0.0,True
mp-697179,T1,ctp-uniform,1e-05,q_cut=0.3;alpha_rel=1e-05,U,1,204.3175834834419,unprojected,1.0000000010279564e-06,0.0,1.0000000010279564e-06,0.0,True
mp-697179,T1,ctp-hap:0.0001,0.001,q_cut=0.3;alpha_rel=1e-05,U,1,204.3175834834419,unprojected,1.0000000010279564e-06,0.0,1.0000000010279564e-06,0.0,True
mp-697179,T1,ctp-hap:0.0001,0.0001,q_cut=0.3;alpha_rel=1e-05,U,1,204.3175834834419,unprojected,1.0000000010279564e-06,0.0,1.0000000010279564e-06,0.0,True
mp-697179,T1,ctp-hap:0.0001,1e-05,q_cut=0.3;alpha_rel=1e-05,U,1,204.3175834834419,unprojected,1.0000000010279564e-06,0.0,1.0000000010279564e-06,0.0,True
mp-697179,T1,ctp-hap:0.01,0.001,q_cut=0.3;alpha_rel=1e-05,U,1,204.3175834834419,unprojected,1.0000000010279564e-06,0.0,1.0000000010279564e-06,0.0,True
mp-697179,T1,ctp-hap:0.01,0.0001,q_cut=0.3;alpha_rel=1e-05,U,1,204.3175834834419,unprojected,1.0000000010279564e-06,0.0,1.0000000010279564e-06,0.0,True
mp-697179,T1,ctp-hap:0.01,1e-05,q_cut=0.3;alpha_rel=1e-05,U,1,204.3175834834419,unprojected,1.0000000010279564e-06,0.0,1.0000000010279564e-06,0.0,True
mp-697179,T1,ctp-hap:1,0.001,q_cut=0.3;alpha_rel=2.15443e-05,hap:1,1,224.0291704649043,unprojected,,,2.000000000279556e-06,0.0,False
mp-697179,T1,ctp-hap:1,0.001,q_cut=0.3;alpha_rel=1e-05,U,2,204.3175834834419,unprojected,1.0000000010279564e-06,0.0,1.0000000010279564e-06,0.0,True
mp-697179,T1,ctp-hap:1,0.0001,q_cut=0.3;alpha_rel=2.15443e-05,hap:1,1,224.0291704649043,unprojected,,,2.000000000279556e-06,0.0,False
mp-697179,T1,ctp-hap:1,0.0001,q_cut=0.3;alpha_rel=1e-05,U,2,204.3175834834419,unprojected,1.0000000010279564e-06,0.0,1.0000000010279564e-06,0.0,True
mp-697179,T1,ctp-hap:1,1e-05,q_cut=0.3;alpha_rel=2.15443e-05,hap:1,1,224.0291704649043,unprojected,,,2.000000000279556e-06,0.0,False
mp-697179,T1,ctp-hap:1,1e-05,q_cut=0.3;alpha_rel=1e-05,U,2,204.3175834834419,unprojected,1.0000000010279564e-06,0.0,1.0000000010279564e-06,0.0,True
mp-697179,R3,none,0.001,tau=1e-06;k=0;margin=0.995,U,1,259.24050632911394,,9.999999999177334e-07,0.0,9.999999999177334e-07,0.0,True
mp-697179,R3,none,0.0001,tau=1e-06;k=0;margin=0.995,U,1,259.24050632911394,,9.999999999177334e-07,0.0,9.999999999177334e-07,0.0,True
mp-697179,R3,none,1e-05,tau=1e-06;k=0;margin=0.995,U,1,259.24050632911394,,9.999999999177334e-07,0.0,9.999999999177334e-07,0.0,True
mp-697179,R3,uniform,0.001,tau=1e-06;k=1;margin=0.990025,uniform,1,256.08891976380687,,0.0,0.0,1.0000000010279564e-06,0.0,True
mp-697179,R3,uniform,0.0001,tau=1e-06;k=1;margin=0.990025,uniform,1,256.08891976380687,,0.0,0.0,1.0000000010279564e-06,0.0,True
mp-697179,R3,uniform,1e-05,tau=1e-06;k=1;margin=0.990025,uniform,1,256.08891976380687,,0.0,0.0,1.0000000010279564e-06,0.0,True
mp-697179,R3,hap:0.0001,0.001,tau=1e-06;k=0;margin=0.995,hap:0.0001,1,256.356050069541,,0.0,0.0,9.999999999177334e-07,0.0,True
mp-697179,R3,hap:0.0001,0.0001,tau=1e-06;k=0;margin=0.995,hap:0.0001,1,256.356050069541,,0.0,0.0,9.999999999177334e-07,0.0,True
mp-697179,R3,hap:0.0001,1e-05,tau=1e-06;k=0;margin=0.995,hap:0.0001,1,256.356050069541,,0.0,0.0,9.999999999177334e-07,0.0,True
mp-697179,R3,hap:0.01,0.001,tau=1e-06;k=0;margin=0.995,hap:0.01,1,256.356050069541,,0.0,0.0,9.999999999177334e-07,0.0,True
mp-697179,R3,hap:0.01,0.0001,tau=1e-06;k=0;margin=0.995,hap:0.01,1,256.356050069541,,0.0,0.0,9.999999999177334e-07,0.0,True
mp-697179,R3,hap:0.01,1e-05,tau=1e-06;k=0;margin=0.995,hap:0.01,1,256.356050069541,,0.0,0.0,9.999999999177334e-07,0.0,True
mp-697179,R3,hap:1,0.001,tau=1e-06;k=0;margin=0.995,hap:1,1,256.356050069541,,0.0,0.0,9.999999999177334e-07,0.0,True
mp-697179,R3,hap:1,0.0001,tau=1e-06;k=0;margin=0.995,hap:1,1,256.356050069541,,0.0,0.0,9.999999999177334e-07,0.0,True
mp-697179,R3,hap:1,1e-05,tau=1e-06;k=0;margin=0.995,hap:1,1,256.356050069541,,0.0,0.0,9.999999999177334e-07,0.0,True
mp-697179,R3,ctp-uniform,0.001,tau=1e-06;k=0;margin=0.995,U,1,259.194937598875,unprojected,9.999999999177334e-07,0.0,9.999999999177334e-07,0.0,True
mp-697179,R3,ctp-uniform,0.0001,tau=1e-06;k=0;margin=0.995,U,1,259.194937598875,unprojected,9.999999999177334e-07,0.0,9.999999999177334e-07,0.0,True
mp-697179,R3,ctp-uniform,1e-05,tau=1e-06;k=0;margin=0.995,U,1,259.194937598875,unprojected,9.999999999177334e-07,0.0,9.999999999177334e-07,0.0,True
mp-697179,R3,ctp-hap:0.0001,0.001,tau=1e-06;k=0;margin=0.995,U,1,259.194937598875,unprojected,9.999999999177334e-07,0.0,9.999999999177334e-07,0.0,True
mp-697179,R3,ctp-hap:0.0001,0.0001,tau=1e-06;k=0;margin=0.995,U,1,259.194937598875,unprojected,9.999999999177334e-07,0.0,9.999999999177334e-07,0.0,True
mp-697179,R3,ctp-hap:0.0001,1e-05,tau=1e-06;k=0;margin=0.995,U,1,259.194937598875,unprojected,9.999999999177334e-07,0.0,9.999999999177334e-07,0.0,True
mp-697179,R3,ctp-hap:0.01,0.001,tau=1e-06;k=0;margin=0.995,U,1,259.194937598875,unprojected,9.999999999177334e-07,0.0,9.999999999177334e-07,0.0,True
mp-697179,R3,ctp-hap:0.01,0.0001,tau=1e-06;k=0;margin=0.995,U,1,259.194937598875,unprojected,9.999999999177334e-07,0.0,9.999999999177334e-07,0.0,True
mp-697179,R3,ctp-hap:0.01,1e-05,tau=1e-06;k=0;margin=0.995,U,1,259.194937598875,unprojected,9.999999999177334e-07,0.0,9.999999999177334e-07,0.0,True
mp-697179,R3,ctp-hap:1,0.001,tau=1e-06;k=0;margin=0.995,U,1,259.194937598875,unprojected,9.999999999177334e-07,0.0,9.999999999177334e-07,0.0,True
mp-697179,R3,ctp-hap:1,0.0001,tau=1e-06;k=0;margin=0.995,U,1,259.194937598875,unprojected,9.999999999177334e-07,0.0,9.999999999177334e-07,0.0,True
mp-697179,R3,ctp-hap:1,1e-05,tau=1e-06;k=0;margin=0.995,U,1,259.194937598875,unprojected,9.999999999177334e-07,0.0,9.999999999177334e-07,0.0,True
mp-697179,GF,none,0.001,ZFP;tol_rel=4.64159e-05,U,1,12.369639621501912,,9.999999999177334e-07,0.0,9.999999999177334e-07,0.0,True
mp-697179,GF,none,0.0001,ZFP;tol_rel=4.64159e-05,U,1,12.369639621501912,,9.999999999177334e-07,0.0,9.999999999177334e-07,0.0,True
mp-697179,GF,none,1e-05,ZFP;tol_rel=4.64159e-05,U,1,12.369639621501912,,9.999999999177334e-07,0.0,9.999999999177334e-07,0.0,True
mp-697179,GF,uniform,0.001,ZFP;tol_rel=4.64159e-05,uniform,1,12.363831499865844,,0.0,0.0,9.999999999177334e-07,0.0,True
mp-697179,GF,uniform,0.0001,ZFP;tol_rel=4.64159e-05,uniform,1,12.363831499865844,,0.0,0.0,9.999999999177334e-07,0.0,True
mp-697179,GF,uniform,1e-05,ZFP;tol_rel=4.64159e-05,uniform,1,12.363831499865844,,0.0,0.0,9.999999999177334e-07,0.0,True
mp-697179,GF,hap:0.0001,0.001,ZFP;tol_rel=4.64159e-05,hap:0.0001,1,12.36300221342813,,0.0,0.0,9.999999999177334e-07,0.0,True
mp-697179,GF,hap:0.0001,0.0001,ZFP;tol_rel=4.64159e-05,hap:0.0001,1,12.36300221342813,,0.0,0.0,9.999999999177334e-07,0.0,True
mp-697179,GF,hap:0.0001,1e-05,ZFP;tol_rel=4.64159e-05,hap:0.0001,1,12.36300221342813,,0.0,0.0,9.999999999177334e-07,0.0,True
mp-697179,GF,hap:0.01,0.001,ZFP;tol_rel=4.64159e-05,hap:0.01,1,12.36300221342813,,0.0,0.0,9.999999999177334e-07,0.0,True
mp-697179,GF,hap:0.01,0.0001,ZFP;tol_rel=4.64159e-05,hap:0.01,1,12.36300221342813,,0.0,0.0,9.999999999177334e-07,0.0,True
mp-697179,GF,hap:0.01,1e-05,ZFP;tol_rel=4.64159e-05,hap:0.01,1,12.36300221342813,,0.0,0.0,9.999999999177334e-07,0.0,True
mp-697179,GF,hap:1,0.001,ZFP;tol_rel=4.64159e-05,hap:1,1,12.36300221342813,,0.0,0.0,9.999999999177334e-07,0.0,True
mp-697179,GF,hap:1,0.0001,ZFP;tol_rel=4.64159e-05,hap:1,1,12.36300221342813,,0.0,0.0,9.999999999177334e-07,0.0,True
mp-697179,GF,hap:1,1e-05,ZFP;tol_rel=4.64159e-05,hap:1,1,12.36300221342813,,0.0,0.0,9.999999999177334e-07,0.0,True
mp-697179,GF,ctp-uniform,0.001,ZFP;tol_rel=4.64159e-05,U,1,12.369535857191991,unprojected,9.999999999177334e-07,0.0,9.999999999177334e-07,0.0,True
mp-697179,GF,ctp-uniform,0.0001,ZFP;tol_rel=4.64159e-05,U,1,12.369535857191991,unprojected,9.999999999177334e-07,0.0,9.999999999177334e-07,0.0,True
mp-697179,GF,ctp-uniform,1e-05,ZFP;tol_rel=4.64159e-05,U,1,12.369535857191991,unprojected,9.999999999177334e-07,0.0,9.999999999177334e-07,0.0,True
mp-697179,GF,ctp-hap:0.0001,0.001,ZFP;tol_rel=4.64159e-05,U,1,12.369535857191991,unprojected,9.999999999177334e-07,0.0,9.999999999177334e-07,0.0,True
mp-697179,GF,ctp-hap:0.0001,0.0001,ZFP;tol_rel=4.64159e-05,U,1,12.369535857191991,unprojected,9.999999999177334e-07,0.0,9.999999999177334e-07,0.0,True
mp-697179,GF,ctp-hap:0.0001,1e-05,ZFP;tol_rel=4.64159e-05,U,1,12.369535857191991,unprojected,9.999999999177334e-07,0.0,9.999999999177334e-07,0.0,True
mp-697179,GF,ctp-hap:0.01,0.001,ZFP;tol_rel=4.64159e-05,U,1,12.369535857191991,unprojected,9.999999999177334e-07,0.0,9.999999999177334e-07,0.0,True
mp-697179,GF,ctp-hap:0.01,0.0001,ZFP;tol_rel=4.64159e-05,U,1,12.369535857191991,unprojected,9.999999999177334e-07,0.0,9.999999999177334e-07,0.0,True
mp-697179,GF,ctp-hap:0.01,1e-05,ZFP;tol_rel=4.64159e-05,U,1,12.369535857191991,unprojected,9.999999999177334e-07,0.0,9.999999999177334e-07,0.0,True
mp-697179,GF,ctp-hap:1,0.001,ZFP;tol_rel=4.64159e-05,U,1,12.369535857191991,unprojected,9.999999999177334e-07,0.0,9.999999999177334e-07,0.0,True
mp-697179,GF,ctp-hap:1,0.0001,ZFP;tol_rel=4.64159e-05,U,1,12.369535857191991,unprojected,9.999999999177334e-07,0.0,9.999999999177334e-07,0.0,True
mp-697179,GF,ctp-hap:1,1e-05,ZFP;tol_rel=4.64159e-05,U,1,12.369535857191991,unprojected,9.999999999177334e-07,0.0,9.999999999177334e-07,0.0,True
mp-570159,J,none,0.001,alpha_rel=0.001,U,1,286.9167879203844,,8.000000001118224e-06,0.0,8.000000001118224e-06,0.0,True
mp-570159,J,none,0.0001,alpha_rel=0.001,U,1,286.9167879203844,,8.000000001118224e-06,0.0,8.000000001118224e-06,0.0,True
mp-570159,J,none,1e-05,alpha_rel=0.001,U,1,286.9167879203844,,8.000000001118224e-06,0.0,8.000000001118224e-06,0.0,True
mp-570159,J,uniform,0.001,alpha_rel=0.000464159,uniform,1,214.84107308048104,,0.0,0.0,7.000000000090267e-06,0.0,True
mp-570159,J,uniform,0.0001,alpha_rel=0.000464159,uniform,1,214.84107308048104,,0.0,0.0,7.000000000090267e-06,0.0,True
mp-570159,J,uniform,1e-05,alpha_rel=0.000464159,uniform,1,214.84107308048104,,0.0,0.0,7.000000000090267e-06,0.0,True
mp-570159,J,hap:0.0001,0.001,alpha_rel=0.001,hap:0.0001,1,285.9120728804749,,0.0,0.0,8.000000001118224e-06,0.0,True
mp-570159,J,hap:0.0001,0.0001,alpha_rel=0.001,hap:0.0001,1,285.9120728804749,,0.0,0.0,8.000000001118224e-06,0.0,True
mp-570159,J,hap:0.0001,1e-05,alpha_rel=0.001,hap:0.0001,1,285.9120728804749,,0.0,0.0,8.000000001118224e-06,0.0,True
mp-570159,J,hap:0.01,0.001,alpha_rel=0.001,hap:0.01,1,285.9120728804749,,0.0,0.0,8.000000001118224e-06,0.0,True
mp-570159,J,hap:0.01,0.0001,alpha_rel=0.001,hap:0.01,1,285.9120728804749,,0.0,0.0,8.000000001118224e-06,0.0,True
mp-570159,J,hap:0.01,1e-05,alpha_rel=0.001,hap:0.01,1,285.9120728804749,,0.0,0.0,8.000000001118224e-06,0.0,True
mp-570159,J,hap:1,0.001,alpha_rel=0.001,hap:1,1,285.9120728804749,,0.0,0.0,8.000000001118224e-06,0.0,True
mp-570159,J,hap:1,0.0001,alpha_rel=0.001,hap:1,1,285.9120728804749,,0.0,0.0,8.000000001118224e-06,0.0,True
mp-570159,J,hap:1,1e-05,alpha_rel=0.001,hap:1,1,285.9120728804749,,0.0,0.0,8.000000001118224e-06,0.0,True
mp-570159,J,ctp-uniform,0.001,alpha_rel=0.001,U,1,286.9089112172624,unprojected,8.000000001118224e-06,0.0,8.000000001118224e-06,0.0,True
mp-570159,J,ctp-uniform,0.0001,alpha_rel=0.001,U,1,286.9089112172624,unprojected,8.000000001118224e-06,0.0,8.000000001118224e-06,0.0,True
mp-570159,J,ctp-uniform,1e-05,alpha_rel=0.001,U,1,286.9089112172624,unprojected,8.000000001118224e-06,0.0,8.000000001118224e-06,0.0,True
mp-570159,J,ctp-hap:0.0001,0.001,alpha_rel=0.001,U,1,286.9089112172624,unprojected,8.000000001118224e-06,0.0,8.000000001118224e-06,0.0,True
mp-570159,J,ctp-hap:0.0001,0.0001,alpha_rel=0.001,U,1,286.9089112172624,unprojected,8.000000001118224e-06,0.0,8.000000001118224e-06,0.0,True
mp-570159,J,ctp-hap:0.0001,1e-05,alpha_rel=0.001,U,1,286.9089112172624,unprojected,8.000000001118224e-06,0.0,8.000000001118224e-06,0.0,True
mp-570159,J,ctp-hap:0.01,0.001,alpha_rel=0.001,U,1,286.9089112172624,unprojected,8.000000001118224e-06,0.0,8.000000001118224e-06,0.0,True
mp-570159,J,ctp-hap:0.01,0.0001,alpha_rel=0.001,U,1,286.9089112172624,unprojected,8.000000001118224e-06,0.0,8.000000001118224e-06,0.0,True
mp-570159,J,ctp-hap:0.01,1e-05,alpha_rel=0.001,U,1,286.9089112172624,unprojected,8.000000001118224e-06,0.0,8.000000001118224e-06,0.0,True
mp-570159,J,ctp-hap:1,0.001,alpha_rel=0.001,U,1,286.9089112172624,unprojected,8.000000001118224e-06,0.0,8.000000001118224e-06,0.0,True
mp-570159,J,ctp-hap:1,0.0001,alpha_rel=0.001,U,1,286.9089112172624,unprojected,8.000000001118224e-06,0.0,8.000000001118224e-06,0.0,True
mp-570159,J,ctp-hap:1,1e-05,alpha_rel=0.001,U,1,286.9089112172624,unprojected,8.000000001118224e-06,0.0,8.000000001118224e-06,0.0,True
mp-570159,T1,none,0.001,q_cut=0.3;alpha_rel=4.64159e-06,U,1,232.8122967253286,,9.000000000369823e-06,0.0,9.000000000369823e-06,0.0,True
mp-570159,T1,none,0.0001,q_cut=0.3;alpha_rel=4.64159e-06,U,1,232.8122967253286,,9.000000000369823e-06,0.0,9.000000000369823e-06,0.0,True
mp-570159,T1,none,1e-05,q_cut=0.3;alpha_rel=4.64159e-06,U,1,232.8122967253286,,9.000000000369823e-06,0.0,9.000000000369823e-06,0.0,True
mp-570159,T1,uniform,0.001,q_cut=0.3;alpha_rel=2.15443e-06,uniform,1,197.1950639646779,,0.0,0.0,7.000000000090267e-06,0.0,True
mp-570159,T1,uniform,0.0001,q_cut=0.3;alpha_rel=2.15443e-06,uniform,1,197.1950639646779,,0.0,0.0,7.000000000090267e-06,0.0,True
mp-570159,T1,uniform,1e-05,q_cut=0.3;alpha_rel=2.15443e-06,uniform,1,197.1950639646779,,0.0,0.0,7.000000000090267e-06,0.0,True
mp-570159,T1,hap:0.0001,0.001,q_cut=0.3;alpha_rel=4.64159e-06,hap:0.0001,1,232.1503398640544,,0.0,0.0,9.000000000369823e-06,0.0,True
mp-570159,T1,hap:0.0001,0.0001,q_cut=0.3;alpha_rel=4.64159e-06,hap:0.0001,1,232.1503398640544,,0.0,0.0,9.000000000369823e-06,0.0,True
mp-570159,T1,hap:0.0001,1e-05,q_cut=0.3;alpha_rel=4.64159e-06,hap:0.0001,1,232.1503398640544,,0.0,0.0,9.000000000369823e-06,0.0,True
mp-570159,T1,hap:0.01,0.001,q_cut=0.3;alpha_rel=4.64159e-06,hap:0.01,1,232.1503398640544,,0.0,0.0,9.000000000369823e-06,0.0,True
mp-570159,T1,hap:0.01,0.0001,q_cut=0.3;alpha_rel=4.64159e-06,hap:0.01,1,232.1503398640544,,0.0,0.0,9.000000000369823e-06,0.0,True
mp-570159,T1,hap:0.01,1e-05,q_cut=0.3;alpha_rel=4.64159e-06,hap:0.01,1,232.1503398640544,,0.0,0.0,9.000000000369823e-06,0.0,True
mp-570159,T1,hap:1,0.001,q_cut=0.3;alpha_rel=4.64159e-06,hap:1,1,232.1503398640544,,0.0,0.0,9.000000000369823e-06,0.0,True
mp-570159,T1,hap:1,0.0001,q_cut=0.3;alpha_rel=4.64159e-06,hap:1,1,232.1503398640544,,0.0,0.0,9.000000000369823e-06,0.0,True
mp-570159,T1,hap:1,1e-05,q_cut=0.3;alpha_rel=4.64159e-06,hap:1,1,232.1503398640544,,0.0,0.0,9.000000000369823e-06,0.0,True
mp-570159,T1,ctp-uniform,0.001,q_cut=0.3;alpha_rel=4.64159e-06,U,1,232.80711055668172,unprojected,9.000000000369823e-06,0.0,9.000000000369823e-06,0.0,True
mp-570159,T1,ctp-uniform,0.0001,q_cut=0.3;alpha_rel=4.64159e-06,U,1,232.80711055668172,unprojected,9.000000000369823e-06,0.0,9.000000000369823e-06,0.0,True
mp-570159,T1,ctp-uniform,1e-05,q_cut=0.3;alpha_rel=4.64159e-06,U,1,232.80711055668172,unprojected,9.000000000369823e-06,0.0,9.000000000369823e-06,0.0,True
mp-570159,T1,ctp-hap:0.0001,0.001,q_cut=0.3;alpha_rel=4.64159e-06,U,1,232.80711055668172,unprojected,9.000000000369823e-06,0.0,9.000000000369823e-06,0.0,True
mp-570159,T1,ctp-hap:0.0001,0.0001,q_cut=0.3;alpha_rel=4.64159e-06,U,1,232.80711055668172,unprojected,9.000000000369823e-06,0.0,9.000000000369823e-06,0.0,True
mp-570159,T1,ctp-hap:0.0001,1e-05,q_cut=0.3;alpha_rel=4.64159e-06,U,1,232.80711055668172,unprojected,9.000000000369823e-06,0.0,9.000000000369823e-06,0.0,True
mp-570159,T1,ctp-hap:0.01,0.001,q_cut=0.3;alpha_rel=4.64159e-06,U,1,232.80711055668172,unprojected,9.000000000369823e-06,0.0,9.000000000369823e-06,0.0,True
mp-570159,T1,ctp-hap:0.01,0.0001,q_cut=0.3;alpha_rel=4.64159e-06,U,1,232.80711055668172,unprojected,9.000000000369823e-06,0.0,9.000000000369823e-06,0.0,True
mp-570159,T1,ctp-hap:0.01,1e-05,q_cut=0.3;alpha_rel=4.64159e-06,U,1,232.80711055668172,unprojected,9.000000000369823e-06,0.0,9.000000000369823e-06,0.0,True
mp-570159,T1,ctp-hap:1,0.001,q_cut=0.3;alpha_rel=4.64159e-06,U,1,232.80711055668172,unprojected,9.000000000369823e-06,0.0,9.000000000369823e-06,0.0,True
mp-570159,T1,ctp-hap:1,0.0001,q_cut=0.3;alpha_rel=4.64159e-06,U,1,232.80711055668172,unprojected,9.000000000369823e-06,0.0,9.000000000369823e-06,0.0,True
mp-570159,T1,ctp-hap:1,1e-05,q_cut=0.3;alpha_rel=4.64159e-06,U,1,232.80711055668172,unprojected,9.000000000369823e-06,0.0,9.000000000369823e-06,0.0,True
mp-570159,R3,none,0.001,tau=1e-06;k=0;margin=0.995,U,1,345.69145276528184,,1.199999999990098e-05,0.0,1.199999999990098e-05,0.0,True
mp-570159,R3,none,0.0001,tau=1e-06;k=0;margin=0.995,U,1,345.69145276528184,,1.199999999990098e-05,0.0,1.199999999990098e-05,0.0,True
mp-570159,R3,none,1e-05,tau=1e-06;k=0;margin=0.995,U,1,345.69145276528184,,1.199999999990098e-05,0.0,1.199999999990098e-05,0.0,False
mp-570159,R3,none,1e-05,tau=1e-06;k=1;margin=0.990025,U,2,344.99534545934705,,1.600000000046009e-05,0.0,1.600000000046009e-05,0.0,False
mp-570159,R3,none,1e-05,tau=1e-06;k=4;margin=0.975248753,U,3,342.9687582042531,,1.100000000064938e-05,0.0,1.100000000064938e-05,0.0,False
mp-570159,R3,none,1e-05,tau=1e-06;k=2;margin=0.985074875,U,4,342.8787401574803,,7.999999999341867e-06,0.0,7.999999999341867e-06,0.0,True
mp-570159,R3,hap:0.0001,0.001,tau=1e-06;k=0;margin=0.995,hap:0.0001,1,344.23399209486166,,0.0,0.0,1.199999999990098e-05,0.0,True
mp-570159,R3,hap:0.0001,0.0001,tau=1e-06;k=0;margin=0.995,hap:0.0001,1,344.23399209486166,,0.0,0.0,1.199999999990098e-05,0.0,True
mp-570159,R3,hap:0.0001,1e-05,tau=1e-06;k=0;margin=0.995,hap:0.0001,1,344.23399209486166,,0.0,0.0,1.199999999990098e-05,0.0,True
mp-570159,R3,hap:0.01,0.001,tau=1e-06;k=0;margin=0.995,hap:0.01,1,344.23399209486166,,0.0,0.0,1.199999999990098e-05,0.0,True
mp-570159,R3,hap:0.01,0.0001,tau=1e-06;k=0;margin=0.995,hap:0.01,1,344.23399209486166,,0.0,0.0,1.199999999990098e-05,0.0,True
mp-570159,R3,hap:0.01,1e-05,tau=1e-06;k=0;margin=0.995,hap:0.01,1,344.23399209486166,,0.0,0.0,1.199999999990098e-05,0.0,True
mp-570159,R3,hap:1,0.001,tau=1e-06;k=4;margin=0.975248753,hap:1,1,341.53411764705885,,0.0,0.0,1.100000000064938e-05,0.0,True
mp-570159,R3,hap:1,0.0001,tau=1e-06;k=4;margin=0.975248753,hap:1,1,341.53411764705885,,0.0,0.0,1.100000000064938e-05,0.0,True
mp-570159,R3,hap:1,1e-05,tau=1e-06;k=4;margin=0.975248753,hap:1,1,341.53411764705885,,0.0,0.0,1.100000000064938e-05,0.0,True
mp-570159,R3,ctp-uniform,0.001,tau=1e-06;k=0;margin=0.995,U,1,345.6800185228062,unprojected,1.199999999990098e-05,0.0,1.199999999990098e-05,0.0,True
mp-570159,R3,ctp-uniform,0.0001,tau=1e-06;k=0;margin=0.995,U,1,345.6800185228062,unprojected,1.199999999990098e-05,0.0,1.199999999990098e-05,0.0,True
mp-570159,R3,ctp-uniform,1e-05,tau=1e-06;k=0;margin=0.995,U,1,345.6800185228062,projected,1.199999999990098e-05,0.0,1.199999999990098e-05,0.0,False
mp-570159,R3,ctp-uniform,1e-05,tau=1e-06;k=1;margin=0.990025,U,2,344.9839572192513,projected,1.600000000046009e-05,0.0,1.600000000046009e-05,0.0,False
mp-570159,R3,ctp-uniform,1e-05,tau=1e-06;k=4;margin=0.975248753,U,3,342.9575033636334,projected,1.100000000064938e-05,0.0,1.100000000064938e-05,0.0,False
mp-570159,R3,ctp-uniform,1e-05,tau=1e-06;k=2;margin=0.985074875,U,4,342.8674912240412,unprojected,7.999999999341867e-06,0.0,7.999999999341867e-06,0.0,True
mp-570159,R3,ctp-hap:0.0001,0.001,tau=1e-06;k=0;margin=0.995,U,1,345.6800185228062,unprojected,1.199999999990098e-05,0.0,1.199999999990098e-05,0.0,True
mp-570159,R3,ctp-hap:0.0001,0.0001,tau=1e-06;k=0;margin=0.995,U,1,345.6800185228062,unprojected,1.199999999990098e-05,0.0,1.199999999990098e-05,0.0,True
mp-570159,R3,ctp-hap:0.0001,1e-05,tau=1e-06;k=0;margin=0.995,U,1,345.6800185228062,projected,1.199999999990098e-05,0.0,1.199999999990098e-05,0.0,False
mp-570159,R3,ctp-hap:0.0001,1e-05,tau=1e-06;k=1;margin=0.990025,U,2,344.9839572192513,projected,1.600000000046009e-05,0.0,1.600000000046009e-05,0.0,False
mp-570159,R3,ctp-hap:0.0001,1e-05,tau=1e-06;k=0;margin=0.995,hap:0.0001,3,344.2226540627779,projected,0.0,0.0,1.199999999990098e-05,0.0,True
mp-570159,R3,ctp-hap:0.01,0.001,tau=1e-06;k=0;margin=0.995,U,1,345.6800185228062,unprojected,1.199999999990098e-05,0.0,1.199999999990098e-05,0.0,True
mp-570159,R3,ctp-hap:0.01,0.0001,tau=1e-06;k=0;margin=0.995,U,1,345.6800185228062,unprojected,1.199999999990098e-05,0.0,1.199999999990098e-05,0.0,True
mp-570159,R3,ctp-hap:0.01,1e-05,tau=1e-06;k=0;margin=0.995,U,1,345.6800185228062,projected,1.199999999990098e-05,0.0,1.199999999990098e-05,0.0,False
mp-570159,R3,ctp-hap:0.01,1e-05,tau=1e-06;k=1;margin=0.990025,U,2,344.9839572192513,projected,1.600000000046009e-05,0.0,1.600000000046009e-05,0.0,False
mp-570159,R3,ctp-hap:0.01,1e-05,tau=1e-06;k=0;margin=0.995,hap:0.01,3,344.2226540627779,projected,0.0,0.0,1.199999999990098e-05,0.0,True
mp-570159,R3,ctp-hap:1,0.001,tau=1e-06;k=0;margin=0.995,U,1,345.6800185228062,unprojected,1.199999999990098e-05,0.0,1.199999999990098e-05,0.0,True
mp-570159,R3,ctp-hap:1,0.0001,tau=1e-06;k=0;margin=0.995,U,1,345.6800185228062,unprojected,1.199999999990098e-05,0.0,1.199999999990098e-05,0.0,True
mp-570159,R3,ctp-hap:1,1e-05,tau=1e-06;k=0;margin=0.995,U,1,345.6800185228062,projected,1.199999999990098e-05,0.0,1.199999999990098e-05,0.0,False
mp-570159,R3,ctp-hap:1,1e-05,tau=1e-06;k=1;margin=0.990025,U,2,344.9839572192513,projected,1.600000000046009e-05,0.0,1.600000000046009e-05,0.0,False
mp-570159,R3,ctp-hap:1,1e-05,tau=1e-06;k=4;margin=0.975248753,U,3,342.9575033636334,projected,1.100000000064938e-05,0.0,1.100000000064938e-05,0.0,False
mp-570159,R3,ctp-hap:1,1e-05,tau=1e-06;k=2;margin=0.985074875,U,4,342.8674912240412,unprojected,7.999999999341867e-06,0.0,7.999999999341867e-06,0.0,True
mp-570159,GF,none,0.001,ZFP;tol_rel=2.15443e-05,U,1,12.478917906883442,,3.0000000013075123e-06,0.0,3.0000000013075123e-06,0.0,True
mp-570159,GF,none,0.0001,ZFP;tol_rel=2.15443e-05,U,1,12.478917906883442,,3.0000000013075123e-06,0.0,3.0000000013075123e-06,0.0,True
mp-570159,GF,none,1e-05,ZFP;tol_rel=2.15443e-05,U,1,12.478917906883442,,3.0000000013075123e-06,0.0,3.0000000013075123e-06,0.0,True
mp-570159,GF,uniform,0.001,SZ3;tol_rel=1e-06,uniform,1,13.058799273771427,,0.0,0.0,1.999999999924285e-05,0.0,True
mp-570159,GF,uniform,0.0001,SZ3;tol_rel=1e-06,uniform,1,13.058799273771427,,0.0,0.0,1.999999999924285e-05,0.0,True
mp-570159,GF,uniform,1e-05,SZ3;tol_rel=1e-06,uniform,1,13.058799273771427,,0.0,0.0,1.999999999924285e-05,0.0,True
mp-570159,GF,hap:0.0001,0.001,ZFP;tol_rel=2.15443e-05,hap:0.0001,1,12.47701094534966,,0.0,0.0,3.0000000013075123e-06,0.0,True
mp-570159,GF,hap:0.0001,0.0001,ZFP;tol_rel=2.15443e-05,hap:0.0001,1,12.47701094534966,,0.0,0.0,3.0000000013075123e-06,0.0,True
mp-570159,GF,hap:0.0001,1e-05,ZFP;tol_rel=2.15443e-05,hap:0.0001,1,12.47701094534966,,0.0,0.0,3.0000000013075123e-06,0.0,True
mp-570159,GF,hap:0.01,0.001,ZFP;tol_rel=2.15443e-05,hap:0.01,1,12.47701094534966,,0.0,0.0,3.0000000013075123e-06,0.0,True
mp-570159,GF,hap:0.01,0.0001,ZFP;tol_rel=2.15443e-05,hap:0.01,1,12.47701094534966,,0.0,0.0,3.0000000013075123e-06,0.0,True
mp-570159,GF,hap:0.01,1e-05,ZFP;tol_rel=2.15443e-05,hap:0.01,1,12.47701094534966,,0.0,0.0,3.0000000013075123e-06,0.0,True
mp-570159,GF,hap:1,0.001,ZFP;tol_rel=2.15443e-05,hap:1,1,12.47701094534966,,0.0,0.0,3.0000000013075123e-06,0.0,True
mp-570159,GF,hap:1,0.0001,ZFP;tol_rel=2.15443e-05,hap:1,1,12.47701094534966,,0.0,0.0,3.0000000013075123e-06,0.0,True
mp-570159,GF,hap:1,1e-05,ZFP;tol_rel=2.15443e-05,hap:1,1,12.47701094534966,,0.0,0.0,3.0000000013075123e-06,0.0,True
mp-570159,GF,ctp-uniform,0.001,SZ3;tol_rel=1e-06,uniform,1,13.058782956391353,unprojected,,,1.999999999924285e-05,0.0,False
mp-570159,GF,ctp-uniform,0.001,ZFP;tol_rel=2.15443e-05,U,2,12.478903006487249,unprojected,3.0000000013075123e-06,0.0,3.0000000013075123e-06,0.0,True
mp-570159,GF,ctp-uniform,0.0001,SZ3;tol_rel=1e-06,uniform,1,13.058782956391353,unprojected,,,1.999999999924285e-05,0.0,False
mp-570159,GF,ctp-uniform,0.0001,ZFP;tol_rel=2.15443e-05,U,2,12.478903006487249,unprojected,3.0000000013075123e-06,0.0,3.0000000013075123e-06,0.0,True
mp-570159,GF,ctp-uniform,1e-05,SZ3;tol_rel=1e-06,uniform,1,13.058782956391353,projected,0.0,0.0,1.999999999924285e-05,0.0,True
mp-570159,GF,ctp-hap:0.0001,0.001,ZFP;tol_rel=2.15443e-05,U,1,12.478903006487249,unprojected,3.0000000013075123e-06,0.0,3.0000000013075123e-06,0.0,True
mp-570159,GF,ctp-hap:0.0001,0.0001,ZFP;tol_rel=2.15443e-05,U,1,12.478903006487249,unprojected,3.0000000013075123e-06,0.0,3.0000000013075123e-06,0.0,True
mp-570159,GF,ctp-hap:0.0001,1e-05,ZFP;tol_rel=2.15443e-05,U,1,12.478903006487249,unprojected,3.0000000013075123e-06,0.0,3.0000000013075123e-06,0.0,True
mp-570159,GF,ctp-hap:0.01,0.001,ZFP;tol_rel=2.15443e-05,U,1,12.478903006487249,unprojected,3.0000000013075123e-06,0.0,3.0000000013075123e-06,0.0,True
mp-570159,GF,ctp-hap:0.01,0.0001,ZFP;tol_rel=2.15443e-05,U,1,12.478903006487249,unprojected,3.0000000013075123e-06,0.0,3.0000000013075123e-06,0.0,True
mp-570159,GF,ctp-hap:0.01,1e-05,ZFP;tol_rel=2.15443e-05,U,1,12.478903006487249,unprojected,3.0000000013075123e-06,0.0,3.0000000013075123e-06,0.0,True
mp-570159,GF,ctp-hap:1,0.001,ZFP;tol_rel=2.15443e-05,U,1,12.478903006487249,unprojected,3.0000000013075123e-06,0.0,3.0000000013075123e-06,0.0,True
mp-570159,GF,ctp-hap:1,0.0001,ZFP;tol_rel=2.15443e-05,U,1,12.478903006487249,unprojected,3.0000000013075123e-06,0.0,3.0000000013075123e-06,0.0,True
mp-570159,GF,ctp-hap:1,1e-05,ZFP;tol_rel=2.15443e-05,U,1,12.478903006487249,unprojected,3.0000000013075123e-06,0.0,3.0000000013075123e-06,0.0,True
mp-2310607,J,none,0.001,alpha_rel=0.00464159,U,1,273.4312416555407,,1.9999999998354667e-06,0.0,1.9999999998354667e-06,0.0,True
mp-2310607,J,none,0.0001,alpha_rel=0.00464159,U,1,273.4312416555407,,1.9999999998354667e-06,0.0,1.9999999998354667e-06,0.0,True
mp-2310607,J,none,1e-05,alpha_rel=0.00464159,U,1,273.4312416555407,,1.9999999998354667e-06,0.0,1.9999999998354667e-06,0.0,True
mp-2310607,J,uniform,0.001,alpha_rel=0.00464159,uniform,1,271.8183158826132,,0.0,0.0,1.9999999998354667e-06,0.0,True
mp-2310607,J,uniform,0.0001,alpha_rel=0.00464159,uniform,1,271.8183158826132,,0.0,0.0,1.9999999998354667e-06,0.0,True
mp-2310607,J,uniform,1e-05,alpha_rel=0.00464159,uniform,1,271.8183158826132,,0.0,0.0,1.9999999998354667e-06,0.0,True
mp-2310607,J,hap:0.0001,0.001,alpha_rel=0.00464159,hap:0.0001,1,271.6580692704495,,0.0,0.0,1.9999999998354667e-06,0.0,True
mp-2310607,J,hap:0.0001,0.0001,alpha_rel=0.00464159,hap:0.0001,1,271.6580692704495,,0.0,0.0,1.9999999998354667e-06,0.0,True
mp-2310607,J,hap:0.0001,1e-05,alpha_rel=0.00464159,hap:0.0001,1,271.6580692704495,,0.0,0.0,1.9999999998354667e-06,0.0,True
mp-2310607,J,hap:0.01,0.001,alpha_rel=0.00464159,hap:0.01,1,271.6580692704495,,0.0,0.0,1.9999999998354667e-06,0.0,True
mp-2310607,J,hap:0.01,0.0001,alpha_rel=0.00464159,hap:0.01,1,271.6580692704495,,0.0,0.0,1.9999999998354667e-06,0.0,True
mp-2310607,J,hap:0.01,1e-05,alpha_rel=0.00464159,hap:0.01,1,271.6580692704495,,0.0,0.0,1.9999999998354667e-06,0.0,True
mp-2310607,J,hap:1,0.001,alpha_rel=0.00464159,hap:1,1,271.6580692704495,,0.0,0.0,1.9999999998354667e-06,0.0,True
mp-2310607,J,hap:1,0.0001,alpha_rel=0.00464159,hap:1,1,271.6580692704495,,0.0,0.0,1.9999999998354667e-06,0.0,True
mp-2310607,J,hap:1,1e-05,alpha_rel=0.00464159,hap:1,1,271.6580692704495,,0.0,0.0,1.9999999998354667e-06,0.0,True
mp-2310607,J,ctp-uniform,0.001,alpha_rel=0.00464159,U,1,273.4109619520878,unprojected,1.9999999998354667e-06,0.0,1.9999999998354667e-06,0.0,True
mp-2310607,J,ctp-uniform,0.0001,alpha_rel=0.00464159,U,1,273.4109619520878,unprojected,1.9999999998354667e-06,0.0,1.9999999998354667e-06,0.0,True
mp-2310607,J,ctp-uniform,1e-05,alpha_rel=0.00464159,U,1,273.4109619520878,unprojected,1.9999999998354667e-06,0.0,1.9999999998354667e-06,0.0,True
mp-2310607,J,ctp-hap:0.0001,0.001,alpha_rel=0.00464159,U,1,273.4109619520878,unprojected,1.9999999998354667e-06,0.0,1.9999999998354667e-06,0.0,True
mp-2310607,J,ctp-hap:0.0001,0.0001,alpha_rel=0.00464159,U,1,273.4109619520878,unprojected,1.9999999998354667e-06,0.0,1.9999999998354667e-06,0.0,True
mp-2310607,J,ctp-hap:0.0001,1e-05,alpha_rel=0.00464159,U,1,273.4109619520878,unprojected,1.9999999998354667e-06,0.0,1.9999999998354667e-06,0.0,True
mp-2310607,J,ctp-hap:0.01,0.001,alpha_rel=0.00464159,U,1,273.4109619520878,unprojected,1.9999999998354667e-06,0.0,1.9999999998354667e-06,0.0,True
mp-2310607,J,ctp-hap:0.01,0.0001,alpha_rel=0.00464159,U,1,273.4109619520878,unprojected,1.9999999998354667e-06,0.0,1.9999999998354667e-06,0.0,True
mp-2310607,J,ctp-hap:0.01,1e-05,alpha_rel=0.00464159,U,1,273.4109619520878,unprojected,1.9999999998354667e-06,0.0,1.9999999998354667e-06,0.0,True
mp-2310607,J,ctp-hap:1,0.001,alpha_rel=0.00464159,U,1,273.4109619520878,unprojected,1.9999999998354667e-06,0.0,1.9999999998354667e-06,0.0,True
mp-2310607,J,ctp-hap:1,0.0001,alpha_rel=0.00464159,U,1,273.4109619520878,unprojected,1.9999999998354667e-06,0.0,1.9999999998354667e-06,0.0,True
mp-2310607,J,ctp-hap:1,1e-05,alpha_rel=0.00464159,U,1,273.4109619520878,unprojected,1.9999999998354667e-06,0.0,1.9999999998354667e-06,0.0,True
mp-2310607,T1,none,0.001,q_cut=0.3;alpha_rel=4.64159e-05,U,1,225.1511635008856,,1.000000000139778e-06,0.0,1.000000000139778e-06,0.0,True
mp-2310607,T1,none,0.0001,q_cut=0.3;alpha_rel=4.64159e-05,U,1,225.1511635008856,,1.000000000139778e-06,0.0,1.000000000139778e-06,0.0,True
mp-2310607,T1,none,1e-05,q_cut=0.3;alpha_rel=4.64159e-05,U,1,225.1511635008856,,1.000000000139778e-06,0.0,1.000000000139778e-06,0.0,True
mp-2310607,T1,uniform,0.001,q_cut=0.3;alpha_rel=4.64159e-05,uniform,1,224.0564030875828,,0.0,0.0,1.000000000139778e-06,0.0,True
mp-2310607,T1,uniform,0.0001,q_cut=0.3;alpha_rel=4.64159e-05,uniform,1,224.0564030875828,,0.0,0.0,1.000000000139778e-06,0.0,True
mp-2310607,T1,uniform,1e-05,q_cut=0.3;alpha_rel=4.64159e-05,uniform,1,224.0564030875828,,0.0,0.0,1.000000000139778e-06,0.0,True
mp-2310607,T1,hap:0.0001,0.001,q_cut=0.3;alpha_rel=4.64159e-05,hap:0.0001,1,223.94751230180427,,0.0,0.0,1.000000000139778e-06,0.0,True
mp-2310607,T1,hap:0.0001,0.0001,q_cut=0.3;alpha_rel=4.64159e-05,hap:0.0001,1,223.94751230180427,,0.0,0.0,1.000000000139778e-06,0.0,True
mp-2310607,T1,hap:0.0001,1e-05,q_cut=0.3;alpha_rel=4.64159e-05,hap:0.0001,1,223.94751230180427,,0.0,0.0,1.000000000139778e-06,0.0,True
mp-2310607,T1,hap:0.01,0.001,q_cut=0.3;alpha_rel=4.64159e-05,hap:0.01,1,223.94751230180427,,0.0,0.0,1.000000000139778e-06,0.0,True
mp-2310607,T1,hap:0.01,0.0001,q_cut=0.3;alpha_rel=4.64159e-05,hap:0.01,1,223.94751230180427,,0.0,0.0,1.000000000139778e-06,0.0,True
mp-2310607,T1,hap:0.01,1e-05,q_cut=0.3;alpha_rel=4.64159e-05,hap:0.01,1,223.94751230180427,,0.0,0.0,1.000000000139778e-06,0.0,True
mp-2310607,T1,hap:1,0.001,q_cut=0.3;alpha_rel=4.64159e-05,hap:1,1,223.94751230180427,,0.0,0.0,1.000000000139778e-06,0.0,True
mp-2310607,T1,hap:1,0.0001,q_cut=0.3;alpha_rel=4.64159e-05,hap:1,1,223.94751230180427,,0.0,0.0,1.000000000139778e-06,0.0,True
mp-2310607,T1,hap:1,1e-05,q_cut=0.3;alpha_rel=4.64159e-05,hap:1,1,223.94751230180427,,0.0,0.0,1.000000000139778e-06,0.0,True
mp-2310607,T1,ctp-uniform,0.001,q_cut=0.3;alpha_rel=4.64159e-05,U,1,225.13741297178453,unprojected,1.000000000139778e-06,0.0,1.000000000139778e-06,0.0,True
mp-2310607,T1,ctp-uniform,0.0001,q_cut=0.3;alpha_rel=4.64159e-05,U,1,225.13741297178453,unprojected,1.000000000139778e-06,0.0,1.000000000139778e-06,0.0,True
mp-2310607,T1,ctp-uniform,1e-05,q_cut=0.3;alpha_rel=4.64159e-05,U,1,225.13741297178453,unprojected,1.000000000139778e-06,0.0,1.000000000139778e-06,0.0,True
mp-2310607,T1,ctp-hap:0.0001,0.001,q_cut=0.3;alpha_rel=4.64159e-05,U,1,225.13741297178453,unprojected,1.000000000139778e-06,0.0,1.000000000139778e-06,0.0,True
mp-2310607,T1,ctp-hap:0.0001,0.0001,q_cut=0.3;alpha_rel=4.64159e-05,U,1,225.13741297178453,unprojected,1.000000000139778e-06,0.0,1.000000000139778e-06,0.0,True
mp-2310607,T1,ctp-hap:0.0001,1e-05,q_cut=0.3;alpha_rel=4.64159e-05,U,1,225.13741297178453,unprojected,1.000000000139778e-06,0.0,1.000000000139778e-06,0.0,True
mp-2310607,T1,ctp-hap:0.01,0.001,q_cut=0.3;alpha_rel=4.64159e-05,U,1,225.13741297178453,unprojected,1.000000000139778e-06,0.0,1.000000000139778e-06,0.0,True
mp-2310607,T1,ctp-hap:0.01,0.0001,q_cut=0.3;alpha_rel=4.64159e-05,U,1,225.13741297178453,unprojected,1.000000000139778e-06,0.0,1.000000000139778e-06,0.0,True
mp-2310607,T1,ctp-hap:0.01,1e-05,q_cut=0.3;alpha_rel=4.64159e-05,U,1,225.13741297178453,unprojected,1.000000000139778e-06,0.0,1.000000000139778e-06,0.0,True
mp-2310607,T1,ctp-hap:1,0.001,q_cut=0.3;alpha_rel=4.64159e-05,U,1,225.13741297178453,unprojected,1.000000000139778e-06,0.0,1.000000000139778e-06,0.0,True
mp-2310607,T1,ctp-hap:1,0.0001,q_cut=0.3;alpha_rel=4.64159e-05,U,1,225.13741297178453,unprojected,1.000000000139778e-06,0.0,1.000000000139778e-06,0.0,True
mp-2310607,T1,ctp-hap:1,1e-05,q_cut=0.3;alpha_rel=4.64159e-05,U,1,225.13741297178453,unprojected,1.000000000139778e-06,0.0,1.000000000139778e-06,0.0,True
mp-2310607,R3,none,0.001,tau=1e-06;k=0;margin=0.995,U,1,435.1274787535411,,0.0,0.0,0.0,0.0,True
mp-2310607,R3,none,0.0001,tau=1e-06;k=0;margin=0.995,U,1,435.1274787535411,,0.0,0.0,0.0,0.0,True
mp-2310607,R3,none,1e-05,tau=1e-06;k=0;margin=0.995,U,1,435.1274787535411,,0.0,0.0,0.0,0.0,True
mp-2310607,R3,uniform,0.001,tau=1e-06;k=3;margin=0.980149501,uniform,1,428.45188284518827,,0.0,0.0,0.0,0.0,True
mp-2310607,R3,uniform,0.0001,tau=1e-06;k=3;margin=0.980149501,uniform,1,428.45188284518827,,0.0,0.0,0.0,0.0,True
mp-2310607,R3,uniform,1e-05,tau=1e-06;k=3;margin=0.980149501,uniform,1,428.45188284518827,,0.0,0.0,0.0,0.0,True
mp-2310607,R3,hap:0.0001,0.001,tau=1e-06;k=0;margin=0.995,hap:0.0001,1,430.6542056074766,,0.0,0.0,0.0,0.0,True
mp-2310607,R3,hap:0.0001,0.0001,tau=1e-06;k=0;margin=0.995,hap:0.0001,1,430.6542056074766,,0.0,0.0,0.0,0.0,True
mp-2310607,R3,hap:0.0001,1e-05,tau=1e-06;k=0;margin=0.995,hap:0.0001,1,430.6542056074766,,0.0,0.0,0.0,0.0,True
mp-2310607,R3,hap:0.01,0.001,tau=1e-06;k=0;margin=0.995,hap:0.01,1,430.6542056074766,,0.0,0.0,0.0,0.0,True
mp-2310607,R3,hap:0.01,0.0001,tau=1e-06;k=0;margin=0.995,hap:0.01,1,430.6542056074766,,0.0,0.0,0.0,0.0,True
mp-2310607,R3,hap:0.01,1e-05,tau=1e-06;k=0;margin=0.995,hap:0.01,1,430.6542056074766,,0.0,0.0,0.0,0.0,True
mp-2310607,R3,hap:1,0.001,tau=1e-06;k=0;margin=0.995,hap:1,1,430.6542056074766,,0.0,0.0,0.0,0.0,True
mp-2310607,R3,hap:1,0.0001,tau=1e-06;k=0;margin=0.995,hap:1,1,430.6542056074766,,0.0,0.0,0.0,0.0,True
mp-2310607,R3,hap:1,1e-05,tau=1e-06;k=0;margin=0.995,hap:1,1,430.6542056074766,,0.0,0.0,0.0,0.0,True
mp-2310607,R3,ctp-uniform,0.001,tau=1e-06;k=0;margin=0.995,U,1,435.0761241590936,unprojected,0.0,0.0,0.0,0.0,True
mp-2310607,R3,ctp-uniform,0.0001,tau=1e-06;k=0;margin=0.995,U,1,435.0761241590936,unprojected,0.0,0.0,0.0,0.0,True
mp-2310607,R3,ctp-uniform,1e-05,tau=1e-06;k=0;margin=0.995,U,1,435.0761241590936,unprojected,0.0,0.0,0.0,0.0,True
mp-2310607,R3,ctp-hap:0.0001,0.001,tau=1e-06;k=0;margin=0.995,U,1,435.0761241590936,unprojected,0.0,0.0,0.0,0.0,True
mp-2310607,R3,ctp-hap:0.0001,0.0001,tau=1e-06;k=0;margin=0.995,U,1,435.0761241590936,unprojected,0.0,0.0,0.0,0.0,True
mp-2310607,R3,ctp-hap:0.0001,1e-05,tau=1e-06;k=0;margin=0.995,U,1,435.0761241590936,unprojected,0.0,0.0,0.0,0.0,True
mp-2310607,R3,ctp-hap:0.01,0.001,tau=1e-06;k=0;margin=0.995,U,1,435.0761241590936,unprojected,0.0,0.0,0.0,0.0,True
mp-2310607,R3,ctp-hap:0.01,0.0001,tau=1e-06;k=0;margin=0.995,U,1,435.0761241590936,unprojected,0.0,0.0,0.0,0.0,True
mp-2310607,R3,ctp-hap:0.01,1e-05,tau=1e-06;k=0;margin=0.995,U,1,435.0761241590936,unprojected,0.0,0.0,0.0,0.0,True
mp-2310607,R3,ctp-hap:1,0.001,tau=1e-06;k=0;margin=0.995,U,1,435.0761241590936,unprojected,0.0,0.0,0.0,0.0,True
mp-2310607,R3,ctp-hap:1,0.0001,tau=1e-06;k=0;margin=0.995,U,1,435.0761241590936,unprojected,0.0,0.0,0.0,0.0,True
mp-2310607,R3,ctp-hap:1,1e-05,tau=1e-06;k=0;margin=0.995,U,1,435.0761241590936,unprojected,0.0,0.0,0.0,0.0,True
mp-2310607,GF,none,0.001,ZFP;tol_rel=0.000215443,U,1,11.993753253513797,,9.999999996956888e-07,0.0,9.999999996956888e-07,0.0,True
mp-2310607,GF,none,0.0001,ZFP;tol_rel=0.000215443,U,1,11.993753253513797,,9.999999996956888e-07,0.0,9.999999996956888e-07,0.0,True
mp-2310607,GF,none,1e-05,ZFP;tol_rel=0.000215443,U,1,11.993753253513797,,9.999999996956888e-07,0.0,9.999999996956888e-07,0.0,True
mp-2310607,GF,uniform,0.001,ZFP;tol_rel=0.000215443,uniform,1,11.990632318501172,,0.0,0.0,9.999999996956888e-07,0.0,True
mp-2310607,GF,uniform,0.0001,ZFP;tol_rel=0.000215443,uniform,1,11.990632318501172,,0.0,0.0,9.999999996956888e-07,0.0,True
mp-2310607,GF,uniform,1e-05,ZFP;tol_rel=0.000215443,uniform,1,11.990632318501172,,0.0,0.0,9.999999996956888e-07,0.0,True
mp-2310607,GF,hap:0.0001,0.001,ZFP;tol_rel=0.000215443,hap:0.0001,1,11.990320314329578,,0.0,0.0,9.999999996956888e-07,0.0,True
mp-2310607,GF,hap:0.0001,0.0001,ZFP;tol_rel=0.000215443,hap:0.0001,1,11.990320314329578,,0.0,0.0,9.999999996956888e-07,0.0,True
mp-2310607,GF,hap:0.0001,1e-05,ZFP;tol_rel=0.000215443,hap:0.0001,1,11.990320314329578,,0.0,0.0,9.999999996956888e-07,0.0,True
mp-2310607,GF,hap:0.01,0.001,ZFP;tol_rel=0.000215443,hap:0.01,1,11.990320314329578,,0.0,0.0,9.999999996956888e-07,0.0,True
mp-2310607,GF,hap:0.01,0.0001,ZFP;tol_rel=0.000215443,hap:0.01,1,11.990320314329578,,0.0,0.0,9.999999996956888e-07,0.0,True
mp-2310607,GF,hap:0.01,1e-05,ZFP;tol_rel=0.000215443,hap:0.01,1,11.990320314329578,,0.0,0.0,9.999999996956888e-07,0.0,True
mp-2310607,GF,hap:1,0.001,ZFP;tol_rel=0.000215443,hap:1,1,11.990320314329578,,0.0,0.0,9.999999996956888e-07,0.0,True
mp-2310607,GF,hap:1,0.0001,ZFP;tol_rel=0.000215443,hap:1,1,11.990320314329578,,0.0,0.0,9.999999996956888e-07,0.0,True
mp-2310607,GF,hap:1,1e-05,ZFP;tol_rel=0.000215443,hap:1,1,11.990320314329578,,0.0,0.0,9.999999996956888e-07,0.0,True
mp-2310607,GF,ctp-uniform,0.001,ZFP;tol_rel=0.000215443,U,1,11.993714231799087,unprojected,9.999999996956888e-07,0.0,9.999999996956888e-07,0.0,True
mp-2310607,GF,ctp-uniform,0.0001,ZFP;tol_rel=0.000215443,U,1,11.993714231799087,unprojected,9.999999996956888e-07,0.0,9.999999996956888e-07,0.0,True
mp-2310607,GF,ctp-uniform,1e-05,ZFP;tol_rel=0.000215443,U,1,11.993714231799087,unprojected,9.999999996956888e-07,0.0,9.999999996956888e-07,0.0,True
mp-2310607,GF,ctp-hap:0.0001,0.001,ZFP;tol_rel=0.000215443,U,1,11.993714231799087,unprojected,9.999999996956888e-07,0.0,9.999999996956888e-07,0.0,True
mp-2310607,GF,ctp-hap:0.0001,0.0001,ZFP;tol_rel=0.000215443,U,1,11.993714231799087,unprojected,9.999999996956888e-07,0.0,9.999999996956888e-07,0.0,True
mp-2310607,GF,ctp-hap:0.0001,1e-05,ZFP;tol_rel=0.000215443,U,1,11.993714231799087,unprojected,9.999999996956888e-07,0.0,9.999999996956888e-07,0.0,True
mp-2310607,GF,ctp-hap:0.01,0.001,ZFP;tol_rel=0.000215443,U,1,11.993714231799087,unprojected,9.999999996956888e-07,0.0,9.999999996956888e-07,0.0,True
mp-2310607,GF,ctp-hap:0.01,0.0001,ZFP;tol_rel=0.000215443,U,1,11.993714231799087,unprojected,9.999999996956888e-07,0.0,9.999999996956888e-07,0.0,True
mp-2310607,GF,ctp-hap:0.01,1e-05,ZFP;tol_rel=0.000215443,U,1,11.993714231799087,unprojected,9.999999996956888e-07,0.0,9.999999996956888e-07,0.0,True
mp-2310607,GF,ctp-hap:1,0.001,ZFP;tol_rel=0.000215443,U,1,11.993714231799087,unprojected,9.999999996956888e-07,0.0,9.999999996956888e-07,0.0,True
mp-2310607,GF,ctp-hap:1,0.0001,ZFP;tol_rel=0.000215443,U,1,11.993714231799087,unprojected,9.999999996956888e-07,0.0,9.999999996956888e-07,0.0,True
mp-2310607,GF,ctp-hap:1,1e-05,ZFP;tol_rel=0.000215443,U,1,11.993714231799087,unprojected,9.999999996956888e-07,0.0,9.999999996956888e-07,0.0,True
mp-2038376,J,none,0.001,alpha_rel=0.0464159,U,1,1013.1996754710176,,5.999999999950489e-06,0.0,5.999999999950489e-06,0.0,True
mp-2038376,J,none,0.0001,alpha_rel=0.0464159,U,1,1013.1996754710176,,5.999999999950489e-06,0.0,5.999999999950489e-06,0.0,True
mp-2038376,J,none,1e-05,alpha_rel=0.0464159,U,1,1013.1996754710176,,5.999999999950489e-06,0.0,5.999999999950489e-06,0.0,True
mp-2038376,J,uniform,0.001,alpha_rel=0.0215443,uniform,1,850.8913619501855,,0.0,0.0,1.0000000010279564e-06,0.0,True
mp-2038376,J,uniform,0.0001,alpha_rel=0.0215443,uniform,1,850.8913619501855,,0.0,0.0,1.0000000010279564e-06,0.0,True
mp-2038376,J,uniform,1e-05,alpha_rel=0.0215443,uniform,1,850.8913619501855,,0.0,0.0,1.0000000010279564e-06,0.0,True
mp-2038376,J,hap:0.0001,0.001,alpha_rel=0.0464159,hap:0.0001,1,1007.3876490095904,,0.0,0.0,5.999999999950489e-06,0.0,True
mp-2038376,J,hap:0.0001,0.0001,alpha_rel=0.0464159,hap:0.0001,1,1007.3876490095904,,0.0,0.0,5.999999999950489e-06,0.0,True
mp-2038376,J,hap:0.0001,1e-05,alpha_rel=0.0464159,hap:0.0001,1,1007.3876490095904,,0.0,0.0,5.999999999950489e-06,0.0,True
mp-2038376,J,hap:0.01,0.001,alpha_rel=0.0464159,hap:0.01,1,1007.3876490095904,,0.0,0.0,5.999999999950489e-06,0.0,True
mp-2038376,J,hap:0.01,0.0001,alpha_rel=0.0464159,hap:0.01,1,1007.3876490095904,,0.0,0.0,5.999999999950489e-06,0.0,True
mp-2038376,J,hap:0.01,1e-05,alpha_rel=0.0464159,hap:0.01,1,1007.3876490095904,,0.0,0.0,5.999999999950489e-06,0.0,True
mp-2038376,J,hap:1,0.001,alpha_rel=0.0215443,hap:1,1,850.3763335098737,,0.0,0.0,1.0000000010279564e-06,0.0,True
mp-2038376,J,hap:1,0.0001,alpha_rel=0.0215443,hap:1,1,850.3763335098737,,0.0,0.0,1.0000000010279564e-06,0.0,True
mp-2038376,J,hap:1,1e-05,alpha_rel=0.0215443,hap:1,1,850.3763335098737,,0.0,0.0,1.0000000010279564e-06,0.0,True
mp-2038376,J,ctp-uniform,0.001,alpha_rel=0.0464159,U,1,1013.1083468541552,unprojected,5.999999999950489e-06,0.0,5.999999999950489e-06,0.0,True
mp-2038376,J,ctp-uniform,0.0001,alpha_rel=0.0464159,U,1,1013.1083468541552,unprojected,5.999999999950489e-06,0.0,5.999999999950489e-06,0.0,True
mp-2038376,J,ctp-uniform,1e-05,alpha_rel=0.0464159,U,1,1013.1083468541552,unprojected,5.999999999950489e-06,0.0,5.999999999950489e-06,0.0,True
mp-2038376,J,ctp-hap:0.0001,0.001,alpha_rel=0.0464159,U,1,1013.1083468541552,unprojected,5.999999999950489e-06,0.0,5.999999999950489e-06,0.0,True
mp-2038376,J,ctp-hap:0.0001,0.0001,alpha_rel=0.0464159,U,1,1013.1083468541552,unprojected,5.999999999950489e-06,0.0,5.999999999950489e-06,0.0,True
mp-2038376,J,ctp-hap:0.0001,1e-05,alpha_rel=0.0464159,U,1,1013.1083468541552,unprojected,5.999999999950489e-06,0.0,5.999999999950489e-06,0.0,True
mp-2038376,J,ctp-hap:0.01,0.001,alpha_rel=0.0464159,U,1,1013.1083468541552,unprojected,5.999999999950489e-06,0.0,5.999999999950489e-06,0.0,True
mp-2038376,J,ctp-hap:0.01,0.0001,alpha_rel=0.0464159,U,1,1013.1083468541552,unprojected,5.999999999950489e-06,0.0,5.999999999950489e-06,0.0,True
mp-2038376,J,ctp-hap:0.01,1e-05,alpha_rel=0.0464159,U,1,1013.1083468541552,unprojected,5.999999999950489e-06,0.0,5.999999999950489e-06,0.0,True
mp-2038376,J,ctp-hap:1,0.001,alpha_rel=0.0464159,U,1,1013.1083468541552,unprojected,5.999999999950489e-06,0.0,5.999999999950489e-06,0.0,True
mp-2038376,J,ctp-hap:1,0.0001,alpha_rel=0.0464159,U,1,1013.1083468541552,unprojected,5.999999999950489e-06,0.0,5.999999999950489e-06,0.0,True
mp-2038376,J,ctp-hap:1,1e-05,alpha_rel=0.0464159,U,1,1013.1083468541552,unprojected,5.999999999950489e-06,0.0,5.999999999950489e-06,0.0,True
mp-2038376,T1,none,0.001,q_cut=0.1;alpha_rel=2.15443e-05,U,1,1294.8645161290322,,9.000000000369823e-06,0.0,9.000000000369823e-06,0.0,True
mp-2038376,T1,none,0.0001,q_cut=0.1;alpha_rel=2.15443e-05,U,1,1294.8645161290322,,9.000000000369823e-06,0.0,9.000000000369823e-06,0.0,True
mp-2038376,T1,none,1e-05,q_cut=0.1;alpha_rel=2.15443e-05,U,1,1294.8645161290322,,9.000000000369823e-06,0.0,9.000000000369823e-06,0.0,True
mp-2038376,T1,uniform,0.001,q_cut=0.15;alpha_rel=4.64159e-05,uniform,1,735.5162620247366,,0.0,0.0,3.999999999670933e-06,0.0,True
mp-2038376,T1,uniform,0.0001,q_cut=0.15;alpha_rel=4.64159e-05,uniform,1,735.5162620247366,,0.0,0.0,3.999999999670933e-06,0.0,True
mp-2038376,T1,uniform,1e-05,q_cut=0.15;alpha_rel=4.64159e-05,uniform,1,735.5162620247366,,0.0,0.0,3.999999999670933e-06,0.0,True
mp-2038376,T1,hap:0.0001,0.001,q_cut=0.1;alpha_rel=2.15443e-05,hap:0.0001,1,1285.3870082342178,,0.0,0.0,9.000000000369823e-06,0.0,True
mp-2038376,T1,hap:0.0001,0.0001,q_cut=0.1;alpha_rel=2.15443e-05,hap:0.0001,1,1285.3870082342178,,0.0,0.0,9.000000000369823e-06,0.0,True
mp-2038376,T1,hap:0.0001,1e-05,q_cut=0.1;alpha_rel=2.15443e-05,hap:0.0001,1,1285.3870082342178,,0.0,0.0,9.000000000369823e-06,0.0,True
mp-2038376,T1,hap:0.01,0.001,q_cut=0.1;alpha_rel=2.15443e-05,hap:0.01,1,1285.3870082342178,,0.0,0.0,9.000000000369823e-06,0.0,True
mp-2038376,T1,hap:0.01,0.0001,q_cut=0.1;alpha_rel=2.15443e-05,hap:0.01,1,1285.3870082342178,,0.0,0.0,9.000000000369823e-06,0.0,True
mp-2038376,T1,hap:0.01,1e-05,q_cut=0.1;alpha_rel=2.15443e-05,hap:0.01,1,1285.3870082342178,,0.0,0.0,9.000000000369823e-06,0.0,True
mp-2038376,T1,hap:1,0.001,q_cut=0.1;alpha_rel=2.15443e-05,hap:1,1,1285.3870082342178,,0.0,0.0,9.000000000369823e-06,0.0,True
mp-2038376,T1,hap:1,0.0001,q_cut=0.1;alpha_rel=2.15443e-05,hap:1,1,1285.3870082342178,,0.0,0.0,9.000000000369823e-06,0.0,True
mp-2038376,T1,hap:1,1e-05,q_cut=0.1;alpha_rel=2.15443e-05,hap:1,1,1285.3870082342178,,0.0,0.0,9.000000000369823e-06,0.0,True
mp-2038376,T1,ctp-uniform,0.001,q_cut=0.1;alpha_rel=2.15443e-05,U,1,1294.7153553738049,unprojected,9.000000000369823e-06,0.0,9.000000000369823e-06,0.0,True
mp-2038376,T1,ctp-uniform,0.0001,q_cut=0.1;alpha_rel=2.15443e-05,U,1,1294.7153553738049,unprojected,9.000000000369823e-06,0.0,9.000000000369823e-06,0.0,True
mp-2038376,T1,ctp-uniform,1e-05,q_cut=0.1;alpha_rel=2.15443e-05,U,1,1294.7153553738049,unprojected,9.000000000369823e-06,0.0,9.000000000369823e-06,0.0,True
mp-2038376,T1,ctp-hap:0.0001,0.001,q_cut=0.1;alpha_rel=2.15443e-05,U,1,1294.7153553738049,unprojected,9.000000000369823e-06,0.0,9.000000000369823e-06,0.0,True
mp-2038376,T1,ctp-hap:0.0001,0.0001,q_cut=0.1;alpha_rel=2.15443e-05,U,1,1294.7153553738049,unprojected,9.000000000369823e-06,0.0,9.000000000369823e-06,0.0,True
mp-2038376,T1,ctp-hap:0.0001,1e-05,q_cut=0.1;alpha_rel=2.15443e-05,U,1,1294.7153553738049,unprojected,9.000000000369823e-06,0.0,9.000000000369823e-06,0.0,True
mp-2038376,T1,ctp-hap:0.01,0.001,q_cut=0.1;alpha_rel=2.15443e-05,U,1,1294.7153553738049,unprojected,9.000000000369823e-06,0.0,9.000000000369823e-06,0.0,True
mp-2038376,T1,ctp-hap:0.01,0.0001,q_cut=0.1;alpha_rel=2.15443e-05,U,1,1294.7153553738049,unprojected,9.000000000369823e-06,0.0,9.000000000369823e-06,0.0,True
mp-2038376,T1,ctp-hap:0.01,1e-05,q_cut=0.1;alpha_rel=2.15443e-05,U,1,1294.7153553738049,unprojected,9.000000000369823e-06,0.0,9.000000000369823e-06,0.0,True
mp-2038376,T1,ctp-hap:1,0.001,q_cut=0.1;alpha_rel=2.15443e-05,U,1,1294.7153553738049,unprojected,9.000000000369823e-06,0.0,9.000000000369823e-06,0.0,True
mp-2038376,T1,ctp-hap:1,0.0001,q_cut=0.1;alpha_rel=2.15443e-05,U,1,1294.7153553738049,unprojected,9.000000000369823e-06,0.0,9.000000000369823e-06,0.0,True
mp-2038376,T1,ctp-hap:1,1e-05,q_cut=0.1;alpha_rel=2.15443e-05,U,1,1294.7153553738049,unprojected,9.000000000369823e-06,0.0,9.000000000369823e-06,0.0,True
mp-2038376,R3,none,0.001,tau=1e-06;k=0;margin=0.995,U,1,1522.9571815718157,,1.00000000005096e-05,0.0,1.00000000005096e-05,0.0,True
mp-2038376,R3,none,0.0001,tau=1e-06;k=0;margin=0.995,U,1,1522.9571815718157,,1.00000000005096e-05,0.0,1.00000000005096e-05,0.0,True
mp-2038376,R3,none,1e-05,tau=1e-06;k=0;margin=0.995,U,1,1522.9571815718157,,1.00000000005096e-05,0.0,1.00000000005096e-05,0.0,False
mp-2038376,R3,none,1e-05,tau=1e-06;k=1;margin=0.990025,U,2,1522.3383448462685,,9.000000000369823e-06,0.0,9.000000000369823e-06,0.0,True
mp-2038376,R3,hap:0.0001,0.001,tau=1e-06;k=0;margin=0.995,hap:0.0001,1,1509.863514239656,,0.0,0.0,1.00000000005096e-05,0.0,True
mp-2038376,R3,hap:0.0001,0.0001,tau=1e-06;k=0;margin=0.995,hap:0.0001,1,1509.863514239656,,0.0,0.0,1.00000000005096e-05,0.0,True
mp-2038376,R3,hap:0.0001,1e-05,tau=1e-06;k=0;margin=0.995,hap:0.0001,1,1509.863514239656,,0.0,0.0,1.00000000005096e-05,0.0,True
mp-2038376,R3,hap:0.01,0.001,tau=1e-06;k=0;margin=0.995,hap:0.01,1,1509.863514239656,,0.0,0.0,1.00000000005096e-05,0.0,True
mp-2038376,R3,hap:0.01,0.0001,tau=1e-06;k=0;margin=0.995,hap:0.01,1,1509.863514239656,,0.0,0.0,1.00000000005096e-05,0.0,True
mp-2038376,R3,hap:0.01,1e-05,tau=1e-06;k=0;margin=0.995,hap:0.01,1,1509.863514239656,,0.0,0.0,1.00000000005096e-05,0.0,True
mp-2038376,R3,ctp-uniform,0.001,tau=1e-06;k=0;margin=0.995,U,1,1522.7508467687303,unprojected,1.00000000005096e-05,0.0,1.00000000005096e-05,0.0,True
mp-2038376,R3,ctp-uniform,0.0001,tau=1e-06;k=0;margin=0.995,U,1,1522.7508467687303,unprojected,1.00000000005096e-05,0.0,1.00000000005096e-05,0.0,True
mp-2038376,R3,ctp-uniform,1e-05,tau=1e-06;k=0;margin=0.995,U,1,1522.7508467687303,projected,1.00000000005096e-05,0.0,1.00000000005096e-05,0.0,False
mp-2038376,R3,ctp-uniform,1e-05,tau=1e-06;k=1;margin=0.990025,U,2,1522.1321776814734,unprojected,9.000000000369823e-06,0.0,9.000000000369823e-06,0.0,True
mp-2038376,R3,ctp-hap:0.0001,0.001,tau=1e-06;k=0;margin=0.995,U,1,1522.7508467687303,unprojected,1.00000000005096e-05,0.0,1.00000000005096e-05,0.0,True
mp-2038376,R3,ctp-hap:0.0001,0.0001,tau=1e-06;k=0;margin=0.995,U,1,1522.7508467687303,unprojected,1.00000000005096e-05,0.0,1.00000000005096e-05,0.0,True
mp-2038376,R3,ctp-hap:0.0001,1e-05,tau=1e-06;k=0;margin=0.995,U,1,1522.7508467687303,projected,1.00000000005096e-05,0.0,1.00000000005096e-05,0.0,False
mp-2038376,R3,ctp-hap:0.0001,1e-05,tau=1e-06;k=1;margin=0.990025,U,2,1522.1321776814734,unprojected,9.000000000369823e-06,0.0,9.000000000369823e-06,0.0,True
mp-2038376,R3,ctp-hap:0.01,0.001,tau=1e-06;k=0;margin=0.995,U,1,1522.7508467687303,unprojected,1.00000000005096e-05,0.0,1.00000000005096e-05,0.0,True
mp-2038376,R3,ctp-hap:0.01,0.0001,tau=1e-06;k=0;margin=0.995,U,1,1522.7508467687303,unprojected,1.00000000005096e-05,0.0,1.00000000005096e-05,0.0,True
mp-2038376,R3,ctp-hap:0.01,1e-05,tau=1e-06;k=0;margin=0.995,U,1,1522.7508467687303,projected,1.00000000005096e-05,0.0,1.00000000005096e-05,0.0,False
mp-2038376,R3,ctp-hap:0.01,1e-05,tau=1e-06;k=1;margin=0.990025,U,2,1522.1321776814734,unprojected,9.000000000369823e-06,0.0,9.000000000369823e-06,0.0,True
mp-2038376,R3,ctp-hap:1,0.001,tau=1e-06;k=0;margin=0.995,U,1,1522.7508467687303,unprojected,1.00000000005096e-05,0.0,1.00000000005096e-05,0.0,True
mp-2038376,R3,ctp-hap:1,0.0001,tau=1e-06;k=0;margin=0.995,U,1,1522.7508467687303,unprojected,1.00000000005096e-05,0.0,1.00000000005096e-05,0.0,True
mp-2038376,R3,ctp-hap:1,1e-05,tau=1e-06;k=0;margin=0.995,U,1,1522.7508467687303,projected,1.00000000005096e-05,0.0,1.00000000005096e-05,0.0,False
mp-2038376,R3,ctp-hap:1,1e-05,tau=1e-06;k=1;margin=0.990025,U,2,1522.1321776814734,unprojected,9.000000000369823e-06,0.0,9.000000000369823e-06,0.0,True
mp-2038376,GF,none,0.001,SPERR;tol_rel=1e-05,U,1,24.106778770362585,,2.000000000279556e-06,0.0,2.000000000279556e-06,0.0,True
mp-2038376,GF,none,0.0001,SPERR;tol_rel=1e-05,U,1,24.106778770362585,,2.000000000279556e-06,0.0,2.000000000279556e-06,0.0,True
mp-2038376,GF,none,1e-05,SPERR;tol_rel=1e-05,U,1,24.106778770362585,,2.000000000279556e-06,0.0,2.000000000279556e-06,0.0,True
mp-2038376,GF,uniform,0.001,SPERR;tol_rel=2.15443e-05,uniform,1,31.334208728864358,,0.0,0.0,7.000000000090267e-06,0.0,True
mp-2038376,GF,uniform,0.0001,SPERR;tol_rel=2.15443e-05,uniform,1,31.334208728864358,,0.0,0.0,7.000000000090267e-06,0.0,True
mp-2038376,GF,uniform,1e-05,SPERR;tol_rel=2.15443e-05,uniform,1,31.334208728864358,,0.0,0.0,7.000000000090267e-06,0.0,True
mp-2038376,GF,hap:0.0001,0.001,SPERR;tol_rel=1e-05,hap:0.0001,1,24.1034700910789,,0.0,0.0,2.000000000279556e-06,0.0,True
mp-2038376,GF,hap:0.0001,0.0001,SPERR;tol_rel=1e-05,hap:0.0001,1,24.1034700910789,,0.0,0.0,2.000000000279556e-06,0.0,True
mp-2038376,GF,hap:0.0001,1e-05,SPERR;tol_rel=1e-05,hap:0.0001,1,24.1034700910789,,0.0,0.0,2.000000000279556e-06,0.0,True
mp-2038376,GF,hap:0.01,0.001,SPERR;tol_rel=1e-05,hap:0.01,1,24.1034700910789,,0.0,0.0,2.000000000279556e-06,0.0,True
mp-2038376,GF,hap:0.01,0.0001,SPERR;tol_rel=1e-05,hap:0.01,1,24.1034700910789,,0.0,0.0,2.000000000279556e-06,0.0,True
mp-2038376,GF,hap:0.01,1e-05,SPERR;tol_rel=1e-05,hap:0.01,1,24.1034700910789,,0.0,0.0,2.000000000279556e-06,0.0,True
mp-2038376,GF,hap:1,0.001,SPERR;tol_rel=1e-05,hap:1,1,24.1034700910789,,0.0,0.0,2.000000000279556e-06,0.0,True
mp-2038376,GF,hap:1,0.0001,SPERR;tol_rel=1e-05,hap:1,1,24.1034700910789,,0.0,0.0,2.000000000279556e-06,0.0,True
mp-2038376,GF,hap:1,1e-05,SPERR;tol_rel=1e-05,hap:1,1,24.1034700910789,,0.0,0.0,2.000000000279556e-06,0.0,True
mp-2038376,GF,ctp-uniform,0.001,SPERR;tol_rel=2.15443e-05,uniform,1,31.33412137297321,unprojected,,,7.000000000090267e-06,0.0,False
mp-2038376,GF,ctp-uniform,0.001,SPERR;tol_rel=1e-05,U,2,24.106727065263087,unprojected,2.000000000279556e-06,0.0,2.000000000279556e-06,0.0,True
mp-2038376,GF,ctp-uniform,0.0001,SPERR;tol_rel=2.15443e-05,uniform,1,31.33412137297321,unprojected,,,7.000000000090267e-06,0.0,False
mp-2038376,GF,ctp-uniform,0.0001,SPERR;tol_rel=1e-05,U,2,24.106727065263087,unprojected,2.000000000279556e-06,0.0,2.000000000279556e-06,0.0,True
mp-2038376,GF,ctp-uniform,1e-05,SPERR;tol_rel=2.15443e-05,uniform,1,31.33412137297321,unprojected,,,7.000000000090267e-06,0.0,False
mp-2038376,GF,ctp-uniform,1e-05,SPERR;tol_rel=1e-05,U,2,24.106727065263087,unprojected,2.000000000279556e-06,0.0,2.000000000279556e-06,0.0,True
mp-2038376,GF,ctp-hap:0.0001,0.001,SPERR;tol_rel=1e-05,U,1,24.106727065263087,unprojected,2.000000000279556e-06,0.0,2.000000000279556e-06,0.0,True
mp-2038376,GF,ctp-hap:0.0001,0.0001,SPERR;tol_rel=1e-05,U,1,24.106727065263087,unprojected,2.000000000279556e-06,0.0,2.000000000279556e-06,0.0,True
mp-2038376,GF,ctp-hap:0.0001,1e-05,SPERR;tol_rel=1e-05,U,1,24.106727065263087,unprojected,2.000000000279556e-06,0.0,2.000000000279556e-06,0.0,True
mp-2038376,GF,ctp-hap:0.01,0.001,SPERR;tol_rel=1e-05,U,1,24.106727065263087,unprojected,2.000000000279556e-06,0.0,2.000000000279556e-06,0.0,True
mp-2038376,GF,ctp-hap:0.01,0.0001,SPERR;tol_rel=1e-05,U,1,24.106727065263087,unprojected,2.000000000279556e-06,0.0,2.000000000279556e-06,0.0,True
mp-2038376,GF,ctp-hap:0.01,1e-05,SPERR;tol_rel=1e-05,U,1,24.106727065263087,unprojected,2.000000000279556e-06,0.0,2.000000000279556e-06,0.0,True
mp-2038376,GF,ctp-hap:1,0.001,SPERR;tol_rel=1e-05,U,1,24.106727065263087,unprojected,2.000000000279556e-06,0.0,2.000000000279556e-06,0.0,True
mp-2038376,GF,ctp-hap:1,0.0001,SPERR;tol_rel=1e-05,U,1,24.106727065263087,unprojected,2.000000000279556e-06,0.0,2.000000000279556e-06,0.0,True
mp-2038376,GF,ctp-hap:1,1e-05,SPERR;tol_rel=1e-05,U,1,24.106727065263087,unprojected,2.000000000279556e-06,0.0,2.000000000279556e-06,0.0,True
mp-2912532,J,none,0.001,alpha_rel=0.00215443,U,1,140.88727183783288,,6.000000000838668e-06,0.0,6.000000000838668e-06,0.0,True
mp-2912532,J,none,0.0001,alpha_rel=0.00215443,U,1,140.88727183783288,,6.000000000838668e-06,0.0,6.000000000838668e-06,0.0,True
mp-2912532,J,none,1e-05,alpha_rel=0.00215443,U,1,140.88727183783288,,6.000000000838668e-06,0.0,6.000000000838668e-06,0.0,True
mp-2912532,J,uniform,0.001,alpha_rel=0.001,uniform,1,98.839048717055,,0.0,0.0,3.0000000013075123e-06,0.0,True
mp-2912532,J,uniform,0.0001,alpha_rel=0.001,uniform,1,98.839048717055,,0.0,0.0,3.0000000013075123e-06,0.0,True
mp-2912532,J,uniform,1e-05,alpha_rel=0.001,uniform,1,98.839048717055,,0.0,0.0,3.0000000013075123e-06,0.0,True
mp-2912532,J,hap:0.0001,0.001,alpha_rel=0.00215443,hap:0.0001,1,140.61212657532573,,0.0,0.0,6.000000000838668e-06,0.0,True
mp-2912532,J,hap:0.0001,0.0001,alpha_rel=0.00215443,hap:0.0001,1,140.61212657532573,,0.0,0.0,6.000000000838668e-06,0.0,True
mp-2912532,J,hap:0.0001,1e-05,alpha_rel=0.00215443,hap:0.0001,1,140.61212657532573,,0.0,0.0,6.000000000838668e-06,0.0,True
mp-2912532,J,hap:0.01,0.001,alpha_rel=0.00215443,hap:0.01,1,140.61212657532573,,0.0,0.0,6.000000000838668e-06,0.0,True
mp-2912532,J,hap:0.01,0.0001,alpha_rel=0.00215443,hap:0.01,1,140.61212657532573,,0.0,0.0,6.000000000838668e-06,0.0,True
mp-2912532,J,hap:0.01,1e-05,alpha_rel=0.00215443,hap:0.01,1,140.61212657532573,,0.0,0.0,6.000000000838668e-06,0.0,True
mp-2912532,J,hap:1,0.001,alpha_rel=0.00215443,hap:1,1,140.61212657532573,,0.0,0.0,6.000000000838668e-06,0.0,True
mp-2912532,J,hap:1,0.0001,alpha_rel=0.00215443,hap:1,1,140.61212657532573,,0.0,0.0,6.000000000838668e-06,0.0,True
mp-2912532,J,hap:1,1e-05,alpha_rel=0.00215443,hap:1,1,140.61212657532573,,0.0,0.0,6.000000000838668e-06,0.0,True
mp-2912532,J,ctp-uniform,0.001,alpha_rel=0.00215443,U,1,140.88619495677565,unprojected,6.000000000838668e-06,0.0,6.000000000838668e-06,0.0,True
mp-2912532,J,ctp-uniform,0.0001,alpha_rel=0.00215443,U,1,140.88619495677565,unprojected,6.000000000838668e-06,0.0,6.000000000838668e-06,0.0,True
mp-2912532,J,ctp-uniform,1e-05,alpha_rel=0.00215443,U,1,140.88619495677565,unprojected,6.000000000838668e-06,0.0,6.000000000838668e-06,0.0,True
mp-2912532,J,ctp-hap:0.0001,0.001,alpha_rel=0.00215443,U,1,140.88619495677565,unprojected,6.000000000838668e-06,0.0,6.000000000838668e-06,0.0,True
mp-2912532,J,ctp-hap:0.0001,0.0001,alpha_rel=0.00215443,U,1,140.88619495677565,unprojected,6.000000000838668e-06,0.0,6.000000000838668e-06,0.0,True
mp-2912532,J,ctp-hap:0.0001,1e-05,alpha_rel=0.00215443,U,1,140.88619495677565,unprojected,6.000000000838668e-06,0.0,6.000000000838668e-06,0.0,True
mp-2912532,J,ctp-hap:0.01,0.001,alpha_rel=0.00215443,U,1,140.88619495677565,unprojected,6.000000000838668e-06,0.0,6.000000000838668e-06,0.0,True
mp-2912532,J,ctp-hap:0.01,0.0001,alpha_rel=0.00215443,U,1,140.88619495677565,unprojected,6.000000000838668e-06,0.0,6.000000000838668e-06,0.0,True
mp-2912532,J,ctp-hap:0.01,1e-05,alpha_rel=0.00215443,U,1,140.88619495677565,unprojected,6.000000000838668e-06,0.0,6.000000000838668e-06,0.0,True
mp-2912532,J,ctp-hap:1,0.001,alpha_rel=0.00215443,U,1,140.88619495677565,unprojected,6.000000000838668e-06,0.0,6.000000000838668e-06,0.0,True
mp-2912532,J,ctp-hap:1,0.0001,alpha_rel=0.00215443,U,1,140.88619495677565,unprojected,6.000000000838668e-06,0.0,6.000000000838668e-06,0.0,True
mp-2912532,J,ctp-hap:1,1e-05,alpha_rel=0.00215443,U,1,140.88619495677565,unprojected,6.000000000838668e-06,0.0,6.000000000838668e-06,0.0,True
mp-2912532,T1,none,0.001,q_cut=0.2;alpha_rel=4.64159e-06,U,1,96.6174458649809,,7.000000000090267e-06,0.0,7.000000000090267e-06,0.0,True
mp-2912532,T1,none,0.0001,q_cut=0.2;alpha_rel=4.64159e-06,U,1,96.6174458649809,,7.000000000090267e-06,0.0,7.000000000090267e-06,0.0,True
mp-2912532,T1,none,1e-05,q_cut=0.2;alpha_rel=4.64159e-06,U,1,96.6174458649809,,7.000000000090267e-06,0.0,7.000000000090267e-06,0.0,True
mp-2912532,T1,uniform,0.001,q_cut=0.2;alpha_rel=4.64159e-06,uniform,1,96.49200873202425,,0.0,0.0,7.000000000090267e-06,0.0,True
mp-2912532,T1,uniform,0.0001,q_cut=0.2;alpha_rel=4.64159e-06,uniform,1,96.49200873202425,,0.0,0.0,7.000000000090267e-06,0.0,True
mp-2912532,T1,uniform,1e-05,q_cut=0.2;alpha_rel=4.64159e-06,uniform,1,96.49200873202425,,0.0,0.0,7.000000000090267e-06,0.0,True
mp-2912532,T1,hap:0.0001,0.001,q_cut=0.2;alpha_rel=4.64159e-06,hap:0.0001,1,96.4879677954656,,0.0,0.0,7.000000000090267e-06,0.0,True
mp-2912532,T1,hap:0.0001,0.0001,q_cut=0.2;alpha_rel=4.64159e-06,hap:0.0001,1,96.4879677954656,,0.0,0.0,7.000000000090267e-06,0.0,True
mp-2912532,T1,hap:0.0001,1e-05,q_cut=0.2;alpha_rel=4.64159e-06,hap:0.0001,1,96.4879677954656,,0.0,0.0,7.000000000090267e-06,0.0,True
mp-2912532,T1,hap:0.01,0.001,q_cut=0.2;alpha_rel=4.64159e-06,hap:0.01,1,96.4879677954656,,0.0,0.0,7.000000000090267e-06,0.0,True
mp-2912532,T1,hap:0.01,0.0001,q_cut=0.2;alpha_rel=4.64159e-06,hap:0.01,1,96.4879677954656,,0.0,0.0,7.000000000090267e-06,0.0,True
mp-2912532,T1,hap:0.01,1e-05,q_cut=0.2;alpha_rel=4.64159e-06,hap:0.01,1,96.4879677954656,,0.0,0.0,7.000000000090267e-06,0.0,True
mp-2912532,T1,hap:1,0.001,q_cut=0.2;alpha_rel=4.64159e-06,hap:1,1,96.4879677954656,,0.0,0.0,7.000000000090267e-06,0.0,True
mp-2912532,T1,hap:1,0.0001,q_cut=0.2;alpha_rel=4.64159e-06,hap:1,1,96.4879677954656,,0.0,0.0,7.000000000090267e-06,0.0,True
mp-2912532,T1,hap:1,1e-05,q_cut=0.2;alpha_rel=4.64159e-06,hap:1,1,96.4879677954656,,0.0,0.0,7.000000000090267e-06,0.0,True
mp-2912532,T1,ctp-uniform,0.001,q_cut=0.2;alpha_rel=4.64159e-06,U,1,96.6169394152243,unprojected,7.000000000090267e-06,0.0,7.000000000090267e-06,0.0,True
mp-2912532,T1,ctp-uniform,0.0001,q_cut=0.2;alpha_rel=4.64159e-06,U,1,96.6169394152243,unprojected,7.000000000090267e-06,0.0,7.000000000090267e-06,0.0,True
mp-2912532,T1,ctp-uniform,1e-05,q_cut=0.2;alpha_rel=4.64159e-06,U,1,96.6169394152243,unprojected,7.000000000090267e-06,0.0,7.000000000090267e-06,0.0,True
mp-2912532,T1,ctp-hap:0.0001,0.001,q_cut=0.2;alpha_rel=4.64159e-06,U,1,96.6169394152243,unprojected,7.000000000090267e-06,0.0,7.000000000090267e-06,0.0,True
mp-2912532,T1,ctp-hap:0.0001,0.0001,q_cut=0.2;alpha_rel=4.64159e-06,U,1,96.6169394152243,unprojected,7.000000000090267e-06,0.0,7.000000000090267e-06,0.0,True
mp-2912532,T1,ctp-hap:0.0001,1e-05,q_cut=0.2;alpha_rel=4.64159e-06,U,1,96.6169394152243,unprojected,7.000000000090267e-06,0.0,7.000000000090267e-06,0.0,True
mp-2912532,T1,ctp-hap:0.01,0.001,q_cut=0.2;alpha_rel=4.64159e-06,U,1,96.6169394152243,unprojected,7.000000000090267e-06,0.0,7.000000000090267e-06,0.0,True
mp-2912532,T1,ctp-hap:0.01,0.0001,q_cut=0.2;alpha_rel=4.64159e-06,U,1,96.6169394152243,unprojected,7.000000000090267e-06,0.0,7.000000000090267e-06,0.0,True
mp-2912532,T1,ctp-hap:0.01,1e-05,q_cut=0.2;alpha_rel=4.64159e-06,U,1,96.6169394152243,unprojected,7.000000000090267e-06,0.0,7.000000000090267e-06,0.0,True
mp-2912532,T1,ctp-hap:1,0.001,q_cut=0.2;alpha_rel=4.64159e-06,U,1,96.6169394152243,unprojected,7.000000000090267e-06,0.0,7.000000000090267e-06,0.0,True
mp-2912532,T1,ctp-hap:1,0.0001,q_cut=0.2;alpha_rel=4.64159e-06,U,1,96.6169394152243,unprojected,7.000000000090267e-06,0.0,7.000000000090267e-06,0.0,True
mp-2912532,T1,ctp-hap:1,1e-05,q_cut=0.2;alpha_rel=4.64159e-06,U,1,96.6169394152243,unprojected,7.000000000090267e-06,0.0,7.000000000090267e-06,0.0,True
mp-2912532,R3,none,0.001,tau=1e-06;k=0;margin=0.995,U,1,154.37961706618424,,6.000000000838668e-06,0.0,6.000000000838668e-06,0.0,True
mp-2912532,R3,none,0.0001,tau=1e-06;k=0;margin=0.995,U,1,154.37961706618424,,6.000000000838668e-06,0.0,6.000000000838668e-06,0.0,True
mp-2912532,R3,none,1e-05,tau=1e-06;k=0;margin=0.995,U,1,154.37961706618424,,6.000000000838668e-06,0.0,6.000000000838668e-06,0.0,True
mp-2912532,R3,hap:0.0001,0.001,tau=1e-06;k=0;margin=0.995,hap:0.0001,1,154.04931048892604,,0.0,0.0,6.000000000838668e-06,0.0,True
mp-2912532,R3,hap:0.0001,0.0001,tau=1e-06;k=0;margin=0.995,hap:0.0001,1,154.04931048892604,,0.0,0.0,6.000000000838668e-06,0.0,True
mp-2912532,R3,hap:0.0001,1e-05,tau=1e-06;k=0;margin=0.995,hap:0.0001,1,154.04931048892604,,0.0,0.0,6.000000000838668e-06,0.0,True
mp-2912532,R3,hap:0.01,0.001,tau=1e-06;k=0;margin=0.995,hap:0.01,1,154.04931048892604,,0.0,0.0,6.000000000838668e-06,0.0,True
mp-2912532,R3,hap:0.01,0.0001,tau=1e-06;k=0;margin=0.995,hap:0.01,1,154.04931048892604,,0.0,0.0,6.000000000838668e-06,0.0,True
mp-2912532,R3,hap:0.01,1e-05,tau=1e-06;k=0;margin=0.995,hap:0.01,1,154.04931048892604,,0.0,0.0,6.000000000838668e-06,0.0,True
mp-2912532,R3,hap:1,0.001,tau=1e-06;k=3;margin=0.980149501,hap:1,1,152.31673153680245,,0.0,0.0,8.000000001118224e-06,0.0,True
mp-2912532,R3,hap:1,0.0001,tau=1e-06;k=3;margin=0.980149501,hap:1,1,152.31673153680245,,0.0,0.0,8.000000001118224e-06,0.0,True
mp-2912532,R3,hap:1,1e-05,tau=1e-06;k=3;margin=0.980149501,hap:1,1,152.31673153680245,,0.0,0.0,8.000000001118224e-06,0.0,True
mp-2912532,R3,ctp-uniform,0.001,tau=1e-06;k=0;margin=0.995,U,1,154.37832405042087,unprojected,6.000000000838668e-06,0.0,6.000000000838668e-06,0.0,True
mp-2912532,R3,ctp-uniform,0.0001,tau=1e-06;k=0;margin=0.995,U,1,154.37832405042087,unprojected,6.000000000838668e-06,0.0,6.000000000838668e-06,0.0,True
mp-2912532,R3,ctp-uniform,1e-05,tau=1e-06;k=0;margin=0.995,U,1,154.37832405042087,unprojected,6.000000000838668e-06,0.0,6.000000000838668e-06,0.0,True
mp-2912532,R3,ctp-hap:0.0001,0.001,tau=1e-06;k=0;margin=0.995,U,1,154.37832405042087,unprojected,6.000000000838668e-06,0.0,6.000000000838668e-06,0.0,True
mp-2912532,R3,ctp-hap:0.0001,0.0001,tau=1e-06;k=0;margin=0.995,U,1,154.37832405042087,unprojected,6.000000000838668e-06,0.0,6.000000000838668e-06,0.0,True
mp-2912532,R3,ctp-hap:0.0001,1e-05,tau=1e-06;k=0;margin=0.995,U,1,154.37832405042087,unprojected,6.000000000838668e-06,0.0,6.000000000838668e-06,0.0,True
mp-2912532,R3,ctp-hap:0.01,0.001,tau=1e-06;k=0;margin=0.995,U,1,154.37832405042087,unprojected,6.000000000838668e-06,0.0,6.000000000838668e-06,0.0,True
mp-2912532,R3,ctp-hap:0.01,0.0001,tau=1e-06;k=0;margin=0.995,U,1,154.37832405042087,unprojected,6.000000000838668e-06,0.0,6.000000000838668e-06,0.0,True
mp-2912532,R3,ctp-hap:0.01,1e-05,tau=1e-06;k=0;margin=0.995,U,1,154.37832405042087,unprojected,6.000000000838668e-06,0.0,6.000000000838668e-06,0.0,True
mp-2912532,R3,ctp-hap:1,0.001,tau=1e-06;k=0;margin=0.995,U,1,154.37832405042087,unprojected,6.000000000838668e-06,0.0,6.000000000838668e-06,0.0,True
mp-2912532,R3,ctp-hap:1,0.0001,tau=1e-06;k=0;margin=0.995,U,1,154.37832405042087,unprojected,6.000000000838668e-06,0.0,6.000000000838668e-06,0.0,True
mp-2912532,R3,ctp-hap:1,1e-05,tau=1e-06;k=0;margin=0.995,U,1,154.37832405042087,unprojected,6.000000000838668e-06,0.0,6.000000000838668e-06,0.0,True
mp-2912532,GF,none,0.001,ZFP;tol_rel=0.0001,U,1,14.433738864595991,,3.999999999670933e-06,0.0,3.999999999670933e-06,0.0,True
mp-2912532,GF,none,0.0001,ZFP;tol_rel=0.0001,U,1,14.433738864595991,,3.999999999670933e-06,0.0,3.999999999670933e-06,0.0,True
mp-2912532,GF,none,1e-05,ZFP;tol_rel=0.0001,U,1,14.433738864595991,,3.999999999670933e-06,0.0,3.999999999670933e-06,0.0,True
mp-2912532,GF,uniform,0.001,ZFP;tol_rel=0.000215443,uniform,1,16.79716547832553,,0.0,0.0,5.999999999062311e-06,0.0,True
mp-2912532,GF,uniform,0.0001,ZFP;tol_rel=0.000215443,uniform,1,16.79716547832553,,0.0,0.0,5.999999999062311e-06,0.0,True
mp-2912532,GF,uniform,1e-05,ZFP;tol_rel=0.000215443,uniform,1,16.79716547832553,,0.0,0.0,5.999999999062311e-06,0.0,True
mp-2912532,GF,hap:0.0001,0.001,ZFP;tol_rel=0.0001,hap:0.0001,1,14.430845933182177,,0.0,0.0,3.999999999670933e-06,0.0,True
mp-2912532,GF,hap:0.0001,0.0001,ZFP;tol_rel=0.0001,hap:0.0001,1,14.430845933182177,,0.0,0.0,3.999999999670933e-06,0.0,True
mp-2912532,GF,hap:0.0001,1e-05,ZFP;tol_rel=0.0001,hap:0.0001,1,14.430845933182177,,0.0,0.0,3.999999999670933e-06,0.0,True
mp-2912532,GF,hap:0.01,0.001,ZFP;tol_rel=0.0001,hap:0.01,1,14.430845933182177,,0.0,0.0,3.999999999670933e-06,0.0,True
mp-2912532,GF,hap:0.01,0.0001,ZFP;tol_rel=0.0001,hap:0.01,1,14.430845933182177,,0.0,0.0,3.999999999670933e-06,0.0,True
mp-2912532,GF,hap:0.01,1e-05,ZFP;tol_rel=0.0001,hap:0.01,1,14.430845933182177,,0.0,0.0,3.999999999670933e-06,0.0,True
mp-2912532,GF,hap:1,0.001,ZFP;tol_rel=0.0001,hap:1,1,14.430845933182177,,0.0,0.0,3.999999999670933e-06,0.0,True
mp-2912532,GF,hap:1,0.0001,ZFP;tol_rel=0.0001,hap:1,1,14.430845933182177,,0.0,0.0,3.999999999670933e-06,0.0,True
mp-2912532,GF,hap:1,1e-05,ZFP;tol_rel=0.0001,hap:1,1,14.430845933182177,,0.0,0.0,3.999999999670933e-06,0.0,True
mp-2912532,GF,ctp-uniform,0.001,ZFP;tol_rel=0.000215443,uniform,1,16.797150171006145,unprojected,,,5.999999999062311e-06,0.0,False
mp-2912532,GF,ctp-uniform,0.001,ZFP;tol_rel=0.0001,U,2,14.43372756182611,unprojected,3.999999999670933e-06,0.0,3.999999999670933e-06,0.0,True
mp-2912532,GF,ctp-uniform,0.0001,ZFP;tol_rel=0.000215443,uniform,1,16.797150171006145,unprojected,,,5.999999999062311e-06,0.0,False
mp-2912532,GF,ctp-uniform,0.0001,ZFP;tol_rel=0.0001,U,2,14.43372756182611,unprojected,3.999999999670933e-06,0.0,3.999999999670933e-06,0.0,True
mp-2912532,GF,ctp-uniform,1e-05,ZFP;tol_rel=0.000215443,uniform,1,16.797150171006145,unprojected,,,5.999999999062311e-06,0.0,False
mp-2912532,GF,ctp-uniform,1e-05,ZFP;tol_rel=0.0001,U,2,14.43372756182611,unprojected,3.999999999670933e-06,0.0,3.999999999670933e-06,0.0,True
mp-2912532,GF,ctp-hap:0.0001,0.001,ZFP;tol_rel=0.0001,U,1,14.43372756182611,unprojected,3.999999999670933e-06,0.0,3.999999999670933e-06,0.0,True
mp-2912532,GF,ctp-hap:0.0001,0.0001,ZFP;tol_rel=0.0001,U,1,14.43372756182611,unprojected,3.999999999670933e-06,0.0,3.999999999670933e-06,0.0,True
mp-2912532,GF,ctp-hap:0.0001,1e-05,ZFP;tol_rel=0.0001,U,1,14.43372756182611,unprojected,3.999999999670933e-06,0.0,3.999999999670933e-06,0.0,True
mp-2912532,GF,ctp-hap:0.01,0.001,ZFP;tol_rel=0.0001,U,1,14.43372756182611,unprojected,3.999999999670933e-06,0.0,3.999999999670933e-06,0.0,True
mp-2912532,GF,ctp-hap:0.01,0.0001,ZFP;tol_rel=0.0001,U,1,14.43372756182611,unprojected,3.999999999670933e-06,0.0,3.999999999670933e-06,0.0,True
mp-2912532,GF,ctp-hap:0.01,1e-05,ZFP;tol_rel=0.0001,U,1,14.43372756182611,unprojected,3.999999999670933e-06,0.0,3.999999999670933e-06,0.0,True
mp-2912532,GF,ctp-hap:1,0.001,ZFP;tol_rel=0.0001,U,1,14.43372756182611,unprojected,3.999999999670933e-06,0.0,3.999999999670933e-06,0.0,True
mp-2912532,GF,ctp-hap:1,0.0001,ZFP;tol_rel=0.0001,U,1,14.43372756182611,unprojected,3.999999999670933e-06,0.0,3.999999999670933e-06,0.0,True
mp-2912532,GF,ctp-hap:1,1e-05,ZFP;tol_rel=0.0001,U,1,14.43372756182611,unprojected,3.999999999670933e-06,0.0,3.999999999670933e-06,0.0,True
mp-1975665,J,none,0.001,alpha_rel=0.00215443,U,1,194.8442398964476,,1.999999999391377e-06,0.0,1.999999999391377e-06,0.0,True
mp-1975665,J,none,0.0001,alpha_rel=0.00215443,U,1,194.8442398964476,,1.999999999391377e-06,0.0,1.999999999391377e-06,0.0,True
mp-1975665,J,none,1e-05,alpha_rel=0.00215443,U,1,194.8442398964476,,1.999999999391377e-06,0.0,1.999999999391377e-06,0.0,True
mp-1975665,J,uniform,0.001,alpha_rel=0.00215443,uniform,1,194.0627417275462,,0.0,0.0,1.999999999391377e-06,0.0,True
mp-1975665,J,uniform,0.0001,alpha_rel=0.00215443,uniform,1,194.0627417275462,,0.0,0.0,1.999999999391377e-06,0.0,True
mp-1975665,J,uniform,1e-05,alpha_rel=0.00215443,uniform,1,194.0627417275462,,0.0,0.0,1.999999999391377e-06,0.0,True
mp-1975665,J,hap:0.0001,0.001,alpha_rel=0.00215443,hap:0.0001,1,193.95161059413027,,0.0,0.0,1.999999999391377e-06,0.0,True
mp-1975665,J,hap:0.0001,0.0001,alpha_rel=0.00215443,hap:0.0001,1,193.95161059413027,,0.0,0.0,1.999999999391377e-06,0.0,True
mp-1975665,J,hap:0.0001,1e-05,alpha_rel=0.00215443,hap:0.0001,1,193.95161059413027,,0.0,0.0,1.999999999391377e-06,0.0,True
mp-1975665,J,hap:0.01,0.001,alpha_rel=0.00215443,hap:0.01,1,193.95161059413027,,0.0,0.0,1.999999999391377e-06,0.0,True
mp-1975665,J,hap:0.01,0.0001,alpha_rel=0.00215443,hap:0.01,1,193.95161059413027,,0.0,0.0,1.999999999391377e-06,0.0,True
mp-1975665,J,hap:0.01,1e-05,alpha_rel=0.00215443,hap:0.01,1,193.95161059413027,,0.0,0.0,1.999999999391377e-06,0.0,True
mp-1975665,J,hap:1,0.001,alpha_rel=0.00215443,hap:1,1,193.95161059413027,,0.0,0.0,1.999999999391377e-06,0.0,True
mp-1975665,J,hap:1,0.0001,alpha_rel=0.00215443,hap:1,1,193.95161059413027,,0.0,0.0,1.999999999391377e-06,0.0,True
mp-1975665,J,hap:1,1e-05,alpha_rel=0.00215443,hap:1,1,193.95161059413027,,0.0,0.0,1.999999999391377e-06,0.0,True
mp-1975665,J,ctp-uniform,0.001,alpha_rel=0.00215443,U,1,194.8302293808873,unprojected,1.999999999391377e-06,0.0,1.999999999391377e-06,0.0,True
mp-1975665,J,ctp-uniform,0.0001,alpha_rel=0.00215443,U,1,194.8302293808873,unprojected,1.999999999391377e-06,0.0,1.999999999391377e-06,0.0,True
mp-1975665,J,ctp-uniform,1e-05,alpha_rel=0.00215443,U,1,194.8302293808873,unprojected,1.999999999391377e-06,0.0,1.999999999391377e-06,0.0,True
mp-1975665,J,ctp-hap:0.0001,0.001,alpha_rel=0.00215443,U,1,194.8302293808873,unprojected,1.999999999391377e-06,0.0,1.999999999391377e-06,0.0,True
mp-1975665,J,ctp-hap:0.0001,0.0001,alpha_rel=0.00215443,U,1,194.8302293808873,unprojected,1.999999999391377e-06,0.0,1.999999999391377e-06,0.0,True
mp-1975665,J,ctp-hap:0.0001,1e-05,alpha_rel=0.00215443,U,1,194.8302293808873,unprojected,1.999999999391377e-06,0.0,1.999999999391377e-06,0.0,True
mp-1975665,J,ctp-hap:0.01,0.001,alpha_rel=0.00215443,U,1,194.8302293808873,unprojected,1.999999999391377e-06,0.0,1.999999999391377e-06,0.0,True
mp-1975665,J,ctp-hap:0.01,0.0001,alpha_rel=0.00215443,U,1,194.8302293808873,unprojected,1.999999999391377e-06,0.0,1.999999999391377e-06,0.0,True
mp-1975665,J,ctp-hap:0.01,1e-05,alpha_rel=0.00215443,U,1,194.8302293808873,unprojected,1.999999999391377e-06,0.0,1.999999999391377e-06,0.0,True
mp-1975665,J,ctp-hap:1,0.001,alpha_rel=0.00215443,U,1,194.8302293808873,unprojected,1.999999999391377e-06,0.0,1.999999999391377e-06,0.0,True
mp-1975665,J,ctp-hap:1,0.0001,alpha_rel=0.00215443,U,1,194.8302293808873,unprojected,1.999999999391377e-06,0.0,1.999999999391377e-06,0.0,True
mp-1975665,J,ctp-hap:1,1e-05,alpha_rel=0.00215443,U,1,194.8302293808873,unprojected,1.999999999391377e-06,0.0,1.999999999391377e-06,0.0,True
mp-1975665,T1,none,0.001,q_cut=0.3;alpha_rel=2.15443e-05,U,1,163.36090678885807,,3.999999999670933e-06,0.0,3.999999999670933e-06,0.0,True
mp-1975665,T1,none,0.0001,q_cut=0.3;alpha_rel=2.15443e-05,U,1,163.36090678885807,,3.999999999670933e-06,0.0,3.999999999670933e-06,0.0,True
mp-1975665,T1,none,1e-05,q_cut=0.3;alpha_rel=2.15443e-05,U,1,163.36090678885807,,3.999999999670933e-06,0.0,3.999999999670933e-06,0.0,True
mp-1975665,T1,uniform,0.001,q_cut=0.3;alpha_rel=2.15443e-05,uniform,1,162.81120057685374,,0.0,0.0,3.999999999670933e-06,0.0,True
mp-1975665,T1,uniform,0.0001,q_cut=0.3;alpha_rel=2.15443e-05,uniform,1,162.81120057685374,,0.0,0.0,3.999999999670933e-06,0.0,True
mp-1975665,T1,uniform,1e-05,q_cut=0.3;alpha_rel=2.15443e-05,uniform,1,162.81120057685374,,0.0,0.0,3.999999999670933e-06,0.0,True
mp-1975665,T1,hap:0.0001,0.001,q_cut=0.3;alpha_rel=2.15443e-05,hap:0.0001,1,162.73297297297296,,0.0,0.0,3.999999999670933e-06,0.0,True
mp-1975665,T1,hap:0.0001,0.0001,q_cut=0.3;alpha_rel=2.15443e-05,hap:0.0001,1,162.73297297297296,,0.0,0.0,3.999999999670933e-06,0.0,True
mp-1975665,T1,hap:0.0001,1e-05,q_cut=0.3;alpha_rel=2.15443e-05,hap:0.0001,1,162.73297297297296,,0.0,0.0,3.999999999670933e-06,0.0,True
mp-1975665,T1,hap:0.01,0.001,q_cut=0.3;alpha_rel=2.15443e-05,hap:0.01,1,162.73297297297296,,0.0,0.0,3.999999999670933e-06,0.0,True
mp-1975665,T1,hap:0.01,0.0001,q_cut=0.3;alpha_rel=2.15443e-05,hap:0.01,1,162.73297297297296,,0.0,0.0,3.999999999670933e-06,0.0,True
mp-1975665,T1,hap:0.01,1e-05,q_cut=0.3;alpha_rel=2.15443e-05,hap:0.01,1,162.73297297297296,,0.0,0.0,3.999999999670933e-06,0.0,True
mp-1975665,T1,hap:1,0.001,q_cut=0.3;alpha_rel=2.15443e-05,hap:1,1,162.73297297297296,,0.0,0.0,3.999999999670933e-06,0.0,True
mp-1975665,T1,hap:1,0.0001,q_cut=0.3;alpha_rel=2.15443e-05,hap:1,1,162.73297297297296,,0.0,0.0,3.999999999670933e-06,0.0,True
mp-1975665,T1,hap:1,1e-05,q_cut=0.3;alpha_rel=2.15443e-05,hap:1,1,162.73297297297296,,0.0,0.0,3.999999999670933e-06,0.0,True
mp-1975665,T1,ctp-uniform,0.001,q_cut=0.3;alpha_rel=2.15443e-05,U,1,163.35105805751493,unprojected,3.999999999670933e-06,0.0,3.999999999670933e-06,0.0,True
mp-1975665,T1,ctp-uniform,0.0001,q_cut=0.3;alpha_rel=2.15443e-05,U,1,163.35105805751493,unprojected,3.999999999670933e-06,0.0,3.999999999670933e-06,0.0,True
mp-1975665,T1,ctp-uniform,1e-05,q_cut=0.3;alpha_rel=2.15443e-05,U,1,163.35105805751493,unprojected,3.999999999670933e-06,0.0,3.999999999670933e-06,0.0,True
mp-1975665,T1,ctp-hap:0.0001,0.001,q_cut=0.3;alpha_rel=2.15443e-05,U,1,163.35105805751493,unprojected,3.999999999670933e-06,0.0,3.999999999670933e-06,0.0,True
mp-1975665,T1,ctp-hap:0.0001,0.0001,q_cut=0.3;alpha_rel=2.15443e-05,U,1,163.35105805751493,unprojected,3.999999999670933e-06,0.0,3.999999999670933e-06,0.0,True
mp-1975665,T1,ctp-hap:0.0001,1e-05,q_cut=0.3;alpha_rel=2.15443e-05,U,1,163.35105805751493,unprojected,3.999999999670933e-06,0.0,3.999999999670933e-06,0.0,True
mp-1975665,T1,ctp-hap:0.01,0.001,q_cut=0.3;alpha_rel=2.15443e-05,U,1,163.35105805751493,unprojected,3.999999999670933e-06,0.0,3.999999999670933e-06,0.0,True
mp-1975665,T1,ctp-hap:0.01,0.0001,q_cut=0.3;alpha_rel=2.15443e-05,U,1,163.35105805751493,unprojected,3.999999999670933e-06,0.0,3.999999999670933e-06,0.0,True
mp-1975665,T1,ctp-hap:0.01,1e-05,q_cut=0.3;alpha_rel=2.15443e-05,U,1,163.35105805751493,unprojected,3.999999999670933e-06,0.0,3.999999999670933e-06,0.0,True
mp-1975665,T1,ctp-hap:1,0.001,q_cut=0.3;alpha_rel=2.15443e-05,U,1,163.35105805751493,unprojected,3.999999999670933e-06,0.0,3.999999999670933e-06,0.0,True
mp-1975665,T1,ctp-hap:1,0.0001,q_cut=0.3;alpha_rel=2.15443e-05,U,1,163.35105805751493,unprojected,3.999999999670933e-06,0.0,3.999999999670933e-06,0.0,True
mp-1975665,T1,ctp-hap:1,1e-05,q_cut=0.3;alpha_rel=2.15443e-05,U,1,163.35105805751493,unprojected,3.999999999670933e-06,0.0,3.999999999670933e-06,0.0,True
mp-1975665,R3,none,0.001,tau=1e-06;k=0;margin=0.995,U,1,261.0815185970322,,5.999999999950489e-06,0.0,5.999999999950489e-06,0.0,True
mp-1975665,R3,none,0.0001,tau=1e-06;k=0;margin=0.995,U,1,261.0815185970322,,5.999999999950489e-06,0.0,5.999999999950489e-06,0.0,True
mp-1975665,R3,none,1e-05,tau=1e-06;k=0;margin=0.995,U,1,261.0815185970322,,5.999999999950489e-06,0.0,5.999999999950489e-06,0.0,True
mp-1975665,R3,hap:0.0001,0.001,tau=1e-06;k=0;margin=0.995,hap:0.0001,1,259.48132541658686,,0.0,0.0,5.999999999950489e-06,0.0,True
mp-1975665,R3,hap:0.0001,0.0001,tau=1e-06;k=0;margin=0.995,hap:0.0001,1,259.48132541658686,,0.0,0.0,5.999999999950489e-06,0.0,True
mp-1975665,R3,hap:0.0001,1e-05,tau=1e-06;k=0;margin=0.995,hap:0.0001,1,259.48132541658686,,0.0,0.0,5.999999999950489e-06,0.0,True
mp-1975665,R3,hap:0.01,0.001,tau=1e-06;k=0;margin=0.995,hap:0.01,1,259.48132541658686,,0.0,0.0,5.999999999950489e-06,0.0,True
mp-1975665,R3,hap:0.01,0.0001,tau=1e-06;k=0;margin=0.995,hap:0.01,1,259.48132541658686,,0.0,0.0,5.999999999950489e-06,0.0,True
mp-1975665,R3,hap:0.01,1e-05,tau=1e-06;k=0;margin=0.995,hap:0.01,1,259.48132541658686,,0.0,0.0,5.999999999950489e-06,0.0,True
mp-1975665,R3,ctp-uniform,0.001,tau=1e-06;k=0;margin=0.995,U,1,261.0563638115425,unprojected,5.999999999950489e-06,0.0,5.999999999950489e-06,0.0,True
mp-1975665,R3,ctp-uniform,0.0001,tau=1e-06;k=0;margin=0.995,U,1,261.0563638115425,unprojected,5.999999999950489e-06,0.0,5.999999999950489e-06,0.0,True
mp-1975665,R3,ctp-uniform,1e-05,tau=1e-06;k=0;margin=0.995,U,1,261.0563638115425,unprojected,5.999999999950489e-06,0.0,5.999999999950489e-06,0.0,True
mp-1975665,R3,ctp-hap:0.0001,0.001,tau=1e-06;k=0;margin=0.995,U,1,261.0563638115425,unprojected,5.999999999950489e-06,0.0,5.999999999950489e-06,0.0,True
mp-1975665,R3,ctp-hap:0.0001,0.0001,tau=1e-06;k=0;margin=0.995,U,1,261.0563638115425,unprojected,5.999999999950489e-06,0.0,5.999999999950489e-06,0.0,True
mp-1975665,R3,ctp-hap:0.0001,1e-05,tau=1e-06;k=0;margin=0.995,U,1,261.0563638115425,unprojected,5.999999999950489e-06,0.0,5.999999999950489e-06,0.0,True
mp-1975665,R3,ctp-hap:0.01,0.001,tau=1e-06;k=0;margin=0.995,U,1,261.0563638115425,unprojected,5.999999999950489e-06,0.0,5.999999999950489e-06,0.0,True
mp-1975665,R3,ctp-hap:0.01,0.0001,tau=1e-06;k=0;margin=0.995,U,1,261.0563638115425,unprojected,5.999999999950489e-06,0.0,5.999999999950489e-06,0.0,True
mp-1975665,R3,ctp-hap:0.01,1e-05,tau=1e-06;k=0;margin=0.995,U,1,261.0563638115425,unprojected,5.999999999950489e-06,0.0,5.999999999950489e-06,0.0,True
mp-1975665,R3,ctp-hap:1,0.001,tau=1e-06;k=0;margin=0.995,U,1,261.0563638115425,unprojected,5.999999999950489e-06,0.0,5.999999999950489e-06,0.0,True
mp-1975665,R3,ctp-hap:1,0.0001,tau=1e-06;k=0;margin=0.995,U,1,261.0563638115425,unprojected,5.999999999950489e-06,0.0,5.999999999950489e-06,0.0,True
mp-1975665,R3,ctp-hap:1,1e-05,tau=1e-06;k=0;margin=0.995,U,1,261.0563638115425,unprojected,5.999999999950489e-06,0.0,5.999999999950489e-06,0.0,True
mp-1975665,GF,none,0.001,ZFP;tol_rel=0.0001,U,1,12.626775528464378,,2.000000000279556e-06,0.0,2.000000000279556e-06,0.0,True
mp-1975665,GF,none,0.0001,ZFP;tol_rel=0.0001,U,1,12.626775528464378,,2.000000000279556e-06,0.0,2.000000000279556e-06,0.0,True
mp-1975665,GF,none,1e-05,ZFP;tol_rel=0.0001,U,1,12.626775528464378,,2.000000000279556e-06,0.0,2.000000000279556e-06,0.0,True
mp-1975665,GF,uniform,0.001,ZFP;tol_rel=0.0001,uniform,1,12.62348117778606,,0.0,0.0,2.000000000279556e-06,0.0,True
mp-1975665,GF,uniform,0.0001,ZFP;tol_rel=0.0001,uniform,1,12.62348117778606,,0.0,0.0,2.000000000279556e-06,0.0,True
mp-1975665,GF,uniform,1e-05,ZFP;tol_rel=0.0001,uniform,1,12.62348117778606,,0.0,0.0,2.000000000279556e-06,0.0,True
mp-1975665,GF,hap:0.0001,0.001,ZFP;tol_rel=0.0001,hap:0.0001,1,12.62301069658231,,0.0,0.0,2.000000000279556e-06,0.0,True
mp-1975665,GF,hap:0.0001,0.0001,ZFP;tol_rel=0.0001,hap:0.0001,1,12.62301069658231,,0.0,0.0,2.000000000279556e-06,0.0,True
mp-1975665,GF,hap:0.0001,1e-05,ZFP;tol_rel=0.0001,hap:0.0001,1,12.62301069658231,,0.0,0.0,2.000000000279556e-06,0.0,True
mp-1975665,GF,hap:0.01,0.001,ZFP;tol_rel=0.0001,hap:0.01,1,12.62301069658231,,0.0,0.0,2.000000000279556e-06,0.0,True
mp-1975665,GF,hap:0.01,0.0001,ZFP;tol_rel=0.0001,hap:0.01,1,12.62301069658231,,0.0,0.0,2.000000000279556e-06,0.0,True
mp-1975665,GF,hap:0.01,1e-05,ZFP;tol_rel=0.0001,hap:0.01,1,12.62301069658231,,0.0,0.0,2.000000000279556e-06,0.0,True
mp-1975665,GF,hap:1,0.001,ZFP;tol_rel=0.0001,hap:1,1,12.62301069658231,,0.0,0.0,2.000000000279556e-06,0.0,True
mp-1975665,GF,hap:1,0.0001,ZFP;tol_rel=0.0001,hap:1,1,12.62301069658231,,0.0,0.0,2.000000000279556e-06,0.0,True
mp-1975665,GF,hap:1,1e-05,ZFP;tol_rel=0.0001,hap:1,1,12.62301069658231,,0.0,0.0,2.000000000279556e-06,0.0,True
mp-1975665,GF,ctp-uniform,0.001,ZFP;tol_rel=0.0001,U,1,12.626716685695644,unprojected,2.000000000279556e-06,0.0,2.000000000279556e-06,0.0,True
mp-1975665,GF,ctp-uniform,0.0001,ZFP;tol_rel=0.0001,U,1,12.626716685695644,unprojected,2.000000000279556e-06,0.0,2.000000000279556e-06,0.0,True
mp-1975665,GF,ctp-uniform,1e-05,ZFP;tol_rel=0.0001,U,1,12.626716685695644,unprojected,2.000000000279556e-06,0.0,2.000000000279556e-06,0.0,True
mp-1975665,GF,ctp-hap:0.0001,0.001,ZFP;tol_rel=0.0001,U,1,12.626716685695644,unprojected,2.000000000279556e-06,0.0,2.000000000279556e-06,0.0,True
mp-1975665,GF,ctp-hap:0.0001,0.0001,ZFP;tol_rel=0.0001,U,1,12.626716685695644,unprojected,2.000000000279556e-06,0.0,2.000000000279556e-06,0.0,True
mp-1975665,GF,ctp-hap:0.0001,1e-05,ZFP;tol_rel=0.0001,U,1,12.626716685695644,unprojected,2.000000000279556e-06,0.0,2.000000000279556e-06,0.0,True
mp-1975665,GF,ctp-hap:0.01,0.001,ZFP;tol_rel=0.0001,U,1,12.626716685695644,unprojected,2.000000000279556e-06,0.0,2.000000000279556e-06,0.0,True
mp-1975665,GF,ctp-hap:0.01,0.0001,ZFP;tol_rel=0.0001,U,1,12.626716685695644,unprojected,2.000000000279556e-06,0.0,2.000000000279556e-06,0.0,True
mp-1975665,GF,ctp-hap:0.01,1e-05,ZFP;tol_rel=0.0001,U,1,12.626716685695644,unprojected,2.000000000279556e-06,0.0,2.000000000279556e-06,0.0,True
mp-1975665,GF,ctp-hap:1,0.001,ZFP;tol_rel=0.0001,U,1,12.626716685695644,unprojected,2.000000000279556e-06,0.0,2.000000000279556e-06,0.0,True
mp-1975665,GF,ctp-hap:1,0.0001,ZFP;tol_rel=0.0001,U,1,12.626716685695644,unprojected,2.000000000279556e-06,0.0,2.000000000279556e-06,0.0,True
mp-1975665,GF,ctp-hap:1,1e-05,ZFP;tol_rel=0.0001,U,1,12.626716685695644,unprojected,2.000000000279556e-06,0.0,2.000000000279556e-06,0.0,True
mp-1954470,J,none,0.001,alpha_rel=0.00215443,U,1,458.9177202878817,,1.000000000139778e-05,0.0,1.000000000139778e-05,0.0,True
mp-1954470,J,none,0.0001,alpha_rel=0.00215443,U,1,458.9177202878817,,1.000000000139778e-05,0.0,1.000000000139778e-05,0.0,True
mp-1954470,J,none,1e-05,alpha_rel=0.00215443,U,1,458.9177202878817,,1.000000000139778e-05,0.0,1.000000000139778e-05,0.0,False
mp-1954470,J,none,1e-05,alpha_rel=0.001,U,2,375.6641367231039,,6.000000000838668e-06,0.0,6.000000000838668e-06,0.0,True
mp-1954470,J,uniform,0.001,alpha_rel=0.00215443,uniform,1,457.25744557141934,,0.0,0.0,1.000000000139778e-05,0.0,True
mp-1954470,J,uniform,0.0001,alpha_rel=0.00215443,uniform,1,457.25744557141934,,0.0,0.0,1.000000000139778e-05,0.0,True
mp-1954470,J,uniform,1e-05,alpha_rel=0.00215443,uniform,1,457.25744557141934,,0.0,0.0,1.000000000139778e-05,0.0,True
mp-1954470,J,hap:0.0001,0.001,alpha_rel=0.00215443,hap:0.0001,1,457.0212436236844,,0.0,0.0,1.000000000139778e-05,0.0,True
mp-1954470,J,hap:0.0001,0.0001,alpha_rel=0.00215443,hap:0.0001,1,457.0212436236844,,0.0,0.0,1.000000000139778e-05,0.0,True
mp-1954470,J,hap:0.0001,1e-05,alpha_rel=0.00215443,hap:0.0001,1,457.0212436236844,,0.0,0.0,1.000000000139778e-05,0.0,True
mp-1954470,J,hap:0.01,0.001,alpha_rel=0.00215443,hap:0.01,1,457.0212436236844,,0.0,0.0,1.000000000139778e-05,0.0,True
mp-1954470,J,hap:0.01,0.0001,alpha_rel=0.00215443,hap:0.01,1,457.0212436236844,,0.0,0.0,1.000000000139778e-05,0.0,True
mp-1954470,J,hap:0.01,1e-05,alpha_rel=0.00215443,hap:0.01,1,457.0212436236844,,0.0,0.0,1.000000000139778e-05,0.0,True
mp-1954470,J,hap:1,0.001,alpha_rel=0.00215443,hap:1,1,457.0212436236844,,0.0,0.0,1.000000000139778e-05,0.0,True
mp-1954470,J,hap:1,0.0001,alpha_rel=0.00215443,hap:1,1,457.0212436236844,,0.0,0.0,1.000000000139778e-05,0.0,True
mp-1954470,J,hap:1,1e-05,alpha_rel=0.00215443,hap:1,1,457.0212436236844,,0.0,0.0,1.000000000139778e-05,0.0,True
mp-1954470,J,ctp-uniform,0.001,alpha_rel=0.00215443,U,1,458.88796680497927,unprojected,1.000000000139778e-05,0.0,1.000000000139778e-05,0.0,True
mp-1954470,J,ctp-uniform,0.0001,alpha_rel=0.00215443,U,1,458.88796680497927,unprojected,1.000000000139778e-05,0.0,1.000000000139778e-05,0.0,True
mp-1954470,J,ctp-uniform,1e-05,alpha_rel=0.00215443,U,1,458.88796680497927,projected,1.000000000139778e-05,0.0,1.000000000139778e-05,0.0,False
mp-1954470,J,ctp-uniform,1e-05,alpha_rel=0.00215443,uniform,2,457.2279069767442,projected,0.0,0.0,1.000000000139778e-05,0.0,True
mp-1954470,J,ctp-hap:0.0001,0.001,alpha_rel=0.00215443,U,1,458.88796680497927,unprojected,1.000000000139778e-05,0.0,1.000000000139778e-05,0.0,True
mp-1954470,J,ctp-hap:0.0001,0.0001,alpha_rel=0.00215443,U,1,458.88796680497927,unprojected,1.000000000139778e-05,0.0,1.000000000139778e-05,0.0,True
mp-1954470,J,ctp-hap:0.0001,1e-05,alpha_rel=0.00215443,U,1,458.88796680497927,projected,1.000000000139778e-05,0.0,1.000000000139778e-05,0.0,False
mp-1954470,J,ctp-hap:0.0001,1e-05,alpha_rel=0.00215443,hap:0.0001,2,456.9917355371901,projected,0.0,0.0,1.000000000139778e-05,0.0,True
mp-1954470,J,ctp-hap:0.01,0.001,alpha_rel=0.00215443,U,1,458.88796680497927,unprojected,1.000000000139778e-05,0.0,1.000000000139778e-05,0.0,True
mp-1954470,J,ctp-hap:0.01,0.0001,alpha_rel=0.00215443,U,1,458.88796680497927,unprojected,1.000000000139778e-05,0.0,1.000000000139778e-05,0.0,True
mp-1954470,J,ctp-hap:0.01,1e-05,alpha_rel=0.00215443,U,1,458.88796680497927,projected,1.000000000139778e-05,0.0,1.000000000139778e-05,0.0,False
mp-1954470,J,ctp-hap:0.01,1e-05,alpha_rel=0.00215443,hap:0.01,2,456.9917355371901,projected,0.0,0.0,1.000000000139778e-05,0.0,True
mp-1954470,J,ctp-hap:1,0.001,alpha_rel=0.00215443,U,1,458.88796680497927,unprojected,1.000000000139778e-05,0.0,1.000000000139778e-05,0.0,True
mp-1954470,J,ctp-hap:1,0.0001,alpha_rel=0.00215443,U,1,458.88796680497927,unprojected,1.000000000139778e-05,0.0,1.000000000139778e-05,0.0,True
mp-1954470,J,ctp-hap:1,1e-05,alpha_rel=0.00215443,U,1,458.88796680497927,projected,1.000000000139778e-05,0.0,1.000000000139778e-05,0.0,False
mp-1954470,J,ctp-hap:1,1e-05,alpha_rel=0.00215443,hap:1,2,456.9917355371901,projected,0.0,0.0,1.000000000139778e-05,0.0,True
mp-1954470,T1,none,0.001,q_cut=0.2;alpha_rel=2.15443e-05,U,1,623.7673393848594,,1.2999999999152578e-05,0.0,1.2999999999152578e-05,0.0,True
mp-1954470,T1,none,0.0001,q_cut=0.2;alpha_rel=2.15443e-05,U,1,623.7673393848594,,1.2999999999152578e-05,0.0,1.2999999999152578e-05,0.0,True
mp-1954470,T1,none,1e-05,q_cut=0.2;alpha_rel=2.15443e-05,U,1,623.7673393848594,,1.2999999999152578e-05,0.0,1.2999999999152578e-05,0.0,False
mp-1954470,T1,none,1e-05,q_cut=0.2;alpha_rel=1e-05,U,2,554.7368916059253,,8.999999998593466e-06,0.0,8.999999998593466e-06,0.0,True
mp-1954470,T1,uniform,0.001,q_cut=0.2;alpha_rel=1e-05,uniform,1,552.312758486149,,0.0,0.0,8.999999998593466e-06,0.0,True
mp-1954470,T1,uniform,0.0001,q_cut=0.2;alpha_rel=1e-05,uniform,1,552.312758486149,,0.0,0.0,8.999999998593466e-06,0.0,True
mp-1954470,T1,uniform,1e-05,q_cut=0.2;alpha_rel=1e-05,uniform,1,552.312758486149,,0.0,0.0,8.999999998593466e-06,0.0,True
mp-1954470,T1,hap:0.0001,0.001,q_cut=0.2;alpha_rel=2.15443e-05,hap:0.0001,1,620.2688633774428,,0.0,0.0,1.2999999999152578e-05,0.0,True
mp-1954470,T1,hap:0.0001,0.0001,q_cut=0.2;alpha_rel=2.15443e-05,hap:0.0001,1,620.2688633774428,,0.0,0.0,1.2999999999152578e-05,0.0,True
mp-1954470,T1,hap:0.0001,1e-05,q_cut=0.2;alpha_rel=2.15443e-05,hap:0.0001,1,620.2688633774428,,0.0,0.0,1.2999999999152578e-05,0.0,True
mp-1954470,T1,hap:0.01,0.001,q_cut=0.2;alpha_rel=2.15443e-05,hap:0.01,1,620.2688633774428,,0.0,0.0,1.2999999999152578e-05,0.0,True
mp-1954470,T1,hap:0.01,0.0001,q_cut=0.2;alpha_rel=2.15443e-05,hap:0.01,1,620.2688633774428,,0.0,0.0,1.2999999999152578e-05,0.0,True
mp-1954470,T1,hap:0.01,1e-05,q_cut=0.2;alpha_rel=2.15443e-05,hap:0.01,1,620.2688633774428,,0.0,0.0,1.2999999999152578e-05,0.0,True
mp-1954470,T1,hap:1,0.001,q_cut=0.2;alpha_rel=2.15443e-05,hap:1,1,620.2688633774428,,0.0,0.0,1.2999999999152578e-05,0.0,True
mp-1954470,T1,hap:1,0.0001,q_cut=0.2;alpha_rel=2.15443e-05,hap:1,1,620.2688633774428,,0.0,0.0,1.2999999999152578e-05,0.0,True
mp-1954470,T1,hap:1,1e-05,q_cut=0.2;alpha_rel=2.15443e-05,hap:1,1,620.2688633774428,,0.0,0.0,1.2999999999152578e-05,0.0,True
mp-1954470,T1,ctp-uniform,0.001,q_cut=0.2;alpha_rel=2.15443e-05,U,1,623.7123722241805,unprojected,1.2999999999152578e-05,0.0,1.2999999999152578e-05,0.0,True
mp-1954470,T1,ctp-uniform,0.0001,q_cut=0.2;alpha_rel=2.15443e-05,U,1,623.7123722241805,unprojected,1.2999999999152578e-05,0.0,1.2999999999152578e-05,0.0,True
mp-1954470,T1,ctp-uniform,1e-05,q_cut=0.2;alpha_rel=2.15443e-05,U,1,623.7123722241805,projected,1.2999999999152578e-05,0.0,1.2999999999152578e-05,0.0,False
mp-1954470,T1,ctp-uniform,1e-05,q_cut=0.2;alpha_rel=1e-05,U,2,554.6934169278996,unprojected,8.999999998593466e-06,0.0,8.999999998593466e-06,0.0,True
mp-1954470,T1,ctp-hap:0.0001,0.001,q_cut=0.2;alpha_rel=2.15443e-05,U,1,623.7123722241805,unprojected,1.2999999999152578e-05,0.0,1.2999999999152578e-05,0.0,True
mp-1954470,T1,ctp-hap:0.0001,0.0001,q_cut=0.2;alpha_rel=2.15443e-05,U,1,623.7123722241805,unprojected,1.2999999999152578e-05,0.0,1.2999999999152578e-05,0.0,True
mp-1954470,T1,ctp-hap:0.0001,1e-05,q_cut=0.2;alpha_rel=2.15443e-05,U,1,623.7123722241805,projected,1.2999999999152578e-05,0.0,1.2999999999152578e-05,0.0,False
mp-1954470,T1,ctp-hap:0.0001,1e-05,q_cut=0.2;alpha_rel=2.15443e-05,hap:0.0001,2,620.2145110410095,projected,0.0,0.0,1.2999999999152578e-05,0.0,True
mp-1954470,T1,ctp-hap:0.01,0.001,q_cut=0.2;alpha_rel=2.15443e-05,U,1,623.7123722241805,unprojected,1.2999999999152578e-05,0.0,1.2999999999152578e-05,0.0,True
mp-1954470,T1,ctp-hap:0.01,0.0001,q_cut=0.2;alpha_rel=2.15443e-05,U,1,623.7123722241805,unprojected,1.2999999999152578e-05,0.0,1.2999999999152578e-05,0.0,True
mp-1954470,T1,ctp-hap:0.01,1e-05,q_cut=0.2;alpha_rel=2.15443e-05,U,1,623.7123722241805,projected,1.2999999999152578e-05,0.0,1.2999999999152578e-05,0.0,False
mp-1954470,T1,ctp-hap:0.01,1e-05,q_cut=0.2;alpha_rel=2.15443e-05,hap:0.01,2,620.2145110410095,projected,0.0,0.0,1.2999999999152578e-05,0.0,True
mp-1954470,T1,ctp-hap:1,0.001,q_cut=0.2;alpha_rel=2.15443e-05,U,1,623.7123722241805,unprojected,1.2999999999152578e-05,0.0,1.2999999999152578e-05,0.0,True
mp-1954470,T1,ctp-hap:1,0.0001,q_cut=0.2;alpha_rel=2.15443e-05,U,1,623.7123722241805,unprojected,1.2999999999152578e-05,0.0,1.2999999999152578e-05,0.0,True
mp-1954470,T1,ctp-hap:1,1e-05,q_cut=0.2;alpha_rel=2.15443e-05,U,1,623.7123722241805,projected,1.2999999999152578e-05,0.0,1.2999999999152578e-05,0.0,False
mp-1954470,T1,ctp-hap:1,1e-05,q_cut=0.2;alpha_rel=2.15443e-05,hap:1,2,620.2145110410095,projected,0.0,0.0,1.2999999999152578e-05,0.0,True
mp-1954470,R3,none,0.001,tau=1e-06;k=0;margin=0.995,U,1,725.8627833042765,,4.000000000559112e-06,0.0,4.000000000559112e-06,0.0,True
mp-1954470,R3,none,0.0001,tau=1e-06;k=0;margin=0.995,U,1,725.8627833042765,,4.000000000559112e-06,0.0,4.000000000559112e-06,0.0,True
mp-1954470,R3,none,1e-05,tau=1e-06;k=0;margin=0.995,U,1,725.8627833042765,,4.000000000559112e-06,0.0,4.000000000559112e-06,0.0,True
mp-1954470,R3,hap:0.0001,0.001,tau=1e-06;k=0;margin=0.995,hap:0.0001,1,721.1296994396332,,0.0,0.0,4.000000000559112e-06,0.0,True
mp-1954470,R3,hap:0.0001,0.0001,tau=1e-06;k=0;margin=0.995,hap:0.0001,1,721.1296994396332,,0.0,0.0,4.000000000559112e-06,0.0,True
mp-1954470,R3,hap:0.0001,1e-05,tau=1e-06;k=0;margin=0.995,hap:0.0001,1,721.1296994396332,,0.0,0.0,4.000000000559112e-06,0.0,True
mp-1954470,R3,hap:0.01,0.001,tau=1e-06;k=0;margin=0.995,hap:0.01,1,721.1296994396332,,0.0,0.0,4.000000000559112e-06,0.0,True
mp-1954470,R3,hap:0.01,0.0001,tau=1e-06;k=0;margin=0.995,hap:0.01,1,721.1296994396332,,0.0,0.0,4.000000000559112e-06,0.0,True
mp-1954470,R3,hap:0.01,1e-05,tau=1e-06;k=0;margin=0.995,hap:0.01,1,721.1296994396332,,0.0,0.0,4.000000000559112e-06,0.0,True
mp-1954470,R3,hap:1,0.001,tau=1e-06;k=0;margin=0.995,hap:1,1,721.1296994396332,,0.0,0.0,4.000000000559112e-06,0.0,True
mp-1954470,R3,hap:1,0.0001,tau=1e-06;k=0;margin=0.995,hap:1,1,721.1296994396332,,0.0,0.0,4.000000000559112e-06,0.0,True
mp-1954470,R3,hap:1,1e-05,tau=1e-06;k=0;margin=0.995,hap:1,1,721.1296994396332,,0.0,0.0,4.000000000559112e-06,0.0,True
mp-1954470,R3,ctp-uniform,0.001,tau=1e-06;k=0;margin=0.995,U,1,725.7883511074651,unprojected,4.000000000559112e-06,0.0,4.000000000559112e-06,0.0,True
mp-1954470,R3,ctp-uniform,0.0001,tau=1e-06;k=0;margin=0.995,U,1,725.7883511074651,unprojected,4.000000000559112e-06,0.0,4.000000000559112e-06,0.0,True
mp-1954470,R3,ctp-uniform,1e-05,tau=1e-06;k=0;margin=0.995,U,1,725.7883511074651,unprojected,4.000000000559112e-06,0.0,4.000000000559112e-06,0.0,True
mp-1954470,R3,ctp-hap:0.0001,0.001,tau=1e-06;k=0;margin=0.995,U,1,725.7883511074651,unprojected,4.000000000559112e-06,0.0,4.000000000559112e-06,0.0,True
mp-1954470,R3,ctp-hap:0.0001,0.0001,tau=1e-06;k=0;margin=0.995,U,1,725.7883511074651,unprojected,4.000000000559112e-06,0.0,4.000000000559112e-06,0.0,True
mp-1954470,R3,ctp-hap:0.0001,1e-05,tau=1e-06;k=0;margin=0.995,U,1,725.7883511074651,unprojected,4.000000000559112e-06,0.0,4.000000000559112e-06,0.0,True
mp-1954470,R3,ctp-hap:0.01,0.001,tau=1e-06;k=0;margin=0.995,U,1,725.7883511074651,unprojected,4.000000000559112e-06,0.0,4.000000000559112e-06,0.0,True
mp-1954470,R3,ctp-hap:0.01,0.0001,tau=1e-06;k=0;margin=0.995,U,1,725.7883511074651,unprojected,4.000000000559112e-06,0.0,4.000000000559112e-06,0.0,True
mp-1954470,R3,ctp-hap:0.01,1e-05,tau=1e-06;k=0;margin=0.995,U,1,725.7883511074651,unprojected,4.000000000559112e-06,0.0,4.000000000559112e-06,0.0,True
mp-1954470,R3,ctp-hap:1,0.001,tau=1e-06;k=0;margin=0.995,U,1,725.7883511074651,unprojected,4.000000000559112e-06,0.0,4.000000000559112e-06,0.0,True
mp-1954470,R3,ctp-hap:1,0.0001,tau=1e-06;k=0;margin=0.995,U,1,725.7883511074651,unprojected,4.000000000559112e-06,0.0,4.000000000559112e-06,0.0,True
mp-1954470,R3,ctp-hap:1,1e-05,tau=1e-06;k=0;margin=0.995,U,1,725.7883511074651,unprojected,4.000000000559112e-06,0.0,4.000000000559112e-06,0.0,True
mp-1954470,GF,none,0.001,SPERR;tol_rel=1e-05,U,1,39.01705024668559,,7.000000000090267e-06,0.0,7.000000000090267e-06,0.0,True
mp-1954470,GF,none,0.0001,SPERR;tol_rel=1e-05,U,1,39.01705024668559,,7.000000000090267e-06,0.0,7.000000000090267e-06,0.0,True
mp-1954470,GF,none,1e-05,SPERR;tol_rel=1e-05,U,1,39.01705024668559,,7.000000000090267e-06,0.0,7.000000000090267e-06,0.0,True
mp-1954470,GF,uniform,0.001,SPERR;tol_rel=1e-05,uniform,1,39.0050093408501,,0.0,0.0,7.000000000090267e-06,0.0,True
mp-1954470,GF,uniform,0.0001,SPERR;tol_rel=1e-05,uniform,1,39.0050093408501,,0.0,0.0,7.000000000090267e-06,0.0,True
mp-1954470,GF,uniform,1e-05,SPERR;tol_rel=1e-05,uniform,1,39.0050093408501,,0.0,0.0,7.000000000090267e-06,0.0,True
mp-1954470,GF,hap:0.0001,0.001,SPERR;tol_rel=1e-05,hap:0.0001,1,39.00328981809565,,0.0,0.0,7.000000000090267e-06,0.0,True
mp-1954470,GF,hap:0.0001,0.0001,SPERR;tol_rel=1e-05,hap:0.0001,1,39.00328981809565,,0.0,0.0,7.000000000090267e-06,0.0,True
mp-1954470,GF,hap:0.0001,1e-05,SPERR;tol_rel=1e-05,hap:0.0001,1,39.00328981809565,,0.0,0.0,7.000000000090267e-06,0.0,True
mp-1954470,GF,hap:0.01,0.001,SPERR;tol_rel=1e-05,hap:0.01,1,39.00328981809565,,0.0,0.0,7.000000000090267e-06,0.0,True
mp-1954470,GF,hap:0.01,0.0001,SPERR;tol_rel=1e-05,hap:0.01,1,39.00328981809565,,0.0,0.0,7.000000000090267e-06,0.0,True
mp-1954470,GF,hap:0.01,1e-05,SPERR;tol_rel=1e-05,hap:0.01,1,39.00328981809565,,0.0,0.0,7.000000000090267e-06,0.0,True
mp-1954470,GF,hap:1,0.001,SPERR;tol_rel=1e-05,hap:1,1,39.00328981809565,,0.0,0.0,7.000000000090267e-06,0.0,True
mp-1954470,GF,hap:1,0.0001,SPERR;tol_rel=1e-05,hap:1,1,39.00328981809565,,0.0,0.0,7.000000000090267e-06,0.0,True
mp-1954470,GF,hap:1,1e-05,SPERR;tol_rel=1e-05,hap:1,1,39.00328981809565,,0.0,0.0,7.000000000090267e-06,0.0,True
mp-1954470,GF,ctp-uniform,0.001,SPERR;tol_rel=1e-05,U,1,39.01683516531978,unprojected,7.000000000090267e-06,0.0,7.000000000090267e-06,0.0,True
mp-1954470,GF,ctp-uniform,0.0001,SPERR;tol_rel=1e-05,U,1,39.01683516531978,unprojected,7.000000000090267e-06,0.0,7.000000000090267e-06,0.0,True
mp-1954470,GF,ctp-uniform,1e-05,SPERR;tol_rel=1e-05,U,1,39.01683516531978,unprojected,7.000000000090267e-06,0.0,7.000000000090267e-06,0.0,True
mp-1954470,GF,ctp-hap:0.0001,0.001,SPERR;tol_rel=1e-05,U,1,39.01683516531978,unprojected,7.000000000090267e-06,0.0,7.000000000090267e-06,0.0,True
mp-1954470,GF,ctp-hap:0.0001,0.0001,SPERR;tol_rel=1e-05,U,1,39.01683516531978,unprojected,7.000000000090267e-06,0.0,7.000000000090267e-06,0.0,True
mp-1954470,GF,ctp-hap:0.0001,1e-05,SPERR;tol_rel=1e-05,U,1,39.01683516531978,unprojected,7.000000000090267e-06,0.0,7.000000000090267e-06,0.0,True
mp-1954470,GF,ctp-hap:0.01,0.001,SPERR;tol_rel=1e-05,U,1,39.01683516531978,unprojected,7.000000000090267e-06,0.0,7.000000000090267e-06,0.0,True
mp-1954470,GF,ctp-hap:0.01,0.0001,SPERR;tol_rel=1e-05,U,1,39.01683516531978,unprojected,7.000000000090267e-06,0.0,7.000000000090267e-06,0.0,True
mp-1954470,GF,ctp-hap:0.01,1e-05,SPERR;tol_rel=1e-05,U,1,39.01683516531978,unprojected,7.000000000090267e-06,0.0,7.000000000090267e-06,0.0,True
mp-1954470,GF,ctp-hap:1,0.001,SPERR;tol_rel=1e-05,U,1,39.01683516531978,unprojected,7.000000000090267e-06,0.0,7.000000000090267e-06,0.0,True
mp-1954470,GF,ctp-hap:1,0.0001,SPERR;tol_rel=1e-05,U,1,39.01683516531978,unprojected,7.000000000090267e-06,0.0,7.000000000090267e-06,0.0,True
mp-1954470,GF,ctp-hap:1,1e-05,SPERR;tol_rel=1e-05,U,1,39.01683516531978,unprojected,7.000000000090267e-06,0.0,7.000000000090267e-06,0.0,True
mp-1058119,J,none,0.001,alpha_rel=0.00215443,U,1,321.41916038751344,,1.0000000010279564e-06,0.0,1.0000000010279564e-06,0.0,True
mp-1058119,J,none,0.0001,alpha_rel=0.00215443,U,1,321.41916038751344,,1.0000000010279564e-06,0.0,1.0000000010279564e-06,0.0,True
mp-1058119,J,none,1e-05,alpha_rel=0.00215443,U,1,321.41916038751344,,1.0000000010279564e-06,0.0,1.0000000010279564e-06,0.0,True
mp-1058119,J,uniform,0.001,alpha_rel=0.00215443,uniform,1,320.0411575562701,,0.0,0.0,1.0000000010279564e-06,0.0,True
mp-1058119,J,uniform,0.0001,alpha_rel=0.00215443,uniform,1,320.0411575562701,,0.0,0.0,1.0000000010279564e-06,0.0,True
mp-1058119,J,uniform,1e-05,alpha_rel=0.00215443,uniform,1,320.0411575562701,,0.0,0.0,1.0000000010279564e-06,0.0,True
mp-1058119,J,hap:0.0001,0.001,alpha_rel=0.00215443,hap:0.0001,1,319.7669736560291,,0.0,0.0,1.0000000010279564e-06,0.0,True
mp-1058119,J,hap:0.0001,0.0001,alpha_rel=0.00215443,hap:0.0001,1,319.7669736560291,,0.0,0.0,1.0000000010279564e-06,0.0,True
mp-1058119,J,hap:0.0001,1e-05,alpha_rel=0.00215443,hap:0.0001,1,319.7669736560291,,0.0,0.0,1.0000000010279564e-06,0.0,True
mp-1058119,J,hap:0.01,0.001,alpha_rel=0.00215443,hap:0.01,1,319.7669736560291,,0.0,0.0,1.0000000010279564e-06,0.0,True
mp-1058119,J,hap:0.01,0.0001,alpha_rel=0.00215443,hap:0.01,1,319.7669736560291,,0.0,0.0,1.0000000010279564e-06,0.0,True
mp-1058119,J,hap:0.01,1e-05,alpha_rel=0.00215443,hap:0.01,1,319.7669736560291,,0.0,0.0,1.0000000010279564e-06,0.0,True
mp-1058119,J,hap:1,0.001,alpha_rel=0.00215443,hap:1,1,319.7669736560291,,0.0,0.0,1.0000000010279564e-06,0.0,True
mp-1058119,J,hap:1,0.0001,alpha_rel=0.00215443,hap:1,1,319.7669736560291,,0.0,0.0,1.0000000010279564e-06,0.0,True
mp-1058119,J,hap:1,1e-05,alpha_rel=0.00215443,hap:1,1,319.7669736560291,,0.0,0.0,1.0000000010279564e-06,0.0,True
mp-1058119,J,ctp-uniform,0.001,alpha_rel=0.00215443,U,1,321.3845657087504,unprojected,1.0000000010279564e-06,0.0,1.0000000010279564e-06,0.0,True
mp-1058119,J,ctp-uniform,0.0001,alpha_rel=0.00215443,U,1,321.3845657087504,unprojected,1.0000000010279564e-06,0.0,1.0000000010279564e-06,0.0,True
mp-1058119,J,ctp-uniform,1e-05,alpha_rel=0.00215443,U,1,321.3845657087504,unprojected,1.0000000010279564e-06,0.0,1.0000000010279564e-06,0.0,True
mp-1058119,J,ctp-hap:0.0001,0.001,alpha_rel=0.00215443,U,1,321.3845657087504,unprojected,1.0000000010279564e-06,0.0,1.0000000010279564e-06,0.0,True
mp-1058119,J,ctp-hap:0.0001,0.0001,alpha_rel=0.00215443,U,1,321.3845657087504,unprojected,1.0000000010279564e-06,0.0,1.0000000010279564e-06,0.0,True
mp-1058119,J,ctp-hap:0.0001,1e-05,alpha_rel=0.00215443,U,1,321.3845657087504,unprojected,1.0000000010279564e-06,0.0,1.0000000010279564e-06,0.0,True
mp-1058119,J,ctp-hap:0.01,0.001,alpha_rel=0.00215443,U,1,321.3845657087504,unprojected,1.0000000010279564e-06,0.0,1.0000000010279564e-06,0.0,True
mp-1058119,J,ctp-hap:0.01,0.0001,alpha_rel=0.00215443,U,1,321.3845657087504,unprojected,1.0000000010279564e-06,0.0,1.0000000010279564e-06,0.0,True
mp-1058119,J,ctp-hap:0.01,1e-05,alpha_rel=0.00215443,U,1,321.3845657087504,unprojected,1.0000000010279564e-06,0.0,1.0000000010279564e-06,0.0,True
mp-1058119,J,ctp-hap:1,0.001,alpha_rel=0.00215443,U,1,321.3845657087504,unprojected,1.0000000010279564e-06,0.0,1.0000000010279564e-06,0.0,True
mp-1058119,J,ctp-hap:1,0.0001,alpha_rel=0.00215443,U,1,321.3845657087504,unprojected,1.0000000010279564e-06,0.0,1.0000000010279564e-06,0.0,True
mp-1058119,J,ctp-hap:1,1e-05,alpha_rel=0.00215443,U,1,321.3845657087504,unprojected,1.0000000010279564e-06,0.0,1.0000000010279564e-06,0.0,True
mp-1058119,T1,none,0.001,q_cut=0.3;alpha_rel=2.15443e-05,U,1,281.08669867269134,,1.0000000010279564e-06,0.0,1.0000000010279564e-06,0.0,True
mp-1058119,T1,none,0.0001,q_cut=0.3;alpha_rel=2.15443e-05,U,1,281.08669867269134,,1.0000000010279564e-06,0.0,1.0000000010279564e-06,0.0,True
mp-1058119,T1,none,1e-05,q_cut=0.3;alpha_rel=2.15443e-05,U,1,281.08669867269134,,1.0000000010279564e-06,0.0,1.0000000010279564e-06,0.0,True
mp-1058119,T1,uniform,0.001,q_cut=0.3;alpha_rel=2.15443e-05,uniform,1,280.0322610897496,,0.0,0.0,1.0000000010279564e-06,0.0,True
mp-1058119,T1,uniform,0.0001,q_cut=0.3;alpha_rel=2.15443e-05,uniform,1,280.0322610897496,,0.0,0.0,1.0000000010279564e-06,0.0,True
mp-1058119,T1,uniform,1e-05,q_cut=0.3;alpha_rel=2.15443e-05,uniform,1,280.0322610897496,,0.0,0.0,1.0000000010279564e-06,0.0,True
mp-1058119,T1,hap:0.0001,0.001,q_cut=0.3;alpha_rel=2.15443e-05,hap:0.0001,1,279.82232218161374,,0.0,0.0,1.0000000010279564e-06,0.0,True
mp-1058119,T1,hap:0.0001,0.0001,q_cut=0.3;alpha_rel=2.15443e-05,hap:0.0001,1,279.82232218161374,,0.0,0.0,1.0000000010279564e-06,0.0,True
mp-1058119,T1,hap:0.0001,1e-05,q_cut=0.3;alpha_rel=2.15443e-05,hap:0.0001,1,279.82232218161374,,0.0,0.0,1.0000000010279564e-06,0.0,True
mp-1058119,T1,hap:0.01,0.001,q_cut=0.3;alpha_rel=2.15443e-05,hap:0.01,1,279.82232218161374,,0.0,0.0,1.0000000010279564e-06,0.0,True
mp-1058119,T1,hap:0.01,0.0001,q_cut=0.3;alpha_rel=2.15443e-05,hap:0.01,1,279.82232218161374,,0.0,0.0,1.0000000010279564e-06,0.0,True
mp-1058119,T1,hap:0.01,1e-05,q_cut=0.3;alpha_rel=2.15443e-05,hap:0.01,1,279.82232218161374,,0.0,0.0,1.0000000010279564e-06,0.0,True
mp-1058119,T1,hap:1,0.001,q_cut=0.3;alpha_rel=2.15443e-05,hap:1,1,279.82232218161374,,0.0,0.0,1.0000000010279564e-06,0.0,True
mp-1058119,T1,hap:1,0.0001,q_cut=0.3;alpha_rel=2.15443e-05,hap:1,1,279.82232218161374,,0.0,0.0,1.0000000010279564e-06,0.0,True
mp-1058119,T1,hap:1,1e-05,q_cut=0.3;alpha_rel=2.15443e-05,hap:1,1,279.82232218161374,,0.0,0.0,1.0000000010279564e-06,0.0,True
mp-1058119,T1,ctp-uniform,0.001,q_cut=0.3;alpha_rel=2.15443e-05,U,1,281.06024096385545,unprojected,1.0000000010279564e-06,0.0,1.0000000010279564e-06,0.0,True
mp-1058119,T1,ctp-uniform,0.0001,q_cut=0.3;alpha_rel=2.15443e-05,U,1,281.06024096385545,unprojected,1.0000000010279564e-06,0.0,1.0000000010279564e-06,0.0,True
mp-1058119,T1,ctp-uniform,1e-05,q_cut=0.3;alpha_rel=2.15443e-05,U,1,281.06024096385545,unprojected,1.0000000010279564e-06,0.0,1.0000000010279564e-06,0.0,True
mp-1058119,T1,ctp-hap:0.0001,0.001,q_cut=0.3;alpha_rel=2.15443e-05,U,1,281.06024096385545,unprojected,1.0000000010279564e-06,0.0,1.0000000010279564e-06,0.0,True
mp-1058119,T1,ctp-hap:0.0001,0.0001,q_cut=0.3;alpha_rel=2.15443e-05,U,1,281.06024096385545,unprojected,1.0000000010279564e-06,0.0,1.0000000010279564e-06,0.0,True
mp-1058119,T1,ctp-hap:0.0001,1e-05,q_cut=0.3;alpha_rel=2.15443e-05,U,1,281.06024096385545,unprojected,1.0000000010279564e-06,0.0,1.0000000010279564e-06,0.0,True
mp-1058119,T1,ctp-hap:0.01,0.001,q_cut=0.3;alpha_rel=2.15443e-05,U,1,281.06024096385545,unprojected,1.0000000010279564e-06,0.0,1.0000000010279564e-06,0.0,True
mp-1058119,T1,ctp-hap:0.01,0.0001,q_cut=0.3;alpha_rel=2.15443e-05,U,1,281.06024096385545,unprojected,1.0000000010279564e-06,0.0,1.0000000010279564e-06,0.0,True
mp-1058119,T1,ctp-hap:0.01,1e-05,q_cut=0.3;alpha_rel=2.15443e-05,U,1,281.06024096385545,unprojected,1.0000000010279564e-06,0.0,1.0000000010279564e-06,0.0,True
mp-1058119,T1,ctp-hap:1,0.001,q_cut=0.3;alpha_rel=2.15443e-05,U,1,281.06024096385545,unprojected,1.0000000010279564e-06,0.0,1.0000000010279564e-06,0.0,True
mp-1058119,T1,ctp-hap:1,0.0001,q_cut=0.3;alpha_rel=2.15443e-05,U,1,281.06024096385545,unprojected,1.0000000010279564e-06,0.0,1.0000000010279564e-06,0.0,True
mp-1058119,T1,ctp-hap:1,1e-05,q_cut=0.3;alpha_rel=2.15443e-05,U,1,281.06024096385545,unprojected,1.0000000010279564e-06,0.0,1.0000000010279564e-06,0.0,True
mp-1058119,R3,none,0.001,tau=1e-06;k=0;margin=0.995,U,1,544.5894583257341,,1.199999999990098e-05,0.0,1.199999999990098e-05,0.0,True
mp-1058119,R3,none,0.0001,tau=1e-06;k=0;margin=0.995,U,1,544.5894583257341,,1.199999999990098e-05,0.0,1.199999999990098e-05,0.0,True
mp-1058119,R3,none,1e-05,tau=1e-06;k=0;margin=0.995,U,1,544.5894583257341,,1.199999999990098e-05,0.0,1.199999999990098e-05,0.0,False
mp-1058119,R3,none,1e-05,tau=1e-06;k=1;margin=0.990025,U,2,544.5894583257341,,1.199999999990098e-05,0.0,1.199999999990098e-05,0.0,False
mp-1058119,R3,none,1e-05,tau=1e-06;k=2;margin=0.985074875,U,3,544.5894583257341,,1.199999999990098e-05,0.0,1.199999999990098e-05,0.0,False
mp-1058119,R3,none,1e-05,tau=1e-06;k=3;margin=0.980149501,U,4,544.4901531728665,,1.199999999990098e-05,0.0,1.199999999990098e-05,0.0,False
mp-1058119,R3,none,1e-05,tau=1e-06;k=4;margin=0.975248753,U,5,542.4130790190736,,7.000000000090267e-06,0.0,7.000000000090267e-06,0.0,True
mp-1058119,R3,hap:0.0001,0.001,tau=1e-06;k=0;margin=0.995,hap:0.0001,1,539.8633158560839,,0.0,0.0,1.199999999990098e-05,0.0,True
mp-1058119,R3,hap:0.0001,0.0001,tau=1e-06;k=0;margin=0.995,hap:0.0001,1,539.8633158560839,,0.0,0.0,1.199999999990098e-05,0.0,True
mp-1058119,R3,hap:0.0001,1e-05,tau=1e-06;k=0;margin=0.995,hap:0.0001,1,539.8633158560839,,0.0,0.0,1.199999999990098e-05,0.0,True
mp-1058119,R3,hap:0.01,0.001,tau=1e-06;k=0;margin=0.995,hap:0.01,1,539.8633158560839,,0.0,0.0,1.199999999990098e-05,0.0,True
mp-1058119,R3,hap:0.01,0.0001,tau=1e-06;k=0;margin=0.995,hap:0.01,1,539.8633158560839,,0.0,0.0,1.199999999990098e-05,0.0,True
mp-1058119,R3,hap:0.01,1e-05,tau=1e-06;k=0;margin=0.995,hap:0.01,1,539.8633158560839,,0.0,0.0,1.199999999990098e-05,0.0,True
mp-1058119,R3,ctp-uniform,0.001,tau=1e-06;k=0;margin=0.995,U,1,544.4901531728665,unprojected,1.199999999990098e-05,0.0,1.199999999990098e-05,0.0,True
mp-1058119,R3,ctp-uniform,0.0001,tau=1e-06;k=0;margin=0.995,U,1,544.4901531728665,unprojected,1.199999999990098e-05,0.0,1.199999999990098e-05,0.0,True
mp-1058119,R3,ctp-uniform,1e-05,tau=1e-06;k=0;margin=0.995,U,1,544.4901531728665,projected,1.199999999990098e-05,0.0,1.199999999990098e-05,0.0,False
mp-1058119,R3,ctp-uniform,1e-05,tau=1e-06;k=1;margin=0.990025,U,2,544.4901531728665,projected,1.199999999990098e-05,0.0,1.199999999990098e-05,0.0,False
mp-1058119,R3,ctp-uniform,1e-05,tau=1e-06;k=2;margin=0.985074875,U,3,544.4901531728665,projected,1.199999999990098e-05,0.0,1.199999999990098e-05,0.0,False
mp-1058119,R3,ctp-uniform,1e-05,tau=1e-06;k=3;margin=0.980149501,U,4,544.3908842297174,projected,1.199999999990098e-05,0.0,1.199999999990098e-05,0.0,False
mp-1058119,R3,ctp-uniform,1e-05,tau=1e-06;k=4;margin=0.975248753,U,5,542.3145659280784,unprojected,7.000000000090267e-06,0.0,7.000000000090267e-06,0.0,True
mp-1058119,R3,ctp-hap:0.0001,0.001,tau=1e-06;k=0;margin=0.995,U,1,544.4901531728665,unprojected,1.199999999990098e-05,0.0,1.199999999990098e-05,0.0,True
mp-1058119,R3,ctp-hap:0.0001,0.0001,tau=1e-06;k=0;margin=0.995,U,1,544.4901531728665,unprojected,1.199999999990098e-05,0.0,1.199999999990098e-05,0.0,True
mp-1058119,R3,ctp-hap:0.0001,1e-05,tau=1e-06;k=0;margin=0.995,U,1,544.4901531728665,projected,1.199999999990098e-05,0.0,1.199999999990098e-05,0.0,False
mp-1058119,R3,ctp-hap:0.0001,1e-05,tau=1e-06;k=1;margin=0.990025,U,2,544.4901531728665,projected,1.199999999990098e-05,0.0,1.199999999990098e-05,0.0,False
mp-1058119,R3,ctp-hap:0.0001,1e-05,tau=1e-06;k=2;margin=0.985074875,U,3,544.4901531728665,projected,1.199999999990098e-05,0.0,1.199999999990098e-05,0.0,False
mp-1058119,R3,ctp-hap:0.0001,1e-05,tau=1e-06;k=3;margin=0.980149501,U,4,544.3908842297174,projected,1.199999999990098e-05,0.0,1.199999999990098e-05,0.0,False
mp-1058119,R3,ctp-hap:0.0001,1e-05,tau=1e-06;k=4;margin=0.975248753,U,5,542.3145659280784,unprojected,7.000000000090267e-06,0.0,7.000000000090267e-06,0.0,True
mp-1058119,R3,ctp-hap:0.01,0.001,tau=1e-06;k=0;margin=0.995,U,1,544.4901531728665,unprojected,1.199999999990098e-05,0.0,1.199999999990098e-05,0.0,True
mp-1058119,R3,ctp-hap:0.01,0.0001,tau=1e-06;k=0;margin=0.995,U,1,544.4901531728665,unprojected,1.199999999990098e-05,0.0,1.199999999990098e-05,0.0,True
mp-1058119,R3,ctp-hap:0.01,1e-05,tau=1e-06;k=0;margin=0.995,U,1,544.4901531728665,projected,1.199999999990098e-05,0.0,1.199999999990098e-05,0.0,False
mp-1058119,R3,ctp-hap:0.01,1e-05,tau=1e-06;k=1;margin=0.990025,U,2,544.4901531728665,projected,1.199999999990098e-05,0.0,1.199999999990098e-05,0.0,False
mp-1058119,R3,ctp-hap:0.01,1e-05,tau=1e-06;k=2;margin=0.985074875,U,3,544.4901531728665,projected,1.199999999990098e-05,0.0,1.199999999990098e-05,0.0,False
mp-1058119,R3,ctp-hap:0.01,1e-05,tau=1e-06;k=3;margin=0.980149501,U,4,544.3908842297174,projected,1.199999999990098e-05,0.0,1.199999999990098e-05,0.0,False
mp-1058119,R3,ctp-hap:0.01,1e-05,tau=1e-06;k=4;margin=0.975248753,U,5,542.3145659280784,unprojected,7.000000000090267e-06,0.0,7.000000000090267e-06,0.0,True
mp-1058119,R3,ctp-hap:1,0.001,tau=1e-06;k=0;margin=0.995,U,1,544.4901531728665,unprojected,1.199999999990098e-05,0.0,1.199999999990098e-05,0.0,True
mp-1058119,R3,ctp-hap:1,0.0001,tau=1e-06;k=0;margin=0.995,U,1,544.4901531728665,unprojected,1.199999999990098e-05,0.0,1.199999999990098e-05,0.0,True
mp-1058119,R3,ctp-hap:1,1e-05,tau=1e-06;k=0;margin=0.995,U,1,544.4901531728665,projected,1.199999999990098e-05,0.0,1.199999999990098e-05,0.0,False
mp-1058119,R3,ctp-hap:1,1e-05,tau=1e-06;k=1;margin=0.990025,U,2,544.4901531728665,projected,1.199999999990098e-05,0.0,1.199999999990098e-05,0.0,False
mp-1058119,R3,ctp-hap:1,1e-05,tau=1e-06;k=2;margin=0.985074875,U,3,544.4901531728665,projected,1.199999999990098e-05,0.0,1.199999999990098e-05,0.0,False
mp-1058119,R3,ctp-hap:1,1e-05,tau=1e-06;k=3;margin=0.980149501,U,4,544.3908842297174,projected,1.199999999990098e-05,0.0,1.199999999990098e-05,0.0,False
mp-1058119,R3,ctp-hap:1,1e-05,tau=1e-06;k=4;margin=0.975248753,U,5,542.3145659280784,unprojected,7.000000000090267e-06,0.0,7.000000000090267e-06,0.0,True
mp-1058119,GF,none,0.001,SPERR;tol_rel=1e-05,U,1,33.966761082483025,,4.000000000559112e-06,0.0,4.000000000559112e-06,0.0,True
mp-1058119,GF,none,0.0001,SPERR;tol_rel=1e-05,U,1,33.966761082483025,,4.000000000559112e-06,0.0,4.000000000559112e-06,0.0,True
mp-1058119,GF,none,1e-05,SPERR;tol_rel=1e-05,U,1,33.966761082483025,,4.000000000559112e-06,0.0,4.000000000559112e-06,0.0,True
mp-1058119,GF,uniform,0.001,SPERR;tol_rel=1e-05,uniform,1,33.9513126925832,,0.0,0.0,4.000000000559112e-06,0.0,True
mp-1058119,GF,uniform,0.0001,SPERR;tol_rel=1e-05,uniform,1,33.9513126925832,,0.0,0.0,4.000000000559112e-06,0.0,True
mp-1058119,GF,uniform,1e-05,SPERR;tol_rel=1e-05,uniform,1,33.9513126925832,,0.0,0.0,4.000000000559112e-06,0.0,True
mp-1058119,GF,hap:0.0001,0.001,SPERR;tol_rel=1e-05,hap:0.0001,1,33.94822470070603,,0.0,0.0,4.000000000559112e-06,0.0,True
mp-1058119,GF,hap:0.0001,0.0001,SPERR;tol_rel=1e-05,hap:0.0001,1,33.94822470070603,,0.0,0.0,4.000000000559112e-06,0.0,True
mp-1058119,GF,hap:0.0001,1e-05,SPERR;tol_rel=1e-05,hap:0.0001,1,33.94822470070603,,0.0,0.0,4.000000000559112e-06,0.0,True
mp-1058119,GF,hap:0.01,0.001,SPERR;tol_rel=1e-05,hap:0.01,1,33.94822470070603,,0.0,0.0,4.000000000559112e-06,0.0,True
mp-1058119,GF,hap:0.01,0.0001,SPERR;tol_rel=1e-05,hap:0.01,1,33.94822470070603,,0.0,0.0,4.000000000559112e-06,0.0,True
mp-1058119,GF,hap:0.01,1e-05,SPERR;tol_rel=1e-05,hap:0.01,1,33.94822470070603,,0.0,0.0,4.000000000559112e-06,0.0,True
mp-1058119,GF,hap:1,0.001,SPERR;tol_rel=1e-05,hap:1,1,33.94822470070603,,0.0,0.0,4.000000000559112e-06,0.0,True
mp-1058119,GF,hap:1,0.0001,SPERR;tol_rel=1e-05,hap:1,1,33.94822470070603,,0.0,0.0,4.000000000559112e-06,0.0,True
mp-1058119,GF,hap:1,1e-05,SPERR;tol_rel=1e-05,hap:1,1,33.94822470070603,,0.0,0.0,4.000000000559112e-06,0.0,True
mp-1058119,GF,ctp-uniform,0.001,SPERR;tol_rel=1e-05,U,1,33.96637470139916,unprojected,4.000000000559112e-06,0.0,4.000000000559112e-06,0.0,True
mp-1058119,GF,ctp-uniform,0.0001,SPERR;tol_rel=1e-05,U,1,33.96637470139916,unprojected,4.000000000559112e-06,0.0,4.000000000559112e-06,0.0,True
mp-1058119,GF,ctp-uniform,1e-05,SPERR;tol_rel=1e-05,U,1,33.96637470139916,unprojected,4.000000000559112e-06,0.0,4.000000000559112e-06,0.0,True
mp-1058119,GF,ctp-hap:0.0001,0.001,SPERR;tol_rel=1e-05,U,1,33.96637470139916,unprojected,4.000000000559112e-06,0.0,4.000000000559112e-06,0.0,True
mp-1058119,GF,ctp-hap:0.0001,0.0001,SPERR;tol_rel=1e-05,U,1,33.96637470139916,unprojected,4.000000000559112e-06,0.0,4.000000000559112e-06,0.0,True
mp-1058119,GF,ctp-hap:0.0001,1e-05,SPERR;tol_rel=1e-05,U,1,33.96637470139916,unprojected,4.000000000559112e-06,0.0,4.000000000559112e-06,0.0,True
mp-1058119,GF,ctp-hap:0.01,0.001,SPERR;tol_rel=1e-05,U,1,33.96637470139916,unprojected,4.000000000559112e-06,0.0,4.000000000559112e-06,0.0,True
mp-1058119,GF,ctp-hap:0.01,0.0001,SPERR;tol_rel=1e-05,U,1,33.96637470139916,unprojected,4.000000000559112e-06,0.0,4.000000000559112e-06,0.0,True
mp-1058119,GF,ctp-hap:0.01,1e-05,SPERR;tol_rel=1e-05,U,1,33.96637470139916,unprojected,4.000000000559112e-06,0.0,4.000000000559112e-06,0.0,True
mp-1058119,GF,ctp-hap:1,0.001,SPERR;tol_rel=1e-05,U,1,33.96637470139916,unprojected,4.000000000559112e-06,0.0,4.000000000559112e-06,0.0,True
mp-1058119,GF,ctp-hap:1,0.0001,SPERR;tol_rel=1e-05,U,1,33.96637470139916,unprojected,4.000000000559112e-06,0.0,4.000000000559112e-06,0.0,True
mp-1058119,GF,ctp-hap:1,1e-05,SPERR;tol_rel=1e-05,U,1,33.96637470139916,unprojected,4.000000000559112e-06,0.0,4.000000000559112e-06,0.0,True
mp-5510,J,none,0.001,alpha_rel=0.00215443,U,1,263.3951268525496,,7.000000000090267e-06,0.0,7.000000000090267e-06,0.0,True
mp-5510,J,none,0.0001,alpha_rel=0.00215443,U,1,263.3951268525496,,7.000000000090267e-06,0.0,7.000000000090267e-06,0.0,True
mp-5510,J,none,1e-05,alpha_rel=0.00215443,U,1,263.3951268525496,,7.000000000090267e-06,0.0,7.000000000090267e-06,0.0,True
mp-5510,J,uniform,0.001,alpha_rel=0.001,uniform,1,216.54353961588765,,0.0,0.0,2.000000000279556e-06,0.0,True
mp-5510,J,uniform,0.0001,alpha_rel=0.001,uniform,1,216.54353961588765,,0.0,0.0,2.000000000279556e-06,0.0,True
mp-5510,J,uniform,1e-05,alpha_rel=0.001,uniform,1,216.54353961588765,,0.0,0.0,2.000000000279556e-06,0.0,True
mp-5510,J,hap:0.0001,0.001,alpha_rel=0.00215443,hap:0.0001,1,261.8167290886392,,0.0,0.0,7.000000000090267e-06,0.0,True
mp-5510,J,hap:0.0001,0.0001,alpha_rel=0.00215443,hap:0.0001,1,261.8167290886392,,0.0,0.0,7.000000000090267e-06,0.0,True
mp-5510,J,hap:0.0001,1e-05,alpha_rel=0.00215443,hap:0.0001,1,261.8167290886392,,0.0,0.0,7.000000000090267e-06,0.0,True
mp-5510,J,hap:0.01,0.001,alpha_rel=0.00215443,hap:0.01,1,261.8167290886392,,0.0,0.0,7.000000000090267e-06,0.0,True
mp-5510,J,hap:0.01,0.0001,alpha_rel=0.00215443,hap:0.01,1,261.8167290886392,,0.0,0.0,7.000000000090267e-06,0.0,True
mp-5510,J,hap:0.01,1e-05,alpha_rel=0.00215443,hap:0.01,1,261.8167290886392,,0.0,0.0,7.000000000090267e-06,0.0,True
mp-5510,J,hap:1,0.001,alpha_rel=0.00215443,hap:1,1,261.8167290886392,,0.0,0.0,7.000000000090267e-06,0.0,True
mp-5510,J,hap:1,0.0001,alpha_rel=0.00215443,hap:1,1,261.8167290886392,,0.0,0.0,7.000000000090267e-06,0.0,True
mp-5510,J,hap:1,1e-05,alpha_rel=0.00215443,hap:1,1,261.8167290886392,,0.0,0.0,7.000000000090267e-06,0.0,True
mp-5510,J,ctp-uniform,0.001,alpha_rel=0.00215443,U,1,263.3730743469524,unprojected,7.000000000090267e-06,0.0,7.000000000090267e-06,0.0,True
mp-5510,J,ctp-uniform,0.0001,alpha_rel=0.00215443,U,1,263.3730743469524,unprojected,7.000000000090267e-06,0.0,7.000000000090267e-06,0.0,True
mp-5510,J,ctp-uniform,1e-05,alpha_rel=0.00215443,U,1,263.3730743469524,unprojected,7.000000000090267e-06,0.0,7.000000000090267e-06,0.0,True
mp-5510,J,ctp-hap:0.0001,0.001,alpha_rel=0.00215443,U,1,263.3730743469524,unprojected,7.000000000090267e-06,0.0,7.000000000090267e-06,0.0,True
mp-5510,J,ctp-hap:0.0001,0.0001,alpha_rel=0.00215443,U,1,263.3730743469524,unprojected,7.000000000090267e-06,0.0,7.000000000090267e-06,0.0,True
mp-5510,J,ctp-hap:0.0001,1e-05,alpha_rel=0.00215443,U,1,263.3730743469524,unprojected,7.000000000090267e-06,0.0,7.000000000090267e-06,0.0,True
mp-5510,J,ctp-hap:0.01,0.001,alpha_rel=0.00215443,U,1,263.3730743469524,unprojected,7.000000000090267e-06,0.0,7.000000000090267e-06,0.0,True
mp-5510,J,ctp-hap:0.01,0.0001,alpha_rel=0.00215443,U,1,263.3730743469524,unprojected,7.000000000090267e-06,0.0,7.000000000090267e-06,0.0,True
mp-5510,J,ctp-hap:0.01,1e-05,alpha_rel=0.00215443,U,1,263.3730743469524,unprojected,7.000000000090267e-06,0.0,7.000000000090267e-06,0.0,True
mp-5510,J,ctp-hap:1,0.001,alpha_rel=0.00215443,U,1,263.3730743469524,unprojected,7.000000000090267e-06,0.0,7.000000000090267e-06,0.0,True
mp-5510,J,ctp-hap:1,0.0001,alpha_rel=0.00215443,U,1,263.3730743469524,unprojected,7.000000000090267e-06,0.0,7.000000000090267e-06,0.0,True
mp-5510,J,ctp-hap:1,1e-05,alpha_rel=0.00215443,U,1,263.3730743469524,unprojected,7.000000000090267e-06,0.0,7.000000000090267e-06,0.0,True
mp-5510,T1,none,0.001,q_cut=0.3;alpha_rel=2.15443e-05,U,1,215.13664341403364,,7.999999999341867e-06,0.0,7.999999999341867e-06,0.0,True
mp-5510,T1,none,0.0001,q_cut=0.3;alpha_rel=2.15443e-05,U,1,215.13664341403364,,7.999999999341867e-06,0.0,7.999999999341867e-06,0.0,True
mp-5510,T1,none,1e-05,q_cut=0.3;alpha_rel=2.15443e-05,U,1,215.13664341403364,,7.999999999341867e-06,0.0,7.999999999341867e-06,0.0,True
mp-5510,T1,uniform,0.001,q_cut=0.3;alpha_rel=2.15443e-05,uniform,1,214.19910118480183,,0.0,0.0,7.999999999341867e-06,0.0,True
mp-5510,T1,uniform,0.0001,q_cut=0.3;alpha_rel=2.15443e-05,uniform,1,214.19910118480183,,0.0,0.0,7.999999999341867e-06,0.0,True
mp-5510,T1,uniform,1e-05,q_cut=0.3;alpha_rel=2.15443e-05,uniform,1,214.19910118480183,,0.0,0.0,7.999999999341867e-06,0.0,True
mp-5510,T1,hap:0.0001,0.001,q_cut=0.3;alpha_rel=2.15443e-05,hap:0.0001,1,214.082482645978,,0.0,0.0,7.999999999341867e-06,0.0,True
mp-5510,T1,hap:0.0001,0.0001,q_cut=0.3;alpha_rel=2.15443e-05,hap:0.0001,1,214.082482645978,,0.0,0.0,7.999999999341867e-06,0.0,True
mp-5510,T1,hap:0.0001,1e-05,q_cut=0.3;alpha_rel=2.15443e-05,hap:0.0001,1,214.082482645978,,0.0,0.0,7.999999999341867e-06,0.0,True
mp-5510,T1,hap:0.01,0.001,q_cut=0.3;alpha_rel=2.15443e-05,hap:0.01,1,214.082482645978,,0.0,0.0,7.999999999341867e-06,0.0,True
mp-5510,T1,hap:0.01,0.0001,q_cut=0.3;alpha_rel=2.15443e-05,hap:0.01,1,214.082482645978,,0.0,0.0,7.999999999341867e-06,0.0,True
mp-5510,T1,hap:0.01,1e-05,q_cut=0.3;alpha_rel=2.15443e-05,hap:0.01,1,214.082482645978,,0.0,0.0,7.999999999341867e-06,0.0,True
mp-5510,T1,hap:1,0.001,q_cut=0.3;alpha_rel=2.15443e-05,hap:1,1,214.082482645978,,0.0,0.0,7.999999999341867e-06,0.0,True
mp-5510,T1,hap:1,0.0001,q_cut=0.3;alpha_rel=2.15443e-05,hap:1,1,214.082482645978,,0.0,0.0,7.999999999341867e-06,0.0,True
mp-5510,T1,hap:1,1e-05,q_cut=0.3;alpha_rel=2.15443e-05,hap:1,1,214.082482645978,,0.0,0.0,7.999999999341867e-06,0.0,True
mp-5510,T1,ctp-uniform,0.001,q_cut=0.3;alpha_rel=2.15443e-05,U,1,215.12193120426724,unprojected,7.999999999341867e-06,0.0,7.999999999341867e-06,0.0,True
mp-5510,T1,ctp-uniform,0.0001,q_cut=0.3;alpha_rel=2.15443e-05,U,1,215.12193120426724,unprojected,7.999999999341867e-06,0.0,7.999999999341867e-06,0.0,True
mp-5510,T1,ctp-uniform,1e-05,q_cut=0.3;alpha_rel=2.15443e-05,U,1,215.12193120426724,unprojected,7.999999999341867e-06,0.0,7.999999999341867e-06,0.0,True
mp-5510,T1,ctp-hap:0.0001,0.001,q_cut=0.3;alpha_rel=2.15443e-05,U,1,215.12193120426724,unprojected,7.999999999341867e-06,0.0,7.999999999341867e-06,0.0,True
mp-5510,T1,ctp-hap:0.0001,0.0001,q_cut=0.3;alpha_rel=2.15443e-05,U,1,215.12193120426724,unprojected,7.999999999341867e-06,0.0,7.999999999341867e-06,0.0,True
mp-5510,T1,ctp-hap:0.0001,1e-05,q_cut=0.3;alpha_rel=2.15443e-05,U,1,215.12193120426724,unprojected,7.999999999341867e-06,0.0,7.999999999341867e-06,0.0,True
mp-5510,T1,ctp-hap:0.01,0.001,q_cut=0.3;alpha_rel=2.15443e-05,U,1,215.12193120426724,unprojected,7.999999999341867e-06,0.0,7.999999999341867e-06,0.0,True
mp-5510,T1,ctp-hap:0.01,0.0001,q_cut=0.3;alpha_rel=2.15443e-05,U,1,215.12193120426724,unprojected,7.999999999341867e-06,0.0,7.999999999341867e-06,0.0,True
mp-5510,T1,ctp-hap:0.01,1e-05,q_cut=0.3;alpha_rel=2.15443e-05,U,1,215.12193120426724,unprojected,7.999999999341867e-06,0.0,7.999999999341867e-06,0.0,True
mp-5510,T1,ctp-hap:1,0.001,q_cut=0.3;alpha_rel=2.15443e-05,U,1,215.12193120426724,unprojected,7.999999999341867e-06,0.0,7.999999999341867e-06,0.0,True
mp-5510,T1,ctp-hap:1,0.0001,q_cut=0.3;alpha_rel=2.15443e-05,U,1,215.12193120426724,unprojected,7.999999999341867e-06,0.0,7.999999999341867e-06,0.0,True
mp-5510,T1,ctp-hap:1,1e-05,q_cut=0.3;alpha_rel=2.15443e-05,U,1,215.12193120426724,unprojected,7.999999999341867e-06,0.0,7.999999999341867e-06,0.0,True
mp-5510,R3,none,0.001,tau=1e-06;k=0;margin=0.995,U,1,432.4619191641463,,4.000000000559112e-06,0.0,4.000000000559112e-06,0.0,True
mp-5510,R3,none,0.0001,tau=1e-06;k=0;margin=0.995,U,1,432.4619191641463,,4.000000000559112e-06,0.0,4.000000000559112e-06,0.0,True
mp-5510,R3,none,1e-05,tau=1e-06;k=0;margin=0.995,U,1,432.4619191641463,,4.000000000559112e-06,0.0,4.000000000559112e-06,0.0,True
mp-5510,R3,hap:0.0001,0.001,tau=1e-06;k=0;margin=0.995,hap:0.0001,1,428.2232507487068,,0.0,0.0,4.000000000559112e-06,0.0,True
mp-5510,R3,hap:0.0001,0.0001,tau=1e-06;k=0;margin=0.995,hap:0.0001,1,428.2232507487068,,0.0,0.0,4.000000000559112e-06,0.0,True
mp-5510,R3,hap:0.0001,1e-05,tau=1e-06;k=0;margin=0.995,hap:0.0001,1,428.2232507487068,,0.0,0.0,4.000000000559112e-06,0.0,True
mp-5510,R3,hap:0.01,0.001,tau=1e-06;k=0;margin=0.995,hap:0.01,1,428.2232507487068,,0.0,0.0,4.000000000559112e-06,0.0,True
mp-5510,R3,hap:0.01,0.0001,tau=1e-06;k=0;margin=0.995,hap:0.01,1,428.2232507487068,,0.0,0.0,4.000000000559112e-06,0.0,True
mp-5510,R3,hap:0.01,1e-05,tau=1e-06;k=0;margin=0.995,hap:0.01,1,428.2232507487068,,0.0,0.0,4.000000000559112e-06,0.0,True
mp-5510,R3,hap:1,0.001,tau=1e-06;k=0;margin=0.995,hap:1,1,428.2232507487068,,0.0,0.0,4.000000000559112e-06,0.0,True
mp-5510,R3,hap:1,0.0001,tau=1e-06;k=0;margin=0.995,hap:1,1,428.2232507487068,,0.0,0.0,4.000000000559112e-06,0.0,True
mp-5510,R3,hap:1,1e-05,tau=1e-06;k=0;margin=0.995,hap:1,1,428.2232507487068,,0.0,0.0,4.000000000559112e-06,0.0,True
mp-5510,R3,ctp-uniform,0.001,tau=1e-06;k=0;margin=0.995,U,1,432.40247422680415,unprojected,4.000000000559112e-06,0.0,4.000000000559112e-06,0.0,True
mp-5510,R3,ctp-uniform,0.0001,tau=1e-06;k=0;margin=0.995,U,1,432.40247422680415,unprojected,4.000000000559112e-06,0.0,4.000000000559112e-06,0.0,True
mp-5510,R3,ctp-uniform,1e-05,tau=1e-06;k=0;margin=0.995,U,1,432.40247422680415,unprojected,4.000000000559112e-06,0.0,4.000000000559112e-06,0.0,True
mp-5510,R3,ctp-hap:0.0001,0.001,tau=1e-06;k=0;margin=0.995,U,1,432.40247422680415,unprojected,4.000000000559112e-06,0.0,4.000000000559112e-06,0.0,True
mp-5510,R3,ctp-hap:0.0001,0.0001,tau=1e-06;k=0;margin=0.995,U,1,432.40247422680415,unprojected,4.000000000559112e-06,0.0,4.000000000559112e-06,0.0,True
mp-5510,R3,ctp-hap:0.0001,1e-05,tau=1e-06;k=0;margin=0.995,U,1,432.40247422680415,unprojected,4.000000000559112e-06,0.0,4.000000000559112e-06,0.0,True
mp-5510,R3,ctp-hap:0.01,0.001,tau=1e-06;k=0;margin=0.995,U,1,432.40247422680415,unprojected,4.000000000559112e-06,0.0,4.000000000559112e-06,0.0,True
mp-5510,R3,ctp-hap:0.01,0.0001,tau=1e-06;k=0;margin=0.995,U,1,432.40247422680415,unprojected,4.000000000559112e-06,0.0,4.000000000559112e-06,0.0,True
mp-5510,R3,ctp-hap:0.01,1e-05,tau=1e-06;k=0;margin=0.995,U,1,432.40247422680415,unprojected,4.000000000559112e-06,0.0,4.000000000559112e-06,0.0,True
mp-5510,R3,ctp-hap:1,0.001,tau=1e-06;k=0;margin=0.995,U,1,432.40247422680415,unprojected,4.000000000559112e-06,0.0,4.000000000559112e-06,0.0,True
mp-5510,R3,ctp-hap:1,0.0001,tau=1e-06;k=0;margin=0.995,U,1,432.40247422680415,unprojected,4.000000000559112e-06,0.0,4.000000000559112e-06,0.0,True
mp-5510,R3,ctp-hap:1,1e-05,tau=1e-06;k=0;margin=0.995,U,1,432.40247422680415,unprojected,4.000000000559112e-06,0.0,4.000000000559112e-06,0.0,True
mp-5510,GF,none,0.001,ZFP;tol_rel=0.0001,U,1,12.790423836320462,,2.000000000279556e-06,0.0,2.000000000279556e-06,0.0,True
mp-5510,GF,none,0.0001,ZFP;tol_rel=0.0001,U,1,12.790423836320462,,2.000000000279556e-06,0.0,2.000000000279556e-06,0.0,True
mp-5510,GF,none,1e-05,ZFP;tol_rel=0.0001,U,1,12.790423836320462,,2.000000000279556e-06,0.0,2.000000000279556e-06,0.0,True
mp-5510,GF,uniform,0.001,ZFP;tol_rel=0.0001,uniform,1,12.787096354590094,,0.0,0.0,2.000000000279556e-06,0.0,True
mp-5510,GF,uniform,0.0001,ZFP;tol_rel=0.0001,uniform,1,12.787096354590094,,0.0,0.0,2.000000000279556e-06,0.0,True
mp-5510,GF,uniform,1e-05,ZFP;tol_rel=0.0001,uniform,1,12.787096354590094,,0.0,0.0,2.000000000279556e-06,0.0,True
mp-5510,GF,hap:0.0001,0.001,ZFP;tol_rel=0.0001,hap:0.0001,1,12.786680541103015,,0.0,0.0,2.000000000279556e-06,0.0,True
mp-5510,GF,hap:0.0001,0.0001,ZFP;tol_rel=0.0001,hap:0.0001,1,12.786680541103015,,0.0,0.0,2.000000000279556e-06,0.0,True
mp-5510,GF,hap:0.0001,1e-05,ZFP;tol_rel=0.0001,hap:0.0001,1,12.786680541103015,,0.0,0.0,2.000000000279556e-06,0.0,True
mp-5510,GF,hap:0.01,0.001,ZFP;tol_rel=0.0001,hap:0.01,1,12.786680541103015,,0.0,0.0,2.000000000279556e-06,0.0,True
mp-5510,GF,hap:0.01,0.0001,ZFP;tol_rel=0.0001,hap:0.01,1,12.786680541103015,,0.0,0.0,2.000000000279556e-06,0.0,True
mp-5510,GF,hap:0.01,1e-05,ZFP;tol_rel=0.0001,hap:0.01,1,12.786680541103015,,0.0,0.0,2.000000000279556e-06,0.0,True
mp-5510,GF,hap:1,0.001,ZFP;tol_rel=0.0001,hap:1,1,12.786680541103015,,0.0,0.0,2.000000000279556e-06,0.0,True
mp-5510,GF,hap:1,0.0001,ZFP;tol_rel=0.0001,hap:1,1,12.786680541103015,,0.0,0.0,2.000000000279556e-06,0.0,True
mp-5510,GF,hap:1,1e-05,ZFP;tol_rel=0.0001,hap:1,1,12.786680541103015,,0.0,0.0,2.000000000279556e-06,0.0,True
mp-5510,GF,ctp-uniform,0.001,ZFP;tol_rel=0.0001,U,1,12.79037183110045,unprojected,2.000000000279556e-06,0.0,2.000000000279556e-06,0.0,True
mp-5510,GF,ctp-uniform,0.0001,ZFP;tol_rel=0.0001,U,1,12.79037183110045,unprojected,2.000000000279556e-06,0.0,2.000000000279556e-06,0.0,True
mp-5510,GF,ctp-uniform,1e-05,ZFP;tol_rel=0.0001,U,1,12.79037183110045,unprojected,2.000000000279556e-06,0.0,2.000000000279556e-06,0.0,True
mp-5510,GF,ctp-hap:0.0001,0.001,ZFP;tol_rel=0.0001,U,1,12.79037183110045,unprojected,2.000000000279556e-06,0.0,2.000000000279556e-06,0.0,True
mp-5510,GF,ctp-hap:0.0001,0.0001,ZFP;tol_rel=0.0001,U,1,12.79037183110045,unprojected,2.000000000279556e-06,0.0,2.000000000279556e-06,0.0,True
mp-5510,GF,ctp-hap:0.0001,1e-05,ZFP;tol_rel=0.0001,U,1,12.79037183110045,unprojected,2.000000000279556e-06,0.0,2.000000000279556e-06,0.0,True
mp-5510,GF,ctp-hap:0.01,0.001,ZFP;tol_rel=0.0001,U,1,12.79037183110045,unprojected,2.000000000279556e-06,0.0,2.000000000279556e-06,0.0,True
mp-5510,GF,ctp-hap:0.01,0.0001,ZFP;tol_rel=0.0001,U,1,12.79037183110045,unprojected,2.000000000279556e-06,0.0,2.000000000279556e-06,0.0,True
mp-5510,GF,ctp-hap:0.01,1e-05,ZFP;tol_rel=0.0001,U,1,12.79037183110045,unprojected,2.000000000279556e-06,0.0,2.000000000279556e-06,0.0,True
mp-5510,GF,ctp-hap:1,0.001,ZFP;tol_rel=0.0001,U,1,12.79037183110045,unprojected,2.000000000279556e-06,0.0,2.000000000279556e-06,0.0,True
mp-5510,GF,ctp-hap:1,0.0001,ZFP;tol_rel=0.0001,U,1,12.79037183110045,unprojected,2.000000000279556e-06,0.0,2.000000000279556e-06,0.0,True
mp-5510,GF,ctp-hap:1,1e-05,ZFP;tol_rel=0.0001,U,1,12.79037183110045,unprojected,2.000000000279556e-06,0.0,2.000000000279556e-06,0.0,True
mp-2014470,J,none,0.001,alpha_rel=0.01,U,1,528.4649872592975,,1.100000000064938e-05,0.0,1.100000000064938e-05,0.0,True
mp-2014470,J,none,0.0001,alpha_rel=0.01,U,1,528.4649872592975,,1.100000000064938e-05,0.0,1.100000000064938e-05,0.0,True
mp-2014470,J,none,1e-05,alpha_rel=0.01,U,1,528.4649872592975,,1.100000000064938e-05,0.0,1.100000000064938e-05,0.0,False
mp-2014470,J,none,1e-05,alpha_rel=0.00464159,U,2,418.7389781991975,,1.00000000005096e-05,0.0,1.00000000005096e-05,0.0,False
mp-2014470,J,none,1e-05,alpha_rel=0.00215443,U,3,321.4818303115925,,4.999999999810711e-06,0.0,4.999999999810711e-06,0.0,True
mp-2014470,J,uniform,0.001,alpha_rel=0.01,uniform,1,526.1569093419827,,0.0,0.0,1.100000000064938e-05,0.0,True
mp-2014470,J,uniform,0.0001,alpha_rel=0.01,uniform,1,526.1569093419827,,0.0,0.0,1.100000000064938e-05,0.0,True
mp-2014470,J,uniform,1e-05,alpha_rel=0.01,uniform,1,526.1569093419827,,0.0,0.0,1.100000000064938e-05,0.0,True
mp-2014470,J,hap:0.0001,0.001,alpha_rel=0.01,hap:0.0001,1,526.0217677464924,,0.0,0.0,1.100000000064938e-05,0.0,True
mp-2014470,J,hap:0.0001,0.0001,alpha_rel=0.01,hap:0.0001,1,526.0217677464924,,0.0,0.0,1.100000000064938e-05,0.0,True
mp-2014470,J,hap:0.0001,1e-05,alpha_rel=0.01,hap:0.0001,1,526.0217677464924,,0.0,0.0,1.100000000064938e-05,0.0,True
mp-2014470,J,hap:0.01,0.001,alpha_rel=0.01,hap:0.01,1,526.0217677464924,,0.0,0.0,1.100000000064938e-05,0.0,True
mp-2014470,J,hap:0.01,0.0001,alpha_rel=0.01,hap:0.01,1,526.0217677464924,,0.0,0.0,1.100000000064938e-05,0.0,True
mp-2014470,J,hap:0.01,1e-05,alpha_rel=0.01,hap:0.01,1,526.0217677464924,,0.0,0.0,1.100000000064938e-05,0.0,True
mp-2014470,J,hap:1,0.001,alpha_rel=0.01,hap:1,1,526.0217677464924,,0.0,0.0,1.100000000064938e-05,0.0,True
mp-2014470,J,hap:1,0.0001,alpha_rel=0.01,hap:1,1,526.0217677464924,,0.0,0.0,1.100000000064938e-05,0.0,True
mp-2014470,J,hap:1,1e-05,alpha_rel=0.01,hap:1,1,526.0217677464924,,0.0,0.0,1.100000000064938e-05,0.0,True
mp-2014470,J,ctp-uniform,0.001,alpha_rel=0.01,U,1,528.4479422010063,unprojected,1.100000000064938e-05,0.0,1.100000000064938e-05,0.0,True
mp-2014470,J,ctp-uniform,0.0001,alpha_rel=0.01,U,1,528.4479422010063,unprojected,1.100000000064938e-05,0.0,1.100000000064938e-05,0.0,True
mp-2014470,J,ctp-uniform,1e-05,alpha_rel=0.01,U,1,528.4479422010063,projected,1.100000000064938e-05,0.0,1.100000000064938e-05,0.0,False
mp-2014470,J,ctp-uniform,1e-05,alpha_rel=0.01,uniform,2,526.1400128452152,projected,0.0,0.0,1.100000000064938e-05,0.0,True
mp-2014470,J,ctp-hap:0.0001,0.001,alpha_rel=0.01,U,1,528.4479422010063,unprojected,1.100000000064938e-05,0.0,1.100000000064938e-05,0.0,True
mp-2014470,J,ctp-hap:0.0001,0.0001,alpha_rel=0.01,U,1,528.4479422010063,unprojected,1.100000000064938e-05,0.0,1.100000000064938e-05,0.0,True
mp-2014470,J,ctp-hap:0.0001,1e-05,alpha_rel=0.01,U,1,528.4479422010063,projected,1.100000000064938e-05,0.0,1.100000000064938e-05,0.0,False
mp-2014470,J,ctp-hap:0.0001,1e-05,alpha_rel=0.01,hap:0.0001,2,526.0048799280853,projected,0.0,0.0,1.100000000064938e-05,0.0,True
mp-2014470,J,ctp-hap:0.01,0.001,alpha_rel=0.01,U,1,528.4479422010063,unprojected,1.100000000064938e-05,0.0,1.100000000064938e-05,0.0,True
mp-2014470,J,ctp-hap:0.01,0.0001,alpha_rel=0.01,U,1,528.4479422010063,unprojected,1.100000000064938e-05,0.0,1.100000000064938e-05,0.0,True
mp-2014470,J,ctp-hap:0.01,1e-05,alpha_rel=0.01,U,1,528.4479422010063,projected,1.100000000064938e-05,0.0,1.100000000064938e-05,0.0,False
mp-2014470,J,ctp-hap:0.01,1e-05,alpha_rel=0.01,hap:0.01,2,526.0048799280853,projected,0.0,0.0,1.100000000064938e-05,0.0,True
mp-2014470,J,ctp-hap:1,0.001,alpha_rel=0.01,U,1,528.4479422010063,unprojected,1.100000000064938e-05,0.0,1.100000000064938e-05,0.0,True
mp-2014470,J,ctp-hap:1,0.0001,alpha_rel=0.01,U,1,528.4479422010063,unprojected,1.100000000064938e-05,0.0,1.100000000064938e-05,0.0,True
mp-2014470,J,ctp-hap:1,1e-05,alpha_rel=0.01,U,1,528.4479422010063,projected,1.100000000064938e-05,0.0,1.100000000064938e-05,0.0,False
mp-2014470,J,ctp-hap:1,1e-05,alpha_rel=0.01,hap:1,2,526.0048799280853,projected,0.0,0.0,1.100000000064938e-05,0.0,True
mp-2014470,T1,none,0.001,q_cut=0.2;alpha_rel=2.15443e-05,U,1,394.547994027838,,1.7999999999851468e-05,0.0,1.7999999999851468e-05,0.0,True
mp-2014470,T1,none,0.0001,q_cut=0.2;alpha_rel=2.15443e-05,U,1,394.547994027838,,1.7999999999851468e-05,0.0,1.7999999999851468e-05,0.0,True
mp-2014470,T1,none,1e-05,q_cut=0.2;alpha_rel=2.15443e-05,U,1,394.547994027838,,1.7999999999851468e-05,0.0,1.7999999999851468e-05,0.0,False
mp-2014470,T1,none,1e-05,q_cut=0.2;alpha_rel=1e-05,U,2,356.7089765082406,,1.3999999998404178e-05,0.0,1.3999999998404178e-05,0.0,False
mp-2014470,T1,none,1e-05,q_cut=0.2;alpha_rel=4.64159e-06,U,3,300.6569530590524,,1.199999999990098e-05,0.0,1.199999999990098e-05,0.0,False
mp-2014470,T1,none,1e-05,q_cut=0.2;alpha_rel=2.15443e-06,U,4,277.99175390671394,,1.100000000064938e-05,0.0,1.100000000064938e-05,0.0,False
mp-2014470,T1,none,1e-05,q_cut=0.2;alpha_rel=1e-06,U,5,256.51704216311003,,1.199999999990098e-05,0.0,1.199999999990098e-05,0.0,False
mp-2014470,T1,uniform,0.001,q_cut=0.3;alpha_rel=4.64159e-05,uniform,1,261.19117459507714,,0.0,0.0,1.000000000139778e-05,0.0,True
mp-2014470,T1,uniform,0.0001,q_cut=0.3;alpha_rel=4.64159e-05,uniform,1,261.19117459507714,,0.0,0.0,1.000000000139778e-05,0.0,True
mp-2014470,T1,uniform,1e-05,q_cut=0.3;alpha_rel=4.64159e-05,uniform,1,261.19117459507714,,0.0,0.0,1.000000000139778e-05,0.0,True
mp-2014470,T1,hap:0.0001,0.001,q_cut=0.2;alpha_rel=2.15443e-05,hap:0.0001,1,393.1845452363811,,0.0,0.0,1.7999999999851468e-05,0.0,True
mp-2014470,T1,hap:0.0001,0.0001,q_cut=0.2;alpha_rel=2.15443e-05,hap:0.0001,1,393.1845452363811,,0.0,0.0,1.7999999999851468e-05,0.0,True
mp-2014470,T1,hap:0.0001,1e-05,q_cut=0.2;alpha_rel=2.15443e-05,hap:0.0001,1,393.1845452363811,,0.0,0.0,1.7999999999851468e-05,0.0,True
mp-2014470,T1,hap:0.01,0.001,q_cut=0.2;alpha_rel=2.15443e-05,hap:0.01,1,393.1845452363811,,0.0,0.0,1.7999999999851468e-05,0.0,True
mp-2014470,T1,hap:0.01,0.0001,q_cut=0.2;alpha_rel=2.15443e-05,hap:0.01,1,393.1845452363811,,0.0,0.0,1.7999999999851468e-05,0.0,True
mp-2014470,T1,hap:0.01,1e-05,q_cut=0.2;alpha_rel=2.15443e-05,hap:0.01,1,393.1845452363811,,0.0,0.0,1.7999999999851468e-05,0.0,True
mp-2014470,T1,hap:1,0.001,q_cut=0.2;alpha_rel=2.15443e-05,hap:1,1,393.1845452363811,,0.0,0.0,1.7999999999851468e-05,0.0,True
mp-2014470,T1,hap:1,0.0001,q_cut=0.2;alpha_rel=2.15443e-05,hap:1,1,393.1845452363811,,0.0,0.0,1.7999999999851468e-05,0.0,True
mp-2014470,T1,hap:1,1e-05,q_cut=0.2;alpha_rel=2.15443e-05,hap:1,1,393.1845452363811,,0.0,0.0,1.7999999999851468e-05,0.0,True
mp-2014470,T1,ctp-uniform,0.001,q_cut=0.2;alpha_rel=2.15443e-05,U,1,394.538493028632,unprojected,1.7999999999851468e-05,0.0,1.7999999999851468e-05,0.0,True
mp-2014470,T1,ctp-uniform,0.0001,q_cut=0.2;alpha_rel=2.15443e-05,U,1,394.538493028632,unprojected,1.7999999999851468e-05,0.0,1.7999999999851468e-05,0.0,True
mp-2014470,T1,ctp-uniform,1e-05,q_cut=0.2;alpha_rel=2.15443e-05,U,1,394.538493028632,projected,1.7999999999851468e-05,0.0,1.7999999999851468e-05,0.0,False
mp-2014470,T1,ctp-uniform,1e-05,q_cut=0.2;alpha_rel=1e-05,U,2,356.7012104850649,projected,1.3999999998404178e-05,0.0,1.3999999998404178e-05,0.0,False
mp-2014470,T1,ctp-uniform,1e-05,q_cut=0.2;alpha_rel=4.64159e-06,U,3,300.6514359115515,projected,1.199999999990098e-05,0.0,1.199999999990098e-05,0.0,False
mp-2014470,T1,ctp-uniform,1e-05,q_cut=0.2;alpha_rel=2.15443e-06,U,4,277.98703722555905,projected,1.100000000064938e-05,0.0,1.100000000064938e-05,0.0,False
mp-2014470,T1,ctp-uniform,1e-05,q_cut=0.3;alpha_rel=4.64159e-05,uniform,5,261.1870107924564,projected,0.0,0.0,1.000000000139778e-05,0.0,True
mp-2014470,T1,ctp-hap:0.0001,0.001,q_cut=0.2;alpha_rel=2.15443e-05,U,1,394.538493028632,unprojected,1.7999999999851468e-05,0.0,1.7999999999851468e-05,0.0,True
mp-2014470,T1,ctp-hap:0.0001,0.0001,q_cut=0.2;alpha_rel=2.15443e-05,U,1,394.538493028632,unprojected,1.7999999999851468e-05,0.0,1.7999999999851468e-05,0.0,True
mp-2014470,T1,ctp-hap:0.0001,1e-05,q_cut=0.2;alpha_rel=2.15443e-05,U,1,394.538493028632,projected,1.7999999999851468e-05,0.0,1.7999999999851468e-05,0.0,False
mp-2014470,T1,ctp-hap:0.0001,1e-05,q_cut=0.2;alpha_rel=2.15443e-05,hap:0.0001,2,393.175109788582,projected,0.0,0.0,1.7999999999851468e-05,0.0,True
mp-2014470,T1,ctp-hap:0.01,0.001,q_cut=0.2;alpha_rel=2.15443e-05,U,1,394.538493028632,unprojected,1.7999999999851468e-05,0.0,1.7999999999851468e-05,0.0,True
mp-2014470,T1,ctp-hap:0.01,0.0001,q_cut=0.2;alpha_rel=2.15443e-05,U,1,394.538493028632,unprojected,1.7999999999851468e-05,0.0,1.7999999999851468e-05,0.0,True
mp-2014470,T1,ctp-hap:0.01,1e-05,q_cut=0.2;alpha_rel=2.15443e-05,U,1,394.538493028632,projected,1.7999999999851468e-05,0.0,1.7999999999851468e-05,0.0,False
mp-2014470,T1,ctp-hap:0.01,1e-05,q_cut=0.2;alpha_rel=2.15443e-05,hap:0.01,2,393.175109788582,projected,0.0,0.0,1.7999999999851468e-05,0.0,True
mp-2014470,T1,ctp-hap:1,0.001,q_cut=0.2;alpha_rel=2.15443e-05,U,1,394.538493028632,unprojected,1.7999999999851468e-05,0.0,1.7999999999851468e-05,0.0,True
mp-2014470,T1,ctp-hap:1,0.0001,q_cut=0.2;alpha_rel=2.15443e-05,U,1,394.538493028632,unprojected,1.7999999999851468e-05,0.0,1.7999999999851468e-05,0.0,True
mp-2014470,T1,ctp-hap:1,1e-05,q_cut=0.2;alpha_rel=2.15443e-05,U,1,394.538493028632,projected,1.7999999999851468e-05,0.0,1.7999999999851468e-05,0.0,False
mp-2014470,T1,ctp-hap:1,1e-05,q_cut=0.2;alpha_rel=2.15443e-05,hap:1,2,393.175109788582,projected,0.0,0.0,1.7999999999851468e-05,0.0,True
mp-2014470,R3,none,0.001,tau=1e-06;k=0;margin=0.995,U,1,681.3607252765532,,8.999999999481645e-06,0.0,8.999999999481645e-06,0.0,True
mp-2014470,R3,none,0.0001,tau=1e-06;k=0;margin=0.995,U,1,681.3607252765532,,8.999999999481645e-06,0.0,8.999999999481645e-06,0.0,True
mp-2014470,R3,none,1e-05,tau=1e-06;k=0;margin=0.995,U,1,681.3607252765532,,8.999999999481645e-06,0.0,8.999999999481645e-06,0.0,True
mp-2014470,R3,hap:0.0001,0.001,tau=1e-06;k=0;margin=0.995,hap:0.0001,1,677.3046713517982,,0.0,0.0,8.999999999481645e-06,0.0,True
mp-2014470,R3,hap:0.0001,0.0001,tau=1e-06;k=0;margin=0.995,hap:0.0001,1,677.3046713517982,,0.0,0.0,8.999999999481645e-06,0.0,True
mp-2014470,R3,hap:0.0001,1e-05,tau=1e-06;k=0;margin=0.995,hap:0.0001,1,677.3046713517982,,0.0,0.0,8.999999999481645e-06,0.0,True
mp-2014470,R3,hap:0.01,0.001,tau=1e-06;k=0;margin=0.995,hap:0.01,1,677.3046713517982,,0.0,0.0,8.999999999481645e-06,0.0,True
mp-2014470,R3,hap:0.01,0.0001,tau=1e-06;k=0;margin=0.995,hap:0.01,1,677.3046713517982,,0.0,0.0,8.999999999481645e-06,0.0,True
mp-2014470,R3,hap:0.01,1e-05,tau=1e-06;k=0;margin=0.995,hap:0.01,1,677.3046713517982,,0.0,0.0,8.999999999481645e-06,0.0,True
mp-2014470,R3,hap:1,0.001,tau=1e-06;k=2;margin=0.985074875,hap:1,1,674.321932748899,,0.0,0.0,8.000000000230045e-06,0.0,True
mp-2014470,R3,hap:1,0.0001,tau=1e-06;k=2;margin=0.985074875,hap:1,1,674.321932748899,,0.0,0.0,8.000000000230045e-06,0.0,True
mp-2014470,R3,hap:1,1e-05,tau=1e-06;k=2;margin=0.985074875,hap:1,1,674.321932748899,,0.0,0.0,8.000000000230045e-06,0.0,True
mp-2014470,R3,ctp-uniform,0.001,tau=1e-06;k=0;margin=0.995,U,1,681.332390734811,unprojected,8.999999999481645e-06,0.0,8.999999999481645e-06,0.0,True
mp-2014470,R3,ctp-uniform,0.0001,tau=1e-06;k=0;margin=0.995,U,1,681.332390734811,unprojected,8.999999999481645e-06,0.0,8.999999999481645e-06,0.0,True
mp-2014470,R3,ctp-uniform,1e-05,tau=1e-06;k=0;margin=0.995,U,1,681.332390734811,unprojected,8.999999999481645e-06,0.0,8.999999999481645e-06,0.0,True
mp-2014470,R3,ctp-hap:0.0001,0.001,tau=1e-06;k=0;margin=0.995,U,1,681.332390734811,unprojected,8.999999999481645e-06,0.0,8.999999999481645e-06,0.0,True
mp-2014470,R3,ctp-hap:0.0001,0.0001,tau=1e-06;k=0;margin=0.995,U,1,681.332390734811,unprojected,8.999999999481645e-06,0.0,8.999999999481645e-06,0.0,True
mp-2014470,R3,ctp-hap:0.0001,1e-05,tau=1e-06;k=0;margin=0.995,U,1,681.332390734811,unprojected,8.999999999481645e-06,0.0,8.999999999481645e-06,0.0,True
mp-2014470,R3,ctp-hap:0.01,0.001,tau=1e-06;k=0;margin=0.995,U,1,681.332390734811,unprojected,8.999999999481645e-06,0.0,8.999999999481645e-06,0.0,True
mp-2014470,R3,ctp-hap:0.01,0.0001,tau=1e-06;k=0;margin=0.995,U,1,681.332390734811,unprojected,8.999999999481645e-06,0.0,8.999999999481645e-06,0.0,True
mp-2014470,R3,ctp-hap:0.01,1e-05,tau=1e-06;k=0;margin=0.995,U,1,681.332390734811,unprojected,8.999999999481645e-06,0.0,8.999999999481645e-06,0.0,True
mp-2014470,R3,ctp-hap:1,0.001,tau=1e-06;k=0;margin=0.995,U,1,681.332390734811,unprojected,8.999999999481645e-06,0.0,8.999999999481645e-06,0.0,True
mp-2014470,R3,ctp-hap:1,0.0001,tau=1e-06;k=0;margin=0.995,U,1,681.332390734811,unprojected,8.999999999481645e-06,0.0,8.999999999481645e-06,0.0,True
mp-2014470,R3,ctp-hap:1,1e-05,tau=1e-06;k=0;margin=0.995,U,1,681.332390734811,unprojected,8.999999999481645e-06,0.0,8.999999999481645e-06,0.0,True
mp-2014470,GF,none,0.001,SPERR;tol_rel=1e-05,U,1,21.537688983887485,,4.000000000559112e-06,0.0,4.000000000559112e-06,0.0,True
mp-2014470,GF,none,0.0001,SPERR;tol_rel=1e-05,U,1,21.537688983887485,,4.000000000559112e-06,0.0,4.000000000559112e-06,0.0,True
mp-2014470,GF,none,1e-05,SPERR;tol_rel=1e-05,U,1,21.537688983887485,,4.000000000559112e-06,0.0,4.000000000559112e-06,0.0,True
mp-2014470,GF,uniform,0.001,SPERR;tol_rel=2.15443e-05,uniform,1,27.227887312708564,,0.0,0.0,2.10000000002708e-05,0.0,True
mp-2014470,GF,uniform,0.0001,SPERR;tol_rel=2.15443e-05,uniform,1,27.227887312708564,,0.0,0.0,2.10000000002708e-05,0.0,True
mp-2014470,GF,uniform,1e-05,SPERR;tol_rel=2.15443e-05,uniform,1,27.227887312708564,,0.0,0.0,2.10000000002708e-05,0.0,True
mp-2014470,GF,hap:0.0001,0.001,SPERR;tol_rel=1e-05,hap:0.0001,1,21.53361275509064,,0.0,0.0,4.000000000559112e-06,0.0,True
mp-2014470,GF,hap:0.0001,0.0001,SPERR;tol_rel=1e-05,hap:0.0001,1,21.53361275509064,,0.0,0.0,4.000000000559112e-06,0.0,True
mp-2014470,GF,hap:0.0001,1e-05,SPERR;tol_rel=1e-05,hap:0.0001,1,21.53361275509064,,0.0,0.0,4.000000000559112e-06,0.0,True
mp-2014470,GF,hap:0.01,0.001,SPERR;tol_rel=1e-05,hap:0.01,1,21.53361275509064,,0.0,0.0,4.000000000559112e-06,0.0,True
mp-2014470,GF,hap:0.01,0.0001,SPERR;tol_rel=1e-05,hap:0.01,1,21.53361275509064,,0.0,0.0,4.000000000559112e-06,0.0,True
mp-2014470,GF,hap:0.01,1e-05,SPERR;tol_rel=1e-05,hap:0.01,1,21.53361275509064,,0.0,0.0,4.000000000559112e-06,0.0,True
mp-2014470,GF,hap:1,0.001,SPERR;tol_rel=2.15443e-05,hap:1,1,27.227525326384644,,0.0,0.0,2.10000000002708e-05,0.0,True
mp-2014470,GF,hap:1,0.0001,SPERR;tol_rel=2.15443e-05,hap:1,1,27.227525326384644,,0.0,0.0,2.10000000002708e-05,0.0,True
mp-2014470,GF,hap:1,1e-05,SPERR;tol_rel=2.15443e-05,hap:1,1,27.227525326384644,,0.0,0.0,2.10000000002708e-05,0.0,True
mp-2014470,GF,ctp-uniform,0.001,SPERR;tol_rel=2.15443e-05,uniform,1,27.2278420638917,unprojected,,,2.10000000002708e-05,0.0,False
mp-2014470,GF,ctp-uniform,0.001,SPERR;tol_rel=1e-05,U,2,21.537660671421847,unprojected,4.000000000559112e-06,0.0,4.000000000559112e-06,0.0,True
mp-2014470,GF,ctp-uniform,0.0001,SPERR;tol_rel=2.15443e-05,uniform,1,27.2278420638917,unprojected,,,2.10000000002708e-05,0.0,False
mp-2014470,GF,ctp-uniform,0.0001,SPERR;tol_rel=1e-05,U,2,21.537660671421847,unprojected,4.000000000559112e-06,0.0,4.000000000559112e-06,0.0,True
mp-2014470,GF,ctp-uniform,1e-05,SPERR;tol_rel=2.15443e-05,uniform,1,27.2278420638917,projected,0.0,0.0,2.10000000002708e-05,0.0,True
mp-2014470,GF,ctp-hap:0.0001,0.001,SPERR;tol_rel=1e-05,U,1,21.537660671421847,unprojected,4.000000000559112e-06,0.0,4.000000000559112e-06,0.0,True
mp-2014470,GF,ctp-hap:0.0001,0.0001,SPERR;tol_rel=1e-05,U,1,21.537660671421847,unprojected,4.000000000559112e-06,0.0,4.000000000559112e-06,0.0,True
mp-2014470,GF,ctp-hap:0.0001,1e-05,SPERR;tol_rel=1e-05,U,1,21.537660671421847,unprojected,4.000000000559112e-06,0.0,4.000000000559112e-06,0.0,True
mp-2014470,GF,ctp-hap:0.01,0.001,SPERR;tol_rel=1e-05,U,1,21.537660671421847,unprojected,4.000000000559112e-06,0.0,4.000000000559112e-06,0.0,True
mp-2014470,GF,ctp-hap:0.01,0.0001,SPERR;tol_rel=1e-05,U,1,21.537660671421847,unprojected,4.000000000559112e-06,0.0,4.000000000559112e-06,0.0,True
mp-2014470,GF,ctp-hap:0.01,1e-05,SPERR;tol_rel=1e-05,U,1,21.537660671421847,unprojected,4.000000000559112e-06,0.0,4.000000000559112e-06,0.0,True
mp-2014470,GF,ctp-hap:1,0.001,SPERR;tol_rel=2.15443e-05,hap:1,1,27.22748007877091,unprojected,,,2.10000000002708e-05,0.0,False
mp-2014470,GF,ctp-hap:1,0.001,SPERR;tol_rel=1e-05,U,2,21.537660671421847,unprojected,4.000000000559112e-06,0.0,4.000000000559112e-06,0.0,True
mp-2014470,GF,ctp-hap:1,0.0001,SPERR;tol_rel=2.15443e-05,hap:1,1,27.22748007877091,unprojected,,,2.10000000002708e-05,0.0,False
mp-2014470,GF,ctp-hap:1,0.0001,SPERR;tol_rel=1e-05,U,2,21.537660671421847,unprojected,4.000000000559112e-06,0.0,4.000000000559112e-06,0.0,True
mp-2014470,GF,ctp-hap:1,1e-05,SPERR;tol_rel=2.15443e-05,hap:1,1,27.22748007877091,projected,0.0,0.0,2.10000000002708e-05,0.0,True
mp-2899237,J,none,0.001,alpha_rel=0.00215443,U,1,184.4781241063769,,2.10000000002708e-05,0.0,2.10000000002708e-05,0.0,True
mp-2899237,J,none,0.0001,alpha_rel=0.00215443,U,1,184.4781241063769,,2.10000000002708e-05,0.0,2.10000000002708e-05,0.0,True
mp-2899237,J,none,1e-05,alpha_rel=0.00215443,U,1,184.4781241063769,,2.10000000002708e-05,0.0,2.10000000002708e-05,0.0,False
mp-2899237,J,none,1e-05,alpha_rel=0.001,U,2,144.1850589484271,,1.3000000000928937e-05,0.0,1.3000000000928937e-05,0.0,False
mp-2899237,J,none,1e-05,alpha_rel=0.000464159,U,3,107.0279686441498,,7.999999999341867e-06,0.0,7.999999999341867e-06,0.0,True
mp-2899237,J,uniform,0.001,alpha_rel=0.001,uniform,1,143.97054174183108,,0.0,0.0,1.3000000000928937e-05,0.0,True
mp-2899237,J,uniform,0.0001,alpha_rel=0.001,uniform,1,143.97054174183108,,0.0,0.0,1.3000000000928937e-05,0.0,True
mp-2899237,J,uniform,1e-05,alpha_rel=0.001,uniform,1,143.97054174183108,,0.0,0.0,1.3000000000928937e-05,0.0,True
mp-2899237,J,hap:0.0001,0.001,alpha_rel=0.00215443,hap:0.0001,1,184.09207647674307,,0.0,0.0,2.10000000002708e-05,0.0,True
mp-2899237,J,hap:0.0001,0.0001,alpha_rel=0.00215443,hap:0.0001,1,184.09207647674307,,0.0,0.0,2.10000000002708e-05,0.0,True
mp-2899237,J,hap:0.0001,1e-05,alpha_rel=0.00215443,hap:0.0001,1,184.09207647674307,,0.0,0.0,2.10000000002708e-05,0.0,True
mp-2899237,J,hap:0.01,0.001,alpha_rel=0.00215443,hap:0.01,1,184.09207647674307,,0.0,0.0,2.10000000002708e-05,0.0,True
mp-2899237,J,hap:0.01,0.0001,alpha_rel=0.00215443,hap:0.01,1,184.09207647674307,,0.0,0.0,2.10000000002708e-05,0.0,True
mp-2899237,J,hap:0.01,1e-05,alpha_rel=0.00215443,hap:0.01,1,184.09207647674307,,0.0,0.0,2.10000000002708e-05,0.0,True
mp-2899237,J,hap:1,0.001,alpha_rel=0.00215443,hap:1,1,184.09207647674307,,0.0,0.0,2.10000000002708e-05,0.0,True
mp-2899237,J,hap:1,0.0001,alpha_rel=0.00215443,hap:1,1,184.09207647674307,,0.0,0.0,2.10000000002708e-05,0.0,True
mp-2899237,J,hap:1,1e-05,alpha_rel=0.00215443,hap:1,1,184.09207647674307,,0.0,0.0,2.10000000002708e-05,0.0,True
mp-2899237,J,ctp-uniform,0.001,alpha_rel=0.00215443,U,1,184.47372810675563,unprojected,2.10000000002708e-05,0.0,2.10000000002708e-05,0.0,True
mp-2899237,J,ctp-uniform,0.0001,alpha_rel=0.00215443,U,1,184.47372810675563,unprojected,2.10000000002708e-05,0.0,2.10000000002708e-05,0.0,True
mp-2899237,J,ctp-uniform,1e-05,alpha_rel=0.00215443,U,1,184.47372810675563,projected,2.10000000002708e-05,0.0,2.10000000002708e-05,0.0,False
mp-2899237,J,ctp-uniform,1e-05,alpha_rel=0.001,U,2,144.18237353795723,projected,1.3000000000928937e-05,0.0,1.3000000000928937e-05,0.0,False
mp-2899237,J,ctp-uniform,1e-05,alpha_rel=0.001,uniform,3,143.96786431600088,projected,0.0,0.0,1.3000000000928937e-05,0.0,True
mp-2899237,J,ctp-hap:0.0001,0.001,alpha_rel=0.00215443,U,1,184.47372810675563,unprojected,2.10000000002708e-05,0.0,2.10000000002708e-05,0.0,True
mp-2899237,J,ctp-hap:0.0001,0.0001,alpha_rel=0.00215443,U,1,184.47372810675563,unprojected,2.10000000002708e-05,0.0,2.10000000002708e-05,0.0,True
mp-2899237,J,ctp-hap:0.0001,1e-05,alpha_rel=0.00215443,U,1,184.47372810675563,projected,2.10000000002708e-05,0.0,2.10000000002708e-05,0.0,False
mp-2899237,J,ctp-hap:0.0001,1e-05,alpha_rel=0.00215443,hap:0.0001,2,184.0876988562053,projected,0.0,0.0,2.10000000002708e-05,0.0,True
mp-2899237,J,ctp-hap:0.01,0.001,alpha_rel=0.00215443,U,1,184.47372810675563,unprojected,2.10000000002708e-05,0.0,2.10000000002708e-05,0.0,True
mp-2899237,J,ctp-hap:0.01,0.0001,alpha_rel=0.00215443,U,1,184.47372810675563,unprojected,2.10000000002708e-05,0.0,2.10000000002708e-05,0.0,True
mp-2899237,J,ctp-hap:0.01,1e-05,alpha_rel=0.00215443,U,1,184.47372810675563,projected,2.10000000002708e-05,0.0,2.10000000002708e-05,0.0,False
mp-2899237,J,ctp-hap:0.01,1e-05,alpha_rel=0.00215443,hap:0.01,2,184.0876988562053,projected,0.0,0.0,2.10000000002708e-05,0.0,True
mp-2899237,J,ctp-hap:1,0.001,alpha_rel=0.00215443,U,1,184.47372810675563,unprojected,2.10000000002708e-05,0.0,2.10000000002708e-05,0.0,True
mp-2899237,J,ctp-hap:1,0.0001,alpha_rel=0.00215443,U,1,184.47372810675563,unprojected,2.10000000002708e-05,0.0,2.10000000002708e-05,0.0,True
mp-2899237,J,ctp-hap:1,1e-05,alpha_rel=0.00215443,U,1,184.47372810675563,projected,2.10000000002708e-05,0.0,2.10000000002708e-05,0.0,False
mp-2899237,J,ctp-hap:1,1e-05,alpha_rel=0.00215443,hap:1,2,184.0876988562053,projected,0.0,0.0,2.10000000002708e-05,0.0,True
mp-2899237,T1,none,0.001,q_cut=0.3;alpha_rel=1e-05,U,1,98.92329120717636,,9.999999999621425e-06,0.0,9.999999999621425e-06,0.0,True
mp-2899237,T1,none,0.0001,q_cut=0.3;alpha_rel=1e-05,U,1,98.92329120717636,,9.999999999621425e-06,0.0,9.999999999621425e-06,0.0,True
mp-2899237,T1,none,1e-05,q_cut=0.3;alpha_rel=1e-05,U,1,98.92329120717636,,9.999999999621425e-06,0.0,9.999999999621425e-06,0.0,True
mp-2899237,T1,uniform,0.001,q_cut=0.3;alpha_rel=1e-05,uniform,1,98.82226789384326,,0.0,0.0,9.999999999621425e-06,0.0,True
mp-2899237,T1,uniform,0.0001,q_cut=0.3;alpha_rel=1e-05,uniform,1,98.82226789384326,,0.0,0.0,9.999999999621425e-06,0.0,True
mp-2899237,T1,uniform,1e-05,q_cut=0.3;alpha_rel=1e-05,uniform,1,98.82226789384326,,0.0,0.0,9.999999999621425e-06,0.0,True
mp-2899237,T1,hap:0.0001,0.001,q_cut=0.3;alpha_rel=1e-05,hap:0.0001,1,98.81217690982194,,0.0,0.0,9.999999999621425e-06,0.0,True
mp-2899237,T1,hap:0.0001,0.0001,q_cut=0.3;alpha_rel=1e-05,hap:0.0001,1,98.81217690982194,,0.0,0.0,9.999999999621425e-06,0.0,True
mp-2899237,T1,hap:0.0001,1e-05,q_cut=0.3;alpha_rel=1e-05,hap:0.0001,1,98.81217690982194,,0.0,0.0,9.999999999621425e-06,0.0,True
mp-2899237,T1,hap:0.01,0.001,q_cut=0.3;alpha_rel=1e-05,hap:0.01,1,98.81217690982194,,0.0,0.0,9.999999999621425e-06,0.0,True
mp-2899237,T1,hap:0.01,0.0001,q_cut=0.3;alpha_rel=1e-05,hap:0.01,1,98.81217690982194,,0.0,0.0,9.999999999621425e-06,0.0,True
mp-2899237,T1,hap:0.01,1e-05,q_cut=0.3;alpha_rel=1e-05,hap:0.01,1,98.81217690982194,,0.0,0.0,9.999999999621425e-06,0.0,True
mp-2899237,T1,hap:1,0.001,q_cut=0.3;alpha_rel=1e-05,hap:1,1,98.81217690982194,,0.0,0.0,9.999999999621425e-06,0.0,True
mp-2899237,T1,hap:1,0.0001,q_cut=0.3;alpha_rel=1e-05,hap:1,1,98.81217690982194,,0.0,0.0,9.999999999621425e-06,0.0,True
mp-2899237,T1,hap:1,1e-05,q_cut=0.3;alpha_rel=1e-05,hap:1,1,98.81217690982194,,0.0,0.0,9.999999999621425e-06,0.0,True
mp-2899237,T1,ctp-uniform,0.001,q_cut=0.3;alpha_rel=1e-05,U,1,98.92202714099516,unprojected,9.999999999621425e-06,0.0,9.999999999621425e-06,0.0,True
mp-2899237,T1,ctp-uniform,0.0001,q_cut=0.3;alpha_rel=1e-05,U,1,98.92202714099516,unprojected,9.999999999621425e-06,0.0,9.999999999621425e-06,0.0,True
mp-2899237,T1,ctp-uniform,1e-05,q_cut=0.3;alpha_rel=1e-05,U,1,98.92202714099516,unprojected,9.999999999621425e-06,0.0,9.999999999621425e-06,0.0,True
mp-2899237,T1,ctp-hap:0.0001,0.001,q_cut=0.3;alpha_rel=1e-05,U,1,98.92202714099516,unprojected,9.999999999621425e-06,0.0,9.999999999621425e-06,0.0,True
mp-2899237,T1,ctp-hap:0.0001,0.0001,q_cut=0.3;alpha_rel=1e-05,U,1,98.92202714099516,unprojected,9.999999999621425e-06,0.0,9.999999999621425e-06,0.0,True
mp-2899237,T1,ctp-hap:0.0001,1e-05,q_cut=0.3;alpha_rel=1e-05,U,1,98.92202714099516,unprojected,9.999999999621425e-06,0.0,9.999999999621425e-06,0.0,True
mp-2899237,T1,ctp-hap:0.01,0.001,q_cut=0.3;alpha_rel=1e-05,U,1,98.92202714099516,unprojected,9.999999999621425e-06,0.0,9.999999999621425e-06,0.0,True
mp-2899237,T1,ctp-hap:0.01,0.0001,q_cut=0.3;alpha_rel=1e-05,U,1,98.92202714099516,unprojected,9.999999999621425e-06,0.0,9.999999999621425e-06,0.0,True
mp-2899237,T1,ctp-hap:0.01,1e-05,q_cut=0.3;alpha_rel=1e-05,U,1,98.92202714099516,unprojected,9.999999999621425e-06,0.0,9.999999999621425e-06,0.0,True
mp-2899237,T1,ctp-hap:1,0.001,q_cut=0.3;alpha_rel=1e-05,U,1,98.92202714099516,unprojected,9.999999999621425e-06,0.0,9.999999999621425e-06,0.0,True
mp-2899237,T1,ctp-hap:1,0.0001,q_cut=0.3;alpha_rel=1e-05,U,1,98.92202714099516,unprojected,9.999999999621425e-06,0.0,9.999999999621425e-06,0.0,True
mp-2899237,T1,ctp-hap:1,1e-05,q_cut=0.3;alpha_rel=1e-05,U,1,98.92202714099516,unprojected,9.999999999621425e-06,0.0,9.999999999621425e-06,0.0,True
mp-2899237,R3,none,0.001,tau=1e-06;k=0;margin=0.995,U,1,215.3271028037383,,1.600000000046009e-05,0.0,1.600000000046009e-05,0.0,True
mp-2899237,R3,none,0.0001,tau=1e-06;k=0;margin=0.995,U,1,215.3271028037383,,1.600000000046009e-05,0.0,1.600000000046009e-05,0.0,True
mp-2899237,R3,none,1e-05,tau=1e-06;k=0;margin=0.995,U,1,215.3271028037383,,1.600000000046009e-05,0.0,1.600000000046009e-05,0.0,False
mp-2899237,R3,none,1e-05,tau=1e-06;k=1;margin=0.990025,U,2,214.5929313929314,,2.19999999995224e-05,0.0,2.19999999995224e-05,0.0,False
mp-2899237,R3,none,1e-05,tau=1e-06;k=2;margin=0.985074875,U,3,213.76926050698623,,2.0000000001019203e-05,0.0,2.0000000001019203e-05,0.0,False
mp-2899237,R3,none,1e-05,tau=1e-06;k=3;margin=0.980149501,U,4,213.28043639970247,,2.300000000055036e-05,0.0,2.300000000055036e-05,0.0,False
mp-2899237,R3,none,1e-05,tau=1e-06;k=4;margin=0.975248753,U,5,212.7879937329925,,2.300000000055036e-05,0.0,2.300000000055036e-05,0.0,False
mp-2899237,R3,hap:0.0001,0.001,tau=1e-06;k=0;margin=0.995,hap:0.0001,1,214.80133185349607,,0.0,0.0,1.600000000046009e-05,0.0,True
mp-2899237,R3,hap:0.0001,0.0001,tau=1e-06;k=0;margin=0.995,hap:0.0001,1,214.80133185349607,,0.0,0.0,1.600000000046009e-05,0.0,True
mp-2899237,R3,hap:0.0001,1e-05,tau=1e-06;k=0;margin=0.995,hap:0.0001,1,214.80133185349607,,0.0,0.0,1.600000000046009e-05,0.0,True
mp-2899237,R3,hap:0.01,0.001,tau=1e-06;k=0;margin=0.995,hap:0.01,1,214.80133185349607,,0.0,0.0,1.600000000046009e-05,0.0,True
mp-2899237,R3,hap:0.01,0.0001,tau=1e-06;k=0;margin=0.995,hap:0.01,1,214.80133185349607,,0.0,0.0,1.600000000046009e-05,0.0,True
mp-2899237,R3,hap:0.01,1e-05,tau=1e-06;k=0;margin=0.995,hap:0.01,1,214.80133185349607,,0.0,0.0,1.600000000046009e-05,0.0,True
mp-2899237,R3,hap:1,0.001,tau=1e-06;k=5;margin=0.970372509,hap:1,1,208.82175226586105,,0.0,0.0,9.999999999621425e-06,0.0,True
mp-2899237,R3,hap:1,0.0001,tau=1e-06;k=5;margin=0.970372509,hap:1,1,208.82175226586105,,0.0,0.0,9.999999999621425e-06,0.0,True
mp-2899237,R3,hap:1,1e-05,tau=1e-06;k=5;margin=0.970372509,hap:1,1,208.82175226586105,,0.0,0.0,9.999999999621425e-06,0.0,True
mp-2899237,R3,ctp-uniform,0.001,tau=1e-06;k=0;margin=0.995,U,1,215.3211136761884,unprojected,1.600000000046009e-05,0.0,1.600000000046009e-05,0.0,True
mp-2899237,R3,ctp-uniform,0.0001,tau=1e-06;k=0;margin=0.995,U,1,215.3211136761884,unprojected,1.600000000046009e-05,0.0,1.600000000046009e-05,0.0,True
mp-2899237,R3,ctp-uniform,1e-05,tau=1e-06;k=0;margin=0.995,U,1,215.3211136761884,projected,1.600000000046009e-05,0.0,1.600000000046009e-05,0.0,False
mp-2899237,R3,ctp-uniform,1e-05,tau=1e-06;k=1;margin=0.990025,U,2,214.5869830358133,projected,2.19999999995224e-05,0.0,2.19999999995224e-05,0.0,False
mp-2899237,R3,ctp-uniform,1e-05,tau=1e-06;k=2;margin=0.985074875,U,3,213.7633577246997,projected,2.0000000001019203e-05,0.0,2.0000000001019203e-05,0.0,False
mp-2899237,R3,ctp-uniform,1e-05,tau=1e-06;k=3;margin=0.980149501,U,4,213.27456058185024,projected,2.300000000055036e-05,0.0,2.300000000055036e-05,0.0,False
mp-2899237,R3,ctp-uniform,1e-05,tau=1e-06;k=4;margin=0.975248753,U,5,212.7821450167665,projected,2.300000000055036e-05,0.0,2.300000000055036e-05,0.0,False
mp-2899237,R3,ctp-hap:0.0001,0.001,tau=1e-06;k=0;margin=0.995,U,1,215.3211136761884,unprojected,1.600000000046009e-05,0.0,1.600000000046009e-05,0.0,True
mp-2899237,R3,ctp-hap:0.0001,0.0001,tau=1e-06;k=0;margin=0.995,U,1,215.3211136761884,unprojected,1.600000000046009e-05,0.0,1.600000000046009e-05,0.0,True
mp-2899237,R3,ctp-hap:0.0001,1e-05,tau=1e-06;k=0;margin=0.995,U,1,215.3211136761884,projected,1.600000000046009e-05,0.0,1.600000000046009e-05,0.0,False
mp-2899237,R3,ctp-hap:0.0001,1e-05,tau=1e-06;k=0;margin=0.995,hap:0.0001,2,214.7953719375156,projected,0.0,0.0,1.600000000046009e-05,0.0,True
mp-2899237,R3,ctp-hap:0.01,0.001,tau=1e-06;k=0;margin=0.995,U,1,215.3211136761884,unprojected,1.600000000046009e-05,0.0,1.600000000046009e-05,0.0,True
mp-2899237,R3,ctp-hap:0.01,0.0001,tau=1e-06;k=0;margin=0.995,U,1,215.3211136761884,unprojected,1.600000000046009e-05,0.0,1.600000000046009e-05,0.0,True
mp-2899237,R3,ctp-hap:0.01,1e-05,tau=1e-06;k=0;margin=0.995,U,1,215.3211136761884,projected,1.600000000046009e-05,0.0,1.600000000046009e-05,0.0,False
mp-2899237,R3,ctp-hap:0.01,1e-05,tau=1e-06;k=0;margin=0.995,hap:0.01,2,214.7953719375156,projected,0.0,0.0,1.600000000046009e-05,0.0,True
mp-2899237,R3,ctp-hap:1,0.001,tau=1e-06;k=0;margin=0.995,U,1,215.3211136761884,unprojected,1.600000000046009e-05,0.0,1.600000000046009e-05,0.0,True
mp-2899237,R3,ctp-hap:1,0.0001,tau=1e-06;k=0;margin=0.995,U,1,215.3211136761884,unprojected,1.600000000046009e-05,0.0,1.600000000046009e-05,0.0,True
mp-2899237,R3,ctp-hap:1,1e-05,tau=1e-06;k=0;margin=0.995,U,1,215.3211136761884,projected,1.600000000046009e-05,0.0,1.600000000046009e-05,0.0,False
mp-2899237,R3,ctp-hap:1,1e-05,tau=1e-06;k=1;margin=0.990025,U,2,214.5869830358133,projected,2.19999999995224e-05,0.0,2.19999999995224e-05,0.0,False
mp-2899237,R3,ctp-hap:1,1e-05,tau=1e-06;k=2;margin=0.985074875,U,3,213.7633577246997,projected,2.0000000001019203e-05,0.0,2.0000000001019203e-05,0.0,False
mp-2899237,R3,ctp-hap:1,1e-05,tau=1e-06;k=3;margin=0.980149501,U,4,213.27456058185024,projected,2.300000000055036e-05,0.0,2.300000000055036e-05,0.0,False
mp-2899237,R3,ctp-hap:1,1e-05,tau=1e-06;k=4;margin=0.975248753,U,5,212.7821450167665,projected,2.300000000055036e-05,0.0,2.300000000055036e-05,0.0,False
mp-2899237,GF,none,0.001,ZFP;tol_rel=0.000215443,U,1,21.942857142857143,,1.4000000000180536e-05,0.0,1.4000000000180536e-05,0.0,True
mp-2899237,GF,none,0.0001,ZFP;tol_rel=0.000215443,U,1,21.942857142857143,,1.4000000000180536e-05,0.0,1.4000000000180536e-05,0.0,True
mp-2899237,GF,none,1e-05,ZFP;tol_rel=0.000215443,U,1,21.942857142857143,,1.4000000000180536e-05,0.0,1.4000000000180536e-05,0.0,False
mp-2899237,GF,none,1e-05,ZFP;tol_rel=0.0001,U,2,18.732432537070736,,7.999999999341867e-06,0.0,7.999999999341867e-06,0.0,True
mp-2899237,GF,uniform,0.001,ZFP;tol_rel=0.000215443,uniform,1,21.93788256631149,,0.0,0.0,1.4000000000180536e-05,0.0,True
mp-2899237,GF,uniform,0.0001,ZFP;tol_rel=0.000215443,uniform,1,21.93788256631149,,0.0,0.0,1.4000000000180536e-05,0.0,True
mp-2899237,GF,uniform,1e-05,ZFP;tol_rel=0.000215443,uniform,1,21.93788256631149,,0.0,0.0,1.4000000000180536e-05,0.0,True
mp-2899237,GF,hap:0.0001,0.001,ZFP;tol_rel=0.000215443,hap:0.0001,1,21.937385232708397,,0.0,0.0,1.4000000000180536e-05,0.0,True
mp-2899237,GF,hap:0.0001,0.0001,ZFP;tol_rel=0.000215443,hap:0.0001,1,21.937385232708397,,0.0,0.0,1.4000000000180536e-05,0.0,True
mp-2899237,GF,hap:0.0001,1e-05,ZFP;tol_rel=0.000215443,hap:0.0001,1,21.937385232708397,,0.0,0.0,1.4000000000180536e-05,0.0,True
mp-2899237,GF,hap:0.01,0.001,ZFP;tol_rel=0.000215443,hap:0.01,1,21.937385232708397,,0.0,0.0,1.4000000000180536e-05,0.0,True
mp-2899237,GF,hap:0.01,0.0001,ZFP;tol_rel=0.000215443,hap:0.01,1,21.937385232708397,,0.0,0.0,1.4000000000180536e-05,0.0,True
mp-2899237,GF,hap:0.01,1e-05,ZFP;tol_rel=0.000215443,hap:0.01,1,21.937385232708397,,0.0,0.0,1.4000000000180536e-05,0.0,True
mp-2899237,GF,hap:1,0.001,ZFP;tol_rel=0.000215443,hap:1,1,21.937385232708397,,0.0,0.0,1.4000000000180536e-05,0.0,True
mp-2899237,GF,hap:1,0.0001,ZFP;tol_rel=0.000215443,hap:1,1,21.937385232708397,,0.0,0.0,1.4000000000180536e-05,0.0,True
mp-2899237,GF,hap:1,1e-05,ZFP;tol_rel=0.000215443,hap:1,1,21.937385232708397,,0.0,0.0,1.4000000000180536e-05,0.0,True
mp-2899237,GF,ctp-uniform,0.001,ZFP;tol_rel=0.000215443,U,1,21.94279494672634,unprojected,1.4000000000180536e-05,0.0,1.4000000000180536e-05,0.0,True
mp-2899237,GF,ctp-uniform,0.0001,ZFP;tol_rel=0.000215443,U,1,21.94279494672634,unprojected,1.4000000000180536e-05,0.0,1.4000000000180536e-05,0.0,True
mp-2899237,GF,ctp-uniform,1e-05,ZFP;tol_rel=0.000215443,U,1,21.94279494672634,projected,1.4000000000180536e-05,0.0,1.4000000000180536e-05,0.0,False
mp-2899237,GF,ctp-uniform,1e-05,ZFP;tol_rel=0.000215443,uniform,2,21.937820398377923,projected,0.0,0.0,1.4000000000180536e-05,0.0,True
mp-2899237,GF,ctp-hap:0.0001,0.001,ZFP;tol_rel=0.000215443,U,1,21.94279494672634,unprojected,1.4000000000180536e-05,0.0,1.4000000000180536e-05,0.0,True
mp-2899237,GF,ctp-hap:0.0001,0.0001,ZFP;tol_rel=0.000215443,U,1,21.94279494672634,unprojected,1.4000000000180536e-05,0.0,1.4000000000180536e-05,0.0,True
mp-2899237,GF,ctp-hap:0.0001,1e-05,ZFP;tol_rel=0.000215443,U,1,21.94279494672634,projected,1.4000000000180536e-05,0.0,1.4000000000180536e-05,0.0,False
mp-2899237,GF,ctp-hap:0.0001,1e-05,ZFP;tol_rel=0.000215443,hap:0.0001,2,21.937323067593493,projected,0.0,0.0,1.4000000000180536e-05,0.0,True
mp-2899237,GF,ctp-hap:0.01,0.001,ZFP;tol_rel=0.000215443,U,1,21.94279494672634,unprojected,1.4000000000180536e-05,0.0,1.4000000000180536e-05,0.0,True
mp-2899237,GF,ctp-hap:0.01,0.0001,ZFP;tol_rel=0.000215443,U,1,21.94279494672634,unprojected,1.4000000000180536e-05,0.0,1.4000000000180536e-05,0.0,True
mp-2899237,GF,ctp-hap:0.01,1e-05,ZFP;tol_rel=0.000215443,U,1,21.94279494672634,projected,1.4000000000180536e-05,0.0,1.4000000000180536e-05,0.0,False
mp-2899237,GF,ctp-hap:0.01,1e-05,ZFP;tol_rel=0.000215443,hap:0.01,2,21.937323067593493,projected,0.0,0.0,1.4000000000180536e-05,0.0,True
mp-2899237,GF,ctp-hap:1,0.001,ZFP;tol_rel=0.000215443,U,1,21.94279494672634,unprojected,1.4000000000180536e-05,0.0,1.4000000000180536e-05,0.0,True
mp-2899237,GF,ctp-hap:1,0.0001,ZFP;tol_rel=0.000215443,U,1,21.94279494672634,unprojected,1.4000000000180536e-05,0.0,1.4000000000180536e-05,0.0,True
mp-2899237,GF,ctp-hap:1,1e-05,ZFP;tol_rel=0.000215443,U,1,21.94279494672634,projected,1.4000000000180536e-05,0.0,1.4000000000180536e-05,0.0,False
mp-2899237,GF,ctp-hap:1,1e-05,ZFP;tol_rel=0.000215443,hap:1,2,21.937323067593493,projected,0.0,0.0,1.4000000000180536e-05,0.0,True
mp-2033708,J,none,0.001,alpha_rel=0.00215443,U,1,305.34131426537675,,4.000000000559112e-06,0.0,4.000000000559112e-06,0.0,True
mp-2033708,J,none,0.0001,alpha_rel=0.00215443,U,1,305.34131426537675,,4.000000000559112e-06,0.0,4.000000000559112e-06,0.0,True
mp-2033708,J,none,1e-05,alpha_rel=0.00215443,U,1,305.34131426537675,,4.000000000559112e-06,0.0,4.000000000559112e-06,0.0,True
mp-2033708,J,uniform,0.001,alpha_rel=0.001,uniform,1,235.29430537548615,,0.0,0.0,2.000000000279556e-06,0.0,True
mp-2033708,J,uniform,0.0001,alpha_rel=0.001,uniform,1,235.29430537548615,,0.0,0.0,2.000000000279556e-06,0.0,True
mp-2033708,J,uniform,1e-05,alpha_rel=0.001,uniform,1,235.29430537548615,,0.0,0.0,2.000000000279556e-06,0.0,True
mp-2033708,J,hap:0.0001,0.001,alpha_rel=0.00215443,hap:0.0001,1,303.6123926261944,,0.0,0.0,4.000000000559112e-06,0.0,True
mp-2033708,J,hap:0.0001,0.0001,alpha_rel=0.00215443,hap:0.0001,1,303.6123926261944,,0.0,0.0,4.000000000559112e-06,0.0,True
mp-2033708,J,hap:0.0001,1e-05,alpha_rel=0.00215443,hap:0.0001,1,303.6123926261944,,0.0,0.0,4.000000000559112e-06,0.0,True
mp-2033708,J,hap:0.01,0.001,alpha_rel=0.00215443,hap:0.01,1,303.6123926261944,,0.0,0.0,4.000000000559112e-06,0.0,True
mp-2033708,J,hap:0.01,0.0001,alpha_rel=0.00215443,hap:0.01,1,303.6123926261944,,0.0,0.0,4.000000000559112e-06,0.0,True
mp-2033708,J,hap:0.01,1e-05,alpha_rel=0.00215443,hap:0.01,1,303.6123926261944,,0.0,0.0,4.000000000559112e-06,0.0,True
mp-2033708,J,hap:1,0.001,alpha_rel=0.00215443,hap:1,1,303.6123926261944,,0.0,0.0,4.000000000559112e-06,0.0,True
mp-2033708,J,hap:1,0.0001,alpha_rel=0.00215443,hap:1,1,303.6123926261944,,0.0,0.0,4.000000000559112e-06,0.0,True
mp-2033708,J,hap:1,1e-05,alpha_rel=0.00215443,hap:1,1,303.6123926261944,,0.0,0.0,4.000000000559112e-06,0.0,True
mp-2033708,J,ctp-uniform,0.001,alpha_rel=0.00215443,U,1,305.33143522712567,unprojected,4.000000000559112e-06,0.0,4.000000000559112e-06,0.0,True
mp-2033708,J,ctp-uniform,0.0001,alpha_rel=0.00215443,U,1,305.33143522712567,unprojected,4.000000000559112e-06,0.0,4.000000000559112e-06,0.0,True
mp-2033708,J,ctp-uniform,1e-05,alpha_rel=0.00215443,U,1,305.33143522712567,unprojected,4.000000000559112e-06,0.0,4.000000000559112e-06,0.0,True
mp-2033708,J,ctp-hap:0.0001,0.001,alpha_rel=0.00215443,U,1,305.33143522712567,unprojected,4.000000000559112e-06,0.0,4.000000000559112e-06,0.0,True
mp-2033708,J,ctp-hap:0.0001,0.0001,alpha_rel=0.00215443,U,1,305.33143522712567,unprojected,4.000000000559112e-06,0.0,4.000000000559112e-06,0.0,True
mp-2033708,J,ctp-hap:0.0001,1e-05,alpha_rel=0.00215443,U,1,305.33143522712567,unprojected,4.000000000559112e-06,0.0,4.000000000559112e-06,0.0,True
mp-2033708,J,ctp-hap:0.01,0.001,alpha_rel=0.00215443,U,1,305.33143522712567,unprojected,4.000000000559112e-06,0.0,4.000000000559112e-06,0.0,True
mp-2033708,J,ctp-hap:0.01,0.0001,alpha_rel=0.00215443,U,1,305.33143522712567,unprojected,4.000000000559112e-06,0.0,4.000000000559112e-06,0.0,True
mp-2033708,J,ctp-hap:0.01,1e-05,alpha_rel=0.00215443,U,1,305.33143522712567,unprojected,4.000000000559112e-06,0.0,4.000000000559112e-06,0.0,True
mp-2033708,J,ctp-hap:1,0.001,alpha_rel=0.00215443,U,1,305.33143522712567,unprojected,4.000000000559112e-06,0.0,4.000000000559112e-06,0.0,True
mp-2033708,J,ctp-hap:1,0.0001,alpha_rel=0.00215443,U,1,305.33143522712567,unprojected,4.000000000559112e-06,0.0,4.000000000559112e-06,0.0,True
mp-2033708,J,ctp-hap:1,1e-05,alpha_rel=0.00215443,U,1,305.33143522712567,unprojected,4.000000000559112e-06,0.0,4.000000000559112e-06,0.0,True
mp-2033708,T1,none,0.001,q_cut=0.3;alpha_rel=1e-05,U,1,186.74919855938572,,2.9999999999752447e-06,0.0,2.9999999999752447e-06,0.0,True
mp-2033708,T1,none,0.0001,q_cut=0.3;alpha_rel=1e-05,U,1,186.74919855938572,,2.9999999999752447e-06,0.0,2.9999999999752447e-06,0.0,True
mp-2033708,T1,none,1e-05,q_cut=0.3;alpha_rel=1e-05,U,1,186.74919855938572,,2.9999999999752447e-06,0.0,2.9999999999752447e-06,0.0,True
mp-2033708,T1,uniform,0.001,q_cut=0.3;alpha_rel=1e-05,uniform,1,186.13040905684196,,0.0,0.0,2.9999999999752447e-06,0.0,True
mp-2033708,T1,uniform,0.0001,q_cut=0.3;alpha_rel=1e-05,uniform,1,186.13040905684196,,0.0,0.0,2.9999999999752447e-06,0.0,True
mp-2033708,T1,uniform,1e-05,q_cut=0.3;alpha_rel=1e-05,uniform,1,186.13040905684196,,0.0,0.0,2.9999999999752447e-06,0.0,True
mp-2033708,T1,hap:0.0001,0.001,q_cut=0.3;alpha_rel=1e-05,hap:0.0001,1,186.10104515874585,,0.0,0.0,2.9999999999752447e-06,0.0,True
mp-2033708,T1,hap:0.0001,0.0001,q_cut=0.3;alpha_rel=1e-05,hap:0.0001,1,186.10104515874585,,0.0,0.0,2.9999999999752447e-06,0.0,True
mp-2033708,T1,hap:0.0001,1e-05,q_cut=0.3;alpha_rel=1e-05,hap:0.0001,1,186.10104515874585,,0.0,0.0,2.9999999999752447e-06,0.0,True
mp-2033708,T1,hap:0.01,0.001,q_cut=0.3;alpha_rel=1e-05,hap:0.01,1,186.10104515874585,,0.0,0.0,2.9999999999752447e-06,0.0,True
mp-2033708,T1,hap:0.01,0.0001,q_cut=0.3;alpha_rel=1e-05,hap:0.01,1,186.10104515874585,,0.0,0.0,2.9999999999752447e-06,0.0,True
mp-2033708,T1,hap:0.01,1e-05,q_cut=0.3;alpha_rel=1e-05,hap:0.01,1,186.10104515874585,,0.0,0.0,2.9999999999752447e-06,0.0,True
mp-2033708,T1,hap:1,0.001,q_cut=0.3;alpha_rel=1e-05,hap:1,1,186.10104515874585,,0.0,0.0,2.9999999999752447e-06,0.0,True
mp-2033708,T1,hap:1,0.0001,q_cut=0.3;alpha_rel=1e-05,hap:1,1,186.10104515874585,,0.0,0.0,2.9999999999752447e-06,0.0,True
mp-2033708,T1,hap:1,1e-05,q_cut=0.3;alpha_rel=1e-05,hap:1,1,186.10104515874585,,0.0,0.0,2.9999999999752447e-06,0.0,True
mp-2033708,T1,ctp-uniform,0.001,q_cut=0.3;alpha_rel=1e-05,U,1,186.74550311665183,unprojected,2.9999999999752447e-06,0.0,2.9999999999752447e-06,0.0,True
mp-2033708,T1,ctp-uniform,0.0001,q_cut=0.3;alpha_rel=1e-05,U,1,186.74550311665183,unprojected,2.9999999999752447e-06,0.0,2.9999999999752447e-06,0.0,True
mp-2033708,T1,ctp-uniform,1e-05,q_cut=0.3;alpha_rel=1e-05,U,1,186.74550311665183,unprojected,2.9999999999752447e-06,0.0,2.9999999999752447e-06,0.0,True
mp-2033708,T1,ctp-hap:0.0001,0.001,q_cut=0.3;alpha_rel=1e-05,U,1,186.74550311665183,unprojected,2.9999999999752447e-06,0.0,2.9999999999752447e-06,0.0,True
mp-2033708,T1,ctp-hap:0.0001,0.0001,q_cut=0.3;alpha_rel=1e-05,U,1,186.74550311665183,unprojected,2.9999999999752447e-06,0.0,2.9999999999752447e-06,0.0,True
mp-2033708,T1,ctp-hap:0.0001,1e-05,q_cut=0.3;alpha_rel=1e-05,U,1,186.74550311665183,unprojected,2.9999999999752447e-06,0.0,2.9999999999752447e-06,0.0,True
mp-2033708,T1,ctp-hap:0.01,0.001,q_cut=0.3;alpha_rel=1e-05,U,1,186.74550311665183,unprojected,2.9999999999752447e-06,0.0,2.9999999999752447e-06,0.0,True
mp-2033708,T1,ctp-hap:0.01,0.0001,q_cut=0.3;alpha_rel=1e-05,U,1,186.74550311665183,unprojected,2.9999999999752447e-06,0.0,2.9999999999752447e-06,0.0,True
mp-2033708,T1,ctp-hap:0.01,1e-05,q_cut=0.3;alpha_rel=1e-05,U,1,186.74550311665183,unprojected,2.9999999999752447e-06,0.0,2.9999999999752447e-06,0.0,True
mp-2033708,T1,ctp-hap:1,0.001,q_cut=0.3;alpha_rel=1e-05,U,1,186.74550311665183,unprojected,2.9999999999752447e-06,0.0,2.9999999999752447e-06,0.0,True
mp-2033708,T1,ctp-hap:1,0.0001,q_cut=0.3;alpha_rel=1e-05,U,1,186.74550311665183,unprojected,2.9999999999752447e-06,0.0,2.9999999999752447e-06,0.0,True
mp-2033708,T1,ctp-hap:1,1e-05,q_cut=0.3;alpha_rel=1e-05,U,1,186.74550311665183,unprojected,2.9999999999752447e-06,0.0,2.9999999999752447e-06,0.0,True
mp-2033708,R3,none,0.001,tau=1e-06;k=0;margin=0.995,U,1,349.7714688113858,,3.0000000013075123e-06,0.0,3.0000000013075123e-06,0.0,True
mp-2033708,R3,none,0.0001,tau=1e-06;k=0;margin=0.995,U,1,349.7714688113858,,3.0000000013075123e-06,0.0,3.0000000013075123e-06,0.0,True
mp-2033708,R3,none,1e-05,tau=1e-06;k=0;margin=0.995,U,1,349.7714688113858,,3.0000000013075123e-06,0.0,3.0000000013075123e-06,0.0,True
mp-2033708,R3,hap:0.0001,0.001,tau=1e-06;k=0;margin=0.995,hap:0.0001,1,347.5046580992009,,0.0,0.0,3.0000000013075123e-06,0.0,True
mp-2033708,R3,hap:0.0001,0.0001,tau=1e-06;k=0;margin=0.995,hap:0.0001,1,347.5046580992009,,0.0,0.0,3.0000000013075123e-06,0.0,True
mp-2033708,R3,hap:0.0001,1e-05,tau=1e-06;k=0;margin=0.995,hap:0.0001,1,347.5046580992009,,0.0,0.0,3.0000000013075123e-06,0.0,True
mp-2033708,R3,hap:0.01,0.001,tau=1e-06;k=0;margin=0.995,hap:0.01,1,347.5046580992009,,0.0,0.0,3.0000000013075123e-06,0.0,True
mp-2033708,R3,hap:0.01,0.0001,tau=1e-06;k=0;margin=0.995,hap:0.01,1,347.5046580992009,,0.0,0.0,3.0000000013075123e-06,0.0,True
mp-2033708,R3,hap:0.01,1e-05,tau=1e-06;k=0;margin=0.995,hap:0.01,1,347.5046580992009,,0.0,0.0,3.0000000013075123e-06,0.0,True
mp-2033708,R3,hap:1,0.001,tau=1e-06;k=2;margin=0.985074875,hap:1,1,346.30597042310376,,0.0,0.0,3.0000000013075123e-06,0.0,True
mp-2033708,R3,hap:1,0.0001,tau=1e-06;k=2;margin=0.985074875,hap:1,1,346.30597042310376,,0.0,0.0,3.0000000013075123e-06,0.0,True
mp-2033708,R3,hap:1,1e-05,tau=1e-06;k=2;margin=0.985074875,hap:1,1,346.30597042310376,,0.0,0.0,3.0000000013075123e-06,0.0,True
mp-2033708,R3,ctp-uniform,0.001,tau=1e-06;k=0;margin=0.995,U,1,349.75850567044694,unprojected,3.0000000013075123e-06,0.0,3.0000000013075123e-06,0.0,True
mp-2033708,R3,ctp-uniform,0.0001,tau=1e-06;k=0;margin=0.995,U,1,349.75850567044694,unprojected,3.0000000013075123e-06,0.0,3.0000000013075123e-06,0.0,True
mp-2033708,R3,ctp-uniform,1e-05,tau=1e-06;k=0;margin=0.995,U,1,349.75850567044694,unprojected,3.0000000013075123e-06,0.0,3.0000000013075123e-06,0.0,True
mp-2033708,R3,ctp-hap:0.0001,0.001,tau=1e-06;k=0;margin=0.995,U,1,349.75850567044694,unprojected,3.0000000013075123e-06,0.0,3.0000000013075123e-06,0.0,True
mp-2033708,R3,ctp-hap:0.0001,0.0001,tau=1e-06;k=0;margin=0.995,U,1,349.75850567044694,unprojected,3.0000000013075123e-06,0.0,3.0000000013075123e-06,0.0,True
mp-2033708,R3,ctp-hap:0.0001,1e-05,tau=1e-06;k=0;margin=0.995,U,1,349.75850567044694,unprojected,3.0000000013075123e-06,0.0,3.0000000013075123e-06,0.0,True
mp-2033708,R3,ctp-hap:0.01,0.001,tau=1e-06;k=0;margin=0.995,U,1,349.75850567044694,unprojected,3.0000000013075123e-06,0.0,3.0000000013075123e-06,0.0,True
mp-2033708,R3,ctp-hap:0.01,0.0001,tau=1e-06;k=0;margin=0.995,U,1,349.75850567044694,unprojected,3.0000000013075123e-06,0.0,3.0000000013075123e-06,0.0,True
mp-2033708,R3,ctp-hap:0.01,1e-05,tau=1e-06;k=0;margin=0.995,U,1,349.75850567044694,unprojected,3.0000000013075123e-06,0.0,3.0000000013075123e-06,0.0,True
mp-2033708,R3,ctp-hap:1,0.001,tau=1e-06;k=0;margin=0.995,U,1,349.75850567044694,unprojected,3.0000000013075123e-06,0.0,3.0000000013075123e-06,0.0,True
mp-2033708,R3,ctp-hap:1,0.0001,tau=1e-06;k=0;margin=0.995,U,1,349.75850567044694,unprojected,3.0000000013075123e-06,0.0,3.0000000013075123e-06,0.0,True
mp-2033708,R3,ctp-hap:1,1e-05,tau=1e-06;k=0;margin=0.995,U,1,349.75850567044694,unprojected,3.0000000013075123e-06,0.0,3.0000000013075123e-06,0.0,True
mp-2033708,GF,none,0.001,ZFP;tol_rel=0.0001,U,1,13.141367555644676,,2.000000000279556e-06,0.0,2.000000000279556e-06,0.0,True
mp-2033708,GF,none,0.0001,ZFP;tol_rel=0.0001,U,1,13.141367555644676,,2.000000000279556e-06,0.0,2.000000000279556e-06,0.0,True
mp-2033708,GF,none,1e-05,ZFP;tol_rel=0.0001,U,1,13.141367555644676,,2.000000000279556e-06,0.0,2.000000000279556e-06,0.0,True
mp-2033708,GF,uniform,0.001,ZFP;tol_rel=0.0001,uniform,1,13.138293962377627,,0.0,0.0,2.000000000279556e-06,0.0,True
mp-2033708,GF,uniform,0.0001,ZFP;tol_rel=0.0001,uniform,1,13.138293962377627,,0.0,0.0,2.000000000279556e-06,0.0,True
mp-2033708,GF,uniform,1e-05,ZFP;tol_rel=0.0001,uniform,1,13.138293962377627,,0.0,0.0,2.000000000279556e-06,0.0,True
mp-2033708,GF,hap:0.0001,0.001,ZFP;tol_rel=0.0001,hap:0.0001,1,13.138147636655232,,0.0,0.0,2.000000000279556e-06,0.0,True
mp-2033708,GF,hap:0.0001,0.0001,ZFP;tol_rel=0.0001,hap:0.0001,1,13.138147636655232,,0.0,0.0,2.000000000279556e-06,0.0,True
mp-2033708,GF,hap:0.0001,1e-05,ZFP;tol_rel=0.0001,hap:0.0001,1,13.138147636655232,,0.0,0.0,2.000000000279556e-06,0.0,True
mp-2033708,GF,hap:0.01,0.001,ZFP;tol_rel=0.0001,hap:0.01,1,13.138147636655232,,0.0,0.0,2.000000000279556e-06,0.0,True
mp-2033708,GF,hap:0.01,0.0001,ZFP;tol_rel=0.0001,hap:0.01,1,13.138147636655232,,0.0,0.0,2.000000000279556e-06,0.0,True
mp-2033708,GF,hap:0.01,1e-05,ZFP;tol_rel=0.0001,hap:0.01,1,13.138147636655232,,0.0,0.0,2.000000000279556e-06,0.0,True
mp-2033708,GF,hap:1,0.001,ZFP;tol_rel=0.0001,hap:1,1,13.138147636655232,,0.0,0.0,2.000000000279556e-06,0.0,True
mp-2033708,GF,hap:1,0.0001,ZFP;tol_rel=0.0001,hap:1,1,13.138147636655232,,0.0,0.0,2.000000000279556e-06,0.0,True
mp-2033708,GF,hap:1,1e-05,ZFP;tol_rel=0.0001,hap:1,1,13.138147636655232,,0.0,0.0,2.000000000279556e-06,0.0,True
mp-2033708,GF,ctp-uniform,0.001,ZFP;tol_rel=0.0001,U,1,13.141349256192132,unprojected,2.000000000279556e-06,0.0,2.000000000279556e-06,0.0,True
mp-2033708,GF,ctp-uniform,0.0001,ZFP;tol_rel=0.0001,U,1,13.141349256192132,unprojected,2.000000000279556e-06,0.0,2.000000000279556e-06,0.0,True
mp-2033708,GF,ctp-uniform,1e-05,ZFP;tol_rel=0.0001,U,1,13.141349256192132,unprojected,2.000000000279556e-06,0.0,2.000000000279556e-06,0.0,True
mp-2033708,GF,ctp-hap:0.0001,0.001,ZFP;tol_rel=0.0001,U,1,13.141349256192132,unprojected,2.000000000279556e-06,0.0,2.000000000279556e-06,0.0,True
mp-2033708,GF,ctp-hap:0.0001,0.0001,ZFP;tol_rel=0.0001,U,1,13.141349256192132,unprojected,2.000000000279556e-06,0.0,2.000000000279556e-06,0.0,True
mp-2033708,GF,ctp-hap:0.0001,1e-05,ZFP;tol_rel=0.0001,U,1,13.141349256192132,unprojected,2.000000000279556e-06,0.0,2.000000000279556e-06,0.0,True
mp-2033708,GF,ctp-hap:0.01,0.001,ZFP;tol_rel=0.0001,U,1,13.141349256192132,unprojected,2.000000000279556e-06,0.0,2.000000000279556e-06,0.0,True
mp-2033708,GF,ctp-hap:0.01,0.0001,ZFP;tol_rel=0.0001,U,1,13.141349256192132,unprojected,2.000000000279556e-06,0.0,2.000000000279556e-06,0.0,True
mp-2033708,GF,ctp-hap:0.01,1e-05,ZFP;tol_rel=0.0001,U,1,13.141349256192132,unprojected,2.000000000279556e-06,0.0,2.000000000279556e-06,0.0,True
mp-2033708,GF,ctp-hap:1,0.001,ZFP;tol_rel=0.0001,U,1,13.141349256192132,unprojected,2.000000000279556e-06,0.0,2.000000000279556e-06,0.0,True
mp-2033708,GF,ctp-hap:1,0.0001,ZFP;tol_rel=0.0001,U,1,13.141349256192132,unprojected,2.000000000279556e-06,0.0,2.000000000279556e-06,0.0,True
mp-2033708,GF,ctp-hap:1,1e-05,ZFP;tol_rel=0.0001,U,1,13.141349256192132,unprojected,2.000000000279556e-06,0.0,2.000000000279556e-06,0.0,True
mp-2021404,J,none,0.001,alpha_rel=0.001,U,1,171.93984024562835,,9.000000000369823e-06,0.0,9.000000000369823e-06,0.0,True
mp-2021404,J,none,0.0001,alpha_rel=0.001,U,1,171.93984024562835,,9.000000000369823e-06,0.0,9.000000000369823e-06,0.0,True
mp-2021404,J,none,1e-05,alpha_rel=0.001,U,1,171.93984024562835,,9.000000000369823e-06,0.0,9.000000000369823e-06,0.0,True
mp-2021404,J,uniform,0.001,alpha_rel=0.000464159,uniform,1,126.92566490774516,,0.0,0.0,4.000000000559112e-06,0.0,True
mp-2021404,J,uniform,0.0001,alpha_rel=0.000464159,uniform,1,126.92566490774516,,0.0,0.0,4.000000000559112e-06,0.0,True
mp-2021404,J,uniform,1e-05,alpha_rel=0.000464159,uniform,1,126.92566490774516,,0.0,0.0,4.000000000559112e-06,0.0,True
mp-2021404,J,hap:0.0001,0.001,alpha_rel=0.001,hap:0.0001,1,171.56671107955225,,0.0,0.0,9.000000000369823e-06,0.0,True
mp-2021404,J,hap:0.0001,0.0001,alpha_rel=0.001,hap:0.0001,1,171.56671107955225,,0.0,0.0,9.000000000369823e-06,0.0,True
mp-2021404,J,hap:0.0001,1e-05,alpha_rel=0.001,hap:0.0001,1,171.56671107955225,,0.0,0.0,9.000000000369823e-06,0.0,True
mp-2021404,J,hap:0.01,0.001,alpha_rel=0.001,hap:0.01,1,171.56671107955225,,0.0,0.0,9.000000000369823e-06,0.0,True
mp-2021404,J,hap:0.01,0.0001,alpha_rel=0.001,hap:0.01,1,171.56671107955225,,0.0,0.0,9.000000000369823e-06,0.0,True
mp-2021404,J,hap:0.01,1e-05,alpha_rel=0.001,hap:0.01,1,171.56671107955225,,0.0,0.0,9.000000000369823e-06,0.0,True
mp-2021404,J,hap:1,0.001,alpha_rel=0.001,hap:1,1,171.56671107955225,,0.0,0.0,9.000000000369823e-06,0.0,True
mp-2021404,J,hap:1,0.0001,alpha_rel=0.001,hap:1,1,171.56671107955225,,0.0,0.0,9.000000000369823e-06,0.0,True
mp-2021404,J,hap:1,1e-05,alpha_rel=0.001,hap:1,1,171.56671107955225,,0.0,0.0,9.000000000369823e-06,0.0,True
mp-2021404,J,ctp-uniform,0.001,alpha_rel=0.001,U,1,171.9384654747817,unprojected,9.000000000369823e-06,0.0,9.000000000369823e-06,0.0,True
mp-2021404,J,ctp-uniform,0.0001,alpha_rel=0.001,U,1,171.9384654747817,unprojected,9.000000000369823e-06,0.0,9.000000000369823e-06,0.0,True
mp-2021404,J,ctp-uniform,1e-05,alpha_rel=0.001,U,1,171.9384654747817,unprojected,9.000000000369823e-06,0.0,9.000000000369823e-06,0.0,True
mp-2021404,J,ctp-hap:0.0001,0.001,alpha_rel=0.001,U,1,171.9384654747817,unprojected,9.000000000369823e-06,0.0,9.000000000369823e-06,0.0,True
mp-2021404,J,ctp-hap:0.0001,0.0001,alpha_rel=0.001,U,1,171.9384654747817,unprojected,9.000000000369823e-06,0.0,9.000000000369823e-06,0.0,True
mp-2021404,J,ctp-hap:0.0001,1e-05,alpha_rel=0.001,U,1,171.9384654747817,unprojected,9.000000000369823e-06,0.0,9.000000000369823e-06,0.0,True
mp-2021404,J,ctp-hap:0.01,0.001,alpha_rel=0.001,U,1,171.9384654747817,unprojected,9.000000000369823e-06,0.0,9.000000000369823e-06,0.0,True
mp-2021404,J,ctp-hap:0.01,0.0001,alpha_rel=0.001,U,1,171.9384654747817,unprojected,9.000000000369823e-06,0.0,9.000000000369823e-06,0.0,True
mp-2021404,J,ctp-hap:0.01,1e-05,alpha_rel=0.001,U,1,171.9384654747817,unprojected,9.000000000369823e-06,0.0,9.000000000369823e-06,0.0,True
mp-2021404,J,ctp-hap:1,0.001,alpha_rel=0.001,U,1,171.9384654747817,unprojected,9.000000000369823e-06,0.0,9.000000000369823e-06,0.0,True
mp-2021404,J,ctp-hap:1,0.0001,alpha_rel=0.001,U,1,171.9384654747817,unprojected,9.000000000369823e-06,0.0,9.000000000369823e-06,0.0,True
mp-2021404,J,ctp-hap:1,1e-05,alpha_rel=0.001,U,1,171.9384654747817,unprojected,9.000000000369823e-06,0.0,9.000000000369823e-06,0.0,True
mp-2021404,T1,none,0.001,q_cut=0.3;alpha_rel=4.64159e-06,U,1,99.11687162373936,,4.999999999810711e-06,0.0,4.999999999810711e-06,0.0,True
mp-2021404,T1,none,0.0001,q_cut=0.3;alpha_rel=4.64159e-06,U,1,99.11687162373936,,4.999999999810711e-06,0.0,4.999999999810711e-06,0.0,True
mp-2021404,T1,none,1e-05,q_cut=0.3;alpha_rel=4.64159e-06,U,1,99.11687162373936,,4.999999999810711e-06,0.0,4.999999999810711e-06,0.0,True
mp-2021404,T1,uniform,0.001,q_cut=0.3;alpha_rel=4.64159e-06,uniform,1,98.99640917042628,,0.0,0.0,4.999999999810711e-06,0.0,True
mp-2021404,T1,uniform,0.0001,q_cut=0.3;alpha_rel=4.64159e-06,uniform,1,98.99640917042628,,0.0,0.0,4.999999999810711e-06,0.0,True
mp-2021404,T1,uniform,1e-05,q_cut=0.3;alpha_rel=4.64159e-06,uniform,1,98.99640917042628,,0.0,0.0,4.999999999810711e-06,0.0,True
mp-2021404,T1,hap:0.0001,0.001,q_cut=0.3;alpha_rel=4.64159e-06,hap:0.0001,1,98.99276336383892,,0.0,0.0,4.999999999810711e-06,0.0,True
mp-2021404,T1,hap:0.0001,0.0001,q_cut=0.3;alpha_rel=4.64159e-06,hap:0.0001,1,98.99276336383892,,0.0,0.0,4.999999999810711e-06,0.0,True
mp-2021404,T1,hap:0.0001,1e-05,q_cut=0.3;alpha_rel=4.64159e-06,hap:0.0001,1,98.99276336383892,,0.0,0.0,4.999999999810711e-06,0.0,True
mp-2021404,T1,hap:0.01,0.001,q_cut=0.3;alpha_rel=4.64159e-06,hap:0.01,1,98.99276336383892,,0.0,0.0,4.999999999810711e-06,0.0,True
mp-2021404,T1,hap:0.01,0.0001,q_cut=0.3;alpha_rel=4.64159e-06,hap:0.01,1,98.99276336383892,,0.0,0.0,4.999999999810711e-06,0.0,True
mp-2021404,T1,hap:0.01,1e-05,q_cut=0.3;alpha_rel=4.64159e-06,hap:0.01,1,98.99276336383892,,0.0,0.0,4.999999999810711e-06,0.0,True
mp-2021404,T1,hap:1,0.001,q_cut=0.3;alpha_rel=4.64159e-06,hap:1,1,98.99276336383892,,0.0,0.0,4.999999999810711e-06,0.0,True
mp-2021404,T1,hap:1,0.0001,q_cut=0.3;alpha_rel=4.64159e-06,hap:1,1,98.99276336383892,,0.0,0.0,4.999999999810711e-06,0.0,True
mp-2021404,T1,hap:1,1e-05,q_cut=0.3;alpha_rel=4.64159e-06,hap:1,1,98.99276336383892,,0.0,0.0,4.999999999810711e-06,0.0,True
mp-2021404,T1,ctp-uniform,0.001,q_cut=0.3;alpha_rel=4.64159e-06,U,1,99.11641477343436,unprojected,4.999999999810711e-06,0.0,4.999999999810711e-06,0.0,True
mp-2021404,T1,ctp-uniform,0.0001,q_cut=0.3;alpha_rel=4.64159e-06,U,1,99.11641477343436,unprojected,4.999999999810711e-06,0.0,4.999999999810711e-06,0.0,True
mp-2021404,T1,ctp-uniform,1e-05,q_cut=0.3;alpha_rel=4.64159e-06,U,1,99.11641477343436,unprojected,4.999999999810711e-06,0.0,4.999999999810711e-06,0.0,True
mp-2021404,T1,ctp-hap:0.0001,0.001,q_cut=0.3;alpha_rel=4.64159e-06,U,1,99.11641477343436,unprojected,4.999999999810711e-06,0.0,4.999999999810711e-06,0.0,True
mp-2021404,T1,ctp-hap:0.0001,0.0001,q_cut=0.3;alpha_rel=4.64159e-06,U,1,99.11641477343436,unprojected,4.999999999810711e-06,0.0,4.999999999810711e-06,0.0,True
mp-2021404,T1,ctp-hap:0.0001,1e-05,q_cut=0.3;alpha_rel=4.64159e-06,U,1,99.11641477343436,unprojected,4.999999999810711e-06,0.0,4.999999999810711e-06,0.0,True
mp-2021404,T1,ctp-hap:0.01,0.001,q_cut=0.3;alpha_rel=4.64159e-06,U,1,99.11641477343436,unprojected,4.999999999810711e-06,0.0,4.999999999810711e-06,0.0,True
mp-2021404,T1,ctp-hap:0.01,0.0001,q_cut=0.3;alpha_rel=4.64159e-06,U,1,99.11641477343436,unprojected,4.999999999810711e-06,0.0,4.999999999810711e-06,0.0,True
mp-2021404,T1,ctp-hap:0.01,1e-05,q_cut=0.3;alpha_rel=4.64159e-06,U,1,99.11641477343436,unprojected,4.999999999810711e-06,0.0,4.999999999810711e-06,0.0,True
mp-2021404,T1,ctp-hap:1,0.001,q_cut=0.3;alpha_rel=4.64159e-06,U,1,99.11641477343436,unprojected,4.999999999810711e-06,0.0,4.999999999810711e-06,0.0,True
mp-2021404,T1,ctp-hap:1,0.0001,q_cut=0.3;alpha_rel=4.64159e-06,U,1,99.11641477343436,unprojected,4.999999999810711e-06,0.0,4.999999999810711e-06,0.0,True
mp-2021404,T1,ctp-hap:1,1e-05,q_cut=0.3;alpha_rel=4.64159e-06,U,1,99.11641477343436,unprojected,4.999999999810711e-06,0.0,4.999999999810711e-06,0.0,True
mp-2021404,R3,none,0.001,tau=1e-06;k=0;margin=0.995,U,1,211.86833108367736,,1.199999999990098e-05,0.0,1.199999999990098e-05,0.0,True
mp-2021404,R3,none,0.0001,tau=1e-06;k=0;margin=0.995,U,1,211.86833108367736,,1.199999999990098e-05,0.0,1.199999999990098e-05,0.0,True
mp-2021404,R3,none,1e-05,tau=1e-06;k=0;margin=0.995,U,1,211.86833108367736,,1.199999999990098e-05,0.0,1.199999999990098e-05,0.0,False
mp-2021404,R3,none,1e-05,tau=1e-06;k=1;margin=0.990025,U,2,211.6681267410156,,9.999999999621425e-06,0.0,9.999999999621425e-06,0.0,True
mp-2021404,R3,hap:0.0001,0.001,tau=1e-06;k=0;margin=0.995,hap:0.0001,1,211.3020664445951,,0.0,0.0,1.199999999990098e-05,0.0,True
mp-2021404,R3,hap:0.0001,0.0001,tau=1e-06;k=0;margin=0.995,hap:0.0001,1,211.3020664445951,,0.0,0.0,1.199999999990098e-05,0.0,True
mp-2021404,R3,hap:0.0001,1e-05,tau=1e-06;k=0;margin=0.995,hap:0.0001,1,211.3020664445951,,0.0,0.0,1.199999999990098e-05,0.0,True
mp-2021404,R3,hap:0.01,0.001,tau=1e-06;k=0;margin=0.995,hap:0.01,1,211.3020664445951,,0.0,0.0,1.199999999990098e-05,0.0,True
mp-2021404,R3,hap:0.01,0.0001,tau=1e-06;k=0;margin=0.995,hap:0.01,1,211.3020664445951,,0.0,0.0,1.199999999990098e-05,0.0,True
mp-2021404,R3,hap:0.01,1e-05,tau=1e-06;k=0;margin=0.995,hap:0.01,1,211.3020664445951,,0.0,0.0,1.199999999990098e-05,0.0,True
mp-2021404,R3,hap:1,0.001,tau=1e-06;k=5;margin=0.970372509,hap:1,1,209.4967168715781,,0.0,0.0,1.199999999990098e-05,0.0,True
mp-2021404,R3,hap:1,0.0001,tau=1e-06;k=5;margin=0.970372509,hap:1,1,209.4967168715781,,0.0,0.0,1.199999999990098e-05,0.0,True
mp-2021404,R3,hap:1,1e-05,tau=1e-06;k=5;margin=0.970372509,hap:1,1,209.4967168715781,,0.0,0.0,1.199999999990098e-05,0.0,True
mp-2021404,R3,ctp-uniform,0.001,tau=1e-06;k=0;margin=0.995,U,1,211.866243669826,unprojected,1.199999999990098e-05,0.0,1.199999999990098e-05,0.0,True
mp-2021404,R3,ctp-uniform,0.0001,tau=1e-06;k=0;margin=0.995,U,1,211.866243669826,unprojected,1.199999999990098e-05,0.0,1.199999999990098e-05,0.0,True
mp-2021404,R3,ctp-uniform,1e-05,tau=1e-06;k=0;margin=0.995,U,1,211.866243669826,projected,1.199999999990098e-05,0.0,1.199999999990098e-05,0.0,False
mp-2021404,R3,ctp-uniform,1e-05,tau=1e-06;k=1;margin=0.990025,U,2,211.66604327027187,unprojected,9.999999999621425e-06,0.0,9.999999999621425e-06,0.0,True
mp-2021404,R3,ctp-hap:0.0001,0.001,tau=1e-06;k=0;margin=0.995,U,1,211.866243669826,unprojected,1.199999999990098e-05,0.0,1.199999999990098e-05,0.0,True
mp-2021404,R3,ctp-hap:0.0001,0.0001,tau=1e-06;k=0;margin=0.995,U,1,211.866243669826,unprojected,1.199999999990098e-05,0.0,1.199999999990098e-05,0.0,True
mp-2021404,R3,ctp-hap:0.0001,1e-05,tau=1e-06;k=0;margin=0.995,U,1,211.866243669826,projected,1.199999999990098e-05,0.0,1.199999999990098e-05,0.0,False
mp-2021404,R3,ctp-hap:0.0001,1e-05,tau=1e-06;k=1;margin=0.990025,U,2,211.66604327027187,unprojected,9.999999999621425e-06,0.0,9.999999999621425e-06,0.0,True
mp-2021404,R3,ctp-hap:0.01,0.001,tau=1e-06;k=0;margin=0.995,U,1,211.866243669826,unprojected,1.199999999990098e-05,0.0,1.199999999990098e-05,0.0,True
mp-2021404,R3,ctp-hap:0.01,0.0001,tau=1e-06;k=0;margin=0.995,U,1,211.866243669826,unprojected,1.199999999990098e-05,0.0,1.199999999990098e-05,0.0,True
mp-2021404,R3,ctp-hap:0.01,1e-05,tau=1e-06;k=0;margin=0.995,U,1,211.866243669826,projected,1.199999999990098e-05,0.0,1.199999999990098e-05,0.0,False
mp-2021404,R3,ctp-hap:0.01,1e-05,tau=1e-06;k=1;margin=0.990025,U,2,211.66604327027187,unprojected,9.999999999621425e-06,0.0,9.999999999621425e-06,0.0,True
mp-2021404,R3,ctp-hap:1,0.001,tau=1e-06;k=0;margin=0.995,U,1,211.866243669826,unprojected,1.199999999990098e-05,0.0,1.199999999990098e-05,0.0,True
mp-2021404,R3,ctp-hap:1,0.0001,tau=1e-06;k=0;margin=0.995,U,1,211.866243669826,unprojected,1.199999999990098e-05,0.0,1.199999999990098e-05,0.0,True
mp-2021404,R3,ctp-hap:1,1e-05,tau=1e-06;k=0;margin=0.995,U,1,211.866243669826,projected,1.199999999990098e-05,0.0,1.199999999990098e-05,0.0,False
mp-2021404,R3,ctp-hap:1,1e-05,tau=1e-06;k=1;margin=0.990025,U,2,211.66604327027187,unprojected,9.999999999621425e-06,0.0,9.999999999621425e-06,0.0,True
mp-2021404,GF,none,0.001,ZFP;tol_rel=4.64159e-05,U,1,15.856910262158143,,4.999999999810711e-06,0.0,4.999999999810711e-06,0.0,True
mp-2021404,GF,none,0.0001,ZFP;tol_rel=4.64159e-05,U,1,15.856910262158143,,4.999999999810711e-06,0.0,4.999999999810711e-06,0.0,True
mp-2021404,GF,none,1e-05,ZFP;tol_rel=4.64159e-05,U,1,15.856910262158143,,4.999999999810711e-06,0.0,4.999999999810711e-06,0.0,True
mp-2021404,GF,uniform,0.001,ZFP;tol_rel=4.64159e-05,uniform,1,15.853823968292351,,0.0,0.0,4.999999999810711e-06,0.0,True
mp-2021404,GF,uniform,0.0001,ZFP;tol_rel=4.64159e-05,uniform,1,15.853823968292351,,0.0,0.0,4.999999999810711e-06,0.0,True
mp-2021404,GF,uniform,1e-05,ZFP;tol_rel=4.64159e-05,uniform,1,15.853823968292351,,0.0,0.0,4.999999999810711e-06,0.0,True
mp-2021404,GF,hap:0.0001,0.001,ZFP;tol_rel=4.64159e-05,hap:0.0001,1,15.853730462990267,,0.0,0.0,4.999999999810711e-06,0.0,True
mp-2021404,GF,hap:0.0001,0.0001,ZFP;tol_rel=4.64159e-05,hap:0.0001,1,15.853730462990267,,0.0,0.0,4.999999999810711e-06,0.0,True
mp-2021404,GF,hap:0.0001,1e-05,ZFP;tol_rel=4.64159e-05,hap:0.0001,1,15.853730462990267,,0.0,0.0,4.999999999810711e-06,0.0,True
mp-2021404,GF,hap:0.01,0.001,ZFP;tol_rel=4.64159e-05,hap:0.01,1,15.853730462990267,,0.0,0.0,4.999999999810711e-06,0.0,True
mp-2021404,GF,hap:0.01,0.0001,ZFP;tol_rel=4.64159e-05,hap:0.01,1,15.853730462990267,,0.0,0.0,4.999999999810711e-06,0.0,True
mp-2021404,GF,hap:0.01,1e-05,ZFP;tol_rel=4.64159e-05,hap:0.01,1,15.853730462990267,,0.0,0.0,4.999999999810711e-06,0.0,True
mp-2021404,GF,hap:1,0.001,ZFP;tol_rel=4.64159e-05,hap:1,1,15.853730462990267,,0.0,0.0,4.999999999810711e-06,0.0,True
mp-2021404,GF,hap:1,0.0001,ZFP;tol_rel=4.64159e-05,hap:1,1,15.853730462990267,,0.0,0.0,4.999999999810711e-06,0.0,True
mp-2021404,GF,hap:1,1e-05,ZFP;tol_rel=4.64159e-05,hap:1,1,15.853730462990267,,0.0,0.0,4.999999999810711e-06,0.0,True
mp-2021404,GF,ctp-uniform,0.001,ZFP;tol_rel=4.64159e-05,U,1,15.856898569383889,unprojected,4.999999999810711e-06,0.0,4.999999999810711e-06,0.0,True
mp-2021404,GF,ctp-uniform,0.0001,ZFP;tol_rel=4.64159e-05,U,1,15.856898569383889,unprojected,4.999999999810711e-06,0.0,4.999999999810711e-06,0.0,True
mp-2021404,GF,ctp-uniform,1e-05,ZFP;tol_rel=4.64159e-05,U,1,15.856898569383889,unprojected,4.999999999810711e-06,0.0,4.999999999810711e-06,0.0,True
mp-2021404,GF,ctp-hap:0.0001,0.001,ZFP;tol_rel=4.64159e-05,U,1,15.856898569383889,unprojected,4.999999999810711e-06,0.0,4.999999999810711e-06,0.0,True
mp-2021404,GF,ctp-hap:0.0001,0.0001,ZFP;tol_rel=4.64159e-05,U,1,15.856898569383889,unprojected,4.999999999810711e-06,0.0,4.999999999810711e-06,0.0,True
mp-2021404,GF,ctp-hap:0.0001,1e-05,ZFP;tol_rel=4.64159e-05,U,1,15.856898569383889,unprojected,4.999999999810711e-06,0.0,4.999999999810711e-06,0.0,True
mp-2021404,GF,ctp-hap:0.01,0.001,ZFP;tol_rel=4.64159e-05,U,1,15.856898569383889,unprojected,4.999999999810711e-06,0.0,4.999999999810711e-06,0.0,True
mp-2021404,GF,ctp-hap:0.01,0.0001,ZFP;tol_rel=4.64159e-05,U,1,15.856898569383889,unprojected,4.999999999810711e-06,0.0,4.999999999810711e-06,0.0,True
mp-2021404,GF,ctp-hap:0.01,1e-05,ZFP;tol_rel=4.64159e-05,U,1,15.856898569383889,unprojected,4.999999999810711e-06,0.0,4.999999999810711e-06,0.0,True
mp-2021404,GF,ctp-hap:1,0.001,ZFP;tol_rel=4.64159e-05,U,1,15.856898569383889,unprojected,4.999999999810711e-06,0.0,4.999999999810711e-06,0.0,True
mp-2021404,GF,ctp-hap:1,0.0001,ZFP;tol_rel=4.64159e-05,U,1,15.856898569383889,unprojected,4.999999999810711e-06,0.0,4.999999999810711e-06,0.0,True
mp-2021404,GF,ctp-hap:1,1e-05,ZFP;tol_rel=4.64159e-05,U,1,15.856898569383889,unprojected,4.999999999810711e-06,0.0,4.999999999810711e-06,0.0,True
mp-2309397,J,none,0.001,alpha_rel=0.00464159,U,1,329.8023391267881,,4.999999999810711e-06,0.0,4.999999999810711e-06,0.0,True
mp-2309397,J,none,0.0001,alpha_rel=0.00464159,U,1,329.8023391267881,,4.999999999810711e-06,0.0,4.999999999810711e-06,0.0,True
mp-2309397,J,none,1e-05,alpha_rel=0.00464159,U,1,329.8023391267881,,4.999999999810711e-06,0.0,4.999999999810711e-06,0.0,True
mp-2309397,J,uniform,0.001,alpha_rel=0.00464159,uniform,1,328.82174216027875,,0.0,0.0,4.999999999810711e-06,0.0,True
mp-2309397,J,uniform,0.0001,alpha_rel=0.00464159,uniform,1,328.82174216027875,,0.0,0.0,4.999999999810711e-06,0.0,True
mp-2309397,J,uniform,1e-05,alpha_rel=0.00464159,uniform,1,328.82174216027875,,0.0,0.0,4.999999999810711e-06,0.0,True
mp-2309397,J,hap:0.0001,0.001,alpha_rel=0.00464159,hap:0.0001,1,328.6995773928389,,0.0,0.0,4.999999999810711e-06,0.0,True
mp-2309397,J,hap:0.0001,0.0001,alpha_rel=0.00464159,hap:0.0001,1,328.6995773928389,,0.0,0.0,4.999999999810711e-06,0.0,True
mp-2309397,J,hap:0.0001,1e-05,alpha_rel=0.00464159,hap:0.0001,1,328.6995773928389,,0.0,0.0,4.999999999810711e-06,0.0,True
mp-2309397,J,hap:0.01,0.001,alpha_rel=0.00464159,hap:0.01,1,328.6995773928389,,0.0,0.0,4.999999999810711e-06,0.0,True
mp-2309397,J,hap:0.01,0.0001,alpha_rel=0.00464159,hap:0.01,1,328.6995773928389,,0.0,0.0,4.999999999810711e-06,0.0,True
mp-2309397,J,hap:0.01,1e-05,alpha_rel=0.00464159,hap:0.01,1,328.6995773928389,,0.0,0.0,4.999999999810711e-06,0.0,True
mp-2309397,J,hap:1,0.001,alpha_rel=0.00464159,hap:1,1,328.6995773928389,,0.0,0.0,4.999999999810711e-06,0.0,True
mp-2309397,J,hap:1,0.0001,alpha_rel=0.00464159,hap:1,1,328.6995773928389,,0.0,0.0,4.999999999810711e-06,0.0,True
mp-2309397,J,hap:1,1e-05,alpha_rel=0.00464159,hap:1,1,328.6995773928389,,0.0,0.0,4.999999999810711e-06,0.0,True
mp-2309397,J,ctp-uniform,0.001,alpha_rel=0.00464159,U,1,329.78697232317586,unprojected,4.999999999810711e-06,0.0,4.999999999810711e-06,0.0,True
mp-2309397,J,ctp-uniform,0.0001,alpha_rel=0.00464159,U,1,329.78697232317586,unprojected,4.999999999810711e-06,0.0,4.999999999810711e-06,0.0,True
mp-2309397,J,ctp-uniform,1e-05,alpha_rel=0.00464159,U,1,329.78697232317586,unprojected,4.999999999810711e-06,0.0,4.999999999810711e-06,0.0,True
mp-2309397,J,ctp-hap:0.0001,0.001,alpha_rel=0.00464159,U,1,329.78697232317586,unprojected,4.999999999810711e-06,0.0,4.999999999810711e-06,0.0,True
mp-2309397,J,ctp-hap:0.0001,0.0001,alpha_rel=0.00464159,U,1,329.78697232317586,unprojected,4.999999999810711e-06,0.0,4.999999999810711e-06,0.0,True
mp-2309397,J,ctp-hap:0.0001,1e-05,alpha_rel=0.00464159,U,1,329.78697232317586,unprojected,4.999999999810711e-06,0.0,4.999999999810711e-06,0.0,True
mp-2309397,J,ctp-hap:0.01,0.001,alpha_rel=0.00464159,U,1,329.78697232317586,unprojected,4.999999999810711e-06,0.0,4.999999999810711e-06,0.0,True
mp-2309397,J,ctp-hap:0.01,0.0001,alpha_rel=0.00464159,U,1,329.78697232317586,unprojected,4.999999999810711e-06,0.0,4.999999999810711e-06,0.0,True
mp-2309397,J,ctp-hap:0.01,1e-05,alpha_rel=0.00464159,U,1,329.78697232317586,unprojected,4.999999999810711e-06,0.0,4.999999999810711e-06,0.0,True
mp-2309397,J,ctp-hap:1,0.001,alpha_rel=0.00464159,U,1,329.78697232317586,unprojected,4.999999999810711e-06,0.0,4.999999999810711e-06,0.0,True
mp-2309397,J,ctp-hap:1,0.0001,alpha_rel=0.00464159,U,1,329.78697232317586,unprojected,4.999999999810711e-06,0.0,4.999999999810711e-06,0.0,True
mp-2309397,J,ctp-hap:1,1e-05,alpha_rel=0.00464159,U,1,329.78697232317586,unprojected,4.999999999810711e-06,0.0,4.999999999810711e-06,0.0,True
mp-2309397,T1,none,0.001,q_cut=0.15;alpha_rel=2.15443e-05,U,1,388.4680570801317,,3.0000000013075123e-06,0.0,3.0000000013075123e-06,0.0,True
mp-2309397,T1,none,0.0001,q_cut=0.15;alpha_rel=2.15443e-05,U,1,388.4680570801317,,3.0000000013075123e-06,0.0,3.0000000013075123e-06,0.0,True
mp-2309397,T1,none,1e-05,q_cut=0.15;alpha_rel=2.15443e-05,U,1,388.4680570801317,,3.0000000013075123e-06,0.0,3.0000000013075123e-06,0.0,True
mp-2309397,T1,uniform,0.001,q_cut=0.15;alpha_rel=2.15443e-05,uniform,1,387.10829140231897,,0.0,0.0,3.0000000013075123e-06,0.0,True
mp-2309397,T1,uniform,0.0001,q_cut=0.15;alpha_rel=2.15443e-05,uniform,1,387.10829140231897,,0.0,0.0,3.0000000013075123e-06,0.0,True
mp-2309397,T1,uniform,1e-05,q_cut=0.15;alpha_rel=2.15443e-05,uniform,1,387.10829140231897,,0.0,0.0,3.0000000013075123e-06,0.0,True
mp-2309397,T1,hap:0.0001,0.001,q_cut=0.15;alpha_rel=2.15443e-05,hap:0.0001,1,386.9389897222829,,0.0,0.0,3.0000000013075123e-06,0.0,True
mp-2309397,T1,hap:0.0001,0.0001,q_cut=0.15;alpha_rel=2.15443e-05,hap:0.0001,1,386.9389897222829,,0.0,0.0,3.0000000013075123e-06,0.0,True
mp-2309397,T1,hap:0.0001,1e-05,q_cut=0.15;alpha_rel=2.15443e-05,hap:0.0001,1,386.9389897222829,,0.0,0.0,3.0000000013075123e-06,0.0,True
mp-2309397,T1,hap:0.01,0.001,q_cut=0.15;alpha_rel=2.15443e-05,hap:0.01,1,386.9389897222829,,0.0,0.0,3.0000000013075123e-06,0.0,True
mp-2309397,T1,hap:0.01,0.0001,q_cut=0.15;alpha_rel=2.15443e-05,hap:0.01,1,386.9389897222829,,0.0,0.0,3.0000000013075123e-06,0.0,True
mp-2309397,T1,hap:0.01,1e-05,q_cut=0.15;alpha_rel=2.15443e-05,hap:0.01,1,386.9389897222829,,0.0,0.0,3.0000000013075123e-06,0.0,True
mp-2309397,T1,hap:1,0.001,q_cut=0.15;alpha_rel=2.15443e-05,hap:1,1,386.9389897222829,,0.0,0.0,3.0000000013075123e-06,0.0,True
mp-2309397,T1,hap:1,0.0001,q_cut=0.15;alpha_rel=2.15443e-05,hap:1,1,386.9389897222829,,0.0,0.0,3.0000000013075123e-06,0.0,True
mp-2309397,T1,hap:1,1e-05,q_cut=0.15;alpha_rel=2.15443e-05,hap:1,1,386.9389897222829,,0.0,0.0,3.0000000013075123e-06,0.0,True
mp-2309397,T1,ctp-uniform,0.001,q_cut=0.15;alpha_rel=2.15443e-05,U,1,388.44673728115913,unprojected,3.0000000013075123e-06,0.0,3.0000000013075123e-06,0.0,True
mp-2309397,T1,ctp-uniform,0.0001,q_cut=0.15;alpha_rel=2.15443e-05,U,1,388.44673728115913,unprojected,3.0000000013075123e-06,0.0,3.0000000013075123e-06,0.0,True
mp-2309397,T1,ctp-uniform,1e-05,q_cut=0.15;alpha_rel=2.15443e-05,U,1,388.44673728115913,unprojected,3.0000000013075123e-06,0.0,3.0000000013075123e-06,0.0,True
mp-2309397,T1,ctp-hap:0.0001,0.001,q_cut=0.15;alpha_rel=2.15443e-05,U,1,388.44673728115913,unprojected,3.0000000013075123e-06,0.0,3.0000000013075123e-06,0.0,True
mp-2309397,T1,ctp-hap:0.0001,0.0001,q_cut=0.15;alpha_rel=2.15443e-05,U,1,388.44673728115913,unprojected,3.0000000013075123e-06,0.0,3.0000000013075123e-06,0.0,True
mp-2309397,T1,ctp-hap:0.0001,1e-05,q_cut=0.15;alpha_rel=2.15443e-05,U,1,388.44673728115913,unprojected,3.0000000013075123e-06,0.0,3.0000000013075123e-06,0.0,True
mp-2309397,T1,ctp-hap:0.01,0.001,q_cut=0.15;alpha_rel=2.15443e-05,U,1,388.44673728115913,unprojected,3.0000000013075123e-06,0.0,3.0000000013075123e-06,0.0,True
mp-2309397,T1,ctp-hap:0.01,0.0001,q_cut=0.15;alpha_rel=2.15443e-05,U,1,388.44673728115913,unprojected,3.0000000013075123e-06,0.0,3.0000000013075123e-06,0.0,True
mp-2309397,T1,ctp-hap:0.01,1e-05,q_cut=0.15;alpha_rel=2.15443e-05,U,1,388.44673728115913,unprojected,3.0000000013075123e-06,0.0,3.0000000013075123e-06,0.0,True
mp-2309397,T1,ctp-hap:1,0.001,q_cut=0.15;alpha_rel=2.15443e-05,U,1,388.44673728115913,unprojected,3.0000000013075123e-06,0.0,3.0000000013075123e-06,0.0,True
mp-2309397,T1,ctp-hap:1,0.0001,q_cut=0.15;alpha_rel=2.15443e-05,U,1,388.44673728115913,unprojected,3.0000000013075123e-06,0.0,3.0000000013075123e-06,0.0,True
mp-2309397,T1,ctp-hap:1,1e-05,q_cut=0.15;alpha_rel=2.15443e-05,U,1,388.44673728115913,unprojected,3.0000000013075123e-06,0.0,3.0000000013075123e-06,0.0,True
mp-2309397,R3,none,0.001,tau=1e-06;k=0;margin=0.995,U,1,510.4491562094332,,1.0000000010279564e-06,0.0,1.0000000010279564e-06,0.0,True
mp-2309397,R3,none,0.0001,tau=1e-06;k=0;margin=0.995,U,1,510.4491562094332,,1.0000000010279564e-06,0.0,1.0000000010279564e-06,0.0,True
mp-2309397,R3,none,1e-05,tau=1e-06;k=0;margin=0.995,U,1,510.4491562094332,,1.0000000010279564e-06,0.0,1.0000000010279564e-06,0.0,True
mp-2309397,R3,uniform,0.001,tau=1e-06;k=2;margin=0.985074875,uniform,1,507.66661884951947,,0.0,0.0,1.0000000010279564e-06,0.0,True
mp-2309397,R3,uniform,0.0001,tau=1e-06;k=2;margin=0.985074875,uniform,1,507.66661884951947,,0.0,0.0,1.0000000010279564e-06,0.0,True
mp-2309397,R3,uniform,1e-05,tau=1e-06;k=2;margin=0.985074875,uniform,1,507.66661884951947,,0.0,0.0,1.0000000010279564e-06,0.0,True
mp-2309397,R3,hap:0.0001,0.001,tau=1e-06;k=0;margin=0.995,hap:0.0001,1,507.8123116659492,,0.0,0.0,1.0000000010279564e-06,0.0,True
mp-2309397,R3,hap:0.0001,0.0001,tau=1e-06;k=0;margin=0.995,hap:0.0001,1,507.8123116659492,,0.0,0.0,1.0000000010279564e-06,0.0,True
mp-2309397,R3,hap:0.0001,1e-05,tau=1e-06;k=0;margin=0.995,hap:0.0001,1,507.8123116659492,,0.0,0.0,1.0000000010279564e-06,0.0,True
mp-2309397,R3,hap:0.01,0.001,tau=1e-06;k=0;margin=0.995,hap:0.01,1,507.8123116659492,,0.0,0.0,1.0000000010279564e-06,0.0,True
mp-2309397,R3,hap:0.01,0.0001,tau=1e-06;k=0;margin=0.995,hap:0.01,1,507.8123116659492,,0.0,0.0,1.0000000010279564e-06,0.0,True
mp-2309397,R3,hap:0.01,1e-05,tau=1e-06;k=0;margin=0.995,hap:0.01,1,507.8123116659492,,0.0,0.0,1.0000000010279564e-06,0.0,True
mp-2309397,R3,hap:1,0.001,tau=1e-06;k=0;margin=0.995,hap:1,1,507.8123116659492,,0.0,0.0,1.0000000010279564e-06,0.0,True
mp-2309397,R3,hap:1,0.0001,tau=1e-06;k=0;margin=0.995,hap:1,1,507.8123116659492,,0.0,0.0,1.0000000010279564e-06,0.0,True
mp-2309397,R3,hap:1,1e-05,tau=1e-06;k=0;margin=0.995,hap:1,1,507.8123116659492,,0.0,0.0,1.0000000010279564e-06,0.0,True
mp-2309397,R3,ctp-uniform,0.001,tau=1e-06;k=0;margin=0.995,U,1,510.4123458570708,unprojected,1.0000000010279564e-06,0.0,1.0000000010279564e-06,0.0,True
mp-2309397,R3,ctp-uniform,0.0001,tau=1e-06;k=0;margin=0.995,U,1,510.4123458570708,unprojected,1.0000000010279564e-06,0.0,1.0000000010279564e-06,0.0,True
mp-2309397,R3,ctp-uniform,1e-05,tau=1e-06;k=0;margin=0.995,U,1,510.4123458570708,unprojected,1.0000000010279564e-06,0.0,1.0000000010279564e-06,0.0,True
mp-2309397,R3,ctp-hap:0.0001,0.001,tau=1e-06;k=0;margin=0.995,U,1,510.4123458570708,unprojected,1.0000000010279564e-06,0.0,1.0000000010279564e-06,0.0,True
mp-2309397,R3,ctp-hap:0.0001,0.0001,tau=1e-06;k=0;margin=0.995,U,1,510.4123458570708,unprojected,1.0000000010279564e-06,0.0,1.0000000010279564e-06,0.0,True
mp-2309397,R3,ctp-hap:0.0001,1e-05,tau=1e-06;k=0;margin=0.995,U,1,510.4123458570708,unprojected,1.0000000010279564e-06,0.0,1.0000000010279564e-06,0.0,True
mp-2309397,R3,ctp-hap:0.01,0.001,tau=1e-06;k=0;margin=0.995,U,1,510.4123458570708,unprojected,1.0000000010279564e-06,0.0,1.0000000010279564e-06,0.0,True
mp-2309397,R3,ctp-hap:0.01,0.0001,tau=1e-06;k=0;margin=0.995,U,1,510.4123458570708,unprojected,1.0000000010279564e-06,0.0,1.0000000010279564e-06,0.0,True
mp-2309397,R3,ctp-hap:0.01,1e-05,tau=1e-06;k=0;margin=0.995,U,1,510.4123458570708,unprojected,1.0000000010279564e-06,0.0,1.0000000010279564e-06,0.0,True
mp-2309397,R3,ctp-hap:1,0.001,tau=1e-06;k=0;margin=0.995,U,1,510.4123458570708,unprojected,1.0000000010279564e-06,0.0,1.0000000010279564e-06,0.0,True
mp-2309397,R3,ctp-hap:1,0.0001,tau=1e-06;k=0;margin=0.995,U,1,510.4123458570708,unprojected,1.0000000010279564e-06,0.0,1.0000000010279564e-06,0.0,True
mp-2309397,R3,ctp-hap:1,1e-05,tau=1e-06;k=0;margin=0.995,U,1,510.4123458570708,unprojected,1.0000000010279564e-06,0.0,1.0000000010279564e-06,0.0,True
mp-2309397,GF,none,0.001,SPERR;tol_rel=1e-05,U,1,25.88281241429245,,1.0000000010279564e-06,0.0,1.0000000010279564e-06,0.0,True
mp-2309397,GF,none,0.0001,SPERR;tol_rel=1e-05,U,1,25.88281241429245,,1.0000000010279564e-06,0.0,1.0000000010279564e-06,0.0,True
mp-2309397,GF,none,1e-05,SPERR;tol_rel=1e-05,U,1,25.88281241429245,,1.0000000010279564e-06,0.0,1.0000000010279564e-06,0.0,True
mp-2309397,GF,uniform,0.001,SPERR;tol_rel=1e-05,uniform,1,25.87675625084545,,0.0,0.0,1.0000000010279564e-06,0.0,True
mp-2309397,GF,uniform,0.0001,SPERR;tol_rel=1e-05,uniform,1,25.87675625084545,,0.0,0.0,1.0000000010279564e-06,0.0,True
mp-2309397,GF,uniform,1e-05,SPERR;tol_rel=1e-05,uniform,1,25.87675625084545,,0.0,0.0,1.0000000010279564e-06,0.0,True
mp-2309397,GF,hap:0.0001,0.001,SPERR;tol_rel=1e-05,hap:0.0001,1,25.87599942968073,,0.0,0.0,1.0000000010279564e-06,0.0,True
mp-2309397,GF,hap:0.0001,0.0001,SPERR;tol_rel=1e-05,hap:0.0001,1,25.87599942968073,,0.0,0.0,1.0000000010279564e-06,0.0,True
mp-2309397,GF,hap:0.0001,1e-05,SPERR;tol_rel=1e-05,hap:0.0001,1,25.87599942968073,,0.0,0.0,1.0000000010279564e-06,0.0,True
mp-2309397,GF,hap:0.01,0.001,SPERR;tol_rel=1e-05,hap:0.01,1,25.87599942968073,,0.0,0.0,1.0000000010279564e-06,0.0,True
mp-2309397,GF,hap:0.01,0.0001,SPERR;tol_rel=1e-05,hap:0.01,1,25.87599942968073,,0.0,0.0,1.0000000010279564e-06,0.0,True
mp-2309397,GF,hap:0.01,1e-05,SPERR;tol_rel=1e-05,hap:0.01,1,25.87599942968073,,0.0,0.0,1.0000000010279564e-06,0.0,True
mp-2309397,GF,hap:1,0.001,SPERR;tol_rel=1e-05,hap:1,1,25.87599942968073,,0.0,0.0,1.0000000010279564e-06,0.0,True
mp-2309397,GF,hap:1,0.0001,SPERR;tol_rel=1e-05,hap:1,1,25.87599942968073,,0.0,0.0,1.0000000010279564e-06,0.0,True
mp-2309397,GF,hap:1,1e-05,SPERR;tol_rel=1e-05,hap:1,1,25.87599942968073,,0.0,0.0,1.0000000010279564e-06,0.0,True
mp-2309397,GF,ctp-uniform,0.001,SPERR;tol_rel=1e-05,U,1,25.8827177649382,unprojected,1.0000000010279564e-06,0.0,1.0000000010279564e-06,0.0,True
mp-2309397,GF,ctp-uniform,0.0001,SPERR;tol_rel=1e-05,U,1,25.8827177649382,unprojected,1.0000000010279564e-06,0.0,1.0000000010279564e-06,0.0,True
mp-2309397,GF,ctp-uniform,1e-05,SPERR;tol_rel=1e-05,U,1,25.8827177649382,unprojected,1.0000000010279564e-06,0.0,1.0000000010279564e-06,0.0,True
mp-2309397,GF,ctp-hap:0.0001,0.001,SPERR;tol_rel=1e-05,U,1,25.8827177649382,unprojected,1.0000000010279564e-06,0.0,1.0000000010279564e-06,0.0,True
mp-2309397,GF,ctp-hap:0.0001,0.0001,SPERR;tol_rel=1e-05,U,1,25.8827177649382,unprojected,1.0000000010279564e-06,0.0,1.0000000010279564e-06,0.0,True
mp-2309397,GF,ctp-hap:0.0001,1e-05,SPERR;tol_rel=1e-05,U,1,25.8827177649382,unprojected,1.0000000010279564e-06,0.0,1.0000000010279564e-06,0.0,True
mp-2309397,GF,ctp-hap:0.01,0.001,SPERR;tol_rel=1e-05,U,1,25.8827177649382,unprojected,1.0000000010279564e-06,0.0,1.0000000010279564e-06,0.0,True
mp-2309397,GF,ctp-hap:0.01,0.0001,SPERR;tol_rel=1e-05,U,1,25.8827177649382,unprojected,1.0000000010279564e-06,0.0,1.0000000010279564e-06,0.0,True
mp-2309397,GF,ctp-hap:0.01,1e-05,SPERR;tol_rel=1e-05,U,1,25.8827177649382,unprojected,1.0000000010279564e-06,0.0,1.0000000010279564e-06,0.0,True
mp-2309397,GF,ctp-hap:1,0.001,SPERR;tol_rel=1e-05,U,1,25.8827177649382,unprojected,1.0000000010279564e-06,0.0,1.0000000010279564e-06,0.0,True
mp-2309397,GF,ctp-hap:1,0.0001,SPERR;tol_rel=1e-05,U,1,25.8827177649382,unprojected,1.0000000010279564e-06,0.0,1.0000000010279564e-06,0.0,True
mp-2309397,GF,ctp-hap:1,1e-05,SPERR;tol_rel=1e-05,U,1,25.8827177649382,unprojected,1.0000000010279564e-06,0.0,1.0000000010279564e-06,0.0,True
mp-2227370,J,none,0.001,alpha_rel=0.000215443,U,1,57.23734774204066,,1.7999999999851468e-05,0.0,1.7999999999851468e-05,0.0,True
mp-2227370,J,none,0.0001,alpha_rel=0.000215443,U,1,57.23734774204066,,1.7999999999851468e-05,0.0,1.7999999999851468e-05,0.0,True
mp-2227370,J,none,1e-05,alpha_rel=0.000215443,U,1,57.23734774204066,,1.7999999999851468e-05,0.0,1.7999999999851468e-05,0.0,False
mp-2227370,J,none,1e-05,alpha_rel=0.0001,U,2,42.26674692578898,,7.000000000090267e-06,0.0,7.000000000090267e-06,0.0,True
mp-2227370,J,uniform,0.001,alpha_rel=0.0001,uniform,1,42.20867325032203,,0.0,0.0,7.000000000090267e-06,0.0,True
mp-2227370,J,uniform,0.0001,alpha_rel=0.0001,uniform,1,42.20867325032203,,0.0,0.0,7.000000000090267e-06,0.0,True
mp-2227370,J,uniform,1e-05,alpha_rel=0.0001,uniform,1,42.20867325032203,,0.0,0.0,7.000000000090267e-06,0.0,True
mp-2227370,J,hap:0.0001,0.001,alpha_rel=0.000215443,hap:0.0001,1,57.120278907611855,,0.0,0.0,1.7999999999851468e-05,0.0,True
mp-2227370,J,hap:0.0001,0.0001,alpha_rel=0.000215443,hap:0.0001,1,57.120278907611855,,0.0,0.0,1.7999999999851468e-05,0.0,True
mp-2227370,J,hap:0.0001,1e-05,alpha_rel=0.000215443,hap:0.0001,1,57.120278907611855,,0.0,0.0,1.7999999999851468e-05,0.0,True
mp-2227370,J,hap:0.01,0.001,alpha_rel=0.000215443,hap:0.01,1,57.120278907611855,,0.0,0.0,1.7999999999851468e-05,0.0,True
mp-2227370,J,hap:0.01,0.0001,alpha_rel=0.000215443,hap:0.01,1,57.120278907611855,,0.0,0.0,1.7999999999851468e-05,0.0,True
mp-2227370,J,hap:0.01,1e-05,alpha_rel=0.000215443,hap:0.01,1,57.120278907611855,,0.0,0.0,1.7999999999851468e-05,0.0,True
mp-2227370,J,hap:1,0.001,alpha_rel=0.000215443,hap:1,1,57.120278907611855,,0.0,0.0,1.7999999999851468e-05,0.0,True
mp-2227370,J,hap:1,0.0001,alpha_rel=0.000215443,hap:1,1,57.120278907611855,,0.0,0.0,1.7999999999851468e-05,0.0,True
mp-2227370,J,hap:1,1e-05,alpha_rel=0.000215443,hap:1,1,57.120278907611855,,0.0,0.0,1.7999999999851468e-05,0.0,True
mp-2227370,J,ctp-uniform,0.001,alpha_rel=0.000215443,U,1,57.23601471889702,unprojected,1.7999999999851468e-05,0.0,1.7999999999851468e-05,0.0,True
mp-2227370,J,ctp-uniform,0.0001,alpha_rel=0.000215443,U,1,57.23601471889702,unprojected,1.7999999999851468e-05,0.0,1.7999999999851468e-05,0.0,True
mp-2227370,J,ctp-uniform,1e-05,alpha_rel=0.000215443,U,1,57.23601471889702,projected,1.7999999999851468e-05,0.0,1.7999999999851468e-05,0.0,False
mp-2227370,J,ctp-uniform,1e-05,alpha_rel=0.0001,U,2,42.26602001857393,unprojected,7.000000000090267e-06,0.0,7.000000000090267e-06,0.0,True
mp-2227370,J,ctp-hap:0.0001,0.001,alpha_rel=0.000215443,U,1,57.23601471889702,unprojected,1.7999999999851468e-05,0.0,1.7999999999851468e-05,0.0,True
mp-2227370,J,ctp-hap:0.0001,0.0001,alpha_rel=0.000215443,U,1,57.23601471889702,unprojected,1.7999999999851468e-05,0.0,1.7999999999851468e-05,0.0,True
mp-2227370,J,ctp-hap:0.0001,1e-05,alpha_rel=0.000215443,U,1,57.23601471889702,projected,1.7999999999851468e-05,0.0,1.7999999999851468e-05,0.0,False
mp-2227370,J,ctp-hap:0.0001,1e-05,alpha_rel=0.000215443,hap:0.0001,2,57.118951331752896,projected,0.0,0.0,1.7999999999851468e-05,0.0,True
mp-2227370,J,ctp-hap:0.01,0.001,alpha_rel=0.000215443,U,1,57.23601471889702,unprojected,1.7999999999851468e-05,0.0,1.7999999999851468e-05,0.0,True
mp-2227370,J,ctp-hap:0.01,0.0001,alpha_rel=0.000215443,U,1,57.23601471889702,unprojected,1.7999999999851468e-05,0.0,1.7999999999851468e-05,0.0,True
mp-2227370,J,ctp-hap:0.01,1e-05,alpha_rel=0.000215443,U,1,57.23601471889702,projected,1.7999999999851468e-05,0.0,1.7999999999851468e-05,0.0,False
mp-2227370,J,ctp-hap:0.01,1e-05,alpha_rel=0.000215443,hap:0.01,2,57.118951331752896,projected,0.0,0.0,1.7999999999851468e-05,0.0,True
mp-2227370,J,ctp-hap:1,0.001,alpha_rel=0.000215443,U,1,57.23601471889702,unprojected,1.7999999999851468e-05,0.0,1.7999999999851468e-05,0.0,True
mp-2227370,J,ctp-hap:1,0.0001,alpha_rel=0.000215443,U,1,57.23601471889702,unprojected,1.7999999999851468e-05,0.0,1.7999999999851468e-05,0.0,True
mp-2227370,J,ctp-hap:1,1e-05,alpha_rel=0.000215443,U,1,57.23601471889702,projected,1.7999999999851468e-05,0.0,1.7999999999851468e-05,0.0,False
mp-2227370,J,ctp-hap:1,1e-05,alpha_rel=0.000215443,hap:1,2,57.118951331752896,projected,0.0,0.0,1.7999999999851468e-05,0.0,True
mp-2227370,T1,none,0.001,q_cut=0.5;alpha_rel=1e-05,U,1,42.7549973034568,,1.4999999999432134e-05,0.0,1.4999999999432134e-05,0.0,True
mp-2227370,T1,none,0.0001,q_cut=0.5;alpha_rel=1e-05,U,1,42.7549973034568,,1.4999999999432134e-05,0.0,1.4999999999432134e-05,0.0,True
mp-2227370,T1,none,1e-05,q_cut=0.5;alpha_rel=1e-05,U,1,42.7549973034568,,1.4999999999432134e-05,0.0,1.4999999999432134e-05,0.0,False
mp-2227370,T1,none,1e-05,q_cut=0.5;alpha_rel=4.64159e-06,U,2,34.12527597650555,,1.199999999990098e-05,0.0,1.199999999990098e-05,0.0,False
mp-2227370,T1,none,1e-05,q_cut=0.75;alpha_rel=1e-05,U,3,32.01584117141294,,5.999999999950489e-06,0.0,5.999999999950489e-06,0.0,True
mp-2227370,T1,uniform,0.001,q_cut=0.75;alpha_rel=1e-05,uniform,1,31.9825095650816,,0.0,0.0,5.999999999950489e-06,0.0,True
mp-2227370,T1,uniform,0.0001,q_cut=0.75;alpha_rel=1e-05,uniform,1,31.9825095650816,,0.0,0.0,5.999999999950489e-06,0.0,True
mp-2227370,T1,uniform,1e-05,q_cut=0.75;alpha_rel=1e-05,uniform,1,31.9825095650816,,0.0,0.0,5.999999999950489e-06,0.0,True
mp-2227370,T1,hap:0.0001,0.001,q_cut=0.5;alpha_rel=1e-05,hap:0.0001,1,42.6896419948236,,0.0,0.0,1.4999999999432134e-05,0.0,True
mp-2227370,T1,hap:0.0001,0.0001,q_cut=0.5;alpha_rel=1e-05,hap:0.0001,1,42.6896419948236,,0.0,0.0,1.4999999999432134e-05,0.0,True
mp-2227370,T1,hap:0.0001,1e-05,q_cut=0.5;alpha_rel=1e-05,hap:0.0001,1,42.6896419948236,,0.0,0.0,1.4999999999432134e-05,0.0,True
mp-2227370,T1,hap:0.01,0.001,q_cut=0.5;alpha_rel=1e-05,hap:0.01,1,42.6896419948236,,0.0,0.0,1.4999999999432134e-05,0.0,True
mp-2227370,T1,hap:0.01,0.0001,q_cut=0.5;alpha_rel=1e-05,hap:0.01,1,42.6896419948236,,0.0,0.0,1.4999999999432134e-05,0.0,True
mp-2227370,T1,hap:0.01,1e-05,q_cut=0.5;alpha_rel=1e-05,hap:0.01,1,42.6896419948236,,0.0,0.0,1.4999999999432134e-05,0.0,True
mp-2227370,T1,hap:1,0.001,q_cut=0.5;alpha_rel=1e-05,hap:1,1,42.6896419948236,,0.0,0.0,1.4999999999432134e-05,0.0,True
mp-2227370,T1,hap:1,0.0001,q_cut=0.5;alpha_rel=1e-05,hap:1,1,42.6896419948236,,0.0,0.0,1.4999999999432134e-05,0.0,True
mp-2227370,T1,hap:1,1e-05,q_cut=0.5;alpha_rel=1e-05,hap:1,1,42.6896419948236,,0.0,0.0,1.4999999999432134e-05,0.0,True
mp-2227370,T1,ctp-uniform,0.001,q_cut=0.5;alpha_rel=1e-05,U,1,42.75425350544519,unprojected,1.4999999999432134e-05,0.0,1.4999999999432134e-05,0.0,True
mp-2227370,T1,ctp-uniform,0.0001,q_cut=0.5;alpha_rel=1e-05,U,1,42.75425350544519,unprojected,1.4999999999432134e-05,0.0,1.4999999999432134e-05,0.0,True
mp-2227370,T1,ctp-uniform,1e-05,q_cut=0.5;alpha_rel=1e-05,U,1,42.75425350544519,projected,1.4999999999432134e-05,0.0,1.4999999999432134e-05,0.0,False
mp-2227370,T1,ctp-uniform,1e-05,q_cut=0.5;alpha_rel=4.64159e-06,U,2,34.124802132800134,projected,1.199999999990098e-05,0.0,1.199999999990098e-05,0.0,False
mp-2227370,T1,ctp-uniform,1e-05,q_cut=0.75;alpha_rel=1e-05,U,3,32.015424097547,unprojected,5.999999999950489e-06,0.0,5.999999999950489e-06,0.0,True
mp-2227370,T1,ctp-hap:0.0001,0.001,q_cut=0.5;alpha_rel=1e-05,U,1,42.75425350544519,unprojected,1.4999999999432134e-05,0.0,1.4999999999432134e-05,0.0,True
mp-2227370,T1,ctp-hap:0.0001,0.0001,q_cut=0.5;alpha_rel=1e-05,U,1,42.75425350544519,unprojected,1.4999999999432134e-05,0.0,1.4999999999432134e-05,0.0,True
mp-2227370,T1,ctp-hap:0.0001,1e-05,q_cut=0.5;alpha_rel=1e-05,U,1,42.75425350544519,projected,1.4999999999432134e-05,0.0,1.4999999999432134e-05,0.0,False
mp-2227370,T1,ctp-hap:0.0001,1e-05,q_cut=0.5;alpha_rel=1e-05,hap:0.0001,2,42.68890046899427,projected,0.0,0.0,1.4999999999432134e-05,0.0,True
mp-2227370,T1,ctp-hap:0.01,0.001,q_cut=0.5;alpha_rel=1e-05,U,1,42.75425350544519,unprojected,1.4999999999432134e-05,0.0,1.4999999999432134e-05,0.0,True
mp-2227370,T1,ctp-hap:0.01,0.0001,q_cut=0.5;alpha_rel=1e-05,U,1,42.75425350544519,unprojected,1.4999999999432134e-05,0.0,1.4999999999432134e-05,0.0,True
mp-2227370,T1,ctp-hap:0.01,1e-05,q_cut=0.5;alpha_rel=1e-05,U,1,42.75425350544519,projected,1.4999999999432134e-05,0.0,1.4999999999432134e-05,0.0,False
mp-2227370,T1,ctp-hap:0.01,1e-05,q_cut=0.5;alpha_rel=1e-05,hap:0.01,2,42.68890046899427,projected,0.0,0.0,1.4999999999432134e-05,0.0,True
mp-2227370,T1,ctp-hap:1,0.001,q_cut=0.5;alpha_rel=1e-05,U,1,42.75425350544519,unprojected,1.4999999999432134e-05,0.0,1.4999999999432134e-05,0.0,True
mp-2227370,T1,ctp-hap:1,0.0001,q_cut=0.5;alpha_rel=1e-05,U,1,42.75425350544519,unprojected,1.4999999999432134e-05,0.0,1.4999999999432134e-05,0.0,True
mp-2227370,T1,ctp-hap:1,1e-05,q_cut=0.5;alpha_rel=1e-05,U,1,42.75425350544519,projected,1.4999999999432134e-05,0.0,1.4999999999432134e-05,0.0,False
mp-2227370,T1,ctp-hap:1,1e-05,q_cut=0.5;alpha_rel=1e-05,hap:1,2,42.68890046899427,projected,0.0,0.0,1.4999999999432134e-05,0.0,True
mp-2227370,R3,none,0.001,tau=1e-06;k=0;margin=0.995,U,1,79.67321532775725,,2.6000000000081517e-05,0.0,2.6000000000081517e-05,0.0,True
mp-2227370,R3,none,0.0001,tau=1e-06;k=0;margin=0.995,U,1,79.67321532775725,,2.6000000000081517e-05,0.0,2.6000000000081517e-05,0.0,True
mp-2227370,R3,none,1e-05,tau=1e-06;k=0;margin=0.995,U,1,79.67321532775725,,2.6000000000081517e-05,0.0,2.6000000000081517e-05,0.0,False
mp-2227370,R3,none,1e-05,tau=1e-06;k=1;margin=0.990025,U,2,79.49281925216717,,2.4999999999941732e-05,0.0,2.4999999999941732e-05,0.0,False
mp-2227370,R3,none,1e-05,tau=1e-06;k=2;margin=0.985074875,U,3,79.26463473633285,,2.6000000000081517e-05,0.0,2.6000000000081517e-05,0.0,False
mp-2227370,R3,none,1e-05,tau=1e-06;k=3;margin=0.980149501,U,4,79.18035955924995,,2.6000000000081517e-05,0.0,2.6000000000081517e-05,0.0,False
mp-2227370,R3,none,1e-05,tau=1e-06;k=4;margin=0.975248753,U,5,79.01742653205582,,2.4999999999941732e-05,0.0,2.4999999999941732e-05,0.0,False
mp-2227370,R3,hap:0.0001,0.001,tau=1e-06;k=0;margin=0.995,hap:0.0001,1,79.44656365164543,,0.0,0.0,2.6000000000081517e-05,0.0,True
mp-2227370,R3,hap:0.0001,0.0001,tau=1e-06;k=0;margin=0.995,hap:0.0001,1,79.44656365164543,,0.0,0.0,2.6000000000081517e-05,0.0,True
mp-2227370,R3,hap:0.0001,1e-05,tau=1e-06;k=0;margin=0.995,hap:0.0001,1,79.44656365164543,,0.0,0.0,2.6000000000081517e-05,0.0,True
mp-2227370,R3,hap:0.01,0.001,tau=1e-06;k=1;margin=0.990025,hap:0.01,1,79.26719133015095,,0.0,0.0,2.4999999999941732e-05,0.0,True
mp-2227370,R3,hap:0.01,0.0001,tau=1e-06;k=1;margin=0.990025,hap:0.01,1,79.26719133015095,,0.0,0.0,2.4999999999941732e-05,0.0,True
mp-2227370,R3,hap:0.01,1e-05,tau=1e-06;k=1;margin=0.990025,hap:0.01,1,79.26719133015095,,0.0,0.0,2.4999999999941732e-05,0.0,True
mp-2227370,R3,ctp-uniform,0.001,tau=1e-06;k=0;margin=0.995,U,1,79.67063247641586,unprojected,2.6000000000081517e-05,0.0,2.6000000000081517e-05,0.0,True
mp-2227370,R3,ctp-uniform,0.0001,tau=1e-06;k=0;margin=0.995,U,1,79.67063247641586,unprojected,2.6000000000081517e-05,0.0,2.6000000000081517e-05,0.0,True
mp-2227370,R3,ctp-uniform,1e-05,tau=1e-06;k=0;margin=0.995,U,1,79.67063247641586,projected,2.6000000000081517e-05,0.0,2.6000000000081517e-05,0.0,False
mp-2227370,R3,ctp-uniform,1e-05,tau=1e-06;k=1;margin=0.990025,U,2,79.49024808357862,projected,2.4999999999941732e-05,0.0,2.4999999999941732e-05,0.0,False
mp-2227370,R3,ctp-uniform,1e-05,tau=1e-06;k=2;margin=0.985074875,U,3,79.26207830742437,projected,2.6000000000081517e-05,0.0,2.6000000000081517e-05,0.0,False
mp-2227370,R3,ctp-uniform,1e-05,tau=1e-06;k=3;margin=0.980149501,U,4,79.17780856342021,projected,2.6000000000081517e-05,0.0,2.6000000000081517e-05,0.0,False
mp-2227370,R3,ctp-uniform,1e-05,tau=1e-06;k=4;margin=0.975248753,U,5,79.01488602385622,projected,2.4999999999941732e-05,0.0,2.4999999999941732e-05,0.0,False
mp-2227370,R3,ctp-hap:0.0001,0.001,tau=1e-06;k=0;margin=0.995,U,1,79.67063247641586,unprojected,2.6000000000081517e-05,0.0,2.6000000000081517e-05,0.0,True
mp-2227370,R3,ctp-hap:0.0001,0.0001,tau=1e-06;k=0;margin=0.995,U,1,79.67063247641586,unprojected,2.6000000000081517e-05,0.0,2.6000000000081517e-05,0.0,True
mp-2227370,R3,ctp-hap:0.0001,1e-05,tau=1e-06;k=0;margin=0.995,U,1,79.67063247641586,projected,2.6000000000081517e-05,0.0,2.6000000000081517e-05,0.0,False
mp-2227370,R3,ctp-hap:0.0001,1e-05,tau=1e-06;k=1;margin=0.990025,U,2,79.49024808357862,projected,2.4999999999941732e-05,0.0,2.4999999999941732e-05,0.0,False
mp-2227370,R3,ctp-hap:0.0001,1e-05,tau=1e-06;k=0;margin=0.995,hap:0.0001,3,79.44399547438177,projected,0.0,0.0,2.6000000000081517e-05,0.0,True
mp-2227370,R3,ctp-hap:0.01,0.001,tau=1e-06;k=0;margin=0.995,U,1,79.67063247641586,unprojected,2.6000000000081517e-05,0.0,2.6000000000081517e-05,0.0,True
mp-2227370,R3,ctp-hap:0.01,0.0001,tau=1e-06;k=0;margin=0.995,U,1,79.67063247641586,unprojected,2.6000000000081517e-05,0.0,2.6000000000081517e-05,0.0,True
mp-2227370,R3,ctp-hap:0.01,1e-05,tau=1e-06;k=0;margin=0.995,U,1,79.67063247641586,projected,2.6000000000081517e-05,0.0,2.6000000000081517e-05,0.0,False
mp-2227370,R3,ctp-hap:0.01,1e-05,tau=1e-06;k=1;margin=0.990025,U,2,79.49024808357862,projected,2.4999999999941732e-05,0.0,2.4999999999941732e-05,0.0,False
mp-2227370,R3,ctp-hap:0.01,1e-05,tau=1e-06;k=1;margin=0.990025,hap:0.01,3,79.26463473633285,projected,0.0,0.0,2.4999999999941732e-05,0.0,True
mp-2227370,R3,ctp-hap:1,0.001,tau=1e-06;k=0;margin=0.995,U,1,79.67063247641586,unprojected,2.6000000000081517e-05,0.0,2.6000000000081517e-05,0.0,True
mp-2227370,R3,ctp-hap:1,0.0001,tau=1e-06;k=0;margin=0.995,U,1,79.67063247641586,unprojected,2.6000000000081517e-05,0.0,2.6000000000081517e-05,0.0,True
mp-2227370,R3,ctp-hap:1,1e-05,tau=1e-06;k=0;margin=0.995,U,1,79.67063247641586,projected,2.6000000000081517e-05,0.0,2.6000000000081517e-05,0.0,False
mp-2227370,R3,ctp-hap:1,1e-05,tau=1e-06;k=1;margin=0.990025,U,2,79.49024808357862,projected,2.4999999999941732e-05,0.0,2.4999999999941732e-05,0.0,False
mp-2227370,R3,ctp-hap:1,1e-05,tau=1e-06;k=2;margin=0.985074875,U,3,79.26207830742437,projected,2.6000000000081517e-05,0.0,2.6000000000081517e-05,0.0,False
mp-2227370,R3,ctp-hap:1,1e-05,tau=1e-06;k=3;margin=0.980149501,U,4,79.17780856342021,projected,2.6000000000081517e-05,0.0,2.6000000000081517e-05,0.0,False
mp-2227370,R3,ctp-hap:1,1e-05,tau=1e-06;k=4;margin=0.975248753,U,5,79.01488602385622,projected,2.4999999999941732e-05,0.0,2.4999999999941732e-05,0.0,False
mp-2227370,GF,none,0.001,ZFP;tol_rel=4.64159e-05,U,1,12.76277523888658,,4.999999999810711e-06,0.0,4.999999999810711e-06,0.0,True
mp-2227370,GF,none,0.0001,ZFP;tol_rel=4.64159e-05,U,1,12.76277523888658,,4.999999999810711e-06,0.0,4.999999999810711e-06,0.0,True
mp-2227370,GF,none,1e-05,ZFP;tol_rel=4.64159e-05,U,1,12.76277523888658,,4.999999999810711e-06,0.0,4.999999999810711e-06,0.0,True
mp-2227370,GF,uniform,0.001,ZFP;tol_rel=4.64159e-05,uniform,1,12.757475083056478,,0.0,0.0,4.999999999810711e-06,0.0,True
mp-2227370,GF,uniform,0.0001,ZFP;tol_rel=4.64159e-05,uniform,1,12.757475083056478,,0.0,0.0,4.999999999810711e-06,0.0,True
mp-2227370,GF,uniform,1e-05,ZFP;tol_rel=4.64159e-05,uniform,1,12.757475083056478,,0.0,0.0,4.999999999810711e-06,0.0,True
mp-2227370,GF,hap:0.0001,0.001,ZFP;tol_rel=4.64159e-05,hap:0.0001,1,12.756945309580168,,0.0,0.0,4.999999999810711e-06,0.0,True
mp-2227370,GF,hap:0.0001,0.0001,ZFP;tol_rel=4.64159e-05,hap:0.0001,1,12.756945309580168,,0.0,0.0,4.999999999810711e-06,0.0,True
mp-2227370,GF,hap:0.0001,1e-05,ZFP;tol_rel=4.64159e-05,hap:0.0001,1,12.756945309580168,,0.0,0.0,4.999999999810711e-06,0.0,True
mp-2227370,GF,hap:0.01,0.001,ZFP;tol_rel=4.64159e-05,hap:0.01,1,12.756945309580168,,0.0,0.0,4.999999999810711e-06,0.0,True
mp-2227370,GF,hap:0.01,0.0001,ZFP;tol_rel=4.64159e-05,hap:0.01,1,12.756945309580168,,0.0,0.0,4.999999999810711e-06,0.0,True
mp-2227370,GF,hap:0.01,1e-05,ZFP;tol_rel=4.64159e-05,hap:0.01,1,12.756945309580168,,0.0,0.0,4.999999999810711e-06,0.0,True
mp-2227370,GF,hap:1,0.001,ZFP;tol_rel=4.64159e-05,hap:1,1,12.756945309580168,,0.0,0.0,4.999999999810711e-06,0.0,True
mp-2227370,GF,hap:1,0.0001,ZFP;tol_rel=4.64159e-05,hap:1,1,12.756945309580168,,0.0,0.0,4.999999999810711e-06,0.0,True
mp-2227370,GF,hap:1,1e-05,ZFP;tol_rel=4.64159e-05,hap:1,1,12.756945309580168,,0.0,0.0,4.999999999810711e-06,0.0,True
mp-2227370,GF,ctp-uniform,0.001,ZFP;tol_rel=4.64159e-05,U,1,12.762708959758209,unprojected,4.999999999810711e-06,0.0,4.999999999810711e-06,0.0,True
mp-2227370,GF,ctp-uniform,0.0001,ZFP;tol_rel=4.64159e-05,U,1,12.762708959758209,unprojected,4.999999999810711e-06,0.0,4.999999999810711e-06,0.0,True
mp-2227370,GF,ctp-uniform,1e-05,ZFP;tol_rel=4.64159e-05,U,1,12.762708959758209,unprojected,4.999999999810711e-06,0.0,4.999999999810711e-06,0.0,True
mp-2227370,GF,ctp-hap:0.0001,0.001,ZFP;tol_rel=4.64159e-05,U,1,12.762708959758209,unprojected,4.999999999810711e-06,0.0,4.999999999810711e-06,0.0,True
mp-2227370,GF,ctp-hap:0.0001,0.0001,ZFP;tol_rel=4.64159e-05,U,1,12.762708959758209,unprojected,4.999999999810711e-06,0.0,4.999999999810711e-06,0.0,True
mp-2227370,GF,ctp-hap:0.0001,1e-05,ZFP;tol_rel=4.64159e-05,U,1,12.762708959758209,unprojected,4.999999999810711e-06,0.0,4.999999999810711e-06,0.0,True
mp-2227370,GF,ctp-hap:0.01,0.001,ZFP;tol_rel=4.64159e-05,U,1,12.762708959758209,unprojected,4.999999999810711e-06,0.0,4.999999999810711e-06,0.0,True
mp-2227370,GF,ctp-hap:0.01,0.0001,ZFP;tol_rel=4.64159e-05,U,1,12.762708959758209,unprojected,4.999999999810711e-06,0.0,4.999999999810711e-06,0.0,True
mp-2227370,GF,ctp-hap:0.01,1e-05,ZFP;tol_rel=4.64159e-05,U,1,12.762708959758209,unprojected,4.999999999810711e-06,0.0,4.999999999810711e-06,0.0,True
mp-2227370,GF,ctp-hap:1,0.001,ZFP;tol_rel=4.64159e-05,U,1,12.762708959758209,unprojected,4.999999999810711e-06,0.0,4.999999999810711e-06,0.0,True
mp-2227370,GF,ctp-hap:1,0.0001,ZFP;tol_rel=4.64159e-05,U,1,12.762708959758209,unprojected,4.999999999810711e-06,0.0,4.999999999810711e-06,0.0,True
mp-2227370,GF,ctp-hap:1,1e-05,ZFP;tol_rel=4.64159e-05,U,1,12.762708959758209,unprojected,4.999999999810711e-06,0.0,4.999999999810711e-06,0.0,True
mp-2308064,J,none,0.001,alpha_rel=0.000464159,U,1,94.6099299768702,,5.000000000032756e-06,0.0,5.000000000032756e-06,0.0,True
mp-2308064,J,none,0.0001,alpha_rel=0.000464159,U,1,94.6099299768702,,5.000000000032756e-06,0.0,5.000000000032756e-06,0.0,True
mp-2308064,J,none,1e-05,alpha_rel=0.000464159,U,1,94.6099299768702,,5.000000000032756e-06,0.0,5.000000000032756e-06,0.0,True
mp-2308064,J,uniform,0.001,alpha_rel=0.000464159,uniform,1,94.37072153218924,,0.0,0.0,5.000000000032756e-06,0.0,True
mp-2308064,J,uniform,0.0001,alpha_rel=0.000464159,uniform,1,94.37072153218924,,0.0,0.0,5.000000000032756e-06,0.0,True
mp-2308064,J,uniform,1e-05,alpha_rel=0.000464159,uniform,1,94.37072153218924,,0.0,0.0,5.000000000032756e-06,0.0,True
mp-2308064,J,hap:0.0001,0.001,alpha_rel=0.000464159,hap:0.0001,1,94.34686719959556,,0.0,0.0,5.000000000032756e-06,0.0,True
mp-2308064,J,hap:0.0001,0.0001,alpha_rel=0.000464159,hap:0.0001,1,94.34686719959556,,0.0,0.0,5.000000000032756e-06,0.0,True
mp-2308064,J,hap:0.0001,1e-05,alpha_rel=0.000464159,hap:0.0001,1,94.34686719959556,,0.0,0.0,5.000000000032756e-06,0.0,True
mp-2308064,J,hap:0.01,0.001,alpha_rel=0.000464159,hap:0.01,1,94.34686719959556,,0.0,0.0,5.000000000032756e-06,0.0,True
mp-2308064,J,hap:0.01,0.0001,alpha_rel=0.000464159,hap:0.01,1,94.34686719959556,,0.0,0.0,5.000000000032756e-06,0.0,True
mp-2308064,J,hap:0.01,1e-05,alpha_rel=0.000464159,hap:0.01,1,94.34686719959556,,0.0,0.0,5.000000000032756e-06,0.0,True
mp-2308064,J,hap:1,0.001,alpha_rel=0.000464159,hap:1,1,94.34686719959556,,0.0,0.0,5.000000000032756e-06,0.0,True
mp-2308064,J,hap:1,0.0001,alpha_rel=0.000464159,hap:1,1,94.34686719959556,,0.0,0.0,5.000000000032756e-06,0.0,True
mp-2308064,J,hap:1,1e-05,alpha_rel=0.000464159,hap:1,1,94.34686719959556,,0.0,0.0,5.000000000032756e-06,0.0,True
mp-2308064,J,ctp-uniform,0.001,alpha_rel=0.000464159,U,1,94.60693238704772,unprojected,5.000000000032756e-06,0.0,5.000000000032756e-06,0.0,True
mp-2308064,J,ctp-uniform,0.0001,alpha_rel=0.000464159,U,1,94.60693238704772,unprojected,5.000000000032756e-06,0.0,5.000000000032756e-06,0.0,True
mp-2308064,J,ctp-uniform,1e-05,alpha_rel=0.000464159,U,1,94.60693238704772,unprojected,5.000000000032756e-06,0.0,5.000000000032756e-06,0.0,True
mp-2308064,J,ctp-hap:0.0001,0.001,alpha_rel=0.000464159,U,1,94.60693238704772,unprojected,5.000000000032756e-06,0.0,5.000000000032756e-06,0.0,True
mp-2308064,J,ctp-hap:0.0001,0.0001,alpha_rel=0.000464159,U,1,94.60693238704772,unprojected,5.000000000032756e-06,0.0,5.000000000032756e-06,0.0,True
mp-2308064,J,ctp-hap:0.0001,1e-05,alpha_rel=0.000464159,U,1,94.60693238704772,unprojected,5.000000000032756e-06,0.0,5.000000000032756e-06,0.0,True
mp-2308064,J,ctp-hap:0.01,0.001,alpha_rel=0.000464159,U,1,94.60693238704772,unprojected,5.000000000032756e-06,0.0,5.000000000032756e-06,0.0,True
mp-2308064,J,ctp-hap:0.01,0.0001,alpha_rel=0.000464159,U,1,94.60693238704772,unprojected,5.000000000032756e-06,0.0,5.000000000032756e-06,0.0,True
mp-2308064,J,ctp-hap:0.01,1e-05,alpha_rel=0.000464159,U,1,94.60693238704772,unprojected,5.000000000032756e-06,0.0,5.000000000032756e-06,0.0,True
mp-2308064,J,ctp-hap:1,0.001,alpha_rel=0.000464159,U,1,94.60693238704772,unprojected,5.000000000032756e-06,0.0,5.000000000032756e-06,0.0,True
mp-2308064,J,ctp-hap:1,0.0001,alpha_rel=0.000464159,U,1,94.60693238704772,unprojected,5.000000000032756e-06,0.0,5.000000000032756e-06,0.0,True
mp-2308064,J,ctp-hap:1,1e-05,alpha_rel=0.000464159,U,1,94.60693238704772,unprojected,5.000000000032756e-06,0.0,5.000000000032756e-06,0.0,True
mp-2308064,T1,none,0.001,q_cut=0.5;alpha_rel=1e-05,U,1,51.58119850057869,,4.000000000559112e-06,0.0,4.000000000559112e-06,0.0,True
mp-2308064,T1,none,0.0001,q_cut=0.5;alpha_rel=1e-05,U,1,51.58119850057869,,4.000000000559112e-06,0.0,4.000000000559112e-06,0.0,True
mp-2308064,T1,none,1e-05,q_cut=0.5;alpha_rel=1e-05,U,1,51.58119850057869,,4.000000000559112e-06,0.0,4.000000000559112e-06,0.0,True
mp-2308064,T1,uniform,0.001,q_cut=0.5;alpha_rel=1e-05,uniform,1,51.51001397298556,,0.0,0.0,4.000000000559112e-06,0.0,True
mp-2308064,T1,uniform,0.0001,q_cut=0.5;alpha_rel=1e-05,uniform,1,51.51001397298556,,0.0,0.0,4.000000000559112e-06,0.0,True
mp-2308064,T1,uniform,1e-05,q_cut=0.5;alpha_rel=1e-05,uniform,1,51.51001397298556,,0.0,0.0,4.000000000559112e-06,0.0,True
mp-2308064,T1,hap:0.0001,0.001,q_cut=0.5;alpha_rel=1e-05,hap:0.0001,1,51.50290632492195,,0.0,0.0,4.000000000559112e-06,0.0,True
mp-2308064,T1,hap:0.0001,0.0001,q_cut=0.5;alpha_rel=1e-05,hap:0.0001,1,51.50290632492195,,0.0,0.0,4.000000000559112e-06,0.0,True
mp-2308064,T1,hap:0.0001,1e-05,q_cut=0.5;alpha_rel=1e-05,hap:0.0001,1,51.50290632492195,,0.0,0.0,4.000000000559112e-06,0.0,True
mp-2308064,T1,hap:0.01,0.001,q_cut=0.5;alpha_rel=1e-05,hap:0.01,1,51.50290632492195,,0.0,0.0,4.000000000559112e-06,0.0,True
mp-2308064,T1,hap:0.01,0.0001,q_cut=0.5;alpha_rel=1e-05,hap:0.01,1,51.50290632492195,,0.0,0.0,4.000000000559112e-06,0.0,True
mp-2308064,T1,hap:0.01,1e-05,q_cut=0.5;alpha_rel=1e-05,hap:0.01,1,51.50290632492195,,0.0,0.0,4.000000000559112e-06,0.0,True
mp-2308064,T1,hap:1,0.001,q_cut=0.5;alpha_rel=1e-05,hap:1,1,51.50290632492195,,0.0,0.0,4.000000000559112e-06,0.0,True
mp-2308064,T1,hap:1,0.0001,q_cut=0.5;alpha_rel=1e-05,hap:1,1,51.50290632492195,,0.0,0.0,4.000000000559112e-06,0.0,True
mp-2308064,T1,hap:1,1e-05,q_cut=0.5;alpha_rel=1e-05,hap:1,1,51.50290632492195,,0.0,0.0,4.000000000559112e-06,0.0,True
mp-2308064,T1,ctp-uniform,0.001,q_cut=0.5;alpha_rel=1e-05,U,1,51.58030747970288,unprojected,4.000000000559112e-06,0.0,4.000000000559112e-06,0.0,True
mp-2308064,T1,ctp-uniform,0.0001,q_cut=0.5;alpha_rel=1e-05,U,1,51.58030747970288,unprojected,4.000000000559112e-06,0.0,4.000000000559112e-06,0.0,True
mp-2308064,T1,ctp-uniform,1e-05,q_cut=0.5;alpha_rel=1e-05,U,1,51.58030747970288,unprojected,4.000000000559112e-06,0.0,4.000000000559112e-06,0.0,True
mp-2308064,T1,ctp-hap:0.0001,0.001,q_cut=0.5;alpha_rel=1e-05,U,1,51.58030747970288,unprojected,4.000000000559112e-06,0.0,4.000000000559112e-06,0.0,True
mp-2308064,T1,ctp-hap:0.0001,0.0001,q_cut=0.5;alpha_rel=1e-05,U,1,51.58030747970288,unprojected,4.000000000559112e-06,0.0,4.000000000559112e-06,0.0,True
mp-2308064,T1,ctp-hap:0.0001,1e-05,q_cut=0.5;alpha_rel=1e-05,U,1,51.58030747970288,unprojected,4.000000000559112e-06,0.0,4.000000000559112e-06,0.0,True
mp-2308064,T1,ctp-hap:0.01,0.001,q_cut=0.5;alpha_rel=1e-05,U,1,51.58030747970288,unprojected,4.000000000559112e-06,0.0,4.000000000559112e-06,0.0,True
mp-2308064,T1,ctp-hap:0.01,0.0001,q_cut=0.5;alpha_rel=1e-05,U,1,51.58030747970288,unprojected,4.000000000559112e-06,0.0,4.000000000559112e-06,0.0,True
mp-2308064,T1,ctp-hap:0.01,1e-05,q_cut=0.5;alpha_rel=1e-05,U,1,51.58030747970288,unprojected,4.000000000559112e-06,0.0,4.000000000559112e-06,0.0,True
mp-2308064,T1,ctp-hap:1,0.001,q_cut=0.5;alpha_rel=1e-05,U,1,51.58030747970288,unprojected,4.000000000559112e-06,0.0,4.000000000559112e-06,0.0,True
mp-2308064,T1,ctp-hap:1,0.0001,q_cut=0.5;alpha_rel=1e-05,U,1,51.58030747970288,unprojected,4.000000000559112e-06,0.0,4.000000000559112e-06,0.0,True
mp-2308064,T1,ctp-hap:1,1e-05,q_cut=0.5;alpha_rel=1e-05,U,1,51.58030747970288,unprojected,4.000000000559112e-06,0.0,4.000000000559112e-06,0.0,True
mp-2308064,R3,none,0.001,tau=1e-06;k=0;margin=0.995,U,1,118.03241362953594,,4.000000000559112e-06,0.0,4.000000000559112e-06,0.0,True
mp-2308064,R3,none,0.0001,tau=1e-06;k=0;margin=0.995,U,1,118.03241362953594,,4.000000000559112e-06,0.0,4.000000000559112e-06,0.0,True
mp-2308064,R3,none,1e-05,tau=1e-06;k=0;margin=0.995,U,1,118.03241362953594,,4.000000000559112e-06,0.0,4.000000000559112e-06,0.0,True
mp-2308064,R3,hap:0.0001,0.001,tau=1e-06;k=0;margin=0.995,hap:0.0001,1,117.62325691325928,,0.0,0.0,4.000000000559112e-06,0.0,True
mp-2308064,R3,hap:0.0001,0.0001,tau=1e-06;k=0;margin=0.995,hap:0.0001,1,117.62325691325928,,0.0,0.0,4.000000000559112e-06,0.0,True
mp-2308064,R3,hap:0.0001,1e-05,tau=1e-06;k=0;margin=0.995,hap:0.0001,1,117.62325691325928,,0.0,0.0,4.000000000559112e-06,0.0,True
mp-2308064,R3,hap:0.01,0.001,tau=1e-06;k=0;margin=0.995,hap:0.01,1,117.62325691325928,,0.0,0.0,4.000000000559112e-06,0.0,True
mp-2308064,R3,hap:0.01,0.0001,tau=1e-06;k=0;margin=0.995,hap:0.01,1,117.62325691325928,,0.0,0.0,4.000000000559112e-06,0.0,True
mp-2308064,R3,hap:0.01,1e-05,tau=1e-06;k=0;margin=0.995,hap:0.01,1,117.62325691325928,,0.0,0.0,4.000000000559112e-06,0.0,True
mp-2308064,R3,hap:1,0.001,tau=1e-06;k=2;margin=0.985074875,hap:1,1,117.26756470172408,,0.0,0.0,5.000000000254801e-06,0.0,True
mp-2308064,R3,hap:1,0.0001,tau=1e-06;k=2;margin=0.985074875,hap:1,1,117.26756470172408,,0.0,0.0,5.000000000254801e-06,0.0,True
mp-2308064,R3,hap:1,1e-05,tau=1e-06;k=2;margin=0.985074875,hap:1,1,117.26756470172408,,0.0,0.0,5.000000000254801e-06,0.0,True
mp-2308064,R3,ctp-uniform,0.001,tau=1e-06;k=0;margin=0.995,U,1,118.02774813233724,unprojected,4.000000000559112e-06,0.0,4.000000000559112e-06,0.0,True
mp-2308064,R3,ctp-uniform,0.0001,tau=1e-06;k=0;margin=0.995,U,1,118.02774813233724,unprojected,4.000000000559112e-06,0.0,4.000000000559112e-06,0.0,True
mp-2308064,R3,ctp-uniform,1e-05,tau=1e-06;k=0;margin=0.995,U,1,118.02774813233724,unprojected,4.000000000559112e-06,0.0,4.000000000559112e-06,0.0,True
mp-2308064,R3,ctp-hap:0.0001,0.001,tau=1e-06;k=0;margin=0.995,U,1,118.02774813233724,unprojected,4.000000000559112e-06,0.0,4.000000000559112e-06,0.0,True
mp-2308064,R3,ctp-hap:0.0001,0.0001,tau=1e-06;k=0;margin=0.995,U,1,118.02774813233724,unprojected,4.000000000559112e-06,0.0,4.000000000559112e-06,0.0,True
mp-2308064,R3,ctp-hap:0.0001,1e-05,tau=1e-06;k=0;margin=0.995,U,1,118.02774813233724,unprojected,4.000000000559112e-06,0.0,4.000000000559112e-06,0.0,True
mp-2308064,R3,ctp-hap:0.01,0.001,tau=1e-06;k=0;margin=0.995,U,1,118.02774813233724,unprojected,4.000000000559112e-06,0.0,4.000000000559112e-06,0.0,True
mp-2308064,R3,ctp-hap:0.01,0.0001,tau=1e-06;k=0;margin=0.995,U,1,118.02774813233724,unprojected,4.000000000559112e-06,0.0,4.000000000559112e-06,0.0,True
mp-2308064,R3,ctp-hap:0.01,1e-05,tau=1e-06;k=0;margin=0.995,U,1,118.02774813233724,unprojected,4.000000000559112e-06,0.0,4.000000000559112e-06,0.0,True
mp-2308064,R3,ctp-hap:1,0.001,tau=1e-06;k=0;margin=0.995,U,1,118.02774813233724,unprojected,4.000000000559112e-06,0.0,4.000000000559112e-06,0.0,True
mp-2308064,R3,ctp-hap:1,0.0001,tau=1e-06;k=0;margin=0.995,U,1,118.02774813233724,unprojected,4.000000000559112e-06,0.0,4.000000000559112e-06,0.0,True
mp-2308064,R3,ctp-hap:1,1e-05,tau=1e-06;k=0;margin=0.995,U,1,118.02774813233724,unprojected,4.000000000559112e-06,0.0,4.000000000559112e-06,0.0,True
mp-2308064,GF,none,0.001,SPERR;tol_rel=4.64159e-06,U,1,26.1320964424802,,2.9999999995311555e-06,0.0,2.9999999995311555e-06,0.0,True
mp-2308064,GF,none,0.0001,SPERR;tol_rel=4.64159e-06,U,1,26.1320964424802,,2.9999999995311555e-06,0.0,2.9999999995311555e-06,0.0,True
mp-2308064,GF,none,1e-05,SPERR;tol_rel=4.64159e-06,U,1,26.1320964424802,,2.9999999995311555e-06,0.0,2.9999999995311555e-06,0.0,True
mp-2308064,GF,uniform,0.001,SPERR;tol_rel=4.64159e-06,uniform,1,26.113813459268005,,0.0,0.0,2.9999999995311555e-06,0.0,True
mp-2308064,GF,uniform,0.0001,SPERR;tol_rel=4.64159e-06,uniform,1,26.113813459268005,,0.0,0.0,2.9999999995311555e-06,0.0,True
mp-2308064,GF,uniform,1e-05,SPERR;tol_rel=4.64159e-06,uniform,1,26.113813459268005,,0.0,0.0,2.9999999995311555e-06,0.0,True
mp-2308064,GF,hap:0.0001,0.001,SPERR;tol_rel=4.64159e-06,hap:0.0001,1,26.111986567908144,,0.0,0.0,2.9999999995311555e-06,0.0,True
mp-2308064,GF,hap:0.0001,0.0001,SPERR;tol_rel=4.64159e-06,hap:0.0001,1,26.111986567908144,,0.0,0.0,2.9999999995311555e-06,0.0,True
mp-2308064,GF,hap:0.0001,1e-05,SPERR;tol_rel=4.64159e-06,hap:0.0001,1,26.111986567908144,,0.0,0.0,2.9999999995311555e-06,0.0,True
mp-2308064,GF,hap:0.01,0.001,SPERR;tol_rel=4.64159e-06,hap:0.01,1,26.111986567908144,,0.0,0.0,2.9999999995311555e-06,0.0,True
mp-2308064,GF,hap:0.01,0.0001,SPERR;tol_rel=4.64159e-06,hap:0.01,1,26.111986567908144,,0.0,0.0,2.9999999995311555e-06,0.0,True
mp-2308064,GF,hap:0.01,1e-05,SPERR;tol_rel=4.64159e-06,hap:0.01,1,26.111986567908144,,0.0,0.0,2.9999999995311555e-06,0.0,True
mp-2308064,GF,hap:1,0.001,SPERR;tol_rel=4.64159e-06,hap:1,1,26.111986567908144,,0.0,0.0,2.9999999995311555e-06,0.0,True
mp-2308064,GF,hap:1,0.0001,SPERR;tol_rel=4.64159e-06,hap:1,1,26.111986567908144,,0.0,0.0,2.9999999995311555e-06,0.0,True
mp-2308064,GF,hap:1,1e-05,SPERR;tol_rel=4.64159e-06,hap:1,1,26.111986567908144,,0.0,0.0,2.9999999995311555e-06,0.0,True
mp-2308064,GF,ctp-uniform,0.001,SPERR;tol_rel=4.64159e-06,U,1,26.13186774718639,unprojected,2.9999999995311555e-06,0.0,2.9999999995311555e-06,0.0,True
mp-2308064,GF,ctp-uniform,0.0001,SPERR;tol_rel=4.64159e-06,U,1,26.13186774718639,unprojected,2.9999999995311555e-06,0.0,2.9999999995311555e-06,0.0,True
mp-2308064,GF,ctp-uniform,1e-05,SPERR;tol_rel=4.64159e-06,U,1,26.13186774718639,unprojected,2.9999999995311555e-06,0.0,2.9999999995311555e-06,0.0,True
mp-2308064,GF,ctp-hap:0.0001,0.001,SPERR;tol_rel=4.64159e-06,U,1,26.13186774718639,unprojected,2.9999999995311555e-06,0.0,2.9999999995311555e-06,0.0,True
mp-2308064,GF,ctp-hap:0.0001,0.0001,SPERR;tol_rel=4.64159e-06,U,1,26.13186774718639,unprojected,2.9999999995311555e-06,0.0,2.9999999995311555e-06,0.0,True
mp-2308064,GF,ctp-hap:0.0001,1e-05,SPERR;tol_rel=4.64159e-06,U,1,26.13186774718639,unprojected,2.9999999995311555e-06,0.0,2.9999999995311555e-06,0.0,True
mp-2308064,GF,ctp-hap:0.01,0.001,SPERR;tol_rel=4.64159e-06,U,1,26.13186774718639,unprojected,2.9999999995311555e-06,0.0,2.9999999995311555e-06,0.0,True
mp-2308064,GF,ctp-hap:0.01,0.0001,SPERR;tol_rel=4.64159e-06,U,1,26.13186774718639,unprojected,2.9999999995311555e-06,0.0,2.9999999995311555e-06,0.0,True
mp-2308064,GF,ctp-hap:0.01,1e-05,SPERR;tol_rel=4.64159e-06,U,1,26.13186774718639,unprojected,2.9999999995311555e-06,0.0,2.9999999995311555e-06,0.0,True
mp-2308064,GF,ctp-hap:1,0.001,SPERR;tol_rel=4.64159e-06,U,1,26.13186774718639,unprojected,2.9999999995311555e-06,0.0,2.9999999995311555e-06,0.0,True
mp-2308064,GF,ctp-hap:1,0.0001,SPERR;tol_rel=4.64159e-06,U,1,26.13186774718639,unprojected,2.9999999995311555e-06,0.0,2.9999999995311555e-06,0.0,True
mp-2308064,GF,ctp-hap:1,1e-05,SPERR;tol_rel=4.64159e-06,U,1,26.13186774718639,unprojected,2.9999999995311555e-06,0.0,2.9999999995311555e-06,0.0,True
mp-1077928,J,none,0.001,alpha_rel=0.00215443,U,1,169.6807101592222,,5.999999999950489e-06,0.0,5.999999999950489e-06,0.0,True
mp-1077928,J,none,0.0001,alpha_rel=0.00215443,U,1,169.6807101592222,,5.999999999950489e-06,0.0,5.999999999950489e-06,0.0,True
mp-1077928,J,none,1e-05,alpha_rel=0.00215443,U,1,169.6807101592222,,5.999999999950489e-06,0.0,5.999999999950489e-06,0.0,True
mp-1077928,J,uniform,0.001,alpha_rel=0.001,uniform,1,132.82859033752482,,0.0,0.0,3.999999999670933e-06,0.0,True
mp-1077928,J,uniform,0.0001,alpha_rel=0.001,uniform,1,132.82859033752482,,0.0,0.0,3.999999999670933e-06,0.0,True
mp-1077928,J,uniform,1e-05,alpha_rel=0.001,uniform,1,132.82859033752482,,0.0,0.0,3.999999999670933e-06,0.0,True
mp-1077928,J,hap:0.0001,0.001,alpha_rel=0.00215443,hap:0.0001,1,168.9822723233079,,0.0,0.0,5.999999999950489e-06,0.0,True
mp-1077928,J,hap:0.0001,0.0001,alpha_rel=0.00215443,hap:0.0001,1,168.9822723233079,,0.0,0.0,5.999999999950489e-06,0.0,True
mp-1077928,J,hap:0.0001,1e-05,alpha_rel=0.00215443,hap:0.0001,1,168.9822723233079,,0.0,0.0,5.999999999950489e-06,0.0,True
mp-1077928,J,hap:0.01,0.001,alpha_rel=0.00215443,hap:0.01,1,168.9822723233079,,0.0,0.0,5.999999999950489e-06,0.0,True
mp-1077928,J,hap:0.01,0.0001,alpha_rel=0.00215443,hap:0.01,1,168.9822723233079,,0.0,0.0,5.999999999950489e-06,0.0,True
mp-1077928,J,hap:0.01,1e-05,alpha_rel=0.00215443,hap:0.01,1,168.9822723233079,,0.0,0.0,5.999999999950489e-06,0.0,True
mp-1077928,J,hap:1,0.001,alpha_rel=0.00215443,hap:1,1,168.9822723233079,,0.0,0.0,5.999999999950489e-06,0.0,True
mp-1077928,J,hap:1,0.0001,alpha_rel=0.00215443,hap:1,1,168.9822723233079,,0.0,0.0,5.999999999950489e-06,0.0,True
mp-1077928,J,hap:1,1e-05,alpha_rel=0.00215443,hap:1,1,168.9822723233079,,0.0,0.0,5.999999999950489e-06,0.0,True
mp-1077928,J,ctp-uniform,0.001,alpha_rel=0.00215443,U,1,169.67274093556264,unprojected,5.999999999950489e-06,0.0,5.999999999950489e-06,0.0,True
mp-1077928,J,ctp-uniform,0.0001,alpha_rel=0.00215443,U,1,169.67274093556264,unprojected,5.999999999950489e-06,0.0,5.999999999950489e-06,0.0,True
mp-1077928,J,ctp-uniform,1e-05,alpha_rel=0.00215443,U,1,169.67274093556264,unprojected,5.999999999950489e-06,0.0,5.999999999950489e-06,0.0,True
mp-1077928,J,ctp-hap:0.0001,0.001,alpha_rel=0.00215443,U,1,169.67274093556264,unprojected,5.999999999950489e-06,0.0,5.999999999950489e-06,0.0,True
mp-1077928,J,ctp-hap:0.0001,0.0001,alpha_rel=0.00215443,U,1,169.67274093556264,unprojected,5.999999999950489e-06,0.0,5.999999999950489e-06,0.0,True
mp-1077928,J,ctp-hap:0.0001,1e-05,alpha_rel=0.00215443,U,1,169.67274093556264,unprojected,5.999999999950489e-06,0.0,5.999999999950489e-06,0.0,True
mp-1077928,J,ctp-hap:0.01,0.001,alpha_rel=0.00215443,U,1,169.67274093556264,unprojected,5.999999999950489e-06,0.0,5.999999999950489e-06,0.0,True
mp-1077928,J,ctp-hap:0.01,0.0001,alpha_rel=0.00215443,U,1,169.67274093556264,unprojected,5.999999999950489e-06,0.0,5.999999999950489e-06,0.0,True
mp-1077928,J,ctp-hap:0.01,1e-05,alpha_rel=0.00215443,U,1,169.67274093556264,unprojected,5.999999999950489e-06,0.0,5.999999999950489e-06,0.0,True
mp-1077928,J,ctp-hap:1,0.001,alpha_rel=0.00215443,U,1,169.67274093556264,unprojected,5.999999999950489e-06,0.0,5.999999999950489e-06,0.0,True
mp-1077928,J,ctp-hap:1,0.0001,alpha_rel=0.00215443,U,1,169.67274093556264,unprojected,5.999999999950489e-06,0.0,5.999999999950489e-06,0.0,True
mp-1077928,J,ctp-hap:1,1e-05,alpha_rel=0.00215443,U,1,169.67274093556264,unprojected,5.999999999950489e-06,0.0,5.999999999950489e-06,0.0,True
mp-1077928,T1,none,0.001,q_cut=0.3;alpha_rel=2.15443e-05,U,1,122.69637277543812,,5.999999999950489e-06,0.0,5.999999999950489e-06,0.0,True
mp-1077928,T1,none,0.0001,q_cut=0.3;alpha_rel=2.15443e-05,U,1,122.69637277543812,,5.999999999950489e-06,0.0,5.999999999950489e-06,0.0,True
mp-1077928,T1,none,1e-05,q_cut=0.3;alpha_rel=2.15443e-05,U,1,122.69637277543812,,5.999999999950489e-06,0.0,5.999999999950489e-06,0.0,True
mp-1077928,T1,uniform,0.001,q_cut=0.3;alpha_rel=2.15443e-05,uniform,1,122.36390732963014,,0.0,0.0,5.999999999950489e-06,0.0,True
mp-1077928,T1,uniform,0.0001,q_cut=0.3;alpha_rel=2.15443e-05,uniform,1,122.36390732963014,,0.0,0.0,5.999999999950489e-06,0.0,True
mp-1077928,T1,uniform,1e-05,q_cut=0.3;alpha_rel=2.15443e-05,uniform,1,122.36390732963014,,0.0,0.0,5.999999999950489e-06,0.0,True
mp-1077928,T1,hap:0.0001,0.001,q_cut=0.3;alpha_rel=2.15443e-05,hap:0.0001,1,122.330759853718,,0.0,0.0,5.999999999950489e-06,0.0,True
mp-1077928,T1,hap:0.0001,0.0001,q_cut=0.3;alpha_rel=2.15443e-05,hap:0.0001,1,122.330759853718,,0.0,0.0,5.999999999950489e-06,0.0,True
mp-1077928,T1,hap:0.0001,1e-05,q_cut=0.3;alpha_rel=2.15443e-05,hap:0.0001,1,122.330759853718,,0.0,0.0,5.999999999950489e-06,0.0,True
mp-1077928,T1,hap:0.01,0.001,q_cut=0.3;alpha_rel=2.15443e-05,hap:0.01,1,122.330759853718,,0.0,0.0,5.999999999950489e-06,0.0,True
mp-1077928,T1,hap:0.01,0.0001,q_cut=0.3;alpha_rel=2.15443e-05,hap:0.01,1,122.330759853718,,0.0,0.0,5.999999999950489e-06,0.0,True
mp-1077928,T1,hap:0.01,1e-05,q_cut=0.3;alpha_rel=2.15443e-05,hap:0.01,1,122.330759853718,,0.0,0.0,5.999999999950489e-06,0.0,True
mp-1077928,T1,hap:1,0.001,q_cut=0.3;alpha_rel=2.15443e-05,hap:1,1,122.330759853718,,0.0,0.0,5.999999999950489e-06,0.0,True
mp-1077928,T1,hap:1,0.0001,q_cut=0.3;alpha_rel=2.15443e-05,hap:1,1,122.330759853718,,0.0,0.0,5.999999999950489e-06,0.0,True
mp-1077928,T1,hap:1,1e-05,q_cut=0.3;alpha_rel=2.15443e-05,hap:1,1,122.330759853718,,0.0,0.0,5.999999999950489e-06,0.0,True
mp-1077928,T1,ctp-uniform,0.001,q_cut=0.3;alpha_rel=2.15443e-05,U,1,122.6922058074376,unprojected,5.999999999950489e-06,0.0,5.999999999950489e-06,0.0,True
mp-1077928,T1,ctp-uniform,0.0001,q_cut=0.3;alpha_rel=2.15443e-05,U,1,122.6922058074376,unprojected,5.999999999950489e-06,0.0,5.999999999950489e-06,0.0,True
mp-1077928,T1,ctp-uniform,1e-05,q_cut=0.3;alpha_rel=2.15443e-05,U,1,122.6922058074376,unprojected,5.999999999950489e-06,0.0,5.999999999950489e-06,0.0,True
mp-1077928,T1,ctp-hap:0.0001,0.001,q_cut=0.3;alpha_rel=2.15443e-05,U,1,122.6922058074376,unprojected,5.999999999950489e-06,0.0,5.999999999950489e-06,0.0,True
mp-1077928,T1,ctp-hap:0.0001,0.0001,q_cut=0.3;alpha_rel=2.15443e-05,U,1,122.6922058074376,unprojected,5.999999999950489e-06,0.0,5.999999999950489e-06,0.0,True
mp-1077928,T1,ctp-hap:0.0001,1e-05,q_cut=0.3;alpha_rel=2.15443e-05,U,1,122.6922058074376,unprojected,5.999999999950489e-06,0.0,5.999999999950489e-06,0.0,True
mp-1077928,T1,ctp-hap:0.01,0.001,q_cut=0.3;alpha_rel=2.15443e-05,U,1,122.6922058074376,unprojected,5.999999999950489e-06,0.0,5.999999999950489e-06,0.0,True
mp-1077928,T1,ctp-hap:0.01,0.0001,q_cut=0.3;alpha_rel=2.15443e-05,U,1,122.6922058074376,unprojected,5.999999999950489e-06,0.0,5.999999999950489e-06,0.0,True
mp-1077928,T1,ctp-hap:0.01,1e-05,q_cut=0.3;alpha_rel=2.15443e-05,U,1,122.6922058074376,unprojected,5.999999999950489e-06,0.0,5.999999999950489e-06,0.0,True
mp-1077928,T1,ctp-hap:1,0.001,q_cut=0.3;alpha_rel=2.15443e-05,U,1,122.6922058074376,unprojected,5.999999999950489e-06,0.0,5.999999999950489e-06,0.0,True
mp-1077928,T1,ctp-hap:1,0.0001,q_cut=0.3;alpha_rel=2.15443e-05,U,1,122.6922058074376,unprojected,5.999999999950489e-06,0.0,5.999999999950489e-06,0.0,True
mp-1077928,T1,ctp-hap:1,1e-05,q_cut=0.3;alpha_rel=2.15443e-05,U,1,122.6922058074376,unprojected,5.999999999950489e-06,0.0,5.999999999950489e-06,0.0,True
mp-1077928,R3,none,0.001,tau=1e-06;k=1;margin=0.990025,U,1,230.81216457960645,,1.4999999999432134e-05,0.0,1.4999999999432134e-05,0.0,True
mp-1077928,R3,none,0.0001,tau=1e-06;k=1;margin=0.990025,U,1,230.81216457960645,,1.4999999999432134e-05,0.0,1.4999999999432134e-05,0.0,True
mp-1077928,R3,none,1e-05,tau=1e-06;k=1;margin=0.990025,U,1,230.81216457960645,,1.4999999999432134e-05,0.0,1.4999999999432134e-05,0.0,False
mp-1077928,R3,none,1e-05,tau=1e-06;k=0;margin=0.995,U,2,230.26783096436995,,8.000000000230045e-06,0.0,8.000000000230045e-06,0.0,True
mp-1077928,R3,hap:0.0001,0.001,tau=1e-06;k=1;margin=0.990025,hap:0.0001,1,229.52172808132147,,0.0,0.0,1.4999999999432134e-05,0.0,True
mp-1077928,R3,hap:0.0001,0.0001,tau=1e-06;k=1;margin=0.990025,hap:0.0001,1,229.52172808132147,,0.0,0.0,1.4999999999432134e-05,0.0,True
mp-1077928,R3,hap:0.0001,1e-05,tau=1e-06;k=1;margin=0.990025,hap:0.0001,1,229.52172808132147,,0.0,0.0,1.4999999999432134e-05,0.0,True
mp-1077928,R3,hap:0.01,0.001,tau=1e-06;k=1;margin=0.990025,hap:0.01,1,229.52172808132147,,0.0,0.0,1.4999999999432134e-05,0.0,True
mp-1077928,R3,hap:0.01,0.0001,tau=1e-06;k=1;margin=0.990025,hap:0.01,1,229.52172808132147,,0.0,0.0,1.4999999999432134e-05,0.0,True
mp-1077928,R3,hap:0.01,1e-05,tau=1e-06;k=1;margin=0.990025,hap:0.01,1,229.52172808132147,,0.0,0.0,1.4999999999432134e-05,0.0,True
mp-1077928,R3,ctp-uniform,0.001,tau=1e-06;k=1;margin=0.990025,U,1,230.79741902510705,unprojected,1.4999999999432134e-05,0.0,1.4999999999432134e-05,0.0,True
mp-1077928,R3,ctp-uniform,0.0001,tau=1e-06;k=1;margin=0.990025,U,1,230.79741902510705,unprojected,1.4999999999432134e-05,0.0,1.4999999999432134e-05,0.0,True
mp-1077928,R3,ctp-uniform,1e-05,tau=1e-06;k=1;margin=0.990025,U,1,230.79741902510705,projected,1.4999999999432134e-05,0.0,1.4999999999432134e-05,0.0,False
mp-1077928,R3,ctp-uniform,1e-05,tau=1e-06;k=0;margin=0.995,U,2,230.25315487571703,unprojected,8.000000000230045e-06,0.0,8.000000000230045e-06,0.0,True
mp-1077928,R3,ctp-hap:0.0001,0.001,tau=1e-06;k=1;margin=0.990025,U,1,230.79741902510705,unprojected,1.4999999999432134e-05,0.0,1.4999999999432134e-05,0.0,True
mp-1077928,R3,ctp-hap:0.0001,0.0001,tau=1e-06;k=1;margin=0.990025,U,1,230.79741902510705,unprojected,1.4999999999432134e-05,0.0,1.4999999999432134e-05,0.0,True
mp-1077928,R3,ctp-hap:0.0001,1e-05,tau=1e-06;k=1;margin=0.990025,U,1,230.79741902510705,projected,1.4999999999432134e-05,0.0,1.4999999999432134e-05,0.0,False
mp-1077928,R3,ctp-hap:0.0001,1e-05,tau=1e-06;k=0;margin=0.995,U,2,230.25315487571703,unprojected,8.000000000230045e-06,0.0,8.000000000230045e-06,0.0,True
mp-1077928,R3,ctp-hap:0.01,0.001,tau=1e-06;k=1;margin=0.990025,U,1,230.79741902510705,unprojected,1.4999999999432134e-05,0.0,1.4999999999432134e-05,0.0,True
mp-1077928,R3,ctp-hap:0.01,0.0001,tau=1e-06;k=1;margin=0.990025,U,1,230.79741902510705,unprojected,1.4999999999432134e-05,0.0,1.4999999999432134e-05,0.0,True
mp-1077928,R3,ctp-hap:0.01,1e-05,tau=1e-06;k=1;margin=0.990025,U,1,230.79741902510705,projected,1.4999999999432134e-05,0.0,1.4999999999432134e-05,0.0,False
mp-1077928,R3,ctp-hap:0.01,1e-05,tau=1e-06;k=0;margin=0.995,U,2,230.25315487571703,unprojected,8.000000000230045e-06,0.0,8.000000000230045e-06,0.0,True
mp-1077928,R3,ctp-hap:1,0.001,tau=1e-06;k=1;margin=0.990025,U,1,230.79741902510705,unprojected,1.4999999999432134e-05,0.0,1.4999999999432134e-05,0.0,True
mp-1077928,R3,ctp-hap:1,0.0001,tau=1e-06;k=1;margin=0.990025,U,1,230.79741902510705,unprojected,1.4999999999432134e-05,0.0,1.4999999999432134e-05,0.0,True
mp-1077928,R3,ctp-hap:1,1e-05,tau=1e-06;k=1;margin=0.990025,U,1,230.79741902510705,projected,1.4999999999432134e-05,0.0,1.4999999999432134e-05,0.0,False
mp-1077928,R3,ctp-hap:1,1e-05,tau=1e-06;k=0;margin=0.995,U,2,230.25315487571703,unprojected,8.000000000230045e-06,0.0,8.000000000230045e-06,0.0,True
mp-1077928,GF,none,0.001,ZFP;tol_rel=4.64159e-05,U,1,10.834548944337811,,1.000000000139778e-06,0.0,1.000000000139778e-06,0.0,True
mp-1077928,GF,none,0.0001,ZFP;tol_rel=4.64159e-05,U,1,10.834548944337811,,1.000000000139778e-06,0.0,1.000000000139778e-06,0.0,True
mp-1077928,GF,none,1e-05,ZFP;tol_rel=4.64159e-05,U,1,10.834548944337811,,1.000000000139778e-06,0.0,1.000000000139778e-06,0.0,True
mp-1077928,GF,uniform,0.001,ZFP;tol_rel=4.64159e-05,uniform,1,10.831950107939551,,0.0,0.0,1.000000000139778e-06,0.0,True
mp-1077928,GF,uniform,0.0001,ZFP;tol_rel=4.64159e-05,uniform,1,10.831950107939551,,0.0,0.0,1.000000000139778e-06,0.0,True
mp-1077928,GF,uniform,1e-05,ZFP;tol_rel=4.64159e-05,uniform,1,10.831950107939551,,0.0,0.0,1.000000000139778e-06,0.0,True
mp-1077928,GF,hap:0.0001,0.001,ZFP;tol_rel=4.64159e-05,hap:0.0001,1,10.831690292868965,,0.0,0.0,1.000000000139778e-06,0.0,True
mp-1077928,GF,hap:0.0001,0.0001,ZFP;tol_rel=4.64159e-05,hap:0.0001,1,10.831690292868965,,0.0,0.0,1.000000000139778e-06,0.0,True
mp-1077928,GF,hap:0.0001,1e-05,ZFP;tol_rel=4.64159e-05,hap:0.0001,1,10.831690292868965,,0.0,0.0,1.000000000139778e-06,0.0,True
mp-1077928,GF,hap:0.01,0.001,ZFP;tol_rel=4.64159e-05,hap:0.01,1,10.831690292868965,,0.0,0.0,1.000000000139778e-06,0.0,True
mp-1077928,GF,hap:0.01,0.0001,ZFP;tol_rel=4.64159e-05,hap:0.01,1,10.831690292868965,,0.0,0.0,1.000000000139778e-06,0.0,True
mp-1077928,GF,hap:0.01,1e-05,ZFP;tol_rel=4.64159e-05,hap:0.01,1,10.831690292868965,,0.0,0.0,1.000000000139778e-06,0.0,True
mp-1077928,GF,hap:1,0.001,ZFP;tol_rel=4.64159e-05,hap:1,1,10.831690292868965,,0.0,0.0,1.000000000139778e-06,0.0,True
mp-1077928,GF,hap:1,0.0001,ZFP;tol_rel=4.64159e-05,hap:1,1,10.831690292868965,,0.0,0.0,1.000000000139778e-06,0.0,True
mp-1077928,GF,hap:1,1e-05,ZFP;tol_rel=4.64159e-05,hap:1,1,10.831690292868965,,0.0,0.0,1.000000000139778e-06,0.0,True
mp-1077928,GF,ctp-uniform,0.001,ZFP;tol_rel=4.64159e-05,U,1,10.834516451186268,unprojected,1.000000000139778e-06,0.0,1.000000000139778e-06,0.0,True
mp-1077928,GF,ctp-uniform,0.0001,ZFP;tol_rel=4.64159e-05,U,1,10.834516451186268,unprojected,1.000000000139778e-06,0.0,1.000000000139778e-06,0.0,True
mp-1077928,GF,ctp-uniform,1e-05,ZFP;tol_rel=4.64159e-05,U,1,10.834516451186268,unprojected,1.000000000139778e-06,0.0,1.000000000139778e-06,0.0,True
mp-1077928,GF,ctp-hap:0.0001,0.001,ZFP;tol_rel=4.64159e-05,U,1,10.834516451186268,unprojected,1.000000000139778e-06,0.0,1.000000000139778e-06,0.0,True
mp-1077928,GF,ctp-hap:0.0001,0.0001,ZFP;tol_rel=4.64159e-05,U,1,10.834516451186268,unprojected,1.000000000139778e-06,0.0,1.000000000139778e-06,0.0,True
mp-1077928,GF,ctp-hap:0.0001,1e-05,ZFP;tol_rel=4.64159e-05,U,1,10.834516451186268,unprojected,1.000000000139778e-06,0.0,1.000000000139778e-06,0.0,True
mp-1077928,GF,ctp-hap:0.01,0.001,ZFP;tol_rel=4.64159e-05,U,1,10.834516451186268,unprojected,1.000000000139778e-06,0.0,1.000000000139778e-06,0.0,True
mp-1077928,GF,ctp-hap:0.01,0.0001,ZFP;tol_rel=4.64159e-05,U,1,10.834516451186268,unprojected,1.000000000139778e-06,0.0,1.000000000139778e-06,0.0,True
mp-1077928,GF,ctp-hap:0.01,1e-05,ZFP;tol_rel=4.64159e-05,U,1,10.834516451186268,unprojected,1.000000000139778e-06,0.0,1.000000000139778e-06,0.0,True
mp-1077928,GF,ctp-hap:1,0.001,ZFP;tol_rel=4.64159e-05,U,1,10.834516451186268,unprojected,1.000000000139778e-06,0.0,1.000000000139778e-06,0.0,True
mp-1077928,GF,ctp-hap:1,0.0001,ZFP;tol_rel=4.64159e-05,U,1,10.834516451186268,unprojected,1.000000000139778e-06,0.0,1.000000000139778e-06,0.0,True
mp-1077928,GF,ctp-hap:1,1e-05,ZFP;tol_rel=4.64159e-05,U,1,10.834516451186268,unprojected,1.000000000139778e-06,0.0,1.000000000139778e-06,0.0,True
mp-2214629,J,none,0.001,alpha_rel=0.000464159,U,1,113.19549641760491,,6.999999998313911e-06,0.0,6.999999998313911e-06,0.0,True
mp-2214629,J,none,0.0001,alpha_rel=0.000464159,U,1,113.19549641760491,,6.999999998313911e-06,0.0,6.999999998313911e-06,0.0,True
mp-2214629,J,none,1e-05,alpha_rel=0.000464159,U,1,113.19549641760491,,6.999999998313911e-06,0.0,6.999999998313911e-06,0.0,True
mp-2214629,J,uniform,0.001,alpha_rel=0.000464159,uniform,1,112.89966923925029,,0.0,0.0,6.999999998313911e-06,0.0,True
mp-2214629,J,uniform,0.0001,alpha_rel=0.000464159,uniform,1,112.89966923925029,,0.0,0.0,6.999999998313911e-06,0.0,True
mp-2214629,J,uniform,1e-05,alpha_rel=0.000464159,uniform,1,112.89966923925029,,0.0,0.0,6.999999998313911e-06,0.0,True
mp-2214629,J,hap:0.0001,0.001,alpha_rel=0.000464159,hap:0.0001,1,112.8812313722288,,0.0,0.0,6.999999998313911e-06,0.0,True
mp-2214629,J,hap:0.0001,0.0001,alpha_rel=0.000464159,hap:0.0001,1,112.8812313722288,,0.0,0.0,6.999999998313911e-06,0.0,True
mp-2214629,J,hap:0.0001,1e-05,alpha_rel=0.000464159,hap:0.0001,1,112.8812313722288,,0.0,0.0,6.999999998313911e-06,0.0,True
mp-2214629,J,hap:0.01,0.001,alpha_rel=0.000464159,hap:0.01,1,112.8812313722288,,0.0,0.0,6.999999998313911e-06,0.0,True
mp-2214629,J,hap:0.01,0.0001,alpha_rel=0.000464159,hap:0.01,1,112.8812313722288,,0.0,0.0,6.999999998313911e-06,0.0,True
mp-2214629,J,hap:0.01,1e-05,alpha_rel=0.000464159,hap:0.01,1,112.8812313722288,,0.0,0.0,6.999999998313911e-06,0.0,True
mp-2214629,J,hap:1,0.001,alpha_rel=0.000464159,hap:1,1,112.8812313722288,,0.0,0.0,6.999999998313911e-06,0.0,True
mp-2214629,J,hap:1,0.0001,alpha_rel=0.000464159,hap:1,1,112.8812313722288,,0.0,0.0,6.999999998313911e-06,0.0,True
mp-2214629,J,hap:1,1e-05,alpha_rel=0.000464159,hap:1,1,112.8812313722288,,0.0,0.0,6.999999998313911e-06,0.0,True
mp-2214629,J,ctp-uniform,0.001,alpha_rel=0.000464159,U,1,113.19317925938056,unprojected,6.999999998313911e-06,0.0,6.999999998313911e-06,0.0,True
mp-2214629,J,ctp-uniform,0.0001,alpha_rel=0.000464159,U,1,113.19317925938056,unprojected,6.999999998313911e-06,0.0,6.999999998313911e-06,0.0,True
mp-2214629,J,ctp-uniform,1e-05,alpha_rel=0.000464159,U,1,113.19317925938056,unprojected,6.999999998313911e-06,0.0,6.999999998313911e-06,0.0,True
mp-2214629,J,ctp-hap:0.0001,0.001,alpha_rel=0.000464159,U,1,113.19317925938056,unprojected,6.999999998313911e-06,0.0,6.999999998313911e-06,0.0,True
mp-2214629,J,ctp-hap:0.0001,0.0001,alpha_rel=0.000464159,U,1,113.19317925938056,unprojected,6.999999998313911e-06,0.0,6.999999998313911e-06,0.0,True
mp-2214629,J,ctp-hap:0.0001,1e-05,alpha_rel=0.000464159,U,1,113.19317925938056,unprojected,6.999999998313911e-06,0.0,6.999999998313911e-06,0.0,True
mp-2214629,J,ctp-hap:0.01,0.001,alpha_rel=0.000464159,U,1,113.19317925938056,unprojected,6.999999998313911e-06,0.0,6.999999998313911e-06,0.0,True
mp-2214629,J,ctp-hap:0.01,0.0001,alpha_rel=0.000464159,U,1,113.19317925938056,unprojected,6.999999998313911e-06,0.0,6.999999998313911e-06,0.0,True
mp-2214629,J,ctp-hap:0.01,1e-05,alpha_rel=0.000464159,U,1,113.19317925938056,unprojected,6.999999998313911e-06,0.0,6.999999998313911e-06,0.0,True
mp-2214629,J,ctp-hap:1,0.001,alpha_rel=0.000464159,U,1,113.19317925938056,unprojected,6.999999998313911e-06,0.0,6.999999998313911e-06,0.0,True
mp-2214629,J,ctp-hap:1,0.0001,alpha_rel=0.000464159,U,1,113.19317925938056,unprojected,6.999999998313911e-06,0.0,6.999999998313911e-06,0.0,True
mp-2214629,J,ctp-hap:1,1e-05,alpha_rel=0.000464159,U,1,113.19317925938056,unprojected,6.999999998313911e-06,0.0,6.999999998313911e-06,0.0,True
mp-2214629,T1,none,0.001,q_cut=0.3;alpha_rel=4.64159e-06,U,1,98.0773323873714,,9.000000000369823e-06,0.0,9.000000000369823e-06,0.0,True
mp-2214629,T1,none,0.0001,q_cut=0.3;alpha_rel=4.64159e-06,U,1,98.0773323873714,,9.000000000369823e-06,0.0,9.000000000369823e-06,0.0,True
mp-2214629,T1,none,1e-05,q_cut=0.3;alpha_rel=4.64159e-06,U,1,98.0773323873714,,9.000000000369823e-06,0.0,9.000000000369823e-06,0.0,True
mp-2214629,T1,uniform,0.001,q_cut=0.3;alpha_rel=2.15443e-06,uniform,1,75.13758101993396,,0.0,0.0,5.999999999062311e-06,0.0,True
mp-2214629,T1,uniform,0.0001,q_cut=0.3;alpha_rel=2.15443e-06,uniform,1,75.13758101993396,,0.0,0.0,5.999999999062311e-06,0.0,True
mp-2214629,T1,uniform,1e-05,q_cut=0.3;alpha_rel=2.15443e-06,uniform,1,75.13758101993396,,0.0,0.0,5.999999999062311e-06,0.0,True
mp-2214629,T1,hap:0.0001,0.001,q_cut=0.3;alpha_rel=4.64159e-06,hap:0.0001,1,97.84131927241845,,0.0,0.0,9.000000000369823e-06,0.0,True
mp-2214629,T1,hap:0.0001,0.0001,q_cut=0.3;alpha_rel=4.64159e-06,hap:0.0001,1,97.84131927241845,,0.0,0.0,9.000000000369823e-06,0.0,True
mp-2214629,T1,hap:0.0001,1e-05,q_cut=0.3;alpha_rel=4.64159e-06,hap:0.0001,1,97.84131927241845,,0.0,0.0,9.000000000369823e-06,0.0,True
mp-2214629,T1,hap:0.01,0.001,q_cut=0.3;alpha_rel=4.64159e-06,hap:0.01,1,97.84131927241845,,0.0,0.0,9.000000000369823e-06,0.0,True
mp-2214629,T1,hap:0.01,0.0001,q_cut=0.3;alpha_rel=4.64159e-06,hap:0.01,1,97.84131927241845,,0.0,0.0,9.000000000369823e-06,0.0,True
mp-2214629,T1,hap:0.01,1e-05,q_cut=0.3;alpha_rel=4.64159e-06,hap:0.01,1,97.84131927241845,,0.0,0.0,9.000000000369823e-06,0.0,True
mp-2214629,T1,hap:1,0.001,q_cut=0.3;alpha_rel=4.64159e-06,hap:1,1,97.84131927241845,,0.0,0.0,9.000000000369823e-06,0.0,True
mp-2214629,T1,hap:1,0.0001,q_cut=0.3;alpha_rel=4.64159e-06,hap:1,1,97.84131927241845,,0.0,0.0,9.000000000369823e-06,0.0,True
mp-2214629,T1,hap:1,1e-05,q_cut=0.3;alpha_rel=4.64159e-06,hap:1,1,97.84131927241845,,0.0,0.0,9.000000000369823e-06,0.0,True
mp-2214629,T1,ctp-uniform,0.001,q_cut=0.3;alpha_rel=4.64159e-06,U,1,98.0755928415601,unprojected,9.000000000369823e-06,0.0,9.000000000369823e-06,0.0,True
mp-2214629,T1,ctp-uniform,0.0001,q_cut=0.3;alpha_rel=4.64159e-06,U,1,98.0755928415601,unprojected,9.000000000369823e-06,0.0,9.000000000369823e-06,0.0,True
mp-2214629,T1,ctp-uniform,1e-05,q_cut=0.3;alpha_rel=4.64159e-06,U,1,98.0755928415601,unprojected,9.000000000369823e-06,0.0,9.000000000369823e-06,0.0,True
mp-2214629,T1,ctp-hap:0.0001,0.001,q_cut=0.3;alpha_rel=4.64159e-06,U,1,98.0755928415601,unprojected,9.000000000369823e-06,0.0,9.000000000369823e-06,0.0,True
mp-2214629,T1,ctp-hap:0.0001,0.0001,q_cut=0.3;alpha_rel=4.64159e-06,U,1,98.0755928415601,unprojected,9.000000000369823e-06,0.0,9.000000000369823e-06,0.0,True
mp-2214629,T1,ctp-hap:0.0001,1e-05,q_cut=0.3;alpha_rel=4.64159e-06,U,1,98.0755928415601,unprojected,9.000000000369823e-06,0.0,9.000000000369823e-06,0.0,True
mp-2214629,T1,ctp-hap:0.01,0.001,q_cut=0.3;alpha_rel=4.64159e-06,U,1,98.0755928415601,unprojected,9.000000000369823e-06,0.0,9.000000000369823e-06,0.0,True
mp-2214629,T1,ctp-hap:0.01,0.0001,q_cut=0.3;alpha_rel=4.64159e-06,U,1,98.0755928415601,unprojected,9.000000000369823e-06,0.0,9.000000000369823e-06,0.0,True
mp-2214629,T1,ctp-hap:0.01,1e-05,q_cut=0.3;alpha_rel=4.64159e-06,U,1,98.0755928415601,unprojected,9.000000000369823e-06,0.0,9.000000000369823e-06,0.0,True
mp-2214629,T1,ctp-hap:1,0.001,q_cut=0.3;alpha_rel=4.64159e-06,U,1,98.0755928415601,unprojected,9.000000000369823e-06,0.0,9.000000000369823e-06,0.0,True
mp-2214629,T1,ctp-hap:1,0.0001,q_cut=0.3;alpha_rel=4.64159e-06,U,1,98.0755928415601,unprojected,9.000000000369823e-06,0.0,9.000000000369823e-06,0.0,True
mp-2214629,T1,ctp-hap:1,1e-05,q_cut=0.3;alpha_rel=4.64159e-06,U,1,98.0755928415601,unprojected,9.000000000369823e-06,0.0,9.000000000369823e-06,0.0,True
mp-2214629,R3,none,0.001,tau=1e-06;k=0;margin=0.995,U,1,150.54313794887153,,1.000000000139778e-05,0.0,1.000000000139778e-05,0.0,True
mp-2214629,R3,none,0.0001,tau=1e-06;k=0;margin=0.995,U,1,150.54313794887153,,1.000000000139778e-05,0.0,1.000000000139778e-05,0.0,True
mp-2214629,R3,none,1e-05,tau=1e-06;k=0;margin=0.995,U,1,150.54313794887153,,1.000000000139778e-05,0.0,1.000000000139778e-05,0.0,False
mp-2214629,R3,none,1e-05,tau=1e-06;k=1;margin=0.990025,U,2,150.01627780792185,,8.999999999481645e-06,0.0,8.999999999481645e-06,0.0,True
mp-2214629,R3,hap:0.0001,0.001,tau=1e-06;k=0;margin=0.995,hap:0.0001,1,149.9877939620799,,0.0,0.0,1.000000000139778e-05,0.0,True
mp-2214629,R3,hap:0.0001,0.0001,tau=1e-06;k=0;margin=0.995,hap:0.0001,1,149.9877939620799,,0.0,0.0,1.000000000139778e-05,0.0,True
mp-2214629,R3,hap:0.0001,1e-05,tau=1e-06;k=0;margin=0.995,hap:0.0001,1,149.9877939620799,,0.0,0.0,1.000000000139778e-05,0.0,True
mp-2214629,R3,hap:0.01,0.001,tau=1e-06;k=0;margin=0.995,hap:0.01,1,149.9877939620799,,0.0,0.0,1.000000000139778e-05,0.0,True
mp-2214629,R3,hap:0.01,0.0001,tau=1e-06;k=0;margin=0.995,hap:0.01,1,149.9877939620799,,0.0,0.0,1.000000000139778e-05,0.0,True
mp-2214629,R3,hap:0.01,1e-05,tau=1e-06;k=0;margin=0.995,hap:0.01,1,149.9877939620799,,0.0,0.0,1.000000000139778e-05,0.0,True
mp-2214629,R3,ctp-uniform,0.001,tau=1e-06;k=0;margin=0.995,U,1,150.5390395295655,unprojected,1.000000000139778e-05,0.0,1.000000000139778e-05,0.0,True
mp-2214629,R3,ctp-uniform,0.0001,tau=1e-06;k=0;margin=0.995,U,1,150.5390395295655,unprojected,1.000000000139778e-05,0.0,1.000000000139778e-05,0.0,True
mp-2214629,R3,ctp-uniform,1e-05,tau=1e-06;k=0;margin=0.995,U,1,150.5390395295655,projected,1.000000000139778e-05,0.0,1.000000000139778e-05,0.0,False
mp-2214629,R3,ctp-uniform,1e-05,tau=1e-06;k=1;margin=0.990025,U,2,150.0122080247416,unprojected,8.999999999481645e-06,0.0,8.999999999481645e-06,0.0,True
mp-2214629,R3,ctp-hap:0.0001,0.001,tau=1e-06;k=0;margin=0.995,U,1,150.5390395295655,unprojected,1.000000000139778e-05,0.0,1.000000000139778e-05,0.0,True
mp-2214629,R3,ctp-hap:0.0001,0.0001,tau=1e-06;k=0;margin=0.995,U,1,150.5390395295655,unprojected,1.000000000139778e-05,0.0,1.000000000139778e-05,0.0,True
mp-2214629,R3,ctp-hap:0.0001,1e-05,tau=1e-06;k=0;margin=0.995,U,1,150.5390395295655,projected,1.000000000139778e-05,0.0,1.000000000139778e-05,0.0,False
mp-2214629,R3,ctp-hap:0.0001,1e-05,tau=1e-06;k=1;margin=0.990025,U,2,150.0122080247416,unprojected,8.999999999481645e-06,0.0,8.999999999481645e-06,0.0,True
mp-2214629,R3,ctp-hap:0.01,0.001,tau=1e-06;k=0;margin=0.995,U,1,150.5390395295655,unprojected,1.000000000139778e-05,0.0,1.000000000139778e-05,0.0,True
mp-2214629,R3,ctp-hap:0.01,0.0001,tau=1e-06;k=0;margin=0.995,U,1,150.5390395295655,unprojected,1.000000000139778e-05,0.0,1.000000000139778e-05,0.0,True
mp-2214629,R3,ctp-hap:0.01,1e-05,tau=1e-06;k=0;margin=0.995,U,1,150.5390395295655,projected,1.000000000139778e-05,0.0,1.000000000139778e-05,0.0,False
mp-2214629,R3,ctp-hap:0.01,1e-05,tau=1e-06;k=1;margin=0.990025,U,2,150.0122080247416,unprojected,8.999999999481645e-06,0.0,8.999999999481645e-06,0.0,True
mp-2214629,R3,ctp-hap:1,0.001,tau=1e-06;k=0;margin=0.995,U,1,150.5390395295655,unprojected,1.000000000139778e-05,0.0,1.000000000139778e-05,0.0,True
mp-2214629,R3,ctp-hap:1,0.0001,tau=1e-06;k=0;margin=0.995,U,1,150.5390395295655,unprojected,1.000000000139778e-05,0.0,1.000000000139778e-05,0.0,True
mp-2214629,R3,ctp-hap:1,1e-05,tau=1e-06;k=0;margin=0.995,U,1,150.5390395295655,projected,1.000000000139778e-05,0.0,1.000000000139778e-05,0.0,False
mp-2214629,R3,ctp-hap:1,1e-05,tau=1e-06;k=1;margin=0.990025,U,2,150.0122080247416,unprojected,8.999999999481645e-06,0.0,8.999999999481645e-06,0.0,True
mp-2214629,GF,none,0.001,SPERR;tol_rel=4.64159e-06,U,1,23.054312885916676,,4.000000000559112e-06,0.0,4.000000000559112e-06,0.0,True
mp-2214629,GF,none,0.0001,SPERR;tol_rel=4.64159e-06,U,1,23.054312885916676,,4.000000000559112e-06,0.0,4.000000000559112e-06,0.0,True
mp-2214629,GF,none,1e-05,SPERR;tol_rel=4.64159e-06,U,1,23.054312885916676,,4.000000000559112e-06,0.0,4.000000000559112e-06,0.0,True
mp-2214629,GF,uniform,0.001,SPERR;tol_rel=4.64159e-06,uniform,1,23.04201617641544,,0.0,0.0,4.000000000559112e-06,0.0,True
mp-2214629,GF,uniform,0.0001,SPERR;tol_rel=4.64159e-06,uniform,1,23.04201617641544,,0.0,0.0,4.000000000559112e-06,0.0,True
mp-2214629,GF,uniform,1e-05,SPERR;tol_rel=4.64159e-06,uniform,1,23.04201617641544,,0.0,0.0,4.000000000559112e-06,0.0,True
mp-2214629,GF,hap:0.0001,0.001,SPERR;tol_rel=4.64159e-06,hap:0.0001,1,23.04124806760366,,0.0,0.0,4.000000000559112e-06,0.0,True
mp-2214629,GF,hap:0.0001,0.0001,SPERR;tol_rel=4.64159e-06,hap:0.0001,1,23.04124806760366,,0.0,0.0,4.000000000559112e-06,0.0,True
mp-2214629,GF,hap:0.0001,1e-05,SPERR;tol_rel=4.64159e-06,hap:0.0001,1,23.04124806760366,,0.0,0.0,4.000000000559112e-06,0.0,True
mp-2214629,GF,hap:0.01,0.001,SPERR;tol_rel=4.64159e-06,hap:0.01,1,23.04124806760366,,0.0,0.0,4.000000000559112e-06,0.0,True
mp-2214629,GF,hap:0.01,0.0001,SPERR;tol_rel=4.64159e-06,hap:0.01,1,23.04124806760366,,0.0,0.0,4.000000000559112e-06,0.0,True
mp-2214629,GF,hap:0.01,1e-05,SPERR;tol_rel=4.64159e-06,hap:0.01,1,23.04124806760366,,0.0,0.0,4.000000000559112e-06,0.0,True
mp-2214629,GF,hap:1,0.001,SPERR;tol_rel=4.64159e-06,hap:1,1,23.04124806760366,,0.0,0.0,4.000000000559112e-06,0.0,True
mp-2214629,GF,hap:1,0.0001,SPERR;tol_rel=4.64159e-06,hap:1,1,23.04124806760366,,0.0,0.0,4.000000000559112e-06,0.0,True
mp-2214629,GF,hap:1,1e-05,SPERR;tol_rel=4.64159e-06,hap:1,1,23.04124806760366,,0.0,0.0,4.000000000559112e-06,0.0,True
mp-2214629,GF,ctp-uniform,0.001,SPERR;tol_rel=4.64159e-06,U,1,23.05421676700632,unprojected,4.000000000559112e-06,0.0,4.000000000559112e-06,0.0,True
mp-2214629,GF,ctp-uniform,0.0001,SPERR;tol_rel=4.64159e-06,U,1,23.05421676700632,unprojected,4.000000000559112e-06,0.0,4.000000000559112e-06,0.0,True
mp-2214629,GF,ctp-uniform,1e-05,SPERR;tol_rel=4.64159e-06,U,1,23.05421676700632,unprojected,4.000000000559112e-06,0.0,4.000000000559112e-06,0.0,True
mp-2214629,GF,ctp-hap:0.0001,0.001,SPERR;tol_rel=4.64159e-06,U,1,23.05421676700632,unprojected,4.000000000559112e-06,0.0,4.000000000559112e-06,0.0,True
mp-2214629,GF,ctp-hap:0.0001,0.0001,SPERR;tol_rel=4.64159e-06,U,1,23.05421676700632,unprojected,4.000000000559112e-06,0.0,4.000000000559112e-06,0.0,True
mp-2214629,GF,ctp-hap:0.0001,1e-05,SPERR;tol_rel=4.64159e-06,U,1,23.05421676700632,unprojected,4.000000000559112e-06,0.0,4.000000000559112e-06,0.0,True
mp-2214629,GF,ctp-hap:0.01,0.001,SPERR;tol_rel=4.64159e-06,U,1,23.05421676700632,unprojected,4.000000000559112e-06,0.0,4.000000000559112e-06,0.0,True
mp-2214629,GF,ctp-hap:0.01,0.0001,SPERR;tol_rel=4.64159e-06,U,1,23.05421676700632,unprojected,4.000000000559112e-06,0.0,4.000000000559112e-06,0.0,True
mp-2214629,GF,ctp-hap:0.01,1e-05,SPERR;tol_rel=4.64159e-06,U,1,23.05421676700632,unprojected,4.000000000559112e-06,0.0,4.000000000559112e-06,0.0,True
mp-2214629,GF,ctp-hap:1,0.001,SPERR;tol_rel=4.64159e-06,U,1,23.05421676700632,unprojected,4.000000000559112e-06,0.0,4.000000000559112e-06,0.0,True
mp-2214629,GF,ctp-hap:1,0.0001,SPERR;tol_rel=4.64159e-06,U,1,23.05421676700632,unprojected,4.000000000559112e-06,0.0,4.000000000559112e-06,0.0,True
mp-2214629,GF,ctp-hap:1,1e-05,SPERR;tol_rel=4.64159e-06,U,1,23.05421676700632,unprojected,4.000000000559112e-06,0.0,4.000000000559112e-06,0.0,True
mp-2311532,J,none,0.001,alpha_rel=0.001,U,1,202.4807757510002,,2.000000000279556e-06,0.0,2.000000000279556e-06,0.0,True
mp-2311532,J,none,0.0001,alpha_rel=0.001,U,1,202.4807757510002,,2.000000000279556e-06,0.0,2.000000000279556e-06,0.0,True
mp-2311532,J,none,1e-05,alpha_rel=0.001,U,1,202.4807757510002,,2.000000000279556e-06,0.0,2.000000000279556e-06,0.0,True
mp-2311532,J,uniform,0.001,alpha_rel=0.001,uniform,1,201.38827814122885,,0.0,0.0,2.000000000279556e-06,0.0,True
mp-2311532,J,uniform,0.0001,alpha_rel=0.001,uniform,1,201.38827814122885,,0.0,0.0,2.000000000279556e-06,0.0,True
mp-2311532,J,uniform,1e-05,alpha_rel=0.001,uniform,1,201.38827814122885,,0.0,0.0,2.000000000279556e-06,0.0,True
mp-2311532,J,hap:0.0001,0.001,alpha_rel=0.001,hap:0.0001,1,201.27967644084933,,0.0,0.0,2.000000000279556e-06,0.0,True
mp-2311532,J,hap:0.0001,0.0001,alpha_rel=0.001,hap:0.0001,1,201.27967644084933,,0.0,0.0,2.000000000279556e-06,0.0,True
mp-2311532,J,hap:0.0001,1e-05,alpha_rel=0.001,hap:0.0001,1,201.27967644084933,,0.0,0.0,2.000000000279556e-06,0.0,True
mp-2311532,J,hap:0.01,0.001,alpha_rel=0.001,hap:0.01,1,201.27967644084933,,0.0,0.0,2.000000000279556e-06,0.0,True
mp-2311532,J,hap:0.01,0.0001,alpha_rel=0.001,hap:0.01,1,201.27967644084933,,0.0,0.0,2.000000000279556e-06,0.0,True
mp-2311532,J,hap:0.01,1e-05,alpha_rel=0.001,hap:0.01,1,201.27967644084933,,0.0,0.0,2.000000000279556e-06,0.0,True
mp-2311532,J,hap:1,0.001,alpha_rel=0.001,hap:1,1,201.27967644084933,,0.0,0.0,2.000000000279556e-06,0.0,True
mp-2311532,J,hap:1,0.0001,alpha_rel=0.001,hap:1,1,201.27967644084933,,0.0,0.0,2.000000000279556e-06,0.0,True
mp-2311532,J,hap:1,1e-05,alpha_rel=0.001,hap:1,1,201.27967644084933,,0.0,0.0,2.000000000279556e-06,0.0,True
mp-2311532,J,ctp-uniform,0.001,alpha_rel=0.001,U,1,202.46704637917009,unprojected,2.000000000279556e-06,0.0,2.000000000279556e-06,0.0,True
mp-2311532,J,ctp-uniform,0.0001,alpha_rel=0.001,U,1,202.46704637917009,unprojected,2.000000000279556e-06,0.0,2.000000000279556e-06,0.0,True
mp-2311532,J,ctp-uniform,1e-05,alpha_rel=0.001,U,1,202.46704637917009,unprojected,2.000000000279556e-06,0.0,2.000000000279556e-06,0.0,True
mp-2311532,J,ctp-hap:0.0001,0.001,alpha_rel=0.001,U,1,202.46704637917009,unprojected,2.000000000279556e-06,0.0,2.000000000279556e-06,0.0,True
mp-2311532,J,ctp-hap:0.0001,0.0001,alpha_rel=0.001,U,1,202.46704637917009,unprojected,2.000000000279556e-06,0.0,2.000000000279556e-06,0.0,True
mp-2311532,J,ctp-hap:0.0001,1e-05,alpha_rel=0.001,U,1,202.46704637917009,unprojected,2.000000000279556e-06,0.0,2.000000000279556e-06,0.0,True
mp-2311532,J,ctp-hap:0.01,0.001,alpha_rel=0.001,U,1,202.46704637917009,unprojected,2.000000000279556e-06,0.0,2.000000000279556e-06,0.0,True
mp-2311532,J,ctp-hap:0.01,0.0001,alpha_rel=0.001,U,1,202.46704637917009,unprojected,2.000000000279556e-06,0.0,2.000000000279556e-06,0.0,True
mp-2311532,J,ctp-hap:0.01,1e-05,alpha_rel=0.001,U,1,202.46704637917009,unprojected,2.000000000279556e-06,0.0,2.000000000279556e-06,0.0,True
mp-2311532,J,ctp-hap:1,0.001,alpha_rel=0.001,U,1,202.46704637917009,unprojected,2.000000000279556e-06,0.0,2.000000000279556e-06,0.0,True
mp-2311532,J,ctp-hap:1,0.0001,alpha_rel=0.001,U,1,202.46704637917009,unprojected,2.000000000279556e-06,0.0,2.000000000279556e-06,0.0,True
mp-2311532,J,ctp-hap:1,1e-05,alpha_rel=0.001,U,1,202.46704637917009,unprojected,2.000000000279556e-06,0.0,2.000000000279556e-06,0.0,True
mp-2311532,T1,none,0.001,q_cut=0.3;alpha_rel=4.64159e-06,U,1,212.99550609886583,,4.999999999810711e-06,0.0,4.999999999810711e-06,0.0,True
mp-2311532,T1,none,0.0001,q_cut=0.3;alpha_rel=4.64159e-06,U,1,212.99550609886583,,4.999999999810711e-06,0.0,4.999999999810711e-06,0.0,True
mp-2311532,T1,none,1e-05,q_cut=0.3;alpha_rel=4.64159e-06,U,1,212.99550609886583,,4.999999999810711e-06,0.0,4.999999999810711e-06,0.0,True
mp-2311532,T1,uniform,0.001,q_cut=0.5;alpha_rel=2.15443e-05,uniform,1,126.93351470838292,,0.0,0.0,2.000000000279556e-06,0.0,True
mp-2311532,T1,uniform,0.0001,q_cut=0.5;alpha_rel=2.15443e-05,uniform,1,126.93351470838292,,0.0,0.0,2.000000000279556e-06,0.0,True
mp-2311532,T1,uniform,1e-05,q_cut=0.5;alpha_rel=2.15443e-05,uniform,1,126.93351470838292,,0.0,0.0,2.000000000279556e-06,0.0,True
mp-2311532,T1,hap:0.0001,0.001,q_cut=0.3;alpha_rel=4.64159e-06,hap:0.0001,1,211.66683206918552,,0.0,0.0,4.999999999810711e-06,0.0,True
mp-2311532,T1,hap:0.0001,0.0001,q_cut=0.3;alpha_rel=4.64159e-06,hap:0.0001,1,211.66683206918552,,0.0,0.0,4.999999999810711e-06,0.0,True
mp-2311532,T1,hap:0.0001,1e-05,q_cut=0.3;alpha_rel=4.64159e-06,hap:0.0001,1,211.66683206918552,,0.0,0.0,4.999999999810711e-06,0.0,True
mp-2311532,T1,hap:0.01,0.001,q_cut=0.3;alpha_rel=4.64159e-06,hap:0.01,1,211.66683206918552,,0.0,0.0,4.999999999810711e-06,0.0,True
mp-2311532,T1,hap:0.01,0.0001,q_cut=0.3;alpha_rel=4.64159e-06,hap:0.01,1,211.66683206918552,,0.0,0.0,4.999999999810711e-06,0.0,True
mp-2311532,T1,hap:0.01,1e-05,q_cut=0.3;alpha_rel=4.64159e-06,hap:0.01,1,211.66683206918552,,0.0,0.0,4.999999999810711e-06,0.0,True
mp-2311532,T1,hap:1,0.001,q_cut=0.3;alpha_rel=4.64159e-06,hap:1,1,211.66683206918552,,0.0,0.0,4.999999999810711e-06,0.0,True
mp-2311532,T1,hap:1,0.0001,q_cut=0.3;alpha_rel=4.64159e-06,hap:1,1,211.66683206918552,,0.0,0.0,4.999999999810711e-06,0.0,True
mp-2311532,T1,hap:1,1e-05,q_cut=0.3;alpha_rel=4.64159e-06,hap:1,1,211.66683206918552,,0.0,0.0,4.999999999810711e-06,0.0,True
mp-2311532,T1,ctp-uniform,0.001,q_cut=0.3;alpha_rel=4.64159e-06,U,1,212.9803138373752,unprojected,4.999999999810711e-06,0.0,4.999999999810711e-06,0.0,True
mp-2311532,T1,ctp-uniform,0.0001,q_cut=0.3;alpha_rel=4.64159e-06,U,1,212.9803138373752,unprojected,4.999999999810711e-06,0.0,4.999999999810711e-06,0.0,True
mp-2311532,T1,ctp-uniform,1e-05,q_cut=0.3;alpha_rel=4.64159e-06,U,1,212.9803138373752,unprojected,4.999999999810711e-06,0.0,4.999999999810711e-06,0.0,True
mp-2311532,T1,ctp-hap:0.0001,0.001,q_cut=0.3;alpha_rel=4.64159e-06,U,1,212.9803138373752,unprojected,4.999999999810711e-06,0.0,4.999999999810711e-06,0.0,True
mp-2311532,T1,ctp-hap:0.0001,0.0001,q_cut=0.3;alpha_rel=4.64159e-06,U,1,212.9803138373752,unprojected,4.999999999810711e-06,0.0,4.999999999810711e-06,0.0,True
mp-2311532,T1,ctp-hap:0.0001,1e-05,q_cut=0.3;alpha_rel=4.64159e-06,U,1,212.9803138373752,unprojected,4.999999999810711e-06,0.0,4.999999999810711e-06,0.0,True
mp-2311532,T1,ctp-hap:0.01,0.001,q_cut=0.3;alpha_rel=4.64159e-06,U,1,212.9803138373752,unprojected,4.999999999810711e-06,0.0,4.999999999810711e-06,0.0,True
mp-2311532,T1,ctp-hap:0.01,0.0001,q_cut=0.3;alpha_rel=4.64159e-06,U,1,212.9803138373752,unprojected,4.999999999810711e-06,0.0,4.999999999810711e-06,0.0,True
mp-2311532,T1,ctp-hap:0.01,1e-05,q_cut=0.3;alpha_rel=4.64159e-06,U,1,212.9803138373752,unprojected,4.999999999810711e-06,0.0,4.999999999810711e-06,0.0,True
mp-2311532,T1,ctp-hap:1,0.001,q_cut=0.3;alpha_rel=4.64159e-06,U,1,212.9803138373752,unprojected,4.999999999810711e-06,0.0,4.999999999810711e-06,0.0,True
mp-2311532,T1,ctp-hap:1,0.0001,q_cut=0.3;alpha_rel=4.64159e-06,U,1,212.9803138373752,unprojected,4.999999999810711e-06,0.0,4.999999999810711e-06,0.0,True
mp-2311532,T1,ctp-hap:1,1e-05,q_cut=0.3;alpha_rel=4.64159e-06,U,1,212.9803138373752,unprojected,4.999999999810711e-06,0.0,4.999999999810711e-06,0.0,True
mp-2311532,R3,none,0.001,tau=1e-06;k=0;margin=0.995,U,1,273.86810969457946,,3.000000000419334e-06,0.0,3.000000000419334e-06,0.0,True
mp-2311532,R3,none,0.0001,tau=1e-06;k=0;margin=0.995,U,1,273.86810969457946,,3.000000000419334e-06,0.0,3.000000000419334e-06,0.0,True
mp-2311532,R3,none,1e-05,tau=1e-06;k=0;margin=0.995,U,1,273.86810969457946,,3.000000000419334e-06,0.0,3.000000000419334e-06,0.0,True
mp-2311532,R3,uniform,0.001,tau=1e-06;k=5;margin=0.970372509,uniform,1,269.93165792804194,,0.0,0.0,1.000000000139778e-06,0.0,True
mp-2311532,R3,uniform,0.0001,tau=1e-06;k=5;margin=0.970372509,uniform,1,269.93165792804194,,0.0,0.0,1.000000000139778e-06,0.0,True
mp-2311532,R3,uniform,1e-05,tau=1e-06;k=5;margin=0.970372509,uniform,1,269.93165792804194,,0.0,0.0,1.000000000139778e-06,0.0,True
mp-2311532,R3,hap:0.0001,0.001,tau=1e-06;k=0;margin=0.995,hap:0.0001,1,271.67537075789284,,0.0,0.0,3.000000000419334e-06,0.0,True
mp-2311532,R3,hap:0.0001,0.0001,tau=1e-06;k=0;margin=0.995,hap:0.0001,1,271.67537075789284,,0.0,0.0,3.000000000419334e-06,0.0,True
mp-2311532,R3,hap:0.0001,1e-05,tau=1e-06;k=0;margin=0.995,hap:0.0001,1,271.67537075789284,,0.0,0.0,3.000000000419334e-06,0.0,True
mp-2311532,R3,hap:0.01,0.001,tau=1e-06;k=0;margin=0.995,hap:0.01,1,271.67537075789284,,0.0,0.0,3.000000000419334e-06,0.0,True
mp-2311532,R3,hap:0.01,0.0001,tau=1e-06;k=0;margin=0.995,hap:0.01,1,271.67537075789284,,0.0,0.0,3.000000000419334e-06,0.0,True
mp-2311532,R3,hap:0.01,1e-05,tau=1e-06;k=0;margin=0.995,hap:0.01,1,271.67537075789284,,0.0,0.0,3.000000000419334e-06,0.0,True
mp-2311532,R3,hap:1,0.001,tau=1e-06;k=2;margin=0.985074875,hap:1,1,271.2804578904333,,0.0,0.0,2.000000000279556e-06,0.0,True
mp-2311532,R3,hap:1,0.0001,tau=1e-06;k=2;margin=0.985074875,hap:1,1,271.2804578904333,,0.0,0.0,2.000000000279556e-06,0.0,True
mp-2311532,R3,hap:1,1e-05,tau=1e-06;k=2;margin=0.985074875,hap:1,1,271.2804578904333,,0.0,0.0,2.000000000279556e-06,0.0,True
mp-2311532,R3,ctp-uniform,0.001,tau=1e-06;k=0;margin=0.995,U,1,273.8429933969186,unprojected,3.000000000419334e-06,0.0,3.000000000419334e-06,0.0,True
mp-2311532,R3,ctp-uniform,0.0001,tau=1e-06;k=0;margin=0.995,U,1,273.8429933969186,unprojected,3.000000000419334e-06,0.0,3.000000000419334e-06,0.0,True
mp-2311532,R3,ctp-uniform,1e-05,tau=1e-06;k=0;margin=0.995,U,1,273.8429933969186,unprojected,3.000000000419334e-06,0.0,3.000000000419334e-06,0.0,True
mp-2311532,R3,ctp-hap:0.0001,0.001,tau=1e-06;k=0;margin=0.995,U,1,273.8429933969186,unprojected,3.000000000419334e-06,0.0,3.000000000419334e-06,0.0,True
mp-2311532,R3,ctp-hap:0.0001,0.0001,tau=1e-06;k=0;margin=0.995,U,1,273.8429933969186,unprojected,3.000000000419334e-06,0.0,3.000000000419334e-06,0.0,True
mp-2311532,R3,ctp-hap:0.0001,1e-05,tau=1e-06;k=0;margin=0.995,U,1,273.8429933969186,unprojected,3.000000000419334e-06,0.0,3.000000000419334e-06,0.0,True
mp-2311532,R3,ctp-hap:0.01,0.001,tau=1e-06;k=0;margin=0.995,U,1,273.8429933969186,unprojected,3.000000000419334e-06,0.0,3.000000000419334e-06,0.0,True
mp-2311532,R3,ctp-hap:0.01,0.0001,tau=1e-06;k=0;margin=0.995,U,1,273.8429933969186,unprojected,3.000000000419334e-06,0.0,3.000000000419334e-06,0.0,True
mp-2311532,R3,ctp-hap:0.01,1e-05,tau=1e-06;k=0;margin=0.995,U,1,273.8429933969186,unprojected,3.000000000419334e-06,0.0,3.000000000419334e-06,0.0,True
mp-2311532,R3,ctp-hap:1,0.001,tau=1e-06;k=0;margin=0.995,U,1,273.8429933969186,unprojected,3.000000000419334e-06,0.0,3.000000000419334e-06,0.0,True
mp-2311532,R3,ctp-hap:1,0.0001,tau=1e-06;k=0;margin=0.995,U,1,273.8429933969186,unprojected,3.000000000419334e-06,0.0,3.000000000419334e-06,0.0,True
mp-2311532,R3,ctp-hap:1,1e-05,tau=1e-06;k=0;margin=0.995,U,1,273.8429933969186,unprojected,3.000000000419334e-06,0.0,3.000000000419334e-06,0.0,True
mp-2311532,GF,none,0.001,SPERR;tol_rel=1e-05,U,1,26.67152580524144,,1.000000000139778e-06,0.0,1.000000000139778e-06,0.0,True
mp-2311532,GF,none,0.0001,SPERR;tol_rel=1e-05,U,1,26.67152580524144,,1.000000000139778e-06,0.0,1.000000000139778e-06,0.0,True
mp-2311532,GF,none,1e-05,SPERR;tol_rel=1e-05,U,1,26.67152580524144,,1.000000000139778e-06,0.0,1.000000000139778e-06,0.0,True
mp-2311532,GF,uniform,0.001,SPERR;tol_rel=1e-05,uniform,1,26.652480496991984,,0.0,0.0,1.000000000139778e-06,0.0,True
mp-2311532,GF,uniform,0.0001,SPERR;tol_rel=1e-05,uniform,1,26.652480496991984,,0.0,0.0,1.000000000139778e-06,0.0,True
mp-2311532,GF,uniform,1e-05,SPERR;tol_rel=1e-05,uniform,1,26.652480496991984,,0.0,0.0,1.000000000139778e-06,0.0,True
mp-2311532,GF,hap:0.0001,0.001,SPERR;tol_rel=1e-05,hap:0.0001,1,26.65057746202317,,0.0,0.0,1.000000000139778e-06,0.0,True
mp-2311532,GF,hap:0.0001,0.0001,SPERR;tol_rel=1e-05,hap:0.0001,1,26.65057746202317,,0.0,0.0,1.000000000139778e-06,0.0,True
mp-2311532,GF,hap:0.0001,1e-05,SPERR;tol_rel=1e-05,hap:0.0001,1,26.65057746202317,,0.0,0.0,1.000000000139778e-06,0.0,True
mp-2311532,GF,hap:0.01,0.001,SPERR;tol_rel=1e-05,hap:0.01,1,26.65057746202317,,0.0,0.0,1.000000000139778e-06,0.0,True
mp-2311532,GF,hap:0.01,0.0001,SPERR;tol_rel=1e-05,hap:0.01,1,26.65057746202317,,0.0,0.0,1.000000000139778e-06,0.0,True
mp-2311532,GF,hap:0.01,1e-05,SPERR;tol_rel=1e-05,hap:0.01,1,26.65057746202317,,0.0,0.0,1.000000000139778e-06,0.0,True
mp-2311532,GF,hap:1,0.001,SPERR;tol_rel=1e-05,hap:1,1,26.65057746202317,,0.0,0.0,1.000000000139778e-06,0.0,True
mp-2311532,GF,hap:1,0.0001,SPERR;tol_rel=1e-05,hap:1,1,26.65057746202317,,0.0,0.0,1.000000000139778e-06,0.0,True
mp-2311532,GF,hap:1,1e-05,SPERR;tol_rel=1e-05,hap:1,1,26.65057746202317,,0.0,0.0,1.000000000139778e-06,0.0,True
mp-2311532,GF,ctp-uniform,0.001,SPERR;tol_rel=1e-05,U,1,26.671287570899025,unprojected,1.000000000139778e-06,0.0,1.000000000139778e-06,0.0,True
mp-2311532,GF,ctp-uniform,0.0001,SPERR;tol_rel=1e-05,U,1,26.671287570899025,unprojected,1.000000000139778e-06,0.0,1.000000000139778e-06,0.0,True
mp-2311532,GF,ctp-uniform,1e-05,SPERR;tol_rel=1e-05,U,1,26.671287570899025,unprojected,1.000000000139778e-06,0.0,1.000000000139778e-06,0.0,True
mp-2311532,GF,ctp-hap:0.0001,0.001,SPERR;tol_rel=1e-05,U,1,26.671287570899025,unprojected,1.000000000139778e-06,0.0,1.000000000139778e-06,0.0,True
mp-2311532,GF,ctp-hap:0.0001,0.0001,SPERR;tol_rel=1e-05,U,1,26.671287570899025,unprojected,1.000000000139778e-06,0.0,1.000000000139778e-06,0.0,True
mp-2311532,GF,ctp-hap:0.0001,1e-05,SPERR;tol_rel=1e-05,U,1,26.671287570899025,unprojected,1.000000000139778e-06,0.0,1.000000000139778e-06,0.0,True
mp-2311532,GF,ctp-hap:0.01,0.001,SPERR;tol_rel=1e-05,U,1,26.671287570899025,unprojected,1.000000000139778e-06,0.0,1.000000000139778e-06,0.0,True
mp-2311532,GF,ctp-hap:0.01,0.0001,SPERR;tol_rel=1e-05,U,1,26.671287570899025,unprojected,1.000000000139778e-06,0.0,1.000000000139778e-06,0.0,True
mp-2311532,GF,ctp-hap:0.01,1e-05,SPERR;tol_rel=1e-05,U,1,26.671287570899025,unprojected,1.000000000139778e-06,0.0,1.000000000139778e-06,0.0,True
mp-2311532,GF,ctp-hap:1,0.001,SPERR;tol_rel=1e-05,U,1,26.671287570899025,unprojected,1.000000000139778e-06,0.0,1.000000000139778e-06,0.0,True
mp-2311532,GF,ctp-hap:1,0.0001,SPERR;tol_rel=1e-05,U,1,26.671287570899025,unprojected,1.000000000139778e-06,0.0,1.000000000139778e-06,0.0,True
mp-2311532,GF,ctp-hap:1,1e-05,SPERR;tol_rel=1e-05,U,1,26.671287570899025,unprojected,1.000000000139778e-06,0.0,1.000000000139778e-06,0.0,True
mp-2024244,J,none,0.001,alpha_rel=0.001,U,1,212.8224426958604,,7.000000000090267e-06,0.0,7.000000000090267e-06,0.0,True
mp-2024244,J,none,0.0001,alpha_rel=0.001,U,1,212.8224426958604,,7.000000000090267e-06,0.0,7.000000000090267e-06,0.0,True
mp-2024244,J,none,1e-05,alpha_rel=0.001,U,1,212.8224426958604,,7.000000000090267e-06,0.0,7.000000000090267e-06,0.0,True
mp-2024244,J,uniform,0.001,alpha_rel=0.001,uniform,1,212.0245398773006,,0.0,0.0,7.000000000090267e-06,0.0,True
mp-2024244,J,uniform,0.0001,alpha_rel=0.001,uniform,1,212.0245398773006,,0.0,0.0,7.000000000090267e-06,0.0,True
mp-2024244,J,uniform,1e-05,alpha_rel=0.001,uniform,1,212.0245398773006,,0.0,0.0,7.000000000090267e-06,0.0,True
mp-2024244,J,hap:0.0001,0.001,alpha_rel=0.001,hap:0.0001,1,211.95229982964224,,0.0,0.0,7.000000000090267e-06,0.0,True
mp-2024244,J,hap:0.0001,0.0001,alpha_rel=0.001,hap:0.0001,1,211.95229982964224,,0.0,0.0,7.000000000090267e-06,0.0,True
mp-2024244,J,hap:0.0001,1e-05,alpha_rel=0.001,hap:0.0001,1,211.95229982964224,,0.0,0.0,7.000000000090267e-06,0.0,True
mp-2024244,J,hap:0.01,0.001,alpha_rel=0.001,hap:0.01,1,211.95229982964224,,0.0,0.0,7.000000000090267e-06,0.0,True
mp-2024244,J,hap:0.01,0.0001,alpha_rel=0.001,hap:0.01,1,211.95229982964224,,0.0,0.0,7.000000000090267e-06,0.0,True
mp-2024244,J,hap:0.01,1e-05,alpha_rel=0.001,hap:0.01,1,211.95229982964224,,0.0,0.0,7.000000000090267e-06,0.0,True
mp-2024244,J,hap:1,0.001,alpha_rel=0.001,hap:1,1,211.95229982964224,,0.0,0.0,7.000000000090267e-06,0.0,True
mp-2024244,J,hap:1,0.0001,alpha_rel=0.001,hap:1,1,211.95229982964224,,0.0,0.0,7.000000000090267e-06,0.0,True
mp-2024244,J,hap:1,1e-05,alpha_rel=0.001,hap:1,1,211.95229982964224,,0.0,0.0,7.000000000090267e-06,0.0,True
mp-2024244,J,ctp-uniform,0.001,alpha_rel=0.001,U,1,212.81334188582423,unprojected,7.000000000090267e-06,0.0,7.000000000090267e-06,0.0,True
mp-2024244,J,ctp-uniform,0.0001,alpha_rel=0.001,U,1,212.81334188582423,unprojected,7.000000000090267e-06,0.0,7.000000000090267e-06,0.0,True
mp-2024244,J,ctp-uniform,1e-05,alpha_rel=0.001,U,1,212.81334188582423,unprojected,7.000000000090267e-06,0.0,7.000000000090267e-06,0.0,True
mp-2024244,J,ctp-hap:0.0001,0.001,alpha_rel=0.001,U,1,212.81334188582423,unprojected,7.000000000090267e-06,0.0,7.000000000090267e-06,0.0,True
mp-2024244,J,ctp-hap:0.0001,0.0001,alpha_rel=0.001,U,1,212.81334188582423,unprojected,7.000000000090267e-06,0.0,7.000000000090267e-06,0.0,True
mp-2024244,J,ctp-hap:0.0001,1e-05,alpha_rel=0.001,U,1,212.81334188582423,unprojected,7.000000000090267e-06,0.0,7.000000000090267e-06,0.0,True
mp-2024244,J,ctp-hap:0.01,0.001,alpha_rel=0.001,U,1,212.81334188582423,unprojected,7.000000000090267e-06,0.0,7.000000000090267e-06,0.0,True
mp-2024244,J,ctp-hap:0.01,0.0001,alpha_rel=0.001,U,1,212.81334188582423,unprojected,7.000000000090267e-06,0.0,7.000000000090267e-06,0.0,True
mp-2024244,J,ctp-hap:0.01,1e-05,alpha_rel=0.001,U,1,212.81334188582423,unprojected,7.000000000090267e-06,0.0,7.000000000090267e-06,0.0,True
mp-2024244,J,ctp-hap:1,0.001,alpha_rel=0.001,U,1,212.81334188582423,unprojected,7.000000000090267e-06,0.0,7.000000000090267e-06,0.0,True
mp-2024244,J,ctp-hap:1,0.0001,alpha_rel=0.001,U,1,212.81334188582423,unprojected,7.000000000090267e-06,0.0,7.000000000090267e-06,0.0,True
mp-2024244,J,ctp-hap:1,1e-05,alpha_rel=0.001,U,1,212.81334188582423,unprojected,7.000000000090267e-06,0.0,7.000000000090267e-06,0.0,True
mp-2024244,T1,none,0.001,q_cut=0.3;alpha_rel=1e-05,U,1,214.3532756170048,,2.000000000279556e-06,0.0,2.000000000279556e-06,0.0,True
mp-2024244,T1,none,0.0001,q_cut=0.3;alpha_rel=1e-05,U,1,214.3532756170048,,2.000000000279556e-06,0.0,2.000000000279556e-06,0.0,True
mp-2024244,T1,none,1e-05,q_cut=0.3;alpha_rel=1e-05,U,1,214.3532756170048,,2.000000000279556e-06,0.0,2.000000000279556e-06,0.0,True
mp-2024244,T1,uniform,0.001,q_cut=0.3;alpha_rel=1e-05,uniform,1,213.54387470499893,,0.0,0.0,2.000000000279556e-06,0.0,True
mp-2024244,T1,uniform,0.0001,q_cut=0.3;alpha_rel=1e-05,uniform,1,213.54387470499893,,0.0,0.0,2.000000000279556e-06,0.0,True
mp-2024244,T1,uniform,1e-05,q_cut=0.3;alpha_rel=1e-05,uniform,1,213.54387470499893,,0.0,0.0,2.000000000279556e-06,0.0,True
mp-2024244,T1,hap:0.0001,0.001,q_cut=0.3;alpha_rel=1e-05,hap:0.0001,1,213.4705958049157,,0.0,0.0,2.000000000279556e-06,0.0,True
mp-2024244,T1,hap:0.0001,0.0001,q_cut=0.3;alpha_rel=1e-05,hap:0.0001,1,213.4705958049157,,0.0,0.0,2.000000000279556e-06,0.0,True
mp-2024244,T1,hap:0.0001,1e-05,q_cut=0.3;alpha_rel=1e-05,hap:0.0001,1,213.4705958049157,,0.0,0.0,2.000000000279556e-06,0.0,True
mp-2024244,T1,hap:0.01,0.001,q_cut=0.3;alpha_rel=1e-05,hap:0.01,1,213.4705958049157,,0.0,0.0,2.000000000279556e-06,0.0,True
mp-2024244,T1,hap:0.01,0.0001,q_cut=0.3;alpha_rel=1e-05,hap:0.01,1,213.4705958049157,,0.0,0.0,2.000000000279556e-06,0.0,True
mp-2024244,T1,hap:0.01,1e-05,q_cut=0.3;alpha_rel=1e-05,hap:0.01,1,213.4705958049157,,0.0,0.0,2.000000000279556e-06,0.0,True
mp-2024244,T1,hap:1,0.001,q_cut=0.3;alpha_rel=1e-05,hap:1,1,213.4705958049157,,0.0,0.0,2.000000000279556e-06,0.0,True
mp-2024244,T1,hap:1,0.0001,q_cut=0.3;alpha_rel=1e-05,hap:1,1,213.4705958049157,,0.0,0.0,2.000000000279556e-06,0.0,True
mp-2024244,T1,hap:1,1e-05,q_cut=0.3;alpha_rel=1e-05,hap:1,1,213.4705958049157,,0.0,0.0,2.000000000279556e-06,0.0,True
mp-2024244,T1,ctp-uniform,0.001,q_cut=0.3;alpha_rel=1e-05,U,1,214.3440434145921,unprojected,2.000000000279556e-06,0.0,2.000000000279556e-06,0.0,True
mp-2024244,T1,ctp-uniform,0.0001,q_cut=0.3;alpha_rel=1e-05,U,1,214.3440434145921,unprojected,2.000000000279556e-06,0.0,2.000000000279556e-06,0.0,True
mp-2024244,T1,ctp-uniform,1e-05,q_cut=0.3;alpha_rel=1e-05,U,1,214.3440434145921,unprojected,2.000000000279556e-06,0.0,2.000000000279556e-06,0.0,True
mp-2024244,T1,ctp-hap:0.0001,0.001,q_cut=0.3;alpha_rel=1e-05,U,1,214.3440434145921,unprojected,2.000000000279556e-06,0.0,2.000000000279556e-06,0.0,True
mp-2024244,T1,ctp-hap:0.0001,0.0001,q_cut=0.3;alpha_rel=1e-05,U,1,214.3440434145921,unprojected,2.000000000279556e-06,0.0,2.000000000279556e-06,0.0,True
mp-2024244,T1,ctp-hap:0.0001,1e-05,q_cut=0.3;alpha_rel=1e-05,U,1,214.3440434145921,unprojected,2.000000000279556e-06,0.0,2.000000000279556e-06,0.0,True
mp-2024244,T1,ctp-hap:0.01,0.001,q_cut=0.3;alpha_rel=1e-05,U,1,214.3440434145921,unprojected,2.000000000279556e-06,0.0,2.000000000279556e-06,0.0,True
mp-2024244,T1,ctp-hap:0.01,0.0001,q_cut=0.3;alpha_rel=1e-05,U,1,214.3440434145921,unprojected,2.000000000279556e-06,0.0,2.000000000279556e-06,0.0,True
mp-2024244,T1,ctp-hap:0.01,1e-05,q_cut=0.3;alpha_rel=1e-05,U,1,214.3440434145921,unprojected,2.000000000279556e-06,0.0,2.000000000279556e-06,0.0,True
mp-2024244,T1,ctp-hap:1,0.001,q_cut=0.3;alpha_rel=1e-05,U,1,214.3440434145921,unprojected,2.000000000279556e-06,0.0,2.000000000279556e-06,0.0,True
mp-2024244,T1,ctp-hap:1,0.0001,q_cut=0.3;alpha_rel=1e-05,U,1,214.3440434145921,unprojected,2.000000000279556e-06,0.0,2.000000000279556e-06,0.0,True
mp-2024244,T1,ctp-hap:1,1e-05,q_cut=0.3;alpha_rel=1e-05,U,1,214.3440434145921,unprojected,2.000000000279556e-06,0.0,2.000000000279556e-06,0.0,True
mp-2024244,R3,none,0.001,tau=1e-06;k=0;margin=0.995,U,1,318.7905963743514,,8.000000000230045e-06,0.0,8.000000000230045e-06,0.0,True
mp-2024244,R3,none,0.0001,tau=1e-06;k=0;margin=0.995,U,1,318.7905963743514,,8.000000000230045e-06,0.0,8.000000000230045e-06,0.0,True
mp-2024244,R3,none,1e-05,tau=1e-06;k=0;margin=0.995,U,1,318.7905963743514,,8.000000000230045e-06,0.0,8.000000000230045e-06,0.0,True
mp-2024244,R3,hap:0.0001,0.001,tau=1e-06;k=0;margin=0.995,hap:0.0001,1,316.84217227987523,,0.0,0.0,8.000000000230045e-06,0.0,True
mp-2024244,R3,hap:0.0001,0.0001,tau=1e-06;k=0;margin=0.995,hap:0.0001,1,316.84217227987523,,0.0,0.0,8.000000000230045e-06,0.0,True
mp-2024244,R3,hap:0.0001,1e-05,tau=1e-06;k=0;margin=0.995,hap:0.0001,1,316.84217227987523,,0.0,0.0,8.000000000230045e-06,0.0,True
mp-2024244,R3,hap:0.01,0.001,tau=1e-06;k=0;margin=0.995,hap:0.01,1,316.84217227987523,,0.0,0.0,8.000000000230045e-06,0.0,True
mp-2024244,R3,hap:0.01,0.0001,tau=1e-06;k=0;margin=0.995,hap:0.01,1,316.84217227987523,,0.0,0.0,8.000000000230045e-06,0.0,True
mp-2024244,R3,hap:0.01,1e-05,tau=1e-06;k=0;margin=0.995,hap:0.01,1,316.84217227987523,,0.0,0.0,8.000000000230045e-06,0.0,True
mp-2024244,R3,ctp-uniform,0.001,tau=1e-06;k=0;margin=0.995,U,1,318.7701767870869,unprojected,8.000000000230045e-06,0.0,8.000000000230045e-06,0.0,True
mp-2024244,R3,ctp-uniform,0.0001,tau=1e-06;k=0;margin=0.995,U,1,318.7701767870869,unprojected,8.000000000230045e-06,0.0,8.000000000230045e-06,0.0,True
mp-2024244,R3,ctp-uniform,1e-05,tau=1e-06;k=0;margin=0.995,U,1,318.7701767870869,unprojected,8.000000000230045e-06,0.0,8.000000000230045e-06,0.0,True
mp-2024244,R3,ctp-hap:0.0001,0.001,tau=1e-06;k=0;margin=0.995,U,1,318.7701767870869,unprojected,8.000000000230045e-06,0.0,8.000000000230045e-06,0.0,True
mp-2024244,R3,ctp-hap:0.0001,0.0001,tau=1e-06;k=0;margin=0.995,U,1,318.7701767870869,unprojected,8.000000000230045e-06,0.0,8.000000000230045e-06,0.0,True
mp-2024244,R3,ctp-hap:0.0001,1e-05,tau=1e-06;k=0;margin=0.995,U,1,318.7701767870869,unprojected,8.000000000230045e-06,0.0,8.000000000230045e-06,0.0,True
mp-2024244,R3,ctp-hap:0.01,0.001,tau=1e-06;k=0;margin=0.995,U,1,318.7701767870869,unprojected,8.000000000230045e-06,0.0,8.000000000230045e-06,0.0,True
mp-2024244,R3,ctp-hap:0.01,0.0001,tau=1e-06;k=0;margin=0.995,U,1,318.7701767870869,unprojected,8.000000000230045e-06,0.0,8.000000000230045e-06,0.0,True
mp-2024244,R3,ctp-hap:0.01,1e-05,tau=1e-06;k=0;margin=0.995,U,1,318.7701767870869,unprojected,8.000000000230045e-06,0.0,8.000000000230045e-06,0.0,True
mp-2024244,R3,ctp-hap:1,0.001,tau=1e-06;k=0;margin=0.995,U,1,318.7701767870869,unprojected,8.000000000230045e-06,0.0,8.000000000230045e-06,0.0,True
mp-2024244,R3,ctp-hap:1,0.0001,tau=1e-06;k=0;margin=0.995,U,1,318.7701767870869,unprojected,8.000000000230045e-06,0.0,8.000000000230045e-06,0.0,True
mp-2024244,R3,ctp-hap:1,1e-05,tau=1e-06;k=0;margin=0.995,U,1,318.7701767870869,unprojected,8.000000000230045e-06,0.0,8.000000000230045e-06,0.0,True
mp-2024244,GF,none,0.001,ZFP;tol_rel=4.64159e-05,U,1,12.567272727272726,,4.999999999810711e-06,0.0,4.999999999810711e-06,0.0,True
mp-2024244,GF,none,0.0001,ZFP;tol_rel=4.64159e-05,U,1,12.567272727272726,,4.999999999810711e-06,0.0,4.999999999810711e-06,0.0,True
mp-2024244,GF,none,1e-05,ZFP;tol_rel=4.64159e-05,U,1,12.567272727272726,,4.999999999810711e-06,0.0,4.999999999810711e-06,0.0,True
mp-2024244,GF,uniform,0.001,ZFP;tol_rel=0.0001,uniform,1,14.5281300357318,,0.0,0.0,5.999999999062311e-06,0.0,True
mp-2024244,GF,uniform,0.0001,ZFP;tol_rel=0.0001,uniform,1,14.5281300357318,,0.0,0.0,5.999999999062311e-06,0.0,True
mp-2024244,GF,uniform,1e-05,ZFP;tol_rel=0.0001,uniform,1,14.5281300357318,,0.0,0.0,5.999999999062311e-06,0.0,True
mp-2024244,GF,hap:0.0001,0.001,ZFP;tol_rel=4.64159e-05,hap:0.0001,1,12.564226854095978,,0.0,0.0,4.999999999810711e-06,0.0,True
mp-2024244,GF,hap:0.0001,0.0001,ZFP;tol_rel=4.64159e-05,hap:0.0001,1,12.564226854095978,,0.0,0.0,4.999999999810711e-06,0.0,True
mp-2024244,GF,hap:0.0001,1e-05,ZFP;tol_rel=4.64159e-05,hap:0.0001,1,12.564226854095978,,0.0,0.0,4.999999999810711e-06,0.0,True
mp-2024244,GF,hap:0.01,0.001,ZFP;tol_rel=4.64159e-05,hap:0.01,1,12.564226854095978,,0.0,0.0,4.999999999810711e-06,0.0,True
mp-2024244,GF,hap:0.01,0.0001,ZFP;tol_rel=4.64159e-05,hap:0.01,1,12.564226854095978,,0.0,0.0,4.999999999810711e-06,0.0,True
mp-2024244,GF,hap:0.01,1e-05,ZFP;tol_rel=4.64159e-05,hap:0.01,1,12.564226854095978,,0.0,0.0,4.999999999810711e-06,0.0,True
mp-2024244,GF,hap:1,0.001,ZFP;tol_rel=4.64159e-05,hap:1,1,12.564226854095978,,0.0,0.0,4.999999999810711e-06,0.0,True
mp-2024244,GF,hap:1,0.0001,ZFP;tol_rel=4.64159e-05,hap:1,1,12.564226854095978,,0.0,0.0,4.999999999810711e-06,0.0,True
mp-2024244,GF,hap:1,1e-05,ZFP;tol_rel=4.64159e-05,hap:1,1,12.564226854095978,,0.0,0.0,4.999999999810711e-06,0.0,True
mp-2024244,GF,ctp-uniform,0.001,ZFP;tol_rel=0.0001,uniform,1,14.52808762439681,unprojected,,,5.999999999062311e-06,0.0,False
mp-2024244,GF,ctp-uniform,0.001,ZFP;tol_rel=4.64159e-05,U,2,12.567240991815677,unprojected,4.999999999810711e-06,0.0,4.999999999810711e-06,0.0,True
mp-2024244,GF,ctp-uniform,0.0001,ZFP;tol_rel=0.0001,uniform,1,14.52808762439681,unprojected,,,5.999999999062311e-06,0.0,False
mp-2024244,GF,ctp-uniform,0.0001,ZFP;tol_rel=4.64159e-05,U,2,12.567240991815677,unprojected,4.999999999810711e-06,0.0,4.999999999810711e-06,0.0,True
mp-2024244,GF,ctp-uniform,1e-05,ZFP;tol_rel=0.0001,uniform,1,14.52808762439681,unprojected,,,5.999999999062311e-06,0.0,False
mp-2024244,GF,ctp-uniform,1e-05,ZFP;tol_rel=4.64159e-05,U,2,12.567240991815677,unprojected,4.999999999810711e-06,0.0,4.999999999810711e-06,0.0,True
mp-2024244,GF,ctp-hap:0.0001,0.001,ZFP;tol_rel=4.64159e-05,U,1,12.567240991815677,unprojected,4.999999999810711e-06,0.0,4.999999999810711e-06,0.0,True
mp-2024244,GF,ctp-hap:0.0001,0.0001,ZFP;tol_rel=4.64159e-05,U,1,12.567240991815677,unprojected,4.999999999810711e-06,0.0,4.999999999810711e-06,0.0,True
mp-2024244,GF,ctp-hap:0.0001,1e-05,ZFP;tol_rel=4.64159e-05,U,1,12.567240991815677,unprojected,4.999999999810711e-06,0.0,4.999999999810711e-06,0.0,True
mp-2024244,GF,ctp-hap:0.01,0.001,ZFP;tol_rel=4.64159e-05,U,1,12.567240991815677,unprojected,4.999999999810711e-06,0.0,4.999999999810711e-06,0.0,True
mp-2024244,GF,ctp-hap:0.01,0.0001,ZFP;tol_rel=4.64159e-05,U,1,12.567240991815677,unprojected,4.999999999810711e-06,0.0,4.999999999810711e-06,0.0,True
mp-2024244,GF,ctp-hap:0.01,1e-05,ZFP;tol_rel=4.64159e-05,U,1,12.567240991815677,unprojected,4.999999999810711e-06,0.0,4.999999999810711e-06,0.0,True
mp-2024244,GF,ctp-hap:1,0.001,ZFP;tol_rel=4.64159e-05,U,1,12.567240991815677,unprojected,4.999999999810711e-06,0.0,4.999999999810711e-06,0.0,True
mp-2024244,GF,ctp-hap:1,0.0001,ZFP;tol_rel=4.64159e-05,U,1,12.567240991815677,unprojected,4.999999999810711e-06,0.0,4.999999999810711e-06,0.0,True
mp-2024244,GF,ctp-hap:1,1e-05,ZFP;tol_rel=4.64159e-05,U,1,12.567240991815677,unprojected,4.999999999810711e-06,0.0,4.999999999810711e-06,0.0,True
mp-7726,J,none,0.001,alpha_rel=0.00215443,U,1,302.6416930187302,,1.3000000000040757e-05,0.0,1.3000000000040757e-05,0.0,True
mp-7726,J,none,0.0001,alpha_rel=0.00215443,U,1,302.6416930187302,,1.3000000000040757e-05,0.0,1.3000000000040757e-05,0.0,True
mp-7726,J,none,1e-05,alpha_rel=0.00215443,U,1,302.6416930187302,,1.3000000000040757e-05,0.0,1.3000000000040757e-05,0.0,False
mp-7726,J,none,1e-05,alpha_rel=0.001,U,2,252.99374714046056,,4.999999999810711e-06,0.0,4.999999999810711e-06,0.0,True
mp-7726,J,uniform,0.001,alpha_rel=0.001,uniform,1,251.96901422712773,,0.0,0.0,4.999999999810711e-06,0.0,True
mp-7726,J,uniform,0.0001,alpha_rel=0.001,uniform,1,251.96901422712773,,0.0,0.0,4.999999999810711e-06,0.0,True
mp-7726,J,uniform,1e-05,alpha_rel=0.001,uniform,1,251.96901422712773,,0.0,0.0,4.999999999810711e-06,0.0,True
mp-7726,J,hap:0.0001,0.001,alpha_rel=0.00215443,hap:0.0001,1,301.03072828453907,,0.0,0.0,1.3000000000040757e-05,0.0,True
mp-7726,J,hap:0.0001,0.0001,alpha_rel=0.00215443,hap:0.0001,1,301.03072828453907,,0.0,0.0,1.3000000000040757e-05,0.0,True
mp-7726,J,hap:0.0001,1e-05,alpha_rel=0.00215443,hap:0.0001,1,301.03072828453907,,0.0,0.0,1.3000000000040757e-05,0.0,True
mp-7726,J,hap:0.01,0.001,alpha_rel=0.00215443,hap:0.01,1,301.03072828453907,,0.0,0.0,1.3000000000040757e-05,0.0,True
mp-7726,J,hap:0.01,0.0001,alpha_rel=0.00215443,hap:0.01,1,301.03072828453907,,0.0,0.0,1.3000000000040757e-05,0.0,True
mp-7726,J,hap:0.01,1e-05,alpha_rel=0.00215443,hap:0.01,1,301.03072828453907,,0.0,0.0,1.3000000000040757e-05,0.0,True
mp-7726,J,hap:1,0.001,alpha_rel=0.00215443,hap:1,1,301.03072828453907,,0.0,0.0,1.3000000000040757e-05,0.0,True
mp-7726,J,hap:1,0.0001,alpha_rel=0.00215443,hap:1,1,301.03072828453907,,0.0,0.0,1.3000000000040757e-05,0.0,True
mp-7726,J,hap:1,1e-05,alpha_rel=0.00215443,hap:1,1,301.03072828453907,,0.0,0.0,1.3000000000040757e-05,0.0,True
mp-7726,J,ctp-uniform,0.001,alpha_rel=0.00215443,U,1,302.6232897537245,unprojected,1.3000000000040757e-05,0.0,1.3000000000040757e-05,0.0,True
mp-7726,J,ctp-uniform,0.0001,alpha_rel=0.00215443,U,1,302.6232897537245,unprojected,1.3000000000040757e-05,0.0,1.3000000000040757e-05,0.0,True
mp-7726,J,ctp-uniform,1e-05,alpha_rel=0.00215443,U,1,302.6232897537245,projected,1.3000000000040757e-05,0.0,1.3000000000040757e-05,0.0,False
mp-7726,J,ctp-uniform,1e-05,alpha_rel=0.001,U,2,252.9808865392436,unprojected,4.999999999810711e-06,0.0,4.999999999810711e-06,0.0,True
mp-7726,J,ctp-hap:0.0001,0.001,alpha_rel=0.00215443,U,1,302.6232897537245,unprojected,1.3000000000040757e-05,0.0,1.3000000000040757e-05,0.0,True
mp-7726,J,ctp-hap:0.0001,0.0001,alpha_rel=0.00215443,U,1,302.6232897537245,unprojected,1.3000000000040757e-05,0.0,1.3000000000040757e-05,0.0,True
mp-7726,J,ctp-hap:0.0001,1e-05,alpha_rel=0.00215443,U,1,302.6232897537245,projected,1.3000000000040757e-05,0.0,1.3000000000040757e-05,0.0,False
mp-7726,J,ctp-hap:0.0001,1e-05,alpha_rel=0.00215443,hap:0.0001,2,301.012520413718,projected,0.0,0.0,1.3000000000040757e-05,0.0,True
mp-7726,J,ctp-hap:0.01,0.001,alpha_rel=0.00215443,U,1,302.6232897537245,unprojected,1.3000000000040757e-05,0.0,1.3000000000040757e-05,0.0,True
mp-7726,J,ctp-hap:0.01,0.0001,alpha_rel=0.00215443,U,1,302.6232897537245,unprojected,1.3000000000040757e-05,0.0,1.3000000000040757e-05,0.0,True
mp-7726,J,ctp-hap:0.01,1e-05,alpha_rel=0.00215443,U,1,302.6232897537245,projected,1.3000000000040757e-05,0.0,1.3000000000040757e-05,0.0,False
mp-7726,J,ctp-hap:0.01,1e-05,alpha_rel=0.00215443,hap:0.01,2,301.012520413718,projected,0.0,0.0,1.3000000000040757e-05,0.0,True
mp-7726,J,ctp-hap:1,0.001,alpha_rel=0.00215443,U,1,302.6232897537245,unprojected,1.3000000000040757e-05,0.0,1.3000000000040757e-05,0.0,True
mp-7726,J,ctp-hap:1,0.0001,alpha_rel=0.00215443,U,1,302.6232897537245,unprojected,1.3000000000040757e-05,0.0,1.3000000000040757e-05,0.0,True
mp-7726,J,ctp-hap:1,1e-05,alpha_rel=0.00215443,U,1,302.6232897537245,projected,1.3000000000040757e-05,0.0,1.3000000000040757e-05,0.0,False
mp-7726,J,ctp-hap:1,1e-05,alpha_rel=0.00215443,hap:1,2,301.012520413718,projected,0.0,0.0,1.3000000000040757e-05,0.0,True
mp-7726,T1,none,0.001,q_cut=0.3;alpha_rel=2.15443e-05,U,1,260.9806492212492,,4.999999999810711e-06,0.0,4.999999999810711e-06,0.0,True
mp-7726,T1,none,0.0001,q_cut=0.3;alpha_rel=2.15443e-05,U,1,260.9806492212492,,4.999999999810711e-06,0.0,4.999999999810711e-06,0.0,True
mp-7726,T1,none,1e-05,q_cut=0.3;alpha_rel=2.15443e-05,U,1,260.9806492212492,,4.999999999810711e-06,0.0,4.999999999810711e-06,0.0,True
mp-7726,T1,uniform,0.001,q_cut=0.3;alpha_rel=2.15443e-05,uniform,1,259.8903336988877,,0.0,0.0,4.999999999810711e-06,0.0,True
mp-7726,T1,uniform,0.0001,q_cut=0.3;alpha_rel=2.15443e-05,uniform,1,259.8903336988877,,0.0,0.0,4.999999999810711e-06,0.0,True
mp-7726,T1,uniform,1e-05,q_cut=0.3;alpha_rel=2.15443e-05,uniform,1,259.8903336988877,,0.0,0.0,4.999999999810711e-06,0.0,True
mp-7726,T1,hap:0.0001,0.001,q_cut=0.3;alpha_rel=2.15443e-05,hap:0.0001,1,259.7818029962938,,0.0,0.0,4.999999999810711e-06,0.0,True
mp-7726,T1,hap:0.0001,0.0001,q_cut=0.3;alpha_rel=2.15443e-05,hap:0.0001,1,259.7818029962938,,0.0,0.0,4.999999999810711e-06,0.0,True
mp-7726,T1,hap:0.0001,1e-05,q_cut=0.3;alpha_rel=2.15443e-05,hap:0.0001,1,259.7818029962938,,0.0,0.0,4.999999999810711e-06,0.0,True
mp-7726,T1,hap:0.01,0.001,q_cut=0.3;alpha_rel=2.15443e-05,hap:0.01,1,259.7818029962938,,0.0,0.0,4.999999999810711e-06,0.0,True
mp-7726,T1,hap:0.01,0.0001,q_cut=0.3;alpha_rel=2.15443e-05,hap:0.01,1,259.7818029962938,,0.0,0.0,4.999999999810711e-06,0.0,True
mp-7726,T1,hap:0.01,1e-05,q_cut=0.3;alpha_rel=2.15443e-05,hap:0.01,1,259.7818029962938,,0.0,0.0,4.999999999810711e-06,0.0,True
mp-7726,T1,hap:1,0.001,q_cut=0.3;alpha_rel=2.15443e-05,hap:1,1,259.7818029962938,,0.0,0.0,4.999999999810711e-06,0.0,True
mp-7726,T1,hap:1,0.0001,q_cut=0.3;alpha_rel=2.15443e-05,hap:1,1,259.7818029962938,,0.0,0.0,4.999999999810711e-06,0.0,True
mp-7726,T1,hap:1,1e-05,q_cut=0.3;alpha_rel=2.15443e-05,hap:1,1,259.7818029962938,,0.0,0.0,4.999999999810711e-06,0.0,True
mp-7726,T1,ctp-uniform,0.001,q_cut=0.3;alpha_rel=2.15443e-05,U,1,260.9669638175144,unprojected,4.999999999810711e-06,0.0,4.999999999810711e-06,0.0,True
mp-7726,T1,ctp-uniform,0.0001,q_cut=0.3;alpha_rel=2.15443e-05,U,1,260.9669638175144,unprojected,4.999999999810711e-06,0.0,4.999999999810711e-06,0.0,True
mp-7726,T1,ctp-uniform,1e-05,q_cut=0.3;alpha_rel=2.15443e-05,U,1,260.9669638175144,unprojected,4.999999999810711e-06,0.0,4.999999999810711e-06,0.0,True
mp-7726,T1,ctp-hap:0.0001,0.001,q_cut=0.3;alpha_rel=2.15443e-05,U,1,260.9669638175144,unprojected,4.999999999810711e-06,0.0,4.999999999810711e-06,0.0,True
mp-7726,T1,ctp-hap:0.0001,0.0001,q_cut=0.3;alpha_rel=2.15443e-05,U,1,260.9669638175144,unprojected,4.999999999810711e-06,0.0,4.999999999810711e-06,0.0,True
mp-7726,T1,ctp-hap:0.0001,1e-05,q_cut=0.3;alpha_rel=2.15443e-05,U,1,260.9669638175144,unprojected,4.999999999810711e-06,0.0,4.999999999810711e-06,0.0,True
mp-7726,T1,ctp-hap:0.01,0.001,q_cut=0.3;alpha_rel=2.15443e-05,U,1,260.9669638175144,unprojected,4.999999999810711e-06,0.0,4.999999999810711e-06,0.0,True
mp-7726,T1,ctp-hap:0.01,0.0001,q_cut=0.3;alpha_rel=2.15443e-05,U,1,260.9669638175144,unprojected,4.999999999810711e-06,0.0,4.999999999810711e-06,0.0,True
mp-7726,T1,ctp-hap:0.01,1e-05,q_cut=0.3;alpha_rel=2.15443e-05,U,1,260.9669638175144,unprojected,4.999999999810711e-06,0.0,4.999999999810711e-06,0.0,True
mp-7726,T1,ctp-hap:1,0.001,q_cut=0.3;alpha_rel=2.15443e-05,U,1,260.9669638175144,unprojected,4.999999999810711e-06,0.0,4.999999999810711e-06,0.0,True
mp-7726,T1,ctp-hap:1,0.0001,q_cut=0.3;alpha_rel=2.15443e-05,U,1,260.9669638175144,unprojected,4.999999999810711e-06,0.0,4.999999999810711e-06,0.0,True
mp-7726,T1,ctp-hap:1,1e-05,q_cut=0.3;alpha_rel=2.15443e-05,U,1,260.9669638175144,unprojected,4.999999999810711e-06,0.0,4.999999999810711e-06,0.0,True
mp-7726,R3,none,0.001,tau=1e-06;k=0;margin=0.995,U,1,471.495973472288,,6.000000000838668e-06,0.0,6.000000000838668e-06,0.0,True
mp-7726,R3,none,0.0001,tau=1e-06;k=0;margin=0.995,U,1,471.495973472288,,6.000000000838668e-06,0.0,6.000000000838668e-06,0.0,True
mp-7726,R3,none,1e-05,tau=1e-06;k=0;margin=0.995,U,1,471.495973472288,,6.000000000838668e-06,0.0,6.000000000838668e-06,0.0,True
mp-7726,R3,hap:0.0001,0.001,tau=1e-06;k=0;margin=0.995,hap:0.0001,1,467.59748191299445,,0.0,0.0,6.000000000838668e-06,0.0,True
mp-7726,R3,hap:0.0001,0.0001,tau=1e-06;k=0;margin=0.995,hap:0.0001,1,467.59748191299445,,0.0,0.0,6.000000000838668e-06,0.0,True
mp-7726,R3,hap:0.0001,1e-05,tau=1e-06;k=0;margin=0.995,hap:0.0001,1,467.59748191299445,,0.0,0.0,6.000000000838668e-06,0.0,True
mp-7726,R3,hap:0.01,0.001,tau=1e-06;k=0;margin=0.995,hap:0.01,1,467.59748191299445,,0.0,0.0,6.000000000838668e-06,0.0,True
mp-7726,R3,hap:0.01,0.0001,tau=1e-06;k=0;margin=0.995,hap:0.01,1,467.59748191299445,,0.0,0.0,6.000000000838668e-06,0.0,True
mp-7726,R3,hap:0.01,1e-05,tau=1e-06;k=0;margin=0.995,hap:0.01,1,467.59748191299445,,0.0,0.0,6.000000000838668e-06,0.0,True
mp-7726,R3,ctp-uniform,0.001,tau=1e-06;k=0;margin=0.995,U,1,471.4513073133763,unprojected,6.000000000838668e-06,0.0,6.000000000838668e-06,0.0,True
mp-7726,R3,ctp-uniform,0.0001,tau=1e-06;k=0;margin=0.995,U,1,471.4513073133763,unprojected,6.000000000838668e-06,0.0,6.000000000838668e-06,0.0,True
mp-7726,R3,ctp-uniform,1e-05,tau=1e-06;k=0;margin=0.995,U,1,471.4513073133763,unprojected,6.000000000838668e-06,0.0,6.000000000838668e-06,0.0,True
mp-7726,R3,ctp-hap:0.0001,0.001,tau=1e-06;k=0;margin=0.995,U,1,471.4513073133763,unprojected,6.000000000838668e-06,0.0,6.000000000838668e-06,0.0,True
mp-7726,R3,ctp-hap:0.0001,0.0001,tau=1e-06;k=0;margin=0.995,U,1,471.4513073133763,unprojected,6.000000000838668e-06,0.0,6.000000000838668e-06,0.0,True
mp-7726,R3,ctp-hap:0.0001,1e-05,tau=1e-06;k=0;margin=0.995,U,1,471.4513073133763,unprojected,6.000000000838668e-06,0.0,6.000000000838668e-06,0.0,True
mp-7726,R3,ctp-hap:0.01,0.001,tau=1e-06;k=0;margin=0.995,U,1,471.4513073133763,unprojected,6.000000000838668e-06,0.0,6.000000000838668e-06,0.0,True
mp-7726,R3,ctp-hap:0.01,0.0001,tau=1e-06;k=0;margin=0.995,U,1,471.4513073133763,unprojected,6.000000000838668e-06,0.0,6.000000000838668e-06,0.0,True
mp-7726,R3,ctp-hap:0.01,1e-05,tau=1e-06;k=0;margin=0.995,U,1,471.4513073133763,unprojected,6.000000000838668e-06,0.0,6.000000000838668e-06,0.0,True
mp-7726,R3,ctp-hap:1,0.001,tau=1e-06;k=0;margin=0.995,U,1,471.4513073133763,unprojected,6.000000000838668e-06,0.0,6.000000000838668e-06,0.0,True
mp-7726,R3,ctp-hap:1,0.0001,tau=1e-06;k=0;margin=0.995,U,1,471.4513073133763,unprojected,6.000000000838668e-06,0.0,6.000000000838668e-06,0.0,True
mp-7726,R3,ctp-hap:1,1e-05,tau=1e-06;k=0;margin=0.995,U,1,471.4513073133763,unprojected,6.000000000838668e-06,0.0,6.000000000838668e-06,0.0,True
mp-7726,GF,none,0.001,ZFP;tol_rel=0.000215443,U,1,16.694308026728926,,8.999999998593466e-06,0.0,8.999999998593466e-06,0.0,True
mp-7726,GF,none,0.0001,ZFP;tol_rel=0.000215443,U,1,16.694308026728926,,8.999999998593466e-06,0.0,8.999999998593466e-06,0.0,True
mp-7726,GF,none,1e-05,ZFP;tol_rel=0.000215443,U,1,16.694308026728926,,8.999999998593466e-06,0.0,8.999999998593466e-06,0.0,True
mp-7726,GF,uniform,0.001,ZFP;tol_rel=0.000215443,uniform,1,16.689829098811472,,0.0,0.0,8.999999998593466e-06,0.0,True
mp-7726,GF,uniform,0.0001,ZFP;tol_rel=0.000215443,uniform,1,16.689829098811472,,0.0,0.0,8.999999998593466e-06,0.0,True
mp-7726,GF,uniform,1e-05,ZFP;tol_rel=0.000215443,uniform,1,16.689829098811472,,0.0,0.0,8.999999998593466e-06,0.0,True
mp-7726,GF,hap:0.0001,0.001,ZFP;tol_rel=0.000215443,hap:0.0001,1,16.689381338198206,,0.0,0.0,8.999999998593466e-06,0.0,True
mp-7726,GF,hap:0.0001,0.0001,ZFP;tol_rel=0.000215443,hap:0.0001,1,16.689381338198206,,0.0,0.0,8.999999998593466e-06,0.0,True
mp-7726,GF,hap:0.0001,1e-05,ZFP;tol_rel=0.000215443,hap:0.0001,1,16.689381338198206,,0.0,0.0,8.999999998593466e-06,0.0,True
mp-7726,GF,hap:0.01,0.001,ZFP;tol_rel=0.000215443,hap:0.01,1,16.689381338198206,,0.0,0.0,8.999999998593466e-06,0.0,True
mp-7726,GF,hap:0.01,0.0001,ZFP;tol_rel=0.000215443,hap:0.01,1,16.689381338198206,,0.0,0.0,8.999999998593466e-06,0.0,True
mp-7726,GF,hap:0.01,1e-05,ZFP;tol_rel=0.000215443,hap:0.01,1,16.689381338198206,,0.0,0.0,8.999999998593466e-06,0.0,True
mp-7726,GF,hap:1,0.001,ZFP;tol_rel=0.000215443,hap:1,1,16.689381338198206,,0.0,0.0,8.999999998593466e-06,0.0,True
mp-7726,GF,hap:1,0.0001,ZFP;tol_rel=0.000215443,hap:1,1,16.689381338198206,,0.0,0.0,8.999999998593466e-06,0.0,True
mp-7726,GF,hap:1,1e-05,ZFP;tol_rel=0.000215443,hap:1,1,16.689381338198206,,0.0,0.0,8.999999998593466e-06,0.0,True
mp-7726,GF,ctp-uniform,0.001,ZFP;tol_rel=0.000215443,U,1,16.6942520252931,unprojected,8.999999998593466e-06,0.0,8.999999998593466e-06,0.0,True
mp-7726,GF,ctp-uniform,0.0001,ZFP;tol_rel=0.000215443,U,1,16.6942520252931,unprojected,8.999999998593466e-06,0.0,8.999999998593466e-06,0.0,True
mp-7726,GF,ctp-uniform,1e-05,ZFP;tol_rel=0.000215443,U,1,16.6942520252931,unprojected,8.999999998593466e-06,0.0,8.999999998593466e-06,0.0,True
mp-7726,GF,ctp-hap:0.0001,0.001,ZFP;tol_rel=0.000215443,U,1,16.6942520252931,unprojected,8.999999998593466e-06,0.0,8.999999998593466e-06,0.0,True
mp-7726,GF,ctp-hap:0.0001,0.0001,ZFP;tol_rel=0.000215443,U,1,16.6942520252931,unprojected,8.999999998593466e-06,0.0,8.999999998593466e-06,0.0,True
mp-7726,GF,ctp-hap:0.0001,1e-05,ZFP;tol_rel=0.000215443,U,1,16.6942520252931,unprojected,8.999999998593466e-06,0.0,8.999999998593466e-06,0.0,True
mp-7726,GF,ctp-hap:0.01,0.001,ZFP;tol_rel=0.000215443,U,1,16.6942520252931,unprojected,8.999999998593466e-06,0.0,8.999999998593466e-06,0.0,True
mp-7726,GF,ctp-hap:0.01,0.0001,ZFP;tol_rel=0.000215443,U,1,16.6942520252931,unprojected,8.999999998593466e-06,0.0,8.999999998593466e-06,0.0,True
mp-7726,GF,ctp-hap:0.01,1e-05,ZFP;tol_rel=0.000215443,U,1,16.6942520252931,unprojected,8.999999998593466e-06,0.0,8.999999998593466e-06,0.0,True
mp-7726,GF,ctp-hap:1,0.001,ZFP;tol_rel=0.000215443,U,1,16.6942520252931,unprojected,8.999999998593466e-06,0.0,8.999999998593466e-06,0.0,True
mp-7726,GF,ctp-hap:1,0.0001,ZFP;tol_rel=0.000215443,U,1,16.6942520252931,unprojected,8.999999998593466e-06,0.0,8.999999998593466e-06,0.0,True
mp-7726,GF,ctp-hap:1,1e-05,ZFP;tol_rel=0.000215443,U,1,16.6942520252931,unprojected,8.999999998593466e-06,0.0,8.999999998593466e-06,0.0,True
mp-2027025,J,none,0.001,alpha_rel=0.000464159,U,1,109.37141500850508,,1.1999999998124622e-05,0.0,1.1999999998124622e-05,0.0,True
mp-2027025,J,none,0.0001,alpha_rel=0.000464159,U,1,109.37141500850508,,1.1999999998124622e-05,0.0,1.1999999998124622e-05,0.0,True
mp-2027025,J,none,1e-05,alpha_rel=0.000464159,U,1,109.37141500850508,,1.1999999998124622e-05,0.0,1.1999999998124622e-05,0.0,False
mp-2027025,J,none,1e-05,alpha_rel=0.000215443,U,2,78.61111269071327,,4.000000000559112e-06,0.0,4.000000000559112e-06,0.0,True
mp-2027025,J,uniform,0.001,alpha_rel=0.000464159,uniform,1,109.21933144243152,,0.0,0.0,1.1999999998124622e-05,0.0,True
mp-2027025,J,uniform,0.0001,alpha_rel=0.000464159,uniform,1,109.21933144243152,,0.0,0.0,1.1999999998124622e-05,0.0,True
mp-2027025,J,uniform,1e-05,alpha_rel=0.000464159,uniform,1,109.21933144243152,,0.0,0.0,1.1999999998124622e-05,0.0,True
mp-2027025,J,hap:0.0001,0.001,alpha_rel=0.000464159,hap:0.0001,1,109.21242860190078,,0.0,0.0,1.1999999998124622e-05,0.0,True
mp-2027025,J,hap:0.0001,0.0001,alpha_rel=0.000464159,hap:0.0001,1,109.21242860190078,,0.0,0.0,1.1999999998124622e-05,0.0,True
mp-2027025,J,hap:0.0001,1e-05,alpha_rel=0.000464159,hap:0.0001,1,109.21242860190078,,0.0,0.0,1.1999999998124622e-05,0.0,True
mp-2027025,J,hap:0.01,0.001,alpha_rel=0.000464159,hap:0.01,1,109.21242860190078,,0.0,0.0,1.1999999998124622e-05,0.0,True
mp-2027025,J,hap:0.01,0.0001,alpha_rel=0.000464159,hap:0.01,1,109.21242860190078,,0.0,0.0,1.1999999998124622e-05,0.0,True
mp-2027025,J,hap:0.01,1e-05,alpha_rel=0.000464159,hap:0.01,1,109.21242860190078,,0.0,0.0,1.1999999998124622e-05,0.0,True
mp-2027025,J,hap:1,0.001,alpha_rel=0.000464159,hap:1,1,109.21242860190078,,0.0,0.0,1.1999999998124622e-05,0.0,True
mp-2027025,J,hap:1,0.0001,alpha_rel=0.000464159,hap:1,1,109.21242860190078,,0.0,0.0,1.1999999998124622e-05,0.0,True
mp-2027025,J,hap:1,1e-05,alpha_rel=0.000464159,hap:1,1,109.21242860190078,,0.0,0.0,1.1999999998124622e-05,0.0,True
mp-2027025,J,ctp-uniform,0.001,alpha_rel=0.000464159,U,1,109.3705497009399,unprojected,1.1999999998124622e-05,0.0,1.1999999998124622e-05,0.0,True
mp-2027025,J,ctp-uniform,0.0001,alpha_rel=0.000464159,U,1,109.3705497009399,unprojected,1.1999999998124622e-05,0.0,1.1999999998124622e-05,0.0,True
mp-2027025,J,ctp-uniform,1e-05,alpha_rel=0.000464159,U,1,109.3705497009399,projected,1.1999999998124622e-05,0.0,1.1999999998124622e-05,0.0,False
mp-2027025,J,ctp-uniform,1e-05,alpha_rel=0.000464159,uniform,2,109.2184685396454,projected,0.0,0.0,1.1999999998124622e-05,0.0,True
mp-2027025,J,ctp-hap:0.0001,0.001,alpha_rel=0.000464159,U,1,109.3705497009399,unprojected,1.1999999998124622e-05,0.0,1.1999999998124622e-05,0.0,True
mp-2027025,J,ctp-hap:0.0001,0.0001,alpha_rel=0.000464159,U,1,109.3705497009399,unprojected,1.1999999998124622e-05,0.0,1.1999999998124622e-05,0.0,True
mp-2027025,J,ctp-hap:0.0001,1e-05,alpha_rel=0.000464159,U,1,109.3705497009399,projected,1.1999999998124622e-05,0.0,1.1999999998124622e-05,0.0,False
mp-2027025,J,ctp-hap:0.0001,1e-05,alpha_rel=0.000464159,hap:0.0001,2,109.21156580818456,projected,0.0,0.0,1.1999999998124622e-05,0.0,True
mp-2027025,J,ctp-hap:0.01,0.001,alpha_rel=0.000464159,U,1,109.3705497009399,unprojected,1.1999999998124622e-05,0.0,1.1999999998124622e-05,0.0,True
mp-2027025,J,ctp-hap:0.01,0.0001,alpha_rel=0.000464159,U,1,109.3705497009399,unprojected,1.1999999998124622e-05,0.0,1.1999999998124622e-05,0.0,True
mp-2027025,J,ctp-hap:0.01,1e-05,alpha_rel=0.000464159,U,1,109.3705497009399,projected,1.1999999998124622e-05,0.0,1.1999999998124622e-05,0.0,False
mp-2027025,J,ctp-hap:0.01,1e-05,alpha_rel=0.000464159,hap:0.01,2,109.21156580818456,projected,0.0,0.0,1.1999999998124622e-05,0.0,True
mp-2027025,J,ctp-hap:1,0.001,alpha_rel=0.000464159,U,1,109.3705497009399,unprojected,1.1999999998124622e-05,0.0,1.1999999998124622e-05,0.0,True
mp-2027025,J,ctp-hap:1,0.0001,alpha_rel=0.000464159,U,1,109.3705497009399,unprojected,1.1999999998124622e-05,0.0,1.1999999998124622e-05,0.0,True
mp-2027025,J,ctp-hap:1,1e-05,alpha_rel=0.000464159,U,1,109.3705497009399,projected,1.1999999998124622e-05,0.0,1.1999999998124622e-05,0.0,False
mp-2027025,J,ctp-hap:1,1e-05,alpha_rel=0.000464159,hap:1,2,109.21156580818456,projected,0.0,0.0,1.1999999998124622e-05,0.0,True
mp-2027025,T1,none,0.001,q_cut=0.5;alpha_rel=4.64159e-06,U,1,47.196673290042405,,3.0000000013075123e-06,0.0,3.0000000013075123e-06,0.0,True
mp-2027025,T1,none,0.0001,q_cut=0.5;alpha_rel=4.64159e-06,U,1,47.196673290042405,,3.0000000013075123e-06,0.0,3.0000000013075123e-06,0.0,True
mp-2027025,T1,none,1e-05,q_cut=0.5;alpha_rel=4.64159e-06,U,1,47.196673290042405,,3.0000000013075123e-06,0.0,3.0000000013075123e-06,0.0,True
mp-2027025,T1,uniform,0.001,q_cut=0.5;alpha_rel=1e-05,uniform,1,59.25189341174151,,0.0,0.0,7.000000000090267e-06,0.0,True
mp-2027025,T1,uniform,0.0001,q_cut=0.5;alpha_rel=1e-05,uniform,1,59.25189341174151,,0.0,0.0,7.000000000090267e-06,0.0,True
mp-2027025,T1,uniform,1e-05,q_cut=0.5;alpha_rel=1e-05,uniform,1,59.25189341174151,,0.0,0.0,7.000000000090267e-06,0.0,True
mp-2027025,T1,hap:0.0001,0.001,q_cut=0.5;alpha_rel=4.64159e-06,hap:0.0001,1,47.167043120449286,,0.0,0.0,3.0000000013075123e-06,0.0,True
mp-2027025,T1,hap:0.0001,0.0001,q_cut=0.5;alpha_rel=4.64159e-06,hap:0.0001,1,47.167043120449286,,0.0,0.0,3.0000000013075123e-06,0.0,True
mp-2027025,T1,hap:0.0001,1e-05,q_cut=0.5;alpha_rel=4.64159e-06,hap:0.0001,1,47.167043120449286,,0.0,0.0,3.0000000013075123e-06,0.0,True
mp-2027025,T1,hap:0.01,0.001,q_cut=0.5;alpha_rel=4.64159e-06,hap:0.01,1,47.167043120449286,,0.0,0.0,3.0000000013075123e-06,0.0,True
mp-2027025,T1,hap:0.01,0.0001,q_cut=0.5;alpha_rel=4.64159e-06,hap:0.01,1,47.167043120449286,,0.0,0.0,3.0000000013075123e-06,0.0,True
mp-2027025,T1,hap:0.01,1e-05,q_cut=0.5;alpha_rel=4.64159e-06,hap:0.01,1,47.167043120449286,,0.0,0.0,3.0000000013075123e-06,0.0,True
mp-2027025,T1,hap:1,0.001,q_cut=0.5;alpha_rel=4.64159e-06,hap:1,1,47.167043120449286,,0.0,0.0,3.0000000013075123e-06,0.0,True
mp-2027025,T1,hap:1,0.0001,q_cut=0.5;alpha_rel=4.64159e-06,hap:1,1,47.167043120449286,,0.0,0.0,3.0000000013075123e-06,0.0,True
mp-2027025,T1,hap:1,1e-05,q_cut=0.5;alpha_rel=4.64159e-06,hap:1,1,47.167043120449286,,0.0,0.0,3.0000000013075123e-06,0.0,True
mp-2027025,T1,ctp-uniform,0.001,q_cut=0.5;alpha_rel=1e-05,uniform,1,59.25163944965925,unprojected,,,7.000000000090267e-06,0.0,False
mp-2027025,T1,ctp-uniform,0.001,q_cut=0.5;alpha_rel=4.64159e-06,U,2,47.196512155901445,unprojected,3.0000000013075123e-06,0.0,3.0000000013075123e-06,0.0,True
mp-2027025,T1,ctp-uniform,0.0001,q_cut=0.5;alpha_rel=1e-05,uniform,1,59.25163944965925,unprojected,,,7.000000000090267e-06,0.0,False
mp-2027025,T1,ctp-uniform,0.0001,q_cut=0.5;alpha_rel=4.64159e-06,U,2,47.196512155901445,unprojected,3.0000000013075123e-06,0.0,3.0000000013075123e-06,0.0,True
mp-2027025,T1,ctp-uniform,1e-05,q_cut=0.5;alpha_rel=1e-05,uniform,1,59.25163944965925,unprojected,,,7.000000000090267e-06,0.0,False
mp-2027025,T1,ctp-uniform,1e-05,q_cut=0.5;alpha_rel=4.64159e-06,U,2,47.196512155901445,unprojected,3.0000000013075123e-06,0.0,3.0000000013075123e-06,0.0,True
mp-2027025,T1,ctp-hap:0.0001,0.001,q_cut=0.5;alpha_rel=4.64159e-06,U,1,47.196512155901445,unprojected,3.0000000013075123e-06,0.0,3.0000000013075123e-06,0.0,True
mp-2027025,T1,ctp-hap:0.0001,0.0001,q_cut=0.5;alpha_rel=4.64159e-06,U,1,47.196512155901445,unprojected,3.0000000013075123e-06,0.0,3.0000000013075123e-06,0.0,True
mp-2027025,T1,ctp-hap:0.0001,1e-05,q_cut=0.5;alpha_rel=4.64159e-06,U,1,47.196512155901445,unprojected,3.0000000013075123e-06,0.0,3.0000000013075123e-06,0.0,True
mp-2027025,T1,ctp-hap:0.01,0.001,q_cut=0.5;alpha_rel=4.64159e-06,U,1,47.196512155901445,unprojected,3.0000000013075123e-06,0.0,3.0000000013075123e-06,0.0,True
mp-2027025,T1,ctp-hap:0.01,0.0001,q_cut=0.5;alpha_rel=4.64159e-06,U,1,47.196512155901445,unprojected,3.0000000013075123e-06,0.0,3.0000000013075123e-06,0.0,True
mp-2027025,T1,ctp-hap:0.01,1e-05,q_cut=0.5;alpha_rel=4.64159e-06,U,1,47.196512155901445,unprojected,3.0000000013075123e-06,0.0,3.0000000013075123e-06,0.0,True
mp-2027025,T1,ctp-hap:1,0.001,q_cut=0.5;alpha_rel=4.64159e-06,U,1,47.196512155901445,unprojected,3.0000000013075123e-06,0.0,3.0000000013075123e-06,0.0,True
mp-2027025,T1,ctp-hap:1,0.0001,q_cut=0.5;alpha_rel=4.64159e-06,U,1,47.196512155901445,unprojected,3.0000000013075123e-06,0.0,3.0000000013075123e-06,0.0,True
mp-2027025,T1,ctp-hap:1,1e-05,q_cut=0.5;alpha_rel=4.64159e-06,U,1,47.196512155901445,unprojected,3.0000000013075123e-06,0.0,3.0000000013075123e-06,0.0,True
mp-2027025,R3,none,0.001,tau=1e-06;k=0;margin=0.995,U,1,157.1659200982287,,1.2999999999152578e-05,0.0,1.2999999999152578e-05,0.0,True
mp-2027025,R3,none,0.0001,tau=1e-06;k=0;margin=0.995,U,1,157.1659200982287,,1.2999999999152578e-05,0.0,1.2999999999152578e-05,0.0,True
mp-2027025,R3,none,1e-05,tau=1e-06;k=0;margin=0.995,U,1,157.1659200982287,,1.2999999999152578e-05,0.0,1.2999999999152578e-05,0.0,False
mp-2027025,R3,none,1e-05,tau=1e-06;k=1;margin=0.990025,U,2,156.6441173471122,,1.5000000001208493e-05,0.0,1.5000000001208493e-05,0.0,False
mp-2027025,R3,none,1e-05,tau=1e-06;k=2;margin=0.985074875,U,3,156.12400474335084,,1.2999999999152578e-05,0.0,1.2999999999152578e-05,0.0,False
mp-2027025,R3,none,1e-05,tau=1e-06;k=3;margin=0.980149501,U,4,155.6598993345269,,1.2999999999152578e-05,0.0,1.2999999999152578e-05,0.0,False
mp-2027025,R3,none,1e-05,tau=1e-06;k=4;margin=0.975248753,U,5,155.17589744741036,,1.2999999999152578e-05,0.0,1.2999999999152578e-05,0.0,False
mp-2027025,R3,hap:0.0001,0.001,tau=1e-06;k=0;margin=0.995,hap:0.0001,1,156.8378298654444,,0.0,0.0,1.2999999999152578e-05,0.0,True
mp-2027025,R3,hap:0.0001,0.0001,tau=1e-06;k=0;margin=0.995,hap:0.0001,1,156.8378298654444,,0.0,0.0,1.2999999999152578e-05,0.0,True
mp-2027025,R3,hap:0.0001,1e-05,tau=1e-06;k=0;margin=0.995,hap:0.0001,1,156.8378298654444,,0.0,0.0,1.2999999999152578e-05,0.0,True
mp-2027025,R3,hap:0.01,0.001,tau=1e-06;k=0;margin=0.995,hap:0.01,1,156.8378298654444,,0.0,0.0,1.2999999999152578e-05,0.0,True
mp-2027025,R3,hap:0.01,0.0001,tau=1e-06;k=0;margin=0.995,hap:0.01,1,156.8378298654444,,0.0,0.0,1.2999999999152578e-05,0.0,True
mp-2027025,R3,hap:0.01,1e-05,tau=1e-06;k=0;margin=0.995,hap:0.01,1,156.8378298654444,,0.0,0.0,1.2999999999152578e-05,0.0,True
mp-2027025,R3,hap:1,0.001,tau=1e-06;k=2;margin=0.985074875,hap:1,1,155.8002456919384,,0.0,0.0,1.2999999999152578e-05,0.0,True
mp-2027025,R3,hap:1,0.0001,tau=1e-06;k=2;margin=0.985074875,hap:1,1,155.8002456919384,,0.0,0.0,1.2999999999152578e-05,0.0,True
mp-2027025,R3,hap:1,1e-05,tau=1e-06;k=2;margin=0.985074875,hap:1,1,155.8002456919384,,0.0,0.0,1.2999999999152578e-05,0.0,True
mp-2027025,R3,ctp-uniform,0.001,tau=1e-06;k=0;margin=0.995,U,1,157.16413328937347,unprojected,1.2999999999152578e-05,0.0,1.2999999999152578e-05,0.0,True
mp-2027025,R3,ctp-uniform,0.0001,tau=1e-06;k=0;margin=0.995,U,1,157.16413328937347,unprojected,1.2999999999152578e-05,0.0,1.2999999999152578e-05,0.0,True
mp-2027025,R3,ctp-uniform,1e-05,tau=1e-06;k=0;margin=0.995,U,1,157.16413328937347,projected,1.2999999999152578e-05,0.0,1.2999999999152578e-05,0.0,False
mp-2027025,R3,ctp-uniform,1e-05,tau=1e-06;k=1;margin=0.990025,U,2,156.64234238317545,projected,1.5000000001208493e-05,0.0,1.5000000001208493e-05,0.0,False
mp-2027025,R3,ctp-uniform,1e-05,tau=1e-06;k=2;margin=0.985074875,U,3,156.12224154676665,projected,1.2999999999152578e-05,0.0,1.2999999999152578e-05,0.0,False
mp-2027025,R3,ctp-uniform,1e-05,tau=1e-06;k=3;margin=0.980149501,U,4,155.65814660511202,projected,1.2999999999152578e-05,0.0,1.2999999999152578e-05,0.0,False
mp-2027025,R3,ctp-uniform,1e-05,tau=1e-06;k=4;margin=0.975248753,U,5,155.17415560070492,projected,1.2999999999152578e-05,0.0,1.2999999999152578e-05,0.0,False
mp-2027025,R3,ctp-hap:0.0001,0.001,tau=1e-06;k=0;margin=0.995,U,1,157.16413328937347,unprojected,1.2999999999152578e-05,0.0,1.2999999999152578e-05,0.0,True
mp-2027025,R3,ctp-hap:0.0001,0.0001,tau=1e-06;k=0;margin=0.995,U,1,157.16413328937347,unprojected,1.2999999999152578e-05,0.0,1.2999999999152578e-05,0.0,True
mp-2027025,R3,ctp-hap:0.0001,1e-05,tau=1e-06;k=0;margin=0.995,U,1,157.16413328937347,projected,1.2999999999152578e-05,0.0,1.2999999999152578e-05,0.0,False
mp-2027025,R3,ctp-hap:0.0001,1e-05,tau=1e-06;k=0;margin=0.995,hap:0.0001,2,156.83605050883224,projected,0.0,0.0,1.2999999999152578e-05,0.0,True
mp-2027025,R3,ctp-hap:0.01,0.001,tau=1e-06;k=0;margin=0.995,U,1,157.16413328937347,unprojected,1.2999999999152578e-05,0.0,1.2999999999152578e-05,0.0,True
mp-2027025,R3,ctp-hap:0.01,0.0001,tau=1e-06;k=0;margin=0.995,U,1,157.16413328937347,unprojected,1.2999999999152578e-05,0.0,1.2999999999152578e-05,0.0,True
mp-2027025,R3,ctp-hap:0.01,1e-05,tau=1e-06;k=0;margin=0.995,U,1,157.16413328937347,projected,1.2999999999152578e-05,0.0,1.2999999999152578e-05,0.0,False
mp-2027025,R3,ctp-hap:0.01,1e-05,tau=1e-06;k=0;margin=0.995,hap:0.01,2,156.83605050883224,projected,0.0,0.0,1.2999999999152578e-05,0.0,True
mp-2027025,R3,ctp-hap:1,0.001,tau=1e-06;k=0;margin=0.995,U,1,157.16413328937347,unprojected,1.2999999999152578e-05,0.0,1.2999999999152578e-05,0.0,True
mp-2027025,R3,ctp-hap:1,0.0001,tau=1e-06;k=0;margin=0.995,U,1,157.16413328937347,unprojected,1.2999999999152578e-05,0.0,1.2999999999152578e-05,0.0,True
mp-2027025,R3,ctp-hap:1,1e-05,tau=1e-06;k=0;margin=0.995,U,1,157.16413328937347,projected,1.2999999999152578e-05,0.0,1.2999999999152578e-05,0.0,False
mp-2027025,R3,ctp-hap:1,1e-05,tau=1e-06;k=1;margin=0.990025,U,2,156.64234238317545,projected,1.5000000001208493e-05,0.0,1.5000000001208493e-05,0.0,False
mp-2027025,R3,ctp-hap:1,1e-05,tau=1e-06;k=2;margin=0.985074875,U,3,156.12224154676665,projected,1.2999999999152578e-05,0.0,1.2999999999152578e-05,0.0,False
mp-2027025,R3,ctp-hap:1,1e-05,tau=1e-06;k=2;margin=0.985074875,hap:1,4,155.79848980051844,projected,0.0,0.0,1.2999999999152578e-05,0.0,True
mp-2027025,GF,none,0.001,SPERR;tol_rel=4.64159e-06,U,1,26.22368668157684,,5.000000001587068e-06,0.0,5.000000001587068e-06,0.0,True
mp-2027025,GF,none,0.0001,SPERR;tol_rel=4.64159e-06,U,1,26.22368668157684,,5.000000001587068e-06,0.0,5.000000001587068e-06,0.0,True
mp-2027025,GF,none,1e-05,SPERR;tol_rel=4.64159e-06,U,1,26.22368668157684,,5.000000001587068e-06,0.0,5.000000001587068e-06,0.0,True
mp-2027025,GF,uniform,0.001,SPERR;tol_rel=4.64159e-06,uniform,1,26.21493439629229,,0.0,0.0,5.000000001587068e-06,0.0,True
mp-2027025,GF,uniform,0.0001,SPERR;tol_rel=4.64159e-06,uniform,1,26.21493439629229,,0.0,0.0,5.000000001587068e-06,0.0,True
mp-2027025,GF,uniform,1e-05,SPERR;tol_rel=4.64159e-06,uniform,1,26.21493439629229,,0.0,0.0,5.000000001587068e-06,0.0,True
mp-2027025,GF,hap:0.0001,0.001,SPERR;tol_rel=4.64159e-06,hap:0.0001,1,26.21453670395437,,0.0,0.0,5.000000001587068e-06,0.0,True
mp-2027025,GF,hap:0.0001,0.0001,SPERR;tol_rel=4.64159e-06,hap:0.0001,1,26.21453670395437,,0.0,0.0,5.000000001587068e-06,0.0,True
mp-2027025,GF,hap:0.0001,1e-05,SPERR;tol_rel=4.64159e-06,hap:0.0001,1,26.21453670395437,,0.0,0.0,5.000000001587068e-06,0.0,True
mp-2027025,GF,hap:0.01,0.001,SPERR;tol_rel=4.64159e-06,hap:0.01,1,26.21453670395437,,0.0,0.0,5.000000001587068e-06,0.0,True
mp-2027025,GF,hap:0.01,0.0001,SPERR;tol_rel=4.64159e-06,hap:0.01,1,26.21453670395437,,0.0,0.0,5.000000001587068e-06,0.0,True
mp-2027025,GF,hap:0.01,1e-05,SPERR;tol_rel=4.64159e-06,hap:0.01,1,26.21453670395437,,0.0,0.0,5.000000001587068e-06,0.0,True
mp-2027025,GF,hap:1,0.001,SPERR;tol_rel=4.64159e-06,hap:1,1,26.21453670395437,,0.0,0.0,5.000000001587068e-06,0.0,True
mp-2027025,GF,hap:1,0.0001,SPERR;tol_rel=4.64159e-06,hap:1,1,26.21453670395437,,0.0,0.0,5.000000001587068e-06,0.0,True
mp-2027025,GF,hap:1,1e-05,SPERR;tol_rel=4.64159e-06,hap:1,1,26.21453670395437,,0.0,0.0,5.000000001587068e-06,0.0,True
mp-2027025,GF,ctp-uniform,0.001,SPERR;tol_rel=4.64159e-06,U,1,26.22363693617473,unprojected,5.000000001587068e-06,0.0,5.000000001587068e-06,0.0,True
mp-2027025,GF,ctp-uniform,0.0001,SPERR;tol_rel=4.64159e-06,U,1,26.22363693617473,unprojected,5.000000001587068e-06,0.0,5.000000001587068e-06,0.0,True
mp-2027025,GF,ctp-uniform,1e-05,SPERR;tol_rel=4.64159e-06,U,1,26.22363693617473,unprojected,5.000000001587068e-06,0.0,5.000000001587068e-06,0.0,True
mp-2027025,GF,ctp-hap:0.0001,0.001,SPERR;tol_rel=4.64159e-06,U,1,26.22363693617473,unprojected,5.000000001587068e-06,0.0,5.000000001587068e-06,0.0,True
mp-2027025,GF,ctp-hap:0.0001,0.0001,SPERR;tol_rel=4.64159e-06,U,1,26.22363693617473,unprojected,5.000000001587068e-06,0.0,5.000000001587068e-06,0.0,True
mp-2027025,GF,ctp-hap:0.0001,1e-05,SPERR;tol_rel=4.64159e-06,U,1,26.22363693617473,unprojected,5.000000001587068e-06,0.0,5.000000001587068e-06,0.0,True
mp-2027025,GF,ctp-hap:0.01,0.001,SPERR;tol_rel=4.64159e-06,U,1,26.22363693617473,unprojected,5.000000001587068e-06,0.0,5.000000001587068e-06,0.0,True
mp-2027025,GF,ctp-hap:0.01,0.0001,SPERR;tol_rel=4.64159e-06,U,1,26.22363693617473,unprojected,5.000000001587068e-06,0.0,5.000000001587068e-06,0.0,True
mp-2027025,GF,ctp-hap:0.01,1e-05,SPERR;tol_rel=4.64159e-06,U,1,26.22363693617473,unprojected,5.000000001587068e-06,0.0,5.000000001587068e-06,0.0,True
mp-2027025,GF,ctp-hap:1,0.001,SPERR;tol_rel=4.64159e-06,U,1,26.22363693617473,unprojected,5.000000001587068e-06,0.0,5.000000001587068e-06,0.0,True
mp-2027025,GF,ctp-hap:1,0.0001,SPERR;tol_rel=4.64159e-06,U,1,26.22363693617473,unprojected,5.000000001587068e-06,0.0,5.000000001587068e-06,0.0,True
mp-2027025,GF,ctp-hap:1,1e-05,SPERR;tol_rel=4.64159e-06,U,1,26.22363693617473,unprojected,5.000000001587068e-06,0.0,5.000000001587068e-06,0.0,True
mp-2025332,J,none,0.001,alpha_rel=0.00464159,U,1,463.78145219266713,,5.999999999950489e-06,0.0,5.999999999950489e-06,0.0,True
mp-2025332,J,none,0.0001,alpha_rel=0.00464159,U,1,463.78145219266713,,5.999999999950489e-06,0.0,5.999999999950489e-06,0.0,True
mp-2025332,J,none,1e-05,alpha_rel=0.00464159,U,1,463.78145219266713,,5.999999999950489e-06,0.0,5.999999999950489e-06,0.0,True
mp-2025332,J,uniform,0.001,alpha_rel=0.00215443,uniform,1,383.1637299544645,,0.0,0.0,2.000000000279556e-06,0.0,True
mp-2025332,J,uniform,0.0001,alpha_rel=0.00215443,uniform,1,383.1637299544645,,0.0,0.0,2.000000000279556e-06,0.0,True
mp-2025332,J,uniform,1e-05,alpha_rel=0.00215443,uniform,1,383.1637299544645,,0.0,0.0,2.000000000279556e-06,0.0,True
mp-2025332,J,hap:0.0001,0.001,alpha_rel=0.00464159,hap:0.0001,1,460.83657433129616,,0.0,0.0,5.999999999950489e-06,0.0,True
mp-2025332,J,hap:0.0001,0.0001,alpha_rel=0.00464159,hap:0.0001,1,460.83657433129616,,0.0,0.0,5.999999999950489e-06,0.0,True
mp-2025332,J,hap:0.0001,1e-05,alpha_rel=0.00464159,hap:0.0001,1,460.83657433129616,,0.0,0.0,5.999999999950489e-06,0.0,True
mp-2025332,J,hap:0.01,0.001,alpha_rel=0.00464159,hap:0.01,1,460.83657433129616,,0.0,0.0,5.999999999950489e-06,0.0,True
mp-2025332,J,hap:0.01,0.0001,alpha_rel=0.00464159,hap:0.01,1,460.83657433129616,,0.0,0.0,5.999999999950489e-06,0.0,True
mp-2025332,J,hap:0.01,1e-05,alpha_rel=0.00464159,hap:0.01,1,460.83657433129616,,0.0,0.0,5.999999999950489e-06,0.0,True
mp-2025332,J,hap:1,0.001,alpha_rel=0.00464159,hap:1,1,460.83657433129616,,0.0,0.0,5.999999999950489e-06,0.0,True
mp-2025332,J,hap:1,0.0001,alpha_rel=0.00464159,hap:1,1,460.83657433129616,,0.0,0.0,5.999999999950489e-06,0.0,True
mp-2025332,J,hap:1,1e-05,alpha_rel=0.00464159,hap:1,1,460.83657433129616,,0.0,0.0,5.999999999950489e-06,0.0,True
mp-2025332,J,ctp-uniform,0.001,alpha_rel=0.00464159,U,1,463.7444089456869,unprojected,5.999999999950489e-06,0.0,5.999999999950489e-06,0.0,True
mp-2025332,J,ctp-uniform,0.0001,alpha_rel=0.00464159,U,1,463.7444089456869,unprojected,5.999999999950489e-06,0.0,5.999999999950489e-06,0.0,True
mp-2025332,J,ctp-uniform,1e-05,alpha_rel=0.00464159,U,1,463.7444089456869,unprojected,5.999999999950489e-06,0.0,5.999999999950489e-06,0.0,True
mp-2025332,J,ctp-hap:0.0001,0.001,alpha_rel=0.00464159,U,1,463.7444089456869,unprojected,5.999999999950489e-06,0.0,5.999999999950489e-06,0.0,True
mp-2025332,J,ctp-hap:0.0001,0.0001,alpha_rel=0.00464159,U,1,463.7444089456869,unprojected,5.999999999950489e-06,0.0,5.999999999950489e-06,0.0,True
mp-2025332,J,ctp-hap:0.0001,1e-05,alpha_rel=0.00464159,U,1,463.7444089456869,unprojected,5.999999999950489e-06,0.0,5.999999999950489e-06,0.0,True
mp-2025332,J,ctp-hap:0.01,0.001,alpha_rel=0.00464159,U,1,463.7444089456869,unprojected,5.999999999950489e-06,0.0,5.999999999950489e-06,0.0,True
mp-2025332,J,ctp-hap:0.01,0.0001,alpha_rel=0.00464159,U,1,463.7444089456869,unprojected,5.999999999950489e-06,0.0,5.999999999950489e-06,0.0,True
mp-2025332,J,ctp-hap:0.01,1e-05,alpha_rel=0.00464159,U,1,463.7444089456869,unprojected,5.999999999950489e-06,0.0,5.999999999950489e-06,0.0,True
mp-2025332,J,ctp-hap:1,0.001,alpha_rel=0.00464159,U,1,463.7444089456869,unprojected,5.999999999950489e-06,0.0,5.999999999950489e-06,0.0,True
mp-2025332,J,ctp-hap:1,0.0001,alpha_rel=0.00464159,U,1,463.7444089456869,unprojected,5.999999999950489e-06,0.0,5.999999999950489e-06,0.0,True
mp-2025332,J,ctp-hap:1,1e-05,alpha_rel=0.00464159,U,1,463.7444089456869,unprojected,5.999999999950489e-06,0.0,5.999999999950489e-06,0.0,True
mp-2025332,T1,none,0.001,q_cut=0.3;alpha_rel=2.15443e-05,U,1,325.0338688910037,,1.000000000139778e-06,0.0,1.000000000139778e-06,0.0,True
mp-2025332,T1,none,0.0001,q_cut=0.3;alpha_rel=2.15443e-05,U,1,325.0338688910037,,1.000000000139778e-06,0.0,1.000000000139778e-06,0.0,True
mp-2025332,T1,none,1e-05,q_cut=0.3;alpha_rel=2.15443e-05,U,1,325.0338688910037,,1.000000000139778e-06,0.0,1.000000000139778e-06,0.0,True
mp-2025332,T1,uniform,0.001,q_cut=0.3;alpha_rel=4.64159e-05,uniform,1,379.209718503037,,0.0,0.0,5.00000000069889e-06,0.0,True
mp-2025332,T1,uniform,0.0001,q_cut=0.3;alpha_rel=4.64159e-05,uniform,1,379.209718503037,,0.0,0.0,5.00000000069889e-06,0.0,True
mp-2025332,T1,uniform,1e-05,q_cut=0.3;alpha_rel=4.64159e-05,uniform,1,379.209718503037,,0.0,0.0,5.00000000069889e-06,0.0,True
mp-2025332,T1,hap:0.0001,0.001,q_cut=0.3;alpha_rel=2.15443e-05,hap:0.0001,1,323.5846848353118,,0.0,0.0,1.000000000139778e-06,0.0,True
mp-2025332,T1,hap:0.0001,0.0001,q_cut=0.3;alpha_rel=2.15443e-05,hap:0.0001,1,323.5846848353118,,0.0,0.0,1.000000000139778e-06,0.0,True
mp-2025332,T1,hap:0.0001,1e-05,q_cut=0.3;alpha_rel=2.15443e-05,hap:0.0001,1,323.5846848353118,,0.0,0.0,1.000000000139778e-06,0.0,True
mp-2025332,T1,hap:0.01,0.001,q_cut=0.3;alpha_rel=2.15443e-05,hap:0.01,1,323.5846848353118,,0.0,0.0,1.000000000139778e-06,0.0,True
mp-2025332,T1,hap:0.01,0.0001,q_cut=0.3;alpha_rel=2.15443e-05,hap:0.01,1,323.5846848353118,,0.0,0.0,1.000000000139778e-06,0.0,True
mp-2025332,T1,hap:0.01,1e-05,q_cut=0.3;alpha_rel=2.15443e-05,hap:0.01,1,323.5846848353118,,0.0,0.0,1.000000000139778e-06,0.0,True
mp-2025332,T1,hap:1,0.001,q_cut=0.3;alpha_rel=4.64159e-05,hap:1,1,379.0116848358248,,0.0,0.0,5.00000000069889e-06,0.0,True
mp-2025332,T1,hap:1,0.0001,q_cut=0.3;alpha_rel=4.64159e-05,hap:1,1,379.0116848358248,,0.0,0.0,5.00000000069889e-06,0.0,True
mp-2025332,T1,hap:1,1e-05,q_cut=0.3;alpha_rel=4.64159e-05,hap:1,1,379.0116848358248,,0.0,0.0,5.00000000069889e-06,0.0,True
mp-2025332,T1,ctp-uniform,0.001,q_cut=0.3;alpha_rel=4.64159e-05,uniform,1,379.1849529780564,unprojected,,,5.00000000069889e-06,0.0,False
mp-2025332,T1,ctp-uniform,0.001,q_cut=0.3;alpha_rel=2.15443e-05,U,2,325.01567398119124,unprojected,1.000000000139778e-06,0.0,1.000000000139778e-06,0.0,True
mp-2025332,T1,ctp-uniform,0.0001,q_cut=0.3;alpha_rel=4.64159e-05,uniform,1,379.1849529780564,unprojected,,,5.00000000069889e-06,0.0,False
mp-2025332,T1,ctp-uniform,0.0001,q_cut=0.3;alpha_rel=2.15443e-05,U,2,325.01567398119124,unprojected,1.000000000139778e-06,0.0,1.000000000139778e-06,0.0,True
mp-2025332,T1,ctp-uniform,1e-05,q_cut=0.3;alpha_rel=4.64159e-05,uniform,1,379.1849529780564,unprojected,,,5.00000000069889e-06,0.0,False
mp-2025332,T1,ctp-uniform,1e-05,q_cut=0.3;alpha_rel=2.15443e-05,U,2,325.01567398119124,unprojected,1.000000000139778e-06,0.0,1.000000000139778e-06,0.0,True
mp-2025332,T1,ctp-hap:0.0001,0.001,q_cut=0.3;alpha_rel=2.15443e-05,U,1,325.01567398119124,unprojected,1.000000000139778e-06,0.0,1.000000000139778e-06,0.0,True
mp-2025332,T1,ctp-hap:0.0001,0.0001,q_cut=0.3;alpha_rel=2.15443e-05,U,1,325.01567398119124,unprojected,1.000000000139778e-06,0.0,1.000000000139778e-06,0.0,True
mp-2025332,T1,ctp-hap:0.0001,1e-05,q_cut=0.3;alpha_rel=2.15443e-05,U,1,325.01567398119124,unprojected,1.000000000139778e-06,0.0,1.000000000139778e-06,0.0,True
mp-2025332,T1,ctp-hap:0.01,0.001,q_cut=0.3;alpha_rel=2.15443e-05,U,1,325.01567398119124,unprojected,1.000000000139778e-06,0.0,1.000000000139778e-06,0.0,True
mp-2025332,T1,ctp-hap:0.01,0.0001,q_cut=0.3;alpha_rel=2.15443e-05,U,1,325.01567398119124,unprojected,1.000000000139778e-06,0.0,1.000000000139778e-06,0.0,True
mp-2025332,T1,ctp-hap:0.01,1e-05,q_cut=0.3;alpha_rel=2.15443e-05,U,1,325.01567398119124,unprojected,1.000000000139778e-06,0.0,1.000000000139778e-06,0.0,True
mp-2025332,T1,ctp-hap:1,0.001,q_cut=0.3;alpha_rel=4.64159e-05,hap:1,1,378.9869451697128,unprojected,,,5.00000000069889e-06,0.0,False
mp-2025332,T1,ctp-hap:1,0.001,q_cut=0.3;alpha_rel=2.15443e-05,U,2,325.01567398119124,unprojected,1.000000000139778e-06,0.0,1.000000000139778e-06,0.0,True
mp-2025332,T1,ctp-hap:1,0.0001,q_cut=0.3;alpha_rel=4.64159e-05,hap:1,1,378.9869451697128,unprojected,,,5.00000000069889e-06,0.0,False
mp-2025332,T1,ctp-hap:1,0.0001,q_cut=0.3;alpha_rel=2.15443e-05,U,2,325.01567398119124,unprojected,1.000000000139778e-06,0.0,1.000000000139778e-06,0.0,True
mp-2025332,T1,ctp-hap:1,1e-05,q_cut=0.3;alpha_rel=4.64159e-05,hap:1,1,378.9869451697128,unprojected,,,5.00000000069889e-06,0.0,False
mp-2025332,T1,ctp-hap:1,1e-05,q_cut=0.3;alpha_rel=2.15443e-05,U,2,325.01567398119124,unprojected,1.000000000139778e-06,0.0,1.000000000139778e-06,0.0,True
mp-2025332,R3,none,0.001,tau=1e-06;k=0;margin=0.995,U,1,632.8152588555859,,3.000000000419334e-06,0.0,3.000000000419334e-06,0.0,True
mp-2025332,R3,none,0.0001,tau=1e-06;k=0;margin=0.995,U,1,632.8152588555859,,3.000000000419334e-06,0.0,3.000000000419334e-06,0.0,True
mp-2025332,R3,none,1e-05,tau=1e-06;k=0;margin=0.995,U,1,632.8152588555859,,3.000000000419334e-06,0.0,3.000000000419334e-06,0.0,True
mp-2025332,R3,hap:0.0001,0.001,tau=1e-06;k=0;margin=0.995,hap:0.0001,1,627.3452188006484,,0.0,0.0,3.000000000419334e-06,0.0,True
mp-2025332,R3,hap:0.0001,0.0001,tau=1e-06;k=0;margin=0.995,hap:0.0001,1,627.3452188006484,,0.0,0.0,3.000000000419334e-06,0.0,True
mp-2025332,R3,hap:0.0001,1e-05,tau=1e-06;k=0;margin=0.995,hap:0.0001,1,627.3452188006484,,0.0,0.0,3.000000000419334e-06,0.0,True
mp-2025332,R3,hap:0.01,0.001,tau=1e-06;k=0;margin=0.995,hap:0.01,1,627.3452188006484,,0.0,0.0,3.000000000419334e-06,0.0,True
mp-2025332,R3,hap:0.01,0.0001,tau=1e-06;k=0;margin=0.995,hap:0.01,1,627.3452188006484,,0.0,0.0,3.000000000419334e-06,0.0,True
mp-2025332,R3,hap:0.01,1e-05,tau=1e-06;k=0;margin=0.995,hap:0.01,1,627.3452188006484,,0.0,0.0,3.000000000419334e-06,0.0,True
mp-2025332,R3,hap:1,0.001,tau=1e-06;k=4;margin=0.975248753,hap:1,1,623.7060908797937,,0.0,0.0,2.9999999995311555e-06,0.0,True
mp-2025332,R3,hap:1,0.0001,tau=1e-06;k=4;margin=0.975248753,hap:1,1,623.7060908797937,,0.0,0.0,2.9999999995311555e-06,0.0,True
mp-2025332,R3,hap:1,1e-05,tau=1e-06;k=4;margin=0.975248753,hap:1,1,623.7060908797937,,0.0,0.0,2.9999999995311555e-06,0.0,True
mp-2025332,R3,ctp-uniform,0.001,tau=1e-06;k=0;margin=0.995,U,1,632.7462946817785,unprojected,3.000000000419334e-06,0.0,3.000000000419334e-06,0.0,True
mp-2025332,R3,ctp-uniform,0.0001,tau=1e-06;k=0;margin=0.995,U,1,632.7462946817785,unprojected,3.000000000419334e-06,0.0,3.000000000419334e-06,0.0,True
mp-2025332,R3,ctp-uniform,1e-05,tau=1e-06;k=0;margin=0.995,U,1,632.7462946817785,unprojected,3.000000000419334e-06,0.0,3.000000000419334e-06,0.0,True
mp-2025332,R3,ctp-hap:0.0001,0.001,tau=1e-06;k=0;margin=0.995,U,1,632.7462946817785,unprojected,3.000000000419334e-06,0.0,3.000000000419334e-06,0.0,True
mp-2025332,R3,ctp-hap:0.0001,0.0001,tau=1e-06;k=0;margin=0.995,U,1,632.7462946817785,unprojected,3.000000000419334e-06,0.0,3.000000000419334e-06,0.0,True
mp-2025332,R3,ctp-hap:0.0001,1e-05,tau=1e-06;k=0;margin=0.995,U,1,632.7462946817785,unprojected,3.000000000419334e-06,0.0,3.000000000419334e-06,0.0,True
mp-2025332,R3,ctp-hap:0.01,0.001,tau=1e-06;k=0;margin=0.995,U,1,632.7462946817785,unprojected,3.000000000419334e-06,0.0,3.000000000419334e-06,0.0,True
mp-2025332,R3,ctp-hap:0.01,0.0001,tau=1e-06;k=0;margin=0.995,U,1,632.7462946817785,unprojected,3.000000000419334e-06,0.0,3.000000000419334e-06,0.0,True
mp-2025332,R3,ctp-hap:0.01,1e-05,tau=1e-06;k=0;margin=0.995,U,1,632.7462946817785,unprojected,3.000000000419334e-06,0.0,3.000000000419334e-06,0.0,True
mp-2025332,R3,ctp-hap:1,0.001,tau=1e-06;k=0;margin=0.995,U,1,632.7462946817785,unprojected,3.000000000419334e-06,0.0,3.000000000419334e-06,0.0,True
mp-2025332,R3,ctp-hap:1,0.0001,tau=1e-06;k=0;margin=0.995,U,1,632.7462946817785,unprojected,3.000000000419334e-06,0.0,3.000000000419334e-06,0.0,True
mp-2025332,R3,ctp-hap:1,1e-05,tau=1e-06;k=0;margin=0.995,U,1,632.7462946817785,unprojected,3.000000000419334e-06,0.0,3.000000000419334e-06,0.0,True
mp-2025332,GF,none,0.001,ZFP;tol_rel=0.0001,U,1,14.58696788197934,,2.000000000279556e-06,0.0,2.000000000279556e-06,0.0,True
mp-2025332,GF,none,0.0001,ZFP;tol_rel=0.0001,U,1,14.58696788197934,,2.000000000279556e-06,0.0,2.000000000279556e-06,0.0,True
mp-2025332,GF,none,1e-05,ZFP;tol_rel=0.0001,U,1,14.58696788197934,,2.000000000279556e-06,0.0,2.000000000279556e-06,0.0,True
mp-2025332,GF,uniform,0.001,ZFP;tol_rel=0.000215443,uniform,1,16.901723334885887,,0.0,0.0,3.000000000419334e-06,0.0,True
mp-2025332,GF,uniform,0.0001,ZFP;tol_rel=0.000215443,uniform,1,16.901723334885887,,0.0,0.0,3.000000000419334e-06,0.0,True
mp-2025332,GF,uniform,1e-05,ZFP;tol_rel=0.000215443,uniform,1,16.901723334885887,,0.0,0.0,3.000000000419334e-06,0.0,True
mp-2025332,GF,hap:0.0001,0.001,ZFP;tol_rel=0.0001,hap:0.0001,1,14.58403665300217,,0.0,0.0,2.000000000279556e-06,0.0,True
mp-2025332,GF,hap:0.0001,0.0001,ZFP;tol_rel=0.0001,hap:0.0001,1,14.58403665300217,,0.0,0.0,2.000000000279556e-06,0.0,True
mp-2025332,GF,hap:0.0001,1e-05,ZFP;tol_rel=0.0001,hap:0.0001,1,14.58403665300217,,0.0,0.0,2.000000000279556e-06,0.0,True
mp-2025332,GF,hap:0.01,0.001,ZFP;tol_rel=0.0001,hap:0.01,1,14.58403665300217,,0.0,0.0,2.000000000279556e-06,0.0,True
mp-2025332,GF,hap:0.01,0.0001,ZFP;tol_rel=0.0001,hap:0.01,1,14.58403665300217,,0.0,0.0,2.000000000279556e-06,0.0,True
mp-2025332,GF,hap:0.01,1e-05,ZFP;tol_rel=0.0001,hap:0.01,1,14.58403665300217,,0.0,0.0,2.000000000279556e-06,0.0,True
mp-2025332,GF,hap:1,0.001,ZFP;tol_rel=0.0001,hap:1,1,14.58403665300217,,0.0,0.0,2.000000000279556e-06,0.0,True
mp-2025332,GF,hap:1,0.0001,ZFP;tol_rel=0.0001,hap:1,1,14.58403665300217,,0.0,0.0,2.000000000279556e-06,0.0,True
mp-2025332,GF,hap:1,1e-05,ZFP;tol_rel=0.0001,hap:1,1,14.58403665300217,,0.0,0.0,2.000000000279556e-06,0.0,True
mp-2025332,GF,ctp-uniform,0.001,ZFP;tol_rel=0.000215443,uniform,1,16.90167413345909,unprojected,,,3.000000000419334e-06,0.0,False
mp-2025332,GF,ctp-uniform,0.001,ZFP;tol_rel=0.0001,U,2,14.586931234344892,unprojected,2.000000000279556e-06,0.0,2.000000000279556e-06,0.0,True
mp-2025332,GF,ctp-uniform,0.0001,ZFP;tol_rel=0.000215443,uniform,1,16.90167413345909,unprojected,,,3.000000000419334e-06,0.0,False
mp-2025332,GF,ctp-uniform,0.0001,ZFP;tol_rel=0.0001,U,2,14.586931234344892,unprojected,2.000000000279556e-06,0.0,2.000000000279556e-06,0.0,True
mp-2025332,GF,ctp-uniform,1e-05,ZFP;tol_rel=0.000215443,uniform,1,16.90167413345909,unprojected,,,3.000000000419334e-06,0.0,False
mp-2025332,GF,ctp-uniform,1e-05,ZFP;tol_rel=0.0001,U,2,14.586931234344892,unprojected,2.000000000279556e-06,0.0,2.000000000279556e-06,0.0,True
mp-2025332,GF,ctp-hap:0.0001,0.001,ZFP;tol_rel=0.0001,U,1,14.586931234344892,unprojected,2.000000000279556e-06,0.0,2.000000000279556e-06,0.0,True
mp-2025332,GF,ctp-hap:0.0001,0.0001,ZFP;tol_rel=0.0001,U,1,14.586931234344892,unprojected,2.000000000279556e-06,0.0,2.000000000279556e-06,0.0,True
mp-2025332,GF,ctp-hap:0.0001,1e-05,ZFP;tol_rel=0.0001,U,1,14.586931234344892,unprojected,2.000000000279556e-06,0.0,2.000000000279556e-06,0.0,True
mp-2025332,GF,ctp-hap:0.01,0.001,ZFP;tol_rel=0.0001,U,1,14.586931234344892,unprojected,2.000000000279556e-06,0.0,2.000000000279556e-06,0.0,True
mp-2025332,GF,ctp-hap:0.01,0.0001,ZFP;tol_rel=0.0001,U,1,14.586931234344892,unprojected,2.000000000279556e-06,0.0,2.000000000279556e-06,0.0,True
mp-2025332,GF,ctp-hap:0.01,1e-05,ZFP;tol_rel=0.0001,U,1,14.586931234344892,unprojected,2.000000000279556e-06,0.0,2.000000000279556e-06,0.0,True
mp-2025332,GF,ctp-hap:1,0.001,ZFP;tol_rel=0.0001,U,1,14.586931234344892,unprojected,2.000000000279556e-06,0.0,2.000000000279556e-06,0.0,True
mp-2025332,GF,ctp-hap:1,0.0001,ZFP;tol_rel=0.0001,U,1,14.586931234344892,unprojected,2.000000000279556e-06,0.0,2.000000000279556e-06,0.0,True
mp-2025332,GF,ctp-hap:1,1e-05,ZFP;tol_rel=0.0001,U,1,14.586931234344892,unprojected,2.000000000279556e-06,0.0,2.000000000279556e-06,0.0,True
mp-2605253,J,none,0.001,alpha_rel=0.00215443,U,1,237.8859742522505,,2.000000000279556e-06,0.0,2.000000000279556e-06,0.0,True
mp-2605253,J,none,0.0001,alpha_rel=0.00215443,U,1,237.8859742522505,,2.000000000279556e-06,0.0,2.000000000279556e-06,0.0,True
mp-2605253,J,none,1e-05,alpha_rel=0.00215443,U,1,237.8859742522505,,2.000000000279556e-06,0.0,2.000000000279556e-06,0.0,True
mp-2605253,J,uniform,0.001,alpha_rel=0.00215443,uniform,1,236.9075543844992,,0.0,0.0,2.000000000279556e-06,0.0,True
mp-2605253,J,uniform,0.0001,alpha_rel=0.00215443,uniform,1,236.9075543844992,,0.0,0.0,2.000000000279556e-06,0.0,True
mp-2605253,J,uniform,1e-05,alpha_rel=0.00215443,uniform,1,236.9075543844992,,0.0,0.0,2.000000000279556e-06,0.0,True
mp-2605253,J,hap:0.0001,0.001,alpha_rel=0.00215443,hap:0.0001,1,236.8466703074304,,0.0,0.0,2.000000000279556e-06,0.0,True
mp-2605253,J,hap:0.0001,0.0001,alpha_rel=0.00215443,hap:0.0001,1,236.8466703074304,,0.0,0.0,2.000000000279556e-06,0.0,True
mp-2605253,J,hap:0.0001,1e-05,alpha_rel=0.00215443,hap:0.0001,1,236.8466703074304,,0.0,0.0,2.000000000279556e-06,0.0,True
mp-2605253,J,hap:0.01,0.001,alpha_rel=0.00215443,hap:0.01,1,236.8466703074304,,0.0,0.0,2.000000000279556e-06,0.0,True
mp-2605253,J,hap:0.01,0.0001,alpha_rel=0.00215443,hap:0.01,1,236.8466703074304,,0.0,0.0,2.000000000279556e-06,0.0,True
mp-2605253,J,hap:0.01,1e-05,alpha_rel=0.00215443,hap:0.01,1,236.8466703074304,,0.0,0.0,2.000000000279556e-06,0.0,True
mp-2605253,J,hap:1,0.001,alpha_rel=0.00215443,hap:1,1,236.8466703074304,,0.0,0.0,2.000000000279556e-06,0.0,True
mp-2605253,J,hap:1,0.0001,alpha_rel=0.00215443,hap:1,1,236.8466703074304,,0.0,0.0,2.000000000279556e-06,0.0,True
mp-2605253,J,hap:1,1e-05,alpha_rel=0.00215443,hap:1,1,236.8466703074304,,0.0,0.0,2.000000000279556e-06,0.0,True
mp-2605253,J,ctp-uniform,0.001,alpha_rel=0.00215443,U,1,237.87829902561785,unprojected,2.000000000279556e-06,0.0,2.000000000279556e-06,0.0,True
mp-2605253,J,ctp-uniform,0.0001,alpha_rel=0.00215443,U,1,237.87829902561785,unprojected,2.000000000279556e-06,0.0,2.000000000279556e-06,0.0,True
mp-2605253,J,ctp-uniform,1e-05,alpha_rel=0.00215443,U,1,237.87829902561785,unprojected,2.000000000279556e-06,0.0,2.000000000279556e-06,0.0,True
mp-2605253,J,ctp-hap:0.0001,0.001,alpha_rel=0.00215443,U,1,237.87829902561785,unprojected,2.000000000279556e-06,0.0,2.000000000279556e-06,0.0,True
mp-2605253,J,ctp-hap:0.0001,0.0001,alpha_rel=0.00215443,U,1,237.87829902561785,unprojected,2.000000000279556e-06,0.0,2.000000000279556e-06,0.0,True
mp-2605253,J,ctp-hap:0.0001,1e-05,alpha_rel=0.00215443,U,1,237.87829902561785,unprojected,2.000000000279556e-06,0.0,2.000000000279556e-06,0.0,True
mp-2605253,J,ctp-hap:0.01,0.001,alpha_rel=0.00215443,U,1,237.87829902561785,unprojected,2.000000000279556e-06,0.0,2.000000000279556e-06,0.0,True
mp-2605253,J,ctp-hap:0.01,0.0001,alpha_rel=0.00215443,U,1,237.87829902561785,unprojected,2.000000000279556e-06,0.0,2.000000000279556e-06,0.0,True
mp-2605253,J,ctp-hap:0.01,1e-05,alpha_rel=0.00215443,U,1,237.87829902561785,unprojected,2.000000000279556e-06,0.0,2.000000000279556e-06,0.0,True
mp-2605253,J,ctp-hap:1,0.001,alpha_rel=0.00215443,U,1,237.87829902561785,unprojected,2.000000000279556e-06,0.0,2.000000000279556e-06,0.0,True
mp-2605253,J,ctp-hap:1,0.0001,alpha_rel=0.00215443,U,1,237.87829902561785,unprojected,2.000000000279556e-06,0.0,2.000000000279556e-06,0.0,True
mp-2605253,J,ctp-hap:1,1e-05,alpha_rel=0.00215443,U,1,237.87829902561785,unprojected,2.000000000279556e-06,0.0,2.000000000279556e-06,0.0,True
mp-2605253,T1,none,0.001,q_cut=0.3;alpha_rel=2.15443e-05,U,1,204.4025505960632,,5.999999999062311e-06,0.0,5.999999999062311e-06,0.0,True
mp-2605253,T1,none,0.0001,q_cut=0.3;alpha_rel=2.15443e-05,U,1,204.4025505960632,,5.999999999062311e-06,0.0,5.999999999062311e-06,0.0,True
mp-2605253,T1,none,1e-05,q_cut=0.3;alpha_rel=2.15443e-05,U,1,204.4025505960632,,5.999999999062311e-06,0.0,5.999999999062311e-06,0.0,True
mp-2605253,T1,uniform,0.001,q_cut=0.3;alpha_rel=2.15443e-05,uniform,1,203.6797613127797,,0.0,0.0,5.999999999062311e-06,0.0,True
mp-2605253,T1,uniform,0.0001,q_cut=0.3;alpha_rel=2.15443e-05,uniform,1,203.6797613127797,,0.0,0.0,5.999999999062311e-06,0.0,True
mp-2605253,T1,uniform,1e-05,q_cut=0.3;alpha_rel=2.15443e-05,uniform,1,203.6797613127797,,0.0,0.0,5.999999999062311e-06,0.0,True
mp-2605253,T1,hap:0.0001,0.001,q_cut=0.3;alpha_rel=2.15443e-05,hap:0.0001,1,203.6347566701652,,0.0,0.0,5.999999999062311e-06,0.0,True
mp-2605253,T1,hap:0.0001,0.0001,q_cut=0.3;alpha_rel=2.15443e-05,hap:0.0001,1,203.6347566701652,,0.0,0.0,5.999999999062311e-06,0.0,True
mp-2605253,T1,hap:0.0001,1e-05,q_cut=0.3;alpha_rel=2.15443e-05,hap:0.0001,1,203.6347566701652,,0.0,0.0,5.999999999062311e-06,0.0,True
mp-2605253,T1,hap:0.01,0.001,q_cut=0.3;alpha_rel=2.15443e-05,hap:0.01,1,203.6347566701652,,0.0,0.0,5.999999999062311e-06,0.0,True
mp-2605253,T1,hap:0.01,0.0001,q_cut=0.3;alpha_rel=2.15443e-05,hap:0.01,1,203.6347566701652,,0.0,0.0,5.999999999062311e-06,0.0,True
mp-2605253,T1,hap:0.01,1e-05,q_cut=0.3;alpha_rel=2.15443e-05,hap:0.01,1,203.6347566701652,,0.0,0.0,5.999999999062311e-06,0.0,True
mp-2605253,T1,hap:1,0.001,q_cut=0.3;alpha_rel=2.15443e-05,hap:1,1,203.6347566701652,,0.0,0.0,5.999999999062311e-06,0.0,True
mp-2605253,T1,hap:1,0.0001,q_cut=0.3;alpha_rel=2.15443e-05,hap:1,1,203.6347566701652,,0.0,0.0,5.999999999062311e-06,0.0,True
mp-2605253,T1,hap:1,1e-05,q_cut=0.3;alpha_rel=2.15443e-05,hap:1,1,203.6347566701652,,0.0,0.0,5.999999999062311e-06,0.0,True
mp-2605253,T1,ctp-uniform,0.001,q_cut=0.3;alpha_rel=2.15443e-05,U,1,204.3968839233733,unprojected,5.999999999062311e-06,0.0,5.999999999062311e-06,0.0,True
mp-2605253,T1,ctp-uniform,0.0001,q_cut=0.3;alpha_rel=2.15443e-05,U,1,204.3968839233733,unprojected,5.999999999062311e-06,0.0,5.999999999062311e-06,0.0,True
mp-2605253,T1,ctp-uniform,1e-05,q_cut=0.3;alpha_rel=2.15443e-05,U,1,204.3968839233733,unprojected,5.999999999062311e-06,0.0,5.999999999062311e-06,0.0,True
mp-2605253,T1,ctp-hap:0.0001,0.001,q_cut=0.3;alpha_rel=2.15443e-05,U,1,204.3968839233733,unprojected,5.999999999062311e-06,0.0,5.999999999062311e-06,0.0,True
mp-2605253,T1,ctp-hap:0.0001,0.0001,q_cut=0.3;alpha_rel=2.15443e-05,U,1,204.3968839233733,unprojected,5.999999999062311e-06,0.0,5.999999999062311e-06,0.0,True
mp-2605253,T1,ctp-hap:0.0001,1e-05,q_cut=0.3;alpha_rel=2.15443e-05,U,1,204.3968839233733,unprojected,5.999999999062311e-06,0.0,5.999999999062311e-06,0.0,True
mp-2605253,T1,ctp-hap:0.01,0.001,q_cut=0.3;alpha_rel=2.15443e-05,U,1,204.3968839233733,unprojected,5.999999999062311e-06,0.0,5.999999999062311e-06,0.0,True
mp-2605253,T1,ctp-hap:0.01,0.0001,q_cut=0.3;alpha_rel=2.15443e-05,U,1,204.3968839233733,unprojected,5.999999999062311e-06,0.0,5.999999999062311e-06,0.0,True
mp-2605253,T1,ctp-hap:0.01,1e-05,q_cut=0.3;alpha_rel=2.15443e-05,U,1,204.3968839233733,unprojected,5.999999999062311e-06,0.0,5.999999999062311e-06,0.0,True
mp-2605253,T1,ctp-hap:1,0.001,q_cut=0.3;alpha_rel=2.15443e-05,U,1,204.3968839233733,unprojected,5.999999999062311e-06,0.0,5.999999999062311e-06,0.0,True
mp-2605253,T1,ctp-hap:1,0.0001,q_cut=0.3;alpha_rel=2.15443e-05,U,1,204.3968839233733,unprojected,5.999999999062311e-06,0.0,5.999999999062311e-06,0.0,True
mp-2605253,T1,ctp-hap:1,1e-05,q_cut=0.3;alpha_rel=2.15443e-05,U,1,204.3968839233733,unprojected,5.999999999062311e-06,0.0,5.999999999062311e-06,0.0,True
mp-2605253,R3,none,0.001,tau=1e-06;k=0;margin=0.995,U,1,295.85874799357947,,2.000000000279556e-06,0.0,2.000000000279556e-06,0.0,True
mp-2605253,R3,none,0.0001,tau=1e-06;k=0;margin=0.995,U,1,295.85874799357947,,2.000000000279556e-06,0.0,2.000000000279556e-06,0.0,True
mp-2605253,R3,none,1e-05,tau=1e-06;k=0;margin=0.995,U,1,295.85874799357947,,2.000000000279556e-06,0.0,2.000000000279556e-06,0.0,True
mp-2605253,R3,hap:0.0001,0.001,tau=1e-06;k=0;margin=0.995,hap:0.0001,1,294.2528735632184,,0.0,0.0,2.000000000279556e-06,0.0,True
mp-2605253,R3,hap:0.0001,0.0001,tau=1e-06;k=0;margin=0.995,hap:0.0001,1,294.2528735632184,,0.0,0.0,2.000000000279556e-06,0.0,True
mp-2605253,R3,hap:0.0001,1e-05,tau=1e-06;k=0;margin=0.995,hap:0.0001,1,294.2528735632184,,0.0,0.0,2.000000000279556e-06,0.0,True
mp-2605253,R3,hap:0.01,0.001,tau=1e-06;k=0;margin=0.995,hap:0.01,1,294.2528735632184,,0.0,0.0,2.000000000279556e-06,0.0,True
mp-2605253,R3,hap:0.01,0.0001,tau=1e-06;k=0;margin=0.995,hap:0.01,1,294.2528735632184,,0.0,0.0,2.000000000279556e-06,0.0,True
mp-2605253,R3,hap:0.01,1e-05,tau=1e-06;k=0;margin=0.995,hap:0.01,1,294.2528735632184,,0.0,0.0,2.000000000279556e-06,0.0,True
mp-2605253,R3,hap:1,0.001,tau=1e-06;k=0;margin=0.995,hap:1,1,294.2528735632184,,0.0,0.0,2.000000000279556e-06,0.0,True
mp-2605253,R3,hap:1,0.0001,tau=1e-06;k=0;margin=0.995,hap:1,1,294.2528735632184,,0.0,0.0,2.000000000279556e-06,0.0,True
mp-2605253,R3,hap:1,1e-05,tau=1e-06;k=0;margin=0.995,hap:1,1,294.2528735632184,,0.0,0.0,2.000000000279556e-06,0.0,True
mp-2605253,R3,ctp-uniform,0.001,tau=1e-06;k=0;margin=0.995,U,1,295.8468761285663,unprojected,2.000000000279556e-06,0.0,2.000000000279556e-06,0.0,True
mp-2605253,R3,ctp-uniform,0.0001,tau=1e-06;k=0;margin=0.995,U,1,295.8468761285663,unprojected,2.000000000279556e-06,0.0,2.000000000279556e-06,0.0,True
mp-2605253,R3,ctp-uniform,1e-05,tau=1e-06;k=0;margin=0.995,U,1,295.8468761285663,unprojected,2.000000000279556e-06,0.0,2.000000000279556e-06,0.0,True
mp-2605253,R3,ctp-hap:0.0001,0.001,tau=1e-06;k=0;margin=0.995,U,1,295.8468761285663,unprojected,2.000000000279556e-06,0.0,2.000000000279556e-06,0.0,True
mp-2605253,R3,ctp-hap:0.0001,0.0001,tau=1e-06;k=0;margin=0.995,U,1,295.8468761285663,unprojected,2.000000000279556e-06,0.0,2.000000000279556e-06,0.0,True
mp-2605253,R3,ctp-hap:0.0001,1e-05,tau=1e-06;k=0;margin=0.995,U,1,295.8468761285663,unprojected,2.000000000279556e-06,0.0,2.000000000279556e-06,0.0,True
mp-2605253,R3,ctp-hap:0.01,0.001,tau=1e-06;k=0;margin=0.995,U,1,295.8468761285663,unprojected,2.000000000279556e-06,0.0,2.000000000279556e-06,0.0,True
mp-2605253,R3,ctp-hap:0.01,0.0001,tau=1e-06;k=0;margin=0.995,U,1,295.8468761285663,unprojected,2.000000000279556e-06,0.0,2.000000000279556e-06,0.0,True
mp-2605253,R3,ctp-hap:0.01,1e-05,tau=1e-06;k=0;margin=0.995,U,1,295.8468761285663,unprojected,2.000000000279556e-06,0.0,2.000000000279556e-06,0.0,True
mp-2605253,R3,ctp-hap:1,0.001,tau=1e-06;k=0;margin=0.995,U,1,295.8468761285663,unprojected,2.000000000279556e-06,0.0,2.000000000279556e-06,0.0,True
mp-2605253,R3,ctp-hap:1,0.0001,tau=1e-06;k=0;margin=0.995,U,1,295.8468761285663,unprojected,2.000000000279556e-06,0.0,2.000000000279556e-06,0.0,True
mp-2605253,R3,ctp-hap:1,1e-05,tau=1e-06;k=0;margin=0.995,U,1,295.8468761285663,unprojected,2.000000000279556e-06,0.0,2.000000000279556e-06,0.0,True
mp-2605253,GF,none,0.001,SZ3;tol_rel=4.64159e-06,U,1,10.837412356131765,,3.000000000419334e-06,0.0,3.000000000419334e-06,0.0,True
mp-2605253,GF,none,0.0001,SZ3;tol_rel=4.64159e-06,U,1,10.837412356131765,,3.000000000419334e-06,0.0,3.000000000419334e-06,0.0,True
mp-2605253,GF,none,1e-05,SZ3;tol_rel=4.64159e-06,U,1,10.837412356131765,,3.000000000419334e-06,0.0,3.000000000419334e-06,0.0,True
mp-2605253,GF,uniform,0.001,ZFP;tol_rel=0.0001,uniform,1,12.44766201139955,,0.0,0.0,3.0000000013075123e-06,0.0,True
mp-2605253,GF,uniform,0.0001,ZFP;tol_rel=0.0001,uniform,1,12.44766201139955,,0.0,0.0,3.0000000013075123e-06,0.0,True
mp-2605253,GF,uniform,1e-05,ZFP;tol_rel=0.0001,uniform,1,12.44766201139955,,0.0,0.0,3.0000000013075123e-06,0.0,True
mp-2605253,GF,hap:0.0001,0.001,SZ3;tol_rel=4.64159e-06,hap:0.0001,1,10.83524629434224,,0.0,0.0,3.000000000419334e-06,0.0,True
mp-2605253,GF,hap:0.0001,0.0001,SZ3;tol_rel=4.64159e-06,hap:0.0001,1,10.83524629434224,,0.0,0.0,3.000000000419334e-06,0.0,True
mp-2605253,GF,hap:0.0001,1e-05,SZ3;tol_rel=4.64159e-06,hap:0.0001,1,10.83524629434224,,0.0,0.0,3.000000000419334e-06,0.0,True
mp-2605253,GF,hap:0.01,0.001,SZ3;tol_rel=4.64159e-06,hap:0.01,1,10.83524629434224,,0.0,0.0,3.000000000419334e-06,0.0,True
mp-2605253,GF,hap:0.01,0.0001,SZ3;tol_rel=4.64159e-06,hap:0.01,1,10.83524629434224,,0.0,0.0,3.000000000419334e-06,0.0,True
mp-2605253,GF,hap:0.01,1e-05,SZ3;tol_rel=4.64159e-06,hap:0.01,1,10.83524629434224,,0.0,0.0,3.000000000419334e-06,0.0,True
mp-2605253,GF,hap:1,0.001,SZ3;tol_rel=4.64159e-06,hap:1,1,10.83524629434224,,0.0,0.0,3.000000000419334e-06,0.0,True
mp-2605253,GF,hap:1,0.0001,SZ3;tol_rel=4.64159e-06,hap:1,1,10.83524629434224,,0.0,0.0,3.000000000419334e-06,0.0,True
mp-2605253,GF,hap:1,1e-05,SZ3;tol_rel=4.64159e-06,hap:1,1,10.83524629434224,,0.0,0.0,3.000000000419334e-06,0.0,True
mp-2605253,GF,ctp-uniform,0.001,ZFP;tol_rel=0.0001,uniform,1,12.44764099577076,unprojected,,,3.0000000013075123e-06,0.0,False
mp-2605253,GF,ctp-uniform,0.001,SZ3;tol_rel=4.64159e-06,U,2,10.837396426046324,unprojected,3.000000000419334e-06,0.0,3.000000000419334e-06,0.0,True
mp-2605253,GF,ctp-uniform,0.0001,ZFP;tol_rel=0.0001,uniform,1,12.44764099577076,unprojected,,,3.0000000013075123e-06,0.0,False
mp-2605253,GF,ctp-uniform,0.0001,SZ3;tol_rel=4.64159e-06,U,2,10.837396426046324,unprojected,3.000000000419334e-06,0.0,3.000000000419334e-06,0.0,True
mp-2605253,GF,ctp-uniform,1e-05,ZFP;tol_rel=0.0001,uniform,1,12.44764099577076,unprojected,,,3.0000000013075123e-06,0.0,False
mp-2605253,GF,ctp-uniform,1e-05,SZ3;tol_rel=4.64159e-06,U,2,10.837396426046324,unprojected,3.000000000419334e-06,0.0,3.000000000419334e-06,0.0,True
mp-2605253,GF,ctp-hap:0.0001,0.001,SZ3;tol_rel=4.64159e-06,U,1,10.837396426046324,unprojected,3.000000000419334e-06,0.0,3.000000000419334e-06,0.0,True
mp-2605253,GF,ctp-hap:0.0001,0.0001,SZ3;tol_rel=4.64159e-06,U,1,10.837396426046324,unprojected,3.000000000419334e-06,0.0,3.000000000419334e-06,0.0,True
mp-2605253,GF,ctp-hap:0.0001,1e-05,SZ3;tol_rel=4.64159e-06,U,1,10.837396426046324,unprojected,3.000000000419334e-06,0.0,3.000000000419334e-06,0.0,True
mp-2605253,GF,ctp-hap:0.01,0.001,SZ3;tol_rel=4.64159e-06,U,1,10.837396426046324,unprojected,3.000000000419334e-06,0.0,3.000000000419334e-06,0.0,True
mp-2605253,GF,ctp-hap:0.01,0.0001,SZ3;tol_rel=4.64159e-06,U,1,10.837396426046324,unprojected,3.000000000419334e-06,0.0,3.000000000419334e-06,0.0,True
mp-2605253,GF,ctp-hap:0.01,1e-05,SZ3;tol_rel=4.64159e-06,U,1,10.837396426046324,unprojected,3.000000000419334e-06,0.0,3.000000000419334e-06,0.0,True
mp-2605253,GF,ctp-hap:1,0.001,SZ3;tol_rel=4.64159e-06,U,1,10.837396426046324,unprojected,3.000000000419334e-06,0.0,3.000000000419334e-06,0.0,True
mp-2605253,GF,ctp-hap:1,0.0001,SZ3;tol_rel=4.64159e-06,U,1,10.837396426046324,unprojected,3.000000000419334e-06,0.0,3.000000000419334e-06,0.0,True
mp-2605253,GF,ctp-hap:1,1e-05,SZ3;tol_rel=4.64159e-06,U,1,10.837396426046324,unprojected,3.000000000419334e-06,0.0,3.000000000419334e-06,0.0,True
mp-1977185,J,none,0.001,alpha_rel=0.001,U,1,264.1397223466189,,1.899999999999125e-05,0.0,1.899999999999125e-05,0.0,True
mp-1977185,J,none,0.0001,alpha_rel=0.001,U,1,264.1397223466189,,1.899999999999125e-05,0.0,1.899999999999125e-05,0.0,True
mp-1977185,J,none,1e-05,alpha_rel=0.001,U,1,264.1397223466189,,1.899999999999125e-05,0.0,1.899999999999125e-05,0.0,False
mp-1977185,J,none,1e-05,alpha_rel=0.000464159,U,2,202.68285558832795,,3.000000000419334e-06,0.0,3.000000000419334e-06,0.0,True
mp-1977185,J,uniform,0.001,alpha_rel=0.000464159,uniform,1,202.35834977270775,,0.0,0.0,3.000000000419334e-06,0.0,True
mp-1977185,J,uniform,0.0001,alpha_rel=0.000464159,uniform,1,202.35834977270775,,0.0,0.0,3.000000000419334e-06,0.0,True
mp-1977185,J,uniform,1e-05,alpha_rel=0.000464159,uniform,1,202.35834977270775,,0.0,0.0,3.000000000419334e-06,0.0,True
mp-1977185,J,hap:0.0001,0.001,alpha_rel=0.001,hap:0.0001,1,263.5103499627699,,0.0,0.0,1.899999999999125e-05,0.0,True
mp-1977185,J,hap:0.0001,0.0001,alpha_rel=0.001,hap:0.0001,1,263.5103499627699,,0.0,0.0,1.899999999999125e-05,0.0,True
mp-1977185,J,hap:0.0001,1e-05,alpha_rel=0.001,hap:0.0001,1,263.5103499627699,,0.0,0.0,1.899999999999125e-05,0.0,True
mp-1977185,J,hap:0.01,0.001,alpha_rel=0.001,hap:0.01,1,263.5103499627699,,0.0,0.0,1.899999999999125e-05,0.0,True
mp-1977185,J,hap:0.01,0.0001,alpha_rel=0.001,hap:0.01,1,263.5103499627699,,0.0,0.0,1.899999999999125e-05,0.0,True
mp-1977185,J,hap:0.01,1e-05,alpha_rel=0.001,hap:0.01,1,263.5103499627699,,0.0,0.0,1.899999999999125e-05,0.0,True
mp-1977185,J,hap:1,0.001,alpha_rel=0.001,hap:1,1,263.5103499627699,,0.0,0.0,1.899999999999125e-05,0.0,True
mp-1977185,J,hap:1,0.0001,alpha_rel=0.001,hap:1,1,263.5103499627699,,0.0,0.0,1.899999999999125e-05,0.0,True
mp-1977185,J,hap:1,1e-05,alpha_rel=0.001,hap:1,1,263.5103499627699,,0.0,0.0,1.899999999999125e-05,0.0,True
mp-1977185,J,ctp-uniform,0.001,alpha_rel=0.001,U,1,264.12986528342725,unprojected,1.899999999999125e-05,0.0,1.899999999999125e-05,0.0,True
mp-1977185,J,ctp-uniform,0.0001,alpha_rel=0.001,U,1,264.12986528342725,unprojected,1.899999999999125e-05,0.0,1.899999999999125e-05,0.0,True
mp-1977185,J,ctp-uniform,1e-05,alpha_rel=0.001,U,1,264.12986528342725,projected,1.899999999999125e-05,0.0,1.899999999999125e-05,0.0,False
mp-1977185,J,ctp-uniform,1e-05,alpha_rel=0.000464159,U,2,202.67705171525117,unprojected,3.000000000419334e-06,0.0,3.000000000419334e-06,0.0,True
mp-1977185,J,ctp-hap:0.0001,0.001,alpha_rel=0.001,U,1,264.12986528342725,unprojected,1.899999999999125e-05,0.0,1.899999999999125e-05,0.0,True
mp-1977185,J,ctp-hap:0.0001,0.0001,alpha_rel=0.001,U,1,264.12986528342725,unprojected,1.899999999999125e-05,0.0,1.899999999999125e-05,0.0,True
mp-1977185,J,ctp-hap:0.0001,1e-05,alpha_rel=0.001,U,1,264.12986528342725,projected,1.899999999999125e-05,0.0,1.899999999999125e-05,0.0,False
mp-1977185,J,ctp-hap:0.0001,1e-05,alpha_rel=0.001,hap:0.0001,2,263.5005398160902,projected,0.0,0.0,1.899999999999125e-05,0.0,True
mp-1977185,J,ctp-hap:0.01,0.001,alpha_rel=0.001,U,1,264.12986528342725,unprojected,1.899999999999125e-05,0.0,1.899999999999125e-05,0.0,True
mp-1977185,J,ctp-hap:0.01,0.0001,alpha_rel=0.001,U,1,264.12986528342725,unprojected,1.899999999999125e-05,0.0,1.899999999999125e-05,0.0,True
mp-1977185,J,ctp-hap:0.01,1e-05,alpha_rel=0.001,U,1,264.12986528342725,projected,1.899999999999125e-05,0.0,1.899999999999125e-05,0.0,False
mp-1977185,J,ctp-hap:0.01,1e-05,alpha_rel=0.001,hap:0.01,2,263.5005398160902,projected,0.0,0.0,1.899999999999125e-05,0.0,True
mp-1977185,J,ctp-hap:1,0.001,alpha_rel=0.001,U,1,264.12986528342725,unprojected,1.899999999999125e-05,0.0,1.899999999999125e-05,0.0,True
mp-1977185,J,ctp-hap:1,0.0001,alpha_rel=0.001,U,1,264.12986528342725,unprojected,1.899999999999125e-05,0.0,1.899999999999125e-05,0.0,True
mp-1977185,J,ctp-hap:1,1e-05,alpha_rel=0.001,U,1,264.12986528342725,projected,1.899999999999125e-05,0.0,1.899999999999125e-05,0.0,False
mp-1977185,J,ctp-hap:1,1e-05,alpha_rel=0.001,hap:1,2,263.5005398160902,projected,0.0,0.0,1.899999999999125e-05,0.0,True
mp-1977185,T1,none,0.001,q_cut=0.3;alpha_rel=1e-05,U,1,237.05164445039856,,7.000000000090267e-06,0.0,7.000000000090267e-06,0.0,True
mp-1977185,T1,none,0.0001,q_cut=0.3;alpha_rel=1e-05,U,1,237.05164445039856,,7.000000000090267e-06,0.0,7.000000000090267e-06,0.0,True
mp-1977185,T1,none,1e-05,q_cut=0.3;alpha_rel=1e-05,U,1,237.05164445039856,,7.000000000090267e-06,0.0,7.000000000090267e-06,0.0,True
mp-1977185,T1,uniform,0.001,q_cut=0.3;alpha_rel=1e-05,uniform,1,236.6078759109447,,0.0,0.0,7.000000000090267e-06,0.0,True
mp-1977185,T1,uniform,0.0001,q_cut=0.3;alpha_rel=1e-05,uniform,1,236.6078759109447,,0.0,0.0,7.000000000090267e-06,0.0,True
mp-1977185,T1,uniform,1e-05,q_cut=0.3;alpha_rel=1e-05,uniform,1,236.6078759109447,,0.0,0.0,7.000000000090267e-06,0.0,True
mp-1977185,T1,hap:0.0001,0.001,q_cut=0.3;alpha_rel=1e-05,hap:0.0001,1,236.54461600160417,,0.0,0.0,7.000000000090267e-06,0.0,True
mp-1977185,T1,hap:0.0001,0.0001,q_cut=0.3;alpha_rel=1e-05,hap:0.0001,1,236.54461600160417,,0.0,0.0,7.000000000090267e-06,0.0,True
mp-1977185,T1,hap:0.0001,1e-05,q_cut=0.3;alpha_rel=1e-05,hap:0.0001,1,236.54461600160417,,0.0,0.0,7.000000000090267e-06,0.0,True
mp-1977185,T1,hap:0.01,0.001,q_cut=0.3;alpha_rel=1e-05,hap:0.01,1,236.54461600160417,,0.0,0.0,7.000000000090267e-06,0.0,True
mp-1977185,T1,hap:0.01,0.0001,q_cut=0.3;alpha_rel=1e-05,hap:0.01,1,236.54461600160417,,0.0,0.0,7.000000000090267e-06,0.0,True
mp-1977185,T1,hap:0.01,1e-05,q_cut=0.3;alpha_rel=1e-05,hap:0.01,1,236.54461600160417,,0.0,0.0,7.000000000090267e-06,0.0,True
mp-1977185,T1,hap:1,0.001,q_cut=0.3;alpha_rel=1e-05,hap:1,1,236.54461600160417,,0.0,0.0,7.000000000090267e-06,0.0,True
mp-1977185,T1,hap:1,0.0001,q_cut=0.3;alpha_rel=1e-05,hap:1,1,236.54461600160417,,0.0,0.0,7.000000000090267e-06,0.0,True
mp-1977185,T1,hap:1,1e-05,q_cut=0.3;alpha_rel=1e-05,hap:1,1,236.54461600160417,,0.0,0.0,7.000000000090267e-06,0.0,True
mp-1977185,T1,ctp-uniform,0.001,q_cut=0.3;alpha_rel=1e-05,U,1,237.04370541545265,unprojected,7.000000000090267e-06,0.0,7.000000000090267e-06,0.0,True
mp-1977185,T1,ctp-uniform,0.0001,q_cut=0.3;alpha_rel=1e-05,U,1,237.04370541545265,unprojected,7.000000000090267e-06,0.0,7.000000000090267e-06,0.0,True
mp-1977185,T1,ctp-uniform,1e-05,q_cut=0.3;alpha_rel=1e-05,U,1,237.04370541545265,unprojected,7.000000000090267e-06,0.0,7.000000000090267e-06,0.0,True
mp-1977185,T1,ctp-hap:0.0001,0.001,q_cut=0.3;alpha_rel=1e-05,U,1,237.04370541545265,unprojected,7.000000000090267e-06,0.0,7.000000000090267e-06,0.0,True
mp-1977185,T1,ctp-hap:0.0001,0.0001,q_cut=0.3;alpha_rel=1e-05,U,1,237.04370541545265,unprojected,7.000000000090267e-06,0.0,7.000000000090267e-06,0.0,True
mp-1977185,T1,ctp-hap:0.0001,1e-05,q_cut=0.3;alpha_rel=1e-05,U,1,237.04370541545265,unprojected,7.000000000090267e-06,0.0,7.000000000090267e-06,0.0,True
mp-1977185,T1,ctp-hap:0.01,0.001,q_cut=0.3;alpha_rel=1e-05,U,1,237.04370541545265,unprojected,7.000000000090267e-06,0.0,7.000000000090267e-06,0.0,True
mp-1977185,T1,ctp-hap:0.01,0.0001,q_cut=0.3;alpha_rel=1e-05,U,1,237.04370541545265,unprojected,7.000000000090267e-06,0.0,7.000000000090267e-06,0.0,True
mp-1977185,T1,ctp-hap:0.01,1e-05,q_cut=0.3;alpha_rel=1e-05,U,1,237.04370541545265,unprojected,7.000000000090267e-06,0.0,7.000000000090267e-06,0.0,True
mp-1977185,T1,ctp-hap:1,0.001,q_cut=0.3;alpha_rel=1e-05,U,1,237.04370541545265,unprojected,7.000000000090267e-06,0.0,7.000000000090267e-06,0.0,True
mp-1977185,T1,ctp-hap:1,0.0001,q_cut=0.3;alpha_rel=1e-05,U,1,237.04370541545265,unprojected,7.000000000090267e-06,0.0,7.000000000090267e-06,0.0,True
mp-1977185,T1,ctp-hap:1,1e-05,q_cut=0.3;alpha_rel=1e-05,U,1,237.04370541545265,unprojected,7.000000000090267e-06,0.0,7.000000000090267e-06,0.0,True
mp-1977185,R3,none,0.001,tau=1e-06;k=0;margin=0.995,U,1,368.7744490178711,,1.999999999924285e-05,0.0,1.999999999924285e-05,0.0,True
mp-1977185,R3,none,0.0001,tau=1e-06;k=0;margin=0.995,U,1,368.7744490178711,,1.999999999924285e-05,0.0,1.999999999924285e-05,0.0,True
mp-1977185,R3,none,1e-05,tau=1e-06;k=0;margin=0.995,U,1,368.7744490178711,,1.999999999924285e-05,0.0,1.999999999924285e-05,0.0,False
mp-1977185,R3,none,1e-05,tau=1e-06;k=1;margin=0.990025,U,2,368.4480999479438,,1.699999999971169e-05,0.0,1.699999999971169e-05,0.0,False
mp-1977185,R3,none,1e-05,tau=1e-06;k=2;margin=0.985074875,U,3,367.6061078217513,,1.4999999999432134e-05,0.0,1.4999999999432134e-05,0.0,False
mp-1977185,R3,none,1e-05,tau=1e-06;k=3;margin=0.980149501,U,4,366.331349309042,,2.6000000000081517e-05,0.0,2.6000000000081517e-05,0.0,False
mp-1977185,R3,none,1e-05,tau=1e-06;k=4;margin=0.975248753,U,5,365.801230037728,,2.10000000002708e-05,0.0,2.10000000002708e-05,0.0,False
mp-1977185,R3,hap:0.0001,0.001,tau=1e-06;k=0;margin=0.995,hap:0.0001,1,367.5488393830815,,0.0,0.0,1.999999999924285e-05,0.0,True
mp-1977185,R3,hap:0.0001,0.0001,tau=1e-06;k=0;margin=0.995,hap:0.0001,1,367.5488393830815,,0.0,0.0,1.999999999924285e-05,0.0,True
mp-1977185,R3,hap:0.0001,1e-05,tau=1e-06;k=0;margin=0.995,hap:0.0001,1,367.5488393830815,,0.0,0.0,1.999999999924285e-05,0.0,True
mp-1977185,R3,hap:0.01,0.001,tau=1e-06;k=0;margin=0.995,hap:0.01,1,367.5488393830815,,0.0,0.0,1.999999999924285e-05,0.0,True
mp-1977185,R3,hap:0.01,0.0001,tau=1e-06;k=0;margin=0.995,hap:0.01,1,367.5488393830815,,0.0,0.0,1.999999999924285e-05,0.0,True
mp-1977185,R3,hap:0.01,1e-05,tau=1e-06;k=0;margin=0.995,hap:0.01,1,367.5488393830815,,0.0,0.0,1.999999999924285e-05,0.0,True
mp-1977185,R3,ctp-uniform,0.001,tau=1e-06;k=0;margin=0.995,U,1,368.7552360112536,unprojected,1.999999999924285e-05,0.0,1.999999999924285e-05,0.0,True
mp-1977185,R3,ctp-uniform,0.0001,tau=1e-06;k=0;margin=0.995,U,1,368.7552360112536,unprojected,1.999999999924285e-05,0.0,1.999999999924285e-05,0.0,True
mp-1977185,R3,ctp-uniform,1e-05,tau=1e-06;k=0;margin=0.995,U,1,368.7552360112536,projected,1.999999999924285e-05,0.0,1.999999999924285e-05,0.0,False
mp-1977185,R3,ctp-uniform,1e-05,tau=1e-06;k=1;margin=0.990025,U,2,368.4289209307168,projected,1.699999999971169e-05,0.0,1.699999999971169e-05,0.0,False
mp-1977185,R3,ctp-uniform,1e-05,tau=1e-06;k=2;margin=0.985074875,U,3,367.5870163593872,projected,1.4999999999432134e-05,0.0,1.4999999999432134e-05,0.0,False
mp-1977185,R3,ctp-uniform,1e-05,tau=1e-06;k=3;margin=0.980149501,U,4,366.31239002173686,projected,2.6000000000081517e-05,0.0,2.6000000000081517e-05,0.0,False
mp-1977185,R3,ctp-uniform,1e-05,tau=1e-06;k=4;margin=0.975248753,U,5,365.78232558139536,projected,2.10000000002708e-05,0.0,2.10000000002708e-05,0.0,False
mp-1977185,R3,ctp-hap:0.0001,0.001,tau=1e-06;k=0;margin=0.995,U,1,368.7552360112536,unprojected,1.999999999924285e-05,0.0,1.999999999924285e-05,0.0,True
mp-1977185,R3,ctp-hap:0.0001,0.0001,tau=1e-06;k=0;margin=0.995,U,1,368.7552360112536,unprojected,1.999999999924285e-05,0.0,1.999999999924285e-05,0.0,True
mp-1977185,R3,ctp-hap:0.0001,1e-05,tau=1e-06;k=0;margin=0.995,U,1,368.7552360112536,projected,1.999999999924285e-05,0.0,1.999999999924285e-05,0.0,False
mp-1977185,R3,ctp-hap:0.0001,1e-05,tau=1e-06;k=1;margin=0.990025,U,2,368.4289209307168,projected,1.699999999971169e-05,0.0,1.699999999971169e-05,0.0,False
mp-1977185,R3,ctp-hap:0.0001,1e-05,tau=1e-06;k=2;margin=0.985074875,U,3,367.5870163593872,projected,1.4999999999432134e-05,0.0,1.4999999999432134e-05,0.0,False
mp-1977185,R3,ctp-hap:0.0001,1e-05,tau=1e-06;k=0;margin=0.995,hap:0.0001,4,367.52975386852216,projected,0.0,0.0,1.999999999924285e-05,0.0,True
mp-1977185,R3,ctp-hap:0.01,0.001,tau=1e-06;k=0;margin=0.995,U,1,368.7552360112536,unprojected,1.999999999924285e-05,0.0,1.999999999924285e-05,0.0,True
mp-1977185,R3,ctp-hap:0.01,0.0001,tau=1e-06;k=0;margin=0.995,U,1,368.7552360112536,unprojected,1.999999999924285e-05,0.0,1.999999999924285e-05,0.0,True
mp-1977185,R3,ctp-hap:0.01,1e-05,tau=1e-06;k=0;margin=0.995,U,1,368.7552360112536,projected,1.999999999924285e-05,0.0,1.999999999924285e-05,0.0,False
mp-1977185,R3,ctp-hap:0.01,1e-05,tau=1e-06;k=1;margin=0.990025,U,2,368.4289209307168,projected,1.699999999971169e-05,0.0,1.699999999971169e-05,0.0,False
mp-1977185,R3,ctp-hap:0.01,1e-05,tau=1e-06;k=2;margin=0.985074875,U,3,367.5870163593872,projected,1.4999999999432134e-05,0.0,1.4999999999432134e-05,0.0,False
mp-1977185,R3,ctp-hap:0.01,1e-05,tau=1e-06;k=0;margin=0.995,hap:0.01,4,367.52975386852216,projected,0.0,0.0,1.999999999924285e-05,0.0,True
mp-1977185,R3,ctp-hap:1,0.001,tau=1e-06;k=0;margin=0.995,U,1,368.7552360112536,unprojected,1.999999999924285e-05,0.0,1.999999999924285e-05,0.0,True
mp-1977185,R3,ctp-hap:1,0.0001,tau=1e-06;k=0;margin=0.995,U,1,368.7552360112536,unprojected,1.999999999924285e-05,0.0,1.999999999924285e-05,0.0,True
mp-1977185,R3,ctp-hap:1,1e-05,tau=1e-06;k=0;margin=0.995,U,1,368.7552360112536,projected,1.999999999924285e-05,0.0,1.999999999924285e-05,0.0,False
mp-1977185,R3,ctp-hap:1,1e-05,tau=1e-06;k=1;margin=0.990025,U,2,368.4289209307168,projected,1.699999999971169e-05,0.0,1.699999999971169e-05,0.0,False
mp-1977185,R3,ctp-hap:1,1e-05,tau=1e-06;k=2;margin=0.985074875,U,3,367.5870163593872,projected,1.4999999999432134e-05,0.0,1.4999999999432134e-05,0.0,False
mp-1977185,R3,ctp-hap:1,1e-05,tau=1e-06;k=3;margin=0.980149501,U,4,366.31239002173686,projected,2.6000000000081517e-05,0.0,2.6000000000081517e-05,0.0,False
mp-1977185,R3,ctp-hap:1,1e-05,tau=1e-06;k=4;margin=0.975248753,U,5,365.78232558139536,projected,2.10000000002708e-05,0.0,2.10000000002708e-05,0.0,False
mp-1977185,GF,none,0.001,SPERR;tol_rel=2.15443e-06,U,1,33.06049353306335,,2.000000000279556e-06,0.0,2.000000000279556e-06,0.0,True
mp-1977185,GF,none,0.0001,SPERR;tol_rel=2.15443e-06,U,1,33.06049353306335,,2.000000000279556e-06,0.0,2.000000000279556e-06,0.0,True
mp-1977185,GF,none,1e-05,SPERR;tol_rel=2.15443e-06,U,1,33.06049353306335,,2.000000000279556e-06,0.0,2.000000000279556e-06,0.0,True
mp-1977185,GF,uniform,0.001,SPERR;tol_rel=2.15443e-06,uniform,1,33.05184804688412,,0.0,0.0,2.000000000279556e-06,0.0,True
mp-1977185,GF,uniform,0.0001,SPERR;tol_rel=2.15443e-06,uniform,1,33.05184804688412,,0.0,0.0,2.000000000279556e-06,0.0,True
mp-1977185,GF,uniform,1e-05,SPERR;tol_rel=2.15443e-06,uniform,1,33.05184804688412,,0.0,0.0,2.000000000279556e-06,0.0,True
mp-1977185,GF,hap:0.0001,0.001,SPERR;tol_rel=2.15443e-06,hap:0.0001,1,33.05061334653262,,0.0,0.0,2.000000000279556e-06,0.0,True
mp-1977185,GF,hap:0.0001,0.0001,SPERR;tol_rel=2.15443e-06,hap:0.0001,1,33.05061334653262,,0.0,0.0,2.000000000279556e-06,0.0,True
mp-1977185,GF,hap:0.0001,1e-05,SPERR;tol_rel=2.15443e-06,hap:0.0001,1,33.05061334653262,,0.0,0.0,2.000000000279556e-06,0.0,True
mp-1977185,GF,hap:0.01,0.001,SPERR;tol_rel=2.15443e-06,hap:0.01,1,33.05061334653262,,0.0,0.0,2.000000000279556e-06,0.0,True
mp-1977185,GF,hap:0.01,0.0001,SPERR;tol_rel=2.15443e-06,hap:0.01,1,33.05061334653262,,0.0,0.0,2.000000000279556e-06,0.0,True
mp-1977185,GF,hap:0.01,1e-05,SPERR;tol_rel=2.15443e-06,hap:0.01,1,33.05061334653262,,0.0,0.0,2.000000000279556e-06,0.0,True
mp-1977185,GF,hap:1,0.001,SPERR;tol_rel=2.15443e-06,hap:1,1,33.05061334653262,,0.0,0.0,2.000000000279556e-06,0.0,True
mp-1977185,GF,hap:1,0.0001,SPERR;tol_rel=2.15443e-06,hap:1,1,33.05061334653262,,0.0,0.0,2.000000000279556e-06,0.0,True
mp-1977185,GF,hap:1,1e-05,SPERR;tol_rel=2.15443e-06,hap:1,1,33.05061334653262,,0.0,0.0,2.000000000279556e-06,0.0,True
mp-1977185,GF,ctp-uniform,0.001,SPERR;tol_rel=2.15443e-06,U,1,33.06033910972021,unprojected,2.000000000279556e-06,0.0,2.000000000279556e-06,0.0,True
mp-1977185,GF,ctp-uniform,0.0001,SPERR;tol_rel=2.15443e-06,U,1,33.06033910972021,unprojected,2.000000000279556e-06,0.0,2.000000000279556e-06,0.0,True
mp-1977185,GF,ctp-uniform,1e-05,SPERR;tol_rel=2.15443e-06,U,1,33.06033910972021,unprojected,2.000000000279556e-06,0.0,2.000000000279556e-06,0.0,True
mp-1977185,GF,ctp-hap:0.0001,0.001,SPERR;tol_rel=2.15443e-06,U,1,33.06033910972021,unprojected,2.000000000279556e-06,0.0,2.000000000279556e-06,0.0,True
mp-1977185,GF,ctp-hap:0.0001,0.0001,SPERR;tol_rel=2.15443e-06,U,1,33.06033910972021,unprojected,2.000000000279556e-06,0.0,2.000000000279556e-06,0.0,True
mp-1977185,GF,ctp-hap:0.0001,1e-05,SPERR;tol_rel=2.15443e-06,U,1,33.06033910972021,unprojected,2.000000000279556e-06,0.0,2.000000000279556e-06,0.0,True
mp-1977185,GF,ctp-hap:0.01,0.001,SPERR;tol_rel=2.15443e-06,U,1,33.06033910972021,unprojected,2.000000000279556e-06,0.0,2.000000000279556e-06,0.0,True
mp-1977185,GF,ctp-hap:0.01,0.0001,SPERR;tol_rel=2.15443e-06,U,1,33.06033910972021,unprojected,2.000000000279556e-06,0.0,2.000000000279556e-06,0.0,True
mp-1977185,GF,ctp-hap:0.01,1e-05,SPERR;tol_rel=2.15443e-06,U,1,33.06033910972021,unprojected,2.000000000279556e-06,0.0,2.000000000279556e-06,0.0,True
mp-1977185,GF,ctp-hap:1,0.001,SPERR;tol_rel=2.15443e-06,U,1,33.06033910972021,unprojected,2.000000000279556e-06,0.0,2.000000000279556e-06,0.0,True
mp-1977185,GF,ctp-hap:1,0.0001,SPERR;tol_rel=2.15443e-06,U,1,33.06033910972021,unprojected,2.000000000279556e-06,0.0,2.000000000279556e-06,0.0,True
mp-1977185,GF,ctp-hap:1,1e-05,SPERR;tol_rel=2.15443e-06,U,1,33.06033910972021,unprojected,2.000000000279556e-06,0.0,2.000000000279556e-06,0.0,True
mp-2231462,J,none,0.001,alpha_rel=0.000464159,U,1,66.12352276837451,,1.100000000064938e-05,0.0,1.100000000064938e-05,0.0,True
mp-2231462,J,none,0.0001,alpha_rel=0.000464159,U,1,66.12352276837451,,1.100000000064938e-05,0.0,1.100000000064938e-05,0.0,True
mp-2231462,J,none,1e-05,alpha_rel=0.000464159,U,1,66.12352276837451,,1.100000000064938e-05,0.0,1.100000000064938e-05,0.0,False
mp-2231462,J,none,1e-05,alpha_rel=0.000215443,U,2,47.417394940635305,,4.999999999810711e-06,0.0,4.999999999810711e-06,0.0,True
mp-2231462,J,uniform,0.001,alpha_rel=0.000464159,uniform,1,66.03772972893276,,0.0,0.0,1.100000000064938e-05,0.0,True
mp-2231462,J,uniform,0.0001,alpha_rel=0.000464159,uniform,1,66.03772972893276,,0.0,0.0,1.100000000064938e-05,0.0,True
mp-2231462,J,uniform,1e-05,alpha_rel=0.000464159,uniform,1,66.03772972893276,,0.0,0.0,1.100000000064938e-05,0.0,True
mp-2231462,J,hap:0.0001,0.001,alpha_rel=0.000464159,hap:0.0001,1,66.03383533470443,,0.0,0.0,1.100000000064938e-05,0.0,True
mp-2231462,J,hap:0.0001,0.0001,alpha_rel=0.000464159,hap:0.0001,1,66.03383533470443,,0.0,0.0,1.100000000064938e-05,0.0,True
mp-2231462,J,hap:0.0001,1e-05,alpha_rel=0.000464159,hap:0.0001,1,66.03383533470443,,0.0,0.0,1.100000000064938e-05,0.0,True
mp-2231462,J,hap:0.01,0.001,alpha_rel=0.000464159,hap:0.01,1,66.03383533470443,,0.0,0.0,1.100000000064938e-05,0.0,True
mp-2231462,J,hap:0.01,0.0001,alpha_rel=0.000464159,hap:0.01,1,66.03383533470443,,0.0,0.0,1.100000000064938e-05,0.0,True
mp-2231462,J,hap:0.01,1e-05,alpha_rel=0.000464159,hap:0.01,1,66.03383533470443,,0.0,0.0,1.100000000064938e-05,0.0,True
mp-2231462,J,hap:1,0.001,alpha_rel=0.000464159,hap:1,1,66.03383533470443,,0.0,0.0,1.100000000064938e-05,0.0,True
mp-2231462,J,hap:1,0.0001,alpha_rel=0.000464159,hap:1,1,66.03383533470443,,0.0,0.0,1.100000000064938e-05,0.0,True
mp-2231462,J,hap:1,1e-05,alpha_rel=0.000464159,hap:1,1,66.03383533470443,,0.0,0.0,1.100000000064938e-05,0.0,True
mp-2231462,J,ctp-uniform,0.001,alpha_rel=0.000464159,U,1,66.12303467824084,unprojected,1.100000000064938e-05,0.0,1.100000000064938e-05,0.0,True
mp-2231462,J,ctp-uniform,0.0001,alpha_rel=0.000464159,U,1,66.12303467824084,unprojected,1.100000000064938e-05,0.0,1.100000000064938e-05,0.0,True
mp-2231462,J,ctp-uniform,1e-05,alpha_rel=0.000464159,U,1,66.12303467824084,projected,1.100000000064938e-05,0.0,1.100000000064938e-05,0.0,False
mp-2231462,J,ctp-uniform,1e-05,alpha_rel=0.000464159,uniform,2,66.03724290453373,projected,0.0,0.0,1.100000000064938e-05,0.0,True
mp-2231462,J,ctp-hap:0.0001,0.001,alpha_rel=0.000464159,U,1,66.12303467824084,unprojected,1.100000000064938e-05,0.0,1.100000000064938e-05,0.0,True
mp-2231462,J,ctp-hap:0.0001,0.0001,alpha_rel=0.000464159,U,1,66.12303467824084,unprojected,1.100000000064938e-05,0.0,1.100000000064938e-05,0.0,True
mp-2231462,J,ctp-hap:0.0001,1e-05,alpha_rel=0.000464159,U,1,66.12303467824084,projected,1.100000000064938e-05,0.0,1.100000000064938e-05,0.0,False
mp-2231462,J,ctp-hap:0.0001,1e-05,alpha_rel=0.000464159,hap:0.0001,2,66.03334856772177,projected,0.0,0.0,1.100000000064938e-05,0.0,True
mp-2231462,J,ctp-hap:0.01,0.001,alpha_rel=0.000464159,U,1,66.12303467824084,unprojected,1.100000000064938e-05,0.0,1.100000000064938e-05,0.0,True
mp-2231462,J,ctp-hap:0.01,0.0001,alpha_rel=0.000464159,U,1,66.12303467824084,unprojected,1.100000000064938e-05,0.0,1.100000000064938e-05,0.0,True
mp-2231462,J,ctp-hap:0.01,1e-05,alpha_rel=0.000464159,U,1,66.12303467824084,projected,1.100000000064938e-05,0.0,1.100000000064938e-05,0.0,False
mp-2231462,J,ctp-hap:0.01,1e-05,alpha_rel=0.000464159,hap:0.01,2,66.03334856772177,projected,0.0,0.0,1.100000000064938e-05,0.0,True
mp-2231462,J,ctp-hap:1,0.001,alpha_rel=0.000464159,U,1,66.12303467824084,unprojected,1.100000000064938e-05,0.0,1.100000000064938e-05,0.0,True
mp-2231462,J,ctp-hap:1,0.0001,alpha_rel=0.000464159,U,1,66.12303467824084,unprojected,1.100000000064938e-05,0.0,1.100000000064938e-05,0.0,True
mp-2231462,J,ctp-hap:1,1e-05,alpha_rel=0.000464159,U,1,66.12303467824084,projected,1.100000000064938e-05,0.0,1.100000000064938e-05,0.0,False
mp-2231462,J,ctp-hap:1,1e-05,alpha_rel=0.000464159,hap:1,2,66.03334856772177,projected,0.0,0.0,1.100000000064938e-05,0.0,True
mp-2231462,T1,none,0.001,q_cut=0.3;alpha_rel=2.15443e-06,U,1,47.76962948742561,,2.0000000000131024e-05,0.0,2.0000000000131024e-05,0.0,True
mp-2231462,T1,none,0.0001,q_cut=0.3;alpha_rel=2.15443e-06,U,1,47.76962948742561,,2.0000000000131024e-05,0.0,2.0000000000131024e-05,0.0,True
mp-2231462,T1,none,1e-05,q_cut=0.3;alpha_rel=2.15443e-06,U,1,47.76962948742561,,2.0000000000131024e-05,0.0,2.0000000000131024e-05,0.0,False
mp-2231462,T1,none,1e-05,q_cut=0.3;alpha_rel=1e-06,U,2,41.32277885413784,,2.0000000000131024e-05,0.0,2.0000000000131024e-05,0.0,False
mp-2231462,T1,none,1e-05,q_cut=0.3;alpha_rel=4.64159e-07,U,3,38.656350196130894,,2.0000000000131024e-05,0.0,2.0000000000131024e-05,0.0,False
mp-2231462,T1,none,1e-05,q_cut=0.3;alpha_rel=2.15443e-07,U,4,35.38147261653672,,2.0000000000131024e-05,0.0,2.0000000000131024e-05,0.0,False
mp-2231462,T1,none,1e-05,q_cut=0.3;alpha_rel=1e-07,U,5,33.4681531518068,,2.0000000000131024e-05,0.0,2.0000000000131024e-05,0.0,False
mp-2231462,T1,uniform,0.001,q_cut=0.5;alpha_rel=1e-05,uniform,1,33.74018636675229,,0.0,0.0,1.09999999997612e-05,0.0,True
mp-2231462,T1,uniform,0.0001,q_cut=0.5;alpha_rel=1e-05,uniform,1,33.74018636675229,,0.0,0.0,1.09999999997612e-05,0.0,True
mp-2231462,T1,uniform,1e-05,q_cut=0.5;alpha_rel=1e-05,uniform,1,33.74018636675229,,0.0,0.0,1.09999999997612e-05,0.0,True
mp-2231462,T1,hap:0.0001,0.001,q_cut=0.3;alpha_rel=2.15443e-06,hap:0.0001,1,47.722803503313656,,0.0,0.0,2.0000000000131024e-05,0.0,True
mp-2231462,T1,hap:0.0001,0.0001,q_cut=0.3;alpha_rel=2.15443e-06,hap:0.0001,1,47.722803503313656,,0.0,0.0,2.0000000000131024e-05,0.0,True
mp-2231462,T1,hap:0.0001,1e-05,q_cut=0.3;alpha_rel=2.15443e-06,hap:0.0001,1,47.722803503313656,,0.0,0.0,2.0000000000131024e-05,0.0,True
mp-2231462,T1,hap:0.01,0.001,q_cut=0.3;alpha_rel=2.15443e-06,hap:0.01,1,47.722803503313656,,0.0,0.0,2.0000000000131024e-05,0.0,True
mp-2231462,T1,hap:0.01,0.0001,q_cut=0.3;alpha_rel=2.15443e-06,hap:0.01,1,47.722803503313656,,0.0,0.0,2.0000000000131024e-05,0.0,True
mp-2231462,T1,hap:0.01,1e-05,q_cut=0.3;alpha_rel=2.15443e-06,hap:0.01,1,47.722803503313656,,0.0,0.0,2.0000000000131024e-05,0.0,True
mp-2231462,T1,hap:1,0.001,q_cut=0.3;alpha_rel=2.15443e-06,hap:1,1,47.722803503313656,,0.0,0.0,2.0000000000131024e-05,0.0,True
mp-2231462,T1,hap:1,0.0001,q_cut=0.3;alpha_rel=2.15443e-06,hap:1,1,47.722803503313656,,0.0,0.0,2.0000000000131024e-05,0.0,True
mp-2231462,T1,hap:1,1e-05,q_cut=0.3;alpha_rel=2.15443e-06,hap:1,1,47.722803503313656,,0.0,0.0,2.0000000000131024e-05,0.0,True
mp-2231462,T1,ctp-uniform,0.001,q_cut=0.3;alpha_rel=2.15443e-06,U,1,47.76937475003333,unprojected,2.0000000000131024e-05,0.0,2.0000000000131024e-05,0.0,True
mp-2231462,T1,ctp-uniform,0.0001,q_cut=0.3;alpha_rel=2.15443e-06,U,1,47.76937475003333,unprojected,2.0000000000131024e-05,0.0,2.0000000000131024e-05,0.0,True
mp-2231462,T1,ctp-uniform,1e-05,q_cut=0.3;alpha_rel=2.15443e-06,U,1,47.76937475003333,projected,2.0000000000131024e-05,0.0,2.0000000000131024e-05,0.0,False
mp-2231462,T1,ctp-uniform,1e-05,q_cut=0.3;alpha_rel=1e-06,U,2,41.32258823420872,projected,2.0000000000131024e-05,0.0,2.0000000000131024e-05,0.0,False
mp-2231462,T1,ctp-uniform,1e-05,q_cut=0.3;alpha_rel=4.64159e-07,U,3,38.65618338267152,projected,2.0000000000131024e-05,0.0,2.0000000000131024e-05,0.0,False
mp-2231462,T1,ctp-uniform,1e-05,q_cut=0.3;alpha_rel=2.15443e-07,U,4,35.381332869900426,projected,2.0000000000131024e-05,0.0,2.0000000000131024e-05,0.0,False
mp-2231462,T1,ctp-uniform,1e-05,q_cut=0.5;alpha_rel=1e-05,uniform,5,33.74005928459241,projected,0.0,0.0,1.09999999997612e-05,0.0,True
mp-2231462,T1,ctp-hap:0.0001,0.001,q_cut=0.3;alpha_rel=2.15443e-06,U,1,47.76937475003333,unprojected,2.0000000000131024e-05,0.0,2.0000000000131024e-05,0.0,True
mp-2231462,T1,ctp-hap:0.0001,0.0001,q_cut=0.3;alpha_rel=2.15443e-06,U,1,47.76937475003333,unprojected,2.0000000000131024e-05,0.0,2.0000000000131024e-05,0.0,True
mp-2231462,T1,ctp-hap:0.0001,1e-05,q_cut=0.3;alpha_rel=2.15443e-06,U,1,47.76937475003333,projected,2.0000000000131024e-05,0.0,2.0000000000131024e-05,0.0,False
mp-2231462,T1,ctp-hap:0.0001,1e-05,q_cut=0.3;alpha_rel=2.15443e-06,hap:0.0001,2,47.72254926508585,projected,0.0,0.0,2.0000000000131024e-05,0.0,True
mp-2231462,T1,ctp-hap:0.01,0.001,q_cut=0.3;alpha_rel=2.15443e-06,U,1,47.76937475003333,unprojected,2.0000000000131024e-05,0.0,2.0000000000131024e-05,0.0,True
mp-2231462,T1,ctp-hap:0.01,0.0001,q_cut=0.3;alpha_rel=2.15443e-06,U,1,47.76937475003333,unprojected,2.0000000000131024e-05,0.0,2.0000000000131024e-05,0.0,True
mp-2231462,T1,ctp-hap:0.01,1e-05,q_cut=0.3;alpha_rel=2.15443e-06,U,1,47.76937475003333,projected,2.0000000000131024e-05,0.0,2.0000000000131024e-05,0.0,False
mp-2231462,T1,ctp-hap:0.01,1e-05,q_cut=0.3;alpha_rel=2.15443e-06,hap:0.01,2,47.72254926508585,projected,0.0,0.0,2.0000000000131024e-05,0.0,True
mp-2231462,T1,ctp-hap:1,0.001,q_cut=0.3;alpha_rel=2.15443e-06,U,1,47.76937475003333,unprojected,2.0000000000131024e-05,0.0,2.0000000000131024e-05,0.0,True
mp-2231462,T1,ctp-hap:1,0.0001,q_cut=0.3;alpha_rel=2.15443e-06,U,1,47.76937475003333,unprojected,2.0000000000131024e-05,0.0,2.0000000000131024e-05,0.0,True
mp-2231462,T1,ctp-hap:1,1e-05,q_cut=0.3;alpha_rel=2.15443e-06,U,1,47.76937475003333,projected,2.0000000000131024e-05,0.0,2.0000000000131024e-05,0.0,False
mp-2231462,T1,ctp-hap:1,1e-05,q_cut=0.3;alpha_rel=2.15443e-06,hap:1,2,47.72254926508585,projected,0.0,0.0,2.0000000000131024e-05,0.0,True
mp-2231462,R3,none,0.001,tau=1e-06;k=0;margin=0.995,U,1,83.94197683571348,,1.100000000064938e-05,0.0,1.100000000064938e-05,0.0,True
mp-2231462,R3,none,0.0001,tau=1e-06;k=0;margin=0.995,U,1,83.94197683571348,,1.100000000064938e-05,0.0,1.100000000064938e-05,0.0,True
mp-2231462,R3,none,1e-05,tau=1e-06;k=0;margin=0.995,U,1,83.94197683571348,,1.100000000064938e-05,0.0,1.100000000064938e-05,0.0,False
mp-2231462,R3,none,1e-05,tau=1e-06;k=1;margin=0.990025,U,2,83.64100840336134,,1.2000000000789155e-05,0.0,1.2000000000789155e-05,0.0,False
mp-2231462,R3,none,1e-05,tau=1e-06;k=2;margin=0.985074875,U,3,83.62070832477643,,1.2000000000789155e-05,0.0,1.2000000000789155e-05,0.0,False
mp-2231462,R3,none,1e-05,tau=1e-06;k=3;margin=0.980149501,U,4,83.46021689710432,,1.2000000000789155e-05,0.0,1.2000000000789155e-05,0.0,False
mp-2231462,R3,none,1e-05,tau=1e-06;k=4;margin=0.975248753,U,5,83.24073781536032,,1.100000000064938e-05,0.0,1.100000000064938e-05,0.0,False
mp-2231462,R3,hap:0.0001,0.001,tau=1e-06;k=0;margin=0.995,hap:0.0001,1,83.79749298409729,,0.0,0.0,1.100000000064938e-05,0.0,True
mp-2231462,R3,hap:0.0001,0.0001,tau=1e-06;k=0;margin=0.995,hap:0.0001,1,83.79749298409729,,0.0,0.0,1.100000000064938e-05,0.0,True
mp-2231462,R3,hap:0.0001,1e-05,tau=1e-06;k=0;margin=0.995,hap:0.0001,1,83.79749298409729,,0.0,0.0,1.100000000064938e-05,0.0,True
mp-2231462,R3,hap:0.01,0.001,tau=1e-06;k=0;margin=0.995,hap:0.01,1,83.79749298409729,,0.0,0.0,1.100000000064938e-05,0.0,True
mp-2231462,R3,hap:0.01,0.0001,tau=1e-06;k=0;margin=0.995,hap:0.01,1,83.79749298409729,,0.0,0.0,1.100000000064938e-05,0.0,True
mp-2231462,R3,hap:0.01,1e-05,tau=1e-06;k=0;margin=0.995,hap:0.01,1,83.79749298409729,,0.0,0.0,1.100000000064938e-05,0.0,True
mp-2231462,R3,hap:1,0.001,tau=1e-06;k=4;margin=0.975248753,hap:1,1,83.09865583168676,,0.0,0.0,1.100000000064938e-05,0.0,True
mp-2231462,R3,hap:1,0.0001,tau=1e-06;k=4;margin=0.975248753,hap:1,1,83.09865583168676,,0.0,0.0,1.100000000064938e-05,0.0,True
mp-2231462,R3,hap:1,1e-05,tau=1e-06;k=4;margin=0.975248753,hap:1,1,83.09865583168676,,0.0,0.0,1.100000000064938e-05,0.0,True
mp-2231462,R3,ctp-uniform,0.001,tau=1e-06;k=0;margin=0.995,U,1,83.94119025085038,unprojected,1.100000000064938e-05,0.0,1.100000000064938e-05,0.0,True
mp-2231462,R3,ctp-uniform,0.0001,tau=1e-06;k=0;margin=0.995,U,1,83.94119025085038,unprojected,1.100000000064938e-05,0.0,1.100000000064938e-05,0.0,True
mp-2231462,R3,ctp-uniform,1e-05,tau=1e-06;k=0;margin=0.995,U,1,83.94119025085038,projected,1.100000000064938e-05,0.0,1.100000000064938e-05,0.0,False
mp-2231462,R3,ctp-uniform,1e-05,tau=1e-06;k=1;margin=0.990025,U,2,83.64022744885669,projected,1.2000000000789155e-05,0.0,1.2000000000789155e-05,0.0,False
mp-2231462,R3,ctp-uniform,1e-05,tau=1e-06;k=2;margin=0.985074875,U,3,83.6199277493069,projected,1.2000000000789155e-05,0.0,1.2000000000789155e-05,0.0,False
mp-2231462,R3,ctp-uniform,1e-05,tau=1e-06;k=3;margin=0.980149501,U,4,83.45943931502893,projected,1.2000000000789155e-05,0.0,1.2000000000789155e-05,0.0,False
mp-2231462,R3,ctp-uniform,1e-05,tau=1e-06;k=4;margin=0.975248753,U,5,83.2399643175736,projected,1.100000000064938e-05,0.0,1.100000000064938e-05,0.0,False
mp-2231462,R3,ctp-hap:0.0001,0.001,tau=1e-06;k=0;margin=0.995,U,1,83.94119025085038,unprojected,1.100000000064938e-05,0.0,1.100000000064938e-05,0.0,True
mp-2231462,R3,ctp-hap:0.0001,0.0001,tau=1e-06;k=0;margin=0.995,U,1,83.94119025085038,unprojected,1.100000000064938e-05,0.0,1.100000000064938e-05,0.0,True
mp-2231462,R3,ctp-hap:0.0001,1e-05,tau=1e-06;k=0;margin=0.995,U,1,83.94119025085038,projected,1.100000000064938e-05,0.0,1.100000000064938e-05,0.0,False
mp-2231462,R3,ctp-hap:0.0001,1e-05,tau=1e-06;k=0;margin=0.995,hap:0.0001,2,83.79670910468565,projected,0.0,0.0,1.100000000064938e-05,0.0,True
mp-2231462,R3,ctp-hap:0.01,0.001,tau=1e-06;k=0;margin=0.995,U,1,83.94119025085038,unprojected,1.100000000064938e-05,0.0,1.100000000064938e-05,0.0,True
mp-2231462,R3,ctp-hap:0.01,0.0001,tau=1e-06;k=0;margin=0.995,U,1,83.94119025085038,unprojected,1.100000000064938e-05,0.0,1.100000000064938e-05,0.0,True
mp-2231462,R3,ctp-hap:0.01,1e-05,tau=1e-06;k=0;margin=0.995,U,1,83.94119025085038,projected,1.100000000064938e-05,0.0,1.100000000064938e-05,0.0,False
mp-2231462,R3,ctp-hap:0.01,1e-05,tau=1e-06;k=0;margin=0.995,hap:0.01,2,83.79670910468565,projected,0.0,0.0,1.100000000064938e-05,0.0,True
mp-2231462,R3,ctp-hap:1,0.001,tau=1e-06;k=0;margin=0.995,U,1,83.94119025085038,unprojected,1.100000000064938e-05,0.0,1.100000000064938e-05,0.0,True
mp-2231462,R3,ctp-hap:1,0.0001,tau=1e-06;k=0;margin=0.995,U,1,83.94119025085038,unprojected,1.100000000064938e-05,0.0,1.100000000064938e-05,0.0,True
mp-2231462,R3,ctp-hap:1,1e-05,tau=1e-06;k=0;margin=0.995,U,1,83.94119025085038,projected,1.100000000064938e-05,0.0,1.100000000064938e-05,0.0,False
mp-2231462,R3,ctp-hap:1,1e-05,tau=1e-06;k=1;margin=0.990025,U,2,83.64022744885669,projected,1.2000000000789155e-05,0.0,1.2000000000789155e-05,0.0,False
mp-2231462,R3,ctp-hap:1,1e-05,tau=1e-06;k=2;margin=0.985074875,U,3,83.6199277493069,projected,1.2000000000789155e-05,0.0,1.2000000000789155e-05,0.0,False
mp-2231462,R3,ctp-hap:1,1e-05,tau=1e-06;k=3;margin=0.980149501,U,4,83.45943931502893,projected,1.2000000000789155e-05,0.0,1.2000000000789155e-05,0.0,False
mp-2231462,R3,ctp-hap:1,1e-05,tau=1e-06;k=4;margin=0.975248753,U,5,83.2399643175736,projected,1.100000000064938e-05,0.0,1.100000000064938e-05,0.0,False
mp-2231462,GF,none,0.001,ZFP;tol_rel=0.0001,U,1,14.468659146412374,,7.000000000090267e-06,0.0,7.000000000090267e-06,0.0,True
mp-2231462,GF,none,0.0001,ZFP;tol_rel=0.0001,U,1,14.468659146412374,,7.000000000090267e-06,0.0,7.000000000090267e-06,0.0,True
mp-2231462,GF,none,1e-05,ZFP;tol_rel=0.0001,U,1,14.468659146412374,,7.000000000090267e-06,0.0,7.000000000090267e-06,0.0,True
mp-2231462,GF,uniform,0.001,ZFP;tol_rel=0.0001,uniform,1,14.4645472982574,,0.0,0.0,7.000000000090267e-06,0.0,True
mp-2231462,GF,uniform,0.0001,ZFP;tol_rel=0.0001,uniform,1,14.4645472982574,,0.0,0.0,7.000000000090267e-06,0.0,True
mp-2231462,GF,uniform,1e-05,ZFP;tol_rel=0.0001,uniform,1,14.4645472982574,,0.0,0.0,7.000000000090267e-06,0.0,True
mp-2231462,GF,hap:0.0001,0.001,ZFP;tol_rel=0.0001,hap:0.0001,1,14.4643604515979,,0.0,0.0,7.000000000090267e-06,0.0,True
mp-2231462,GF,hap:0.0001,0.0001,ZFP;tol_rel=0.0001,hap:0.0001,1,14.4643604515979,,0.0,0.0,7.000000000090267e-06,0.0,True
mp-2231462,GF,hap:0.0001,1e-05,ZFP;tol_rel=0.0001,hap:0.0001,1,14.4643604515979,,0.0,0.0,7.000000000090267e-06,0.0,True
mp-2231462,GF,hap:0.01,0.001,ZFP;tol_rel=0.0001,hap:0.01,1,14.4643604515979,,0.0,0.0,7.000000000090267e-06,0.0,True
mp-2231462,GF,hap:0.01,0.0001,ZFP;tol_rel=0.0001,hap:0.01,1,14.4643604515979,,0.0,0.0,7.000000000090267e-06,0.0,True
mp-2231462,GF,hap:0.01,1e-05,ZFP;tol_rel=0.0001,hap:0.01,1,14.4643604515979,,0.0,0.0,7.000000000090267e-06,0.0,True
mp-2231462,GF,hap:1,0.001,ZFP;tol_rel=0.0001,hap:1,1,14.4643604515979,,0.0,0.0,7.000000000090267e-06,0.0,True
mp-2231462,GF,hap:1,0.0001,ZFP;tol_rel=0.0001,hap:1,1,14.4643604515979,,0.0,0.0,7.000000000090267e-06,0.0,True
mp-2231462,GF,hap:1,1e-05,ZFP;tol_rel=0.0001,hap:1,1,14.4643604515979,,0.0,0.0,7.000000000090267e-06,0.0,True
mp-2231462,GF,ctp-uniform,0.001,ZFP;tol_rel=0.0001,U,1,14.468635777035155,unprojected,7.000000000090267e-06,0.0,7.000000000090267e-06,0.0,True
mp-2231462,GF,ctp-uniform,0.0001,ZFP;tol_rel=0.0001,U,1,14.468635777035155,unprojected,7.000000000090267e-06,0.0,7.000000000090267e-06,0.0,True
mp-2231462,GF,ctp-uniform,1e-05,ZFP;tol_rel=0.0001,U,1,14.468635777035155,unprojected,7.000000000090267e-06,0.0,7.000000000090267e-06,0.0,True
mp-2231462,GF,ctp-hap:0.0001,0.001,ZFP;tol_rel=0.0001,U,1,14.468635777035155,unprojected,7.000000000090267e-06,0.0,7.000000000090267e-06,0.0,True
mp-2231462,GF,ctp-hap:0.0001,0.0001,ZFP;tol_rel=0.0001,U,1,14.468635777035155,unprojected,7.000000000090267e-06,0.0,7.000000000090267e-06,0.0,True
mp-2231462,GF,ctp-hap:0.0001,1e-05,ZFP;tol_rel=0.0001,U,1,14.468635777035155,unprojected,7.000000000090267e-06,0.0,7.000000000090267e-06,0.0,True
mp-2231462,GF,ctp-hap:0.01,0.001,ZFP;tol_rel=0.0001,U,1,14.468635777035155,unprojected,7.000000000090267e-06,0.0,7.000000000090267e-06,0.0,True
mp-2231462,GF,ctp-hap:0.01,0.0001,ZFP;tol_rel=0.0001,U,1,14.468635777035155,unprojected,7.000000000090267e-06,0.0,7.000000000090267e-06,0.0,True
mp-2231462,GF,ctp-hap:0.01,1e-05,ZFP;tol_rel=0.0001,U,1,14.468635777035155,unprojected,7.000000000090267e-06,0.0,7.000000000090267e-06,0.0,True
mp-2231462,GF,ctp-hap:1,0.001,ZFP;tol_rel=0.0001,U,1,14.468635777035155,unprojected,7.000000000090267e-06,0.0,7.000000000090267e-06,0.0,True
mp-2231462,GF,ctp-hap:1,0.0001,ZFP;tol_rel=0.0001,U,1,14.468635777035155,unprojected,7.000000000090267e-06,0.0,7.000000000090267e-06,0.0,True
mp-2231462,GF,ctp-hap:1,1e-05,ZFP;tol_rel=0.0001,U,1,14.468635777035155,unprojected,7.000000000090267e-06,0.0,7.000000000090267e-06,0.0,True
mp-2310865,J,none,0.001,alpha_rel=0.000464159,U,1,178.12945176877648,,1.2999999999152578e-05,0.0,1.2999999999152578e-05,0.0,True
mp-2310865,J,none,0.0001,alpha_rel=0.000464159,U,1,178.12945176877648,,1.2999999999152578e-05,0.0,1.2999999999152578e-05,0.0,True
mp-2310865,J,none,1e-05,alpha_rel=0.000464159,U,1,178.12945176877648,,1.2999999999152578e-05,0.0,1.2999999999152578e-05,0.0,False
mp-2310865,J,none,1e-05,alpha_rel=0.000215443,U,2,141.9598744889227,,7.000000000090267e-06,0.0,7.000000000090267e-06,0.0,True
mp-2310865,J,uniform,0.001,alpha_rel=0.000215443,uniform,1,141.47559935563348,,0.0,0.0,7.000000000090267e-06,0.0,True
mp-2310865,J,uniform,0.0001,alpha_rel=0.000215443,uniform,1,141.47559935563348,,0.0,0.0,7.000000000090267e-06,0.0,True
mp-2310865,J,uniform,1e-05,alpha_rel=0.000215443,uniform,1,141.47559935563348,,0.0,0.0,7.000000000090267e-06,0.0,True
mp-2310865,J,hap:0.0001,0.001,alpha_rel=0.000464159,hap:0.0001,1,177.2833818203408,,0.0,0.0,1.2999999999152578e-05,0.0,True
mp-2310865,J,hap:0.0001,0.0001,alpha_rel=0.000464159,hap:0.0001,1,177.2833818203408,,0.0,0.0,1.2999999999152578e-05,0.0,True
mp-2310865,J,hap:0.0001,1e-05,alpha_rel=0.000464159,hap:0.0001,1,177.2833818203408,,0.0,0.0,1.2999999999152578e-05,0.0,True
mp-2310865,J,hap:0.01,0.001,alpha_rel=0.000464159,hap:0.01,1,177.2833818203408,,0.0,0.0,1.2999999999152578e-05,0.0,True
mp-2310865,J,hap:0.01,0.0001,alpha_rel=0.000464159,hap:0.01,1,177.2833818203408,,0.0,0.0,1.2999999999152578e-05,0.0,True
mp-2310865,J,hap:0.01,1e-05,alpha_rel=0.000464159,hap:0.01,1,177.2833818203408,,0.0,0.0,1.2999999999152578e-05,0.0,True
mp-2310865,J,hap:1,0.001,alpha_rel=0.000464159,hap:1,1,177.2833818203408,,0.0,0.0,1.2999999999152578e-05,0.0,True
mp-2310865,J,hap:1,0.0001,alpha_rel=0.000464159,hap:1,1,177.2833818203408,,0.0,0.0,1.2999999999152578e-05,0.0,True
mp-2310865,J,hap:1,1e-05,alpha_rel=0.000464159,hap:1,1,177.2833818203408,,0.0,0.0,1.2999999999152578e-05,0.0,True
mp-2310865,J,ctp-uniform,0.001,alpha_rel=0.000464159,U,1,178.11882605583392,unprojected,1.2999999999152578e-05,0.0,1.2999999999152578e-05,0.0,True
mp-2310865,J,ctp-uniform,0.0001,alpha_rel=0.000464159,U,1,178.11882605583392,unprojected,1.2999999999152578e-05,0.0,1.2999999999152578e-05,0.0,True
mp-2310865,J,ctp-uniform,1e-05,alpha_rel=0.000464159,U,1,178.11882605583392,projected,1.2999999999152578e-05,0.0,1.2999999999152578e-05,0.0,False
mp-2310865,J,ctp-uniform,1e-05,alpha_rel=0.000215443,U,2,141.9531257428096,unprojected,7.000000000090267e-06,0.0,7.000000000090267e-06,0.0,True
mp-2310865,J,ctp-hap:0.0001,0.001,alpha_rel=0.000464159,U,1,178.11882605583392,unprojected,1.2999999999152578e-05,0.0,1.2999999999152578e-05,0.0,True
mp-2310865,J,ctp-hap:0.0001,0.0001,alpha_rel=0.000464159,U,1,178.11882605583392,unprojected,1.2999999999152578e-05,0.0,1.2999999999152578e-05,0.0,True
mp-2310865,J,ctp-hap:0.0001,1e-05,alpha_rel=0.000464159,U,1,178.11882605583392,projected,1.2999999999152578e-05,0.0,1.2999999999152578e-05,0.0,False
mp-2310865,J,ctp-hap:0.0001,1e-05,alpha_rel=0.000464159,hap:0.0001,2,177.2728568036096,projected,0.0,0.0,1.2999999999152578e-05,0.0,True
mp-2310865,J,ctp-hap:0.01,0.001,alpha_rel=0.000464159,U,1,178.11882605583392,unprojected,1.2999999999152578e-05,0.0,1.2999999999152578e-05,0.0,True
mp-2310865,J,ctp-hap:0.01,0.0001,alpha_rel=0.000464159,U,1,178.11882605583392,unprojected,1.2999999999152578e-05,0.0,1.2999999999152578e-05,0.0,True
mp-2310865,J,ctp-hap:0.01,1e-05,alpha_rel=0.000464159,U,1,178.11882605583392,projected,1.2999999999152578e-05,0.0,1.2999999999152578e-05,0.0,False
mp-2310865,J,ctp-hap:0.01,1e-05,alpha_rel=0.000464159,hap:0.01,2,177.2728568036096,projected,0.0,0.0,1.2999999999152578e-05,0.0,True
mp-2310865,J,ctp-hap:1,0.001,alpha_rel=0.000464159,U,1,178.11882605583392,unprojected,1.2999999999152578e-05,0.0,1.2999999999152578e-05,0.0,True
mp-2310865,J,ctp-hap:1,0.0001,alpha_rel=0.000464159,U,1,178.11882605583392,unprojected,1.2999999999152578e-05,0.0,1.2999999999152578e-05,0.0,True
mp-2310865,J,ctp-hap:1,1e-05,alpha_rel=0.000464159,U,1,178.11882605583392,projected,1.2999999999152578e-05,0.0,1.2999999999152578e-05,0.0,False
mp-2310865,J,ctp-hap:1,1e-05,alpha_rel=0.000464159,hap:1,2,177.2728568036096,projected,0.0,0.0,1.2999999999152578e-05,0.0,True
mp-2310865,T1,none,0.001,q_cut=0.5;alpha_rel=4.64159e-06,U,1,104.2555776683775,,4.000000000559112e-06,0.0,4.000000000559112e-06,0.0,True
mp-2310865,T1,none,0.0001,q_cut=0.5;alpha_rel=4.64159e-06,U,1,104.2555776683775,,4.000000000559112e-06,0.0,4.000000000559112e-06,0.0,True
mp-2310865,T1,none,1e-05,q_cut=0.5;alpha_rel=4.64159e-06,U,1,104.2555776683775,,4.000000000559112e-06,0.0,4.000000000559112e-06,0.0,True
mp-2310865,T1,uniform,0.001,q_cut=0.5;alpha_rel=1e-05,uniform,1,119.21999520881576,,0.0,0.0,5.999999999062311e-06,0.0,True
mp-2310865,T1,uniform,0.0001,q_cut=0.5;alpha_rel=1e-05,uniform,1,119.21999520881576,,0.0,0.0,5.999999999062311e-06,0.0,True
mp-2310865,T1,uniform,1e-05,q_cut=0.5;alpha_rel=1e-05,uniform,1,119.21999520881576,,0.0,0.0,5.999999999062311e-06,0.0,True
mp-2310865,T1,hap:0.0001,0.001,q_cut=0.5;alpha_rel=4.64159e-06,hap:0.0001,1,103.96518227081228,,0.0,0.0,4.000000000559112e-06,0.0,True
mp-2310865,T1,hap:0.0001,0.0001,q_cut=0.5;alpha_rel=4.64159e-06,hap:0.0001,1,103.96518227081228,,0.0,0.0,4.000000000559112e-06,0.0,True
mp-2310865,T1,hap:0.0001,1e-05,q_cut=0.5;alpha_rel=4.64159e-06,hap:0.0001,1,103.96518227081228,,0.0,0.0,4.000000000559112e-06,0.0,True
mp-2310865,T1,hap:0.01,0.001,q_cut=0.5;alpha_rel=4.64159e-06,hap:0.01,1,103.96518227081228,,0.0,0.0,4.000000000559112e-06,0.0,True
mp-2310865,T1,hap:0.01,0.0001,q_cut=0.5;alpha_rel=4.64159e-06,hap:0.01,1,103.96518227081228,,0.0,0.0,4.000000000559112e-06,0.0,True
mp-2310865,T1,hap:0.01,1e-05,q_cut=0.5;alpha_rel=4.64159e-06,hap:0.01,1,103.96518227081228,,0.0,0.0,4.000000000559112e-06,0.0,True
mp-2310865,T1,hap:1,0.001,q_cut=0.5;alpha_rel=4.64159e-06,hap:1,1,103.96518227081228,,0.0,0.0,4.000000000559112e-06,0.0,True
mp-2310865,T1,hap:1,0.0001,q_cut=0.5;alpha_rel=4.64159e-06,hap:1,1,103.96518227081228,,0.0,0.0,4.000000000559112e-06,0.0,True
mp-2310865,T1,hap:1,1e-05,q_cut=0.5;alpha_rel=4.64159e-06,hap:1,1,103.96518227081228,,0.0,0.0,4.000000000559112e-06,0.0,True
mp-2310865,T1,ctp-uniform,0.001,q_cut=0.5;alpha_rel=1e-05,uniform,1,119.21523535752785,unprojected,,,5.999999999062311e-06,0.0,False
mp-2310865,T1,ctp-uniform,0.001,q_cut=0.5;alpha_rel=4.64159e-06,U,2,104.2519377138468,unprojected,4.000000000559112e-06,0.0,4.000000000559112e-06,0.0,True
mp-2310865,T1,ctp-uniform,0.0001,q_cut=0.5;alpha_rel=1e-05,uniform,1,119.21523535752785,unprojected,,,5.999999999062311e-06,0.0,False
mp-2310865,T1,ctp-uniform,0.0001,q_cut=0.5;alpha_rel=4.64159e-06,U,2,104.2519377138468,unprojected,4.000000000559112e-06,0.0,4.000000000559112e-06,0.0,True
mp-2310865,T1,ctp-uniform,1e-05,q_cut=0.5;alpha_rel=1e-05,uniform,1,119.21523535752785,unprojected,,,5.999999999062311e-06,0.0,False
mp-2310865,T1,ctp-uniform,1e-05,q_cut=0.5;alpha_rel=4.64159e-06,U,2,104.2519377138468,unprojected,4.000000000559112e-06,0.0,4.000000000559112e-06,0.0,True
mp-2310865,T1,ctp-hap:0.0001,0.001,q_cut=0.5;alpha_rel=4.64159e-06,U,1,104.2519377138468,unprojected,4.000000000559112e-06,0.0,4.000000000559112e-06,0.0,True
mp-2310865,T1,ctp-hap:0.0001,0.0001,q_cut=0.5;alpha_rel=4.64159e-06,U,1,104.2519377138468,unprojected,4.000000000559112e-06,0.0,4.000000000559112e-06,0.0,True
mp-2310865,T1,ctp-hap:0.0001,1e-05,q_cut=0.5;alpha_rel=4.64159e-06,U,1,104.2519377138468,unprojected,4.000000000559112e-06,0.0,4.000000000559112e-06,0.0,True
mp-2310865,T1,ctp-hap:0.01,0.001,q_cut=0.5;alpha_rel=4.64159e-06,U,1,104.2519377138468,unprojected,4.000000000559112e-06,0.0,4.000000000559112e-06,0.0,True
mp-2310865,T1,ctp-hap:0.01,0.0001,q_cut=0.5;alpha_rel=4.64159e-06,U,1,104.2519377138468,unprojected,4.000000000559112e-06,0.0,4.000000000559112e-06,0.0,True
mp-2310865,T1,ctp-hap:0.01,1e-05,q_cut=0.5;alpha_rel=4.64159e-06,U,1,104.2519377138468,unprojected,4.000000000559112e-06,0.0,4.000000000559112e-06,0.0,True
mp-2310865,T1,ctp-hap:1,0.001,q_cut=0.5;alpha_rel=4.64159e-06,U,1,104.2519377138468,unprojected,4.000000000559112e-06,0.0,4.000000000559112e-06,0.0,True
mp-2310865,T1,ctp-hap:1,0.0001,q_cut=0.5;alpha_rel=4.64159e-06,U,1,104.2519377138468,unprojected,4.000000000559112e-06,0.0,4.000000000559112e-06,0.0,True
mp-2310865,T1,ctp-hap:1,1e-05,q_cut=0.5;alpha_rel=4.64159e-06,U,1,104.2519377138468,unprojected,4.000000000559112e-06,0.0,4.000000000559112e-06,0.0,True
mp-2310865,R3,none,0.001,tau=1e-06;k=0;margin=0.995,U,1,249.16421895861149,,2.19999999995224e-05,0.0,2.19999999995224e-05,0.0,True
mp-2310865,R3,none,0.0001,tau=1e-06;k=0;margin=0.995,U,1,249.16421895861149,,2.19999999995224e-05,0.0,2.19999999995224e-05,0.0,True
mp-2310865,R3,none,1e-05,tau=1e-06;k=0;margin=0.995,U,1,249.16421895861149,,2.19999999995224e-05,0.0,2.19999999995224e-05,0.0,False
mp-2310865,R3,none,1e-05,tau=1e-06;k=1;margin=0.990025,U,2,248.852737728144,,1.4999999999432134e-05,0.0,1.4999999999432134e-05,0.0,False
mp-2310865,R3,none,1e-05,tau=1e-06;k=2;margin=0.985074875,U,3,248.2527435982707,,1.2999999999152578e-05,0.0,1.2999999999152578e-05,0.0,False
mp-2310865,R3,none,1e-05,tau=1e-06;k=3;margin=0.980149501,U,4,247.26598211328252,,1.5999999998683734e-05,0.0,1.5999999998683734e-05,0.0,False
mp-2310865,R3,none,1e-05,tau=1e-06;k=4;margin=0.975248753,U,5,247.1022840119166,,1.5999999998683734e-05,0.0,1.5999999998683734e-05,0.0,False
mp-2310865,R3,hap:0.0001,0.001,tau=1e-06;k=0;margin=0.995,hap:0.0001,1,247.51193633952252,,0.0,0.0,2.19999999995224e-05,0.0,True
mp-2310865,R3,hap:0.0001,0.0001,tau=1e-06;k=0;margin=0.995,hap:0.0001,1,247.51193633952252,,0.0,0.0,2.19999999995224e-05,0.0,True
mp-2310865,R3,hap:0.0001,1e-05,tau=1e-06;k=0;margin=0.995,hap:0.0001,1,247.51193633952252,,0.0,0.0,2.19999999995224e-05,0.0,True
mp-2310865,R3,hap:0.01,0.001,tau=1e-06;k=0;margin=0.995,hap:0.01,1,247.51193633952252,,0.0,0.0,2.19999999995224e-05,0.0,True
mp-2310865,R3,hap:0.01,0.0001,tau=1e-06;k=0;margin=0.995,hap:0.01,1,247.51193633952252,,0.0,0.0,2.19999999995224e-05,0.0,True
mp-2310865,R3,hap:0.01,1e-05,tau=1e-06;k=0;margin=0.995,hap:0.01,1,247.51193633952252,,0.0,0.0,2.19999999995224e-05,0.0,True
mp-2310865,R3,ctp-uniform,0.001,tau=1e-06;k=0;margin=0.995,U,1,249.14342928660827,unprojected,2.19999999995224e-05,0.0,2.19999999995224e-05,0.0,True
mp-2310865,R3,ctp-uniform,0.0001,tau=1e-06;k=0;margin=0.995,U,1,249.14342928660827,unprojected,2.19999999995224e-05,0.0,2.19999999995224e-05,0.0,True
mp-2310865,R3,ctp-uniform,1e-05,tau=1e-06;k=0;margin=0.995,U,1,249.14342928660827,projected,2.19999999995224e-05,0.0,2.19999999995224e-05,0.0,False
mp-2310865,R3,ctp-uniform,1e-05,tau=1e-06;k=1;margin=0.990025,U,2,248.832,projected,1.4999999999432134e-05,0.0,1.4999999999432134e-05,0.0,False
mp-2310865,R3,ctp-uniform,1e-05,tau=1e-06;k=2;margin=0.985074875,U,3,248.2321057444509,projected,1.2999999999152578e-05,0.0,1.2999999999152578e-05,0.0,False
mp-2310865,R3,ctp-uniform,1e-05,tau=1e-06;k=3;margin=0.980149501,U,4,247.24550799039497,projected,1.5999999998683734e-05,0.0,1.5999999998683734e-05,0.0,False
mp-2310865,R3,ctp-uniform,1e-05,tau=1e-06;k=4;margin=0.975248753,U,5,247.08183698800167,projected,1.5999999998683734e-05,0.0,1.5999999998683734e-05,0.0,False
mp-2310865,R3,ctp-hap:0.0001,0.001,tau=1e-06;k=0;margin=0.995,U,1,249.14342928660827,unprojected,2.19999999995224e-05,0.0,2.19999999995224e-05,0.0,True
mp-2310865,R3,ctp-hap:0.0001,0.0001,tau=1e-06;k=0;margin=0.995,U,1,249.14342928660827,unprojected,2.19999999995224e-05,0.0,2.19999999995224e-05,0.0,True
mp-2310865,R3,ctp-hap:0.0001,1e-05,tau=1e-06;k=0;margin=0.995,U,1,249.14342928660827,projected,2.19999999995224e-05,0.0,2.19999999995224e-05,0.0,False
mp-2310865,R3,ctp-hap:0.0001,1e-05,tau=1e-06;k=1;margin=0.990025,U,2,248.832,projected,1.4999999999432134e-05,0.0,1.4999999999432134e-05,0.0,False
mp-2310865,R3,ctp-hap:0.0001,1e-05,tau=1e-06;k=2;margin=0.985074875,U,3,248.2321057444509,projected,1.2999999999152578e-05,0.0,1.2999999999152578e-05,0.0,False
mp-2310865,R3,ctp-hap:0.0001,1e-05,tau=1e-06;k=0;margin=0.995,hap:0.0001,4,247.49142146705347,projected,0.0,0.0,2.19999999995224e-05,0.0,True
mp-2310865,R3,ctp-hap:0.01,0.001,tau=1e-06;k=0;margin=0.995,U,1,249.14342928660827,unprojected,2.19999999995224e-05,0.0,2.19999999995224e-05,0.0,True
mp-2310865,R3,ctp-hap:0.01,0.0001,tau=1e-06;k=0;margin=0.995,U,1,249.14342928660827,unprojected,2.19999999995224e-05,0.0,2.19999999995224e-05,0.0,True
mp-2310865,R3,ctp-hap:0.01,1e-05,tau=1e-06;k=0;margin=0.995,U,1,249.14342928660827,projected,2.19999999995224e-05,0.0,2.19999999995224e-05,0.0,False
mp-2310865,R3,ctp-hap:0.01,1e-05,tau=1e-06;k=1;margin=0.990025,U,2,248.832,projected,1.4999999999432134e-05,0.0,1.4999999999432134e-05,0.0,False
mp-2310865,R3,ctp-hap:0.01,1e-05,tau=1e-06;k=2;margin=0.985074875,U,3,248.2321057444509,projected,1.2999999999152578e-05,0.0,1.2999999999152578e-05,0.0,False
mp-2310865,R3,ctp-hap:0.01,1e-05,tau=1e-06;k=0;margin=0.995,hap:0.01,4,247.49142146705347,projected,0.0,0.0,2.19999999995224e-05,0.0,True
mp-2310865,R3,ctp-hap:1,0.001,tau=1e-06;k=0;margin=0.995,U,1,249.14342928660827,unprojected,2.19999999995224e-05,0.0,2.19999999995224e-05,0.0,True
mp-2310865,R3,ctp-hap:1,0.0001,tau=1e-06;k=0;margin=0.995,U,1,249.14342928660827,unprojected,2.19999999995224e-05,0.0,2.19999999995224e-05,0.0,True
mp-2310865,R3,ctp-hap:1,1e-05,tau=1e-06;k=0;margin=0.995,U,1,249.14342928660827,projected,2.19999999995224e-05,0.0,2.19999999995224e-05,0.0,False
mp-2310865,R3,ctp-hap:1,1e-05,tau=1e-06;k=1;margin=0.990025,U,2,248.832,projected,1.4999999999432134e-05,0.0,1.4999999999432134e-05,0.0,False
mp-2310865,R3,ctp-hap:1,1e-05,tau=1e-06;k=2;margin=0.985074875,U,3,248.2321057444509,projected,1.2999999999152578e-05,0.0,1.2999999999152578e-05,0.0,False
mp-2310865,R3,ctp-hap:1,1e-05,tau=1e-06;k=3;margin=0.980149501,U,4,247.24550799039497,projected,1.5999999998683734e-05,0.0,1.5999999998683734e-05,0.0,False
mp-2310865,R3,ctp-hap:1,1e-05,tau=1e-06;k=4;margin=0.975248753,U,5,247.08183698800167,projected,1.5999999998683734e-05,0.0,1.5999999998683734e-05,0.0,False
mp-2310865,GF,none,0.001,SPERR;tol_rel=4.64159e-06,U,1,27.80711851148237,,7.000000000090267e-06,0.0,7.000000000090267e-06,0.0,True
mp-2310865,GF,none,0.0001,SPERR;tol_rel=4.64159e-06,U,1,27.80711851148237,,7.000000000090267e-06,0.0,7.000000000090267e-06,0.0,True
mp-2310865,GF,none,1e-05,SPERR;tol_rel=4.64159e-06,U,1,27.80711851148237,,7.000000000090267e-06,0.0,7.000000000090267e-06,0.0,True
mp-2310865,GF,uniform,0.001,SPERR;tol_rel=4.64159e-06,uniform,1,27.78848623597074,,0.0,0.0,7.000000000090267e-06,0.0,True
mp-2310865,GF,uniform,0.0001,SPERR;tol_rel=4.64159e-06,uniform,1,27.78848623597074,,0.0,0.0,7.000000000090267e-06,0.0,True
mp-2310865,GF,uniform,1e-05,SPERR;tol_rel=4.64159e-06,uniform,1,27.78848623597074,,0.0,0.0,7.000000000090267e-06,0.0,True
mp-2310865,GF,hap:0.0001,0.001,SPERR;tol_rel=4.64159e-06,hap:0.0001,1,27.786417524334183,,0.0,0.0,7.000000000090267e-06,0.0,True
mp-2310865,GF,hap:0.0001,0.0001,SPERR;tol_rel=4.64159e-06,hap:0.0001,1,27.786417524334183,,0.0,0.0,7.000000000090267e-06,0.0,True
mp-2310865,GF,hap:0.0001,1e-05,SPERR;tol_rel=4.64159e-06,hap:0.0001,1,27.786417524334183,,0.0,0.0,7.000000000090267e-06,0.0,True
mp-2310865,GF,hap:0.01,0.001,SPERR;tol_rel=4.64159e-06,hap:0.01,1,27.786417524334183,,0.0,0.0,7.000000000090267e-06,0.0,True
mp-2310865,GF,hap:0.01,0.0001,SPERR;tol_rel=4.64159e-06,hap:0.01,1,27.786417524334183,,0.0,0.0,7.000000000090267e-06,0.0,True
mp-2310865,GF,hap:0.01,1e-05,SPERR;tol_rel=4.64159e-06,hap:0.01,1,27.786417524334183,,0.0,0.0,7.000000000090267e-06,0.0,True
mp-2310865,GF,hap:1,0.001,SPERR;tol_rel=4.64159e-06,hap:1,1,27.786417524334183,,0.0,0.0,7.000000000090267e-06,0.0,True
mp-2310865,GF,hap:1,0.0001,SPERR;tol_rel=4.64159e-06,hap:1,1,27.786417524334183,,0.0,0.0,7.000000000090267e-06,0.0,True
mp-2310865,GF,hap:1,1e-05,SPERR;tol_rel=4.64159e-06,hap:1,1,27.786417524334183,,0.0,0.0,7.000000000090267e-06,0.0,True
mp-2310865,GF,ctp-uniform,0.001,SPERR;tol_rel=4.64159e-06,U,1,27.8068595587756,unprojected,7.000000000090267e-06,0.0,7.000000000090267e-06,0.0,True
mp-2310865,GF,ctp-uniform,0.0001,SPERR;tol_rel=4.64159e-06,U,1,27.8068595587756,unprojected,7.000000000090267e-06,0.0,7.000000000090267e-06,0.0,True
mp-2310865,GF,ctp-uniform,1e-05,SPERR;tol_rel=4.64159e-06,U,1,27.8068595587756,unprojected,7.000000000090267e-06,0.0,7.000000000090267e-06,0.0,True
mp-2310865,GF,ctp-hap:0.0001,0.001,SPERR;tol_rel=4.64159e-06,U,1,27.8068595587756,unprojected,7.000000000090267e-06,0.0,7.000000000090267e-06,0.0,True
mp-2310865,GF,ctp-hap:0.0001,0.0001,SPERR;tol_rel=4.64159e-06,U,1,27.8068595587756,unprojected,7.000000000090267e-06,0.0,7.000000000090267e-06,0.0,True
mp-2310865,GF,ctp-hap:0.0001,1e-05,SPERR;tol_rel=4.64159e-06,U,1,27.8068595587756,unprojected,7.000000000090267e-06,0.0,7.000000000090267e-06,0.0,True
mp-2310865,GF,ctp-hap:0.01,0.001,SPERR;tol_rel=4.64159e-06,U,1,27.8068595587756,unprojected,7.000000000090267e-06,0.0,7.000000000090267e-06,0.0,True
mp-2310865,GF,ctp-hap:0.01,0.0001,SPERR;tol_rel=4.64159e-06,U,1,27.8068595587756,unprojected,7.000000000090267e-06,0.0,7.000000000090267e-06,0.0,True
mp-2310865,GF,ctp-hap:0.01,1e-05,SPERR;tol_rel=4.64159e-06,U,1,27.8068595587756,unprojected,7.000000000090267e-06,0.0,7.000000000090267e-06,0.0,True
mp-2310865,GF,ctp-hap:1,0.001,SPERR;tol_rel=4.64159e-06,U,1,27.8068595587756,unprojected,7.000000000090267e-06,0.0,7.000000000090267e-06,0.0,True
mp-2310865,GF,ctp-hap:1,0.0001,SPERR;tol_rel=4.64159e-06,U,1,27.8068595587756,unprojected,7.000000000090267e-06,0.0,7.000000000090267e-06,0.0,True
mp-2310865,GF,ctp-hap:1,1e-05,SPERR;tol_rel=4.64159e-06,U,1,27.8068595587756,unprojected,7.000000000090267e-06,0.0,7.000000000090267e-06,0.0,True
mp-2304533,J,none,0.001,alpha_rel=0.001,U,1,193.43021784961348,,2.000000000279556e-06,0.0,2.000000000279556e-06,0.0,True
mp-2304533,J,none,0.0001,alpha_rel=0.001,U,1,193.43021784961348,,2.000000000279556e-06,0.0,2.000000000279556e-06,0.0,True
mp-2304533,J,none,1e-05,alpha_rel=0.001,U,1,193.43021784961348,,2.000000000279556e-06,0.0,2.000000000279556e-06,0.0,True
mp-2304533,J,uniform,0.001,alpha_rel=0.001,uniform,1,192.564152791381,,0.0,0.0,2.000000000279556e-06,0.0,True
mp-2304533,J,uniform,0.0001,alpha_rel=0.001,uniform,1,192.564152791381,,0.0,0.0,2.000000000279556e-06,0.0,True
mp-2304533,J,uniform,1e-05,alpha_rel=0.001,uniform,1,192.564152791381,,0.0,0.0,2.000000000279556e-06,0.0,True
mp-2304533,J,hap:0.0001,0.001,alpha_rel=0.001,hap:0.0001,1,192.4923306447853,,0.0,0.0,2.000000000279556e-06,0.0,True
mp-2304533,J,hap:0.0001,0.0001,alpha_rel=0.001,hap:0.0001,1,192.4923306447853,,0.0,0.0,2.000000000279556e-06,0.0,True
mp-2304533,J,hap:0.0001,1e-05,alpha_rel=0.001,hap:0.0001,1,192.4923306447853,,0.0,0.0,2.000000000279556e-06,0.0,True
mp-2304533,J,hap:0.01,0.001,alpha_rel=0.001,hap:0.01,1,192.4923306447853,,0.0,0.0,2.000000000279556e-06,0.0,True
mp-2304533,J,hap:0.01,0.0001,alpha_rel=0.001,hap:0.01,1,192.4923306447853,,0.0,0.0,2.000000000279556e-06,0.0,True
mp-2304533,J,hap:0.01,1e-05,alpha_rel=0.001,hap:0.01,1,192.4923306447853,,0.0,0.0,2.000000000279556e-06,0.0,True
mp-2304533,J,hap:1,0.001,alpha_rel=0.001,hap:1,1,192.4923306447853,,0.0,0.0,2.000000000279556e-06,0.0,True
mp-2304533,J,hap:1,0.0001,alpha_rel=0.001,hap:1,1,192.4923306447853,,0.0,0.0,2.000000000279556e-06,0.0,True
mp-2304533,J,hap:1,1e-05,alpha_rel=0.001,hap:1,1,192.4923306447853,,0.0,0.0,2.000000000279556e-06,0.0,True
mp-2304533,J,ctp-uniform,0.001,alpha_rel=0.001,U,1,193.42115618851307,unprojected,2.000000000279556e-06,0.0,2.000000000279556e-06,0.0,True
mp-2304533,J,ctp-uniform,0.0001,alpha_rel=0.001,U,1,193.42115618851307,unprojected,2.000000000279556e-06,0.0,2.000000000279556e-06,0.0,True
mp-2304533,J,ctp-uniform,1e-05,alpha_rel=0.001,U,1,193.42115618851307,unprojected,2.000000000279556e-06,0.0,2.000000000279556e-06,0.0,True
mp-2304533,J,ctp-hap:0.0001,0.001,alpha_rel=0.001,U,1,193.42115618851307,unprojected,2.000000000279556e-06,0.0,2.000000000279556e-06,0.0,True
mp-2304533,J,ctp-hap:0.0001,0.0001,alpha_rel=0.001,U,1,193.42115618851307,unprojected,2.000000000279556e-06,0.0,2.000000000279556e-06,0.0,True
mp-2304533,J,ctp-hap:0.0001,1e-05,alpha_rel=0.001,U,1,193.42115618851307,unprojected,2.000000000279556e-06,0.0,2.000000000279556e-06,0.0,True
mp-2304533,J,ctp-hap:0.01,0.001,alpha_rel=0.001,U,1,193.42115618851307,unprojected,2.000000000279556e-06,0.0,2.000000000279556e-06,0.0,True
mp-2304533,J,ctp-hap:0.01,0.0001,alpha_rel=0.001,U,1,193.42115618851307,unprojected,2.000000000279556e-06,0.0,2.000000000279556e-06,0.0,True
mp-2304533,J,ctp-hap:0.01,1e-05,alpha_rel=0.001,U,1,193.42115618851307,unprojected,2.000000000279556e-06,0.0,2.000000000279556e-06,0.0,True
mp-2304533,J,ctp-hap:1,0.001,alpha_rel=0.001,U,1,193.42115618851307,unprojected,2.000000000279556e-06,0.0,2.000000000279556e-06,0.0,True
mp-2304533,J,ctp-hap:1,0.0001,alpha_rel=0.001,U,1,193.42115618851307,unprojected,2.000000000279556e-06,0.0,2.000000000279556e-06,0.0,True
mp-2304533,J,ctp-hap:1,1e-05,alpha_rel=0.001,U,1,193.42115618851307,unprojected,2.000000000279556e-06,0.0,2.000000000279556e-06,0.0,True
mp-2304533,T1,none,0.001,q_cut=0.3;alpha_rel=2.15443e-06,U,1,143.83445392788713,,1.199999999990098e-05,0.0,1.199999999990098e-05,0.0,True
mp-2304533,T1,none,0.0001,q_cut=0.3;alpha_rel=2.15443e-06,U,1,143.83445392788713,,1.199999999990098e-05,0.0,1.199999999990098e-05,0.0,True
mp-2304533,T1,none,1e-05,q_cut=0.3;alpha_rel=2.15443e-06,U,1,143.83445392788713,,1.199999999990098e-05,0.0,1.199999999990098e-05,0.0,False
mp-2304533,T1,none,1e-05,q_cut=0.3;alpha_rel=1e-06,U,2,135.40939949493293,,1.199999999990098e-05,0.0,1.199999999990098e-05,0.0,False
mp-2304533,T1,none,1e-05,q_cut=0.3;alpha_rel=4.64159e-07,U,3,130.49615980277505,,1.199999999990098e-05,0.0,1.199999999990098e-05,0.0,False
mp-2304533,T1,none,1e-05,q_cut=0.3;alpha_rel=2.15443e-07,U,4,124.7324250022658,,1.199999999990098e-05,0.0,1.199999999990098e-05,0.0,False
mp-2304533,T1,none,1e-05,q_cut=0.3;alpha_rel=1e-07,U,5,120.71362161213928,,1.199999999990098e-05,0.0,1.199999999990098e-05,0.0,False
mp-2304533,T1,uniform,0.001,q_cut=0.5;alpha_rel=1e-05,uniform,1,84.83537437330484,,0.0,0.0,2.000000000279556e-06,0.0,True
mp-2304533,T1,uniform,0.0001,q_cut=0.5;alpha_rel=1e-05,uniform,1,84.83537437330484,,0.0,0.0,2.000000000279556e-06,0.0,True
mp-2304533,T1,uniform,1e-05,q_cut=0.5;alpha_rel=1e-05,uniform,1,84.83537437330484,,0.0,0.0,2.000000000279556e-06,0.0,True
mp-2304533,T1,hap:0.0001,0.001,q_cut=0.3;alpha_rel=2.15443e-06,hap:0.0001,1,143.31521399562638,,0.0,0.0,1.199999999990098e-05,0.0,True
mp-2304533,T1,hap:0.0001,0.0001,q_cut=0.3;alpha_rel=2.15443e-06,hap:0.0001,1,143.31521399562638,,0.0,0.0,1.199999999990098e-05,0.0,True
mp-2304533,T1,hap:0.0001,1e-05,q_cut=0.3;alpha_rel=2.15443e-06,hap:0.0001,1,143.31521399562638,,0.0,0.0,1.199999999990098e-05,0.0,True
mp-2304533,T1,hap:0.01,0.001,q_cut=0.3;alpha_rel=2.15443e-06,hap:0.01,1,143.31521399562638,,0.0,0.0,1.199999999990098e-05,0.0,True
mp-2304533,T1,hap:0.01,0.0001,q_cut=0.3;alpha_rel=2.15443e-06,hap:0.01,1,143.31521399562638,,0.0,0.0,1.199999999990098e-05,0.0,True
mp-2304533,T1,hap:0.01,1e-05,q_cut=0.3;alpha_rel=2.15443e-06,hap:0.01,1,143.31521399562638,,0.0,0.0,1.199999999990098e-05,0.0,True
mp-2304533,T1,hap:1,0.001,q_cut=0.3;alpha_rel=2.15443e-06,hap:1,1,143.31521399562638,,0.0,0.0,1.199999999990098e-05,0.0,True
mp-2304533,T1,hap:1,0.0001,q_cut=0.3;alpha_rel=2.15443e-06,hap:1,1,143.31521399562638,,0.0,0.0,1.199999999990098e-05,0.0,True
mp-2304533,T1,hap:1,1e-05,q_cut=0.3;alpha_rel=2.15443e-06,hap:1,1,143.31521399562638,,0.0,0.0,1.199999999990098e-05,0.0,True
mp-2304533,T1,ctp-uniform,0.001,q_cut=0.3;alpha_rel=2.15443e-06,U,1,143.8294433219536,unprojected,1.199999999990098e-05,0.0,1.199999999990098e-05,0.0,True
mp-2304533,T1,ctp-uniform,0.0001,q_cut=0.3;alpha_rel=2.15443e-06,U,1,143.8294433219536,unprojected,1.199999999990098e-05,0.0,1.199999999990098e-05,0.0,True
mp-2304533,T1,ctp-uniform,1e-05,q_cut=0.3;alpha_rel=2.15443e-06,U,1,143.8294433219536,projected,1.199999999990098e-05,0.0,1.199999999990098e-05,0.0,False
mp-2304533,T1,ctp-uniform,1e-05,q_cut=0.3;alpha_rel=1e-06,U,2,135.40495867768595,projected,1.199999999990098e-05,0.0,1.199999999990098e-05,0.0,False
mp-2304533,T1,ctp-uniform,1e-05,q_cut=0.3;alpha_rel=4.64159e-07,U,3,130.4920353982301,projected,1.199999999990098e-05,0.0,1.199999999990098e-05,0.0,False
mp-2304533,T1,ctp-uniform,1e-05,q_cut=0.3;alpha_rel=2.15443e-07,U,4,124.72865687873843,projected,1.199999999990098e-05,0.0,1.199999999990098e-05,0.0,False
mp-2304533,T1,ctp-uniform,1e-05,q_cut=0.3;alpha_rel=1e-07,U,5,120.71009238685534,projected,1.199999999990098e-05,0.0,1.199999999990098e-05,0.0,False
mp-2304533,T1,ctp-hap:0.0001,0.001,q_cut=0.3;alpha_rel=2.15443e-06,U,1,143.8294433219536,unprojected,1.199999999990098e-05,0.0,1.199999999990098e-05,0.0,True
mp-2304533,T1,ctp-hap:0.0001,0.0001,q_cut=0.3;alpha_rel=2.15443e-06,U,1,143.8294433219536,unprojected,1.199999999990098e-05,0.0,1.199999999990098e-05,0.0,True
mp-2304533,T1,ctp-hap:0.0001,1e-05,q_cut=0.3;alpha_rel=2.15443e-06,U,1,143.8294433219536,projected,1.199999999990098e-05,0.0,1.199999999990098e-05,0.0,False
mp-2304533,T1,ctp-hap:0.0001,1e-05,q_cut=0.3;alpha_rel=2.15443e-06,hap:0.0001,2,143.31023950017354,projected,0.0,0.0,1.199999999990098e-05,0.0,True
mp-2304533,T1,ctp-hap:0.01,0.001,q_cut=0.3;alpha_rel=2.15443e-06,U,1,143.8294433219536,unprojected,1.199999999990098e-05,0.0,1.199999999990098e-05,0.0,True
mp-2304533,T1,ctp-hap:0.01,0.0001,q_cut=0.3;alpha_rel=2.15443e-06,U,1,143.8294433219536,unprojected,1.199999999990098e-05,0.0,1.199999999990098e-05,0.0,True
mp-2304533,T1,ctp-hap:0.01,1e-05,q_cut=0.3;alpha_rel=2.15443e-06,U,1,143.8294433219536,projected,1.199999999990098e-05,0.0,1.199999999990098e-05,0.0,False
mp-2304533,T1,ctp-hap:0.01,1e-05,q_cut=0.3;alpha_rel=2.15443e-06,hap:0.01,2,143.31023950017354,projected,0.0,0.0,1.199999999990098e-05,0.0,True
mp-2304533,T1,ctp-hap:1,0.001,q_cut=0.3;alpha_rel=2.15443e-06,U,1,143.8294433219536,unprojected,1.199999999990098e-05,0.0,1.199999999990098e-05,0.0,True
mp-2304533,T1,ctp-hap:1,0.0001,q_cut=0.3;alpha_rel=2.15443e-06,U,1,143.8294433219536,unprojected,1.199999999990098e-05,0.0,1.199999999990098e-05,0.0,True
mp-2304533,T1,ctp-hap:1,1e-05,q_cut=0.3;alpha_rel=2.15443e-06,U,1,143.8294433219536,projected,1.199999999990098e-05,0.0,1.199999999990098e-05,0.0,False
mp-2304533,T1,ctp-hap:1,1e-05,q_cut=0.3;alpha_rel=2.15443e-06,hap:1,2,143.31023950017354,projected,0.0,0.0,1.199999999990098e-05,0.0,True
mp-2304533,R3,none,0.001,tau=1e-06;k=0;margin=0.995,U,1,241.32140978432403,,1.3000000000928937e-05,0.0,1.3000000000928937e-05,0.0,True
mp-2304533,R3,none,0.0001,tau=1e-06;k=0;margin=0.995,U,1,241.32140978432403,,1.3000000000928937e-05,0.0,1.3000000000928937e-05,0.0,True
mp-2304533,R3,none,1e-05,tau=1e-06;k=0;margin=0.995,U,1,241.32140978432403,,1.3000000000928937e-05,0.0,1.3000000000928937e-05,0.0,False
mp-2304533,R3,none,1e-05,tau=1e-06;k=1;margin=0.990025,U,2,241.11002102312543,,1.100000000064938e-05,0.0,1.100000000064938e-05,0.0,False
mp-2304533,R3,none,1e-05,tau=1e-06;k=2;margin=0.985074875,U,3,240.75852819406376,,1.100000000064938e-05,0.0,1.100000000064938e-05,0.0,False
mp-2304533,R3,none,1e-05,tau=1e-06;k=3;margin=0.980149501,U,4,240.53411010777745,,1.100000000064938e-05,0.0,1.100000000064938e-05,0.0,False
mp-2304533,R3,none,1e-05,tau=1e-06;k=4;margin=0.975248753,U,5,239.8633590890606,,9.999999999621425e-06,0.0,9.999999999621425e-06,0.0,True
mp-2304533,R3,hap:0.0001,0.001,tau=1e-06;k=0;margin=0.995,hap:0.0001,1,239.8633590890606,,0.0,0.0,1.3000000000928937e-05,0.0,True
mp-2304533,R3,hap:0.0001,0.0001,tau=1e-06;k=0;margin=0.995,hap:0.0001,1,239.8633590890606,,0.0,0.0,1.3000000000928937e-05,0.0,True
mp-2304533,R3,hap:0.0001,1e-05,tau=1e-06;k=0;margin=0.995,hap:0.0001,1,239.8633590890606,,0.0,0.0,1.3000000000928937e-05,0.0,True
mp-2304533,R3,hap:0.01,0.001,tau=1e-06;k=0;margin=0.995,hap:0.01,1,239.8633590890606,,0.0,0.0,1.3000000000928937e-05,0.0,True
mp-2304533,R3,hap:0.01,0.0001,tau=1e-06;k=0;margin=0.995,hap:0.01,1,239.8633590890606,,0.0,0.0,1.3000000000928937e-05,0.0,True
mp-2304533,R3,hap:0.01,1e-05,tau=1e-06;k=0;margin=0.995,hap:0.01,1,239.8633590890606,,0.0,0.0,1.3000000000928937e-05,0.0,True
mp-2304533,R3,hap:1,0.001,tau=1e-06;k=5;margin=0.970372509,hap:1,1,238.1889927310488,,0.0,0.0,9.999999999621425e-06,0.0,True
mp-2304533,R3,hap:1,0.0001,tau=1e-06;k=5;margin=0.970372509,hap:1,1,238.1889927310488,,0.0,0.0,9.999999999621425e-06,0.0,True
mp-2304533,R3,hap:1,1e-05,tau=1e-06;k=5;margin=0.970372509,hap:1,1,238.1889927310488,,0.0,0.0,9.999999999621425e-06,0.0,True
mp-2304533,R3,ctp-uniform,0.001,tau=1e-06;k=0;margin=0.995,U,1,241.3073056691993,unprojected,1.3000000000928937e-05,0.0,1.3000000000928937e-05,0.0,True
mp-2304533,R3,ctp-uniform,0.0001,tau=1e-06;k=0;margin=0.995,U,1,241.3073056691993,unprojected,1.3000000000928937e-05,0.0,1.3000000000928937e-05,0.0,True
mp-2304533,R3,ctp-uniform,1e-05,tau=1e-06;k=0;margin=0.995,U,1,241.3073056691993,projected,1.3000000000928937e-05,0.0,1.3000000000928937e-05,0.0,False
mp-2304533,R3,ctp-uniform,1e-05,tau=1e-06;k=1;margin=0.990025,U,2,241.0959416058394,projected,1.100000000064938e-05,0.0,1.100000000064938e-05,0.0,False
mp-2304533,R3,ctp-uniform,1e-05,tau=1e-06;k=2;margin=0.985074875,U,3,240.74448979591835,projected,1.100000000064938e-05,0.0,1.100000000064938e-05,0.0,False
mp-2304533,R3,ctp-uniform,1e-05,tau=1e-06;k=3;margin=0.980149501,U,4,240.5200978678784,projected,1.100000000064938e-05,0.0,1.100000000064938e-05,0.0,False
mp-2304533,R3,ctp-uniform,1e-05,tau=1e-06;k=4;margin=0.975248753,U,5,239.8494248867201,unprojected,9.999999999621425e-06,0.0,9.999999999621425e-06,0.0,True
mp-2304533,R3,ctp-hap:0.0001,0.001,tau=1e-06;k=0;margin=0.995,U,1,241.3073056691993,unprojected,1.3000000000928937e-05,0.0,1.3000000000928937e-05,0.0,True
mp-2304533,R3,ctp-hap:0.0001,0.0001,tau=1e-06;k=0;margin=0.995,U,1,241.3073056691993,unprojected,1.3000000000928937e-05,0.0,1.3000000000928937e-05,0.0,True
mp-2304533,R3,ctp-hap:0.0001,1e-05,tau=1e-06;k=0;margin=0.995,U,1,241.3073056691993,projected,1.3000000000928937e-05,0.0,1.3000000000928937e-05,0.0,False
mp-2304533,R3,ctp-hap:0.0001,1e-05,tau=1e-06;k=1;margin=0.990025,U,2,241.0959416058394,projected,1.100000000064938e-05,0.0,1.100000000064938e-05,0.0,False
mp-2304533,R3,ctp-hap:0.0001,1e-05,tau=1e-06;k=2;margin=0.985074875,U,3,240.74448979591835,projected,1.100000000064938e-05,0.0,1.100000000064938e-05,0.0,False
mp-2304533,R3,ctp-hap:0.0001,1e-05,tau=1e-06;k=3;margin=0.980149501,U,4,240.5200978678784,projected,1.100000000064938e-05,0.0,1.100000000064938e-05,0.0,False
mp-2304533,R3,ctp-hap:0.0001,1e-05,tau=1e-06;k=0;margin=0.995,hap:0.0001,5,239.8494248867201,projected,0.0,0.0,1.3000000000928937e-05,0.0,True
mp-2304533,R3,ctp-hap:0.01,0.001,tau=1e-06;k=0;margin=0.995,U,1,241.3073056691993,unprojected,1.3000000000928937e-05,0.0,1.3000000000928937e-05,0.0,True
mp-2304533,R3,ctp-hap:0.01,0.0001,tau=1e-06;k=0;margin=0.995,U,1,241.3073056691993,unprojected,1.3000000000928937e-05,0.0,1.3000000000928937e-05,0.0,True
mp-2304533,R3,ctp-hap:0.01,1e-05,tau=1e-06;k=0;margin=0.995,U,1,241.3073056691993,projected,1.3000000000928937e-05,0.0,1.3000000000928937e-05,0.0,False
mp-2304533,R3,ctp-hap:0.01,1e-05,tau=1e-06;k=1;margin=0.990025,U,2,241.0959416058394,projected,1.100000000064938e-05,0.0,1.100000000064938e-05,0.0,False
mp-2304533,R3,ctp-hap:0.01,1e-05,tau=1e-06;k=2;margin=0.985074875,U,3,240.74448979591835,projected,1.100000000064938e-05,0.0,1.100000000064938e-05,0.0,False
mp-2304533,R3,ctp-hap:0.01,1e-05,tau=1e-06;k=3;margin=0.980149501,U,4,240.5200978678784,projected,1.100000000064938e-05,0.0,1.100000000064938e-05,0.0,False
mp-2304533,R3,ctp-hap:0.01,1e-05,tau=1e-06;k=0;margin=0.995,hap:0.01,5,239.8494248867201,projected,0.0,0.0,1.3000000000928937e-05,0.0,True
mp-2304533,R3,ctp-hap:1,0.001,tau=1e-06;k=0;margin=0.995,U,1,241.3073056691993,unprojected,1.3000000000928937e-05,0.0,1.3000000000928937e-05,0.0,True
mp-2304533,R3,ctp-hap:1,0.0001,tau=1e-06;k=0;margin=0.995,U,1,241.3073056691993,unprojected,1.3000000000928937e-05,0.0,1.3000000000928937e-05,0.0,True
mp-2304533,R3,ctp-hap:1,1e-05,tau=1e-06;k=0;margin=0.995,U,1,241.3073056691993,projected,1.3000000000928937e-05,0.0,1.3000000000928937e-05,0.0,False
mp-2304533,R3,ctp-hap:1,1e-05,tau=1e-06;k=1;margin=0.990025,U,2,241.0959416058394,projected,1.100000000064938e-05,0.0,1.100000000064938e-05,0.0,False
mp-2304533,R3,ctp-hap:1,1e-05,tau=1e-06;k=2;margin=0.985074875,U,3,240.74448979591835,projected,1.100000000064938e-05,0.0,1.100000000064938e-05,0.0,False
mp-2304533,R3,ctp-hap:1,1e-05,tau=1e-06;k=3;margin=0.980149501,U,4,240.5200978678784,projected,1.100000000064938e-05,0.0,1.100000000064938e-05,0.0,False
mp-2304533,R3,ctp-hap:1,1e-05,tau=1e-06;k=4;margin=0.975248753,U,5,239.8494248867201,unprojected,9.999999999621425e-06,0.0,9.999999999621425e-06,0.0,True
mp-2304533,GF,none,0.001,ZFP;tol_rel=0.0001,U,1,12.53603439481163,,3.000000000419334e-06,0.0,3.000000000419334e-06,0.0,True
mp-2304533,GF,none,0.0001,ZFP;tol_rel=0.0001,U,1,12.53603439481163,,3.000000000419334e-06,0.0,3.000000000419334e-06,0.0,True
mp-2304533,GF,none,1e-05,ZFP;tol_rel=0.0001,U,1,12.53603439481163,,3.000000000419334e-06,0.0,3.000000000419334e-06,0.0,True
mp-2304533,GF,uniform,0.001,ZFP;tol_rel=0.000215443,uniform,1,14.59795214120043,,0.0,0.0,7.000000000090267e-06,0.0,True
mp-2304533,GF,uniform,0.0001,ZFP;tol_rel=0.000215443,uniform,1,14.59795214120043,,0.0,0.0,7.000000000090267e-06,0.0,True
mp-2304533,GF,uniform,1e-05,ZFP;tol_rel=0.000215443,uniform,1,14.59795214120043,,0.0,0.0,7.000000000090267e-06,0.0,True
mp-2304533,GF,hap:0.0001,0.001,ZFP;tol_rel=0.0001,hap:0.0001,1,12.532077121072312,,0.0,0.0,3.000000000419334e-06,0.0,True
mp-2304533,GF,hap:0.0001,0.0001,ZFP;tol_rel=0.0001,hap:0.0001,1,12.532077121072312,,0.0,0.0,3.000000000419334e-06,0.0,True
mp-2304533,GF,hap:0.0001,1e-05,ZFP;tol_rel=0.0001,hap:0.0001,1,12.532077121072312,,0.0,0.0,3.000000000419334e-06,0.0,True
mp-2304533,GF,hap:0.01,0.001,ZFP;tol_rel=0.0001,hap:0.01,1,12.532077121072312,,0.0,0.0,3.000000000419334e-06,0.0,True
mp-2304533,GF,hap:0.01,0.0001,ZFP;tol_rel=0.0001,hap:0.01,1,12.532077121072312,,0.0,0.0,3.000000000419334e-06,0.0,True
mp-2304533,GF,hap:0.01,1e-05,ZFP;tol_rel=0.0001,hap:0.01,1,12.532077121072312,,0.0,0.0,3.000000000419334e-06,0.0,True
mp-2304533,GF,hap:1,0.001,ZFP;tol_rel=0.0001,hap:1,1,12.532077121072312,,0.0,0.0,3.000000000419334e-06,0.0,True
mp-2304533,GF,hap:1,0.0001,ZFP;tol_rel=0.0001,hap:1,1,12.532077121072312,,0.0,0.0,3.000000000419334e-06,0.0,True
mp-2304533,GF,hap:1,1e-05,ZFP;tol_rel=0.0001,hap:1,1,12.532077121072312,,0.0,0.0,3.000000000419334e-06,0.0,True
mp-2304533,GF,ctp-uniform,0.001,ZFP;tol_rel=0.000215443,uniform,1,14.59790052787334,unprojected,,,7.000000000090267e-06,0.0,False
mp-2304533,GF,ctp-uniform,0.001,ZFP;tol_rel=0.0001,U,2,12.535996332202831,unprojected,3.000000000419334e-06,0.0,3.000000000419334e-06,0.0,True
mp-2304533,GF,ctp-uniform,0.0001,ZFP;tol_rel=0.000215443,uniform,1,14.59790052787334,unprojected,,,7.000000000090267e-06,0.0,False
mp-2304533,GF,ctp-uniform,0.0001,ZFP;tol_rel=0.0001,U,2,12.535996332202831,unprojected,3.000000000419334e-06,0.0,3.000000000419334e-06,0.0,True
mp-2304533,GF,ctp-uniform,1e-05,ZFP;tol_rel=0.000215443,uniform,1,14.59790052787334,unprojected,,,7.000000000090267e-06,0.0,False
mp-2304533,GF,ctp-uniform,1e-05,ZFP;tol_rel=0.0001,U,2,12.535996332202831,unprojected,3.000000000419334e-06,0.0,3.000000000419334e-06,0.0,True
mp-2304533,GF,ctp-hap:0.0001,0.001,ZFP;tol_rel=0.0001,U,1,12.535996332202831,unprojected,3.000000000419334e-06,0.0,3.000000000419334e-06,0.0,True
mp-2304533,GF,ctp-hap:0.0001,0.0001,ZFP;tol_rel=0.0001,U,1,12.535996332202831,unprojected,3.000000000419334e-06,0.0,3.000000000419334e-06,0.0,True
mp-2304533,GF,ctp-hap:0.0001,1e-05,ZFP;tol_rel=0.0001,U,1,12.535996332202831,unprojected,3.000000000419334e-06,0.0,3.000000000419334e-06,0.0,True
mp-2304533,GF,ctp-hap:0.01,0.001,ZFP;tol_rel=0.0001,U,1,12.535996332202831,unprojected,3.000000000419334e-06,0.0,3.000000000419334e-06,0.0,True
mp-2304533,GF,ctp-hap:0.01,0.0001,ZFP;tol_rel=0.0001,U,1,12.535996332202831,unprojected,3.000000000419334e-06,0.0,3.000000000419334e-06,0.0,True
mp-2304533,GF,ctp-hap:0.01,1e-05,ZFP;tol_rel=0.0001,U,1,12.535996332202831,unprojected,3.000000000419334e-06,0.0,3.000000000419334e-06,0.0,True
mp-2304533,GF,ctp-hap:1,0.001,ZFP;tol_rel=0.0001,U,1,12.535996332202831,unprojected,3.000000000419334e-06,0.0,3.000000000419334e-06,0.0,True
mp-2304533,GF,ctp-hap:1,0.0001,ZFP;tol_rel=0.0001,U,1,12.535996332202831,unprojected,3.000000000419334e-06,0.0,3.000000000419334e-06,0.0,True
mp-2304533,GF,ctp-hap:1,1e-05,ZFP;tol_rel=0.0001,U,1,12.535996332202831,unprojected,3.000000000419334e-06,0.0,3.000000000419334e-06,0.0,True
mp-1955081,J,none,0.001,alpha_rel=0.00215443,U,1,336.572402044293,,1.199999999990098e-05,0.0,1.199999999990098e-05,0.0,True
mp-1955081,J,none,0.0001,alpha_rel=0.00215443,U,1,336.572402044293,,1.199999999990098e-05,0.0,1.199999999990098e-05,0.0,True
mp-1955081,J,none,1e-05,alpha_rel=0.00215443,U,1,336.572402044293,,1.199999999990098e-05,0.0,1.199999999990098e-05,0.0,False
mp-1955081,J,none,1e-05,alpha_rel=0.001,U,2,265.1326325206889,,5.999999999062311e-06,0.0,5.999999999062311e-06,0.0,True
mp-1955081,J,uniform,0.001,alpha_rel=0.001,uniform,1,264.305016722408,,0.0,0.0,5.999999999062311e-06,0.0,True
mp-1955081,J,uniform,0.0001,alpha_rel=0.001,uniform,1,264.305016722408,,0.0,0.0,5.999999999062311e-06,0.0,True
mp-1955081,J,uniform,1e-05,alpha_rel=0.001,uniform,1,264.305016722408,,0.0,0.0,5.999999999062311e-06,0.0,True
mp-1955081,J,hap:0.0001,0.001,alpha_rel=0.00215443,hap:0.0001,1,335.0503109101187,,0.0,0.0,1.199999999990098e-05,0.0,True
mp-1955081,J,hap:0.0001,0.0001,alpha_rel=0.00215443,hap:0.0001,1,335.0503109101187,,0.0,0.0,1.199999999990098e-05,0.0,True
mp-1955081,J,hap:0.0001,1e-05,alpha_rel=0.00215443,hap:0.0001,1,335.0503109101187,,0.0,0.0,1.199999999990098e-05,0.0,True
mp-1955081,J,hap:0.01,0.001,alpha_rel=0.00215443,hap:0.01,1,335.0503109101187,,0.0,0.0,1.199999999990098e-05,0.0,True
mp-1955081,J,hap:0.01,0.0001,alpha_rel=0.00215443,hap:0.01,1,335.0503109101187,,0.0,0.0,1.199999999990098e-05,0.0,True
mp-1955081,J,hap:0.01,1e-05,alpha_rel=0.00215443,hap:0.01,1,335.0503109101187,,0.0,0.0,1.199999999990098e-05,0.0,True
mp-1955081,J,hap:1,0.001,alpha_rel=0.001,hap:1,1,264.1872074882995,,0.0,0.0,5.999999999062311e-06,0.0,True
mp-1955081,J,hap:1,0.0001,alpha_rel=0.001,hap:1,1,264.1872074882995,,0.0,0.0,5.999999999062311e-06,0.0,True
mp-1955081,J,hap:1,1e-05,alpha_rel=0.001,hap:1,1,264.1872074882995,,0.0,0.0,5.999999999062311e-06,0.0,True
mp-1955081,J,ctp-uniform,0.001,alpha_rel=0.00215443,U,1,336.54851302434525,unprojected,1.199999999990098e-05,0.0,1.199999999990098e-05,0.0,True
mp-1955081,J,ctp-uniform,0.0001,alpha_rel=0.00215443,U,1,336.54851302434525,unprojected,1.199999999990098e-05,0.0,1.199999999990098e-05,0.0,True
mp-1955081,J,ctp-uniform,1e-05,alpha_rel=0.00215443,U,1,336.54851302434525,projected,1.199999999990098e-05,0.0,1.199999999990098e-05,0.0,False
mp-1955081,J,ctp-uniform,1e-05,alpha_rel=0.001,U,2,265.1178082191781,unprojected,5.999999999062311e-06,0.0,5.999999999062311e-06,0.0,True
mp-1955081,J,ctp-hap:0.0001,0.001,alpha_rel=0.00215443,U,1,336.54851302434525,unprojected,1.199999999990098e-05,0.0,1.199999999990098e-05,0.0,True
mp-1955081,J,ctp-hap:0.0001,0.0001,alpha_rel=0.00215443,U,1,336.54851302434525,unprojected,1.199999999990098e-05,0.0,1.199999999990098e-05,0.0,True
mp-1955081,J,ctp-hap:0.0001,1e-05,alpha_rel=0.00215443,U,1,336.54851302434525,projected,1.199999999990098e-05,0.0,1.199999999990098e-05,0.0,False
mp-1955081,J,ctp-hap:0.0001,1e-05,alpha_rel=0.00215443,hap:0.0001,2,335.02663746202217,projected,0.0,0.0,1.199999999990098e-05,0.0,True
mp-1955081,J,ctp-hap:0.01,0.001,alpha_rel=0.00215443,U,1,336.54851302434525,unprojected,1.199999999990098e-05,0.0,1.199999999990098e-05,0.0,True
mp-1955081,J,ctp-hap:0.01,0.0001,alpha_rel=0.00215443,U,1,336.54851302434525,unprojected,1.199999999990098e-05,0.0,1.199999999990098e-05,0.0,True
mp-1955081,J,ctp-hap:0.01,1e-05,alpha_rel=0.00215443,U,1,336.54851302434525,projected,1.199999999990098e-05,0.0,1.199999999990098e-05,0.0,False
mp-1955081,J,ctp-hap:0.01,1e-05,alpha_rel=0.00215443,hap:0.01,2,335.02663746202217,projected,0.0,0.0,1.199999999990098e-05,0.0,True
mp-1955081,J,ctp-hap:1,0.001,alpha_rel=0.00215443,U,1,336.54851302434525,unprojected,1.199999999990098e-05,0.0,1.199999999990098e-05,0.0,True
mp-1955081,J,ctp-hap:1,0.0001,alpha_rel=0.00215443,U,1,336.54851302434525,unprojected,1.199999999990098e-05,0.0,1.199999999990098e-05,0.0,True
mp-1955081,J,ctp-hap:1,1e-05,alpha_rel=0.00215443,U,1,336.54851302434525,projected,1.199999999990098e-05,0.0,1.199999999990098e-05,0.0,False
mp-1955081,J,ctp-hap:1,1e-05,alpha_rel=0.001,U,2,265.1178082191781,unprojected,5.999999999062311e-06,0.0,5.999999999062311e-06,0.0,True
mp-1955081,T1,none,0.001,q_cut=0.3;alpha_rel=1e-05,U,1,213.4043836356272,,2.9999999995311555e-06,0.0,2.9999999995311555e-06,0.0,True
mp-1955081,T1,none,0.0001,q_cut=0.3;alpha_rel=1e-05,U,1,213.4043836356272,,2.9999999995311555e-06,0.0,2.9999999995311555e-06,0.0,True
mp-1955081,T1,none,1e-05,q_cut=0.3;alpha_rel=1e-05,U,1,213.4043836356272,,2.9999999995311555e-06,0.0,2.9999999995311555e-06,0.0,True
mp-1955081,T1,uniform,0.001,q_cut=0.3;alpha_rel=1e-05,uniform,1,212.8678787878788,,0.0,0.0,2.9999999995311555e-06,0.0,True
mp-1955081,T1,uniform,0.0001,q_cut=0.3;alpha_rel=1e-05,uniform,1,212.8678787878788,,0.0,0.0,2.9999999995311555e-06,0.0,True
mp-1955081,T1,uniform,1e-05,q_cut=0.3;alpha_rel=1e-05,uniform,1,212.8678787878788,,0.0,0.0,2.9999999995311555e-06,0.0,True
mp-1955081,T1,hap:0.0001,0.001,q_cut=0.3;alpha_rel=1e-05,hap:0.0001,1,212.79145536956423,,0.0,0.0,2.9999999995311555e-06,0.0,True
mp-1955081,T1,hap:0.0001,0.0001,q_cut=0.3;alpha_rel=1e-05,hap:0.0001,1,212.79145536956423,,0.0,0.0,2.9999999995311555e-06,0.0,True
mp-1955081,T1,hap:0.0001,1e-05,q_cut=0.3;alpha_rel=1e-05,hap:0.0001,1,212.79145536956423,,0.0,0.0,2.9999999995311555e-06,0.0,True
mp-1955081,T1,hap:0.01,0.001,q_cut=0.3;alpha_rel=1e-05,hap:0.01,1,212.79145536956423,,0.0,0.0,2.9999999995311555e-06,0.0,True
mp-1955081,T1,hap:0.01,0.0001,q_cut=0.3;alpha_rel=1e-05,hap:0.01,1,212.79145536956423,,0.0,0.0,2.9999999995311555e-06,0.0,True
mp-1955081,T1,hap:0.01,1e-05,q_cut=0.3;alpha_rel=1e-05,hap:0.01,1,212.79145536956423,,0.0,0.0,2.9999999995311555e-06,0.0,True
mp-1955081,T1,hap:1,0.001,q_cut=0.3;alpha_rel=1e-05,hap:1,1,212.79145536956423,,0.0,0.0,2.9999999995311555e-06,0.0,True
mp-1955081,T1,hap:1,0.0001,q_cut=0.3;alpha_rel=1e-05,hap:1,1,212.79145536956423,,0.0,0.0,2.9999999995311555e-06,0.0,True
mp-1955081,T1,hap:1,1e-05,q_cut=0.3;alpha_rel=1e-05,hap:1,1,212.79145536956423,,0.0,0.0,2.9999999995311555e-06,0.0,True
mp-1955081,T1,ctp-uniform,0.001,q_cut=0.3;alpha_rel=1e-05,U,1,213.3947794779478,unprojected,2.9999999995311555e-06,0.0,2.9999999995311555e-06,0.0,True
mp-1955081,T1,ctp-uniform,0.0001,q_cut=0.3;alpha_rel=1e-05,U,1,213.3947794779478,unprojected,2.9999999995311555e-06,0.0,2.9999999995311555e-06,0.0,True
mp-1955081,T1,ctp-uniform,1e-05,q_cut=0.3;alpha_rel=1e-05,U,1,213.3947794779478,unprojected,2.9999999995311555e-06,0.0,2.9999999995311555e-06,0.0,True
mp-1955081,T1,ctp-hap:0.0001,0.001,q_cut=0.3;alpha_rel=1e-05,U,1,213.3947794779478,unprojected,2.9999999995311555e-06,0.0,2.9999999995311555e-06,0.0,True
mp-1955081,T1,ctp-hap:0.0001,0.0001,q_cut=0.3;alpha_rel=1e-05,U,1,213.3947794779478,unprojected,2.9999999995311555e-06,0.0,2.9999999995311555e-06,0.0,True
mp-1955081,T1,ctp-hap:0.0001,1e-05,q_cut=0.3;alpha_rel=1e-05,U,1,213.3947794779478,unprojected,2.9999999995311555e-06,0.0,2.9999999995311555e-06,0.0,True
mp-1955081,T1,ctp-hap:0.01,0.001,q_cut=0.3;alpha_rel=1e-05,U,1,213.3947794779478,unprojected,2.9999999995311555e-06,0.0,2.9999999995311555e-06,0.0,True
mp-1955081,T1,ctp-hap:0.01,0.0001,q_cut=0.3;alpha_rel=1e-05,U,1,213.3947794779478,unprojected,2.9999999995311555e-06,0.0,2.9999999995311555e-06,0.0,True
mp-1955081,T1,ctp-hap:0.01,1e-05,q_cut=0.3;alpha_rel=1e-05,U,1,213.3947794779478,unprojected,2.9999999995311555e-06,0.0,2.9999999995311555e-06,0.0,True
mp-1955081,T1,ctp-hap:1,0.001,q_cut=0.3;alpha_rel=1e-05,U,1,213.3947794779478,unprojected,2.9999999995311555e-06,0.0,2.9999999995311555e-06,0.0,True
mp-1955081,T1,ctp-hap:1,0.0001,q_cut=0.3;alpha_rel=1e-05,U,1,213.3947794779478,unprojected,2.9999999995311555e-06,0.0,2.9999999995311555e-06,0.0,True
mp-1955081,T1,ctp-hap:1,1e-05,q_cut=0.3;alpha_rel=1e-05,U,1,213.3947794779478,unprojected,2.9999999995311555e-06,0.0,2.9999999995311555e-06,0.0,True
mp-1955081,R3,none,0.001,tau=1e-06;k=0;margin=0.995,U,1,432.1574917973022,,7.999999999341867e-06,0.0,7.999999999341867e-06,0.0,True
mp-1955081,R3,none,0.0001,tau=1e-06;k=0;margin=0.995,U,1,432.1574917973022,,7.999999999341867e-06,0.0,7.999999999341867e-06,0.0,True
mp-1955081,R3,none,1e-05,tau=1e-06;k=0;margin=0.995,U,1,432.1574917973022,,7.999999999341867e-06,0.0,7.999999999341867e-06,0.0,True
mp-1955081,R3,hap:0.0001,0.001,tau=1e-06;k=0;margin=0.995,hap:0.0001,1,429.65132294309535,,0.0,0.0,7.999999999341867e-06,0.0,True
mp-1955081,R3,hap:0.0001,0.0001,tau=1e-06;k=0;margin=0.995,hap:0.0001,1,429.65132294309535,,0.0,0.0,7.999999999341867e-06,0.0,True
mp-1955081,R3,hap:0.0001,1e-05,tau=1e-06;k=0;margin=0.995,hap:0.0001,1,429.65132294309535,,0.0,0.0,7.999999999341867e-06,0.0,True
mp-1955081,R3,hap:0.01,0.001,tau=1e-06;k=0;margin=0.995,hap:0.01,1,429.65132294309535,,0.0,0.0,7.999999999341867e-06,0.0,True
mp-1955081,R3,hap:0.01,0.0001,tau=1e-06;k=0;margin=0.995,hap:0.01,1,429.65132294309535,,0.0,0.0,7.999999999341867e-06,0.0,True
mp-1955081,R3,hap:0.01,1e-05,tau=1e-06;k=0;margin=0.995,hap:0.01,1,429.65132294309535,,0.0,0.0,7.999999999341867e-06,0.0,True
mp-1955081,R3,hap:1,0.001,tau=1e-06;k=1;margin=0.990025,hap:1,1,428.6027298201211,,0.0,0.0,7.000000000090267e-06,0.0,True
mp-1955081,R3,hap:1,0.0001,tau=1e-06;k=1;margin=0.990025,hap:1,1,428.6027298201211,,0.0,0.0,7.000000000090267e-06,0.0,True
mp-1955081,R3,hap:1,1e-05,tau=1e-06;k=1;margin=0.990025,hap:1,1,428.6027298201211,,0.0,0.0,7.000000000090267e-06,0.0,True
mp-1955081,R3,ctp-uniform,0.001,tau=1e-06;k=0;margin=0.995,U,1,432.1181080834776,unprojected,7.999999999341867e-06,0.0,7.999999999341867e-06,0.0,True
mp-1955081,R3,ctp-uniform,0.0001,tau=1e-06;k=0;margin=0.995,U,1,432.1181080834776,unprojected,7.999999999341867e-06,0.0,7.999999999341867e-06,0.0,True
mp-1955081,R3,ctp-uniform,1e-05,tau=1e-06;k=0;margin=0.995,U,1,432.1181080834776,unprojected,7.999999999341867e-06,0.0,7.999999999341867e-06,0.0,True
mp-1955081,R3,ctp-hap:0.0001,0.001,tau=1e-06;k=0;margin=0.995,U,1,432.1181080834776,unprojected,7.999999999341867e-06,0.0,7.999999999341867e-06,0.0,True
mp-1955081,R3,ctp-hap:0.0001,0.0001,tau=1e-06;k=0;margin=0.995,U,1,432.1181080834776,unprojected,7.999999999341867e-06,0.0,7.999999999341867e-06,0.0,True
mp-1955081,R3,ctp-hap:0.0001,1e-05,tau=1e-06;k=0;margin=0.995,U,1,432.1181080834776,unprojected,7.999999999341867e-06,0.0,7.999999999341867e-06,0.0,True
mp-1955081,R3,ctp-hap:0.01,0.001,tau=1e-06;k=0;margin=0.995,U,1,432.1181080834776,unprojected,7.999999999341867e-06,0.0,7.999999999341867e-06,0.0,True
mp-1955081,R3,ctp-hap:0.01,0.0001,tau=1e-06;k=0;margin=0.995,U,1,432.1181080834776,unprojected,7.999999999341867e-06,0.0,7.999999999341867e-06,0.0,True
mp-1955081,R3,ctp-hap:0.01,1e-05,tau=1e-06;k=0;margin=0.995,U,1,432.1181080834776,unprojected,7.999999999341867e-06,0.0,7.999999999341867e-06,0.0,True
mp-1955081,R3,ctp-hap:1,0.001,tau=1e-06;k=0;margin=0.995,U,1,432.1181080834776,unprojected,7.999999999341867e-06,0.0,7.999999999341867e-06,0.0,True
mp-1955081,R3,ctp-hap:1,0.0001,tau=1e-06;k=0;margin=0.995,U,1,432.1181080834776,unprojected,7.999999999341867e-06,0.0,7.999999999341867e-06,0.0,True
mp-1955081,R3,ctp-hap:1,1e-05,tau=1e-06;k=0;margin=0.995,U,1,432.1181080834776,unprojected,7.999999999341867e-06,0.0,7.999999999341867e-06,0.0,True
mp-1955081,GF,none,0.001,SPERR;tol_rel=4.64159e-06,U,1,25.12495628490584,,4.999999999810711e-06,0.0,4.999999999810711e-06,0.0,True
mp-1955081,GF,none,0.0001,SPERR;tol_rel=4.64159e-06,U,1,25.12495628490584,,4.999999999810711e-06,0.0,4.999999999810711e-06,0.0,True
mp-1955081,GF,none,1e-05,SPERR;tol_rel=4.64159e-06,U,1,25.12495628490584,,4.999999999810711e-06,0.0,4.999999999810711e-06,0.0,True
mp-1955081,GF,uniform,0.001,SPERR;tol_rel=4.64159e-06,uniform,1,25.117503098878046,,0.0,0.0,4.999999999810711e-06,0.0,True
mp-1955081,GF,uniform,0.0001,SPERR;tol_rel=4.64159e-06,uniform,1,25.117503098878046,,0.0,0.0,4.999999999810711e-06,0.0,True
mp-1955081,GF,uniform,1e-05,SPERR;tol_rel=4.64159e-06,uniform,1,25.117503098878046,,0.0,0.0,4.999999999810711e-06,0.0,True
mp-1955081,GF,hap:0.0001,0.001,SPERR;tol_rel=4.64159e-06,hap:0.0001,1,25.116438718972805,,0.0,0.0,4.999999999810711e-06,0.0,True
mp-1955081,GF,hap:0.0001,0.0001,SPERR;tol_rel=4.64159e-06,hap:0.0001,1,25.116438718972805,,0.0,0.0,4.999999999810711e-06,0.0,True
mp-1955081,GF,hap:0.0001,1e-05,SPERR;tol_rel=4.64159e-06,hap:0.0001,1,25.116438718972805,,0.0,0.0,4.999999999810711e-06,0.0,True
mp-1955081,GF,hap:0.01,0.001,SPERR;tol_rel=4.64159e-06,hap:0.01,1,25.116438718972805,,0.0,0.0,4.999999999810711e-06,0.0,True
mp-1955081,GF,hap:0.01,0.0001,SPERR;tol_rel=4.64159e-06,hap:0.01,1,25.116438718972805,,0.0,0.0,4.999999999810711e-06,0.0,True
mp-1955081,GF,hap:0.01,1e-05,SPERR;tol_rel=4.64159e-06,hap:0.01,1,25.116438718972805,,0.0,0.0,4.999999999810711e-06,0.0,True
mp-1955081,GF,hap:1,0.001,SPERR;tol_rel=4.64159e-06,hap:1,1,25.116438718972805,,0.0,0.0,4.999999999810711e-06,0.0,True
mp-1955081,GF,hap:1,0.0001,SPERR;tol_rel=4.64159e-06,hap:1,1,25.116438718972805,,0.0,0.0,4.999999999810711e-06,0.0,True
mp-1955081,GF,hap:1,1e-05,SPERR;tol_rel=4.64159e-06,hap:1,1,25.116438718972805,,0.0,0.0,4.999999999810711e-06,0.0,True
mp-1955081,GF,ctp-uniform,0.001,SPERR;tol_rel=4.64159e-06,U,1,25.1248231535107,unprojected,4.999999999810711e-06,0.0,4.999999999810711e-06,0.0,True
mp-1955081,GF,ctp-uniform,0.0001,SPERR;tol_rel=4.64159e-06,U,1,25.1248231535107,unprojected,4.999999999810711e-06,0.0,4.999999999810711e-06,0.0,True
mp-1955081,GF,ctp-uniform,1e-05,SPERR;tol_rel=4.64159e-06,U,1,25.1248231535107,unprojected,4.999999999810711e-06,0.0,4.999999999810711e-06,0.0,True
mp-1955081,GF,ctp-hap:0.0001,0.001,SPERR;tol_rel=4.64159e-06,U,1,25.1248231535107,unprojected,4.999999999810711e-06,0.0,4.999999999810711e-06,0.0,True
mp-1955081,GF,ctp-hap:0.0001,0.0001,SPERR;tol_rel=4.64159e-06,U,1,25.1248231535107,unprojected,4.999999999810711e-06,0.0,4.999999999810711e-06,0.0,True
mp-1955081,GF,ctp-hap:0.0001,1e-05,SPERR;tol_rel=4.64159e-06,U,1,25.1248231535107,unprojected,4.999999999810711e-06,0.0,4.999999999810711e-06,0.0,True
mp-1955081,GF,ctp-hap:0.01,0.001,SPERR;tol_rel=4.64159e-06,U,1,25.1248231535107,unprojected,4.999999999810711e-06,0.0,4.999999999810711e-06,0.0,True
mp-1955081,GF,ctp-hap:0.01,0.0001,SPERR;tol_rel=4.64159e-06,U,1,25.1248231535107,unprojected,4.999999999810711e-06,0.0,4.999999999810711e-06,0.0,True
mp-1955081,GF,ctp-hap:0.01,1e-05,SPERR;tol_rel=4.64159e-06,U,1,25.1248231535107,unprojected,4.999999999810711e-06,0.0,4.999999999810711e-06,0.0,True
mp-1955081,GF,ctp-hap:1,0.001,SPERR;tol_rel=4.64159e-06,U,1,25.1248231535107,unprojected,4.999999999810711e-06,0.0,4.999999999810711e-06,0.0,True
mp-1955081,GF,ctp-hap:1,0.0001,SPERR;tol_rel=4.64159e-06,U,1,25.1248231535107,unprojected,4.999999999810711e-06,0.0,4.999999999810711e-06,0.0,True
mp-1955081,GF,ctp-hap:1,1e-05,SPERR;tol_rel=4.64159e-06,U,1,25.1248231535107,unprojected,4.999999999810711e-06,0.0,4.999999999810711e-06,0.0,True
mp-1524958,J,none,0.001,alpha_rel=0.00464159,U,1,497.2303801470007,,1.2999999999152578e-05,0.0,1.2999999999152578e-05,0.0,True
mp-1524958,J,none,0.0001,alpha_rel=0.00464159,U,1,497.2303801470007,,1.2999999999152578e-05,0.0,1.2999999999152578e-05,0.0,True
mp-1524958,J,none,1e-05,alpha_rel=0.00464159,U,1,497.2303801470007,,1.2999999999152578e-05,0.0,1.2999999999152578e-05,0.0,False
mp-1524958,J,none,1e-05,alpha_rel=0.00215443,U,2,392.5290741202895,,5.999999999062311e-06,0.0,5.999999999062311e-06,0.0,True
mp-1524958,J,uniform,0.001,alpha_rel=0.00215443,uniform,1,391.3570539935307,,0.0,0.0,5.999999999062311e-06,0.0,True
mp-1524958,J,uniform,0.0001,alpha_rel=0.00215443,uniform,1,391.3570539935307,,0.0,0.0,5.999999999062311e-06,0.0,True
mp-1524958,J,uniform,1e-05,alpha_rel=0.00215443,uniform,1,391.3570539935307,,0.0,0.0,5.999999999062311e-06,0.0,True
mp-1524958,J,hap:0.0001,0.001,alpha_rel=0.00464159,hap:0.0001,1,495.1952774498229,,0.0,0.0,1.2999999999152578e-05,0.0,True
mp-1524958,J,hap:0.0001,0.0001,alpha_rel=0.00464159,hap:0.0001,1,495.1952774498229,,0.0,0.0,1.2999999999152578e-05,0.0,True
mp-1524958,J,hap:0.0001,1e-05,alpha_rel=0.00464159,hap:0.0001,1,495.1952774498229,,0.0,0.0,1.2999999999152578e-05,0.0,True
mp-1524958,J,hap:0.01,0.001,alpha_rel=0.00464159,hap:0.01,1,495.1952774498229,,0.0,0.0,1.2999999999152578e-05,0.0,True
mp-1524958,J,hap:0.01,0.0001,alpha_rel=0.00464159,hap:0.01,1,495.1952774498229,,0.0,0.0,1.2999999999152578e-05,0.0,True
mp-1524958,J,hap:0.01,1e-05,alpha_rel=0.00464159,hap:0.01,1,495.1952774498229,,0.0,0.0,1.2999999999152578e-05,0.0,True
mp-1524958,J,hap:1,0.001,alpha_rel=0.00464159,hap:1,1,495.1952774498229,,0.0,0.0,1.2999999999152578e-05,0.0,True
mp-1524958,J,hap:1,0.0001,alpha_rel=0.00464159,hap:1,1,495.1952774498229,,0.0,0.0,1.2999999999152578e-05,0.0,True
mp-1524958,J,hap:1,1e-05,alpha_rel=0.00464159,hap:1,1,495.1952774498229,,0.0,0.0,1.2999999999152578e-05,0.0,True
mp-1524958,J,ctp-uniform,0.001,alpha_rel=0.00464159,U,1,497.21073220847984,unprojected,1.2999999999152578e-05,0.0,1.2999999999152578e-05,0.0,True
mp-1524958,J,ctp-uniform,0.0001,alpha_rel=0.00464159,U,1,497.21073220847984,unprojected,1.2999999999152578e-05,0.0,1.2999999999152578e-05,0.0,True
mp-1524958,J,ctp-uniform,1e-05,alpha_rel=0.00464159,U,1,497.21073220847984,projected,1.2999999999152578e-05,0.0,1.2999999999152578e-05,0.0,False
mp-1524958,J,ctp-uniform,1e-05,alpha_rel=0.00215443,U,2,392.5168293976354,unprojected,5.999999999062311e-06,0.0,5.999999999062311e-06,0.0,True
mp-1524958,J,ctp-hap:0.0001,0.001,alpha_rel=0.00464159,U,1,497.21073220847984,unprojected,1.2999999999152578e-05,0.0,1.2999999999152578e-05,0.0,True
mp-1524958,J,ctp-hap:0.0001,0.0001,alpha_rel=0.00464159,U,1,497.21073220847984,unprojected,1.2999999999152578e-05,0.0,1.2999999999152578e-05,0.0,True
mp-1524958,J,ctp-hap:0.0001,1e-05,alpha_rel=0.00464159,U,1,497.21073220847984,projected,1.2999999999152578e-05,0.0,1.2999999999152578e-05,0.0,False
mp-1524958,J,ctp-hap:0.0001,1e-05,alpha_rel=0.00464159,hap:0.0001,2,495.17579001219946,projected,0.0,0.0,1.2999999999152578e-05,0.0,True
mp-1524958,J,ctp-hap:0.01,0.001,alpha_rel=0.00464159,U,1,497.21073220847984,unprojected,1.2999999999152578e-05,0.0,1.2999999999152578e-05,0.0,True
mp-1524958,J,ctp-hap:0.01,0.0001,alpha_rel=0.00464159,U,1,497.21073220847984,unprojected,1.2999999999152578e-05,0.0,1.2999999999152578e-05,0.0,True
mp-1524958,J,ctp-hap:0.01,1e-05,alpha_rel=0.00464159,U,1,497.21073220847984,projected,1.2999999999152578e-05,0.0,1.2999999999152578e-05,0.0,False
mp-1524958,J,ctp-hap:0.01,1e-05,alpha_rel=0.00464159,hap:0.01,2,495.17579001219946,projected,0.0,0.0,1.2999999999152578e-05,0.0,True
mp-1524958,J,ctp-hap:1,0.001,alpha_rel=0.00464159,U,1,497.21073220847984,unprojected,1.2999999999152578e-05,0.0,1.2999999999152578e-05,0.0,True
mp-1524958,J,ctp-hap:1,0.0001,alpha_rel=0.00464159,U,1,497.21073220847984,unprojected,1.2999999999152578e-05,0.0,1.2999999999152578e-05,0.0,True
mp-1524958,J,ctp-hap:1,1e-05,alpha_rel=0.00464159,U,1,497.21073220847984,projected,1.2999999999152578e-05,0.0,1.2999999999152578e-05,0.0,False
mp-1524958,J,ctp-hap:1,1e-05,alpha_rel=0.00464159,hap:1,2,495.17579001219946,projected,0.0,0.0,1.2999999999152578e-05,0.0,True
mp-1524958,T1,none,0.001,q_cut=0.2;alpha_rel=1e-05,U,1,480.795995567613,,1.4000000000180536e-05,0.0,1.4000000000180536e-05,0.0,True
mp-1524958,T1,none,0.0001,q_cut=0.2;alpha_rel=1e-05,U,1,480.795995567613,,1.4000000000180536e-05,0.0,1.4000000000180536e-05,0.0,True
mp-1524958,T1,none,1e-05,q_cut=0.2;alpha_rel=1e-05,U,1,480.795995567613,,1.4000000000180536e-05,0.0,1.4000000000180536e-05,0.0,False
mp-1524958,T1,none,1e-05,q_cut=0.2;alpha_rel=4.64159e-06,U,2,429.6708895338911,,1.199999999990098e-05,0.0,1.199999999990098e-05,0.0,False
mp-1524958,T1,none,1e-05,q_cut=0.2;alpha_rel=2.15443e-06,U,3,383.099771654742,,1.199999999990098e-05,0.0,1.199999999990098e-05,0.0,False
mp-1524958,T1,none,1e-05,q_cut=0.2;alpha_rel=1e-06,U,4,343.4763334607196,,1.199999999990098e-05,0.0,1.199999999990098e-05,0.0,False
mp-1524958,T1,none,1e-05,q_cut=0.2;alpha_rel=4.64159e-07,U,5,295.19335616759724,,1.199999999990098e-05,0.0,1.199999999990098e-05,0.0,False
mp-1524958,T1,uniform,0.001,q_cut=0.3;alpha_rel=2.15443e-05,uniform,1,267.7044443971661,,0.0,0.0,4.000000000559112e-06,0.0,True
mp-1524958,T1,uniform,0.0001,q_cut=0.3;alpha_rel=2.15443e-05,uniform,1,267.7044443971661,,0.0,0.0,4.000000000559112e-06,0.0,True
mp-1524958,T1,uniform,1e-05,q_cut=0.3;alpha_rel=2.15443e-05,uniform,1,267.7044443971661,,0.0,0.0,4.000000000559112e-06,0.0,True
mp-1524958,T1,hap:0.0001,0.001,q_cut=0.2;alpha_rel=1e-05,hap:0.0001,1,478.8929400570885,,0.0,0.0,1.4000000000180536e-05,0.0,True
mp-1524958,T1,hap:0.0001,0.0001,q_cut=0.2;alpha_rel=1e-05,hap:0.0001,1,478.8929400570885,,0.0,0.0,1.4000000000180536e-05,0.0,True
mp-1524958,T1,hap:0.0001,1e-05,q_cut=0.2;alpha_rel=1e-05,hap:0.0001,1,478.8929400570885,,0.0,0.0,1.4000000000180536e-05,0.0,True
mp-1524958,T1,hap:0.01,0.001,q_cut=0.2;alpha_rel=1e-05,hap:0.01,1,478.8929400570885,,0.0,0.0,1.4000000000180536e-05,0.0,True
mp-1524958,T1,hap:0.01,0.0001,q_cut=0.2;alpha_rel=1e-05,hap:0.01,1,478.8929400570885,,0.0,0.0,1.4000000000180536e-05,0.0,True
mp-1524958,T1,hap:0.01,1e-05,q_cut=0.2;alpha_rel=1e-05,hap:0.01,1,478.8929400570885,,0.0,0.0,1.4000000000180536e-05,0.0,True
mp-1524958,T1,hap:1,0.001,q_cut=0.2;alpha_rel=1e-05,hap:1,1,478.8929400570885,,0.0,0.0,1.4000000000180536e-05,0.0,True
mp-1524958,T1,hap:1,0.0001,q_cut=0.2;alpha_rel=1e-05,hap:1,1,478.8929400570885,,0.0,0.0,1.4000000000180536e-05,0.0,True
mp-1524958,T1,hap:1,1e-05,q_cut=0.2;alpha_rel=1e-05,hap:1,1,478.8929400570885,,0.0,0.0,1.4000000000180536e-05,0.0,True
mp-1524958,T1,ctp-uniform,0.001,q_cut=0.2;alpha_rel=1e-05,U,1,480.7776249426868,unprojected,1.4000000000180536e-05,0.0,1.4000000000180536e-05,0.0,True
mp-1524958,T1,ctp-uniform,0.0001,q_cut=0.2;alpha_rel=1e-05,U,1,480.7776249426868,unprojected,1.4000000000180536e-05,0.0,1.4000000000180536e-05,0.0,True
mp-1524958,T1,ctp-uniform,1e-05,q_cut=0.2;alpha_rel=1e-05,U,1,480.7776249426868,projected,1.4000000000180536e-05,0.0,1.4000000000180536e-05,0.0,False
mp-1524958,T1,ctp-uniform,1e-05,q_cut=0.2;alpha_rel=4.64159e-06,U,2,429.6562179881172,projected,1.199999999990098e-05,0.0,1.199999999990098e-05,0.0,False
mp-1524958,T1,ctp-uniform,1e-05,q_cut=0.2;alpha_rel=2.15443e-06,U,3,383.0881081410217,projected,1.199999999990098e-05,0.0,1.199999999990098e-05,0.0,False
mp-1524958,T1,ctp-uniform,1e-05,q_cut=0.2;alpha_rel=1e-06,U,4,343.4669578272144,projected,1.199999999990098e-05,0.0,1.199999999990098e-05,0.0,False
mp-1524958,T1,ctp-uniform,1e-05,q_cut=0.2;alpha_rel=4.64159e-07,U,5,295.186431135196,projected,1.199999999990098e-05,0.0,1.199999999990098e-05,0.0,False
mp-1524958,T1,ctp-hap:0.0001,0.001,q_cut=0.2;alpha_rel=1e-05,U,1,480.7776249426868,unprojected,1.4000000000180536e-05,0.0,1.4000000000180536e-05,0.0,True
mp-1524958,T1,ctp-hap:0.0001,0.0001,q_cut=0.2;alpha_rel=1e-05,U,1,480.7776249426868,unprojected,1.4000000000180536e-05,0.0,1.4000000000180536e-05,0.0,True
mp-1524958,T1,ctp-hap:0.0001,1e-05,q_cut=0.2;alpha_rel=1e-05,U,1,480.7776249426868,projected,1.4000000000180536e-05,0.0,1.4000000000180536e-05,0.0,False
mp-1524958,T1,ctp-hap:0.0001,1e-05,q_cut=0.2;alpha_rel=1e-05,hap:0.0001,2,478.87471456842746,projected,0.0,0.0,1.4000000000180536e-05,0.0,True
mp-1524958,T1,ctp-hap:0.01,0.001,q_cut=0.2;alpha_rel=1e-05,U,1,480.7776249426868,unprojected,1.4000000000180536e-05,0.0,1.4000000000180536e-05,0.0,True
mp-1524958,T1,ctp-hap:0.01,0.0001,q_cut=0.2;alpha_rel=1e-05,U,1,480.7776249426868,unprojected,1.4000000000180536e-05,0.0,1.4000000000180536e-05,0.0,True
mp-1524958,T1,ctp-hap:0.01,1e-05,q_cut=0.2;alpha_rel=1e-05,U,1,480.7776249426868,projected,1.4000000000180536e-05,0.0,1.4000000000180536e-05,0.0,False
mp-1524958,T1,ctp-hap:0.01,1e-05,q_cut=0.2;alpha_rel=1e-05,hap:0.01,2,478.87471456842746,projected,0.0,0.0,1.4000000000180536e-05,0.0,True
mp-1524958,T1,ctp-hap:1,0.001,q_cut=0.2;alpha_rel=1e-05,U,1,480.7776249426868,unprojected,1.4000000000180536e-05,0.0,1.4000000000180536e-05,0.0,True
mp-1524958,T1,ctp-hap:1,0.0001,q_cut=0.2;alpha_rel=1e-05,U,1,480.7776249426868,unprojected,1.4000000000180536e-05,0.0,1.4000000000180536e-05,0.0,True
mp-1524958,T1,ctp-hap:1,1e-05,q_cut=0.2;alpha_rel=1e-05,U,1,480.7776249426868,projected,1.4000000000180536e-05,0.0,1.4000000000180536e-05,0.0,False
mp-1524958,T1,ctp-hap:1,1e-05,q_cut=0.2;alpha_rel=1e-05,hap:1,2,478.87471456842746,projected,0.0,0.0,1.4000000000180536e-05,0.0,True
mp-1524958,R3,none,0.001,tau=1e-06;k=0;margin=0.995,U,1,715.3852976292001,,1.0999999998873022e-05,0.0,1.0999999998873022e-05,0.0,True
mp-1524958,R3,none,0.0001,tau=1e-06;k=0;margin=0.995,U,1,715.3852976292001,,1.0999999998873022e-05,0.0,1.0999999998873022e-05,0.0,True
mp-1524958,R3,none,1e-05,tau=1e-06;k=0;margin=0.995,U,1,715.3852976292001,,1.0999999998873022e-05,0.0,1.0999999998873022e-05,0.0,False
mp-1524958,R3,none,1e-05,tau=1e-06;k=1;margin=0.990025,U,2,714.5321976149914,,9.999999999621425e-06,0.0,9.999999999621425e-06,0.0,True
mp-1524958,R3,uniform,0.001,tau=1e-06;k=3;margin=0.980149501,uniform,1,694.9197547909648,,0.0,0.0,2.9999999995311555e-06,0.0,True
mp-1524958,R3,uniform,0.0001,tau=1e-06;k=3;margin=0.980149501,uniform,1,694.9197547909648,,0.0,0.0,2.9999999995311555e-06,0.0,True
mp-1524958,R3,uniform,1e-05,tau=1e-06;k=3;margin=0.980149501,uniform,1,694.9197547909648,,0.0,0.0,2.9999999995311555e-06,0.0,True
mp-1524958,R3,hap:0.0001,0.001,tau=1e-06;k=0;margin=0.995,hap:0.0001,1,711.1802407731872,,0.0,0.0,1.0999999998873022e-05,0.0,True
mp-1524958,R3,hap:0.0001,0.0001,tau=1e-06;k=0;margin=0.995,hap:0.0001,1,711.1802407731872,,0.0,0.0,1.0999999998873022e-05,0.0,True
mp-1524958,R3,hap:0.0001,1e-05,tau=1e-06;k=0;margin=0.995,hap:0.0001,1,711.1802407731872,,0.0,0.0,1.0999999998873022e-05,0.0,True
mp-1524958,R3,hap:0.01,0.001,tau=1e-06;k=0;margin=0.995,hap:0.01,1,711.1802407731872,,0.0,0.0,1.0999999998873022e-05,0.0,True
mp-1524958,R3,hap:0.01,0.0001,tau=1e-06;k=0;margin=0.995,hap:0.01,1,711.1802407731872,,0.0,0.0,1.0999999998873022e-05,0.0,True
mp-1524958,R3,hap:0.01,1e-05,tau=1e-06;k=0;margin=0.995,hap:0.01,1,711.1802407731872,,0.0,0.0,1.0999999998873022e-05,0.0,True
mp-1524958,R3,hap:1,0.001,tau=1e-06;k=5;margin=0.970372509,hap:1,1,697.732727071088,,0.0,0.0,7.000000000090267e-06,0.0,True
mp-1524958,R3,hap:1,0.0001,tau=1e-06;k=5;margin=0.970372509,hap:1,1,697.732727071088,,0.0,0.0,7.000000000090267e-06,0.0,True
mp-1524958,R3,hap:1,1e-05,tau=1e-06;k=5;margin=0.970372509,hap:1,1,697.732727071088,,0.0,0.0,7.000000000090267e-06,0.0,True
mp-1524958,R3,ctp-uniform,0.001,tau=1e-06;k=0;margin=0.995,U,1,715.3446276293348,unprojected,1.0999999998873022e-05,0.0,1.0999999998873022e-05,0.0,True
mp-1524958,R3,ctp-uniform,0.0001,tau=1e-06;k=0;margin=0.995,U,1,715.3446276293348,unprojected,1.0999999998873022e-05,0.0,1.0999999998873022e-05,0.0,True
mp-1524958,R3,ctp-uniform,1e-05,tau=1e-06;k=0;margin=0.995,U,1,715.3446276293348,projected,1.0999999998873022e-05,0.0,1.0999999998873022e-05,0.0,False
mp-1524958,R3,ctp-uniform,1e-05,tau=1e-06;k=1;margin=0.990025,U,2,714.4916245528362,unprojected,9.999999999621425e-06,0.0,9.999999999621425e-06,0.0,True
mp-1524958,R3,ctp-hap:0.0001,0.001,tau=1e-06;k=0;margin=0.995,U,1,715.3446276293348,unprojected,1.0999999998873022e-05,0.0,1.0999999998873022e-05,0.0,True
mp-1524958,R3,ctp-hap:0.0001,0.0001,tau=1e-06;k=0;margin=0.995,U,1,715.3446276293348,unprojected,1.0999999998873022e-05,0.0,1.0999999998873022e-05,0.0,True
mp-1524958,R3,ctp-hap:0.0001,1e-05,tau=1e-06;k=0;margin=0.995,U,1,715.3446276293348,projected,1.0999999998873022e-05,0.0,1.0999999998873022e-05,0.0,False
mp-1524958,R3,ctp-hap:0.0001,1e-05,tau=1e-06;k=1;margin=0.990025,U,2,714.4916245528362,unprojected,9.999999999621425e-06,0.0,9.999999999621425e-06,0.0,True
mp-1524958,R3,ctp-hap:0.01,0.001,tau=1e-06;k=0;margin=0.995,U,1,715.3446276293348,unprojected,1.0999999998873022e-05,0.0,1.0999999998873022e-05,0.0,True
mp-1524958,R3,ctp-hap:0.01,0.0001,tau=1e-06;k=0;margin=0.995,U,1,715.3446276293348,unprojected,1.0999999998873022e-05,0.0,1.0999999998873022e-05,0.0,True
mp-1524958,R3,ctp-hap:0.01,1e-05,tau=1e-06;k=0;margin=0.995,U,1,715.3446276293348,projected,1.0999999998873022e-05,0.0,1.0999999998873022e-05,0.0,False
mp-1524958,R3,ctp-hap:0.01,1e-05,tau=1e-06;k=1;margin=0.990025,U,2,714.4916245528362,unprojected,9.999999999621425e-06,0.0,9.999999999621425e-06,0.0,True
mp-1524958,R3,ctp-hap:1,0.001,tau=1e-06;k=0;margin=0.995,U,1,715.3446276293348,unprojected,1.0999999998873022e-05,0.0,1.0999999998873022e-05,0.0,True
mp-1524958,R3,ctp-hap:1,0.0001,tau=1e-06;k=0;margin=0.995,U,1,715.3446276293348,unprojected,1.0999999998873022e-05,0.0,1.0999999998873022e-05,0.0,True
mp-1524958,R3,ctp-hap:1,1e-05,tau=1e-06;k=0;margin=0.995,U,1,715.3446276293348,projected,1.0999999998873022e-05,0.0,1.0999999998873022e-05,0.0,False
mp-1524958,R3,ctp-hap:1,1e-05,tau=1e-06;k=1;margin=0.990025,U,2,714.4916245528362,unprojected,9.999999999621425e-06,0.0,9.999999999621425e-06,0.0,True
mp-1524958,GF,none,0.001,ZFP;tol_rel=0.0001,U,1,16.5838701854644,,5.999999999062311e-06,0.0,5.999999999062311e-06,0.0,True
mp-1524958,GF,none,0.0001,ZFP;tol_rel=0.0001,U,1,16.5838701854644,,5.999999999062311e-06,0.0,5.999999999062311e-06,0.0,True
mp-1524958,GF,none,1e-05,ZFP;tol_rel=0.0001,U,1,16.5838701854644,,5.999999999062311e-06,0.0,5.999999999062311e-06,0.0,True
mp-1524958,GF,uniform,0.001,ZFP;tol_rel=0.0001,uniform,1,16.581772178588373,,0.0,0.0,5.999999999062311e-06,0.0,True
mp-1524958,GF,uniform,0.0001,ZFP;tol_rel=0.0001,uniform,1,16.581772178588373,,0.0,0.0,5.999999999062311e-06,0.0,True
mp-1524958,GF,uniform,1e-05,ZFP;tol_rel=0.0001,uniform,1,16.581772178588373,,0.0,0.0,5.999999999062311e-06,0.0,True
mp-1524958,GF,hap:0.0001,0.001,ZFP;tol_rel=0.0001,hap:0.0001,1,16.581597368642996,,0.0,0.0,5.999999999062311e-06,0.0,True
mp-1524958,GF,hap:0.0001,0.0001,ZFP;tol_rel=0.0001,hap:0.0001,1,16.581597368642996,,0.0,0.0,5.999999999062311e-06,0.0,True
mp-1524958,GF,hap:0.0001,1e-05,ZFP;tol_rel=0.0001,hap:0.0001,1,16.581597368642996,,0.0,0.0,5.999999999062311e-06,0.0,True
mp-1524958,GF,hap:0.01,0.001,ZFP;tol_rel=0.0001,hap:0.01,1,16.581597368642996,,0.0,0.0,5.999999999062311e-06,0.0,True
mp-1524958,GF,hap:0.01,0.0001,ZFP;tol_rel=0.0001,hap:0.01,1,16.581597368642996,,0.0,0.0,5.999999999062311e-06,0.0,True
mp-1524958,GF,hap:0.01,1e-05,ZFP;tol_rel=0.0001,hap:0.01,1,16.581597368642996,,0.0,0.0,5.999999999062311e-06,0.0,True
mp-1524958,GF,hap:1,0.001,ZFP;tol_rel=0.0001,hap:1,1,16.581597368642996,,0.0,0.0,5.999999999062311e-06,0.0,True
mp-1524958,GF,hap:1,0.0001,ZFP;tol_rel=0.0001,hap:1,1,16.581597368642996,,0.0,0.0,5.999999999062311e-06,0.0,True
mp-1524958,GF,hap:1,1e-05,ZFP;tol_rel=0.0001,hap:1,1,16.581597368642996,,0.0,0.0,5.999999999062311e-06,0.0,True
mp-1524958,GF,ctp-uniform,0.001,ZFP;tol_rel=0.0001,U,1,16.583848328489807,unprojected,5.999999999062311e-06,0.0,5.999999999062311e-06,0.0,True
mp-1524958,GF,ctp-uniform,0.0001,ZFP;tol_rel=0.0001,U,1,16.583848328489807,unprojected,5.999999999062311e-06,0.0,5.999999999062311e-06,0.0,True
mp-1524958,GF,ctp-uniform,1e-05,ZFP;tol_rel=0.0001,U,1,16.583848328489807,unprojected,5.999999999062311e-06,0.0,5.999999999062311e-06,0.0,True
mp-1524958,GF,ctp-hap:0.0001,0.001,ZFP;tol_rel=0.0001,U,1,16.583848328489807,unprojected,5.999999999062311e-06,0.0,5.999999999062311e-06,0.0,True
mp-1524958,GF,ctp-hap:0.0001,0.0001,ZFP;tol_rel=0.0001,U,1,16.583848328489807,unprojected,5.999999999062311e-06,0.0,5.999999999062311e-06,0.0,True
mp-1524958,GF,ctp-hap:0.0001,1e-05,ZFP;tol_rel=0.0001,U,1,16.583848328489807,unprojected,5.999999999062311e-06,0.0,5.999999999062311e-06,0.0,True
mp-1524958,GF,ctp-hap:0.01,0.001,ZFP;tol_rel=0.0001,U,1,16.583848328489807,unprojected,5.999999999062311e-06,0.0,5.999999999062311e-06,0.0,True
mp-1524958,GF,ctp-hap:0.01,0.0001,ZFP;tol_rel=0.0001,U,1,16.583848328489807,unprojected,5.999999999062311e-06,0.0,5.999999999062311e-06,0.0,True
mp-1524958,GF,ctp-hap:0.01,1e-05,ZFP;tol_rel=0.0001,U,1,16.583848328489807,unprojected,5.999999999062311e-06,0.0,5.999999999062311e-06,0.0,True
mp-1524958,GF,ctp-hap:1,0.001,ZFP;tol_rel=0.0001,U,1,16.583848328489807,unprojected,5.999999999062311e-06,0.0,5.999999999062311e-06,0.0,True
mp-1524958,GF,ctp-hap:1,0.0001,ZFP;tol_rel=0.0001,U,1,16.583848328489807,unprojected,5.999999999062311e-06,0.0,5.999999999062311e-06,0.0,True
mp-1524958,GF,ctp-hap:1,1e-05,ZFP;tol_rel=0.0001,U,1,16.583848328489807,unprojected,5.999999999062311e-06,0.0,5.999999999062311e-06,0.0,True
mp-2018706,J,none,0.001,alpha_rel=0.001,U,1,213.2779181524075,,4.000000000559112e-06,0.0,4.000000000559112e-06,0.0,True
mp-2018706,J,none,0.0001,alpha_rel=0.001,U,1,213.2779181524075,,4.000000000559112e-06,0.0,4.000000000559112e-06,0.0,True
mp-2018706,J,none,1e-05,alpha_rel=0.001,U,1,213.2779181524075,,4.000000000559112e-06,0.0,4.000000000559112e-06,0.0,True
mp-2018706,J,uniform,0.001,alpha_rel=0.001,uniform,1,212.8958348065908,,0.0,0.0,4.000000000559112e-06,0.0,True
mp-2018706,J,uniform,0.0001,alpha_rel=0.001,uniform,1,212.8958348065908,,0.0,0.0,4.000000000559112e-06,0.0,True
mp-2018706,J,uniform,1e-05,alpha_rel=0.001,uniform,1,212.8958348065908,,0.0,0.0,4.000000000559112e-06,0.0,True
mp-2018706,J,hap:0.0001,0.001,alpha_rel=0.001,hap:0.0001,1,212.8757630754001,,0.0,0.0,4.000000000559112e-06,0.0,True
mp-2018706,J,hap:0.0001,0.0001,alpha_rel=0.001,hap:0.0001,1,212.8757630754001,,0.0,0.0,4.000000000559112e-06,0.0,True
mp-2018706,J,hap:0.0001,1e-05,alpha_rel=0.001,hap:0.0001,1,212.8757630754001,,0.0,0.0,4.000000000559112e-06,0.0,True
mp-2018706,J,hap:0.01,0.001,alpha_rel=0.001,hap:0.01,1,212.8757630754001,,0.0,0.0,4.000000000559112e-06,0.0,True
mp-2018706,J,hap:0.01,0.0001,alpha_rel=0.001,hap:0.01,1,212.8757630754001,,0.0,0.0,4.000000000559112e-06,0.0,True
mp-2018706,J,hap:0.01,1e-05,alpha_rel=0.001,hap:0.01,1,212.8757630754001,,0.0,0.0,4.000000000559112e-06,0.0,True
mp-2018706,J,hap:1,0.001,alpha_rel=0.001,hap:1,1,212.8757630754001,,0.0,0.0,4.000000000559112e-06,0.0,True
mp-2018706,J,hap:1,0.0001,alpha_rel=0.001,hap:1,1,212.8757630754001,,0.0,0.0,4.000000000559112e-06,0.0,True
mp-2018706,J,hap:1,1e-05,alpha_rel=0.001,hap:1,1,212.8757630754001,,0.0,0.0,4.000000000559112e-06,0.0,True
mp-2018706,J,ctp-uniform,0.001,alpha_rel=0.001,U,1,213.2753999645788,unprojected,4.000000000559112e-06,0.0,4.000000000559112e-06,0.0,True
mp-2018706,J,ctp-uniform,0.0001,alpha_rel=0.001,U,1,213.2753999645788,unprojected,4.000000000559112e-06,0.0,4.000000000559112e-06,0.0,True
mp-2018706,J,ctp-uniform,1e-05,alpha_rel=0.001,U,1,213.2753999645788,unprojected,4.000000000559112e-06,0.0,4.000000000559112e-06,0.0,True
mp-2018706,J,ctp-hap:0.0001,0.001,alpha_rel=0.001,U,1,213.2753999645788,unprojected,4.000000000559112e-06,0.0,4.000000000559112e-06,0.0,True
mp-2018706,J,ctp-hap:0.0001,0.0001,alpha_rel=0.001,U,1,213.2753999645788,unprojected,4.000000000559112e-06,0.0,4.000000000559112e-06,0.0,True
mp-2018706,J,ctp-hap:0.0001,1e-05,alpha_rel=0.001,U,1,213.2753999645788,unprojected,4.000000000559112e-06,0.0,4.000000000559112e-06,0.0,True
mp-2018706,J,ctp-hap:0.01,0.001,alpha_rel=0.001,U,1,213.2753999645788,unprojected,4.000000000559112e-06,0.0,4.000000000559112e-06,0.0,True
mp-2018706,J,ctp-hap:0.01,0.0001,alpha_rel=0.001,U,1,213.2753999645788,unprojected,4.000000000559112e-06,0.0,4.000000000559112e-06,0.0,True
mp-2018706,J,ctp-hap:0.01,1e-05,alpha_rel=0.001,U,1,213.2753999645788,unprojected,4.000000000559112e-06,0.0,4.000000000559112e-06,0.0,True
mp-2018706,J,ctp-hap:1,0.001,alpha_rel=0.001,U,1,213.2753999645788,unprojected,4.000000000559112e-06,0.0,4.000000000559112e-06,0.0,True
mp-2018706,J,ctp-hap:1,0.0001,alpha_rel=0.001,U,1,213.2753999645788,unprojected,4.000000000559112e-06,0.0,4.000000000559112e-06,0.0,True
mp-2018706,J,ctp-hap:1,1e-05,alpha_rel=0.001,U,1,213.2753999645788,unprojected,4.000000000559112e-06,0.0,4.000000000559112e-06,0.0,True
mp-2018706,T1,none,0.001,q_cut=0.3;alpha_rel=1e-05,U,1,176.63977469416494,,4.000000000559112e-06,0.0,4.000000000559112e-06,0.0,True
mp-2018706,T1,none,0.0001,q_cut=0.3;alpha_rel=1e-05,U,1,176.63977469416494,,4.000000000559112e-06,0.0,4.000000000559112e-06,0.0,True
mp-2018706,T1,none,1e-05,q_cut=0.3;alpha_rel=1e-05,U,1,176.63977469416494,,4.000000000559112e-06,0.0,4.000000000559112e-06,0.0,True
mp-2018706,T1,uniform,0.001,q_cut=0.3;alpha_rel=4.64159e-06,uniform,1,150.92543698405802,,0.0,0.0,4.000000000559112e-06,0.0,True
mp-2018706,T1,uniform,0.0001,q_cut=0.3;alpha_rel=4.64159e-06,uniform,1,150.92543698405802,,0.0,0.0,4.000000000559112e-06,0.0,True
mp-2018706,T1,uniform,1e-05,q_cut=0.3;alpha_rel=4.64159e-06,uniform,1,150.92543698405802,,0.0,0.0,4.000000000559112e-06,0.0,True
mp-2018706,T1,hap:0.0001,0.001,q_cut=0.3;alpha_rel=1e-05,hap:0.0001,1,176.36383163609025,,0.0,0.0,4.000000000559112e-06,0.0,True
mp-2018706,T1,hap:0.0001,0.0001,q_cut=0.3;alpha_rel=1e-05,hap:0.0001,1,176.36383163609025,,0.0,0.0,4.000000000559112e-06,0.0,True
mp-2018706,T1,hap:0.0001,1e-05,q_cut=0.3;alpha_rel=1e-05,hap:0.0001,1,176.36383163609025,,0.0,0.0,4.000000000559112e-06,0.0,True
mp-2018706,T1,hap:0.01,0.001,q_cut=0.3;alpha_rel=1e-05,hap:0.01,1,176.36383163609025,,0.0,0.0,4.000000000559112e-06,0.0,True
mp-2018706,T1,hap:0.01,0.0001,q_cut=0.3;alpha_rel=1e-05,hap:0.01,1,176.36383163609025,,0.0,0.0,4.000000000559112e-06,0.0,True
mp-2018706,T1,hap:0.01,1e-05,q_cut=0.3;alpha_rel=1e-05,hap:0.01,1,176.36383163609025,,0.0,0.0,4.000000000559112e-06,0.0,True
mp-2018706,T1,hap:1,0.001,q_cut=0.3;alpha_rel=1e-05,hap:1,1,176.36383163609025,,0.0,0.0,4.000000000559112e-06,0.0,True
mp-2018706,T1,hap:1,0.0001,q_cut=0.3;alpha_rel=1e-05,hap:1,1,176.36383163609025,,0.0,0.0,4.000000000559112e-06,0.0,True
mp-2018706,T1,hap:1,1e-05,q_cut=0.3;alpha_rel=1e-05,hap:1,1,176.36383163609025,,0.0,0.0,4.000000000559112e-06,0.0,True
mp-2018706,T1,ctp-uniform,0.001,q_cut=0.3;alpha_rel=1e-05,U,1,176.63804736852398,unprojected,4.000000000559112e-06,0.0,4.000000000559112e-06,0.0,True
mp-2018706,T1,ctp-uniform,0.0001,q_cut=0.3;alpha_rel=1e-05,U,1,176.63804736852398,unprojected,4.000000000559112e-06,0.0,4.000000000559112e-06,0.0,True
mp-2018706,T1,ctp-uniform,1e-05,q_cut=0.3;alpha_rel=1e-05,U,1,176.63804736852398,unprojected,4.000000000559112e-06,0.0,4.000000000559112e-06,0.0,True
mp-2018706,T1,ctp-hap:0.0001,0.001,q_cut=0.3;alpha_rel=1e-05,U,1,176.63804736852398,unprojected,4.000000000559112e-06,0.0,4.000000000559112e-06,0.0,True
mp-2018706,T1,ctp-hap:0.0001,0.0001,q_cut=0.3;alpha_rel=1e-05,U,1,176.63804736852398,unprojected,4.000000000559112e-06,0.0,4.000000000559112e-06,0.0,True
mp-2018706,T1,ctp-hap:0.0001,1e-05,q_cut=0.3;alpha_rel=1e-05,U,1,176.63804736852398,unprojected,4.000000000559112e-06,0.0,4.000000000559112e-06,0.0,True
mp-2018706,T1,ctp-hap:0.01,0.001,q_cut=0.3;alpha_rel=1e-05,U,1,176.63804736852398,unprojected,4.000000000559112e-06,0.0,4.000000000559112e-06,0.0,True
mp-2018706,T1,ctp-hap:0.01,0.0001,q_cut=0.3;alpha_rel=1e-05,U,1,176.63804736852398,unprojected,4.000000000559112e-06,0.0,4.000000000559112e-06,0.0,True
mp-2018706,T1,ctp-hap:0.01,1e-05,q_cut=0.3;alpha_rel=1e-05,U,1,176.63804736852398,unprojected,4.000000000559112e-06,0.0,4.000000000559112e-06,0.0,True
mp-2018706,T1,ctp-hap:1,0.001,q_cut=0.3;alpha_rel=1e-05,U,1,176.63804736852398,unprojected,4.000000000559112e-06,0.0,4.000000000559112e-06,0.0,True
mp-2018706,T1,ctp-hap:1,0.0001,q_cut=0.3;alpha_rel=1e-05,U,1,176.63804736852398,unprojected,4.000000000559112e-06,0.0,4.000000000559112e-06,0.0,True
mp-2018706,T1,ctp-hap:1,1e-05,q_cut=0.3;alpha_rel=1e-05,U,1,176.63804736852398,unprojected,4.000000000559112e-06,0.0,4.000000000559112e-06,0.0,True
mp-2018706,R3,none,0.001,tau=1e-06;k=0;margin=0.995,U,1,261.329552523835,,1.000000000139778e-05,0.0,1.000000000139778e-05,0.0,True
mp-2018706,R3,none,0.0001,tau=1e-06;k=0;margin=0.995,U,1,261.329552523835,,1.000000000139778e-05,0.0,1.000000000139778e-05,0.0,True
mp-2018706,R3,none,1e-05,tau=1e-06;k=0;margin=0.995,U,1,261.329552523835,,1.000000000139778e-05,0.0,1.000000000139778e-05,0.0,False
mp-2018706,R3,none,1e-05,tau=1e-06;k=1;margin=0.990025,U,2,260.69216337133787,,9.000000000369823e-06,0.0,9.000000000369823e-06,0.0,True
mp-2018706,R3,hap:0.0001,0.001,tau=1e-06;k=0;margin=0.995,hap:0.0001,1,260.7260287813398,,0.0,0.0,1.000000000139778e-05,0.0,True
mp-2018706,R3,hap:0.0001,0.0001,tau=1e-06;k=0;margin=0.995,hap:0.0001,1,260.7260287813398,,0.0,0.0,1.000000000139778e-05,0.0,True
mp-2018706,R3,hap:0.0001,1e-05,tau=1e-06;k=0;margin=0.995,hap:0.0001,1,260.7260287813398,,0.0,0.0,1.000000000139778e-05,0.0,True
mp-2018706,R3,hap:0.01,0.001,tau=1e-06;k=0;margin=0.995,hap:0.01,1,260.7260287813398,,0.0,0.0,1.000000000139778e-05,0.0,True
mp-2018706,R3,hap:0.01,0.0001,tau=1e-06;k=0;margin=0.995,hap:0.01,1,260.7260287813398,,0.0,0.0,1.000000000139778e-05,0.0,True
mp-2018706,R3,hap:0.01,1e-05,tau=1e-06;k=0;margin=0.995,hap:0.01,1,260.7260287813398,,0.0,0.0,1.000000000139778e-05,0.0,True
mp-2018706,R3,hap:1,0.001,tau=1e-06;k=3;margin=0.980149501,hap:1,1,258.9654776923959,,0.0,0.0,8.000000001118224e-06,0.0,True
mp-2018706,R3,hap:1,0.0001,tau=1e-06;k=3;margin=0.980149501,hap:1,1,258.9654776923959,,0.0,0.0,8.000000001118224e-06,0.0,True
mp-2018706,R3,hap:1,1e-05,tau=1e-06;k=3;margin=0.980149501,hap:1,1,258.9654776923959,,0.0,0.0,8.000000001118224e-06,0.0,True
mp-2018706,R3,ctp-uniform,0.001,tau=1e-06;k=0;margin=0.995,U,1,261.32577182373194,unprojected,1.000000000139778e-05,0.0,1.000000000139778e-05,0.0,True
mp-2018706,R3,ctp-uniform,0.0001,tau=1e-06;k=0;margin=0.995,U,1,261.32577182373194,unprojected,1.000000000139778e-05,0.0,1.000000000139778e-05,0.0,True
mp-2018706,R3,ctp-uniform,1e-05,tau=1e-06;k=0;margin=0.995,U,1,261.32577182373194,projected,1.000000000139778e-05,0.0,1.000000000139778e-05,0.0,False
mp-2018706,R3,ctp-uniform,1e-05,tau=1e-06;k=1;margin=0.990025,U,2,260.6884010910508,unprojected,9.000000000369823e-06,0.0,9.000000000369823e-06,0.0,True
mp-2018706,R3,ctp-hap:0.0001,0.001,tau=1e-06;k=0;margin=0.995,U,1,261.32577182373194,unprojected,1.000000000139778e-05,0.0,1.000000000139778e-05,0.0,True
mp-2018706,R3,ctp-hap:0.0001,0.0001,tau=1e-06;k=0;margin=0.995,U,1,261.32577182373194,unprojected,1.000000000139778e-05,0.0,1.000000000139778e-05,0.0,True
mp-2018706,R3,ctp-hap:0.0001,1e-05,tau=1e-06;k=0;margin=0.995,U,1,261.32577182373194,projected,1.000000000139778e-05,0.0,1.000000000139778e-05,0.0,False
mp-2018706,R3,ctp-hap:0.0001,1e-05,tau=1e-06;k=0;margin=0.995,hap:0.0001,2,260.7222655235126,projected,0.0,0.0,1.000000000139778e-05,0.0,True
mp-2018706,R3,ctp-hap:0.01,0.001,tau=1e-06;k=0;margin=0.995,U,1,261.32577182373194,unprojected,1.000000000139778e-05,0.0,1.000000000139778e-05,0.0,True
mp-2018706,R3,ctp-hap:0.01,0.0001,tau=1e-06;k=0;margin=0.995,U,1,261.32577182373194,unprojected,1.000000000139778e-05,0.0,1.000000000139778e-05,0.0,True
mp-2018706,R3,ctp-hap:0.01,1e-05,tau=1e-06;k=0;margin=0.995,U,1,261.32577182373194,projected,1.000000000139778e-05,0.0,1.000000000139778e-05,0.0,False
mp-2018706,R3,ctp-hap:0.01,1e-05,tau=1e-06;k=0;margin=0.995,hap:0.01,2,260.7222655235126,projected,0.0,0.0,1.000000000139778e-05,0.0,True
mp-2018706,R3,ctp-hap:1,0.001,tau=1e-06;k=0;margin=0.995,U,1,261.32577182373194,unprojected,1.000000000139778e-05,0.0,1.000000000139778e-05,0.0,True
mp-2018706,R3,ctp-hap:1,0.0001,tau=1e-06;k=0;margin=0.995,U,1,261.32577182373194,unprojected,1.000000000139778e-05,0.0,1.000000000139778e-05,0.0,True
mp-2018706,R3,ctp-hap:1,1e-05,tau=1e-06;k=0;margin=0.995,U,1,261.32577182373194,projected,1.000000000139778e-05,0.0,1.000000000139778e-05,0.0,False
mp-2018706,R3,ctp-hap:1,1e-05,tau=1e-06;k=1;margin=0.990025,U,2,260.6884010910508,unprojected,9.000000000369823e-06,0.0,9.000000000369823e-06,0.0,True
mp-2018706,GF,none,0.001,ZFP;tol_rel=2.15443e-05,U,1,13.880029998647602,,4.999999999810711e-06,0.0,4.999999999810711e-06,0.0,True
mp-2018706,GF,none,0.0001,ZFP;tol_rel=2.15443e-05,U,1,13.880029998647602,,4.999999999810711e-06,0.0,4.999999999810711e-06,0.0,True
mp-2018706,GF,none,1e-05,ZFP;tol_rel=2.15443e-05,U,1,13.880029998647602,,4.999999999810711e-06,0.0,4.999999999810711e-06,0.0,True
mp-2018706,GF,uniform,0.001,ZFP;tol_rel=4.64159e-05,uniform,1,16.029419072702876,,0.0,0.0,1.100000000064938e-05,0.0,True
mp-2018706,GF,uniform,0.0001,ZFP;tol_rel=4.64159e-05,uniform,1,16.029419072702876,,0.0,0.0,1.100000000064938e-05,0.0,True
mp-2018706,GF,uniform,1e-05,ZFP;tol_rel=4.64159e-05,uniform,1,16.029419072702876,,0.0,0.0,1.100000000064938e-05,0.0,True
mp-2018706,GF,hap:0.0001,0.001,ZFP;tol_rel=2.15443e-05,hap:0.0001,1,13.87832372429223,,0.0,0.0,4.999999999810711e-06,0.0,True
mp-2018706,GF,hap:0.0001,0.0001,ZFP;tol_rel=2.15443e-05,hap:0.0001,1,13.87832372429223,,0.0,0.0,4.999999999810711e-06,0.0,True
mp-2018706,GF,hap:0.0001,1e-05,ZFP;tol_rel=2.15443e-05,hap:0.0001,1,13.87832372429223,,0.0,0.0,4.999999999810711e-06,0.0,True
mp-2018706,GF,hap:0.01,0.001,ZFP;tol_rel=2.15443e-05,hap:0.01,1,13.87832372429223,,0.0,0.0,4.999999999810711e-06,0.0,True
mp-2018706,GF,hap:0.01,0.0001,ZFP;tol_rel=2.15443e-05,hap:0.01,1,13.87832372429223,,0.0,0.0,4.999999999810711e-06,0.0,True
mp-2018706,GF,hap:0.01,1e-05,ZFP;tol_rel=2.15443e-05,hap:0.01,1,13.87832372429223,,0.0,0.0,4.999999999810711e-06,0.0,True
mp-2018706,GF,hap:1,0.001,ZFP;tol_rel=2.15443e-05,hap:1,1,13.87832372429223,,0.0,0.0,4.999999999810711e-06,0.0,True
mp-2018706,GF,hap:1,0.0001,ZFP;tol_rel=2.15443e-05,hap:1,1,13.87832372429223,,0.0,0.0,4.999999999810711e-06,0.0,True
mp-2018706,GF,hap:1,1e-05,ZFP;tol_rel=2.15443e-05,hap:1,1,13.87832372429223,,0.0,0.0,4.999999999810711e-06,0.0,True
mp-2018706,GF,ctp-uniform,0.001,ZFP;tol_rel=4.64159e-05,uniform,1,16.029404848214863,unprojected,,,1.100000000064938e-05,0.0,False
mp-2018706,GF,ctp-uniform,0.001,ZFP;tol_rel=2.15443e-05,U,2,13.880019333129962,unprojected,4.999999999810711e-06,0.0,4.999999999810711e-06,0.0,True
mp-2018706,GF,ctp-uniform,0.0001,ZFP;tol_rel=4.64159e-05,uniform,1,16.029404848214863,unprojected,,,1.100000000064938e-05,0.0,False
mp-2018706,GF,ctp-uniform,0.0001,ZFP;tol_rel=2.15443e-05,U,2,13.880019333129962,unprojected,4.999999999810711e-06,0.0,4.999999999810711e-06,0.0,True
mp-2018706,GF,ctp-uniform,1e-05,ZFP;tol_rel=4.64159e-05,uniform,1,16.029404848214863,projected,0.0,0.0,1.100000000064938e-05,0.0,True
mp-2018706,GF,ctp-hap:0.0001,0.001,ZFP;tol_rel=2.15443e-05,U,1,13.880019333129962,unprojected,4.999999999810711e-06,0.0,4.999999999810711e-06,0.0,True
mp-2018706,GF,ctp-hap:0.0001,0.0001,ZFP;tol_rel=2.15443e-05,U,1,13.880019333129962,unprojected,4.999999999810711e-06,0.0,4.999999999810711e-06,0.0,True
mp-2018706,GF,ctp-hap:0.0001,1e-05,ZFP;tol_rel=2.15443e-05,U,1,13.880019333129962,unprojected,4.999999999810711e-06,0.0,4.999999999810711e-06,0.0,True
mp-2018706,GF,ctp-hap:0.01,0.001,ZFP;tol_rel=2.15443e-05,U,1,13.880019333129962,unprojected,4.999999999810711e-06,0.0,4.999999999810711e-06,0.0,True
mp-2018706,GF,ctp-hap:0.01,0.0001,ZFP;tol_rel=2.15443e-05,U,1,13.880019333129962,unprojected,4.999999999810711e-06,0.0,4.999999999810711e-06,0.0,True
mp-2018706,GF,ctp-hap:0.01,1e-05,ZFP;tol_rel=2.15443e-05,U,1,13.880019333129962,unprojected,4.999999999810711e-06,0.0,4.999999999810711e-06,0.0,True
mp-2018706,GF,ctp-hap:1,0.001,ZFP;tol_rel=2.15443e-05,U,1,13.880019333129962,unprojected,4.999999999810711e-06,0.0,4.999999999810711e-06,0.0,True
mp-2018706,GF,ctp-hap:1,0.0001,ZFP;tol_rel=2.15443e-05,U,1,13.880019333129962,unprojected,4.999999999810711e-06,0.0,4.999999999810711e-06,0.0,True
mp-2018706,GF,ctp-hap:1,1e-05,ZFP;tol_rel=2.15443e-05,U,1,13.880019333129962,unprojected,4.999999999810711e-06,0.0,4.999999999810711e-06,0.0,True
mp-18717,J,none,0.001,alpha_rel=0.000464159,U,1,142.2573474932082,,8.000000001118224e-06,0.0,8.000000001118224e-06,0.0,True
mp-18717,J,none,0.0001,alpha_rel=0.000464159,U,1,142.2573474932082,,8.000000001118224e-06,0.0,8.000000001118224e-06,0.0,True
mp-18717,J,none,1e-05,alpha_rel=0.000464159,U,1,142.2573474932082,,8.000000001118224e-06,0.0,8.000000001118224e-06,0.0,True
mp-18717,J,uniform,0.001,alpha_rel=0.000464159,uniform,1,141.51175169928752,,0.0,0.0,8.000000001118224e-06,0.0,True
mp-18717,J,uniform,0.0001,alpha_rel=0.000464159,uniform,1,141.51175169928752,,0.0,0.0,8.000000001118224e-06,0.0,True
mp-18717,J,uniform,1e-05,alpha_rel=0.000464159,uniform,1,141.51175169928752,,0.0,0.0,8.000000001118224e-06,0.0,True
mp-18717,J,hap:0.0001,0.001,alpha_rel=0.000464159,hap:0.0001,1,141.41910139945986,,0.0,0.0,8.000000001118224e-06,0.0,True
mp-18717,J,hap:0.0001,0.0001,alpha_rel=0.000464159,hap:0.0001,1,141.41910139945986,,0.0,0.0,8.000000001118224e-06,0.0,True
mp-18717,J,hap:0.0001,1e-05,alpha_rel=0.000464159,hap:0.0001,1,141.41910139945986,,0.0,0.0,8.000000001118224e-06,0.0,True
mp-18717,J,hap:0.01,0.001,alpha_rel=0.000464159,hap:0.01,1,141.41910139945986,,0.0,0.0,8.000000001118224e-06,0.0,True
mp-18717,J,hap:0.01,0.0001,alpha_rel=0.000464159,hap:0.01,1,141.41910139945986,,0.0,0.0,8.000000001118224e-06,0.0,True
mp-18717,J,hap:0.01,1e-05,alpha_rel=0.000464159,hap:0.01,1,141.41910139945986,,0.0,0.0,8.000000001118224e-06,0.0,True
mp-18717,J,hap:1,0.001,alpha_rel=0.000464159,hap:1,1,141.41910139945986,,0.0,0.0,8.000000001118224e-06,0.0,True
mp-18717,J,hap:1,0.0001,alpha_rel=0.000464159,hap:1,1,141.41910139945986,,0.0,0.0,8.000000001118224e-06,0.0,True
mp-18717,J,hap:1,1e-05,alpha_rel=0.000464159,hap:1,1,141.41910139945986,,0.0,0.0,8.000000001118224e-06,0.0,True
mp-18717,J,ctp-uniform,0.001,alpha_rel=0.000464159,U,1,142.24563714191638,unprojected,8.000000001118224e-06,0.0,8.000000001118224e-06,0.0,True
mp-18717,J,ctp-uniform,0.0001,alpha_rel=0.000464159,U,1,142.24563714191638,unprojected,8.000000001118224e-06,0.0,8.000000001118224e-06,0.0,True
mp-18717,J,ctp-uniform,1e-05,alpha_rel=0.000464159,U,1,142.24563714191638,unprojected,8.000000001118224e-06,0.0,8.000000001118224e-06,0.0,True
mp-18717,J,ctp-hap:0.0001,0.001,alpha_rel=0.000464159,U,1,142.24563714191638,unprojected,8.000000001118224e-06,0.0,8.000000001118224e-06,0.0,True
mp-18717,J,ctp-hap:0.0001,0.0001,alpha_rel=0.000464159,U,1,142.24563714191638,unprojected,8.000000001118224e-06,0.0,8.000000001118224e-06,0.0,True
mp-18717,J,ctp-hap:0.0001,1e-05,alpha_rel=0.000464159,U,1,142.24563714191638,unprojected,8.000000001118224e-06,0.0,8.000000001118224e-06,0.0,True
mp-18717,J,ctp-hap:0.01,0.001,alpha_rel=0.000464159,U,1,142.24563714191638,unprojected,8.000000001118224e-06,0.0,8.000000001118224e-06,0.0,True
mp-18717,J,ctp-hap:0.01,0.0001,alpha_rel=0.000464159,U,1,142.24563714191638,unprojected,8.000000001118224e-06,0.0,8.000000001118224e-06,0.0,True
mp-18717,J,ctp-hap:0.01,1e-05,alpha_rel=0.000464159,U,1,142.24563714191638,unprojected,8.000000001118224e-06,0.0,8.000000001118224e-06,0.0,True
mp-18717,J,ctp-hap:1,0.001,alpha_rel=0.000464159,U,1,142.24563714191638,unprojected,8.000000001118224e-06,0.0,8.000000001118224e-06,0.0,True
mp-18717,J,ctp-hap:1,0.0001,alpha_rel=0.000464159,U,1,142.24563714191638,unprojected,8.000000001118224e-06,0.0,8.000000001118224e-06,0.0,True
mp-18717,J,ctp-hap:1,1e-05,alpha_rel=0.000464159,U,1,142.24563714191638,unprojected,8.000000001118224e-06,0.0,8.000000001118224e-06,0.0,True
mp-18717,T1,none,0.001,q_cut=0.5;alpha_rel=4.64159e-06,U,1,85.79088471849866,,2.9999999995311555e-06,0.0,2.9999999995311555e-06,0.0,True
mp-18717,T1,none,0.0001,q_cut=0.5;alpha_rel=4.64159e-06,U,1,85.79088471849866,,2.9999999995311555e-06,0.0,2.9999999995311555e-06,0.0,True
mp-18717,T1,none,1e-05,q_cut=0.5;alpha_rel=4.64159e-06,U,1,85.79088471849866,,2.9999999995311555e-06,0.0,2.9999999995311555e-06,0.0,True
mp-18717,T1,uniform,0.001,q_cut=0.5;alpha_rel=4.64159e-06,uniform,1,85.5191527269128,,0.0,0.0,2.9999999995311555e-06,0.0,True
mp-18717,T1,uniform,0.0001,q_cut=0.5;alpha_rel=4.64159e-06,uniform,1,85.5191527269128,,0.0,0.0,2.9999999995311555e-06,0.0,True
mp-18717,T1,uniform,1e-05,q_cut=0.5;alpha_rel=4.64159e-06,uniform,1,85.5191527269128,,0.0,0.0,2.9999999995311555e-06,0.0,True
mp-18717,T1,hap:0.0001,0.001,q_cut=0.5;alpha_rel=4.64159e-06,hap:0.0001,1,85.48530721282279,,0.0,0.0,2.9999999995311555e-06,0.0,True
mp-18717,T1,hap:0.0001,0.0001,q_cut=0.5;alpha_rel=4.64159e-06,hap:0.0001,1,85.48530721282279,,0.0,0.0,2.9999999995311555e-06,0.0,True
mp-18717,T1,hap:0.0001,1e-05,q_cut=0.5;alpha_rel=4.64159e-06,hap:0.0001,1,85.48530721282279,,0.0,0.0,2.9999999995311555e-06,0.0,True
mp-18717,T1,hap:0.01,0.001,q_cut=0.5;alpha_rel=4.64159e-06,hap:0.01,1,85.48530721282279,,0.0,0.0,2.9999999995311555e-06,0.0,True
mp-18717,T1,hap:0.01,0.0001,q_cut=0.5;alpha_rel=4.64159e-06,hap:0.01,1,85.48530721282279,,0.0,0.0,2.9999999995311555e-06,0.0,True
mp-18717,T1,hap:0.01,1e-05,q_cut=0.5;alpha_rel=4.64159e-06,hap:0.01,1,85.48530721282279,,0.0,0.0,2.9999999995311555e-06,0.0,True
mp-18717,T1,hap:1,0.001,q_cut=0.5;alpha_rel=4.64159e-06,hap:1,1,85.48530721282279,,0.0,0.0,2.9999999995311555e-06,0.0,True
mp-18717,T1,hap:1,0.0001,q_cut=0.5;alpha_rel=4.64159e-06,hap:1,1,85.48530721282279,,0.0,0.0,2.9999999995311555e-06,0.0,True
mp-18717,T1,hap:1,1e-05,q_cut=0.5;alpha_rel=4.64159e-06,hap:1,1,85.48530721282279,,0.0,0.0,2.9999999995311555e-06,0.0,True
mp-18717,T1,ctp-uniform,0.001,q_cut=0.5;alpha_rel=4.64159e-06,U,1,85.78662562676861,unprojected,2.9999999995311555e-06,0.0,2.9999999995311555e-06,0.0,True
mp-18717,T1,ctp-uniform,0.0001,q_cut=0.5;alpha_rel=4.64159e-06,U,1,85.78662562676861,unprojected,2.9999999995311555e-06,0.0,2.9999999995311555e-06,0.0,True
mp-18717,T1,ctp-uniform,1e-05,q_cut=0.5;alpha_rel=4.64159e-06,U,1,85.78662562676861,unprojected,2.9999999995311555e-06,0.0,2.9999999995311555e-06,0.0,True
mp-18717,T1,ctp-hap:0.0001,0.001,q_cut=0.5;alpha_rel=4.64159e-06,U,1,85.78662562676861,unprojected,2.9999999995311555e-06,0.0,2.9999999995311555e-06,0.0,True
mp-18717,T1,ctp-hap:0.0001,0.0001,q_cut=0.5;alpha_rel=4.64159e-06,U,1,85.78662562676861,unprojected,2.9999999995311555e-06,0.0,2.9999999995311555e-06,0.0,True
mp-18717,T1,ctp-hap:0.0001,1e-05,q_cut=0.5;alpha_rel=4.64159e-06,U,1,85.78662562676861,unprojected,2.9999999995311555e-06,0.0,2.9999999995311555e-06,0.0,True
mp-18717,T1,ctp-hap:0.01,0.001,q_cut=0.5;alpha_rel=4.64159e-06,U,1,85.78662562676861,unprojected,2.9999999995311555e-06,0.0,2.9999999995311555e-06,0.0,True
mp-18717,T1,ctp-hap:0.01,0.0001,q_cut=0.5;alpha_rel=4.64159e-06,U,1,85.78662562676861,unprojected,2.9999999995311555e-06,0.0,2.9999999995311555e-06,0.0,True
mp-18717,T1,ctp-hap:0.01,1e-05,q_cut=0.5;alpha_rel=4.64159e-06,U,1,85.78662562676861,unprojected,2.9999999995311555e-06,0.0,2.9999999995311555e-06,0.0,True
mp-18717,T1,ctp-hap:1,0.001,q_cut=0.5;alpha_rel=4.64159e-06,U,1,85.78662562676861,unprojected,2.9999999995311555e-06,0.0,2.9999999995311555e-06,0.0,True
mp-18717,T1,ctp-hap:1,0.0001,q_cut=0.5;alpha_rel=4.64159e-06,U,1,85.78662562676861,unprojected,2.9999999995311555e-06,0.0,2.9999999995311555e-06,0.0,True
mp-18717,T1,ctp-hap:1,1e-05,q_cut=0.5;alpha_rel=4.64159e-06,U,1,85.78662562676861,unprojected,2.9999999995311555e-06,0.0,2.9999999995311555e-06,0.0,True
mp-18717,R3,none,0.001,tau=1e-06;k=0;margin=0.995,U,1,194.3101315641516,,2.000000000279556e-06,0.0,2.000000000279556e-06,0.0,True
mp-18717,R3,none,0.0001,tau=1e-06;k=0;margin=0.995,U,1,194.3101315641516,,2.000000000279556e-06,0.0,2.000000000279556e-06,0.0,True
mp-18717,R3,none,1e-05,tau=1e-06;k=0;margin=0.995,U,1,194.3101315641516,,2.000000000279556e-06,0.0,2.000000000279556e-06,0.0,True
mp-18717,R3,hap:0.0001,0.001,tau=1e-06;k=0;margin=0.995,hap:0.0001,1,192.7495817066369,,0.0,0.0,2.000000000279556e-06,0.0,True
mp-18717,R3,hap:0.0001,0.0001,tau=1e-06;k=0;margin=0.995,hap:0.0001,1,192.7495817066369,,0.0,0.0,2.000000000279556e-06,0.0,True
mp-18717,R3,hap:0.0001,1e-05,tau=1e-06;k=0;margin=0.995,hap:0.0001,1,192.7495817066369,,0.0,0.0,2.000000000279556e-06,0.0,True
mp-18717,R3,hap:0.01,0.001,tau=1e-06;k=0;margin=0.995,hap:0.01,1,192.7495817066369,,0.0,0.0,2.000000000279556e-06,0.0,True
mp-18717,R3,hap:0.01,0.0001,tau=1e-06;k=0;margin=0.995,hap:0.01,1,192.7495817066369,,0.0,0.0,2.000000000279556e-06,0.0,True
mp-18717,R3,hap:0.01,1e-05,tau=1e-06;k=0;margin=0.995,hap:0.01,1,192.7495817066369,,0.0,0.0,2.000000000279556e-06,0.0,True
mp-18717,R3,hap:1,0.001,tau=1e-06;k=0;margin=0.995,hap:1,1,192.7495817066369,,0.0,0.0,2.000000000279556e-06,0.0,True
mp-18717,R3,hap:1,0.0001,tau=1e-06;k=0;margin=0.995,hap:1,1,192.7495817066369,,0.0,0.0,2.000000000279556e-06,0.0,True
mp-18717,R3,hap:1,1e-05,tau=1e-06;k=0;margin=0.995,hap:1,1,192.7495817066369,,0.0,0.0,2.000000000279556e-06,0.0,True
mp-18717,R3,ctp-uniform,0.001,tau=1e-06;k=0;margin=0.995,U,1,194.288284236564,unprojected,2.000000000279556e-06,0.0,2.000000000279556e-06,0.0,True
mp-18717,R3,ctp-uniform,0.0001,tau=1e-06;k=0;margin=0.995,U,1,194.288284236564,unprojected,2.000000000279556e-06,0.0,2.000000000279556e-06,0.0,True
mp-18717,R3,ctp-uniform,1e-05,tau=1e-06;k=0;margin=0.995,U,1,194.288284236564,unprojected,2.000000000279556e-06,0.0,2.000000000279556e-06,0.0,True
mp-18717,R3,ctp-hap:0.0001,0.001,tau=1e-06;k=0;margin=0.995,U,1,194.288284236564,unprojected,2.000000000279556e-06,0.0,2.000000000279556e-06,0.0,True
mp-18717,R3,ctp-hap:0.0001,0.0001,tau=1e-06;k=0;margin=0.995,U,1,194.288284236564,unprojected,2.000000000279556e-06,0.0,2.000000000279556e-06,0.0,True
mp-18717,R3,ctp-hap:0.0001,1e-05,tau=1e-06;k=0;margin=0.995,U,1,194.288284236564,unprojected,2.000000000279556e-06,0.0,2.000000000279556e-06,0.0,True
mp-18717,R3,ctp-hap:0.01,0.001,tau=1e-06;k=0;margin=0.995,U,1,194.288284236564,unprojected,2.000000000279556e-06,0.0,2.000000000279556e-06,0.0,True
mp-18717,R3,ctp-hap:0.01,0.0001,tau=1e-06;k=0;margin=0.995,U,1,194.288284236564,unprojected,2.000000000279556e-06,0.0,2.000000000279556e-06,0.0,True
mp-18717,R3,ctp-hap:0.01,1e-05,tau=1e-06;k=0;margin=0.995,U,1,194.288284236564,unprojected,2.000000000279556e-06,0.0,2.000000000279556e-06,0.0,True
mp-18717,R3,ctp-hap:1,0.001,tau=1e-06;k=0;margin=0.995,U,1,194.288284236564,unprojected,2.000000000279556e-06,0.0,2.000000000279556e-06,0.0,True
mp-18717,R3,ctp-hap:1,0.0001,tau=1e-06;k=0;margin=0.995,U,1,194.288284236564,unprojected,2.000000000279556e-06,0.0,2.000000000279556e-06,0.0,True
mp-18717,R3,ctp-hap:1,1e-05,tau=1e-06;k=0;margin=0.995,U,1,194.288284236564,unprojected,2.000000000279556e-06,0.0,2.000000000279556e-06,0.0,True
mp-18717,GF,none,0.001,SPERR;tol_rel=4.64159e-06,U,1,19.10764637585006,,2.000000000279556e-06,0.0,2.000000000279556e-06,0.0,True
mp-18717,GF,none,0.0001,SPERR;tol_rel=4.64159e-06,U,1,19.10764637585006,,2.000000000279556e-06,0.0,2.000000000279556e-06,0.0,True
mp-18717,GF,none,1e-05,SPERR;tol_rel=4.64159e-06,U,1,19.10764637585006,,2.000000000279556e-06,0.0,2.000000000279556e-06,0.0,True
mp-18717,GF,uniform,0.001,SPERR;tol_rel=4.64159e-06,uniform,1,19.094133636835767,,0.0,0.0,2.000000000279556e-06,0.0,True
mp-18717,GF,uniform,0.0001,SPERR;tol_rel=4.64159e-06,uniform,1,19.094133636835767,,0.0,0.0,2.000000000279556e-06,0.0,True
mp-18717,GF,uniform,1e-05,SPERR;tol_rel=4.64159e-06,uniform,1,19.094133636835767,,0.0,0.0,2.000000000279556e-06,0.0,True
mp-18717,GF,hap:0.0001,0.001,SPERR;tol_rel=4.64159e-06,hap:0.0001,1,19.092445888163347,,0.0,0.0,2.000000000279556e-06,0.0,True
mp-18717,GF,hap:0.0001,0.0001,SPERR;tol_rel=4.64159e-06,hap:0.0001,1,19.092445888163347,,0.0,0.0,2.000000000279556e-06,0.0,True
mp-18717,GF,hap:0.0001,1e-05,SPERR;tol_rel=4.64159e-06,hap:0.0001,1,19.092445888163347,,0.0,0.0,2.000000000279556e-06,0.0,True
mp-18717,GF,hap:0.01,0.001,SPERR;tol_rel=4.64159e-06,hap:0.01,1,19.092445888163347,,0.0,0.0,2.000000000279556e-06,0.0,True
mp-18717,GF,hap:0.01,0.0001,SPERR;tol_rel=4.64159e-06,hap:0.01,1,19.092445888163347,,0.0,0.0,2.000000000279556e-06,0.0,True
mp-18717,GF,hap:0.01,1e-05,SPERR;tol_rel=4.64159e-06,hap:0.01,1,19.092445888163347,,0.0,0.0,2.000000000279556e-06,0.0,True
mp-18717,GF,hap:1,0.001,SPERR;tol_rel=4.64159e-06,hap:1,1,19.092445888163347,,0.0,0.0,2.000000000279556e-06,0.0,True
mp-18717,GF,hap:1,0.0001,SPERR;tol_rel=4.64159e-06,hap:1,1,19.092445888163347,,0.0,0.0,2.000000000279556e-06,0.0,True
mp-18717,GF,hap:1,1e-05,SPERR;tol_rel=4.64159e-06,hap:1,1,19.092445888163347,,0.0,0.0,2.000000000279556e-06,0.0,True
mp-18717,GF,ctp-uniform,0.001,SPERR;tol_rel=4.64159e-06,U,1,19.107435092219912,unprojected,2.000000000279556e-06,0.0,2.000000000279556e-06,0.0,True
mp-18717,GF,ctp-uniform,0.0001,SPERR;tol_rel=4.64159e-06,U,1,19.107435092219912,unprojected,2.000000000279556e-06,0.0,2.000000000279556e-06,0.0,True
mp-18717,GF,ctp-uniform,1e-05,SPERR;tol_rel=4.64159e-06,U,1,19.107435092219912,unprojected,2.000000000279556e-06,0.0,2.000000000279556e-06,0.0,True
mp-18717,GF,ctp-hap:0.0001,0.001,SPERR;tol_rel=4.64159e-06,U,1,19.107435092219912,unprojected,2.000000000279556e-06,0.0,2.000000000279556e-06,0.0,True
mp-18717,GF,ctp-hap:0.0001,0.0001,SPERR;tol_rel=4.64159e-06,U,1,19.107435092219912,unprojected,2.000000000279556e-06,0.0,2.000000000279556e-06,0.0,True
mp-18717,GF,ctp-hap:0.0001,1e-05,SPERR;tol_rel=4.64159e-06,U,1,19.107435092219912,unprojected,2.000000000279556e-06,0.0,2.000000000279556e-06,0.0,True
mp-18717,GF,ctp-hap:0.01,0.001,SPERR;tol_rel=4.64159e-06,U,1,19.107435092219912,unprojected,2.000000000279556e-06,0.0,2.000000000279556e-06,0.0,True
mp-18717,GF,ctp-hap:0.01,0.0001,SPERR;tol_rel=4.64159e-06,U,1,19.107435092219912,unprojected,2.000000000279556e-06,0.0,2.000000000279556e-06,0.0,True
mp-18717,GF,ctp-hap:0.01,1e-05,SPERR;tol_rel=4.64159e-06,U,1,19.107435092219912,unprojected,2.000000000279556e-06,0.0,2.000000000279556e-06,0.0,True
mp-18717,GF,ctp-hap:1,0.001,SPERR;tol_rel=4.64159e-06,U,1,19.107435092219912,unprojected,2.000000000279556e-06,0.0,2.000000000279556e-06,0.0,True
mp-18717,GF,ctp-hap:1,0.0001,SPERR;tol_rel=4.64159e-06,U,1,19.107435092219912,unprojected,2.000000000279556e-06,0.0,2.000000000279556e-06,0.0,True
mp-18717,GF,ctp-hap:1,1e-05,SPERR;tol_rel=4.64159e-06,U,1,19.107435092219912,unprojected,2.000000000279556e-06,0.0,2.000000000279556e-06,0.0,True
mp-2310284,J,none,0.001,alpha_rel=0.001,U,1,193.61344537815123,,3.999999998782755e-06,0.0,3.999999998782755e-06,0.0,True
mp-2310284,J,none,0.0001,alpha_rel=0.001,U,1,193.61344537815123,,3.999999998782755e-06,0.0,3.999999998782755e-06,0.0,True
mp-2310284,J,none,1e-05,alpha_rel=0.001,U,1,193.61344537815123,,3.999999998782755e-06,0.0,3.999999998782755e-06,0.0,True
mp-2310284,J,uniform,0.001,alpha_rel=0.001,uniform,1,192.60188087774296,,0.0,0.0,3.999999998782755e-06,0.0,True
mp-2310284,J,uniform,0.0001,alpha_rel=0.001,uniform,1,192.60188087774296,,0.0,0.0,3.999999998782755e-06,0.0,True
mp-2310284,J,uniform,1e-05,alpha_rel=0.001,uniform,1,192.60188087774296,,0.0,0.0,3.999999998782755e-06,0.0,True
mp-2310284,J,hap:0.0001,0.001,alpha_rel=0.001,hap:0.0001,1,192.50130548302872,,0.0,0.0,3.999999998782755e-06,0.0,True
mp-2310284,J,hap:0.0001,0.0001,alpha_rel=0.001,hap:0.0001,1,192.50130548302872,,0.0,0.0,3.999999998782755e-06,0.0,True
mp-2310284,J,hap:0.0001,1e-05,alpha_rel=0.001,hap:0.0001,1,192.50130548302872,,0.0,0.0,3.999999998782755e-06,0.0,True
mp-2310284,J,hap:0.01,0.001,alpha_rel=0.001,hap:0.01,1,192.50130548302872,,0.0,0.0,3.999999998782755e-06,0.0,True
mp-2310284,J,hap:0.01,0.0001,alpha_rel=0.001,hap:0.01,1,192.50130548302872,,0.0,0.0,3.999999998782755e-06,0.0,True
mp-2310284,J,hap:0.01,1e-05,alpha_rel=0.001,hap:0.01,1,192.50130548302872,,0.0,0.0,3.999999998782755e-06,0.0,True
mp-2310284,J,hap:1,0.001,alpha_rel=0.001,hap:1,1,192.50130548302872,,0.0,0.0,3.999999998782755e-06,0.0,True
mp-2310284,J,hap:1,0.0001,alpha_rel=0.001,hap:1,1,192.50130548302872,,0.0,0.0,3.999999998782755e-06,0.0,True
mp-2310284,J,hap:1,1e-05,alpha_rel=0.001,hap:1,1,192.50130548302872,,0.0,0.0,3.999999998782755e-06,0.0,True
mp-2310284,J,ctp-uniform,0.001,alpha_rel=0.001,U,1,193.60073524584783,unprojected,3.999999998782755e-06,0.0,3.999999998782755e-06,0.0,True
mp-2310284,J,ctp-uniform,0.0001,alpha_rel=0.001,U,1,193.60073524584783,unprojected,3.999999998782755e-06,0.0,3.999999998782755e-06,0.0,True
mp-2310284,J,ctp-uniform,1e-05,alpha_rel=0.001,U,1,193.60073524584783,unprojected,3.999999998782755e-06,0.0,3.999999998782755e-06,0.0,True
mp-2310284,J,ctp-hap:0.0001,0.001,alpha_rel=0.001,U,1,193.60073524584783,unprojected,3.999999998782755e-06,0.0,3.999999998782755e-06,0.0,True
mp-2310284,J,ctp-hap:0.0001,0.0001,alpha_rel=0.001,U,1,193.60073524584783,unprojected,3.999999998782755e-06,0.0,3.999999998782755e-06,0.0,True
mp-2310284,J,ctp-hap:0.0001,1e-05,alpha_rel=0.001,U,1,193.60073524584783,unprojected,3.999999998782755e-06,0.0,3.999999998782755e-06,0.0,True
mp-2310284,J,ctp-hap:0.01,0.001,alpha_rel=0.001,U,1,193.60073524584783,unprojected,3.999999998782755e-06,0.0,3.999999998782755e-06,0.0,True
mp-2310284,J,ctp-hap:0.01,0.0001,alpha_rel=0.001,U,1,193.60073524584783,unprojected,3.999999998782755e-06,0.0,3.999999998782755e-06,0.0,True
mp-2310284,J,ctp-hap:0.01,1e-05,alpha_rel=0.001,U,1,193.60073524584783,unprojected,3.999999998782755e-06,0.0,3.999999998782755e-06,0.0,True
mp-2310284,J,ctp-hap:1,0.001,alpha_rel=0.001,U,1,193.60073524584783,unprojected,3.999999998782755e-06,0.0,3.999999998782755e-06,0.0,True
mp-2310284,J,ctp-hap:1,0.0001,alpha_rel=0.001,U,1,193.60073524584783,unprojected,3.999999998782755e-06,0.0,3.999999998782755e-06,0.0,True
mp-2310284,J,ctp-hap:1,1e-05,alpha_rel=0.001,U,1,193.60073524584783,unprojected,3.999999998782755e-06,0.0,3.999999998782755e-06,0.0,True
mp-2310284,T1,none,0.001,q_cut=0.3;alpha_rel=1e-05,U,1,192.13759854062152,,2.19999999995224e-05,0.0,2.19999999995224e-05,0.0,True
mp-2310284,T1,none,0.0001,q_cut=0.3;alpha_rel=1e-05,U,1,192.13759854062152,,2.19999999995224e-05,0.0,2.19999999995224e-05,0.0,True
mp-2310284,T1,none,1e-05,q_cut=0.3;alpha_rel=1e-05,U,1,192.13759854062152,,2.19999999995224e-05,0.0,2.19999999995224e-05,0.0,False
mp-2310284,T1,none,1e-05,q_cut=0.3;alpha_rel=4.64159e-06,U,2,166.20378719567177,,1.199999999990098e-05,0.0,1.199999999990098e-05,0.0,False
mp-2310284,T1,none,1e-05,q_cut=0.3;alpha_rel=2.15443e-06,U,3,149.17147192716237,,1.3000000000928937e-05,0.0,1.3000000000928937e-05,0.0,False
mp-2310284,T1,none,1e-05,q_cut=0.3;alpha_rel=1e-06,U,4,138.56693135366254,,1.4000000000180536e-05,0.0,1.4000000000180536e-05,0.0,False
mp-2310284,T1,none,1e-05,q_cut=0.3;alpha_rel=4.64159e-07,U,5,130.10632196585345,,1.4000000000180536e-05,0.0,1.4000000000180536e-05,0.0,False
mp-2310284,T1,uniform,0.001,q_cut=0.3;alpha_rel=2.15443e-05,uniform,1,213.2870470817965,,0.0,0.0,1.4000000000180536e-05,0.0,True
mp-2310284,T1,uniform,0.0001,q_cut=0.3;alpha_rel=2.15443e-05,uniform,1,213.2870470817965,,0.0,0.0,1.4000000000180536e-05,0.0,True
mp-2310284,T1,uniform,1e-05,q_cut=0.3;alpha_rel=2.15443e-05,uniform,1,213.2870470817965,,0.0,0.0,1.4000000000180536e-05,0.0,True
mp-2310284,T1,hap:0.0001,0.001,q_cut=0.3;alpha_rel=1e-05,hap:0.0001,1,191.04230096521343,,0.0,0.0,2.19999999995224e-05,0.0,True
mp-2310284,T1,hap:0.0001,0.0001,q_cut=0.3;alpha_rel=1e-05,hap:0.0001,1,191.04230096521343,,0.0,0.0,2.19999999995224e-05,0.0,True
mp-2310284,T1,hap:0.0001,1e-05,q_cut=0.3;alpha_rel=1e-05,hap:0.0001,1,191.04230096521343,,0.0,0.0,2.19999999995224e-05,0.0,True
mp-2310284,T1,hap:0.01,0.001,q_cut=0.3;alpha_rel=1e-05,hap:0.01,1,191.04230096521343,,0.0,0.0,2.19999999995224e-05,0.0,True
mp-2310284,T1,hap:0.01,0.0001,q_cut=0.3;alpha_rel=1e-05,hap:0.01,1,191.04230096521343,,0.0,0.0,2.19999999995224e-05,0.0,True
mp-2310284,T1,hap:0.01,1e-05,q_cut=0.3;alpha_rel=1e-05,hap:0.01,1,191.04230096521343,,0.0,0.0,2.19999999995224e-05,0.0,True
mp-2310284,T1,hap:1,0.001,q_cut=0.3;alpha_rel=1e-05,hap:1,1,191.04230096521343,,0.0,0.0,2.19999999995224e-05,0.0,True
mp-2310284,T1,hap:1,0.0001,q_cut=0.3;alpha_rel=1e-05,hap:1,1,191.04230096521343,,0.0,0.0,2.19999999995224e-05,0.0,True
mp-2310284,T1,hap:1,1e-05,q_cut=0.3;alpha_rel=1e-05,hap:1,1,191.04230096521343,,0.0,0.0,2.19999999995224e-05,0.0,True
mp-2310284,T1,ctp-uniform,0.001,q_cut=0.3;alpha_rel=2.15443e-05,uniform,1,213.27162279433037,unprojected,,,1.4000000000180536e-05,0.0,False
mp-2310284,T1,ctp-uniform,0.001,q_cut=0.3;alpha_rel=1e-05,U,2,192.12508143322475,unprojected,2.19999999995224e-05,0.0,2.19999999995224e-05,0.0,True
mp-2310284,T1,ctp-uniform,0.0001,q_cut=0.3;alpha_rel=2.15443e-05,uniform,1,213.27162279433037,unprojected,,,1.4000000000180536e-05,0.0,False
mp-2310284,T1,ctp-uniform,0.0001,q_cut=0.3;alpha_rel=1e-05,U,2,192.12508143322475,unprojected,2.19999999995224e-05,0.0,2.19999999995224e-05,0.0,True
mp-2310284,T1,ctp-uniform,1e-05,q_cut=0.3;alpha_rel=2.15443e-05,uniform,1,213.27162279433037,projected,0.0,0.0,1.4000000000180536e-05,0.0,True
mp-2310284,T1,ctp-hap:0.0001,0.001,q_cut=0.3;alpha_rel=1e-05,U,1,192.12508143322475,unprojected,2.19999999995224e-05,0.0,2.19999999995224e-05,0.0,True
mp-2310284,T1,ctp-hap:0.0001,0.0001,q_cut=0.3;alpha_rel=1e-05,U,1,192.12508143322475,unprojected,2.19999999995224e-05,0.0,2.19999999995224e-05,0.0,True
mp-2310284,T1,ctp-hap:0.0001,1e-05,q_cut=0.3;alpha_rel=1e-05,U,1,192.12508143322475,projected,2.19999999995224e-05,0.0,2.19999999995224e-05,0.0,False
mp-2310284,T1,ctp-hap:0.0001,1e-05,q_cut=0.3;alpha_rel=1e-05,hap:0.0001,2,191.02992615623785,projected,0.0,0.0,2.19999999995224e-05,0.0,True
mp-2310284,T1,ctp-hap:0.01,0.001,q_cut=0.3;alpha_rel=1e-05,U,1,192.12508143322475,unprojected,2.19999999995224e-05,0.0,2.19999999995224e-05,0.0,True
mp-2310284,T1,ctp-hap:0.01,0.0001,q_cut=0.3;alpha_rel=1e-05,U,1,192.12508143322475,unprojected,2.19999999995224e-05,0.0,2.19999999995224e-05,0.0,True
mp-2310284,T1,ctp-hap:0.01,1e-05,q_cut=0.3;alpha_rel=1e-05,U,1,192.12508143322475,projected,2.19999999995224e-05,0.0,2.19999999995224e-05,0.0,False
mp-2310284,T1,ctp-hap:0.01,1e-05,q_cut=0.3;alpha_rel=1e-05,hap:0.01,2,191.02992615623785,projected,0.0,0.0,2.19999999995224e-05,0.0,True
mp-2310284,T1,ctp-hap:1,0.001,q_cut=0.3;alpha_rel=1e-05,U,1,192.12508143322475,unprojected,2.19999999995224e-05,0.0,2.19999999995224e-05,0.0,True
mp-2310284,T1,ctp-hap:1,0.0001,q_cut=0.3;alpha_rel=1e-05,U,1,192.12508143322475,unprojected,2.19999999995224e-05,0.0,2.19999999995224e-05,0.0,True
mp-2310284,T1,ctp-hap:1,1e-05,q_cut=0.3;alpha_rel=1e-05,U,1,192.12508143322475,projected,2.19999999995224e-05,0.0,2.19999999995224e-05,0.0,False
mp-2310284,T1,ctp-hap:1,1e-05,q_cut=0.3;alpha_rel=1e-05,hap:1,2,191.02992615623785,projected,0.0,0.0,2.19999999995224e-05,0.0,True
mp-2310284,R3,none,0.001,tau=1e-06;k=0;margin=0.995,U,1,283.54196711854627,,6.000000000838668e-06,0.0,6.000000000838668e-06,0.0,True
mp-2310284,R3,none,0.0001,tau=1e-06;k=0;margin=0.995,U,1,283.54196711854627,,6.000000000838668e-06,0.0,6.000000000838668e-06,0.0,True
mp-2310284,R3,none,1e-05,tau=1e-06;k=0;margin=0.995,U,1,283.54196711854627,,6.000000000838668e-06,0.0,6.000000000838668e-06,0.0,True
mp-2310284,R3,hap:0.0001,0.001,tau=1e-06;k=0;margin=0.995,hap:0.0001,1,281.1631232719992,,0.0,0.0,6.000000000838668e-06,0.0,True
mp-2310284,R3,hap:0.0001,0.0001,tau=1e-06;k=0;margin=0.995,hap:0.0001,1,281.1631232719992,,0.0,0.0,6.000000000838668e-06,0.0,True
mp-2310284,R3,hap:0.0001,1e-05,tau=1e-06;k=0;margin=0.995,hap:0.0001,1,281.1631232719992,,0.0,0.0,6.000000000838668e-06,0.0,True
mp-2310284,R3,hap:0.01,0.001,tau=1e-06;k=0;margin=0.995,hap:0.01,1,281.1631232719992,,0.0,0.0,6.000000000838668e-06,0.0,True
mp-2310284,R3,hap:0.01,0.0001,tau=1e-06;k=0;margin=0.995,hap:0.01,1,281.1631232719992,,0.0,0.0,6.000000000838668e-06,0.0,True
mp-2310284,R3,hap:0.01,1e-05,tau=1e-06;k=0;margin=0.995,hap:0.01,1,281.1631232719992,,0.0,0.0,6.000000000838668e-06,0.0,True
mp-2310284,R3,hap:1,0.001,tau=1e-06;k=1;margin=0.990025,hap:1,1,281.13632030505244,,0.0,0.0,4.999999999810711e-06,0.0,True
mp-2310284,R3,hap:1,0.0001,tau=1e-06;k=1;margin=0.990025,hap:1,1,281.13632030505244,,0.0,0.0,4.999999999810711e-06,0.0,True
mp-2310284,R3,hap:1,1e-05,tau=1e-06;k=1;margin=0.990025,hap:1,1,281.13632030505244,,0.0,0.0,4.999999999810711e-06,0.0,True
mp-2310284,R3,ctp-uniform,0.001,tau=1e-06;k=0;margin=0.995,U,1,283.5147087098635,unprojected,6.000000000838668e-06,0.0,6.000000000838668e-06,0.0,True
mp-2310284,R3,ctp-uniform,0.0001,tau=1e-06;k=0;margin=0.995,U,1,283.5147087098635,unprojected,6.000000000838668e-06,0.0,6.000000000838668e-06,0.0,True
mp-2310284,R3,ctp-uniform,1e-05,tau=1e-06;k=0;margin=0.995,U,1,283.5147087098635,unprojected,6.000000000838668e-06,0.0,6.000000000838668e-06,0.0,True
mp-2310284,R3,ctp-hap:0.0001,0.001,tau=1e-06;k=0;margin=0.995,U,1,283.5147087098635,unprojected,6.000000000838668e-06,0.0,6.000000000838668e-06,0.0,True
mp-2310284,R3,ctp-hap:0.0001,0.0001,tau=1e-06;k=0;margin=0.995,U,1,283.5147087098635,unprojected,6.000000000838668e-06,0.0,6.000000000838668e-06,0.0,True
mp-2310284,R3,ctp-hap:0.0001,1e-05,tau=1e-06;k=0;margin=0.995,U,1,283.5147087098635,unprojected,6.000000000838668e-06,0.0,6.000000000838668e-06,0.0,True
mp-2310284,R3,ctp-hap:0.01,0.001,tau=1e-06;k=0;margin=0.995,U,1,283.5147087098635,unprojected,6.000000000838668e-06,0.0,6.000000000838668e-06,0.0,True
mp-2310284,R3,ctp-hap:0.01,0.0001,tau=1e-06;k=0;margin=0.995,U,1,283.5147087098635,unprojected,6.000000000838668e-06,0.0,6.000000000838668e-06,0.0,True
mp-2310284,R3,ctp-hap:0.01,1e-05,tau=1e-06;k=0;margin=0.995,U,1,283.5147087098635,unprojected,6.000000000838668e-06,0.0,6.000000000838668e-06,0.0,True
mp-2310284,R3,ctp-hap:1,0.001,tau=1e-06;k=0;margin=0.995,U,1,283.5147087098635,unprojected,6.000000000838668e-06,0.0,6.000000000838668e-06,0.0,True
mp-2310284,R3,ctp-hap:1,0.0001,tau=1e-06;k=0;margin=0.995,U,1,283.5147087098635,unprojected,6.000000000838668e-06,0.0,6.000000000838668e-06,0.0,True
mp-2310284,R3,ctp-hap:1,1e-05,tau=1e-06;k=0;margin=0.995,U,1,283.5147087098635,unprojected,6.000000000838668e-06,0.0,6.000000000838668e-06,0.0,True
mp-2310284,GF,none,0.001,ZFP;tol_rel=0.0001,U,1,15.946016091357384,,5.999999999950489e-06,0.0,5.999999999950489e-06,0.0,True
mp-2310284,GF,none,0.0001,ZFP;tol_rel=0.0001,U,1,15.946016091357384,,5.999999999950489e-06,0.0,5.999999999950489e-06,0.0,True
mp-2310284,GF,none,1e-05,ZFP;tol_rel=0.0001,U,1,15.946016091357384,,5.999999999950489e-06,0.0,5.999999999950489e-06,0.0,True
mp-2310284,GF,uniform,0.001,ZFP;tol_rel=0.0001,uniform,1,15.939121411276377,,0.0,0.0,5.999999999950489e-06,0.0,True
mp-2310284,GF,uniform,0.0001,ZFP;tol_rel=0.0001,uniform,1,15.939121411276377,,0.0,0.0,5.999999999950489e-06,0.0,True
mp-2310284,GF,uniform,1e-05,ZFP;tol_rel=0.0001,uniform,1,15.939121411276377,,0.0,0.0,5.999999999950489e-06,0.0,True
mp-2310284,GF,hap:0.0001,0.001,ZFP;tol_rel=0.0001,hap:0.0001,1,15.938432271174715,,0.0,0.0,5.999999999950489e-06,0.0,True
mp-2310284,GF,hap:0.0001,0.0001,ZFP;tol_rel=0.0001,hap:0.0001,1,15.938432271174715,,0.0,0.0,5.999999999950489e-06,0.0,True
mp-2310284,GF,hap:0.0001,1e-05,ZFP;tol_rel=0.0001,hap:0.0001,1,15.938432271174715,,0.0,0.0,5.999999999950489e-06,0.0,True
mp-2310284,GF,hap:0.01,0.001,ZFP;tol_rel=0.0001,hap:0.01,1,15.938432271174715,,0.0,0.0,5.999999999950489e-06,0.0,True
mp-2310284,GF,hap:0.01,0.0001,ZFP;tol_rel=0.0001,hap:0.01,1,15.938432271174715,,0.0,0.0,5.999999999950489e-06,0.0,True
mp-2310284,GF,hap:0.01,1e-05,ZFP;tol_rel=0.0001,hap:0.01,1,15.938432271174715,,0.0,0.0,5.999999999950489e-06,0.0,True
mp-2310284,GF,hap:1,0.001,ZFP;tol_rel=0.0001,hap:1,1,15.938432271174715,,0.0,0.0,5.999999999950489e-06,0.0,True
mp-2310284,GF,hap:1,0.0001,ZFP;tol_rel=0.0001,hap:1,1,15.938432271174715,,0.0,0.0,5.999999999950489e-06,0.0,True
mp-2310284,GF,hap:1,1e-05,ZFP;tol_rel=0.0001,hap:1,1,15.938432271174715,,0.0,0.0,5.999999999950489e-06,0.0,True
mp-2310284,GF,ctp-uniform,0.001,ZFP;tol_rel=0.0001,U,1,15.945929871042743,unprojected,5.999999999950489e-06,0.0,5.999999999950489e-06,0.0,True
mp-2310284,GF,ctp-uniform,0.0001,ZFP;tol_rel=0.0001,U,1,15.945929871042743,unprojected,5.999999999950489e-06,0.0,5.999999999950489e-06,0.0,True
mp-2310284,GF,ctp-uniform,1e-05,ZFP;tol_rel=0.0001,U,1,15.945929871042743,unprojected,5.999999999950489e-06,0.0,5.999999999950489e-06,0.0,True
mp-2310284,GF,ctp-hap:0.0001,0.001,ZFP;tol_rel=0.0001,U,1,15.945929871042743,unprojected,5.999999999950489e-06,0.0,5.999999999950489e-06,0.0,True
mp-2310284,GF,ctp-hap:0.0001,0.0001,ZFP;tol_rel=0.0001,U,1,15.945929871042743,unprojected,5.999999999950489e-06,0.0,5.999999999950489e-06,0.0,True
mp-2310284,GF,ctp-hap:0.0001,1e-05,ZFP;tol_rel=0.0001,U,1,15.945929871042743,unprojected,5.999999999950489e-06,0.0,5.999999999950489e-06,0.0,True
mp-2310284,GF,ctp-hap:0.01,0.001,ZFP;tol_rel=0.0001,U,1,15.945929871042743,unprojected,5.999999999950489e-06,0.0,5.999999999950489e-06,0.0,True
mp-2310284,GF,ctp-hap:0.01,0.0001,ZFP;tol_rel=0.0001,U,1,15.945929871042743,unprojected,5.999999999950489e-06,0.0,5.999999999950489e-06,0.0,True
mp-2310284,GF,ctp-hap:0.01,1e-05,ZFP;tol_rel=0.0001,U,1,15.945929871042743,unprojected,5.999999999950489e-06,0.0,5.999999999950489e-06,0.0,True
mp-2310284,GF,ctp-hap:1,0.001,ZFP;tol_rel=0.0001,U,1,15.945929871042743,unprojected,5.999999999950489e-06,0.0,5.999999999950489e-06,0.0,True
mp-2310284,GF,ctp-hap:1,0.0001,ZFP;tol_rel=0.0001,U,1,15.945929871042743,unprojected,5.999999999950489e-06,0.0,5.999999999950489e-06,0.0,True
mp-2310284,GF,ctp-hap:1,1e-05,ZFP;tol_rel=0.0001,U,1,15.945929871042743,unprojected,5.999999999950489e-06,0.0,5.999999999950489e-06,0.0,True
mp-2604569,J,none,0.001,alpha_rel=0.001,U,1,289.4472361809045,,5.000000001587068e-06,0.0,5.000000001587068e-06,0.0,True
mp-2604569,J,none,0.0001,alpha_rel=0.001,U,1,289.4472361809045,,5.000000001587068e-06,0.0,5.000000001587068e-06,0.0,True
mp-2604569,J,none,1e-05,alpha_rel=0.001,U,1,289.4472361809045,,5.000000001587068e-06,0.0,5.000000001587068e-06,0.0,True
mp-2604569,J,uniform,0.001,alpha_rel=0.000464159,uniform,1,219.79406420351305,,0.0,0.0,4.000000000559112e-06,0.0,True
mp-2604569,J,uniform,0.0001,alpha_rel=0.000464159,uniform,1,219.79406420351305,,0.0,0.0,4.000000000559112e-06,0.0,True
mp-2604569,J,uniform,1e-05,alpha_rel=0.000464159,uniform,1,219.79406420351305,,0.0,0.0,4.000000000559112e-06,0.0,True
mp-2604569,J,hap:0.0001,0.001,alpha_rel=0.001,hap:0.0001,1,288.06858775899025,,0.0,0.0,5.000000001587068e-06,0.0,True
mp-2604569,J,hap:0.0001,0.0001,alpha_rel=0.001,hap:0.0001,1,288.06858775899025,,0.0,0.0,5.000000001587068e-06,0.0,True
mp-2604569,J,hap:0.0001,1e-05,alpha_rel=0.001,hap:0.0001,1,288.06858775899025,,0.0,0.0,5.000000001587068e-06,0.0,True
mp-2604569,J,hap:0.01,0.001,alpha_rel=0.001,hap:0.01,1,288.06858775899025,,0.0,0.0,5.000000001587068e-06,0.0,True
mp-2604569,J,hap:0.01,0.0001,alpha_rel=0.001,hap:0.01,1,288.06858775899025,,0.0,0.0,5.000000001587068e-06,0.0,True
mp-2604569,J,hap:0.01,1e-05,alpha_rel=0.001,hap:0.01,1,288.06858775899025,,0.0,0.0,5.000000001587068e-06,0.0,True
mp-2604569,J,hap:1,0.001,alpha_rel=0.001,hap:1,1,288.06858775899025,,0.0,0.0,5.000000001587068e-06,0.0,True
mp-2604569,J,hap:1,0.0001,alpha_rel=0.001,hap:1,1,288.06858775899025,,0.0,0.0,5.000000001587068e-06,0.0,True
mp-2604569,J,hap:1,1e-05,alpha_rel=0.001,hap:1,1,288.06858775899025,,0.0,0.0,5.000000001587068e-06,0.0,True
mp-2604569,J,ctp-uniform,0.001,alpha_rel=0.001,U,1,289.4356929212363,unprojected,5.000000001587068e-06,0.0,5.000000001587068e-06,0.0,True
mp-2604569,J,ctp-uniform,0.0001,alpha_rel=0.001,U,1,289.4356929212363,unprojected,5.000000001587068e-06,0.0,5.000000001587068e-06,0.0,True
mp-2604569,J,ctp-uniform,1e-05,alpha_rel=0.001,U,1,289.4356929212363,unprojected,5.000000001587068e-06,0.0,5.000000001587068e-06,0.0,True
mp-2604569,J,ctp-hap:0.0001,0.001,alpha_rel=0.001,U,1,289.4356929212363,unprojected,5.000000001587068e-06,0.0,5.000000001587068e-06,0.0,True
mp-2604569,J,ctp-hap:0.0001,0.0001,alpha_rel=0.001,U,1,289.4356929212363,unprojected,5.000000001587068e-06,0.0,5.000000001587068e-06,0.0,True
mp-2604569,J,ctp-hap:0.0001,1e-05,alpha_rel=0.001,U,1,289.4356929212363,unprojected,5.000000001587068e-06,0.0,5.000000001587068e-06,0.0,True
mp-2604569,J,ctp-hap:0.01,0.001,alpha_rel=0.001,U,1,289.4356929212363,unprojected,5.000000001587068e-06,0.0,5.000000001587068e-06,0.0,True
mp-2604569,J,ctp-hap:0.01,0.0001,alpha_rel=0.001,U,1,289.4356929212363,unprojected,5.000000001587068e-06,0.0,5.000000001587068e-06,0.0,True
mp-2604569,J,ctp-hap:0.01,1e-05,alpha_rel=0.001,U,1,289.4356929212363,unprojected,5.000000001587068e-06,0.0,5.000000001587068e-06,0.0,True
mp-2604569,J,ctp-hap:1,0.001,alpha_rel=0.001,U,1,289.4356929212363,unprojected,5.000000001587068e-06,0.0,5.000000001587068e-06,0.0,True
mp-2604569,J,ctp-hap:1,0.0001,alpha_rel=0.001,U,1,289.4356929212363,unprojected,5.000000001587068e-06,0.0,5.000000001587068e-06,0.0,True
mp-2604569,J,ctp-hap:1,1e-05,alpha_rel=0.001,U,1,289.4356929212363,unprojected,5.000000001587068e-06,0.0,5.000000001587068e-06,0.0,True
mp-2604569,T1,none,0.001,q_cut=0.3;alpha_rel=1e-05,U,1,265.04035350399886,,4.000000000559112e-06,0.0,4.000000000559112e-06,0.0,True
mp-2604569,T1,none,0.0001,q_cut=0.3;alpha_rel=1e-05,U,1,265.04035350399886,,4.000000000559112e-06,0.0,4.000000000559112e-06,0.0,True
mp-2604569,T1,none,1e-05,q_cut=0.3;alpha_rel=1e-05,U,1,265.04035350399886,,4.000000000559112e-06,0.0,4.000000000559112e-06,0.0,True
mp-2604569,T1,uniform,0.001,q_cut=0.5;alpha_rel=1e-05,uniform,1,117.9598868770926,,0.0,0.0,2.000000000279556e-06,0.0,True
mp-2604569,T1,uniform,0.0001,q_cut=0.5;alpha_rel=1e-05,uniform,1,117.9598868770926,,0.0,0.0,2.000000000279556e-06,0.0,True
mp-2604569,T1,uniform,1e-05,q_cut=0.5;alpha_rel=1e-05,uniform,1,117.9598868770926,,0.0,0.0,2.000000000279556e-06,0.0,True
mp-2604569,T1,hap:0.0001,0.001,q_cut=0.3;alpha_rel=1e-05,hap:0.0001,1,263.8839399338254,,0.0,0.0,4.000000000559112e-06,0.0,True
mp-2604569,T1,hap:0.0001,0.0001,q_cut=0.3;alpha_rel=1e-05,hap:0.0001,1,263.8839399338254,,0.0,0.0,4.000000000559112e-06,0.0,True
mp-2604569,T1,hap:0.0001,1e-05,q_cut=0.3;alpha_rel=1e-05,hap:0.0001,1,263.8839399338254,,0.0,0.0,4.000000000559112e-06,0.0,True
mp-2604569,T1,hap:0.01,0.001,q_cut=0.3;alpha_rel=1e-05,hap:0.01,1,263.8839399338254,,0.0,0.0,4.000000000559112e-06,0.0,True
mp-2604569,T1,hap:0.01,0.0001,q_cut=0.3;alpha_rel=1e-05,hap:0.01,1,263.8839399338254,,0.0,0.0,4.000000000559112e-06,0.0,True
mp-2604569,T1,hap:0.01,1e-05,q_cut=0.3;alpha_rel=1e-05,hap:0.01,1,263.8839399338254,,0.0,0.0,4.000000000559112e-06,0.0,True
mp-2604569,T1,hap:1,0.001,q_cut=0.3;alpha_rel=1e-05,hap:1,1,263.8839399338254,,0.0,0.0,4.000000000559112e-06,0.0,True
mp-2604569,T1,hap:1,0.0001,q_cut=0.3;alpha_rel=1e-05,hap:1,1,263.8839399338254,,0.0,0.0,4.000000000559112e-06,0.0,True
mp-2604569,T1,hap:1,1e-05,q_cut=0.3;alpha_rel=1e-05,hap:1,1,263.8839399338254,,0.0,0.0,4.000000000559112e-06,0.0,True
mp-2604569,T1,ctp-uniform,0.001,q_cut=0.3;alpha_rel=1e-05,U,1,265.03067484662574,unprojected,4.000000000559112e-06,0.0,4.000000000559112e-06,0.0,True
mp-2604569,T1,ctp-uniform,0.0001,q_cut=0.3;alpha_rel=1e-05,U,1,265.03067484662574,unprojected,4.000000000559112e-06,0.0,4.000000000559112e-06,0.0,True
mp-2604569,T1,ctp-uniform,1e-05,q_cut=0.3;alpha_rel=1e-05,U,1,265.03067484662574,unprojected,4.000000000559112e-06,0.0,4.000000000559112e-06,0.0,True
mp-2604569,T1,ctp-hap:0.0001,0.001,q_cut=0.3;alpha_rel=1e-05,U,1,265.03067484662574,unprojected,4.000000000559112e-06,0.0,4.000000000559112e-06,0.0,True
mp-2604569,T1,ctp-hap:0.0001,0.0001,q_cut=0.3;alpha_rel=1e-05,U,1,265.03067484662574,unprojected,4.000000000559112e-06,0.0,4.000000000559112e-06,0.0,True
mp-2604569,T1,ctp-hap:0.0001,1e-05,q_cut=0.3;alpha_rel=1e-05,U,1,265.03067484662574,unprojected,4.000000000559112e-06,0.0,4.000000000559112e-06,0.0,True
mp-2604569,T1,ctp-hap:0.01,0.001,q_cut=0.3;alpha_rel=1e-05,U,1,265.03067484662574,unprojected,4.000000000559112e-06,0.0,4.000000000559112e-06,0.0,True
mp-2604569,T1,ctp-hap:0.01,0.0001,q_cut=0.3;alpha_rel=1e-05,U,1,265.03067484662574,unprojected,4.000000000559112e-06,0.0,4.000000000559112e-06,0.0,True
mp-2604569,T1,ctp-hap:0.01,1e-05,q_cut=0.3;alpha_rel=1e-05,U,1,265.03067484662574,unprojected,4.000000000559112e-06,0.0,4.000000000559112e-06,0.0,True
mp-2604569,T1,ctp-hap:1,0.001,q_cut=0.3;alpha_rel=1e-05,U,1,265.03067484662574,unprojected,4.000000000559112e-06,0.0,4.000000000559112e-06,0.0,True
mp-2604569,T1,ctp-hap:1,0.0001,q_cut=0.3;alpha_rel=1e-05,U,1,265.03067484662574,unprojected,4.000000000559112e-06,0.0,4.000000000559112e-06,0.0,True
mp-2604569,T1,ctp-hap:1,1e-05,q_cut=0.3;alpha_rel=1e-05,U,1,265.03067484662574,unprojected,4.000000000559112e-06,0.0,4.000000000559112e-06,0.0,True
mp-2604569,R3,none,0.001,tau=1e-06;k=0;margin=0.995,U,1,381.7980956389079,,1.100000000064938e-05,0.0,1.100000000064938e-05,0.0,True
mp-2604569,R3,none,0.0001,tau=1e-06;k=0;margin=0.995,U,1,381.7980956389079,,1.100000000064938e-05,0.0,1.100000000064938e-05,0.0,True
mp-2604569,R3,none,1e-05,tau=1e-06;k=0;margin=0.995,U,1,381.7980956389079,,1.100000000064938e-05,0.0,1.100000000064938e-05,0.0,False
mp-2604569,R3,none,1e-05,tau=1e-06;k=1;margin=0.990025,U,2,381.1764705882353,,9.000000000369823e-06,0.0,9.000000000369823e-06,0.0,True
mp-2604569,R3,hap:0.0001,0.001,tau=1e-06;k=0;margin=0.995,hap:0.0001,1,379.4030006795964,,0.0,0.0,1.100000000064938e-05,0.0,True
mp-2604569,R3,hap:0.0001,0.0001,tau=1e-06;k=0;margin=0.995,hap:0.0001,1,379.4030006795964,,0.0,0.0,1.100000000064938e-05,0.0,True
mp-2604569,R3,hap:0.0001,1e-05,tau=1e-06;k=0;margin=0.995,hap:0.0001,1,379.4030006795964,,0.0,0.0,1.100000000064938e-05,0.0,True
mp-2604569,R3,hap:0.01,0.001,tau=1e-06;k=0;margin=0.995,hap:0.01,1,379.4030006795964,,0.0,0.0,1.100000000064938e-05,0.0,True
mp-2604569,R3,hap:0.01,0.0001,tau=1e-06;k=0;margin=0.995,hap:0.01,1,379.4030006795964,,0.0,0.0,1.100000000064938e-05,0.0,True
mp-2604569,R3,hap:0.01,1e-05,tau=1e-06;k=0;margin=0.995,hap:0.01,1,379.4030006795964,,0.0,0.0,1.100000000064938e-05,0.0,True
mp-2604569,R3,hap:1,0.001,tau=1e-06;k=2;margin=0.985074875,hap:1,1,378.17727059559166,,0.0,0.0,7.999999999341867e-06,0.0,True
mp-2604569,R3,hap:1,0.0001,tau=1e-06;k=2;margin=0.985074875,hap:1,1,378.17727059559166,,0.0,0.0,7.999999999341867e-06,0.0,True
mp-2604569,R3,hap:1,1e-05,tau=1e-06;k=2;margin=0.985074875,hap:1,1,378.17727059559166,,0.0,0.0,7.999999999341867e-06,0.0,True
mp-2604569,R3,ctp-uniform,0.001,tau=1e-06;k=0;margin=0.995,U,1,381.7780115728564,unprojected,1.100000000064938e-05,0.0,1.100000000064938e-05,0.0,True
mp-2604569,R3,ctp-uniform,0.0001,tau=1e-06;k=0;margin=0.995,U,1,381.7780115728564,unprojected,1.100000000064938e-05,0.0,1.100000000064938e-05,0.0,True
mp-2604569,R3,ctp-uniform,1e-05,tau=1e-06;k=0;margin=0.995,U,1,381.7780115728564,projected,1.100000000064938e-05,0.0,1.100000000064938e-05,0.0,False
mp-2604569,R3,ctp-uniform,1e-05,tau=1e-06;k=1;margin=0.990025,U,2,381.1564518670238,unprojected,9.000000000369823e-06,0.0,9.000000000369823e-06,0.0,True
mp-2604569,R3,ctp-hap:0.0001,0.001,tau=1e-06;k=0;margin=0.995,U,1,381.7780115728564,unprojected,1.100000000064938e-05,0.0,1.100000000064938e-05,0.0,True
mp-2604569,R3,ctp-hap:0.0001,0.0001,tau=1e-06;k=0;margin=0.995,U,1,381.7780115728564,unprojected,1.100000000064938e-05,0.0,1.100000000064938e-05,0.0,True
mp-2604569,R3,ctp-hap:0.0001,1e-05,tau=1e-06;k=0;margin=0.995,U,1,381.7780115728564,projected,1.100000000064938e-05,0.0,1.100000000064938e-05,0.0,False
mp-2604569,R3,ctp-hap:0.0001,1e-05,tau=1e-06;k=1;margin=0.990025,U,2,381.1564518670238,unprojected,9.000000000369823e-06,0.0,9.000000000369823e-06,0.0,True
mp-2604569,R3,ctp-hap:0.01,0.001,tau=1e-06;k=0;margin=0.995,U,1,381.7780115728564,unprojected,1.100000000064938e-05,0.0,1.100000000064938e-05,0.0,True
mp-2604569,R3,ctp-hap:0.01,0.0001,tau=1e-06;k=0;margin=0.995,U,1,381.7780115728564,unprojected,1.100000000064938e-05,0.0,1.100000000064938e-05,0.0,True
mp-2604569,R3,ctp-hap:0.01,1e-05,tau=1e-06;k=0;margin=0.995,U,1,381.7780115728564,projected,1.100000000064938e-05,0.0,1.100000000064938e-05,0.0,False
mp-2604569,R3,ctp-hap:0.01,1e-05,tau=1e-06;k=1;margin=0.990025,U,2,381.1564518670238,unprojected,9.000000000369823e-06,0.0,9.000000000369823e-06,0.0,True
mp-2604569,R3,ctp-hap:1,0.001,tau=1e-06;k=0;margin=0.995,U,1,381.7780115728564,unprojected,1.100000000064938e-05,0.0,1.100000000064938e-05,0.0,True
mp-2604569,R3,ctp-hap:1,0.0001,tau=1e-06;k=0;margin=0.995,U,1,381.7780115728564,unprojected,1.100000000064938e-05,0.0,1.100000000064938e-05,0.0,True
mp-2604569,R3,ctp-hap:1,1e-05,tau=1e-06;k=0;margin=0.995,U,1,381.7780115728564,projected,1.100000000064938e-05,0.0,1.100000000064938e-05,0.0,False
mp-2604569,R3,ctp-hap:1,1e-05,tau=1e-06;k=1;margin=0.990025,U,2,381.1564518670238,unprojected,9.000000000369823e-06,0.0,9.000000000369823e-06,0.0,True
mp-2604569,GF,none,0.001,ZFP;tol_rel=2.15443e-05,U,1,12.94649865140639,,2.000000000279556e-06,0.0,2.000000000279556e-06,0.0,True
mp-2604569,GF,none,0.0001,ZFP;tol_rel=2.15443e-05,U,1,12.94649865140639,,2.000000000279556e-06,0.0,2.000000000279556e-06,0.0,True
mp-2604569,GF,none,1e-05,ZFP;tol_rel=2.15443e-05,U,1,12.94649865140639,,2.000000000279556e-06,0.0,2.000000000279556e-06,0.0,True
mp-2604569,GF,uniform,0.001,ZFP;tol_rel=4.64159e-05,uniform,1,15.129582068643474,,0.0,0.0,4.000000000559112e-06,0.0,True
mp-2604569,GF,uniform,0.0001,ZFP;tol_rel=4.64159e-05,uniform,1,15.129582068643474,,0.0,0.0,4.000000000559112e-06,0.0,True
mp-2604569,GF,uniform,1e-05,ZFP;tol_rel=4.64159e-05,uniform,1,15.129582068643474,,0.0,0.0,4.000000000559112e-06,0.0,True
mp-2604569,GF,hap:0.0001,0.001,ZFP;tol_rel=2.15443e-05,hap:0.0001,1,12.94372788494464,,0.0,0.0,2.000000000279556e-06,0.0,True
mp-2604569,GF,hap:0.0001,0.0001,ZFP;tol_rel=2.15443e-05,hap:0.0001,1,12.94372788494464,,0.0,0.0,2.000000000279556e-06,0.0,True
mp-2604569,GF,hap:0.0001,1e-05,ZFP;tol_rel=2.15443e-05,hap:0.0001,1,12.94372788494464,,0.0,0.0,2.000000000279556e-06,0.0,True
mp-2604569,GF,hap:0.01,0.001,ZFP;tol_rel=2.15443e-05,hap:0.01,1,12.94372788494464,,0.0,0.0,2.000000000279556e-06,0.0,True
mp-2604569,GF,hap:0.01,0.0001,ZFP;tol_rel=2.15443e-05,hap:0.01,1,12.94372788494464,,0.0,0.0,2.000000000279556e-06,0.0,True
mp-2604569,GF,hap:0.01,1e-05,ZFP;tol_rel=2.15443e-05,hap:0.01,1,12.94372788494464,,0.0,0.0,2.000000000279556e-06,0.0,True
mp-2604569,GF,hap:1,0.001,ZFP;tol_rel=2.15443e-05,hap:1,1,12.94372788494464,,0.0,0.0,2.000000000279556e-06,0.0,True
mp-2604569,GF,hap:1,0.0001,ZFP;tol_rel=2.15443e-05,hap:1,1,12.94372788494464,,0.0,0.0,2.000000000279556e-06,0.0,True
mp-2604569,GF,hap:1,1e-05,ZFP;tol_rel=2.15443e-05,hap:1,1,12.94372788494464,,0.0,0.0,2.000000000279556e-06,0.0,True
mp-2604569,GF,ctp-uniform,0.001,ZFP;tol_rel=4.64159e-05,uniform,1,15.129550528771286,unprojected,,,4.000000000559112e-06,0.0,False
mp-2604569,GF,ctp-uniform,0.001,ZFP;tol_rel=2.15443e-05,U,2,12.946475556784431,unprojected,2.000000000279556e-06,0.0,2.000000000279556e-06,0.0,True
mp-2604569,GF,ctp-uniform,0.0001,ZFP;tol_rel=4.64159e-05,uniform,1,15.129550528771286,unprojected,,,4.000000000559112e-06,0.0,False
mp-2604569,GF,ctp-uniform,0.0001,ZFP;tol_rel=2.15443e-05,U,2,12.946475556784431,unprojected,2.000000000279556e-06,0.0,2.000000000279556e-06,0.0,True
mp-2604569,GF,ctp-uniform,1e-05,ZFP;tol_rel=4.64159e-05,uniform,1,15.129550528771286,unprojected,,,4.000000000559112e-06,0.0,False
mp-2604569,GF,ctp-uniform,1e-05,ZFP;tol_rel=2.15443e-05,U,2,12.946475556784431,unprojected,2.000000000279556e-06,0.0,2.000000000279556e-06,0.0,True
mp-2604569,GF,ctp-hap:0.0001,0.001,ZFP;tol_rel=2.15443e-05,U,1,12.946475556784431,unprojected,2.000000000279556e-06,0.0,2.000000000279556e-06,0.0,True
mp-2604569,GF,ctp-hap:0.0001,0.0001,ZFP;tol_rel=2.15443e-05,U,1,12.946475556784431,unprojected,2.000000000279556e-06,0.0,2.000000000279556e-06,0.0,True
mp-2604569,GF,ctp-hap:0.0001,1e-05,ZFP;tol_rel=2.15443e-05,U,1,12.946475556784431,unprojected,2.000000000279556e-06,0.0,2.000000000279556e-06,0.0,True
mp-2604569,GF,ctp-hap:0.01,0.001,ZFP;tol_rel=2.15443e-05,U,1,12.946475556784431,unprojected,2.000000000279556e-06,0.0,2.000000000279556e-06,0.0,True
mp-2604569,GF,ctp-hap:0.01,0.0001,ZFP;tol_rel=2.15443e-05,U,1,12.946475556784431,unprojected,2.000000000279556e-06,0.0,2.000000000279556e-06,0.0,True
mp-2604569,GF,ctp-hap:0.01,1e-05,ZFP;tol_rel=2.15443e-05,U,1,12.946475556784431,unprojected,2.000000000279556e-06,0.0,2.000000000279556e-06,0.0,True
mp-2604569,GF,ctp-hap:1,0.001,ZFP;tol_rel=2.15443e-05,U,1,12.946475556784431,unprojected,2.000000000279556e-06,0.0,2.000000000279556e-06,0.0,True
mp-2604569,GF,ctp-hap:1,0.0001,ZFP;tol_rel=2.15443e-05,U,1,12.946475556784431,unprojected,2.000000000279556e-06,0.0,2.000000000279556e-06,0.0,True
mp-2604569,GF,ctp-hap:1,1e-05,ZFP;tol_rel=2.15443e-05,U,1,12.946475556784431,unprojected,2.000000000279556e-06,0.0,2.000000000279556e-06,0.0,True
